id,low,hi,m,q,costRMSE
181,0,200,-0.000898626,23.2558,10.9084
78012,201,244,-0.0464038,31.3583,0.203102
88455,244,274,-0.0144062,23.6801,0.0910157
96525,275,294,-0.137429,58.1394,0.1337
100597,295,316,-0.0279955,25.9344,0.0489941
104643,317,368,-0.0552854,35.2346,0.142098
112119,368,450,0.00851581,11.7541,0.183356
118649,451,506,-0.00103281,15.6949,0.16895
