id,low,hi,m,q,costRMSE
1111,0,1138,0.00112539,3.41151,163.62
