id,low,hi,m,q,cost
0,0,9,16.2121,2161.55,114.395
1,0,10,21.7273,2145,124.703
2,0,11,17.1503,2160.26,134.933
3,0,12,4.25824,2207.53,147.066
4,0,13,-6.3956,2250.14,158.979
5,0,14,12.7143,2167.33,175.538
6,0,15,15.2941,2155.29,186.109
7,0,16,12.1569,2170.98,196.75
8,0,17,15.5315,2152.98,207.481
9,0,18,12.9649,2167.53,218.07
10,0,19,21.6955,2115.14,232.391
11,0,20,18.9156,2132.75,243.259
12,0,21,21.2874,2116.94,254.051
13,0,22,26.4476,2080.82,266.778
14,0,23,33.5065,2029.05,281.944
15,0,24,32.6923,2035.29,292.559
16,0,25,30.7897,2050.51,303.529
17,0,26,34.2338,2021.81,315.788
18,0,27,29.1639,2065.75,330.456
19,0,28,26.9409,2085.76,341.948
20,0,29,26.3148,2091.6,352.639
21,0,30,26.127,2093.42,363.224
22,0,31,27.6989,2077.7,374.468
23,0,32,32.9713,2023.22,393.043
24,0,33,34.8808,2002.85,404.859
25,0,34,37.7437,1971.36,418.247
26,0,35,42.7104,1915.07,436.943
27,0,36,42.6778,1915.45,447.923
28,0,37,45.9793,1875.83,462.788
29,0,38,46.8522,1865.06,474.11
30,0,39,47.6121,1855.44,485.369
31,0,40,47.4382,1857.7,496.371
32,0,41,46.931,1864.46,507.476
33,0,42,45.9302,1878.14,519.038
34,0,43,47.7844,1852.18,532.289
35,0,44,49.0026,1834.72,544.328
36,0,45,51.0012,1805.41,558.39
37,0,46,52.0346,1789.91,570.28
38,0,47,52.4159,1784.06,581.414
39,0,48,50.5791,1812.84,595.694
40,0,49,49.9409,1823.05,607.146
41,0,50,53.5154,1764.66,631.04
42,0,51,53.6701,1762.09,642.312
43,0,52,51.7667,1794.44,657.318
44,0,53,52.4574,1782.47,669.124
45,0,54,48.8337,1846.49,694.263
46,0,55,47.6921,1867.04,707.084
47,0,56,45.2641,1911.55,724.69
48,0,57,43.2011,1950.06,740.675
49,0,58,45.149,1913.05,756.299
50,0,59,42.687,1960.65,774.332
51,0,60,39.519,2022.95,796.074
52,0,61,37.5396,2062.54,811.786
53,0,62,36.0738,2092.35,825.909
54,0,63,35.8286,2097.41,837.974
55,0,64,34.5343,2124.59,851.85
56,0,65,33.6397,2143.68,864.803
57,0,66,32.0806,2177.46,879.834
58,0,67,30.2368,2218.02,896.188
59,0,68,28.6229,2254.07,911.637
60,0,69,27.435,2280.99,925.639
61,0,70,26.2302,2308.7,939.794
62,0,71,24.5281,2348.42,956.097
63,0,72,22.7183,2391.25,973.026
64,0,73,20.697,2439.76,991.155
65,0,74,19.8693,2459.9,1004.46
66,0,75,18.6542,2489.88,1019.04
67,0,76,17.1781,2526.78,1034.81
68,0,77,16.088,2554.39,1049.1
69,0,78,14.94,2583.86,1063.69
70,0,79,14.1908,2603.34,1077.06
71,0,80,13.099,2632.09,1091.63
72,0,81,12.2191,2655.55,1105.51
73,0,82,11.025,2687.79,1120.74
74,0,83,9.65288,2725.3,1136.97
75,0,84,8.23197,2764.61,1153.57
76,0,85,6.83315,2803.78,1170.12
77,0,86,5.93862,2829.12,1184.34
78,0,87,5.1681,2851.21,1198.19
79,0,88,5.21978,2849.71,1210.73
80,0,89,4.48039,2871.4,1224.58
81,0,90,3.87506,2889.36,1238.04
82,0,91,3.63874,2896.45,1250.71
83,0,92,3.45946,2901.89,1263.32
84,0,93,3.58805,2897.94,1275.87
85,0,94,3.39054,2904.07,1288.48
86,0,95,3.08051,2913.78,1301.28
87,0,96,2.48435,2932.66,1314.98
88,0,97,1.97499,2948.96,1328.39
89,0,98,2.51286,2931.57,1341.95
90,0,99,2.69682,2925.56,1354.56
91,0,100,2.63844,2927.48,1367.05
92,0,101,2.5705,2929.75,1379.52
93,0,102,2.57221,2929.69,1391.97
94,0,103,3.54769,2896.52,1408.84
95,0,104,4.95174,2848.32,1430.35
96,0,105,6.664,2788.96,1455.6
97,0,106,6.9416,2779.24,1468.59
98,0,107,6.70358,2787.65,1481.49
99,0,108,6.47507,2795.8,1494.38
100,0,109,6.38584,2799.02,1507.06
101,0,110,6.40203,2798.43,1519.69
102,0,111,7.20131,2769.12,1535.67
103,0,112,7.6295,2753.28,1549.3
104,0,113,8.44624,2722.79,1565.62
105,0,114,8.87323,2706.7,1579.32
106,0,115,8.84356,2707.83,1591.98
107,0,116,9.24178,2692.57,1605.61
108,0,117,9.88748,2667.6,1620.88
109,0,118,10.0579,2660.95,1633.74
110,0,119,10.0857,2659.86,1646.4
111,0,120,10.6892,2635.92,1661.59
112,0,121,11.5052,2603.28,1678.95
113,0,122,12.3659,2568.56,1696.86
114,0,123,12.8461,2549.04,1711.24
115,0,124,13.1501,2536.57,1724.65
116,0,125,13.7855,2510.31,1740.43
117,0,126,14.4804,2481.36,1756.87
118,0,127,15.2143,2450.53,1773.8
119,0,128,15.9395,2419.83,1790.68
120,0,129,16.8728,2380.01,1810.24
121,0,130,17.9559,2333.44,1831.99
122,0,131,18.4666,2311.31,1846.88
123,0,132,19.0191,2287.18,1862.17
124,0,133,20.0799,2240.51,1883.76
125,0,134,21.5779,2174.1,1913.08
126,0,135,22.3469,2139.75,1930.33
127,0,136,22.8756,2115.96,1945.45
128,0,137,23.4903,2088.09,1961.32
129,0,138,24.4076,2046.2,1980.59
130,0,139,24.9308,2022.13,1995.78
131,0,140,25.7286,1985.16,2013.7
132,0,141,26.2611,1960.32,2029.04
133,0,142,27.0101,1925.11,2046.53
134,0,143,27.4131,1906.04,2061.03
135,1,10,9.06061,2233.67,113.635
136,1,11,5.95455,2246.09,123.744
137,1,12,-7.22028,2303.18,135.379
138,1,13,-17.7473,2352.31,146.811
139,1,14,5.71429,2235,164.349
140,1,15,9.57143,2214.43,175.038
141,1,16,6.75735,2230.38,185.606
142,1,17,11.1642,2203.93,196.487
143,1,18,8.79773,2218.92,207.001
144,1,19,18.886,2151.67,221.577
145,1,20,16.109,2171.11,232.383
146,1,21,18.974,2150.1,243.279
147,1,22,24.8137,2105.32,256.122
148,1,23,32.6285,2042.81,271.29
149,1,24,31.8196,2049.55,281.934
150,1,25,29.8346,2066.75,292.895
151,1,26,33.6171,2032.71,305.189
152,1,27,28.2173,2083.11,319.671
153,1,28,25.9031,2105.48,331.119
154,1,29,25.3054,2111.45,341.822
155,1,30,25.1724,2112.83,352.431
156,1,31,26.9073,2094.32,363.732
157,1,32,32.5587,2032.16,382.226
158,1,33,34.609,2008.92,394.063
159,1,34,37.6562,1973.37,407.426
160,1,35,42.9118,1910.3,425.923
161,1,36,42.8662,1910.87,436.932
162,1,37,46.3359,1866.91,451.692
163,1,38,47.236,1855.21,463.021
164,1,39,48.0152,1844.82,474.287
165,1,40,47.8124,1847.6,485.316
166,1,41,47.2622,1855.3,496.451
167,1,42,46.198,1870.55,508.04
168,1,43,48.1259,1842.28,521.231
169,1,44,49.3841,1823.4,533.243
170,1,45,51.4545,1791.66,547.212
171,1,46,52.5131,1775.07,559.072
172,1,47,52.8903,1769.04,570.209
173,1,48,50.9572,1800.61,584.511
174,1,49,50.2776,1811.94,595.994
175,1,50,53.9815,1748.97,619.581
176,1,51,54.124,1746.5,630.864
177,1,52,52.1299,1781.73,645.888
178,1,53,52.833,1769.07,657.682
179,1,54,49.0612,1838.23,682.693
180,1,55,47.8698,1860.46,695.525
181,1,56,45.3488,1908.36,713.067
182,1,57,43.2104,1949.71,729.001
183,1,58,45.2252,1910.08,744.57
184,1,59,42.6771,1961.04,762.521
185,1,60,39.4039,2027.6,784.105
186,1,61,37.3633,2069.77,799.757
187,1,62,35.8559,2101.43,813.845
188,1,63,35.6099,2106.67,825.921
189,1,64,34.2819,2135.45,839.764
190,1,65,33.3676,2155.56,852.702
191,1,66,31.7694,2191.25,867.673
192,1,67,29.8799,2234.08,883.941
193,1,68,28.2291,2272.05,899.317
194,1,69,27.0181,2300.31,913.274
195,1,70,25.7908,2329.35,927.379
196,1,71,24.0532,2371.06,943.591
197,1,72,22.2063,2416,960.416
198,1,73,20.1436,2466.88,978.423
199,1,74,19.3085,2487.76,991.696
200,1,75,18.076,2518.98,1006.21
201,1,76,16.5762,2557.47,1021.89
202,1,77,15.4735,2586.14,1036.12
203,1,78,14.3118,2616.74,1050.65
204,1,79,13.5595,2636.8,1063.98
205,1,80,12.4562,2666.59,1078.48
206,1,81,11.5705,2690.8,1092.31
207,1,82,10.3631,2724.2,1107.46
208,1,83,8.9738,2763.1,1123.6
209,1,84,7.53523,2803.86,1140.11
210,1,85,6.11989,2844.43,1156.56
211,1,86,5.22114,2870.5,1170.73
212,1,87,4.44941,2893.13,1184.51
213,1,88,4.5186,2891.08,1197.06
214,1,89,3.77835,2913.29,1210.86
215,1,90,3.17517,2931.59,1224.27
216,1,91,2.94904,2938.52,1236.92
217,1,92,2.78085,2943.73,1249.51
218,1,93,2.9268,2939.16,1262.07
219,1,94,2.73915,2945.1,1274.66
220,1,95,2.43631,2954.79,1287.43
221,1,96,1.84116,2974.04,1301.08
222,1,97,1.33455,2990.59,1314.44
223,1,98,1.89647,2972.04,1328.06
224,1,99,2.0966,2965.37,1340.68
225,1,100,2.04905,2966.97,1353.15
226,1,101,1.99144,2968.93,1365.62
227,1,102,2.00454,2968.48,1378.07
228,1,103,3.00998,2933.63,1395.05
229,1,104,4.45138,2883.18,1416.69
230,1,105,6.20578,2821.19,1442.08
231,1,106,6.49727,2810.79,1455.09
232,1,107,6.2631,2819.22,1467.98
233,1,108,6.03852,2827.38,1480.85
234,1,109,5.95566,2830.42,1493.52
235,1,110,5.97996,2829.52,1506.15
236,1,111,6.80125,2798.86,1522.19
237,1,112,7.24423,2782.17,1535.85
238,1,113,8.08225,2750.33,1552.23
239,1,114,8.52312,2733.43,1565.96
240,1,115,8.49901,2734.36,1578.63
241,1,116,8.91004,2718.33,1592.28
242,1,117,9.57245,2692.28,1607.59
243,1,118,9.75113,2685.19,1620.46
244,1,119,9.7845,2683.85,1633.14
245,1,120,10.4031,2658.9,1648.36
246,1,121,11.2373,2624.98,1665.75
247,1,122,12.1165,2588.93,1683.7
248,1,123,12.6086,2568.59,1698.1
249,1,124,12.9213,2555.56,1711.53
250,1,125,13.5706,2528.29,1727.34
251,1,126,14.2799,2498.27,1743.8
252,1,127,15.0285,2466.33,1760.74
253,1,128,15.768,2434.53,1777.63
254,1,129,16.7184,2393.34,1797.19
255,1,130,17.8205,2345.22,1818.93
256,1,131,18.3411,2322.31,1833.83
257,1,132,18.9039,2297.36,1849.12
258,1,133,19.9824,2249.19,1870.69
259,1,134,21.5041,2180.71,1899.92
260,1,135,22.2856,2145.28,1917.16
261,1,136,22.823,2120.74,1932.28
262,1,137,23.4474,2092.02,1948.15
263,1,138,24.3787,2048.87,1967.39
264,1,139,24.9098,2024.09,1982.58
265,1,140,25.7193,1986.04,2000.47
266,1,141,26.2595,1960.47,2015.8
267,1,142,27.0191,1924.26,2033.27
268,1,143,27.4276,1904.65,2047.77
269,2,11,1.15152,2284.52,113.553
270,2,12,-13.5455,2358,124.956
271,2,13,-24.7727,2417.88,136.137
272,2,14,3.37912,2258.35,153.749
273,2,15,8.12088,2229.9,164.528
274,2,16,5.125,2248.88,175.14
275,2,17,10.2868,2214.46,186.092
276,2,18,7.7451,2232.25,196.642
277,2,19,19.0712,2149.2,211.089
278,2,20,15.9825,2172.88,221.934
279,2,21,19.1466,2147.56,232.861
280,2,22,25.526,2094.4,245.611
281,2,23,33.9864,2021.08,260.533
282,2,24,32.9891,2030.05,271.231
283,2,25,30.7413,2051.03,282.252
284,2,26,34.7538,2012.25,294.454
285,2,27,28.8513,2071.27,308.933
286,2,28,26.3187,2097.44,320.416
287,2,29,25.6486,2104.59,331.16
288,2,30,25.4828,2106.41,341.806
289,2,31,27.3126,2085.68,353.1
290,2,32,33.3024,2015.79,371.3
291,2,33,35.4344,1990.21,383.092
292,2,34,38.6163,1950.97,396.335
293,2,35,44.1245,1881.2,414.526
294,2,36,44.007,1882.72,425.558
295,2,37,47.6062,1834.74,440.139
296,2,38,48.4862,1822.71,451.441
297,2,39,49.2406,1812.15,462.682
298,2,40,48.9646,1816.1,473.735
299,2,41,48.3293,1825.42,484.91
300,2,42,47.1611,1842.94,496.562
301,2,43,49.135,1812.68,509.638
302,2,44,50.4047,1792.78,521.578
303,2,45,52.5229,1758.89,535.405
304,2,46,53.581,1741.61,547.197
305,2,47,53.9282,1735.83,558.311
306,2,48,51.8686,1770.84,572.743
307,2,49,51.1227,1783.77,584.276
308,2,50,54.9434,1716.27,607.556
309,2,51,55.0531,1714.29,618.837
310,2,52,52.9443,1752.95,633.97
311,2,53,53.6432,1739.91,645.727
312,2,54,49.6984,1814.86,670.811
313,2,55,48.4393,1839.2,683.688
314,2,56,45.8059,1890.99,701.248
315,2,57,43.5748,1935.61,717.19
316,2,58,45.6475,1893.47,732.666
317,2,59,42.997,1948.25,750.601
318,2,60,39.602,2019.54,772.099
319,2,61,37.4868,2064.67,787.726
320,2,62,35.926,2098.48,801.806
321,2,63,35.6697,2104.12,813.9
322,2,64,34.2977,2134.76,827.733
323,2,65,33.3543,2156.15,840.673
324,2,66,31.7074,2194.03,855.611
325,2,67,29.7624,2239.41,871.82
326,2,68,28.0659,2279.56,887.148
327,2,69,26.8241,2309.36,901.079
328,2,70,25.5669,2339.96,915.152
329,2,71,23.7859,2383.88,931.293
330,2,72,21.8945,2431.17,948.034
331,2,73,19.7833,2484.66,965.936
332,2,74,18.9351,2506.42,979.187
333,2,75,17.6794,2539.07,993.65
334,2,76,16.1502,2579.34,1009.26
335,2,77,15.0297,2609.22,1023.45
336,2,78,13.8493,2641.09,1037.92
337,2,79,13.0896,2661.86,1051.22
338,2,80,11.9703,2692.83,1065.68
339,2,81,11.0745,2717.91,1079.46
340,2,82,9.84959,2752.61,1094.54
341,2,83,8.43896,2793.05,1110.61
342,2,84,6.97861,2835.4,1127.02
343,2,85,5.54283,2877.52,1143.39
344,2,86,4.63651,2904.41,1157.5
345,2,87,3.86042,2927.69,1171.25
346,2,88,3.94474,2925.13,1183.8
347,2,89,3.20071,2947.95,1197.55
348,2,90,2.59695,2966.66,1210.93
349,2,91,2.37865,2973.5,1223.57
350,2,92,2.2193,2978.55,1236.15
351,2,93,2.38063,2973.39,1248.72
352,2,94,2.2007,2979.21,1261.3
353,2,95,1.90286,2988.93,1274.05
354,2,96,1.30641,3008.62,1287.66
355,2,97,0.800393,3025.48,1300.98
356,2,98,1.38491,3005.81,1314.64
357,2,99,1.59956,2998.51,1327.28
358,2,100,1.5611,2999.83,1339.75
359,2,101,1.51209,3001.53,1352.21
360,2,102,1.53494,3000.73,1364.66
361,2,103,2.56931,2964.18,1381.72
362,2,104,4.04725,2911.47,1403.45
363,2,105,5.84317,2846.81,1428.9
364,2,106,6.14711,2835.77,1441.92
365,2,107,5.91513,2844.28,1454.8
366,2,108,5.69285,2852.5,1467.67
367,2,109,5.61486,2855.41,1480.34
368,2,110,5.64586,2854.24,1492.98
369,2,111,6.48815,2822.24,1509.05
370,2,112,6.94476,2804.73,1522.74
371,2,113,7.80309,2771.55,1539.15
372,2,114,8.2567,2753.85,1552.9
373,2,115,8.23685,2754.64,1565.57
374,2,116,8.65959,2737.87,1579.25
375,2,117,9.33773,2710.74,1594.59
376,2,118,9.52348,2703.25,1607.47
377,2,119,9.56128,2701.71,1620.15
378,2,120,10.194,2675.77,1635.39
379,2,121,11.0456,2640.57,1652.8
380,2,122,11.9426,2603.2,1670.76
381,2,123,12.4455,2582.07,1685.17
382,2,124,12.766,2568.51,1698.62
383,2,125,13.4282,2540.25,1714.43
384,2,126,14.1512,2509.16,1730.89
385,2,127,14.9137,2476.12,1747.83
386,2,128,15.6666,2443.24,1764.72
387,2,129,16.6335,2400.7,1784.26
388,2,130,17.754,2351.03,1805.96
389,2,131,18.2836,2327.37,1820.86
390,2,132,18.8559,2301.62,1836.15
391,2,133,19.9514,2251.95,1857.67
392,2,134,21.4965,2181.39,1886.8
393,2,135,22.2898,2144.9,1904.01
394,2,136,22.8351,2119.64,1919.12
395,2,137,23.4685,2090.08,1934.98
396,2,138,24.413,2045.69,1954.18
397,2,139,24.9513,2020.21,1969.36
398,2,140,25.772,1981.09,1987.21
399,2,141,26.3191,1954.83,2002.53
400,2,142,27.0886,1917.63,2019.97
401,2,143,27.5019,1897.52,2034.46
402,3,12,-10.6061,2331.55,114.748
403,3,13,-24.4091,2414.36,125.988
404,3,14,8.37413,2206.74,142.949
405,3,15,13.0769,2175.38,153.728
406,3,16,8.94505,2204.31,164.45
407,3,17,14.2857,2165.14,175.344
408,3,18,10.9265,2190.9,185.998
409,3,19,23.2108,2092.62,200.068
410,3,20,19.3189,2125.06,211.032
411,3,21,22.4649,2097.79,221.888
412,3,22,29.1504,2037.62,234.393
413,3,23,38.0714,1954.36,248.94
414,3,24,36.6121,1968.46,259.698
415,3,25,33.8538,1996.05,270.839
416,3,26,37.9413,1953.81,282.847
417,3,27,31.3115,2024.53,297.591
418,3,28,28.3949,2056.61,309.186
419,3,29,27.5214,2066.51,319.979
420,3,30,27.2099,2070.14,330.655
421,3,31,29.0468,2048.1,341.875
422,3,32,35.3204,1970.73,359.712
423,3,33,37.4597,1943.63,371.395
424,3,34,40.7139,1901.32,384.452
425,3,35,46.4288,1825.13,402.325
426,3,36,46.1688,1828.68,413.365
427,3,37,49.8501,1777.14,427.728
428,3,38,50.6544,1765.61,438.965
429,3,39,51.3324,1755.67,450.143
430,3,40,50.9317,1761.68,461.211
431,3,41,50.163,1773.47,472.435
432,3,42,48.8447,1794.12,484.187
433,3,43,50.8328,1762.31,497.108
434,3,44,52.0821,1741.9,508.934
435,3,45,54.2208,1706.26,522.59
436,3,46,55.2498,1688.77,534.273
437,3,47,55.5382,1683.77,545.336
438,3,48,53.3191,1722.97,560.033
439,3,49,52.4798,1738.08,571.639
440,3,50,56.4031,1666.15,594.691
441,3,51,56.4577,1665.13,605.952
442,3,52,54.2084,1707.87,621.309
443,3,53,54.8851,1694.79,633.003
444,3,54,50.7408,1776.29,658.417
445,3,55,49.3949,1803.21,671.373
446,3,56,46.6285,1859.46,689.049
447,3,57,44.2864,1907.86,705.066
448,3,58,46.4077,1863.31,720.424
449,3,59,43.6375,1922.41,738.417
450,3,60,40.1034,1998.99,759.916
451,3,61,37.8995,2047.47,775.559
452,3,62,36.2729,2083.8,789.657
453,3,63,35.9968,2090.06,801.77
454,3,64,34.57,2122.87,815.617
455,3,65,33.588,2145.79,828.574
456,3,66,31.8823,2186.15,843.506
457,3,67,29.8722,2234.4,859.687
458,3,68,28.1209,2277.01,874.992
459,3,69,26.8403,2308.6,888.914
460,3,70,25.5457,2340.97,902.975
461,3,71,23.7137,2387.37,919.068
462,3,72,21.7704,2437.25,935.748
463,3,73,19.6031,2493.6,953.565
464,3,74,18.7364,2516.43,966.807
465,3,75,17.4517,2550.68,981.236
466,3,76,15.8874,2592.92,996.795
467,3,77,14.744,2624.18,1010.95
468,3,78,13.5401,2657.48,1025.38
469,3,79,12.7687,2679.08,1038.66
470,3,80,11.6289,2711.38,1053.08
471,3,81,10.7191,2737.46,1066.83
472,3,82,9.4724,2773.61,1081.86
473,3,83,8.03625,2815.74,1097.85
474,3,84,6.5501,2859.83,1114.19
475,3,85,5.09005,2903.63,1130.48
476,3,86,4.17293,2931.45,1144.55
477,3,87,3.38949,2955.47,1158.26
478,3,88,3.48672,2952.46,1170.82
479,3,89,2.73611,2975.98,1184.54
480,3,90,2.1292,2995.2,1197.89
481,3,91,1.9165,3002,1210.52
482,3,92,1.76388,3006.94,1223.1
483,3,93,1.93876,3001.23,1235.69
484,3,94,1.76452,3006.98,1248.27
485,3,95,1.46967,3016.8,1261
486,3,96,0.86974,3037,1274.57
487,3,97,0.362262,3054.26,1287.87
488,3,98,0.968089,3033.46,1301.56
489,3,99,1.19576,3025.56,1314.22
490,3,100,1.16475,3026.65,1326.69
491,3,101,1.12276,3028.13,1339.16
492,3,102,1.15386,3027.02,1351.61
493,3,103,2.21625,2988.78,1368.72
494,3,104,3.73009,2933.77,1390.49
495,3,105,5.56704,2866.42,1415.94
496,3,106,5.88213,2854.76,1428.98
497,3,107,5.65079,2863.4,1441.86
498,3,108,5.4293,2871.74,1454.72
499,3,109,5.35478,2874.57,1467.39
500,3,110,5.39117,2873.18,1480.04
501,3,111,6.25359,2839.83,1496.14
502,3,112,6.72276,2821.53,1509.84
503,3,113,7.60056,2787.01,1526.27
504,3,114,8.06589,2768.55,1540.03
505,3,115,8.04906,2769.22,1552.71
506,3,116,8.48251,2751.74,1566.4
507,3,117,9.17553,2723.56,1581.75
508,3,118,9.36728,2715.69,1594.65
509,3,119,9.40839,2713.99,1607.33
510,3,120,10.0545,2687.07,1622.59
511,3,121,10.9227,2650.61,1639.99
512,3,122,11.8366,2611.92,1657.94
513,3,123,12.3496,2590.03,1672.36
514,3,124,12.677,2575.96,1685.81
515,3,125,13.3514,2546.73,1701.62
516,3,126,14.0873,2514.6,1718.08
517,3,127,14.863,2480.46,1735
518,3,128,15.6287,2446.52,1751.87
519,3,129,16.6114,2402.63,1771.38
520,3,130,17.7498,2351.4,1793.02
521,3,131,18.2877,2327.01,1807.91
522,3,132,18.8686,2300.48,1823.19
523,3,133,19.9807,2249.33,1844.65
524,3,134,21.5488,2176.67,1873.65
525,3,135,22.3532,2139.14,1890.83
526,3,136,22.9057,2113.17,1905.93
527,3,137,23.5474,2082.79,1921.76
528,3,138,24.5047,2037.16,1940.91
529,3,139,25.0495,2011.01,1956.07
530,3,140,25.8806,1970.84,1973.89
531,3,141,26.4341,1943.91,1989.19
532,3,142,27.2129,1905.74,2006.59
533,3,143,27.6303,1885.15,2021.07
534,4,13,-26.1515,2431.79,115.718
535,4,14,12.9091,2158.36,132.142
536,4,15,17.6399,2123.67,142.958
537,4,16,12.1703,2165.6,153.794
538,4,17,17.8132,2120.46,164.673
539,4,18,13.5357,2156.11,175.43
540,4,19,27.0294,2039.16,189.176
541,4,20,22.2304,2082.35,200.254
542,4,21,25.4025,2052.75,211.077
543,4,22,32.4825,1984.31,223.377
544,4,23,41.9624,1889.51,237.574
545,4,24,39.9935,1909.85,248.411
546,4,25,36.677,1945.23,259.673
547,4,26,40.8745,1899.06,271.519
548,4,27,33.4478,1983.23,286.458
549,4,28,30.1269,2021.97,298.149
550,4,29,29.053,2034.86,308.996
551,4,30,28.605,2040.38,319.711
552,4,31,30.4735,2016.71,330.885
553,4,32,37.0813,1930.81,348.37
554,4,33,39.2458,1901.95,359.97
555,4,34,42.5948,1856.18,372.864
556,4,35,48.5493,1772.82,390.412
557,4,36,48.1451,1778.61,401.474
558,4,37,51.9267,1723.15,415.631
559,4,38,52.6583,1712.18,426.821
560,4,39,53.2625,1702.91,437.958
561,4,40,52.7359,1711.16,449.054
562,4,41,51.8317,1725.63,460.334
563,4,42,50.3603,1749.66,472.184
564,4,43,52.372,1716.13,484.966
565,4,44,53.6071,1695.14,496.697
566,4,45,55.7751,1657.56,510.19
567,4,46,56.7797,1639.81,521.783
568,4,47,57.0116,1635.64,532.812
569,4,48,54.6285,1679.33,547.738
570,4,49,53.6957,1696.74,559.417
571,4,50,57.7342,1620.01,582.196
572,4,51,57.7356,1619.98,593.451
573,4,52,55.3423,1667.05,608.994
574,4,53,56.0007,1653.88,620.638
575,4,54,51.6502,1742.34,646.271
576,4,55,50.2175,1771.95,659.293
577,4,56,47.3158,1832.89,677.037
578,4,57,44.8614,1885.24,693.097
579,4,58,47.039,1838.06,708.349
580,4,59,44.1473,1901.68,726.363
581,4,60,40.4712,1983.78,747.816
582,4,61,38.1787,2035.75,763.454
583,4,62,36.4874,2074.64,777.556
584,4,63,36.1951,2081.47,789.687
585,4,64,34.715,2116.49,803.536
586,4,65,33.6966,2140.94,816.503
587,4,66,31.9333,2183.84,831.414
588,4,67,29.8587,2235.01,847.551
589,4,68,28.054,2280.13,862.819
590,4,69,26.7367,2313.51,876.724
591,4,70,25.4065,2347.65,890.761
592,4,71,23.5247,2396.57,906.794
593,4,72,21.5305,2449.09,923.4
594,4,73,19.3082,2508.35,941.122
595,4,74,18.4254,2532.18,954.348
596,4,75,17.1136,2568.04,968.736
597,4,76,15.5157,2612.25,984.232
598,4,77,14.3514,2644.85,998.344
599,4,78,13.1259,2679.57,1012.74
600,4,79,12.3451,2701.95,1025.99
601,4,80,11.1867,2735.55,1040.36
602,4,81,10.2649,2762.59,1054.08
603,4,82,8.99817,2800.17,1069.05
604,4,83,7.53797,2843.97,1084.96
605,4,84,6.02744,2889.79,1101.22
606,4,85,4.54452,2935.27,1117.42
607,4,86,3.61845,2963.98,1131.45
608,4,87,2.82955,2988.7,1145.12
609,4,88,2.94225,2985.13,1157.69
610,4,89,2.18685,3009.3,1171.37
611,4,90,1.57861,3028.97,1184.69
612,4,91,1.37359,3035.66,1197.31
613,4,92,1.22974,3040.41,1209.88
614,4,93,1.42038,3034.06,1222.48
615,4,94,1.2537,3039.67,1235.06
616,4,95,0.963542,3049.53,1247.78
617,4,96,0.361598,3070.2,1261.31
618,4,97,-0.145866,3087.79,1274.57
619,4,98,0.483413,3065.77,1288.3
620,4,99,0.725922,3057.2,1300.98
621,4,100,0.703963,3057.98,1313.45
622,4,101,0.670518,3059.19,1325.92
623,4,102,0.711379,3057.7,1338.38
624,4,103,1.80387,3017.64,1355.55
625,4,104,3.35585,2960.22,1377.38
626,4,105,5.23616,2890.02,1402.87
627,4,106,5.5638,2877.68,1415.93
628,4,107,5.33412,2886.41,1428.8
629,4,108,5.11445,2894.83,1441.65
630,4,109,5.04446,2897.54,1454.33
631,4,110,5.08734,2895.86,1466.98
632,4,111,5.97135,2861.09,1483.11
633,4,112,6.45431,2841.93,1496.84
634,4,113,7.35295,2805.99,1513.29
635,4,114,7.83112,2786.7,1527.07
636,4,115,7.81819,2787.23,1539.76
637,4,116,8.2634,2768.97,1553.46
638,4,117,8.97242,2739.67,1568.83
639,4,118,9.17103,2731.39,1581.74
640,4,119,9.21624,2729.49,1594.44
641,4,120,9.87663,2701.54,1609.7
642,4,121,10.7626,2663.74,1627.11
643,4,122,11.6946,2623.66,1645.06
644,4,123,12.2185,2600.96,1659.49
645,4,124,12.5534,2586.33,1672.95
646,4,125,13.2409,2556.08,1688.76
647,4,126,13.9906,2522.85,1705.22
648,4,127,14.7804,2487.57,1722.13
649,4,128,15.5596,2452.5,1738.99
650,4,129,16.559,2407.2,1758.47
651,4,130,17.7162,2354.36,1780.06
652,4,131,18.263,2329.2,1794.95
653,4,132,18.8533,2301.85,1810.22
654,4,133,19.9828,2249.14,1831.62
655,4,134,21.5748,2174.32,1860.51
656,4,135,22.3909,2135.69,1877.66
657,4,136,22.9512,2108.98,1892.75
658,4,137,23.6018,2077.75,1908.56
659,4,138,24.5725,2030.84,1927.67
660,4,139,25.1243,2003.98,1942.81
661,4,140,25.9665,1962.71,1960.59
662,4,141,26.5267,1935.08,1975.88
663,4,142,27.3154,1895.9,1993.24
664,4,143,27.7373,1874.81,2007.71
665,5,14,2.90909,2268.36,121.042
666,5,15,10.3182,2209.09,132.002
667,5,16,5.15734,2252.1,142.827
668,5,17,12.7473,2186.32,153.854
669,5,18,8.58242,2223.8,164.587
670,5,19,24.5357,2074.9,178.442
671,5,20,19.4485,2124.08,189.496
672,5,21,23.3211,2085.36,200.411
673,5,22,31.419,2001.68,212.758
674,5,23,42.0088,1888.72,226.867
675,5,24,39.8383,1912.59,237.749
676,5,25,36.2208,1953.59,249.023
677,5,26,40.8413,1899.69,260.876
678,5,27,32.7717,1996.52,275.649
679,5,28,29.2304,2040.2,287.312
680,5,29,28.1423,2053.98,298.181
681,5,30,27.7299,2059.34,308.927
682,5,31,29.8016,2031.72,320.15
683,5,32,36.9294,1934.31,337.499
684,5,33,39.2537,1901.77,349.113
685,5,34,42.8254,1850.57,361.967
686,5,35,49.1492,1757.82,379.289
687,5,36,48.6822,1764.83,390.388
688,5,37,52.6604,1703.83,404.429
689,5,38,53.3919,1692.37,415.63
690,5,39,53.9888,1682.82,426.777
691,5,40,53.3925,1692.56,437.91
692,5,41,52.404,1709.03,449.229
693,5,42,50.825,1735.87,461.115
694,5,43,52.916,1699.63,473.835
695,5,44,54.1857,1677.2,485.541
696,5,45,56.4312,1636.78,498.941
697,5,46,57.4524,1618.06,510.508
698,5,47,57.6638,1614.11,521.547
699,5,48,55.1427,1662.01,536.506
700,5,49,54.1456,1681.29,548.222
701,5,50,58.3401,1598.8,570.689
702,5,51,58.3158,1599.29,581.961
703,5,52,55.7987,1650.47,597.526
704,5,53,56.4653,1636.69,609.164
705,5,54,51.9222,1732.09,634.656
706,5,55,50.4226,1764.09,647.688
707,5,56,47.4014,1829.55,665.36
708,5,57,44.8512,1885.65,681.363
709,5,58,47.1098,1835.21,696.566
710,5,59,44.1104,1903.19,714.49
711,5,60,40.3043,1990.73,735.776
712,5,61,37.9372,2045.97,751.349
713,5,62,36.196,2087.18,765.413
714,5,63,35.9036,2094.19,777.556
715,5,64,34.3839,2131.17,791.369
716,5,65,33.3429,2156.85,804.319
717,5,66,31.5342,2202.07,819.168
718,5,67,29.4064,2255.97,835.214
719,5,68,27.5594,2303.38,850.408
720,5,69,26.2168,2338.29,864.265
721,5,70,24.862,2373.96,878.251
722,5,71,22.9404,2425.21,894.19
723,5,72,20.9047,2480.17,910.692
724,5,73,18.6361,2542.18,928.289
725,5,74,17.7473,2566.77,941.479
726,5,75,16.4177,2604,955.803
727,5,76,14.7947,2649.98,971.213
728,5,77,13.6183,2683.71,985.265
729,5,78,12.3794,2719.63,999.589
730,5,79,11.5977,2742.56,1012.81
731,5,80,10.4285,2777.25,1027.11
732,5,81,9.50247,2805.03,1040.77
733,5,82,8.22279,2843.85,1055.66
734,5,83,6.74525,2889.16,1071.48
735,5,84,5.21677,2936.54,1087.64
736,5,85,3.71725,2983.53,1103.75
737,5,86,2.78877,3012.93,1117.72
738,5,87,2.00086,3038.14,1131.33
739,5,88,2.13597,3033.77,1143.91
740,5,89,1.38177,3058.41,1157.54
741,5,90,0.778103,3078.33,1170.8
742,5,91,0.586772,3084.71,1183.41
743,5,92,0.457539,3089.06,1195.96
744,5,93,0.669816,3081.84,1208.58
745,5,94,0.516113,3087.12,1221.13
746,5,95,0.235786,3096.84,1233.83
747,5,96,-0.363423,3117.81,1247.3
748,5,97,-0.866208,3135.57,1260.52
749,5,98,-0.208214,3112.11,1274.31
750,5,99,0.0539614,3102.67,1287.01
751,5,100,0.045544,3102.97,1299.47
752,5,101,0.0249842,3103.73,1311.93
753,5,102,0.0798539,3101.7,1324.39
754,5,103,1.20717,3059.61,1341.69
755,5,104,2.80213,2999.53,1363.68
756,5,105,4.73063,2926.25,1389.31
757,5,106,5.07461,2913.06,1402.39
758,5,107,4.84998,2921.75,1415.25
759,5,108,4.63539,2930.12,1428.09
760,5,109,4.57319,2932.57,1440.76
761,5,110,4.62577,2930.48,1453.42
762,5,111,5.53493,2894.11,1469.61
763,5,112,6.03492,2873.95,1483.37
764,5,113,6.95774,2836.42,1499.88
765,5,114,7.4518,2816.16,1513.69
766,5,115,7.44546,2816.43,1526.38
767,5,116,7.90528,2797.27,1540.12
768,5,117,8.63318,2766.69,1555.52
769,5,118,8.84123,2757.89,1568.45
770,5,119,8.89296,2755.68,1581.15
771,5,120,9.57031,2726.55,1596.46
772,5,121,10.4766,2687.28,1613.9
773,5,122,11.4293,2645.68,1631.88
774,5,123,11.9665,2622.04,1646.33
775,5,124,12.3112,2606.76,1659.82
776,5,125,13.0141,2575.37,1675.65
777,5,126,13.7797,2540.91,1692.13
778,5,127,14.5858,2504.37,1709.06
779,5,128,15.3807,2468.07,1725.93
780,5,129,16.399,2421.23,1745.4
781,5,130,17.577,2366.65,1766.98
782,5,131,18.1346,2340.62,1781.88
783,5,132,18.7362,2312.35,1797.15
784,5,133,19.885,2257.98,1818.53
785,5,134,21.503,2180.85,1847.33
786,5,135,22.3327,2141.02,1864.47
787,5,136,22.9023,2113.49,1879.56
788,5,137,23.5635,2081.32,1895.37
789,5,138,24.5492,2033.02,1914.44
790,5,139,25.1096,2005.37,1929.58
791,5,140,25.9643,1962.92,1947.33
792,5,141,26.5327,1934.5,1962.61
793,5,142,27.3328,1894.23,1979.95
794,5,143,27.7605,1872.56,1994.42
795,6,15,18.6061,2109.64,121.002
796,6,16,11,2178.09,131.968
797,6,17,18.8811,2104.53,142.963
798,6,18,13.1319,2160.11,153.822
799,6,19,30.7143,1984.29,167.306
800,6,20,24.125,2052.38,178.504
801,6,21,27.8971,2012.14,189.373
802,6,22,36.4093,1918.5,201.489
803,6,23,47.6213,1791.44,215.224
804,6,24,44.6316,1826.32,226.208
805,6,25,40.1729,1879.82,237.634
806,6,26,44.8571,1822.05,249.313
807,6,27,35.6889,1938.18,264.348
808,6,28,31.586,1991.52,276.127
809,6,29,30.2109,2009.85,287.057
810,6,30,29.6,2018.2,297.846
811,6,31,31.6872,1988.98,309.016
812,6,32,39.2033,1881.25,326.003
813,6,33,41.5312,1847.11,337.528
814,6,34,45.1921,1792.19,350.211
815,6,35,51.7798,1691.18,367.205
816,6,36,51.1129,1701.63,378.334
817,6,37,55.1879,1636.43,392.161
818,6,38,55.8105,1626.26,403.319
819,6,39,56.3002,1618.1,414.426
820,6,40,55.5378,1631.06,425.598
821,6,41,54.3752,1651.21,436.987
822,6,42,52.6043,1682.5,448.989
823,6,43,54.7117,1644.56,461.567
824,6,44,55.9545,1621.78,473.176
825,6,45,58.2237,1579.42,486.41
826,6,46,59.2073,1560.73,497.886
827,6,47,59.3453,1558.06,508.894
828,6,48,56.6287,1611.49,524.119
829,6,49,55.5187,1633.69,535.919
830,6,50,59.8386,1545.85,558.114
831,6,51,59.7481,1547.72,569.385
832,6,52,57.0629,1604.11,585.156
833,6,53,57.7046,1590.42,596.747
834,6,54,52.9255,1693.97,622.475
835,6,55,51.3258,1729.16,635.577
836,6,56,48.1507,1800.07,653.32
837,6,57,45.4736,1860.75,669.365
838,6,58,47.7939,1807.39,684.465
839,6,59,44.6581,1880.56,702.409
840,6,60,40.6937,1974.38,723.647
841,6,61,38.2281,2033.55,739.214
842,6,62,36.4156,2077.66,753.282
843,6,63,36.1055,2085.31,765.444
844,6,64,34.5275,2124.76,779.259
845,6,65,33.4471,2152.13,792.219
846,6,66,31.5756,2200.16,807.047
847,6,67,29.3779,2257.3,823.048
848,6,68,27.4731,2307.46,838.205
849,6,69,26.0912,2344.31,852.044
850,6,70,24.6986,2381.91,866.008
851,6,71,22.7237,2435.89,881.887
852,6,72,20.6337,2493.72,898.314
853,6,73,18.3064,2558.88,915.815
854,6,74,17.4014,2584.53,928.991
855,6,75,16.0437,2623.45,943.274
856,6,76,14.3855,2671.53,958.62
857,6,77,13.1877,2706.67,972.634
858,6,78,11.9268,2744.08,986.913
859,6,79,11.1362,2767.79,1000.11
860,6,80,9.94808,2803.83,1014.36
861,6,81,9.01032,2832.59,1027.99
862,6,82,7.71018,2872.89,1042.82
863,6,83,6.20791,2919.97,1058.56
864,6,84,4.65433,2969.16,1074.64
865,6,85,3.13139,3017.9,1090.67
866,6,86,2.19444,3048.19,1104.59
867,6,87,1.40181,3074.08,1118.17
868,6,88,1.55462,3069.04,1130.75
869,6,89,0.796294,3094.32,1144.34
870,6,90,0.192202,3114.66,1157.58
871,6,91,0.0100476,3120.85,1170.18
872,6,92,-0.108898,3124.93,1182.73
873,6,93,0.121077,3116.96,1195.36
874,6,94,-0.0237487,3122.03,1207.91
875,6,95,-0.298308,3131.73,1220.59
876,6,96,-0.898949,3153.15,1234.03
877,6,97,-1.40102,3171.23,1247.21
878,6,98,-0.717376,3146.39,1261.05
879,6,99,-0.438789,3136.17,1273.76
880,6,100,-0.43701,3136.11,1286.23
881,6,101,-0.447945,3136.52,1298.69
882,6,102,-0.382193,3134.04,1311.15
883,6,103,0.777563,3089.97,1328.52
884,6,104,2.41342,3027.26,1350.57
885,6,105,4.38827,2950.9,1376.23
886,6,106,4.74584,2936.96,1389.34
887,6,107,4.52324,2945.71,1402.19
888,6,108,4.31083,2954.14,1415.03
889,6,109,4.25368,2956.42,1427.7
890,6,110,4.31334,2954.02,1440.37
891,6,111,5.24556,2916.11,1456.59
892,6,112,5.7603,2895,1470.37
893,6,113,6.7053,2855.94,1486.9
894,6,114,7.21305,2834.79,1500.73
895,6,115,7.21094,2834.87,1513.43
896,6,116,7.68327,2814.88,1527.19
897,6,117,8.42814,2783.1,1542.61
898,6,118,8.6435,2773.84,1555.55
899,6,119,8.6996,2771.41,1568.26
900,6,120,9.39209,2741.17,1583.58
901,6,121,10.3171,2700.47,1601.03
902,6,122,11.2888,2657.39,1619
903,6,123,11.8375,2632.88,1633.46
904,6,124,12.1901,2617.01,1646.96
905,6,125,12.9067,2584.53,1662.79
906,6,126,13.6868,2548.9,1679.26
907,6,127,14.5076,2511.15,1696.18
908,6,128,15.3168,2473.65,1713.04
909,6,129,16.3524,2425.32,1732.48
910,6,130,17.5501,2369.03,1754.01
911,6,131,18.117,2342.2,1768.9
912,6,132,18.7284,2313.06,1784.17
913,6,133,19.8952,2257.05,1805.48
914,6,134,21.5381,2177.64,1834.17
915,6,135,22.38,2136.67,1851.28
916,6,136,22.9576,2108.37,1866.36
917,6,137,23.628,2075.3,1882.14
918,6,138,24.6276,2025.65,1901.17
919,6,139,25.1951,1997.27,1916.3
920,6,140,26.0612,1953.68,1934.01
921,6,141,26.6366,1924.53,1949.27
922,6,142,27.4468,1883.2,1966.57
923,6,143,27.8791,1861.01,1981.03
924,7,16,2.06061,2294.3,120.938
925,7,17,13,2184.91,132.092
926,7,18,7.27273,2244.09,142.954
927,7,19,28.4615,2018.08,156.507
928,7,20,21.2527,2097.37,167.702
929,7,21,25.9107,2044.58,178.662
930,7,22,35.7353,1929.96,190.81
931,7,23,48.3456,1778.64,204.434
932,7,24,44.9432,1820.6,215.474
933,7,25,39.9825,1883.44,226.923
934,7,26,45.1541,1816.21,238.605
935,7,27,35.0844,1950.47,253.481
936,7,28,30.6635,2010.89,265.237
937,7,29,29.249,2030.69,276.192
938,7,30,28.6674,2039.03,287.016
939,7,31,30.9962,2004.87,298.236
940,7,32,39.1436,1882.66,315.078
941,7,33,41.6484,1844.26,326.619
942,7,34,45.5624,1782.94,339.262
943,7,35,52.5788,1670.67,356.028
944,7,36,51.8142,1683.16,367.198
945,7,37,56.1069,1611.62,380.911
946,7,38,56.711,1601.35,392.084
947,7,39,57.1758,1593.29,403.207
948,7,40,56.317,1608.46,414.42
949,7,41,55.0434,1631.39,425.852
950,7,42,53.1371,1666.34,437.892
951,7,43,55.3295,1625.41,450.414
952,7,44,56.6052,1601.17,462.003
953,7,45,58.9575,1555.7,475.147
954,7,46,59.9536,1536.11,486.602
955,7,47,60.0618,1533.94,497.625
956,7,48,57.1818,1592.5,512.882
957,7,49,55.9944,1617.04,524.72
958,7,50,60.4891,1522.65,546.605
959,7,51,60.3656,1525.29,557.897
960,7,52,57.5368,1586.58,573.684
961,7,53,58.1857,1572.3,585.273
962,7,54,53.1874,1683.93,610.842
963,7,55,51.5117,1721.91,623.951
964,7,56,48.2022,1798.03,641.613
965,7,57,45.4181,1862.99,657.595
966,7,58,47.8298,1805.92,672.652
967,7,59,44.5743,1884.05,690.498
968,7,60,40.4662,1984.01,711.562
969,7,61,37.9192,2046.84,727.06
970,7,62,36.053,2093.49,741.088
971,7,63,35.7447,2101.3,753.261
972,7,64,34.1247,2142.88,767.038
973,7,65,33.0213,2171.57,779.978
974,7,66,31.1017,2222.12,794.741
975,7,67,28.8474,2282.24,810.649
976,7,68,26.8983,2334.86,825.729
977,7,69,25.4908,2373.33,839.52
978,7,70,24.0735,2412.55,853.43
979,7,71,22.057,2469.01,869.213
980,7,72,19.9239,2529.44,885.533
981,7,73,17.5483,2597.55,902.909
982,7,74,16.6389,2623.92,916.048
983,7,75,15.264,2664.25,930.265
984,7,76,13.5807,2714.19,945.524
985,7,77,12.3719,2750.45,959.476
986,7,78,11.0985,2789.08,973.688
987,7,79,10.309,2813.29,986.84
988,7,80,9.11114,2850.42,1001.02
989,7,81,8.1707,2879.89,1014.6
990,7,82,6.85844,2921.44,1029.35
991,7,83,5.33927,2970.06,1045
992,7,84,3.76813,3020.86,1060.98
993,7,85,2.22907,3071.13,1076.91
994,7,86,1.29126,3102.08,1090.77
995,7,87,0.501355,3128.41,1104.29
996,7,88,0.679847,3122.4,1116.89
997,7,89,-0.0756685,3148.09,1130.42
998,7,90,-0.673383,3168.61,1143.6
999,7,91,-0.839457,3174.37,1156.19
1000,7,92,-0.941412,3177.94,1168.72
1001,7,93,-0.687012,3168.95,1181.37
1002,7,94,-0.816764,3173.58,1193.9
1003,7,95,-1.07967,3183.04,1206.55
1004,7,96,-1.6763,3204.72,1219.94
1005,7,97,-2.17232,3222.91,1233.07
1006,7,98,-1.45705,3196.44,1246.98
1007,7,99,-1.15656,3185.22,1259.71
1008,7,100,-1.13947,3184.58,1272.18
1009,7,101,-1.13585,3184.44,1284.63
1010,7,102,-1.0544,3181.32,1297.1
1011,7,103,0.143133,3135.01,1314.6
1012,7,104,1.82532,3069.41,1336.82
1013,7,105,3.85195,2989.69,1362.64
1014,7,106,4.22739,2974.8,1375.77
1015,7,107,4.01066,2983.47,1388.61
1016,7,108,3.80413,2991.8,1401.43
1017,7,109,3.75571,2993.77,1414.1
1018,7,110,3.8261,2990.88,1426.77
1019,7,111,4.78535,2951.24,1443.06
1020,7,112,5.31849,2929.02,1456.88
1021,7,113,6.28941,2888.24,1473.47
1022,7,114,6.81426,2866.02,1487.33
1023,7,115,6.81943,2865.8,1500.03
1024,7,116,7.30746,2844.82,1513.82
1025,7,117,8.07253,2811.67,1529.28
1026,7,118,8.29808,2801.82,1542.24
1027,7,119,8.36129,2799.03,1554.96
1028,7,120,9.07187,2767.53,1570.31
1029,7,121,10.0185,2725.25,1587.8
1030,7,122,11.0121,2680.54,1605.81
1031,7,123,11.5749,2655.02,1620.3
1032,7,124,11.938,2638.44,1633.81
1033,7,125,12.6709,2604.73,1649.67
1034,7,126,13.4679,2567.8,1666.16
1035,7,127,14.3059,2528.7,1683.1
1036,7,128,15.1316,2489.89,1699.97
1037,7,129,16.1871,2439.93,1719.41
1038,7,130,17.4068,2381.79,1740.91
1039,7,131,17.985,2354.03,1755.82
1040,7,132,18.6082,2323.91,1771.09
1041,7,133,19.7953,2266.14,1792.38
1042,7,134,21.4654,2184.3,1820.98
1043,7,135,22.3216,2142.07,1838.08
1044,7,136,22.9089,2112.9,1853.15
1045,7,137,23.5903,2078.83,1868.93
1046,7,138,24.6056,2027.73,1887.93
1047,7,139,25.182,1998.52,1903.05
1048,7,140,26.0612,1953.68,1920.74
1049,7,141,26.6451,1923.71,1935.99
1050,7,142,27.4671,1881.23,1953.27
1051,7,143,27.9054,1858.45,1967.73
1052,8,17,19.6061,2092.42,121.158
1053,8,18,11.6364,2180.09,132.154
1054,8,19,35.6294,1908.17,145.382
1055,8,20,26.2088,2018.08,156.724
1056,8,21,30.8242,1962.69,167.674
1057,8,22,41.3036,1833.45,179.632
1058,8,23,54.7941,1662.57,192.909
1059,8,24,50.2328,1721.86,204.076
1060,8,25,44.1331,1803.19,215.681
1061,8,26,49.4123,1731.04,227.225
1062,8,27,37.9098,1892.08,242.293
1063,8,28,32.7987,1965.34,254.147
1064,8,29,31.0615,1990.82,265.167
1065,8,30,30.2717,2002.66,276.041
1066,8,31,32.6609,1966.03,287.235
1067,8,32,41.3269,1830.26,303.734
1068,8,33,43.8564,1789.79,315.212
1069,8,34,47.8968,1723.8,327.709
1070,8,35,55.2477,1601.28,344.148
1071,8,36,54.2463,1618.31,355.363
1072,8,37,58.663,1541.75,368.879
1073,8,38,59.1411,1533.3,380.03
1074,8,39,59.4831,1527.15,391.134
1075,8,40,58.4325,1546.41,402.401
1076,8,41,56.9595,1573.9,413.912
1077,8,42,54.8347,1614.27,426.063
1078,8,43,57.0547,1571.36,438.461
1079,8,44,58.3061,1546.74,449.975
1080,8,45,60.6926,1499.01,462.967
1081,8,46,61.6508,1479.53,474.352
1082,8,47,61.6796,1478.93,485.365
1083,8,48,58.5801,1544.02,500.844
1084,8,49,57.2697,1571.98,512.765
1085,8,50,61.9141,1471.35,534.343
1086,8,51,61.7202,1475.62,545.648
1087,8,52,58.7055,1542.95,561.599
1088,8,53,59.3318,1528.75,573.156
1089,8,54,54.072,1649.72,598.845
1090,8,55,52.2897,1691.31,612.009
1091,8,56,48.8133,1773.59,629.696
1092,8,57,45.8934,1843.66,645.688
1093,8,58,48.381,1783.13,660.656
1094,8,59,44.9791,1867.05,678.485
1095,8,60,40.7007,1974.01,699.459
1096,8,61,38.0507,2041.14,714.931
1097,8,62,36.1118,2090.9,728.951
1098,8,63,35.7905,2099.26,741.142
1099,8,64,34.112,2143.46,754.909
1100,8,65,32.971,2173.89,767.852
1101,8,66,30.988,2227.43,782.581
1102,8,67,28.6624,2290.99,798.429
1103,8,68,26.6555,2346.52,813.46
1104,8,69,25.2104,2386.98,827.225
1105,8,70,23.757,2428.16,841.103
1106,8,71,21.6874,2487.49,856.815
1107,8,72,19.5,2550.92,873.052
1108,8,73,17.0652,2622.34,890.322
1109,8,74,16.1431,2649.7,903.44
1110,8,75,14.7423,2691.72,917.61
1111,8,76,13.0254,2743.8,932.799
1112,8,77,11.7979,2781.45,946.707
1113,8,78,10.5049,2821.53,960.867
1114,8,79,9.70987,2846.44,973.993
1115,8,80,8.49562,2884.89,988.124
1116,8,81,7.54639,2915.27,1001.66
1117,8,82,6.21579,2958.29,1016.34
1118,8,83,4.67355,3008.67,1031.91
1119,8,84,3.07889,3061.29,1047.8
1120,8,85,1.51804,3113.32,1063.65
1121,8,86,0.574489,3145.09,1077.45
1122,8,87,-0.217241,3172.01,1090.93
1123,8,88,-0.0165989,3165.12,1103.54
1124,8,89,-0.773555,3191.36,1117.03
1125,8,90,-1.36886,3212.19,1130.18
1126,8,91,-1.52232,3217.62,1142.76
1127,8,92,-1.61061,3220.77,1155.29
1128,8,93,-1.33473,3210.83,1167.95
1129,8,94,-1.45258,3215.12,1180.48
1130,8,95,-1.70701,3224.45,1193.11
1131,8,96,-2.30295,3246.49,1206.46
1132,8,97,-2.79607,3264.9,1219.55
1133,8,98,-2.05136,3236.85,1233.51
1134,8,99,-1.73142,3224.7,1246.27
1135,8,100,-1.70161,3223.55,1258.74
1136,8,101,-1.68594,3222.95,1271.2
1137,8,102,-1.5912,3219.25,1283.67
1138,8,103,-0.357535,3170.73,1301.25
1139,8,104,1.36966,3102.22,1323.57
1140,8,105,3.44695,3019.13,1349.45
1141,8,106,3.83816,3003.35,1362.61
1142,8,107,3.62487,3012.02,1375.44
1143,8,108,3.4219,3020.34,1388.25
1144,8,109,3.38002,3022.07,1400.92
1145,8,110,3.45907,3018.78,1413.61
1146,8,111,4.44383,2977.42,1429.93
1147,8,112,4.99362,2954.14,1443.78
1148,8,113,5.98899,2911.68,1460.39
1149,8,114,6.52927,2888.44,1474.28
1150,8,115,6.53982,2887.99,1486.99
1151,8,116,7.04193,2866.06,1500.8
1152,8,117,7.82573,2831.57,1516.29
1153,8,118,8.0598,2821.2,1529.26
1154,8,119,8.1284,2818.13,1541.98
1155,8,120,8.85567,2785.41,1557.36
1156,8,121,9.82275,2741.56,1574.86
1157,8,122,10.837,2695.25,1592.87
1158,8,123,11.4125,2668.77,1607.37
1159,8,124,11.7846,2651.53,1620.9
1160,8,125,12.5325,2616.63,1636.76
1161,8,126,13.3452,2578.43,1653.25
1162,8,127,14.1992,2538.01,1670.18
1163,8,128,15.0404,2497.92,1687.05
1164,8,129,16.1147,2446.35,1706.46
1165,8,130,17.3553,2386.38,1727.92
1166,8,131,17.9438,2357.75,1742.82
1167,8,132,18.5775,2326.69,1758.08
1168,8,133,19.784,2267.18,1779.32
1169,8,134,21.4806,2182.91,1807.81
1170,8,135,22.3499,2139.45,1824.88
1171,8,136,22.9459,2109.44,1839.94
1172,8,137,23.6372,2074.42,1855.71
1173,8,138,24.6672,2021.89,1874.66
1174,8,139,25.2514,1991.9,1889.77
1175,8,140,26.1429,1945.84,1907.42
1176,8,141,26.7342,1915.09,1922.66
1177,8,142,27.5671,1871.5,1939.9
1178,8,143,28.0104,1848.16,1954.35
1179,9,18,43.0909,1708.27,118.079
1180,9,19,65.7273,1436.64,130.57
1181,9,20,49.7203,1634.06,142.496
1182,9,21,51.4286,1612.42,153.098
1183,9,22,60.4615,1494.99,164.474
1184,9,23,73.1964,1325.19,177.2
1185,9,24,65.7647,1426.76,188.712
1186,9,25,57.1201,1547.78,200.897
1187,9,26,61.5428,1484.39,212.009
1188,9,27,47.5526,1689.58,228.547
1189,9,28,40.9662,1788.38,240.773
1190,9,29,38.2857,1829.48,251.877
1191,9,30,36.7674,1853.26,262.768
1192,9,31,38.7994,1820.75,273.759
1193,9,32,47.6761,1675.77,289.943
1194,9,33,49.9,1638.7,301.196
1195,9,34,53.7863,1572.63,313.402
1196,9,35,61.2454,1443.34,329.597
1197,9,36,59.7441,1469.86,340.85
1198,9,37,64.0862,1391.71,354.087
1199,9,38,64.2347,1388.98,365.118
1200,9,39,64.2702,1388.32,376.111
1201,9,40,62.8547,1415.22,387.446
1202,9,41,61.0244,1450.6,399.107
1203,9,42,58.5355,1499.55,411.54
1204,9,43,60.6709,1456.84,423.714
1205,9,44,61.7909,1434.07,435.042
1206,9,45,64.1181,1385.97,447.809
1207,9,46,64.9464,1368.58,459.016
1208,9,47,64.8077,1371.54,469.951
1209,9,48,61.3968,1445.44,486.164
1210,9,49,59.885,1478.7,498.263
1211,9,50,64.626,1372.82,519.806
1212,9,51,64.297,1380.27,531.09
1213,9,52,61.0282,1455.46,547.569
1214,9,53,61.5791,1442.6,559.033
1215,9,54,55.9929,1574.81,585.569
1216,9,55,54.053,1621.37,598.878
1217,9,56,50.3582,1711.27,616.835
1218,9,57,47.2561,1787.79,632.999
1219,9,58,49.7887,1724.48,647.829
1220,9,59,46.1982,1815.44,665.822
1221,9,60,41.7084,1930.68,686.909
1222,9,61,38.9203,2003.17,702.444
1223,9,62,36.8775,2056.96,716.51
1224,9,63,36.5166,2066.58,728.724
1225,9,64,34.7522,2114.22,742.53
1226,9,65,33.5487,2147.12,755.506
1227,9,66,31.4774,2204.42,770.26
1228,9,67,29.0564,2272.21,786.115
1229,9,68,26.9694,2331.34,801.151
1230,9,69,25.4667,2374.42,814.928
1231,9,70,23.9581,2418.17,828.813
1232,9,71,21.8164,2480.99,844.505
1233,9,72,19.5567,2548.03,860.707
1234,9,73,17.0452,2623.38,877.921
1235,9,74,16.0958,2652.18,891.042
1236,9,75,14.6546,2696.37,905.196
1237,9,76,12.8897,2751.08,920.349
1238,9,77,11.6306,2790.54,934.241
1239,9,78,10.3054,2832.5,948.378
1240,9,79,9.49363,2858.48,961.499
1241,9,80,8.25166,2898.63,975.605
1242,9,81,7.28311,2930.27,989.12
1243,9,82,5.92366,2975.14,1003.77
1244,9,83,4.34808,3027.66,1019.28
1245,9,84,2.72003,3082.47,1035.11
1246,9,85,1.12795,3136.6,1050.89
1247,9,86,0.17021,3169.48,1064.67
1248,9,87,-0.631329,3197.27,1078.12
1249,9,88,-0.415319,3189.71,1090.75
1250,9,89,-1.18112,3216.76,1104.21
1251,9,90,-1.781,3238.16,1117.35
1252,9,91,-1.92824,3243.46,1129.93
1253,9,92,-2.00896,3246.39,1142.46
1254,9,93,-1.71722,3235.7,1155.14
1255,9,94,-1.82891,3239.83,1167.67
1256,9,95,-2.08054,3249.22,1180.3
1257,9,96,-2.68153,3271.86,1193.63
1258,9,97,-3.17722,3290.7,1206.71
1259,9,98,-2.4075,3261.19,1220.69
1260,9,99,-2.0727,3248.24,1233.47
1261,9,100,-2.03482,3246.77,1245.95
1262,9,101,-2.01165,3245.86,1258.41
1263,9,102,-1.90796,3241.74,1270.9
1264,9,103,-0.641657,3191.09,1288.5
1265,9,104,1.12744,3119.74,1310.81
1266,9,105,3.25255,3033.32,1336.64
1267,9,106,3.65571,3016.79,1349.81
1268,9,107,3.44181,3025.63,1362.64
1269,9,108,3.23843,3034.1,1375.46
1270,9,109,3.19936,3035.74,1388.14
1271,9,110,3.2835,3032.18,1400.84
1272,9,111,4.29079,2989.2,1417.16
1273,9,112,4.8541,2964.98,1431.02
1274,9,113,5.87109,2920.91,1447.63
1275,9,114,6.42379,2896.78,1461.53
1276,9,115,6.4365,2896.22,1474.24
1277,9,116,6.94983,2873.46,1488.06
1278,9,117,7.7497,2837.73,1503.54
1279,9,118,7.98941,2826.95,1516.52
1280,9,119,8.0605,2823.72,1529.26
1281,9,120,8.80198,2789.86,1544.62
1282,9,121,9.78712,2744.55,1562.1
1283,9,122,10.8198,2696.7,1580.08
1284,9,123,11.4056,2669.36,1594.57
1285,9,124,11.7842,2651.57,1608.1
1286,9,125,12.5449,2615.56,1623.95
1287,9,126,13.3712,2576.17,1640.41
1288,9,127,14.2391,2534.51,1657.31
1289,9,128,15.0936,2493.21,1674.15
1290,9,129,16.1848,2440.11,1693.5
1291,9,130,17.4447,2378.37,1714.88
1292,9,131,18.0412,2348.95,1729.77
1293,9,132,18.6836,2317.04,1745.01
1294,9,133,19.9076,2255.84,1766.17
1295,9,134,21.6293,2169.18,1794.52
1296,9,135,22.5099,2124.56,1811.55
1297,9,136,23.1127,2093.82,1826.59
1298,9,137,23.8121,2057.92,1842.33
1299,9,138,24.8553,2004.02,1861.22
1300,9,139,25.4456,1973.32,1876.3
1301,9,140,26.3476,1926.12,1893.91
1302,9,141,26.9448,1894.67,1909.12
1303,9,142,27.787,1850.03,1926.32
1304,9,143,28.2335,1826.22,1940.75
1305,10,19,53.5152,1632.03,119.402
1306,10,20,36.8182,1849.09,131.024
1307,10,21,40.9615,1793.85,141.721
1308,10,22,52.9945,1629.4,153.363
1309,10,23,68.6154,1410.7,166.32
1310,10,24,60.8036,1522.67,177.707
1311,10,25,51.6985,1656.21,189.67
1312,10,26,57.2794,1572.5,200.933
1313,10,27,42.2085,1803.59,216.968
1314,10,28,35.4912,1908.82,228.978
1315,10,29,33.0902,1947.24,239.988
1316,10,30,31.9221,1966.32,250.818
1317,10,31,34.5793,1922.03,261.918
1318,10,32,44.5949,1751.77,278.447
1319,10,33,47.2609,1705.56,289.794
1320,10,34,51.6692,1627.68,302.121
1321,10,35,59.865,1480.15,318.379
1322,10,36,58.3547,1507.84,329.63
1323,10,37,63.1062,1419.15,342.915
1324,10,38,63.3325,1414.85,353.982
1325,10,39,63.4305,1412.95,365.008
1326,10,40,61.9778,1441.52,376.337
1327,10,41,60.088,1479.32,387.966
1328,10,42,57.505,1531.84,400.323
1329,10,43,59.8266,1483.86,412.554
1330,10,44,61.0588,1457.98,423.928
1331,10,45,63.556,1404.71,436.731
1332,10,46,64.4595,1385.14,447.975
1333,10,47,64.3391,1387.78,458.932
1334,10,48,60.7773,1467.33,474.971
1335,10,49,59.2209,1502.61,487.026
1336,10,50,64.2256,1387.5,508.483
1337,10,51,63.9,1395.1,519.784
1338,10,52,60.4976,1475.62,536.11
1339,10,53,61.0976,1461.22,547.605
1340,10,54,55.2846,1602.67,573.747
1341,10,55,53.2911,1651.84,586.991
1342,10,56,49.4716,1747.33,604.757
1343,10,57,46.2771,1828.26,620.772
1344,10,58,48.9531,1759.58,635.663
1345,10,59,45.2523,1855.79,653.475
1346,10,60,40.6235,1977.69,674.319
1347,10,61,37.77,2053.78,689.732
1348,10,62,35.6934,2109.85,703.712
1349,10,63,35.3631,2118.88,715.918
1350,10,64,33.5765,2168.31,729.645
1351,10,65,32.372,2202.03,742.566
1352,10,66,30.2693,2261.61,757.214
1353,10,67,27.8065,2332.21,772.942
1354,10,68,25.6911,2393.55,787.866
1355,10,69,24.1809,2437.86,801.56
1356,10,70,22.665,2482.83,815.359
1357,10,71,20.496,2547.9,830.929
1358,10,72,18.2064,2617.35,847.004
1359,10,73,15.6587,2695.48,864.08
1360,10,74,14.7227,2724.49,877.137
1361,10,75,13.2794,2769.72,891.199
1362,10,76,11.5029,2825.97,906.244
1363,10,77,10.2475,2866.14,920.049
1364,10,78,8.924,2908.94,934.094
1365,10,79,8.12851,2934.92,947.148
1366,10,80,6.89001,2975.79,961.163
1367,10,81,5.93238,3007.72,974.599
1368,10,82,4.57269,3053.49,989.147
1369,10,83,2.99104,3107.27,1004.55
1370,10,84,1.35576,3163.41,1020.27
1371,10,85,-0.24231,3218.81,1035.95
1372,10,86,-1.18934,3251.96,1049.65
1373,10,87,-1.97657,3279.77,1063.03
1374,10,88,-1.72103,3270.66,1075.66
1375,10,89,-2.47334,3297.74,1089.04
1376,10,90,-3.05612,3318.92,1102.11
1377,10,91,-3.17585,3323.31,1114.65
1378,10,92,-3.22845,3325.25,1127.16
1379,10,93,-2.90073,3313.02,1139.86
1380,10,94,-2.9872,3316.28,1152.35
1381,10,95,-3.21775,3325.04,1164.94
1382,10,96,-3.80641,3347.6,1178.19
1383,10,97,-4.2878,3366.22,1191.2
1384,10,98,-3.47583,3334.55,1205.3
1385,10,99,-3.10985,3320.15,1218.1
1386,10,100,-3.04834,3317.71,1230.57
1387,10,101,-3.00264,3315.89,1243.01
1388,10,102,-2.8754,3310.75,1255.49
1389,10,103,-1.56157,3257.32,1273.35
1390,10,104,0.264138,3182.47,1296
1391,10,105,2.45151,3092.06,1322.17
1392,10,106,2.8795,3074.23,1335.37
1393,10,107,2.67707,3082.73,1348.18
1394,10,108,2.48503,3090.86,1360.97
1395,10,109,2.46025,3091.92,1373.65
1396,10,110,2.56069,3087.6,1386.34
1397,10,111,3.6019,3042.48,1402.78
1398,10,112,4.18953,3016.82,1416.7
1399,10,113,5.23885,2970.65,1433.42
1400,10,114,5.81412,2945.14,1447.37
1401,10,115,5.83858,2944.05,1460.08
1402,10,116,6.37268,2920.02,1473.95
1403,10,117,7.19805,2882.6,1489.51
1404,10,118,7.45228,2870.99,1502.51
1405,10,119,7.53443,2867.21,1515.25
1406,10,120,8.29875,2831.8,1530.69
1407,10,121,9.31046,2784.58,1548.25
1408,10,122,10.3699,2734.79,1566.31
1409,10,123,10.9739,2706.2,1580.85
1410,10,124,11.3665,2687.49,1594.41
1411,10,125,12.1476,2650,1610.31
1412,10,126,12.9948,2609.05,1626.83
1413,10,127,13.8838,2565.78,1643.78
1414,10,128,14.7586,2522.92,1660.66
1415,10,129,15.8736,2467.91,1680.05
1416,10,130,17.1594,2404.05,1701.47
1417,10,131,17.7704,2373.5,1716.38
1418,10,132,18.4277,2340.42,1731.65
1419,10,133,19.6755,2277.19,1752.82
1420,10,134,21.4284,2187.79,1781.14
1421,10,135,22.3262,2141.71,1798.18
1422,10,136,22.9414,2109.92,1813.23
1423,10,137,23.6544,2072.85,1828.98
1424,10,138,24.7163,2017.28,1847.86
1425,10,139,25.3177,1985.6,1862.95
1426,10,140,26.2355,1936.96,1880.55
1427,10,141,26.8434,1904.53,1895.77
1428,10,142,27.6998,1858.58,1912.95
1429,10,143,28.1543,1834.03,1927.39
1430,11,20,52,1591,119.566
1431,11,21,54.1364,1561.09,130.221
1432,11,22,65.979,1391.35,141.541
1433,11,23,82.0055,1156.29,154.005
1434,11,24,71.1648,1318.9,165.741
1435,11,25,59.4643,1498.31,178.071
1436,11,26,64.7721,1415.15,189.149
1437,11,27,47.0466,1698.76,205.628
1438,11,28,39.0454,1829.45,217.791
1439,11,29,36.0175,1879.91,228.888
1440,11,30,34.4398,1906.73,239.785
1441,11,31,37.1104,1860.44,250.852
1442,11,32,47.8063,1671.48,266.989
1443,11,33,50.4249,1624.35,278.268
1444,11,34,54.937,1541.63,290.433
1445,11,35,63.5269,1381.28,306.337
1446,11,36,61.6188,1417.54,317.664
1447,11,37,66.4805,1323.54,330.735
1448,11,38,66.4819,1323.51,341.795
1449,11,39,66.3695,1325.76,352.818
1450,11,40,64.624,1361.25,364.233
1451,11,41,62.4415,1406.36,375.977
1452,11,42,59.55,1467.08,388.481
1453,11,43,61.8884,1417.2,400.587
1454,11,44,63.0718,1391.55,411.89
1455,11,45,65.5966,1336.01,424.536
1456,11,46,66.4369,1317.24,435.716
1457,11,47,66.2032,1322.54,446.68
1458,11,48,62.3558,1411.03,462.987
1459,11,49,60.6387,1451.1,475.143
1460,11,50,65.8227,1328.41,496.275
1461,11,51,65.4033,1338.47,507.6
1462,11,52,61.7673,1426.95,524.1
1463,11,53,62.3362,1412.92,535.572
1464,11,54,56.2026,1566.26,561.8
1465,11,55,54.0797,1620.04,575.096
1466,11,56,50.0598,1723.21,592.866
1467,11,57,46.7044,1810.45,608.876
1468,11,58,49.4741,1737.52,623.686
1469,11,59,45.601,1840.8,641.463
1470,11,60,40.7731,1971.15,662.194
1471,11,61,37.8018,2052.37,677.571
1472,11,62,35.6442,2112.07,691.536
1473,11,63,35.3032,2121.61,703.76
1474,11,64,33.4526,2174.04,717.471
1475,11,65,32.2089,2209.7,730.391
1476,11,66,30.0369,2272.69,744.998
1477,11,67,27.4958,2347.23,760.658
1478,11,68,25.3182,2411.83,775.527
1479,11,69,23.7694,2458.29,789.19
1480,11,70,22.2167,2505.39,802.954
1481,11,71,19.9913,2573.64,818.447
1482,11,72,17.6441,2646.4,834.433
1483,11,73,15.0334,2728.2,851.398
1484,11,74,14.0877,2758.15,864.433
1485,11,75,12.6195,2805.13,878.444
1486,11,76,10.8092,2863.66,893.415
1487,11,77,9.53707,2905.22,907.173
1488,11,78,8.1955,2949.49,921.164
1489,11,79,7.39806,2976.07,934.19
1490,11,80,6.14504,3018.26,948.149
1491,11,81,5.18142,3051.02,961.543
1492,11,82,3.80483,3098.28,976.023
1493,11,83,2.20088,3153.89,991.345
1494,11,84,0.542762,3211.92,1006.97
1495,11,85,-1.07624,3269.13,1022.56
1496,11,86,-2.02625,3303.01,1036.2
1497,11,87,-2.81219,3331.3,1049.54
1498,11,88,-2.52867,3321,1062.19
1499,11,89,-3.27958,3348.54,1075.53
1500,11,90,-3.85677,3369.89,1088.56
1501,11,91,-3.95969,3373.73,1101.09
1502,11,92,-3.99446,3375.04,1113.6
1503,11,93,-3.64038,3361.59,1126.32
1504,11,94,-3.7113,3364.31,1138.81
1505,11,95,-3.93023,3372.77,1151.38
1506,11,96,-4.51601,3395.62,1164.58
1507,11,97,-4.99216,3414.35,1177.56
1508,11,98,-4.14572,3380.77,1191.72
1509,11,99,-3.75647,3365.2,1204.56
1510,11,100,-3.67922,3362.09,1217.02
1511,11,101,-3.61865,3359.62,1229.47
1512,11,102,-3.47526,3353.74,1241.96
1513,11,103,-2.12027,3297.74,1259.92
1514,11,104,-0.243832,3219.55,1282.69
1515,11,105,2.00028,3125.3,1308.93
1516,11,106,2.44659,3106.41,1322.16
1517,11,107,2.24891,3114.84,1334.96
1518,11,108,2.0617,3122.89,1347.75
1519,11,109,2.04496,3123.62,1360.42
1520,11,110,2.15572,3118.78,1373.13
1521,11,111,3.22557,3071.71,1389.61
1522,11,112,3.8321,3044.82,1403.56
1523,11,113,4.90873,2996.73,1420.31
1524,11,114,5.50141,2970.06,1434.29
1525,11,115,5.53229,2968.66,1447.01
1526,11,116,6.08225,2943.54,1460.9
1527,11,117,6.92848,2904.61,1476.48
1528,11,118,7.1924,2892.39,1489.5
1529,11,119,7.28084,2888.26,1502.25
1530,11,120,8.06366,2851.47,1517.71
1531,11,121,9.09784,2802.52,1535.28
1532,11,122,10.18,2750.93,1553.35
1533,11,123,10.798,2721.27,1567.9
1534,11,124,11.2006,2701.81,1581.47
1535,11,125,11.9981,2663,1597.38
1536,11,126,12.8625,2620.64,1613.89
1537,11,127,13.769,2575.92,1630.84
1538,11,128,14.6606,2531.64,1647.71
1539,11,129,15.796,2474.87,1667.08
1540,11,130,17.1045,2409.01,1688.45
1541,11,131,17.7265,2377.49,1703.36
1542,11,132,18.3953,2343.39,1718.62
1543,11,133,19.664,2278.26,1739.74
1544,11,134,21.4453,2186.22,1767.94
1545,11,135,22.3572,2138.81,1784.96
1546,11,136,22.9817,2106.12,1800
1547,11,137,23.7053,2068.01,1815.73
1548,11,138,24.7829,2010.9,1834.57
1549,11,139,25.3927,1978.38,1849.65
1550,11,140,26.3234,1928.43,1867.21
1551,11,141,26.9393,1895.17,1882.41
1552,11,142,27.8071,1848.02,1899.57
1553,11,143,28.2669,1822.89,1913.99
1554,12,21,61.3636,1431,119.405
1555,12,22,74.0455,1240.77,130.614
1556,12,23,91.3986,974.691,142.761
1557,12,24,77.4451,1193.3,154.739
1558,12,25,63.1758,1421.6,167.231
1559,12,26,68.6964,1331.43,178.273
1560,12,27,48.2647,1671.96,194.692
1561,12,28,39.1789,1826.42,206.87
1562,12,29,35.7998,1884.99,218.016
1563,12,30,34.0789,1915.39,228.964
1564,12,31,37.0526,1861.87,240.075
1565,12,32,48.7727,1647,255.98
1566,12,33,51.5415,1595.32,267.269
1567,12,34,56.3488,1503.98,279.374
1568,12,35,65.537,1326.34,295
1569,12,36,63.3154,1370.03,306.392
1570,12,37,68.4205,1267.93,319.331
1571,12,38,68.2784,1270.82,330.421
1572,12,39,68.0296,1275.96,341.475
1573,12,40,66.0493,1317.55,352.957
1574,12,41,63.6263,1369.24,364.768
1575,12,42,60.4718,1437.58,377.329
1576,12,43,62.8986,1384.19,389.38
1577,12,44,64.0926,1357.53,400.669
1578,12,45,66.7059,1298.29,413.226
1579,12,46,67.5308,1279.32,424.393
1580,12,47,67.2233,1286.5,435.386
1581,12,48,63.1128,1383.78,451.738
1582,12,49,61.2655,1428.11,463.939
1583,12,50,66.6832,1296.28,484.749
1584,12,51,66.1998,1308.21,496.106
1585,12,52,62.3476,1404.51,512.616
1586,12,53,62.9159,1390.11,524.095
1587,12,54,56.4701,1555.56,550.123
1588,12,55,54.2385,1613.58,563.42
1589,12,56,50.0329,1724.32,581.089
1590,12,57,46.5328,1817.66,597.021
1591,12,58,49.4276,1739.5,611.8
1592,12,59,45.3951,1849.72,629.464
1593,12,60,40.3786,1988.51,650.003
1594,12,61,37.3042,2074.6,665.303
1595,12,62,35.0814,2137.57,679.222
1596,12,63,34.749,2147.1,691.457
1597,12,64,32.8495,2202.19,705.126
1598,12,65,31.582,2239.37,718.024
1599,12,66,29.3539,2305.47,732.56
1600,12,67,26.7464,2383.7,748.122
1601,12,68,24.5187,2451.27,762.91
1602,12,69,22.9441,2499.56,776.52
1603,12,70,21.3667,2548.45,790.227
1604,12,71,19.0954,2619.62,805.621
1605,12,72,16.7007,2695.46,821.496
1606,12,73,14.0362,2780.72,838.333
1607,12,74,13.0921,2811.25,851.33
1608,12,75,11.6092,2859.69,865.273
1609,12,76,9.77426,2920.24,880.153
1610,12,77,8.49494,2962.88,893.847
1611,12,78,7.14442,3008.35,907.768
1612,12,79,6.35445,3035.21,920.752
1613,12,80,5.09536,3078.44,934.64
1614,12,81,4.1342,3111.76,947.978
1615,12,82,2.74832,3160.27,962.375
1616,12,83,1.12917,3217.48,977.601
1617,12,84,-0.545014,3277.19,993.129
1618,12,85,-2.17838,3335.99,1008.62
1619,12,86,-3.12432,3370.36,1022.2
1620,12,87,-3.90205,3398.88,1035.47
1621,12,88,-3.58286,3387.07,1048.14
1622,12,89,-4.32599,3414.81,1061.42
1623,12,90,-4.89131,3436.1,1074.4
1624,12,91,-4.97093,3439.13,1086.92
1625,12,92,-4.98159,3439.54,1099.42
1626,12,93,-4.5948,3424.58,1112.16
1627,12,94,-4.64443,3426.52,1124.64
1628,12,95,-4.84636,3434.46,1137.18
1629,12,96,-5.42437,3457.39,1150.33
1630,12,97,-5.89047,3476.03,1163.26
1631,12,98,-5.00392,3440.27,1177.51
1632,12,99,-4.58631,3423.29,1190.38
1633,12,100,-4.48868,3419.29,1202.85
1634,12,101,-4.40877,3415.98,1215.29
1635,12,102,-4.24486,3409.16,1227.79
1636,12,103,-2.8437,3350.31,1245.91
1637,12,104,-0.911343,3268.5,1268.88
1638,12,105,1.39472,3170.11,1295.3
1639,12,106,1.86317,3149.97,1308.56
1640,12,107,1.67353,3158.19,1321.35
1641,12,108,1.49432,3166.01,1334.12
1642,12,109,1.48882,3166.25,1346.8
1643,12,110,1.61305,3160.75,1359.51
1644,12,111,2.71515,3111.52,1376.07
1645,12,112,3.3438,3083.23,1390.06
1646,12,113,4.45112,3033.03,1406.87
1647,12,114,5.06419,3005.03,1420.88
1648,12,115,5.10408,3003.2,1433.61
1649,12,116,5.67266,2976.85,1447.53
1650,12,117,6.54259,2936.26,1463.16
1651,12,118,6.81866,2923.28,1476.19
1652,12,119,6.91565,2918.69,1488.95
1653,12,120,7.71953,2880.37,1504.45
1654,12,121,8.77878,2829.53,1522.06
1655,12,122,9.88614,2776.01,1540.16
1656,12,123,10.5205,2745.14,1554.74
1657,12,124,10.9352,2724.82,1568.33
1658,12,125,11.7513,2684.55,1584.26
1659,12,126,12.635,2640.66,1600.79
1660,12,127,13.561,2594.36,1617.75
1661,12,128,14.4714,2548.54,1634.63
1662,12,129,15.6292,2489.88,1654
1663,12,130,16.9626,2421.88,1675.35
1664,12,131,17.5973,2389.29,1690.26
1665,12,132,18.2793,2354.06,1705.53
1666,12,133,19.5707,2286.91,1726.61
1667,12,134,21.3825,2192.09,1754.73
1668,12,135,22.3101,2143.23,1771.73
1669,12,136,22.9453,2109.56,1786.77
1670,12,137,23.681,2070.33,1802.49
1671,12,138,24.776,2011.57,1821.29
1672,12,139,25.3954,1978.12,1836.37
1673,12,140,26.3405,1926.77,1853.9
1674,12,141,26.9655,1892.6,1869.1
1675,12,142,27.8463,1844.16,1886.22
1676,12,143,28.3124,1818.37,1900.65
1677,13,22,63.7576,1436.24,119.59
1678,13,23,86.1364,1078.18,131.936
1679,13,24,70.7343,1329.75,143.749
1680,13,25,55.3022,1586.95,155.973
1681,13,26,62.7363,1460.57,167.173
1682,13,27,40.375,1848.17,183.013
1683,13,28,31.1397,2011.32,194.958
1684,13,29,28.3088,2062.28,206.012
1685,13,30,27.2291,2082.07,216.907
1686,13,31,31.2368,2007.26,228.153
1687,13,32,44.7105,1751.26,244.432
1688,13,33,48.1299,1685.16,255.821
1689,13,34,53.6844,1575.92,268.051
1690,13,35,63.9032,1371.54,283.737
1691,13,36,61.6326,1417.71,295.125
1692,13,37,67.2808,1300.98,308.115
1693,13,38,67.2154,1302.35,319.241
1694,13,39,67.0269,1306.38,330.328
1695,13,40,64.9767,1350.8,341.798
1696,13,41,62.4606,1406.15,353.569
1697,13,42,59.1735,1479.56,366.043
1698,13,43,61.8407,1419.1,378.158
1699,13,44,63.1754,1388.41,389.496
1700,13,45,66.0027,1322.44,402.096
1701,13,46,66.9175,1300.79,413.303
1702,13,47,66.6275,1307.75,424.317
1703,13,48,62.3218,1412.52,440.473
1704,13,49,60.4173,1459.5,452.622
1705,13,50,66.1648,1315.81,473.365
1706,13,51,65.6832,1328.01,484.738
1707,13,52,61.6642,1431.16,501.081
1708,13,53,62.2936,1414.8,512.593
1709,13,54,55.5705,1591.84,538.208
1710,13,55,53.277,1653,551.436
1711,13,56,48.9239,1770.53,568.905
1712,13,57,45.3175,1869.11,584.682
1713,13,58,48.391,1784.08,599.535
1714,13,59,44.231,1900.56,617.012
1715,13,60,39.054,2047.24,637.306
1716,13,61,35.9082,2137.42,652.48
1717,13,62,33.6523,2202.84,666.311
1718,13,63,33.3629,2211.33,678.54
1719,13,64,31.4437,2268.26,692.126
1720,13,65,30.1814,2306.13,704.969
1721,13,66,27.9226,2374.65,719.397
1722,13,67,25.2724,2455.92,734.828
1723,13,68,23.0178,2525.82,749.501
1724,13,69,21.4406,2575.24,763.027
1725,13,70,19.8607,2625.27,776.646
1726,13,71,17.5634,2698.78,791.916
1727,13,72,15.1399,2777.14,807.66
1728,13,73,12.4392,2865.36,824.357
1729,13,74,11.5162,2895.82,837.29
1730,13,75,10.0362,2945.15,851.138
1731,13,76,8.19311,3007.2,865.907
1732,13,77,6.92308,3050.38,879.512
1733,13,78,5.57927,3096.52,893.339
1734,13,79,4.81244,3123.11,906.255
1735,13,80,3.56167,3166.88,920.049
1736,13,81,2.6171,3200.26,933.306
1737,13,82,1.23498,3249.55,947.601
1738,13,83,-0.387156,3307.95,962.717
1739,13,84,-2.06573,3368.94,978.136
1740,13,85,-3.70218,3428.94,993.518
1741,13,86,-4.63251,3463.36,1007.01
1742,13,87,-5.39075,3491.67,1020.2
1743,13,88,-5.02399,3477.86,1032.88
1744,13,89,-5.74899,3505.41,1046.09
1745,13,90,-6.29232,3526.23,1059
1746,13,91,-6.33849,3528.02,1071.49
1747,13,92,-6.31523,3527.11,1083.96
1748,13,93,-5.88595,3510.23,1096.73
1749,13,94,-5.9053,3510.99,1109.18
1750,13,95,-6.08171,3518.05,1121.68
1751,13,96,-6.64407,3540.73,1134.75
1752,13,97,-7.09244,3558.97,1147.61
1753,13,98,-6.15732,3520.63,1162
1754,13,99,-5.7036,3501.87,1174.91
1755,13,100,-5.57835,3496.65,1187.36
1756,13,101,-5.47217,3492.19,1199.8
1757,13,102,-5.28098,3484.1,1212.3
1758,13,103,-3.82625,3422.03,1230.71
1759,13,104,-1.83053,3336.22,1254.06
1760,13,105,0.544896,3233.28,1280.84
1761,13,106,1.0414,3211.6,1294.14
1762,13,107,0.865062,3219.36,1306.91
1763,13,108,0.698962,3226.72,1319.66
1764,13,109,0.709749,3226.24,1332.33
1765,13,110,0.852412,3219.82,1345.04
1766,13,111,1.99215,3168.15,1361.73
1767,13,112,2.64782,3138.21,1375.78
1768,13,113,3.79086,3085.63,1392.71
1769,13,114,4.4289,3056.07,1406.78
1770,13,115,4.48189,3053.6,1419.5
1771,13,116,5.07338,3025.8,1433.48
1772,13,117,5.97128,2983.3,1449.18
1773,13,118,6.26334,2969.37,1462.24
1774,13,119,6.37253,2964.13,1475.01
1775,13,120,7.20136,2924.07,1490.57
1776,13,121,8.28955,2871.11,1508.27
1777,13,122,9.42594,2815.43,1526.45
1778,13,123,10.08,2783.16,1541.07
1779,13,124,10.5099,2761.81,1554.7
1780,13,125,11.3481,2719.9,1570.67
1781,13,126,12.2543,2674.29,1587.26
1782,13,127,13.2031,2626.22,1604.26
1783,13,128,14.1354,2578.67,1621.19
1784,13,129,15.3187,2517.93,1640.59
1785,13,130,16.6799,2447.6,1661.96
1786,13,131,17.33,2413.79,1676.9
1787,13,132,18.0278,2377.27,1692.19
1788,13,133,19.3447,2307.92,1713.28
1789,13,134,21.19,2210.12,1741.36
1790,13,135,22.1358,2159.68,1758.37
1791,13,136,22.7841,2124.88,1773.42
1792,13,137,23.5341,2084.38,1789.14
1793,13,138,24.6488,2023.82,1807.93
1794,13,139,25.2799,1989.32,1823.01
1795,13,140,26.2416,1936.42,1840.54
1796,13,141,26.8779,1901.22,1855.74
1797,13,142,27.7735,1851.36,1872.85
1798,13,143,28.2479,1824.8,1887.28
1799,14,23,65.6061,1488.79,119.852
1800,14,24,51.1364,1734.77,131.246
1801,14,25,36.3986,1990.23,142.969
1802,14,26,47.8846,1787.31,154.52
1803,14,27,24.4505,2209.12,169.76
1804,14,28,16.1071,2362.08,181.31
1805,14,29,14.8015,2386.46,192.156
1806,14,30,15.1838,2379.19,202.913
1807,14,31,20.9752,2267.22,214.421
1808,14,32,36.9474,1953.11,231.8
1809,14,33,41.485,1862.35,243.351
1810,14,34,48.2013,1725.79,255.852
1811,14,35,59.8475,1485.1,271.91
1812,14,36,57.7322,1529.52,283.243
1813,14,37,64.1761,1392.05,296.41
1814,14,38,64.3538,1388.2,307.559
1815,14,39,64.3709,1387.82,318.662
1816,14,40,62.3657,1432.61,330.07
1817,14,41,59.8563,1489.49,341.746
1818,14,42,56.5222,1566.17,354.071
1819,14,43,59.5439,1495.66,366.319
1820,14,44,61.1129,1458.53,377.731
1821,14,45,64.2458,1383.34,390.457
1822,14,46,65.3225,1357.14,401.718
1823,14,47,65.1092,1362.4,412.734
1824,14,48,60.6443,1474.03,428.645
1825,14,49,58.7272,1522.59,440.697
1826,14,50,64.8767,1364.76,461.613
1827,14,51,64.4376,1376.17,472.984
1828,14,52,60.2763,1485.75,489.118
1829,14,53,61.0066,1466.28,500.669
1830,14,54,54.0183,1654.96,525.878
1831,14,55,51.6895,1718.62,539.007
1832,14,56,47.2078,1842.61,556.259
1833,14,57,43.5155,1946,571.861
1834,14,58,46.8057,1852.77,586.852
1835,14,59,42.5338,1975.23,604.129
1836,14,60,37.2086,2129.66,624.18
1837,14,61,34.0086,2223.53,639.211
1838,14,62,31.7383,2290.88,652.936
1839,14,63,31.5138,2297.62,665.149
1840,14,64,29.5919,2355.92,678.636
1841,14,65,28.3523,2393.93,691.408
1842,14,66,26.0772,2464.46,705.713
1843,14,67,23.3972,2548.43,721.003
1844,14,68,21.1288,2620.27,735.551
1845,14,69,19.5627,2670.38,748.977
1846,14,70,17.9933,2721.13,762.493
1847,14,71,15.6812,2796.65,777.63
1848,14,72,13.2393,2877.23,793.239
1849,14,73,10.5119,2968.15,809.797
1850,14,74,9.62189,2998.11,822.652
1851,14,75,8.1553,3047.98,836.394
1852,14,76,6.31336,3111.22,851.043
1853,14,77,5.06239,3154.58,864.547
1854,14,78,3.73448,3201.06,878.267
1855,14,79,3.00031,3227,891.103
1856,14,80,1.7663,3271.01,904.791
1857,14,81,0.846757,3304.12,917.954
1858,14,82,-0.524114,3353.93,932.138
1859,14,83,-2.14233,3413.26,947.14
1860,14,84,-3.81875,3475.29,962.446
1861,14,85,-5.45196,3536.26,977.717
1862,14,86,-6.35984,3570.46,991.107
1863,14,87,-7.09189,3598.28,1004.21
1864,14,88,-6.66999,3582.1,1016.91
1865,14,89,-7.37075,3609.2,1030.02
1866,14,90,-7.88606,3629.3,1042.85
1867,14,91,-7.89255,3629.55,1055.3
1868,14,92,-7.82936,3627.04,1067.74
1869,14,93,-7.3515,3607.93,1080.55
1870,14,94,-7.33514,3607.27,1092.97
1871,14,95,-7.48098,3613.2,1105.41
1872,14,96,-8.02317,3635.43,1118.4
1873,14,97,-8.44938,3653.05,1131.17
1874,14,98,-7.46033,3611.84,1145.73
1875,14,99,-6.96575,3591.07,1158.69
1876,14,100,-6.80861,3584.41,1171.14
1877,14,101,-6.67205,3578.59,1183.56
1878,14,102,-6.44961,3569.02,1196.06
1879,14,103,-4.93658,3503.46,1214.83
1880,14,104,-2.87259,3413.33,1238.68
1881,14,105,-0.422877,3305.54,1265.95
1882,14,106,0.105115,3282.13,1279.29
1883,14,107,-0.0550518,3289.29,1292.03
1884,14,108,-0.205277,3296.05,1304.75
1885,14,109,-0.175427,3294.7,1317.41
1886,14,110,-0.0115716,3287.21,1330.13
1887,14,111,1.16905,3232.9,1346.98
1888,14,112,1.85461,3201.14,1361.1
1889,14,113,3.03636,3145.99,1378.17
1890,14,114,3.70198,3114.71,1392.31
1891,14,115,3.77026,3111.47,1405.03
1892,14,116,4.38705,3082.07,1419.06
1893,14,117,5.31543,3037.51,1434.87
1894,14,118,5.62554,3022.52,1447.95
1895,14,119,5.74882,3016.52,1460.73
1896,14,120,6.6048,2974.58,1476.38
1897,14,121,7.72419,2919.36,1494.19
1898,14,122,8.89181,2861.37,1512.48
1899,14,123,9.56745,2827.58,1527.15
1900,14,124,10.0144,2805.09,1540.81
1901,14,125,10.8763,2761.42,1556.85
1902,14,126,11.807,2713.95,1573.5
1903,14,127,12.7803,2663.99,1590.57
1904,14,128,13.7361,2614.61,1607.55
1905,14,129,14.9467,2551.65,1627.01
1906,14,130,16.3375,2478.87,1648.43
1907,14,131,17.0045,2443.74,1663.39
1908,14,132,17.7195,2405.85,1678.71
1909,14,133,19.0635,2334.17,1699.83
1910,14,134,20.9438,2233.25,1727.9
1911,14,135,21.9092,2181.13,1744.92
1912,14,136,22.5717,2145.13,1759.98
1913,14,137,23.3372,2103.28,1775.72
1914,14,138,24.4729,2040.82,1794.51
1915,14,139,25.1169,2005.18,1809.6
1916,14,140,26.0963,1950.67,1827.12
1917,14,141,26.7448,1914.35,1842.33
1918,14,142,27.6564,1863,1859.44
1919,14,143,28.1398,1835.6,1873.88
1920,15,24,82.7576,1070.73,116.871
1921,15,25,59.5909,1487.73,129.569
1922,15,26,69.1259,1312.92,140.589
1923,15,27,38.8187,1878.65,157.37
1924,15,28,27.2308,2098.82,169.231
1925,15,29,24.2679,2156.11,180.139
1926,15,30,23.5147,2170.92,190.892
1927,15,31,29.0074,2061.07,202.165
1928,15,32,45.8617,1718.36,219.025
1929,15,33,49.9386,1634.11,230.354
1930,15,34,56.4812,1496.71,242.533
1931,15,35,68.4481,1241.42,258.204
1932,15,36,65.3586,1308.36,269.637
1933,15,37,71.6996,1168.85,282.481
1934,15,38,71.2652,1178.56,293.564
1935,15,39,70.7308,1190.67,304.611
1936,15,40,68.0821,1251.59,316.155
1937,15,41,64.9634,1324.36,328.033
1938,15,42,61.0263,1417.54,340.661
1939,15,43,63.9458,1347.47,352.688
1940,15,44,65.3259,1313.89,363.939
1941,15,45,68.3891,1238.33,376.425
1942,15,46,69.2742,1216.2,387.54
1943,15,47,68.8085,1228,398.528
1944,15,48,63.8633,1354.93,415.121
1945,15,49,61.6527,1412.4,427.358
1946,15,50,67.9813,1245.75,448.056
1947,15,51,67.3506,1262.56,459.441
1948,15,52,62.817,1384.97,476.01
1949,15,53,63.4545,1367.55,487.495
1950,15,54,55.9944,1573.94,513.244
1951,15,55,53.4556,1645.03,526.484
1952,15,56,48.6764,1780.44,543.888
1953,15,57,44.744,1893.17,559.583
1954,15,58,48.1279,1795.04,574.443
1955,15,59,43.6074,1927.64,591.793
1956,15,60,38.004,2093.87,611.848
1957,15,61,34.634,2194.97,626.898
1958,15,62,32.243,2267.5,640.645
1959,15,63,31.9888,2275.29,652.88
1960,15,64,29.9709,2337.85,666.385
1961,15,65,28.6679,2378.68,679.177
1962,15,66,26.2932,2453.87,693.481
1963,15,67,23.5039,2543.13,708.748
1964,15,68,21.1475,2619.32,723.277
1965,15,69,19.5238,2672.36,736.7
1966,15,70,17.8997,2725.96,750.209
1967,15,71,15.5098,2805.62,765.304
1968,15,72,12.9896,2890.47,780.857
1969,15,73,10.1783,2986.05,797.335
1970,15,74,9.26966,3017.25,810.187
1971,15,75,7.76653,3069.36,823.903
1972,15,76,5.87772,3135.47,838.503
1973,15,77,4.60085,3180.58,851.982
1974,15,78,3.24588,3228.91,865.671
1975,15,79,2.50415,3255.61,878.497
1976,15,80,1.24778,3301.26,892.152
1977,15,81,0.316266,3335.42,905.293
1978,15,82,-1.07932,3387.05,919.429
1979,15,83,-2.72835,3448.62,934.365
1980,15,84,-4.43592,3512.94,949.598
1981,15,85,-6.09775,3576.08,964.795
1982,15,86,-7.01291,3611.17,978.151
1983,15,87,-7.74713,3639.56,991.23
1984,15,88,-7.29611,3621.97,1003.95
1985,15,89,-7.99886,3649.61,1017.03
1986,15,90,-8.51121,3669.93,1029.85
1987,15,91,-8.50163,3669.55,1042.3
1988,15,92,-8.4212,3666.3,1054.76
1989,15,93,-7.91626,3645.77,1067.59
1990,15,94,-7.88537,3644.5,1080.02
1991,15,95,-8.02123,3650.12,1092.46
1992,15,96,-8.56347,3672.71,1105.42
1993,15,97,-8.98692,3690.5,1118.17
1994,15,98,-7.96153,3647.09,1132.78
1995,15,99,-7.44352,3624.99,1145.77
1996,15,100,-7.27162,3617.59,1158.23
1997,15,101,-7.12127,3611.08,1170.67
1998,15,102,-6.88356,3600.7,1183.19
1999,15,103,-5.32678,3532.2,1202
2000,15,104,-3.20826,3438.28,1225.86
2001,15,105,-0.697324,3326.13,1253.09
2002,15,106,-0.151889,3301.58,1266.45
2003,15,107,-0.309973,3308.75,1279.19
2004,15,108,-0.457971,3315.51,1291.92
2005,15,109,-0.422172,3313.86,1304.59
2006,15,110,-0.249763,3305.87,1317.32
2007,15,111,0.960117,3249.41,1334.17
2008,15,112,1.66393,3216.33,1348.31
2009,15,113,2.87341,3159.08,1365.38
2010,15,114,3.5556,3126.56,1379.52
2011,15,115,3.62813,3123.08,1392.26
2012,15,116,4.2598,3092.55,1406.3
2013,15,117,5.20867,3046.37,1422.1
2014,15,118,5.52681,3030.78,1435.19
2015,15,119,5.65431,3024.49,1447.98
2016,15,120,6.52823,2981.09,1463.62
2017,15,121,7.66997,2924,1481.41
2018,15,122,8.86021,2864.09,1499.66
2019,15,123,9.54884,2829.2,1514.33
2020,15,124,10.0042,2805.98,1527.99
2021,15,125,10.8819,2760.93,1544.01
2022,15,126,11.8291,2711.99,1560.63
2023,15,127,12.8192,2660.5,1577.67
2024,15,128,13.7911,2609.64,1594.62
2025,15,129,15.0218,2544.82,1614.02
2026,15,130,16.4353,2469.9,1635.36
2027,15,131,17.112,2433.81,1650.31
2028,15,132,17.8373,2394.89,1665.6
2029,15,133,19.2019,2321.2,1686.64
2030,15,134,21.1113,2217.46,1714.56
2031,15,135,22.0898,2163.97,1731.54
2032,15,136,22.7603,2127.09,1746.58
2033,15,137,23.5352,2084.21,1762.29
2034,15,138,24.686,2020.15,1781.02
2035,15,139,25.3368,1983.7,1796.09
2036,15,140,26.3283,1927.85,1813.56
2037,15,141,26.9834,1890.73,1828.74
2038,15,142,27.9055,1838.17,1845.81
2039,15,143,28.3925,1810.25,1860.22
2040,16,25,65.8182,1350.73,118.849
2041,16,26,75.9545,1158.14,129.816
2042,16,27,39.458,1863.74,146.457
2043,16,28,25.989,2128.63,158.325
2044,16,29,22.7802,2192.8,169.297
2045,16,30,22.125,2206.12,180.12
2046,16,31,28.4779,2074.83,191.45
2047,16,32,47.3775,1677.94,207.995
2048,16,33,51.7389,1584.9,219.332
2049,16,34,58.7807,1432.32,231.431
2050,16,35,71.7143,1147.79,246.771
2051,16,36,68.0195,1230.3,258.293
2052,16,37,74.6951,1078.99,270.988
2053,16,38,73.9625,1095.84,282.115
2054,16,39,73.1587,1114.59,293.207
2055,16,40,70.1038,1186.89,304.837
2056,16,41,66.5897,1271.23,316.797
2057,16,42,62.2405,1377.06,329.493
2058,16,43,65.2819,1302.04,341.462
2059,16,44,66.665,1267.46,352.703
2060,16,45,69.8432,1186.95,365.094
2061,16,46,70.6915,1165.18,376.202
2062,16,47,70.1081,1180.34,387.228
2063,16,48,64.7844,1320.53,403.868
2064,16,49,62.3896,1384.4,416.152
2065,16,50,69.0378,1204.89,436.509
2066,16,51,68.3134,1224.7,447.931
2067,16,52,63.4827,1358.35,464.504
2068,16,53,64.1186,1340.54,476
2069,16,54,56.2419,1563.71,501.521
2070,16,55,53.5638,1640.49,514.76
2071,16,56,48.5462,1786,532.052
2072,16,57,44.4328,1906.66,547.663
2073,16,58,47.9885,1801.17,562.498
2074,16,59,43.2689,1942.76,579.727
2075,16,60,37.4315,2119.83,599.583
2076,16,61,33.9399,2226.9,614.554
2077,16,62,31.4766,2303.26,628.254
2078,16,63,31.2438,2310.56,640.503
2079,16,64,29.174,2376.1,653.965
2080,16,65,27.8507,2418.45,666.738
2081,16,66,25.4149,2497.2,680.97
2082,16,67,22.5521,2590.72,696.137
2083,16,68,20.1427,2670.23,710.584
2084,16,69,18.4961,2725.12,723.956
2085,16,70,16.8503,2780.53,737.409
2086,16,71,14.4125,2863.41,752.403
2087,16,72,11.8424,2951.65,767.844
2088,16,73,8.97367,3051.1,784.192
2089,16,74,8.0751,3082.55,797.009
2090,16,75,6.56168,3136.03,810.656
2091,16,76,4.65045,3204.19,825.165
2092,16,77,3.37199,3250.22,838.581
2093,16,78,2.01301,3299.59,852.199
2094,16,79,1.28663,3326.23,864.986
2095,16,80,0.0290647,3372.76,878.57
2096,16,81,-0.893748,3407.21,891.655
2097,16,82,-2.29488,3459.99,905.708
2098,16,83,-3.95666,3523.13,920.545
2099,16,84,-5.67811,3589.12,935.675
2100,16,85,-7.35194,3653.84,950.77
2101,16,86,-8.25755,3689.16,964.061
2102,16,87,-8.97759,3717.48,977.083
2103,16,88,-8.4805,3697.77,989.832
2104,16,89,-9.17023,3725.36,1002.86
2105,16,90,-9.66501,3745.31,1015.62
2106,16,91,-9.62481,3743.68,1028.07
2107,16,92,-9.51312,3739.1,1040.52
2108,16,93,-8.96724,3716.53,1053.4
2109,16,94,-8.90896,3714.11,1065.82
2110,16,95,-9.02262,3718.88,1078.24
2111,16,96,-9.55352,3741.36,1091.15
2112,16,97,-9.96316,3758.83,1103.85
2113,16,98,-8.88953,3712.67,1118.57
2114,16,99,-8.3371,3688.73,1131.61
2115,16,100,-8.14012,3680.13,1144.08
2116,16,101,-7.96608,3672.47,1156.53
2117,16,102,-7.70349,3660.83,1169.06
2118,16,103,-6.09269,3588.88,1188.06
2119,16,104,-3.90935,3490.63,1212.14
2120,16,105,-1.32704,3373.56,1239.54
2121,16,106,-0.755773,3347.48,1252.94
2122,16,107,-0.904166,3354.3,1265.67
2123,16,108,-1.04257,3360.71,1278.39
2124,16,109,-0.99357,3358.43,1291.07
2125,16,110,-0.805501,3349.59,1303.81
2126,16,111,0.441163,3290.58,1320.74
2127,16,112,1.17018,3255.83,1334.91
2128,16,113,2.41442,3196.11,1352.04
2129,16,114,3.11967,3162.02,1366.22
2130,16,115,3.20237,3157.99,1378.96
2131,16,116,3.85498,3126.02,1393.04
2132,16,117,4.83039,3077.9,1408.88
2133,16,118,5.16205,3061.42,1421.99
2134,16,119,5.29902,3054.58,1434.79
2135,16,120,6.19635,3009.41,1450.47
2136,16,121,7.3659,2950.15,1468.28
2137,16,122,8.58407,2888.03,1486.55
2138,16,123,9.29056,2851.76,1501.24
2139,16,124,9.75906,2827.55,1514.92
2140,16,125,10.6571,2780.85,1530.96
2141,16,126,11.6254,2730.18,1547.59
2142,16,127,12.6368,2676.91,1564.63
2143,16,128,13.6292,2624.32,1581.58
2144,16,129,14.8843,2557.38,1600.97
2145,16,130,16.3248,2480.07,1622.27
2146,16,131,17.0151,2442.8,1637.22
2147,16,132,17.7544,2402.63,1652.52
2148,16,133,19.1436,2326.69,1673.51
2149,16,134,21.086,2219.85,1701.33
2150,16,135,22.0813,2164.78,1718.29
2151,16,136,22.763,2126.83,1733.32
2152,16,137,23.5505,2082.73,1749.02
2153,16,138,24.7198,2016.86,1767.71
2154,16,139,25.3806,1979.41,1782.77
2155,16,140,26.3872,1922.04,1800.21
2156,16,141,27.0517,1883.94,1815.38
2157,16,142,27.9873,1829.99,1832.41
2158,16,143,28.4807,1801.37,1846.82
2159,17,26,67.0606,1362.7,118.934
2160,17,27,25.5455,2193,134.79
2161,17,28,12.1503,2465.37,146.406
2162,17,29,10.5769,2497.88,157.326
2163,17,30,11.5714,2477,168.152
2164,17,31,20.1786,2293.38,179.719
2165,17,32,42.4779,1810.23,196.627
2166,17,33,47.9289,1690.31,208.074
2167,17,34,56.1765,1506.11,220.28
2168,17,35,70.7456,1175.88,235.583
2169,17,36,66.7782,1267.13,247.117
2170,17,37,74.2078,1093.77,259.827
2171,17,38,73.4529,1111.64,271
2172,17,39,72.6235,1131.54,282.133
2173,17,40,69.3587,1210.99,293.764
2174,17,41,65.6231,1303.13,305.697
2175,17,42,61.0137,1418.37,318.312
2176,17,43,64.3712,1333.31,330.333
2177,17,44,65.9182,1293.6,341.621
2178,17,45,69.367,1203.93,354.037
2179,17,46,70.3037,1179.27,365.183
2180,17,47,69.7077,1195.16,376.235
2181,17,48,64.0762,1347.21,392.675
2182,17,49,61.5792,1415.46,404.912
2183,17,50,68.6662,1219.39,425.143
2184,17,51,67.9216,1240.24,436.586
2185,17,52,62.8443,1384.09,452.993
2186,17,53,63.5491,1363.89,464.523
2187,17,54,55.2878,1603.47,489.615
2188,17,55,52.5213,1684.62,502.79
2189,17,56,47.3049,1839.37,519.883
2190,17,57,43.0514,1966.98,535.341
2191,17,58,46.8422,1851.99,550.243
2192,17,59,41.9564,2001.82,567.288
2193,17,60,35.9133,2189.16,586.894
2194,17,61,32.334,2301.31,601.743
2195,17,62,29.8335,2380.49,615.36
2196,17,63,29.6606,2386.02,627.611
2197,17,64,27.5706,2453.6,640.996
2198,17,65,26.2587,2496.46,653.72
2199,17,66,23.7892,2577.95,667.848
2200,17,67,20.8778,2674.99,682.886
2201,17,68,18.4402,2757.06,697.221
2202,17,69,16.7957,2812.97,710.513
2203,17,70,15.1519,2869.41,723.881
2204,17,71,12.6872,2954.85,738.751
2205,17,72,10.087,3045.86,754.061
2206,17,73,7.17915,3148.6,770.265
2207,17,74,6.31148,3179.55,783.023
2208,17,75,4.80655,3233.73,796.578
2209,17,76,2.89011,3303.36,810.975
2210,17,77,1.62745,3349.66,824.305
2211,17,78,0.280905,3399.48,837.831
2212,17,79,-0.413546,3425.41,850.555
2213,17,80,-1.65728,3472.25,864.046
2214,17,81,-2.5566,3506.43,877.053
2215,17,82,-3.9498,3559.83,891.003
2216,17,83,-5.61178,3624.1,905.727
2217,17,84,-7.33519,3691.31,920.743
2218,17,85,-9.0095,3757.17,935.726
2219,17,86,-9.89362,3792.24,948.931
2220,17,87,-10.5879,3820.01,961.876
2221,17,88,-10.0322,3797.6,974.658
2222,17,89,-10.6984,3824.68,987.609
2223,17,90,-11.1652,3843.82,1000.31
2224,17,91,-11.0839,3840.47,1012.74
2225,17,92,-10.9309,3834.09,1025.18
2226,17,93,-10.334,3809.02,1038.11
2227,17,94,-10.2392,3805.01,1050.51
2228,17,95,-10.3221,3808.54,1062.89
2229,17,96,-10.8337,3830.54,1075.73
2230,17,97,-11.2219,3847.36,1088.37
2231,17,98,-10.0914,3798,1103.26
2232,17,99,-9.49666,3771.83,1116.35
2233,17,100,-9.26739,3761.67,1128.83
2234,17,101,-9.06273,3752.52,1141.28
2235,17,102,-8.76853,3739.29,1153.83
2236,17,103,-7.09621,3663.47,1173.14
2237,17,104,-4.84044,3560.46,1197.6
2238,17,105,-2.17918,3438.04,1225.35
2239,17,106,-1.57629,3410.11,1238.79
2240,17,107,-1.70991,3416.34,1251.51
2241,17,108,-1.8338,3422.17,1264.22
2242,17,109,-1.76673,3418.99,1276.89
2243,17,110,-1.55821,3409.05,1289.65
2244,17,111,-0.269457,3347.19,1306.69
2245,17,112,0.489555,3310.51,1320.93
2246,17,113,1.77349,3248.02,1338.16
2247,17,114,2.5062,3212.12,1352.39
2248,17,115,2.60297,3207.35,1365.14
2249,17,116,3.28062,3173.69,1379.27
2250,17,117,4.28672,3123.38,1395.18
2251,17,118,4.63554,3105.83,1408.31
2252,17,119,4.7854,3098.23,1421.12
2253,17,120,5.70986,3051.09,1436.86
2254,17,121,6.91095,2989.43,1454.75
2255,17,122,8.16069,2924.86,1473.08
2256,17,123,8.8883,2887.02,1487.81
2257,17,124,9.37292,2861.66,1501.51
2258,17,125,10.2946,2813.12,1517.59
2259,17,126,11.2871,2760.52,1534.26
2260,17,127,12.3228,2705.28,1551.33
2261,17,128,13.3385,2650.77,1568.31
2262,17,129,14.621,2581.52,1587.71
2263,17,130,16.0914,2501.63,1609.02
2264,17,131,16.7977,2463.02,1623.98
2265,17,132,17.5535,2421.44,1639.29
2266,17,133,18.9698,2343.08,1660.27
2267,17,134,20.9482,2232.95,1688.02
2268,17,135,21.9625,2176.15,1704.98
2269,17,136,22.6575,2136.99,1720.02
2270,17,137,23.4598,2091.53,1735.71
2271,17,138,24.6497,2023.7,1754.38
2272,17,139,25.3224,1985.14,1769.43
2273,17,140,26.3462,1926.1,1786.86
2274,17,141,27.022,1886.9,1802.02
2275,17,142,27.9729,1831.43,1819.04
2276,17,143,28.4743,1802.02,1833.45
2277,18,27,21.7273,2284.64,123.702
2278,18,28,6.59091,2602.5,135.3
2279,18,29,5.68182,2621.89,146.297
2280,18,30,7.58242,2580.71,157.214
2281,18,31,17.989,2351.77,168.878
2282,18,32,43.5536,1780.83,185.512
2283,18,33,49.5515,1644.88,196.982
2284,18,34,58.5784,1437.25,209.126
2285,18,35,74.4995,1065.76,224.115
2286,18,36,69.7193,1178.89,235.742
2287,18,37,77.5977,989.812,248.319
2288,18,38,76.4481,1017.79,259.545
2289,18,39,75.271,1046.82,270.733
2290,18,40,71.4921,1141.29,282.45
2291,18,41,67.2674,1248.32,294.46
2292,18,42,62.1577,1379.47,307.131
2293,18,43,65.6855,1287.75,319.107
2294,18,44,67.2497,1246.56,330.394
2295,18,45,70.8498,1150.55,342.728
2296,18,46,71.7488,1126.28,353.876
2297,18,47,71.0167,1146.29,364.971
2298,18,48,64.9375,1314.48,381.427
2299,18,49,62.2306,1390.28,393.703
2300,18,50,69.7076,1178.43,413.604
2301,18,51,68.8579,1202.78,425.086
2302,18,52,63.437,1359.99,441.475
2303,18,53,64.148,1339.13,453.021
2304,18,54,55.4078,1598.43,477.852
2305,18,55,52.4893,1685.98,491.021
2306,18,56,47.0071,1852.28,507.991
2307,18,57,42.5558,1988.78,523.358
2308,18,58,46.5557,1864.78,538.244
2309,18,59,41.4509,2024.74,555.161
2310,18,60,35.1503,2224.26,574.562
2311,18,61,31.4429,2342.89,589.328
2312,18,62,28.8709,2426.05,602.897
2313,18,63,28.7323,2430.58,615.162
2314,18,64,26.5929,2501.18,628.503
2315,18,65,25.267,2545.38,641.207
2316,18,66,22.7372,2630.55,655.262
2317,18,67,19.7515,2732.06,670.198
2318,18,68,17.2624,2817.52,684.449
2319,18,69,15.6,2875.15,697.689
2320,18,70,13.9393,2933.28,711
2321,18,71,11.4282,3022,725.768
2322,18,72,8.77922,3116.48,740.964
2323,18,73,5.81425,3223.22,757.036
2324,18,74,4.96403,3254.11,769.76
2325,18,75,3.45366,3309.49,783.246
2326,18,76,1.51812,3381.11,797.55
2327,18,77,0.2591,3428.11,810.815
2328,18,78,-1.08673,3478.8,824.27
2329,18,79,-1.75946,3504.37,836.954
2330,18,80,-2.99995,3551.92,850.374
2331,18,81,-3.88542,3586.16,863.325
2332,18,82,-5.28059,3640.57,877.189
2333,18,83,-6.95261,3706.33,891.813
2334,18,84,-8.68745,3775.15,906.724
2335,18,85,-10.3712,3842.5,921.602
2336,18,86,-11.2415,3877.6,934.741
2337,18,87,-11.9171,3905.07,947.629
2338,18,88,-11.3084,3880.12,960.45
2339,18,89,-11.9575,3906.95,973.343
2340,18,90,-12.4027,3925.5,985.997
2341,18,91,-12.2857,3920.59,998.424
2342,18,92,-12.0966,3912.58,1010.87
2343,18,93,-11.4533,3885.13,1023.84
2344,18,94,-11.327,3879.7,1036.24
2345,18,95,-11.3841,3882.17,1048.61
2346,18,96,-11.8818,3903.91,1061.39
2347,18,97,-12.2535,3920.26,1073.99
2348,18,98,-11.0696,3867.78,1089.01
2349,18,99,-10.4365,3839.5,1102.16
2350,18,100,-10.179,3827.91,1114.65
2351,18,101,-9.94781,3817.43,1127.11
2352,18,102,-9.62585,3802.73,1139.69
2353,18,103,-7.89471,3723.1,1159.21
2354,18,104,-5.56873,3615.32,1183.9
2355,18,105,-2.83043,3487.54,1211.83
2356,18,106,-2.19935,3457.88,1225.3
2357,18,107,-2.3221,3463.69,1238.02
2358,18,108,-2.43526,3469.08,1250.72
2359,18,109,-2.35366,3465.16,1263.39
2360,18,110,-2.12803,3454.26,1276.17
2361,18,111,-0.799733,3389.61,1293.28
2362,18,112,-0.0135778,3351.09,1307.56
2363,18,113,1.30758,3285.92,1324.85
2364,18,114,2.06501,3248.3,1339.12
2365,18,115,2.17276,3242.91,1351.88
2366,18,116,2.87279,3207.67,1366.04
2367,18,117,3.90717,3155.27,1381.99
2368,18,118,4.27041,3136.74,1395.14
2369,18,119,4.43037,3128.53,1407.96
2370,18,120,5.37967,3079.48,1423.74
2371,18,121,6.61021,3015.49,1441.65
2372,18,122,7.88949,2948.55,1459.99
2373,18,123,8.63594,2909.23,1474.74
2374,18,124,9.13434,2882.82,1488.46
2375,18,125,10.0775,2832.52,1504.56
2376,18,126,11.0922,2778.06,1521.23
2377,18,127,12.1503,2720.92,1538.31
2378,18,128,13.1873,2664.58,1555.28
2379,18,129,14.4955,2593.07,1574.66
2380,18,130,15.9941,2510.64,1595.93
2381,18,131,16.7145,2470.78,1610.89
2382,18,132,17.4849,2427.89,1626.2
2383,18,133,18.9268,2347.14,1647.13
2384,18,134,20.9397,2233.75,1674.78
2385,18,135,21.9714,2175.29,1691.71
2386,18,136,22.6779,2135.02,1706.74
2387,18,137,23.4933,2088.27,1722.42
2388,18,138,24.7023,2018.55,1741.04
2389,18,139,25.3852,1978.94,1756.09
2390,18,140,26.4246,1918.31,1773.48
2391,18,141,27.11,1878.1,1788.63
2392,18,142,28.0747,1821.18,1805.62
2393,18,143,28.5825,1791.06,1820.02
2394,19,28,-23.4848,3354.39,122.079
2395,19,29,-19.0909,3257.73,133.023
2396,19,30,-12.7448,3116,143.99
2397,19,31,2.39011,2772.94,156.151
2398,19,32,33.8352,2049.7,173.665
2399,19,33,41.9286,1860.86,185.296
2400,19,34,53.0368,1597.96,197.628
2401,19,35,71.4828,1155.26,212.723
2402,19,36,66.5067,1276.34,224.332
2403,19,37,75.5526,1053.21,236.987
2404,19,38,74.4925,1079.71,248.252
2405,19,39,73.3896,1107.65,259.472
2406,19,40,69.4382,1209.07,271.156
2407,19,41,65.0247,1323.82,283.099
2408,19,42,59.6761,1464.67,295.647
2409,19,43,63.6846,1357.78,307.714
2410,19,44,65.5231,1308.14,319.063
2411,19,45,69.5177,1198.95,331.468
2412,19,46,70.5761,1169.67,342.664
2413,19,47,69.8744,1189.32,353.774
2414,19,48,63.4661,1370.89,369.977
2415,19,49,60.6794,1450.77,382.177
2416,19,50,68.7207,1217.57,402.075
2417,19,51,67.8793,1242.25,413.567
2418,19,52,62.1971,1410.83,429.753
2419,19,53,63.0196,1386.15,441.337
2420,19,54,53.8565,1664.1,465.718
2421,19,55,50.8642,1755.86,478.804
2422,19,56,45.1789,1932.11,495.557
2423,19,57,40.5931,2075.79,510.756
2424,19,58,44.8912,1939.69,525.752
2425,19,59,39.6185,2108.42,542.471
2426,19,60,33.1051,2319.02,561.618
2427,19,61,29.3204,2442.65,576.249
2428,19,62,26.728,2528.2,589.725
2429,19,63,26.6785,2529.85,601.99
2430,19,64,24.5353,2602,615.244
2431,19,65,23.2406,2646.02,627.891
2432,19,66,20.6899,2733.6,641.832
2433,19,67,17.6658,2838.43,656.63
2434,19,68,15.1606,2926.11,670.761
2435,19,69,13.5154,2984.24,683.912
2436,19,70,11.871,3042.89,697.13
2437,19,71,9.34325,3133.89,711.767
2438,19,72,6.67334,3230.9,726.825
2439,19,73,3.67713,3340.76,742.749
2440,19,74,2.87286,3370.52,755.408
2441,19,75,1.38288,3426.15,768.794
2442,19,76,-0.548002,3498.87,782.978
2443,19,77,-1.77966,3545.68,796.15
2444,19,78,-3.10239,3596.38,809.503
2445,19,79,-3.73109,3620.69,822.119
2446,19,80,-4.948,3668.15,835.438
2447,19,81,-5.79973,3701.65,848.303
2448,19,82,-7.17869,3756.35,862.057
2449,19,83,-8.84375,3822.95,876.561
2450,19,84,-10.5738,3892.73,891.353
2451,19,85,-12.2516,3960.96,906.114
2452,19,86,-13.0921,3995.43,919.159
2453,19,87,-13.7336,4021.94,931.962
2454,19,88,-13.0556,3993.69,944.831
2455,19,89,-13.6739,4019.66,957.64
2456,19,90,-14.0837,4037.01,970.222
2457,19,91,-13.9175,4029.92,982.633
2458,19,92,-13.6792,4019.67,995.071
2459,19,93,-12.9765,3989.22,1008.11
2460,19,94,-12.8068,3981.81,1020.5
2461,19,95,-12.8269,3982.69,1032.84
2462,19,96,-13.3004,4003.69,1045.54
2463,19,97,-13.6456,4019.1,1058.06
2464,19,98,-12.3973,3962.93,1073.29
2465,19,99,-11.7158,3932.03,1086.52
2466,19,100,-11.4209,3918.57,1099.03
2467,19,101,-11.1541,3906.3,1111.5
2468,19,102,-10.7958,3889.69,1124.1
2469,19,103,-8.99638,3805.72,1143.99
2470,19,104,-6.59069,3692.65,1169.15
2471,19,105,-3.76595,3558.95,1197.48
2472,19,106,-3.09927,3527.17,1211.01
2473,19,107,-3.20455,3532.22,1223.71
2474,19,108,-3.30061,3536.87,1236.39
2475,19,109,-3.1982,3531.88,1249.07
2476,19,110,-2.94931,3519.69,1261.86
2477,19,111,-1.57478,3451.88,1279.11
2478,19,112,-0.755409,3411.18,1293.46
2479,19,113,0.609183,3342.95,1310.87
2480,19,114,1.39694,3303.3,1325.2
2481,19,115,1.52068,3297.03,1337.96
2482,19,116,2.24831,3259.92,1352.17
2483,19,117,3.3162,3205.1,1368.2
2484,19,118,3.69853,3185.35,1381.38
2485,19,119,3.87298,3176.28,1394.22
2486,19,120,4.85182,3125.05,1410.06
2487,19,121,6.1165,3058.45,1428.04
2488,19,122,7.42988,2988.84,1446.46
2489,19,123,8.19931,2947.8,1461.25
2490,19,124,8.71534,2920.11,1475
2491,19,125,9.68392,2867.8,1491.13
2492,19,126,10.7247,2811.26,1507.85
2493,19,127,11.809,2751.98,1524.96
2494,19,128,12.8711,2693.56,1541.96
2495,19,129,14.2085,2619.56,1561.36
2496,19,130,15.739,2534.36,1582.64
2497,19,131,16.4767,2493.05,1597.62
2498,19,132,17.2648,2448.66,1612.94
2499,19,133,18.7356,2365.31,1633.86
2500,19,134,20.7865,2248.41,1661.45
2501,19,135,21.8384,2188.1,1678.37
2502,19,136,22.5592,2146.54,1693.41
2503,19,137,23.3902,2098.34,1709.09
2504,19,138,24.6211,2026.53,1727.69
2505,19,139,25.3166,1985.73,1742.74
2506,19,140,26.3742,1923.33,1760.11
2507,19,141,27.0716,1881.95,1775.26
2508,19,142,28.0525,1823.43,1792.23
2509,19,143,28.5687,1792.46,1806.64
2510,20,29,-10.4242,3032.39,121.932
2511,20,30,-4.5,2896.14,132.908
2512,20,31,11.7832,2516.19,144.834
2513,20,32,46.6209,1691.7,161.599
2514,20,33,54.044,1513.55,173.063
2515,20,34,65.0179,1246.52,185.097
2516,20,35,84.2721,771.581,199.693
2517,20,36,77.2059,948.235,211.489
2518,20,37,86.0681,723.725,223.83
2519,20,38,83.7895,782.211,235.122
2520,20,39,81.6466,837.925,246.374
2521,20,40,76.5325,972.597,258.259
2522,20,41,71.0728,1118.19,270.432
2523,20,42,64.7332,1289.36,283.251
2524,20,43,68.6543,1182.18,295.141
2525,20,44,70.2423,1138.25,306.389
2526,20,45,74.1812,1027.96,318.583
2527,20,46,74.9725,1005.54,329.697
2528,20,47,73.9067,1036.09,340.836
2529,20,48,66.7783,1242.81,357.53
2530,20,49,63.5851,1336.48,369.887
2531,20,50,71.9577,1088.09,389.423
2532,20,51,70.8614,1120.98,400.958
2533,20,52,64.6541,1309.27,417.42
2534,20,53,65.3804,1287,428.977
2535,20,54,55.5588,1591.47,453.544
2536,20,55,52.3057,1693.4,466.699
2537,20,56,46.2352,1885.63,483.484
2538,20,57,41.3524,2041.88,498.698
2539,20,58,45.832,1897.04,513.592
2540,20,59,40.2486,2079.43,530.297
2541,20,60,33.3868,2305.87,549.352
2542,20,61,29.4085,2438.48,563.963
2543,20,62,26.6913,2529.96,577.436
2544,20,63,26.6413,2531.66,589.725
2545,20,64,24.4045,2608.46,602.977
2546,20,65,23.0592,2655.09,615.634
2547,20,66,20.4076,2747.9,629.549
2548,20,67,17.2693,2858.78,644.295
2549,20,68,14.6781,2951.21,658.386
2550,20,69,12.9863,3012.11,671.52
2551,20,70,11.2982,3073.44,684.717
2552,20,71,8.69525,3168.89,699.291
2553,20,72,5.94904,3270.5,714.272
2554,20,73,2.86869,3385.49,730.096
2555,20,74,2.06457,3415.78,742.747
2556,20,75,0.550239,3473.33,756.095
2557,20,76,-1.41917,3548.82,770.217
2558,20,77,-2.66326,3596.93,783.355
2559,20,78,-4.00088,3649.09,796.667
2560,20,79,-4.62059,3673.47,809.269
2561,20,80,-5.84823,3722.17,822.545
2562,20,81,-6.6984,3756.17,835.382
2563,20,82,-8.0926,3812.41,849.078
2564,20,83,-9.78114,3881.07,863.505
2565,20,84,-11.5356,3953.01,878.212
2566,20,85,-13.235,4023.25,892.888
2567,20,86,-14.0714,4058.1,905.893
2568,20,87,-14.7029,4084.62,918.665
2569,20,88,-13.9772,4053.9,931.572
2570,20,89,-14.5867,4079.91,944.349
2571,20,90,-14.9824,4096.92,956.91
2572,20,91,-14.7866,4088.44,969.333
2573,20,92,-14.5179,4076.7,981.788
2574,20,93,-13.7736,4043.95,994.874
2575,20,94,-13.5781,4035.28,1007.28
2576,20,95,-13.5785,4035.3,1019.61
2577,20,96,-14.0448,4056.29,1032.28
2578,20,97,-14.3797,4071.47,1044.79
2579,20,98,-13.0812,4012.17,1060.1
2580,20,99,-12.3656,3979.25,1073.37
2581,20,100,-12.0473,3964.51,1085.9
2582,20,101,-11.7588,3951.04,1098.39
2583,20,102,-11.3773,3933.11,1111.01
2584,20,103,-9.52116,3845.25,1131
2585,20,104,-7.04651,3727.3,1156.2
2586,20,105,-4.14548,3588.05,1184.53
2587,20,106,-3.45475,3554.66,1198.08
2588,20,107,-3.55434,3559.51,1210.79
2589,20,108,-3.64471,3563.94,1223.48
2590,20,109,-3.53237,3558.39,1236.17
2591,20,110,-3.27066,3545.4,1248.97
2592,20,111,-1.85927,3474.83,1266.24
2593,20,112,-1.01616,3432.39,1280.6
2594,20,113,0.383015,3361.5,1298.01
2595,20,114,1.19212,3320.23,1312.35
2596,20,115,1.32271,3313.53,1325.13
2597,20,116,2.06942,3274.95,1339.35
2598,20,117,3.16276,3218.1,1355.38
2599,20,118,3.55591,3197.52,1368.58
2600,20,119,3.73669,3188,1381.42
2601,20,120,4.73762,3134.95,1397.26
2602,20,121,6.02934,3066.06,1415.22
2603,20,122,7.36991,2994.12,1433.61
2604,20,123,8.15529,2951.7,1448.39
2605,20,124,8.68199,2923.09,1462.14
2606,20,125,9.66947,2869.1,1478.26
2607,20,126,10.73,2810.78,1494.95
2608,20,127,11.8342,2749.68,1512.03
2609,20,128,12.9154,2689.49,1529
2610,20,129,14.2763,2613.28,1548.34
2611,20,130,15.8331,2525.58,1569.54
2612,20,131,16.5823,2483.12,1584.5
2613,20,132,17.3825,2437.51,1599.8
2614,20,133,18.8771,2351.82,1620.64
2615,20,134,20.9612,2231.64,1648.09
2616,20,135,22.0282,2169.75,1664.97
2617,20,136,22.7581,2127.18,1679.98
2618,20,137,23.5998,2077.8,1695.63
2619,20,138,24.8479,2004.16,1714.18
2620,20,139,25.5512,1962.43,1729.2
2621,20,140,26.6223,1898.52,1746.53
2622,20,141,27.3272,1856.23,1761.65
2623,20,142,28.3198,1796.34,1778.57
2624,20,143,28.84,1764.78,1792.96
2625,21,30,-35.9091,3744.18,119.028
2626,21,31,-10.9545,3145.27,131.805
2627,21,32,33.479,2064.06,149.716
2628,21,33,44.0659,1802.91,161.357
2629,21,34,58.033,1453.74,173.595
2630,21,35,80.7857,877.333,188.3
2631,21,36,73.2721,1070.18,200.066
2632,21,37,83.6397,800.625,212.495
2633,21,38,81.3777,860.191,223.819
2634,21,39,79.2632,916.579,235.097
2635,21,40,73.8759,1062.03,246.928
2636,21,41,68.1494,1218.56,259.01
2637,21,42,61.4992,1402.55,271.676
2638,21,43,66.0425,1275.34,283.671
2639,21,44,67.9804,1220.43,294.986
2640,21,45,72.4154,1093.29,307.267
2641,21,46,73.4034,1064.64,318.429
2642,21,47,72.3748,1094.81,329.575
2643,21,48,64.8467,1318.14,345.976
2644,21,49,61.5665,1416.55,358.237
2645,21,50,70.6318,1141.57,377.821
2646,21,51,69.5504,1174.73,389.361
2647,21,52,63.037,1376.65,405.593
2648,21,53,63.9054,1349.44,417.191
2649,21,54,53.5928,1676,441.288
2650,21,55,50.2661,1782.46,454.351
2651,21,56,43.9717,1985.98,470.908
2652,21,57,38.9474,2150.11,485.944
2653,21,58,43.7893,1990.32,500.971
2654,21,59,38.0243,2182.49,517.471
2655,21,60,30.9306,2421.31,536.266
2656,21,61,26.878,2559.1,550.738
2657,21,62,24.152,2652.69,564.112
2658,21,63,24.2178,2650.41,576.401
2659,21,64,21.9894,2728.4,589.563
2660,21,65,20.6917,2774.26,602.16
2661,21,66,18.0278,2869.27,615.955
2662,21,67,14.8572,2983.41,630.559
2663,21,68,12.2585,3077.83,644.524
2664,21,69,10.5964,3138.77,657.566
2665,21,70,8.93637,3200.19,670.666
2666,21,71,6.32398,3297.72,685.103
2667,21,72,3.56335,3401.71,699.942
2668,21,73,0.456781,3519.76,715.615
2669,21,74,-0.287783,3548.3,728.2
2670,21,75,-1.77165,3605.68,741.443
2671,21,76,-3.72847,3681.99,755.441
2672,21,77,-4.93518,3729.46,768.48
2673,21,78,-6.24058,3781.24,781.687
2674,21,79,-6.80538,3803.83,794.219
2675,21,80,-8.00111,3852.06,807.39
2676,21,81,-8.80857,3884.89,820.138
2677,21,82,-10.1797,3941.11,833.718
2678,21,83,-11.8556,4010.38,848.021
2679,21,84,-13.6,4083.06,862.604
2680,21,85,-15.2882,4153.97,877.157
2681,21,86,-16.0877,4187.81,890.064
2682,21,87,-16.6779,4213,902.748
2683,21,88,-15.8727,4178.37,915.721
2684,21,89,-16.445,4203.17,928.41
2685,21,90,-16.7989,4218.62,940.898
2686,21,91,-16.5464,4207.52,953.312
2687,21,92,-16.2214,4193.11,965.769
2688,21,93,-15.41,4156.87,978.941
2689,21,94,-15.165,4145.84,991.337
2690,21,95,-15.123,4143.94,1003.64
2691,21,96,-15.561,4163.94,1016.23
2692,21,97,-15.8652,4177.93,1028.66
2693,21,98,-14.4953,4114.46,1044.22
2694,21,99,-13.7258,4078.55,1057.59
2695,21,100,-13.3656,4061.62,1070.14
2696,21,101,-13.0374,4046.08,1082.64
2697,21,102,-12.6153,4025.97,1095.3
2698,21,103,-10.6847,3933.29,1115.71
2699,21,104,-8.12342,3809.5,1141.42
2700,21,105,-5.12879,3663.76,1170.18
2701,21,106,-4.39912,3628.01,1183.78
2702,21,107,-4.4793,3631.96,1196.47
2703,21,108,-4.55069,3635.51,1209.15
2704,21,109,-4.41547,3628.75,1221.84
2705,21,110,-4.12833,3614.29,1234.67
2706,21,111,-2.66706,3540.26,1252.07
2707,21,112,-1.78806,3495.43,1266.51
2708,21,113,-0.342201,3421.21,1284.04
2709,21,114,0.499548,3377.72,1298.44
2710,21,115,0.647466,3370.02,1311.23
2711,21,116,1.4238,3329.4,1325.51
2712,21,117,2.55299,3269.93,1341.62
2713,21,118,2.96661,3248,1354.84
2714,21,119,3.16296,3237.53,1367.69
2715,21,120,4.19538,3182.13,1383.6
2716,21,121,5.52341,3110.41,1401.64
2717,21,122,6.90019,3035.61,1420.09
2718,21,123,7.70993,2991.34,1434.91
2719,21,124,8.25533,2961.34,1448.7
2720,21,125,9.26975,2905.21,1464.86
2721,21,126,10.3578,2844.64,1481.59
2722,21,127,11.4896,2781.26,1498.7
2723,21,128,12.5972,2718.87,1515.69
2724,21,129,13.9889,2640,1535.06
2725,21,130,15.5793,2549.35,1556.25
2726,21,131,16.3466,2505.36,1571.23
2727,21,132,17.1653,2458.15,1586.55
2728,21,133,18.6901,2369.71,1607.37
2729,21,134,20.8141,2245.81,1634.75
2730,21,135,21.9022,2181.98,1651.63
2731,21,136,22.6468,2138.04,1666.65
2732,21,137,23.5048,2087.13,1682.3
2733,21,138,24.7757,2011.31,1700.82
2734,21,139,25.492,1968.33,1715.84
2735,21,140,26.582,1902.56,1733.15
2736,21,141,27.2991,1859.06,1748.26
2737,21,142,28.3085,1797.49,1765.17
2738,21,143,28.8374,1765.05,1779.56
2739,22,31,-23.303,3491.03,120.568
2740,22,32,31.4545,2122.09,138.427
2741,22,33,44.1434,1800.64,150.14
2742,22,34,60.2473,1387.31,162.362
2743,22,35,85.9341,719.451,176.783
2744,22,36,76.7321,961.768,188.653
2745,22,37,87.9632,662.272,200.989
2746,22,38,84.9265,744.265,212.394
2747,22,39,82.1827,819.262,223.747
2748,22,40,75.9211,992.5,235.66
2749,22,41,69.4173,1174.61,247.8
2750,22,42,62.013,1384.39,260.483
2751,22,43,66.9226,1243.65,272.469
2752,22,44,68.9526,1184.78,283.808
2753,22,45,73.6761,1046.23,296.041
2754,22,46,74.6423,1017.56,307.228
2755,22,47,73.4393,1053.65,318.423
2756,22,48,65.2747,1301.31,334.752
2757,22,49,61.7296,1410.03,347.027
2758,22,50,71.4089,1109.97,366.317
2759,22,51,70.2036,1147.74,377.897
2760,22,52,63.2278,1368.64,394.052
2761,22,53,64.1386,1339.49,405.677
2762,22,54,53.1868,1693.6,429.426
2763,22,55,49.6883,1807.88,442.464
2764,22,56,43.0672,2026.38,458.867
2765,22,57,37.814,2201.48,473.789
2766,22,58,42.9789,2027.6,488.832
2767,22,59,36.9532,2232.48,505.183
2768,22,60,29.5506,2486.63,523.753
2769,22,61,25.3644,2631.75,538.13
2770,22,62,22.5793,2729.23,551.448
2771,22,63,22.723,2724.15,563.756
2772,22,64,20.4606,2804.85,576.867
2773,22,65,19.1734,2851.19,589.441
2774,22,66,16.4585,2949.83,603.156
2775,22,67,13.2183,3068.63,617.65
2776,22,68,10.5787,3166.3,631.525
2777,22,69,8.91744,3228.32,644.509
2778,22,70,7.25816,3290.82,657.548
2779,22,71,4.6084,3391.51,671.876
2780,22,72,1.80679,3498.9,686.595
2781,22,73,-1.3517,3621.03,702.129
2782,22,74,-2.05612,3648.51,714.678
2783,22,75,-3.52945,3706.46,727.848
2784,22,76,-5.49351,3784.36,741.746
2785,22,77,-6.68028,3831.83,754.718
2786,22,78,-7.97025,3883.86,767.848
2787,22,79,-8.49488,3905.2,780.341
2788,22,80,-9.67387,3953.54,793.435
2789,22,81,-10.4525,3985.72,806.125
2790,22,82,-11.8146,4042.48,819.613
2791,22,83,-13.4919,4112.92,833.809
2792,22,84,-15.2398,4186.91,848.28
2793,22,85,-16.9295,4259.01,862.723
2794,22,86,-17.703,4292.27,875.56
2795,22,87,-18.2622,4316.5,888.185
2796,22,88,-17.3857,4278.23,901.222
2797,22,89,-17.9303,4302.19,913.852
2798,22,90,-18.2514,4316.42,926.295
2799,22,91,-17.9502,4302.97,938.717
2800,22,92,-17.5765,4286.15,951.192
2801,22,93,-16.7049,4246.64,964.441
2802,22,94,-16.4177,4233.53,976.848
2803,22,95,-16.3408,4229.99,989.141
2804,22,96,-16.7579,4249.32,1001.68
2805,22,97,-17.0386,4262.42,1014.06
2806,22,98,-15.6027,4194.93,1029.8
2807,22,99,-14.785,4156.22,1043.26
2808,22,100,-14.3889,4137.34,1055.83
2809,22,101,-14.0269,4119.97,1068.36
2810,22,102,-13.57,4097.88,1081.06
2811,22,103,-11.569,4000.5,1101.72
2812,22,104,-8.92469,3870.93,1127.7
2813,22,105,-5.83968,3718.74,1156.66
2814,22,106,-5.07612,3680.81,1170.31
2815,22,107,-5.14241,3684.13,1182.99
2816,22,108,-5.20021,3687.04,1195.67
2817,22,109,-5.04715,3679.28,1208.37
2818,22,110,-4.73936,3663.58,1221.22
2819,22,111,-3.23205,3586.21,1238.7
2820,22,112,-2.32131,3539.15,1253.18
2821,22,113,-0.832421,3461.73,1270.77
2822,22,114,0.0379726,3416.18,1285.21
2823,22,115,0.198859,3407.71,1298
2824,22,116,1.00098,3365.2,1312.32
2825,22,117,2.16251,3303.25,1328.46
2826,22,118,2.5927,3280.16,1341.7
2827,22,119,2.80069,3268.93,1354.57
2828,22,120,3.86129,3211.3,1370.51
2829,22,121,5.22256,3136.89,1388.56
2830,22,122,6.63256,3059.34,1407.03
2831,22,123,7.46343,3013.36,1421.87
2832,22,124,8.02421,2982.15,1435.67
2833,22,125,9.06257,2924,1451.84
2834,22,126,10.1753,2861.31,1468.57
2835,22,127,11.3319,2795.77,1485.67
2836,22,128,12.4632,2731.29,1502.66
2837,22,129,13.8831,2649.88,1522
2838,22,130,15.5046,2556.37,1543.15
2839,22,131,16.2872,2510.98,1558.13
2840,22,132,17.1217,2462.3,1573.44
2841,22,133,18.6746,2371.2,1594.21
2842,22,134,20.8364,2243.66,1621.47
2843,22,135,21.9432,2177.98,1638.32
2844,22,136,22.7001,2132.82,1653.33
2845,22,137,23.572,2080.51,1668.96
2846,22,138,24.8634,2002.59,1687.44
2847,22,139,25.5904,1958.49,1702.45
2848,22,140,26.6971,1890.98,1719.72
2849,22,141,27.4242,1846.38,1734.82
2850,22,142,28.4482,1783.24,1751.69
2851,22,143,28.9835,1750.05,1766.07
2852,23,32,47.8485,1646.67,126.604
2853,23,33,59.8636,1334.27,138.207
2854,23,34,76.0315,908.52,150.178
2855,23,35,103.242,182.912,164.076
2856,23,36,90.2527,533.615,176.201
2857,23,37,101.179,234.976,188.267
2858,23,38,96.1103,375.199,199.773
2859,23,39,91.7279,497.904,211.224
2860,23,40,83.71,725.079,223.361
2861,23,41,75.7018,954.649,235.722
2862,23,42,66.9286,1209.07,248.622
2863,23,43,71.8377,1065.07,260.481
2864,23,44,73.6053,1012.63,271.771
2865,23,45,78.335,870.741,283.837
2866,23,46,78.9935,850.767,294.991
2867,23,47,77.3462,901.285,306.247
2868,23,48,68.253,1183.17,322.882
2869,23,49,64.2247,1309.39,335.275
2870,23,50,74.4171,986.634,354.165
2871,23,51,72.9212,1034.5,365.8
2872,23,52,65.2992,1280.95,382.103
2873,23,53,66.1351,1253.64,393.726
2874,23,54,54.3741,1641.75,417.431
2875,23,55,50.5916,1767.84,430.507
2876,23,56,43.5279,2005.65,446.867
2877,23,57,37.9482,2195.36,461.755
2878,23,58,43.3925,2008.44,476.729
2879,23,59,37.0187,2229.39,493.013
2880,23,60,29.2231,2502.24,511.435
2881,23,61,24.8391,2657.14,525.767
2882,23,62,21.9409,2760.51,539.067
2883,23,63,22.1228,2753.96,551.4
2884,23,64,19.7812,2839.04,564.496
2885,23,65,18.4657,2887.28,577.071
2886,23,66,15.6596,2991.1,590.744
2887,23,67,12.3109,3116.12,605.168
2888,23,68,9.59605,3218.38,618.987
2889,23,69,7.90587,3282.61,631.945
2890,23,70,6.2196,3347.25,644.953
2891,23,71,3.50408,3452.25,659.204
2892,23,72,0.634574,3564.16,673.832
2893,23,73,-2.60181,3691.46,689.252
2894,23,74,-3.28524,3718.56,701.788
2895,23,75,-4.76778,3777.87,714.912
2896,23,76,-6.75872,3858.17,728.737
2897,23,77,-7.94264,3906.31,741.668
2898,23,78,-9.2336,3959.24,754.749
2899,23,79,-9.7323,3979.86,767.225
2900,23,80,-10.9093,4028.9,780.268
2901,23,81,-11.6724,4060.95,792.924
2902,23,82,-13.0393,4118.81,806.346
2903,23,83,-14.7314,4191.01,820.455
2904,23,84,-16.4957,4266.87,834.833
2905,23,85,-18.1992,4340.69,849.183
2906,23,86,-18.9572,4373.79,861.973
2907,23,87,-19.495,4397.45,874.562
2908,23,88,-18.5545,4355.76,887.655
2909,23,89,-19.0805,4379.26,900.249
2910,23,90,-19.3772,4392.61,912.668
2911,23,91,-19.0347,4377.08,925.109
2912,23,92,-18.6193,4358.11,937.608
2913,23,93,-17.6938,4315.54,950.92
2914,23,94,-17.3711,4300.59,963.346
2915,23,95,-17.266,4295.68,975.642
2916,23,96,-17.6694,4314.64,988.146
2917,23,97,-17.9333,4327.13,1000.51
2918,23,98,-16.436,4255.76,1016.37
2919,23,99,-15.5755,4214.45,1029.88
2920,23,100,-15.1489,4193.84,1042.48
2921,23,101,-14.7585,4174.84,1055.04
2922,23,102,-14.2719,4150.99,1067.77
2923,23,103,-12.2042,4048.99,1088.56
2924,23,104,-9.47987,3913.68,1114.64
2925,23,105,-6.30714,3755.04,1143.62
2926,23,106,-5.51428,3715.14,1157.3
2927,23,107,-5.57182,3718.05,1169.99
2928,23,108,-5.62097,3720.56,1182.68
2929,23,109,-5.45473,3712.02,1195.39
2930,23,110,-5.13068,3695.28,1208.25
2931,23,111,-3.58069,3614.68,1225.75
2932,23,112,-2.64197,3565.56,1240.26
2933,23,113,-1.11331,3485.05,1257.86
2934,23,114,-0.217892,3437.59,1272.31
2935,23,115,-0.0480439,3428.53,1285.12
2936,23,116,0.776397,3384.29,1299.45
2937,23,117,1.96711,3319.99,1315.6
2938,23,118,2.41034,3295.9,1328.85
2939,23,119,2.62637,3284.09,1341.74
2940,23,120,3.71217,3224.38,1357.67
2941,23,121,5.10396,3147.36,1375.71
2942,23,122,6.54452,3067.17,1394.14
2943,23,123,7.39359,3019.62,1408.98
2944,23,124,7.96673,2987.34,1422.79
2945,23,125,9.02638,2927.29,1438.94
2946,23,126,10.1612,2862.61,1455.64
2947,23,127,11.3401,2795.01,1472.72
2948,23,128,12.4926,2728.56,1489.68
2949,23,129,13.9385,2644.69,1508.96
2950,23,130,15.589,2548.41,1530.04
2951,23,131,16.3844,2501.75,1545
2952,23,132,17.2323,2451.72,1560.28
2953,23,133,18.8112,2358.04,1580.98
2954,23,134,21.0091,2226.9,1608.1
2955,23,135,22.1325,2159.5,1624.91
2956,23,136,22.8993,2113.23,1639.9
2957,23,137,23.7829,2059.63,1655.5
2958,23,138,25.093,1979.71,1673.92
2959,23,139,25.8285,1934.6,1688.9
2960,23,140,26.9498,1865.45,1706.13
2961,23,141,27.685,1819.87,1721.21
2962,23,142,28.7217,1755.25,1738.03
2963,23,143,29.2613,1721.44,1752.4
2964,24,33,105.455,-33.4545,122.731
2965,24,34,116.273,-325.545,133.997
2966,24,35,141.311,-1009.93,147.212
2967,24,36,120.467,-433.242,160.247
2968,24,37,128.637,-662.011,171.713
2969,24,38,119.232,-395.53,183.475
2970,24,39,111.412,-171.346,195.15
2971,24,40,100.135,155.686,207.952
2972,24,41,89.4118,470.229,220.957
2973,24,42,78.2719,800.711,234.535
2974,24,43,82.5376,672.741,246.095
2975,24,44,83.4545,644.926,257.199
2976,24,45,87.7188,514.156,268.936
2977,24,46,87.6186,517.263,279.946
2978,24,47,85.1152,595.701,291.281
2979,24,48,74.6731,926.369,309.083
2980,24,49,69.841,1080.99,321.773
2981,24,50,80.3724,740.48,340.361
2982,24,51,78.3443,806.732,352.065
2983,24,52,69.8227,1087.95,368.936
2984,24,53,70.4127,1068.28,380.505
2985,24,54,57.6169,1499.07,404.768
2986,24,55,53.3953,1642.6,417.961
2987,24,56,45.7336,1905.66,434.457
2988,24,57,39.696,2114.96,449.426
2989,24,58,45.3515,1917.02,464.258
2990,24,59,38.5148,2158.58,480.602
2991,24,60,30.2169,2454.54,499.009
2992,24,61,25.5498,2622.55,513.358
2993,24,62,22.4666,2734.58,526.68
2994,24,63,22.6313,2728.54,539.038
2995,24,64,20.1507,2820.32,552.154
2996,24,65,18.755,2872.43,564.754
2997,24,66,15.8049,2983.55,578.429
2998,24,67,12.2974,3116.83,592.833
2999,24,68,9.46245,3225.51,606.639
3000,24,69,7.70459,3293.48,619.601
3001,24,70,5.95513,3361.7,632.608
3002,24,71,3.13748,3472.53,646.824
3003,24,72,0.165816,3590.41,661.402
3004,24,73,-3.18127,3724.29,676.748
3005,24,74,-3.86878,3752.02,689.29
3006,24,75,-5.3859,3813.72,702.397
3007,24,76,-7.42864,3897.47,716.183
3008,24,77,-8.6316,3947.19,729.099
3009,24,78,-9.94444,4001.89,742.158
3010,24,79,-10.4356,4022.52,754.636
3011,24,80,-11.6292,4073.05,767.656
3012,24,81,-12.3938,4105.67,780.302
3013,24,82,-13.7826,4165.39,793.685
3014,24,83,-15.5063,4240.08,807.735
3015,24,84,-17.303,4318.54,822.046
3016,24,85,-19.0354,4394.77,836.328
3017,24,86,-19.7909,4428.26,849.096
3018,24,87,-20.3195,4451.87,861.67
3019,24,88,-19.3247,4407.11,874.804
3020,24,89,-19.8433,4430.62,887.383
3021,24,90,-20.1261,4443.53,899.797
3022,24,91,-19.7515,4426.3,912.26
3023,24,92,-19.3033,4405.53,924.783
3024,24,93,-18.3318,4360.2,938.136
3025,24,94,-17.9821,4343.76,950.583
3026,24,95,-17.857,4337.84,962.893
3027,24,96,-18.2553,4356.82,975.384
3028,24,97,-18.5105,4369.07,987.743
3029,24,98,-16.9579,4294.03,1003.65
3030,24,99,-16.061,4250.38,1017.2
3031,24,100,-15.6107,4228.32,1029.83
3032,24,101,-15.1985,4207.98,1042.41
3033,24,102,-14.6884,4182.65,1055.16
3034,24,103,-12.5585,4076.16,1075.96
3035,24,104,-9.75824,3935.21,1102
3036,24,105,-6.50134,3770.19,1130.87
3037,24,106,-5.68469,3728.54,1144.55
3038,24,107,-5.73955,3731.36,1157.26
3039,24,108,-5.78591,3733.75,1169.95
3040,24,109,-5.61196,3724.71,1182.68
3041,24,110,-5.27685,3707.17,1195.56
3042,24,111,-3.68832,3623.51,1213.03
3043,24,112,-2.72608,3572.51,1227.54
3044,24,113,-1.16158,3489.07,1245.1
3045,24,114,-0.245421,3439.9,1259.55
3046,24,115,-0.0712822,3430.5,1272.37
3047,24,116,0.771388,3384.71,1286.7
3048,24,117,1.98754,3318.23,1302.82
3049,24,118,2.43967,3293.36,1316.08
3050,24,119,2.65959,3281.19,1328.97
3051,24,120,3.76709,3219.54,1344.87
3052,24,121,5.18617,3140.07,1362.86
3053,24,122,6.65417,3057.38,1381.24
3054,24,123,7.51803,3008.42,1396.05
3055,24,124,8.10006,2975.25,1409.85
3056,24,125,9.17787,2913.45,1425.97
3057,24,126,10.3318,2846.91,1442.63
3058,24,127,11.5301,2777.41,1459.66
3059,24,128,12.7009,2709.12,1476.56
3060,24,129,14.1702,2622.92,1495.77
3061,24,130,15.8472,2523.97,1516.74
3062,24,131,16.6525,2476.19,1531.68
3063,24,132,17.5111,2424.96,1546.93
3064,24,133,19.1136,2328.81,1567.53
3065,24,134,21.3457,2194.14,1594.5
3066,24,135,22.4831,2125.14,1611.26
3067,24,136,23.2573,2077.91,1626.21
3068,24,137,24.1501,2023.15,1641.78
3069,24,138,25.4766,1941.35,1660.12
3070,24,139,26.2181,1895.38,1675.08
3071,24,140,27.352,1824.7,1692.24
3072,24,141,28.0928,1778.28,1707.29
3073,24,142,29.1401,1712.3,1724.06
3074,24,143,29.6817,1678,1738.4
3075,25,34,134.939,-904.212,122.149
3076,25,35,161.136,-1637.73,134.846
3077,25,36,133.514,-855.093,148.405
3078,25,37,140.934,-1067.8,159.731
3079,25,38,128.429,-705.143,171.746
3080,25,39,118.339,-409.19,183.62
3081,25,40,104.787,-7.13235,196.617
3082,25,41,92.2549,368.824,209.733
3083,25,42,79.5614,753.86,223.336
3084,25,43,84.1404,613.439,234.902
3085,25,44,84.9887,587.139,246.05
3086,25,45,89.513,445.379,257.758
3087,25,46,89.2405,454.006,268.815
3088,25,47,86.3785,545.593,280.212
3089,25,48,74.9609,914.762,297.871
3090,25,49,69.7192,1085.99,310.549
3091,25,50,81.0701,711.41,328.878
3092,25,51,78.84,785.745,340.622
3093,25,52,69.6743,1094.32,357.357
3094,25,53,70.3153,1072.53,368.963
3095,25,54,56.673,1540.92,392.796
3096,25,55,52.2399,1694.6,405.944
3097,25,56,44.1716,1976.99,422.253
3098,25,57,37.8626,2199.9,437.085
3099,25,58,43.9587,1982.48,451.966
3100,25,59,36.8109,2239.8,468.138
3101,25,60,28.1467,2554.6,486.301
3102,25,61,23.3393,2730.87,500.542
3103,25,62,20.2101,2846.65,513.798
3104,25,63,20.499,2835.87,526.175
3105,25,64,18.0009,2929.96,539.231
3106,25,65,16.642,2981.6,551.801
3107,25,66,13.6521,3096.21,565.385
3108,25,67,10.0815,3234.27,579.669
3109,25,68,7.21846,3345.93,593.375
3110,25,69,5.48221,3414.22,606.273
3111,25,70,3.75331,3482.8,619.212
3112,25,71,0.909459,3596.56,633.31
3113,25,72,-2.09319,3717.67,647.759
3114,25,73,-5.48469,3855.59,662.959
3115,25,74,-6.10756,3881.12,675.463
3116,25,75,-7.59638,3942.66,688.49
3117,25,76,-9.63267,4027.51,702.168
3118,25,77,-10.7979,4076.45,715.01
3119,25,78,-12.0791,4130.68,727.987
3120,25,79,-12.5105,4149.09,740.423
3121,25,80,-13.6726,4199.06,753.36
3122,25,81,-14.3923,4230.25,765.942
3123,25,82,-15.7601,4289.98,779.227
3124,25,83,-17.4752,4365.44,793.163
3125,25,84,-19.2662,4444.84,807.354
3126,25,85,-20.991,4521.88,821.518
3127,25,86,-21.7078,4554.14,834.211
3128,25,87,-22.1923,4576.1,846.722
3129,25,88,-21.1079,4526.58,859.943
3130,25,89,-21.5876,4548.65,872.459
3131,25,90,-21.8261,4559.7,884.826
3132,25,91,-21.3896,4539.33,897.307
3133,25,92,-20.88,4515.38,909.859
3134,25,93,-19.8347,4465.9,923.313
3135,25,94,-19.432,4446.7,935.779
3136,25,95,-19.2626,4438.57,948.082
3137,25,96,-19.6329,4456.47,960.516
3138,25,97,-19.8573,4467.39,972.83
3139,25,98,-18.2264,4387.48,988.962
3140,25,99,-17.2717,4340.38,1002.61
3141,25,100,-16.7777,4315.84,1015.27
3142,25,101,-16.3245,4293.18,1027.89
3143,25,102,-15.7725,4265.4,1040.69
3144,25,103,-13.5612,4153.36,1061.8
3145,25,104,-10.6658,4005.7,1088.15
3146,25,105,-7.30612,3833.23,1117.25
3147,25,106,-6.44992,3788.99,1130.98
3148,25,107,-6.48766,3790.96,1143.69
3149,25,108,-6.51731,3792.51,1156.38
3150,25,109,-6.32206,3782.23,1169.12
3151,25,110,-5.96264,3763.18,1182.02
3152,25,111,-4.32183,3675.67,1199.58
3153,25,112,-3.32332,3622.08,1214.13
3154,25,113,-1.71025,3534.97,1231.76
3155,25,114,-0.761534,3483.43,1246.25
3156,25,115,-0.572225,3473.08,1259.09
3157,25,116,0.299655,3425.12,1273.45
3158,25,117,1.5521,3355.82,1289.61
3159,25,118,2.02312,3329.6,1302.89
3160,25,119,2.25644,3316.54,1315.8
3161,25,120,3.39542,3252.37,1331.73
3162,25,121,4.85141,3169.87,1349.74
3163,25,122,6.35621,3084.09,1368.13
3164,25,123,7.24354,3033.22,1382.97
3165,25,124,7.84269,2998.67,1396.78
3166,25,125,8.94694,2934.62,1412.91
3167,25,126,10.128,2865.73,1429.57
3168,25,127,11.3536,2793.83,1446.6
3169,25,128,12.5502,2723.23,1463.5
3170,25,129,14.0504,2634.22,1482.68
3171,25,130,15.7613,2532.13,1503.61
3172,25,131,16.5833,2482.81,1518.55
3173,25,132,17.459,2429.98,1533.79
3174,25,133,19.0919,2330.92,1554.34
3175,25,134,21.365,2192.26,1581.19
3176,25,135,22.5226,2121.26,1597.93
3177,25,136,23.3098,2072.71,1612.88
3178,25,137,24.2176,2016.43,1628.42
3179,25,138,25.5661,1932.37,1646.72
3180,25,139,26.319,1885.19,1661.67
3181,25,140,27.4707,1812.63,1678.8
3182,25,141,28.2221,1765.04,1693.83
3183,25,142,29.2849,1697.38,1710.57
3184,25,143,29.8332,1662.29,1724.9
3185,26,35,177.091,-2148.27,123.21
3186,26,36,141.545,-1117.45,137.052
3187,26,37,148.864,-1332.12,148.371
3188,26,38,133.214,-867.857,160.537
3189,26,39,121,-501.429,172.512
3190,26,40,105.286,-24.7619,185.511
3191,26,41,91.125,409.5,198.562
3192,26,42,77.0711,845.172,212.021
3193,26,43,82.4355,677.086,223.662
3194,26,44,83.5526,641.711,234.871
3195,26,45,88.6729,477.861,246.631
3196,26,46,88.4545,484.922,257.738
3197,26,47,85.4037,584.582,269.148
3198,26,48,73.0781,991.329,286.466
3199,26,49,67.5565,1175.38,299.048
3200,26,50,79.9885,756.838,317.327
3201,26,51,77.6701,835.663,329.08
3202,26,52,67.9121,1170.69,345.569
3203,26,53,68.7247,1142.52,357.216
3204,26,54,54.2512,1649.09,380.536
3205,26,55,49.6841,1810.46,393.598
3206,26,56,41.2601,2110.92,409.673
3207,26,57,34.7388,2345.68,424.329
3208,26,58,41.3937,2103.89,439.34
3209,26,59,33.9763,2375.86,455.305
3210,26,60,24.979,2708.76,473.202
3211,26,61,20.0804,2891.64,487.307
3212,26,62,16.9583,3009.24,500.472
3213,26,63,17.4335,2991.18,512.864
3214,26,64,14.9646,3085.82,525.838
3215,26,65,13.6895,3135.13,538.36
3216,26,66,10.6977,3251.81,551.831
3217,26,67,7.09789,3393.4,565.974
3218,26,68,4.24041,3506.75,579.558
3219,26,69,2.56061,3573.94,592.372
3220,26,70,0.884717,3641.53,605.221
3221,26,71,-1.95806,3757.14,619.182
3222,26,72,-4.96647,3880.48,633.487
3223,26,73,-8.37956,4021.56,648.529
3224,26,74,-8.90969,4043.65,660.98
3225,26,75,-10.346,4103.97,673.907
3226,26,76,-12.3543,4188.99,687.461
3227,26,77,-13.4596,4236.15,700.211
3228,26,78,-14.6888,4289,713.087
3229,26,79,-15.0395,4304.2,725.467
3230,26,80,-16.1519,4352.78,738.302
3231,26,81,-16.8088,4381.68,750.805
3232,26,82,-18.1397,4440.69,763.974
3233,26,83,-19.8319,4516.27,777.78
3234,26,84,-21.6037,4596,791.84
3235,26,85,-23.3081,4673.27,805.874
3236,26,86,-23.9725,4703.61,818.474
3237,26,87,-24.3995,4723.25,830.906
3238,26,88,-23.2107,4668.17,844.241
3239,26,89,-23.6397,4688.19,856.68
3240,26,90,-23.8223,4696.77,868.987
3241,26,91,-23.3121,4672.62,881.49
3242,26,92,-22.7299,4644.87,894.077
3243,26,93,-21.5994,4590.61,907.662
3244,26,94,-21.1339,4568.11,920.15
3245,26,95,-20.911,4557.26,932.444
3246,26,96,-21.2453,4573.64,944.808
3247,26,97,-21.4312,4582.81,957.064
3248,26,98,-19.7125,4497.45,973.498
3249,26,99,-18.6918,4446.41,987.275
3250,26,100,-18.1468,4418.98,999.984
3251,26,101,-17.6456,4393.59,1012.64
3252,26,102,-17.0449,4362.95,1025.5
3253,26,103,-14.7444,4244.86,1047.03
3254,26,104,-11.7457,4089.93,1073.84
3255,26,105,-8.27502,3909.45,1103.29
3256,26,106,-7.37376,3862.29,1117.08
3257,26,107,-7.38988,3863.13,1129.79
3258,26,108,-7.39851,3863.59,1142.47
3259,26,109,-7.17763,3851.81,1155.23
3260,26,110,-6.78962,3830.99,1168.15
3261,26,111,-5.09142,3739.29,1185.82
3262,26,112,-4.05227,3682.83,1200.44
3263,26,113,-2.38597,3591.73,1218.16
3264,26,114,-1.40075,3537.55,1232.7
3265,26,115,-1.19303,3526.05,1245.55
3266,26,116,-0.288342,3475.69,1259.96
3267,26,117,1.00412,3403.31,1276.18
3268,26,118,1.49705,3375.55,1289.48
3269,26,119,1.74652,3361.41,1302.41
3270,26,120,2.92021,3294.51,1318.39
3271,26,121,4.41644,3208.72,1336.45
3272,26,122,5.96124,3119.64,1354.87
3273,26,123,6.87473,3066.66,1369.73
3274,26,124,7.49344,3030.57,1383.57
3275,26,125,8.62676,2964.08,1399.72
3276,26,126,9.83757,2892.64,1416.4
3277,26,127,11.0928,2818.16,1433.44
3278,26,128,12.3178,2745.07,1450.35
3279,26,129,13.8513,2653.06,1469.52
3280,26,130,15.5986,2547.64,1490.42
3281,26,131,16.4392,2496.65,1505.36
3282,26,132,17.334,2442.07,1520.61
3283,26,133,18.9994,2339.92,1541.12
3284,26,134,21.3159,2197.07,1567.87
3285,26,135,22.4954,2123.94,1584.59
3286,26,136,23.2973,2073.95,1599.54
3287,26,137,24.2215,2016.04,1615.08
3288,26,138,25.5938,1929.58,1633.34
3289,26,139,26.3594,1881.09,1648.28
3290,26,140,27.5305,1806.54,1665.38
3291,26,141,28.2938,1757.68,1680.4
3292,26,142,29.3736,1688.22,1697.11
3293,26,143,29.9296,1652.26,1711.44
3294,27,36,189.697,-2706.45,120.387
3295,27,37,189.591,-2703.27,131.107
3296,27,38,164.545,-1943.56,144.683
3297,27,39,145.632,-1363.54,157.539
3298,27,40,124.154,-697.725,171.626
3299,27,41,105.589,-116.036,185.427
3300,27,42,87.9706,441.89,199.462
3301,27,43,92.6838,291.066,210.933
3302,27,44,92.7864,287.75,222.094
3303,27,45,97.4737,134.632,233.639
3304,27,46,96.3534,171.602,244.735
3305,27,47,92.2597,308.056,256.299
3306,27,48,78.1903,781.728,274.247
3307,27,49,71.7441,1000.9,287.018
3308,27,50,84.863,550.481,304.868
3309,27,51,81.9692,650.8,316.71
3310,27,52,71.1299,1030.18,333.435
3311,27,53,71.7643,1007.76,345.085
3312,27,54,56.04,1568.6,368.416
3313,27,55,51.0345,1748.79,381.527
3314,27,56,41.9588,2078.54,397.572
3315,27,57,34.9718,2334.73,412.203
3316,27,58,42.028,2073.65,427.137
3317,27,59,34.1227,2368.79,443.045
3318,27,60,24.5875,2727.94,460.803
3319,27,61,19.4314,2923.88,474.87
3320,27,62,16.1718,3048.83,488.025
3321,27,63,16.7153,3027.81,500.446
3322,27,64,14.1542,3127.7,513.412
3323,27,65,12.8553,3178.79,525.943
3324,27,66,9.75563,3301.74,539.38
3325,27,67,6.02613,3450.92,553.461
3326,27,68,3.08362,3569.6,566.998
3327,27,69,1.37949,3638.9,579.794
3328,27,70,-0.318887,3708.53,592.621
3329,27,71,-3.23452,3829.05,606.513
3330,27,72,-6.31822,3957.53,620.734
3331,27,73,-9.81903,4104.57,635.668
3332,27,74,-10.3113,4125.41,648.116
3333,27,75,-11.749,4186.75,661.006
3334,27,76,-13.7815,4274.15,674.494
3335,27,77,-14.8742,4321.5,687.212
3336,27,78,-16.0962,4374.86,700.047
3337,27,79,-16.407,4388.53,712.42
3338,27,80,-17.51,4437.43,725.214
3339,27,81,-18.1414,4465.64,737.693
3340,27,82,-19.4723,4525.53,750.803
3341,27,83,-21.1771,4602.81,764.528
3342,27,84,-22.9636,4684.4,778.499
3343,27,85,-24.6797,4763.34,792.444
3344,27,86,-25.3205,4793.03,805.007
3345,27,87,-25.7173,4811.54,817.413
3346,27,88,-24.4476,4751.87,830.821
3347,27,89,-24.851,4770.96,843.233
3348,27,90,-25.0015,4778.13,855.528
3349,27,91,-24.4392,4751.15,868.063
3350,27,92,-23.8052,4720.5,880.687
3351,27,93,-22.6089,4662.28,894.347
3352,27,94,-22.1,4637.35,906.866
3353,27,95,-21.8427,4624.65,919.175
3354,27,96,-22.1599,4640.41,931.517
3355,27,97,-22.3253,4648.67,943.76
3356,27,98,-20.534,4558.51,960.311
3357,27,99,-19.4629,4504.24,974.153
3358,27,100,-18.8823,4474.63,986.898
3359,27,101,-18.3481,4447.21,999.585
3360,27,102,-17.7131,4414.4,1012.49
3361,27,103,-15.3355,4290.77,1034.12
3362,27,104,-12.2448,4129.02,1060.97
3363,27,105,-8.67356,3940.94,1090.38
3364,27,106,-7.7398,3891.45,1104.19
3365,27,107,-7.74729,3891.85,1116.91
3366,27,108,-7.74741,3891.85,1129.6
3367,27,109,-7.5128,3879.18,1142.37
3368,27,110,-7.10757,3857.17,1155.31
3369,27,111,-5.36193,3761.74,1172.99
3370,27,112,-4.29233,3702.91,1187.61
3371,27,113,-2.5822,3608.28,1205.32
3372,27,114,-1.57013,3551.94,1219.87
3373,27,115,-1.35393,3539.84,1232.74
3374,27,116,-0.425567,3487.54,1247.15
3375,27,117,0.898312,3412.52,1263.35
3376,27,118,1.40426,3383.68,1276.67
3377,27,119,1.6611,3368.96,1289.61
3378,27,120,2.86158,3299.73,1305.58
3379,27,121,4.39054,3211.05,1323.59
3380,27,122,5.96805,3119.03,1341.97
3381,27,123,6.90025,3064.34,1356.82
3382,27,124,7.53106,3027.12,1370.66
3383,27,125,8.68652,2958.56,1386.78
3384,27,126,9.92034,2884.94,1403.43
3385,27,127,11.1988,2808.23,1420.43
3386,27,128,12.4457,2733,1437.29
3387,27,129,14.0065,2638.32,1456.39
3388,27,130,15.7844,2529.86,1477.21
3389,27,131,16.6375,2477.54,1492.13
3390,27,132,17.5454,2421.56,1507.35
3391,27,133,19.238,2316.62,1527.77
3392,27,134,21.593,2169.82,1554.37
3393,27,135,22.789,2094.87,1571.04
3394,27,136,23.6003,2043.76,1585.96
3395,27,137,24.5356,1984.52,1601.47
3396,27,138,25.9268,1895.95,1619.67
3397,27,139,26.7001,1846.46,1634.58
3398,27,140,27.8857,1770.19,1651.62
3399,27,141,28.6561,1720.36,1666.61
3400,27,142,29.7483,1649.37,1683.27
3401,27,143,30.3074,1612.84,1697.59
3402,28,37,179.212,-2350.39,120.048
3403,28,38,151.5,-1491.32,133.15
3404,28,39,131.608,-868.048,145.592
3405,28,40,108.984,-151.593,159.14
3406,28,41,89.9341,457.989,172.437
3407,28,42,72.0536,1036.12,185.973
3408,28,43,79.3456,797.919,197.63
3409,28,44,81.0294,742.353,208.764
3410,28,45,87.5439,525.205,220.533
3411,28,46,87.3509,531.702,231.546
3412,28,47,83.7481,654.195,242.874
3413,28,48,69.1494,1155.42,260.451
3414,28,49,62.939,1370.71,272.905
3415,28,50,77.9644,844.822,291.746
3416,28,51,75.4043,935.278,303.455
3417,28,52,64.2231,1334.08,319.833
3418,28,53,65.4376,1290.35,331.492
3419,28,54,49.0171,1886.97,354.495
3420,28,55,44.1557,2065.22,367.401
3421,28,56,34.9286,2406.62,383.165
3422,28,57,27.9444,2667.36,397.542
3423,28,58,35.9093,2367.35,412.901
3424,28,59,27.8922,2672,428.556
3425,28,60,18.1568,3045.19,446.061
3426,28,61,13.0756,3241.66,459.924
3427,28,62,9.993,3361.89,472.912
3428,28,63,10.9099,3325.82,485.326
3429,28,64,8.52418,3420.46,498.137
3430,28,65,7.45322,3463.29,510.556
3431,28,66,4.47166,3583.55,523.811
3432,28,67,0.819887,3732.06,537.696
3433,28,68,-2.0122,3848.17,551.049
3434,28,69,-3.55482,3911.93,563.693
3435,28,70,-5.10269,3976.43,576.363
3436,28,71,-7.9334,4095.32,590.066
3437,28,72,-10.9453,4222.82,604.101
3438,28,73,-14.3972,4370.1,618.858
3439,28,74,-14.7155,4383.79,631.2
3440,28,75,-16.0296,4440.73,643.927
3441,28,76,-17.9704,4525.48,657.236
3442,28,77,-18.9393,4568.11,669.799
3443,28,78,-20.0498,4617.34,682.471
3444,28,79,-20.2205,4624.97,694.738
3445,28,80,-21.2212,4670,707.368
3446,28,81,-21.7385,4693.45,719.708
3447,28,82,-22.987,4750.47,732.645
3448,28,83,-24.6271,4825.91,746.199
3449,28,84,-26.3553,4905.99,760.005
3450,28,85,-28.0136,4983.37,773.786
3451,28,86,-28.5631,5009.2,786.197
3452,28,87,-28.8651,5023.49,798.47
3453,28,88,-27.4506,4956.07,812.09
3454,28,89,-27.77,4971.4,824.371
3455,28,90,-27.8327,4974.43,836.561
3456,28,91,-27.1644,4941.91,849.13
3457,28,92,-26.427,4905.77,861.812
3458,28,93,-25.115,4841.05,875.713
3459,28,94,-24.5161,4811.3,888.264
3460,28,95,-24.1802,4794.51,900.549
3461,28,96,-24.4388,4807.52,912.774
3462,28,97,-24.5438,4812.84,924.916
3463,28,98,-22.6395,4715.73,942.049
3464,28,99,-21.4802,4656.21,956.121
3465,28,100,-20.8284,4622.54,968.935
3466,28,101,-20.2272,4591.27,981.683
3467,28,102,-19.5252,4554.54,994.68
3468,28,103,-17.0373,4423.51,1017.15
3469,28,104,-13.8221,4253.1,1044.96
3470,28,105,-10.1189,4055.6,1075.16
3471,28,106,-9.12488,4002.25,1089.06
3472,28,107,-9.09793,4000.8,1101.75
3473,28,108,-9.0647,3998.99,1114.43
3474,28,109,-8.79224,3984.1,1127.21
3475,28,110,-8.34642,3959.58,1140.18
3476,28,111,-6.52972,3859.05,1158.08
3477,28,112,-5.40747,3796.58,1172.82
3478,28,113,-3.63163,3697.13,1190.72
3479,28,114,-2.57217,3637.45,1205.36
3480,28,115,-2.32829,3623.63,1218.23
3481,28,116,-1.35717,3568.28,1232.72
3482,28,117,0.0168334,3489.5,1249.05
3483,28,118,0.553273,3458.57,1262.41
3484,28,119,0.834194,3442.27,1275.36
3485,28,120,2.07827,3369.7,1291.43
3486,28,121,3.65643,3277.12,1309.57
3487,28,122,5.28261,3181.17,1328.05
3488,28,123,6.24851,3123.86,1342.96
3489,28,124,6.90577,3084.65,1356.84
3490,28,125,8.09757,3013.14,1373.02
3491,28,126,9.36821,2936.48,1389.74
3492,28,127,10.6833,2856.69,1406.79
3493,28,128,11.9651,2778.5,1423.71
3494,28,129,13.5659,2680.32,1442.85
3495,28,130,15.3869,2568.03,1463.7
3496,28,131,16.264,2513.65,1478.64
3497,28,132,17.1964,2455.53,1493.89
3498,28,133,18.9275,2347.05,1514.32
3499,28,134,21.3323,2195.54,1540.89
3500,28,135,22.5553,2118.09,1557.57
3501,28,136,23.3857,2065.22,1572.5
3502,28,137,24.3419,2004.02,1588.01
3503,28,138,25.7617,1912.68,1606.2
3504,28,139,26.5517,1861.59,1621.12
3505,28,140,27.761,1782.99,1638.16
3506,28,141,28.5471,1731.63,1653.15
3507,28,142,29.6601,1658.54,1669.8
3508,28,143,30.2305,1620.9,1684.12
3509,29,38,138.788,-1046.39,121.82
3510,29,39,117.591,-368.091,133.934
3511,29,40,93.5315,409.831,146.991
3512,29,41,73.9286,1050.19,159.817
3513,29,42,55.7802,1649.09,172.865
3514,29,43,66.2143,1301.29,184.808
3515,29,44,69.75,1182.25,195.999
3516,29,45,78.3578,889.583,208.047
3517,29,46,79.1641,861.902,219.049
3518,29,47,76.0439,970.07,230.214
3519,29,48,60.7556,1505.16,247.334
3520,29,49,54.7532,1717.24,259.508
3521,29,50,71.8888,1106.08,279.181
3522,29,51,69.6344,1187.23,290.81
3523,29,52,58.0022,1609.87,306.825
3524,29,53,59.8115,1543.53,318.53
3525,29,54,42.5607,2181.81,341.088
3526,29,55,37.8175,2358.89,353.823
3527,29,56,28.384,2714.22,369.299
3528,29,57,21.3695,2980.77,383.432
3529,29,58,30.3037,2638.29,399.189
3530,29,59,22.131,2954.3,414.592
3531,29,60,12.1472,3343.67,431.823
3532,29,61,7.12233,3541.31,445.497
3533,29,62,4.20856,3656.89,458.343
3534,29,63,5.5084,3604.9,470.777
3535,29,64,3.29022,3694.37,483.458
3536,29,65,2.44429,3728.77,495.794
3537,29,66,-0.430572,3846.64,508.887
3538,29,67,-4.01822,3994.93,522.587
3539,29,68,-6.75,4108.75,535.771
3540,29,69,-8.13676,4166.99,548.286
3541,29,70,-9.54015,4226.4,560.823
3542,29,71,-12.2961,4343.99,574.348
3543,29,72,-15.2467,4470.87,588.201
3544,29,73,-18.6607,4618.81,602.778
3545,29,74,-18.8076,4625.22,615.041
3546,29,75,-20.0035,4677.84,627.625
3547,29,76,-21.8595,4760.13,640.767
3548,29,77,-22.7092,4798.08,653.197
3549,29,78,-23.7133,4843.26,665.725
3550,29,79,-23.7471,4844.79,677.913
3551,29,80,-24.6506,4886.05,690.399
3552,29,81,-25.0581,4904.8,702.623
3553,29,82,-26.2298,4959.09,715.401
3554,29,83,-27.8117,5032.91,728.79
3555,29,84,-29.4879,5111.69,742.434
3556,29,85,-31.0944,5187.73,756.054
3557,29,86,-31.5566,5209.77,768.334
3558,29,87,-31.7674,5219.88,780.497
3559,29,88,-30.2089,5144.56,794.361
3560,29,89,-30.4484,5156.21,806.533
3561,29,90,-30.4267,5155.15,818.645
3562,29,91,-29.6549,5117.07,831.277
3563,29,92,-28.8166,5075.44,844.044
3564,29,93,-27.3907,5004.14,858.207
3565,29,94,-26.7047,4969.61,870.815
3566,29,95,-26.2934,4948.77,883.102
3567,29,96,-26.4975,4959.18,895.231
3568,29,97,-26.5459,4961.66,907.297
3569,29,98,-24.53,4857.51,924.99
3570,29,99,-23.2847,4792.76,939.292
3571,29,100,-22.5647,4755.08,952.191
3572,29,101,-21.8995,4720.04,965.014
3573,29,102,-21.1333,4679.43,978.114
3574,29,103,-18.5361,4540.92,1001.32
3575,29,104,-15.1969,4361.71,1029.89
3576,29,105,-11.3618,4154.62,1060.67
3577,29,106,-10.3104,4097.49,1074.65
3578,29,107,-10.2528,4094.34,1087.34
3579,29,108,-10.1899,4090.88,1100.01
3580,29,109,-9.8829,4073.9,1112.81
3581,29,110,-9.3996,4046.99,1125.8
3582,29,111,-7.51375,3941.38,1143.88
3583,29,112,-6.34135,3875.34,1158.71
3584,29,113,-4.50176,3771.1,1176.75
3585,29,114,-3.39742,3708.15,1191.46
3586,29,115,-3.12896,3692.76,1204.35
3587,29,116,-2.11757,3634.43,1218.9
3588,29,117,-0.695608,3551.96,1235.31
3589,29,118,-0.131415,3519.05,1248.7
3590,29,119,0.170728,3501.32,1261.67
3591,29,120,1.45628,3425.47,1277.81
3592,29,121,3.08175,3329.03,1296.02
3593,29,122,4.75476,3229.21,1314.57
3594,29,123,5.7521,3169.37,1329.52
3595,29,124,6.4334,3128.26,1343.43
3596,29,125,7.6595,3053.88,1359.65
3597,29,126,8.96502,2974.24,1376.4
3598,29,127,10.3148,2891.45,1393.48
3599,29,128,11.6296,2810.37,1410.42
3600,29,129,13.2688,2708.75,1429.57
3601,29,130,15.1313,2592.65,1450.41
3602,29,131,16.0304,2536.31,1465.37
3603,29,132,16.9852,2476.16,1480.62
3604,29,133,18.7533,2364.18,1501.03
3605,29,134,21.2067,2207.97,1527.52
3606,29,135,22.455,2128.08,1544.19
3607,29,136,23.3026,2073.55,1559.12
3608,29,137,24.2779,2010.48,1574.63
3609,29,138,25.7247,1916.44,1592.79
3610,29,139,26.5296,1863.85,1607.7
3611,29,140,27.7608,1783.01,1624.72
3612,29,141,28.5609,1730.2,1639.71
3613,29,142,29.6932,1655.09,1656.34
3614,29,143,30.2729,1616.45,1670.66
3615,30,39,99.4545,284.818,122.138
3616,30,40,74.3182,1114.32,134.703
3617,30,41,54.6503,1769.91,147.052
3618,30,42,36.6758,2375.05,159.595
3619,30,43,51.3297,1876.82,171.972
3620,30,44,57.3214,1671.11,183.293
3621,30,45,68.5588,1281.54,195.694
3622,30,46,70.6127,1209.66,206.731
3623,30,47,68.096,1298.58,217.77
3624,30,48,52.0351,1871.42,234.406
3625,30,49,46.3045,2077.72,246.318
3626,30,50,65.8766,1366.6,266.808
3627,30,51,63.9639,1436.74,278.384
3628,30,52,51.8132,1886.31,294.04
3629,30,53,54.2891,1793.88,305.813
3630,30,54,36.1,2479,327.88
3631,30,55,31.4889,2654.22,340.462
3632,30,56,21.8254,3024.66,355.651
3633,30,57,14.7783,3297.14,369.547
3634,30,58,24.7833,2906.95,385.705
3635,30,59,16.4338,3235.36,400.859
3636,30,60,6.17339,3642.36,417.807
3637,30,61,1.20784,3840.98,431.303
3638,30,62,-1.52406,3951.17,444.023
3639,30,63,0.189458,3881.48,456.497
3640,30,64,-1.85154,3965.17,469.064
3641,30,65,-2.45882,3990.27,481.336
3642,30,66,-5.22404,4105.48,494.277
3643,30,67,-8.74822,4253.5,507.8
3644,30,68,-11.3775,4364.81,520.825
3645,30,69,-12.6023,4417.06,533.228
3646,30,70,-13.8563,4470.98,545.645
3647,30,71,-16.538,4587.19,558.998
3648,30,72,-19.4284,4713.41,572.672
3649,30,73,-22.8076,4862.09,587.067
3650,30,74,-22.7767,4860.72,599.271
3651,30,75,-23.852,4908.75,611.725
3652,30,76,-25.6233,4988.46,624.706
3653,30,77,-26.3515,5021.47,637.017
3654,30,78,-27.248,5062.41,649.412
3655,30,79,-27.1417,5057.52,661.541
3656,30,80,-27.9475,5094.86,673.895
3657,30,81,-28.2438,5108.69,686.021
3658,30,82,-29.3396,5160.19,698.647
3659,30,83,-30.8649,5232.38,711.874
3660,30,84,-32.491,5309.9,725.358
3661,30,85,-34.0477,5384.62,738.817
3662,30,86,-34.4225,5402.73,750.98
3663,30,87,-34.5417,5408.53,763.049
3664,30,88,-32.8364,5324.97,777.192
3665,30,89,-32.9962,5332.86,789.271
3666,30,90,-32.8903,5327.6,801.324
3667,30,91,-32.0141,5283.79,814.045
3668,30,92,-31.0743,5236.49,826.922
3669,30,93,-29.5333,5158.41,841.368
3670,30,94,-28.7603,5118.98,854.053
3671,30,95,-28.2742,5094.03,866.36
3672,30,96,-28.4253,5101.84,878.411
3673,30,97,-28.4183,5101.48,890.419
3674,30,98,-26.2897,4990.08,908.663
3675,30,99,-24.9586,4919.97,923.199
3676,30,100,-24.1712,4878.24,936.193
3677,30,101,-23.4428,4839.39,949.102
3678,30,102,-22.6134,4794.88,962.312
3679,30,103,-19.906,4648.68,986.165
3680,30,104,-16.4413,4460.43,1015.38
3681,30,105,-12.4725,4243.47,1046.61
3682,30,106,-11.365,4182.56,1060.66
3683,30,107,-11.2788,4177.79,1073.35
3684,30,108,-11.1883,4172.75,1086.03
3685,30,109,-10.8487,4153.73,1098.84
3686,30,110,-10.3296,4124.49,1111.87
3687,30,111,-8.37507,4013.74,1130.08
3688,30,112,-7.15367,3944.12,1144.98
3689,30,113,-5.25094,3835.03,1163.13
3690,30,114,-4.10299,3768.83,1177.89
3691,30,115,-3.81188,3751.94,1190.8
3692,30,116,-2.76154,3690.67,1205.41
3693,30,117,-1.29262,3604.5,1221.88
3694,30,118,-0.702332,3569.67,1235.3
3695,30,119,-0.380788,3550.59,1248.29
3696,30,120,0.945135,3471.48,1264.47
3697,30,121,2.61706,3371.16,1282.73
3698,30,122,4.33604,3267.45,1301.31
3699,30,123,5.36351,3205.12,1316.29
3700,30,124,6.06733,3162.18,1330.22
3701,30,125,7.32661,3084.95,1346.46
3702,30,126,8.66591,3002.36,1363.22
3703,30,127,10.0494,2916.58,1380.31
3704,30,128,11.3961,2832.64,1397.26
3705,30,129,13.0727,2727.57,1416.4
3706,30,130,14.976,2607.66,1437.2
3707,30,131,15.8958,2549.41,1452.16
3708,30,132,16.8717,2487.28,1467.42
3709,30,133,18.676,2371.8,1487.78
3710,30,134,21.1776,2210.86,1514.17
3711,30,135,22.45,2128.58,1530.82
3712,30,136,23.3135,2072.45,1545.75
3713,30,137,24.3067,2007.57,1561.24
3714,30,138,25.7795,1910.85,1579.36
3715,30,139,26.5981,1856.83,1594.27
3716,30,140,27.8502,1773.77,1611.26
3717,30,141,28.663,1719.59,1626.24
3718,30,142,29.8135,1642.5,1642.84
3719,30,143,30.4012,1602.92,1657.15
3720,31,40,41.3939,2332.52,120.89
3721,31,41,24.1364,2919.27,132.584
3722,31,42,8.25175,3464.64,144.458
3723,31,43,29.533,2726.9,157.844
3724,31,44,39.4945,2378.24,169.451
3725,31,45,54.6071,1844.26,182.505
3726,31,46,58.6618,1699.65,193.613
3727,31,47,57.2549,1750.29,204.492
3728,31,48,40.614,2354.91,220.683
3729,31,49,35.4825,2543.07,232.281
3730,31,50,58.094,1706.44,254.096
3731,31,51,56.7403,1756.98,265.612
3732,31,52,44.1417,2231.53,280.897
3733,31,53,47.5,2103.91,292.763
3734,31,54,28.3609,2837.58,314.379
3735,31,55,24,3006.2,326.795
3736,31,56,14.1692,3389.6,341.687
3737,31,57,7.16728,3665.01,355.331
3738,31,58,18.4305,3218.24,372.004
3739,31,59,9.94335,3557.72,386.902
3740,31,60,-0.568409,3981.7,403.565
3741,31,61,-5.41935,4178.97,416.874
3742,31,62,-7.90781,4280.99,429.46
3743,31,63,-5.70354,4189.88,441.995
3744,31,64,-7.51795,4265.49,454.444
3745,31,65,-7.83613,4278.85,466.654
3746,31,66,-10.4562,4389.77,479.438
3747,31,67,-13.8881,4536.19,492.774
3748,31,68,-16.3853,4643.57,505.633
3749,31,69,-17.416,4688.24,517.92
3750,31,70,-18.492,4735.22,530.215
3751,31,71,-21.0784,4849.02,543.386
3752,31,72,-23.8903,4973.68,556.873
3753,31,73,-27.2191,5122.37,571.078
3754,31,74,-26.9863,5111.89,583.23
3755,31,75,-27.9223,5154.32,595.549
3756,31,76,-29.5936,5230.65,608.36
3757,31,77,-30.1839,5257.8,620.55
3758,31,78,-30.958,5293.67,632.808
3759,31,79,-30.6959,5281.44,644.885
3760,31,80,-31.3918,5314.15,657.103
3761,31,81,-31.5647,5322.33,669.13
3762,31,82,-32.5749,5370.48,681.598
3763,31,83,-34.0356,5440.6,694.655
3764,31,84,-35.6045,5516.43,707.969
3765,31,85,-37.1046,5589.43,721.26
3766,31,86,-37.3836,5603.1,733.304
3767,31,87,-37.4031,5604.06,745.282
3768,31,88,-35.5403,5511.55,759.774
3769,31,89,-35.614,5515.23,771.763
3770,31,90,-35.4172,5505.32,783.764
3771,31,91,-34.4294,5455.28,796.606
3772,31,92,-33.3814,5401.83,809.626
3773,31,93,-31.7183,5316.45,824.41
3774,31,94,-30.8528,5271.74,837.196
3775,31,95,-30.2874,5242.34,849.539
3776,31,96,-30.382,5247.29,861.515
3777,31,97,-30.3165,5243.84,873.469
3778,31,98,-28.0694,5124.74,892.332
3779,31,99,-26.6482,5048.94,907.132
3780,31,100,-25.79,5002.89,920.238
3781,31,101,-24.9955,4959.98,933.245
3782,31,102,-24.0999,4911.32,946.581
3783,31,103,-21.2776,4757.04,971.113
3784,31,104,-17.6821,4559.29,1000.97
3785,31,105,-13.5744,4331.99,1032.65
3786,31,106,-12.4087,4267.1,1046.77
3787,31,107,-12.2932,4260.64,1059.46
3788,31,108,-12.1744,4253.94,1072.14
3789,31,109,-11.8012,4232.8,1084.97
3790,31,110,-11.2454,4201.11,1098.03
3791,31,111,-9.21996,4084.99,1116.38
3792,31,112,-7.94816,4011.65,1131.35
3793,31,113,-5.98044,3897.52,1149.59
3794,31,114,-4.78779,3827.95,1164.41
3795,31,115,-4.47372,3809.52,1177.33
3796,31,116,-3.38356,3745.2,1191.99
3797,31,117,-1.86657,3655.2,1208.52
3798,31,118,-1.24982,3618.4,1221.97
3799,31,119,-0.90875,3597.93,1234.97
3800,31,120,0.458369,3515.45,1251.2
3801,31,121,2.17774,3411.14,1269.5
3802,31,122,3.94364,3303.42,1288.1
3803,31,123,5.00164,3238.53,1303.11
3804,31,124,5.72814,3193.73,1317.06
3805,31,125,7.02107,3113.57,1333.32
3806,31,126,8.39464,3027.95,1350.09
3807,31,127,9.81222,2939.11,1367.18
3808,31,128,11.1913,2852.23,1384.12
3809,31,129,12.9059,2743.64,1403.24
3810,31,130,14.8506,2619.83,1424.01
3811,31,131,15.791,2559.64,1438.97
3812,31,132,16.7881,2495.49,1454.23
3813,31,133,18.6291,2376.44,1474.54
3814,31,134,21.1798,2210.65,1500.82
3815,31,135,22.4763,2125.94,1517.44
3816,31,136,23.3557,2068.2,1532.36
3817,31,137,24.3666,2001.48,1547.84
3818,31,138,25.8656,1902.05,1565.92
3819,31,139,26.6976,1846.58,1580.82
3820,31,140,27.9707,1761.28,1597.77
3821,31,141,28.7959,1705.72,1612.74
3822,31,142,29.9646,1626.63,1629.31
3823,31,143,30.5601,1586.14,1643.61
3824,32,41,-8.36364,4154.27,118.367
3825,32,42,-21.2273,4604.5,129.553
3826,32,43,8.51399,3553.64,144.524
3827,32,44,23.2418,3028.35,156.599
3828,32,45,42.8352,2322.99,170.304
3829,32,46,49,2099,181.566
3830,32,47,48.625,2112.75,192.407
3831,32,48,31.0417,2763.33,208.075
3832,32,49,26.4035,2936.49,219.46
3833,32,50,52.3509,1959.14,242.043
3834,32,51,51.4361,1993.9,253.563
3835,32,52,38.1429,2503.48,268.514
3836,32,53,42.3518,2340.73,280.486
3837,32,54,21.996,3134.6,301.548
3838,32,55,17.8022,3299.56,313.858
3839,32,56,7.68077,3701.05,328.475
3840,32,57,0.639316,3982.7,341.906
3841,32,58,13.2204,3475.27,358.957
3842,32,59,4.49918,3829.93,373.625
3843,32,60,-6.36207,4275.24,390
3844,32,61,-11.1502,4473.15,403.16
3845,32,62,-13.4294,4568.12,415.655
3846,32,63,-10.7423,4455.26,428.269
3847,32,64,-12.3613,4523.8,440.641
3848,32,65,-12.4133,4526.02,452.827
3849,32,66,-14.9216,4633.87,465.492
3850,32,67,-18.296,4780.1,478.674
3851,32,68,-20.6899,4884.63,491.402
3852,32,69,-21.5483,4922.4,503.614
3853,32,70,-22.4676,4963.16,515.826
3854,32,71,-24.9845,5075.58,528.846
3855,32,72,-27.743,5199.71,542.168
3856,32,73,-31.0469,5349.49,556.194
3857,32,74,-30.6252,5330.23,568.329
3858,32,75,-31.4383,5367.63,580.551
3859,32,76,-33.0277,5441.27,593.224
3860,32,77,-33.4943,5463.05,605.329
3861,32,78,-34.1605,5494.36,617.488
3862,32,79,-33.7541,5475.12,629.549
3863,32,80,-34.3536,5503.7,641.667
3864,32,81,-34.4149,5506.64,653.635
3865,32,82,-35.3529,5551.98,665.978
3866,32,83,-36.763,5620.6,678.886
3867,32,84,-38.2882,5695.34,692.048
3868,32,85,-39.7444,5767.18,705.188
3869,32,86,-39.9376,5776.77,717.15
3870,32,87,-39.8665,5773.22,729.074
3871,32,88,-37.852,5671.82,743.891
3872,32,89,-37.8484,5671.64,755.826
3873,32,90,-37.5693,5657.4,767.808
3874,32,91,-36.4768,5601.32,780.78
3875,32,92,-35.3273,5541.93,793.946
3876,32,93,-33.5478,5449.4,809.024
3877,32,94,-32.5967,5399.63,821.914
3878,32,95,-31.9591,5366.05,834.309
3879,32,96,-32.0052,5368.49,846.241
3880,32,97,-31.8885,5362.26,858.172
3881,32,98,-29.5275,5235.56,877.506
3882,32,99,-28.0215,5154.23,892.517
3883,32,100,-27.0986,5104.09,905.723
3884,32,101,-26.2441,5057.37,918.82
3885,32,102,-25.2881,5004.79,932.263
3886,32,103,-22.3544,4842.46,957.226
3887,32,104,-18.6309,4635.19,987.443
3888,32,105,-14.3865,4397.5,1019.3
3889,32,106,-13.1681,4328.87,1033.47
3890,32,107,-13.0296,4321.02,1046.18
3891,32,108,-12.8886,4312.98,1058.87
3892,32,109,-12.4875,4289.99,1071.72
3893,32,110,-11.9002,4256.12,1084.81
3894,32,111,-9.80778,4134.76,1103.21
3895,32,112,-8.49006,4057.89,1118.22
3896,32,113,-6.46113,3938.86,1136.5
3897,32,114,-5.22816,3866.11,1151.35
3898,32,115,-4.89612,3846.41,1164.29
3899,32,116,-3.77037,3779.24,1178.97
3900,32,117,-2.20911,3685.57,1195.52
3901,32,118,-1.57031,3647.03,1208.98
3902,32,119,-1.21421,3625.42,1222.01
3903,32,120,0.190501,3539.74,1238.25
3904,32,121,1.95403,3431.57,1256.53
3905,32,122,3.76366,3319.98,1275.12
3906,32,123,4.84857,3252.71,1290.12
3907,32,124,5.59398,3206.25,1304.08
3908,32,125,6.91728,3123.32,1320.33
3909,32,126,8.32195,3034.83,1337.08
3910,32,127,9.77058,2943.08,1354.15
3911,32,128,11.1789,2853.42,1371.07
3912,32,129,12.9288,2741.43,1390.14
3913,32,130,14.9123,2613.82,1410.83
3914,32,131,15.8703,2551.87,1425.78
3915,32,132,16.8856,2485.87,1441.01
3916,32,133,18.7607,2363.37,1461.25
3917,32,134,21.3584,2192.79,1487.39
3918,32,135,22.6764,2105.8,1503.98
3919,32,136,23.5687,2046.61,1518.88
3920,32,137,24.5947,1978.21,1534.34
3921,32,138,26.1174,1876.19,1552.36
3922,32,139,26.9602,1819.44,1567.23
3923,32,140,28.2518,1732.04,1584.14
3924,32,141,29.0869,1675.25,1599.09
3925,32,142,30.2715,1594.31,1615.61
3926,32,143,30.8721,1553.07,1629.9
3927,33,42,-19.5758,4540.09,118.964
3928,33,43,15.2727,3285.55,133.499
3929,33,44,31.3287,2702.18,145.392
3930,33,45,52.6923,1918.85,158.693
3931,33,46,58.3297,1710.26,169.845
3932,33,47,56.6607,1772.57,180.731
3933,33,48,35.875,2555.5,196.712
3934,33,49,30.1225,2774.09,208.208
3935,33,50,58.5397,1684.77,230.004
3936,33,51,56.8772,1749.05,241.578
3937,33,52,41.7105,2340.55,256.673
3938,33,53,45.9805,2172.6,268.614
3939,33,54,23.4444,3066.53,289.561
3940,33,55,18.7599,3253.91,301.919
3941,33,56,7.71522,3699.38,316.491
3942,33,57,0.107692,4008.75,329.901
3943,33,58,13.6974,3451.57,346.806
3944,33,59,4.29487,3840.21,361.427
3945,33,60,-7.32759,4324.48,377.667
3946,33,61,-12.3793,4536.66,390.807
3947,33,62,-14.7286,4636.11,403.313
3948,33,63,-11.7843,4510.48,415.968
3949,33,64,-13.4393,4581.65,428.355
3950,33,65,-13.4291,4581.21,440.57
3951,33,66,-16.0252,4694.57,453.227
3952,33,67,-19.5294,4848.76,466.372
3953,33,68,-21.9878,4957.74,479.08
3954,33,69,-22.8224,4995.02,491.301
3955,33,70,-23.7231,5035.55,503.519
3956,33,71,-26.3047,5152.59,516.495
3957,33,72,-29.1351,5281.84,529.757
3958,33,73,-32.5322,5438.11,543.692
3959,33,74,-32.0197,5414.36,555.854
3960,33,75,-32.8058,5451.05,568.068
3961,33,76,-34.4052,5526.22,580.701
3962,33,77,-34.8314,5546.39,592.805
3963,33,78,-35.4684,5576.76,604.953
3964,33,79,-34.989,5553.75,617.04
3965,33,80,-35.562,5581.44,629.147
3966,33,81,-35.5765,5582.15,641.124
3967,33,82,-36.5056,5627.67,653.436
3968,33,83,-37.9258,5697.74,666.286
3969,33,84,-39.4649,5774.18,679.378
3970,33,85,-40.9317,5847.52,692.448
3971,33,86,-41.0881,5855.39,704.405
3972,33,87,-40.9726,5849.54,716.337
3973,33,88,-38.8465,5741.11,731.254
3974,33,89,-38.808,5739.13,743.195
3975,33,90,-38.4861,5722.5,755.198
3976,33,91,-37.3255,5662.15,768.228
3977,33,92,-36.1095,5598.51,781.451
3978,33,93,-34.2459,5500.36,796.597
3979,33,94,-33.2417,5447.14,809.531
3980,33,95,-32.5634,5410.96,821.96
3981,33,96,-32.592,5412.5,833.9
3982,33,97,-32.4537,5405.03,845.846
3983,33,98,-30.004,5271.93,865.214
3984,33,99,-28.4388,5186.37,880.255
3985,33,100,-27.4765,5133.44,893.489
3986,33,101,-26.5862,5084.18,906.612
3987,33,102,-25.5931,5028.89,920.076
3988,33,103,-22.5682,4859.5,944.953
3989,33,104,-18.7354,4643.58,974.987
3990,33,105,-14.3718,4396.31,1006.61
3991,33,106,-13.1209,4325.01,1020.77
3992,33,107,-12.9799,4316.93,1033.49
3993,33,108,-12.8365,4308.66,1046.19
3994,33,109,-12.4264,4284.87,1059.06
3995,33,110,-11.8256,4249.82,1072.15
3996,33,111,-9.68208,4124.07,1090.48
3997,33,112,-8.33456,4044.57,1105.46
3998,33,113,-6.25937,3921.44,1123.66
3999,33,114,-5.00125,3846.37,1138.48
4000,33,115,-4.66668,3826.3,1151.43
4001,33,116,-3.51959,3757.09,1166.08
4002,33,117,-1.9275,3660.5,1182.57
4003,33,118,-1.28039,3621.03,1196.03
4004,33,119,-0.92276,3599.1,1209.05
4005,33,120,0.507247,3510.91,1225.24
4006,33,121,2.30329,3399.56,1243.43
4007,33,122,4.14537,3284.73,1261.93
4008,33,123,5.24574,3215.78,1276.9
4009,33,124,5.99872,3168.34,1290.83
4010,33,125,7.34177,3083.28,1307.02
4011,33,126,8.76729,2992.52,1323.71
4012,33,127,10.2371,2898.46,1340.7
4013,33,128,11.665,2806.59,1357.55
4014,33,129,13.4409,2691.75,1376.52
4015,33,130,15.4545,2560.87,1397.1
4016,33,131,16.4209,2497.73,1412.01
4017,33,132,17.4455,2430.45,1427.2
4018,33,133,19.3467,2304.97,1447.33
4019,33,134,21.9838,2130.04,1473.32
4020,33,135,23.3152,2041.28,1489.84
4021,33,136,24.2124,1981.17,1504.7
4022,33,137,25.2457,1911.59,1520.11
4023,33,138,26.7848,1807.44,1538.05
4024,33,139,27.6309,1749.91,1552.88
4025,33,140,28.934,1660.86,1569.72
4026,33,141,29.7719,1603.33,1584.62
4027,33,142,30.9656,1520.97,1601.09
4028,33,143,31.5645,1479.44,1615.35
4029,34,43,-4.69697,4084.33,121.516
4030,34,44,17.9091,3247.91,133.802
4031,34,45,45.0699,2233.9,147.412
4032,34,46,52.7473,1944.73,158.697
4033,34,47,51.6374,1986.9,169.629
4034,34,48,28.75,2864.25,185.106
4035,34,49,23.1691,3080.04,196.509
4036,34,50,55.7475,1809.49,218.33
4037,34,51,54.2105,1869.94,229.949
4038,34,52,37.7281,2523.75,244.793
4039,34,53,42.8233,2319.94,256.818
4040,34,54,18.4416,3303.33,277.202
4041,34,55,13.786,3492.66,289.511
4042,34,56,2.21344,3967.13,303.857
4043,34,57,-5.56957,4288.83,317.108
4044,34,58,9.56154,3658.37,334.218
4045,34,59,-0.246154,4070.29,348.654
4046,34,60,-12.3932,4584.52,364.627
4047,34,61,-17.4439,4800.01,377.663
4048,34,62,-19.6059,4892.98,390.12
4049,34,63,-16.1402,4742.8,402.86
4050,34,64,-17.621,4807.46,415.212
4051,34,65,-17.3488,4795.48,427.435
4052,34,66,-19.8646,4907.02,440.016
4053,34,67,-23.3491,5062.66,453.046
4054,34,68,-25.7297,5169.79,465.664
4055,34,69,-26.4028,5200.3,477.849
4056,34,70,-27.1586,5234.82,490.025
4057,34,71,-29.6953,5351.5,502.886
4058,34,72,-32.497,5481.31,516.017
4059,34,73,-35.8959,5639.93,529.793
4060,34,74,-35.1943,5606.95,541.971
4061,34,75,-35.8666,5638.78,554.127
4062,34,76,-37.3981,5711.78,566.659
4063,34,77,-37.7075,5726.63,578.718
4064,34,78,-38.2451,5752.61,590.807
4065,34,79,-37.6241,5722.39,602.91
4066,34,80,-38.1094,5746.17,614.957
4067,34,81,-38.0183,5741.68,626.912
4068,34,82,-38.8857,5784.76,639.136
4069,34,83,-40.2675,5853.85,651.868
4070,34,84,-41.7751,5929.73,664.833
4071,34,85,-43.2095,6002.41,677.775
4072,34,86,-43.2858,6006.3,689.689
4073,34,87,-43.0846,5995.97,701.604
4074,34,88,-40.8045,5878.16,716.797
4075,34,89,-40.6946,5872.45,728.719
4076,34,90,-40.2952,5851.55,740.733
4077,34,91,-39.0323,5785.03,753.887
4078,34,92,-37.7171,5715.33,767.242
4079,34,93,-35.7378,5609.77,782.613
4080,34,94,-34.6518,5551.48,795.641
4081,34,95,-33.9061,5511.22,808.127
4082,34,96,-33.893,5510.51,820.053
4083,34,97,-33.7097,5500.49,832.001
4084,34,98,-31.146,5359.48,851.666
4085,34,99,-29.4988,5268.34,866.85
4086,34,100,-28.4761,5211.41,880.161
4087,34,101,-27.5303,5158.44,893.354
4088,34,102,-26.481,5099.33,906.896
4089,34,103,-23.3443,4921.59,931.963
4090,34,104,-19.3816,4695.71,962.086
4091,34,105,-14.8789,4437.56,993.678
4092,34,106,-13.5798,4362.64,1007.87
4093,34,107,-13.4227,4353.53,1020.6
4094,34,108,-13.2636,4344.25,1033.32
4095,34,109,-12.8314,4318.9,1046.2
4096,34,110,-12.2045,4281.91,1059.32
4097,34,111,-9.99633,4150.89,1077.64
4098,34,112,-8.60674,4067.98,1092.63
4099,34,113,-6.47287,3939.94,1110.81
4100,34,114,-5.17841,3861.84,1125.64
4101,34,115,-4.83136,3840.79,1138.6
4102,34,116,-3.65266,3768.89,1153.25
4103,34,117,-2.01949,3668.72,1169.72
4104,34,118,-1.35499,3627.74,1183.19
4105,34,119,-0.987311,3604.95,1196.22
4106,34,120,0.477054,3513.67,1212.38
4107,34,121,2.3146,3398.52,1230.54
4108,34,122,4.19782,3279.87,1248.98
4109,34,123,5.32148,3208.71,1263.93
4110,34,124,6.08935,3159.82,1277.86
4111,34,125,7.45962,3072.12,1294.02
4112,34,126,8.91327,2978.61,1310.66
4113,34,127,10.4112,2881.74,1327.61
4114,34,128,11.8656,2787.21,1344.41
4115,34,129,13.6743,2669.04,1363.3
4116,34,130,15.7245,2534.4,1383.79
4117,34,131,16.7052,2469.68,1398.67
4118,34,132,17.7447,2400.72,1413.83
4119,34,133,19.6779,2271.84,1433.87
4120,34,134,22.3607,2092.1,1459.7
4121,34,135,23.7109,2001.18,1476.17
4122,34,136,24.6178,1939.82,1491
4123,34,137,25.6632,1868.73,1506.37
4124,34,138,27.2237,1762.1,1524.25
4125,34,139,28.0774,1703.48,1539.05
4126,34,140,29.3965,1612.45,1555.83
4127,34,141,30.2414,1553.88,1570.7
4128,34,142,31.4483,1469.79,1587.11
4129,34,143,32.0494,1427.72,1601.35
4130,35,44,13.4545,3430.55,122.788
4131,35,45,46.3636,2180,136.32
4132,35,46,55.1049,1844.92,147.659
4133,35,47,53.4615,1908.46,158.683
4134,35,48,27.044,2938.75,173.934
4135,35,49,20.9464,3178.58,185.364
4136,35,50,57.875,1713.75,206.637
4137,35,51,55.9069,1792.48,218.325
4138,35,52,37.4045,2538.74,233.083
4139,35,53,43.0702,2308.33,245.148
4140,35,54,16.2256,3408.96,265.113
4141,35,55,11.3377,3611,277.429
4142,35,56,-1.06437,4127.75,291.632
4143,35,57,-9.23913,4471.09,304.793
4144,35,58,7.4587,3764.21,321.92
4145,35,59,-2.96538,4208.97,336.236
4146,35,60,-15.8376,4762.48,351.999
4147,35,61,-21.0073,4986.5,364.978
4148,35,62,-23.0692,5076.54,377.426
4149,35,63,-19.1256,4903.02,390.238
4150,35,64,-20.5061,4964.22,402.588
4151,35,65,-20.0302,4942.96,414.84
4152,35,66,-22.5357,5055.71,427.387
4153,35,67,-26.0695,5215.91,440.346
4154,35,68,-28.4301,5323.71,452.917
4155,35,69,-28.9874,5349.34,465.099
4156,35,70,-29.6416,5379.65,477.267
4157,35,71,-32.1811,5498.17,490.056
4158,35,72,-34.9995,5630.63,503.095
4159,35,73,-38.4443,5793.69,516.749
4160,35,74,-37.5802,5752.5,528.959
4161,35,75,-38.169,5780.76,541.093
4162,35,76,-39.6637,5853,553.562
4163,35,77,-39.8822,5863.64,565.609
4164,35,78,-40.3453,5886.33,577.673
4165,35,79,-39.6034,5849.73,589.808
4166,35,80,-40.0237,5870.6,601.83
4167,35,81,-39.8474,5861.79,613.789
4168,35,82,-40.6747,5903.43,625.963
4169,35,83,-42.0398,5972.59,638.613
4170,35,84,-43.5369,6048.94,651.484
4171,35,85,-44.9584,6121.91,664.333
4172,35,86,-44.9703,6122.53,676.234
4173,35,87,-44.698,6108.37,688.157
4174,35,88,-42.2737,5981.5,703.534
4175,35,89,-42.1064,5972.69,715.46
4176,35,90,-41.6423,5948.09,727.5
4177,35,91,-40.2878,5875.85,740.748
4178,35,92,-38.884,5800.51,754.198
4179,35,93,-36.7981,5687.87,769.702
4180,35,94,-35.6405,5624.98,782.799
4181,35,95,-34.8379,5581.1,795.333
4182,35,96,-34.7944,5578.71,807.263
4183,35,97,-34.5766,5566.66,819.226
4184,35,98,-31.9057,5417.98,839.017
4185,35,99,-30.1844,5321.59,854.272
4186,35,100,-29.11,5261.06,867.63
4187,35,101,-28.117,5204.79,880.867
4188,35,102,-27.0196,5142.24,894.451
4189,35,103,-23.7764,4956.3,919.512
4190,35,104,-19.6881,4720.54,949.526
4191,35,105,-15.05,4451.53,980.937
4192,35,106,-13.71,4373.36,995.127
4193,35,107,-13.545,4363.68,1007.87
4194,35,108,-13.3783,4353.85,1020.61
4195,35,109,-12.9316,4327.34,1033.5
4196,35,110,-12.2855,4288.79,1046.63
4197,35,111,-10.0179,4152.73,1064.9
4198,35,112,-8.5921,4066.71,1079.88
4199,35,113,-6.40458,3934,1098
4200,35,114,-5.07947,3853.17,1112.81
4201,35,115,-4.72629,3831.51,1125.78
4202,35,116,-3.5214,3757.21,1140.41
4203,35,117,-1.85204,3653.71,1156.83
4204,35,118,-1.17571,3611.55,1170.3
4205,35,119,-0.803596,3588.23,1183.34
4206,35,120,0.690551,3494.1,1199.45
4207,35,121,2.56543,3375.36,1217.53
4208,35,122,4.48575,3253.1,1235.89
4209,35,123,5.62819,3179.98,1250.81
4210,35,124,6.40631,3129.92,1264.73
4211,35,125,7.79973,3039.81,1280.83
4212,35,126,9.27758,2943.75,1297.41
4213,35,127,10.7999,2844.3,1314.29
4214,35,128,12.2769,2747.3,1331.03
4215,35,129,14.1151,2625.99,1349.84
4216,35,130,16.1989,2487.76,1370.21
4217,35,131,17.1899,2421.69,1385.06
4218,35,132,18.2408,2351.28,1400.17
4219,35,133,20.203,2219.16,1420.11
4220,35,134,22.929,2034.7,1445.78
4221,35,135,24.2946,1941.84,1462.2
4222,35,136,25.2079,1879.43,1476.99
4223,35,137,26.2621,1807.04,1492.32
4224,35,138,27.8411,1698.09,1510.11
4225,35,139,28.6993,1638.59,1524.88
4226,35,140,30.0316,1545.77,1541.6
4227,35,141,30.8804,1486.36,1556.43
4228,35,142,32.0978,1400.73,1572.78
4229,35,143,32.698,1358.32,1586.99
4230,36,45,85.8485,521.636,121.558
4231,36,46,89,398.727,132.425
4232,36,47,81.4336,696.34,143.427
4233,36,48,46.6484,2076.15,160.643
4234,36,49,36.8791,2466.92,172.301
4235,36,50,76.6071,864.56,192.971
4236,36,51,72.0515,1049.82,204.702
4237,36,52,49.473,1975.54,220.105
4238,36,53,54.4272,1770.77,232.027
4239,36,54,23.5614,3056.84,252.541
4240,36,55,17.4511,3313.47,264.958
4241,36,56,3.28571,3913.14,279.292
4242,36,57,-6.02767,4310.51,292.541
4243,36,58,11.8429,3542.08,309.36
4244,36,59,0.184783,4047.26,323.764
4245,36,60,-13.9692,4665.32,339.547
4246,36,61,-19.6803,4916.61,352.571
4247,36,62,-21.9933,5019.15,365.062
4248,36,63,-17.8448,4833.85,377.874
4249,36,64,-19.4089,4904.24,390.265
4250,36,65,-18.9744,4884.54,402.548
4251,36,66,-21.7097,5009.45,415.133
4252,36,67,-25.5159,5184.54,428.119
4253,36,68,-28.0531,5302.1,440.719
4254,36,69,-28.6654,5330.67,452.933
4255,36,70,-29.3754,5364.04,465.132
4256,36,71,-32.0708,5491.62,477.936
4257,36,72,-35.0474,5633.51,490.981
4258,36,73,-38.6711,5807.44,504.616
4259,36,74,-37.751,5762.97,516.852
4260,36,75,-38.3607,5792.64,529.009
4261,36,76,-39.919,5869,541.488
4262,36,77,-40.1357,5879.69,553.558
4263,36,78,-40.6086,5903.18,565.642
4264,36,79,-39.821,5863.8,577.802
4265,36,80,-40.2503,5885.41,589.843
4266,36,81,-40.0564,5875.58,601.826
4267,36,82,-40.91,5919.12,614.011
4268,36,83,-42.3222,5991.61,626.656
4269,36,84,-43.8689,6071.52,639.514
4270,36,85,-45.334,6147.71,652.347
4271,36,86,-45.3317,6147.59,664.267
4272,36,87,-45.035,6131.96,676.212
4273,36,88,-42.5065,5997.95,691.576
4274,36,89,-42.3244,5988.24,703.522
4275,36,90,-41.8355,5962,715.582
4276,36,91,-40.4257,5885.87,728.836
4277,36,92,-38.9678,5806.66,742.286
4278,36,93,-36.807,5688.54,757.752
4279,36,94,-35.6099,5622.69,770.846
4280,36,95,-34.7816,5576.86,783.386
4281,36,96,-34.7385,5574.46,795.332
4282,36,97,-34.5155,5561.97,807.31
4283,36,98,-31.7617,5406.84,826.976
4284,36,99,-29.9912,5306.51,842.179
4285,36,100,-28.8896,5243.73,855.519
4286,36,101,-27.8732,5185.45,868.737
4287,36,102,-26.7503,5120.7,882.294
4288,36,103,-23.4197,4927.52,907.13
4289,36,104,-19.2232,4682.73,936.847
4290,36,105,-14.4658,4403.63,967.945
4291,36,106,-13.1046,4323.32,982.096
4292,36,107,-12.9518,4314.25,994.848
4293,36,108,-12.7968,4305,1007.59
4294,36,109,-12.3537,4278.42,1020.48
4295,36,110,-11.7058,4239.33,1033.59
4296,36,111,-9.39378,4099.06,1051.75
4297,36,112,-7.94718,4010.82,1066.67
4298,36,113,-5.7201,3874.22,1084.68
4299,36,114,-4.37877,3791.51,1099.43
4300,36,115,-4.03428,3770.15,1112.39
4301,36,116,-2.81673,3694.26,1126.97
4302,36,117,-1.12384,3588.17,1143.31
4303,36,118,-0.448764,3545.64,1156.74
4304,36,119,-0.0850967,3522.61,1169.77
4305,36,120,1.4273,3426.32,1185.8
4306,36,121,3.32865,3304.63,1203.78
4307,36,122,5.27557,3179.38,1222.03
4308,36,123,6.42602,3104.98,1236.89
4309,36,124,7.20369,3054.43,1250.76
4310,36,125,8.61036,2962.53,1266.79
4311,36,126,10.1029,2864.52,1283.29
4312,36,127,11.6403,2763.05,1300.09
4313,36,128,13.1311,2664.17,1316.74
4314,36,129,14.9901,2540.23,1335.44
4315,36,130,17.0994,2398.91,1355.71
4316,36,131,18.0923,2332.05,1370.49
4317,36,132,19.1463,2260.73,1385.55
4318,36,133,21.1301,2125.84,1405.39
4319,36,134,23.8923,1937.08,1430.94
4320,36,135,25.2661,1842.75,1447.28
4321,36,136,26.1782,1779.82,1462.02
4322,36,137,27.234,1706.61,1477.28
4323,36,138,28.8248,1595.79,1494.99
4324,36,139,29.6806,1535.88,1509.71
4325,36,140,31.0196,1441.7,1526.35
4326,36,141,31.8658,1381.91,1541.13
4327,36,142,33.0875,1295.16,1557.41
4328,36,143,33.6805,1252.87,1571.57
4329,37,46,78.4848,850.879,121.277
4330,37,47,71.4545,1132.09,132.239
4331,37,48,32.535,2701.85,148.672
4332,37,49,23.4341,3071.95,160.138
4333,37,50,70.7582,1131.66,181.151
4334,37,51,66.375,1312.83,192.904
4335,37,52,41.6838,2341.63,207.948
4336,37,53,48.1373,2070.59,219.976
4337,37,54,14.5408,3492.84,239.842
4338,37,55,8.73684,3740.47,252.183
4339,37,56,-5.97368,4373.03,266.249
4340,37,57,-15.2922,4776.83,279.304
4341,37,58,5.04517,3888.76,296.471
4342,37,59,-7.03557,4420.32,310.66
4343,37,60,-21.7674,5073.43,326.151
4344,37,61,-27.3115,5321.07,339.052
4345,37,62,-29.2154,5406.74,351.489
4346,37,63,-24.2247,5180.49,364.417
4347,37,64,-25.4447,5236.21,376.767
4348,37,65,-24.564,5195.7,389.065
4349,37,66,-27.109,5313.61,401.562
4350,37,67,-30.8125,5486.44,414.419
4351,37,68,-33.1772,5597.59,426.919
4352,37,69,-33.516,5613.62,439.097
4353,37,70,-33.9824,5635.85,451.252
4354,37,71,-36.5686,5759.99,463.928
4355,37,72,-39.4607,5899.78,476.826
4356,37,73,-43.0417,6074.05,490.287
4357,37,74,-41.8432,6015.32,502.555
4358,37,75,-42.2743,6036.59,514.653
4359,37,76,-43.7148,6108.14,527.02
4360,37,77,-43.757,6110.24,539.049
4361,37,78,-44.0799,6126.5,551.072
4362,37,79,-43.0942,6076.56,563.265
4363,37,80,-43.3943,6091.86,575.246
4364,37,81,-43.052,6074.29,587.214
4365,37,82,-43.8125,6113.58,599.305
4366,37,83,-45.1613,6183.72,611.821
4367,37,84,-46.6541,6261.84,624.54
4368,37,85,-48.0653,6336.17,637.234
4369,37,86,-47.9537,6330.25,649.116
4370,37,87,-47.5425,6308.32,661.055
4371,37,88,-44.8203,6162.23,676.784
4372,37,89,-44.544,6147.31,688.718
4373,37,90,-43.9548,6115.3,700.802
4374,37,91,-42.4167,6031.21,714.218
4375,37,92,-40.8356,5944.25,727.836
4376,37,93,-38.5335,5816.87,743.575
4377,37,94,-37.2355,5744.62,756.786
4378,37,95,-36.3241,5693.58,769.396
4379,37,96,-36.2281,5688.17,781.332
4380,37,97,-35.949,5672.35,793.317
4381,37,98,-33.0601,5507.69,813.324
4382,37,99,-31.1922,5400.59,828.688
4383,37,100,-30.0187,5332.92,842.115
4384,37,101,-28.9362,5270.14,855.411
4385,37,102,-27.7471,5200.77,869.053
4386,37,103,-24.2873,4997.79,894.094
4387,37,104,-19.9419,4741.42,923.908
4388,37,105,-15.0258,4449.73,954.979
4389,37,106,-13.6097,4365.23,969.157
4390,37,107,-13.4383,4354.95,981.924
4391,37,108,-13.2655,4344.53,994.679
4392,37,109,-12.7974,4316.13,1007.59
4393,37,110,-12.12,4274.81,1020.72
4394,37,111,-9.73528,4128.54,1038.88
4395,37,112,-8.24163,4036.44,1053.81
4396,37,113,-5.94905,3894.3,1071.8
4397,37,114,-4.56746,3808.18,1086.55
4398,37,115,-4.20947,3785.74,1099.53
4399,37,116,-2.9571,3706.84,1114.11
4400,37,117,-1.21895,3596.76,1130.43
4401,37,118,-0.525081,3552.58,1143.87
4402,37,119,-0.150812,3528.63,1156.91
4403,37,120,1.39916,3428.92,1172.93
4404,37,121,3.34591,3303.03,1190.85
4405,37,122,5.3377,3173.56,1209.05
4406,37,123,6.51318,3096.76,1223.9
4407,37,124,7.30654,3044.66,1237.77
4408,37,125,8.74251,2949.89,1253.76
4409,37,126,10.2653,2848.88,1270.22
4410,37,127,11.8329,2744.37,1286.97
4411,37,128,13.3519,2642.6,1303.57
4412,37,129,15.2462,2515.05,1322.2
4413,37,130,17.3949,2369.66,1342.38
4414,37,131,18.4025,2301.14,1357.13
4415,37,132,19.4719,2228.06,1372.16
4416,37,133,21.4899,2089.49,1391.91
4417,37,134,24.3012,1895.51,1417.3
4418,37,135,25.6944,1798.92,1433.59
4419,37,136,26.6162,1734.7,1448.3
4420,37,137,27.6843,1659.93,1463.53
4421,37,138,29.2974,1546.47,1481.18
4422,37,139,30.1607,1485.47,1495.86
4423,37,140,31.5162,1389.23,1512.45
4424,37,141,32.369,1328.4,1527.19
4425,37,142,33.6044,1239.86,1543.42
4426,37,143,34.1987,1197.07,1557.57
4427,38,47,107.061,-434.576,117.052
4428,38,48,54.5909,1716.68,136.052
4429,38,49,40.2972,2307.49,147.793
4430,38,50,92.3077,140.385,167.952
4431,38,51,84.2198,480.077,179.818
4432,38,52,53.8571,1765.43,195.413
4433,38,53,59.5956,1520.59,207.35
4434,38,54,20.6985,3193.16,227.486
4435,38,55,13.5655,3502.26,239.917
4436,38,56,-3.20175,4234.43,254.043
4437,38,57,-13.7293,4697.64,267.147
4438,38,58,8.3961,3716.75,284.042
4439,38,59,-5.08752,4319.02,298.268
4440,38,60,-21.2698,5047.22,313.716
4441,38,61,-27.3174,5321.38,326.646
4442,38,62,-29.3731,5415.25,339.122
4443,38,63,-23.9863,5167.46,352.069
4444,38,64,-25.3144,5229,364.458
4445,38,65,-24.3801,5185.4,376.792
4446,38,66,-27.1133,5313.86,389.319
4447,38,67,-31.0634,5500.83,402.187
4448,38,68,-33.5645,5620.05,414.707
4449,38,69,-33.9003,5636.17,426.917
4450,38,70,-34.3717,5658.95,439.101
4451,38,71,-37.0871,5791.1,451.782
4452,38,72,-40.1148,5939.46,464.67
4453,38,73,-43.8584,6124.14,478.095
4454,38,74,-42.551,6059.21,490.397
4455,38,75,-42.9675,6080.03,502.516
4456,38,76,-44.4464,6154.47,514.886
4457,38,77,-44.454,6154.86,526.938
4458,38,78,-44.7587,6170.4,538.98
4459,38,79,-43.6938,6115.73,551.204
4460,38,80,-43.9799,6130.51,563.204
4461,38,81,-43.5955,6110.52,575.197
4462,38,82,-44.3656,6150.83,587.296
4463,38,83,-45.749,6223.68,599.799
4464,38,84,-47.2803,6304.84,612.495
4465,38,85,-48.7242,6381.85,625.164
4466,38,86,-48.5811,6374.17,637.066
4467,38,87,-48.1285,6349.73,649.031
4468,38,88,-45.2765,6194.77,664.769
4469,38,89,-44.972,6178.13,676.725
4470,38,90,-44.3445,6143.61,688.835
4471,38,91,-42.7349,6054.55,702.268
4472,38,92,-41.0848,5962.69,715.895
4473,38,93,-38.6916,5828.67,731.611
4474,38,94,-37.3425,5752.67,744.826
4475,38,95,-36.3959,5699.04,757.447
4476,38,96,-36.2943,5693.24,769.4
4477,38,97,-36.0036,5676.58,781.402
4478,38,98,-33.0182,5504.42,801.297
4479,38,99,-31.0914,5392.66,816.616
4480,38,100,-29.8838,5322.22,830.03
4481,38,101,-28.7717,5256.98,843.312
4482,38,102,-27.5511,5184.96,856.932
4483,38,103,-23.9924,4973.81,881.753
4484,38,104,-19.5261,4707.32,911.268
4485,38,105,-14.4776,4404.41,942.025
4486,38,106,-13.0364,4317.46,956.166
4487,38,107,-12.8765,4307.76,968.941
4488,38,108,-12.7146,4297.89,981.703
4489,38,109,-12.2489,4269.32,994.608
4490,38,110,-11.5679,4227.33,1007.73
4491,38,111,-9.13365,4076.4,1025.78
4492,38,112,-7.61622,3981.82,1040.65
4493,38,113,-5.27977,3835.4,1058.53
4494,38,114,-3.87967,3747.19,1073.23
4495,38,115,-3.53014,3725.06,1086.2
4496,38,116,-2.26327,3644.4,1100.73
4497,38,117,-0.499004,3531.49,1116.97
4498,38,118,0.194219,3486.89,1130.39
4499,38,119,0.560072,3463.23,1143.41
4500,38,120,2.13026,3361.17,1159.35
4501,38,121,4.10595,3232.09,1177.18
4502,38,122,6.12673,3099.39,1195.27
4503,38,123,7.31119,3021.22,1210.06
4504,38,124,8.10445,2968.6,1223.89
4505,38,125,9.55492,2871.9,1239.8
4506,38,126,11.0936,2768.81,1256.18
4507,38,127,12.6777,2662.14,1272.84
4508,38,128,14.2115,2558.36,1289.37
4509,38,129,16.1283,2428.02,1307.9
4510,38,130,18.3042,2279.33,1327.96
4511,38,131,19.3139,2209.99,1342.66
4512,38,132,20.3867,2135.97,1357.62
4513,38,133,22.4277,1994.47,1377.26
4514,38,134,25.2776,1795.92,1402.54
4515,38,135,26.6793,1697.8,1418.75
4516,38,136,27.5998,1633.06,1433.41
4517,38,137,28.6696,1557.46,1448.57
4518,38,138,30.2952,1442.05,1466.14
4519,38,139,31.1558,1380.66,1480.77
4520,38,140,32.5183,1283.01,1497.28
4521,38,141,33.3682,1221.81,1511.97
4522,38,142,34.6081,1132.13,1528.13
4523,38,143,35.1947,1089.5,1542.23
4524,39,48,58.5152,1540.09,124.852
4525,39,49,40.9091,2279.55,136.673
4526,39,50,101.486,-284.878,156.037
4527,39,51,90.7418,173.544,168.027
4528,39,52,55.1099,1705.71,183.568
4529,39,53,61.4464,1431.13,195.56
4530,39,54,17.4559,3352.05,215.243
4531,39,55,9.8652,3686.04,227.692
4532,39,56,-8.35397,4493.76,241.674
4533,39,57,-19.4474,4989.26,254.695
4534,39,58,5.46241,3868.32,271.613
4535,39,59,-9.02597,4525.13,285.725
4536,39,60,-26.3213,5314.95,300.966
4537,39,61,-32.4555,5597.12,313.85
4538,39,62,-34.2543,5680.47,326.331
4539,39,63,-28.0462,5390.75,339.365
4540,39,64,-29.1641,5443.3,351.766
4541,39,65,-27.8755,5382.3,364.141
4542,39,66,-30.5542,5509.99,376.647
4543,39,67,-34.5394,5701.28,389.456
4544,39,68,-36.9755,5819.02,401.942
4545,39,69,-37.1129,5825.71,414.164
4546,39,70,-37.4129,5840.41,426.355
4547,39,71,-40.1086,5973.4,438.975
4548,39,72,-43.1367,6123.8,451.784
4549,39,73,-46.9216,6313.04,465.096
4550,39,74,-45.3713,6235.01,477.448
4551,39,75,-45.6579,6249.53,489.562
4552,39,76,-47.073,6321.7,501.883
4553,39,77,-46.9464,6315.2,513.94
4554,39,78,-47.1417,6325.29,525.974
4555,39,79,-45.9085,6261.16,538.247
4556,39,80,-46.1028,6271.33,550.238
4557,39,81,-45.6018,6244.94,562.253
4558,39,82,-46.3157,6282.78,574.317
4559,39,83,-47.6739,6355.22,586.751
4560,39,84,-49.1881,6436.48,599.366
4561,39,85,-50.6123,6513.39,611.953
4562,39,86,-50.3846,6501.01,623.86
4563,39,87,-49.8398,6471.23,635.851
4564,39,88,-46.8053,6304.34,651.774
4565,39,89,-46.429,6283.51,663.749
4566,39,90,-45.7212,6244.11,675.897
4567,39,91,-43.999,6147.67,689.426
4568,39,92,-42.2409,6048.63,703.146
4569,39,93,-39.7186,5905.7,718.973
4570,39,94,-38.2847,5823.97,732.252
4571,39,95,-37.2718,5765.9,744.921
4572,39,96,-37.1365,5758.09,756.887
4573,39,97,-36.8074,5739.01,768.911
4574,39,98,-33.6957,5557.49,788.874
4575,39,99,-31.6835,5439.44,804.239
4576,39,100,-30.4179,5364.77,817.688
4577,39,101,-29.2536,5295.69,831.003
4578,39,102,-27.9797,5219.68,844.652
4579,39,103,-24.2983,4998.79,869.397
4580,39,104,-19.6874,4720.6,898.735
4581,39,105,-14.4834,4404.89,929.259
4582,39,106,-12.9996,4314.38,943.394
4583,39,107,-12.8361,4304.36,956.183
4584,39,108,-12.6708,4294.16,968.959
4585,39,109,-12.1932,4264.55,981.876
4586,39,110,-11.4949,4221.02,995.004
4587,39,111,-8.9959,4064.42,1012.98
4588,39,112,-7.44117,3966.47,1027.83
4589,39,113,-5.04708,3814.85,1045.64
4590,39,114,-3.61627,3723.75,1060.31
4591,39,115,-3.2645,3701.24,1073.28
4592,39,116,-1.97195,3618.08,1087.79
4593,39,117,-0.170399,3501.58,1103.97
4594,39,118,0.531939,3455.93,1117.38
4595,39,119,0.898487,3431.98,1130.41
4596,39,120,2.49872,3326.9,1146.3
4597,39,121,4.51314,3193.95,1164.04
4598,39,122,6.57234,3057.36,1182.04
4599,39,123,7.77418,2977.23,1196.79
4600,39,124,8.57512,2923.57,1210.6
4601,39,125,10.0481,2824.39,1226.46
4602,39,126,11.6106,2718.66,1242.77
4603,39,127,13.2187,2609.31,1259.36
4604,39,128,14.7745,2503,1275.81
4605,39,129,16.7211,2369.33,1294.25
4606,39,130,18.9314,2216.82,1314.2
4607,39,131,19.9493,2146.24,1328.86
4608,39,132,21.0314,2070.86,1343.77
4609,39,133,23.1018,1925.93,1363.31
4610,39,134,25.997,1722.3,1388.43
4611,39,135,27.4128,1622.25,1404.58
4612,39,136,28.3371,1556.62,1419.2
4613,39,137,29.4136,1479.84,1434.32
4614,39,138,31.0568,1362.07,1451.8
4615,39,139,31.9194,1299.97,1466.39
4616,39,140,33.2936,1200.56,1482.84
4617,39,141,34.145,1138.69,1497.48
4618,39,142,35.3938,1047.54,1513.58
4619,39,143,35.9766,1004.79,1527.65
4620,40,49,42.5758,2202.88,125.442
4621,40,50,113.864,-862.5,144.001
4622,40,51,99.2657,-229.924,156.134
4623,40,52,56.8407,1622.64,171.641
4624,40,53,63.8352,1314.88,183.691
4625,40,54,13.6607,3539.28,202.933
4626,40,55,5.59559,3899.52,215.406
4627,40,56,-14.2647,4793.24,229.251
4628,40,57,-25.934,5322.24,242.198
4629,40,58,2.2807,4033.77,259.138
4630,40,59,-13.3383,4752.25,273.145
4631,40,60,-31.8701,5610.89,288.186
4632,40,61,-38.0576,5899.64,301.033
4633,40,62,-39.5257,5968.64,313.526
4634,40,63,-32.3609,5629.5,326.651
4635,40,64,-33.2231,5670.6,339.07
4636,40,65,-31.5231,5589,351.493
4637,40,66,-34.13,5715,363.983
4638,40,67,-38.1445,5910.37,376.743
4639,40,68,-40.5,6025.79,389.203
4640,40,69,-40.4116,6021.43,401.442
4641,40,70,-40.5181,6026.72,413.647
4642,40,71,-43.1882,6160.23,426.215
4643,40,72,-46.2132,6312.49,438.954
4644,40,73,-50.0397,6506.36,452.159
4645,40,74,-48.2227,6413.69,464.568
4646,40,75,-48.3668,6421.09,476.683
4647,40,76,-49.7119,6490.59,488.964
4648,40,77,-49.4398,6476.44,501.033
4649,40,78,-49.5172,6480.49,513.066
4650,40,79,-48.1037,6406.04,525.394
4651,40,80,-48.2003,6411.17,537.383
4652,40,81,-47.5756,6377.85,549.425
4653,40,82,-48.2309,6413.01,561.462
4654,40,83,-49.5638,6484.99,573.836
4655,40,84,-51.0613,6566.35,586.377
4656,40,85,-52.4659,6643.14,598.89
4657,40,86,-52.1496,6625.75,610.81
4658,40,87,-51.5086,6590.28,622.832
4659,40,88,-48.2821,6410.67,638.927
4660,40,89,-47.8317,6385.44,650.926
4661,40,90,-47.0412,6340.91,663.115
4662,40,91,-45.2019,6236.69,676.735
4663,40,92,-43.3321,6130.11,690.539
4664,40,93,-40.676,5977.82,706.462
4665,40,94,-39.1551,5890.12,719.799
4666,40,95,-38.075,5827.47,732.512
4667,40,96,-37.9067,5817.66,744.495
4668,40,97,-37.5398,5796.13,756.542
4669,40,98,-34.2978,5604.85,776.543
4670,40,99,-32.1984,5480.29,791.939
4671,40,100,-30.8744,5401.29,805.418
4672,40,101,-29.6578,5328.29,818.759
4673,40,102,-28.3307,5248.23,832.429
4674,40,103,-24.5232,5017.24,857.069
4675,40,104,-19.7635,4726.9,886.203
4676,40,105,-14.3995,4397.91,916.473
4677,40,106,-12.8739,4303.83,930.598
4678,40,107,-12.7094,4293.62,943.401
4679,40,108,-12.5429,4283.25,956.191
4680,40,109,-12.0553,4252.69,969.117
4681,40,110,-11.3412,4207.7,982.249
4682,40,111,-8.77709,4045.31,1000.15
4683,40,112,-7.18576,3943.99,1014.97
4684,40,113,-4.73388,3787.07,1032.69
4685,40,114,-3.27326,3693.11,1047.34
4686,40,115,-2.92126,3670.34,1060.32
4687,40,116,-1.60405,3584.73,1074.79
4688,40,117,0.234259,3464.62,1090.91
4689,40,118,0.944133,3418.01,1104.31
4690,40,119,1.30954,3393.89,1117.34
4691,40,120,2.93914,3285.79,1133.17
4692,40,121,4.99195,3148.94,1150.82
4693,40,122,7.08923,3008.42,1168.74
4694,40,123,8.30738,2926.4,1183.44
4695,40,124,9.11462,2871.78,1197.23
4696,40,125,10.6093,2770.14,1213.03
4697,40,126,12.1948,2661.8,1229.27
4698,40,127,13.8262,2549.78,1245.79
4699,40,128,15.4033,2440.95,1262.17
4700,40,129,17.3791,2303.96,1280.51
4701,40,130,19.6236,2147.6,1300.34
4702,40,131,20.6486,2075.85,1314.96
4703,40,132,21.7389,1999.16,1329.83
4704,40,133,23.8383,1850.81,1349.26
4705,40,134,26.779,1642.02,1374.23
4706,40,135,28.208,1540.08,1390.32
4707,40,136,29.135,1473.65,1404.89
4708,40,137,30.2171,1395.73,1419.95
4709,40,138,31.8773,1275.65,1437.36
4710,40,139,32.7407,1212.91,1451.91
4711,40,140,34.1259,1111.79,1468.28
4712,40,141,34.9777,1049.32,1482.89
4713,40,142,36.2345,956.737,1498.92
4714,40,143,36.8124,913.974,1512.96
4715,41,50,115.061,-918.758,132.107
4716,41,51,97.5909,-150.091,144.316
4717,41,52,48.3741,2031.85,159.512
4718,41,53,57.7473,1613.19,171.671
4719,41,54,1.27473,4154.45,190.257
4720,41,55,-6.21429,4493.95,202.705
4721,41,56,-27.0809,5446.86,216.324
4722,41,57,-38.6152,5977.44,229.127
4723,41,58,-5.85655,4459.62,246.341
4724,41,59,-22.2632,5225.26,260.176
4725,41,60,-41.7556,6141.41,274.954
4726,41,61,-47.5909,6417.61,287.726
4727,41,62,-48.3258,6452.64,300.211
4728,41,63,-39.7727,6042.09,313.478
4729,41,64,-40.0891,6057.39,325.9
4730,41,65,-37.7038,5941.3,338.372
4731,41,66,-40.0359,6055.57,350.821
4732,41,67,-43.9103,6246.71,363.495
4733,41,68,-46.0222,6351.6,375.901
4734,41,69,-45.5468,6327.83,388.149
4735,41,70,-45.3181,6316.32,400.354
4736,41,71,-47.8508,6444.65,412.839
4737,41,72,-50.7735,6593.7,425.472
4738,41,73,-54.5555,6787.84,438.536
4739,41,74,-52.3659,6674.72,451.017
4740,41,75,-52.2815,6670.33,463.119
4741,41,76,-53.4839,6733.25,475.333
4742,41,77,-52.9931,6707.41,487.407
4743,41,78,-52.8876,6701.81,499.426
4744,41,79,-51.2287,6613.34,511.822
4745,41,80,-51.174,6610.4,523.797
4746,41,81,-50.3737,6567.19,535.865
4747,41,82,-50.927,6597.25,547.855
4748,41,83,-52.1965,6666.65,560.14
4749,41,84,-53.6424,6746.17,572.58
4750,41,85,-54.9947,6821,584.991
4751,41,86,-54.5547,6796.51,596.917
4752,41,87,-53.7841,6753.35,608.974
4753,41,88,-50.3284,6558.68,625.364
4754,41,89,-49.776,6527.38,637.385
4755,41,90,-48.8761,6476.09,649.625
4756,41,91,-46.8928,6362.37,663.384
4757,41,92,-44.886,6246.65,677.323
4758,41,93,-42.071,6083.38,693.422
4759,41,94,-40.4422,5988.36,706.849
4760,41,95,-39.276,5919.95,719.625
4761,41,96,-39.0588,5907.13,731.62
4762,41,97,-38.6385,5882.2,743.692
4763,41,98,-35.2469,5679.83,763.838
4764,41,99,-33.0441,5547.67,779.313
4765,41,100,-31.6478,5463.42,792.844
4766,41,101,-30.3659,5385.65,806.232
4767,41,102,-28.9732,5300.7,819.948
4768,41,103,-25.0245,5058.51,844.574
4769,41,104,-20.1004,4754.86,873.586
4770,41,105,-14.561,4411.41,903.662
4771,41,106,-12.9842,4313.13,917.79
4772,41,107,-12.8115,4302.3,930.609
4773,41,108,-12.6371,4291.32,943.414
4774,41,109,-12.1326,4259.37,956.354
4775,41,110,-11.3959,4212.46,969.497
4776,41,111,-8.75805,4043.64,987.34
4777,41,112,-7.12305,3938.45,1002.15
4778,41,113,-4.6057,3775.67,1019.81
4779,41,114,-3.10907,3678.39,1034.43
4780,41,115,-2.75206,3655.06,1047.42
4781,41,116,-1.40465,3566.58,1061.88
4782,41,117,0.476234,3442.44,1077.95
4783,41,118,1.19811,3394.56,1091.35
4784,41,119,1.56633,3370.01,1104.39
4785,41,120,3.23025,3258.53,1120.17
4786,41,121,5.32656,3117.38,1137.75
4787,41,122,7.46683,2972.55,1155.58
4788,41,123,8.70524,2888.34,1170.25
4789,41,124,9.52222,2832.51,1184.02
4790,41,125,11.0425,2728.12,1199.77
4791,41,126,12.6548,2616.87,1215.95
4792,41,127,14.3131,2501.9,1232.41
4793,41,128,15.915,2390.3,1248.72
4794,41,129,17.9237,2249.69,1266.97
4795,41,130,20.206,2089.17,1286.7
4796,41,131,21.2407,2016.05,1301.28
4797,41,132,22.3418,1937.87,1316.1
4798,41,133,24.4734,1785.82,1335.43
4799,41,134,27.4631,1571.55,1360.24
4800,41,135,28.9078,1467.53,1376.27
4801,41,136,29.8395,1400.14,1390.81
4802,41,137,30.9295,1320.94,1405.83
4803,41,138,32.609,1198.33,1423.15
4804,41,139,33.4751,1134.82,1437.66
4805,41,140,34.8733,1031.82,1453.98
4806,41,141,35.7271,968.632,1468.54
4807,41,142,36.9939,874.469,1484.51
4808,41,143,37.5683,831.584,1498.52
4809,42,51,84.1818,493.545,132.226
4810,42,52,28.4545,3001.27,146.965
4811,42,53,42.7098,2355.03,159.274
4812,42,54,-20.1374,5225.05,177.131
4813,42,55,-25.6374,5478.05,189.526
4814,42,56,-46.6964,6453.79,202.86
4815,42,57,-57.2206,6944.92,215.476
4816,42,58,-18.4191,5121.25,233.219
4817,42,59,-35.2528,5918.05,246.844
4818,42,60,-55.4298,6879.82,261.326
4819,42,61,-60.4812,7122.28,274.002
4820,42,62,-60.0584,7101.85,286.476
4821,42,63,-49.6612,6595.85,299.936
4822,42,64,-49.1453,6570.57,312.358
4823,42,65,-45.8065,6405.86,324.892
4824,42,66,-47.6769,6498.75,337.288
4825,42,67,-51.2615,6677.98,349.859
4826,42,68,-52.9853,6764.75,362.198
4827,42,69,-51.9787,6713.74,374.455
4828,42,70,-51.2906,6678.66,386.661
4829,42,71,-53.594,6796.89,399.047
4830,42,72,-56.3347,6938.5,411.558
4831,42,73,-60.0055,7129.38,424.463
4832,42,74,-57.3529,6990.56,437.036
4833,42,75,-56.9702,6970.4,449.124
4834,42,76,-57.9734,7023.57,461.261
4835,42,77,-57.2059,6982.64,473.341
4836,42,78,-56.867,6964.45,485.345
4837,42,79,-54.9114,6858.85,497.83
4838,42,80,-54.665,6845.46,509.788
4839,42,81,-53.6501,6789.98,521.89
4840,42,82,-54.0706,6813.11,533.825
4841,42,83,-55.2508,6878.41,546.01
4842,42,84,-56.6219,6954.74,558.335
4843,42,85,-57.9003,7026.33,570.631
4844,42,86,-57.3116,6993.16,582.569
4845,42,87,-56.3876,6940.8,594.671
4846,42,88,-52.674,6729.13,611.437
4847,42,89,-52.0009,6690.54,623.487
4848,42,90,-50.9735,6631.29,635.788
4849,42,91,-48.8269,6506.79,649.718
4850,42,92,-46.6656,6380.71,663.821
4851,42,93,-43.6739,6205.2,680.141
4852,42,94,-41.9231,6101.9,693.674
4853,42,95,-40.6589,6026.89,706.524
4854,42,96,-40.3835,6010.46,718.533
4855,42,97,-39.9009,5981.5,730.631
4856,42,98,-36.3459,5767.02,750.969
4857,42,99,-34.0293,5626.48,766.543
4858,42,100,-32.5523,5536.38,780.136
4859,42,101,-31.1976,5453.29,793.58
4860,42,102,-29.7319,5362.91,807.35
4861,42,103,-25.6313,5108.67,831.995
4862,42,104,-20.5316,4790.79,860.915
4863,42,105,-14.8056,4431.96,890.82
4864,42,106,-13.1729,4329.1,904.954
4865,42,107,-12.9891,4317.46,917.789
4866,42,108,-12.8043,4305.7,930.61
4867,42,109,-12.28,4272.14,943.565
4868,42,110,-11.5177,4223.1,956.722
4869,42,111,-8.80098,4047.42,974.517
4870,42,112,-7.11871,3938.07,989.31
4871,42,113,-4.53156,3769.04,1006.92
4872,42,114,-2.99596,3668.21,1021.53
4873,42,115,-2.63236,3644.21,1034.52
4874,42,116,-1.2522,3552.66,1048.97
4875,42,117,0.674163,3424.23,1065
4876,42,118,1.40964,3374.96,1078.4
4877,42,119,1.78189,3349.89,1091.44
4878,42,120,3.48247,3234.82,1107.18
4879,42,121,5.62488,3089.13,1124.69
4880,42,122,7.81064,2939.77,1142.44
4881,42,123,9.07086,2853.24,1157.09
4882,42,124,9.89872,2796.12,1170.85
4883,42,125,11.4462,2688.82,1186.54
4884,42,126,13.087,2574.52,1202.66
4885,42,127,14.7738,2456.44,1219.06
4886,42,128,16.4019,2341.93,1235.32
4887,42,129,18.4452,2197.53,1253.47
4888,42,130,20.767,2032.69,1273.09
4889,42,131,21.8123,1958.12,1287.64
4890,42,132,22.9251,1878.38,1302.42
4891,42,133,25.0903,1722.48,1321.65
4892,42,134,28.1311,1502.53,1346.3
4893,42,135,29.5923,1396.35,1362.27
4894,42,136,30.5292,1327.96,1376.78
4895,42,137,31.6275,1247.41,1391.75
4896,42,138,33.3272,1122.2,1409
4897,42,139,34.1963,1057.89,1423.48
4898,42,140,35.6082,952.934,1439.73
4899,42,141,36.4644,889.003,1454.25
4900,42,142,37.7417,793.209,1470.16
4901,42,143,38.3126,750.198,1484.15
4902,43,52,-16.6364,5210.73,133.193
4903,43,53,8.40909,4058.64,145.771
4904,43,54,-59.1958,7191,162.884
4905,43,55,-59.533,7206.73,175.163
4906,43,56,-78.7582,8110.32,188.09
4907,43,57,-86.4107,8472.54,200.412
4908,43,58,-39.1103,6217.88,219.366
4909,43,59,-55.4902,7004.12,232.71
4910,43,60,-75.6605,7979.01,246.833
4911,43,61,-79.114,8147.09,259.368
4912,43,62,-76.7857,8033,271.822
4913,43,63,-63.8052,7392.63,285.595
4914,43,64,-61.9565,7300.81,298.01
4915,43,65,-57.2134,7063.66,310.628
4916,43,66,-58.2891,7117.8,322.943
4917,43,67,-61.3115,7270.93,335.372
4918,43,68,-62.3949,7326.18,347.615
4919,43,69,-60.6166,7234.9,359.881
4920,43,70,-59.2625,7164.94,372.082
4921,43,71,-61.1749,7264.38,384.334
4922,43,72,-63.5929,7390.92,396.685
4923,43,73,-67.0323,7572.06,409.388
4924,43,74,-63.7747,7399.42,422.099
4925,43,75,-62.9796,7357.01,434.166
4926,43,76,-63.6883,7395.04,446.198
4927,43,77,-62.5504,7333.6,458.286
4928,43,78,-61.8958,7298.03,470.268
4929,43,79,-59.5626,7170.48,482.879
4930,43,80,-59.0584,7142.75,494.812
4931,43,81,-57.7662,7071.25,506.959
4932,43,82,-58.0019,7084.37,518.819
4933,43,83,-59.0479,7142.95,530.876
4934,43,84,-60.3035,7213.67,543.056
4935,43,85,-61.4701,7279.78,555.207
4936,43,86,-60.6924,7235.45,567.159
4937,43,87,-59.5771,7171.51,579.323
4938,43,88,-55.5634,6940.05,596.654
4939,43,89,-54.7387,6892.22,608.737
4940,43,90,-53.5543,6823.13,621.119
4941,43,91,-51.2148,6685.88,635.29
4942,43,92,-48.8715,6547.63,649.624
4943,43,93,-45.676,6358.03,666.265
4944,43,94,-43.7808,6244.95,679.943
4945,43,95,-42.3988,6162.03,692.887
4946,43,96,-42.0488,6140.91,704.908
4947,43,97,-41.4881,6106.89,717.036
4948,43,98,-37.7495,5878.84,737.681
4949,43,99,-35.3024,5728.75,753.402
4950,43,100,-33.7305,5631.82,767.08
4951,43,101,-32.2899,5542.5,780.599
4952,43,102,-30.739,5445.82,794.445
4953,43,103,-26.4709,5178.36,819.199
4954,43,104,-21.1796,4845.01,848.109
4955,43,105,-15.2513,4469.55,877.901
4956,43,106,-13.5536,4361.46,892.052
4957,43,107,-13.3525,4348.59,904.903
4958,43,108,-13.151,4335.63,917.741
4959,43,109,-12.6008,4300.05,930.714
4960,43,110,-11.8066,4248.43,943.889
4961,43,111,-9.00274,4065.24,961.655
4962,43,112,-7.26664,3951.24,976.446
4963,43,113,-4.60245,3775.4,994.012
4964,43,114,-3.02222,3670.58,1008.62
4965,43,115,-2.64794,3645.63,1021.63
4966,43,116,-1.23006,3550.63,1036.06
4967,43,117,0.747084,3417.5,1052.06
4968,43,118,1.5,3366.55,1065.46
4969,43,119,1.87957,3340.74,1078.52
4970,43,120,3.62125,3221.73,1094.22
4971,43,121,5.81439,3071.13,1111.67
4972,43,122,8.05005,2916.87,1129.36
4973,43,123,9.33548,2827.75,1143.98
4974,43,124,10.1771,2769.12,1157.73
4975,43,125,11.7552,2658.65,1173.39
4976,43,126,13.4276,2541.02,1189.46
4977,43,127,15.1461,2419.58,1205.8
4978,43,128,16.8034,2301.91,1222
4979,43,129,18.8845,2153.46,1240.08
4980,43,130,21.2491,1984,1259.59
4981,43,131,22.307,1907.83,1274.11
4982,43,132,23.4335,1826.35,1288.86
4983,43,133,25.6351,1666.36,1307.99
4984,43,134,28.7302,1440.42,1332.49
4985,43,135,30.2099,1331.91,1348.4
4986,43,136,31.1536,1262.39,1362.87
4987,43,137,32.2619,1180.38,1377.81
4988,43,138,33.9839,1052.38,1394.99
4989,43,139,34.8573,987.159,1409.43
4990,43,140,36.2845,880.117,1425.62
4991,43,141,37.1444,815.341,1440.12
4992,43,142,38.4336,717.792,1455.97
4993,43,143,39.0022,674.582,1469.93
4994,44,53,11.3939,3909.39,133.71
4995,44,54,-69.0455,7690.05,150.425
4996,44,55,-67.7972,7630.96,162.796
4997,44,56,-88.7088,8627.75,175.667
4998,44,57,-96.033,8979.31,188.001
4999,44,58,-41.1429,6326.29,206.831
5000,44,59,-59.3162,7210.72,220.159
5001,44,60,-81.4093,8293.28,234.175
5002,44,61,-84.6078,8451.08,246.743
5003,44,62,-81.4561,8294.54,259.262
5004,44,63,-66.7105,7557.26,273.098
5005,44,64,-64.4091,7441.42,285.57
5006,44,65,-59.0119,7167.96,298.245
5007,44,66,-60.0247,7219.62,310.6
5008,44,67,-63.1543,7380.27,323.05
5009,44,68,-64.1769,7433.11,335.326
5010,44,69,-62.1248,7326.4,347.64
5011,44,70,-60.5586,7244.43,359.886
5012,44,71,-62.5151,7347.47,372.155
5013,44,72,-65.0074,7479.57,384.512
5014,44,73,-68.5818,7670.2,397.193
5015,44,74,-65.0141,7478.74,409.951
5016,44,75,-64.0918,7428.93,422.055
5017,44,76,-64.7761,7466.11,434.109
5018,44,77,-63.5073,7396.75,446.235
5019,44,78,-62.7605,7355.68,458.25
5020,44,79,-60.2497,7216.74,470.896
5021,44,80,-59.6811,7185.09,482.86
5022,44,81,-58.2881,7107.09,495.039
5023,44,82,-58.5091,7119.54,506.922
5024,44,83,-59.5821,7180.34,518.988
5025,44,84,-60.8728,7253.91,531.169
5026,44,85,-62.0679,7322.43,543.318
5027,44,86,-61.2262,7273.89,555.3
5028,44,87,-60.0359,7204.85,567.494
5029,44,88,-55.8235,6959.13,584.773
5030,44,89,-54.9516,6907.98,596.879
5031,44,90,-53.7078,6834.59,609.278
5032,44,91,-51.2644,6689.62,623.431
5033,44,92,-48.8235,6543.98,637.737
5034,44,93,-45.502,6344.69,654.293
5035,44,94,-43.5394,6226.28,667.944
5036,44,95,-42.1135,6139.77,680.875
5037,44,96,-41.761,6118.27,692.909
5038,44,97,-41.1902,6083.26,705.045
5039,44,98,-37.3265,5845,725.505
5040,44,99,-34.8071,5688.8,741.139
5041,44,100,-33.1974,5588.46,754.775
5042,44,101,-31.7255,5496.22,768.253
5043,44,102,-30.1411,5396.41,782.049
5044,44,103,-25.7508,5118.35,806.543
5045,44,104,-20.3096,4771.93,835.134
5046,44,105,-14.2181,4382.07,864.605
5047,44,106,-12.4993,4271.49,878.704
5048,44,107,-12.3249,4260.21,891.558
5049,44,108,-12.1488,4248.77,904.397
5050,44,109,-11.6123,4213.72,917.359
5051,44,110,-10.8239,4161.95,930.511
5052,44,111,-7.96647,3973.36,948.153
5053,44,112,-6.21008,3856.85,962.875
5054,44,113,-3.49996,3676.18,980.322
5055,44,114,-1.90627,3569.4,994.859
5056,44,115,-1.55259,3545.58,1007.86
5057,44,116,-0.125879,3449.04,1022.23
5058,44,117,1.87486,3312.99,1038.14
5059,44,118,2.61778,3262.23,1051.5
5060,44,119,2.97792,3237.5,1064.54
5061,44,120,4.73632,3116.17,1080.16
5062,44,121,6.95709,2962.19,1097.49
5063,44,122,9.22042,2804.51,1115.08
5064,44,123,10.5087,2714.33,1129.63
5065,44,124,11.3421,2655.72,1143.33
5066,44,125,12.9303,2543.49,1158.9
5067,44,126,14.6147,2423.89,1174.88
5068,44,127,16.3459,2300.41,1191.13
5069,44,128,18.014,2180.86,1207.25
5070,44,129,20.1153,2029.56,1225.22
5071,44,130,22.5059,1856.64,1244.63
5072,44,131,23.5594,1780.09,1259.08
5073,44,132,24.683,1698.06,1273.76
5074,44,133,26.9058,1535.06,1292.79
5075,44,134,30.0409,1304.1,1317.18
5076,44,135,31.5244,1194.33,1333.02
5077,44,136,32.4601,1124.77,1347.43
5078,44,137,33.5641,1042.34,1362.3
5079,44,138,35.2949,912.53,1379.39
5080,44,139,36.1593,847.415,1393.77
5081,44,140,37.5891,739.227,1409.88
5082,44,141,38.4399,674.567,1424.32
5083,44,142,39.7289,576.168,1440.09
5084,44,143,40.283,533.693,1454.01
5085,45,54,-87.5152,8632,137.765
5086,45,55,-82.6818,8400,150.237
5087,45,56,-104.598,9459.28,163.033
5088,45,57,-110.604,9751.59,175.374
5089,45,58,-45.7912,6575.75,194.195
5090,45,59,-65.7679,7561.26,207.491
5091,45,60,-89.8162,8755.66,221.384
5092,45,61,-92.402,8884.95,233.984
5093,45,62,-88.0341,8665.1,246.577
5094,45,63,-71.0439,7804.26,260.502
5095,45,64,-68.0789,7653.05,273.035
5096,45,65,-61.8182,7331.67,285.777
5097,45,66,-62.668,7375.57,298.172
5098,45,67,-65.8399,7540.51,310.639
5099,45,68,-66.7239,7586.78,322.948
5100,45,69,-64.3038,7459.32,335.314
5101,45,70,-62.4496,7361.04,347.609
5102,45,71,-64.4109,7465.65,359.893
5103,45,72,-66.9458,7601.69,372.251
5104,45,73,-70.633,7800.8,384.905
5105,45,74,-66.6908,7586.6,397.719
5106,45,75,-65.6008,7527.02,409.863
5107,45,76,-66.2335,7561.81,421.936
5108,45,77,-64.7995,7482.46,434.104
5109,45,78,-63.9328,7434.22,446.156
5110,45,79,-61.2115,7281.83,458.843
5111,45,80,-60.5579,7245.01,470.84
5112,45,81,-59.0422,7159.12,483.056
5113,45,82,-59.2351,7170.12,494.962
5114,45,83,-60.3259,7232.65,507.032
5115,45,84,-61.644,7308.66,519.21
5116,45,85,-62.8598,7379.18,531.355
5117,45,86,-61.9403,7325.54,543.37
5118,45,87,-60.6614,7250.51,555.598
5119,45,88,-56.229,6989,572.844
5120,45,89,-55.3004,6933.9,584.977
5121,45,90,-53.9874,6855.56,597.398
5122,45,91,-51.4281,6702,611.542
5123,45,92,-48.8786,6548.19,625.828
5124,45,93,-45.4194,6338.33,642.31
5125,45,94,-43.3815,6214.02,655.941
5126,45,95,-41.9059,6123.51,668.865
5127,45,96,-41.5479,6101.43,680.915
5128,45,97,-40.9636,6065.2,693.061
5129,45,98,-36.9651,5815.97,713.346
5130,45,99,-34.3672,5653.17,728.899
5131,45,100,-32.7158,5549.13,742.499
5132,45,101,-31.2092,5453.71,755.942
5133,45,102,-29.588,5350.49,769.693
5134,45,103,-25.0675,5061.18,793.928
5135,45,104,-19.4678,4700.93,822.2
5136,45,105,-13.2041,4295.88,851.348
5137,45,106,-11.4626,4182.68,865.399
5138,45,107,-11.3155,4173.08,878.257
5139,45,108,-11.1655,4163.22,891.1
5140,45,109,-10.6427,4128.72,904.053
5141,45,110,-9.85983,4076.79,917.185
5142,45,111,-6.94589,3882.53,934.705
5143,45,112,-5.16786,3763.4,949.359
5144,45,113,-2.40939,3577.66,966.689
5145,45,114,-0.80133,3468.85,981.162
5146,45,115,-0.468813,3446.24,994.15
5147,45,116,0.967426,3348.09,1008.46
5148,45,117,2.99303,3209,1024.28
5149,45,118,3.72581,3158.44,1037.61
5150,45,119,4.066,3134.85,1050.63
5151,45,120,5.84204,3011.12,1066.16
5152,45,121,8.09178,2853.64,1083.39
5153,45,122,10.384,2692.42,1100.86
5154,45,123,11.6755,2601.16,1115.35
5155,45,124,12.5006,2542.58,1129
5156,45,125,14.0994,2428.53,1144.49
5157,45,126,15.7964,2306.91,1160.39
5158,45,127,17.5407,2181.32,1176.54
5159,45,128,19.2201,2059.84,1192.57
5160,45,129,21.3425,1905.62,1210.44
5161,45,130,23.7602,1729.12,1229.74
5162,45,131,24.809,1652.21,1244.13
5163,45,132,25.9298,1569.65,1258.74
5164,45,133,28.1745,1403.54,1277.67
5165,45,134,31.3511,1167.41,1301.96
5166,45,135,32.8384,1056.36,1317.71
5167,45,136,33.7659,986.799,1332.06
5168,45,137,34.8656,903.954,1346.86
5169,45,138,36.6055,772.299,1363.87
5170,45,139,37.4605,707.322,1378.19
5171,45,140,38.8929,597.976,1394.22
5172,45,141,39.7344,533.466,1408.6
5173,45,142,41.0233,434.216,1424.3
5174,45,143,41.5624,392.528,1438.16
5175,46,55,-77.303,8120.3,137.762
5176,46,56,-104.182,9437.36,150.644
5177,46,57,-111.259,9786.49,163.078
5178,46,58,-36.3736,6067.2,181.413
5179,46,59,-60.5495,7275.99,194.804
5180,46,60,-88.5,8682.83,208.729
5181,46,61,-91.5735,8838.56,221.4
5182,46,62,-86.7892,8594.56,234.051
5183,46,63,-68.0495,7632.59,247.925
5184,46,64,-65.0877,7479.56,260.501
5185,46,65,-58.5,7137,273.252
5186,46,66,-59.7468,7202.25,285.701
5187,46,67,-63.4726,7398.48,298.227
5188,46,68,-64.6393,7460.31,310.585
5189,46,69,-62.1913,7329.75,322.974
5190,46,70,-60.3577,7231.35,335.293
5191,46,71,-62.6308,7354.09,347.627
5192,46,72,-65.4853,7509.19,360.034
5193,46,73,-69.5402,7730.86,372.731
5194,46,74,-65.4015,7503.23,385.53
5195,46,75,-64.3248,7443.65,397.696
5196,46,76,-65.0806,7485.73,409.806
5197,46,77,-63.629,7404.44,421.986
5198,46,78,-62.7807,7356.65,434.056
5199,46,79,-59.9672,7197.21,446.717
5200,46,80,-59.3473,7161.88,458.73
5201,46,81,-57.8147,7074.01,470.939
5202,46,82,-58.0844,7089.56,482.872
5203,46,83,-59.2931,7159.67,494.982
5204,46,84,-60.7318,7243.59,507.199
5205,46,85,-62.0539,7321.16,519.381
5206,46,86,-61.1289,7266.58,531.398
5207,46,87,-59.8278,7189.38,543.614
5208,46,88,-55.228,6914.93,560.682
5209,46,89,-54.3027,6859.41,572.806
5210,46,90,-52.9756,6779.34,585.199
5211,46,91,-50.3491,6620,599.25
5212,46,92,-47.737,6460.66,613.435
5213,46,93,-44.1812,6242.57,629.758
5214,46,94,-42.1107,6114.89,643.305
5215,46,95,-40.6269,6022.9,656.17
5216,46,96,-40.305,6002.83,668.211
5217,46,97,-39.746,5967.8,680.336
5218,46,98,-35.6426,5709.29,700.402
5219,46,99,-32.9975,5541.76,715.823
5220,46,100,-31.3359,5435.97,729.338
5221,46,101,-29.8247,5339.26,742.7
5222,46,102,-28.1952,5234.42,756.36
5223,46,103,-23.5669,4935.13,780.372
5224,46,104,-17.8282,4562.11,808.4
5225,46,105,-11.4104,4142.82,837.304
5226,46,106,-9.67054,4028.57,851.278
5227,46,107,-9.57657,4022.37,864.126
5228,46,108,-9.47701,4015.76,876.959
5229,46,109,-8.99061,3983.34,889.882
5230,46,110,-8.23448,3932.67,902.97
5231,46,111,-5.28149,3733.84,920.358
5232,46,112,-3.50008,3613.3,934.921
5233,46,113,-0.709528,3423.54,952.126
5234,46,114,0.895871,3313.84,966.511
5235,46,115,1.1894,3293.68,979.47
5236,46,116,2.61938,3195.01,993.696
5237,46,117,4.65536,3053.85,1009.41
5238,46,118,5.36267,3004.58,1022.69
5239,46,119,5.66783,2983.22,1035.67
5240,46,120,7.44851,2857.97,1051.1
5241,46,121,9.71517,2697.8,1068.22
5242,46,122,12.0248,2533.81,1085.59
5243,46,123,13.3073,2442.33,1099.99
5244,46,124,14.112,2384.66,1113.58
5245,46,125,15.7104,2269.57,1128.97
5246,46,126,17.4096,2146.67,1144.77
5247,46,127,19.1571,2019.68,1160.83
5248,46,128,20.838,1896.97,1176.76
5249,46,129,22.9724,1740.45,1194.53
5250,46,130,25.4086,1560.98,1213.74
5251,46,131,26.4435,1484.4,1228.05
5252,46,132,27.5525,1401.97,1242.58
5253,46,133,29.8113,1233.31,1261.43
5254,46,134,33.0226,992.464,1285.68
5255,46,135,34.5057,880.734,1301.34
5256,46,136,35.4169,811.783,1315.62
5257,46,137,36.5047,729.116,1330.34
5258,46,138,38.2468,596.136,1347.26
5259,46,139,39.085,531.872,1361.51
5260,46,140,40.5134,421.882,1377.46
5261,46,141,41.3386,358.066,1391.76
5262,46,142,42.6211,258.461,1407.37
5263,46,143,43.1386,218.1,1421.18
5264,47,56,-111.182,9808.36,138.122
5265,47,57,-118.273,10162.9,150.645
5266,47,58,-29.7378,5706.65,168.618
5267,47,59,-58.6538,7171.73,182.078
5268,47,60,-90.8681,8814.66,195.995
5269,47,61,-94.0357,8977.26,208.736
5270,47,62,-88.3456,8683.27,221.458
5271,47,63,-67.2181,7584.64,235.327
5272,47,64,-64.0196,7417.25,247.96
5273,47,65,-56.8509,7039.7,260.745
5274,47,66,-58.3872,7121.13,273.25
5275,47,67,-62.5974,7345.67,285.828
5276,47,68,-63.9497,7418.25,298.237
5277,47,69,-61.3488,7277.8,310.665
5278,47,70,-59.4326,7173.68,323.021
5279,47,71,-61.9615,7311.93,335.4
5280,47,72,-65.0872,7483.84,347.845
5281,47,73,-69.4719,7726.46,360.566
5282,47,74,-65.0424,7479.89,373.376
5283,47,75,-63.9163,7416.82,385.574
5284,47,76,-64.7497,7463.77,397.72
5285,47,77,-63.2258,7377.42,409.926
5286,47,78,-62.3497,7327.48,422.024
5287,47,79,-59.3917,7157.89,434.684
5288,47,80,-58.7693,7122,446.722
5289,47,81,-57.1821,7029.94,458.943
5290,47,82,-57.5019,7048.6,470.906
5291,47,83,-58.8075,7125.19,483.047
5292,47,84,-60.3474,7216.04,495.293
5293,47,85,-61.7571,7299.69,507.502
5294,47,86,-60.8007,7242.62,519.535
5295,47,87,-59.4521,7161.7,531.756
5296,47,88,-54.6512,6872.05,548.683
5297,47,89,-53.7096,6814.93,560.812
5298,47,90,-52.3492,6731.94,573.196
5299,47,91,-49.6337,6565.39,587.179
5300,47,92,-46.9393,6399.23,601.289
5301,47,93,-43.2661,6171.5,617.473
5302,47,94,-41.1474,6039.43,630.958
5303,47,95,-39.6423,5945.12,643.781
5304,47,96,-39.3469,5926.51,655.825
5305,47,97,-38.8036,5892.1,667.943
5306,47,98,-34.5787,5623.11,687.791
5307,47,99,-31.8739,5450,703.093
5308,47,100,-30.1923,5341.82,716.54
5309,47,101,-28.6677,5243.23,729.837
5310,47,102,-27.0214,5136.22,743.421
5311,47,103,-22.2718,4825.91,767.183
5312,47,104,-16.3799,4439.01,794.924
5313,47,105,-9.79369,4004.32,823.545
5314,47,106,-8.04974,3888.64,837.452
5315,47,107,-8.00582,3885.71,850.298
5316,47,108,-7.95372,3882.22,863.128
5317,47,109,-7.50024,3851.69,876.032
5318,47,110,-6.76706,3802.07,889.085
5319,47,111,-3.76836,3598.16,906.343
5320,47,112,-1.97881,3475.88,920.822
5321,47,113,0.849629,3281.66,937.901
5322,47,114,2.45639,3170.79,952.207
5323,47,115,2.71319,3152.99,965.147
5324,47,116,4.1405,3053.55,979.296
5325,47,117,6.19098,2910.02,994.907
5326,47,118,6.87528,2861.89,1008.14
5327,47,119,7.14735,2842.66,1021.1
5328,47,120,8.93617,2715.65,1036.43
5329,47,121,11.2236,2552.48,1053.44
5330,47,122,13.5543,2385.45,1070.69
5331,47,123,14.8304,2293.57,1085.02
5332,47,124,15.6167,2236.7,1098.54
5333,47,125,17.2175,2120.37,1113.84
5334,47,126,18.9214,1995.99,1129.55
5335,47,127,20.6748,1867.4,1145.51
5336,47,128,22.3597,1743.28,1161.34
5337,47,129,24.5088,1584.25,1179.02
5338,47,130,26.9665,1401.56,1198.13
5339,47,131,27.9891,1325.21,1212.37
5340,47,132,29.0879,1242.8,1226.82
5341,47,133,31.3634,1071.38,1245.58
5342,47,134,34.6123,825.542,1269.76
5343,47,135,36.093,713.006,1285.34
5344,47,136,36.9893,644.594,1299.55
5345,47,137,38.0663,562.018,1314.19
5346,47,138,39.8124,427.575,1331.02
5347,47,139,40.6349,363.961,1345.21
5348,47,140,42.0608,253.22,1361.07
5349,47,141,42.8708,190.039,1375.3
5350,47,142,44.1481,89.9875,1390.83
5351,47,143,44.6447,50.9186,1404.58
5352,48,57,-132.879,10951.6,138.036
5353,48,58,-25.5909,5479.95,155.755
5354,48,59,-60.0175,7247.19,169.265
5355,48,60,-96.978,9156.81,183.149
5356,48,61,-99.7253,9299.67,195.962
5357,48,62,-92.5179,8922.48,208.767
5358,48,63,-68.2279,7643.21,222.664
5359,48,64,-64.5343,7447.45,235.362
5360,48,65,-56.5119,7019.59,248.196
5361,48,66,-58.2456,7112.63,260.759
5362,48,67,-62.891,7363.48,273.385
5363,48,68,-64.3442,7442.44,285.845
5364,48,69,-61.4709,7285.37,298.319
5365,48,70,-59.3775,7170.23,310.72
5366,48,71,-62.1217,7322.08,323.139
5367,48,72,-65.4846,7509.28,335.616
5368,48,73,-70.1761,7772,348.349
5369,48,74,-65.3663,7501.05,361.185
5370,48,75,-64.1366,7431.36,373.421
5371,48,76,-65.0123,7481.28,385.602
5372,48,77,-63.3693,7387.08,397.841
5373,48,78,-62.4274,7332.77,409.973
5374,48,79,-59.2797,7150.2,422.646
5375,48,80,-58.6263,7112.09,434.714
5376,48,81,-56.9542,7013.98,446.956
5377,48,82,-57.3053,7034.7,458.949
5378,48,83,-58.6943,7117.12,471.117
5379,48,84,-60.3236,7214.33,483.383
5380,48,85,-61.8087,7303.44,495.611
5381,48,86,-60.8006,7242.62,507.667
5382,48,87,-59.3846,7156.71,519.905
5383,48,88,-54.3528,6849.77,536.719
5384,48,89,-53.3806,6790.14,548.861
5385,48,90,-51.9722,6703.29,561.248
5386,48,91,-49.1505,6528.34,575.18
5387,48,92,-46.3577,6354.26,589.231
5388,48,93,-42.5501,6115.65,605.294
5389,48,94,-40.3718,5978.42,618.73
5390,48,95,-38.8363,5881.17,631.524
5391,48,96,-38.5617,5863.69,643.577
5392,48,97,-38.0281,5829.54,655.695
5393,48,98,-33.6679,5549.03,675.333
5394,48,99,-30.8941,5369.66,690.528
5395,48,100,-29.186,5258.63,703.917
5396,48,101,-27.6423,5157.78,717.16
5397,48,102,-25.9733,5048.18,730.678
5398,48,103,-21.0916,4725.99,754.18
5399,48,104,-15.0344,4324.19,781.618
5400,48,105,-8.2674,3873.06,809.936
5401,48,106,-6.51607,3755.72,823.783
5402,48,107,-6.52181,3756.11,836.633
5403,48,108,-6.51666,3755.76,849.465
5404,48,109,-6.09491,3727.08,862.354
5405,48,110,-5.38306,3678.44,875.38
5406,48,111,-2.33391,3469.06,892.507
5407,48,112,-0.533435,3344.83,906.909
5408,48,113,2.33692,3145.82,923.864
5409,48,114,3.94724,3033.63,938.096
5410,48,115,4.16775,3018.2,951.021
5411,48,116,5.59426,2917.86,965.1
5412,48,117,7.6618,2771.76,980.611
5413,48,118,8.32394,2724.75,993.803
5414,48,119,8.56333,2707.67,1006.74
5415,48,120,10.3624,2578.74,1021.99
5416,48,121,12.6731,2412.37,1038.88
5417,48,122,15.0273,2242.08,1056.02
5418,48,123,16.2982,2149.73,1070.27
5419,48,124,17.0667,2093.62,1083.74
5420,48,125,18.6715,1975.94,1098.95
5421,48,126,20.3817,1849.96,1114.56
5422,48,127,22.1424,1719.66,1130.42
5423,48,128,23.8327,1594.02,1146.17
5424,48,129,25.9983,1432.32,1163.74
5425,48,130,28.4793,1246.25,1182.75
5426,48,131,29.4902,1170.09,1196.91
5427,48,132,30.5795,1087.67,1211.29
5428,48,133,32.8732,913.343,1229.95
5429,48,134,36.1622,662.29,1254.06
5430,48,135,37.6413,548.886,1269.55
5431,48,136,38.5229,481.006,1283.69
5432,48,137,39.5898,398.497,1298.26
5433,48,138,41.3407,262.509,1315.01
5434,48,139,42.148,199.544,1329.12
5435,48,140,43.572,87.9991,1344.9
5436,48,141,44.367,25.4522,1359.06
5437,48,142,45.6397,-75.0871,1374.51
5438,48,143,46.1156,-112.842,1388.2
5439,49,58,-72.3636,8052.45,142.047
5440,49,59,-104.545,9725.91,155.33
5441,49,60,-140.245,11594.2,168.877
5442,49,61,-136.758,11410.5,181.665
5443,49,62,-123.231,10693.6,194.581
5444,49,63,-91.6071,9007,208.856
5445,49,64,-84.5294,8627.16,221.624
5446,49,65,-73.2108,8015.96,234.594
5447,49,66,-73.2817,8019.81,247.146
5448,49,67,-76.8333,8213.96,259.7
5449,49,68,-77.0376,8225.2,272.136
5450,49,69,-72.6818,7984.18,284.677
5451,49,70,-69.3789,7800.32,297.129
5452,49,71,-71.4921,7918.66,309.48
5453,49,72,-74.3543,8079.9,321.862
5454,49,73,-78.7115,8326.8,334.451
5455,49,74,-72.8752,7994.13,347.448
5456,49,75,-70.9982,7886.52,359.718
5457,49,76,-71.4464,7912.36,371.858
5458,49,77,-69.2463,7784.76,384.151
5459,49,78,-67.8498,7703.3,396.31
5460,49,79,-64.1492,7486.19,409.113
5461,49,80,-63.1507,7427.28,421.201
5462,49,81,-61.1029,7305.78,433.51
5463,49,82,-61.2307,7313.41,445.481
5464,49,83,-62.4748,7388.05,457.576
5465,49,84,-63.9846,7479.14,469.754
5466,49,85,-65.3521,7562.1,481.892
5467,49,86,-64.1044,7485.99,493.995
5468,49,87,-62.4464,7384.3,506.31
5469,49,88,-57.0098,7049.05,523.455
5470,49,89,-55.8606,6977.8,535.645
5471,49,90,-54.2671,6878.47,548.105
5472,49,91,-51.2073,6686.72,562.185
5473,49,92,-48.1942,6496.89,576.367
5474,49,93,-44.1357,6239.86,592.576
5475,49,94,-41.7937,6090.75,606.092
5476,49,95,-40.1324,5984.43,618.946
5477,49,96,-39.7924,5962.55,631.02
5478,49,97,-39.1867,5923.39,643.167
5479,49,98,-34.6058,5625.62,662.873
5480,49,99,-31.6864,5434.89,678.113
5481,49,100,-29.8822,5316.41,691.539
5482,49,101,-28.2539,5208.95,704.815
5483,49,102,-26.5005,5092.64,718.362
5484,49,103,-21.4221,4754.08,741.765
5485,49,104,-15.1367,4332.96,768.999
5486,49,105,-8.12873,3861.09,797.063
5487,49,106,-6.32179,3738.82,810.904
5488,49,107,-6.33431,3739.67,823.771
5489,49,108,-6.33523,3739.73,836.62
5490,49,109,-5.90561,3710.23,849.523
5491,49,110,-5.1769,3659.95,862.558
5492,49,111,-2.03749,3442.28,879.614
5493,49,112,-0.190018,3313.58,893.991
5494,49,113,2.75809,3107.21,910.87
5495,49,114,4.40445,2991.42,925.077
5496,49,115,4.61789,2976.33,938.013
5497,49,116,6.07312,2873.01,952.067
5498,49,117,8.1867,2722.24,967.524
5499,49,118,8.85277,2674.51,980.712
5500,49,119,9.084,2657.86,993.657
5501,49,120,10.9185,2525.16,1008.85
5502,49,121,13.2773,2353.76,1025.66
5503,49,122,15.6789,2178.44,1042.71
5504,49,123,16.9663,2084.03,1056.92
5505,49,124,17.7375,2027.22,1070.38
5506,49,125,19.3664,1906.68,1085.53
5507,49,126,21.1027,1777.62,1101.08
5508,49,127,22.8897,1644.19,1116.87
5509,49,128,24.6036,1515.65,1132.54
5510,49,129,26.8036,1349.91,1150.02
5511,49,130,29.3255,1159.09,1168.92
5512,49,131,30.3404,1081.96,1183.04
5513,49,132,31.4354,998.37,1197.37
5514,49,133,33.7629,819.925,1215.93
5515,49,134,37.1076,562.383,1239.87
5516,49,135,38.5991,447.044,1255.31
5517,49,136,39.4789,378.711,1269.41
5518,49,137,40.5483,295.296,1283.93
5519,49,138,42.3169,156.762,1300.59
5520,49,139,43.1204,93.5504,1314.67
5521,49,140,44.5542,-19.7195,1330.38
5522,49,141,45.3453,-82.4771,1344.5
5523,49,142,46.6242,-184.364,1359.89
5524,49,143,47.0894,-221.58,1373.55
5525,50,59,-143.424,11903.1,141.877
5526,50,60,-178.545,13764.5,155.225
5527,50,61,-168.094,13207.2,168.095
5528,50,62,-147.665,12110.8,181.18
5529,50,63,-108.033,9970.65,195.722
5530,50,64,-97.8214,9415.82,208.595
5531,50,65,-83.4265,8628.9,221.69
5532,50,66,-82.3039,8567.16,234.293
5533,50,67,-85.2477,8730.04,246.861
5534,50,68,-84.5877,8693.31,259.338
5535,50,69,-79.0414,8382.71,271.961
5536,50,70,-74.8182,8144.81,284.485
5537,50,71,-76.629,8247.42,296.847
5538,50,72,-79.2935,8399.29,309.221
5539,50,73,-83.6022,8646.33,321.766
5540,50,74,-76.9077,8260.28,334.865
5541,50,75,-74.5761,8125.04,347.191
5542,50,76,-74.7924,8137.66,359.352
5543,50,77,-72.1962,7985.35,371.705
5544,50,78,-70.5,7885.28,383.913
5545,50,79,-66.376,7640.58,396.788
5546,50,80,-65.1694,7568.59,408.918
5547,50,81,-62.8675,7430.48,421.28
5548,50,82,-62.8961,7432.2,433.275
5549,50,83,-64.1154,7506.17,445.368
5550,50,84,-65.6176,7597.81,457.532
5551,50,85,-66.9704,7680.78,469.657
5552,50,86,-65.5678,7594.29,481.806
5553,50,87,-63.7455,7481.3,494.172
5554,50,88,-57.9636,7120.9,511.34
5555,50,89,-56.7092,7042.29,523.567
5556,50,90,-54.9965,6934.39,536.063
5557,50,91,-51.7563,6729.18,550.16
5558,50,92,-48.5775,6526.79,564.348
5559,50,93,-44.3171,6254.13,580.513
5560,50,94,-41.863,6096.25,594.026
5561,50,95,-40.1264,5983.95,606.887
5562,50,96,-39.7722,5960.92,618.982
5563,50,97,-39.1422,5919.76,631.148
5564,50,98,-34.376,5606.78,650.704
5565,50,99,-31.3491,5407.01,665.881
5566,50,100,-29.4873,5283.51,679.285
5567,50,101,-27.8116,5171.8,692.54
5568,50,102,-26.0087,5051,706.055
5569,50,103,-20.7604,4697.62,729.209
5570,50,104,-14.2706,4258.47,756.122
5571,50,105,-7.04323,3767.01,783.857
5572,50,106,-5.21098,3641.81,797.66
5573,50,107,-5.26224,3645.33,810.539
5574,50,108,-5.29953,3647.9,823.4
5575,50,109,-4.89011,3619.51,836.302
5576,50,110,-4.17081,3569.4,849.327
5577,50,111,-0.96258,3344.83,866.267
5578,50,112,0.909418,3213.16,880.586
5579,50,113,3.91529,3000.75,897.353
5580,50,114,5.5767,2882.79,911.504
5581,50,115,5.76109,2869.63,924.438
5582,50,116,7.22564,2764.68,938.44
5583,50,117,9.36748,2610.46,953.811
5584,50,118,10.0186,2563.36,966.976
5585,50,119,10.2232,2548.5,979.915
5586,50,120,12.0773,2413.15,995.027
5587,50,121,14.4694,2237.73,1011.73
5588,50,122,16.9041,2058.37,1028.67
5589,50,123,18.1932,1962.98,1042.82
5590,50,124,18.9522,1906.56,1056.24
5591,50,125,20.5921,1784.11,1071.31
5592,50,126,22.3416,1652.9,1086.77
5593,50,127,24.1427,1517.22,1102.48
5594,50,128,25.8682,1386.66,1118.06
5595,50,129,28.0917,1217.67,1135.43
5596,50,130,30.644,1022.85,1154.22
5597,50,131,31.6514,945.607,1168.28
5598,50,132,32.7413,861.688,1182.55
5599,50,133,35.0931,679.811,1200.99
5600,50,134,38.4852,416.357,1224.82
5601,50,135,39.9793,299.818,1240.18
5602,50,136,40.8477,231.799,1254.23
5603,50,137,41.9103,148.206,1268.68
5604,50,138,43.6879,7.7712,1285.25
5605,50,139,44.4789,-54.975,1299.28
5606,50,140,45.9143,-169.333,1314.91
5607,50,141,46.693,-231.628,1328.97
5608,50,142,47.9704,-334.249,1344.28
5609,50,143,48.4169,-370.263,1357.9
5610,51,60,-107.697,9726.18,140.409
5611,51,61,-108.227,9754.82,153.132
5612,51,62,-94.3706,9001.94,165.885
5613,51,63,-56.8407,6950.3,179.859
5614,51,64,-52.4835,6710.66,192.437
5615,51,65,-42.2143,6142.43,205.122
5616,51,66,-46.1029,6358.9,217.574
5617,51,67,-53.652,6781.64,230.132
5618,51,68,-56.4293,6938.1,242.461
5619,51,69,-53.2632,6758.68,254.757
5620,51,70,-51.1955,6640.83,266.969
5621,51,71,-55.4286,6883.52,279.287
5622,51,72,-60.2626,7162.28,291.687
5623,51,73,-66.6008,7529.9,304.409
5624,51,74,-60.7652,7189.49,317.128
5625,51,75,-59.5385,7117.52,329.175
5626,51,76,-60.9282,7199.52,341.202
5627,51,77,-59.1667,7095,353.243
5628,51,78,-58.28,7042.09,365.171
5629,51,79,-54.7143,6828.15,377.682
5630,51,80,-54.2047,6797.41,389.539
5631,51,81,-52.4617,6691.67,401.562
5632,51,82,-53.1424,6733.19,413.381
5633,51,83,-55.0267,6848.76,425.471
5634,51,84,-57.152,6979.82,437.698
5635,51,85,-59.0658,7098.48,449.872
5636,51,86,-58.0245,7033.56,461.722
5637,51,87,-56.5114,6938.74,473.768
5638,51,88,-50.8059,6579.3,491.095
5639,51,89,-49.8543,6519.03,503.033
5640,51,90,-48.3987,6426.36,515.222
5641,51,91,-45.3223,6229.47,529.114
5642,51,92,-42.2984,6034.93,543.109
5643,51,93,-38.132,5765.5,559.316
5644,51,94,-35.8474,5617.01,572.578
5645,51,95,-34.3011,5515.98,585.153
5646,51,96,-34.1847,5508.34,597.024
5647,51,97,-33.7656,5480.68,608.932
5648,51,98,-29.0249,5166.21,629.022
5649,51,99,-26.0929,4970.74,644.118
5650,51,100,-24.3669,4855.1,657.282
5651,51,101,-22.8262,4751.36,670.29
5652,51,102,-21.1457,4637.65,683.577
5653,51,103,-15.8829,4279.78,707.655
5654,51,104,-9.33333,3832.22,735.683
5655,51,105,-2.02273,3330.23,764.296
5656,51,106,-0.30434,3211.66,777.912
5657,51,107,-0.529557,3227.27,790.701
5658,51,108,-0.731336,3241.33,803.471
5659,51,109,-0.462887,3222.54,816.236
5660,51,110,0.132815,3180.64,829.099
5661,51,111,3.30513,2956.46,846.007
5662,51,112,5.09985,2829.04,860.16
5663,51,113,8.06812,2617.3,876.885
5664,51,114,9.65167,2503.82,890.868
5665,51,115,9.71635,2499.16,903.683
5666,51,116,11.1054,2398.68,917.515
5667,51,117,13.1954,2246.81,932.774
5668,51,118,13.7531,2206.1,945.778
5669,51,119,13.8553,2198.6,958.591
5670,51,120,15.6586,2065.76,973.584
5671,51,121,18.0173,1891.22,990.267
5672,51,122,20.421,1712.54,1007.2
5673,51,123,21.6491,1620.85,1021.19
5674,51,124,22.3352,1569.39,1034.45
5675,51,125,23.9286,1449.35,1049.4
5676,51,126,25.6364,1320.13,1064.77
5677,51,127,27.3987,1186.2,1080.39
5678,51,128,29.0849,1057.48,1095.89
5679,51,129,31.2832,888.94,1113.29
5680,51,130,33.8196,693.642,1132.18
5681,51,131,34.7735,619.872,1146.1
5682,51,132,35.8138,539.077,1160.22
5683,51,133,38.1483,356.985,1178.76
5684,51,134,41.5484,90.6425,1203.03
5685,51,135,43.0056,-23.9886,1218.28
5686,51,136,43.8237,-88.6223,1232.19
5687,51,137,44.8423,-169.434,1246.51
5688,51,138,46.5938,-308.964,1263.04
5689,51,139,47.3372,-368.435,1276.92
5690,51,140,48.741,-481.21,1292.46
5691,51,141,49.4747,-540.393,1306.39
5692,51,142,50.7194,-641.217,1321.6
5693,51,143,51.1163,-673.501,1335.09
5694,52,61,-86.2424,8479.7,140.206
5695,52,62,-73.8636,7798.86,152.979
5696,52,63,-33.4965,5565.22,166.72
5697,52,64,-32.0604,5485.27,179.321
5698,52,65,-23.2418,4991.43,191.946
5699,52,66,-30.1786,5382.2,204.484
5700,52,67,-40.6618,5976.25,217.169
5701,52,68,-45.2941,6240.29,229.569
5702,52,69,-43.0134,6109.53,241.853
5703,52,70,-41.807,6039.96,254.059
5704,52,71,-47.4023,6364.49,266.474
5705,52,72,-53.461,6717.92,278.982
5706,52,73,-60.9938,7159.84,291.83
5707,52,74,-55.1383,6814.37,304.456
5708,52,75,-54.2783,6763.34,316.5
5709,52,76,-56.2,6878,328.577
5710,52,77,-54.6667,6786,340.594
5711,52,78,-54.0476,6748.65,352.514
5712,52,79,-50.5296,6535.22,364.929
5713,52,80,-50.2734,6519.6,376.78
5714,52,81,-48.6763,6421.64,388.75
5715,52,82,-49.6452,6481.39,400.599
5716,52,83,-51.8658,6619.07,412.768
5717,52,84,-54.3115,6771.52,425.083
5718,52,85,-56.505,6908.97,437.338
5719,52,86,-55.5504,6848.84,449.154
5720,52,87,-54.0907,6756.39,461.14
5721,52,88,-48.2077,6381.83,478.216
5722,52,89,-47.3427,6326.48,490.11
5723,52,90,-45.9413,6236.32,502.226
5724,52,91,-42.834,6035.38,515.963
5725,52,92,-39.784,5837.13,529.8
5726,52,93,-35.5389,5559.78,545.805
5727,52,94,-33.2686,5410.7,558.935
5728,52,95,-31.7692,5311.74,571.404
5729,52,96,-31.7602,5311.14,583.253
5730,52,97,-31.4283,5289.02,595.115
5731,52,98,-26.5853,4964.54,615.015
5732,52,99,-23.6328,4765.73,629.948
5733,52,100,-21.9367,4650.97,642.988
5734,52,101,-20.4317,4548.62,655.877
5735,52,102,-18.7792,4435.7,669.035
5736,52,103,-13.405,4066.67,693.005
5737,52,104,-6.70174,3604.15,720.944
5738,52,105,0.782161,3085.27,749.442
5739,52,106,2.46104,2968.31,762.96
5740,52,107,2.12902,2991.55,775.746
5741,52,108,1.82687,3012.8,788.511
5742,52,109,2.01636,2999.41,801.241
5743,52,110,2.54822,2961.65,814.048
5744,52,111,5.74576,2733.55,830.82
5745,52,112,7.5193,2606.45,844.862
5746,52,113,10.5053,2391.46,861.457
5747,52,114,12.0617,2278.88,875.333
5748,52,115,12.0531,2279.5,888.12
5749,52,116,13.413,2180.23,901.849
5750,52,117,15.4964,2027.45,916.989
5751,52,118,16.0021,1990.2,929.926
5752,52,119,16.0411,1987.31,942.703
5753,52,120,17.8334,1854.08,957.582
5754,52,121,20.1973,1677.58,974.154
5755,52,122,22.6073,1496.83,990.979
5756,52,123,23.8088,1406.32,1004.87
5757,52,124,24.4545,1357.45,1018.04
5758,52,125,26.0337,1237.44,1032.89
5759,52,126,27.7309,1107.89,1048.14
5760,52,127,29.4844,973.447,1063.67
5761,52,128,31.1603,844.405,1079.06
5762,52,129,33.3618,674.158,1096.37
5763,52,130,35.9097,476.269,1115.2
5764,52,131,36.8352,404.078,1129.02
5765,52,132,37.8503,324.565,1143.04
5766,52,133,40.192,140.346,1161.52
5767,52,134,43.6248,-130.846,1185.84
5768,52,135,45.0673,-245.279,1200.99
5769,52,136,45.8562,-308.127,1214.81
5770,52,137,46.8512,-387.731,1229.03
5771,52,138,48.5967,-527.953,1245.48
5772,52,139,49.3115,-585.611,1259.27
5773,52,140,50.7025,-698.283,1274.72
5774,52,141,51.4089,-755.736,1288.56
5775,52,142,52.6385,-856.152,1303.68
5776,52,143,53.0023,-885.988,1317.09
5777,53,62,-94.7273,9029.82,140.085
5778,53,63,-43.2273,6145.82,153.966
5779,53,64,-39.9301,5960.08,166.664
5780,53,65,-28.544,5314.86,179.389
5781,53,66,-35.7143,5723.57,191.98
5782,53,67,-46.8571,6362.43,204.678
5783,53,68,-51.2941,6618.29,217.115
5784,53,69,-48.0392,6429.51,229.47
5785,53,70,-46.1404,6318.74,241.74
5786,53,71,-51.8684,6654.79,254.155
5787,53,72,-58.0865,7021.65,266.639
5788,53,73,-65.8961,7485.03,279.416
5789,53,74,-59.0627,7077.3,292.135
5790,53,75,-57.7866,7000.73,304.227
5791,53,76,-59.5761,7108.7,316.312
5792,53,77,-57.65,6991.85,328.382
5793,53,78,-56.7538,6937.18,340.344
5794,53,79,-52.7747,6693.13,352.829
5795,53,80,-52.3399,6666.32,364.715
5796,53,81,-50.4901,6551.63,376.736
5797,53,82,-51.4027,6608.51,388.597
5798,53,83,-53.6532,6749.55,400.743
5799,53,84,-56.14,6906.22,413.02
5800,53,85,-58.3556,7046.54,425.235
5801,53,86,-57.2361,6975.26,437.095
5802,53,87,-55.5966,6870.34,449.134
5803,53,88,-49.3031,6465.45,466.247
5804,53,89,-48.3321,6402.66,478.178
5805,53,90,-46.8049,6303.39,490.334
5806,53,91,-43.4939,6087.08,504.099
5807,53,92,-40.2584,5874.61,517.949
5808,53,93,-35.7831,5579.24,533.915
5809,53,94,-33.3932,5420.71,547.049
5810,53,95,-31.8182,5315.71,559.532
5811,53,96,-31.8066,5314.93,571.404
5812,53,97,-31.4578,5291.45,583.289
5813,53,98,-26.403,4949.41,603.029
5814,53,99,-23.3326,4740.62,617.904
5815,53,100,-21.5784,4620.75,630.928
5816,53,101,-20.0265,4514.19,643.802
5817,53,102,-18.3241,4396.72,656.936
5818,53,103,-12.757,4010.73,680.629
5819,53,104,-5.82088,3527.52,708.212
5820,53,105,1.91219,2986.2,736.354
5821,53,106,3.6114,2866.69,749.839
5822,53,107,3.22547,2893.96,762.645
5823,53,108,2.87338,2918.96,775.429
5824,53,109,3.0328,2907.59,788.167
5825,53,110,3.54794,2870.67,800.972
5826,53,111,6.81999,2635.08,817.627
5827,53,112,8.61684,2505.11,831.616
5828,53,113,11.6647,2283.63,848.098
5829,53,114,13.234,2169.07,861.924
5830,53,115,13.1879,2172.46,874.718
5831,53,116,14.5548,2071.76,888.4
5832,53,117,16.6672,1915.44,903.456
5833,53,118,17.1527,1879.35,916.377
5834,53,119,17.1586,1878.91,929.157
5835,53,120,18.9707,1743.01,943.958
5836,53,121,21.3701,1562.25,960.421
5837,53,122,23.8155,1377.22,977.134
5838,53,123,25.0168,1285.92,990.968
5839,53,124,25.6469,1237.82,1004.11
5840,53,125,27.2367,1115.94,1018.88
5841,53,126,28.9472,984.225,1034.05
5842,53,127,30.7151,847.51,1049.48
5843,53,128,32.4027,716.44,1064.78
5844,53,129,34.6291,542.782,1081.98
5845,53,130,37.2098,340.622,1100.7
5846,53,131,38.1259,268.561,1114.46
5847,53,132,39.134,188.915,1128.42
5848,53,133,41.5019,1.06222,1146.78
5849,53,134,44.9865,-276.543,1170.98
5850,53,135,46.4309,-392.093,1186.05
5851,53,136,47.2061,-454.368,1199.82
5852,53,137,48.1928,-533.962,1213.98
5853,53,138,49.9477,-676.109,1230.33
5854,53,139,50.6478,-733.054,1244.07
5855,53,140,52.0401,-846.754,1259.44
5856,53,141,52.7323,-903.516,1273.22
5857,53,142,53.9598,-1004.58,1288.27
5858,53,143,54.3026,-1032.92,1301.64
5859,54,63,25.1212,2044.91,139.174
5860,54,64,16.5909,2531.14,151.81
5861,54,65,20.4545,2309.62,164.317
5862,54,66,4.64286,3221.43,177.021
5863,54,67,-13.8571,4294.43,189.949
5864,54,68,-23.2857,4844.43,202.457
5865,54,69,-23.125,4835,214.689
5866,54,70,-23.9338,4882.72,226.855
5867,54,71,-32.7657,5406.75,239.422
5868,54,72,-41.6491,5936.79,252.093
5869,54,73,-51.8835,6550.85,265.139
5870,54,74,-45.7338,6179.82,277.621
5871,54,75,-45.5534,6168.87,289.622
5872,54,76,-48.5623,6352.42,301.741
5873,54,77,-47.3935,6280.73,313.683
5874,54,78,-47.2462,6271.65,325.55
5875,54,79,-43.6923,6051.31,337.809
5876,54,80,-43.898,6064.13,349.61
5877,54,81,-42.5192,5977.72,361.463
5878,54,82,-44.0443,6073.81,373.325
5879,54,83,-46.9355,6256.91,385.598
5880,54,84,-50.0161,6453.05,398.036
5881,54,85,-52.7529,6628.2,410.393
5882,54,86,-51.9051,6573.66,422.124
5883,54,87,-50.4828,6481.69,433.998
5884,54,88,-44.1218,6068.22,450.928
5885,54,89,-43.3848,6020.07,462.727
5886,54,90,-42.0424,5931.92,474.712
5887,54,91,-38.8079,5718.44,488.259
5888,54,92,-35.6468,5508.75,501.895
5889,54,93,-31.1782,5210.85,517.697
5890,54,94,-28.8963,5057.96,530.623
5891,54,95,-27.4605,4961.28,542.916
5892,54,96,-27.651,4974.17,554.71
5893,54,97,-27.4753,4962.23,566.479
5894,54,98,-22.3729,4613.56,586.266
5895,54,99,-19.3441,4405.59,600.972
5896,54,100,-17.685,4291.11,613.807
5897,54,101,-16.2307,4190.28,626.494
5898,54,102,-14.6138,4077.63,639.438
5899,54,103,-8.97239,3682.73,663.419
5900,54,104,-1.91267,3186.2,691.377
5901,54,105,5.96751,2629.33,719.772
5902,54,106,7.57781,2515,733.119
5903,54,107,7.03068,2554.03,745.908
5904,54,108,6.52742,2590.1,758.675
5905,54,109,6.56203,2587.61,771.35
5906,54,110,6.97142,2557.99,784.065
5907,54,111,10.2382,2320.6,800.603
5908,54,112,11.9801,2193.45,814.449
5909,54,113,15.0175,1970.71,830.815
5910,54,114,16.5283,1859.41,844.502
5911,54,115,16.3744,1870.8,857.246
5912,54,116,17.6836,1773.48,870.792
5913,54,117,19.7642,1618.13,885.716
5914,54,118,20.1694,1587.74,898.538
5915,54,119,20.084,1594.17,911.26
5916,54,120,21.8629,1459.57,925.931
5917,54,121,24.2478,1278.32,942.303
5918,54,122,26.6807,1092.61,958.933
5919,54,123,27.8344,1004.16,972.634
5920,54,124,28.4029,960.38,985.663
5921,54,125,29.9603,839.943,1000.3
5922,54,126,31.6431,709.248,1015.36
5923,54,127,33.3859,573.31,1030.68
5924,54,128,35.0472,443.169,1045.88
5925,54,129,37.2626,268.892,1063.03
5926,54,130,39.842,65.1204,1081.75
5927,54,131,40.714,-4.06085,1095.38
5928,54,132,41.6822,-81.1919,1109.22
5929,54,133,44.0456,-270.263,1127.57
5930,54,134,47.5534,-552.058,1152
5931,54,135,48.9704,-666.362,1166.96
5932,54,136,49.7031,-725.71,1180.61
5933,54,137,50.6538,-803.037,1194.65
5934,54,138,52.3921,-944.997,1210.93
5935,54,139,53.0517,-999.082,1224.56
5936,54,140,54.4207,-1111.8,1239.83
5937,54,141,55.0745,-1165.85,1253.5
5938,54,142,56.277,-1265.65,1268.43
5939,54,143,56.5759,-1290.56,1281.72
5940,55,64,-28.2121,5264.12,138.215
5941,55,65,-15.5,4526.82,150.811
5942,55,66,-27.9545,5253.33,163.352
5943,55,67,-44.2857,6211.43,176.023
5944,55,68,-50.7143,6590.71,188.358
5945,55,69,-46.875,6362.92,200.578
5946,55,70,-44.8162,6240.07,212.702
5947,55,71,-52.2304,6684.93,225.021
5948,55,72,-59.9381,7149.96,237.41
5949,55,73,-69.3246,7719.4,250.118
5950,55,74,-60.8158,7200.37,262.829
5951,55,75,-59.1818,7100.15,274.78
5952,55,76,-61.2253,7226.17,286.716
5953,55,77,-58.8538,7079.13,298.655
5954,55,78,-57.7391,7009.65,310.464
5955,55,79,-53.0615,6716.52,322.899
5956,55,80,-52.5624,6685.08,334.626
5957,55,81,-50.4396,6550.63,346.513
5958,55,82,-51.5079,6618.65,358.22
5959,55,83,-54.0837,6783.5,370.268
5960,55,84,-56.8932,6964.25,382.464
5961,55,85,-59.3629,7123.95,394.581
5962,55,86,-58.0489,7038.54,406.315
5963,55,87,-56.1681,6915.66,418.267
5964,55,88,-49.0985,6451.43,436.1
5965,55,89,-48.035,6381.24,447.914
5966,55,90,-46.3597,6270.11,459.979
5967,55,91,-42.7169,6027.25,473.842
5968,55,92,-39.1837,5790.53,487.767
5969,55,93,-34.3047,5462.01,503.978
5970,55,94,-31.7523,5289.3,517.059
5971,55,95,-30.1071,5177.43,529.439
5972,55,96,-30.1807,5182.45,541.208
5973,55,97,-29.8792,5161.75,552.977
5974,55,98,-24.4355,4786.14,573.157
5975,55,99,-21.1805,4560.45,588.027
5976,55,100,-19.3694,4434.28,600.945
5977,55,101,-17.7816,4323.13,613.704
5978,55,102,-16.0326,4200.12,626.726
5979,55,103,-10.1031,3781.1,650.833
5980,55,104,-2.71573,3256.6,678.752
5981,55,105,5.50498,2670.19,706.987
5982,55,106,7.195,2549.07,720.354
5983,55,107,6.64167,2588.91,733.157
5984,55,108,6.13417,2625.62,745.936
5985,55,109,6.18434,2621.97,758.631
5986,55,110,6.62184,2590.04,771.366
5987,55,111,10.0156,2341.16,787.879
5988,55,112,11.8252,2207.86,801.731
5989,55,113,14.9708,1975.08,818.062
5990,55,114,16.5335,1858.92,831.751
5991,55,115,16.3744,1870.8,844.512
5992,55,116,17.7258,1769.44,858.06
5993,55,117,19.8711,1607.83,872.962
5994,55,118,20.2856,1576.47,885.797
5995,55,119,20.1941,1583.42,898.535
5996,55,120,22.0235,1443.78,913.183
5997,55,121,24.4748,1255.84,929.501
5998,55,122,26.9726,1063.52,946.068
5999,55,123,28.1513,972.364,959.758
6000,55,124,28.727,927.65,972.79
6001,55,125,30.3191,803.466,987.399
6002,55,126,32.0386,668.767,1002.41
6003,55,127,33.8183,528.764,1017.69
6004,55,128,35.5129,394.892,1032.84
6005,55,129,37.775,215.437,1049.9
6006,55,130,40.4087,5.61176,1068.51
6007,55,131,41.2887,-64.7852,1082.13
6008,55,132,42.267,-143.372,1095.94
6009,55,133,44.6754,-337.651,1114.19
6010,55,134,48.2552,-627.612,1138.43
6011,55,135,49.6898,-744.298,1153.34
6012,55,136,50.4228,-804.161,1166.97
6013,55,137,51.3791,-882.578,1180.99
6014,55,138,53.1415,-1027.68,1197.19
6015,55,139,53.799,-1082.03,1210.8
6016,55,140,55.1825,-1196.86,1226.01
6017,55,141,55.8338,-1251.14,1239.65
6018,55,142,57.0463,-1352.59,1254.54
6019,55,143,57.3347,-1376.81,1267.81
6020,56,65,1.21212,3490.67,138.154
6021,56,66,-16.5455,4538.36,150.831
6022,56,67,-37.5,5781.67,163.622
6023,56,68,-45.9615,6286.54,176.056
6024,56,69,-42.2527,6064.01,188.341
6025,56,70,-40.5357,5960.42,200.528
6026,56,71,-49.4118,6498.9,212.929
6027,56,72,-58.3578,7044.61,225.383
6028,56,73,-68.9628,7695.05,238.128
6029,56,74,-59.5965,7117.46,250.844
6030,56,75,-57.9211,7013.58,262.843
6031,56,76,-60.2792,7160.57,274.834
6032,56,77,-57.7781,7003.83,286.808
6033,56,78,-56.6601,6933.4,298.657
6034,56,79,-51.6826,6618.16,311.081
6035,56,80,-51.2538,6590.86,322.845
6036,56,81,-49.0684,6450.99,334.744
6037,56,82,-50.3175,6531.35,346.498
6038,56,83,-53.1623,6715.31,358.591
6039,56,84,-56.2291,6914.66,370.825
6040,56,85,-58.9077,7089.66,382.974
6041,56,86,-57.5383,6999.74,394.729
6042,56,87,-55.5718,6869.95,406.686
6043,56,88,-48.11,6374.98,424.297
6044,56,89,-47.042,6303.78,436.119
6045,56,90,-45.3277,6188.92,448.173
6046,56,91,-41.5399,5933.88,461.94
6047,56,92,-37.8793,5686.18,475.762
6048,56,93,-32.8121,5341.61,491.787
6049,56,94,-30.2055,5163.49,504.79
6050,56,95,-28.5553,5050.18,517.124
6051,56,96,-28.7082,5060.72,528.91
6052,56,97,-28.4624,5043.69,540.68
6053,56,98,-22.8315,4651.4,560.587
6054,56,99,-19.5014,4418.29,575.315
6055,56,100,-17.6845,4290.5,588.158
6056,56,101,-16.1008,4178.59,600.846
6057,56,102,-14.349,4054.21,613.784
6058,56,103,-8.24251,3618.61,637.606
6059,56,104,-0.629592,3073.02,665.215
6060,56,105,7.83649,2463.46,693.147
6061,56,106,9.50136,2343.04,706.449
6062,56,107,8.83804,2391.24,719.275
6063,56,108,8.22851,2435.73,732.075
6064,56,109,8.20297,2437.61,744.766
6065,56,110,8.58297,2409.61,757.48
6066,56,111,12.0279,2154.69,773.851
6067,56,112,13.8304,2020.7,787.619
6068,56,113,17.0153,1782.9,803.814
6069,56,114,18.5617,1666.92,817.424
6070,56,115,18.3297,1684.4,830.186
6071,56,116,19.6613,1583.64,843.659
6072,56,117,21.8134,1420.08,858.451
6073,56,118,22.1793,1392.14,871.252
6074,56,119,22.0258,1403.92,883.985
6075,56,120,23.8551,1263.06,898.53
6076,56,121,26.3252,1072.04,914.726
6077,56,122,28.8423,876.544,931.172
6078,56,123,30.0007,786.19,944.781
6079,56,124,30.5395,743.985,957.761
6080,56,125,32.1253,619.234,972.269
6081,56,126,33.8424,483.582,987.177
6082,56,127,35.6214,342.445,1002.35
6083,56,128,37.313,207.68,1017.39
6084,56,129,39.5876,25.7183,1034.35
6085,56,130,42.2432,-187.622,1052.85
6086,56,131,43.0981,-256.579,1066.39
6087,56,132,44.0548,-334.07,1080.12
6088,56,133,46.4791,-531.248,1098.28
6089,56,134,50.1038,-827.268,1122.47
6090,56,135,51.5281,-944.061,1137.29
6091,56,136,52.2339,-1002.17,1150.85
6092,56,137,53.1693,-1079.5,1164.78
6093,56,138,54.931,-1225.72,1180.89
6094,56,139,55.5616,-1278.26,1194.43
6095,56,140,56.9361,-1393.27,1209.54
6096,56,141,57.5618,-1445.83,1223.12
6097,56,142,58.7625,-1547.08,1237.91
6098,56,143,59.0184,-1568.75,1251.13
6099,57,66,-44,6268,137.922
6100,57,67,-63.7727,7454.36,150.624
6101,57,68,-69.2657,7785.78,163.038
6102,57,69,-61.4011,7308.65,175.415
6103,57,70,-56.7033,7022.09,187.668
6104,57,71,-64.6071,7506.86,199.977
6105,57,72,-72.7721,8010.36,212.305
6106,57,73,-82.9289,8640.09,224.855
6107,57,74,-70.9701,7894.65,237.792
6108,57,75,-67.9211,7703.58,249.842
6109,57,76,-69.515,7804,261.787
6110,57,77,-65.8961,7574.8,273.836
6111,57,78,-63.9385,7450.16,285.724
6112,57,79,-57.8953,7063.4,298.303
6113,57,80,-56.913,7000.21,310.089
6114,57,81,-54.1,6818.3,322.067
6115,57,82,-55.0581,6880.58,333.787
6116,57,83,-57.7625,7057.26,345.783
6117,57,84,-60.7198,7251.46,357.898
6118,57,85,-63.2734,7420,369.931
6119,57,86,-61.5217,7303.8,381.747
6120,57,87,-59.1714,7147.11,393.801
6121,57,88,-51.0181,6600.85,411.747
6122,57,89,-49.7092,6512.71,423.618
6123,57,90,-47.7372,6379.27,435.745
6124,57,91,-43.5952,6097.62,449.642
6125,57,92,-39.6171,5825.78,463.57
6126,57,93,-34.1821,5452.57,479.678
6127,57,94,-31.3661,5258.27,492.738
6128,57,95,-29.5719,5133.87,505.118
6129,57,96,-29.6815,5141.51,516.922
6130,57,97,-29.3763,5120.15,528.718
6131,57,98,-23.4337,4702.18,548.583
6132,57,99,-19.9207,4453.93,563.312
6133,57,100,-18.0021,4317.71,576.174
6134,57,101,-16.334,4198.72,588.88
6135,57,102,-14.4958,4066.98,601.828
6136,57,103,-8.12327,3608.16,625.428
6137,57,104,-0.198111,3034.91,652.705
6138,57,105,8.59592,2395.87,680.285
6139,57,106,10.297,2271.69,693.576
6140,57,107,9.57647,2324.53,706.426
6141,57,108,8.91509,2373.25,719.25
6142,57,109,8.86268,2377.13,731.959
6143,57,110,9.23232,2349.66,744.685
6144,57,111,12.7789,2084.85,760.963
6145,57,112,14.6189,1946.84,774.7
6146,57,113,17.8879,1700.58,790.801
6147,57,114,19.4575,1581.81,804.381
6148,57,115,19.1873,1602.35,817.161
6149,57,116,20.5347,1499.5,830.606
6150,57,117,22.7287,1331.29,845.334
6151,57,118,23.077,1304.47,858.135
6152,57,119,22.89,1318.93,870.884
6153,57,120,24.7495,1174.51,885.368
6154,57,121,27.2681,978.059,901.467
6155,57,122,29.8329,777.153,917.811
6156,57,123,30.9963,685.633,931.382
6157,57,124,31.5216,644.129,944.348
6158,57,125,33.125,516.934,958.793
6159,57,126,34.8626,378.504,973.628
6160,57,127,36.663,234.471,988.718
6161,57,128,38.3726,97.1276,1003.69
6162,57,129,40.6805,-89.036,1020.53
6163,57,130,43.3784,-307.568,1038.91
6164,57,131,44.2257,-376.487,1052.41
6165,57,132,45.1779,-454.248,1066.09
6166,57,133,47.636,-655.814,1084.13
6167,57,134,51.3241,-959.46,1108.16
6168,57,135,52.7535,-1077.63,1122.91
6169,57,136,53.4463,-1135.13,1136.43
6170,57,137,54.3749,-1212.51,1150.31
6171,57,138,56.1502,-1361.05,1166.33
6172,57,139,56.7665,-1412.82,1179.83
6173,57,140,58.1451,-1529.08,1194.88
6174,57,141,58.7571,-1580.89,1208.41
6175,57,142,59.9579,-1682.96,1223.13
6176,57,143,60.1922,-1702.95,1236.33
6177,58,67,-97.3939,9606.12,137.518
6178,58,68,-97.7727,9629.23,149.952
6179,58,69,-83.8462,8775.06,162.463
6180,58,70,-74.9725,8227.86,174.821
6181,58,71,-81.3956,8626.09,187.071
6182,58,72,-88.4107,9063.36,199.305
6183,58,73,-97.8824,9656.92,211.693
6184,58,74,-82.7574,8704.04,224.882
6185,58,75,-78.0599,8406.54,237.013
6186,58,76,-78.7544,8450.75,248.944
6187,58,77,-73.8496,8136.85,261.093
6188,58,78,-70.9481,7950.18,273.045
6189,58,79,-63.7182,7482.65,285.78
6190,58,80,-62.1443,7380.35,297.611
6191,58,81,-58.6609,7152.76,309.676
6192,58,82,-59.3308,7196.75,321.391
6193,58,83,-61.9145,7367.28,333.32
6194,58,84,-64.7833,7557.58,345.349
6195,58,85,-67.2291,7720.63,357.297
6196,58,86,-65.0837,7576.89,369.188
6197,58,87,-62.3393,7392.1,381.341
6198,58,88,-53.4556,6790.97,399.51
6199,58,89,-51.9126,6686.04,411.434
6200,58,90,-49.6875,6534,423.628
6201,58,91,-45.1872,6224.97,437.612
6202,58,92,-40.8908,5928.52,451.604
6203,58,93,-35.083,5525.85,467.73
6204,58,94,-32.0661,5315.68,480.822
6205,58,95,-30.1406,5180.89,493.234
6206,58,96,-30.2267,5186.94,505.063
6207,58,97,-29.879,5162.37,516.887
6208,58,98,-23.622,4718.12,536.632
6209,58,99,-19.9327,4454.96,551.328
6210,58,100,-17.9243,4311.02,564.192
6211,58,101,-16.1839,4185.71,576.901
6212,58,102,-14.2708,4047.33,589.841
6213,58,103,-7.6309,3564.83,613.17
6214,58,104,0.610546,2963.21,640.083
6215,58,105,9.7373,2293.91,667.294
6216,58,106,11.4612,2166.91,680.565
6217,58,107,10.6653,2225.81,693.443
6218,58,108,9.93529,2280.08,706.293
6219,58,109,9.84163,2287.07,719.019
6220,58,110,10.1883,2261.07,731.753
6221,58,111,13.8308,1986.67,747.925
6222,58,112,15.6995,1845.27,761.621
6223,58,113,19.0467,1590.89,777.618
6224,58,114,20.6307,1469.97,791.159
6225,58,115,20.3107,1494.51,803.957
6226,58,116,21.6657,1390.17,817.368
6227,58,117,23.8951,1217.76,832.021
6228,58,118,24.2166,1192.8,844.819
6229,58,119,23.9868,1210.72,857.582
6230,58,120,25.8705,1063.16,871.998
6231,58,121,28.4328,861.592,887.993
6232,58,122,31.0406,655.573,904.228
6233,58,123,32.2027,563.384,917.754
6234,58,124,32.7077,523.15,930.701
6235,58,125,34.3233,393.903,945.075
6236,58,126,36.0765,253.059,959.83
6237,58,127,37.8937,106.475,974.835
6238,58,128,39.6169,-33.1011,989.719
6239,58,129,41.9542,-223.206,1006.46
6240,58,130,44.6912,-446.723,1024.71
6241,58,131,45.526,-515.176,1038.16
6242,58,132,46.4688,-592.807,1051.79
6243,58,133,48.9577,-798.551,1069.71
6244,58,134,52.7072,-1109.76,1093.59
6245,58,135,54.1378,-1228.98,1108.26
6246,58,136,54.813,-1285.47,1121.75
6247,58,137,55.7307,-1362.56,1135.57
6248,58,138,57.5164,-1513.15,1151.5
6249,58,139,58.1144,-1563.78,1164.95
6250,58,140,59.4937,-1681.02,1179.92
6251,58,141,60.0882,-1731.75,1193.4
6252,58,142,61.2859,-1834.36,1208.05
6253,58,143,61.4948,-1852.32,1221.23
6254,59,68,12,2494,126.38
6255,59,69,8.5,2711,137.723
6256,59,70,3.46154,3025.06,149.011
6257,59,71,-16.0165,4245.69,161.714
6258,59,72,-33.3736,5339.19,174.504
6259,59,73,-51.4464,6483.8,187.913
6260,59,74,-40.2353,5770.02,200.246
6261,59,75,-39.9877,5754.18,211.506
6262,59,76,-44.9897,6075.97,223.073
6263,59,77,-43.1228,5955.25,234.294
6264,59,78,-43.0038,5947.51,245.392
6265,59,79,-37.7468,5604.05,257.312
6266,59,80,-38.3907,5646.34,268.361
6267,59,81,-36.67,5532.77,279.491
6268,59,82,-39.2283,5702.47,290.83
6269,59,83,-43.6269,5995.71,303.134
6270,59,84,-48.1231,6296.95,315.731
6271,59,85,-51.9841,6556.93,328.088
6272,59,86,-50.7745,6475.08,339.211
6273,59,87,-48.8276,6342.69,350.635
6274,59,88,-40.2525,5756.73,371.129
6275,59,89,-39.4617,5702.42,382.404
6276,59,90,-37.8757,5592.99,393.952
6277,59,91,-33.8185,5311.69,407.903
6278,59,92,-29.9381,5041.36,421.85
6279,59,93,-24.4244,4655.39,438.787
6280,59,94,-21.832,4473.07,451.478
6281,59,95,-20.3556,4368.73,463.339
6282,59,96,-20.9613,4411.73,474.797
6283,59,97,-21.0709,4419.55,486.143
6284,59,98,-14.9414,3980.27,508.04
6285,59,99,-11.4956,3732.18,522.794
6286,59,100,-9.79337,3609.05,535.24
6287,59,101,-8.3502,3504.18,547.509
6288,59,102,-6.70613,3384.16,560.057
6289,59,103,-0.107378,2900.25,586.114
6290,59,104,8.16528,2290.83,615.795
6291,59,105,17.3589,1610.5,644.931
6292,59,106,18.8371,1500.63,657.926
6293,59,107,17.7077,1584.96,670.764
6294,59,108,16.6667,1663.03,683.569
6295,59,109,16.3054,1690.25,696.146
6296,59,110,16.4168,1681.82,708.674
6297,59,111,19.9617,1412.41,724.84
6298,59,112,21.6726,1281.81,738.293
6299,59,113,24.9242,1032.52,754.264
6300,59,114,26.3549,922.353,767.558
6301,59,115,25.8229,963.499,780.252
6302,59,116,27.0345,869.394,793.415
6303,59,117,29.1575,703.8,807.912
6304,59,118,29.3143,691.522,820.504
6305,59,119,28.9098,723.336,833.148
6306,59,120,30.6955,582.267,847.396
6307,59,121,33.186,384.692,863.395
6308,59,122,35.7268,182.275,879.656
6309,59,123,36.7804,97.9858,892.953
6310,59,124,37.162,67.3297,905.678
6311,59,125,38.6928,-56.1585,919.887
6312,59,126,40.3691,-191.938,934.514
6313,59,127,42.1145,-333.899,949.417
6314,59,128,43.7663,-468.795,964.187
6315,59,129,46.0526,-656.273,981.016
6316,59,130,48.7518,-878.5,999.53
6317,59,131,49.4982,-940.204,1012.77
6318,59,132,50.3592,-1011.67,1026.19
6319,59,133,52.8107,-1215.96,1044.32
6320,59,134,56.5574,-1529.44,1069.08
6321,59,135,57.9252,-1644.33,1083.61
6322,59,136,58.5207,-1694.55,1096.9
6323,59,137,59.3677,-1766.26,1110.53
6324,59,138,61.1071,-1914.11,1126.42
6325,59,139,61.6312,-1958.84,1139.69
6326,59,140,62.9584,-2072.53,1154.54
6327,59,141,63.4837,-2117.71,1167.83
6328,59,142,64.6291,-2216.59,1182.35
6329,59,143,64.7642,-2228.3,1195.36
6330,60,69,-0.666667,3316,126.258
6331,60,70,-4.95455,3586.14,137.6
6332,60,71,-26.2762,4936.51,150.082
6333,60,72,-44.7253,6111.1,162.604
6334,60,73,-63.7582,7329.21,175.652
6335,60,74,-49.4107,6406.18,188.252
6336,60,75,-47.9853,6314.01,199.554
6337,60,76,-52.6348,6616.23,211.023
6338,60,77,-49.711,6425.21,222.32
6339,60,78,-48.886,6371.03,233.445
6340,60,79,-42.515,5950.55,245.543
6341,60,80,-42.7662,5967.21,256.595
6342,60,81,-40.4912,5815.54,267.804
6343,60,82,-42.9397,5979.59,279.064
6344,60,83,-47.3957,6279.62,291.192
6345,60,84,-51.95,6587.8,303.587
6346,60,85,-55.8137,6850.53,315.753
6347,60,86,-54.2308,6742.36,326.945
6348,60,87,-51.8979,6582.18,338.486
6349,60,88,-42.5197,5935.08,359.34
6350,60,89,-41.525,5866.11,370.662
6351,60,90,-39.7036,5739.22,382.281
6352,60,91,-35.2786,5429.47,396.338
6353,60,92,-31.0745,5133.79,410.354
6354,60,93,-25.1696,4716.5,427.287
6355,60,94,-22.3866,4518.91,440.008
6356,60,95,-20.7973,4405.54,451.901
6357,60,96,-21.4118,4449.58,463.378
6358,60,97,-21.5034,4456.18,474.749
6359,60,98,-15.0374,3988.47,496.458
6360,60,99,-11.4146,3725.21,511.16
6361,60,100,-9.63328,3595.17,523.607
6362,60,101,-8.129,3484.86,535.877
6363,60,102,-6.41876,3358.87,548.415
6364,60,103,0.466878,2849.34,574.11
6365,60,104,9.08169,2208.97,603.343
6366,60,105,18.6352,1495.64,632.051
6367,60,106,20.122,1384.13,645.028
6368,60,107,18.8919,1476.79,657.901
6369,60,108,17.7602,1562.43,670.739
6370,60,109,17.3407,1594.31,683.339
6371,60,110,17.4158,1588.58,695.88
6372,60,111,21.0587,1309.29,711.933
6373,60,112,22.7927,1175.77,725.346
6374,60,113,26.1233,918.204,741.206
6375,60,114,27.5624,806.434,754.462
6376,60,115,26.9682,852.781,767.182
6377,60,116,28.1822,757.686,780.312
6378,60,117,30.3388,588.031,794.732
6379,60,118,30.4608,578.392,807.327
6380,60,119,30.0047,614.577,819.994
6381,60,120,31.8131,470.513,834.171
6382,60,121,34.3478,267.735,850.06
6383,60,122,36.9324,60.1073,866.208
6384,60,123,37.9812,-24.501,879.461
6385,60,124,38.3376,-53.3698,892.172
6386,60,125,39.8792,-178.754,906.308
6387,60,126,41.5702,-316.846,920.853
6388,60,127,43.3316,-461.282,935.669
6389,60,128,44.996,-598.318,950.353
6390,60,129,47.3125,-789.815,967.065
6391,60,130,50.0521,-1017.21,985.445
6392,60,131,50.7832,-1078.13,998.64
6393,60,132,51.6326,-1149.19,1012.01
6394,60,133,54.1159,-1357.79,1030.02
6395,60,134,57.9277,-1679.26,1054.62
6396,60,135,59.2955,-1795.06,1069.07
6397,60,136,59.8708,-1843.96,1082.32
6398,60,137,60.7049,-1915.14,1095.9
6399,60,138,62.4545,-2065.02,1111.7
6400,60,139,62.958,-2108.33,1124.93
6401,60,140,64.2852,-2222.91,1139.69
6402,60,141,64.791,-2266.74,1152.95
6403,60,142,65.9325,-2366.05,1167.38
6404,60,143,66.0398,-2375.42,1180.37
6405,61,70,-55.8788,6998.06,120.413
6406,61,71,-71.8182,8018.18,131.966
6407,61,72,-85.7517,8914.57,143.583
6408,61,73,-101.401,9926.57,155.855
6409,61,74,-79.6264,8511.21,170.297
6410,61,75,-73.9821,8142.45,181.499
6411,61,76,-75.9632,8272.54,192.387
6412,61,77,-69.951,7875.74,203.807
6413,61,78,-66.7853,7665.75,214.784
6414,61,79,-57.8596,7070.7,227.791
6415,61,80,-56.6015,6986.41,238.603
6416,61,81,-52.7922,6729.91,249.957
6417,61,82,-54.345,6834.99,260.774
6418,61,83,-58.1966,7096.9,272.425
6419,61,84,-62.2304,7372.54,284.374
6420,61,85,-65.5808,7602.6,296.082
6421,61,86,-63.1248,7433.13,307.4
6422,61,87,-59.9603,7213.73,319.334
6423,61,88,-49.3363,6473.59,343.429
6424,61,89,-47.803,6366.26,354.774
6425,61,90,-45.4416,6200.17,366.559
6426,61,91,-40.3609,5841.14,381.328
6427,61,92,-35.5764,5501.44,395.919
6428,61,93,-29.0408,5035.23,413.601
6429,61,94,-25.8663,4807.73,426.545
6430,61,95,-23.9874,4672.45,438.546
6431,61,96,-24.4588,4706.54,449.959
6432,61,97,-24.3907,4701.6,461.301
6433,61,98,-17.4324,4193.64,483.614
6434,61,99,-13.501,3905.34,498.519
6435,61,100,-11.5263,3759.86,511.057
6436,61,101,-9.85627,3636.28,523.404
6437,61,102,-7.98234,3496.99,536.026
6438,61,103,-0.703715,2953.52,561.835
6439,61,104,8.35588,2274.05,590.948
6440,61,105,18.3663,1519.93,619.411
6441,61,106,19.9294,1401.66,632.408
6442,61,107,18.6552,1498.5,645.293
6443,61,108,17.4862,1587.73,658.143
6444,61,109,17.0607,1620.35,670.761
6445,61,110,17.1501,1613.47,683.323
6446,61,111,20.9462,1319.91,699.342
6447,61,112,22.7512,1179.71,712.762
6448,61,113,26.2091,909.999,728.579
6449,61,114,27.6983,793.343,741.839
6450,61,115,27.0776,842.175,754.577
6451,61,116,28.331,743.153,767.711
6452,61,117,30.5581,566.472,782.108
6453,61,118,30.6767,557.018,794.719
6454,61,119,30.1978,595.33,807.404
6455,61,120,32.06,445.735,821.561
6456,61,121,34.6698,235.217,837.391
6457,61,122,37.3273,19.9539,853.471
6458,61,123,38.3969,-67.0421,866.716
6459,61,124,38.7515,-95.997,879.435
6460,61,125,40.3278,-225.254,893.54
6461,61,126,42.0564,-367.573,908.043
6462,61,127,43.8559,-516.331,922.809
6463,61,128,45.5538,-657.259,937.445
6464,61,129,47.9213,-854.549,954.068
6465,61,130,50.7218,-1088.86,972.329
6466,61,131,51.4546,-1150.41,985.509
6467,61,132,52.3089,-1222.46,998.856
6468,61,133,54.8417,-1436.91,1016.75
6469,61,134,58.737,-1768,1041.15
6470,61,135,60.1196,-1885.99,1055.56
6471,61,136,60.6884,-1934.71,1068.79
6472,61,137,61.523,-2006.49,1082.35
6473,61,138,63.2964,-2159.59,1098.07
6474,61,139,63.7914,-2202.49,1111.28
6475,61,140,65.1309,-2319.03,1125.98
6476,61,141,65.6283,-2362.47,1139.22
6477,61,142,66.7772,-2463.19,1153.6
6478,61,143,66.8667,-2471.07,1166.59
6479,62,71,-104.636,10249.8,117.486
6480,62,72,-115.136,10932.3,128.407
6481,62,73,-128.497,11805.2,139.938
6482,62,74,-99.2033,9881.59,156.595
6483,62,75,-89.956,9271.27,168.069
6484,62,76,-90.0714,9278.93,178.8
6485,62,77,-81.5441,8710.44,190.59
6486,62,78,-76.6422,8382.01,201.733
6487,62,79,-65.6295,7640.49,215.34
6488,62,80,-63.4211,7491.05,226.209
6489,62,81,-58.5489,7159.74,237.779
6490,62,82,-59.7013,7238.49,248.504
6491,62,83,-63.4161,7493.58,259.93
6492,62,84,-67.3468,7764.8,271.624
6493,62,85,-70.55,7986.88,283.09
6494,62,86,-67.5,7774.4,294.613
6495,62,87,-63.7556,7512.29,306.829
6496,62,88,-52.0635,6689.95,331.623
6497,62,89,-50.2258,6560.08,343.042
6498,62,90,-47.5345,6369,354.927
6499,62,91,-41.9755,5972.46,369.821
6500,62,92,-36.7782,5599.99,384.482
6501,62,93,-29.759,5094.6,402.134
6502,62,94,-26.3486,4847.92,415.097
6503,62,95,-24.3308,4701.29,427.127
6504,62,96,-24.8095,4736.24,438.565
6505,62,97,-24.7181,4729.54,449.936
6506,62,98,-17.3661,4187.93,472.011
6507,62,99,-13.2312,3881.95,486.845
6508,62,100,-11.169,3728.67,499.373
6509,62,101,-9.4334,3599.07,511.713
6510,62,102,-7.48868,3453.22,524.315
6511,62,103,0.113038,2880.56,549.736
6512,62,104,9.55603,2166.04,578.387
6513,62,105,19.9669,1374.81,606.419
6514,62,106,21.5283,1255.62,619.394
6515,62,107,20.1292,1362.89,632.318
6516,62,108,18.8477,1461.56,645.205
6517,62,109,18.3478,1500.22,657.847
6518,62,110,18.3883,1497.08,670.422
6519,62,111,22.2867,1193,686.321
6520,62,112,24.11,1050.18,699.697
6521,62,113,27.6486,771.809,715.398
6522,62,114,29.1397,654.012,728.618
6523,62,115,28.4425,709.317,741.384
6524,62,116,29.6919,609.783,754.482
6525,62,117,31.9499,429.142,768.799
6526,62,118,32.0239,423.198,781.412
6527,62,119,31.4821,466.909,794.121
6528,62,120,33.3638,314.485,808.204
6529,62,121,36.0171,98.6864,823.921
6530,62,122,38.7176,-121.856,839.884
6531,62,123,39.7769,-208.717,853.083
6532,62,124,40.0989,-235.228,865.787
6533,62,125,41.6823,-366.128,879.817
6534,62,126,43.4224,-510.554,894.235
6535,62,127,45.235,-661.606,908.909
6536,62,128,46.9425,-804.462,923.456
6537,62,129,49.3388,-1005.75,939.96
6538,62,130,52.1794,-1245.31,958.088
6539,62,131,52.8914,-1305.59,971.223
6540,62,132,53.7294,-1376.82,984.515
6541,62,133,56.2931,-1595.59,1002.29
6542,62,134,60.2553,-1935.02,1026.54
6543,62,135,61.6343,-2053.61,1040.87
6544,62,136,62.1778,-2100.54,1054.06
6545,62,137,62.9951,-2171.37,1067.56
6546,62,138,64.7764,-2326.34,1083.18
6547,62,139,65.2461,-2367.37,1096.35
6548,62,140,66.5828,-2484.54,1110.97
6549,62,141,67.0563,-2526.21,1124.16
6550,62,142,68.1983,-2627.09,1138.47
6551,62,143,68.2554,-2632.15,1151.44
6552,63,72,-141.061,12721.1,114.845
6553,63,73,-152.136,13452.1,125.714
6554,63,74,-114.021,10923.8,144.505
6555,63,75,-101.071,10060.5,156.29
6556,63,76,-99.6154,9962.91,167.047
6557,63,77,-88.6786,9226.5,179.127
6558,63,78,-82.2721,8792.99,190.44
6559,63,79,-69.3015,7910.99,204.264
6560,63,80,-66.4396,7715.43,215.22
6561,63,81,-60.7368,7323.84,226.892
6562,63,82,-61.7857,7396.21,237.642
6563,63,83,-65.6558,7664.54,249.001
6564,63,84,-69.7403,7949.09,260.594
6565,63,85,-73.0138,8178.24,271.966
6566,63,86,-69.5043,7931.41,283.602
6567,63,87,-65.3,7634.3,295.921
6568,63,88,-52.5897,6731.87,320.469
6569,63,89,-50.5769,6588.29,331.926
6570,63,90,-47.6683,6379.84,343.831
6571,63,91,-41.7167,5951.33,358.629
6572,63,92,-36.1902,5551.57,373.178
6573,63,93,-28.756,5011.36,390.589
6574,63,94,-25.1952,4751.42,403.484
6575,63,95,-23.125,4599.6,415.484
6576,63,96,-23.7028,4642.17,426.958
6577,63,97,-23.6695,4639.7,438.352
6578,63,98,-15.9672,4067.16,460.051
6579,63,99,-11.6844,3747.39,474.733
6580,63,100,-9.59514,3590.69,487.2
6581,63,101,-7.85121,3459.31,499.487
6582,63,102,-5.88837,3310.79,512.017
6583,63,103,2.0061,2710.81,537.048
6584,63,104,11.8086,1962.55,565.276
6585,63,105,22.5989,1135.3,592.917
6586,63,106,24.1117,1018.81,605.849
6587,63,107,22.5356,1140.7,618.823
6588,63,108,21.0937,1252.68,631.756
6589,63,109,20.477,1300.79,644.42
6590,63,110,20.4304,1304.44,656.999
6591,63,111,24.4046,991.801,672.756
6592,63,112,26.2161,848.692,686.064
6593,63,113,29.8109,563.507,701.627
6594,63,114,31.2761,446.773,714.785
6595,63,115,30.4721,511.096,727.581
6596,63,116,31.6926,413.051,740.623
6597,63,117,33.96,230.149,754.837
6598,63,118,33.9648,229.757,767.442
6599,63,119,33.3358,280.914,780.176
6600,63,120,35.2186,127.157,794.164
6601,63,121,37.8989,-92.63,809.755
6602,63,122,40.6267,-317.22,825.588
6603,63,123,41.6581,-402.484,838.722
6604,63,124,41.9298,-425.035,851.398
6605,63,125,43.5054,-556.335,865.334
6606,63,126,45.2429,-701.704,879.649
6607,63,127,47.0553,-853.945,894.218
6608,63,128,48.7593,-997.651,908.661
6609,63,129,51.1729,-1202,925.043
6610,63,130,54.0431,-1445.97,943.046
6611,63,131,54.7218,-1503.88,956.118
6612,63,132,55.5314,-1573.24,969.34
6613,63,133,58.1165,-1795.56,986.996
6614,63,134,62.1382,-2142.76,1011.17
6615,63,135,63.5033,-2261.08,1025.4
6616,63,136,64.011,-2305.25,1038.54
6617,63,137,64.8013,-2374.26,1051.96
6618,63,138,66.5819,-2530.36,1067.48
6619,63,139,67.0169,-2568.65,1080.6
6620,63,140,68.3424,-2685.73,1095.13
6621,63,141,68.7833,-2724.83,1108.26
6622,63,142,69.9107,-2825.16,1122.47
6623,63,143,69.9269,-2826.61,1135.41
6624,64,73,-130.303,11923.8,112.732
6625,64,74,-89.2273,9171.68,130.96
6626,64,75,-78.2517,8432.66,142.196
6627,64,76,-80.0824,8556.54,152.778
6628,64,77,-70.3736,7896.34,164.285
6629,64,78,-65.5536,7566.97,175.095
6630,64,79,-53.0515,6708.49,188.449
6631,64,80,-51.7647,6619.71,199.01
6632,64,81,-47.0588,6293.43,210.152
6633,64,82,-49.6579,6474.5,220.855
6634,64,83,-55.1278,6857.39,232.723
6635,64,84,-60.6039,7242.55,244.889
6636,64,85,-65.0056,7553.6,256.669
6637,64,86,-61.8874,7332.2,267.924
6638,64,87,-57.9674,7052.58,279.867
6639,64,88,-44.8269,6110.85,305.099
6640,64,89,-43.2564,5997.77,316.298
6641,64,90,-40.6746,5811.02,327.894
6642,64,91,-34.7975,5383.95,342.457
6643,64,92,-29.367,4987.52,356.765
6644,64,93,-21.8921,4439.36,374.134
6645,64,94,-18.5444,4192.75,386.735
6646,64,95,-16.7604,4060.74,398.461
6647,64,96,-17.759,4134.96,409.896
6648,64,97,-18.0733,4158.43,421.168
6649,64,98,-10.2507,3571.74,443.225
6650,64,99,-6.04762,3255.1,457.703
6651,64,100,-4.15007,3111.52,469.921
6652,64,101,-2.60094,2993.79,481.964
6653,64,102,-0.80668,2856.83,494.244
6654,64,103,7.22842,2240.8,519.872
6655,64,104,17.2544,1468.8,548.654
6656,64,105,28.2992,614.673,576.575
6657,64,106,29.6172,512.307,589.37
6658,64,107,27.7192,660.352,602.419
6659,64,108,25.9829,796.362,615.421
6660,64,109,25.1267,863.711,628.082
6661,64,110,24.8803,883.178,640.613
6662,64,111,28.8347,569.466,656.207
6663,64,112,30.5393,433.665,669.362
6664,64,113,34.1049,148.414,684.768
6665,64,114,35.4593,39.6146,697.78
6666,64,115,34.4634,119.947,710.6
6667,64,116,35.5793,29.5573,723.502
6668,64,117,37.7867,-149.977,737.555
6669,64,118,37.6526,-139.023,750.1
6670,64,119,36.8694,-74.8043,762.846
6671,64,120,38.6943,-225.047,776.678
6672,64,121,41.3472,-444.354,792.139
6673,64,122,44.0506,-668.736,807.851
6674,64,123,45.0022,-748.041,820.845
6675,64,124,45.1732,-762.345,833.429
6676,64,125,46.695,-890.177,847.215
6677,64,126,48.3864,-1032.82,861.385
6678,64,127,50.1572,-1182.74,875.814
6679,64,128,51.8182,-1323.93,890.116
6680,64,129,54.2122,-1528.22,906.416
6681,64,130,57.0774,-1773.67,924.401
6682,64,131,57.6868,-1826.08,937.345
6683,64,132,58.4339,-1890.58,950.431
6684,64,133,61.01,-2113.84,968.062
6685,64,134,65.0634,-2466.49,992.497
6686,64,135,66.3852,-2581.93,1006.6
6687,64,136,66.8279,-2620.73,1019.63
6688,64,137,67.5633,-2685.45,1032.92
6689,64,138,69.3178,-2840.43,1048.34
6690,64,139,69.6923,-2873.63,1061.34
6691,64,140,70.9827,-2988.48,1075.75
6692,64,141,71.3672,-3022.83,1088.77
6693,64,142,72.4578,-3120.62,1102.86
6694,64,143,72.4107,-3116.38,1115.73
6695,65,74,-88.9697,9153.39,120.253
6696,65,75,-76.0455,8274.55,131.521
6697,65,76,-78.549,8445.62,142.204
6698,65,77,-67.5824,7692.58,153.666
6699,65,78,-62.4725,7340,164.479
6700,65,79,-48.7143,6386.1,177.55
6701,65,80,-47.8088,6323.01,188.136
6702,65,81,-43.0147,5987.43,199.181
6703,65,82,-46.3519,6222.14,209.993
6704,65,83,-52.7456,6673.96,222
6705,65,84,-59.0075,7118.56,234.259
6706,65,85,-63.9805,7473.3,246.099
6707,65,86,-60.6719,7236.19,257.322
6708,65,87,-56.5168,6937.02,269.172
6709,65,88,-42.4022,5916.06,293.683
6710,65,89,-40.9,5806.9,304.864
6711,65,90,-38.3009,5617.16,316.392
6712,65,91,-32.1642,5167.14,330.71
6713,65,92,-26.5339,4752.38,344.785
6714,65,93,-18.7389,4175.55,361.818
6715,65,94,-15.3782,3925.73,374.27
6716,65,95,-13.6835,3799.19,385.907
6717,65,96,-14.9368,3893.19,397.397
6718,65,97,-15.4412,3931.19,408.686
6719,65,98,-7.31322,3316.17,430.391
6720,65,99,-3.03782,2991.24,444.664
6721,65,100,-1.20206,2851.11,456.771
6722,65,101,0.271456,2738.14,468.713
6723,65,102,2.00897,2604.36,480.871
6724,65,103,10.3117,1962.28,506.251
6725,65,104,20.6848,1156.63,534.775
6726,65,105,32.101,266.167,562.422
6727,65,106,33.3008,172.188,575.155
6728,65,107,31.1432,341.921,588.284
6729,65,108,29.1723,497.618,601.359
6730,65,109,28.1364,579.803,614.052
6731,65,110,27.7484,610.712,626.587
6732,65,111,31.749,290.666,642.022
6733,65,112,33.4032,157.778,655.09
6734,65,113,36.9974,-132.161,670.344
6735,65,114,38.2903,-236.88,683.275
6736,65,115,37.1443,-143.677,696.141
6737,65,116,38.2001,-229.895,708.971
6738,65,117,40.3919,-409.623,722.903
6739,65,118,40.1563,-390.226,735.439
6740,65,119,39.2536,-315.605,748.223
6741,65,120,41.0584,-465.406,761.943
6742,65,121,43.7215,-687.326,777.267
6743,65,122,46.4362,-914.459,792.843
6744,65,123,47.3393,-990.316,805.756
6745,65,124,47.438,-998.645,818.304
6746,65,125,48.9355,-1125.43,831.98
6747,65,126,50.6092,-1267.69,846.033
6748,65,127,52.3656,-1417.57,860.342
6749,65,128,54.0095,-1558.4,874.527
6750,65,129,56.4097,-1764.82,890.705
6751,65,130,59.2952,-2013.93,908.582
6752,65,131,59.8565,-2062.58,921.451
6753,65,132,60.5618,-2123.94,934.451
6754,65,133,63.1509,-2350.05,951.98
6755,65,134,67.2589,-2710.19,976.409
6756,65,135,68.5562,-2824.35,990.406
6757,65,136,68.9508,-2859.21,1003.37
6758,65,137,69.6483,-2921.05,1016.58
6759,65,138,71.3938,-3076.4,1031.89
6760,65,139,71.7229,-3105.8,1044.83
6761,65,140,72.9938,-3219.76,1059.13
6762,65,141,73.3361,-3250.57,1072.08
6763,65,142,74.4041,-3347.05,1086.07
6764,65,143,74.3066,-3338.2,1098.91
6765,66,75,-50.8182,6458.18,118.662
6766,66,76,-58.3636,6978.82,129.438
6767,66,77,-48.9336,6325,140.441
6768,66,78,-45.9066,6114.12,150.932
6769,66,79,-32.5495,5179.12,163.434
6770,66,80,-33.6786,5258.54,173.855
6771,66,81,-30.0515,5002.22,184.473
6772,66,82,-35.3064,5375.32,195.56
6773,66,83,-43.6378,5969.63,208.31
6774,66,84,-51.5175,6534.34,221.21
6775,66,85,-57.7368,6982.13,233.476
6776,66,86,-54.7078,6763.03,244.456
6777,66,87,-50.7171,6473.04,256.005
6778,66,88,-35.8794,5389.89,280.323
6779,66,89,-34.7957,5310.41,291.371
6780,66,90,-32.4769,5139.6,302.693
6781,66,91,-26.3162,4683.71,316.705
6782,66,92,-20.7021,4266.39,330.485
6783,66,93,-12.7668,3673.89,347.282
6784,66,94,-9.58621,3435.34,359.48
6785,66,95,-8.16463,3328.25,370.922
6786,66,96,-9.85484,3456.15,382.485
6787,66,97,-10.7084,3521.02,393.761
6788,66,98,-2.37467,2884.87,415.462
6789,66,99,1.86173,2560.08,429.499
6790,66,100,3.52241,2432.21,441.413
6791,66,101,4.81532,2332.23,453.171
6792,66,102,6.40114,2209.06,465.127
6793,66,103,14.9097,1545.39,490.733
6794,66,104,25.5789,709.636,519.446
6795,66,105,37.3213,-214.096,547.112
6796,66,106,38.3249,-293.382,559.748
6797,66,107,35.8253,-95.0787,572.992
6798,66,108,33.545,86.5849,586.171
6799,66,109,32.2632,189.128,598.901
6800,66,110,31.6746,236.415,611.43
6801,66,111,35.6784,-86.5587,626.692
6802,66,112,37.2358,-212.708,639.64
6803,66,113,40.8201,-504.235,654.727
6804,66,114,42.0097,-601.383,667.547
6805,66,115,40.6691,-491.458,680.474
6806,66,116,41.6281,-570.408,693.199
6807,66,117,43.7723,-747.666,706.984
6808,66,118,43.4003,-716.786,719.5
6809,66,119,42.344,-628.765,732.334
6810,66,120,44.1021,-775.858,745.915
6811,66,121,46.7515,-998.412,761.096
6812,66,122,49.4552,-1226.42,776.533
6813,66,123,50.2853,-1296.7,789.337
6814,66,124,50.2876,-1296.89,801.831
6815,66,125,51.7399,-1420.83,815.373
6816,66,126,53.3765,-1561.03,829.288
6817,66,127,55.1004,-1709.28,843.461
6818,66,128,56.7096,-1848.22,857.51
6819,66,129,59.1005,-2055.42,873.579
6820,66,130,61.9919,-2306.98,891.387
6821,66,131,62.4886,-2350.35,904.156
6822,66,132,63.1363,-2407.14,917.045
6823,66,133,65.7258,-2635.02,934.505
6824,66,134,69.8783,-3001.82,959.075
6825,66,135,71.1378,-3113.49,972.948
6826,66,136,71.4708,-3143.13,985.828
6827,66,137,72.1177,-3200.91,998.937
6828,66,138,73.8433,-3355.65,1014.13
6829,66,139,74.1151,-3380.11,1026.99
6830,66,140,75.3562,-3492.22,1041.17
6831,66,141,75.6453,-3518.44,1054.03
6832,66,142,76.6811,-3612.69,1067.9
6833,66,143,76.5227,-3598.22,1080.7
6834,67,76,-54.8182,6720,118.824
6835,67,77,-44.3182,5985,129.818
6836,67,78,-41.5559,5790.72,140.359
6837,67,79,-26.8132,4748.9,152.603
6838,67,80,-28.9231,4898.7,163.109
6839,67,81,-25.4464,4650.7,173.684
6840,67,82,-31.9338,5115.63,184.928
6841,67,83,-41.6422,5814.63,197.789
6842,67,84,-50.6192,6463.97,210.713
6843,67,85,-57.5877,6970.35,222.973
6844,67,86,-54.2707,6728.21,233.973
6845,67,87,-49.9416,6410.74,245.494
6846,67,88,-33.8255,5223.52,269.104
6847,67,89,-32.8261,5149.57,280.17
6848,67,90,-30.4783,4975.04,291.466
6849,67,91,-23.9846,4490.18,305.27
6850,67,92,-18.1179,4050.18,318.848
6851,67,93,-9.78632,3422.54,335.31
6852,67,94,-6.59141,3180.79,347.391
6853,67,95,-5.27833,3080.99,358.781
6854,67,96,-7.27364,3233.3,370.429
6855,67,97,-8.34879,3315.73,381.755
6856,67,98,0.358321,2645.28,403.05
6857,67,99,4.68583,2310.62,416.896
6858,67,100,6.27807,2186.96,428.728
6859,67,101,7.48739,2092.63,440.416
6860,67,102,9.01287,1973.13,452.278
6861,67,103,17.8402,1278.72,477.55
6862,67,104,28.9167,403.672,505.916
6863,67,105,41.0901,-562.08,533.243
6864,67,106,41.9554,-631.021,545.838
6865,67,107,39.1568,-407.129,559.181
6866,67,108,36.6093,-202.478,572.45
6867,67,109,35.1253,-82.7741,585.23
6868,67,110,34.3798,-22.389,597.782
6869,67,111,38.4414,-352.726,612.891
6870,67,112,39.9463,-475.633,625.77
6871,67,113,43.5679,-772.598,640.711
6872,67,114,44.6925,-865.194,653.468
6873,67,115,43.1878,-740.8,666.459
6874,67,116,44.0843,-815.211,679.13
6875,67,117,46.2163,-992.879,692.806
6876,67,118,45.7359,-952.689,705.333
6877,67,119,44.5517,-853.212,718.223
6878,67,120,46.2931,-1000.07,731.705
6879,67,121,48.9592,-1225.8,746.751
6880,67,122,51.6806,-1457.12,762.051
6881,67,123,52.4618,-1523.78,774.791
6882,67,124,52.389,-1517.55,787.27
6883,67,125,53.8194,-1640.56,800.713
6884,67,126,55.4412,-1780.58,814.52
6885,67,127,57.1539,-1929.01,828.579
6886,67,128,58.7488,-2067.77,842.516
6887,67,129,61.1509,-2277.55,858.457
6888,67,130,64.0686,-2533.33,876.141
6889,67,131,64.5166,-2572.76,888.85
6890,67,132,65.1225,-2626.28,901.668
6891,67,133,67.7301,-2857.48,919.013
6892,67,134,71.9457,-3232.68,943.531
6893,67,135,73.1818,-3343.1,957.308
6894,67,136,73.4659,-3368.58,970.137
6895,67,137,74.0748,-3423.37,983.174
6896,67,138,75.794,-3578.68,998.259
6897,67,139,76.0198,-3599.15,1011.07
6898,67,140,77.2429,-3710.46,1025.14
6899,67,141,77.4895,-3732.97,1037.96
6900,67,142,78.504,-3825.97,1051.73
6901,67,143,78.2941,-3806.66,1064.52
6902,68,77,-53.0303,6629.7,118.947
6903,68,78,-48.1818,6285.45,129.616
6904,68,79,-29.8776,4979.76,141.99
6905,68,80,-31.8407,5120.44,152.559
6906,68,81,-27.4505,4804.35,163.233
6907,68,82,-34.5357,5316.85,174.419
6908,68,83,-45.1324,6086.87,187.045
6909,68,84,-54.7549,6789.31,199.704
6910,68,85,-62.0382,7323.42,211.738
6911,68,86,-57.9035,7018.83,222.877
6912,68,87,-52.7782,6639.56,234.549
6913,68,88,-34.8571,5307.43,257.998
6914,68,89,-33.6731,5219.02,269.117
6915,68,90,-31.0474,5022.09,280.462
6916,68,91,-23.9652,4488.57,294.215
6917,68,92,-17.6308,4009.26,307.721
6918,68,93,-8.69573,3330.2,323.96
6919,68,94,-5.34493,3074.42,336.008
6920,68,95,-4.02709,2973.39,347.406
6921,68,96,-6.24631,3144.27,359.107
6922,68,97,-7.46162,3238.25,370.477
6923,68,98,1.75,2522.81,391.376
6924,68,99,6.261,2170.96,405.097
6925,68,100,7.85428,2046.15,416.903
6926,68,101,9.04202,1952.71,428.573
6927,68,102,10.5658,1832.33,440.4
6928,68,103,19.7973,1099.97,465.213
6929,68,104,31.3668,178.269,493.08
6930,68,105,44.0519,-836.539,519.961
6931,68,106,44.8097,-897.42,532.542
6932,68,107,41.7284,-648.862,545.967
6933,68,108,38.9312,-422.286,559.31
6934,68,109,37.266,-286.853,572.139
6935,68,110,36.3863,-215.008,584.722
6936,68,111,40.5412,-555.712,599.704
6937,68,112,42.0198,-677.445,612.542
6938,68,113,45.7086,-982.389,627.358
6939,68,114,46.79,-1072.15,640.08
6940,68,115,45.1351,-934.241,653.129
6941,68,116,45.9888,-1005.66,665.771
6942,68,117,48.1299,-1185.52,679.364
6943,68,118,47.5557,-1137.09,691.914
6944,68,119,46.2559,-1027.04,704.857
6945,68,120,47.9987,-1175.18,718.265
6946,68,121,50.7004,-1405.72,733.193
6947,68,122,53.4574,-1641.91,748.369
6948,68,123,54.203,-1706.03,761.069
6949,68,124,54.0666,-1694.26,773.55
6950,68,125,55.4885,-1817.48,786.917
6951,68,126,57.1087,-1958.44,800.636
6952,68,127,58.8229,-2108.15,814.6
6953,68,128,60.4154,-2247.76,828.445
6954,68,129,62.8412,-2461.22,844.259
6955,68,130,65.7978,-2722.4,861.802
6956,68,131,66.2058,-2758.57,874.474
6957,68,132,66.7784,-2809.53,887.242
6958,68,133,69.4148,-3045.05,904.456
6959,68,134,73.706,-3429.83,928.84
6960,68,135,74.9266,-3539.68,942.535
6961,68,136,75.1684,-3561.53,955.333
6962,68,137,75.746,-3613.9,968.318
6963,68,138,77.4666,-3770.47,983.299
6964,68,139,77.6523,-3787.43,996.077
6965,68,140,78.8642,-3898.52,1010.06
6966,68,141,79.0735,-3917.78,1022.84
6967,68,142,80.0728,-4010.05,1036.53
6968,68,143,79.8161,-3986.26,1049.32
6969,69,78,-50.4545,6455.91,119.012
6970,69,79,-28.4091,4868.64,131.345
6971,69,80,-30.9441,5052,142.013
6972,69,81,-26.0165,4693.93,152.744
6973,69,82,-34.3187,5299.99,163.979
6974,69,83,-46.3571,6182.81,176.514
6975,69,84,-57.0294,6969,189.029
6976,69,85,-64.902,7551.57,200.937
6977,69,86,-59.9897,7186.42,212.175
6978,69,87,-54.1053,6747.05,223.92
6979,69,88,-34.2594,5258.61,246.871
6980,69,89,-33.0195,5165.21,258.034
6981,69,90,-30.2146,4952.97,269.399
6982,69,91,-22.5889,4373.42,283.02
6983,69,92,-15.8413,3858.35,296.388
6984,69,93,-6.33462,3129.5,312.338
6985,69,94,-2.90769,2865.63,324.317
6986,69,95,-1.67277,2770.13,335.703
6987,69,96,-4.21866,2967.86,347.483
6988,69,97,-5.65764,3080.1,358.909
6989,69,98,4.04783,2319.84,379.384
6990,69,99,8.70161,1953.74,392.947
6991,69,100,10.2419,1832.06,404.709
6992,69,101,11.357,1743.6,416.343
6993,69,102,12.8342,1625.91,428.113
6994,69,103,22.4636,855.56,452.5
6995,69,104,34.5277,-113.588,479.92
6996,69,105,47.7276,-1178.38,506.392
6997,69,106,48.3319,-1227.33,518.952
6998,69,107,44.9119,-949.174,532.48
6999,69,108,41.8157,-696.311,545.915
7000,69,109,39.9286,-541.57,558.801
7001,69,110,38.8802,-455.25,571.418
7002,69,111,43.1124,-805.112,586.261
7003,69,112,44.5412,-923.708,599.05
7004,69,113,48.2819,-1235.44,613.731
7005,69,114,49.2985,-1320.49,626.411
7006,69,115,47.4665,-1166.6,639.53
7007,69,116,48.2585,-1233.39,652.136
7008,69,117,50.3944,-1414.23,665.637
7009,69,118,49.7066,-1355.77,678.212
7010,69,119,48.2715,-1233.3,691.216
7011,69,120,50.0038,-1381.71,704.542
7012,69,121,52.7318,-1616.32,719.344
7013,69,122,55.5157,-1856.66,734.391
7014,69,123,56.2136,-1917.14,747.045
7015,69,124,56.0005,-1898.6,759.526
7016,69,125,57.4044,-2021.21,772.809
7017,69,126,59.0144,-2162.35,786.433
7018,69,127,60.7221,-2312.63,800.294
7019,69,128,62.3044,-2452.4,814.038
7020,69,129,64.7478,-2669.04,829.723
7021,69,130,67.7383,-2935.2,847.128
7022,69,131,68.0976,-2967.3,859.757
7023,69,132,68.629,-3014.95,872.47
7024,69,133,71.2896,-3254.4,889.556
7025,69,134,75.654,-3648.65,913.834
7026,69,135,76.8529,-3757.35,927.442
7027,69,136,77.0452,-3774.85,940.205
7028,69,137,77.5851,-3824.17,953.132
7029,69,138,79.3023,-3981.58,968.005
7030,69,139,79.4415,-3994.38,980.749
7031,69,140,80.6373,-4104.8,994.643
7032,69,141,80.8039,-4120.23,1007.38
7033,69,142,81.7834,-4211.33,1020.98
7034,69,143,81.4743,-4182.47,1033.78
7035,70,79,-5.9697,3163.24,118.95
7036,70,80,-13.0455,3679.77,129.722
7037,70,81,-10.2797,3476.95,140.255
7038,70,82,-22.2802,4360.99,151.907
7039,70,83,-37.7582,5506.36,164.971
7040,70,84,-51,6490.67,177.823
7041,70,85,-60.6103,7208.24,189.932
7042,70,86,-55.625,6834.34,201.072
7043,70,87,-49.5717,6378.32,212.645
7044,70,88,-28.114,4754.69,234.838
7045,70,89,-27.3647,4697.74,245.978
7046,70,90,-24.8312,4504.35,257.252
7047,70,91,-17.0017,3904.09,270.581
7048,70,92,-10.1532,3376.75,283.672
7049,70,93,-0.328261,2616.96,299.264
7050,70,94,2.89231,2366.83,311.063
7051,70,95,3.77607,2297.9,322.355
7052,70,96,0.637973,2543.71,334.29
7053,70,97,-1.25068,2692.29,345.793
7054,70,98,8.8202,1896.69,365.952
7055,70,99,13.4661,1528.12,379.283
7056,70,100,14.7984,1421.98,390.926
7057,70,101,15.6983,1349.98,402.457
7058,70,102,17.002,1245.25,414.095
7059,70,103,26.9526,442.568,438.335
7060,70,104,39.4496,-569.685,465.601
7061,70,105,53.1094,-1680.68,491.861
7062,70,106,53.4554,-1708.94,504.375
7063,70,107,49.5858,-1391.64,518.063
7064,70,108,46.0911,-1103.9,531.638
7065,70,109,43.8959,-922.431,544.601
7066,70,110,42.6028,-815.105,557.256
7067,70,111,46.8592,-1169.81,571.932
7068,70,112,48.1803,-1280.34,584.642
7069,70,113,51.9257,-1594.95,599.163
7070,70,114,52.8254,-1670.83,611.772
7071,70,115,50.7604,-1495.99,624.99
7072,70,116,51.446,-1554.27,637.535
7073,70,117,53.538,-1732.79,650.913
7074,70,118,52.6939,-1660.47,663.513
7075,70,119,51.0819,-1521.84,676.602
7076,70,120,52.7719,-1667.75,689.817
7077,70,121,55.4984,-1904.04,704.474
7078,70,122,58.2829,-2146.29,719.375
7079,70,123,58.9041,-2200.55,731.959
7080,70,124,58.5855,-2172.61,744.432
7081,70,125,59.9472,-2292.44,757.604
7082,70,126,61.5245,-2431.77,771.107
7083,70,127,63.2045,-2580.73,784.842
7084,70,128,64.7563,-2718.84,798.464
7085,70,129,67.1994,-2937.09,814.016
7086,70,130,70.2076,-3206.82,831.304
7087,70,131,70.4989,-3233.04,843.868
7088,70,132,70.9709,-3275.68,856.504
7089,70,133,73.6414,-3517.8,873.479
7090,70,134,78.0677,-3920.6,897.765
7091,70,135,79.2298,-4026.74,911.266
7092,70,136,79.3569,-4038.39,923.979
7093,70,137,79.8447,-4083.27,936.828
7094,70,138,81.5462,-4240.37,951.584
7095,70,139,81.6252,-4247.69,964.278
7096,70,140,82.7933,-4356.32,978.06
7097,70,141,82.9045,-4366.71,990.747
7098,70,142,83.8534,-4455.58,1004.24
7099,70,143,83.4799,-4420.47,1017.03
7100,71,80,14.1818,1583.27,116.117
7101,71,81,12.5,1707.73,126.425
7102,71,82,-5.2972,3030.65,138.964
7103,71,83,-25.7692,4559.23,152.953
7104,71,84,-42.6154,5822.69,166.321
7105,71,85,-54.625,6727.42,178.711
7106,71,86,-49.7647,6359.65,189.74
7107,71,87,-43.6887,5897.88,201.125
7108,71,88,-20.5005,4127.85,222.585
7109,71,89,-20.4737,4125.79,233.711
7110,71,90,-18.3759,3964.26,244.892
7111,71,91,-10.4156,3348.66,257.918
7112,71,92,-3.5432,2814.91,270.718
7113,71,93,6.56126,2026.76,285.947
7114,71,94,9.47609,1798.43,297.559
7115,71,95,9.90385,1764.78,308.764
7116,71,96,6.05299,2069,320.907
7117,71,97,3.62332,2261.75,332.52
7118,71,98,14.0654,1429.87,352.375
7119,71,99,18.67,1061.5,365.466
7120,71,100,19.7442,975.208,376.993
7121,71,101,20.3831,923.669,388.426
7122,71,102,21.4754,835.187,399.933
7123,71,103,31.758,-1.12968,424.059
7124,71,104,44.7074,-1058.66,451.199
7125,71,105,58.8473,-2218.14,477.264
7126,71,106,58.8938,-2221.96,489.739
7127,71,107,54.5211,-1860.49,503.615
7128,71,108,50.5827,-1533.6,517.352
7129,71,109,48.0445,-1322.09,530.406
7130,71,110,46.4794,-1191.13,543.109
7131,71,111,50.7544,-1550.23,557.618
7132,71,112,51.9528,-1651.3,570.253
7133,71,113,55.6969,-1968.3,584.613
7134,71,114,56.4662,-2033.69,597.157
7135,71,115,54.1476,-1835.83,610.488
7136,71,116,54.7157,-1884.5,622.978
7137,71,117,56.7576,-2060.11,636.236
7138,71,118,55.7441,-1972.61,648.871
7139,71,119,53.9418,-1816.41,662.057
7140,71,120,55.5851,-1959.38,675.164
7141,71,121,58.3081,-2197.19,689.677
7142,71,122,61.0917,-2441.22,704.431
7143,71,123,61.6304,-2488.62,716.949
7144,71,124,61.199,-2450.51,729.421
7145,71,125,62.5152,-2567.21,742.486
7146,71,126,64.0571,-2704.44,755.869
7147,71,127,65.7072,-2851.85,769.48
7148,71,128,67.2262,-2988.05,782.979
7149,71,129,69.6683,-3207.85,798.397
7150,71,130,72.6945,-3481.21,815.562
7151,71,131,72.9138,-3501.1,828.069
7152,71,132,73.3231,-3538.35,840.632
7153,71,133,76.0037,-3783.18,857.492
7154,71,134,80.4946,-4194.84,881.781
7155,71,135,81.6178,-4298.17,895.176
7156,71,136,81.6763,-4303.58,907.844
7157,71,137,82.1095,-4343.72,920.62
7158,71,138,83.7944,-4500.41,935.256
7159,71,139,83.8106,-4501.92,947.908
7160,71,140,84.9495,-4608.6,961.579
7161,71,141,85.0032,-4613.65,974.218
7162,71,142,85.9201,-4700.14,987.602
7163,71,143,85.4798,-4658.46,1000.41
7164,72,81,18.1515,1266.91,115.978
7165,72,82,-3.90909,2921.45,128.569
7166,72,83,-28.0245,4738.15,142.347
7167,72,84,-47.1154,6182.69,155.459
7168,72,85,-60.1978,7176.96,167.644
7169,72,86,-53.9464,6699.77,178.804
7170,72,87,-46.5882,6135.64,190.311
7171,72,88,-20.3309,4113.82,211.397
7172,72,89,-20.3199,4112.98,222.585
7173,72,90,-18.0175,3934.16,233.816
7174,72,91,-9.29699,3253.95,246.768
7175,72,92,-1.87662,2672.69,259.483
7176,72,93,8.99492,1817.46,274.465
7177,72,94,11.9516,1583.89,286.052
7178,72,95,12.2087,1563.49,297.283
7179,72,96,7.86538,1909.51,309.509
7180,72,97,5.1094,2129.99,321.188
7181,72,98,16.2149,1237.84,340.629
7182,72,99,20.9948,852.266,353.601
7183,72,100,21.9828,772.241,365.121
7184,72,101,22.515,728.951,376.556
7185,72,102,23.5403,645.218,388.046
7186,72,103,34.3365,-240.07,411.69
7187,72,104,47.9144,-1357.99,438.314
7188,72,105,62.6975,-2580.05,463.919
7189,72,106,62.5266,-2565.87,476.402
7190,72,107,57.7091,-2164.41,490.398
7191,72,108,53.3855,-1802.67,504.236
7192,72,109,50.5663,-1565.85,517.359
7193,72,110,48.7915,-1416.18,530.112
7194,72,111,53.1646,-1786.44,544.503
7195,72,112,54.304,-1883.29,557.115
7196,72,113,58.1144,-2208.44,571.36
7197,72,114,58.807,-2267.77,583.886
7198,72,115,56.2766,-2050.16,597.296
7199,72,116,56.7754,-2093.22,609.774
7200,72,117,58.8165,-2270.12,622.964
7201,72,118,57.6723,-2170.57,635.641
7202,72,119,55.7146,-1999.59,648.896
7203,72,120,57.3526,-2143.19,661.945
7204,72,121,60.1138,-2386.18,676.348
7205,72,122,62.9357,-2635.45,690.986
7206,72,123,63.4242,-2678.76,703.482
7207,72,124,62.9088,-2632.89,715.976
7208,72,125,64.2104,-2749.17,728.979
7209,72,126,65.7468,-2886.93,742.286
7210,72,127,67.3954,-3035.31,755.812
7211,72,128,68.9085,-3171.99,769.229
7212,72,129,71.3768,-3395.79,784.52
7213,72,130,74.4477,-3675.23,801.538
7214,72,131,74.6159,-3690.59,814.025
7215,72,132,74.9828,-3724.23,826.555
7216,72,133,77.6964,-3973.88,843.278
7217,72,134,82.2761,-4396.74,867.404
7218,72,135,83.3787,-4498.91,880.727
7219,72,136,83.3848,-4499.48,893.382
7220,72,137,83.7794,-4536.31,906.119
7221,72,138,85.4647,-4694.17,920.654
7222,72,139,85.4322,-4691.11,933.293
7223,72,140,86.5572,-4797.23,946.882
7224,72,141,86.5664,-4798.11,959.503
7225,72,142,87.4651,-4883.49,972.814
7226,72,143,86.9697,-4836.25,985.644
7227,73,82,-14.2424,3737.79,117.654
7228,73,83,-40.8636,5761,130.885
7229,73,84,-60.9965,7297.81,143.511
7230,73,85,-73.956,8291.37,155.302
7231,73,86,-64.8462,7589.91,166.725
7232,73,87,-55.0536,6832.62,178.536
7233,73,88,-24.4559,4456.2,199.962
7234,73,89,-23.9583,4417.39,211.207
7235,73,90,-20.9959,4185.33,222.517
7236,73,91,-11.0439,3402.44,235.533
7237,73,92,-2.70677,2743.81,248.277
7238,73,93,9.27922,1792.92,263.152
7239,73,94,12.4788,1538.02,274.766
7240,73,95,12.7125,1519.33,286.043
7241,73,96,7.96522,1900.69,298.284
7242,73,97,4.98077,2141.43,309.986
7243,73,98,16.9504,1171.89,329.133
7244,73,99,22.0299,758.761,342.052
7245,73,100,23.0145,678.352,353.594
7246,73,101,23.5123,637.532,365.057
7247,73,102,24.5395,552.961,376.562
7248,73,103,35.9677,-391.774,399.735
7249,73,104,50.2923,-1580.72,425.808
7250,73,105,65.8272,-2875.29,450.92
7251,73,106,65.4622,-2844.75,463.423
7252,73,107,60.2017,-2402.87,477.508
7253,73,108,55.4994,-2006.3,491.42
7254,73,109,52.4135,-1745.03,504.599
7255,73,110,50.4481,-1577.97,517.396
7256,73,111,54.9605,-1963.04,531.698
7257,73,112,56.0671,-2057.83,544.304
7258,73,113,59.9774,-2394.11,558.46
7259,73,114,60.6142,-2449.1,570.986
7260,73,115,57.8821,-2212.31,584.456
7261,73,116,58.3305,-2251.32,596.938
7262,73,117,60.3933,-2431.47,610.082
7263,73,118,59.1307,-2320.79,622.799
7264,73,119,57.0276,-2135.72,636.108
7265,73,120,58.6792,-2281.6,649.12
7266,73,121,61.499,-2531.63,663.436
7267,73,122,64.3784,-2787.89,677.978
7268,73,123,64.8294,-2828.18,690.467
7269,73,124,64.2402,-2775.35,702.987
7270,73,125,65.5406,-2892.39,715.949
7271,73,126,67.0846,-3031.86,729.201
7272,73,127,68.7446,-3182.37,742.661
7273,73,128,70.2635,-3320.59,756.015
7274,73,129,72.7709,-3549.6,771.193
7275,73,130,75.8996,-3836.4,788.066
7276,73,131,76.0243,-3847.86,800.547
7277,73,132,76.3565,-3878.54,813.06
7278,73,133,79.114,-4134.07,829.648
7279,73,134,83.7957,-4569.47,853.565
7280,73,135,84.885,-4671.14,866.833
7281,73,136,84.8443,-4667.33,879.485
7282,73,137,85.2061,-4701.33,892.198
7283,73,138,86.8993,-4861.06,906.643
7284,73,139,86.823,-4853.83,919.279
7285,73,140,87.9401,-4959.96,932.801
7286,73,141,87.9096,-4957.05,945.417
7287,73,142,88.7956,-5041.81,958.668
7288,73,143,88.2487,-4989.31,971.527
7289,74,83,-80.7273,8950.09,113.227
7290,74,84,-97.2727,10224.1,124.988
7291,74,85,-106.346,10925.8,135.791
7292,74,86,-90.8516,9722.36,148.671
7293,74,87,-75.9451,8559.65,161.939
7294,74,88,-38.4821,5625.05,187.018
7295,74,89,-36.1691,5443.1,198.272
7296,74,90,-31.4216,5068.04,209.692
7297,74,91,-19.2054,4098.89,223.124
7298,74,92,-9.13158,3296.34,236.157
7299,74,93,4.69549,2190.18,251.313
7300,74,94,8.63636,1873.59,263.023
7301,74,95,9.24054,1824.86,274.338
7302,74,96,4.38241,2218.36,286.466
7303,74,97,1.44783,2457.04,298.097
7304,74,98,14.6577,1378.24,317.384
7305,74,99,20.3043,915.219,330.375
7306,74,100,21.4896,817.625,341.965
7307,74,101,22.1319,764.529,353.468
7308,74,102,23.3251,665.493,365.019
7309,74,103,35.5962,-357.099,387.97
7310,74,104,50.869,-1634.92,413.62
7311,74,105,67.3387,-3018.38,438.292
7312,74,106,66.86,-2978,450.828
7313,74,107,61.2078,-2499.45,464.94
7314,74,108,56.1793,-2072.03,478.869
7315,74,109,52.8842,-1790.85,492.072
7316,74,110,50.7871,-1611.2,504.896
7317,74,111,55.5192,-2018.16,519.161
7318,74,112,56.6538,-2116.12,531.784
7319,74,113,60.7303,-2469.41,545.898
7320,74,114,61.3615,-2524.32,558.442
7321,74,115,58.4637,-2271.24,571.936
7322,74,116,58.9059,-2310.02,584.437
7323,74,117,61.0363,-2497.49,597.57
7324,74,118,59.6891,-2378.48,610.315
7325,74,119,57.4702,-2181.75,623.645
7326,74,120,59.1732,-2333.31,636.652
7327,74,121,62.0899,-2593.87,650.923
7328,74,122,65.0628,-2860.44,665.409
7329,74,123,65.5044,-2900.19,677.909
7330,74,124,64.8656,-2842.48,690.454
7331,74,125,66.1921,-2962.74,703.404
7332,74,126,67.7697,-3106.31,716.632
7333,74,127,69.4658,-3261.22,730.06
7334,74,128,71.0137,-3403.11,743.383
7335,74,129,73.5839,-3639.57,758.479
7336,74,130,76.7938,-3935.95,775.23
7337,74,131,76.8919,-3945.04,787.719
7338,74,132,77.206,-3974.25,800.233
7339,74,133,80.0271,-4237.55,816.706
7340,74,134,84.8324,-4687.65,840.385
7341,74,135,85.9234,-4790.21,853.62
7342,74,136,85.8485,-4783.14,866.282
7343,74,137,86.1901,-4815.48,878.99
7344,74,138,87.9052,-4978.41,893.366
7345,74,139,87.7961,-4968.01,906.012
7346,74,140,88.9175,-5075.29,919.489
7347,74,141,88.8573,-5069.51,932.112
7348,74,142,89.7415,-5154.69,945.327
7349,74,143,89.152,-5097.7,958.215
7350,75,84,-86.6667,9365,114.199
7351,75,85,-99.3182,10351.8,125.267
7352,75,86,-82.4126,9027.55,137.706
7353,75,87,-66.511,7776.62,150.481
7354,75,88,-25.044,4500.73,174.562
7355,75,89,-24.2143,4434.9,185.762
7356,75,90,-20.3676,4128.46,197.031
7357,75,91,-8.01471,3140.22,210.068
7358,75,92,1.93498,2340.93,222.734
7359,75,93,16.0526,1202.11,237.464
7360,75,94,19.2519,942.966,248.947
7361,75,95,18.9026,971.374,260.171
7362,75,96,12.7244,1475.92,272.615
7363,75,97,8.80929,1796.97,284.409
7364,75,98,22.5065,669.228,303.385
7365,75,99,27.9769,217.008,316.099
7366,75,100,28.6632,160.043,327.568
7367,75,101,28.8217,146.836,338.975
7368,75,102,29.6223,79.8522,350.387
7369,75,103,42.3054,-985.527,373.269
7370,75,104,58.1491,-2321.67,398.848
7371,75,105,75.2117,-3766.31,423.352
7372,75,106,74.211,-3681.25,435.876
7373,75,107,67.7707,-3131.68,450.263
7374,75,108,62.0604,-2642.49,464.418
7375,75,109,58.2409,-2314.02,477.752
7376,75,110,55.7297,-2097.22,490.652
7377,75,111,60.4505,-2506.35,504.744
7378,75,112,61.3853,-2587.68,517.301
7379,75,113,65.4281,-2940.76,531.249
7380,75,114,65.856,-2978.27,543.739
7381,75,115,62.5976,-2691.52,557.387
7382,75,116,62.864,-2715.06,569.845
7383,75,117,64.9094,-2896.42,582.86
7384,75,118,63.3249,-2755.4,595.667
7385,75,119,60.8458,-2533.94,609.126
7386,75,120,62.4761,-2680.12,622.029
7387,75,121,65.3764,-2941.14,636.15
7388,75,122,68.3361,-3208.51,650.484
7389,75,123,68.6622,-3238.07,662.931
7390,75,124,67.8715,-3166.12,675.497
7391,75,125,69.1321,-3281.25,688.342
7392,75,126,70.6574,-3421.07,701.452
7393,75,127,72.3085,-3572.97,714.754
7394,75,128,73.8085,-3711.47,727.954
7395,75,129,76.3705,-3948.88,742.905
7396,75,130,79.5955,-4248.81,759.52
7397,75,131,79.5988,-4249.11,771.966
7398,75,132,79.8304,-4270.8,784.418
7399,75,133,82.6581,-4536.61,800.763
7400,75,134,87.5358,-4996.75,824.434
7401,75,135,88.574,-5095.03,837.564
7402,75,136,88.4111,-5079.55,850.198
7403,75,137,88.6823,-5105.4,862.842
7404,75,138,90.3731,-5267.15,877.093
7405,75,139,90.1847,-5249.07,889.713
7406,75,140,91.2677,-5353.4,903.077
7407,75,141,91.1356,-5340.63,915.668
7408,75,142,91.9788,-5422.42,928.776
7409,75,143,91.3073,-5357.06,941.702
7410,76,85,-108.515,11106,114.623
7411,76,86,-86.8636,9395.5,127.291
7412,76,87,-67.5699,7864.87,140.091
7413,76,88,-19.5604,4040.11,163.142
7414,76,89,-19.3956,4026.92,174.408
7415,76,90,-15.6786,3728.32,185.693
7416,76,91,-2.36765,2654.57,198.522
7417,76,92,8.08824,1807.65,210.991
7418,76,93,23.0908,587.437,225.353
7419,76,94,25.886,359.167,236.766
7420,76,95,24.8383,445.071,248.018
7421,76,96,17.5065,1048.73,260.668
7422,76,97,12.8007,1437.74,272.592
7423,76,98,27.3419,230.82,291.091
7424,76,99,32.8652,-229.457,303.637
7425,76,100,33.2154,-258.754,315.09
7426,76,101,33.0359,-243.677,326.497
7427,76,102,33.5836,-289.87,337.879
7428,76,103,46.8897,-1416.45,360.314
7429,76,104,63.5099,-2829.16,385.438
7430,76,105,81.3526,-4351.74,409.527
7431,76,106,79.8911,-4226.54,422.079
7432,76,107,72.6934,-3607.54,436.67
7433,76,108,66.3386,-3058.91,450.988
7434,76,109,62.0428,-2686.6,464.426
7435,76,110,59.1709,-2436.75,477.398
7436,76,111,63.9627,-2855.23,491.364
7437,76,112,64.7582,-2924.97,503.901
7438,76,113,68.8363,-3283.85,517.726
7439,76,114,69.1113,-3308.14,530.205
7440,76,115,65.5272,-2990.35,543.966
7441,76,116,65.6638,-3002.5,556.42
7442,76,117,67.6732,-3182.01,569.364
7443,76,118,65.8864,-3021.8,582.233
7444,76,119,63.1783,-2778.07,595.787
7445,76,120,64.7773,-2922.51,608.632
7446,76,121,67.7037,-3187.83,622.64
7447,76,122,70.6903,-3459.62,636.853
7448,76,123,70.9319,-3481.69,649.284
7449,76,124,70.0163,-3397.76,661.886
7450,76,125,71.2415,-3510.47,674.67
7451,76,126,72.7439,-3649.19,687.703
7452,76,127,74.3783,-3800.64,700.919
7453,76,128,75.8567,-3938.14,714.035
7454,76,129,78.4378,-4179.04,728.855
7455,76,130,81.7049,-4485.06,745.318
7456,76,131,81.6329,-4478.3,757.753
7457,76,132,81.8013,-4494.17,770.179
7458,76,133,84.6586,-4764.66,786.383
7459,76,134,89.6338,-5237.32,809.898
7460,76,135,90.6367,-5332.92,822.956
7461,76,136,90.4008,-5310.36,835.587
7462,76,137,90.6166,-5331.07,848.199
7463,76,138,92.2996,-5493.2,862.345
7464,76,139,92.0451,-5468.6,874.963
7465,76,140,93.1042,-5571.33,888.244
7466,76,141,92.9124,-5552.67,900.829
7467,76,142,93.7278,-5632.3,913.863
7468,76,143,92.9851,-5559.51,926.834
7469,77,86,-111.121,11408.9,113.942
7470,77,87,-83.9091,9231.91,127.999
7471,77,88,-25.1748,4513.59,151.685
7472,77,89,-24.1209,4428.57,163.035
7473,77,90,-19.1978,4029.8,174.418
7474,77,91,-3.64286,2764.67,187.286
7475,77,92,8.27941,1791.01,199.761
7476,77,93,25.0245,417.917,213.965
7477,77,94,27.9154,179.902,225.413
7478,77,95,26.5439,293.281,236.727
7479,77,96,18.3083,976.835,249.407
7480,77,97,13.0779,1412.7,261.364
7481,77,98,28.9159,87.5889,279.526
7482,77,99,34.7826,-405.217,292.02
7483,77,100,35.0022,-423.734,303.509
7484,77,101,34.6654,-395.219,314.956
7485,77,102,35.1299,-434.704,326.367
7486,77,103,49.3071,-1644.49,348.299
7487,77,104,66.9417,-3155.19,372.845
7488,77,105,85.7783,-4775.14,396.425
7489,77,106,83.9244,-4615.08,409.022
7490,77,107,76.002,-3928.48,423.733
7491,77,108,69.0433,-3323.06,438.14
7492,77,109,64.3232,-2910.85,451.645
7493,77,110,61.1482,-2632.5,464.67
7494,77,111,66.1008,-3068.34,478.561
7495,77,112,66.8218,-3132.02,491.106
7496,77,113,71.0088,-3503.27,504.855
7497,77,114,71.1839,-3518.86,517.347
7498,77,115,67.3097,-3172.76,531.175
7499,77,116,67.364,-3177.62,543.645
7500,77,117,69.3885,-3359.83,556.558
7501,77,118,67.435,-3183.36,569.475
7502,77,119,64.5288,-2919.87,583.083
7503,77,120,66.1392,-3066.41,595.906
7504,77,121,69.135,-3340.04,609.842
7505,77,122,72.1893,-3620.01,623.973
7506,77,123,72.3774,-3637.32,636.41
7507,77,124,71.3634,-3543.69,649.048
7508,77,125,72.5837,-3656.77,661.806
7509,77,126,74.0924,-3797.08,674.798
7510,77,127,75.738,-3950.67,687.963
7511,77,128,77.221,-4089.58,701.031
7512,77,129,79.848,-4336.51,715.747
7513,77,130,83.1839,-4651.2,732.069
7514,77,131,83.0556,-4639.05,744.511
7515,77,132,83.1791,-4650.79,756.935
7516,77,133,86.0883,-4928.13,773.007
7517,77,134,91.1858,-5415.79,796.292
7518,77,135,92.1701,-5510.28,809.308
7519,77,136,91.8752,-5481.88,821.951
7520,77,137,92.0497,-5498.75,834.553
7521,77,138,93.7408,-5662.78,848.616
7522,77,139,93.4325,-5632.77,861.248
7523,77,140,94.4813,-5735.21,874.472
7524,77,141,94.2413,-5711.68,887.066
7525,77,142,95.041,-5790.32,900.053
7526,77,143,94.237,-5710.99,913.067
7527,78,87,-86.6364,9461,117.531
7528,78,88,-16.7273,3798.36,140.088
7529,78,89,-16.9056,3812.87,151.518
7530,78,90,-12.3352,3439.62,162.924
7531,78,91,4.46154,2062.29,175.58
7532,78,92,16.8929,1038.77,187.86
7533,78,93,34.6544,-429.515,201.688
7534,78,94,36.7525,-603.652,213.083
7535,78,95,34.2466,-394.835,224.456
7536,78,96,24.3333,434.579,237.382
7537,78,97,17.9774,968.474,249.491
7538,78,98,34.8571,-455.048,267.171
7539,78,99,40.7171,-951.191,279.504
7540,78,100,40.4397,-927.614,290.996
7541,78,101,39.6217,-857.812,302.464
7542,78,102,39.7269,-866.823,313.863
7543,78,103,54.641,-2149.44,335.328
7544,78,104,73.1868,-3750.56,359.402
7545,78,105,92.9228,-5461.01,382.554
7546,78,106,90.4483,-5245.72,395.202
7547,78,107,81.5628,-4469.73,410.149
7548,78,108,73.7964,-3788.87,424.735
7549,78,109,68.4842,-3321.4,438.355
7550,78,110,64.8646,-3001.67,451.461
7551,78,111,69.89,-3447.25,465.236
7552,78,112,70.4356,-3495.81,477.772
7553,78,113,74.6544,-3872.69,491.408
7554,78,114,74.642,-3871.58,503.9
7555,78,115,70.3819,-3488.17,517.847
7556,78,116,70.2814,-3479.09,530.323
7557,78,117,72.2613,-3658.6,543.176
7558,78,118,70.0723,-3459.4,556.162
7559,78,119,66.9022,-3169.87,569.866
7560,78,120,68.477,-3314.23,582.642
7561,78,121,71.5028,-3592.6,596.474
7562,78,122,74.5876,-3877.43,610.493
7563,78,123,74.6796,-3885.95,622.924
7564,78,124,73.5245,-3778.53,635.606
7565,78,125,74.7055,-3888.76,648.313
7566,78,126,76.1893,-4027.74,661.239
7567,78,127,77.8168,-4180.72,674.327
7568,78,128,79.2765,-4318.42,687.32
7569,78,129,81.9254,-4569.19,701.909
7570,78,130,85.3088,-4890.61,718.078
7571,78,131,85.097,-4870.42,730.521
7572,78,132,85.1508,-4875.56,742.93
7573,78,133,88.0935,-5158.06,758.858
7574,78,134,93.2995,-5659.57,781.964
7575,78,135,94.2448,-5750.95,794.916
7576,78,136,93.8697,-5714.56,807.567
7577,78,137,93.9835,-5725.64,820.148
7578,78,138,95.6666,-5890.02,834.11
7579,78,139,95.2862,-5852.75,846.751
7580,78,140,96.3095,-5953.37,859.899
7581,78,141,96.0048,-5923.31,872.498
7582,78,142,96.7749,-5999.55,885.418
7583,78,143,95.894,-5912.04,898.488
7584,79,88,-9.63636,3195.64,128.483
7585,79,89,-11.1364,3318.64,140.016
7586,79,90,-6.76573,2958.79,151.484
7587,79,91,11.7582,1427.47,163.994
7588,79,92,24.9231,334.791,176.138
7589,79,93,43.9821,-1253.46,189.642
7590,79,94,45.1765,-1353.39,201.031
7591,79,95,41.3848,-1034.89,212.493
7592,79,96,29.5769,-39.0884,225.627
7593,79,97,22,602.421,237.869
7594,79,98,40.1654,-941.639,255.088
7595,79,99,46.0779,-1446.17,267.302
7596,79,100,45.288,-1378.5,278.826
7597,79,101,43.9773,-1265.78,290.338
7598,79,102,43.7283,-1244.28,301.755
7599,79,103,59.5154,-2612.5,322.708
7600,79,104,79.1128,-4317.48,346.246
7601,79,105,99.8718,-6130.43,368.926
7602,79,106,96.7241,-5854.48,381.641
7603,79,107,86.7931,-4980.55,396.804
7604,79,108,78.1602,-4217.98,411.549
7605,79,109,72.2238,-3691.62,425.274
7606,79,110,68.1442,-3328.54,438.456
7607,79,111,73.2754,-3786.92,452.135
7608,79,112,73.6539,-3820.86,464.676
7609,79,113,77.93,-4205.71,478.219
7610,79,114,77.7349,-4188.08,490.724
7611,79,115,73.0773,-3765.79,504.773
7612,79,116,72.8296,-3743.26,517.265
7613,79,117,74.7804,-3921.42,530.076
7614,79,118,72.356,-3699.19,543.128
7615,79,119,68.9199,-3383.07,556.913
7616,79,120,70.4736,-3526.53,569.657
7617,79,121,73.5473,-3811.35,583.403
7618,79,122,76.6794,-4102.64,597.326
7619,79,123,76.6825,-4102.93,609.764
7620,79,124,75.3901,-3981.87,622.49
7621,79,125,76.542,-4090.15,635.163
7622,79,126,78.011,-4228.73,648.038
7623,79,127,79.6306,-4382.06,661.066
7624,79,128,81.0761,-4519.38,674.001
7625,79,129,83.7584,-4775.09,688.476
7626,79,130,87.2014,-5104.47,704.495
7627,79,131,86.9102,-5076.51,716.948
7628,79,132,86.8988,-5075.42,729.353
7629,79,133,89.8849,-5364.07,745.143
7630,79,134,95.2129,-5880.89,768.036
7631,79,135,96.1243,-5969.59,780.939
7632,79,136,95.6714,-5925.36,793.605
7633,79,137,95.7279,-5930.91,806.175
7634,79,138,97.409,-6096.21,820.047
7635,79,139,96.959,-6051.81,832.705
7636,79,140,97.9614,-6151.05,845.79
7637,79,141,97.5946,-6114.61,858.401
7638,79,142,98.3391,-6188.81,871.268
7639,79,143,97.3829,-6093.19,884.394
7640,80,89,23.2727,359.455,126.708
7641,80,90,22.1818,450,138.063
7642,80,91,38.9685,-948.893,150.084
7643,80,92,49.9725,-1869.56,161.778
7644,80,93,68.1758,-3398.64,174.719
7645,80,94,66.3036,-3240.74,185.95
7646,80,95,59.3971,-2655.99,197.554
7647,80,96,44.0809,-1354.12,211.511
7648,80,97,34.0506,-498.197,224.162
7649,80,98,52.8596,-2109.51,240.96
7650,80,99,58.094,-2559.66,252.891
7651,80,100,56.0844,-2386.17,264.399
7652,80,101,53.6731,-2177.19,275.932
7653,80,102,52.5593,-2080.29,287.303
7654,80,103,68.9261,-3509.65,308.074
7655,80,104,89.3385,-5299.14,331.461
7656,80,105,110.908,-7197.23,353.918
7657,80,106,106.709,-6826.38,366.727
7658,80,107,95.3558,-5819.69,382.338
7659,80,108,85.5369,-4945.82,397.406
7660,80,109,78.713,-4336.21,411.32
7661,80,110,73.9516,-3909.27,424.626
7662,80,111,79.0405,-4367.27,438.158
7663,80,112,79.0926,-4371.98,450.68
7664,80,113,83.3002,-4753.47,464.079
7665,80,114,82.7871,-4706.78,476.58
7666,80,115,77.5901,-4232.12,490.82
7667,80,116,77.0851,-4185.83,503.314
7668,80,117,78.9145,-4354.14,516.044
7669,80,118,76.1538,-4099.23,529.195
7670,80,119,72.356,-3747.3,543.128
7671,80,120,73.8179,-3883.26,555.807
7672,80,121,76.8787,-4168.93,569.427
7673,80,122,80.0015,-4461.43,583.217
7674,80,123,79.8538,-4447.54,595.643
7675,80,124,78.363,-4306.91,608.428
7676,80,125,79.4357,-4408.46,621.034
7677,80,126,80.8441,-4542.26,633.824
7678,80,127,82.4132,-4691.85,646.756
7679,80,128,83.8041,-4824.91,659.598
7680,80,129,86.4845,-5082.23,673.931
7681,80,130,89.9557,-5416.62,689.792
7682,80,131,89.5473,-5377.14,702.244
7683,80,132,89.436,-5366.35,714.63
7684,80,133,92.4387,-5658.61,730.271
7685,80,134,97.8676,-6188.83,753.042
7686,80,135,98.7167,-6272.04,765.868
7687,80,136,98.1569,-6217,778.546
7688,80,137,98.1297,-6214.32,791.09
7689,80,138,99.7864,-6378.33,804.847
7690,80,139,99.2422,-6324.27,817.518
7691,80,140,100.203,-6419.98,830.513
7692,80,141,99.7516,-6374.89,843.133
7693,80,142,100.451,-6445.09,855.921
7694,80,143,99.3992,-6339.18,869.123
7695,81,90,42.5455,-1321.64,126.005
7696,81,91,58.6818,-2677.09,137.78
7697,81,92,68.2343,-3482.68,149.263
7698,81,93,86.4286,-5023.13,161.768
7699,81,94,81.6813,-4619.62,173.057
7700,81,95,71.8036,-3776.71,184.916
7701,81,96,53.0221,-2167.76,199.382
7702,81,97,40.7598,-1113.21,212.285
7703,81,98,60.9133,-2853.13,228.593
7704,81,99,65.8509,-3281.05,240.398
7705,81,100,62.8647,-3021.25,251.981
7706,81,101,59.5779,-2734.21,263.603
7707,81,102,57.8261,-2580.63,275.025
7708,81,103,75.1581,-4105.85,295.28
7709,81,104,96.7522,-6013.33,318.14
7710,81,105,119.454,-8026.21,340.13
7711,81,106,114.275,-7565.31,353.052
7712,81,107,101.52,-6425.86,368.952
7713,81,108,90.5597,-5443.07,384.212
7714,81,109,82.9187,-4755.38,398.248
7715,81,110,77.5595,-4271.27,411.641
7716,81,111,82.744,-4741.32,425.089
7717,81,112,82.5678,-4725.29,437.629
7718,81,113,86.8199,-5113.65,450.947
7719,81,114,86.0695,-5044.87,463.474
7720,81,115,80.388,-4522.16,477.821
7721,81,116,79.6995,-4458.59,490.343
7722,81,117,81.4865,-4624.19,503.044
7723,81,118,78.4451,-4341.34,516.265
7724,81,119,74.335,-3957.73,530.276
7725,81,120,75.7711,-4092.25,542.936
7726,81,121,78.8859,-4385.04,556.484
7727,81,122,82.0618,-4684.63,570.19
7728,81,123,81.8114,-4660.92,582.632
7729,81,124,80.1638,-4504.41,595.468
7730,81,125,81.2042,-4603.59,608.053
7731,81,126,82.597,-4736.83,620.805
7732,81,127,84.1582,-4886.71,633.689
7733,81,128,85.5344,-5019.28,646.486
7734,81,129,88.2536,-5282.14,660.714
7735,81,130,91.7928,-5625.44,676.431
7736,81,131,91.2964,-5577.12,688.904
7737,81,132,91.1135,-5559.26,701.297
7738,81,133,94.1663,-5858.43,716.805
7739,81,134,99.7322,-6405.75,739.345
7740,81,135,100.544,-6485.88,752.132
7741,81,136,99.8994,-6422.03,764.836
7742,81,137,99.8101,-6413.16,777.38
7743,81,138,101.466,-6578.19,791.056
7744,81,139,100.846,-6516.23,803.754
7745,81,140,101.785,-6610.43,816.697
7746,81,141,101.268,-6558.32,829.339
7747,81,142,101.941,-6626.33,842.084
7748,81,143,100.808,-6511.54,855.349
7749,82,91,99.9394,-6307.76,123.072
7750,82,92,103.727,-6629.73,134.098
7751,82,93,119.038,-7936.28,145.904
7752,82,94,108.544,-7037.25,157.385
7753,82,95,93.4176,-5736.38,169.934
7754,82,96,69.25,-3649.92,185.791
7755,82,97,53.4265,-2278.54,199.269
7756,82,98,74.4608,-4108.53,215.074
7757,82,99,78.4417,-4456.2,226.67
7758,82,100,73.8158,-4050.66,238.361
7759,82,101,69.1053,-3636.13,250.121
7760,82,102,66.2792,-3386.5,261.603
7761,82,103,84.4184,-4994.84,281.476
7762,82,104,107.085,-7012.16,303.986
7763,82,105,130.817,-9132.26,325.622
7764,82,106,124.315,-8549.25,338.709
7765,82,107,109.807,-7243.48,355.062
7766,82,108,97.4206,-6124.59,370.616
7767,82,109,88.7438,-5337.89,384.827
7768,82,110,82.6133,-4780.01,398.339
7769,82,111,87.8065,-5254.32,411.682
7770,82,112,87.2923,-5207.2,424.236
7771,82,113,91.5148,-5595.67,437.454
7772,82,114,90.4345,-5495.91,450.007
7773,82,115,84.162,-4914.66,464.506
7774,82,116,83.2185,-4826.92,477.056
7775,82,117,84.9093,-4984.72,489.715
7776,82,118,81.5185,-4667.12,503.028
7777,82,119,77.0303,-4245.23,517.149
7778,82,120,78.4018,-4374.61,529.78
7779,82,121,81.5408,-4671.77,543.238
7780,82,122,84.7422,-4975.9,556.847
7781,82,123,84.3522,-4938.72,569.303
7782,82,124,82.5098,-4762.46,582.2
7783,82,125,83.4908,-4856.64,594.752
7784,82,126,84.8439,-4986.99,607.456
7785,82,127,86.3753,-5135.02,620.279
7786,82,128,87.7157,-5265.04,633.02
7787,82,129,90.4573,-5531.89,647.13
7788,82,130,94.051,-5882.88,662.694
7789,82,131,93.4444,-5823.43,675.188
7790,82,132,93.1701,-5796.46,687.587
7791,82,133,96.2612,-6101.44,702.952
7792,82,134,101.958,-6665.44,725.283
7793,82,135,102.718,-6740.91,738.023
7794,82,136,101.97,-6666.41,750.757
7795,82,137,101.804,-6649.77,763.298
7796,82,138,103.448,-6814.71,776.882
7797,82,139,102.739,-6743.31,789.611
7798,82,140,103.645,-6834.88,802.492
7799,82,141,103.048,-6774.39,815.16
7800,82,142,103.685,-6839.15,827.855
7801,82,143,102.46,-6714.14,841.195
7802,83,92,130,-8968,121.331
7803,83,93,143.318,-10113.4,132.682
7804,83,94,127.028,-8706.98,144.611
7805,83,95,106.731,-6947.88,157.764
7806,83,96,77.2088,-4379.47,174.157
7807,83,97,58.2143,-2720.62,187.811
7808,83,98,81.2794,-4742.66,203.2
7809,83,99,84.9265,-5063.6,214.768
7810,83,100,79.066,-4545.93,226.576
7811,83,101,73.307,-4035.3,238.449
7812,83,102,69.7782,-3721.23,250.017
7813,83,103,89.3117,-5466.23,269.345
7814,83,104,113.594,-7643.54,291.233
7815,83,105,138.824,-9914.25,312.331
7816,83,106,131.113,-9217.68,325.557
7817,83,107,114.9,-7747.7,342.115
7818,83,108,101.169,-6498.2,357.781
7819,83,109,91.572,-5621.66,372.064
7820,83,110,84.8016,-5001.03,385.632
7821,83,111,90.202,-5497.87,398.941
7822,83,112,89.4939,-5432.49,411.531
7823,83,113,93.8468,-5835.85,424.713
7824,83,114,92.5532,-5715.55,437.306
7825,83,115,85.7721,-5082.65,451.851
7826,83,116,84.6784,-4980.2,464.436
7827,83,117,86.3824,-5140.38,477.1
7828,83,118,82.7214,-4795.02,490.454
7829,83,119,77.9256,-4341.02,504.6
7830,83,120,79.3221,-4473.7,517.242
7831,83,121,82.5749,-4783.79,530.671
7832,83,122,85.8846,-5100.42,544.24
7833,83,123,85.4199,-5055.81,556.723
7834,83,124,83.4389,-4864.98,569.656
7835,83,125,84.4224,-4960.04,582.214
7836,83,126,85.7946,-5093.15,594.913
7837,83,127,87.3518,-5244.71,607.724
7838,83,128,88.708,-5377.17,620.452
7839,83,129,91.5241,-5653.15,634.498
7840,83,130,95.2231,-6016.88,649.952
7841,83,131,94.5439,-5949.87,662.474
7842,83,132,94.2146,-5917.27,674.894
7843,83,133,97.386,-6232.29,690.156
7844,83,134,103.259,-6817.62,712.236
7845,83,135,103.998,-6891.55,724.963
7846,83,136,103.176,-6809.02,737.728
7847,83,137,102.959,-6787.24,750.285
7848,83,138,104.621,-6955.05,763.818
7849,83,139,103.845,-6876.48,776.578
7850,83,140,104.745,-6967.95,789.434
7851,83,141,104.091,-6901.2,802.13
7852,83,142,104.714,-6965,814.809
7853,83,143,103.415,-6831.59,828.196
7854,84,93,155.848,-11241.1,121.389
7855,84,94,134.318,-9367.95,133.55
7856,84,95,109.423,-7193.78,146.787
7857,84,96,74.9451,-4171.21,162.885
7858,84,97,53.5604,-2289.36,176.35
7859,84,98,80.3214,-4653.25,191.68
7860,84,99,84.5441,-5027.66,203.316
7861,84,100,78.0392,-4448.73,215.155
7862,84,101,71.7544,-3887.28,227.038
7863,84,102,68.0175,-3552.21,238.628
7864,84,103,89.6805,-5501.87,257.685
7865,84,104,116.24,-7901.11,279.067
7866,84,105,143.523,-10374.8,299.663
7867,84,106,134.733,-9574.87,312.973
7868,84,107,116.867,-7943.13,329.531
7869,84,108,101.881,-6569.35,345.165
7870,84,109,91.4906,-5613.46,359.433
7871,84,110,84.2247,-4942.57,373
7872,84,111,90.052,-5482.57,386.329
7873,84,112,89.3054,-5413.14,398.954
7874,84,113,93.9611,-5847.67,412.152
7875,84,114,92.5766,-5717.99,424.777
7876,84,115,85.3702,-5040.59,439.287
7877,84,116,84.2346,-4933.46,451.9
7878,84,117,86.0649,-5106.73,464.594
7879,84,118,82.2129,-4740.79,477.943
7880,84,119,77.1789,-4260.88,492.051
7881,84,120,78.6913,-4405.57,504.724
7882,84,121,82.1485,-4737.46,518.171
7883,84,122,85.6498,-5074.75,531.75
7884,84,123,85.1735,-5028.71,544.258
7885,84,124,83.108,-4828.36,557.197
7886,84,125,84.154,-4930.17,569.781
7887,84,126,85.6025,-5071.64,582.501
7888,84,127,87.2393,-5232.04,595.33
7889,84,128,88.6607,-5371.82,608.075
7890,84,129,91.6013,-5661.95,622.107
7891,84,130,95.4544,-6043.41,637.508
7892,84,131,94.7373,-5972.18,650.052
7893,84,132,94.3867,-5937.24,662.495
7894,84,133,97.678,-6266.37,677.705
7895,84,134,103.77,-6877.56,699.577
7896,84,135,104.518,-6952.88,712.312
7897,84,136,103.645,-6864.68,725.101
7898,84,137,103.403,-6840.19,737.678
7899,84,138,105.109,-7013.6,751.192
7900,84,139,104.288,-6929.91,763.975
7901,84,140,105.204,-7023.62,776.831
7902,84,141,104.511,-6952.49,789.549
7903,84,142,105.141,-7017.42,802.232
7904,84,143,103.784,-6877.19,815.64
7905,85,94,127,-8702,122.474
7906,85,95,98.9091,-6230,135.39
7907,85,96,60.4371,-2831.64,150.833
7908,85,97,37.9945,-841.731,163.895
7909,85,98,70.8022,-3761.62,179.669
7910,85,99,76.8571,-4302.52,191.413
7911,85,100,70.5,-3732.5,203.188
7912,85,101,64.3627,-3180.15,214.98
7913,85,102,61.032,-2879.27,226.514
7914,85,103,85.7105,-5116.79,245.766
7915,85,104,115.323,-7811.55,266.937
7916,85,105,145.292,-10548.7,287.179
7917,85,106,135.542,-9654.95,300.52
7918,85,107,116.052,-7861.9,316.952
7919,85,108,99.8848,-6369.09,332.464
7920,85,109,88.8231,-5344.04,346.659
7921,85,110,81.2034,-4635.41,360.181
7922,85,111,87.6862,-5240.47,373.568
7923,85,112,87.0553,-5181.37,386.222
7924,85,113,92.1872,-5663.77,399.469
7925,85,114,90.8287,-5535.62,412.115
7926,85,115,83.2702,-4820.08,426.538
7927,85,116,82.1948,-4717.92,439.166
7928,85,117,84.2597,-4914.77,451.904
7929,85,118,80.2872,-4534.74,465.214
7930,85,119,75.0756,-4034.43,479.242
7931,85,120,76.7889,-4199.48,491.958
7932,85,121,80.5358,-4561.67,505.458
7933,85,122,84.3063,-4927.41,519.083
7934,85,123,83.8745,-4885.38,531.607
7935,85,124,81.7706,-4679.91,544.531
7936,85,125,82.9329,-4793.81,557.148
7937,85,126,84.5085,-4948.75,569.906
7938,85,127,86.2723,-5122.77,582.77
7939,85,128,87.8023,-5274.24,595.55
7940,85,129,90.9117,-5583.11,609.607
7941,85,130,94.9624,-5986.83,625.008
7942,85,131,94.2357,-5914.15,637.565
7943,85,132,93.8914,-5879.61,650.023
7944,85,133,97.3372,-6226.49,665.228
7945,85,134,103.686,-6867.74,686.963
7946,85,135,104.467,-6946.86,699.716
7947,85,136,103.562,-6854.86,712.52
7948,85,137,103.314,-6829.59,725.116
7949,85,138,105.087,-7010.94,738.634
7950,85,139,104.237,-6923.73,751.431
7951,85,140,105.187,-7021.61,764.3
7952,85,141,104.471,-6947.57,777.032
7953,85,142,105.124,-7015.31,789.731
7954,85,143,103.722,-6869.45,803.139
7955,86,95,68.4242,-3425.39,122.116
7956,86,96,28.5,127.864,136.824
7957,86,97,7.63986,1991.37,149.269
7958,86,98,50.1648,-1821.7,166.545
7959,86,99,60.033,-2709.84,178.454
7960,86,100,55.0714,-2261.64,190.062
7961,86,101,50.0956,-1810.5,201.656
7962,86,102,48.0515,-1624.49,213.046
7963,86,103,76.9143,-4260.63,233.21
7964,86,104,110.57,-7345.75,254.577
7965,86,105,144.011,-10422.3,274.66
7966,86,106,133.455,-9447.59,287.986
7967,86,107,112.383,-7494.94,304.208
7968,86,108,95.1285,-5890.29,319.539
7969,86,109,83.5413,-4808.82,333.618
7970,86,110,75.7346,-4077.59,347.061
7971,86,111,83.1368,-4773.39,360.539
7972,86,112,82.7961,-4741.26,373.214
7973,86,113,88.5988,-5290.58,386.539
7974,86,114,87.3941,-5176.13,399.194
7975,86,115,79.5606,-4429.34,413.494
7976,86,116,78.6552,-4342.73,426.126
7977,86,117,81.0704,-4574.58,438.916
7978,86,118,77.0505,-4187.33,452.161
7979,86,119,71.7227,-3672.31,466.081
7980,86,120,73.7255,-3866.58,478.847
7981,86,121,77.8507,-4268.1,492.431
7982,86,122,81.9701,-4670.43,506.134
7983,86,123,81.6386,-4637.94,518.666
7984,86,124,79.5415,-4431.73,531.554
7985,86,125,80.8734,-4563.14,544.212
7986,86,126,82.6263,-4736.68,557.017
7987,86,127,84.5636,-4929.12,569.932
7988,86,128,86.2443,-5096.63,582.757
7989,86,129,89.5659,-5428.79,596.873
7990,86,130,93.8564,-5859.27,612.321
7991,86,131,93.1462,-5787.77,624.881
7992,86,132,92.8336,-5756.2,637.35
7993,86,133,96.4671,-6124.4,652.59
7994,86,134,103.111,-6799.83,674.261
7995,86,135,103.946,-6885,687.039
7996,86,136,103.026,-6790.86,699.849
7997,86,137,102.789,-6766.57,712.461
7998,86,138,104.648,-6958.03,725.999
7999,86,139,103.783,-6868.68,738.801
8000,86,140,104.785,-6972.48,751.693
8001,86,141,104.057,-6896.8,764.432
8002,86,142,104.748,-6968.89,777.152
8003,86,143,103.31,-6818.39,790.545
8004,87,96,6.57576,2166.82,124.659
8005,87,97,-14.0909,4026.82,136.715
8006,87,98,39.1434,-782.01,154.622
8007,87,99,52.2253,-1968.1,166.679
8008,87,100,47.6703,-1553.6,178.298
8009,87,101,43.0179,-1128.68,189.879
8010,87,102,41.6029,-998.978,201.289
8011,87,103,74.6201,-4036.56,221.391
8012,87,104,112.27,-7512.93,242.335
8013,87,105,149.053,-10921.4,261.957
8014,87,106,136.936,-9794.58,275.357
8015,87,107,113.526,-7609.64,291.536
8016,87,108,94.5991,-5836.82,306.806
8017,87,109,82.0504,-4657.24,320.855
8018,87,110,73.7174,-3871.16,334.287
8019,87,111,81.8731,-4643.23,347.803
8020,87,112,81.6034,-4617.62,360.517
8021,87,113,87.9243,-5220.21,373.872
8022,87,114,86.6817,-5101.33,386.561
8023,87,115,78.3571,-4302.17,400.815
8024,87,116,77.4716,-4216.87,413.476
8025,87,117,80.119,-4472.78,426.305
8026,87,118,75.9073,-4064.24,439.54
8027,87,119,70.3259,-3520.99,453.415
8028,87,120,72.5286,-3736.13,466.22
8029,87,121,76.958,-4170.2,479.833
8030,87,122,81.3559,-4602.66,493.556
8031,87,123,81.0396,-4571.45,506.115
8032,87,124,78.8637,-4356.04,519.008
8033,87,125,80.2986,-4498.57,531.696
8034,87,126,82.1679,-4684.88,544.528
8035,87,127,84.2221,-4890.3,557.466
8036,87,128,85.9991,-5068.59,570.313
8037,87,129,89.4866,-5419.66,584.422
8038,87,130,93.9757,-5873.07,599.824
8039,87,131,93.2286,-5797.36,612.407
8040,87,132,92.8989,-5763.84,624.899
8041,87,133,96.6842,-6149.94,640.093
8042,87,134,103.596,-6857.21,661.564
8043,87,135,104.445,-6944.4,674.353
8044,87,136,103.468,-6843.8,687.187
8045,87,137,103.205,-6816.6,699.82
8046,87,138,105.119,-7015.06,713.343
8047,87,139,104.204,-6919.88,726.168
8048,87,140,105.227,-7026.6,739.063
8049,87,141,104.457,-6945.97,751.823
8050,87,142,105.158,-7019.62,764.551
8051,87,143,103.655,-6861.33,777.963
8052,88,97,-44.8182,6915.18,123.557
8053,88,98,23.6818,681.682,142.526
8054,88,99,41.521,-947.628,154.766
8055,88,100,37.9121,-616.813,166.404
8056,88,101,33.989,-255.89,177.982
8057,88,102,33.5893,-218.982,189.422
8058,88,103,71.7353,-3753.85,209.501
8059,88,104,114.154,-7698.82,230.033
8060,88,105,154.814,-11493.7,249.202
8061,88,106,140.816,-10182.6,262.68
8062,88,107,114.677,-7725.48,278.814
8063,88,108,93.8377,-5759.66,294.021
8064,88,109,80.2174,-4470.28,308.04
8065,88,110,71.3192,-3624.95,321.463
8066,88,111,80.3543,-4486.3,335.021
8067,88,112,80.1846,-4470.06,347.776
8068,88,113,87.1009,-5134.02,361.164
8069,88,114,85.8272,-5011.33,373.888
8070,88,115,76.9691,-4155.04,388.095
8071,88,116,76.1182,-4072.51,400.787
8072,88,117,79.0323,-4356.14,413.656
8073,88,118,74.619,-3925.11,426.883
8074,88,119,68.7692,-3351.84,440.713
8075,88,120,71.1999,-3590.85,453.558
8076,88,121,75.9679,-4061.29,467.204
8077,88,122,80.6737,-4527.16,480.948
8078,88,123,80.3777,-4497.77,493.533
8079,88,124,78.12,-4272.74,506.433
8080,88,125,79.6695,-4427.7,519.151
8081,88,126,81.667,-4628.11,532.011
8082,88,127,83.849,-4847.76,544.973
8083,88,128,85.7308,-5037.83,557.843
8084,88,129,89.3971,-5409.35,571.946
8085,88,130,94.0992,-5887.4,587.305
8086,88,131,93.3125,-5807.16,599.91
8087,88,132,92.9644,-5771.53,612.425
8088,88,133,96.9115,-6176.76,627.575
8089,88,134,104.107,-6917.93,648.846
8090,88,135,104.971,-7007.15,661.647
8091,88,136,103.933,-6899.54,674.505
8092,88,137,103.64,-6869.14,687.16
8093,88,138,105.613,-7074.92,700.669
8094,88,139,104.643,-6973.46,713.517
8095,88,140,105.688,-7083.17,726.415
8096,88,141,104.872,-6997.23,739.198
8097,88,142,105.584,-7072.44,751.933
8098,88,143,104.012,-6905.85,765.363
8099,89,98,64.303,-3177.33,128.775
8100,89,99,78,-4437.45,140.606
8101,89,100,67.7098,-3487.33,152.32
8102,89,101,58.5989,-2643.05,163.994
8103,89,102,54.6264,-2273.6,175.401
8104,89,103,95.0536,-6046.81,195.032
8105,89,104,139.86,-10243.7,215.139
8106,89,105,182.279,-14231.1,233.872
8107,89,106,163.674,-12476,247.731
8108,89,107,132.377,-9513.23,264.575
8109,89,108,107.684,-7167.39,280.174
8110,89,109,91.4481,-5619.55,294.407
8111,89,110,80.7199,-4593.22,307.968
8112,89,111,89.7233,-5457.55,321.405
8113,89,112,88.7587,-5364.62,334.179
8114,89,113,95.5423,-6020.37,347.452
8115,89,114,93.5214,-5824.34,360.21
8116,89,115,83.4371,-4842.81,374.596
8117,89,116,82.0635,-4708.65,387.317
8118,89,117,84.7685,-4973.74,400.137
8119,89,118,79.6785,-4473.23,413.467
8120,89,119,73.125,-3826.61,427.421
8121,89,120,75.4353,-4055.33,440.227
8122,89,121,80.2356,-4532.17,453.767
8123,89,122,84.9672,-5003.74,467.396
8124,89,123,84.409,-4947.92,479.996
8125,89,124,81.8018,-4686.34,492.964
8126,89,125,83.2361,-4830.73,505.643
8127,89,126,85.151,-5024.13,518.444
8128,89,127,87.2662,-5238.47,531.335
8129,89,128,89.0713,-5421.99,544.137
8130,89,129,92.7535,-5797.57,558.107
8131,89,130,97.5196,-6285.31,573.295
8132,89,131,96.5373,-6184.45,585.929
8133,89,132,96.0268,-6131.87,598.452
8134,89,133,100.013,-6543.8,613.445
8135,89,134,107.387,-7308.21,634.496
8136,89,135,108.148,-7387.31,647.248
8137,89,136,106.934,-7260.69,660.148
8138,89,137,106.507,-7216.02,672.806
8139,89,138,108.444,-7419.36,686.215
8140,89,139,107.325,-7301.56,699.107
8141,89,140,108.307,-7405.31,711.938
8142,89,141,107.362,-7305.09,724.759
8143,89,142,108.008,-7373.77,737.441
8144,89,143,106.291,-7190.64,750.967
8145,90,99,64.697,-3160.36,128.789
8146,90,100,54.9545,-2254.32,140.488
8147,90,101,46.451,-1460.66,152.118
8148,90,102,43.7363,-1206.37,163.525
8149,90,103,91.4945,-5695.65,183.172
8150,90,104,142.75,-10530.8,202.853
8151,90,105,190.11,-15014.2,221.122
8152,90,106,168.395,-12951.2,235.067
8153,90,107,133.096,-9586.06,251.823
8154,90,108,105.728,-6967.87,267.321
8155,90,109,88.0639,-5272.11,281.497
8156,90,110,76.6364,-4171.26,295.031
8157,90,111,86.8295,-5156.59,308.529
8158,90,112,86.0326,-5079.29,321.343
8159,90,113,93.6087,-5816.7,334.667
8160,90,114,91.5808,-5618.64,347.457
8161,90,115,80.8701,-4568.99,361.767
8162,90,116,79.5849,-4442.61,374.515
8163,90,117,82.6601,-4746.03,387.383
8164,90,118,77.3645,-4221.77,400.685
8165,90,119,70.5284,-3542.71,414.572
8166,90,120,73.1552,-3804.53,427.426
8167,90,121,78.3981,-4328.81,441.018
8168,90,122,83.5277,-4843.49,454.69
8169,90,123,83.0214,-4792.51,467.313
8170,90,124,80.3445,-4522.15,480.274
8171,90,125,81.9395,-4683.78,492.989
8172,90,126,84.028,-4896.1,505.828
8173,90,127,86.3136,-5129.24,518.755
8174,90,128,88.2601,-5328.43,531.591
8175,90,129,92.167,-5729.53,545.577
8176,90,130,97.1943,-6247.34,560.751
8177,90,131,96.1806,-6142.6,573.402
8178,90,132,95.6629,-6088.94,585.947
8179,90,133,99.8471,-6524.09,600.921
8180,90,134,107.556,-7328.38,621.81
8181,90,135,108.342,-7410.68,634.581
8182,90,136,107.069,-7276.95,647.5
8183,90,137,106.619,-7229.54,660.18
8184,90,138,108.63,-7442.04,673.59
8185,90,139,107.459,-7317.96,686.499
8186,90,140,108.474,-7425.91,699.344
8187,90,141,107.486,-7320.49,712.182
8188,90,142,108.152,-7391.71,724.879
8189,90,143,106.366,-7200.03,738.411
8190,91,100,37.5152,-562.697,128.506
8191,91,101,30.6364,83.9091,140.109
8192,91,102,30.1049,134.044,151.541
8193,91,103,87.3077,-5281.15,171.236
8194,91,104,146.484,-10902.9,190.488
8195,91,105,199.661,-15972.4,208.295
8196,91,106,174.037,-13521.1,222.337
8197,91,107,133.922,-9670,239.01
8198,91,108,103.421,-6731.78,254.409
8199,91,109,84.1404,-4867.98,268.533
8200,91,110,71.9624,-3686.72,282.042
8201,91,111,83.5714,-4816.67,295.605
8202,91,112,82.9983,-4760.69,308.463
8203,91,113,91.497,-5593.57,321.84
8204,91,114,89.4761,-5394.84,334.663
8205,91,115,78.0769,-4270.12,348.904
8206,91,116,76.9077,-4154.37,361.68
8207,91,117,80.409,-4502.17,374.598
8208,91,118,74.896,-3952.7,387.877
8209,91,119,67.7586,-3238.97,401.7
8210,91,120,70.7453,-3538.63,414.604
8211,91,121,76.4819,-4116.11,428.249
8212,91,122,82.0519,-4678.68,441.962
8213,91,123,81.6043,-4633.32,454.611
8214,91,124,78.8533,-4353.64,467.568
8215,91,125,80.6246,-4534.32,480.322
8216,91,126,82.9022,-4767.39,493.199
8217,91,127,85.3722,-5020.98,506.161
8218,91,128,87.4707,-5237.12,519.029
8219,91,129,91.6184,-5665.72,533.03
8220,91,130,96.9245,-6215.78,548.187
8221,91,131,95.8746,-6106.59,560.857
8222,91,132,95.3468,-6051.53,573.424
8223,91,133,99.7403,-6511.37,588.377
8224,91,134,107.804,-7358.11,609.098
8225,91,135,108.615,-7443.45,621.887
8226,91,136,107.274,-7301.77,634.827
8227,91,137,106.796,-7251.1,647.53
8228,91,138,108.883,-7473.07,660.938
8229,91,139,107.655,-7342.01,673.868
8230,91,140,108.703,-7454.14,686.724
8231,91,141,107.667,-7342.94,699.582
8232,91,142,108.351,-7416.61,712.294
8233,91,143,106.49,-7215.66,725.833
8234,92,101,32.8485,-132.879,128.564
8235,92,102,31.8182,-35,140.104
8236,92,103,98.2692,-6370,159.048
8237,92,104,164.863,-12740.8,177.551
8238,92,105,223.011,-18323,194.747
8239,92,106,190.857,-15225.5,209.067
8240,92,107,143.625,-10659.8,225.934
8241,92,108,108.395,-7242.4,241.393
8242,92,109,86.419,-5103.44,255.559
8243,92,110,72.7193,-3765.44,269.109
8244,92,111,85.4135,-5009.47,282.681
8245,92,112,84.6104,-4930.5,295.591
8246,92,113,93.7352,-5830.81,308.971
8247,92,114,91.3439,-5594.07,321.845
8248,92,115,78.8391,-4351.93,336.097
8249,92,116,77.5154,-4220,348.917
8250,92,117,81.2393,-4592.39,361.863
8251,92,118,75.2564,-3992.11,375.169
8252,92,119,67.5835,-3219.7,388.992
8253,92,120,70.7882,-3543.37,401.926
8254,92,121,76.9043,-4163.15,415.569
8255,92,122,82.8065,-4763.19,429.269
8256,92,123,82.2837,-4709.88,441.952
8257,92,124,79.3249,-4407.09,454.939
8258,92,125,81.1727,-4596.79,467.714
8259,92,126,83.549,-4841.56,480.603
8260,92,127,86.1203,-5107.26,493.57
8261,92,128,88.2918,-5332.37,506.444
8262,92,129,92.6146,-5781.94,520.403
8263,92,130,98.1417,-6358.6,535.472
8264,92,131,96.9784,-6236.84,548.175
8265,92,132,96.3711,-6173.07,560.77
8266,92,133,100.925,-6652.75,575.641
8267,92,134,109.309,-7538.67,596.115
8268,92,135,110.088,-7621.21,608.907
8269,92,136,108.622,-7465.34,621.884
8270,92,137,108.064,-7405.88,634.612
8271,92,138,110.187,-7632.97,647.987
8272,92,139,108.853,-7489.77,660.952
8273,92,140,109.894,-7601.93,673.8
8274,92,141,108.769,-7480.42,686.691
8275,92,142,109.437,-7552.77,699.402
8276,92,143,107.463,-7338.26,712.983
8277,93,102,37,-548,128.529
8278,93,103,114.591,-7996.73,146.678
8279,93,104,189.563,-15219,164.417
8280,93,105,252.857,-21337.5,180.99
8281,93,106,211.846,-17359.4,195.67
8282,93,107,155.518,-11876.8,212.777
8283,93,108,114.397,-7860.65,228.31
8284,93,109,89.1299,-5384.47,242.523
8285,93,110,73.6068,-3858.04,256.118
8286,93,111,87.5439,-5233.16,269.701
8287,93,112,86.4474,-5124.61,282.668
8288,93,113,96.2662,-6099.95,296.054
8289,93,114,93.4274,-5817.01,308.981
8290,93,115,79.6542,-4439.68,323.246
8291,93,116,78.1522,-4288.99,336.111
8292,93,117,82.1231,-4688.72,349.088
8293,93,118,75.612,-4031.1,362.422
8294,93,119,67.3443,-3193.31,376.245
8295,93,120,70.795,-3544.13,389.211
8296,93,121,77.3325,-4210.96,402.854
8297,93,122,83.5996,-4852.29,416.544
8298,93,123,82.9919,-4789.9,429.262
8299,93,124,79.8039,-4461.53,442.279
8300,93,125,81.7346,-4661.04,455.076
8301,93,126,84.2177,-4918.46,467.979
8302,93,127,86.8978,-5197.18,480.954
8303,93,128,89.1467,-5431.82,493.835
8304,93,129,93.6569,-5903.89,507.754
8305,93,130,99.4201,-6509.02,522.737
8306,93,131,98.1316,-6373.3,535.474
8307,93,132,97.4362,-6299.82,548.098
8308,93,133,102.16,-6800.57,562.889
8309,93,134,110.885,-7728.29,583.118
8310,93,135,111.626,-7807.39,595.915
8311,93,136,110.024,-7635.93,608.93
8312,93,137,109.379,-7566.75,621.685
8313,93,138,111.537,-7799.03,635.029
8314,93,139,110.088,-7642.6,648.031
8315,93,140,111.122,-7754.59,660.872
8316,93,141,109.901,-7621.89,673.797
8317,93,142,110.55,-7692.66,686.509
8318,93,143,108.455,-7463.6,700.131
8319,94,103,164.909,-13028.5,132.434
8320,94,104,244.364,-20735.6,149.426
8321,94,105,309.073,-27034.1,165.338
8322,94,106,253.104,-21567.7,180.966
8323,94,107,182.835,-14681.4,198.917
8324,94,108,132.589,-9740.52,214.777
8325,94,109,101.89,-6711.49,229.159
8326,94,110,83.0392,-4845.29,242.869
8327,94,111,97.4768,-6279.43,256.398
8328,94,112,95.2193,-6054.43,269.417
8329,94,113,105.143,-7046.79,282.752
8330,94,114,101.188,-6650.01,295.741
8331,94,115,85.4574,-5066.43,310.116
8332,94,116,83.3202,-4850.57,323.031
8333,94,117,87.1913,-5242.85,336.004
8334,94,118,79.7538,-4486.71,349.415
8335,94,119,70.5316,-3546.04,363.309
8336,94,120,74.0018,-3901.16,376.275
8337,94,121,80.7772,-4596.77,389.861
8338,94,122,87.2389,-5262.32,403.485
8339,94,123,86.3482,-5170.28,416.237
8340,94,124,82.7379,-4796.01,429.313
8341,94,125,84.6059,-4990.29,442.106
8342,94,126,87.0655,-5246.9,454.99
8343,94,127,89.7357,-5526.38,467.935
8344,94,128,91.951,-5758.99,480.79
8345,94,129,96.556,-6244.05,494.617
8346,94,130,102.474,-6869.38,509.46
8347,94,131,100.957,-6708.57,522.239
8348,94,132,100.081,-6615.43,534.892
8349,94,133,104.909,-7130.42,549.554
8350,94,134,113.925,-8095.14,569.515
8351,94,135,114.557,-8162.99,582.298
8352,94,136,112.744,-7967.76,595.364
8353,94,137,111.946,-7881.63,608.144
8354,94,138,114.086,-8113.38,621.425
8355,94,139,112.463,-7937.1,634.477
8356,94,140,113.44,-8043.56,647.288
8357,94,141,112.071,-7893.92,660.26
8358,94,142,112.659,-7958.32,672.952
8359,94,143,110.395,-7709.36,686.653
8360,95,104,291.061,-25452,135.676
8361,95,105,359.045,-32114.5,150.894
8362,95,106,285.42,-24874.7,167.348
8363,95,107,199.368,-16384.3,185.672
8364,95,108,139.582,-10465.5,201.6
8365,95,109,103.857,-6916.76,216.017
8366,95,110,82.4044,-4778.64,229.764
8367,95,111,98.6152,-6399.72,243.329
8368,95,112,95.9804,-6135.36,256.411
8369,95,113,106.868,-7231.42,269.775
8370,95,114,102.346,-6774.64,282.82
8371,95,115,85.0065,-5017.59,297.183
8372,95,116,82.716,-4784.72,310.146
8373,95,117,86.9763,-5219.27,323.162
8374,95,118,78.937,-4396.58,336.587
8375,95,119,69.0423,-3380.73,350.461
8376,95,120,72.894,-3777.45,363.47
8377,95,121,80.2534,-4537.92,377.08
8378,95,122,87.214,-5259.51,390.717
8379,95,123,86.2635,-5160.66,403.504
8380,95,124,82.4182,-4759.46,416.601
8381,95,125,84.4274,-4969.76,429.427
8382,95,126,87.0519,-5245.33,442.338
8383,95,127,89.8847,-5543.72,455.304
8384,95,128,92.2215,-5790.64,468.18
8385,95,129,97.0742,-6305.03,481.991
8386,95,130,103.292,-6966.2,496.777
8387,95,131,101.649,-6790.92,509.587
8388,95,132,100.69,-6688.37,522.27
8389,95,133,105.735,-7229.79,536.878
8390,95,134,115.16,-8244.62,556.62
8391,95,135,115.763,-8309.7,569.418
8392,95,136,113.806,-8097.69,582.519
8393,95,137,112.922,-8001.64,595.328
8394,95,138,115.114,-8240.57,608.594
8395,95,139,113.374,-8050.33,621.679
8396,95,140,114.354,-8157.75,634.496
8397,95,141,112.888,-7996.52,647.498
8398,95,142,113.466,-8060.26,660.201
8399,95,143,111.077,-7795.92,673.929
8400,96,105,409.061,-37216.1,137.005
8401,96,106,312.955,-27701.6,154.151
8402,96,107,207.972,-17273.3,172.542
8403,96,108,137.665,-10266,188.389
8404,96,109,97.1099,-6210.55,202.764
8405,96,110,73.6964,-3861.4,216.496
8406,96,111,93.0221,-5806.85,230.147
8407,96,112,90.7353,-5575.88,243.284
8408,96,113,103.416,-6860.85,256.717
8409,96,114,98.7807,-6389.61,269.803
8410,96,115,80.0639,-4480.49,284.091
8411,96,116,78.026,-4271.94,297.089
8412,96,117,83.0999,-4792.87,310.168
8413,96,118,74.6986,-3927.53,323.567
8414,96,119,64.3326,-2856.38,337.373
8415,96,120,68.8692,-3326.68,350.444
8416,96,121,77.1043,-4183.12,364.12
8417,96,122,84.8138,-4987.48,377.812
8418,96,123,83.9669,-4898.84,390.628
8419,96,124,80.0148,-4483.87,403.719
8420,96,125,82.3181,-4726.49,416.59
8421,96,126,85.248,-5036.07,429.546
8422,96,127,88.3706,-5367.07,442.555
8423,96,128,90.9408,-5640.37,455.472
8424,96,129,96.1543,-6196.48,469.31
8425,96,130,102.78,-6905.44,484.093
8426,96,131,101.074,-6722.32,496.921
8427,96,132,100.095,-6616.89,509.627
8428,96,133,105.436,-7193.74,524.229
8429,96,134,115.36,-8268.87,543.823
8430,96,135,115.983,-8336.55,556.645
8431,96,136,113.92,-8111.66,569.767
8432,96,137,112.988,-8009.82,582.599
8433,96,138,115.279,-8261.06,595.874
8434,96,139,113.453,-8060.13,608.976
8435,96,140,114.472,-8172.62,621.812
8436,96,141,112.938,-8002.79,634.831
8437,96,142,113.538,-8069.4,647.554
8438,96,143,111.047,-7792.06,661.283
8439,97,106,307.818,-27172.5,141.326
8440,97,107,184.682,-14858.9,159.154
8441,97,108,106.538,-7018.53,174.634
8442,97,109,64.533,-2789.97,188.784
8443,97,110,42.4286,-557.429,202.368
8444,97,111,68.5,-3199.33,216.214
8445,97,112,68.9926,-3249.42,229.364
8446,97,113,85.723,-4955.92,242.946
8447,97,114,82.5387,-4630.06,256.013
8448,97,115,63.5614,-2681.72,270.09
8449,97,116,62.9699,-2620.8,283.073
8450,97,117,69.961,-3343.21,296.24
8451,97,118,61.9904,-2516.92,309.515
8452,97,119,51.8281,-1460.04,323.143
8453,97,120,57.7848,-2081.52,336.306
8454,97,121,67.5654,-3105.23,350.155
8455,97,122,76.6017,-4054.04,364.004
8456,97,123,76.3004,-4022.3,376.811
8457,97,124,72.6136,-3632.73,389.824
8458,97,125,75.5862,-3947.83,402.751
8459,97,126,79.1602,-4327.86,415.781
8460,97,127,82.877,-4724.32,428.871
8461,97,128,85.9512,-5053.27,441.856
8462,97,129,91.7831,-5679.22,455.823
8463,97,130,99.0558,-6462.24,470.748
8464,97,131,97.465,-6290.44,483.551
8465,97,132,96.6319,-6200.19,496.244
8466,97,133,102.449,-6832.31,510.965
8467,97,134,113.053,-7988.13,530.665
8468,97,135,113.826,-8072.65,543.516
8469,97,136,111.767,-7846.9,556.615
8470,97,137,110.895,-7750.99,569.446
8471,97,138,113.395,-8026.79,582.772
8472,97,139,111.571,-7824.95,595.851
8473,97,140,112.723,-7952.75,608.721
8474,97,141,111.198,-7782.96,621.717
8475,97,142,111.899,-7861.34,634.468
8476,97,143,109.372,-7578.27,648.139
8477,98,107,137.667,-9969.33,145.336
8478,98,108,53.8636,-1505.23,160.364
8479,98,109,13.6364,2571.14,174.228
8480,98,110,-4.03846,4368.08,187.62
8481,98,111,32.3956,651.802,201.774
8482,98,112,37.7679,102.042,214.942
8483,98,113,60.4926,-2231.04,228.74
8484,98,114,59.902,-2170.2,241.781
8485,98,115,41.3313,-251.225,255.612
8486,98,116,43.0175,-426.035,268.581
8487,98,117,52.703,-1433.32,281.87
8488,98,118,45.6169,-694.004,294.998
8489,98,119,36.0192,310.553,308.421
8490,98,120,43.8686,-513.631,321.713
8491,98,121,55.6239,-1751.86,335.8
8492,98,122,66.3385,-2884.03,349.858
8493,98,123,66.8034,-2933.32,362.656
8494,98,124,63.547,-2587.05,375.579
8495,98,125,67.3796,-2995.86,388.578
8496,98,126,71.766,-3465.21,401.701
8497,98,127,76.2236,-3943.65,414.891
8498,98,128,79.9254,-4342.22,427.96
8499,98,129,86.4984,-5052.09,442.09
8500,98,130,94.5321,-5922.42,457.197
8501,98,131,93.1138,-5768.3,469.97
8502,98,132,92.4818,-5699.41,482.648
8503,98,133,98.8526,-6395.95,497.517
8504,98,134,110.224,-7643.02,517.376
8505,98,135,111.187,-7748.91,530.258
8506,98,136,109.158,-7525.06,543.33
8507,98,137,108.373,-7438.19,556.157
8508,98,138,111.118,-7742.85,569.543
8509,98,139,109.315,-7542.2,582.592
8510,98,140,110.625,-7688.47,595.5
8511,98,141,109.126,-7520.57,608.471
8512,98,142,109.951,-7613.26,621.25
8513,98,143,107.399,-7325.67,634.857
8514,99,108,70.9697,-3301.36,146.92
8515,99,109,20.3182,1865.09,160.892
8516,99,110,-1.41608,4089.23,174.38
8517,99,111,40.2198,-185.385,188.512
8518,99,112,45.2418,-702.648,201.747
8519,99,113,70,-3261,215.511
8520,99,114,68.1471,-3068.91,228.619
8521,99,115,46.4216,-809.461,242.53
8522,99,116,47.7296,-945.934,255.553
8523,99,117,57.9386,-2014.47,268.841
8524,99,118,49.6203,-1141.05,282.039
8525,99,119,38.7273,6.34632,295.522
8526,99,120,47.044,-872.459,308.811
8527,99,121,59.5455,-2197.61,322.831
8528,99,122,70.8261,-3397.12,336.809
8529,99,123,70.9692,-3412.38,349.64
8530,99,124,67.1419,-3002.86,362.62
8531,99,125,70.9921,-3416.11,375.609
8532,99,126,75.4338,-3894.33,388.704
8533,99,127,79.9458,-4381.64,401.854
8534,99,128,83.6463,-4782.52,414.887
8535,99,129,90.4032,-5516.77,428.907
8536,99,130,98.695,-6420.58,443.854
8537,99,131,96.9385,-6228.53,456.669
8538,99,132,96.0443,-6130.47,469.375
8539,99,133,102.576,-6848.92,484.097
8540,99,134,114.372,-8150.44,503.663
8541,99,135,115.162,-8237.92,516.528
8542,99,136,112.818,-7977.65,529.657
8543,99,137,111.805,-7864.87,542.512
8544,99,138,114.515,-8167.53,555.827
8545,99,139,112.459,-7937.26,568.932
8546,99,140,113.682,-8074.6,581.805
8547,99,141,111.971,-7881.83,594.826
8548,99,142,112.704,-7964.7,607.583
8549,99,143,109.916,-7648.69,621.276
8550,100,109,-5.45455,4597,147.326
8551,100,110,-26.4545,6760,160.841
8552,100,111,26.2937,1309.35,175.116
8553,100,112,34.2308,486.538,188.446
8554,100,113,64.0989,-2619.75,202.3
8555,100,114,62.7857,-2482.74,215.478
8556,100,115,39.0147,5.29412,229.352
8557,100,116,41.348,-239.706,242.44
8558,100,117,53.4004,-1509.22,255.805
8559,100,118,44.6842,-588.211,269.015
8560,100,119,33.1955,629.594,282.47
8561,100,120,42.8312,-395,295.833
8562,100,121,56.8521,-1890.56,309.904
8563,100,122,69.3478,-3227.61,323.916
8564,100,123,69.6261,-3257.48,336.791
8565,100,124,65.6,-2824,349.796
8566,100,125,69.865,-3284.62,362.828
8567,100,126,74.7192,-3810.49,375.959
8568,100,127,79.6045,-4341.37,389.139
8569,100,128,83.5837,-4775.1,402.2
8570,100,129,90.7953,-5563.57,416.207
8571,100,130,99.5968,-6528.79,431.095
8572,100,131,97.6741,-6317.3,443.946
8573,100,132,96.6811,-6207.74,456.685
8574,100,133,103.559,-6968.91,471.352
8575,100,134,115.973,-8346.89,490.688
8576,100,135,116.719,-8429.87,503.572
8577,100,136,114.163,-8144.49,516.74
8578,100,137,113.026,-8017.14,529.627
8579,100,138,115.813,-8330.18,542.929
8580,100,139,113.589,-8079.65,556.07
8581,100,140,114.816,-8218.31,568.951
8582,100,141,112.97,-8009.05,582.006
8583,100,142,113.691,-8091,594.775
8584,100,143,110.731,-7753.56,608.498
8585,101,110,-94.4242,14032.8,146.412
8586,101,111,-19.7273,6264.27,161.057
8587,101,112,-2.7972,4497.9,174.493
8588,101,113,37.3626,294.505,188.567
8589,101,114,39.6813,51.044,201.792
8590,101,115,15.8214,2564.29,215.514
8591,101,116,21.3456,1980.57,228.659
8592,101,117,37.1691,303.272,242.165
8593,101,118,29.2879,1141.31,255.316
8594,101,119,18.2105,2322.89,268.655
8595,101,120,30.3083,1028.44,282.158
8596,101,121,46.8571,-747.81,296.406
8597,101,122,61.3975,-2313.32,310.56
8598,101,123,62.3913,-2420.65,323.469
8599,101,124,58.6326,-2013.46,336.45
8600,101,125,63.7962,-2574.57,349.558
8601,101,126,69.4906,-3195.26,362.77
8602,101,127,75.1252,-3811.3,376.028
8603,101,128,79.7085,-4313.95,389.157
8604,101,129,87.6847,-5191.33,403.242
8605,101,130,97.2803,-6250.04,418.186
8606,101,131,95.3831,-6040.08,431.047
8607,101,132,94.4712,-5938.87,443.804
8608,101,133,101.9,-6765.94,458.512
8609,101,134,115.142,-8244.64,477.773
8610,101,135,115.978,-8338.21,490.689
8611,101,136,113.321,-8039.8,503.865
8612,101,137,112.168,-7909.89,516.772
8613,101,138,115.147,-8246.47,530.102
8614,101,139,112.843,-7985.4,543.249
8615,101,140,114.169,-8136.1,556.159
8616,101,141,112.264,-7918.94,569.22
8617,101,142,113.053,-8009.13,582.017
8618,101,143,109.985,-7657.34,595.72
8619,102,111,-99.5152,14881.4,146.23
8620,102,112,-65,11257.3,159.836
8621,102,113,-7.77972,5230.07,174.284
8622,102,114,1.84066,4213.52,187.563
8623,102,115,-20.022,6530.96,201.078
8624,102,116,-8.98214,5357.05,214.3
8625,102,117,12.6103,3053.86,228.014
8626,102,118,6.69118,3687.21,241.078
8627,102,119,-3.1063,4738.8,254.264
8628,102,120,12.5088,3057.58,267.972
8629,102,121,32.4925,899.338,282.487
8630,102,122,49.7857,-974.095,296.85
8631,102,123,51.9255,-1206.61,309.792
8632,102,124,48.75,-860.489,322.735
8633,102,125,55.1674,-1562.12,335.938
8634,102,126,62.0077,-2312.28,349.254
8635,102,127,68.6513,-3043.07,362.614
8636,102,128,74.0537,-3639.14,375.829
8637,102,129,83.0036,-4629.59,390.033
8638,102,130,93.5837,-5803.99,405.08
8639,102,131,91.8065,-5606.12,417.941
8640,102,132,91.0665,-5523.49,430.71
8641,102,133,99.1725,-6431.36,445.497
8642,102,134,113.382,-8027.6,464.752
8643,102,135,114.371,-8138.94,477.701
8644,102,136,111.654,-7831.98,490.876
8645,102,137,110.53,-7704.54,503.797
8646,102,138,113.758,-8071.47,517.168
8647,102,139,111.406,-7803.38,530.31
8648,102,140,112.873,-7971.15,543.255
8649,102,141,110.938,-7749.23,556.313
8650,102,142,111.83,-7851.81,569.14
8651,102,143,108.674,-7487.84,582.808
8652,103,112,-160.485,21665.1,144.186
8653,103,113,-75.5,12656.7,159.352
8654,103,114,-52.9895,10263.1,172.739
8655,103,115,-69.7802,12054.1,186.011
8656,103,116,-50.0549,9943.52,199.377
8657,103,117,-20.1071,6729.12,213.416
8658,103,118,-22.6765,7005.75,226.39
8659,103,119,-30.1716,7815.22,239.406
8660,103,120,-9.81424,5609.84,253.413
8661,103,121,14.6228,2954.35,268.295
8662,103,122,35.4323,686.113,282.932
8663,103,123,39.1429,280.429,295.92
8664,103,124,36.8408,532.891,308.824
8665,103,125,44.8518,-348.32,322.146
8666,103,126,53.1217,-1260.77,335.588
8667,103,127,61.0077,-2133.48,349.068
8668,103,128,67.4137,-2844.55,362.384
8669,103,129,77.5183,-3969.53,376.725
8670,103,130,89.246,-5279.13,391.895
8671,103,131,87.6453,-5099.85,404.757
8672,103,132,87.1335,-5042.35,417.539
8673,103,133,96.0161,-6043.13,432.417
8674,103,134,111.311,-7771.49,451.682
8675,103,135,112.485,-7904.5,464.667
8676,103,136,109.72,-7590.17,477.84
8677,103,137,108.641,-7467.26,490.776
8678,103,138,112.154,-7868.84,504.189
8679,103,139,109.762,-7594.55,517.327
8680,103,140,111.393,-7782.14,530.308
8681,103,141,109.434,-7556.23,543.363
8682,103,142,110.446,-7673.27,556.221
8683,103,143,107.204,-7297.17,569.853
8684,104,113,-69.5152,11998.4,146.056
8685,104,114,-44,9268.27,159.512
8686,104,115,-65.0874,11531.7,172.886
8687,104,116,-43.0495,9158.9,186.289
8688,104,117,-9.82418,5570.57,200.263
8689,104,118,-14.1071,6034.56,213.315
8690,104,119,-23.6103,7067.24,226.417
8691,104,120,-1.6299,4671.37,240.339
8692,104,121,24.613,1802.15,255.04
8693,104,122,46.5614,-604.86,269.496
8694,104,123,49.5301,-931.414,282.482
8695,104,124,46.0195,-544.078,295.442
8696,104,125,53.9243,-1418.88,308.687
8697,104,126,62.1245,-2329.1,322.03
8698,104,127,69.9174,-3196.71,335.398
8699,104,128,76.1231,-3889.68,348.609
8700,104,129,86.335,-5033.42,362.759
8701,104,130,98.2784,-6375.05,377.693
8702,104,131,95.9182,-6109.14,390.59
8703,104,132,94.8005,-5982.84,403.381
8704,104,133,103.764,-6998.72,418.047
8705,104,134,119.546,-8792.63,437.009
8706,104,135,120.279,-8876.1,449.946
8707,104,136,116.873,-8486.77,463.194
8708,104,137,115.311,-8307.61,476.15
8709,104,138,118.643,-8690.79,489.444
8710,104,139,115.757,-8358,502.656
8711,104,140,117.153,-8519.38,515.564
8712,104,141,114.788,-8245.05,528.681
8713,104,142,115.577,-8336.86,541.484
8714,104,143,111.916,-7909.76,555.25
8715,105,114,34.5152,553.091,144.653
8716,105,115,-4.68182,4786.36,158.252
8717,105,116,10.9615,3091.67,171.444
8718,105,117,40.989,-171.319,185.037
8719,105,118,28.8352,1153.45,198.128
8720,105,119,12.3393,2957,211.37
8721,105,120,32.5735,737.978,224.934
8722,105,121,57.8799,-2045.72,239.21
8723,105,122,78.5707,-4328.61,253.257
8724,105,123,78.4825,-4318.84,266.086
8725,105,124,71.7256,-3568.83,279.073
8726,105,125,77.9351,-4260.15,292.031
8727,105,126,84.6979,-5015.34,305.059
8728,105,127,91.2055,-5744.19,318.103
8729,105,128,96.1543,-6300.11,331.001
8730,105,129,105.581,-7362.15,344.791
8731,105,130,116.962,-8648.27,359.393
8732,105,131,113.043,-8204.11,372.298
8733,105,132,110.623,-7928.96,385.023
8734,105,133,119.113,-8896.9,399.378
8735,105,134,134.924,-10704.6,418.381
8736,105,135,134.712,-10680.2,431.151
8737,105,136,130.192,-10160.4,444.533
8738,105,137,127.727,-9876.21,457.476
8739,105,138,130.525,-10199.8,470.502
8740,105,139,126.796,-9767.2,483.846
8741,105,140,127.655,-9867.19,496.55
8742,105,141,124.595,-9510.14,509.771
8743,105,142,124.909,-9546.94,522.4
8744,105,143,120.582,-9039.22,536.484
8745,106,115,149.333,-12463.3,135.344
8746,106,116,139.818,-11426.2,147.629
8747,106,117,153.374,-12908.3,159.961
8748,106,118,122.06,-9474.23,173.631
8749,106,119,89.8901,-5935.49,187.904
8750,106,120,102.482,-7324.82,200.491
8751,106,121,122.213,-9508.39,214.009
8752,106,122,137.77,-11235.1,227.243
8753,106,123,131.094,-10491.9,239.627
8754,106,124,118.088,-9039.56,252.971
8755,106,125,120.282,-9285.32,265.097
8756,106,126,123.656,-9664.32,277.263
8757,106,127,127.213,-10065.1,289.438
8758,106,128,129.461,-10319.2,301.475
8759,106,129,136.898,-11162,314.637
8760,106,130,146.685,-12274.4,329.039
8761,106,131,140.178,-11532.6,342.253
8762,106,132,135.568,-11005.5,354.955
8763,106,133,142.883,-11844.4,369.02
8764,106,134,158.145,-13599.5,390.023
8765,106,135,156.37,-13394.8,402.415
8766,106,136,150.161,-12676.6,416.392
8767,106,137,146.295,-12228.1,429.412
8768,106,138,148.137,-12442.4,441.859
8769,106,139,143.152,-11860.8,455.732
8770,106,140,143.126,-11857.8,467.972
8771,106,141,139.036,-11377.9,481.601
8772,106,142,138.587,-11325.1,493.84
8773,106,143,133.312,-10702.6,508.959
8774,107,116,182.182,-16213.3,134.087
8775,107,117,190.5,-17128.3,146.237
8776,107,118,147.78,-12414.8,160.473
8777,107,119,106.703,-7869.01,175.147
8778,107,120,118.692,-9199.79,187.628
8779,107,121,138.893,-11448.8,200.882
8780,107,122,154.309,-13170.2,213.867
8781,107,123,144.902,-12116.7,226.398
8782,107,124,128.916,-10321,240.005
8783,107,125,130.202,-10465.8,252.111
8784,107,126,132.921,-10773.1,264.22
8785,107,127,135.935,-11114.6,276.319
8786,107,128,137.595,-11303.3,288.301
8787,107,129,144.97,-12144.1,301.252
8788,107,130,154.9,-13279.4,315.37
8789,107,131,147.215,-12398.2,328.829
8790,107,132,141.709,-11765,341.693
8791,107,133,149.112,-12618.8,355.53
8792,107,134,165.019,-14458.7,376.16
8793,107,135,162.648,-14183.7,388.605
8794,107,136,155.606,-13364.5,402.813
8795,107,137,151.139,-12843.3,415.963
8796,107,138,152.793,-13036.9,428.35
8797,107,139,147.224,-12383.4,442.401
8798,107,140,146.957,-12352,454.644
8799,107,141,142.415,-11816,468.416
8800,107,142,141.753,-11737.7,480.676
8801,107,143,136.022,-11057.6,495.96
8802,108,117,177.152,-15606.5,134.001
8803,108,118,129.091,-10271.8,147.932
8804,108,119,84.2832,-5283.23,162.204
8805,108,120,101.566,-7213.13,174.86
8806,108,121,127.099,-10072.8,188.329
8807,108,122,146.143,-12212.1,201.465
8808,108,123,136.581,-11134.8,213.954
8809,108,124,119.694,-9226.52,227.38
8810,108,125,122.147,-9504.52,239.543
8811,108,126,126,-9942.53,251.727
8812,108,127,130.008,-10399.4,263.904
8813,108,128,132.39,-10671.7,275.945
8814,108,129,140.909,-11648.6,289.013
8815,108,130,152.055,-12930.5,303.22
8816,108,131,143.967,-11997.6,316.577
8817,108,132,138.281,-11339.9,329.368
8818,108,133,146.516,-12295.2,343.295
8819,108,134,163.794,-14305.2,363.83
8820,108,135,161.341,-14019,376.292
8821,108,136,153.904,-13148.9,390.419
8822,108,137,149.253,-12603.1,403.531
8823,108,138,151.135,-12824.6,415.963
8824,108,139,145.322,-12138.6,429.927
8825,108,140,145.154,-12118.8,442.193
8826,108,141,140.45,-11560.6,455.885
8827,108,142,139.863,-11490.7,468.155
8828,108,143,133.918,-10781.3,483.291
8829,109,118,88.0909,-5556.82,134.488
8830,109,119,42.5909,-460.818,148.215
8831,109,120,69.7028,-3506.39,161.187
8832,109,121,104.066,-7377.97,175.094
8833,109,122,129.121,-10209.2,188.514
8834,109,123,120.554,-9238.21,200.901
8835,109,124,103.559,-7306.48,214.065
8836,109,125,108.199,-7835.4,226.29
8837,109,126,114.03,-8502.13,238.567
8838,109,127,119.719,-9154.51,250.846
8839,109,128,123.368,-9574.16,262.955
8840,109,129,133.558,-10749.4,276.231
8841,109,130,146.386,-12233.2,290.653
8842,109,131,138.088,-11270.6,303.854
8843,109,132,132.417,-10610.9,316.527
8844,109,133,141.781,-11703.3,330.639
8845,109,134,160.752,-13922.9,351.285
8846,109,135,158.342,-13640.2,363.745
8847,109,136,150.588,-12727.8,377.75
8848,109,137,145.845,-12168.1,390.794
8849,109,138,148.08,-12432.6,403.279
8850,109,139,142.089,-11721.6,417.123
8851,109,140,142.112,-11724.4,429.405
8852,109,141,137.308,-11151.1,442.985
8853,109,142,136.871,-11098.8,455.254
8854,109,143,130.758,-10365.2,470.215
8855,110,119,-14.8485,6202.15,133.514
8856,110,120,27.6364,1401.36,147.086
8857,110,121,74.7378,-3936.79,161.653
8858,110,122,108.159,-7735.71,175.449
8859,110,123,101.363,-6960.89,187.753
8860,110,124,84.6607,-5051.3,200.662
8861,110,125,92.2426,-5920.7,212.99
8862,110,126,100.637,-6886.08,225.399
8863,110,127,108.447,-7786.79,237.812
8864,110,128,113.667,-8390.54,250.016
8865,110,129,125.846,-9803.33,263.516
8866,110,130,140.63,-11523.2,278.15
8867,110,131,132.101,-10528.1,291.213
8868,110,132,126.458,-9867.88,303.786
8869,110,133,137.098,-11116.3,318.074
8870,110,134,157.962,-13571.3,338.774
8871,110,135,155.581,-13290.4,351.242
8872,110,136,147.457,-12329.1,365.142
8873,110,137,142.599,-11752.5,378.131
8874,110,138,145.212,-12063.5,390.673
8875,110,139,139.012,-11323.7,404.412
8876,110,140,139.236,-11350.5,416.717
8877,110,141,134.311,-10759.4,430.2
8878,110,142,134.029,-10725.5,442.478
8879,110,143,127.723,-9964.66,457.276
8880,111,120,-32.7879,8471,131.847
8881,111,121,33.8636,872.727,147.698
8882,111,122,79.6678,-4364.22,162.08
8883,111,123,76.2088,-3967.58,174.31
8884,111,124,60.7143,-2185.71,186.95
8885,111,125,72.5,-3545,199.441
8886,111,126,84.4118,-4922.79,212.042
8887,111,127,95.049,-6156.72,224.637
8888,111,128,102.337,-7004.6,236.969
8889,111,129,116.991,-8714.21,250.736
8890,111,130,134.139,-10720.5,265.605
8891,111,131,125.416,-9696.95,278.537
8892,111,132,119.867,-9044.11,291.018
8893,111,133,132.006,-10476.5,305.496
8894,111,134,155.033,-13201.3,326.24
8895,111,135,152.696,-12924,338.722
8896,111,136,144.169,-11909.3,352.525
8897,111,137,139.194,-11315.6,365.466
8898,111,138,142.237,-11679.8,378.067
8899,111,139,135.815,-10909.2,391.708
8900,111,140,136.267,-10963.5,404.041
8901,111,141,131.216,-10354,417.434
8902,111,142,131.11,-10341.2,429.726
8903,111,143,124.599,-9551.19,444.367
8904,112,121,71.4242,-3559.42,134.455
8905,112,122,118.727,-8999.27,148.304
8906,112,123,108.182,-7783.03,160.604
8907,112,124,85.3846,-5146.15,173.54
8908,112,125,95.3297,-6299.78,185.833
8909,112,126,105.786,-7516.17,198.185
8910,112,127,115.081,-8600.6,210.511
8911,112,128,120.87,-9277.94,222.61
8912,112,129,135.093,-10946.7,235.979
8913,112,130,152.14,-12952.7,250.431
8914,112,131,140.744,-11607.9,263.734
8915,112,132,133.208,-10716.1,276.418
8916,112,133,145.237,-12143.6,290.545
8917,112,134,169.116,-14985.1,311.036
8918,112,135,165.411,-14543,323.562
8919,112,136,155.185,-13319.3,337.742
8920,112,137,148.979,-12574.7,350.863
8921,112,138,151.523,-12880.8,363.325
8922,112,139,143.979,-11970.5,377.25
8923,112,140,143.899,-11960.8,389.538
8924,112,141,138.002,-11245.3,403.154
8925,112,142,137.452,-11178.3,415.428
8926,112,143,130.137,-10286,430.382
8927,113,122,131.848,-10560.7,135.908
8928,113,123,117,-8838.27,148.338
8929,113,124,88.9336,-5573.21,161.368
8930,113,125,99.8626,-6848.27,173.708
8931,113,126,111.165,-8170.63,186.075
8932,113,127,120.982,-9322.52,198.398
8933,113,128,126.757,-10002.1,210.505
8934,113,129,141.961,-11796.1,223.723
8935,113,130,160.139,-13947.2,237.914
8936,113,131,146.702,-12352.6,251.376
8937,113,132,137.816,-11295.2,264.168
8938,113,133,150.552,-12815,278.112
8939,113,134,176.118,-15874.4,298.082
8940,113,135,171.482,-15318.1,310.691
8941,113,136,159.898,-13924.2,325.011
8942,113,137,152.819,-13070,338.225
8943,113,138,155.263,-13365.7,350.68
8944,113,139,146.883,-12349,364.693
8945,113,140,146.59,-12313.3,377.013
8946,113,141,140.101,-11521.6,390.693
8947,113,142,139.374,-11432.7,403.005
8948,113,143,131.464,-10462.4,417.986
8949,114,123,184.818,-16976.5,132.529
8950,114,124,139.318,-11653,146.377
8951,114,125,143.671,-12163.7,158.404
8952,114,126,149.973,-12905.2,170.389
8953,114,127,155.648,-13574.9,182.307
8954,114,128,157.571,-13802.5,194.071
8955,114,129,170.824,-15375.1,206.738
8956,114,130,187.745,-17388.7,220.425
8957,114,131,169.747,-15241,234.825
8958,114,132,157.5,-13775.4,248.095
8959,114,133,169.541,-15220.4,261.617
8960,114,134,195.734,-18372.2,281.57
8961,114,135,188.893,-17546.8,294.331
8962,114,136,174.788,-15840,309.333
8963,114,137,165.878,-14759,322.862
8964,114,138,167.473,-14953,335.16
8965,114,139,157.509,-13737.4,349.62
8966,114,140,156.407,-13602.6,361.905
8967,114,141,148.753,-12663.7,375.913
8968,114,142,147.379,-12494.7,388.22
8969,114,143,138.408,-11388.3,403.63
8970,115,124,166.364,-14925.5,133.688
8971,115,125,166.591,-14952.3,145.739
8972,115,126,170.122,-15370.2,157.699
8973,115,127,173.571,-15779.5,169.572
8974,115,128,173.209,-15736.3,181.332
8975,115,129,186.143,-17279.8,193.744
8976,115,130,203.265,-19328.7,207.056
8977,115,131,181.324,-16695.7,221.955
8978,115,132,166.429,-14903.5,235.488
8979,115,133,178.798,-16396,248.771
8980,115,134,206.684,-19770.2,268.179
8981,115,135,198.149,-18734.6,281.103
8982,115,136,181.92,-16760,296.383
8983,115,137,171.616,-15502.9,310.064
8984,115,138,172.865,-15655.8,322.361
8985,115,139,161.673,-14282.9,336.961
8986,115,140,160.166,-14097.5,349.29
8987,115,141,151.667,-13049.3,363.391
8988,115,142,149.986,-12841.5,375.745
8989,115,143,140.217,-11630,391.198
8990,116,125,130.212,-10514.1,132.543
8991,116,126,141,-11797.8,144.596
8992,116,127,149.878,-12857.2,156.558
8993,116,128,153.104,-13243.4,168.334
8994,116,129,170.758,-15361.8,181.038
8995,116,130,192.214,-17943.7,194.672
8996,116,131,168.912,-15131.9,209.174
8997,116,132,153.725,-13294.3,222.415
8998,116,133,168.88,-15133.1,235.988
8999,116,134,200.746,-19010,255.668
9000,116,135,191.951,-17937.1,268.516
9001,116,136,174.766,-15834.8,283.53
9002,116,137,164.176,-14535.7,297.045
9003,116,138,166.181,-14782.4,309.387
9004,116,139,154.613,-13355.7,323.758
9005,116,140,153.55,-13224.2,336.065
9006,116,141,144.906,-12152.3,349.963
9007,116,142,143.602,-11990.2,362.273
9008,116,143,133.591,-10742.1,377.466
9009,117,126,147.121,-12550.7,132.615
9010,117,127,156.5,-13676.2,144.646
9011,117,128,159.161,-13996.4,156.501
9012,117,129,178.599,-16341.9,169.114
9013,117,130,202,-19173.4,182.518
9014,117,131,174.286,-15810.8,197.158
9015,117,132,156.529,-13650.4,210.47
9016,117,133,173.137,-15676.6,223.932
9017,117,134,208.07,-19950,243.064
9018,117,135,197.579,-18663.1,256.021
9019,117,136,178.113,-16268.8,271.102
9020,117,137,166.195,-14798.9,284.666
9021,117,138,168.199,-15046.7,297.045
9022,117,139,155.45,-13465.8,311.416
9023,117,140,154.228,-13314,323.77
9024,117,141,144.838,-12143.4,337.655
9025,117,142,143.439,-11968.5,350.005
9026,117,143,132.698,-10622.3,365.111
9027,118,127,199.879,-19055.2,130.833
9028,118,128,195.136,-18481.3,142.624
9029,118,129,211.818,-20505.4,154.796
9030,118,130,233.709,-23168.7,167.65
9031,118,131,197.505,-18751.9,183.374
9032,118,132,174.286,-15911.4,197.158
9033,118,133,190.75,-17931,210.276
9034,118,134,227.721,-22478.4,228.864
9035,118,135,213.88,-20771.4,242.091
9036,118,136,190.649,-17898.5,257.646
9037,118,137,176.286,-16117.4,271.442
9038,118,138,177.519,-16270.8,283.801
9039,118,139,162.764,-14431.3,298.402
9040,118,140,160.8,-14185.9,310.799
9041,118,141,150.08,-12842.3,324.837
9042,118,142,148.15,-12599.7,337.235
9043,118,143,136.221,-11096.6,352.457
9044,119,128,174.818,-15941.5,130.399
9045,119,129,198.227,-18797.5,142.785
9046,119,130,226.031,-22198.8,155.813
9047,119,131,185.44,-17219.6,171.095
9048,119,132,160.626,-14167.5,184.597
9049,119,133,181.107,-16693.5,197.931
9050,119,134,223.904,-21986.1,216.528
9051,119,135,208.885,-20123.7,229.698
9052,119,136,183.627,-16983.3,244.993
9053,119,137,168.491,-15096.4,258.641
9054,119,138,170.628,-15363.4,271.052
9055,119,139,155.123,-13420.2,285.435
9056,119,140,153.676,-13238.3,297.828
9057,119,141,142.643,-11848.2,311.676
9058,119,142,141.172,-11662.3,324.051
9059,119,143,128.846,-10101,339.014
9060,120,129,140.455,-11518.1,126.588
9061,120,130,183.818,-16851.8,140.921
9062,120,131,143.497,-11878.8,155.551
9063,120,132,121.319,-9136.15,168.424
9064,120,133,150.341,-12734.9,182.726
9065,120,134,202.946,-19275.5,202.902
9066,120,135,188.669,-17495.6,215.812
9067,120,136,162.819,-14264.3,230.671
9068,120,137,148.313,-12446.2,243.992
9069,120,138,152.798,-13009.9,256.429
9070,120,139,137.526,-11085.7,270.451
9071,120,140,137.617,-11097.1,282.747
9072,120,141,127.041,-9757.52,296.266
9073,120,142,126.798,-9726.68,308.519
9074,120,143,114.643,-8178.95,323.149
9075,121,130,193.727,-18110.3,129.183
9076,121,131,144.273,-11977.9,143.785
9077,121,132,118.269,-8744.81,156.643
9078,121,133,152.225,-12978,170.857
9079,121,134,212.077,-20459.5,190.382
9080,121,135,194.679,-18278.9,203.403
9081,121,136,164.846,-14529.8,218.27
9082,121,137,148.395,-12457,231.616
9083,121,138,153.369,-13085.5,244.106
9084,121,139,136.43,-10939.8,258.091
9085,121,140,136.639,-10966.4,270.442
9086,121,141,125.149,-9503.37,283.927
9087,121,142,125.056,-9491.52,296.227
9088,121,143,111.996,-7819.78,310.738
9089,122,131,177,-16167,130.807
9090,122,132,140.318,-11581.8,144.076
9091,122,133,176.259,-16086.3,157.828
9092,122,134,241.621,-24300.2,176.566
9093,122,135,217.516,-21263,189.893
9094,122,136,180.661,-16606.9,205.175
9095,122,137,160.176,-14012.2,218.717
9096,122,138,164.35,-14542.3,231.192
9097,122,139,144.309,-11990.3,245.353
9098,122,140,143.711,-11914,257.746
9099,122,141,130.365,-10205.7,271.346
9100,122,142,129.766,-10128.9,283.69
9101,122,143,115.09,-8240.61,298.273
9102,123,132,184.182,-17240.2,130.156
9103,123,133,218.682,-21587.2,143.28
9104,123,134,287.867,-30327.6,161.415
9105,123,135,252.94,-25903.4,175.363
9106,123,136,205.758,-19911.4,191.459
9107,123,137,179.196,-16529.2,205.325
9108,123,138,181.515,-16825.2,217.764
9109,123,139,157.096,-13699.5,232.226
9110,123,140,155.01,-13431.9,244.658
9111,123,141,139.07,-11380.9,258.447
9112,123,142,137.541,-11183.7,270.833
9113,123,143,120.727,-9009.11,285.571
9114,124,133,219.97,-21754.6,131.452
9115,124,134,301.5,-32109,148.983
9116,124,135,258.479,-26630.9,163.03
9117,124,136,203.187,-19572,178.966
9118,124,137,173.198,-15733.4,192.759
9119,124,138,176.625,-16173.2,205.277
9120,124,139,149.765,-12717.2,219.579
9121,124,140,148.297,-12527.8,232.054
9122,124,141,131.331,-10333.6,245.708
9123,124,142,130.456,-10220.1,258.122
9124,124,143,112.669,-7907.83,272.634
9125,125,134,279.03,-29165.4,136.325
9126,125,135,232.273,-23180.5,150.055
9127,125,136,172.133,-15462.5,165.432
9128,125,137,142.308,-11625,178.888
9129,125,138,150.637,-12699.5,191.471
9130,125,139,123.661,-9210.55,205.381
9131,125,140,125.272,-9419.49,217.815
9132,125,141,109.02,-7306.67,231.136
9133,125,142,110.526,-7503.04,243.495
9134,125,143,92.9649,-5208.35,257.624
9135,126,135,233.697,-23368.5,137.611
9136,126,136,162.364,-14166.5,152.778
9137,126,137,129.196,-9876.75,166.156
9138,126,138,140.824,-11384.6,178.85
9139,126,139,111.396,-7558.85,192.598
9140,126,140,114.857,-8010,205.105
9141,126,141,97.875,-5791,218.302
9142,126,142,100.87,-6183.36,230.722
9143,126,143,82.4303,-3761.6,244.631
9144,127,136,151.606,-12735.7,140.037
9145,127,137,114.364,-7894.18,153.365
9146,127,138,130.402,-9984.53,166.182
9147,127,139,98.0495,-5757.12,179.799
9148,127,140,103.912,-6525.12,192.395
9149,127,141,86.125,-4189.08,205.495
9150,127,142,90.9632,-4826.12,217.993
9151,127,143,71.5196,-2259.56,231.71
9152,128,137,95.0303,-5303.52,140.467
9153,128,138,117.5,-8247.05,153.423
9154,128,139,81.9056,-3572.31,166.926
9155,128,140,91.1538,-4790,179.627
9156,128,141,72.6484,-2347.27,192.649
9157,128,142,79.9286,-3310.69,205.241
9158,128,143,59.4338,-591.721,218.784
9159,129,138,92.9697,-4935.45,140.427
9160,129,139,55.3636,28.5455,153.781
9161,129,140,70.5769,-1984.68,166.612
9162,129,141,52.3901,428.104,179.535
9163,129,142,63.6044,-1063.4,192.244
9164,129,143,42.5536,1743.38,205.588
9165,130,139,52.3333,440.667,140.996
9166,130,140,70.8636,-2023.86,153.925
9167,130,141,49.5979,811.568,166.912
9168,130,142,62.967,-975.44,179.704
9169,130,143,39,2236.14,193.049
9170,131,140,104.636,-6650.73,140.677
9171,131,141,73.3636,-2460.18,153.855
9172,131,142,85,-4023.33,166.627
9173,131,143,53.956,157.253,180.165
9174,132,141,8.66667,6468,139.28
9175,132,142,34.1818,3023.45,152.219
9176,132,143,6.43357,6778.72,165.342
9177,133,142,-42.1818,13638,136.508
9178,133,143,-61.0909,16209.6,149.08
9179,134,143,-65.7273,16858.7,136.713
