id,low,hi,m,q,cost
0,0,4,617.5,831.2,584.138
1,0,5,975.257,354.19,1237.21
2,0,6,1358.64,-284.786,2002.43
3,0,7,1345.17,-257.833,1938.08
4,0,8,1050.4,429.956,2756.1
5,0,9,754.352,1219.42,3647.43
6,0,10,451.718,2127.32,4668.77
7,0,11,221.671,2894.14,5305.8
8,0,12,78.9505,3417.45,5551.32
9,0,13,-6.87253,3760.74,5611.37
10,0,14,-54.0607,3965.22,5578.3
11,0,15,-65.4941,4018.58,5493.74
12,0,16,-49.4681,3938.45,5422.83
13,0,17,12.839,3606.15,5562.64
14,0,18,100.404,3109.95,5983.27
15,0,19,158.023,2764.23,6152.65
16,0,20,157.391,2768.23,6078.09
17,0,21,132.093,2936.89,6074.48
18,0,22,89.6265,3234.15,6225.12
19,0,23,50.1509,3523.64,6373.28
20,0,24,17.4069,3774.68,6475.74
21,0,25,-8.00205,3977.95,6527.05
22,0,26,-22.7076,4100.49,6509.53
23,0,27,-27.7794,4144.45,6456.58
24,0,28,-23.2803,4103.96,6405.55
25,0,29,-1.28565,3898.68,6495.7
26,0,30,31.9254,3577.64,6801.26
27,0,31,57.9577,3317.31,6985.46
28,0,32,59.7547,3298.74,6933.18
29,0,33,54.0943,3359.12,6895.56
30,0,34,38.3737,3532.05,6964.55
31,0,35,22.4001,3713.08,7049.75
32,0,36,9.16904,3867.44,7102.04
33,0,37,-2.56658,4008.27,7141.15
34,0,38,-9.06943,4088.47,7123.94
35,0,39,-12.2149,4128.32,7086.45
36,0,40,-9.10592,4087.9,7050.83
37,0,41,1.71615,3943.6,7113.76
38,0,42,19.8028,3696.42,7384.34
39,0,43,36.4181,3463.81,7618.35
40,0,44,38.148,3439.01,7578.87
41,0,45,36.1008,3469.04,7542.21
42,0,46,28.2266,3587.15,7579.56
43,0,47,19.4363,3721.93,7643.53
44,0,48,11.8203,3841.25,7687.42
45,0,49,4.9369,3951.39,7721.33
46,0,50,0.0517647,4031.18,7722.35
47,0,51,-2.10313,4067.09,7693.12
48,0,52,0.0546686,4030.41,7665.37
49,0,53,6.85405,3912.55,7722.81
50,0,54,18.0229,3715.24,7950.83
51,0,55,28.0915,3534,8137.34
52,0,56,30.3272,3493.01,8112.96
53,0,57,30.1489,3496.34,8077.84
54,0,58,25.2998,3588.47,8105.02
55,0,59,19.3061,3704.35,8170.38
56,0,60,13.8237,3812.17,8224.16
57,0,61,9.07502,3907.15,8259.93
58,0,62,5.80746,3973.59,8261.52
59,0,63,3.77459,4015.6,8243.21
60,0,64,4.37155,4003.06,8212.61
61,0,65,9.14059,3901.32,8268.29
62,0,66,16.8716,3733.82,8474.48
63,0,67,23.292,3592.57,8612.08
64,0,68,24.6704,3561.79,8588.85
65,0,69,24.0401,3576.07,8559.8
66,0,70,20.4992,3657.51,8589.12
67,0,71,16.2538,3756.57,8648.71
68,0,72,12.4665,3846.21,8693.32
69,0,73,8.88243,3932.22,8733.35
70,0,74,6.49977,3990.2,8736.24
71,0,75,5.07187,4025.42,8719.47
72,0,76,5.71234,4009.41,8693.58
73,0,77,8.91072,3928.39,8732.27
74,0,78,14.2695,3790.84,8898.03
75,0,79,19.0046,3667.73,9025.46
76,0,80,20.2195,3635.74,9008.09
77,0,81,19.8629,3645.25,8981.46
78,0,82,17.3715,3712.52,9003.09
79,0,83,14.1913,3799.44,9058.76
80,0,84,11.3296,3878.61,9101.35
81,0,85,8.65951,3953.38,9137.42
82,0,86,6.7574,4007.27,9144.08
83,0,87,5.68705,4037.95,9128.88
84,0,88,5.7182,4037.05,9103.14
85,0,89,7.94752,3971.66,9129.02
86,0,90,11.7022,3860.27,9253.79
87,0,91,14.9384,3763.18,9342.98
88,0,92,15.7349,3739.02,9324.94
89,0,93,14.9224,3763.94,9307.81
90,0,94,12.9371,3825.48,9331.33
91,0,95,10.5547,3900.13,9378.54
92,0,96,8.36359,3969.52,9416.81
93,0,97,6.46019,4030.43,9441.46
94,0,98,4.90533,4080.7,9451.19
95,0,99,3.94217,4112.16,9440.86
96,0,100,4.0893,4107.31,9417.73
97,0,101,5.69905,4053.65,9434.72
98,0,102,9.05363,3940.71,9590.61
99,0,103,12.2035,3833.62,9728.15
100,0,104,13.057,3804.31,9717.03
101,0,105,12.9182,3809.12,9694.36
102,0,106,11.3043,3865.61,9718.03
103,0,107,9.51521,3928.83,9754.19
104,0,108,7.83508,3988.75,9785.06
105,0,109,6.303,4043.9,9808.4
106,0,110,5.14459,4085.99,9813.15
107,0,111,4.52731,4108.63,9799.06
108,0,112,4.78316,4099.16,9778.71
109,0,113,6.21993,4045.52,9802.75
110,0,114,8.77349,3949.34,9928.63
111,0,115,11.1332,3859.67,10035.3
112,0,116,11.8098,3833.73,10024.6
113,0,117,11.6904,3838.35,10003.6
114,0,118,10.3644,3890.06,10026.7
115,0,119,8.8936,3947.91,10061.4
116,0,120,7.48966,4003.6,10092.7
117,0,121,6.19024,4055.58,10117.8
118,0,122,5.17223,4096.64,10126.1
119,0,123,4.59784,4120,10115
120,0,124,4.70332,4115.67,10095.1
121,0,125,5.83696,4068.82,10114.1
122,0,126,8.04404,3976.86,10245.2
123,0,127,10.1929,3886.61,10370.6
124,0,128,10.8486,3858.85,10364.3
125,0,129,10.7914,3861.29,10344.4
126,0,130,9.71187,3907.71,10364.3
127,0,131,8.48803,3960.74,10396.8
128,0,132,7.26454,4014.16,10430.6
129,0,133,6.11185,4064.88,10459.6
130,1,5,1232.3,-588.3,993.651
131,1,6,1657.8,-1581.13,1620.48
132,1,7,1555,-1307,1617.89
133,1,8,1134.08,-44.25,2776.73
134,1,9,753.65,1223.86,3744.77
135,1,10,390.63,2554.93,4740.45
136,1,11,129.864,3598,5309.61
137,1,12,-21.3427,4253.23,5489.79
138,1,13,-104.94,4643.35,5499.9
139,1,14,-144.859,4842.95,5434.71
140,1,15,-145.711,4847.49,5341.8
141,1,16,-117.654,4688.5,5285.92
142,1,17,-39.9951,4222.54,5485.5
143,1,18,63.1692,3569.17,5977.04
144,1,19,130.774,3118.47,6177.28
145,1,20,132.803,3104.27,6098.88
146,1,21,107.438,3290.28,6081.49
147,1,22,63.3518,3628.27,6211.31
148,1,23,22.7283,3953.26,6337.98
149,1,24,-10.4591,4229.82,6420.3
150,1,25,-35.6715,4448.33,6454.03
151,1,26,-49.3798,4571.7,6424.7
152,1,27,-52.8516,4604.11,6366.86
153,1,28,-46.2403,4540.2,6319.59
154,1,29,-21.1453,4289.25,6432.66
155,1,30,15.6038,3909.51,6771.69
156,1,31,44.3685,3602.68,6976.58
157,1,32,47.1272,3572.34,6924.08
158,1,33,41.889,3631.7,6881.75
159,1,34,25.9617,3817.52,6940.86
160,1,35,9.78459,4011.65,7015.66
161,1,36,-3.48069,4175.25,7058.49
162,1,37,-15.1669,4323.28,7088.67
163,1,38,-21.3488,4403.64,7065.67
164,1,39,-24.0259,4439.34,7024.91
165,1,40,-20.1709,4386.65,6991.94
166,1,41,-8.28118,4220.2,7066.46
167,1,42,11.1428,3941.79,7357.07
168,1,43,28.9337,3680.85,7606.69
169,1,44,31.0824,3648.62,7567.67
170,1,45,29.2582,3676.59,7528.85
171,1,46,21.3393,3800.66,7560.66
172,1,47,12.468,3942.6,7618.48
173,1,48,4.82496,4067.43,7656.66
174,1,49,-2.05388,4182.08,7685.12
175,1,50,-6.85479,4263.7,7681.83
176,1,51,-8.82335,4297.82,7650.3
177,1,52,-6.32408,4253.67,7624.34
178,1,53,0.972585,4122.33,7689.05
179,1,54,12.7729,3905.99,7929.69
180,1,55,23.3986,3707.64,8126.1
181,1,56,25.8817,3660.46,8102.98
182,1,57,25.8532,3661.01,8067.2
183,1,58,20.985,3756.75,8090.77
184,1,59,14.9344,3877.77,8151.86
185,1,60,9.41498,3989.99,8201.52
186,1,61,4.6551,4088.36,8233.48
187,1,62,1.42472,4156.2,8232.1
188,1,63,-0.533554,4197.98,8211.71
189,1,64,0.21669,4181.72,8181.39
190,1,65,5.26031,4070.76,8242.22
191,1,66,13.3432,3890.25,8457.36
192,1,67,20.0606,3737.99,8601.4
193,1,68,21.5745,3703.16,8578.94
194,1,69,21.0157,3716.2,8549.03
195,1,70,17.46,3800.35,8575.6
196,1,71,13.1807,3903.06,8632.02
197,1,72,9.37353,3995.7,8673.64
198,1,73,5.77601,4084.44,8710.73
199,1,74,3.41291,4143.52,8711.4
200,1,75,2.02925,4178.57,8693.1
201,1,76,2.76664,4159.64,8667.61
202,1,77,6.12461,4072.33,8709.76
203,1,78,11.6922,3925.72,8881.88
204,1,79,16.6124,3794.52,9014.36
205,1,80,17.9175,3759.28,8997.8
206,1,81,17.6089,3767.71,8970.59
207,1,82,15.1117,3836.8,8990.16
208,1,83,11.9094,3926.47,9043.37
209,1,84,9.03392,4007.94,9083.61
210,1,85,6.35499,4084.74,9117.41
211,1,86,4.46224,4139.63,9122.27
212,1,87,3.42004,4170.2,9105.89
213,1,88,3.50343,4167.72,9079.97
214,1,89,5.83262,4097.85,9108.3
215,1,90,9.71776,3980,9237.63
216,1,91,13.0687,3877.24,9330.4
217,1,92,13.9232,3850.75,9312.9
218,1,93,13.1321,3875.53,9294.86
219,1,94,11.1426,3938.53,9316.66
220,1,95,8.74784,4015.17,9361.9
221,1,96,6.54877,4086.27,9398.27
222,1,97,4.64355,4148.51,9421.18
223,1,98,3.09403,4199.64,9429.38
224,1,99,2.148,4231.18,9417.97
225,1,100,2.33396,4224.92,9394.84
226,1,101,4.01034,4167.92,9413.67
227,1,102,7.46381,4049.35,9574.05
228,1,103,10.7057,3936.96,9715.49
229,1,104,11.6044,3905.51,9705.07
230,1,105,11.4907,3909.53,9682.09
231,1,106,9.87323,3967.22,9704.32
232,1,107,8.07746,4031.86,9738.92
233,1,108,6.39284,4093.07,9768.28
234,1,109,4.85911,4149.31,9790.19
235,1,110,3.70589,4191.98,9793.74
236,1,111,3.10341,4214.47,9778.91
237,1,112,3.38926,4203.7,9758.7
238,1,113,4.87613,4147.2,9784.43
239,1,114,7.49806,4046.69,9913.72
240,1,115,9.92101,3953.01,10023.3
241,1,116,10.6302,3925.35,10013.2
242,1,117,10.5289,3929.33,9991.95
243,1,118,9.20013,3982.04,10013.8
244,1,119,7.72414,4041.08,10047.2
245,1,120,6.3163,4097.86,10077.2
246,1,121,5.01479,4150.79,10101.1
247,1,122,3.99936,4192.42,10108.3
248,1,123,3.43471,4215.76,10096.6
249,1,124,3.56065,4210.52,10076.6
250,1,125,4.7307,4161.37,10097
251,1,126,6.99038,4065.71,10231.2
252,1,127,9.18963,3971.88,10359.4
253,1,128,9.87126,3942.57,10353.6
254,1,129,9.82834,3944.43,10333.6
255,1,130,8.74703,3991.65,10352.4
256,1,131,7.51924,4045.67,10383.8
257,1,132,6.29189,4100.08,10416.5
258,1,133,5.1365,4151.69,10444.4
259,2,6,2035.3,-3342.8,1178.79
260,2,7,1772.4,-2466.47,1388.12
261,2,8,1169.11,-254.393,2864.2
262,2,9,684.81,1682.8,3826.15
263,2,10,256.417,3539.17,4729.32
264,2,11,-29.6606,4874.19,5187.71
265,2,12,-179.355,5622.66,5281.05
266,2,13,-250.549,6002.37,5234.46
267,2,14,-274.209,6136.44,5140.84
268,2,15,-256.703,6031.41,5053.86
269,2,16,-210.107,5736.3,5035.43
270,2,17,-111.184,5076.81,5332.18
271,2,18,12.4926,4211.07,5928.85
272,2,19,93.2394,3618.93,6175.1
273,2,20,99.4333,3571.44,6094.53
274,2,21,74.8684,3767.96,6061.45
275,2,22,29.6857,4144.49,6166.7
276,2,23,-11.5703,4502.04,6268.66
277,2,24,-44.6611,4799.85,6328.49
278,2,25,-69.1243,5028.18,6343.24
279,2,26,-81.2531,5145.42,6302.14
280,2,27,-82.5402,5158.29,6240.96
281,2,28,-73.2399,5062.19,6200.7
282,2,29,-44.4239,4754.82,6343.55
283,2,30,-3.53498,4305.04,6724.05
284,2,31,28.4234,3942.85,6954.46
285,2,32,32.3887,3896.59,6902.59
286,2,33,27.7443,3952.32,6855.61
287,2,34,11.7089,4150.09,6904.03
288,2,35,-4.58136,4356.43,6967.65
289,2,36,-17.7838,4528.06,7000.47
290,2,37,-29.3246,4681.94,7021.29
291,2,38,-35.0754,4760.53,6992.52
292,2,39,-37.1709,4789.87,6948.86
293,2,40,-32.4441,4722.12,6919.65
294,2,41,-19.3462,4530.02,7007.89
295,2,42,1.56498,4216.35,7321.47
296,2,43,20.6592,3923.57,7588.83
297,2,44,23.2927,3882.32,7550.66
298,2,45,21.7397,3907.16,7509.79
299,2,46,13.8029,4036.8,7535.81
300,2,47,4.87357,4185.62,7587.21
301,2,48,-2.77151,4315.59,7619.44
302,2,49,-9.62044,4434.3,7642.27
303,2,50,-14.3085,4517.12,7634.61
304,2,51,-16.0576,4548.61,7600.89
305,2,52,-13.1767,4495.79,7577.21
306,2,53,-5.33578,4349.43,7650.08
307,2,54,7.14788,4112.24,7904.57
308,2,55,18.3754,3895.17,8111.8
309,2,56,21.1315,3840.97,8090.19
310,2,57,21.2716,3838.17,8053.87
311,2,58,16.3934,3937.36,8073.72
312,2,59,10.2924,4063.44,8130.4
313,2,60,4.74331,4179.97,8175.83
314,2,61,-0.0195054,4281.58,8203.88
315,2,62,-3.20254,4350.55,8199.52
316,2,63,-5.07471,4391.73,8177.07
317,2,64,-4.15649,4371.23,8147.19
318,2,65,1.18141,4250.24,8213.63
319,2,66,9.63846,4055.72,8438.31
320,2,67,16.6717,3891.61,8589.24
321,2,68,18.332,3852.32,8567.68
322,2,69,17.8522,3863.84,8536.95
323,2,70,14.2851,3950.64,8560.71
324,2,71,9.97418,4056.97,8613.9
325,2,72,6.1501,4152.57,8652.47
326,2,73,2.54219,4243.97,8686.58
327,2,74,0.20295,4304.01,8685
328,2,75,-1.13136,4338.71,8665.2
329,2,76,-0.290014,4316.55,8640.21
330,2,77,3.23676,4222.5,8686.06
331,2,78,9.024,4066.25,8864.86
332,2,79,14.1388,3926.44,9002.63
333,2,80,15.5395,3887.69,8986.97
334,2,81,15.2827,3894.88,8959.21
335,2,82,12.7813,3965.76,8976.69
336,2,83,9.55769,4058.16,9027.4
337,2,84,6.66956,4141.92,9065.28
338,2,85,3.98314,4220.72,9096.79
339,2,86,2.10166,4276.54,9099.83
340,2,87,1.09013,4306.88,9082.28
341,2,88,1.22899,4302.67,9056.25
342,2,89,3.66281,4228.04,9087.14
343,2,90,7.68401,4103.38,9221.21
344,2,91,11.1546,3994.63,9317.69
345,2,92,12.0699,3965.65,9300.78
346,2,93,11.3019,3990.22,9281.85
347,2,94,9.30906,4054.66,9301.91
348,2,95,6.90233,4133.28,9345.16
349,2,96,4.69581,4206.09,9379.63
350,2,97,2.78951,4269.64,9400.79
351,2,98,1.24627,4321.59,9407.47
352,2,99,0.318638,4353.13,9394.99
353,2,100,0.545306,4345.35,9371.9
354,2,101,2.29099,4284.83,9392.64
355,2,102,5.8469,4160.38,9557.63
356,2,103,9.18407,4042.46,9703.07
357,2,104,10.1298,4008.73,9693.38
358,2,105,10.0422,4011.89,9670.12
359,2,106,8.42153,4070.77,9690.91
360,2,107,6.61927,4136.85,9723.94
361,2,108,4.93042,4199.34,9751.79
362,2,109,3.39537,4256.65,9772.26
363,2,110,2.24785,4299.87,9774.63
364,2,111,1.66092,4322.18,9759.06
365,2,112,1.97791,4310.02,9739.03
366,2,113,3.51654,4250.53,9766.5
367,2,114,6.20894,4145.53,9899.25
368,2,115,8.69701,4047.66,10011.8
369,2,116,9.43981,4018.2,10002.3
370,2,117,9.35729,4021.5,9980.8
371,2,118,8.02584,4075.2,10001.4
372,2,119,6.54474,4135.43,10033.6
373,2,120,5.13306,4193.31,10062.3
374,2,121,3.82958,4247.19,10084.9
375,2,122,2.81696,4289.38,10091.1
376,2,123,2.26243,4312.67,10078.7
377,2,124,2.40947,4306.45,10058.7
378,2,125,3.61697,4254.93,10080.4
379,2,126,5.93062,4155.44,10217.8
380,2,127,8.18161,4057.9,10348.8
381,2,128,8.88985,4026.97,10343.7
382,2,129,8.86159,4028.21,10323.5
383,2,130,7.77851,4076.23,10341.3
384,2,131,6.54672,4131.25,10371.6
385,2,132,5.31549,4186.66,10403.1
386,2,133,4.15738,4239.16,10429.9
387,3,7,1955.3,-3502.9,1327.29
388,3,8,1089.94,246.981,2956.61
389,3,9,489.893,3047.21,3800.52
390,3,10,3.13095,5481.02,4532.96
391,3,11,-290.233,7045.63,4836.2
392,3,12,-417.752,7768.24,4829.07
393,3,13,-458.545,8013,4732.89
394,3,14,-451.483,7968.27,4631.79
395,3,15,-404.011,7651.79,4585.73
396,3,16,-329.714,7131.71,4648.28
397,3,17,-201.654,6192.6,5100.15
398,3,18,-51.2088,5039.19,5844.96
399,3,19,46.5319,4257.27,6153.87
400,3,20,58.6037,4156.67,6073.87
401,3,21,35.7509,4354.73,6024.53
402,3,22,-10.0383,4766.83,6103
403,3,23,-51.4403,5153.25,6178.44
404,3,24,-83.9147,5467.17,6214.72
405,3,25,-107.092,5698.94,6210.25
406,3,26,-117.067,5802.02,6158.45
407,3,27,-115.592,5786.28,6096.28
408,3,28,-103.034,5648.15,6066.69
409,3,29,-69.8767,5272.36,6245.39
410,3,30,-24.249,4740.04,6673.21
411,3,31,11.3419,4312.95,6932.15
412,3,32,16.7103,4246.74,6881.67
413,3,33,12.7778,4296.55,6830.36
414,3,34,-3.32441,4505.88,6868.01
415,3,35,-19.6908,4724.1,6920.33
416,3,36,-32.7811,4903,6943.14
417,3,37,-44.1244,5061.8,6954.68
418,3,38,-49.3725,5137.02,6920.49
419,3,39,-50.8084,5158.09,6874.47
420,3,40,-45.1151,5072.69,6849.87
421,3,41,-30.6957,4851.59,6952.96
422,3,42,-8.17148,4498.71,7290.5
423,3,43,12.3291,4170.7,7576.07
424,3,44,15.4846,4119.16,7538.96
425,3,45,14.2226,4140.19,7496.2
426,3,46,6.26674,4275.44,7516.56
427,3,47,-2.72451,4431.29,7561.64
428,3,48,-10.3716,4566.39,7588.07
429,3,49,-17.1886,4689.1,7605.41
430,3,50,-21.7566,4772.84,7593.55
431,3,51,-23.2732,4801.15,7557.85
432,3,52,-19.9883,4738.74,7536.65
433,3,53,-11.5729,4576.04,7617.83
434,3,54,1.63084,4316.37,7886.08
435,3,55,13.4902,4079.18,8103.94
436,3,56,16.5294,4017.38,8083.86
437,3,57,16.8419,4010.92,8047.06
438,3,58,11.9476,4113.7,8063.33
439,3,59,5.78863,4245.1,8115.76
440,3,60,0.203451,4366.11,8157.09
441,3,61,-4.56692,4471.06,8181.38
442,3,62,-7.70447,4541.13,8174.17
443,3,63,-9.49043,4581.61,8149.78
444,3,64,-8.40014,4556.53,8120.41
445,3,65,-2.75806,4424.89,8192.34
446,3,66,6.08638,4215.57,8426.24
447,3,67,13.4453,4038.95,8583.74
448,3,68,15.2537,3994.95,8563.06
449,3,69,14.8514,4004.87,8531.55
450,3,70,11.2677,4094.46,8552.65
451,3,71,6.91929,4204.62,8602.75
452,3,72,3.07324,4303.34,8638.4
453,3,73,-0.549631,4397.53,8669.66
454,3,74,-2.86797,4458.58,8665.95
455,3,75,-4.1547,4492.9,8644.72
456,3,76,-3.2089,4467.36,8620.26
457,3,77,0.489758,4366.26,8669.65
458,3,78,6.50159,4199.94,8854.77
459,3,79,11.8147,4051.17,8997.53
460,3,80,13.311,4008.77,8982.69
461,3,81,13.104,4014.71,8954.41
462,3,82,10.5946,4087.48,8969.94
463,3,83,7.34539,4182.79,9018.28
464,3,84,4.44078,4268.96,9053.91
465,3,85,1.74334,4349.88,9083.24
466,3,86,-0.129614,4406.7,9084.57
467,3,87,-1.11245,4436.84,9065.92
468,3,88,-0.919138,4430.84,9039.78
469,3,89,1.62002,4351.28,9073.1
470,3,90,5.77904,4219.58,9211.6
471,3,91,9.37045,4104.66,9311.52
472,3,92,10.3457,4073.12,9295.16
473,3,93,9.59876,4097.52,9275.39
474,3,94,7.59959,4163.5,9293.82
475,3,95,5.17787,4244.22,9335.2
476,3,96,2.9611,4318.85,9367.86
477,3,97,1.05118,4383.79,9387.36
478,3,98,-0.488002,4436.63,9392.6
479,3,99,-1.399,4468.21,9379.12
480,3,100,-1.13265,4458.89,9356.06
481,3,101,0.682202,4394.77,9378.6
482,3,102,4.3414,4264.26,9547.87
483,3,103,7.77447,4140.67,9697
484,3,104,8.76635,4104.63,9687.98
485,3,105,8.70356,4106.93,9664.44
486,3,106,7.07746,4167.1,9683.88
487,3,107,5.26647,4234.71,9715.44
488,3,108,3.57128,4298.56,9741.86
489,3,109,2.03295,4357.01,9760.98
490,3,110,0.889399,4400.85,9762.24
491,3,111,0.316634,4423,9745.97
492,3,112,0.663828,4409.46,9726.11
493,3,113,2.25385,4346.92,9755.19
494,3,114,5.01688,4237.32,9891.13
495,3,115,7.57009,4135.19,10006.4
496,3,116,8.34569,4103.91,9997.41
497,3,117,8.28076,4106.55,9975.7
498,3,118,6.94492,4161.32,9995.18
499,3,119,5.45698,4222.82,10026.1
500,3,120,4.0398,4281.87,10053.6
501,3,121,2.73279,4336.76,10075.1
502,3,122,1.72157,4379.57,10080.3
503,3,123,1.17599,4402.85,10067.2
504,3,124,1.34325,4395.65,10047.3
505,3,125,2.58772,4341.73,10070.3
506,3,126,4.95529,4238.34,10210.4
507,3,127,7.25789,4137.03,10344.1
508,3,128,7.99204,4104.48,10339.5
509,3,129,7.97747,4105.13,10319.1
510,3,130,6.89128,4154.01,10336
511,3,131,5.65415,4210.09,10365.2
512,3,132,4.41771,4266.56,10395.7
513,3,133,3.25563,4320.01,10421.5
514,4,8,713.5,2756.6,2845.55
515,4,9,38.9143,6354.39,3424.4
516,4,10,-458.071,9170.64,3900.41
517,4,11,-709.476,10679.1,4013.44
518,4,12,-772.167,11076.1,3920.45
519,4,13,-750.236,10929.9,3822.91
520,4,14,-688.855,10500.2,3782.78
521,4,15,-593.909,9803.97,3865.31
522,4,16,-478.967,8922.75,4098.75
523,4,17,-311.29,7581.33,4798.6
524,4,18,-126.168,6038.65,5743
525,4,19,-6.83971,5004.47,6130.49
526,4,20,12.9314,4826.53,6054.27
527,4,21,-7.38596,5016.16,5989.4
528,4,22,-53.4544,5461.49,6040.59
529,4,23,-94.6549,5873.49,6089.28
530,4,24,-126.106,6198.49,6102.33
531,4,25,-147.555,6427.28,6079.58
532,4,26,-154.879,6507.84,6018.97
533,4,27,-150.13,6454.02,5958.53
534,4,28,-133.805,6263.55,5942.9
535,4,29,-95.7296,5806.65,6161.06
536,4,30,-44.8071,5178.61,6637.85
537,4,31,-5.20553,4676.99,6925.31
538,4,32,1.67438,4587.55,6876.51
539,4,33,-1.51791,4630.11,6821.33
540,4,34,-17.7367,4851.77,6848.84
541,4,35,-34.2253,5082.61,6890.49
542,4,36,-47.2279,5268.98,6903.91
543,4,37,-58.3887,5432.67,6906.77
544,4,38,-63.1216,5503.67,6867.73
545,4,39,-63.8735,5515.2,6819.84
546,4,40,-57.1662,5410.12,6800.1
547,4,41,-41.3536,5157.12,6917.58
548,4,42,-17.1277,4761.43,7277.45
549,4,43,4.84568,4395.2,7579.52
550,4,44,8.52021,4332.73,7543.32
551,4,45,7.5297,4349.9,7498.84
552,4,46,-0.484899,4491.49,7514.08
553,4,47,-9.57794,4655.17,7553.42
554,4,48,-17.2603,4796.01,7574.55
555,4,49,-24.0742,4923.21,7586.88
556,4,50,-28.5436,5008.12,7571.2
557,4,51,-29.8405,5033.2,7533.74
558,4,52,-26.1536,4960.69,7514.86
559,4,53,-17.1549,4780.71,7603.52
560,4,54,-3.21448,4497.26,7883.86
561,4,55,9.28742,4238.89,8110.85
562,4,56,12.5998,4169.33,8091.98
563,4,57,13.0695,4159.31,8054.67
564,4,58,8.13442,4266.23,8067.8
565,4,59,1.89163,4403.57,8116.47
566,4,60,-3.75279,4529.63,8154.15
567,4,61,-8.55123,4638.4,8175.08
568,4,62,-11.6601,4709.9,8165.3
569,4,63,-13.3737,4749.89,8139.17
570,4,64,-12.1204,4720.22,8110.22
571,4,65,-6.17627,4577.57,8186.88
572,4,66,3.05746,4352.88,8428.58
573,4,67,10.741,4163.35,8591.55
574,4,68,12.6882,4114.67,8571.5
575,4,69,12.3515,4123.2,8539.27
576,4,70,8.73545,4216.01,8558.05
577,4,71,4.33363,4330.46,8605.46
578,4,72,0.451041,4432.7,8638.55
579,4,73,-3.20042,4530.07,8667.29
580,4,74,-5.50939,4592.42,8661.69
581,4,75,-6.75849,4626.56,8639.19
582,4,76,-5.71544,4597.7,8615.12
583,4,77,-1.84908,4489.44,8667.48
584,4,78,4.38543,4312.8,8857.85
585,4,79,9.89407,4154.88,9004.66
586,4,80,11.4791,4108.92,8990.44
587,4,81,11.3138,4113.77,8961.65
588,4,82,8.78612,4188.75,8975.48
589,4,83,5.50094,4287.31,9021.78
590,4,84,2.57014,4376.21,9055.46
591,4,85,-0.147462,4459.55,9082.9
592,4,86,-2.01998,4517.6,9082.71
593,4,87,-2.98121,4547.72,9063.07
594,4,88,-2.73938,4540.06,9036.79
595,4,89,-0.0988443,4455.56,9072.1
596,4,90,4.19531,4316.72,9214.23
597,4,91,7.90433,4195.56,9316.94
598,4,92,8.93447,4161.56,9300.96
599,4,93,8.20226,4185.97,9280.45
600,4,94,6.18986,4253.72,9297.47
601,4,95,3.74613,4336.81,9337.22
602,4,96,1.51247,4413.49,9368.33
603,4,97,-0.407261,4480.05,9386.38
604,4,98,-1.94814,4533.98,9390.35
605,4,99,-2.84769,4565.76,9375.98
606,4,100,-2.54598,4555,9352.91
607,4,101,-0.665251,4487.29,9376.9
608,4,102,3.09509,4350.67,9549.67
609,4,103,6.62175,4221.36,9701.77
610,4,104,7.6561,4183.09,9693.24
611,4,105,7.61385,4184.66,9669.42
612,4,106,5.97733,4246.31,9687.7
613,4,107,4.15267,4315.64,9718.01
614,4,108,2.4464,4381.05,9743.2
615,4,109,0.90027,4440.83,9761.14
616,4,110,-0.24348,4485.44,9761.42
617,4,111,-0.805872,4507.56,9744.54
618,4,112,-0.431712,4492.72,9724.77
619,4,113,1.20714,4427.16,9755.14
620,4,114,4.03881,4312.95,9893.65
621,4,115,6.65508,4206.56,10011.1
622,4,116,7.4606,4173.53,10002.5
623,4,117,7.41006,4175.62,9980.54
624,4,118,6.06613,4231.62,9999.05
625,4,119,4.56769,4294.55,10028.9
626,4,120,3.14149,4354.93,10055.4
627,4,121,1.82755,4410.99,10075.9
628,4,122,0.814549,4454.55,10080.2
629,4,123,0.274988,4477.93,10066.6
630,4,124,0.459911,4469.85,10046.7
631,4,125,1.73926,4413.56,10070.6
632,4,126,4.15912,4306.28,10213.1
633,4,127,6.51171,4201.2,10348.7
634,4,128,7.26954,4167.1,10344.6
635,4,129,7.26621,4167.25,10324
636,4,130,6.17411,4217.12,10340.1
637,4,131,4.92886,4274.4,10368.4
638,4,132,3.68449,4332.06,10398
639,4,133,2.51581,4386.6,10423
640,5,9,-763.6,12507,2474.94
641,5,10,-1158.74,15009.6,2660.63
642,5,11,-1281.79,15829.9,2611.68
643,5,12,-1217.07,15376.9,2550.43
644,5,13,-1091.4,14455.3,2621.02
645,5,14,-949.509,13367.4,2813.87
646,5,15,-789.909,12090.6,3175.5
647,5,16,-623.143,10700.9,3671.69
648,5,17,-407.489,8831.92,4643.29
649,5,18,-182.178,6804.12,5755.2
650,5,19,-39.4714,5472.19,6195.1
651,5,20,-13.15,5217.75,6118.44
652,5,21,-32.7892,5414.14,6042.22
653,5,22,-81.1538,5913.91,6074.91
654,5,23,-123.775,6368.54,6104.62
655,5,24,-155.46,6717.07,6100.69
656,5,25,-176.156,6951.62,6064.43
657,5,26,-181.546,7014.51,5997.36
658,5,27,-174.065,6924.74,5938.04
659,5,28,-154.384,6682.01,5931.67
660,5,29,-111.617,6140.29,6174.12
661,5,30,-55.5552,5411.49,6677.66
662,5,31,-12.2241,4833.74,6977.81
663,5,32,-4.3514,4726.14,6928.05
664,5,33,-7.34828,4768.1,6869.76
665,5,34,-24.2596,5010.5,6891.71
666,5,35,-41.3911,5261.76,6927.27
667,5,36,-54.7586,5462.27,6934.91
668,5,37,-66.1394,5636.78,6932.23
669,5,38,-70.6947,5708.14,6889.71
670,5,39,-71.0569,5713.94,6840.02
671,5,40,-63.5779,5591.78,6822.17
672,5,41,-46.564,5308.22,6946.26
673,5,42,-20.7888,4870.04,7315.81
674,5,43,2.49919,4466.38,7623.75
675,5,44,6.47477,4396.14,7586.77
676,5,45,5.53571,4413.05,7540.76
677,5,46,-2.76558,4565.24,7553.6
678,5,47,-12.1755,4740.89,7590.23
679,5,48,-20.089,4891.25,7608.61
680,5,49,-27.08,5026.4,7618.18
681,5,50,-31.613,5115.55,7600.18
682,5,51,-32.8345,5139.98,7561.29
683,5,52,-28.8692,5059.36,7542.88
684,5,53,-19.3923,4863.5,7634.22
685,5,54,-4.80485,4557.16,7918.91
686,5,55,8.24968,4278.67,8148.52
687,5,56,11.7294,4203.27,8129.24
688,5,57,12.2496,4191.83,8091.11
689,5,58,7.16215,4305.45,8102.95
690,5,59,0.727706,4451.3,8150.16
691,5,60,-5.07673,4584.8,8186.27
692,5,61,-9.99708,4699.61,8205.58
693,5,62,-13.1633,4774.54,8194.39
694,5,63,-14.884,4815.84,8167.12
695,5,64,-13.5386,4783.1,8137.87
696,5,65,-7.35309,4630.52,8215.94
697,5,66,2.21646,4391.28,8460.12
698,5,67,10.1707,4189.78,8624.37
699,5,68,12.1965,4137.78,8603.95
700,5,69,11.8646,4146.41,8571.05
701,5,70,8.1537,4244.13,8588.97
702,5,71,3.63784,4364.55,8635.41
703,5,72,-0.338474,4471.91,8667.47
704,5,73,-4.07289,4573.99,8695.11
705,5,74,-6.4229,4639,8688.53
706,5,75,-7.68146,4674.24,8665.21
707,5,76,-6.5838,4643.14,8640.93
708,5,77,-2.58771,4528.59,8694.03
709,5,78,3.83526,4342.32,8885.93
710,5,79,9.50546,4176,9033.66
711,5,80,11.1424,4127.43,9019.18
712,5,81,10.9816,4132.26,8989.91
713,5,82,8.39762,4210.64,9003.11
714,5,83,5.03909,4313.63,9048.73
715,5,84,2.04658,4406.4,9081.66
716,5,85,-0.725203,4493.25,9108.31
717,5,86,-2.6293,4553.55,9107.38
718,5,87,-3.59901,4584.58,9087.13
719,5,88,-3.33671,4576.1,9060.52
720,5,89,-0.619992,4487.35,9096.27
721,5,90,3.78614,4341.95,9239.38
722,5,91,7.58983,4215.16,9342.67
723,5,92,8.65054,4179.45,9326.49
724,5,93,7.90826,4204.69,9305.53
725,5,94,5.85766,4275.09,9322.03
726,5,95,3.36753,4361.41,9361.21
727,5,96,1.09355,4441,9391.7
728,5,97,-0.858464,4509.98,9409.13
729,5,98,-2.42253,4565.76,9412.5
730,5,99,-3.33103,4598.47,9397.61
731,5,100,-3.01297,4586.91,9374.32
732,5,101,-1.08383,4516.17,9398.6
733,5,102,2.7618,4373.89,9572.4
734,5,103,6.36643,4239.31,9725.26
735,5,104,7.42658,4199.38,9716.61
736,5,105,7.38804,4200.85,9692.49
737,5,106,5.72386,4264.64,9710.36
738,5,107,3.86869,4336.37,9740.21
739,5,108,2.13507,4403.98,9764.92
740,5,109,0.565416,4465.72,9782.37
741,5,110,-0.593596,4511.7,9782.19
742,5,111,-1.15996,4534.35,9764.93
743,5,112,-0.772309,4518.72,9745
744,5,113,0.902863,4450.59,9775.63
745,5,114,3.79155,4332.16,9914.84
746,5,115,6.45942,4221.89,10032.8
747,5,116,7.28281,4187.58,10024.1
748,5,117,7.23453,4189.61,10001.9
749,5,118,5.8701,4247.37,10020.1
750,5,119,4.349,4312.27,10049.6
751,5,120,2.90199,4374.49,10075.6
752,5,121,1.56968,4432.22,10095.7
753,5,122,0.543881,4477.01,10099.7
754,5,123,-0.000199402,4500.95,10085.7
755,5,124,0.192392,4492.42,10065.6
756,5,125,1.49731,4434.13,10089.8
757,5,126,3.96081,4323.27,10232.8
758,5,127,6.35487,4214.74,10369
759,5,128,7.12745,4179.46,10364.8
760,5,129,7.12635,4179.51,10344
761,5,130,6.01913,4230.81,10359.8
762,5,131,4.75671,4289.72,10387.8
763,5,132,3.49559,4349,10417.1
764,5,133,2.31172,4405.03,10441.7
765,6,10,-1996.6,22271,655.128
766,6,11,-1881.37,21426,719.915
767,6,12,-1626.86,19474.7,1273.73
768,6,13,-1367.32,17398.4,1875.65
769,6,14,-1132.58,15442.3,2426.58
770,6,15,-904.448,13465.1,3034.29
771,6,16,-686.536,11503.9,3674.68
772,6,17,-424.374,9057.05,4731.34
773,6,18,-161.802,6518.86,5853.88
774,6,19,-1.61978,4917.03,6265.92
775,6,20,23.1643,4660.93,6174.37
776,6,21,-3.46912,4945.02,6098.66
777,6,22,-60.973,5577.56,6141.6
778,6,23,-110.573,6139.69,6176.96
779,6,24,-146.982,6564.47,6174.1
780,6,25,-170.595,6847.83,6136.1
781,6,26,-177.029,6927.17,6065.35
782,6,27,-169.278,6829,6001.52
783,6,28,-148.302,6556.31,5989.69
784,6,29,-102.478,5945.32,6223.81
785,6,30,-42.6623,5127.84,6714.55
786,6,31,3.01026,4488.43,6999.72
787,6,32,10.3376,4383.4,6944.15
788,6,33,6.07745,4445.88,6885.25
789,6,34,-12.9261,4730.94,6914.28
790,6,35,-31.9553,5022.72,6956.33
791,6,36,-46.794,5255.19,6967.91
792,6,37,-59.3838,5456.63,6967.89
793,6,38,-64.6247,5542.23,6925.17
794,6,39,-65.3652,5554.57,6873.92
795,6,40,-57.784,5425.69,6852.18
796,6,41,-40.1468,5119.98,6969.82
797,6,42,-13.3253,4646.13,7330.58
798,6,43,10.7956,4211.96,7628.96
799,6,44,14.5496,4143.13,7588.64
800,6,45,13.1598,4169.07,7542.13
801,6,46,4.08171,4341.56,7559.51
802,6,47,-6.10234,4538.45,7601.21
803,6,48,-14.6664,4706.88,7623.31
804,6,49,-22.2216,4857.98,7635.8
805,6,50,-27.1721,4958.64,7619.14
806,6,51,-28.6398,4988.97,7579.89
807,6,52,-24.6842,4905.91,7558.85
808,6,53,-14.9869,4699.03,7645.6
809,6,54,0.0162245,4373.96,7924.18
810,6,55,13.4001,4079.52,8147.51
811,6,56,16.8143,4003.27,8125.42
812,6,57,17.159,3995.45,8086.27
813,6,58,11.6942,4121.14,8101.41
814,6,59,4.85363,4280.76,8152.92
815,6,60,-1.3119,4426.67,8192.57
816,6,61,-6.54245,4552.21,8214.56
817,6,62,-9.94095,4634.9,8204.7
818,6,63,-11.8322,4681.55,8177.82
819,6,64,-10.5445,4649.36,8147.26
820,6,65,-4.25268,4489.97,8221.94
821,6,66,5.52898,4238.91,8461.68
822,6,67,13.6329,4028.21,8621.62
823,6,68,15.6132,3976.06,8599.38
824,6,69,15.1641,3988.03,8566.25
825,6,70,11.2375,4094.05,8586.79
826,6,71,6.49135,4223.78,8636.49
827,6,72,2.31116,4339.43,8671.18
828,6,73,-1.61102,4449.25,8701.12
829,6,74,-4.10051,4519.79,8695.69
830,6,75,-5.46138,4558.8,8672.74
831,6,76,-4.39534,4527.88,8647.39
832,6,77,-0.349042,4409.19,8698.06
833,6,78,6.18857,4215.24,8886.71
834,6,79,11.9484,4042.45,9031.23
835,6,80,13.5639,3993.45,9015.28
836,6,81,13.3351,4000.46,8985.78
837,6,82,10.6229,4084.54,9000.86
838,6,83,7.12118,4194.26,9049.04
839,6,84,4.00019,4293.09,9084.09
840,6,85,1.11028,4385.57,9112.57
841,6,86,-0.886156,4450.12,9112.69
842,6,87,-1.92203,4483.96,9092.77
843,6,88,-1.69382,4476.43,9065.66
844,6,89,1.04847,4385.02,9099.62
845,6,90,5.51902,4234.51,9240.32
846,6,91,9.37087,4103.55,9341.29
847,6,92,10.415,4067.7,9324.08
848,6,93,9.61576,4095.41,9303.44
849,6,94,7.48071,4170.13,9321.45
850,6,95,4.89917,4261.35,9362.54
851,6,96,2.54155,4345.44,9394.65
852,6,97,0.515628,4418.37,9413.37
853,6,98,-1.11162,4477.49,9417.64
854,6,99,-2.06735,4512.54,9403.13
855,6,100,-1.76919,4501.5,9379.37
856,6,101,0.174227,4428.95,9402.32
857,6,102,4.0732,4282.09,9574.12
858,6,103,7.72464,4143.33,9724.96
859,6,104,8.77876,4102.93,9715.35
860,6,105,8.71241,4105.49,9691.03
861,6,106,6.98905,4172.7,9710.16
862,6,107,5.0727,4248.08,9741.44
863,6,108,3.28204,4319.11,9767.41
864,6,109,1.66014,4383.98,9785.94
865,6,110,0.4582,4432.46,9786.44
866,6,111,-0.138691,4456.74,9769.37
867,6,112,0.237113,4441.33,9748.97
868,6,113,1.92461,4371.58,9778.43
869,6,114,4.84756,4249.79,9916.03
870,6,115,7.54473,4136.51,10032.4
871,6,116,8.36341,4101.85,10022.9
872,6,117,8.29497,4104.77,10000.5
873,6,118,6.88762,4165.29,10019.8
874,6,119,5.32198,4233.13,10050.5
875,6,120,3.83288,4298.15,10077.7
876,6,121,2.46156,4358.49,10098.7
877,6,122,1.40297,4405.42,10103.3
878,6,123,0.83511,4430.79,10089.6
879,6,124,1.0169,4422.61,10069.2
880,6,125,2.32982,4363.09,10092.4
881,6,126,4.82028,4249.36,10234.1
882,6,127,7.2395,4138.07,10368.9
883,6,128,8.01026,4102.36,10363.9
884,6,129,7.9949,4103.08,10342.9
885,6,130,6.85607,4156.6,10359.6
886,6,131,5.56033,4217.93,10388.7
887,6,132,4.26669,4279.6,10419
888,6,133,3.05228,4337.89,10444.5
889,7,11,-1987.5,22451.9,670.979
890,7,12,-1612.77,19329.2,1322.35
891,7,13,-1283.11,16472.1,1880.37
892,7,14,-1010.74,14020.8,2347.47
893,7,15,-758.983,11671,2855.38
894,7,16,-526.582,9424.49,3390.04
895,7,17,-245.836,6617.04,4335.87
896,7,18,30.7413,3759.07,5340.91
897,7,19,185.945,2103.56,5644.87
898,7,20,187.475,2086.73,5541.31
899,7,21,135.382,2677.12,5524.04
900,7,22,53.3338,3634.35,5675.95
901,7,23,-15.549,4460.94,5796.73
902,7,24,-66.5624,5090.11,5851.53
903,7,25,-101.126,5527.92,5849.13
904,7,26,-115.15,5710.22,5789.78
905,7,27,-112.555,5675.62,5720.21
906,7,28,-94.8283,5433.36,5688.94
907,7,29,-49.669,4801.13,5887.7
908,7,30,10.7304,3935.4,6341.54
909,7,31,55.7854,3274.6,6591.58
910,7,32,59.6168,3217.13,6529.85
911,7,33,51.3907,3343.26,6482.25
912,7,34,27.7931,3712.96,6552
913,7,35,4.64335,4083.35,6633.27
914,7,36,-13.6245,4381.73,6673.74
915,7,37,-29.1665,4640.76,6697.36
916,7,38,-36.6235,4767.53,6664.56
917,7,39,-39.1059,4810.56,6615.99
918,7,40,-32.6235,4696.04,6585.92
919,7,41,-15.4162,4386.3,6686.98
920,7,42,11.5215,3892.45,7029.6
921,7,43,35.6031,3442.92,7309.89
922,7,44,38.249,3392.65,7265.61
923,7,45,35.5727,3444.39,7223.42
924,7,46,24.92,3653.9,7261.73
925,7,47,13.2226,3887.84,7326.68
926,7,48,3.33052,4088.98,7367.47
927,7,49,-5.41317,4269.68,7395.94
928,7,50,-11.3526,4394.41,7389.38
929,7,51,-13.5887,4442.12,7353.5
930,7,52,-10.1155,4366.86,7327.65
931,7,53,-0.625463,4158.08,7404.34
932,7,54,14.4044,3822.42,7671.75
933,7,55,27.7472,3519.98,7883.96
934,7,56,30.7241,3451.51,7857.54
935,7,57,30.5368,3455.88,7818.79
936,7,58,24.3474,3602.36,7847.29
937,7,59,16.7712,3784.19,7915.71
938,7,60,9.93589,3950.52,7970.02
939,7,61,4.10613,4094.32,8003.95
940,7,62,0.205947,4191.82,8001.5
941,7,63,-2.10766,4250.43,7978.75
942,7,64,-1.11095,4224.85,7946.62
943,7,65,5.0744,4064.03,8014.4
944,7,66,14.8712,3806.05,8246.44
945,7,67,22.9345,3591.03,8398.81
946,7,68,24.6787,3543.94,8373.9
947,7,69,23.9275,3564.47,8342.28
948,7,70,19.6043,3684.08,8372.71
949,7,71,14.4547,3828.27,8434.53
950,7,72,9.90654,3957.13,8479.47
951,7,73,5.64055,4079.42,8518.8
952,7,74,2.86456,4159.93,8518.97
953,7,75,1.26237,4206.92,8499.06
954,7,76,2.16676,4180.09,8472.28
955,7,77,6.14219,4060.83,8518.14
956,7,78,12.6811,3862.48,8701.11
957,7,79,18.4209,3686.46,8840.07
958,7,80,19.905,3640.45,8821.82
959,7,81,19.5011,3653.11,8793.18
960,7,82,16.5552,3746.4,8815.2
961,7,83,12.8085,3866.29,8872.59
962,7,84,9.46164,3974.51,8915.55
963,7,85,6.3603,4075.82,8951.16
964,7,86,4.1827,4147.68,8955.95
965,7,87,2.99609,4187.23,8938.39
966,7,88,3.10991,4183.4,8911.11
967,7,89,5.80253,4091.85,8941.57
968,7,90,10.2663,3938.6,9077.94
969,7,91,14.0971,3805.79,9174.76
970,7,92,15.0556,3772.25,9156.01
971,7,93,14.1313,3804.91,9137.38
972,7,94,11.8451,3886.45,9160.94
973,7,95,9.10749,3985,9208.87
974,7,96,6.60396,4075.96,9247.06
975,7,97,4.44423,4155.15,9270.8
976,7,98,2.6962,4219.83,9278.98
977,7,99,1.63803,4259.33,9266.68
978,7,100,1.86369,4250.84,9242.54
979,7,101,3.77154,4178.34,9262.87
980,7,102,7.6768,4028.64,9431.24
981,7,103,11.3292,3887.41,9578.64
982,7,104,12.3313,3848.33,9567.43
983,7,105,12.1918,3853.81,9543.44
984,7,106,10.3644,3926.3,9567.12
985,7,107,8.34328,4007.15,9603.49
986,7,108,6.45338,4083.37,9634.12
987,7,109,4.73841,4153.11,9656.76
988,7,110,3.45416,4205.77,9660.17
989,7,111,2.78883,4233.27,9644.51
990,7,112,3.11649,4219.62,9623.54
991,7,113,4.78172,4149.68,9650.73
992,7,114,7.70588,4025.89,9785.5
993,7,115,10.4001,3910.93,9899.07
994,7,116,11.1817,3877.32,9888.27
995,7,117,11.0613,3882.54,9866.21
996,7,118,9.57941,3947.25,9889.25
997,7,119,7.93842,4019.45,9924.24
998,7,120,6.37729,4088.66,9955.38
999,7,121,4.93787,4152.96,9979.98
1000,7,122,3.81834,4203.34,9987.24
1001,7,123,3.19948,4231.39,9974.91
1002,7,124,3.34427,4224.78,9954.22
1003,7,125,4.64015,4165.17,9975.59
1004,7,126,7.13361,4049.64,10114.9
1005,7,127,9.55458,3936.66,10247.3
1006,7,128,10.3,3901.63,10241.1
1007,7,129,10.2472,3904.13,10220.3
1008,7,130,9.05366,3961.02,10240.1
1009,7,131,7.70202,4025.9,10272.8
1010,7,132,6.35385,4091.06,10306.6
1011,7,133,5.08745,4152.69,10335.3
1012,8,12,-1305.5,16051.6,964.511
1013,8,13,-968.371,12905.1,1389.92
1014,8,14,-708.107,10389.2,1727.24
1015,8,15,-469.071,7998.82,2118.39
1016,8,16,-249.45,5729.4,2545.95
1017,8,17,32.0182,2727.07,3414.8
1018,8,18,308.364,-312.727,4326.27
1019,8,19,443.164,-1840.47,4518.87
1020,8,20,405.357,-1399.38,4459.11
1021,8,21,314.697,-311.459,4599.93
1022,8,22,197.8,1130.27,4972.2
1023,8,23,102.249,2340.59,5249.7
1024,8,24,31.375,3261.94,5405.72
1025,8,25,-17.9112,3919.09,5466.07
1026,8,26,-42.1702,4250.63,5432.97
1027,8,27,-46.6135,4312.84,5365.38
1028,8,28,-33.4792,4124.58,5317.63
1029,8,29,10.2084,3483.83,5479.89
1030,8,30,70.6532,2577.16,5896.26
1031,8,31,114.469,1905.31,6110.55
1032,8,32,113.912,1914.03,6048.55
1033,8,33,100.877,2122.6,6022
1034,8,34,71.8657,2596.45,6147.97
1035,8,35,43.9143,3062.31,6281.26
1036,8,36,21.6783,3440.32,6359.68
1037,8,37,2.74661,3768.47,6413.92
1038,8,38,-7.2504,3945.08,6395.29
1039,8,39,-11.7238,4025.6,6352.33
1040,8,40,-6.50802,3929.98,6315.25
1041,8,41,10.1752,3618.56,6399.82
1042,8,42,37.1899,3105.28,6724.03
1043,8,43,61.1834,2641.41,6986.05
1044,8,44,62.5896,2613.75,6939.51
1045,8,45,58.4913,2695.72,6904.23
1046,8,46,46.117,2947.33,6967.58
1047,8,47,32.775,3223.06,7059.51
1048,8,48,21.4465,3460.96,7121.85
1049,8,49,11.4238,3674.78,7168.58
1050,8,50,4.42495,3826.42,7173.81
1051,8,51,1.37012,3893.63,7142.48
1052,8,52,4.33281,3827.46,7112.48
1053,8,53,13.6073,3617.24,7179.32
1054,8,54,28.671,3270.77,7435.38
1055,8,55,41.9754,2960.34,7636.41
1056,8,56,44.4931,2900.75,7606.29
1057,8,57,43.7475,2918.65,7568.84
1058,8,58,36.7973,3087.77,7612.08
1059,8,59,28.4508,3293.65,7698.69
1060,8,60,20.9169,3482,7768.64
1061,8,61,14.4645,3645.46,7815.27
1062,8,62,10.0458,3758.87,7820.83
1063,8,63,7.29815,3830.31,7802.72
1064,8,64,7.99981,3811.83,7769.46
1065,8,65,14.0843,3649.58,7830.5
1066,8,66,23.9078,3384.34,8054.76
1067,8,67,31.9386,3164.83,8199.57
1068,8,68,33.4447,3123.17,8172.37
1069,8,69,32.3866,3152.79,8142.68
1070,8,70,27.6576,3286.78,8183.42
1071,8,71,22.0954,3446.23,8257.64
1072,8,72,17.1722,3589,8313.04
1073,8,73,12.5568,3724.39,8361.87
1074,8,74,9.49146,3815.33,8367.82
1075,8,75,7.64723,3870.65,8351.13
1076,8,76,8.39277,3848.04,8323.16
1077,8,77,12.3039,3728.1,8364.37
1078,8,78,18.8534,3525.06,8541.66
1079,8,79,24.5812,3345.59,8675.08
1080,8,80,25.9372,3302.65,8654.76
1081,8,81,25.3593,3321.14,8627.19
1082,8,82,22.1787,3423.99,8656.2
1083,8,83,18.1854,3554.43,8722.7
1084,8,84,14.6119,3672.36,8773.46
1085,8,85,11.299,3782.79,8816.09
1086,8,86,8.94126,3862.17,8825.49
1087,8,87,7.60602,3907.56,8810.34
1088,8,88,7.60883,3907.47,8783.02
1089,8,89,10.2574,3815.65,8810.14
1090,8,90,14.7214,3659.41,8942.22
1091,8,91,18.5373,3524.58,9034.96
1092,8,92,19.4139,3493.32,9014.81
1093,8,93,18.3668,3531.01,8998.25
1094,8,94,15.9306,3619.53,9027.23
1095,8,95,13.0379,3725.59,9081.77
1096,8,96,10.3898,3823.57,9125.79
1097,8,97,8.09796,3909.13,9154.38
1098,8,98,6.23122,3979.45,9166.32
1099,8,99,5.07319,4023.45,9156.18
1100,8,100,5.22983,4017.45,9131.75
1101,8,101,7.10666,3944.88,9149.6
1102,8,102,11.0239,3792.11,9314.51
1103,8,103,14.6827,3648.19,9458.49
1104,8,104,15.6363,3610.37,9445.79
1105,8,105,15.4265,3618.76,9422.19
1106,8,106,13.4969,3696.59,9450.21
1107,8,107,11.3726,3782.97,9491.42
1108,8,108,9.38533,3864.45,9526.46
1109,8,109,7.57925,3939.1,9552.98
1110,8,110,6.2149,3995.95,9559.16
1111,8,111,5.48369,4026.66,9544.86
1112,8,112,5.76626,4014.7,9523.4
1113,8,113,7.4129,3944.44,9548.43
1114,8,114,10.3425,3818.47,9680.38
1115,8,115,13.0378,3701.67,9791.2
1116,8,116,13.7854,3669.03,9779.2
1117,8,117,13.6154,3676.51,9757.46
1118,8,118,12.0608,3745.43,9784.07
1119,8,119,10.3462,3822.01,9823.04
1120,8,120,8.71485,3895.43,9857.89
1121,8,121,7.20917,3963.68,9885.82
1122,8,122,6.03066,4017.5,9895.55
1123,8,123,5.36299,4048.22,9884.51
1124,8,124,5.47328,4043.11,9863.61
1125,8,125,6.75504,3983.29,9883.23
1126,8,126,9.25486,3865.8,10020.2
1127,8,127,11.6808,3750.97,10150.3
1128,8,128,12.4034,3716.52,10142.9
1129,8,129,12.3152,3720.76,10122.3
1130,8,130,11.0687,3781.01,10144.9
1131,8,131,9.66276,3849.43,10180.9
1132,8,132,8.26165,3918.08,10218
1133,8,133,6.94485,3983.05,10249.7
1134,9,13,-691.2,9671.4,1146.57
1135,9,14,-436.571,7040.24,1348.22
1136,9,15,-206.821,4589.57,1616.75
1137,9,16,2.14286,2290.96,1934.4
1138,9,17,290.25,-974.25,2720.57
1139,9,18,570.218,-4240.55,3531.96
1140,9,19,681.918,-5580.95,3624.31
1141,9,20,598.017,-4546.17,3680.36
1142,9,21,463.769,-2845.69,4043.43
1143,9,22,308.877,-832.092,4646.46
1144,9,23,185.775,809.267,5060.14
1145,9,24,95.6015,2041.64,5293.14
1146,9,25,32.9608,2918.61,5396.5
1147,9,26,0.353973,3385.97,5380.45
1148,9,27,-9.03333,3523.65,5314.36
1149,9,28,1.65639,3363.31,5256.36
1150,9,29,46.1584,2680.94,5391.75
1151,9,30,108.83,1699.09,5774.6
1152,9,31,153.136,990.186,5959.25
1153,9,32,149.311,1052.67,5898.32
1154,9,33,132.401,1334.5,5887.04
1155,9,34,98.733,1906.86,6048.57
1156,9,35,66.721,2461.73,6212.35
1157,9,36,41.2677,2911.41,6311.61
1158,9,37,19.6793,3300,6381.6
1159,9,38,7.88699,3516.19,6369.68
1160,9,39,2.14839,3623.31,6328.89
1161,9,40,6.82313,3534.49,6287.24
1162,9,41,23.7096,3208.02,6360.86
1163,9,42,51.5172,2661.14,6670.1
1164,9,43,76.063,2170.22,6917.32
1165,9,44,76.7207,2156.85,6869.01
1166,9,45,71.637,2261.91,6837.42
1167,9,46,57.9196,2549.97,6914.11
1168,9,47,43.2881,2862.11,7019.73
1169,9,48,30.8675,3131.23,7092.5
1170,9,49,19.8963,3372.59,7147.66
1171,9,50,12.1608,3545.35,7157.99
1172,9,51,8.60405,3625.97,7128.27
1173,9,52,11.3726,3562.3,7095.51
1174,9,53,20.7464,3343.57,7156.02
1175,9,54,36.1547,2978.91,7403.48
1176,9,55,49.7068,2653.66,7596.07
1177,9,56,52.0072,2597.68,7563.33
1178,9,57,50.9245,2624.39,7526.15
1179,9,58,43.4092,2812.27,7576.57
1180,9,59,34.4761,3038.58,7671.74
1181,9,60,26.4206,3245.33,7748.78
1182,9,61,19.5171,3424.83,7800.94
1183,9,62,14.7476,3550.42,7809.77
1184,9,63,11.7291,3630.92,7793.35
1185,9,64,12.2975,3615.57,7759.05
1186,9,65,18.4447,3447.55,7815.89
1187,9,66,28.4566,3170.55,8034.47
1188,9,67,36.6055,2942.38,8173.97
1189,9,68,38.0062,2902.69,8145.11
1190,9,69,36.7638,2938.31,8116.05
1191,9,70,31.7411,3083.97,8161.45
1192,9,71,25.8727,3256.11,8241.14
1193,9,72,20.6776,3410.23,8300.99
1194,9,73,15.8123,3556.19,8353.74
1195,9,74,12.5554,3654.98,8361.9
1196,9,75,10.5647,3716.03,8346.29
1197,9,76,11.2463,3694.9,8317.39
1198,9,77,15.1881,3571.39,8355.79
1199,9,78,21.8424,3360.67,8529.18
1200,9,79,27.6473,3174.91,8658.84
1201,9,80,28.9558,3132.6,8637.1
1202,9,81,28.2794,3154.7,8609.75
1203,9,82,24.9339,3265.1,8641.73
1204,9,83,20.7606,3404.21,8712.07
1205,9,84,17.0254,3529.97,8766.01
1206,9,85,13.5637,3647.66,8811.41
1207,9,86,11.0874,3732.68,8822.54
1208,9,87,9.66405,3782.02,8808.14
1209,9,88,9.61547,3783.72,8780.5
1210,9,89,12.2799,3689.58,8805.65
1211,9,90,16.8034,3528.24,8934.96
1212,9,91,20.6611,3389.36,9025.1
1213,9,92,21.508,3358.59,9003.99
1214,9,93,20.387,3399.7,8988.13
1215,9,94,17.8472,3493.67,9019.29
1216,9,95,14.844,3605.79,9076.45
1217,9,96,12.0946,3709.35,9122.73
1218,9,97,9.71294,3799.85,9153.12
1219,9,98,7.76882,3874.38,9166.39
1220,9,99,6.55155,3921.45,9156.91
1221,9,100,6.67946,3916.46,9132.11
1222,9,101,8.56547,3842.28,9148.54
1223,9,102,12.535,3684.82,9311.22
1224,9,103,16.239,3536.66,9452.97
1225,9,104,17.1801,3498.7,9439.32
1226,9,105,16.9342,3508.7,9415.68
1227,9,106,14.9343,3590.69,9445.39
1228,9,107,12.7382,3681.47,9488.46
1229,9,108,10.6838,3767.07,9525.14
1230,9,109,8.81624,3845.51,9553.08
1231,9,110,7.40088,3905.42,9560.2
1232,9,111,6.63244,3938.21,9546.26
1233,9,112,6.89835,3926.77,9524.39
1234,9,113,8.5548,3855,9548.18
1235,9,114,11.5182,3725.59,9678.39
1236,9,115,14.2419,3605.75,9787.48
1237,9,116,14.981,3572.98,9774.72
1238,9,117,14.786,3581.7,9752.94
1239,9,118,13.1818,3653.88,9780.91
1240,9,119,11.4161,3733.93,9821.38
1241,9,120,9.7365,3810.63,9857.59
1242,9,121,8.18608,3881.95,9886.72
1243,9,122,6.96977,3938.3,9897.28
1244,9,123,6.27415,3970.77,9886.59
1245,9,124,6.37063,3966.23,9865.43
1246,9,125,7.65896,3905.25,9884.08
1247,9,126,10.1858,3784.8,10019.6
1248,9,127,12.6369,3667.15,10148.2
1249,9,128,13.3556,3632.41,10140.1
1250,9,129,13.2503,3637.54,10119.4
1251,9,130,11.9679,3700.38,10143.1
1252,9,131,10.5245,3771.58,10180.3
1253,9,132,9.08691,3842.99,10218.6
1254,9,133,7.73585,3910.54,10251.3
1255,10,14,-33.1,1929.6,540.812
1256,10,15,138.743,-17.9524,740.466
1257,10,16,308.679,-2000.54,1008.45
1258,10,17,592.179,-5402.54,1827.08
1259,10,18,867.267,-8795.29,2584.33
1260,10,19,941.897,-9740.61,2592.97
1261,10,20,795.473,-7837.09,2922.99
1262,10,21,605.941,-5310,3622.58
1263,10,22,405.346,-2568.54,4478.37
1264,10,23,250.877,-405.969,5012.92
1265,10,24,140,1183.27,5303.64
1266,10,25,63.9794,2298.24,5433.95
1267,10,26,23.8873,2899.62,5426
1268,10,27,10.8421,3099.64,5358.69
1269,10,28,20.5649,2947.32,5293.37
1270,10,29,67.6263,2194.34,5411.68
1271,10,30,134.222,1106.61,5770.63
1272,10,31,180.248,339.509,5933.02
1273,10,32,173.732,450.276,5872.79
1274,10,33,153.378,803.085,5871.68
1275,10,34,115.338,1475.11,6055.12
1276,10,35,79.5867,2118.65,6235.81
1277,10,36,51.2949,2637.33,6345.16
1278,10,37,27.4483,3082.47,6421.62
1279,10,38,14.3069,3332.15,6411.39
1280,10,39,7.75773,3458.77,6370.19
1281,10,40,12.3722,3368.02,6325.43
1282,10,41,29.9672,3016.12,6393.27
1283,10,42,59.0809,2424.14,6694.15
1284,10,43,84.6257,1896.21,6932.11
1285,10,44,84.8317,1891.89,6882.08
1286,10,45,79.0149,2015.98,6851.92
1287,10,46,64.1572,2337.9,6935.12
1288,10,47,48.4273,2683.95,7046.97
1289,10,48,35.1063,2981.46,7123.92
1290,10,49,23.3746,3247.37,7181.99
1291,10,50,15.092,3437.87,7193.58
1292,10,51,11.2263,3528.07,7163.62
1293,10,52,14.0017,3462.39,7129.07
1294,10,53,23.682,3230.06,7186.51
1295,10,54,39.6447,2841.64,7429.75
1296,10,55,53.6342,2496.56,7617.68
1297,10,56,55.8654,2440.78,7583.05
1298,10,57,54.5769,2473.43,7545.49
1299,10,58,46.6057,2678.02,7598.95
1300,10,59,37.1875,2922.89,7697.64
1301,10,60,28.7098,3146.14,7777.29
1302,10,61,21.4527,3339.66,7831.19
1303,10,62,16.4302,3475.27,7840.71
1304,10,63,13.2375,3562.53,7824.34
1305,10,64,13.7718,3547.75,7789.13
1306,10,65,20.0859,3370.96,7844.07
1307,10,66,30.3914,3078.97,8060.16
1308,10,67,38.7546,2839.22,8196.96
1309,10,68,40.13,2799.34,8166.91
1310,10,69,38.7754,2839.07,8137.73
1311,10,70,33.5221,2994.92,8184.85
1312,10,71,27.4069,3178.38,8266.51
1313,10,72,21.9981,3342.44,8327.78
1314,10,73,16.9395,3497.57,8381.63
1315,10,74,13.5478,3602.72,8390.16
1316,10,75,11.4666,3667.93,8374.48
1317,10,76,12.1417,3646.55,8344.87
1318,10,77,16.1731,3517.54,8382.05
1319,10,78,22.9917,3297.08,8553.89
1320,10,79,28.9296,3103.1,8681.84
1321,10,80,30.2389,3059.9,8659.17
1322,10,81,29.508,3084.26,8631.59
1323,10,82,26.0372,3201.11,8664.52
1324,10,83,21.7213,3347.85,8736.1
1325,10,84,17.8608,3480.39,8790.95
1326,10,85,14.2861,3604.32,8837.03
1327,10,86,11.7267,3693.9,8848.41
1328,10,87,10.2505,3746.06,8833.91
1329,10,88,10.1858,3748.36,8805.85
1330,10,89,12.9026,3650.56,8830.18
1331,10,90,17.5224,3482.7,8958.49
1332,10,91,21.4567,3338.45,9047.52
1333,10,92,22.3048,3307.07,9025.78
1334,10,93,21.1381,3350.63,9009.93
1335,10,94,18.5209,3449.21,9041.66
1336,10,95,15.4321,3566.58,9099.54
1337,10,96,12.6061,3674.91,9146.34
1338,10,97,10.1587,3769.55,9177.04
1339,10,98,8.16083,3847.46,9190.45
1340,10,99,6.9078,3896.75,9180.89
1341,10,100,7.03069,3891.87,9155.72
1342,10,101,8.95006,3815.1,9171.59
1343,10,102,12.9967,3651.88,9333.63
1344,10,103,16.7697,3498.45,9474.61
1345,10,104,17.7194,3459.51,9460.42
1346,10,105,17.4571,3470.35,9436.54
1347,10,106,15.4053,3555.84,9466.66
1348,10,107,13.1547,3650.37,9510.16
1349,10,108,11.0504,3739.45,9547.18
1350,10,109,9.13815,3821.04,9575.34
1351,10,110,7.68839,3883.38,9582.51
1352,10,111,6.89924,3917.58,9568.44
1353,10,112,7.16514,3905.97,9546.25
1354,10,113,8.84831,3831.91,9569.59
1355,10,114,11.8625,3698.28,9699.3
1356,10,115,14.6311,3574.61,9807.8
1357,10,116,15.3768,3541.06,9794.61
1358,10,117,15.1708,3550.39,9772.63
1359,10,118,13.5302,3625.32,9800.9
1360,10,119,11.726,3708.31,9841.7
1361,10,120,10.0106,3787.79,9878.17
1362,10,121,8.42758,3861.66,9907.48
1363,10,122,7.18546,3920.04,9918.09
1364,10,123,6.47385,3953.73,9907.3
1365,10,124,6.56854,3949.21,9885.9
1366,10,125,7.87567,3886.47,9904.18
1367,10,126,10.442,3762.43,10039.3
1368,10,127,12.9303,3641.33,10167.5
1369,10,128,13.6562,3605.76,10159.1
1370,10,129,13.544,3611.3,10138.1
1371,10,130,12.2357,3676.28,10162.1
1372,10,131,10.7642,3749.85,10199.5
1373,10,132,9.29932,3823.59,10238
1374,10,133,7.92304,3893.32,10270.9
1375,11,15,359.4,-3033.6,304.216
1376,11,16,512.429,-4920.95,554.577
1377,11,17,818.714,-8800.57,1392.63
1378,11,18,1105.94,-12534.5,2065
1379,11,19,1144.12,-13043.5,2021.97
1380,11,20,927.964,-10089.4,2670.03
1381,11,21,679.882,-6616.29,3594.56
1382,11,22,433.531,-3085.27,4552.1
1383,11,23,250.962,-407.577,5106.66
1384,11,24,124.233,1493.35,5388.44
1385,11,25,40.1786,2782.19,5501.28
1386,11,26,-1.95,3442.2,5477.87
1387,11,27,-13.4902,3626.84,5401.58
1388,11,28,0.0165119,3406.23,5335.37
1389,11,29,54.1947,2503.26,5466.44
1390,11,30,128.793,1235.09,5838.69
1391,11,31,179.719,352.367,6002.39
1392,11,32,172.66,477.093,5938.27
1393,11,33,150.628,873.652,5933.37
1394,11,34,109.648,1624.96,6111.84
1395,11,35,71.4915,2337.21,6285.07
1396,11,36,41.6462,2904.28,6385.83
1397,11,37,16.7479,3385.64,6453.3
1398,11,38,3.43213,3647.52,6436.24
1399,11,39,-2.81872,3772.54,6390.4
1400,11,40,2.80845,3658.12,6346.03
1401,11,41,22.1556,3258.28,6420.98
1402,11,42,53.5772,2598.42,6733.57
1403,11,43,81.0037,2013.32,6978.33
1404,11,44,81.4348,2003.98,6926.52
1405,11,45,75.4798,2134.99,6893.6
1406,11,46,59.9931,2480.86,6972.6
1407,11,47,43.638,2851.58,7079.52
1408,11,48,29.8679,3168.29,7151.39
1409,11,49,17.8032,3449.8,7204.34
1410,11,50,9.38508,3649.03,7211.53
1411,11,51,5.60923,3739.65,7178.73
1412,11,52,8.78422,3662.39,7144.57
1413,11,53,19.1575,3406.52,7206.45
1414,11,54,36.0514,2984.17,7457.43
1415,11,55,50.8224,2609.97,7650.5
1416,11,56,53.2728,2547.08,7615.5
1417,11,57,52.0398,2579.14,7576.56
1418,11,58,43.8422,2795.01,7627.14
1419,11,59,34.1523,3053.4,7722.43
1420,11,60,25.457,3288.18,7798.59
1421,11,61,18.0428,3490.83,7849.08
1422,11,62,12.9583,3631.5,7855.74
1423,11,63,9.77617,3720.6,7837.15
1424,11,64,10.4584,3701.27,7801.53
1425,11,65,17.1226,3510.23,7859.67
1426,11,66,27.9021,3197.63,8081.42
1427,11,67,36.646,2941.14,8221.82
1428,11,68,38.1415,2896.77,8191.59
1429,11,69,36.8084,2936.77,8161.27
1430,11,70,31.4455,3099.44,8206.13
1431,11,71,25.1979,3291.03,8285.23
1432,11,72,19.686,3461.9,8343.94
1433,11,73,14.5402,3623.14,8395.22
1434,11,74,11.1174,3731.53,8401.66
1435,11,75,9.04703,3797.78,8384.41
1436,11,76,9.81589,3772.92,8354.69
1437,11,77,14.037,3635.03,8394.04
1438,11,78,21.119,3401.32,8570.02
1439,11,79,27.2833,3195.85,8700.99
1440,11,80,28.6771,3148.92,8678.42
1441,11,81,27.9696,3172.98,8650.05
1442,11,82,24.4451,3293.99,8681.26
1443,11,83,20.0545,3446.19,8750.83
1444,11,84,16.1348,3583.38,8803.7
1445,11,85,12.5108,3711.43,8847.81
1446,11,86,9.93076,3803.45,8857.53
1447,11,87,8.4628,3856.3,8841.85
1448,11,88,8.44233,3857.04,8813.37
1449,11,89,11.272,3753.29,8839.24
1450,11,90,16.0481,3576.57,8970.57
1451,11,91,20.1159,3424.7,9061.83
1452,11,92,21.0175,3390.75,9040.16
1453,11,93,19.8536,3434.97,9023.41
1454,11,94,17.2047,3536.51,9053.69
1455,11,95,14.0742,3657.56,9109.91
1456,11,96,11.214,3769.11,9155.09
1457,11,97,8.74235,3866.33,9184.26
1458,11,98,6.73131,3946.1,9196.29
1459,11,99,5.48224,3996.06,9185.7
1460,11,100,5.63954,3989.72,9160.33
1461,11,101,7.63168,3908.7,9177.38
1462,11,102,11.795,3738.01,9342.53
1463,11,103,15.6749,3577.64,9486.09
1464,11,104,16.6681,3536.25,9472.16
1465,11,105,16.4225,3546.57,9447.86
1466,11,106,14.3494,3634.33,9476.77
1467,11,107,12.0742,3731.41,9518.97
1468,11,108,9.94901,3822.79,9554.7
1469,11,109,8.02038,3906.36,9581.61
1470,11,110,6.56398,3969.96,9587.72
1471,11,111,5.78148,4004.39,9572.92
1472,11,112,6.0745,3991.4,9550.68
1473,11,113,7.81154,3913.81,9575.12
1474,11,114,10.9037,3774.67,9707.16
1475,11,115,13.7432,3645.94,9817.6
1476,11,116,14.5197,3610.48,9804.64
1477,11,117,14.3259,3619.39,9782.31
1478,11,118,12.6705,3696.09,9809.57
1479,11,119,10.8491,3781.09,9849.28
1480,11,120,9.11838,3862.44,9884.66
1481,11,121,7.52294,3937.95,9912.91
1482,11,122,6.27479,3997.45,9922.6
1483,11,123,5.56671,4031.44,9911.17
1484,11,124,5.67897,4026.01,9889.63
1485,11,125,7.0243,3960.54,9908.8
1486,11,126,9.64959,3831.9,10046
1487,11,127,12.194,3706.38,10176.1
1488,11,128,12.9446,3669.09,10168
1489,11,129,12.8425,3674.2,10146.8
1490,11,130,11.5241,3740.56,10169.9
1491,11,131,10.04,3815.75,10206.4
1492,11,132,8.563,3891.08,10243.9
1493,11,133,7.17632,3962.26,10275.9
1494,12,16,632.2,-6677.6,432.688
1495,12,17,1000.66,-11590.4,1210.01
1496,12,18,1317.96,-15926.9,1769.58
1497,12,19,1312.68,-15852.9,1711.73
1498,12,20,1011.03,-11529.3,2647.38
1499,12,21,696.721,-6919.4,3677.22
1500,12,22,402.518,-2506.35,4637.33
1501,12,23,194.689,680.362,5150.99
1502,12,24,57.1209,2835.59,5384.66
1503,12,25,-29.3538,4219.19,5455.14
1504,12,26,-67.8286,4847.61,5404.93
1505,12,27,-72.5765,4926.74,5319.26
1506,12,28,-50.5294,4551.94,5262.15
1507,12,29,15.2848,3411.16,5435.82
1508,12,30,101.832,1882.17,5857.52
1509,12,31,160.547,825.298,6042.98
1510,12,32,154.64,933.581,5972.82
1511,12,33,132.244,1351.64,5956.98
1512,12,34,89.2994,2167.59,6118
1513,12,35,49.6587,2933.98,6272.71
1514,12,36,19.1723,3533.54,6356.46
1515,12,37,-5.91248,4035.24,6408.1
1516,12,38,-18.536,4291.92,6380.81
1517,12,39,-23.6642,4397.9,6329.28
1518,12,40,-16.2113,4241.39,6289
1519,12,41,5.69366,3774.08,6381.56
1520,12,42,40.2044,3026.35,6722.37
1521,12,43,70.1809,2366.87,6986.55
1522,12,44,71.2941,2342.01,6933.49
1523,12,45,65.5853,2471.41,6896.1
1524,12,46,49.779,2834.95,6966.37
1525,12,47,33.0828,3224.53,7063.79
1526,12,48,19.1389,3554.53,7126.8
1527,12,49,7.00394,3845.77,7171.36
1528,12,50,-1.29211,4047.65,7171.9
1529,12,51,-4.72289,4132.27,7135.46
1530,12,52,-0.889024,4036.42,7103.62
1531,12,53,10.4389,3749.45,7175.38
1532,12,54,28.524,3285.27,7442.98
1533,12,55,44.3086,2874.87,7648.25
1534,12,56,47.1574,2799.85,7614.05
1535,12,57,46.1367,2827.07,7573.53
1536,12,58,37.8415,3051.04,7618.85
1537,12,59,27.9979,3320.1,7708.08
1538,12,60,19.1988,3563.54,7778.39
1539,12,61,11.7384,3772.43,7823.46
1540,12,62,6.70172,3915.13,7825.9
1541,12,63,3.63784,4002.97,7804.3
1542,12,64,4.57749,3975.72,7768.87
1543,12,65,11.7063,3766.6,7833.66
1544,12,66,23.0747,3429.34,8066.78
1545,12,67,32.3033,3152.48,8215.01
1546,12,68,34.0037,3100.9,8185.36
1547,12,69,32.7673,3138.82,8153.58
1548,12,70,27.3596,3306.46,8194.68
1549,12,71,21.04,3504.48,8269.5
1550,12,72,15.4836,3680.43,8324.17
1551,12,73,10.3074,3846.07,8371.5
1552,12,74,6.91033,3955.9,8374.93
1553,12,75,4.90671,4021.36,8355.59
1554,12,76,5.82662,3991,8326.29
1555,12,77,10.2966,3842,8369.98
1556,12,78,17.7016,3592.7,8553.88
1557,12,79,24.1477,3373.53,8690.98
1558,12,80,25.6727,3321.17,8669.19
1559,12,81,25.0309,3343.42,8639.91
1560,12,82,21.4899,3467.36,8668.4
1561,12,83,17.0595,3623.9,8734.76
1562,12,84,13.1144,3764.6,8784.58
1563,12,85,9.47405,3895.66,8825.76
1564,12,86,6.90623,3988.95,8833.13
1565,12,87,5.47923,4041.28,8815.89
1566,12,88,5.53573,4039.19,8787.15
1567,12,89,8.51249,3928.06,8816.03
1568,12,90,13.4794,3740.97,8952.96
1569,12,91,17.7131,3580.09,9048.52
1570,12,92,18.6962,3542.4,9027.4
1571,12,93,17.5606,3586.31,9009.44
1572,12,94,14.9031,3689.95,9037.51
1573,12,95,11.7529,3813.86,9091.24
1574,12,96,8.88003,3927.82,9134.02
1575,12,97,6.40514,4026.82,9161
1576,12,98,4.4016,4107.62,9171.11
1577,12,99,3.1771,4157.42,9159.16
1578,12,100,3.38973,4148.7,9133.77
1579,12,101,5.47613,4062.47,9153.06
1580,12,102,9.77831,3883.21,9323.69
1581,12,103,13.7865,3714.87,9471.94
1582,12,104,14.8416,3670.2,9458.79
1583,12,105,14.6296,3679.24,9434.06
1584,12,106,12.5506,3768.64,9461.17
1585,12,107,10.2655,3867.66,9501.44
1586,12,108,8.13378,3960.75,9535.3
1587,12,109,6.20284,4045.71,9560.44
1588,12,110,4.75374,4109.95,9565.09
1589,12,111,3.99179,4143.98,9549.37
1590,12,112,4.32606,4128.94,9527.3
1591,12,113,6.13143,4047.1,9553.77
1592,12,114,9.31623,3901.66,9689.89
1593,12,115,12.2409,3767.12,9803.8
1594,12,116,13.0608,3729.13,9791.48
1595,12,117,12.8909,3737.07,9768.8
1596,12,118,11.2314,3815.06,9794.57
1597,12,119,9.40286,3901.61,9832.68
1598,12,120,7.66694,3984.36,9866.51
1599,12,121,6.06887,4061.07,9893.27
1600,12,122,4.82444,4121.21,9901.69
1601,12,123,4.12961,4155.03,9889.42
1602,12,124,4.2693,4148.18,9867.88
1603,12,125,5.66296,4079.43,9888.65
1604,12,126,8.35758,3945.6,10029.5
1605,12,127,10.9681,3815.07,10162.9
1606,12,128,11.7525,3775.59,10155.4
1607,12,129,11.6689,3779.82,10134
1608,12,130,10.348,3847.19,10155.9
1609,12,131,8.85885,3923.63,10191.1
1610,12,132,7.37694,4000.2,10227.3
1611,12,133,5.98696,4072.48,10258
1612,13,17,1242.9,-15385.5,995.76
1613,13,18,1585.23,-20292.2,1421.78
1614,13,19,1502.07,-19072.6,1411.91
1615,13,20,1077.67,-12706.5,2685.89
1616,13,21,678.7,-6589.01,3772.21
1617,13,22,329.261,-1114.46,4689.82
1618,13,23,96.9636,2602.29,5132.25
1619,13,24,-47.2448,4957.69,5299.07
1620,13,25,-130.967,6353.07,5317.51
1621,13,26,-160.422,6853.8,5240.07
1622,13,27,-153.457,6733.08,5151.94
1623,13,28,-118.544,6116.28,5116.95
1624,13,29,-36.9853,4648.22,5356.54
1625,13,30,64.9856,2778.76,5849.54
1626,13,31,133.76,1494.97,6067.08
1627,13,32,129.941,1567.52,5990.86
1628,13,33,107.765,1996.26,5962.28
1629,13,34,63.1412,2873.86,6102.27
1630,13,35,22.3281,3690.13,6235.35
1631,13,36,-8.4213,4315.36,6299.89
1632,13,37,-33.3054,4829.63,6334.12
1633,13,38,-44.7928,5070.87,6296.41
1634,13,39,-48.3559,5146.88,6239.95
1635,13,40,-38.607,4935.66,6206.43
1636,13,41,-13.6468,4386.53,6321.67
1637,13,42,24.4541,3535.61,6697.12
1638,13,43,57.3806,2789.28,6985
1639,13,44,59.3635,2743.67,6931.14
1640,13,45,54.0318,2868.08,6889.14
1641,13,46,37.9752,3248.08,6949.85
1642,13,47,20.9994,3655.5,7036.93
1643,13,48,6.95225,3997.32,7090.4
1644,13,49,-5.17994,4296.58,7126.05
1645,13,50,-13.2714,4498.86,7119.71
1646,13,51,-16.2638,4574.67,7079.8
1647,13,52,-11.6612,4456.54,7051.18
1648,13,53,0.744774,4133.98,7134.61
1649,13,54,20.1527,3622.91,7421.25
1650,13,55,37.0609,3172.02,7640.44
1651,13,56,40.3686,3082.71,7607.43
1652,13,57,39.6042,3103.61,7565.43
1653,13,58,31.2324,3335.23,7605.2
1654,13,59,21.2512,3614.7,7688.01
1655,13,60,12.3665,3866.43,7752.15
1656,13,61,4.88051,4081.03,7791.58
1657,13,62,-0.0833133,4224.98,7789.67
1658,13,63,-3.00127,4310.58,7765.07
1659,13,64,-1.77013,4274.05,7730.12
1660,13,65,5.8672,4044.93,7802.41
1661,13,66,17.8729,3680.76,8048.05
1662,13,67,27.6263,3381.66,8204.9
1663,13,68,29.5544,3321.88,8176.03
1664,13,69,28.4308,3357.09,8142.84
1665,13,70,22.9862,3529.51,8180.02
1666,13,71,16.6005,3733.85,8250.4
1667,13,72,11.0069,3914.7,8300.88
1668,13,73,5.80777,4084.54,8344.14
1669,13,74,2.4463,4195.47,8344.51
1670,13,75,0.520785,4259.66,8323.09
1671,13,76,1.6065,4223.1,8294.4
1672,13,77,6.34384,4062.04,8342.85
1673,13,78,14.093,3795.98,8535.28
1674,13,79,20.8393,3562.11,8678.94
1675,13,80,22.5065,3503.76,8658.08
1676,13,81,21.9378,3523.85,8627.92
1677,13,82,18.384,3650.6,8653.62
1678,13,83,13.9163,3811.44,8716.69
1679,13,84,9.94894,3955.59,8763.4
1680,13,85,6.29557,4089.54,8801.57
1681,13,86,3.74426,4183.94,8806.56
1682,13,87,2.36353,4235.49,8787.78
1683,13,88,2.5035,4230.22,8758.84
1684,13,89,5.63634,4111.17,8790.97
1685,13,90,10.8044,3913.06,8933.83
1686,13,91,15.213,3742.6,9033.95
1687,13,92,16.2832,3700.86,9013.47
1688,13,93,15.1791,3744.28,8994.3
1689,13,94,12.5149,3849.97,9020.14
1690,13,95,9.34631,3976.71,9071.32
1691,13,96,6.46232,4093.03,9111.67
1692,13,97,3.98609,4193.73,9136.43
1693,13,98,1.99221,4275.48,9144.6
1694,13,99,0.794944,4324.97,9131.3
1695,13,100,1.06655,4313.65,9105.95
1696,13,101,3.25204,4221.86,9127.63
1697,13,102,7.69925,4033.59,9303.98
1698,13,103,11.8412,3856.87,9457.12
1699,13,104,12.9616,3808.69,9444.81
1700,13,105,12.7854,3816.33,9419.67
1701,13,106,10.7015,3907.33,9444.98
1702,13,107,8.40714,4008.28,9483.29
1703,13,108,6.26974,4103.04,9515.27
1704,13,109,4.33742,4189.35,9538.62
1705,13,110,2.89681,4254.17,9541.81
1706,13,111,2.15698,4287.71,9525.17
1707,13,112,2.53463,4270.47,9503.31
1708,13,113,4.41123,4184.14,9531.92
1709,13,114,7.6922,4032.12,9672.26
1710,13,115,10.7052,3891.52,9789.76
1711,13,116,11.5704,3850.85,9778.11
1712,13,117,11.4256,3857.7,9755.1
1713,13,118,9.76249,3936.98,9779.38
1714,13,119,7.92722,4025.07,9815.89
1715,13,120,6.18648,4109.21,9848.15
1716,13,121,4.58626,4187.09,9873.4
1717,13,122,3.34615,4247.85,9880.56
1718,13,123,2.66544,4281.43,9867.46
1719,13,124,2.83377,4273.07,9845.94
1720,13,125,4.27751,4200.89,9868.38
1721,13,126,7.04371,4061.66,10013
1722,13,127,9.72247,3925.93,10149.7
1723,13,128,10.5419,3884.14,10143
1724,13,129,10.4776,3887.44,10121.4
1725,13,130,9.15447,3955.8,10142
1726,13,131,7.66033,4033.5,10175.8
1727,13,132,6.1737,4111.3,10210.7
1728,13,133,4.78063,4184.67,10240.1
1729,14,18,1922.5,-25913.4,1013.61
1730,14,19,1699.2,-22489.5,1188.64
1731,14,20,1097.21,-13058.4,2774.88
1732,14,21,593.619,-5000.83,3838.55
1733,14,22,185.433,1666.2,4654.8
1734,14,23,-64.5576,5832.72,4990.3
1735,14,24,-205.618,8230.75,5071.88
1736,14,25,-276.899,9466.27,5032.69
1737,14,26,-288.434,9670.07,4935.48
1738,14,27,-262.187,9197.62,4862.14
1739,14,28,-208.121,8206.42,4873.87
1740,14,29,-105.171,6284.67,5215.79
1741,14,30,16.8186,3966.87,5809.92
1742,14,31,98.5862,2386.03,6072.58
1743,14,32,98.0684,2396.22,5991.06
1744,14,33,76.8617,2820.35,5948.55
1745,14,34,30.9312,3754.27,6064.44
1746,14,35,-10.664,4613.91,6173.29
1747,14,36,-41.2184,5255.55,6216.98
1748,14,37,-65.443,5772.34,6232.75
1749,14,38,-75.2785,5985.44,6185.07
1750,14,39,-76.7706,6018.27,6125.14
1751,14,40,-64.1947,5737.41,6101.76
1752,14,41,-35.624,5089.8,6245.26
1753,14,42,6.6202,4118.19,6661.78
1754,14,43,42.9308,3270.94,6977.31
1755,14,44,45.9738,3198.92,6923.22
1756,14,45,41.1457,3314.8,6876.67
1757,14,46,24.8971,3710.18,6927.3
1758,14,47,7.69198,4134.57,7003.47
1759,14,48,-6.39748,4486.81,7047.03
1760,14,49,-18.462,4792.44,7073.48
1761,14,50,-26.2729,4992.92,7060.23
1762,14,51,-28.7385,5057.03,7017.17
1763,14,52,-23.2601,4912.76,6992.72
1764,14,53,-9.65394,4549.93,7089.38
1765,14,54,11.208,3986.66,7396.92
1766,14,55,29.3472,3490.85,7631.27
1767,14,56,33.1676,3385.16,7599.77
1768,14,57,32.6958,3398.37,7556.44
1769,14,58,24.2589,3637.41,7590.53
1770,14,59,14.1469,3927.29,7666.76
1771,14,60,5.18652,4187.14,7724.61
1772,14,61,-2.31226,4407.11,7758.3
1773,14,62,-7.1851,4551.67,7752.08
1774,14,63,-9.9357,4634.18,7724.57
1775,14,64,-8.38434,4587.13,7690.38
1776,14,65,-0.198882,4336.11,7770.74
1777,14,66,12.4888,3942.79,8029.56
1778,14,67,22.8029,3619.61,8195.47
1779,14,68,24.9765,3550.78,8167.51
1780,14,69,23.9762,3582.79,8132.97
1781,14,70,18.4968,3759.96,8166.22
1782,14,71,12.0458,3970.69,8232.12
1783,14,72,6.41701,4156.44,8278.4
1784,14,73,1.19753,4330.42,8317.58
1785,14,74,-2.123,4442.22,8314.91
1786,14,75,-3.96323,4504.78,8291.48
1787,14,76,-2.7007,4461.44,8263.53
1788,14,77,2.31928,4287.41,8316.98
1789,14,78,10.4307,4003.51,8518.16
1790,14,79,17.4924,3754,8668.56
1791,14,80,19.3093,3689.2,8648.7
1792,14,81,18.8179,3706.88,8617.7
1793,14,82,15.2515,3836.46,8640.64
1794,14,83,10.7457,4001.68,8700.42
1795,14,84,6.75587,4149.3,8744.03
1796,14,85,3.08972,4286.17,8779.21
1797,14,86,0.556337,4381.59,8781.86
1798,14,87,-0.77555,4432.21,8761.58
1799,14,88,-0.548137,4423.49,8732.52
1800,14,89,2.74745,4296.06,8767.99
1801,14,90,8.12474,4086.34,8916.86
1802,14,91,12.7151,3905.79,9021.58
1803,14,92,13.8756,3859.76,9001.77
1804,14,93,12.8042,3902.61,8981.43
1805,14,94,10.1328,4010.36,9005.07
1806,14,95,6.94504,4140,9053.73
1807,14,96,4.04941,4258.72,9091.68
1808,14,97,1.57167,4361.13,9114.24
1809,14,98,-0.412312,4443.8,9120.51
1810,14,99,-1.5815,4492.9,9105.9
1811,14,100,-1.24902,4478.83,9080.63
1812,14,101,1.03877,4381.21,9104.73
1813,14,102,5.63565,4183.55,9286.81
1814,14,103,9.91549,3998.09,9444.81
1815,14,104,11.1028,3946.24,9433.36
1816,14,105,10.9632,3952.38,9407.83
1817,14,106,8.87367,4045.02,9431.36
1818,14,107,6.56941,4147.94,9467.76
1819,14,108,4.4257,4244.41,9497.88
1820,14,109,2.49154,4332.09,9519.48
1821,14,110,1.05929,4397.5,9521.23
1822,14,111,0.341864,4430.5,9503.71
1823,14,112,0.76381,4410.95,9482.09
1824,14,113,2.71336,4319.97,9512.83
1825,14,114,6.09292,4161.13,9657.35
1826,14,115,9.19639,4014.23,9778.4
1827,14,116,10.1077,3970.8,9767.43
1828,14,117,9.98825,3976.53,9744.09
1829,14,118,8.32079,4057.12,9766.92
1830,14,119,6.4781,4146.8,9801.86
1831,14,120,4.7319,4232.36,9832.58
1832,14,121,3.12898,4311.44,9856.36
1833,14,122,1.89286,4372.84,9862.28
1834,14,123,1.2262,4406.17,9848.38
1835,14,124,1.42349,4396.24,9826.9
1836,14,125,2.91819,4320.51,9850.99
1837,14,126,5.75741,4175.71,9999.26
1838,14,127,8.50574,4034.63,10139.3
1839,14,128,9.3606,3990.46,10133.3
1840,14,129,9.31552,3992.8,10111.4
1841,14,130,7.98965,4062.19,10130.9
1842,14,131,6.48994,4141.17,10163.4
1843,14,132,4.99798,4220.25,10196.9
1844,14,133,3.6013,4294.74,10225.1
1845,15,19,1842.5,-25021.1,1154.75
1846,15,20,992.086,-11131,2847.17
1847,15,21,374.643,-840.286,3772.19
1848,15,22,-80.8452,6903.01,4412.7
1849,15,23,-327.217,11173.4,4603.36
1850,15,24,-443.958,13235.9,4588.2
1851,15,25,-484.864,13972.2,4498.71
1852,15,26,-463.661,13583.5,4408.93
1853,15,27,-406.418,12514.9,4391.19
1854,15,28,-324.024,10949.4,4498.02
1855,15,29,-191.893,8394.91,5001.56
1856,15,30,-43.8147,5482.71,5737.51
1857,15,31,54.7059,3512.29,6061.23
1858,15,32,59.0062,3424.85,5976.18
1859,15,33,39.6789,3824.28,5919.37
1860,15,34,-7.12632,4807.19,6008.85
1861,15,35,-49.0584,5701.75,6091.58
1862,15,36,-78.9001,6348.32,6113.51
1863,15,37,-101.955,6855.51,6110.53
1864,15,38,-109.567,7025.52,6054.1
1865,15,39,-108.435,6999.88,5992.84
1866,15,40,-92.4564,6632.36,5983.53
1867,15,41,-59.6758,5867.48,6160.86
1868,15,42,-12.6962,4755.63,6623.94
1869,15,43,27.4507,3792.1,6970.05
1870,15,44,31.7286,3688.01,6916.3
1871,15,45,27.5081,3792.11,6865.42
1872,15,46,11.0962,4202.41,6905.84
1873,15,47,-6.31517,4643.5,6970.94
1874,15,48,-20.4095,5005.25,7004.52
1875,15,49,-32.3627,5316.04,7021.8
1876,15,50,-39.8353,5512.81,7001.85
1877,15,51,-41.701,5562.57,6956.08
1878,15,52,-35.2521,5388.45,6936.57
1879,15,53,-20.3332,4980.66,7047.45
1880,15,54,2.10582,4359.85,7376.77
1881,15,55,21.5739,3814.74,7626.65
1882,15,56,25.9464,3690.86,7596.83
1883,15,57,25.7884,3695.38,7552.3
1884,15,58,17.282,3942.07,7580.82
1885,15,59,7.0307,4242.78,7650.56
1886,15,60,-2.00987,4510.98,7702.22
1887,15,61,-9.52151,4736.33,7730.29
1888,15,62,-14.297,4881.18,7719.88
1889,15,63,-16.8696,4960.08,7689.64
1890,15,64,-14.9788,4901.46,7656.4
1891,15,65,-6.21376,4626.82,7744.97
1892,15,66,7.19325,4202.27,8016.92
1893,15,67,18.0964,3853.37,8191.73
1894,15,68,20.5248,3774.85,8164.73
1895,15,69,19.65,3803.43,8128.91
1896,15,70,14.1295,3985.61,8158.37
1897,15,71,7.60533,4203.08,8219.93
1898,15,72,1.93556,4393.96,8262.14
1899,15,73,-3.30894,4572.27,8297.35
1900,15,74,-6.58994,4684.92,8291.77
1901,15,75,-8.34405,4745.73,8266.44
1902,15,76,-6.89947,4695.17,8239.29
1903,15,77,-1.58684,4507.45,8297.67
1904,15,78,6.90016,4204.75,8507.36
1905,15,79,14.2878,3938.8,8664.23
1906,15,80,16.2568,3867.26,8645.33
1907,15,81,15.8419,3882.47,8613.56
1908,15,82,12.2581,4015.07,8633.85
1909,15,83,7.70844,4184.92,8690.48
1910,15,84,3.69142,4336.23,8731.12
1911,15,85,0.00831657,4476.19,8763.44
1912,15,86,-2.50984,4572.72,8763.84
1913,15,87,-3.79421,4622.38,8742.15
1914,15,88,-3.47907,4610.09,8713
1915,15,89,-0.0174395,4473.93,8751.69
1916,15,90,5.57412,4252.13,8906.29
1917,15,91,10.35,4061.1,9015.38
1918,15,92,11.6009,4010.65,8996.21
1919,15,93,10.5599,4052.98,8974.77
1920,15,94,7.87784,4162.95,8996.31
1921,15,95,4.66705,4295.66,9042.57
1922,15,96,1.75636,4416.94,9078.22
1923,15,97,-0.72583,4521.19,9098.69
1924,15,98,-2.70235,4604.86,9103.14
1925,15,99,-3.84516,4653.62,9087.29
1926,15,100,-3.4523,4636.73,9062.12
1927,15,101,-1.06127,4533.12,9088.54
1928,15,102,3.68781,4325.74,9276.01
1929,15,103,8.10759,4131.27,9438.59
1930,15,104,9.36147,4075.68,9427.93
1931,15,105,9.2571,4080.34,9402.04
1932,15,106,7.1592,4174.75,9423.89
1933,15,107,4.84226,4279.78,9458.47
1934,15,108,2.68969,4378.08,9486.82
1935,15,109,0.751358,4467.25,9506.77
1936,15,110,-0.674478,4533.31,9507.15
1937,15,111,-1.37095,4565.81,9488.8
1938,15,112,-0.905438,4543.93,9467.41
1939,15,113,1.11722,4448.2,9500.15
1940,15,114,4.59629,4282.36,9648.58
1941,15,115,7.79086,4129.02,9772.92
1942,15,116,8.74759,4082.78,9762.57
1943,15,117,8.65223,4087.42,9738.93
1944,15,118,6.9784,4169.44,9760.38
1945,15,119,5.12618,4260.81,9793.83
1946,15,120,3.37254,4347.91,9823.1
1947,15,121,1.76507,4428.28,9845.5
1948,15,122,0.531319,4490.38,9850.24
1949,15,123,-0.122593,4523.51,9835.58
1950,15,124,0.102806,4512.02,9814.14
1951,15,125,1.64824,4432.69,9839.77
1952,15,126,4.56083,4282.2,9991.43
1953,15,127,7.37898,4135.66,10134.6
1954,15,128,8.26861,4089.1,10129.2
1955,15,129,8.24173,4090.52,10107.1
1956,15,130,6.91152,4161.02,10125.4
1957,15,131,5.4046,4241.39,10156.7
1958,15,132,3.90576,4321.83,10189
1959,15,133,2.50395,4397.52,10215.9
1960,16,20,657.8,-4891,2777.41
1961,16,21,-54.0286,7447.36,3445.08
1962,16,22,-517.179,15629.7,3843.4
1963,16,23,-716.06,19209.5,3872
1964,16,24,-772.333,20241.2,3779.25
1965,16,25,-755.745,19931.6,3683.6
1966,16,26,-681.436,18519.7,3672.45
1967,16,27,-578.357,16526.8,3791.41
1968,16,28,-456.835,14136.9,4067.44
1969,16,29,-286.855,10737.3,4792.64
1970,16,30,-106.371,7067.48,5691.7
1971,16,31,12.2838,4615.27,6078.77
1972,16,32,22.0809,4409.53,5991.3
1973,16,33,4.70898,4780.13,5921.83
1974,16,34,-43.3421,5821.24,5986.96
1975,16,35,-85.8459,6756.32,6045.49
1976,16,36,-115.026,7408.01,6047.58
1977,16,37,-136.892,7903.64,6027.78
1978,16,38,-142.128,8024.08,5964.56
1979,16,39,-138.189,7932.16,5903.7
1980,16,40,-118.552,7467.4,5909.16
1981,16,41,-81.2421,6571.98,6118.34
1982,16,42,-29.185,5305.25,6622.17
1983,16,43,15.0074,4215.17,6993.35
1984,16,44,20.4384,4079.4,6939.48
1985,16,45,16.6892,4174.38,6884.82
1986,16,46,-0.0834677,4604.88,6916.74
1987,16,47,-17.8843,5067.7,6972.51
1988,16,48,-32.1317,5442.88,6997.58
1989,16,49,-44.0985,5762,7007
1990,16,50,-51.3275,5957.18,6981.29
1991,16,51,-52.6584,5993.56,6933.23
1992,16,52,-45.2686,5789.11,6917.91
1993,16,53,-29.0373,5334.63,7040.39
1994,16,54,-5.00121,4653.61,7386.74
1995,16,55,15.7956,4057.43,7648.16
1996,16,56,20.6632,3916.27,7619.24
1997,16,57,20.7494,3913.74,7573.48
1998,16,58,12.0817,4170.88,7597.61
1999,16,59,1.60078,4485.31,7662.17
2000,16,60,-7.60026,4764.41,7708.81
2001,16,61,-15.1954,4997.33,7732.25
2002,16,62,-19.9327,5144.18,7718.35
2003,16,63,-22.3777,5220.79,7685.76
2004,16,64,-20.1849,5151.36,7653.14
2005,16,65,-10.861,4852.99,7747.91
2006,16,66,3.25403,4396.6,8029.56
2007,16,67,14.728,4021.79,8210.66
2008,16,68,17.3752,3934.43,8184.06
2009,16,69,16.5846,3960.78,8147.09
2010,16,70,10.9748,4149.65,8173.62
2011,16,71,4.33035,4375.56,8231.79
2012,16,72,-1.42345,4573.11,8270.77
2013,16,73,-6.73297,4757.17,8302.8
2014,16,74,-10.0091,4871.83,8294.83
2015,16,75,-11.7077,4931.85,8267.89
2016,16,76,-10.1055,4874.71,8241.21
2017,16,77,-4.51807,4673.56,8303.14
2018,16,78,4.33141,4352.03,8518.92
2019,16,79,12.0302,4069.74,8680.26
2020,16,80,14.1292,3992.07,8661.85
2021,16,81,13.7662,4005.63,8629.33
2022,16,82,10.1374,4142.31,8647.6
2023,16,83,5.51632,4317.91,8701.82
2024,16,84,1.4464,4473.93,8740.13
2025,16,85,-2.27779,4617.93,8770.18
2026,16,86,-4.80248,4716.39,8768.77
2027,16,87,-6.05885,4765.81,8745.88
2028,16,88,-5.67302,4750.5,8716.54
2029,16,89,-2.05854,4605.92,8757.49
2030,16,90,3.73656,4372.19,8916.13
2031,16,91,8.68644,4170.89,9028.19
2032,16,92,10.0131,4116.5,9009.32
2033,16,93,8.98608,4158.95,8986.97
2034,16,94,6.27597,4271.87,9006.89
2035,16,95,3.02496,4408.41,9051.3
2036,16,96,0.0829494,4532.96,9085.16
2037,16,97,-2.41897,4639.71,9103.96
2038,16,98,-4.40231,4724.99,9106.96
2039,16,99,-5.53186,4773.94,9090.08
2040,16,100,-5.09007,4754.65,9064.88
2041,16,101,-2.60535,4645.32,9092.9
2042,16,102,2.2884,4428.36,9284.17
2043,16,103,6.84044,4225.04,9449.87
2044,16,104,8.15097,4166.07,9439.66
2045,16,105,8.07118,4169.68,9413.39
2046,16,106,5.95324,4266.4,9433.96
2047,16,107,3.61215,4374.09,9467.14
2048,16,108,1.43974,4474.75,9494.13
2049,16,109,-0.513239,4565.89,9512.77
2050,16,110,-1.94247,4633.06,9512.06
2051,16,111,-2.62703,4665.46,9493.02
2052,16,112,-2.12603,4641.58,9471.69
2053,16,113,-0.0371823,4541.32,9505.8
2054,16,114,3.5355,4368.64,9656.93
2055,16,115,6.81517,4209.03,9783.48
2056,16,116,7.81017,4160.27,9773.47
2057,16,117,7.73132,4164.16,9749.52
2058,16,118,6.04287,4248.02,9769.93
2059,16,119,4.17302,4341.51,9802.25
2060,16,120,2.40414,4430.55,9830.4
2061,16,121,0.784608,4512.6,9851.72
2062,16,122,-0.453878,4575.77,9855.53
2063,16,123,-1.10166,4609.02,9840.25
2064,16,124,-0.854156,4596.23,9818.75
2065,16,125,0.736772,4513.5,9845.42
2066,16,126,3.71827,4357.47,9999.41
2067,16,127,6.60179,4205.61,10144.6
2068,16,128,7.52092,4156.89,10139.5
2069,16,129,7.50669,4157.65,10117.2
2070,16,130,6.16612,4229.59,10134.7
2071,16,131,4.64607,4311.68,10165.1
2072,16,132,3.13457,4393.8,10196.4
2073,16,133,1.72208,4471.02,10222.4
2074,17,21,-892.5,23937.3,2380.18
2075,17,22,-1230.54,30134.8,2502.03
2076,17,23,-1282.43,31103.3,2417.29
2077,17,24,-1211.18,29749.5,2369.95
2078,17,25,-1093.38,27472.2,2437.82
2079,17,26,-936.685,24390.4,2710.4
2080,17,27,-768.455,21025.8,3133.74
2081,17,28,-594.997,17498.8,3680
2082,17,29,-377.61,13006.2,4664.51
2083,17,30,-158.378,8402.31,5714.49
2084,17,31,-16.9679,5385.56,6149.21
2085,17,32,-2.28971,5067.54,6057.84
2086,17,33,-18.8382,5431.6,5978.07
2087,17,34,-69.612,6565.55,6024.99
2088,17,35,-113.825,7567.7,6064.72
2089,17,36,-143.125,8241.61,6051.07
2090,17,37,-164.397,8737.97,6017.86
2091,17,38,-167.609,8813.98,5949.37
2092,17,39,-161.112,8658.04,5888.91
2093,17,40,-137.927,8093.89,5905.46
2094,17,41,-96.0831,7061.73,6136.78
2095,17,42,-38.88,5631.65,6666.1
2096,17,43,9.30403,4410.99,7050.2
2097,17,44,15.5304,4251.18,6994.68
2098,17,45,11.8611,4346.58,6936.88
2099,17,46,-5.7079,4809.23,6963.74
2100,17,47,-24.2944,5304.87,7013.74
2101,17,48,-39.0315,5702.77,7033.15
2102,17,49,-51.3055,6038.26,7037.1
2103,17,50,-58.5357,6238.3,7007.14
2104,17,51,-59.5308,6266.16,6957.02
2105,17,52,-51.3486,6034.33,6943.66
2106,17,53,-33.9113,5534.46,7072.36
2107,17,54,-8.35365,4793.29,7427.39
2108,17,55,13.6816,4146.92,7693.59
2109,17,56,18.8983,3992.16,7664.02
2110,17,57,19.0747,3986.87,7616.88
2111,17,58,10.0741,4259.89,7638.75
2112,17,59,-0.800966,4593.39,7700.66
2113,17,60,-10.3111,4888.2,7744.47
2114,17,61,-18.1233,5132.99,7765.08
2115,17,62,-22.9393,5285.49,7748.81
2116,17,63,-25.3603,5362.97,7714.45
2117,17,64,-22.9519,5285.09,7681.66
2118,17,65,-13.1345,4964.39,7779.24
2119,17,66,1.63606,4476.96,8065.27
2120,17,67,13.6234,4077.38,8248.6
2121,17,68,16.4149,3983.4,8221.49
2122,17,69,15.6308,4010.06,8183.52
2123,17,70,9.84852,4208.59,8208.62
2124,17,71,3.00339,4445.89,8265.18
2125,17,72,-2.90851,4652.8,8302.43
2126,17,73,-8.35222,4845.15,8332.66
2127,17,74,-11.6855,4964.04,8323.15
2128,17,75,-13.3849,5025.21,8295.02
2129,17,76,-11.6733,4963.03,8268.2
2130,17,77,-5.8513,4749.55,8331.54
2131,17,78,3.32666,4409.97,8549.89
2132,17,79,11.3017,4112.23,8712.77
2133,17,80,13.4891,4029.84,8694.07
2134,17,81,13.1347,4043.31,8660.87
2135,17,82,9.41505,4185.89,8678.16
2136,17,83,4.67755,4369.08,8731.27
2137,17,84,0.512597,4531.51,8768.4
2138,17,85,-3.29247,4681.18,8797.22
2139,17,86,-5.86031,4783.03,8794.7
2140,17,87,-7.12227,4833.51,8770.96
2141,17,88,-6.69619,4816.33,8741.24
2142,17,89,-2.95465,4664.17,8782.99
2143,17,90,3.0213,4419.16,8943.26
2144,17,91,8.12225,4208.32,9056.3
2145,17,92,9.49863,4150.97,9037.22
2146,17,93,8.45833,4194.66,9014.24
2147,17,94,5.69227,4311.76,9033.37
2148,17,95,2.37373,4453.35,9076.89
2149,17,96,-0.625551,4582.32,9109.83
2150,17,97,-3.17175,4692.65,9127.71
2151,17,98,-5.18511,4780.57,9129.84
2152,17,99,-6.32301,4830.64,9112.25
2153,17,100,-5.85187,4809.75,9086.81
2154,17,101,-3.29076,4695.35,9115.38
2155,17,102,1.73274,4469.3,9308.26
2156,17,103,6.4022,4257.62,9475.14
2157,17,104,7.75247,4195.95,9464.84
2158,17,105,7.67984,4199.29,9438.19
2159,17,106,5.52354,4299.2,9458.14
2160,17,107,3.14044,4410.41,9490.66
2161,17,108,0.931053,4514.25,9516.95
2162,17,109,-1.05298,4608.17,9534.88
2163,17,110,-2.50114,4677.19,9533.52
2164,17,111,-3.18835,4710.18,9513.98
2165,17,112,-2.66521,4684.9,9492.5
2166,17,113,-0.522183,4580.6,9527.06
2167,17,114,3.13331,4401.48,9679.26
2168,17,115,6.48736,4236.02,9806.6
2169,17,116,7.50881,4185.28,9796.5
2170,17,117,7.43437,4189.01,9772.24
2171,17,118,5.71863,4275.36,9792.16
2172,17,119,3.81877,4371.62,9823.95
2173,17,120,2.02269,4463.22,9851.55
2174,17,121,0.379577,4547.57,9872.3
2175,17,122,-0.874635,4612.37,9875.59
2176,17,123,-1.52666,4646.28,9859.88
2177,17,124,-1.2667,4632.67,9838.2
2178,17,125,0.360986,4546.95,9865.18
2179,17,126,3.40353,4385.69,10020.1
2180,17,127,6.34467,4228.83,10166.1
2181,17,128,7.2848,4178.38,10161
2182,17,129,7.2745,4178.93,10138.4
2183,17,130,5.91449,4252.83,10155.5
2184,17,131,4.37238,4337.13,10185.4
2185,17,132,2.83954,4421.44,10216.3
2186,17,133,1.40795,4500.65,10241.8
2187,18,22,-2000.5,46047.2,819.429
2188,18,23,-1813.03,42422.8,973.524
2189,18,24,-1569.82,37639.7,1385.91
2190,18,25,-1332.92,32901.6,1861.05
2191,18,26,-1088.17,27925,2461.88
2192,18,27,-855.994,23126.8,3082.2
2193,18,28,-635.082,18487.6,3730.09
2194,18,29,-374.783,12934.6,4758.63
2195,18,30,-122.258,7463.2,5793
2196,18,31,34.1934,4021.26,6187.98
2197,18,32,44.0071,3802.09,6084.64
2198,18,33,19.6029,4355.25,6006.95
2199,18,34,-41.6667,5764.45,6071.53
2200,18,35,-93.8968,6983.15,6122.61
2201,18,36,-128.379,7799.23,6112.91
2202,18,37,-153.253,8396.22,6080.58
2203,18,38,-157.832,8507.64,6008.72
2204,18,39,-151.633,8354.72,5943.32
2205,18,40,-127.257,7745.32,5951.83
2206,18,41,-82.8148,6619.45,6170.78
2207,18,42,-22.0969,5061.03,6682.65
2208,18,43,28.5026,3745.44,7047.37
2209,18,44,33.768,3606.78,6986.4
2210,18,45,28.5339,3746.36,6929.09
2211,18,46,8.60345,4284.48,6965.98
2212,18,47,-12.1762,4852.46,7025.88
2213,18,48,-28.646,5308.12,7051.82
2214,18,49,-42.3361,5691.45,7060.37
2215,18,50,-50.5481,5924.12,7032.12
2216,18,51,-52.0717,5967.8,6980.83
2217,18,52,-43.8482,5729.31,6962.73
2218,18,53,-25.8588,5201.63,7083.53
2219,18,54,0.645092,4415.34,7428.1
2220,18,55,23.3665,3733.7,7683.62
2221,18,56,28.354,3582.41,7649.76
2222,18,57,28.0665,3591.23,7601.56
2223,18,58,18.1882,3897.46,7629.67
2224,18,59,6.40888,4266.54,7699.1
2225,18,60,-3.87889,4592.32,7748.77
2226,18,61,-12.3386,4863.03,7773.61
2227,18,62,-17.6257,5033.98,7759.32
2228,18,63,-20.383,5124.06,7725.43
2229,18,64,-18.084,5048.19,7690.52
2230,18,65,-8.0603,4714.07,7782.87
2231,18,66,7.10602,4203.47,8062.07
2232,18,67,19.3541,3787.03,8238.82
2233,18,68,22.0303,3695.15,8209.16
2234,18,69,21,3730.86,8171.17
2235,18,70,14.797,3947.97,8200.57
2236,18,71,7.51504,4205.27,8262.24
2237,18,72,1.2241,4429.64,8303.48
2238,18,73,-4.56162,4637.93,8337.11
2239,18,74,-8.14487,4768.12,8329.23
2240,18,75,-10.0249,4837.06,8301.57
2241,18,76,-8.36926,4775.8,8273.19
2242,18,77,-2.4633,4555.31,8333.03
2243,18,78,6.90449,4202.45,8546.73
2244,18,79,15.0214,3894.01,8705.04
2245,18,80,17.1602,3812.02,8684.36
2246,18,81,16.6799,3830.59,8650.99
2247,18,82,12.7368,3984.38,8671.12
2248,18,83,7.75504,4180.33,8727.97
2249,18,84,3.37389,4354.11,8768.12
2250,18,85,-0.627247,4514.16,8799.52
2251,18,86,-3.34677,4623.84,8798.44
2252,18,87,-4.7166,4679.55,8775.13
2253,18,88,-4.34628,4664.37,8744.71
2254,18,89,-0.566081,4508.12,8784.02
2255,18,90,5.50815,4255.03,8940.99
2256,18,91,10.6797,4037.82,9050.89
2257,18,92,12.0246,3980.88,9030.46
2258,18,93,10.8905,4029.28,9008
2259,18,94,7.98941,4154.02,9029.26
2260,18,95,4.52688,4304.06,9075.41
2261,18,96,1.39715,4440.73,9110.55
2262,18,97,-1.26327,4557.79,9130.13
2263,18,98,-3.37346,4651.34,9133.46
2264,18,99,-4.58331,4705.38,9116.35
2265,18,100,-4.14273,4685.55,9090.28
2266,18,101,-1.56133,4568.53,9117.08
2267,18,102,3.53967,4335.58,9307.33
2268,18,103,8.2757,4117.73,9471.56
2269,18,104,9.61395,4055.72,9460.01
2270,18,105,9.49736,4061.16,9433.15
2271,18,106,7.25175,4166.71,9454.81
2272,18,107,4.77729,4283.83,9489.23
2273,18,108,2.48337,4393.17,9517.19
2274,18,109,0.42246,4492.1,9536.52
2275,18,110,-1.08857,4565.13,9536.05
2276,18,111,-1.82046,4600.75,9516.75
2277,18,112,-1.3151,4575.99,9494.66
2278,18,113,0.844445,4469.45,9527.71
2279,18,114,4.54713,4285.55,9677.83
2280,18,115,7.94078,4115.87,9803.11
2281,18,116,8.95351,4064.89,9792.03
2282,18,117,8.84868,4070.2,9767.61
2283,18,118,7.07096,4160.87,9788.95
2284,18,119,5.10733,4261.67,9822.32
2285,18,120,3.25135,4357.56,9851.35
2286,18,121,1.55301,4445.87,9873.33
2287,18,122,0.252561,4513.93,9877.44
2288,18,123,-0.43303,4550.04,9862.03
2289,18,124,-0.18866,4537.09,9839.96
2290,18,125,1.44921,4449.73,9865.74
2291,18,126,4.52761,4284.53,10018.9
2292,18,127,7.50179,4123.92,10163.1
2293,18,128,8.43801,4073.05,10157.1
2294,18,129,8.40693,4074.75,10134.4
2295,18,130,7.00281,4151.98,10152.6
2296,18,131,5.41455,4239.86,10183.9
2297,18,132,3.83693,4327.68,10216
2298,18,133,2.36346,4410.2,10242.7
2299,19,23,-1934.6,45056.8,940.203
2300,19,24,-1569.8,37639.2,1440.36
2301,19,25,-1265.21,31344.4,1886.03
2302,19,26,-976.202,25275.2,2409.98
2303,19,27,-717.317,19752.3,2933.18
2304,19,28,-479.958,14609.5,3475.85
2305,19,29,-200.536,8462.24,4391.79
2306,19,30,65.035,2531.14,5307.68
2307,19,31,216.742,-907.544,5596.96
2308,19,32,201.879,-565.703,5499.11
2309,19,33,153.171,570.81,5473.39
2310,19,34,67.5471,2597.25,5649.33
2311,19,35,-3.67647,4306.62,5785.49
2312,19,36,-52.0144,5482.84,5826.83
2313,19,37,-87.5456,6359.28,5829.4
2314,19,38,-99.1534,6649.47,5765.56
2315,19,39,-97.9519,6619.04,5695.8
2316,19,40,-76.24,6061.76,5682.39
2317,19,41,-32.3696,4921.13,5867.08
2318,19,42,29.2043,3299.68,6342.28
2319,19,43,79.7477,1951.86,6671.13
2320,19,44,81.4762,1905.19,6606.56
2321,19,45,72.3205,2155.45,6561.32
2322,19,46,47.8388,2832.77,6638.42
2323,19,47,22.9202,3530.5,6738.61
2324,19,48,3.01268,4094.54,6794.36
2325,19,49,-13.6032,4570.86,6826.53
2326,19,50,-24.1243,4875.97,6811.85
2327,19,51,-27.3416,4970.35,6763.77
2328,19,52,-20.0891,4755.19,6736.89
2329,19,53,-2.42941,4225.4,6841.25
2330,19,54,24.2453,3416.27,7167.26
2331,19,55,46.9192,2720.94,7404.72
2332,19,56,50.9296,2596.61,7365.23
2333,19,57,49.4696,2642.36,7318.98
2334,19,58,38.0272,3004.7,7368.26
2335,19,59,24.7056,3430.99,7462.79
2336,19,60,13.0566,3807.64,7533.19
2337,19,61,3.41574,4122.58,7574.16
2338,19,62,-2.82777,4328.62,7569.41
2339,19,63,-6.36535,4446.53,7540.47
2340,19,64,-4.57576,4386.29,7502.9
2341,19,65,5.29961,4050.52,7585.29
2342,19,66,20.5412,3527.23,7853.05
2343,19,67,32.7408,3104.31,8018.87
2344,19,68,34.9886,3025.64,7985.92
2345,19,69,33.4098,3081.42,7950.45
2346,19,70,26.4908,3328.2,7993.43
2347,19,71,18.4928,3616.12,8071.04
2348,19,72,11.5623,3867.93,8125.39
2349,19,73,5.19026,4101.58,8170.65
2350,19,74,1.13076,4251.78,8169.5
2351,19,75,-1.14072,4336.58,8145.31
2352,19,76,0.26568,4283.6,8114.82
2353,19,77,6.07914,4062.69,8168.25
2354,19,78,15.4744,3702.54,8374.16
2355,19,79,23.5765,3389.26,8524.97
2356,19,80,25.5083,3313.92,8501.46
2357,19,81,24.7477,3343.84,8469.34
2358,19,82,20.4293,3515.13,8498.2
2359,19,83,15.0576,3730,8566.29
2360,19,84,10.3224,3920.99,8615.89
2361,19,85,5.99437,4096.99,8655.63
2362,19,86,3.00011,4219.76,8659.89
2363,19,87,1.40661,4285.62,8639.16
2364,19,88,1.61256,4277.04,8608.33
2365,19,89,5.33139,4120.85,8643.23
2366,19,90,11.4105,3863.5,8794.6
2367,19,91,16.5621,3643.7,8899.22
2368,19,92,17.7844,3591.14,8876.93
2369,19,93,16.4664,3648.26,8856.88
2370,19,94,13.3422,3784.68,8884.63
2371,19,95,9.65072,3947.1,8938.64
2372,19,96,6.30936,4095.24,8980.63
2373,19,97,3.45723,4222.63,9005.81
2374,19,98,1.17627,4325.28,9013.39
2375,19,99,-0.17579,4386.57,8998.61
2376,19,100,0.168033,4370.87,8971.94
2377,19,101,2.70776,4254.04,8995.56
2378,19,102,7.82857,4016.78,9181.46
2379,19,103,12.5751,3795.27,9341.38
2380,19,104,13.8445,3735.61,9327.93
2381,19,105,13.628,3745.86,9301.43
2382,19,106,11.2375,3859.81,9328.2
2383,19,107,8.61782,3985.55,9368.25
2384,19,108,6.18759,4103.01,9401.3
2385,19,109,3.99997,4209.47,9425.07
2386,19,110,2.37832,4288.94,9427.7
2387,19,111,1.55613,4329.5,9409.83
2388,19,112,2.0004,4307.43,9387.01
2389,19,113,4.13561,4200.67,9417.37
2390,19,114,7.84687,4013.87,9564.04
2391,19,115,11.2425,3841.83,9685.94
2392,19,116,12.2085,3792.56,9673.37
2393,19,117,12.0358,3801.43,9649.25
2394,19,118,10.1588,3898.41,9674.73
2395,19,119,8.0951,4005.72,9712.69
2396,19,120,6.14414,4107.82,9745.95
2397,19,121,4.35665,4201.96,9771.72
2398,19,122,2.97728,4275.06,9778.59
2399,19,123,2.22673,4315.09,9764.55
2400,19,124,2.42552,4304.42,9742.12
2401,19,125,4.04514,4216.96,9765.78
2402,19,126,7.13247,4049.22,9916.12
2403,19,127,10.1134,3886.26,10057.5
2404,19,128,11.0192,3836.44,10050.1
2405,19,129,10.941,3840.77,10027.5
2406,19,130,9.4666,3922.85,10049
2407,19,131,7.80662,4015.8,10084.1
2408,19,132,6.15936,4108.6,10119.9
2409,19,133,4.61987,4195.84,10149.9
2410,20,24,-1198.4,29220.8,912.842
2411,20,25,-916.086,23198.1,1232.84
2412,20,26,-644.25,17308.3,1646.37
2413,20,27,-403.631,12014.7,2062.75
2414,20,28,-183.233,7092.49,2505.68
2415,20,29,92.7273,837.382,3354.74
2416,20,30,353.264,-5154.95,4181.44
2417,20,31,482.217,-8163.86,4362.14
2418,20,32,424.225,-6791.4,4347.9
2419,20,33,336.796,-4693.08,4480.58
2420,20,34,215.271,-1736,4901.17
2421,20,35,116.679,695.941,5207.15
2422,20,36,48.4951,2400.55,5348.37
2423,20,37,-2.1517,3683.6,5418.62
2424,20,38,-23.9702,4243.61,5378.76
2425,20,39,-30.1669,4404.72,5313.46
2426,20,40,-12.8429,3948.52,5279.37
2427,20,41,29.2524,2825.98,5427.82
2428,20,42,90.8221,1163.6,5866.27
2429,20,43,140.443,-192.692,6158.5
2430,20,44,137.454,-110.003,6097.43
2431,20,45,123.288,286.644,6075.94
2432,20,46,93.2173,1138.64,6213.08
2433,20,47,63.2775,1996.92,6370.96
2434,20,48,39.2138,2694.77,6468.98
2435,20,49,19.0768,3285.45,6534.32
2436,20,50,5.76855,3680.26,6539.54
2437,20,51,0.481855,3838.86,6498.22
2438,20,52,6.48763,3656.69,6463.46
2439,20,53,23.6228,3131.21,6550.95
2440,20,54,50.3331,2303.19,6858.08
2441,20,55,72.8172,1598.69,7077.09
2442,20,56,75.6446,1509.15,7033.38
2443,20,57,72.807,1599.96,6991.76
2444,20,58,59.581,2027.6,7068.28
2445,20,59,44.5156,2519.73,7194.09
2446,20,60,31.3321,2954.79,7290.09
2447,20,61,20.3618,3320.47,7350.96
2448,20,62,13.0397,3566.98,7358.3
2449,20,63,8.62008,3717.24,7336.09
2450,20,64,9.82319,3675.94,7296.6
2451,20,65,19.5019,3340.41,7368.91
2452,20,66,34.7877,2805.41,7625.04
2453,20,67,46.902,2377.37,7779.75
2454,20,68,48.6636,2314.54,7744.14
2455,20,69,46.4746,2393.34,7712.45
2456,20,70,38.7719,2673.2,7771.44
2457,20,71,29.994,2995.06,7867.51
2458,20,72,22.3679,3277.23,7936.95
2459,20,73,15.3597,3538.87,7995.55
2460,20,74,10.7828,3711.27,8002.29
2461,20,75,8.08544,3813.76,7982.38
2462,20,76,9.21746,3770.37,7950.16
2463,20,77,14.9227,3549.77,7997.16
2464,20,78,24.3367,3182.62,8195.19
2465,20,79,32.4134,2864.94,8338.4
2466,20,80,34.1188,2797.29,8312.35
2467,20,81,33.056,2839.8,8282.07
2468,20,82,28.3366,3030.15,8320.74
2469,20,83,22.55,3265.47,8401.24
2470,20,84,17.4385,3475.04,8461.26
2471,20,85,12.7638,3668.27,8510.17
2472,20,86,9.47805,3805.17,8520.36
2473,20,87,7.64715,3882.07,8502.65
2474,20,88,7.67819,3880.75,8471.68
2475,20,89,11.33,3724.95,8502.2
2476,20,90,17.4114,3463.45,8647.94
2477,20,91,22.5394,3241.23,8747.25
2478,20,92,23.6313,3193.55,8723.28
2479,20,93,22.1197,3260.06,8706.03
2480,20,94,18.7615,3408.94,8740.81
2481,20,95,14.8302,3584.54,8803.23
2482,20,96,11.2675,3744.86,8852.54
2483,20,97,8.21515,3883.23,8883.7
2484,20,98,5.75599,3995.54,8895.87
2485,20,99,4.25564,4064.55,8883.66
2486,20,100,4.49853,4053.3,8856.55
2487,20,101,6.99458,3936.82,8877.03
2488,20,102,12.1355,3695.19,9058.53
2489,20,103,16.8925,3470.03,9214.12
2490,20,104,18.0902,3412.94,9198.88
2491,20,105,17.7699,3428.31,9172.91
2492,20,106,15.2292,3551.11,9205.07
2493,20,107,12.4593,3685.91,9251.04
2494,20,108,9.88812,3811.9,9289.42
2495,20,109,7.56965,3926.28,9317.84
2496,20,110,5.83391,4012.49,9323.74
2497,20,111,4.91872,4058.25,9307.43
2498,20,112,5.30023,4039.05,9283.96
2499,20,113,7.41066,3932.12,9311.67
2500,20,114,11.1311,3742.37,9454.88
2501,20,115,14.529,3567.95,9573.4
2502,20,116,15.4472,3520.51,9559.41
2503,20,117,15.2049,3533.11,9535.71
2504,20,118,13.2259,3636.68,9565.48
2505,20,119,11.0596,3750.77,9608.18
2506,20,120,9.01133,3859.33,9645.81
2507,20,121,7.13258,3959.53,9675.46
2508,20,122,5.67252,4037.88,9685.19
2509,20,123,4.8557,4081.99,9672.61
2510,20,124,5.00821,4073.7,9649.88
2511,20,125,6.60966,3986.16,9671.45
2512,20,126,9.70676,3815.82,9818.95
2513,20,127,12.6953,3650.45,9957.5
2514,20,128,13.5703,3601.75,9948.78
2515,20,129,13.4443,3608.8,9926.39
2516,20,130,11.8982,3695.9,9951.28
2517,20,131,10.1652,3794.1,9990.15
2518,20,132,8.44699,3892.04,10029.7
2519,20,133,6.84036,3984.15,10063.2
2520,21,25,-616.2,16100.8,852.367
2521,21,26,-353.714,10238.6,1148.71
2522,21,27,-127.357,5107.86,1457.88
2523,21,28,79.0714,360,1803.79
2524,21,29,358.067,-6149.89,2588.44
2525,21,30,617.642,-12293.2,3323.22
2526,21,31,721.973,-14797.1,3407.77
2527,21,32,614.357,-12178.5,3565.4
2528,21,33,484.225,-8968.54,3917.61
2529,21,34,324.279,-4969.89,4583.81
2530,21,35,198.007,-1771,5029.31
2531,21,36,111.134,458.749,5242.56
2532,21,37,47.1593,2122.09,5356.19
2533,21,38,17.4376,2904.76,5330.9
2534,21,39,6.22982,3203.63,5268.17
2535,21,40,21.6466,2787.38,5221.39
2536,21,41,64.4662,1616.98,5343.88
2537,21,42,128.432,-152.743,5748.93
2538,21,43,179.097,-1571.36,6009.61
2539,21,44,172.638,-1388.35,5952.04
2540,21,45,154.524,-869.087,5946.86
2541,21,46,119.737,139.719,6120.05
2542,21,47,85.6154,1140.63,6309.79
2543,21,48,58.2373,1952.85,6429.53
2544,21,49,35.3995,2637.98,6510.72
2545,21,50,20.1159,3101.59,6524.69
2546,21,51,13.5625,3302.56,6485.69
2547,21,52,19.1261,3130.08,6446.01
2548,21,53,36.5338,2584.64,6522.84
2549,21,54,64.0558,1713.11,6815.54
2550,21,55,87.0406,977.599,7020.68
2551,21,56,89.2349,906.652,6973.95
2552,21,57,85.5092,1028.36,6934.44
2553,21,58,70.9186,1509.85,7024.47
2554,21,59,54.4992,2057.16,7164.96
2555,21,60,40.1573,2540,7272.32
2556,21,61,28.2214,2945.82,7341.52
2557,21,62,20.1764,3222.04,7353.51
2558,21,63,15.2193,3393.88,7333.54
2559,21,64,16.1771,3360.36,7292.45
2560,21,65,26.0036,3013.16,7358.78
2561,21,66,41.6713,2454.34,7606.81
2562,21,67,54.0082,2010.21,7754
2563,21,68,55.5471,1954.3,7716.42
2564,21,69,52.9878,2048.14,7686.1
2565,21,70,44.7165,2354.18,7752.05
2566,21,71,35.3612,2703.44,7855.83
2567,21,72,27.2354,3009.52,7931.29
2568,21,73,19.779,3292.86,7994.95
2569,21,74,14.8689,3481.08,8004.41
2570,21,75,11.9249,3594.91,7985.71
2571,21,76,12.9602,3554.54,7952.19
2572,21,77,18.7343,3327.42,7995.58
2573,21,78,28.3415,2946.34,8188.59
2574,21,79,36.5562,2617.75,8326.96
2575,21,80,38.1804,2552.24,8299.19
2576,21,81,36.9496,2602.29,8269.33
2577,21,82,31.9524,2807.18,8311.89
2578,21,83,25.8672,3058.7,8397.21
2579,21,84,20.4924,3282.65,8461.08
2580,21,85,15.5798,3488.98,8513.25
2581,21,86,12.1092,3635.9,8525.37
2582,21,87,10.1451,3719.7,8508.42
2583,21,88,10.1036,3721.49,8476.98
2584,21,89,13.7909,3561.7,8505.12
2585,21,90,19.9758,3291.63,8647.55
2586,21,91,25.176,3062.82,8743.72
2587,21,92,26.225,3016.31,8718.6
2588,21,93,24.6009,3088.86,8702.21
2589,21,94,21.0849,3247.08,8739.54
2590,21,95,16.9868,3432.86,8804.95
2591,21,96,13.2736,3602.43,8856.77
2592,21,97,10.0899,3748.88,8889.87
2593,21,98,7.51957,3867.97,8903.42
2594,21,99,5.93659,3941.84,8891.84
2595,21,100,6.14353,3932.12,8864.22
2596,21,101,8.66059,3812.98,8883.06
2597,21,102,13.8863,3563.89,9062.03
2598,21,103,18.7157,3332.07,9215.06
2599,21,104,19.8985,3274.9,9198.72
2600,21,105,19.5281,3292.93,9172.69
2601,21,106,16.8874,3422.32,9206.71
2602,21,107,14.0157,3563.99,9254.7
2603,21,108,11.3508,3696.35,9294.82
2604,21,109,8.94733,3816.52,9324.7
2605,21,110,7.1424,3907.37,9331.53
2606,21,111,6.17834,3956.22,9315.54
2607,21,112,6.54076,3937.74,9291.55
2608,21,113,8.6699,3828.44,9317.9
2609,21,114,12.4427,3633.51,9459.18
2610,21,115,15.8845,3454.54,9575.78
2611,21,116,16.7936,3406.96,9560.94
2612,21,117,16.5185,3421.45,9537.17
2613,21,118,14.4724,3529.9,9568.37
2614,21,119,12.2371,3649.11,9612.64
2615,21,120,10.1243,3762.49,9651.67
2616,21,121,8.18634,3867.15,9682.52
2617,21,122,6.67698,3949.15,9693.06
2618,21,123,5.8248,3995.74,9680.78
2619,21,124,5.96161,3988.22,9657.73
2620,21,125,7.5754,3898.92,9678.23
2621,21,126,10.7127,3724.28,9824.17
2622,21,127,13.7383,3554.84,9961.12
2623,21,128,14.6102,3505.73,9951.63
2624,21,129,14.4628,3514.08,9929.13
2625,21,130,12.8701,3604.86,9955.11
2626,21,131,11.0883,3707.02,9995.22
2627,21,132,9.32296,3808.82,10036
2628,21,133,7.67239,3904.55,10070.5
2629,22,26,-14.9,1881.2,497.595
2630,22,27,173.971,-2525.8,752.221
2631,22,28,353.286,-6769.57,1044.51
2632,22,29,633.476,-13494.1,1830.86
2633,22,30,889.533,-19724.9,2494.01
2634,22,31,960.352,-21471.7,2499.96
2635,22,32,789.827,-17208.6,2975.27
2636,22,33,608.762,-12621.6,3603.69
2637,22,34,405.049,-7393,4489.76
2638,22,35,249.2,-3340.91,5033.08
2639,22,36,143.918,-568.485,5286.35
2640,22,37,67.8485,1460.03,5417.88
2641,22,38,32.1961,2422.65,5394.99
2642,22,39,18.1032,2807.85,5329.81
2643,22,40,33.893,2371,5275.79
2644,22,41,79.7699,1086.45,5385.81
2645,22,42,148.37,-857.225,5771.99
2646,22,43,201.828,-2389.69,6012.21
2647,22,44,192.831,-2128.77,5955.81
2648,22,45,171.525,-1503.79,5958.72
2649,22,46,132.595,-348.883,6148.97
2650,22,47,94.8595,783.194,6351.62
2651,22,48,64.7686,1695.95,6478.23
2652,22,49,39.8331,2460.64,6562.92
2653,22,50,23.1897,2976.59,6577.42
2654,22,51,15.9944,3202.04,6537.1
2655,22,52,21.7601,3019.46,6494.76
2656,22,53,40.0911,2432.87,6567.95
2657,22,54,69.0655,1496.03,6855.48
2658,22,55,93.1077,710.647,7054.2
2659,22,56,95.0807,645.539,7005.11
2660,22,57,90.8233,787.452,6965.5
2661,22,58,75.1567,1314.89,7060
2662,22,59,57.6501,1910.12,7204.84
2663,22,60,42.4111,2433.32,7314.74
2664,22,61,29.7658,2871.7,7385.08
2665,22,62,21.253,3169.64,7396.94
2666,22,63,16.0085,3354.95,7376.21
2667,22,64,16.9742,3320.51,7333.83
2668,22,65,27.2111,2951.98,7398.62
2669,22,66,43.5215,2359.37,7644.75
2670,22,67,56.3143,1890.29,7789.28
2671,22,68,57.8205,1834.57,7750.28
2672,22,69,55.0599,1937.63,7719.66
2673,22,70,46.3664,2265.08,7787.14
2674,22,71,36.5709,2637.31,7892.46
2675,22,72,28.079,2962.84,7968.67
2676,22,73,20.3034,3263.49,8032.61
2677,22,74,15.1882,3462.99,8041.7
2678,22,75,12.1233,3583.54,8022.35
2679,22,76,13.1891,3541.26,7987.98
2680,22,77,19.1612,3302.38,8030.61
2681,22,78,29.0905,2901.89,8222.9
2682,22,79,37.5627,2557.36,8360.04
2683,22,80,39.2078,2489.91,8331.27
2684,22,81,37.9017,2543.9,8300.95
2685,22,82,32.7095,2760.24,8344
2686,22,83,26.4036,3025.09,8429.95
2687,22,84,20.8411,3260.56,8494.05
2688,22,85,15.7641,3477.18,8546.19
2689,22,86,12.181,3631.26,8557.95
2690,22,87,10.1552,3719.04,8540.47
2691,22,88,10.1122,3720.92,8508.43
2692,22,89,13.9077,3553.92,8536.16
2693,22,90,20.2684,3271.92,8678.32
2694,22,91,25.6089,3033.39,8773.91
2695,22,92,26.6753,2985.4,8748.14
2696,22,93,24.9936,3061.63,8731.47
2697,22,94,21.3704,3227.09,8768.87
2698,22,95,17.1539,3421.05,8834.39
2699,22,96,13.3372,3597.89,8886.12
2700,22,97,10.068,3750.45,8918.97
2701,22,98,7.43152,3874.37,8932.14
2702,22,99,5.8102,3951.11,8920.1
2703,22,100,6.02558,3940.84,8892.04
2704,22,101,8.60852,3816.86,8910.67
2705,22,102,13.9645,3557.99,9089.83
2706,22,103,18.9098,3317.32,9242.74
2707,22,104,20.1164,3258.19,9225.92
2708,22,105,19.732,3277.16,9199.52
2709,22,106,17.0244,3411.64,9233.51
2710,22,107,14.0828,3558.72,9281.44
2711,22,108,11.355,3696.02,9321.42
2712,22,109,8.89684,3820.56,9351.05
2713,22,110,7.05249,3914.63,9357.55
2714,22,111,6.069,3965.11,9341.18
2715,22,112,6.44179,3945.85,9316.87
2716,22,113,8.61937,3832.62,9343.09
2717,22,114,12.4744,3630.87,9484.49
2718,22,115,15.9888,3445.78,9601.02
2719,22,116,16.9148,3396.7,9585.82
2720,22,117,16.6315,3411.81,9561.75
2721,22,118,14.5408,3524.01,9592.88
2722,22,119,12.2585,3647.25,9637.06
2723,22,120,10.1026,3764.39,9675.94
2724,22,121,8.1263,3872.43,9706.58
2725,22,122,6.58825,3957.02,9716.84
2726,22,123,5.7211,4005,9704.25
2727,22,124,5.86257,3997.13,9680.92
2728,22,125,7.5093,3904.91,9701.34
2729,22,126,10.7076,3724.74,9847.48
2730,22,127,13.7904,3550.05,9984.49
2731,22,128,14.6776,3499.48,9974.72
2732,22,129,14.5263,3508.16,9951.96
2733,22,130,12.9031,3601.76,9977.84
2734,22,131,11.0884,3707.01,10017.9
2735,22,132,9.29122,3811.85,10058.5
2736,22,133,7.61174,3910.38,10092.8
2737,23,27,364.3,-7410.9,491.768
2738,23,28,539.943,-11684.9,717.384
2739,23,29,846.857,-19255.4,1462.17
2740,23,30,1113.58,-25923.6,2027.98
2741,23,31,1150.35,-26855,1985.08
2742,23,32,907.721,-20627.5,2798.9
2743,23,33,672.3,-14506.6,3603.31
2744,23,34,424.045,-7969.21,4572.91
2745,23,35,241.297,-3095.91,5125.66
2746,23,36,122.103,122.31,5363.95
2747,23,37,38.8,2399.27,5474.52
2748,23,38,2.32206,3408.49,5435.67
2749,23,39,-9.91422,3751.11,5360.82
2750,23,40,10.743,3165.82,5309.3
2751,23,41,63.886,1642.39,5434.11
2752,23,42,140.935,-592.024,5837.66
2753,23,43,200.192,-2330.25,6082.26
2754,23,44,190.526,-2043.47,6021.7
2755,23,45,167.567,-1354.72,6020.17
2756,23,46,125.723,-85.46,6204.31
2757,23,47,85.5185,1147.49,6398.27
2758,23,48,53.8315,2129.79,6515.12
2759,23,49,27.859,2943.6,6589.79
2760,23,50,10.882,3481.2,6595.85
2761,23,51,4.03941,3700.16,6550.38
2762,23,52,10.9864,3475.54,6509.31
2763,23,53,31.1952,2815.39,6590.94
2764,23,54,62.5365,1781.13,6891.54
2765,23,55,88.4315,917.96,7097.69
2766,23,56,90.7956,838.369,7047.29
2767,23,57,86.5398,983.066,7004.99
2768,23,58,70.2408,1542.66,7094.57
2769,23,59,52.0536,2173.15,7233.54
2770,23,60,36.3071,2724.28,7337.35
2771,23,61,23.3263,3182.94,7401.75
2772,23,62,14.7098,3490.26,7408.73
2773,23,63,9.52875,3676.78,7384.35
2774,23,64,10.849,3628.81,7341.5
2775,23,65,21.8469,3225.55,7411.92
2776,23,66,39.1425,2585.61,7667.34
2777,23,67,52.6986,2079.52,7817.39
2778,23,68,54.4274,2014.4,7777.92
2779,23,69,51.6937,2118.28,7745.35
2780,23,70,42.7783,2460.04,7809.14
2781,23,71,32.7294,2848.6,7910.25
2782,23,72,24.0515,3187.03,7982.32
2783,23,73,16.1289,3498.66,8042.14
2784,23,74,10.9775,3702.99,8047.95
2785,23,75,7.95589,3823.86,8026.2
2786,23,76,9.21548,3773.06,7991.86
2787,23,77,15.5493,3515.48,8038.1
2788,23,78,25.9622,3088.55,8236.94
2789,23,79,34.8414,2721.55,8378.73
2790,23,80,36.6371,2646.72,8350.07
2791,23,81,35.3738,2699.78,8318.52
2792,23,82,30.0928,2923.35,8358.91
2793,23,83,23.6659,3197.56,8441.74
2794,23,84,18.0123,3440.66,8502.82
2795,23,85,12.864,3663.76,8551.99
2796,23,86,9.25955,3821.15,8561.3
2797,23,87,7.26132,3909.07,8542.12
2798,23,88,7.30464,3907.15,8509.58
2799,23,89,11.2973,3728.82,8539.79
2800,23,90,17.9219,3430.71,8686.59
2801,23,91,23.4851,3178.51,8785.53
2802,23,92,24.6427,3125.65,8759.91
2803,23,93,22.9708,3202.55,8741.92
2804,23,94,19.3032,3372.48,8777.18
2805,23,95,15.0278,3572,8840.28
2806,23,96,11.1655,3753.53,8889.65
2807,23,97,7.86697,3909.66,8920.31
2808,23,98,5.21903,4035.88,8931.53
2809,23,99,3.61307,4112.97,8918.07
2810,23,100,3.89031,4099.57,8889.84
2811,23,101,6.5927,3968.05,8910.32
2812,23,102,12.133,3696.58,9094.09
2813,23,103,17.2456,3444.35,9250.78
2814,23,104,18.5223,3380.95,9234.4
2815,23,105,18.167,3398.71,9207.42
2816,23,106,15.4322,3536.36,9239.7
2817,23,107,12.4588,3687.01,9285.79
2818,23,108,9.70534,3827.44,9323.97
2819,23,109,7.2286,3954.58,9351.88
2820,23,110,5.38024,4050.08,9356.93
2821,23,111,4.41224,4100.41,9339.6
2822,23,112,4.83013,4078.54,9315.31
2823,23,113,7.09099,3959.47,9343.18
2824,23,114,11.063,3748.95,9487.94
2825,23,115,14.6834,3555.87,9607.22
2826,23,116,15.6568,3503.63,9592.39
2827,23,117,15.394,3517.82,9567.87
2828,23,118,13.2856,3632.38,9597.61
2829,23,119,10.9822,3758.3,9640.3
2830,23,120,8.80829,3877.86,9677.7
2831,23,121,6.81819,3987.98,9706.92
2832,23,122,5.27554,4073.85,9715.95
2833,23,123,4.41722,4121.92,9702.52
2834,23,124,4.58703,4112.35,9679.09
2835,23,125,6.2905,4015.82,9700.79
2836,23,126,9.57379,3828.68,9849.9
2837,23,127,12.7368,3647.33,9989.54
2838,23,128,13.6607,3594.05,9980.2
2839,23,129,13.5255,3601.89,9957.11
2840,23,130,11.8909,3697.25,9981.87
2841,23,131,10.0614,3804.58,10020.6
2842,23,132,8.25022,3911.44,10060.1
2843,23,133,6.55924,4011.77,10093.1
2844,24,28,724.2,-16598.4,457.694
2845,24,29,1072,-25409.3,1159.1
2846,24,30,1350.61,-32560.2,1616.47
2847,24,31,1337.31,-32214.5,1565.08
2848,24,32,999.217,-23311.4,2764.72
2849,24,33,698.412,-15289.9,3680.54
2850,24,34,400.273,-7240.18,4664.78
2851,24,35,191.028,-1520.83,5182.51
2852,24,36,61.2308,2070.23,5378
2853,24,37,-25.2769,4492.45,5448.93
2854,24,38,-58.075,5421.73,5387.12
2855,24,39,-64.2912,5599.92,5302.35
2856,24,40,-34.8064,4744.86,5263.61
2857,24,41,29.3024,2864.34,5424.77
2858,24,42,118.102,229.958,5872.51
2859,24,43,185.568,-1794.04,6137.93
2860,24,44,176.374,-1515.15,6070.93
2861,24,45,152.615,-786.532,6059.65
2862,24,46,108.433,583.113,6228.61
2863,24,47,66.3183,1902.7,6405.62
2864,24,48,33.6323,2937.76,6506.35
2865,24,49,7.21573,3783.09,6565.95
2866,24,50,-9.48962,4323.23,6560.41
2867,24,51,-15.3659,4515.19,6508.97
2868,24,52,-6.60148,4225.96,6472.29
2869,24,53,16.127,3468.34,6569.99
2870,24,54,50.4625,2312.38,6894.86
2871,24,55,78.7306,1351.27,7116.45
2872,24,56,81.8259,1245,7065.57
2873,24,57,77.8474,1382.92,7019.78
2874,24,58,61.1137,1968.59,7101.2
2875,24,59,42.4232,2628.99,7230.85
2876,24,60,26.3461,3202.41,7325.63
2877,24,61,13.2064,3675.44,7381.72
2878,24,62,4.667,3985.7,7382.29
2879,24,63,-0.271013,4166.76,7353.43
2880,24,64,1.59164,4097.85,7310.94
2881,24,65,13.5541,3651.25,7390.97
2882,24,66,32.0399,2954.95,7661.83
2883,24,67,46.535,2404.14,7821.7
2884,24,68,48.6146,2324.42,7782.39
2885,24,69,46.0147,2424.95,7747.39
2886,24,70,36.9616,2778.02,7805.83
2887,24,71,26.7364,3180.21,7900.92
2888,24,72,17.9489,3528.78,7967.31
2889,24,73,9.95347,3848.6,8021.61
2890,24,74,4.84226,4054.75,8023.24
2891,24,75,1.94041,4172.76,7998.65
2892,24,76,3.47452,4109.86,7964.93
2893,24,77,10.2555,3829.58,8017.03
2894,24,78,21.2396,3371.91,8226.13
2895,24,79,30.6046,2978.58,8375.48
2896,24,80,32.6119,2893.6,8347.55
2897,24,81,31.4439,2943.44,8314.6
2898,24,82,26.1171,3172.49,8351.35
2899,24,83,19.6085,3454.53,8429.95
2900,24,84,13.9026,3703.69,8487.02
2901,24,85,8.72071,3931.69,8532.32
2902,24,86,5.1334,4090.73,8538.57
2903,24,87,3.20167,4177.01,8517.38
2904,24,88,3.37124,4169.38,8484.53
2905,24,89,7.60405,3977.49,8518.61
2906,24,90,14.5366,3660.9,8672.43
2907,24,91,20.3631,3392.89,8776.59
2908,24,92,21.6447,3333.51,8751.53
2909,24,93,20.0107,3409.76,8731.95
2910,24,94,16.3232,3583.07,8764.41
2911,24,95,12.0118,3787.14,8824.35
2912,24,96,8.12628,3972.35,8870.7
2913,24,97,4.82076,4131.02,8898.6
2914,24,98,2.18344,4258.49,8907.43
2915,24,99,0.615106,4334.82,8892.31
2916,24,100,0.977417,4317.06,8864.1
2917,24,101,3.82378,4176.64,8887.4
2918,24,102,9.57442,3891.03,9077.85
2919,24,103,14.8789,3625.8,9240.13
2920,24,104,16.2454,3557.02,9224.6
2921,24,105,15.9371,3572.64,9197.04
2922,24,106,13.1901,3712.74,9227.13
2923,24,107,10.1993,3866.27,9270.87
2924,24,108,7.4342,4009.13,9306.77
2925,24,109,4.95268,4138.17,9332.54
2926,24,110,3.11415,4234.39,9335.83
2927,24,111,2.17565,4283.81,9317.4
2928,24,112,2.65318,4258.5,9293.33
2929,24,113,5.01266,4132.67,9323.65
2930,24,114,9.11769,3912.36,9473.23
2931,24,115,12.859,3710.33,9596.54
2932,24,116,13.8926,3654.17,9582.4
2933,24,117,13.6618,3666.79,9557.42
2934,24,118,11.5454,3783.19,9585.4
2935,24,119,9.23027,3911.3,9626.2
2936,24,120,7.04769,4032.79,9661.76
2937,24,121,5.05291,4144.5,9689.22
2938,24,122,3.51476,4231.15,9696.76
2939,24,123,2.67448,4278.77,9682.36
2940,24,124,2.88217,4266.93,9658.93
2941,24,125,4.65247,4165.43,9682.52
2942,24,126,8.03131,3970.58,9835.81
2943,24,127,11.2849,3781.88,9979.22
2944,24,128,12.2539,3725.35,9970.61
2945,24,129,12.1428,3731.87,9947.22
2946,24,130,10.5034,3828.59,9970.55
2947,24,131,8.66573,3937.63,10007.8
2948,24,132,6.84697,4046.15,10045.6
2949,24,133,5.15075,4147.92,10077.2
2950,25,29,1330.4,-32558.4,880.341
2951,25,30,1615.74,-40072.4,1217.81
2952,25,31,1522.89,-37596.4,1234.96
2953,25,32,1053.88,-24933.1,2821.25
2954,25,33,674.083,-14552,3773.03
2955,25,34,321.182,-4788.36,4708.44
2956,25,35,88.2727,1733.09,5151.23
2957,25,36,-46.0315,5538.38,5280.86
2958,25,37,-129.346,7926.73,5298.89
2959,25,38,-151.963,8582.61,5213.56
2960,25,39,-146.489,8422.06,5125.33
2961,25,40,-103.044,7133.18,5116.98
2962,25,41,-23.3652,4742.82,5342.56
2963,25,42,81.1527,1572.44,5864.47
2964,25,43,159.611,-833.6,6167.35
2965,25,44,152.092,-600.541,6092.9
2966,25,45,128.383,142.353,6068.53
2967,25,46,82.3874,1598.89,6216.35
2968,25,47,38.8755,2991.26,6371.04
2969,25,48,5.75261,4062.24,6451.68
2970,25,49,-20.5469,4921.36,6493.22
2971,25,50,-36.4017,5444.56,6474.56
2972,25,51,-40.7198,5588.5,6417.58
2973,25,52,-29.5183,5211.38,6388.95
2974,25,53,-3.64187,4331.58,6510.02
2975,25,54,34.3006,3028.89,6868.88
2976,25,55,65.4351,1949.56,7112.53
2977,25,56,69.5548,1805.37,7062.1
2978,25,57,66.0789,1928.19,7012.62
2979,25,58,49.0532,2535.44,7084.04
2980,25,59,29.9838,3221.94,7202.45
2981,25,60,13.7046,3813.41,7286.59
2982,25,61,0.537933,4296.19,7333.11
2983,25,62,-7.78411,4604.11,7326.55
2984,25,63,-12.3368,4774.08,7293
2985,25,64,-9.77777,4677.69,7251.81
2986,25,65,3.32282,4179.86,7344.62
2987,25,66,23.1761,3418.82,7635.52
2988,25,67,38.7576,2816.34,7808.33
2989,25,68,41.2853,2717.75,7769.74
2990,25,69,38.8957,2811.75,7732.2
2991,25,70,29.7584,3174.19,7784.43
2992,25,71,19.4046,3588.35,7872.59
2993,25,72,10.5564,3945.22,7932.51
2994,25,73,2.53643,4271.37,7980.61
2995,25,74,-2.48255,4477.15,7977.69
2996,25,75,-5.21095,4589.92,7950.13
2997,25,76,-3.34278,4512.08,7917.6
2998,25,77,3.95138,4205.72,7977.16
2999,25,78,15.5758,3713.63,8199.03
3000,25,79,25.4872,3290.74,8357.85
3001,25,80,27.749,3193.48,8331.09
3002,25,81,26.7107,3238.48,8296.74
3003,25,82,21.3633,3471.97,8329.42
3004,25,83,14.7953,3760.97,8403.24
3005,25,84,9.05963,4015.25,8455.83
3006,25,85,3.86663,4247.2,8496.87
3007,25,86,0.320188,4406.79,8499.79
3008,25,87,-1.52007,4490.22,8476.53
3009,25,88,-1.19764,4475.49,8443.57
3010,25,89,3.30599,4268.33,8482.45
3011,25,90,10.5789,3931.35,8644.76
3012,25,91,16.6974,3645.82,8755.29
3013,25,92,18.1245,3578.75,8731.08
3014,25,93,16.5452,3653.5,8709.81
3015,25,94,12.8514,3829.57,8739.19
3016,25,95,8.51633,4037.65,8795.64
3017,25,96,4.61996,4225.98,8838.69
3018,25,97,1.31994,4386.58,8863.59
3019,25,98,-1.29404,4514.66,8869.85
3020,25,99,-2.81147,4589.52,8852.99
3021,25,100,-2.34945,4566.58,8824.98
3022,25,101,0.657264,4416.24,8851.7
3023,25,102,6.63654,4115.28,9050.05
3024,25,103,12.1497,3835.95,9218.95
3025,25,104,13.6186,3761.04,9204.55
3026,25,105,13.3675,3773.93,9176.46
3027,25,106,10.6162,3916.08,9204.15
3028,25,107,7.61534,4072.12,9245.32
3029,25,108,4.84595,4217.05,9278.75
3030,25,109,2.36693,4347.62,9302.2
3031,25,110,0.54578,4444.14,9303.61
3032,25,111,-0.355253,4492.19,9284.05
3033,25,112,0.190659,4462.89,9260.35
3034,25,113,2.6585,4329.63,9293.59
3035,25,114,6.90707,4098.79,9448.79
3036,25,115,10.7792,3887.12,9576.82
3037,25,116,11.8805,3826.54,9563.57
3038,25,117,11.688,3837.2,9538.17
3039,25,118,9.56855,3955.18,9564.24
3040,25,119,7.24629,4085.22,9602.99
3041,25,120,5.05958,4208.41,9636.55
3042,25,121,3.06466,4321.46,9662.11
3043,25,122,1.53569,4408.61,9668.06
3044,25,123,0.718417,4455.46,9652.65
3045,25,124,0.969379,4440.99,9629.31
3046,25,125,2.81262,4334.08,9655.12
3047,25,126,6.29378,4131.02,9813.25
3048,25,127,9.64424,3934.46,9961.02
3049,25,128,10.6635,3874.32,9953.31
3050,25,129,10.5805,3879.24,9929.64
3051,25,130,8.93971,3977.14,9951.45
3052,25,131,7.09691,4087.71,9987.01
3053,25,132,5.27351,4197.72,10023.2
3054,25,133,3.57504,4300.76,10053.1
3055,26,30,1890.5,-47948.8,914.806
3056,26,31,1675.11,-42061.6,1098.12
3057,26,32,1028.61,-24174.9,2913.54
3058,26,33,560.179,-11058.9,3802.25
3059,26,34,154.167,444.778,4617.69
3060,26,35,-91.9212,7499.3,4943.88
3061,26,36,-217.882,11152.2,4988.3
3062,26,37,-286.441,13163.2,4946.77
3063,26,38,-288.368,13220.4,4848.84
3064,26,39,-262.626,12448.1,4776.73
3065,26,40,-197.904,10484.9,4832.79
3066,26,41,-96.4074,7372.33,5167.25
3067,26,42,29,3484.71,5803.84
3068,26,43,121.97,571.644,6164.4
3069,26,44,117.623,709.307,6082.79
3070,26,45,94.9895,1433.57,6043.22
3071,26,46,47.7935,2959.58,6165.28
3072,26,47,3.47092,4407.45,6293.59
3073,26,48,-29.4536,5493.96,6351.37
3074,26,49,-55.0109,6345.87,6372.98
3075,26,50,-69.3769,6829.52,6340.8
3076,26,51,-71.4906,6901.39,6279.75
3077,26,52,-57.1801,6410.06,6263.87
3078,26,53,-27.4795,5380.44,6416.28
3079,26,54,14.7236,3903.33,6818.74
3080,26,55,49.2389,2683.79,7090.57
3081,26,56,54.6694,2490.1,7041.71
3082,26,57,51.9065,2589.57,6988.67
3083,26,58,34.7079,3214.45,7048.96
3084,26,59,15.3606,3923.85,7154.89
3085,26,60,-1.01317,4529.68,7227.41
3086,26,61,-14.0937,5018.02,7263.64
3087,26,62,-22.0747,5318.64,7249.68
3088,26,63,-26.1149,5472.17,7211.58
3089,26,64,-22.718,5341.95,7172.75
3090,26,65,-8.31538,4785.05,7281.18
3091,26,66,13.074,3950.86,7595.83
3092,26,67,29.8786,3289.88,7784
3093,26,68,32.9369,3168.57,7746.68
3094,26,69,30.818,3253.32,7706.65
3095,26,70,21.6337,3623.76,7752.21
3096,26,71,11.183,4048.76,7832.93
3097,26,72,2.30816,4412.62,7886
3098,26,73,-5.70234,4743.72,7927.54
3099,26,74,-10.5899,4947.37,7919.93
3100,26,75,-13.1031,5052.93,7889.47
3101,26,76,-10.8522,4957.64,7858.66
3102,26,77,-2.98869,4622.13,7926.9
3103,26,78,9.33624,4092.16,8163.29
3104,26,79,19.8459,3636.74,8332.88
3105,26,80,22.3951,3525.42,8307.67
3106,26,81,21.5108,3564.33,8271.99
3107,26,82,16.1583,3801.62,8300.38
3108,26,83,9.54333,4097.1,8369.18
3109,26,84,3.79123,4355.94,8417.09
3110,26,85,-1.39925,4591.24,8453.67
3111,26,86,-4.88932,4750.62,8453.18
3112,26,87,-6.62089,4830.27,8427.87
3113,26,88,-6.1263,4807.36,8395
3114,26,89,-1.32791,4583.43,8439.33
3115,26,90,6.31136,4224.39,8611.05
3116,26,91,12.7446,3919.88,8728.66
3117,26,92,14.3323,3844.2,8705.51
3118,26,93,12.8181,3916.88,8682.56
3119,26,94,9.12521,4095.37,8708.74
3120,26,95,4.77278,4307.19,8761.57
3121,26,96,0.872099,4498.32,8801.2
3122,26,97,-2.41548,4660.51,8823.01
3123,26,98,-4.99874,4788.81,8826.65
3124,26,99,-6.45705,4861.73,8808.05
3125,26,100,-5.88549,4832.96,8780.38
3126,26,101,-2.7066,4671.9,8810.9
3127,26,102,3.51535,4354.58,9017.85
3128,26,103,9.24986,4060.2,9193.92
3129,26,104,10.8294,3978.59,9180.82
3130,26,105,10.6418,3988.35,9152.24
3131,26,106,7.88984,4132.37,9177.47
3132,26,107,4.88227,4290.77,9215.99
3133,26,108,2.112,4437.59,9246.89
3134,26,109,-0.36094,4569.48,9267.96
3135,26,110,-2.16076,4666.07,9267.46
3136,26,111,-3.0198,4712.46,9246.79
3137,26,112,-2.40009,4678.79,9223.57
3138,26,113,0.182716,4537.6,9259.97
3139,26,114,4.5824,4295.61,9421.21
3140,26,115,8.59222,4073.74,9554.3
3141,26,116,9.76582,4008.41,9542.04
3142,26,117,9.61505,4016.85,9516.25
3143,26,118,7.49464,4136.3,9540.37
3144,26,119,5.1671,4268.19,9577.01
3145,26,120,2.97812,4392.97,9608.53
3146,26,121,0.985004,4507.24,9632.15
3147,26,122,-0.532611,4594.75,9636.49
3148,26,123,-1.32435,4640.67,9620.07
3149,26,124,-1.02705,4623.33,9596.9
3150,26,125,0.892979,4510.69,9625.08
3151,26,126,4.48109,4298.99,9788.35
3152,26,127,7.93279,4094.19,9940.73
3153,26,128,9.00509,4030.21,9934.01
3154,26,129,8.95241,4033.37,9910.09
3155,26,130,7.31134,4132.38,9930.33
3156,26,131,5.46449,4244.42,9964.18
3157,26,132,3.63752,4355.87,9998.64
3158,26,133,1.9379,4460.11,10027
3159,27,31,1802.8,-45849.6,1072.77
3160,27,32,898.229,-20220.1,2974.06
3161,27,33,333.214,-4023,3717.5
3162,27,34,-117.56,9049.44,4354.52
3163,27,35,-357.95,16100.9,4535.88
3164,27,36,-455.897,19006.7,4492.86
3165,27,37,-493.645,20139.1,4403.2
3166,27,38,-461.36,19159.8,4325.07
3167,27,39,-405.044,17432.8,4308.06
3168,27,40,-310.73,14509,4477.46
3169,27,41,-180.657,10433.4,4966.71
3170,27,42,-29.0426,5632.28,5744.83
3171,27,43,81.6936,2088.72,6171.29
3172,27,44,81.3385,2100.21,6083.74
3173,27,45,60.1421,2792.62,6029.73
3174,27,46,11.7113,4390.84,6126.15
3175,27,47,-33.3961,5894.42,6228.2
3176,27,48,-65.9622,6990.81,6263.66
3177,27,49,-90.5672,7827.38,6266.2
3178,27,50,-103.167,8259.99,6221.89
3179,27,51,-102.747,8245.41,6158.74
3180,27,52,-84.9313,7621.86,6158.07
3181,27,53,-50.975,6422.07,6343.65
3182,27,54,-4.07909,4749.45,6789.52
3183,27,55,34.1133,3374.53,7088.34
3184,27,56,40.9141,3127.43,7041.11
3185,27,57,38.8605,3202.73,6984.92
3186,27,58,21.4023,3848.68,7034.96
3187,27,59,1.68884,4584.65,7129.27
3188,27,60,-14.8439,5207.38,7190.95
3189,27,61,-27.8815,5702.82,7217.62
3190,27,62,-35.5399,5996.39,7196.93
3191,27,63,-39.0706,6132.91,7154.85
3192,27,64,-34.8131,5966.86,7118.64
3193,27,65,-19.0516,5346.91,7241.88
3194,27,66,3.94409,4434.75,7578.26
3195,27,67,22.0138,3711.96,7780.13
3196,27,68,25.5922,3567.63,7743.9
3197,27,69,23.7164,3643.92,7701.63
3198,27,70,14.4374,4024.35,7741.22
3199,27,71,3.84203,4462.3,7815.21
3200,27,72,-5.09948,4834.86,7862.04
3201,27,73,-13.1356,5172.38,7897.63
3202,27,74,-17.9171,5374.79,7885.78
3203,27,75,-20.2339,5473.64,7852.74
3204,27,76,-17.6077,5360.72,7823.57
3205,27,77,-9.17086,4995.12,7899.62
3206,27,78,3.86588,4425.85,8148.75
3207,27,79,14.9786,3936.89,8327.61
3208,27,80,17.8024,3811.7,8303.65
3209,27,81,17.053,3845.17,8266.77
3210,27,82,11.6686,4087.47,8291.37
3211,27,83,4.979,4390.73,8355.7
3212,27,84,-0.814051,4655.28,8399.42
3213,27,85,-6.02437,4894.96,8432.01
3214,27,86,-9.4766,5054.91,8428.47
3215,27,87,-11.1145,5131.35,8401.31
3216,27,88,-10.459,5100.54,8368.53
3217,27,89,-5.37078,4859.7,8417.59
3218,27,90,2.63356,4478.16,8597.38
3219,27,91,9.37788,4154.43,8720.95
3220,27,92,11.1157,4070.43,8698.65
3221,27,93,9.65237,4141.65,8674.2
3222,27,94,5.94396,4323.36,8697.56
3223,27,95,1.55758,4539.76,8747.19
3224,27,96,-2.36268,4734.46,8783.77
3225,27,97,-5.65174,4898.92,8802.84
3226,27,98,-8.21686,5028.03,8804.12
3227,27,99,-9.62696,5099.47,8783.98
3228,27,100,-8.95428,5065.16,8756.59
3229,27,101,-5.60879,4893.43,8790.36
3230,27,102,0.853274,4559.56,9004.54
3231,27,103,6.80588,4250.02,9186.6
3232,27,104,8.48861,4161.96,9174.53
3233,27,105,8.35545,4168.97,9145.47
3234,27,106,5.59189,4315.44,9168.55
3235,27,107,2.5668,4476.78,9204.75
3236,27,108,-0.21456,4626.04,9233.41
3237,27,109,-2.69103,4759.77,9252.38
3238,27,110,-4.47822,4856.88,9250.18
3239,27,111,-5.30295,4901.96,9228.52
3240,27,112,-4.61573,4864.17,9205.68
3241,27,113,-1.92261,4715.15,9244.72
3242,27,114,2.62491,4462,9410.97
3243,27,115,6.76883,4229.94,9548.19
3244,27,116,8.00903,4160.08,9536.72
3245,27,117,7.89355,4166.62,9510.55
3246,27,118,5.76448,4287.98,9532.97
3247,27,119,3.42408,4422.16,9567.77
3248,27,120,1.22562,4548.94,9597.5
3249,27,121,-0.772564,4664.83,9619.42
3250,27,122,-2.28518,4753.07,9622.34
3251,27,123,-3.05711,4798.36,9605.03
3252,27,124,-2.71838,4778.37,9581.95
3253,27,125,-0.725393,4660.12,9612.1
3254,27,126,2.96685,4439.82,9779.58
3255,27,127,6.51688,4226.81,9935.7
3256,27,128,7.63797,4159.18,9929.74
3257,27,129,7.61082,4160.82,9905.57
3258,27,130,5.96399,4261.28,9924.46
3259,27,131,4.10762,4375.14,9956.83
3260,27,132,2.27178,4488.35,9989.79
3261,27,133,0.56592,4594.11,10016.7
3262,28,32,528.9,-8894,2875.04
3263,28,33,-101.343,9593.12,3365.92
3264,28,34,-556.75,23103.5,3761.26
3265,28,35,-747.44,28824.2,3783.29
3266,28,36,-780.6,29830.1,3680.49
3267,28,37,-760.958,29227.7,3588.56
3268,28,38,-674.2,26538.2,3609.34
3269,28,39,-573.024,23368.1,3725.76
3270,28,40,-438.357,19103.6,4085.74
3271,28,41,-271.47,13763.2,4781.18
3272,28,42,-87.5321,7815.89,5716.98
3273,28,43,44.3574,3507.5,6208.54
3274,28,44,48.3529,3375.65,6115.8
3275,28,45,28.4665,4038.53,6048.97
3276,28,46,-21.7281,5728.41,6122.18
3277,28,47,-68.0023,7301.73,6200.2
3278,28,48,-100.374,8413.17,6215.4
3279,28,49,-124.088,9235.23,6200.87
3280,28,50,-134.869,9612.57,6146.32
3281,28,51,-131.771,9503.13,6082.63
3282,28,52,-110.208,8734.06,6097.35
3283,28,53,-71.6957,7347.6,6313.41
3284,28,54,-19.7912,5461.74,6796.41
3285,28,55,22.2515,3920.17,7116.75
3286,28,56,30.3394,3620.92,7070.3
3287,28,57,28.8538,3676.38,7011.23
3288,28,58,10.9149,4352.08,7052.91
3289,28,59,-9.37518,5123.1,7137.62
3290,28,60,-26.2393,5769.56,7190.16
3291,28,61,-39.3736,6277.42,7208.68
3292,28,62,-46.8129,6567.55,7182.25
3293,28,63,-49.9135,6689.51,7136.79
3294,28,64,-44.8397,6488.25,7102.75
3295,28,65,-27.721,5803.5,7237.93
3296,28,66,-3.10142,4810.51,7591.11
3297,28,67,16.224,4024.61,7803
3298,28,68,20.2594,3859.16,7767.21
3299,28,69,18.5483,3929.89,7722.96
3300,28,70,9.07807,4324.48,7757.85
3301,28,71,-1.75532,4779.48,7826.49
3302,28,72,-10.8455,5164.29,7868.26
3303,28,73,-18.9812,5511.42,7898.95
3304,28,74,-23.7174,5715.08,7883.56
3305,28,75,-25.889,5809.18,7848.3
3306,28,76,-22.9248,5679.74,7820.28
3307,28,77,-13.9378,5284.32,7902.22
3308,28,78,-0.202896,4675.4,8160.72
3309,28,79,11.4937,4152.95,8346.11
3310,28,80,14.5556,4015.17,8322.79
3311,28,81,13.8987,4044.95,8284.8
3312,28,82,8.43319,4294.54,8306.46
3313,28,83,1.62023,4607.93,8367.31
3314,28,84,-4.25823,4880.3,8407.71
3315,28,85,-9.52945,5126.29,8437.1
3316,28,86,-12.9799,5288.46,8431.05
3317,28,87,-14.5557,5363.05,8402.34
3318,28,88,-13.7658,5325.4,8369.46
3319,28,89,-8.40676,5068.17,8421.95
3320,28,90,-0.0519393,4664.35,8607.5
3321,28,91,6.98707,4321.79,8735.19
3322,28,92,8.85197,4230.41,8713.3
3323,28,93,7.41284,4301.4,8687.6
3324,28,94,3.66059,4487.76,8708.79
3325,28,95,-0.787647,4710.18,8755.92
3326,28,96,-4.75356,4909.79,8790.11
3327,28,97,-8.06829,5077.74,8806.97
3328,28,98,-10.6376,5208.77,8806.36
3329,28,99,-12.0196,5279.72,8784.92
3330,28,100,-11.263,5240.62,8757.61
3331,28,101,-7.76465,5058.71,8793.67
3332,28,102,-1.07277,4708.5,9013
3333,28,103,5.08716,4384.08,9199.17
3334,28,104,6.85825,4290.21,9187.67
3335,28,105,6.76348,4295.27,9158.14
3336,28,106,3.97025,4445.17,9179.57
3337,28,107,0.91008,4610.42,9213.98
3338,28,108,-1.89905,4763.05,9240.9
3339,28,109,-4.39484,4899.49,9258.22
3340,28,110,-6.18404,4997.89,9254.66
3341,28,111,-6.98779,5042.37,9232.14
3342,28,112,-6.24475,5001,9209.47
3343,28,113,-3.45113,4844.56,9250.34
3344,28,114,1.23608,4580.51,9420.04
3345,28,115,5.50574,4338.57,9560.07
3346,28,116,6.8022,4264.67,9549
3347,28,117,6.71097,4269.9,9522.45
3348,28,118,4.56109,4393.88,9543.58
3349,28,119,2.19598,4531.05,9576.99
3350,28,120,-0.0233505,4660.51,9605.35
3351,28,121,-2.03747,4778.67,9625.93
3352,28,122,-3.55531,4868.23,9627.73
3353,28,123,-4.31685,4913.41,9609.67
3354,28,124,-3.94517,4891.23,9586.57
3355,28,125,-1.88647,4767.71,9618.04
3356,28,126,1.90382,4539.03,9788.4
3357,28,127,5.54611,4318.07,9947.04
3358,28,128,6.70862,4247.15,9941.5
3359,28,129,6.69916,4247.73,9917.05
3360,28,130,5.03806,4350.17,9934.92
3361,28,131,3.16379,4466.37,9966.18
3362,28,132,1.31097,4581.87,9998.01
3363,28,133,-0.408953,4689.65,10023.8
3364,29,33,-922.3,35590.1,2319.02
3365,29,34,-1255.86,45708,2443.18
3366,29,35,-1301.29,47101.1,2358.55
3367,29,36,-1204.27,44093.8,2341.57
3368,29,37,-1086.12,40391.5,2412.66
3369,29,38,-916.976,35035.4,2740.89
3370,29,39,-753.264,29796.6,3135.22
3371,29,40,-566.112,23745.4,3772.37
3372,29,41,-353.896,16813,4691.26
3373,29,42,-131.905,9487.29,5761.3
3374,29,43,23.4857,4307.58,6295.37
3375,29,44,30.5897,4068.41,6196.23
3376,29,45,10.4534,4753.05,6119.44
3377,29,46,-43.3168,6599.16,6176.84
3378,29,47,-92.1895,8293.41,6237.44
3379,29,48,-125.38,9455.07,6237.26
3380,29,49,-148.97,10288.6,6209.51
3381,29,50,-158.469,10627.4,6146.96
3382,29,51,-153.05,10432.3,6082.59
3383,29,52,-127.917,9519.15,6107.89
3384,29,53,-84.9069,7942.1,6343.5
3385,29,54,-27.9935,5836.31,6847.7
3386,29,55,17.7711,4127.76,7177.49
3387,29,56,26.7567,3789.3,7129.49
3388,29,57,25.4158,3840.26,7067.65
3389,29,58,6.51012,4564.98,7104.99
3390,29,59,-14.8048,5389.15,7184.45
3391,29,60,-32.3836,6074.73,7231.43
3392,29,61,-45.9415,6608,7244.62
3393,29,62,-53.4321,6905.13,7214.07
3394,29,63,-56.3317,7021.11,7165.87
3395,29,64,-50.6194,6790.72,7132.39
3396,29,65,-32.2629,6044.22,7273.57
3397,29,66,-6.10855,4971.89,7634.72
3398,29,67,14.3621,4125.77,7850.16
3399,29,68,18.6924,3945.34,7813.45
3400,29,69,16.9742,4017.51,7767.58
3401,29,70,7.12803,4434.33,7800.22
3402,29,71,-4.11854,4914.18,7866.22
3403,29,72,-13.5144,5318.21,7905.2
3404,29,73,-21.8931,5681.28,7933
3405,29,74,-26.7087,5891.56,7915.25
3406,29,75,-28.8454,5985.58,7878.3
3407,29,76,-25.6345,5843.23,7850.34
3408,29,77,-16.1701,5420.48,7934.76
3409,29,78,-1.79649,4773.67,8197.27
3410,29,79,10.4213,4219.8,8384.86
3411,29,80,13.6422,4072.71,8361.06
3412,29,81,12.995,4102.48,8322.07
3413,29,82,7.36051,4363.55,8342.35
3414,29,83,0.338817,4691.23,8401.62
3415,29,84,-5.70383,4975.23,8440.32
3416,29,85,-11.1093,5231.09,8467.94
3417,29,86,-14.6242,5398.63,8460.34
3418,29,87,-16.1977,5474.16,8430.48
3419,29,88,-15.3268,5432.07,8397.16
3420,29,89,-9.74082,5160.22,8450.9
3421,29,90,-1.07346,4735.52,8638.76
3422,29,91,6.22144,4375.63,8767.75
3423,29,92,8.16854,4278.93,8745.53
3424,29,93,6.70616,4352.05,8719.01
3425,29,94,2.86162,4545.56,8739.15
3426,29,95,-1.69555,4776.45,8785.11
3427,29,96,-5.7514,4983.3,8818.06
3428,29,97,-9.13328,5156.9,8833.71
3429,29,98,-11.7456,5291.87,8831.95
3430,29,99,-13.1353,5364.14,8809.61
3431,29,100,-12.3266,5321.82,8782.04
3432,29,101,-8.70335,5130.99,8818.89
3433,29,102,-1.80524,4765.39,9040.34
3434,29,103,4.53849,4427.06,9227.98
3435,29,104,6.37062,4328.74,9216.34
3436,29,105,6.28606,4333.3,9186.31
3437,29,106,3.43345,4488.29,9206.98
3438,29,107,0.309396,4659.07,9240.57
3439,29,108,-2.55495,4816.61,9266.62
3440,29,109,-5.09616,4957.23,9283.06
3441,29,110,-6.9119,5058.3,9278.69
3442,29,111,-7.71748,5103.42,9255.57
3443,29,112,-6.93937,5059.58,9232.73
3444,29,113,-4.06367,4896.63,9274.17
3445,29,114,0.746781,4622.43,9445.18
3446,29,115,5.12585,4371.36,9586.11
3447,29,116,6.4604,4294.41,9574.91
3448,29,117,6.3748,4299.37,9547.97
3449,29,118,4.18462,4427.13,9568.53
3450,29,119,1.77581,4568.45,9601.32
3451,29,120,-0.482638,4701.7,9629.02
3452,29,121,-2.5302,4823.18,9648.94
3453,29,122,-4.06984,4915.05,9650.1
3454,29,123,-4.83659,4961.05,9631.54
3455,29,124,-4.44633,4937.51,9608.23
3456,29,125,-2.33485,4809.41,9640.08
3457,29,126,1.54194,4572.93,9811.51
3458,29,127,5.26512,4344.57,9970.98
3459,29,128,6.4565,4271.1,9965.36
3460,29,129,6.45185,4271.39,9940.6
3461,29,130,4.76302,4376.66,9958.03
3462,29,131,2.85771,4496.06,9988.81
3463,29,132,0.975136,4614.67,10020.1
3464,29,133,-0.771149,4725.26,10045.4
3465,30,34,-1990.9,69719.4,949.185
3466,30,35,-1806.46,63940.2,1070.75
3467,30,36,-1537.39,55419.8,1529.18
3468,30,37,-1306.42,48028.6,1942.11
3469,30,38,-1050.73,39761.5,2570.38
3470,30,39,-827.527,32470.1,3119.91
3471,30,40,-592.845,24725.6,3841.98
3472,30,41,-340.804,16324.2,4782.63
3473,30,42,-86.6758,7768.56,5824.88
3474,30,43,84.4527,1950.19,6310.1
3475,30,44,84.375,1952.86,6202.19
3476,30,45,54.9985,2971.24,6130.91
3477,30,46,-10.3382,5258.03,6211.11
3478,30,47,-68.3055,7306.21,6287.88
3479,30,48,-107.504,8704.27,6294.56
3480,30,49,-135.241,9702.8,6269.35
3481,30,50,-146.952,10128.3,6205.11
3482,30,51,-142.088,9949.95,6135.79
3483,30,52,-115.722,8974.44,6152.01
3484,30,53,-70.1439,7272.85,6373.89
3485,30,54,-9.85846,5002.1,6859.3
3486,30,55,38.0315,3182.28,7169.3
3487,30,56,46.1819,2869.84,7114.25
3488,30,57,43.3577,2979.05,7051.55
3489,30,58,21.9108,3815.47,7100.71
3490,30,59,-1.85184,4750.14,7192.71
3491,30,60,-21.4004,5525.57,7248.4
3492,30,61,-36.4921,6129.24,7267.06
3493,30,62,-45.0094,6472.76,7238.39
3494,30,63,-48.5749,6617.76,7189.87
3495,30,64,-42.9796,6388.35,7152.49
3496,30,65,-24.0277,5605.01,7285.49
3497,30,66,3.09531,4474.88,7635.95
3498,30,67,24.159,3590.21,7841.05
3499,30,68,28.2089,3418.76,7800.56
3500,30,69,25.929,3516.04,7754.92
3501,30,70,15.1657,3978.86,7794.28
3502,30,71,3.00081,4506.01,7867.78
3503,30,72,-7.16324,4949.84,7912.25
3504,30,73,-16.2115,5347.96,7944.44
3505,30,74,-21.4935,5582.13,7928.52
3506,30,75,-23.9499,5691.85,7891.78
3507,30,76,-20.8107,5550.58,7861.33
3508,30,77,-11.153,5112.77,7940.72
3509,30,78,3.60255,4438.93,8196.57
3510,30,79,16.0931,3864.37,8377.61
3511,30,80,19.2179,3719.58,8351.02
3512,30,81,18.3313,3760.96,8311.86
3513,30,82,12.2829,4045.24,8336.16
3514,30,83,4.81879,4398.53,8400.54
3515,30,84,-1.60649,4704.81,8443.2
3516,30,85,-7.35133,4980.56,8474.06
3517,30,86,-11.1215,5162.78,8468.14
3518,30,87,-12.8699,5247.87,8438.62
3519,30,88,-12.0823,5209.28,8404.2
3520,30,89,-6.41834,4929.86,8454.61
3521,30,90,2.42427,4490.67,8638.01
3522,30,91,9.84166,4119.81,8762.75
3523,30,92,11.7356,4024.47,8738.73
3524,30,93,10.1161,4106.53,8712.89
3525,30,94,6.04834,4313.99,8735.81
3526,30,95,1.25651,4559.97,8785.11
3527,30,96,-3.00854,4780.33,8820.81
3528,30,97,-6.57056,4965.55,8838.51
3529,30,98,-9.33285,5110.11,8838.13
3530,30,99,-10.8312,5189.03,8816.26
3531,30,100,-10.0647,5148.4,8787.77
3532,30,101,-6.40358,4953.14,8822.3
3533,30,102,0.620511,4576.18,9040.33
3534,30,103,7.07014,4227.9,9224.52
3535,30,104,8.88361,4129.37,9211.27
3536,30,105,8.73069,4137.73,9180.95
3537,30,106,5.7405,4302.19,9203.79
3538,30,107,2.47718,4482.76,9239.74
3539,30,108,-0.514557,4649.3,9267.82
3540,30,109,-3.17031,4798.02,9285.93
3541,30,110,-5.07843,4905.51,9282.58
3542,30,111,-5.94838,4954.81,9259.68
3543,30,112,-5.19416,4911.82,9236.01
3544,30,113,-2.29154,4745.4,9275.53
3545,30,114,2.5904,4463.88,9443.92
3546,30,115,7.02844,4206.47,9582.24
3547,30,116,8.34993,4129.39,9569.8
3548,30,117,8.21944,4137.04,9542.66
3549,30,118,5.93859,4271.61,9564.97
3550,30,119,3.43727,4420.02,9599.69
3551,30,120,1.09267,4559.92,9629.11
3552,30,121,-1.03365,4687.5,9650.49
3553,30,122,-2.63858,4784.33,9652.61
3554,30,123,-3.4521,4833.68,9634.36
3555,30,124,-3.08277,4811.15,9610.52
3556,30,125,-0.955711,4680.69,9640.87
3557,30,126,2.97258,4438.45,9810.16
3558,30,127,6.74255,4204.71,9967.44
3559,30,128,7.92815,4130.81,9960.73
3560,30,129,7.89397,4132.95,9935.75
3561,30,130,6.14315,4243.25,9954.57
3562,30,131,4.17341,4368,9986.93
3563,30,132,2.22874,4491.81,10019.8
3564,30,133,0.424763,4607.27,10046.3
3565,31,35,-1925.1,67934.5,1053.12
3566,31,36,-1526.8,55056.1,1588.59
3567,31,37,-1232.86,45454,1964.79
3568,31,38,-931.643,35513.9,2511.1
3569,31,39,-685.3,27302.5,2962.59
3570,31,40,-432.127,18779,3575.72
3571,31,41,-163.482,9645.07,4401.32
3572,31,42,103.448,480.498,5324.59
3573,31,43,271.654,-5350.65,5698.74
3574,31,44,244.822,-4411.54,5609.76
3575,31,45,190.136,-2479.29,5598.14
3576,31,46,99.7397,744.834,5795.29
3577,31,47,22.0025,3543.38,5964.28
3578,31,48,-31.5851,5490.39,6026.55
3579,31,49,-70.2333,6907.49,6038
3580,31,50,-89.6165,7624.67,5989.12
3581,31,51,-89.7494,7629.63,5916.51
3582,31,52,-65.7453,6725.48,5909.78
3583,31,53,-20.5494,5008.03,6097.14
3584,31,54,40.627,2662.94,6544.84
3585,31,55,88.3092,819.223,6819.2
3586,31,56,93.2191,627.736,6756.76
3587,31,57,86.7015,884.098,6701.64
3588,31,58,60.6267,1918.4,6792.44
3589,31,59,32.5552,3041.26,6928.79
3590,31,60,9.40957,3974.8,7018.05
3591,31,61,-8.64355,4708.96,7060.83
3592,31,62,-19.4337,5151.35,7044.97
3593,31,63,-24.7654,5371.73,7001.92
3594,31,64,-20.2414,5183.23,6958.66
3595,31,65,-1.50588,4396.34,7075.04
3596,31,66,25.8727,3237.31,7406.54
3597,31,67,46.8438,2342.55,7593.97
3598,31,68,49.9129,2210.57,7549.06
3599,31,69,46.403,2362.67,7508.2
3600,31,70,34.0779,2900.87,7568.73
3601,31,71,20.397,3502.82,7665.76
3602,31,72,8.92059,4011.61,7728.66
3603,31,73,-1.29659,4467.98,7776.52
3604,31,74,-7.49669,4746.99,7769.08
3605,31,75,-10.6843,4891.49,7736.22
3606,31,76,-7.98538,4768.24,7702.12
3607,31,77,1.53758,4330.18,7772.01
3608,31,78,16.3791,3642.53,8016.38
3609,31,79,28.858,3060.18,8186.5
3610,31,80,31.5972,2931.43,8156.1
3611,31,81,30.1904,2998.02,8118.91
3612,31,82,23.4532,3319.17,8155.28
3613,31,83,15.2859,3711.19,8234.67
3614,31,84,8.23499,4051.99,8289.59
3615,31,85,1.92338,4359.15,8330.97
3616,31,86,-2.31265,4566.72,8331.51
3617,31,87,-4.43155,4671.25,8304.85
3618,31,88,-3.90778,4645.24,8269.49
3619,31,89,1.67113,4366.29,8313.82
3620,31,90,10.5388,3919.95,8489.59
3621,31,91,17.9334,3545.29,8607.18
3622,31,92,19.6274,3458.9,8580.7
3623,31,93,17.7059,3557.53,8557.96
3624,31,94,13.2739,3786.52,8589.1
3625,31,95,8.11228,4054.93,8648.16
3626,31,96,3.51024,4295.77,8692.18
3627,31,97,-0.352702,4499.21,8716.53
3628,31,98,-3.37911,4659.61,8721.08
3629,31,99,-5.0935,4751.05,8701.75
3630,31,100,-4.46899,4717.53,8672.24
3631,31,101,-0.862374,4522.78,8702.59
3632,31,102,6.20291,4138.9,8914.93
3633,31,103,12.6763,3785.02,9093.51
3634,31,104,14.3873,3690.91,9077.84
3635,31,105,14.0835,3707.72,9047.93
3636,31,106,10.8738,3886.4,9076.94
3637,31,107,7.39234,4081.36,9119.62
3638,31,108,4.19787,4261.31,9153.69
3639,31,109,1.35557,4422.38,9176.95
3640,31,110,-0.713397,4540.31,9177.1
3641,31,111,-1.7126,4597.59,9155.71
3642,31,112,-1.0433,4559,9130.99
3643,31,113,1.82925,4392.39,9167.13
3644,31,114,6.72931,4106.55,9331.18
3645,31,115,11.1744,3845.78,9465.26
3646,31,116,12.4302,3771.68,9450.99
3647,31,117,12.2029,3785.17,9424.17
3648,31,118,9.77968,3929.75,9451.34
3649,31,119,7.13584,4088.39,9491.4
3650,31,120,4.65695,4237.95,9525.7
3651,31,121,2.40556,4374.53,9551.37
3652,31,122,0.690967,4479.12,9556.58
3653,31,123,-0.211647,4534.48,9539.79
3654,31,124,0.0965936,4515.47,9515.41
3655,31,125,2.2015,4384.97,9543.16
3656,31,126,6.14586,4139.1,9708.97
3657,31,127,9.92812,3902.08,9862.81
3658,31,128,11.0729,3829.96,9854.42
3659,31,129,10.9745,3836.19,9829.57
3660,31,130,9.12706,3953.81,9852.16
3661,31,131,7.05923,4086.15,9888.82
3662,31,132,5.01984,4217.35,9925.83
3663,31,133,3.12664,4339.78,9956.17
3664,32,36,-1099.7,40250,927.902
3665,32,37,-850.143,31931.4,1174.41
3666,32,38,-572.214,22574.5,1624.62
3667,32,39,-354.143,15160.1,1970.09
3668,32,40,-118.3,7062.8,2500.99
3669,32,41,141.309,-1936.98,3259.26
3670,32,42,401.355,-11038.6,4105.71
3671,32,43,547.944,-16218.1,4369.91
3672,32,44,474.478,-13597.8,4398.4
3673,32,45,379.171,-10166.7,4566.32
3674,32,46,251.518,-5528.66,5024.87
3675,32,47,145.091,-1626.35,5379.63
3676,32,48,70.7181,1125.45,5550.96
3677,32,49,16.4087,3153,5633.95
3678,32,50,-14.1351,4303.49,5620.15
3679,32,51,-21.8293,4595.87,5553.3
3680,32,52,-2.00779,3836.04,5523.95
3681,32,53,41.5025,2153.64,5674.08
3682,32,54,102.603,-229.267,6082.92
3683,32,55,149.094,-2057.92,6320.1
3684,32,56,149.534,-2075.37,6255.96
3685,32,57,138.183,-1621.33,6218.73
3686,32,58,106.363,-337.939,6372.56
3687,32,59,73.0197,1018.03,6573.02
3688,32,60,45.4872,2146.87,6710.06
3689,32,61,23.8254,3042.22,6787.13
3690,32,62,10.2444,3608.1,6790.45
3691,32,63,2.72452,3923.93,6756.98
3692,32,64,5.85662,3791.34,6709.14
3693,32,65,24.1591,3010.43,6808.15
3694,32,66,51.6356,1828.94,7120.06
3695,32,67,72.3404,931.733,7289.18
3696,32,68,74.1972,850.651,7241.34
3697,32,69,69.2245,1069.45,7208.5
3698,32,70,55.097,1695.77,7296.52
3699,32,71,39.6811,2384.35,7423.36
3700,32,72,26.7042,2968.31,7509.5
3701,32,73,15.1536,3491.93,7577
3702,32,74,7.90003,3823.18,7580.61
3703,32,75,3.86765,4008.67,7553.3
3704,32,76,6.03979,3908.03,7516.07
3705,32,77,15.367,3472.76,7576.23
3706,32,78,30.2516,2773.18,7808.8
3707,32,79,42.6724,2185.27,7967.7
3708,32,80,44.9596,2076.24,7933.97
3709,32,81,42.962,2172.13,7899.95
3710,32,82,35.4597,2534.74,7950.9
3711,32,83,26.5166,2969.97,8048.05
3712,32,84,18.7758,3349.27,8117.42
3713,32,85,11.84,3691.43,8171.16
3714,32,86,7.08932,3927.38,8179.45
3715,32,87,4.55895,4053.9,8156.51
3716,32,88,4.78565,4042.49,8120.61
3717,32,89,10.2572,3765.27,8158.81
3718,32,90,19.1344,3312.53,8326.76
3719,32,91,26.4889,2935,8437.06
3720,32,92,27.958,2859.1,8408.38
3721,32,93,25.7058,2976.21,8389.53
3722,32,94,20.8791,3228.81,8430.11
3723,32,95,15.3185,3521.66,8500.22
3724,32,96,10.3531,3784.83,8553.66
3725,32,97,6.16579,4008.16,8585.55
3726,32,98,2.85446,4185.86,8595.74
3727,32,99,0.906306,4291.06,8579.44
3728,32,100,1.37501,4265.6,8549.13
3729,32,101,4.9177,4071.93,8575.27
3730,32,102,12.0192,3681.35,8781.83
3731,32,103,18.5108,3322.14,8954.71
3732,32,104,20.1088,3233.19,8936.72
3733,32,105,19.6422,3259.32,8907.53
3734,32,106,16.1986,3453.31,8943.4
3735,32,107,12.4855,3663.72,8993.52
3736,32,108,9.07574,3858.07,9034.18
3737,32,109,6.0355,4032.38,9063.1
3738,32,110,3.79567,4161.55,9067.16
3739,32,111,2.65876,4227.49,9047.56
3740,32,112,3.23665,4193.78,9021.9
3741,32,113,6.07487,4027.27,9054.65
3742,32,114,10.9907,3737.23,9214.3
3743,32,115,15.4401,3473.23,9344.1
3744,32,116,16.6251,3402.53,9328.06
3745,32,117,16.295,3422.34,9301.76
3746,32,118,13.722,3577.57,9334.21
3747,32,119,10.9285,3747.05,9380.04
3748,32,120,8.30865,3906.86,9419.59
3749,32,121,5.92608,4052.99,9449.9
3750,32,122,4.09643,4165.82,9458.45
3751,32,123,3.10016,4227.59,9443.31
3752,32,124,3.34381,4212.4,9418.49
3753,32,125,5.42441,4082.01,9443.64
3754,32,126,9.38396,3832.56,9605.94
3755,32,127,13.1776,3592.3,9756.28
3756,32,128,14.279,3522.18,9746.27
3757,32,129,14.1131,3532.79,9721.67
3758,32,130,12.1649,3658.13,9748.31
3759,32,131,9.995,3798.45,9789.53
3760,32,132,7.85709,3937.41,9830.95
3761,32,133,5.87113,4067.16,9865.28
3762,33,37,-615.8,23573.2,968.414
3763,33,38,-323.343,13532.2,1292.62
3764,33,39,-114.071,6277.43,1522.95
3765,33,40,120.714,-1940.07,1951.08
3766,33,41,384.9,-11274.6,2616.49
3767,33,42,648.236,-20667,3364.39
3768,33,43,776.591,-25287.7,3525.85
3769,33,44,652.773,-20789,3743.25
3770,33,45,515.374,-15751,4117.81
3771,33,46,350.026,-9633.18,4794.66
3772,33,47,216.275,-4639.8,5273.87
3773,33,48,123.707,-1153.09,5507.22
3774,33,49,56.7745,1390.36,5624.99
3775,33,50,18.3519,2863.23,5625.67
3776,33,51,6.42807,3324.28,5559.62
3777,33,52,25.406,2584.14,5517.98
3778,33,53,70.4494,812.44,5645.65
3779,33,54,134.473,-1727.15,6024.91
3780,33,55,182.235,-3637.65,6234.69
3781,33,56,179.95,-3545.48,6169.43
3782,33,57,165.258,-2948,6141.92
3783,33,58,128.908,-1457.65,6326.33
3784,33,59,91.4243,91.6675,6554.78
3785,33,60,60.6106,1375.57,6710.6
3786,33,61,36.4118,2391.92,6799.68
3787,33,62,21.0863,3040.7,6808.67
3788,33,63,12.3819,3412.09,6777.2
3789,33,64,15.1061,3294.95,6726.28
3790,33,65,33.9572,2478.07,6816.5
3791,33,66,62.4736,1232.85,7116.48
3792,33,67,83.7423,297.028,7274.49
3793,33,68,85.0689,238.217,7224.33
3794,33,69,79.2397,498.587,7194.15
3795,33,70,63.8414,1191.51,7292.42
3796,33,71,47.1866,1946.53,7429.62
3797,33,72,33.1856,2585.91,7523.13
3798,33,73,20.7554,3157.7,7596.29
3799,33,74,12.8896,3522.14,7602.5
3800,33,75,8.43763,3729.9,7575.98
3801,33,76,10.5008,3632.94,7536.8
3802,33,77,20.0443,3181.21,7592.47
3803,33,78,35.3727,2450.56,7818.89
3804,33,79,48.1041,1839.45,7971.71
3805,33,80,50.2603,1735.23,7935.84
3806,33,81,47.9648,1846.95,7902.35
3807,33,82,39.9623,2239.07,7957.91
3808,33,83,30.4919,2706.28,8060.46
3809,33,84,22.3004,3113.12,8133.87
3810,33,85,14.9699,3479.64,8190.78
3811,33,86,9.92739,3733.45,8200.71
3812,33,87,7.2018,3871.55,8178.18
3813,33,88,7.34221,3864.39,8141.47
3814,33,89,12.916,3578.26,8177
3815,33,90,22.0077,3108.53,8341.32
3816,33,91,29.5141,2718.19,8448.09
3817,33,92,30.9313,2644.03,8418.03
3818,33,93,28.5078,2771.67,8399.98
3819,33,94,23.435,3040.52,8443.11
3820,33,95,17.6167,3350.83,8516.14
3821,33,96,12.4244,3629.49,8571.87
3822,33,97,8.04445,3866,8605.39
3823,33,98,4.57585,4054.46,8616.63
3824,33,99,2.51816,4166.95,8600.64
3825,33,100,2.95324,4143.02,8569.62
3826,33,101,6.55287,3943.84,8594.05
3827,33,102,13.8105,3539.83,8798.09
3828,33,103,20.4346,3168.89,8968.33
3829,33,104,22.0235,3079.37,8949.09
3830,33,105,21.4917,3109.51,8919.71
3831,33,106,17.905,3313.95,8957.32
3832,33,107,14.0474,3535.12,9009.25
3833,33,108,10.5068,3739.3,9051.42
3834,33,109,7.35041,3922.37,9081.52
3835,33,110,5.01944,4058.34,9086.25
3836,33,111,3.82276,4128.55,9066.73
3837,33,112,4.38601,4095.31,9040.44
3838,33,113,7.26592,3924.44,9071.83
3839,33,114,12.2726,3625.71,9229.62
3840,33,115,16.7984,3354.16,9357.52
3841,33,116,17.9792,3282.92,9340.55
3842,33,117,17.6095,3305.35,9314.08
3843,33,118,14.9461,3467.82,9347.8
3844,33,119,12.0602,3644.82,9394.99
3845,33,120,9.35509,3811.63,9435.71
3846,33,121,6.89547,3964.13,9466.96
3847,33,122,5.00362,4082.05,9476.09
3848,33,123,3.96552,4147.11,9461.08
3849,33,124,4.19565,4132.61,9435.83
3850,33,125,6.30268,3999.16,9459.96
3851,33,126,10.3278,3742.9,9620.82
3852,33,127,14.1814,3496.27,9769.64
3853,33,128,15.2848,3425.28,9758.82
3854,33,129,15.0948,3437.57,9734.02
3855,33,130,13.0868,3568.09,9761.59
3856,33,131,10.8544,3713.94,9803.85
3857,33,132,8.65658,3858.26,9846.25
3858,33,133,6.61547,3992.98,9881.39
3859,34,38,62.5,-615.4,526.153
3860,34,39,212.914,-5930.04,684.275
3861,34,40,421.357,-13364.5,1095.38
3862,34,41,676.429,-22547.1,1747.74
3863,34,42,933.5,-31887.3,2442.11
3864,34,43,1030.47,-35443,2512.38
3865,34,44,837.982,-28320.8,3115.29
3866,34,45,646.815,-21183.9,3784.24
3867,34,46,435.808,-13236,4690.35
3868,34,47,270.695,-6961.7,5275.37
3869,34,48,158.529,-2662,5552.24
3870,34,49,78.8765,417.876,5689.03
3871,34,50,33.3333,2194.06,5694.3
3872,34,51,18.42,2780.65,5625.56
3873,34,52,38.1333,1998.69,5575.91
3874,34,53,86.4083,67.6902,5690.59
3875,34,54,155.009,-2699.21,6050.66
3876,34,55,205.247,-4742.21,6240.61
3877,34,56,200.762,-4558.33,6174.05
3878,34,57,183.111,-3828.75,6152.45
3879,34,58,142.425,-2133.49,6355.12
3880,34,59,101.018,-394.419,6598.28
3881,34,60,67.2112,1036.74,6762.08
3882,34,61,40.8125,2163.08,6854.72
3883,34,62,24.1266,2880.58,6864
3884,34,63,14.6392,3291.7,6831.35
3885,34,64,17.3935,3171.43,6777.99
3886,34,65,37.2799,2296.43,6864.74
3887,34,66,67.3232,964.507,7159.82
3888,34,67,89.5577,-28.6333,7311.84
3889,34,68,90.6277,-76.7857,7259.57
3890,34,69,84.1659,216.151,7229.84
3891,34,70,67.669,969.507,7332.2
3892,34,71,49.9362,1785.22,7473.03
3893,34,72,35.0761,2473.74,7568.35
3894,34,73,21.9299,3087.22,7642.27
3895,34,74,13.6232,3477.64,7647.99
3896,34,75,8.92424,3700.06,7620.47
3897,34,76,11.0607,3598.22,7579.93
3898,34,77,21.0125,3120.53,7634.24
3899,34,78,36.9792,2348.81,7859.06
3900,34,79,50.1943,1705.68,8009.47
3901,34,80,52.3533,1599.89,7972.06
3902,34,81,49.8749,1722.15,7938.1
3903,34,82,41.4679,2139.7,7994.83
3904,34,83,31.5584,2635.18,8098.68
3905,34,84,23.0039,3065.75,8172.62
3906,34,85,15.3644,3452.82,8229.6
3907,34,86,10.1167,3720.45,8239.05
3908,34,87,7.28313,3865.91,8215.77
3909,34,88,7.42569,3858.54,8178.21
3910,34,89,13.1956,3558.51,8213.09
3911,34,90,22.5964,3066.53,8376.84
3912,34,91,30.3414,2658.63,8482.55
3913,34,92,31.7786,2582.46,8451.55
3914,34,93,29.246,2717.53,8433.21
3915,34,94,23.9827,2999.99,8476.6
3916,34,95,17.9591,3325.27,8549.9
3917,34,96,12.5911,3616.93,8605.59
3918,34,97,8.06905,3864.13,8638.81
3919,34,98,4.49296,4060.82,8649.56
3920,34,99,2.37543,4177.99,8632.96
3921,34,100,2.82776,4152.81,8601.35
3922,34,101,6.53695,3945.09,8625.48
3923,34,102,14.0054,3524.37,8829.63
3924,34,103,20.8132,3138.6,8999.53
3925,34,104,22.4362,3046.08,8979.62
3926,34,105,21.8781,3078.08,8949.77
3927,34,106,18.1826,3291.19,8987.43
3928,34,107,14.2132,3521.41,9039.39
3929,34,108,10.5738,3733.71,9081.41
3930,34,109,7.33259,3923.86,9111.25
3931,34,110,4.94153,4064.94,9115.57
3932,34,111,3.71617,4137.64,9095.58
3933,34,112,4.29637,4103.02,9068.86
3934,34,113,7.25053,3925.77,9100.04
3935,34,114,12.3812,3616.22,9257.89
3936,34,115,17.0147,3335.12,9385.57
3937,34,116,18.2188,3261.67,9368.1
3938,34,117,17.8346,3285.24,9341.26
3939,34,118,15.1032,3453.68,9374.96
3940,34,119,12.1465,3636.99,9422.11
3941,34,120,9.37727,3809.61,9462.7
3942,34,121,6.86124,3967.28,9493.73
3943,34,122,4.92765,4089.09,9502.54
3944,34,123,3.86816,4156.19,9487.15
3945,34,124,4.10549,4141.08,9461.56
3946,34,125,6.26028,4003.18,9485.54
3947,34,126,10.3729,3738.6,9646.55
3948,34,127,14.3075,3484.16,9795.34
3949,34,128,15.4315,3411.1,9784.14
3950,34,129,15.2345,3423.97,9759.03
3951,34,130,13.1822,3558.74,9786.53
3952,34,131,10.9023,3709.21,9828.74
3953,34,132,8.6591,3858.01,9871.02
3954,34,133,6.57711,3996.81,9905.98
3955,35,39,389.3,-12573.9,433.902
3956,35,40,608.429,-20535.6,793.265
3957,35,41,882.929,-30600.6,1382.62
3958,35,42,1152.64,-40580,1987.11
3959,35,43,1222.47,-43186.8,1987.54
3960,35,44,953.079,-33039.8,2965.85
3961,35,45,706.227,-23659.5,3801.31
3962,35,46,450.15,-13843.2,4781.01
3963,35,47,257.429,-6391.26,5369.89
3964,35,48,131.134,-1465.78,5627.26
3965,35,49,44.5143,1941.27,5739.58
3966,35,50,-2.42647,3803.25,5724.58
3967,35,51,-14.8873,4301.68,5645.28
3968,35,52,10.7172,3268.97,5600.94
3969,35,53,66.9596,981.775,5733.92
3970,35,54,144.365,-2191.86,6114.82
3971,35,55,200.401,-4508.01,6311.21
3972,35,56,195.949,-4322.51,6240.24
3973,35,57,177.182,-3534.28,6213.29
3974,35,58,133.599,-1689.28,6407.96
3975,35,59,89.5862,188.611,6640.3
3976,35,60,54.0581,1716.32,6792.18
3977,35,61,26.6783,2902.78,6873.18
3978,35,62,9.81007,3639.35,6873.19
3979,35,63,0.655665,4042.15,6833.99
3980,35,64,4.52592,3870.57,6780.55
3981,35,65,26.5254,2887.92,6878.38
3982,35,66,59.1186,1421.23,7189.57
3983,35,67,83.1979,329.636,7349.92
3984,35,68,84.705,260.812,7296.2
3985,35,69,78.2123,559.473,7262.8
3986,35,70,61.1297,1350.97,7358.8
3987,35,71,42.7918,2206.73,7492.38
3988,35,72,27.5257,2924.25,7580.58
3989,35,73,14.0925,3560.08,7647.5
3990,35,74,5.76229,3957.16,7647.83
3991,35,75,1.2176,4175.3,7616.58
3992,35,76,3.82279,4049.38,7576.52
3993,35,77,14.5741,3526.15,7637.25
3994,35,78,31.5592,2693.88,7872.8
3995,35,79,45.6025,2001.08,8030.36
3996,35,80,48.055,1879.27,7992.96
3997,35,81,45.6541,1999.32,7956.96
3998,35,82,37.0726,2431.25,8009.47
3999,35,83,26.9381,2944.74,8108.41
4000,35,84,18.2262,3389.04,8177.64
4001,35,85,10.4745,3786.96,8230.04
4002,35,86,5.21301,4058.81,8235.81
4003,35,87,2.45759,4202.09,8210.08
4004,35,88,2.78414,4185,8172.01
4005,35,89,8.93261,3861.18,8210.97
4006,35,90,18.8215,3337.07,8381.92
4007,35,91,26.9706,2902.45,8492.67
4008,35,92,28.5737,2816.42,8461.88
4009,35,93,26.0639,2951.95,8441.6
4010,35,94,20.7312,3241.69,8481.83
4011,35,95,14.6167,3575.95,8551.58
4012,35,96,9.1833,3874.78,8603.85
4013,35,97,4.62591,4126.96,8633.94
4014,35,98,1.04567,4326.26,8641.95
4015,35,99,-1.03094,4442.55,8623.44
4016,35,100,-0.461685,4410.48,8591.77
4017,35,101,3.45642,4188.46,8618.81
4018,35,102,11.2352,3745.07,8829.76
4019,35,103,18.3205,3338.84,9005.1
4020,35,104,20.0612,3238.46,8985.83
4021,35,105,19.5543,3267.86,8955.19
4022,35,106,15.8207,3485.66,8990.47
4023,35,107,11.8072,3721.11,9039.87
4024,35,108,8.13445,3937.81,9079.42
4025,35,109,4.87186,4131.39,9106.9
4026,35,110,2.48264,4273.94,9109.28
4027,35,111,1.28932,4345.54,9088.05
4028,35,112,1.94662,4305.88,9061.49
4029,35,113,5.03505,4118.52,9095.1
4030,35,114,10.3494,3794.35,9257.67
4031,35,115,15.1475,3500.06,9389.16
4032,35,116,16.4265,3421.19,9372.22
4033,35,117,16.0762,3442.91,9344.79
4034,35,118,13.3216,3614.61,9376.63
4035,35,119,10.3373,3801.63,9421.79
4036,35,120,7.54572,3977.5,9460.42
4037,35,121,5.01396,4137.84,9489.57
4038,35,122,3.07841,4261.07,9496.78
4039,35,123,2.03667,4327.74,9480.33
4040,35,124,2.31997,4309.52,9454.69
4041,35,125,4.56136,4164.57,9480.48
4042,35,126,8.80028,3889.04,9645.53
4043,35,127,12.8533,3624.24,9797.84
4044,35,128,14.0322,3546.83,9787.23
4045,35,129,13.8605,3558.17,9761.72
4046,35,130,11.7941,3695.24,9787.76
4047,35,131,9.49582,3848.46,9828.36
4048,35,132,7.23552,3999.9,9869.03
4049,35,133,5.14024,4140.98,9902.43
4050,36,40,779.3,-27142.6,620.21
4051,36,41,1088.34,-38680.2,1122.91
4052,36,42,1376.43,-49531.4,1622.12
4053,36,43,1407.76,-50722.1,1578.12
4054,36,44,1037.33,-36522.3,2958.3
4055,36,45,724.261,-24416.9,3888.61
4056,36,46,418.345,-12486.2,4871.25
4057,36,47,198.804,-3850.87,5417.66
4058,36,48,62.0989,1571.77,5626.59
4059,36,49,-27.033,5137.04,5695.53
4060,36,50,-70.6929,6897.99,5651.22
4061,36,51,-76.1779,7121.05,5561.84
4062,36,52,-40.3505,5652.13,5535.85
4063,36,53,27.8153,2834.61,5710.71
4064,36,54,117.489,-901.816,6140.13
4065,36,55,181.817,-3603.55,6359.12
4066,36,56,178.71,-3472.06,6282.84
4067,36,57,159.804,-2665.39,6246.32
4068,36,58,113.943,-693.35,6423.83
4069,36,59,67.9,1301.83,6636.72
4070,36,60,31.2646,2901.58,6769.9
4071,36,61,3.53197,4121.82,6834.2
4072,36,62,-12.8712,4849.02,6822.02
4073,36,63,-21.0594,5214.76,6775.1
4074,36,64,-15.4246,4961.2,6723.94
4075,36,65,9.37152,3837.1,6841.51
4076,36,66,45.1742,2202.12,7180.83
4077,36,67,71.6299,985.151,7357.14
4078,36,68,73.9295,878.607,7302.71
4079,36,69,67.6888,1169.84,7264.47
4080,36,70,50.2314,1990.34,7350.93
4081,36,71,31.4802,2877.89,7473.99
4082,36,72,16.0002,3615.77,7552.43
4083,36,73,2.46668,4265.38,7610.05
4084,36,74,-5.69453,4659.84,7603.64
4085,36,75,-9.89362,4864.2,7568.11
4086,36,76,-6.61934,4703.76,7529.84
4087,36,77,5.14124,4123.57,7601.01
4088,36,78,23.355,3218.95,7853.53
4089,36,79,38.4096,2466.22,8022.9
4090,36,80,41.2908,2321.2,7986.38
4091,36,81,39.0796,2433.23,7948.02
4092,36,82,30.4127,2875.25,7994.79
4093,36,83,20.1334,3402.92,8087.12
4094,36,84,11.3437,3857.05,8150.17
4095,36,85,3.55717,4261.95,8196.72
4096,36,86,-1.63937,4533.9,8197.97
4097,36,87,-4.23722,4670.72,8169.46
4098,36,88,-3.6457,4639.37,8131.27
4099,36,89,2.96863,4286.61,8176.56
4100,36,90,13.434,3724.97,8358.33
4101,36,91,22.0666,3258.81,8476.88
4102,36,92,23.8979,3159.31,8446.9
4103,36,93,21.4628,3292.42,8424.29
4104,36,94,16.1053,3587.09,8460.46
4105,36,95,9.94123,3928.17,8525.66
4106,36,96,4.48297,4232.01,8573.64
4107,36,97,-0.0698043,4486.96,8599.85
4108,36,98,-3.61463,4686.66,8604.58
4109,36,99,-5.61051,4799.76,8583.87
4110,36,100,-4.88282,4758.28,8552.51
4111,36,101,-0.712013,4519.15,8583.9
4112,36,102,7.42338,4050.01,8804.62
4113,36,103,14.8292,3620.47,8987.9
4114,36,104,16.7215,3510.09,8969.86
4115,36,105,16.2955,3535.08,8938.44
4116,36,106,12.5486,3756.15,8970.72
4117,36,107,8.51452,3995.5,9016.91
4118,36,108,4.83136,4215.27,9053.39
4119,36,109,1.56986,4410.96,9078
4120,36,110,-0.795021,4553.64,9078.06
4121,36,111,-1.93349,4622.7,9055.46
4122,36,112,-1.1754,4576.46,9029.36
4123,36,113,2.07227,4377.27,9066.5
4124,36,114,7.59615,4036.63,9235.75
4125,36,115,12.583,3727.44,9372.74
4126,36,116,13.9569,3641.8,9356.76
4127,36,117,13.6583,3660.52,9328.75
4128,36,118,10.8956,3834.57,9358.27
4129,36,119,7.89804,4024.41,9400.95
4130,36,120,5.09816,4202.67,9437.17
4131,36,121,2.56444,4364.83,9464.04
4132,36,122,0.640701,4488.59,9469.36
4133,36,123,-0.369307,4553.91,9451.71
4134,36,124,-0.0255703,4531.56,9426.18
4135,36,125,2.31775,4378.47,9454.58
4136,36,126,6.69914,4090.75,9625.24
4137,36,127,10.886,3814.42,9782.52
4138,36,128,12.1325,3731.74,9772.89
4139,36,129,11.9976,3740.73,9747
4140,36,130,9.9269,3879.47,9771.23
4141,36,131,7.61963,4034.82,9809.86
4142,36,132,5.35141,4188.31,9848.55
4143,36,133,3.25182,4331.08,9880.05
4144,37,41,1364,-49614.6,767.045
4145,37,42,1656.23,-60816.7,1162.14
4146,37,43,1616.57,-59283.3,1130.54
4147,37,44,1101.33,-39189,3013.24
4148,37,45,704.467,-23578.9,3988.8
4149,37,46,341.327,-9174.38,4926.28
4150,37,47,95.8727,643.8,5397.54
4151,37,48,-46.4615,6384.62,5539.03
4152,37,49,-132.604,9887.76,5554.34
4153,37,50,-167.42,11315.2,5479.35
4154,37,51,-160.739,11039.1,5386.95
4155,37,52,-109.863,8919.23,5396.7
4156,37,53,-25.5,5375.97,5637.04
4157,37,54,80.0619,907.183,6137.41
4158,37,55,155.1,-2294.44,6390.27
4159,37,56,154.355,-2262.4,6308.89
4160,37,57,135.968,-1465.62,6261.2
4161,37,58,88.1039,624.429,6417.53
4162,37,59,40.3043,2727.61,6607.14
4163,37,60,2.91565,4385.17,6718.75
4164,37,61,-24.7677,5621.7,6764.41
4165,37,62,-40.2557,6318.66,6739.37
4166,37,63,-47.022,6625.4,6685.08
4167,37,64,-39.1303,6265.01,6638.63
4168,37,65,-10.9892,4970.52,6781.71
4169,37,66,28.5577,3138.18,7155.99
4170,37,67,57.7923,1773.9,7352.24
4171,37,68,61.1004,1618.41,7297.73
4172,37,69,55.259,1894.91,7254.47
4173,37,70,37.5059,2741.14,7330.38
4174,37,71,18.4104,3657.73,7441.89
4175,37,72,2.79653,4412.39,7509.73
4176,37,73,-10.7549,5071.9,7557.41
4177,37,74,-18.6497,5458.74,7544.03
4178,37,75,-22.3998,5643.75,7504.34
4179,37,76,-18.3365,5441.94,7468.8
4180,37,77,-5.43066,4796.65,7552.45
4181,37,78,14.1539,3810.89,7824.68
4182,37,79,30.3366,2990.97,8007.74
4183,37,80,33.7157,2818.63,7972.57
4184,37,81,31.743,2919.9,7931.89
4185,37,82,23.0182,3370.68,7972.57
4186,37,83,12.6161,3911.59,8057.88
4187,37,84,3.77339,4374.36,8114.41
4188,37,85,-4.02194,4784.91,8154.82
4189,37,86,-9.12317,5055.27,8151.44
4190,37,87,-11.5294,5183.61,8120.2
4191,37,88,-10.6347,5135.59,8082.21
4192,37,89,-3.50701,4750.7,8134.76
4193,37,90,7.58578,4147.99,8328.62
4194,37,91,16.7449,3647.29,8455.9
4195,37,92,18.8317,3532.51,8426.99
4196,37,93,16.489,3662.15,8402.03
4197,37,94,11.1182,3961.12,8433.99
4198,37,95,4.91426,4308.54,8494.45
4199,37,96,-0.558377,4616.83,8537.98
4200,37,97,-5.09513,4873.92,8560.21
4201,37,98,-8.5922,5073.25,8561.58
4202,37,99,-10.4934,5182.25,8538.7
4203,37,100,-9.59041,5130.18,8507.85
4204,37,101,-5.14642,4872.43,8544.1
4205,37,102,3.36988,4375.64,8775.43
4206,37,103,11.1178,3921.1,8967.34
4207,37,104,13.1749,3799.73,8950.72
4208,37,105,12.8394,3819.64,8918.58
4209,37,106,9.08412,4043.7,8947.77
4210,37,107,5.034,4286.71,8990.66
4211,37,108,1.34522,4509.26,9023.99
4212,37,109,-1.91013,4706.75,9045.67
4213,37,110,-4.24487,4849.17,9043.38
4214,37,111,-5.32171,4915.22,9019.44
4215,37,112,-4.4545,4861.74,8993.95
4216,37,113,-1.0373,4649.88,9034.91
4217,37,114,4.70795,4291.75,9211.31
4218,37,115,9.89418,3966.75,9354.16
4219,37,116,11.3697,3873.8,9339.26
4220,37,117,11.1275,3889.13,9310.7
4221,37,118,8.35923,4065.38,9337.87
4222,37,119,5.35051,4257.94,9378.01
4223,37,120,2.54463,4438.45,9411.78
4224,37,121,0.0113739,4602.27,9436.33
4225,37,122,-1.89773,4726.36,9439.72
4226,37,123,-2.8726,4790.05,9420.89
4227,37,124,-2.46416,4763.23,9395.55
4228,37,125,-0.013381,4601.48,9426.75
4229,37,126,4.51717,4300.95,9603.31
4230,37,127,8.844,4012.49,9765.82
4231,37,128,10.162,3924.19,9757.26
4232,37,129,10.0665,3930.62,9731.02
4233,37,130,7.99291,4070.93,9753.41
4234,37,131,5.67777,4228.36,9790.04
4235,37,132,3.40275,4383.82,9826.72
4236,37,133,1.30005,4528.21,9856.3
4237,38,42,1909.5,-71116.4,900.063
4238,38,43,1772.2,-65715.9,958.698
4239,38,44,1065.29,-37675,3108.91
4240,38,45,578.214,-18192.1,4010.82
4241,38,46,162.433,-1422.31,4820.18
4242,38,47,-96.3333,9100.87,5167.23
4243,38,48,-229.6,14564.8,5217.74
4244,38,49,-299.577,17457.2,5171.03
4245,38,50,-314.06,18060.7,5072.41
4246,38,51,-285.477,16860.2,4999.21
4247,38,52,-211.186,13715.2,5086.62
4248,38,53,-103.612,9125.34,5444.49
4249,38,54,23.5588,3657,6062.92
4250,38,55,113.213,-227.997,6373.29
4251,38,56,116.798,-384.57,6288.48
4252,38,57,100.328,340.129,6227.82
4253,38,58,51.3,2513.7,6356.8
4254,38,59,2.50085,4693.39,6517.44
4255,38,60,-34.8518,6374.26,6603.35
4256,38,61,-61.6948,7591.14,6627.71
4257,38,62,-75.4677,8220.1,6589.17
4258,38,63,-80.0458,8430.7,6528.56
4259,38,64,-69.1233,7924.62,6491.44
4260,38,65,-36.8298,6417.59,6670.84
4261,38,66,7.2266,4346.94,7093.04
4262,38,67,39.8323,2803.61,7316.91
4263,38,68,44.5125,2580.51,7263.67
4264,38,69,39.3427,2828.66,7215.18
4265,38,70,21.4783,3692.11,7278.84
4266,38,71,2.20229,4630.21,7377.06
4267,38,72,-13.3776,5393.62,7432.97
4268,38,73,-26.7833,6054.97,7469.62
4269,38,74,-34.2385,6425.25,7448.87
4270,38,75,-37.3655,6581.6,7405.25
4271,38,76,-32.3263,6327.96,7374.13
4272,38,77,-18.0757,5605.93,7474.06
4273,38,78,3.08101,4526.94,7771.26
4274,38,79,20.5616,3629.6,7971.73
4275,38,80,24.5526,3423.4,7938.82
4276,38,81,22.9066,3508.99,7895.9
4277,38,82,14.1868,3965.32,7929.8
4278,38,83,3.71644,4516.76,8007.28
4279,38,84,-5.12384,4985.3,8056.64
4280,38,85,-12.8733,5398.6,8090.37
4281,38,86,-17.8214,5664.15,8082.07
4282,38,87,-19.976,5780.5,8048.15
4283,38,88,-18.7149,5711.98,8010.91
4284,38,89,-11.0023,5290.36,8072.48
4285,38,90,0.791888,4641.68,8281.05
4286,38,91,10.5419,4102.18,8418.98
4287,38,92,12.9302,3969.23,8391.67
4288,38,93,10.7145,4093.31,8364.29
4289,38,94,5.35792,4395.06,8391.66
4290,38,95,-0.861361,4747.49,8446.96
4291,38,96,-6.32373,5058.84,8485.68
4292,38,97,-10.8195,5316.6,8503.65
4293,38,98,-14.2436,5514.05,8501.48
4294,38,99,-16.0238,5617.31,8476.42
4295,38,100,-14.9166,5552.72,8446.46
4296,38,101,-10.1673,5274.09,8488.56
4297,38,102,-1.23444,4747.06,8732.4
4298,38,103,6.8878,4265.14,8934.44
4299,38,104,9.13257,4131.2,8919.67
4300,38,105,8.90608,4144.79,8886.9
4301,38,106,5.15597,4371.05,8912.77
4302,38,107,1.10237,4616.96,8952.11
4303,38,108,-2.57958,4841.56,8982.05
4304,38,109,-5.81632,5040.08,9000.61
4305,38,110,-8.10802,5181.4,8995.87
4306,38,111,-9.10954,5243.5,8970.59
4307,38,112,-8.11821,5181.71,8945.97
4308,38,113,-4.51467,4955.88,8991.43
4309,38,114,1.47014,4578.84,9176.1
4310,38,115,6.87237,4236.7,9325.73
4311,38,116,8.46171,4135.51,9312.18
4312,38,117,8.28622,4146.74,9283.15
4313,38,118,5.51972,4324.72,9307.79
4314,38,119,2.50687,4519.55,9345.21
4315,38,120,-0.298098,4701.88,9376.36
4316,38,121,-2.82399,4866.9,9398.46
4317,38,122,-4.7113,4990.83,9399.83
4318,38,123,-5.64341,5052.35,9379.8
4319,38,124,-5.16188,5020.41,9354.8
4320,38,125,-2.59409,4849.22,9389.23
4321,38,126,2.09627,4534.97,9572.53
4322,38,127,6.57305,4233.53,9741
4323,38,128,7.96993,4139.01,9733.72
4324,38,129,7.92005,4142.4,9707.18
4325,38,130,5.84798,4284,9727.62
4326,38,131,3.52922,4443.22,9762.11
4327,38,132,1.25154,4600.38,9796.67
4328,38,133,-0.850156,4746.09,9824.2
4329,39,43,1949.9,-73120.1,822.993
4330,39,44,948.114,-32714.7,3190.32
4331,39,45,355.357,-8609.29,3952.29
4332,39,46,-108.655,10415.2,4583.23
4333,39,47,-364.683,20997.7,4781.6
4334,39,48,-470.933,25424.8,4740.86
4335,39,49,-509.755,27055.3,4645.4
4336,39,50,-491.622,26287.7,4550.41
4337,39,51,-431.324,23715,4535.07
4338,39,52,-325.585,19168.2,4747.42
4339,39,53,-188.414,13224.1,5260.08
4340,39,54,-34.7471,6513.99,6013.03
4341,39,55,72.3137,1803.31,6383.42
4342,39,56,80.8421,1425.22,6296.37
4343,39,57,66.4228,2069.28,6224.23
4344,39,58,15.8827,4343.59,6327.64
4345,39,59,-34.1909,6613.59,6460.83
4346,39,60,-71.6036,8322.11,6522.6
4347,39,61,-97.585,9517.25,6527.35
4348,39,62,-109.515,10070,6477.2
4349,39,63,-111.735,10173.6,6412.2
4350,39,64,-97.535,9506.21,6385.97
4351,39,65,-60.7448,7764.8,6601.05
4352,39,66,-11.8333,5433.36,7067.35
4353,39,67,24.3355,3697.25,7315.52
4354,39,68,30.3608,3406.03,7263.36
4355,39,69,25.7706,3629.42,7210.36
4356,39,70,7.63783,4517.93,7263.34
4357,39,71,-11.9676,5485.13,7349.78
4358,39,72,-27.6304,6263.05,7395.11
4359,39,73,-40.9877,6930.91,7421.93
4360,39,74,-48.068,7287.28,7394.76
4361,39,75,-50.6164,7416.41,7347.85
4362,39,76,-44.6146,7110.31,7320.94
4363,39,77,-29.003,6308.92,7435.21
4364,39,78,-6.24212,5132.94,7753.53
4365,39,79,12.546,4155.96,7968.26
4366,39,80,17.1087,3917.18,7937.07
4367,39,81,15.7324,3989.66,7892.17
4368,39,82,6.94235,4455.53,7920.32
4369,39,83,-3.67141,5021.6,7991.09
4370,39,84,-12.5748,5499.42,8034.26
4371,39,85,-20.337,5918.57,8062.2
4372,39,86,-25.1803,6181.73,8049.64
4373,39,87,-27.1224,6287.9,8013.41
4374,39,88,-25.5251,6200.04,7976.81
4375,39,89,-17.243,5741.77,8045.88
4376,39,90,-4.7551,5046.61,8266.34
4377,39,91,5.57217,4468.28,8412.69
4378,39,92,8.23293,4318.39,8386.54
4379,39,93,6.1075,4438.83,8357.08
4380,39,94,0.724163,4745.68,8380.59
4381,39,95,-5.55075,5105.44,8431.52
4382,39,96,-11.0398,5421.98,8466.14
4383,39,97,-15.5281,5682.3,8480.45
4384,39,98,-18.9093,5879.54,8475.24
4385,39,99,-20.595,5978.43,8448.3
4386,39,100,-19.3046,5902.3,8419.02
4387,39,101,-14.2652,5603.29,8465.83
4388,39,102,-4.92514,5046,8719.52
4389,39,103,3.56058,4536.86,8929.41
4390,39,104,5.9742,4391.24,8915.96
4391,39,105,5.83522,4399.67,8882.58
4392,39,106,2.06514,4629.64,8905.69
4393,39,107,-2.01637,4879.98,8942.05
4394,39,108,-5.71441,5108.02,8969.17
4395,39,109,-8.95402,5308.88,8985.08
4396,39,110,-11.2222,5450.26,8978.25
4397,39,111,-12.1659,5509.4,8951.81
4398,39,112,-11.0651,5440.05,8927.81
4399,39,113,-7.28691,5200.77,8976.77
4400,39,114,-1.07166,4805.06,9167.78
4401,39,115,4.53691,4446.11,9322.53
4402,39,116,6.22689,4337.39,9309.92
4403,39,117,6.10353,4345.37,9280.41
4404,39,118,3.32243,4526.14,9302.97
4405,39,119,0.289453,4724.29,9338.16
4406,39,120,-2.52985,4909.43,9367.13
4407,39,121,-5.06282,5076.6,9387.16
4408,39,122,-6.94176,5201.24,9386.84
4409,39,123,-7.84333,5261.34,9365.77
4410,39,124,-7.29944,5224.9,9340.96
4411,39,125,-4.62348,5044.72,9377.85
4412,39,126,0.219603,4717.01,9566.24
4413,39,127,4.83916,4402.88,9739.14
4414,39,128,6.30561,4302.67,9732.74
4415,39,129,6.29121,4303.66,9705.89
4416,39,130,4.2095,4447.3,9724.73
4417,39,131,1.87612,4609.08,9757.48
4418,39,132,-0.414854,4768.68,9790.28
4419,39,133,-2.52571,4916.44,9816.12
4420,40,44,532.1,-14964.8,3056.74
4421,40,45,-119.571,11971,3546.11
4422,40,46,-580.464,31174.8,3922.87
4423,40,47,-782.548,39662.3,3950.67
4424,40,48,-819.55,41228.8,3844.36
4425,40,49,-796.412,40241.5,3749.39
4426,40,50,-722.864,37079,3733.89
4427,40,51,-613.976,32360.5,3870.38
4428,40,52,-463.868,25805.8,4308.43
4429,40,53,-287.347,18038.9,5046.34
4430,40,54,-100,9733.13,5966.4
4431,40,55,28.6,3989,6405.28
4432,40,56,43.2745,3328.65,6317.37
4433,40,57,31.4272,3865.72,6234.6
4434,40,58,-20.7491,6248.44,6312.75
4435,40,59,-72.1669,8613.66,6418.77
4436,40,60,-109.526,10344.6,6457
4437,40,61,-134.422,11506.4,6443.17
4438,40,62,-144.186,11965.3,6383
4439,40,63,-143.702,11942.5,6315.48
4440,40,64,-125.808,11089.5,6302.19
4441,40,65,-84.0133,9083.35,6553.97
4442,40,66,-29.7552,6460.88,7062.94
4443,40,67,10.2772,4512.63,7333.61
4444,40,68,17.6877,4149.52,7282.36
4445,40,69,13.6363,4349.39,7225.25
4446,40,70,-4.88347,5269.2,7268.57
4447,40,71,-24.9316,6271.61,7344.27
4448,40,72,-40.758,7068.21,7379.89
4449,40,73,-54.1288,7745.66,7397.71
4450,40,74,-60.8627,8089.09,7364.76
4451,40,75,-62.842,8190.69,7315.04
4452,40,76,-55.8549,7829.69,7292.24
4453,40,77,-38.8301,6944.4,7419.61
4454,40,78,-14.398,5665.79,7756.54
4455,40,79,5.73734,4605.33,7983.42
4456,40,80,10.8547,4334.11,7953.5
4457,40,81,9.71072,4395.12,7906.78
4458,40,82,0.791906,4873.76,7929.93
4459,40,83,-10.0247,5457.86,7994.81
4460,40,84,-19.0415,5947.77,8032.52
4461,40,85,-26.8599,6375.18,8055.3
4462,40,86,-31.6318,6637.63,8038.95
4463,40,87,-33.3861,6734.7,8000.67
4464,40,88,-31.4679,6627.92,7964.61
4465,40,89,-22.6168,6132.26,8040.1
4466,40,90,-9.42842,5389.32,8270.55
4467,40,91,1.4758,4771.41,8423.78
4468,40,92,4.39155,4605.21,8398.43
4469,40,93,2.32967,4723.43,8367.14
4470,40,94,-3.11205,5037.23,8387.33
4471,40,95,-9.47406,5406.23,8434.5
4472,40,96,-15.018,5729.63,8465.54
4473,40,97,-19.5239,5993.98,8476.66
4474,40,98,-22.8843,6192.24,8468.78
4475,40,99,-24.4937,6287.73,8440.16
4476,40,100,-23.0331,6200.58,8411.4
4477,40,101,-17.7109,5881.25,8462.11
4478,40,102,-7.96496,5293.24,8723.85
4479,40,103,0.880929,4756.59,8940
4480,40,104,3.45127,4599.8,8927.49
4481,40,105,3.38453,4603.89,8893.5
4482,40,106,-0.424934,4838.81,8914.28
4483,40,107,-4.55325,5094.77,8948.13
4484,40,108,-8.28495,5327.38,8972.82
4485,40,109,-11.5437,5531.59,8986.46
4486,40,110,-13.8028,5673.92,8977.82
4487,40,111,-14.701,5730.8,8950.34
4488,40,112,-13.5006,5654.38,8926.77
4489,40,113,-9.55449,5401.82,8978.52
4490,40,114,-3.11303,4987.42,9174.56
4491,40,115,2.69686,4611.72,9333.28
4492,40,116,4.47852,4495.91,9321.3
4493,40,117,4.39683,4501.25,9291.32
4494,40,118,1.58853,4685.66,9312.15
4495,40,119,-1.47692,4887.98,9345.47
4496,40,120,-4.32222,5076.72,9372.61
4497,40,121,-6.87326,5246.79,9390.9
4498,40,122,-8.75385,5372.78,9389.11
4499,40,123,-9.63373,5432.03,9367.13
4500,40,124,-9.03492,5391.51,9342.41
4501,40,125,-6.25637,5202.57,9381.2
4502,40,126,-1.26442,4861.45,9573.56
4503,40,127,3.49385,4534.72,9749.85
4504,40,128,5.02349,4429.17,9744.05
4505,40,129,5.03726,4428.22,9716.87
4506,40,130,2.93736,4574.51,9734.39
4507,40,131,0.580907,4739.46,9765.7
4508,40,132,-1.73148,4902.1,9797.04
4509,40,133,-3.85923,5052.46,9821.46
4510,41,45,-916.4,46765.8,2673.87
4511,41,46,-1265.31,61536.5,2772.42
4512,41,47,-1329.46,64273.6,2681.18
4513,41,48,-1238.99,60383.1,2639.61
4514,41,49,-1117.5,55118.6,2694.04
4515,41,50,-965.024,48460.5,2915.96
4516,41,51,-792.309,40861,3327.95
4517,41,52,-587.462,31779.5,4046.95
4518,41,53,-364.769,21832.5,4991.4
4519,41,54,-139.598,11699.8,6028.18
4520,41,55,11.4286,4853.3,6500.18
4521,41,56,30.0838,4001.37,6406.93
4522,41,57,18.3946,4539.08,6315.91
4523,41,58,-38.1311,7158.1,6380.66
4524,41,59,-93.1316,9724.79,6470.59
4525,41,60,-132.13,11557.7,6493.48
4526,41,61,-157.244,12746.5,6466.87
4527,41,62,-165.821,13155.3,6399.33
4528,41,63,-163.414,13039.7,6329.28
4529,41,64,-142.387,12023.4,6322.78
4530,41,65,-95.9215,9762.12,6593.44
4531,41,66,-36.5737,6854.08,7121.17
4532,41,67,6.92918,4707.94,7398.28
4533,41,68,15.1081,4301.72,7344.96
4534,41,69,10.9552,4509.36,7284.82
4535,41,70,-8.62047,5494.67,7324.22
4536,41,71,-29.721,6563.76,7395.2
4537,41,72,-46.2372,7406.09,7425.85
4538,41,73,-60.0862,8117.01,7438.65
4539,41,74,-66.8659,8467.29,7401.95
4540,41,75,-68.6151,8558.25,7349.88
4541,41,76,-60.9192,8155.49,7328.02
4542,41,77,-42.7003,7195.97,7460.2
4543,41,78,-16.7786,5822.12,7803.48
4544,41,79,4.51134,4686.65,8033.1
4545,41,80,9.94587,4395,8002.14
4546,41,81,8.79042,4457.39,7953.87
4547,41,82,-0.509278,4962.68,7975.23
4548,41,83,-11.7685,5578.18,8038.03
4549,41,84,-21.1159,6092.29,8073.41
4550,41,85,-29.1896,6539.03,8093.75
4551,41,86,-34.0677,6810.58,8075.27
4552,41,87,-35.7929,6907.19,8035.47
4553,41,88,-33.6945,6788.98,7998.9
4554,41,89,-24.3912,6261.8,8076.17
4555,41,90,-10.6044,5475.95,8309.48
4556,41,91,0.773575,4823.61,8463.97
4557,41,92,3.82848,4647.44,8437.97
4558,41,93,1.71005,4770.31,8405.62
4559,41,94,-3.91027,5098.17,8424.64
4560,41,95,-10.4746,5483.27,8470.48
4561,41,96,-16.1808,5819.94,8500.08
4562,41,97,-20.8041,6094.25,8509.73
4563,41,98,-24.2362,6299.04,8500.46
4564,41,99,-25.8542,6396.12,8470.75
4565,41,100,-24.2996,6302.32,8441.67
4566,41,101,-18.7614,5966.34,8493.28
4567,41,102,-8.6672,5350.59,8757.31
4568,41,103,0.481807,4789.45,8974.76
4569,41,104,3.14494,4625.23,8961.85
4570,41,105,3.08558,4628.91,8927.19
4571,41,106,-0.830268,4872.99,8947.24
4572,41,107,-5.06972,5138.67,8980.29
4573,41,108,-8.89598,5379.72,9004.09
4574,41,109,-12.2315,5590.97,9016.8
4575,41,110,-14.5355,5737.66,9007.27
4576,41,111,-15.4383,5795.44,8979.08
4577,41,112,-14.1842,5714.75,8955.25
4578,41,113,-10.1112,5451.37,9007.48
4579,41,114,-3.48056,5020.38,9204.67
4580,41,115,2.49405,4630.04,9364.01
4581,41,116,4.32794,4509.61,9351.68
4582,41,117,4.24804,4514.89,9321.21
4583,41,118,1.37155,4705.69,9341.55
4584,41,119,-1.76602,4914.86,9374.34
4585,41,120,-4.67522,5109.78,9400.9
4586,41,121,-7.28053,5285.2,9418.55
4587,41,122,-9.19706,5414.89,9416.13
4588,41,123,-10.0875,5475.44,9393.6
4589,41,124,-9.46359,5432.81,9368.57
4590,41,125,-6.60958,5236.83,9407.61
4591,41,126,-1.49332,4883.81,9600.81
4592,41,127,3.3796,4545.95,9777.63
4593,41,128,4.9466,4436.78,9771.56
4594,41,129,4.96241,4435.68,9743.99
4595,41,130,2.81751,4586.54,9761.18
4596,41,131,0.411897,4756.53,9792.12
4597,41,132,-1.94708,4924.02,9823.05
4598,41,133,-4.11596,5078.73,9847.02
4599,42,46,-2071.3,97537.2,1281.11
4600,42,47,-1888.17,89601.6,1348.22
4601,42,48,-1612.21,77551.5,1739.56
4602,42,49,-1367.05,66764.2,2148.42
4603,42,50,-1125.23,56043.7,2660.93
4604,42,51,-885.933,45355,3271.25
4605,42,52,-626.818,33694.8,4108.95
4606,42,53,-360.451,21619.5,5091.93
4607,42,54,-101.302,9785.04,6110.69
4608,42,55,65.8286,2097.03,6540.31
4609,42,56,79.7179,1453.49,6433.17
4610,42,57,60.3632,2356.71,6341.93
4611,42,58,-7.75,5558.03,6427.65
4612,42,59,-72.2374,8610.43,6533.26
4613,42,60,-117.54,10769.9,6562.46
4614,42,61,-146.625,12165.9,6536.83
4615,42,62,-157.03,12668.8,6466.49
4616,42,63,-155.203,12579.9,6392.05
4617,42,64,-133.061,11495,6378.44
4618,42,65,-83.5013,9050.03,6637.47
4619,42,66,-20.3992,5915.96,7148.64
4620,42,67,25.2058,3635.71,7408.31
4621,42,68,32.6368,3261.68,7348.61
4622,42,69,26.9351,3550.56,7288.78
4623,42,70,4.90739,4673.98,7338.15
4624,42,71,-18.5017,5875.64,7419.03
4625,42,72,-36.8073,6821.43,7455.86
4626,42,73,-52.1113,7617.24,7472.87
4627,42,74,-59.7851,8018.84,7436.94
4628,42,75,-62.0538,8138.32,7383.73
4629,42,76,-54.293,7727,7357.64
4630,42,77,-35.4301,6720.98,7482.56
4631,42,78,-8.50024,5275.74,7816.26
4632,42,79,13.4746,4089.1,8036.18
4633,42,80,18.7281,3803.66,8001.01
4634,42,81,17.0758,3893.99,7952.36
4635,42,82,6.91829,4452.65,7979.12
4636,42,83,-5.23078,5124.9,8048.46
4637,42,84,-15.317,5686.36,8088.51
4638,42,85,-24.0213,6173.81,8112.39
4639,42,86,-29.3458,6473.76,8095.39
4640,42,87,-31.3514,6587.4,8055.41
4641,42,88,-29.3527,6473.48,8016.93
4642,42,89,-19.8427,5928.24,8089.62
4643,42,90,-5.67878,5111.45,8316.91
4644,42,91,5.95726,4436.56,8465.57
4645,42,92,8.92869,4263.23,8437
4646,42,93,6.53261,4403.8,8405.39
4647,42,94,0.518223,4758.65,8427.84
4648,42,95,-6.45325,5172.29,8477.7
4649,42,96,-12.5132,5533.87,8510.44
4650,42,97,-17.4325,5829.03,8522.3
4651,42,98,-21.1034,6050.5,8514.37
4652,42,99,-22.8853,6158.6,8484.89
4653,42,100,-21.3786,6066.69,8454.39
4654,42,101,-15.7531,5721.67,8502.93
4655,42,102,-5.4266,5084.86,8762.56
4656,42,103,3.913,4505.81,8975.52
4657,42,104,6.55175,4341.33,8960.45
4658,42,105,6.38407,4351.83,8925.33
4659,42,106,2.24624,4612.52,8948
4660,42,107,-2.2149,4895.06,8983.85
4661,42,108,-6.2406,5151.36,9009.99
4662,42,109,-9.75228,5376.11,9024.56
4663,42,110,-12.195,5533.25,9016.07
4664,42,111,-13.1905,5597.63,8987.96
4665,42,112,-11.9643,5517.93,8962.98
4666,42,113,-7.83981,5248.46,9012.76
4667,42,114,-1.08978,4805.21,9206.64
4668,42,115,4.9817,4404.49,9362.68
4669,42,116,6.79815,4284,9348.76
4670,42,117,6.65114,4293.8,9317.98
4671,42,118,3.63752,4495.71,9340.41
4672,42,119,0.361398,4716.3,9375.47
4673,42,120,-2.67532,4921.79,9404.01
4674,42,121,-5.39576,5106.78,9423.3
4675,42,122,-7.40614,5244.16,9421.91
4676,42,123,-8.36195,5309.79,9399.63
4677,42,124,-7.76462,5268.57,9373.88
4678,42,125,-4.8831,5068.79,9411.05
4679,42,126,0.312918,4706.8,9601.62
4680,42,127,5.25715,4360.7,9775.75
4681,42,128,6.81702,4250.99,9768.32
4682,42,129,6.79067,4252.85,9740.45
4683,42,130,4.55649,4411.48,9759.26
4684,42,131,2.05877,4589.65,9792.05
4685,42,132,-0.388247,4765.02,9824.73
4686,42,133,-2.63816,4927.01,9850.2
4687,43,47,-2062,97539.8,1294.56
4688,43,48,-1636.11,78658.9,1804.89
4689,43,49,-1314.07,64274.3,2201.2
4690,43,50,-1025.05,51268.2,2648.25
4691,43,51,-754.833,39018.5,3165.36
4692,43,52,-470.115,26016.4,3891.66
4693,43,53,-183.809,12846.3,4753.55
4694,43,54,89.0909,201.924,5646.42
4695,43,55,252.643,-7430.5,5965.08
4696,43,56,241.829,-6922.23,5858.01
4697,43,57,198.279,-4860.86,5809.2
4698,43,58,104.412,-386.544,6014.17
4699,43,59,19.1422,3706.4,6219.95
4700,43,60,-41.3478,6630.08,6310.81
4701,43,61,-81.514,8584.84,6321.36
4702,43,62,-99.4707,9464.71,6263.82
4703,43,63,-102.952,9636.45,6188.92
4704,43,64,-83.5471,8672.68,6155.98
4705,43,65,-33.9832,6194.48,6379.01
4706,43,66,30.2509,2961.37,6851.11
4707,43,67,75.4523,671.163,7075.46
4708,43,68,79.5897,460.154,7009.22
4709,43,69,69.9878,953.054,6960.82
4710,43,70,43.3114,2331.33,7050.48
4711,43,71,15.6394,3770.28,7172.35
4712,43,72,-6.16263,4911.25,7238.67
4713,43,73,-24.431,5873.39,7278.96
4714,43,74,-34.3145,6397.21,7253.96
4715,43,75,-38.2644,6607.87,7204.2
4716,43,76,-31.4464,6241.98,7170.07
4717,43,77,-12.8112,5235.67,7278.41
4718,43,78,14.3582,3759.47,7592.84
4719,43,79,36.2852,2560.79,7794.65
4720,43,80,40.6147,2322.67,7753.61
4721,43,81,37.7553,2480.89,7708.6
4722,43,82,26.0559,3132.16,7754.75
4723,43,83,12.3807,3897.97,7847.14
4724,43,84,0.975529,4540.46,7905.16
4725,43,85,-8.89142,5099.59,7943.82
4726,43,86,-15.1457,5456.08,7935.29
4727,43,87,-17.8715,5612.36,7898.46
4728,43,88,-16.372,5525.89,7857.69
4729,43,89,-7.00971,4982.88,7920.95
4730,43,90,7.20967,4153.41,8136.75
4731,43,91,18.7946,3473.76,8274.74
4732,43,92,21.3714,3321.73,8242.54
4733,43,93,18.3934,3498.43,8215.49
4734,43,94,11.6915,3898.31,8249.73
4735,43,95,4.03532,4357.68,8313.28
4736,43,96,-2.63755,4760.27,8357.35
4737,43,97,-8.09488,5091.35,8378
4738,43,98,-12.2303,5343.61,8376.34
4739,43,99,-14.3861,5475.83,8349.79
4740,43,100,-13.1205,5397.79,8317.4
4741,43,101,-7.58428,5054.54,8359.88
4742,43,102,2.81417,4406.37,8611.58
4743,43,103,12.1898,3818.83,8816.72
4744,43,104,14.6467,3664.05,8798.26
4745,43,105,14.2167,3691.28,8763.7
4746,43,106,9.70478,3978.54,8794.81
4747,43,107,4.87688,4287.53,8839.71
4748,43,108,0.514289,4568.19,8873.74
4749,43,109,-3.30386,4815.09,8894.97
4750,43,110,-6.00804,4990.86,8890.87
4751,43,111,-7.21173,5069.51,8864.5
4752,43,112,-6.12134,4997.9,8837.88
4753,43,113,-2.04527,4728.88,8883.04
4754,43,114,4.7313,4279.37,9071.14
4755,43,115,10.8096,3874.15,9221.55
4756,43,116,12.5177,3759.71,9205.18
4757,43,117,12.2142,3780.14,9174.84
4758,43,118,8.9749,3999.34,9203.69
4759,43,119,5.47505,4237.33,9245.73
4760,43,120,2.22935,4459.12,9280.55
4761,43,121,-0.684129,4659.17,9305.3
4762,43,122,-2.86256,4809.49,9307.75
4763,43,123,-3.95416,4885.17,9287.21
4764,43,124,-3.44977,4850.03,9260.62
4765,43,125,-0.602787,4650.74,9294.37
4766,43,126,4.61503,4283.76,9480.47
4767,43,127,9.57438,3933.3,9650.17
4768,43,128,11.0701,3827.1,9640.58
4769,43,129,10.9454,3835.99,9612.89
4770,43,130,8.56601,4006.52,9636.57
4771,43,131,5.92206,4196.88,9674.84
4772,43,132,3.33481,4384.03,9712.79
4773,43,133,0.953623,4557.06,9742.99
4774,44,48,-1118.6,54508.2,879.695
4775,44,49,-861.714,42862.7,1155.44
4776,44,50,-619.357,31795.1,1507.33
4777,44,51,-383.012,20923.2,1945.31
4778,44,52,-117.65,8628.09,2618
4779,44,53,155.424,-4115.38,3419.07
4780,44,54,416.264,-16374.8,4232.68
4781,44,55,552.545,-22825.5,4439.43
4782,44,56,493.929,-20031.4,4423.94
4783,44,57,408.143,-15913.7,4544.14
4784,44,58,273.779,-9419.44,5060.13
4785,44,59,156.679,-3720.61,5498.27
4786,44,60,72.8922,384.961,5727.29
4787,44,61,15.5697,3212.87,5820.56
4788,44,62,-14.4965,4706.16,5800.45
4789,44,63,-26.8233,5322.5,5738.37
4790,44,64,-12.8208,4617.7,5687.17
4791,44,65,34.8193,2203.94,5869.99
4792,44,66,98.6561,-1051.74,6302.29
4793,44,67,141.924,-3272.82,6488.86
4794,44,68,141.075,-3228.94,6423.08
4795,44,69,126.004,-2445.29,6401.25
4796,44,70,93.2027,-728.664,6560.22
4797,44,71,59.9904,1020.52,6749.94
4798,44,72,33.6261,2417.82,6864.94
4799,44,73,11.4872,3598.56,6943.51
4800,44,74,-1.35121,4287.56,6938.16
4801,44,75,-7.60814,4625.43,6897.01
4802,44,76,-2.23496,4333.49,6855.5
4803,44,77,15.7782,3348.77,6945.79
4804,44,78,42.8664,1858.92,7240.2
4805,44,79,64.4278,665.857,7422.86
4806,44,80,67.4701,496.501,7377.26
4807,44,81,63.0467,744.211,7340.11
4808,44,82,49.4504,1510.14,7415.22
4809,44,83,33.9217,2390.1,7541.08
4810,44,84,20.9094,3131.8,7625.18
4811,44,85,9.62337,3778.86,7685.31
4812,44,86,2.217,4205.96,7689.62
4813,44,87,-1.42192,4417.02,7658.51
4814,44,88,-0.586825,4368.31,7616.34
4815,44,89,8.49621,3835.44,7669.49
4816,44,90,22.6608,2999.72,7873.27
4817,44,91,34.0847,2321.91,8000
4818,44,92,36.1426,2199.12,7964.7
4819,44,93,32.4546,2420.4,7944.77
4820,44,94,24.9385,2873.87,7995.32
4821,44,95,16.4783,3387.12,8077.45
4822,44,96,9.0841,3838.17,8136.96
4823,44,97,2.99051,4211.91,8169.64
4824,44,98,-1.69841,4501.06,8176.76
4825,44,99,-4.30728,4662.81,8154.71
4826,44,100,-3.35099,4603.2,8120.81
4827,44,101,2.03928,4265.41,8156.85
4828,44,102,12.464,3608.65,8400.44
4829,44,103,21.8305,3015.44,8597.51
4830,44,104,24.0518,2874.02,8575.77
4831,44,105,23.3046,2921.84,8542.63
4832,44,106,18.3609,3239.88,8584.83
4833,44,107,13.1117,3579.34,8641.52
4834,44,108,8.36145,3888.1,8685.85
4835,44,109,4.18981,4160.65,8715.78
4836,44,110,1.18122,4358.21,8717.58
4837,44,111,-0.269325,4453.95,8693.81
4838,44,112,0.651443,4392.87,8665.74
4839,44,113,4.65046,4126.27,8706.02
4840,44,114,11.4293,3672.08,8888.17
4841,44,115,17.4904,3263.97,9032.75
4842,44,116,19.0622,3157.61,9013.97
4843,44,117,18.5737,3190.83,8984.61
4844,44,118,15.0784,3429.68,9021.64
4845,44,119,11.3258,3687.35,9072.49
4846,44,120,7.84387,3927.61,9115.24
4847,44,121,4.71172,4144.77,9146.91
4848,44,122,2.34153,4309.89,9154.3
4849,44,123,1.09255,4397.32,9136.15
4850,44,124,1.48478,4369.74,9108.92
4851,44,125,4.28084,4172.15,9139.07
4852,44,126,9.50672,3801.11,9320.61
4853,44,127,14.4677,3447.23,9485.77
4854,44,128,15.8835,3345.76,9474.01
4855,44,129,15.6439,3363.01,9446.83
4856,44,130,13.1018,3546.89,9476.57
4857,44,131,10.2947,3750.87,9521.61
4858,44,132,7.55104,3951.16,9566.06
4859,44,133,5.02324,4136.53,9602.07
4860,45,49,-647,32628,990.653
4861,45,50,-395.429,20971.9,1224.24
4862,45,51,-155.536,9776.86,1550.05
4863,45,52,119.298,-3140.31,2119.12
4864,45,53,400.4,-16445.8,2814.5
4865,45,54,664.412,-29030.4,3516.26
4866,45,55,780.355,-34595.6,3623.01
4867,45,56,674,-29455.2,3758.17
4868,45,57,547.313,-23289.7,4066.98
4869,45,58,373.873,-14791.1,4822.32
4870,45,59,227.814,-7585.61,5399.02
4871,45,60,124.662,-2462.37,5696.01
4872,45,61,54.5049,1045.48,5823.32
4873,45,62,16.7719,2944.7,5815.74
4874,45,63,-0.14386,3801.77,5756.1
4875,45,64,12.591,3152.29,5695.48
4876,45,65,62.3481,598.095,5855.88
4877,45,66,129.486,-2870.68,6259.07
4878,45,67,173.835,-5176.85,6420.3
4879,45,68,170.256,-4989.53,6354.08
4880,45,69,151.645,-4009.39,6344.21
4881,45,70,114.348,-2032.63,6531.41
4882,45,71,77.1093,-46.5604,6745.72
4883,45,72,47.639,1535.01,6876.31
4884,45,73,23.0069,2865.14,6965.61
4885,45,74,8.54461,3650.93,6964.57
4886,45,75,1.24556,4049.94,6924.29
4887,45,76,6.40121,3766.38,6878.88
4888,45,77,24.9826,2738.21,6960.94
4889,45,78,53.1228,1171.74,7244.12
4890,45,79,75.3303,-71.8756,7415.91
4891,45,80,77.9359,-218.661,7367.25
4892,45,81,72.7077,77.6053,7332.06
4893,45,82,57.8873,922.367,7416.25
4894,45,83,41.1296,1883.14,7551.87
4895,45,84,27.1063,2691.82,7642.81
4896,45,85,14.9674,3395.87,7707.98
4897,45,86,6.95389,3863.33,7714.71
4898,45,87,2.9254,4099.67,7684.05
4899,45,88,3.60085,4059.82,7640.46
4900,45,89,12.9014,3507.98,7689.42
4901,45,90,27.4904,2637.51,7887.49
4902,45,91,39.1948,1935.24,8008.7
4903,45,92,41.1255,1818.75,7971.42
4904,45,93,37.0837,2063.96,7953
4905,45,94,29.0817,2552.08,8007.69
4906,45,95,20.1273,3101.28,8094.3
4907,45,96,12.3084,3583.45,8157.19
4908,45,97,5.86317,3983.05,8192.19
4909,45,98,0.894187,4292.79,8200.71
4910,45,99,-1.90382,4468.13,8179
4911,45,100,-0.999214,4411.14,8144
4912,45,101,4.49767,4063,8177.56
4913,45,102,15.1971,3381.81,8417.5
4914,45,103,24.7884,2767.96,8610.73
4915,45,104,26.9852,2626.63,8587.26
4916,45,105,26.1173,2682.76,8553.94
4917,45,106,20.9234,3020.36,8598.72
4918,45,107,15.4262,3379.52,8658.03
4919,45,108,10.4552,3705.94,8704.47
4920,45,109,6.09078,3993.99,8736.01
4921,45,110,2.93341,4203.43,8738.68
4922,45,111,1.38726,4306.51,8714.99
4923,45,112,2.28639,4246.27,8686.03
4924,45,113,6.35393,3972.39,8724.44
4925,45,114,13.2778,3503.87,8904.03
4926,45,115,19.4576,3083.65,9045.99
4927,45,116,21.0184,2976.99,9025.97
4928,45,117,20.4629,3015.14,8996.43
4929,45,118,16.8221,3266.35,9035.25
4930,45,119,12.9229,3536.69,9087.97
4931,45,120,9.3073,3788.58,9132.3
4932,45,121,6.05579,4016.19,9165.22
4933,45,122,3.59036,4189.59,9173.36
4934,45,123,2.27814,4282.32,9155.35
4935,45,124,2.65054,4255.88,9127.55
4936,45,125,5.48686,4053.56,9156.34
4937,45,126,10.8108,3672.01,9335.97
4938,45,127,15.8599,3308.47,9499.11
4939,45,128,17.2762,3206.02,9486.3
4940,45,129,16.9982,3226.22,9458.9
4941,45,130,14.3655,3418.41,9489.9
4942,45,131,11.4648,3631.13,9536.33
4943,45,132,8.63223,3839.8,9582.05
4944,45,133,6.02332,4032.86,9619.11
4945,46,50,-23.3,2861.6,443.59
4946,46,51,172.514,-6406.94,738.158
4947,46,52,432.143,-18782.6,1301.31
4948,46,53,705.31,-31894.6,1949.39
4949,46,54,960.233,-44215.9,2572.06
4950,46,55,1040.2,-48107.6,2592.47
4951,46,56,867.264,-39633.7,3063.3
4952,46,57,687.252,-30753.1,3666.5
4953,46,58,465.599,-19744.4,4691.38
4954,46,59,285.571,-10743,5393.59
4955,46,60,160.964,-4471.11,5741.83
4956,46,61,77.5,-242.25,5889.4
4957,46,62,32.6225,2046.5,5886.08
4958,46,63,12.066,3101.73,5824.7
4959,46,64,24.8561,2440.91,5757.04
4960,46,65,78.3624,-341.414,5904.11
4961,46,66,150.369,-4109.75,6287.78
4962,46,67,196.851,-6557.84,6430.12
4963,46,68,190.959,-6245.56,6363.09
4964,46,69,169.073,-5078.28,6360.9
4965,46,70,127.398,-2841.71,6565.49
4966,46,71,86.2906,-621.923,6793.08
4967,46,72,53.9573,1134.85,6930.34
4968,46,73,27.1144,2602.26,7022.84
4969,46,74,11.3714,3468.13,7021.63
4970,46,75,3.39733,3909.36,6979.84
4971,46,76,8.74677,3611.58,6931.75
4972,46,77,28.3429,2514.19,7010.3
4973,46,78,57.985,844.357,7288.54
4974,46,79,81.2127,-471.881,7454.24
4975,46,80,83.6311,-609.73,7403.03
4976,46,81,77.796,-275.186,7368.05
4977,46,82,61.8995,641.514,7456.13
4978,46,83,44.0486,1676.87,7595.53
4979,46,84,29.1565,2545.57,7688.39
4980,46,85,16.3082,3299.34,7754.35
4981,46,86,7.83833,3799.06,7760.68
4982,46,87,3.57589,4051.97,7729
4983,46,88,4.25249,4011.59,7684.08
4984,46,89,13.9462,3429.97,7731.58
4985,46,90,29.1372,2513.45,7927.91
4986,46,91,41.2789,1776.85,8046.71
4987,46,92,43.2031,1659.48,8007.94
4988,46,93,38.9062,1923.02,7989.49
4989,46,94,30.5033,2441.2,8045.25
4990,46,95,21.1338,3022.11,8132.88
4991,46,96,12.9688,3531.06,8196.16
4992,46,97,6.25028,3952.09,8231.03
4993,46,98,1.07918,4277.87,8239.06
4994,46,99,-1.82931,4462.07,8216.59
4995,46,100,-0.894517,4402.55,8180.75
4996,46,101,4.79494,4038.43,8213.62
4997,46,102,15.8593,3326.62,8453.13
4998,46,103,25.7586,2686.47,8645.29
4999,46,104,27.997,2540.97,8620.73
5000,46,105,27.0664,2601.77,8586.85
5001,46,106,21.6711,2956.06,8632.1
5002,46,107,15.9724,3332.18,8691.81
5003,46,108,10.8263,3673.54,8738.36
5004,46,109,6.31387,3974.36,8769.77
5005,46,110,3.05249,4192.87,8772.05
5006,46,111,1.45588,4300.38,8747.8
5007,46,112,2.3798,4237.86,8718.22
5008,46,113,6.56422,3953.32,8756.15
5009,46,114,13.6827,3466.89,8935.4
5010,46,115,20.0275,3031.22,9076.66
5011,46,116,21.6162,2921.6,9055.88
5012,46,117,21.0287,2962.33,9025.91
5013,46,118,17.2726,3224,9064.97
5014,46,119,13.2559,3505.17,9117.91
5015,46,120,9.53496,3766.88,9162.3
5016,46,121,6.19189,4003.12,9195.11
5017,46,122,3.65889,4182.96,9202.97
5018,46,123,2.31127,4279.1,9184.55
5019,46,124,2.69226,4251.79,9156.28
5020,46,125,5.59844,4042.55,9184.73
5021,46,126,11.0511,3648.14,9364.23
5022,46,127,16.2174,3272.72,9526.99
5023,46,128,17.6593,3167.46,9513.6
5024,46,129,17.3656,3189,9485.83
5025,46,130,14.6623,3388.14,9516.95
5026,46,131,11.6872,3608.3,9563.5
5027,46,132,8.78439,3824.07,9609.25
5028,46,133,6.11274,4023.56,9646.25
5029,47,51,364.6,-15947.2,460.287
5030,47,52,646.743,-29584.1,975.552
5031,47,53,936.643,-43692.6,1537.36
5032,47,54,1197.46,-56472.8,2056.97
5033,47,55,1242.48,-58693.8,2020.83
5034,47,56,994.503,-46377.4,2855.23
5035,47,57,758.627,-34583.6,3648.12
5036,47,58,488.136,-20968.9,4775.97
5037,47,59,276.945,-10268.5,5492.74
5038,47,60,135.769,-3068.58,5824.08
5039,47,61,44.5357,1614.74,5947.89
5040,47,62,-1.83088,4010.35,5925.1
5041,47,63,-20.7525,4994.27,5851.13
5042,47,64,-2.89474,4059.71,5784.93
5043,47,65,59.1649,791.239,5952.04
5044,47,66,140.292,-3508.48,6356.24
5045,47,67,192.161,-6274.85,6503.16
5046,47,68,186.16,-5952.78,6431.5
5047,47,69,162.788,-4690.68,6423.54
5048,47,70,118.163,-2266.08,6619.75
5049,47,71,74.5062,120.497,6836.29
5050,47,72,40.5921,1985.77,6961.78
5051,47,73,12.7509,3526.32,7042.49
5052,47,74,-3.09059,4408.16,7032.34
5053,47,75,-10.6172,4829.65,6984.69
5054,47,76,-3.97686,4455.58,6937.92
5055,47,77,17.7044,3226.97,7026.81
5056,47,78,49.864,1393.87,7320.25
5057,47,79,74.9916,-46.7766,7494.4
5058,47,80,77.9183,-215.545,7442.13
5059,47,81,72.0762,123.295,7403.7
5060,47,82,55.6143,1083.57,7485.77
5061,47,83,37.1382,2167.5,7618.14
5062,47,84,21.826,3070.92,7704.08
5063,47,85,8.69474,3850.04,7763.33
5064,47,86,0.182083,4357.97,7764.32
5065,47,87,-3.91481,4603.78,7729.2
5066,47,88,-2.84928,4539.49,7683.72
5067,47,89,7.62564,3904.01,7737.14
5068,47,90,23.7944,2917.72,7943.17
5069,47,91,36.7132,2125.37,8068.18
5070,47,92,38.9195,1989.31,8029.29
5071,47,93,34.6221,2255.75,8008.08
5072,47,94,26.0475,2790.23,8059.58
5073,47,95,16.4776,3389.95,8142.44
5074,47,96,8.17215,3913.19,8201.11
5075,47,97,1.37828,4343.47,8231.77
5076,47,98,-3.80432,4673.43,8236.17
5077,47,99,-6.63828,4854.8,8211.21
5078,47,100,-5.49076,4780.98,8175.42
5079,47,101,0.572727,4388.87,8212.25
5080,47,102,12.1831,3634.2,8460.49
5081,47,103,22.5587,2956.33,8659.23
5082,47,104,24.9846,2797.03,8635.25
5083,47,105,24.1245,2853.79,8600.24
5084,47,106,18.6475,3217.1,8642.49
5085,47,107,12.8611,3602.86,8698.97
5086,47,108,7.64932,3952.05,8742.38
5087,47,109,3.09452,4258.74,8770.83
5088,47,110,-0.168178,4479.51,8770.67
5089,47,111,-1.71482,4584.69,8744.9
5090,47,112,-0.66682,4513.07,8715.54
5091,47,113,3.73346,4210.92,8756.48
5092,47,114,11.1445,3699.56,8941.41
5093,47,115,17.7468,3241.8,9087.08
5094,47,116,19.4461,3123.42,9066.79
5095,47,117,18.9031,3161.42,9036.02
5096,47,118,15.1018,3428.79,9072.84
5097,47,119,11.0345,3716.21,9123.37
5098,47,120,7.27304,3983.27,9165.38
5099,47,121,3.90114,4223.8,9195.94
5100,47,122,1.36176,4405.79,9201.87
5101,47,123,0.0388033,4501.04,9182.18
5102,47,124,0.487829,4468.56,9153.86
5103,47,125,3.52339,4247.98,9184.45
5104,47,126,9.16421,3836.2,9368.62
5105,47,127,14.5047,3444.56,9535.35
5106,47,128,16.0235,3332.67,9522.54
5107,47,129,15.7622,3352.01,9494.24
5108,47,130,13.0327,3554.91,9523.63
5109,47,131,10.026,3779.41,9568.32
5110,47,132,7.09425,3999.29,9612.19
5111,47,133,4.40003,4202.25,9647.36
5112,48,52,843.3,-39543,799.615
5113,48,53,1164.31,-55379.7,1251.12
5114,48,54,1434.61,-68804.2,1654.64
5115,48,55,1431.6,-68653.7,1600.4
5116,48,56,1086.48,-51283,2823.63
5117,48,57,785.036,-36009.7,3726.34
5118,48,58,460.564,-19461.6,4869.79
5119,48,59,218.769,-7049.49,5545.28
5120,48,60,64.8242,904.341,5824.95
5121,48,61,-29.3077,5799.2,5903.46
5122,48,62,-72.0107,8033.99,5851.53
5123,48,63,-84.525,8693.08,5763.27
5124,48,64,-57.0637,7237.63,5709.35
5125,48,65,17.9102,3239.02,5924.68
5126,48,66,111.919,-1806.14,6380.79
5127,48,67,171.813,-5040.38,6548.59
5128,48,68,167.178,-4788.56,6470.96
5129,48,69,143.407,-3489.06,6451.5
5130,48,70,96.587,-913.978,6629.1
5131,48,71,51.09,1603.52,6825.17
5132,48,72,16.3362,3538.15,6931.77
5133,48,73,-11.7809,5112.7,6995.02
5134,48,74,-26.9786,5968.84,6972.98
5135,48,75,-33.3366,6329.13,6918.62
5136,48,76,-24.6714,5835.21,6876.73
5137,48,77,-0.165072,4430.18,6985.32
5138,48,78,35.2222,2389.52,7307.06
5139,48,79,62.8354,787.951,7498.62
5140,48,80,66.6761,563.909,7446.49
5141,48,81,61.1517,888.008,7403.47
5142,48,82,44.3734,1877.93,7476.05
5143,48,83,25.4954,2998.03,7597.68
5144,48,84,9.98483,3923.49,7673.7
5145,48,85,-3.21436,4715.44,7723.69
5146,48,86,-11.5528,5218.53,7717.77
5147,48,87,-15.2678,5443.9,7678.67
5148,48,88,-13.5965,5341.95,7633.55
5149,48,89,-2.11101,4637.51,7697.26
5150,48,90,15.2626,3566.14,7919.64
5151,48,91,29.1564,2704.72,8055.71
5152,48,92,31.7967,2540.14,8017.64
5153,48,93,27.6221,2801.75,7992.84
5154,48,94,18.9806,3346.17,8038.36
5155,48,95,9.30629,3958.87,8114.6
5156,48,96,0.954592,4490.6,8167.08
5157,48,97,-5.82233,4924.32,8192.25
5158,48,98,-10.9258,5252.64,8192.06
5159,48,99,-13.5949,5425.24,8164.21
5160,48,100,-12.1415,5330.77,8129.19
5161,48,101,-5.60713,4903.86,8172.52
5162,48,102,6.65014,4098.97,8434.49
5163,48,103,17.5939,3376.68,8643.91
5164,48,104,20.2791,3198.56,8621.42
5165,48,105,19.5517,3247.05,8585.25
5166,48,106,14.044,3616.07,8623.4
5167,48,107,8.21814,4008.34,8675.55
5168,48,108,2.98773,4362.27,8714.83
5169,48,109,-1.56362,4671.76,8739.45
5170,48,110,-4.78202,4891.68,8736.26
5171,48,111,-6.23281,4991.31,8708.75
5172,48,112,-5.01355,4907.18,8680.17
5173,48,113,-0.34821,4583.71,8725.9
5174,48,114,7.40594,4043.51,8919.59
5175,48,115,14.3123,3560.06,9072.24
5176,48,116,16.1604,3430.08,9053.09
5177,48,117,15.6958,3462.91,9021.5
5178,48,118,11.8777,3733.99,9055.33
5179,48,119,7.78704,4025.8,9102.66
5180,48,120,4.01151,4296.38,9141.6
5181,48,121,0.636623,4539.37,9169.25
5182,48,122,-1.88341,4721.65,9172.78
5183,48,123,-3.15579,4814.11,9151.62
5184,48,124,-2.61212,4774.42,9123.51
5185,48,125,0.580761,4540.28,9157.48
5186,48,126,6.43888,4108.73,9348.69
5187,48,127,11.981,3698.61,9521.5
5188,48,128,13.5997,3578.29,9509.84
5189,48,129,13.391,3593.87,9481.03
5190,48,130,10.6529,3799.23,9508.17
5191,48,131,7.63126,4026.86,9550.41
5192,48,132,4.68693,4249.65,9591.84
5193,48,133,1.98604,4454.91,9624.66
5194,49,53,1475.6,-71462.8,838.793
5195,49,54,1732.23,-84379.8,1126.78
5196,49,55,1643.32,-79875.1,1146.68
5197,49,56,1159,-55174.8,2862.91
5198,49,57,774.45,-35434.5,3824.72
5199,49,58,387.2,-15426.6,4930.59
5200,49,59,114.782,-1260.85,5528.41
5201,49,60,-47.4895,7231.34,5734.59
5202,49,61,-138.824,12041.6,5756.68
5203,49,62,-171.982,13799,5674.62
5204,49,63,-172.836,13844.5,5577.6
5205,49,64,-130.903,11594.1,5551.51
5206,49,65,-38.4216,6600.15,5842.15
5207,49,66,72.2921,584.707,6374.53
5208,49,67,142.661,-3262.15,6574.21
5209,49,68,140.478,-3142.07,6490.77
5210,49,69,116.986,-1842.16,6457.71
5211,49,70,68.3117,867.364,6612.5
5212,49,71,21.3172,3499.06,6784.26
5213,49,72,-13.8517,5480.24,6869.23
5214,49,73,-41.8031,7064.15,6913.05
5215,49,74,-55.8605,7865.42,6878.64
5216,49,75,-60.5501,8134.29,6818.28
5217,49,76,-49.3221,7486.81,6784.43
5218,49,77,-21.4256,5868.81,6918.68
5219,49,78,17.7382,3584.26,7275.83
5220,49,79,48.2609,1793.59,7489.21
5221,49,80,53.2526,1499.08,7438.08
5222,49,81,48.2069,1798.46,7390.36
5223,49,82,31.2031,2813.02,7452.45
5224,49,83,11.9989,3965.27,7562.27
5225,49,84,-3.62355,4907.83,7627.52
5226,49,85,-16.8006,5707.24,7667.61
5227,49,86,-24.8629,6199.03,7654.52
5228,49,87,-28.0858,6396.71,7611.63
5229,49,88,-25.6901,6248.97,7567.65
5230,49,89,-13.0544,5465.56,7643.78
5231,49,90,5.66769,4298.55,7885.26
5232,49,91,20.654,3359.4,8034.29
5233,49,92,23.8008,3161.16,7997.52
5234,49,93,19.796,3414.79,7969.05
5235,49,94,11.119,3967.23,8008.23
5236,49,95,1.3676,4591.32,8077.44
5237,49,96,-7.0013,5129.72,8123.41
5238,49,97,-13.7301,5564.85,8142.85
5239,49,98,-18.7214,5889.28,8137.97
5240,49,99,-21.1894,6050.53,8107.28
5241,49,100,-19.3881,5932.24,8073.46
5242,49,101,-12.3337,5466.65,8124.29
5243,49,102,0.62672,4606.94,8401.63
5244,49,103,12.1874,3836.23,8622.96
5245,49,104,15.1617,3636.95,8602.31
5246,49,105,14.5883,3675.56,8565.05
5247,49,106,9.06183,4049.52,8598.94
5248,49,107,3.20736,4447.62,8646.56
5249,49,108,-2.03037,4805.53,8681.57
5250,49,109,-6.56642,5117.01,8702.24
5251,49,110,-9.72725,5335.11,8695.96
5252,49,111,-11.0671,5428,8666.77
5253,49,112,-9.65868,5329.88,8639.2
5254,49,113,-4.70686,4983.26,8690.26
5255,49,114,3.41434,4412.06,8893.52
5256,49,115,10.6461,3901.02,9053.79
5257,49,116,12.6563,3758.29,9035.96
5258,49,117,12.2798,3785.15,9003.62
5259,49,118,8.45025,4059.6,9034.35
5260,49,119,4.34088,4355.48,9078.4
5261,49,120,0.556193,4629.24,9114.16
5262,49,121,-2.81649,4874.32,9138.83
5263,49,122,-5.31131,5056.44,9139.92
5264,49,123,-6.5262,5145.53,9117.3
5265,49,124,-5.87954,5097.9,9089.54
5266,49,125,-2.51885,4849.2,9127.18
5267,49,126,3.56895,4396.68,9325.94
5268,49,127,9.32407,3966.96,9505.26
5269,49,128,11.0496,3837.55,9494.88
5270,49,129,10.8988,3848.91,9465.6
5271,49,130,8.15466,4056.55,9490.43
5272,49,131,5.1204,4287.15,9530.16
5273,49,132,2.16574,4512.69,9569.09
5274,49,133,-0.539379,4720.08,9599.53
5275,50,54,2030.9,-100110,678.2
5276,50,55,1812.8,-88914,934.344
5277,50,56,1141.68,-54239.4,2958.48
5278,50,57,665.321,-29468.8,3863.47
5279,50,58,216.267,-5968.29,4845.93
5280,50,59,-76.4485,9448.04,5314.03
5281,50,60,-233.455,17769.4,5420.1
5282,50,61,-309.017,21799.4,5377.03
5283,50,62,-321.093,22447.5,5273.06
5284,50,63,-300.767,21349.8,5185.97
5285,50,64,-236.186,17840.9,5223.88
5286,50,65,-118.984,11433.9,5645.45
5287,50,66,14.2328,4106.97,6300.8
5288,50,67,98.872,-576.403,6553.22
5289,50,68,101.068,-698.668,6465.51
5290,50,69,79.1677,527.774,6416.57
5291,50,70,29.4597,3327.99,6542.9
5292,50,71,-18.275,6032.95,6685.29
5293,50,72,-53.0593,8015.66,6745.22
5294,50,73,-80.0726,9564.42,6767.29
5295,50,74,-92.1931,10263.4,6720.4
5296,50,75,-94.4485,10394.2,6655.7
5297,50,76,-79.8779,9544.23,6635.36
5298,50,77,-47.8062,7662.7,6805.33
5299,50,78,-4.12217,5085.34,7209.8
5300,50,79,29.8928,3067.12,7452.43
5301,50,80,36.3915,2679.36,7403.88
5302,50,81,32.0843,2937.79,7351.43
5303,50,82,15.0271,3966.91,7401.64
5304,50,83,-4.35523,5142.77,7498.1
5305,50,84,-19.9359,6093.19,7551.42
5306,50,85,-32.9387,6890.7,7580.71
5307,50,86,-40.5645,7360.95,7560.14
5308,50,87,-43.1306,7520.05,7513.8
5309,50,88,-39.8405,7314.97,7472.23
5310,50,89,-25.8655,6439.2,7564.17
5311,50,90,-5.60523,5162.8,7829.32
5312,50,91,10.6316,4134.48,7994.43
5313,50,92,14.3908,3895.14,7959.8
5314,50,93,10.6318,4135.71,7927.54
5315,50,94,1.97642,4692.54,7959.82
5316,50,95,-7.80148,5324.85,8021.37
5317,50,96,-16.1363,5866.61,8060.32
5318,50,97,-22.7649,6299.68,8073.67
5319,50,98,-27.5911,6616.6,8063.9
5320,50,99,-29.8031,6762.59,8030.46
5321,50,100,-27.5933,6616.01,7998.52
5322,50,101,-19.952,6106.59,8058.46
5323,50,102,-6.21505,5186.21,8353.93
5324,50,103,6.02725,4361.9,8589.31
5325,50,104,9.33362,4138.17,8571.08
5326,50,105,8.94792,4164.39,8532.86
5327,50,106,3.42546,4541.76,8562.17
5328,50,107,-2.43653,4944.28,8604.95
5329,50,108,-7.66049,5304.74,8635.39
5330,50,109,-12.1601,5616.71,8651.89
5331,50,110,-15.2411,5831.36,8642.41
5332,50,111,-16.4463,5915.72,8611.6
5333,50,112,-14.8224,5801.51,8585.42
5334,50,113,-9.55451,5429.24,8642.74
5335,50,114,-1.03427,4824.3,8857.01
5336,50,115,6.5514,4283.19,9026.04
5337,50,116,8.74391,4126.06,9009.88
5338,50,117,8.47141,4145.68,8976.86
5339,50,118,4.64121,4422.73,9004.3
5340,50,119,0.523261,4721.97,9044.84
5341,50,120,-3.2605,4998.18,9077.24
5342,50,121,-6.62084,5244.61,9098.78
5343,50,122,-9.07979,5425.75,9097.34
5344,50,123,-10.2257,5510.55,9073.27
5345,50,124,-9.4631,5453.86,9046.05
5346,50,125,-5.91967,5189.29,9087.91
5347,50,126,0.414585,4714.22,9295.17
5348,50,127,6.39816,4263.46,9481.84
5349,50,128,8.24143,4123.98,9472.99
5350,50,129,8.15706,4130.39,9443.29
5351,50,130,5.41287,4339.87,9465.69
5352,50,131,2.37148,4573.04,9502.77
5353,50,132,-0.588137,4800.93,9539.07
5354,50,133,-3.29209,5010.04,9566.99
5355,51,55,1906.7,-93953.3,929.685
5356,51,56,980.571,-45485.9,2993.23
5357,51,57,414.143,-15654,3735.49
5358,51,58,-84.381,10767.8,4520.35
5359,51,59,-375.333,26285.2,4818.24
5360,51,60,-503.964,33188.4,4814.06
5361,51,61,-544.082,35354.8,4717.71
5362,51,62,-518.993,33991.6,4625.57
5363,51,63,-465.093,31045.1,4592.84
5364,51,64,-367.811,25694.6,4756.95
5365,51,65,-217.432,17373.6,5380.12
5366,51,66,-55.2574,8345.87,6201.55
5367,51,67,47.5147,2590.63,6522.02
5368,51,68,55.6615,2131.7,6432.63
5369,51,69,36.2351,3232.53,6368.26
5370,51,70,-14.1504,6104.5,6464.74
5371,51,71,-62.2779,8863.81,6576.51
5372,51,72,-96.2242,10821.4,6611.09
5373,51,73,-121.833,12306.7,6611.69
5374,51,74,-131.483,12869.6,6553.96
5375,51,75,-130.776,12828.1,6487.49
5376,51,76,-112.29,11737.5,6484.93
5377,51,77,-75.442,9551.14,6695.9
5378,51,78,-26.6637,6640.7,7151.71
5379,51,79,11.2517,4365.78,7425.26
5380,51,80,19.4265,3872.57,7379.96
5381,51,81,15.9359,4084.33,7323.29
5382,51,82,-1.17815,5128.28,7361.96
5383,51,83,-20.753,6328.88,7445.35
5384,51,84,-36.2856,7286.72,7487.07
5385,51,85,-49.0972,8081.04,7505.94
5386,51,86,-56.2489,8526.83,7478.4
5387,51,87,-58.106,8643.2,7429.23
5388,51,88,-53.8545,8375.36,7390.75
5389,51,89,-38.4441,7399.37,7499.01
5390,51,90,-16.5419,6004.93,7787.72
5391,51,91,1.02038,4880.94,7968.61
5392,51,92,5.41634,4598.14,7936.22
5393,51,93,1.89988,4825.53,7900.48
5394,51,94,-6.75201,5387.91,7926.23
5395,51,95,-16.5765,6029.78,7980.5
5396,51,96,-24.8923,6575.84,8012.79
5397,51,97,-31.4303,7007.35,8020.4
5398,51,98,-36.0966,7316.88,8006.07
5399,51,99,-38.0516,7447.22,7970.17
5400,51,100,-35.4235,7271.14,7940.27
5401,51,101,-27.1755,6715.77,8009.12
5402,51,102,-12.6324,5731.68,8321.78
5403,51,103,0.314062,4851.33,8570.27
5404,51,104,3.95449,4602.56,8554.32
5405,51,105,3.75036,4616.58,8515.25
5406,51,106,-1.7837,4998.43,8540.31
5407,51,107,-7.66859,5406.45,8578.56
5408,51,108,-12.8923,5770.37,8604.75
5409,51,109,-17.367,6083.6,8617.36
5410,51,110,-20.3772,6295.32,8604.91
5411,51,111,-21.4536,6371.38,8572.64
5412,51,112,-19.6157,6240.89,8547.84
5413,51,113,-14.0284,5842.33,8611
5414,51,114,-5.10211,5202.61,8835.34
5415,51,115,2.84213,4630.63,9012.3
5416,51,116,5.21349,4459.1,8997.65
5417,51,117,5.03823,4471.83,8964
5418,51,118,1.19636,4752.29,8988.43
5419,51,119,-2.9411,5055.7,9025.74
5420,51,120,-6.73399,5335.11,9055.04
5421,51,121,-10.0911,5583.54,9073.68
5422,51,122,-12.522,5764.24,9069.91
5423,51,123,-13.605,5845.1,9044.51
5424,51,124,-12.7305,5779.51,9017.79
5425,51,125,-9.00541,5498.89,9063.5
5426,51,126,-2.42325,5000.84,9278.38
5427,51,127,3.78945,4528.67,9471.56
5428,51,128,5.74687,4379.26,9464.04
5429,51,129,5.72352,4381.05,9433.95
5430,51,130,2.97157,4592.95,9454.13
5431,51,131,-0.0846432,4829.3,9488.8
5432,51,132,-3.05654,5060.11,9522.68
5433,51,133,-5.76617,5271.46,9548.31
5434,52,56,536.8,-21226.4,2785.6
5435,52,57,-70.5143,11163.7,3255.28
5436,52,58,-573,38130.4,3776.82
5437,52,59,-814.536,51173.4,3882.74
5438,52,60,-874.15,54412.4,3792.01
5439,52,61,-848.255,52996.8,3699.74
5440,52,62,-763.3,48324.3,3710.68
5441,52,63,-659.699,42591.7,3828.82
5442,52,64,-517.511,34676.6,4222.17
5443,52,65,-324.264,23854.7,5124.52
5444,52,66,-126.221,12698.3,6136.56
5445,52,67,-1.73235,5643.95,6527.55
5446,52,68,13.1667,4794.71,6437.9
5447,52,69,-3.69659,5761.53,6360.19
5448,52,70,-55.1825,8730.55,6429.42
5449,52,71,-104.02,11563.1,6512.96
5450,52,72,-137.223,13500,6524.54
5451,52,73,-161.433,14920.3,6506.04
5452,52,74,-168.479,15336,6439.83
5453,52,75,-164.63,15107.6,6373.68
5454,52,76,-141.957,13754.8,6389.66
5455,52,77,-99.9921,11236.9,6638.95
5456,52,78,-45.7821,7966.24,7139.45
5457,52,79,-3.79283,5418.89,7438.35
5458,52,80,5.98325,4822.55,7395.33
5459,52,81,3.15617,4995.95,7335
5460,52,82,-14.2375,6068.56,7364.1
5461,52,83,-34.2196,7307.45,7436.5
5462,52,84,-49.8773,8283.45,7468.38
5463,52,85,-62.6431,9083.43,7478.36
5464,52,86,-69.4294,9510.97,7444.92
5465,52,87,-70.6574,9588.74,7393.42
5466,52,88,-65.4976,9260.24,7357.6
5467,52,89,-48.6634,8182.85,7479.18
5468,52,90,-25.114,6667.84,7786.32
5469,52,91,-6.24493,5447.64,7979.02
5470,52,92,-1.28014,5124.93,7948.01
5471,52,93,-4.64517,5344.77,7909.36
5472,52,94,-13.395,5919.35,7929.88
5473,52,95,-23.3642,6577.31,7978.25
5474,52,96,-31.7478,7133.43,8005.07
5475,52,97,-38.272,7568.38,8007.94
5476,52,98,-42.8457,7874.81,7989.81
5477,52,99,-44.6011,7993.01,7951.81
5478,52,100,-41.5984,7789.82,7923.42
5479,52,101,-32.7734,7189.72,7999.03
5480,52,102,-17.4405,6141.97,8324.4
5481,52,103,-3.81115,5206.09,8582.24
5482,52,104,0.122319,4934.69,8567.66
5483,52,105,0.0525634,4939.52,8527.73
5484,52,106,-5.54827,5329.71,8549.49
5485,52,107,-11.5089,5746.96,8584.2
5486,52,108,-16.7811,6117.77,8607
5487,52,109,-21.2761,6435.41,8616.5
5488,52,110,-24.2558,6646.98,8601.63
5489,52,111,-25.2387,6717.09,8568.09
5490,52,112,-23.2166,6572.17,8544.16
5491,52,113,-17.3328,6148.54,8611.47
5492,52,114,-8.01824,5474.78,8842.89
5493,52,115,0.265385,4872.84,9025.24
5494,52,116,2.78899,4688.62,9011.41
5495,52,117,2.68189,4696.47,8977.12
5496,52,118,-1.20433,4982.76,8999.26
5497,52,119,-5.39287,5292.71,9034.11
5498,52,120,-9.22463,5577.54,9061.02
5499,52,121,-12.6065,5830.05,9077.39
5500,52,122,-15.035,6012.19,9071.75
5501,52,123,-16.0783,6090.78,9045.23
5502,52,124,-15.112,6017.67,9018.74
5503,52,125,-11.2219,5722.02,9067.07
5504,52,126,-4.40515,5201.67,9287.15
5505,52,127,2.0232,4708.83,9484.64
5506,52,128,4.07734,4550.66,9477.85
5507,52,129,4.09619,4549.2,9447.32
5508,52,130,1.31577,4765.15,9465.85
5509,52,131,-1.77545,5006.27,9498.71
5510,52,132,-4.77897,5241.54,9530.77
5511,52,133,-7.51268,5456.59,9554.64
5512,53,57,-823.5,53079.9,2385.75
5513,53,58,-1242.49,75844.8,2620.71
5514,53,59,-1361.75,82364.6,2570.9
5515,53,60,-1299.46,78938.9,2509.55
5516,53,61,-1173.3,71957.8,2584.66
5517,53,62,-1006.35,62664,2876.95
5518,53,63,-839.718,53332.8,3264.08
5519,53,64,-643.829,42297.7,3934.56
5520,53,65,-401.418,28561.1,5074.41
5521,53,66,-164.062,15031.8,6206.03
5522,53,67,-17.9286,6653.51,6625.62
5523,53,68,0.857353,5570.19,6530.31
5524,53,69,-16.5417,6579.34,6443.71
5525,53,70,-72.3209,9833.13,6499.73
5526,53,71,-124.495,12894,6567.87
5527,53,72,-158.971,14928.1,6565.45
5528,53,73,-183.416,16378.5,6534.69
5529,53,74,-189.104,16717.9,6462.28
5530,53,75,-183.126,16359.2,6394.99
5531,53,76,-157.023,14784.3,6419.34
5532,53,77,-110.495,11961.6,6685.09
5533,53,78,-51.3074,8351.17,7201.45
5534,53,79,-5.79853,5559.96,7505.47
5535,53,80,4.8191,4905.21,7460.18
5536,53,81,1.87734,5087.6,7397
5537,53,82,-16.5907,6238.77,7423.09
5538,53,83,-37.7101,7562.25,7491.77
5539,53,84,-54.1283,8596.6,7519.49
5540,53,85,-67.4101,9437.78,7525.21
5541,53,86,-74.3152,9877.41,7488.34
5542,53,87,-75.3342,9942.62,7434.73
5543,53,88,-69.6279,9575.52,7398.72
5544,53,89,-51.6605,8413.63,7523.83
5545,53,90,-26.7139,6792.09,7835.43
5546,53,91,-6.79514,5490.74,8029.48
5547,53,92,-1.5546,5146.61,7997.17
5548,53,93,-5.07038,5378.65,7957.01
5549,53,94,-14.2167,5985.35,7976.07
5550,53,95,-24.6113,6678.33,8022.77
5551,53,96,-33.3193,7261.77,8047.65
5552,53,97,-40.0636,7715.88,8048.52
5553,53,98,-44.7583,8033.56,8028.52
5554,53,99,-46.5069,8152.46,7989.09
5555,53,100,-43.2997,7933.3,7960.34
5556,53,101,-34.0451,7297.82,8037.14
5557,53,102,-18.048,6194.02,8365.15
5558,53,103,-3.86036,5210.34,8624
5559,53,104,0.226287,4925.64,8608.54
5560,53,105,0.149976,4930.98,8567.65
5561,53,106,-5.6619,5339.75,8588.77
5562,53,107,-11.8351,5775.99,8622.73
5563,53,108,-17.284,6162.86,8644.62
5564,53,109,-21.919,6493.5,8653.09
5565,53,110,-24.9794,6712.82,8637.17
5566,53,111,-25.9711,6784.22,8602.76
5567,53,112,-23.8571,6631.31,8578.4
5568,53,113,-17.7594,6188.21,8646.02
5569,53,114,-8.13062,5485.31,8878.3
5570,53,115,0.419547,4858.3,9060.77
5571,53,116,3.01719,4666.94,9046.23
5572,53,117,2.89978,4675.63,9011.28
5573,53,118,-1.1108,4973.75,9033.12
5574,53,119,-5.42717,5296.04,9067.63
5575,53,120,-9.37061,5591.79,9094.06
5576,53,121,-12.8463,5853.63,9109.85
5577,53,122,-15.3373,6042.12,9103.57
5578,53,123,-16.4014,6122.99,9076.42
5579,53,124,-15.3994,6046.5,9049.48
5580,53,125,-11.3949,5739.48,9097.81
5581,53,126,-4.38916,5200.05,9318.37
5582,53,127,2.21018,4689.7,9515.91
5583,53,128,4.31347,4526.34,9508.55
5584,53,129,4.32667,4525.31,9477.53
5585,53,130,1.46905,4749.16,9495.9
5586,53,131,-1.70431,4998.8,9528.6
5587,53,132,-4.7847,5242.15,9560.42
5588,53,133,-7.58577,5464.37,9583.95
5589,54,58,-2020.7,119944,1097.28
5590,54,59,-1920.31,114389,1093.22
5591,54,60,-1680.64,101047,1455.9
5592,54,61,-1427.64,86879.2,1970.72
5593,54,62,-1167.07,72200.1,2613.48
5594,54,63,-934.97,59047.9,3198.04
5595,54,64,-686.145,44864.9,3988.96
5596,54,65,-396.28,28246,5176.48
5597,54,66,-123.198,12498.3,6288.66
5598,54,67,37.9736,3150.31,6665.3
5599,54,68,51.8107,2343.15,6555.9
5600,54,69,25.8676,3865.14,6471.63
5601,54,70,-41.4632,7837.66,6547.87
5602,54,71,-102.863,11480.7,6630.43
5603,54,72,-143.246,13890.2,6633.14
5604,54,73,-171.707,15597.9,6603.57
5605,54,74,-179.052,16041,6527.91
5606,54,75,-173.445,15700.9,6455.5
5607,54,76,-145.913,14021.4,6471.25
5608,54,77,-96.4343,10986.7,6723.82
5609,54,78,-33.6362,7114.19,7222
5610,54,79,14.014,4159.88,7506.95
5611,54,80,23.9505,3540.5,7453.87
5612,54,81,19.4321,3823.65,7390.54
5613,54,82,-1.5202,5143.65,7426.95
5614,54,83,-25.0523,6634.01,7506.88
5615,54,84,-43.3464,7798.74,7541.74
5616,54,85,-58.1321,8745.03,7552.24
5617,54,86,-66.018,9252.35,7516.66
5618,54,87,-67.585,9353.69,7461.76
5619,54,88,-61.9955,8990.37,7421.86
5620,54,89,-43.4539,7778.98,7539
5621,54,90,-17.6024,6081.4,7840.26
5622,54,91,2.88511,4729.22,8024.29
5623,54,92,7.89798,4396.7,7987.71
5624,54,93,3.73377,4674.32,7948.96
5625,54,94,-6.28815,5345.79,7973.78
5626,54,95,-17.5553,6104.44,8026.91
5627,54,96,-26.9965,6743.3,8056.54
5628,54,97,-34.3348,7242.3,8060.55
5629,54,98,-39.4928,7594.76,8042.26
5630,54,99,-41.5463,7735.77,8002.81
5631,54,100,-38.4137,7519.62,7971.56
5632,54,101,-28.9771,6865.35,8043.37
5633,54,102,-12.5339,5719.81,8364.36
5634,54,103,2.00067,4702.39,8616.07
5635,54,104,6.01774,4419.85,8597.27
5636,54,105,5.71574,4441.19,8555.78
5637,54,106,-0.52548,4884.32,8581.12
5638,54,107,-7.11759,5354.56,8619.47
5639,54,108,-12.9361,5771.56,8644.91
5640,54,109,-17.892,6128.38,8656.13
5641,54,110,-21.201,6367.73,8641.68
5642,54,111,-22.3572,6451.74,8607.28
5643,54,112,-20.294,6301.13,8581.08
5644,54,113,-14.1119,5847.78,8644.95
5645,54,114,-4.28699,5124.01,8872.23
5646,54,115,4.415,4480.06,9049.76
5647,54,116,6.96827,4290.27,9032.91
5648,54,117,6.72372,4308.53,8997.6
5649,54,118,2.47207,4627.4,9022.69
5650,54,119,-2.08367,4970.6,9060.65
5651,54,120,-6.24463,5285.45,9090.04
5652,54,121,-9.91451,5564.36,9108.25
5653,54,122,-12.5627,5766.5,9103.46
5654,54,123,-13.7365,5856.49,9076.65
5655,54,124,-12.7813,5782.94,9048.62
5656,54,125,-8.73823,5470.28,9094.22
5657,54,126,-1.61338,4916.92,9310.96
5658,54,127,5.0893,4394.11,9504.63
5659,54,128,7.17189,4230.97,9495.37
5660,54,129,7.11023,4235.82,9464
5661,54,130,4.10608,4473.15,9484.83
5662,54,131,0.783735,4736.72,9520.26
5663,54,132,-2.43763,4993.36,9554.62
5664,54,133,-5.36741,5227.74,9580.34
5665,55,59,-2123.1,126083,938.127
5666,55,60,-1735.94,104273,1493.73
5667,55,61,-1394.86,84944.9,2029.22
5668,55,62,-1077.33,66846,2616.49
5669,55,63,-813.6,51725.3,3114.55
5670,55,64,-539.285,35906.4,3799.7
5671,55,65,-223.418,17586.2,4867.54
5672,55,66,66.3671,682.038,5851.45
5673,55,67,223.17,-8517.08,6119.39
5674,55,68,212.527,-7889.15,6009.35
5675,55,69,161.696,-4873.18,5974.72
5676,55,70,68.9706,659.463,6162.33
5677,55,71,-12.6446,5556.38,6335.31
5678,55,72,-67.5387,8868.32,6390.67
5679,55,73,-106.965,11260.2,6395.56
5680,55,74,-121.519,12148,6329.02
5681,55,75,-120.857,12107.4,6252.33
5682,55,76,-95.603,10550,6244.64
5683,55,77,-46.1966,7486.85,6460.96
5684,55,78,17.6483,3507.18,6919.68
5685,55,79,65.0077,539.325,7168.37
5686,55,80,71.786,112.292,7105.85
5687,55,81,63.3895,644.07,7052.26
5688,55,82,37.8008,2273.22,7127.24
5689,55,83,9.93399,4056.69,7249.04
5690,55,84,-11.9121,5462.13,7313.9
5691,55,85,-29.6798,6611.1,7347.28
5692,55,86,-39.8369,7271.31,7323.24
5693,55,87,-43.0856,7483.56,7271.03
5694,55,88,-38.6084,7189.56,7225.28
5695,55,89,-20.3437,5984.09,7325.83
5696,55,90,5.6601,4259.17,7607.85
5697,55,91,25.9976,2903.34,7774.19
5698,55,92,30.0579,2631.3,7732.02
5699,55,93,24.5437,3002.58,7701.25
5700,55,94,12.9802,3785.05,7745.36
5701,55,95,0.223519,4652.5,7819.91
5702,55,96,-10.5139,5386.23,7866.53
5703,55,97,-18.9601,5966.2,7883.08
5704,55,98,-25.0514,6386.5,7873.27
5705,55,99,-27.8381,6579.71,7837.2
5706,55,100,-25.1653,6393.5,7802.28
5707,55,101,-15.8908,5744.29,7864.61
5708,55,102,0.692249,4577.95,8173.8
5709,55,103,15.2802,3547.07,8413.88
5710,55,104,18.9268,3288.16,8390.18
5711,55,105,18.1067,3346.66,8349.77
5712,55,106,11.1489,3845.31,8387.82
5713,55,107,3.86744,4369.57,8439.44
5714,55,108,-2.57347,4835.46,8476.15
5715,55,109,-8.08636,5236.06,8496.61
5716,55,110,-11.8637,5511.81,8488.06
5717,55,111,-13.3881,5623.6,8455.73
5718,55,112,-11.5631,5489.16,8426.92
5719,55,113,-5.46739,5038.07,8484.18
5720,55,114,4.39689,4304.83,8703.4
5721,55,115,13.0995,3655.04,8873.1
5722,55,116,15.455,3478.37,8852.93
5723,55,117,14.9332,3517.68,8818.41
5724,55,118,10.2922,3868.85,8852.66
5725,55,119,5.35564,4244.03,8900.38
5726,55,120,0.843148,4588.48,8938.41
5727,55,121,-3.14786,4894.46,8963.99
5728,55,122,-6.07295,5119.69,8964.27
5729,55,123,-7.46887,5227.64,8939.64
5730,55,124,-6.66545,5165.24,8910.34
5731,55,125,-2.68078,4854.44,8951.28
5732,55,126,4.47371,4294,9162.11
5733,55,127,11.1933,3765.4,9349.93
5734,55,128,13.1672,3609.46,9337.85
5735,55,129,12.944,3627.17,9306.83
5736,55,130,9.70726,3885.03,9334.32
5737,55,131,6.15314,4169.36,9377.15
5738,55,132,2.71149,4445.83,9418.54
5739,55,133,-0.422809,4698.67,9450.45
5740,56,60,-1355.9,81977.2,968.007
5741,56,61,-1027.8,63166.1,1371.44
5742,56,62,-724.429,45671.7,1834.3
5743,56,63,-482.988,31668.2,2208.75
5744,56,64,-221.183,16396.2,2792.52
5745,56,65,94.2364,-2108.4,3784.11
5746,56,66,378.955,-18906.8,4660.36
5747,56,67,509.794,-26669.9,4811.43
5748,56,68,453.418,-23306.1,4778.07
5749,56,69,360.912,-17755.8,4907.21
5750,56,70,229.261,-9812.83,5356.67
5751,56,71,117.407,-3027.05,5722.37
5752,56,72,40.7549,1648.75,5888.54
5753,56,73,-15.0846,5073.57,5966.33
5754,56,74,-40.8421,6661.95,5927.84
5755,56,75,-48.182,7117.02,5856.41
5756,56,76,-27.4442,5824.36,5824.83
5757,56,77,20.2575,2835.06,6001.04
5758,56,78,83.8755,-1172.88,6418.65
5759,56,79,129.663,-4072.73,6628.77
5760,56,80,131.811,-4209.49,6562.17
5761,56,81,118.151,-3335.27,6531
5762,56,82,86.6105,-1306.16,6668.58
5763,56,83,53.2668,850.062,6855.32
5764,56,84,26.9256,2562.24,6966.5
5765,56,85,5.3842,3969.61,7035.17
5766,56,86,-7.69032,4828.17,7030.27
5767,56,87,-13.1512,5188.59,6985
5768,56,88,-10.2169,4993.95,6934.81
5769,56,89,7.4521,3816.02,7017.69
5770,56,90,33.3535,2080.62,7279.6
5771,56,91,53.2824,738.746,7427.37
5772,56,92,56.0872,548.949,7380.99
5773,56,93,48.9129,1036.8,7363.1
5774,56,94,35.5067,1952.9,7434.31
5775,56,95,20.9858,2949.99,7538.21
5776,56,96,8.71185,3796.9,7608.09
5777,56,97,-1.0521,4473.87,7641.99
5778,56,98,-8.25959,4975.99,7644.21
5779,56,99,-11.9362,5233.35,7613.71
5780,56,100,-9.85138,5086.72,7575.7
5781,56,101,-0.839531,4449.88,7628.1
5782,56,102,15.8087,3267.85,7925.27
5783,56,103,30.3747,2228.82,8153.39
5784,56,104,33.554,2000.97,8125.13
5785,56,105,32.116,2104.5,8087.21
5786,56,106,24.3359,2667.26,8141.76
5787,56,107,16.2673,3253.58,8210.38
5788,56,108,9.11538,3775.67,8261.51
5789,56,109,2.96539,4226.67,8293.85
5790,56,110,-1.35123,4544.66,8293.07
5791,56,111,-3.3055,4689.28,8263.93
5792,56,112,-1.77022,4575.15,8232.81
5793,56,113,4.19801,4129.53,8283.2
5794,56,114,14.069,3389.2,8494.19
5795,56,115,22.7393,2736.04,8655.86
5796,56,116,24.8559,2575.88,8632.53
5797,56,117,24.0141,2639.86,8599.58
5798,56,118,18.9375,3027.38,8645.17
5799,56,119,13.5765,3438.39,8704.84
5800,56,120,8.6722,3816.02,8753.43
5801,56,121,4.32301,4152.35,8788.04
5802,56,122,1.0876,4403.64,8794.62
5803,56,123,-0.559988,4532.15,8772.93
5804,56,124,0.0664596,4483.08,8742.62
5805,56,125,3.97264,4175.79,8778.77
5806,56,126,11.1412,3609.47,8983.6
5807,56,127,17.8622,3076.27,9165.45
5808,56,128,19.7075,2929.26,9150.62
5809,56,129,19.3015,2961.74,9120.4
5810,56,130,15.809,3242.31,9155.87
5811,56,131,12.0007,3549.51,9207.47
5812,56,132,8.31781,3847.83,9257.17
5813,56,133,4.9594,4120.98,9296.41
5814,57,61,-808.9,50105.1,1249.14
5815,57,62,-477.371,30765.9,1572.06
5816,57,63,-237.536,16695.6,1817.32
5817,57,64,28.3571,1007.89,2277.93
5818,57,65,358.417,-18575.6,3158.49
5819,57,66,647.242,-35808.9,3907.39
5820,57,67,753.091,-42159.8,3958.78
5821,57,68,646.769,-35745.1,4069.43
5822,57,69,510.286,-27465.1,4399.8
5823,57,70,338.488,-16985.4,5082.54
5824,57,71,197.157,-8317.12,5586.94
5825,57,72,100.954,-2384.62,5821.85
5826,57,73,31.4632,1923.83,5938.95
5827,57,74,-2.32817,4030.16,5913.79
5828,57,75,-14.4947,4792.6,5843.78
5829,57,76,4.94812,3567.7,5798.48
5830,57,77,54.1078,454.254,5948.43
5831,57,78,120.432,-3768.38,6332.99
5832,57,79,167.022,-6750.13,6513.94
5833,57,80,166.236,-6699.56,6445.08
5834,57,81,148.729,-5567.48,6427.34
5835,57,82,112.41,-3206.74,6598.12
5836,57,83,74.6856,-742.066,6816.15
5837,57,84,44.933,1211.69,6947.78
5838,57,85,20.664,2813.44,7030.66
5839,57,86,5.69922,3806.11,7032.57
5840,57,87,-0.977823,4251.24,6988.91
5841,57,88,1.37903,4093.33,6935.58
5842,57,89,19.4161,2878.84,7008.48
5843,57,90,46.1374,1070.7,7257.11
5844,57,91,66.4745,-312.228,7392.78
5845,57,92,68.7023,-464.461,7343.38
5846,57,93,60.4583,101.629,7330.85
5847,57,94,45.7388,1117.27,7413.28
5848,57,95,29.9486,2212.06,7528.62
5849,57,96,16.6128,3141.12,7606.94
5850,57,97,5.98711,3884.92,7646.65
5851,57,98,-1.89879,4439.56,7652.48
5852,57,99,-6.04228,4732.37,7623.15
5853,57,100,-4.13058,4596.64,7583.08
5854,57,101,5.02754,3943.36,7630.25
5855,57,102,22.1446,2716.64,7919.67
5856,57,103,37.0607,1642.68,8140.04
5857,57,104,40.0939,1423.27,8108.89
5858,57,105,38.3303,1551.43,8071.42
5859,57,106,29.9904,2160.24,8132.15
5860,57,107,21.3836,2791.41,8206.85
5861,57,108,13.7599,3353.02,8262.87
5862,57,109,7.20255,3838.26,8298.98
5863,57,110,2.56913,4182.68,8300.4
5864,57,111,0.401227,4344.55,8271.8
5865,57,112,1.85895,4235.22,8239.16
5866,57,113,7.90926,3779.43,8285.96
5867,57,114,17.9927,3016.45,8491.96
5868,57,115,26.8238,2345.28,8648.73
5869,57,116,28.8749,2188.72,8623.42
5870,57,117,27.8737,2265.48,8590.64
5871,57,118,22.5088,2678.58,8640.21
5872,57,119,16.8642,3115.09,8703.94
5873,57,120,11.704,3515.87,8755.96
5874,57,121,7.12767,3872.82,8793.34
5875,57,122,3.70922,4140.6,8801.7
5876,57,123,1.93419,4280.24,8780.58
5877,57,124,2.50571,4235.09,8749.42
5878,57,125,6.4544,3921.82,8783.11
5879,57,126,13.7569,3340.06,8984.35
5880,57,127,20.5936,2793.12,9162.57
5881,57,128,22.4142,2646.86,9146.09
5882,57,129,21.923,2686.49,9115.8
5883,57,130,18.2651,2982.78,9153.94
5884,57,131,14.2899,3306.1,9208.42
5885,57,132,10.4498,3619.71,9260.74
5886,57,133,6.94876,3906.79,9302.2
5887,58,62,-8.1,2296.8,639.78
5888,58,63,155.257,-7395.72,792.373
5889,58,64,384.893,-21097.3,1229.39
5890,58,65,708.333,-40503.8,2126.18
5891,58,66,983.583,-57110.5,2792.44
5892,58,67,1043.33,-60735.3,2765.12
5893,58,68,864.909,-49851.5,3233.83
5894,58,69,669.322,-37855.4,3908.49
5895,58,70,446.626,-24122.5,4884.26
5896,58,71,269.657,-13150.5,5532.18
5897,58,72,150.961,-5751.71,5829.32
5898,58,73,66.5324,-460.869,5977.41
5899,58,74,24.6397,2178.37,5960.79
5900,58,75,8.12487,3224.31,5890.33
5901,58,76,27.2333,2007.74,5834.48
5902,58,77,79.0805,-1310.48,5964.7
5903,58,78,149.343,-5830.7,6322.48
5904,58,79,197.54,-8947.43,6479.07
5905,58,80,194.032,-8719.4,6408.89
5906,58,81,172.75,-7329,6402.24
5907,58,82,131.604,-4627.07,6598.13
5908,58,83,89.5009,-1848.27,6837.93
5909,58,84,56.4469,344.308,6982.36
5910,58,85,29.6221,2132.63,7073.05
5911,58,86,13.0074,3245.81,7077.75
5912,58,87,5.398,3758.18,7033.8
5913,58,88,7.49556,3616.24,6977.73
5914,58,89,26.2777,2339.06,7044.37
5915,58,90,54.2025,430.861,7284.39
5916,58,91,75.2616,-1015.19,7411.55
5917,58,92,77.1146,-1143.05,7359.58
5918,58,93,67.9452,-507.305,7350.03
5919,58,94,52.0254,601.775,7438.96
5920,58,95,35.0732,1788.43,7560.52
5921,58,96,20.7907,2792.96,7642.91
5922,58,97,9.42486,3596.15,7684.94
5923,58,98,0.986585,4195.27,7691.77
5924,58,99,-3.49161,4514.71,7662.2
5925,58,100,-1.60963,4379.84,7620.47
5926,58,101,7.85018,3698.73,7664.72
5927,58,102,25.6025,2414.64,7949.99
5928,58,103,41.0168,1294.54,8165.62
5929,58,104,44.0108,1075.98,8132.27
5930,58,105,42.0105,1222.67,8094.62
5931,58,106,33.18,1873.18,8158.5
5932,58,107,24.1013,2545,8236.14
5933,58,108,16.072,3141.84,8294.28
5934,58,109,9.17357,3656.93,8331.78
5935,58,110,4.29092,4023.13,8333.73
5936,58,111,1.97896,4197.3,8304.84
5937,58,112,3.43232,4087.33,8271.05
5938,58,113,9.64252,3615.35,8315.88
5939,58,114,20.0189,2823.28,8519.29
5940,58,115,29.0847,2128.24,8673.2
5941,58,116,31.1287,1970.85,8646.44
5942,58,117,30.019,2056.67,8613.4
5943,58,118,24.4078,2492.47,8664.83
5944,58,119,18.52,2951.73,8730.39
5945,58,120,13.1433,3372.9,8783.79
5946,58,121,8.37901,3747.69,8822.16
5947,58,122,4.81687,4029.1,8830.95
5948,58,123,2.95449,4176.85,8809.7
5949,58,124,3.51261,4132.38,8777.82
5950,58,125,7.54783,3809.56,8810.19
5951,58,126,15.0303,3208.47,9009.72
5952,58,127,22.0259,2644.16,9185.97
5953,58,128,23.8575,2495.8,9168.35
5954,58,129,23.3125,2540.13,9137.74
5955,58,130,19.5164,2850.14,9177.05
5956,58,131,15.3999,3187.7,9232.74
5957,58,132,11.4278,3514.73,9286.09
5958,58,133,7.8089,3813.89,9328.32
5959,59,63,387.7,-21729.7,352.111
5960,59,64,616.4,-35527.9,781.93
5961,59,65,966.107,-56743.5,1650.19
5962,59,66,1245.73,-73800.3,2206.65
5963,59,67,1260.5,-74706.4,2144.99
5964,59,68,1002.96,-58824.6,2996.56
5965,59,69,746.709,-42937.2,3885.21
5966,59,70,474,-25938.3,4968.47
5967,59,71,265.593,-12878.2,5635.26
5968,59,72,130.521,-4368.62,5919.31
5969,59,73,37.5607,1518.86,6046.27
5970,59,74,-5.94706,4288.85,6012.27
5971,59,75,-20.8064,5239.85,5931.05
5972,59,76,3.63983,3667.14,5877.94
5973,59,77,63.4281,-199.161,6023.09
5974,59,78,142.282,-5324.66,6395.83
5975,59,79,195.742,-8817.36,6554.55
5976,59,80,192.078,-8576.78,6480.06
5977,59,81,169.116,-7061.27,6468.93
5978,59,82,124.843,-4124.55,6658.83
5979,59,83,79.9131,-1129.19,6889.72
5980,59,84,45.054,1206.37,7023.86
5981,59,85,17.0861,3089.54,7104.03
5982,59,86,0.180077,4233.52,7100.22
5983,59,87,-7.06946,4726.48,7050.86
5984,59,88,-4.00089,4516.8,6993.93
5985,59,89,16.7347,3092.96,7069.01
5986,59,90,47.0013,1004.56,7321.31
5987,59,91,69.7731,-574.283,7454.81
5988,59,92,72.0579,-733.46,7401.49
5989,59,93,62.6535,-75.1518,7387.88
5990,59,94,46.1432,1086.07,7471.13
5991,59,95,28.5927,2326.31,7586.18
5992,59,96,13.8996,3369.52,7662.13
5993,59,97,2.30425,4196.65,7698.21
5994,59,98,-6.19991,4806.12,7699.93
5995,59,99,-10.546,5119.04,7666.92
5996,59,100,-8.23847,4952.13,7625.3
5997,59,101,1.96965,4210.34,7674.85
5998,59,102,20.7962,2836,7971.05
5999,59,103,37.1092,1639.71,8194.11
6000,59,104,40.4032,1397.05,8160.87
6001,59,105,38.4713,1540.01,8121.46
6002,59,106,29.4204,2212.8,8181.54
6003,59,107,20.1246,2906.88,8255.08
6004,59,108,11.9332,3521.24,8309.17
6005,59,109,4.92652,4049.07,8342.83
6006,59,110,0.0194229,4420.38,8341.59
6007,59,111,-2.21859,4590.47,8310.7
6008,59,112,-0.555937,4463.55,8277.12
6009,59,113,6.02511,3959,8325.56
6010,59,114,16.9013,3121.54,8535.58
6011,59,115,26.3946,2387.39,8694.28
6012,59,116,28.6018,2215.96,8667.76
6013,59,117,27.5402,2298.77,8633.56
6014,59,118,21.8246,2746.49,8682.27
6015,59,119,15.8283,3218.2,8744.91
6016,59,120,10.3651,3649.79,8795.43
6017,59,121,5.53773,4032.76,8831.01
6018,59,122,1.95307,4318.34,8837.42
6019,59,123,0.121503,4464.87,8814.58
6020,59,124,0.782382,4411.78,8782.57
6021,59,125,5.01955,4069.98,8817.4
6022,59,126,12.7965,3440.05,9022.18
6023,59,127,20.0596,2849.31,9202.7
6024,59,128,21.9997,2690.87,9185.53
6025,59,129,21.4917,2732.53,9154.17
6026,59,130,17.6407,3049.59,9191.46
6027,59,131,13.4628,3394.97,9244.97
6028,59,132,9.43571,3729.21,9296.11
6029,59,133,5.77343,4034.4,9336.18
6030,60,64,792,-46532.2,589.919
6031,60,65,1199.74,-71540.4,1378.91
6032,60,66,1492.5,-89593.8,1808.89
6033,60,67,1449.27,-86913.8,1765.28
6034,60,68,1092.55,-64678,2979.33
6035,60,69,767.133,-44285.2,3973.43
6036,60,70,441.127,-23746.8,5062.42
6037,60,71,203.465,-8694.88,5684.12
6038,60,72,57.1703,619.22,5916.33
6039,60,73,-38.5912,6747.96,5996.66
6040,60,74,-77.7464,9266.94,5934.72
6041,60,75,-85.4882,9767.58,5841.77
6042,60,76,-50.5564,7497.01,5806.13
6043,60,77,21.8968,2763.4,5996.54
6044,60,78,113.423,-3246.81,6419.26
6045,60,79,175.114,-7318.44,6599.93
6046,60,80,173.066,-7182.59,6520.26
6047,60,81,149.745,-5627.82,6497.76
6048,60,82,103.307,-2516.51,6669.19
6049,60,83,56.4274,640.067,6879.31
6050,60,84,20.6585,3060.43,6994.21
6051,60,85,-7.58427,4980.94,7056.86
6052,60,86,-23.9151,6096.88,7040.53
6053,60,87,-29.9614,6512.06,6984.64
6054,60,88,-25.1025,6176.79,6929.41
6055,60,89,-1.57775,4545.74,7023.47
6056,60,90,31.823,2218.82,7302.78
6057,60,91,56.9666,458.769,7452.48
6058,60,92,60.1661,233.739,7399.09
6059,60,93,50.908,887.978,7378.93
6060,60,94,34.1255,2079.54,7452.16
6061,60,95,16.2676,3353.4,7556.33
6062,60,96,1.44642,4415.58,7622.23
6063,60,97,-10.1037,5247.2,7649.54
6064,60,98,-18.4077,5847.85,7644.16
6065,60,99,-22.3607,6135.1,7606.9
6066,60,100,-19.3643,5916.36,7567
6067,60,101,-8.14026,5093.27,7627.13
6068,60,102,12.0322,3607.23,7944.1
6069,60,103,29.4851,2315.72,8182.22
6070,60,104,33.2643,2034.79,8150.61
6071,60,105,31.5588,2162.14,8109.09
6072,60,106,22.4169,2847.78,8163.05
6073,60,107,13.0256,3555.26,8230.17
6074,60,108,4.78959,4178.45,8278.21
6075,60,109,-2.21162,4710.54,8306.32
6076,60,110,-7.03122,5078.44,8300.73
6077,60,111,-9.08414,5235.83,8267.44
6078,60,112,-7.09966,5083.02,8235.09
6079,60,113,-0.0325138,4536.5,8290.43
6080,60,114,11.4595,3643.95,8512.57
6081,60,115,21.4862,2861.87,8680.54
6082,60,116,23.943,2669.42,8655.29
6083,60,117,23.0054,2743.18,8619.77
6084,60,118,17.2498,3197.87,8664.3
6085,60,119,11.2062,3677.33,8722.52
6086,60,120,5.71534,4114.77,8768.8
6087,60,121,0.882274,4501.41,8800.41
6088,60,122,-2.66839,4786.65,8803.57
6089,60,123,-4.41277,4927.36,8778.77
6090,60,124,-3.59205,4860.88,8747.1
6091,60,125,0.906085,4495.04,8786.5
6092,60,126,9.03795,3830.93,9000.58
6093,60,127,16.6252,3208.78,9188.9
6094,60,128,18.7211,3036.21,9173.06
6095,60,129,18.2923,3071.67,9140.9
6096,60,130,14.4229,3392.82,9175.19
6097,60,131,10.2183,3743.2,9225.47
6098,60,132,6.16981,4081.93,9273.4
6099,60,133,2.49682,4390.46,9310.41
6100,61,65,1488.6,-89931,1100.99
6101,61,66,1782.66,-108261,1389.34
6102,61,67,1644.18,-99582.6,1457.85
6103,61,68,1149.55,-68420.8,3042.05
6104,61,69,739.15,-42429,4072.43
6105,61,70,353.539,-17878.4,5106.7
6106,61,71,88.5909,-921.727,5643.52
6107,61,72,-62.9406,8826.8,5801.12
6108,61,73,-154.956,14777.1,5822.36
6109,61,74,-183.081,16605.3,5732.29
6110,61,75,-177.811,16260.9,5635.04
6111,61,76,-126.972,12922.5,5636.54
6112,61,77,-37.0049,6984.69,5901.41
6113,61,78,71.2353,-195.242,6401.65
6114,61,79,143.861,-5036.98,6617.9
6115,61,80,144.734,-5095.44,6533.63
6116,61,81,121.89,-3557.26,6497.3
6117,61,82,73.7628,-300.68,6645.26
6118,61,83,25.3755,2989.66,6829.87
6119,61,84,-10.7865,5460.73,6922.15
6120,61,85,-38.7731,7382.47,6964.86
6121,61,86,-53.961,8430.44,6935.17
6122,61,87,-58.2295,8726.39,6873.53
6123,61,88,-51.0044,8223.04,6822.77
6124,61,89,-24.0709,6337.7,6942.74
6125,61,90,13.0561,3726.43,7257.45
6126,61,91,41.0327,1749.42,7428.6
6127,61,92,45.428,1437.35,7376.19
6128,61,93,36.502,2074.07,7348.9
6129,61,94,19.5797,3286.84,7410.83
6130,61,95,1.53249,4586.24,7502.81
6131,61,96,-13.2934,5658.65,7557.63
6132,61,97,-24.6712,6485.43,7575.48
6133,61,98,-32.6455,7067.55,7562.64
6134,61,99,-36.0711,7318.76,7521.3
6135,61,100,-32.2393,7036.49,7484.32
6136,61,101,-19.8397,6118.92,7557.74
6137,61,102,1.85042,4506.62,7899.87
6138,61,103,20.5886,3107.5,8156.22
6139,61,104,24.944,2780.84,8126.97
6140,61,105,23.5325,2887.18,8083.44
6141,61,106,14.3421,3582.59,8130.73
6142,61,107,4.89477,4300.58,8190.88
6143,61,108,-3.34558,4929.6,8232.39
6144,61,109,-10.3005,5462.81,8254.58
6145,61,110,-14.9893,5823.85,8244.47
6146,61,111,-16.8107,5964.7,8208.86
6147,61,112,-14.4527,5781.56,8178.32
6148,61,113,-6.8414,5187.88,8241.88
6149,61,114,5.32838,4234.58,8478.16
6150,61,115,15.9426,3399.59,8656.93
6151,61,116,18.6852,3182.93,8633.37
6152,61,117,17.8992,3245.29,8596.6
6153,61,118,12.1212,3705.6,8636.65
6154,61,119,6.04658,4191.57,8690.15
6155,61,120,0.544679,4633.56,8731.91
6156,61,121,-4.27731,5022.53,8759.33
6157,61,122,-7.77608,5305.93,8759.11
6158,61,123,-9.41369,5439.12,8732.34
6159,61,124,-8.41103,5357.24,8701.29
6160,61,125,-3.62622,4964.88,8745.98
6161,61,126,4.88941,4263.76,8970.6
6162,61,127,12.827,3607.59,9167.76
6163,61,128,15.0963,3419.24,9153.55
6164,61,129,14.76,3447.26,9120.66
6165,61,130,10.8811,3771.8,9151.78
6166,61,131,6.65781,4126.55,9198.64
6167,61,132,2.59573,4469.12,9243.17
6168,61,133,-1.07997,4780.33,9276.96
6169,62,66,2107.4,-129261,1007
6170,62,67,1814.51,-110711,1320.16
6171,62,68,1129.89,-67123.6,3143.37
6172,62,69,621.81,-34606.3,4112.08
6173,62,70,176.583,-5963.39,5019.24
6174,62,71,-105.964,12308,5427.14
6175,62,72,-249.673,21649.1,5489.82
6176,62,73,-325.902,26629.4,5445.6
6177,62,74,-332.055,27033.4,5338.37
6178,62,75,-304.749,25231.3,5257.65
6179,62,76,-230.207,20286.6,5333.51
6180,62,77,-116.09,12678.8,5719.16
6181,62,78,14.1887,3950.14,6334.8
6182,62,79,101.223,-1910.16,6603.98
6183,62,80,106.675,-2279.11,6517.01
6184,62,81,85.3526,-829.163,6465.42
6185,62,82,36.1221,2534.92,6585.85
6186,62,83,-13.2422,5924.61,6741.16
6187,62,84,-49.1907,8405.05,6808.32
6188,62,85,-76.3091,10285.3,6829.58
6189,62,86,-89.7092,11218.8,6786.66
6190,62,87,-91.5562,11348.1,6721.02
6191,62,88,-81.3272,10628.7,6678.52
6192,62,89,-50.3041,8436.35,6832.19
6193,62,90,-8.80739,5490.09,7190.9
6194,62,91,22.4919,3257.4,7388.62
6195,62,92,28.3669,2836.36,7338.43
6196,62,93,19.9494,3442.42,7303.85
6197,62,94,3.00468,4668.09,7353.71
6198,62,95,-15.1291,5985.81,7432.65
6199,62,96,-29.8501,7060.45,7475.82
6200,62,97,-40.9402,7873.71,7483.9
6201,62,98,-48.4661,8428.13,7463.57
6202,62,99,-51.2393,8633.34,7418.59
6203,62,100,-46.4332,8276.09,7385.84
6204,62,101,-32.7039,7250.97,7475.06
6205,62,102,-9.32822,5497.79,7845.94
6206,62,103,10.8346,3978.86,8122.97
6207,62,104,15.8463,3599.64,8096.76
6208,62,105,14.7841,3680.36,8051.41
6209,62,106,5.57404,4383.4,8091.75
6210,62,107,-3.90281,5109.96,8144.66
6211,62,108,-12.1194,5742.64,8179.45
6212,62,109,-18.9986,6274.63,8195.59
6213,62,110,-23.5238,6626.09,8180.94
6214,62,111,-25.0766,6747.21,8143.22
6215,62,112,-22.302,6529.86,8115
6216,62,113,-14.096,5884.33,8187.79
6217,62,114,-1.19328,4865.01,8439.54
6218,62,115,10.0557,3972.59,8630.09
6219,62,116,13.112,3729.1,8608.52
6220,62,117,12.497,3778.3,8570.61
6221,62,118,6.70579,4243.53,8606.08
6222,62,119,0.608447,4735.38,8654.74
6223,62,120,-4.89562,5181.21,8691.9
6224,62,121,-9.697,5571.73,8715.07
6225,62,122,-13.1328,5852.31,8711.45
6226,62,123,-14.6504,5976.76,8682.8
6227,62,124,-13.4497,5877.9,8652.59
6228,62,125,-8.3579,5456.98,8703.03
6229,62,126,0.565341,4716.35,8938.86
6230,62,127,8.8745,4023.92,9145.39
6231,62,128,11.3295,3818.52,9132.99
6232,62,129,11.0942,3838.29,9099.43
6233,62,130,7.20902,4165.93,9127.34
6234,62,131,2.97001,4524.84,9170.73
6235,62,132,-1.10262,4871.01,9211.84
6236,62,133,-4.77769,5184.62,9242.38
6237,63,67,1960.1,-120271,1299.23
6238,63,68,998.743,-58424,3216.32
6239,63,69,382.964,-18603.6,4033.06
6240,63,70,-113.857,13689.8,4748.21
6241,63,71,-394.65,32034.9,4993.55
6242,63,72,-509.364,39567.7,4956.96
6243,63,73,-552.236,42397.3,4859.1
6244,63,74,-521.692,40371.3,4768.02
6245,63,75,-461.011,36325.8,4745.91
6246,63,76,-353.497,29122.4,4951.33
6247,63,77,-207.725,19307.1,5508.3
6248,63,78,-49.7074,8614.56,6267.58
6249,63,79,55.0833,1488.79,6598.7
6250,63,80,66.2683,724.482,6510.93
6251,63,81,46.9544,2050.71,6444.99
6252,63,82,-3.3594,5522.36,6537.95
6253,63,83,-53.6649,9010.21,6663.91
6254,63,84,-89.2067,11486.3,6706.45
6255,63,85,-115.204,13306.1,6707.18
6256,63,86,-126.479,14099.1,6652.66
6257,63,87,-125.532,14032.2,6585.25
6258,63,88,-111.903,13064.5,6553.59
6259,63,89,-76.3168,10526,6743.4
6260,63,90,-29.9981,7206.53,7146.6
6261,63,91,4.92118,4692.34,7370.37
6262,63,92,12.3593,4154.32,7322.65
6263,63,93,4.43145,4730.41,7281.48
6264,63,94,-12.6025,5973.89,7320.12
6265,63,95,-30.8894,7314.93,7386.87
6266,63,96,-45.5493,8394.87,7419.16
6267,63,97,-56.3759,9196.04,7418.22
6268,63,98,-63.4624,9722.81,7391.13
6269,63,99,-65.5749,9880.54,7343.14
6270,63,100,-59.7614,9444.52,7314.92
6271,63,101,-44.6445,8305.72,7419.37
6272,63,102,-19.503,6403.35,7816.78
6273,63,103,2.13972,4758.5,8112.4
6274,63,104,7.80407,4326.12,8088.89
6275,63,105,7.0666,4382.66,8041.91
6276,63,106,-2.21135,5097.06,8076.03
6277,63,107,-11.7634,5835.75,8122.39
6278,63,108,-19.9955,6475.12,8151.09
6279,63,109,-26.8322,7008.38,8161.74
6280,63,110,-31.2196,7352.05,8143.03
6281,63,111,-32.5216,7454.48,8103.46
6282,63,112,-29.3382,7203,8077.43
6283,63,113,-20.5346,6504.57,8158.48
6284,63,114,-6.8879,5417.39,8423.73
6285,63,115,5.0004,4466.32,8624.36
6286,63,116,8.35723,4196.66,8604.44
6287,63,117,7.89271,4234.13,8565.47
6288,63,118,2.05913,4706.65,8596.91
6289,63,119,-4.08912,5206.71,8641.29
6290,63,120,-9.621,5658.48,8674.36
6291,63,121,-14.425,6052.4,8693.73
6292,63,122,-17.8177,6331.73,8687.08
6293,63,123,-19.2315,6448.61,8656.76
6294,63,124,-17.8442,6333.47,8627.26
6295,63,125,-12.4513,5884.05,8682.67
6296,63,126,-3.12127,5103.44,8927.98
6297,63,127,5.55699,4374.47,9142.29
6298,63,128,8.18689,4152.68,9131.32
6299,63,129,8.03835,4165.26,9097.13
6300,63,130,4.12883,4497.57,9122.24
6301,63,131,-0.143771,4862.16,9162.61
6302,63,132,-4.24379,5213.4,9200.71
6303,63,133,-7.9339,5530.75,9228.39
6304,64,68,528.7,-27087.8,3004.43
6305,64,69,-135.657,16316.9,3527.68
6306,64,70,-626.25,48532.5,3970.72
6307,64,71,-849.143,63243.4,4027.87
6308,64,72,-888.35,65844.1,3920.16
6309,64,73,-864,64220.8,3823.65
6310,64,74,-771.218,58004.4,3846.61
6311,64,75,-658.836,50437.3,3988.03
6312,64,76,-504.346,39983.5,4438.23
6313,64,77,-316.2,27189.6,5252.68
6314,64,78,-122.65,13963.7,6196.06
6315,64,79,4.35735,5242.51,6600.8
6316,64,80,22.826,3968.18,6514.48
6317,64,81,6.19298,5121.4,6435.16
6318,64,82,-45.1263,8696.64,6500.64
6319,64,83,-96.2857,12277.8,6597.23
6320,64,84,-131.153,14730.1,6615.76
6321,64,85,-155.7,16464.8,6597
6322,64,86,-164.435,17085,6532.72
6323,64,87,-160.246,16786.2,6465.92
6324,64,88,-142.749,15532.2,6447.76
6325,64,89,-102.053,12602.1,6675.82
6326,64,90,-50.3968,8865.63,7123.42
6327,64,91,-11.5263,6041.04,7372.24
6328,64,92,-2.44089,5377.8,7326.98
6329,64,93,-9.91057,5925.58,7279.84
6330,64,94,-27.1181,7193.2,7308.16
6331,64,95,-45.6408,8563.88,7363.6
6332,64,96,-60.2951,9653.19,7385.83
6333,64,97,-70.8912,10444.4,7376.61
6334,64,98,-77.5532,10944,7343.44
6335,64,99,-79.0003,11053,7292.95
6336,64,100,-72.1468,10534.4,7269.35
6337,64,101,-55.5824,9275.55,7388.11
6338,64,102,-28.5907,7215.18,7809.46
6339,64,103,-5.41144,5438.11,8121.32
6340,64,104,0.897561,4952.31,8100.02
6341,64,105,0.453853,4986.63,8051.53
6342,64,106,-8.94805,5716.84,8080.15
6343,64,107,-18.628,6471.88,8120.7
6344,64,108,-26.9209,7121.49,8143.97
6345,64,109,-33.7538,7659.01,8149.72
6346,64,110,-38.0333,7997.09,8127.37
6347,64,111,-39.1057,8082.17,8086.15
6348,64,112,-35.5237,7796.8,8062.05
6349,64,113,-26.1204,7044.54,8150.26
6350,64,114,-11.7195,5887.67,8426.94
6351,64,115,0.811833,4876.8,8635.88
6352,64,116,4.45339,4581.84,8617.17
6353,64,117,4.11626,4609.26,8577.2
6354,64,118,-1.79214,5091.78,8605.18
6355,64,119,-8.02242,5602.66,8645.86
6356,64,120,-13.6104,6062.73,8675.37
6357,64,121,-18.4424,6462.18,8691.42
6358,64,122,-21.814,6742.02,8682.1
6359,64,123,-23.1417,6852.66,8650.28
6360,64,124,-21.5808,6722.07,8621.34
6361,64,125,-15.8933,6244.32,8680.84
6362,64,126,-6.15783,5423.3,8933.9
6363,64,127,2.88652,4657.54,9154.43
6364,64,128,5.6795,4420.14,9144.48
6365,64,129,5.60244,4426.71,9109.66
6366,64,130,1.64893,4765.4,9132.41
6367,64,131,-2.67639,5137.37,9170.23
6368,64,132,-6.82185,5495.27,9205.76
6369,64,133,-10.5437,5817.83,9230.98
6370,65,69,-1020.9,76218.3,2335.56
6371,65,70,-1379.94,100035,2491.5
6372,65,71,-1451.18,104784,2415.9
6373,65,72,-1349.68,97983.4,2401.17
6374,65,73,-1217.4,89076.6,2500.48
6375,65,74,-1035.38,76760,2869.92
6376,65,75,-854.536,64462.5,3332.76
6377,65,76,-641.682,49917.5,4107.16
6378,65,77,-403.462,33559.7,5168.2
6379,65,78,-169.796,17436.7,6246.42
6380,65,79,-19.5679,7020.95,6690.67
6381,65,80,4.2,5365.12,6600.58
6382,65,81,-12.1985,6513.02,6511.52
6383,65,82,-67.1765,10379.8,6560.96
6384,65,83,-121.4,14211.6,6639.03
6385,65,84,-157.243,16756.4,6641.31
6386,65,85,-181.643,18497,6608.9
6387,65,86,-188.813,19010.8,6537.43
6388,65,87,-182.14,18530.4,6470.27
6389,65,88,-161.361,17027.4,6459.58
6390,65,89,-115.92,13725.3,6708.14
6391,65,90,-59.2236,9586.48,7176.43
6392,65,91,-16.8199,6476.88,7433.83
6393,65,92,-6.70744,5731.93,7387.29
6394,65,93,-14.398,6301.03,7336.45
6395,65,94,-32.4536,7643.16,7359.85
6396,65,95,-51.827,9089.71,7409.63
6397,65,96,-67.0106,10228.5,7426.29
6398,65,97,-77.8419,11044.4,7412.1
6399,65,98,-84.4869,11547.2,7374.93
6400,65,99,-85.6204,11633.4,7322.26
6401,65,100,-78.0184,11053.1,7299.97
6402,65,101,-60.2413,9690.19,7424.37
6403,65,102,-31.5838,7483.56,7854.71
6404,65,103,-7.06235,5587.24,8171.08
6405,65,104,-0.355347,5066.33,8149.04
6406,65,105,-0.759582,5097.86,8099.01
6407,65,106,-10.5514,5864.88,8125.61
6408,65,107,-20.6071,6655.93,8163.88
6409,65,108,-29.187,7333.74,8184.71
6410,65,109,-36.2228,7891.92,8188.03
6411,65,110,-40.581,8239.12,8163.58
6412,65,111,-41.5907,8319.89,8121
6413,65,112,-37.7558,8011.83,8096.9
6414,65,113,-27.8777,7214.99,8187.04
6415,65,114,-12.8304,5996.16,8466.91
6416,65,115,0.235928,4933.43,8677.39
6417,65,116,4.0397,4622.79,8658.01
6418,65,117,3.70545,4650.2,8617.07
6419,65,118,-2.40656,5153.42,8644.01
6420,65,119,-8.84105,5685.34,8683.52
6421,65,120,-14.5994,6163.28,8711.73
6422,65,121,-19.5662,6577.19,8726.38
6423,65,122,-23.0153,6865.76,8715.75
6424,65,123,-24.3473,6977.64,8682.91
6425,65,124,-22.6941,6838.23,8653.6
6426,65,125,-16.7837,6337.81,8713.88
6427,65,126,-6.70547,5481.16,8968.81
6428,65,127,2.64339,4683.39,9190.36
6429,65,128,5.53125,4436,9179.92
6430,65,129,5.45638,4442.44,9144.42
6431,65,130,1.3875,4793.72,9166.56
6432,65,131,-3.05914,5179.09,9203.69
6433,65,132,-7.31527,5549.38,9238.44
6434,65,133,-11.1307,5882.59,9262.8
6435,66,70,-2140.9,152287,870.408
6436,66,71,-1982.23,141603,965.105
6437,66,72,-1700,122506,1505.75
6438,66,73,-1447.07,105307,2005.18
6439,66,74,-1173.57,86617.2,2698.46
6440,66,75,-928.915,69817.8,3327.47
6441,66,76,-663.836,51527.4,4189.07
6442,66,77,-382.22,32002,5264.42
6443,66,78,-115.874,13446.5,6305.3
6444,66,79,48.1121,1967.52,6697.08
6445,66,80,66.025,707.642,6590.19
6446,66,81,39.8485,2557.45,6505.63
6447,66,82,-27.7206,7354.85,6581.68
6448,66,83,-92.3529,11965.3,6681.49
6449,66,84,-135.026,15023.6,6693.35
6450,66,85,-164.088,17116,6664.84
6451,66,86,-173.613,17805,6591.37
6452,66,87,-167.715,17376.4,6518.51
6453,66,88,-146.383,15819.2,6498.4
6454,66,89,-98.4039,12300.7,6730.74
6455,66,90,-38.5731,7893.14,7177.96
6456,66,91,5.50393,4631.44,7414.88
6457,66,92,14.7118,3946.99,7360.4
6458,66,93,4.94198,4676.47,7313.33
6459,66,94,-15.6926,6224.06,7348.41
6460,66,95,-37.475,7865,7410.04
6461,66,96,-54.5641,9158.08,7434.6
6462,66,97,-66.8503,10091.8,7425
6463,66,98,-74.5642,10680.7,7389.8
6464,66,99,-76.3481,10817.4,7336.15
6465,66,100,-68.8415,10239.4,7308.81
6466,66,101,-50.5866,8827.7,7424.09
6467,66,102,-20.9018,6522.19,7841.94
6468,66,103,4.34796,4552.7,8145.71
6469,66,104,10.8138,4046.21,8118.15
6470,66,105,9.83086,4123.54,8067.56
6471,66,106,-0.955226,4975.64,8102.02
6472,66,107,-11.9467,5847.63,8148.02
6473,66,108,-21.3285,6595.04,8174.87
6474,66,109,-29.0413,7212.07,8182.64
6475,66,110,-33.9124,7603.38,8160.4
6476,66,111,-35.2559,7711.75,8117.64
6477,66,112,-31.5274,7409.75,8090.38
6478,66,113,-21.4972,6593.96,8174.35
6479,66,114,-6.09622,5336.21,8446.12
6480,66,115,7.22343,4244,8648.7
6481,66,116,10.9024,3941.1,8625.84
6482,66,117,10.2913,3991.62,8584.66
6483,66,118,3.70013,4538.68,8617.19
6484,66,119,-3.19886,5113.6,8662.44
6485,66,120,-9.37172,5630.06,8695.44
6486,66,121,-14.7027,6077.86,8713.93
6487,66,122,-18.4434,6393.33,8705.62
6488,66,123,-19.979,6523.34,8673.27
6489,66,124,-18.4179,6390.65,8642.25
6490,66,125,-12.453,5881.64,8698.36
6491,66,126,-2.1863,5002.13,8947.5
6492,66,127,7.31835,4184.73,9163.27
6493,66,128,10.1495,3940.31,9150.09
6494,66,129,9.92795,3959.51,9114.29
6495,66,130,5.59628,4336.36,9140.41
6496,66,131,0.88736,4747.61,9181.85
6497,66,132,-3.61362,5142.2,9220.55
6498,66,133,-7.65017,5497.41,9248.24
6499,67,71,-2102.6,149989,932.272
6500,67,72,-1686.17,121533,1563.75
6501,67,73,-1364.93,99474.6,2020.92
6502,67,74,-1043.58,77301.8,2624.33
6503,67,75,-773.45,58572.5,3146.2
6504,67,76,-486.448,38578.1,3888.59
6505,67,77,-185.882,17538.4,4837.99
6506,67,78,92.1329,-2015.3,5748.5
6507,67,79,249.346,-13125,6026.89
6508,67,80,241.07,-12537.5,5917.66
6509,67,81,188.064,-8756.36,5891.65
6510,67,82,93.5221,-1980.83,6095.47
6511,67,83,7.02206,4247.17,6304.56
6512,67,84,-51.4345,8475.52,6380.35
6513,67,85,-92.3544,11449,6392.48
6514,67,86,-110.005,12737.6,6333.02
6515,67,87,-109.604,12708.1,6256.25
6516,67,88,-91.6155,11383,6216.76
6517,67,89,-44.2263,7876.17,6412.16
6518,67,90,16.0757,3393.73,6819.81
6519,67,91,59.3069,165.793,7021.08
6520,67,92,65.0844,-267.521,6958.08
6521,67,93,50.8596,804.085,6931.19
6522,67,94,25.4713,2725.13,7007.46
6523,67,95,-0.652217,4710.52,7110.95
6524,67,96,-21.3355,6289.34,7166.18
6525,67,97,-36.5581,7456.41,7177.52
6526,67,98,-46.6474,8233.28,7155.16
6527,67,99,-50.2313,8510.44,7105.2
6528,67,100,-43.8194,8012.45,7069.8
6529,67,101,-25.9513,6618.73,7168.13
6530,67,102,4.01403,4271.45,7566.55
6531,67,103,29.2819,2283.72,7851.04
6532,67,104,34.7757,1849.71,7816.07
6533,67,105,32.5136,2029.17,7768.69
6534,67,106,20.054,3021.78,7826.27
6535,67,107,7.50157,4025.97,7895.26
6536,67,108,-3.25306,4889.93,7940.84
6537,67,109,-12.1654,5608.85,7963.39
6538,67,110,-18.0249,6083.48,7950.16
6539,67,111,-20.1343,6255.04,7910.18
6540,67,112,-16.9011,5991,7878.47
6541,67,113,-7.06649,5184.56,7952.14
6542,67,114,8.37489,3913.22,8211.92
6543,67,115,21.6476,2816.01,8402.84
6544,67,116,24.8967,2546.34,8375.37
6545,67,117,23.7129,2644.99,8336.13
6546,67,118,16.352,3260.85,8383.7
6547,67,119,8.71521,3902.33,8444.48
6548,67,120,1.87246,4479.41,8490.86
6549,67,121,-4.06126,4981.79,8520.49
6550,67,122,-8.31562,5343.42,8519.66
6551,67,123,-10.2604,5509.37,8490.39
6552,67,124,-8.98062,5399.74,8457.41
6553,67,125,-3.13343,4896.88,8506.83
6554,67,126,7.16482,4007.79,8747.79
6555,67,127,16.6745,3183.62,8955.45
6556,67,128,19.2952,2955.63,8938.52
6557,67,129,18.7763,3000.94,8903.64
6558,67,130,14.0327,3416.79,8939.94
6559,67,131,8.91932,3866.77,8992.42
6560,67,132,4.03856,4297.91,9041.41
6561,67,133,-0.346915,4686.75,9078.02
6562,68,72,-1288.6,93438.2,1014.55
6563,68,73,-992.8,72929.4,1331.58
6564,68,74,-685.964,51553.2,1817.19
6565,68,75,-437.702,34174.8,2217.96
6566,68,76,-161.533,14751,2863.08
6567,68,77,134.164,-6144.96,3722.85
6568,68,78,404.536,-25341.4,4526.38
6569,68,79,535.885,-34710.9,4689.33
6570,68,80,482.253,-30867.3,4653.98
6571,68,81,387.22,-24024.9,4802.92
6572,68,82,253.518,-14353.8,5280.74
6573,68,83,136.206,-5829.17,5697.34
6574,68,84,55.674,49.6569,5890.61
6575,68,85,-1.6935,4256.61,5977.13
6576,68,86,-30.7456,6396.78,5949.67
6577,68,87,-38.2301,6950.63,5878.12
6578,68,88,-25.326,5991.43,5822.09
6579,68,89,20.345,2581.33,5978.52
6580,68,90,80.2757,-1913.48,6345.26
6581,68,91,121.76,-5038.59,6509.77
6582,68,92,123.003,-5132.69,6443.91
6583,68,93,103.229,-3629.83,6450.96
6584,68,94,72.0806,-1252.19,6586.77
6585,68,95,40.7619,1148.9,6748.25
6586,68,96,15.7961,3071.27,6845.54
6587,68,97,-2.9168,4518.4,6885.85
6588,68,98,-15.8274,5521.13,6881.97
6589,68,99,-21.5616,5968.39,6839.17
6590,68,100,-16.4987,5571.8,6796.91
6591,68,101,0.813445,4209.91,6878.07
6592,68,102,30.9616,1828.2,7256.74
6593,68,103,56.1362,-168.975,7521.6
6594,68,104,60.4753,-514.663,7480.44
6595,68,105,56.7415,-215.96,7439.08
6596,68,106,42.4006,936.096,7525.44
6597,68,107,28.1032,2089.42,7622.46
6598,68,108,15.819,3084.44,7690.74
6599,68,109,5.5741,3917.69,7731.21
6600,68,110,-1.38312,4485.86,7729.2
6601,68,111,-4.34475,4728.72,7693.45
6602,68,112,-1.6697,4508.47,7657.92
6603,68,113,7.93031,3714.87,7721.31
6604,68,114,23.3906,2431.67,7968.92
6605,68,115,36.5906,1331.66,8148.07
6606,68,116,39.3624,1099.76,8116.56
6607,68,117,37.5527,1251.78,8080.45
6608,68,118,29.3604,1942.66,8145.34
6609,68,119,20.9296,2656.47,8223.73
6610,68,120,13.3677,3299.23,8285.21
6611,68,121,6.78845,3860.66,8327.39
6612,68,122,1.98485,4272.17,8335.1
6613,68,123,-0.3973,4477.03,8309.67
6614,68,124,0.581346,4392.54,8275.15
6615,68,125,6.30044,3896.89,8317.95
6616,68,126,16.628,2998.39,8550.64
6617,68,127,26.1392,2167.74,8750.13
6618,68,128,28.5355,1957.67,8729.72
6619,68,129,27.7018,2031.04,8696.32
6620,68,130,22.5243,2488.38,8743.79
6621,68,131,16.9857,2979.47,8808.24
6622,68,132,11.7066,3449.31,8868.3
6623,68,133,6.95587,3873.71,8914.5
6624,69,73,-732.7,54288.9,1111.93
6625,69,74,-410.286,31612.4,1455.64
6626,69,75,-169.857,14622.1,1726.65
6627,69,76,108.393,-5133.61,2255.68
6628,69,77,409.817,-26635.2,3006.17
6629,69,78,679.133,-45936.2,3690.44
6630,69,79,784.436,-53518,3753.51
6631,69,80,680.441,-45995.7,3870.04
6632,69,81,540.297,-35811.9,4245.56
6633,69,82,365.626,-23060.9,4978.89
6634,69,83,217.725,-12214.8,5549.93
6635,69,84,116.937,-4790.1,5818.34
6636,69,85,45.6127,487.877,5946.37
6637,69,86,8.07637,3278.08,5934.74
6638,69,87,-4.28246,4200.87,5864.72
6639,69,88,6.51729,3390.89,5798.98
6640,69,89,53.5052,-148.863,5930.2
6641,69,90,115.87,-4867.77,6265.28
6642,69,91,157.866,-8059.47,6402.82
6643,69,92,156.204,-7932.62,6335.43
6644,69,93,132.192,-6091.67,6362.08
6645,69,94,96.4195,-3337.23,6528.88
6646,69,95,60.978,-596.42,6717.82
6647,69,96,32.7849,1593.25,6833.33
6648,69,97,11.6099,3244.9,6885.02
6649,69,98,-3.12992,4399.52,6887.58
6650,69,99,-10.0532,4944.15,6846.44
6651,69,100,-5.39315,4576,6800.02
6652,69,101,12.2951,3172.73,6871.55
6653,69,102,43.5413,683.452,7236.25
6654,69,103,69.4356,-1388.09,7487.36
6655,69,104,73.277,-1696.68,7442.09
6656,69,105,68.6494,-1323.39,7403
6657,69,106,52.9269,-49.8675,7501.83
6658,69,107,37.3565,1216.53,7610.29
6659,69,108,23.9954,2307.68,7687.23
6660,69,109,12.8519,3221.45,7734.05
6661,69,110,5.21684,3850.07,7735.58
6662,69,111,1.81048,4131.66,7700.62
6663,69,112,4.32734,3922.76,7662.68
6664,69,113,14.0875,3109.42,7720.46
6665,69,114,29.9523,1782.06,7960.32
6666,69,115,43.4348,649.532,8131.94
6667,69,116,46.0369,430.086,8097.78
6668,69,117,43.8808,612.635,8062.47
6669,69,118,35.1077,1358.35,8134.1
6670,69,119,26.1209,2125.22,8219.05
6671,69,120,18.0685,2815.04,8285.86
6672,69,121,11.0636,3417.47,8332.21
6673,69,122,5.92377,3861.21,8342.5
6674,69,123,3.31176,4087.58,8317.87
6675,69,124,4.19289,4010.92,8282.13
6676,69,125,9.98593,3505,8321.46
6677,69,126,20.5425,2579.53,8549.09
6678,69,127,30.2435,1725.85,8743.45
6679,69,128,32.5828,1519.21,8720.89
6680,69,129,31.5891,1607.32,8687.64
6681,69,130,26.1192,2094.14,8739.16
6682,69,131,20.2907,2614.82,8807.79
6683,69,132,14.7433,3112.24,8871.58
6684,69,133,9.75293,3561.37,8920.84
6685,70,74,21.5,236,612.89
6686,70,75,198.143,-12364.5,800.085
6687,70,76,450.75,-30468,1310.79
6688,70,77,741.94,-51433.8,2031.1
6689,70,78,997.3,-69904.8,2632.97
6690,70,79,1060.03,-74463.2,2617.35
6691,70,80,887.018,-61833.3,3083.83
6692,70,81,689.087,-47318.3,3807.35
6693,70,82,464.654,-30785.1,4821.83
6694,70,83,281.477,-17230,5528.55
6695,70,84,158.75,-8107.28,5852.1
6696,70,85,73.2838,-1725.81,6004.75
6697,70,86,28.076,1664.78,5999.3
6698,70,87,12.1218,2866.66,5927.28
6699,70,88,22.3316,2094.12,5854.3
6700,70,89,72.4368,-1713.88,5970.33
6701,70,90,138.938,-6790.11,6284.27
6702,70,91,182.654,-10141.7,6402.3
6703,70,92,178.693,-9836.67,6333.37
6704,70,93,150.805,-7680.04,6372.27
6705,70,94,110.682,-4563.83,6557.01
6706,70,95,71.4174,-1501.17,6759.96
6707,70,96,40.3626,931.457,6883.04
6708,70,97,17.1338,2758.79,6938.1
6709,70,98,0.996552,4033.63,6941.43
6710,70,99,-6.6634,4641.32,6899.15
6711,70,100,-1.92137,4263.54,6849.9
6712,70,101,16.6554,2777.4,6917.11
6713,70,102,49.5311,136.387,7275.49
6714,70,103,76.5962,-2046.86,7518.89
6715,70,104,80.2479,-2342.65,7470.53
6716,70,105,74.9759,-1913.87,7431.83
6717,70,106,58.0616,-532.532,7536.26
6718,70,107,41.4015,833.602,7649.3
6719,70,108,27.1478,2007.16,7729.1
6720,70,109,15.2895,2987.44,7777.44
6721,70,110,7.16307,3661.93,7779.2
6722,70,111,3.50182,3967.04,7743.47
6723,70,112,6.05708,3753.25,7703.9
6724,70,113,16.1822,2902.73,7759.32
6725,70,114,32.659,1513.19,7996.07
6726,70,115,46.6101,332.005,8163.98
6727,70,116,49.1878,112.897,8127.94
6728,70,117,46.8106,315.753,8092.4
6729,70,118,37.5598,1108.24,8166.53
6730,70,119,28.1154,1920.45,8253.69
6731,70,120,19.669,2649.66,8321.97
6732,70,121,12.3332,3285.43,8369.17
6733,70,122,6.95146,3753.64,8379.61
6734,70,123,4.20465,3993.53,8354.52
6735,70,124,5.08535,3916.32,8317.83
6736,70,125,11.0534,3391.13,8355.78
6737,70,126,21.943,2429.22,8581.75
6738,70,127,31.9301,1543.69,8773.98
6739,70,128,34.2916,1333.52,8750.06
6740,70,129,33.2078,1430.35,8716.4
6741,70,130,27.5054,1941.65,8769.18
6742,70,131,21.4442,2487.16,8839.05
6743,70,132,15.6841,3007.49,8903.76
6744,70,133,10.5084,3476.76,8953.57
6745,71,75,419.1,-28641.7,437.923
6746,71,76,682.257,-47676.7,913.643
6747,71,77,990.5,-70075.7,1564.83
6748,71,78,1247.56,-88841.1,2062.28
6749,71,79,1268.62,-90385.2,2007.6
6750,71,80,1019.28,-72017.8,2854.57
6751,71,81,761.318,-52928.3,3793.5
6752,71,82,487.441,-32570,4909.11
6753,71,83,272.577,-16526.9,5630.16
6754,71,84,133.589,-6102.79,5936.65
6755,71,85,40.0821,941.393,6065.3
6756,71,86,-6.62647,4475.68,6040.29
6757,71,87,-20.375,5520.57,5957.29
6758,71,88,-5.42002,4379,5884.36
6759,71,89,52.8807,-90.7193,6018.37
6760,71,90,127.987,-5873.92,6351.1
6761,71,91,176.91,-9657.31,6473.91
6762,71,92,173.111,-9362.2,6400.47
6763,71,93,143.284,-7035.69,6432.71
6764,71,94,100.444,-3679.91,6608.16
6765,71,95,58.8569,-408.405,6799.48
6766,71,96,26.3795,2157.31,6910.52
6767,71,97,2.46581,4054.46,6954.49
6768,71,98,-13.7764,5348.43,6948.58
6769,71,99,-20.9458,5921.98,6900.54
6770,71,100,-14.9355,5439.15,6852.4
6771,71,101,5.67944,3776.21,6929.77
6772,71,102,41.2958,891.286,7306.35
6773,71,103,70.5003,-1484.01,7560.3
6774,71,104,74.7254,-1829.06,7511.2
6775,71,105,69.4678,-1397.94,7469.26
6776,71,106,51.9198,46.8459,7567.64
6777,71,107,34.6911,1471.09,7674.07
6778,71,108,20.0404,2687.1,7747.3
6779,71,109,7.93846,3695.59,7789.41
6780,71,110,-0.226735,4378.74,7786.1
6781,71,111,-3.7061,4671.01,7747.3
6782,71,112,-0.685925,4416.31,7708.28
6783,71,113,10.2238,3492.62,7769.51
6784,71,114,27.7204,2005.41,8016.2
6785,71,115,42.5109,743.283,8190.8
6786,71,116,45.379,497.588,8154.77
6787,71,117,43.0627,696.79,8117.3
6788,71,118,33.5826,1515.24,8187.36
6789,71,119,23.9151,2353.09,8270.14
6790,71,120,15.2989,3102.7,8334.08
6791,71,121,7.8467,3753.52,8377.12
6792,71,122,2.43055,4228.34,8384.04
6793,71,123,-0.249315,4464.16,8356.67
6794,71,124,0.828969,4368.92,8319.87
6795,71,125,7.16883,3806.78,8361.53
6796,71,126,18.586,2790.65,8595.07
6797,71,127,29.0414,1856.64,8793.16
6798,71,128,31.5839,1628.66,8769.71
6799,71,129,30.5551,1721.25,8734.88
6800,71,130,24.7512,2245.54,8784.79
6801,71,131,18.5815,2804.93,8851.55
6802,71,132,12.7279,3337.6,8913.11
6803,71,133,7.48176,3816.75,8959.87
6804,72,76,871.4,-61799.4,735.598
6805,72,77,1219.34,-87315.2,1283.43
6806,72,78,1484.46,-106846,1662.77
6807,72,79,1451.56,-104411,1618.14
6808,72,80,1106.17,-78736.7,2834.75
6809,72,81,779.23,-54325.4,3880.67
6810,72,82,452.3,-29805.6,4999.35
6811,72,83,207.483,-11362.7,5672.45
6812,72,84,57.1264,14.2198,5924.41
6813,72,85,-38.8154,7305.79,6005.04
6814,72,86,-81.2321,10543.6,5949.91
6815,72,87,-87.3735,11014.4,5855.96
6816,72,88,-62.777,9120.51,5793.77
6817,72,89,8.37461,3618.12,5975.39
6818,72,90,96.0719,-3193.04,6360.19
6819,72,91,153.079,-7639.58,6505.93
6820,72,92,151.187,-7491.38,6427.36
6821,72,93,120.641,-5088.46,6444.8
6822,72,94,76.0455,-1565.38,6600.01
6823,72,95,33.0261,1847.49,6769.7
6824,72,96,0.0169231,4477.22,6861.11
6825,72,97,-23.7084,6375.24,6888.56
6826,72,98,-39.2149,7620.93,6870
6827,72,99,-45.0794,8094,6815.37
6828,72,100,-36.9901,7438.77,6772.25
6829,72,101,-13.5306,5530.73,6870.25
6830,72,102,25.623,2333.19,7282.41
6831,72,103,57.6323,-291.579,7559.06
6832,72,104,62.8934,-724.739,7511.05
6833,72,105,58.0225,-322.076,7464.72
6834,72,106,40.1258,1163.35,7552.9
6835,72,107,22.5951,2624.24,7648.77
6836,72,108,7.80631,3861.57,7712.14
6837,72,109,-4.28865,4877.54,7745.35
6838,72,110,-12.2455,5548.58,7735.25
6839,72,111,-15.2979,5807.01,7692.91
6840,72,112,-11.565,5489.71,7656.18
6841,72,113,0.382303,4470.21,7728.33
6842,72,114,19.1504,2862.41,7993.12
6843,72,115,35.0028,1499.1,8180.64
6844,72,116,38.332,1211.68,8145.85
6845,72,117,36.2214,1394.6,8106.03
6846,72,118,26.629,2229.13,8169.82
6847,72,119,16.8485,3083.31,8246.05
6848,72,120,8.16898,3844.21,8303.75
6849,72,121,0.703914,4501.13,8340.99
6850,72,122,-4.64452,4973.58,8343.24
6851,72,123,-7.15534,5196.2,8313.11
6852,72,124,-5.77576,5073.42,8276.94
6853,72,125,1.04353,4464.23,8325.22
6854,72,126,13.0986,3383.29,8571.73
6855,72,127,24.1234,2391.06,8780.25
6856,72,128,26.9277,2137.74,8758.32
6857,72,129,26.024,2219.68,8722.19
6858,72,130,20.1769,2751.76,8767.9
6859,72,131,13.954,3320.12,8830.18
6860,72,132,8.06023,3860.38,8887.31
6861,72,133,2.79542,4344.74,8929.87
6862,73,77,1531.2,-110912,888.569
6863,73,78,1780.74,-129462,1146.28
6864,73,79,1653.79,-119982,1225.06
6865,73,80,1171.49,-83810,2883.06
6866,73,81,757.383,-52614.1,3979.85
6867,73,82,369.436,-23259.4,5049.44
6868,73,83,95.1727,-2415.38,5638.68
6869,73,84,-61.5245,9545.84,5815.48
6870,73,85,-153.973,16633.5,5837.36
6871,73,86,-185.998,19099.5,5751.94
6872,73,87,-178.989,18557.5,5654.94
6873,73,88,-139.866,15518.9,5618.72
6874,73,89,-51.2745,8608.76,5874.57
6875,73,90,52.7946,456.682,6335.19
6876,73,91,120.358,-4858.29,6515.11
6877,73,92,121.549,-4952.38,6432.2
6878,73,93,90.9169,-2522.24,6432.31
6879,73,94,44.9689,1138.27,6563.58
6880,73,95,0.911067,4662.91,6708.27
6881,73,96,-32.1726,7320.63,6777.72
6882,73,97,-55.2208,9179.85,6787.36
6883,73,98,-69.4961,10336.1,6755.83
6884,73,99,-73.5519,10666,6695.62
6885,73,100,-62.8511,9792.12,6660.79
6886,73,101,-35.9901,7589.52,6785.45
6887,73,102,7.27097,4027.69,7241.27
6888,73,103,42.5294,1112.99,7545.6
6889,73,104,49.0632,570.685,7499.68
6890,73,105,44.7353,931.347,7448.98
6891,73,106,26.5675,2451.39,7526.03
6892,73,107,8.8098,3943.03,7610.47
6893,73,108,-6.03475,5194.92,7663.3
6894,73,109,-18.0353,6210.97,7687.15
6895,73,110,-25.6875,6861.41,7670.1
6896,73,111,-28.2071,7076.41,7624.52
6897,73,112,-23.642,6685.34,7591.08
6898,73,113,-10.5228,5557.09,7676.14
6899,73,114,9.65829,3814.78,7961.65
6900,73,115,26.6895,2338.74,8163.92
6901,73,116,30.5479,2003.06,8130.86
6902,73,117,28.6895,2165.37,8088.77
6903,73,118,19.0075,3014.15,8145.95
6904,73,119,9.13506,3882.93,8215.29
6905,73,120,0.415328,4653.17,8266.47
6906,73,121,-7.03796,5314.03,8297.71
6907,73,122,-12.2907,5781.52,8295.18
6908,73,123,-14.6001,5987.83,8262.38
6909,73,124,-12.8811,5833.69,8227.23
6910,73,125,-5.53637,5172.67,8282.99
6911,73,126,7.20892,4021.34,8543.76
6912,73,127,18.8488,2966,8763.71
6913,73,128,21.9416,2684.55,8743.59
6914,73,129,21.1811,2754.01,8706.23
6915,73,130,15.2994,3293.17,8747.6
6916,73,131,9.03092,3869.86,8805.24
6917,73,132,3.10478,4417.04,8857.81
6918,73,133,-2.17017,4905.86,8896.06
6919,74,78,2053.3,-150358,814.967
6920,74,79,1793.17,-130761,1118.43
6921,74,80,1133.25,-80827.4,2973.13
6922,74,81,625.179,-42214,3991.85
6923,74,82,180.4,-8262.53,4924.99
6924,74,83,-110.909,14071.2,5377.23
6925,74,84,-258.627,25445.5,5453.45
6926,74,85,-333.633,31245.9,5408.15
6927,74,86,-342.945,31969.1,5302.52
6928,74,87,-312.514,29595.5,5226.78
6929,74,88,-250.371,24727.7,5253.82
6930,74,89,-136.893,15800.7,5642.18
6931,74,90,-10.5074,5816.25,6227.91
6932,74,91,71.5965,-697.322,6465.27
6933,74,92,78.0456,-1211.1,6380.88
6934,74,93,48.7008,1136.49,6360.27
6935,74,94,2.3974,4856.19,6462.17
6936,74,95,-41.7956,8421.09,6577.05
6937,74,96,-74.0425,11033.1,6621.39
6938,74,97,-95.5222,12780.1,6611.65
6939,74,98,-107.715,13775.9,6567.12
6940,74,99,-109.143,13893,6503.4
6941,74,100,-95.0134,12729.6,6482.91
6942,74,101,-63.9365,10160.6,6645.35
6943,74,102,-15.7645,6162.31,7159.99
6944,74,103,23.3802,2900.25,7501.48
6945,74,104,31.571,2214.96,7459.62
6946,74,105,28.0658,2509.39,7404.65
6947,74,106,9.80715,4049.2,7469
6948,74,107,-8.00917,5557.65,7540.54
6949,74,108,-22.7409,6809.85,7581.7
6950,74,109,-34.4801,7811.59,7595.35
6951,74,110,-41.6569,8426.41,7571.08
6952,74,111,-43.4687,8582.22,7522.71
6953,74,112,-37.8868,8100.32,7494.32
6954,74,113,-23.3994,6844.75,7595.97
6955,74,114,-1.60575,4948.7,7907.33
6956,74,115,16.7729,3343.63,8128.05
6957,74,116,21.272,2949.21,8097.64
6958,74,117,19.7507,3083.08,8053.39
6959,74,118,10.0357,3941.24,8103.27
6960,74,119,0.124083,4820.07,8165.03
6961,74,120,-8.58326,5595.02,8209.1
6962,74,121,-15.9722,6255.1,8233.87
6963,74,122,-21.0746,6712.62,8226.32
6964,74,123,-23.125,6897.16,8190.92
6965,74,124,-21.0043,6705.59,8157.44
6966,74,125,-13.0647,5985.72,8222.38
6967,74,126,0.445654,4756.28,8500.16
6968,74,127,12.7671,3630.92,8733.73
6969,74,128,16.1935,3316.84,8716.02
6970,74,129,15.6112,3370.41,8677.54
6971,74,130,9.7185,3914.5,8714.19
6972,74,131,3.42634,4497.58,8766.81
6973,74,132,-2.5107,5049.72,8814.46
6974,74,133,-7.7743,5540.99,8848.1
6975,75,79,1911,-139913,1106.98
6976,75,80,991.829,-69749.4,3027.66
6977,75,81,379,-22765.9,3887.29
6978,75,82,-115.429,15305.1,4625.49
6979,75,83,-405.733,37755.4,4909.63
6980,75,84,-524.03,46943.1,4882.73
6981,75,85,-564.418,50093.4,4784.75
6982,75,86,-536.818,47931.4,4692.97
6983,75,87,-471.879,42822.8,4684.07
6984,75,88,-378.092,35413.7,4825.11
6985,75,89,-232.454,23859.7,5397.88
6986,75,90,-78.325,11580.8,6134.73
6987,75,91,21.4167,3601.42,6436.88
6988,75,92,34.1579,2577.87,6353.34
6989,75,93,6.34386,4821.54,6313.61
6990,75,94,-40.3541,8604.07,6387.32
6991,75,95,-84.6844,12209.6,6473.48
6992,75,96,-115.964,14764.1,6494.14
6993,75,97,-135.666,16379.7,6466.86
6994,75,98,-145.53,17191.8,6411.49
6995,75,99,-144.047,17069.2,6346.74
6996,75,100,-126.145,15583.4,6343.04
6997,75,101,-90.4603,12609.6,6544.26
6998,75,102,-36.9529,8132.83,7114.97
6999,75,103,6.35271,4495.16,7490.31
7000,75,104,16.2247,3662.62,7452.18
7001,75,105,13.4835,3894.71,7393.53
7002,75,106,-5.00495,5466.23,7446.6
7003,75,107,-23.0033,7002.09,7506.57
7004,75,108,-37.7196,8262.79,7537.26
7005,75,109,-49.2737,9256.43,7541.81
7006,75,110,-56.0274,9839.51,7511.2
7007,75,111,-57.1603,9937.69,7460.62
7008,75,112,-50.5641,9363.82,7437.11
7009,75,113,-34.6836,7976.93,7553.63
7010,75,114,-11.236,5921.35,7887.23
7011,75,115,8.50889,4183.8,8123.33
7012,75,116,13.6158,3732.7,8095.01
7013,75,117,12.3798,3842.28,8048.84
7014,75,118,2.55828,4716.4,8092.46
7015,75,119,-7.46153,5611.5,8147.66
7016,75,120,-16.2176,6396.63,8185.54
7017,75,121,-23.5961,7060.69,8204.67
7018,75,122,-28.5935,7512.12,8192.73
7019,75,123,-30.4207,7677.79,8155.1
7020,75,124,-27.9234,7450.53,8123.06
7021,75,125,-19.401,6672.16,8195.71
7022,75,126,-5.12734,5363.74,8487.41
7023,75,127,7.86938,4168.04,8731.84
7024,75,128,11.6041,3823.2,8715.93
7025,75,129,11.1675,3863.66,8676.4
7026,75,130,5.22303,4416.5,8709.09
7027,75,131,-1.13216,5009.65,8757.46
7028,75,132,-7.11674,5570.2,8800.91
7029,75,133,-12.4026,6067.08,8830.59
7030,76,80,526,-33104.2,2788.78
7031,76,81,-135.829,18077.2,3357.4
7032,76,82,-624.429,56025.1,3827.11
7033,76,83,-860.06,74404.4,3917.87
7034,76,84,-903.683,77821.6,3815.84
7035,76,85,-876.218,75661,3723.7
7036,76,86,-786.909,68605.5,3743.56
7037,76,87,-669.465,59288.3,3913.51
7038,76,88,-530.852,48245.5,4274.45
7039,76,89,-342.585,33184.1,5121.2
7040,76,90,-153.221,17971.9,6047.41
7041,76,91,-31.65,8165.15,6424.36
7042,76,92,-11.1667,6506,6344.11
7043,76,93,-37.0351,8609.96,6286.6
7044,76,94,-84.0825,12452.2,6333.04
7045,76,95,-128.473,16092.2,6391.4
7046,76,96,-158.561,18569.4,6389.75
7047,76,97,-176.182,20026.1,6346.73
7048,76,98,-183.38,20623.6,6282.68
7049,76,99,-178.62,20226.8,6219.33
7050,76,100,-156.52,18377.8,6234.74
7051,76,101,-115.754,14953.5,6475.38
7052,76,102,-56.409,9948.74,7099.17
7053,76,103,-8.62042,5902.63,7504.92
7054,76,104,2.96502,4917.87,7469.91
7055,76,105,0.925028,5091.95,7407.94
7056,76,106,-17.946,6708.57,7451.08
7057,76,107,-36.2604,8283.61,7500.78
7058,76,108,-51.0652,9561.75,7522.13
7059,76,109,-62.5138,10554,7518.56
7060,76,110,-68.8969,11109.3,7482.36
7061,76,111,-69.3777,11151.3,7429.97
7062,76,112,-61.7646,10483.9,7410.95
7063,76,113,-44.4588,8960.96,7540.48
7064,76,114,-19.3075,6739.26,7892.82
7065,76,115,1.82824,4865.23,8141.35
7066,76,116,7.5101,4359.54,8114.47
7067,76,117,6.50604,4449.24,8066.52
7068,76,118,-3.49909,5346.37,8104.89
7069,76,119,-13.699,6264.36,8154.53
7070,76,120,-22.5671,7065.44,8187.11
7071,76,121,-29.9903,7738.47,8201.36
7072,76,122,-34.9282,8187.83,8185.62
7073,76,123,-36.5676,8337.56,8146.01
7074,76,124,-33.7174,8076.3,8115.11
7075,76,125,-24.6224,7239.55,8194.03
7076,76,126,-9.58425,5851.03,8496.82
7077,76,127,4.08375,4584.46,8749.61
7078,76,128,8.10224,4210.74,8734.86
7079,76,129,7.77915,4240.9,8694.32
7080,76,130,1.74177,4806.4,8723.78
7081,76,131,-4.71606,5413.43,8768.66
7082,76,132,-10.7849,5985.92,8808.61
7083,76,133,-16.1265,6491.6,8834.97
7084,77,81,-946.5,82660.7,2343.13
7085,77,82,-1327.74,112525,2529.12
7086,77,83,-1429.75,120549,2470.93
7087,77,84,-1341.86,113606,2437.33
7088,77,85,-1210.92,103218,2530.01
7089,77,86,-1036.81,89347,2860.33
7090,77,87,-852.573,74608.3,3343.34
7091,77,88,-660.339,59165.6,3973.28
7092,77,89,-423.187,40035.3,5057.37
7093,77,90,-195.257,21573,6105.88
7094,77,91,-51.8714,9910.93,6516.02
7095,77,92,-26.3,7822.6,6431.92
7096,77,93,-53.4314,10047.4,6363.85
7097,77,94,-103.884,14201.3,6395.93
7098,77,95,-150.863,18084.9,6438.34
7099,77,96,-181.721,20646.1,6422.79
7100,77,97,-198.814,22070.6,6369.38
7101,77,98,-204.61,22555.5,6299.09
7102,77,99,-197.589,21965.7,6235.32
7103,77,100,-172.067,19813.3,6259.54
7104,77,101,-126.795,15980.3,6517.33
7105,77,102,-62.0366,10475.9,7160.55
7106,77,103,-10.2912,6060.25,7572.9
7107,77,104,2.24111,4986.64,7535.61
7108,77,105,0.110345,5169.89,7470.82
7109,77,106,-19.9644,6903.01,7511.22
7110,77,107,-39.3302,8581.38,7557.5
7111,77,108,-54.8684,9933.2,7575
7112,77,109,-66.7804,10973.5,7567.58
7113,77,110,-73.288,11544,7528.17
7114,77,111,-73.5454,11566.7,7473.84
7115,77,112,-65.2777,10836.4,7455.1
7116,77,113,-46.8466,9202.13,7587.53
7117,77,114,-20.2459,6834.66,7943.7
7118,77,115,2.02186,4845.41,8193.02
7119,77,116,7.97814,4311.33,8164.56
7120,77,117,6.90226,4408.16,8115.14
7121,77,118,-3.59817,5356.7,8152.7
7122,77,119,-14.2679,6324.09,8201.24
7123,77,120,-23.5132,7165.41,8232.35
7124,77,121,-31.2242,7869.69,8244.91
7125,77,122,-36.3232,8337.1,8227.48
7126,77,123,-37.9731,8488.88,8186.51
7127,77,124,-34.9456,8209.34,8155
7128,77,125,-25.4292,7327.49,8234.58
7129,77,126,-9.75721,5870,8538.94
7130,77,127,4.45357,4543.66,8791.98
7131,77,128,8.6124,4154.11,8776.12
7132,77,129,8.25786,4187.44,8734.63
7133,77,130,1.97915,4779.73,8763.78
7134,77,131,-4.72215,5414.12,8808.24
7135,77,132,-11.0075,6011.23,8847.57
7136,77,133,-16.5288,6537.59,8873.1
7137,78,82,-2094.1,174344,937.258
7138,78,83,-1974.66,164868,968.408
7139,78,84,-1705.96,143463,1463.44
7140,78,85,-1451.26,123086,1982.42
7141,78,86,-1185.05,101701,2648.1
7142,78,87,-934.321,81475.2,3320.56
7143,78,88,-692.273,61869.3,4042.57
7144,78,89,-410.273,38933.3,5156.48
7145,78,90,-149.264,17617.5,6176.99
7146,78,91,8.03516,4719.03,6541.02
7147,78,92,29.0286,2990.57,6439.89
7148,78,93,-8.41029,6085.52,6380.54
7149,78,94,-70.0956,11205.4,6432.61
7150,78,95,-126.049,15868.1,6489.94
7151,78,96,-162.767,18940.2,6480.36
7152,78,97,-183.465,20678.9,6427.59
7153,78,98,-191.274,21337.4,6354.77
7154,78,99,-184.827,20791.6,6285.46
7155,78,100,-158.196,18527.9,6299.7
7156,78,101,-110.307,14441.5,6542.05
7157,78,102,-41.6869,8562.98,7163.79
7158,78,103,12.4735,3905.19,7553.41
7159,78,104,24.2479,2888.67,7506.78
7160,78,105,20.393,3222.76,7441.82
7161,78,106,-2.46502,5211.4,7496.01
7162,78,107,-24.2885,7117.32,7554.45
7163,78,108,-41.7996,8652.46,7580.37
7164,78,109,-55.2729,9838.11,7578.42
7165,78,110,-62.8723,10509.4,7540.98
7166,78,111,-63.7575,10587.9,7485.22
7167,78,112,-55.5768,9859.79,7461
7168,78,113,-36.6606,8169.95,7583.78
7169,78,114,-9.17259,5705.19,7927.42
7170,78,115,13.6843,3648.07,8164.49
7171,78,116,19.348,3136.45,8130.91
7172,78,117,17.6498,3290.42,8081.51
7173,78,118,6.11289,4340.28,8127.76
7174,78,119,-5.52735,5403.42,8184.71
7175,78,120,-15.6092,6327.59,8222.45
7176,78,121,-24.03,7102.31,8240.02
7177,78,122,-29.6754,7623.56,8225.33
7178,78,123,-31.686,7809.87,8184.59
7179,78,124,-28.7972,7541.22,8150.4
7180,78,125,-19.1405,6639.92,8224.02
7181,78,126,-3.08551,5136.11,8520.24
7182,78,127,11.4268,3771.95,8765.1
7183,78,128,15.4753,3390.04,8745.52
7184,78,129,14.8432,3449.89,8703.79
7185,78,130,8.07902,4092.48,8738.59
7186,78,131,0.903602,4776.54,8788.95
7187,78,132,-5.81486,5419.27,8833.49
7188,78,133,-11.7188,5986.05,8863.25
7189,79,83,-2147.8,179008,845.281
7190,79,84,-1731.83,145592,1516.74
7191,79,85,-1396.96,118580,2026.75
7192,79,86,-1077.77,92725.2,2620.72
7193,79,87,-795.167,69739.8,3194.14
7194,79,88,-532.539,48291.9,3804.92
7195,79,89,-228.309,23345.1,4797.17
7196,79,90,45.8741,770.636,5690.13
7197,79,91,197.352,-11751.5,5945.94
7198,79,92,194.299,-11498.1,5836.99
7199,79,93,129.832,-6125.9,5849.54
7200,79,94,43.1559,1126.02,6009.22
7201,79,95,-32.7034,7498.2,6154.65
7202,79,96,-83.8731,11813.5,6197.35
7203,79,97,-115.054,14453.5,6172.79
7204,79,98,-130.486,15765.2,6111.54
7205,79,99,-129.214,15656.7,6037.59
7206,79,100,-105.217,13601,6028.2
7207,79,101,-57.7717,9520.63,6234.22
7208,79,102,12.1891,3480.68,6817.1
7209,79,103,66.3723,-1215.2,7168.4
7210,79,104,74.9063,-1957.66,7110.22
7211,79,105,67.0134,-1268.35,7055.06
7212,79,106,39.1927,1170.61,7154.93
7213,79,107,12.9911,3476.34,7254.77
7214,79,108,-8.17264,5345.81,7311.81
7215,79,109,-24.6847,6809.88,7332.6
7216,79,110,-34.6708,7698.64,7307.61
7217,79,111,-37.3189,7935.2,7254.21
7218,79,112,-30.2121,7297.96,7221.24
7219,79,113,-11.6644,5628.67,7326.63
7220,79,114,15.962,3133.08,7650.46
7221,79,115,38.6958,1071.88,7868.56
7222,79,116,43.3412,649.156,7828.55
7223,79,117,40.3255,924.588,7783.57
7224,79,118,27.078,2138.95,7854.64
7225,79,119,13.8472,3356.17,7935.89
7226,79,120,2.36269,4416.58,7993.65
7227,79,121,-7.28571,5310.66,8027.2
7228,79,122,-13.9488,5930.33,8022.73
7229,79,123,-16.7477,6191.56,7985.75
7230,79,124,-14.3828,5970.05,7948.16
7231,79,125,-4.92854,5081.35,8011.79
7232,79,126,11.2032,3559.59,8295.92
7233,79,127,25.7247,2184.89,8528.86
7234,79,128,29.3632,1839.23,8504.25
7235,79,129,28.1616,1953.78,8464.41
7236,79,130,20.6251,2674.78,8514.2
7237,79,131,12.7055,3435.06,8580.26
7238,79,132,5.30105,4148.35,8639.01
7239,79,133,-1.22179,4778.89,8680.76
7240,80,84,-1355.5,114482,1020.91
7241,80,85,-1034.46,88370.7,1390.41
7242,80,86,-727.643,63314.2,1857.48
7243,80,87,-461.917,41524.7,2307.47
7244,80,88,-214.983,21193.8,2804.54
7245,80,89,86.5818,-3735.56,3713.31
7246,80,90,353.364,-25878.5,4497.61
7247,80,91,478.839,-36334.7,4640.45
7248,80,92,432.011,-32416.8,4592.91
7249,80,93,324.376,-23375.4,4810.94
7250,80,94,200.204,-12903.6,5214.47
7251,80,95,95.2309,-4015.89,5540.6
7252,80,96,22.9902,2124.57,5688.92
7253,80,97,-23.5294,6094.24,5724.51
7254,80,98,-50.2193,8380.68,5694.19
7255,80,99,-56.8474,8950.69,5625.13
7256,80,100,-37.4571,7276.67,5592.81
7257,80,101,8.14173,3324.76,5759.98
7258,80,102,78.4545,-2792.45,6304.82
7259,80,103,131.631,-7436.52,6616.77
7260,80,104,135.627,-7786.84,6552.01
7261,80,105,122.456,-6627.8,6518.69
7262,80,106,88.4676,-3625.49,6688.32
7263,80,107,56.8749,-824.27,6849.39
7264,80,108,31.2251,1458.56,6952
7265,80,109,10.9858,3266.61,7006.2
7266,80,110,-1.94597,4426.16,7000.61
7267,80,111,-6.8048,4863.45,6953.46
7268,80,112,-1.11664,4349.62,6912.78
7269,80,113,16.8105,2724.22,7000.18
7270,80,114,44.3885,214.628,7303.82
7271,80,115,66.806,-1832.84,7502.5
7272,80,116,70.183,-2142.4,7457.47
7273,80,117,65.5959,-1720.38,7420.54
7274,80,118,50.3731,-314.806,7524.27
7275,80,119,35.316,1080.48,7636.93
7276,80,120,22.224,2298.03,7720.39
7277,80,121,11.1704,3329.71,7774.43
7278,80,122,3.33902,4063.25,7783.39
7279,80,123,-0.372939,4412.17,7752.11
7280,80,124,1.3693,4247.82,7711.87
7281,80,125,10.5497,3378.74,7765.34
7282,80,126,26.7093,1843.58,8037.2
7283,80,127,41.1898,463.111,8258.04
7284,80,128,44.3455,161.21,8228.86
7285,80,129,42.4966,338.704,8192.32
7286,80,130,34.1024,1147.35,8260.37
7287,80,131,25.3598,1992.47,8345.27
7288,80,132,17.1984,2784.12,8420.95
7289,80,133,9.99337,3485.41,8476.97
7290,81,85,-758.8,65307.4,1151.02
7291,81,86,-441.6,39191.3,1472.37
7292,81,87,-181.679,17704.4,1788.49
7293,81,88,56.9286,-2099.96,2164.01
7294,81,89,365.083,-27779.5,2974.31
7295,81,90,629.521,-49904.2,3641.07
7296,81,91,727.6,-58142.8,3687.49
7297,81,92,631.507,-50038.9,3780.12
7298,81,93,476.621,-36925.2,4262.49
7299,81,94,312.96,-23014.1,4901.24
7300,81,95,178.957,-11579.2,5369.65
7301,81,96,87.2206,-3720.4,5590.69
7302,81,97,27.6716,1400.82,5663.66
7303,81,98,-7.67286,4452.22,5651.03
7304,81,99,-19.4772,5475.26,5584.42
7305,81,100,-1.88496,3944.74,5538.25
7306,81,101,44.6688,-120.959,5677.97
7307,81,102,118.053,-6554.31,6186.76
7308,81,103,172.41,-11337.7,6465.22
7309,81,104,173.341,-11419.9,6396.91
7310,81,105,156.099,-9891.19,6378.58
7311,81,106,116.908,-6403.2,6589.42
7312,81,107,80.8687,-3183.66,6783.86
7313,81,108,51.673,-565.773,6909.57
7314,81,109,28.6276,1508.31,6979.51
7315,81,110,13.6576,2860.6,6982.34
7316,81,111,7.47863,3420.83,6937.19
7317,81,112,12.6296,2952.09,6891.64
7318,81,113,30.8102,1291.6,6967.67
7319,81,114,59.1869,-1309.6,7256.01
7320,81,115,82.0398,-3412.07,7440.35
7321,81,116,84.758,-3663.06,7391.8
7322,81,117,79.1351,-3142,7358.74
7323,81,118,62.3985,-1585.49,7478.34
7324,81,119,45.9526,-50.5452,7605.43
7325,81,120,31.6742,1286.87,7700.08
7326,81,121,19.6204,2419.93,7762.53
7327,81,122,11.0137,3231.82,7776.61
7328,81,123,6.77212,3633.36,7747.04
7329,81,124,8.26878,3491.18,7704.82
7330,81,125,17.5506,2606.31,7752.3
7331,81,126,34.1084,1022.29,8015.48
7332,81,127,48.8901,-396.767,8227.71
7333,81,128,51.8565,-682.53,8195.47
7334,81,129,49.6256,-466.873,8160.02
7335,81,130,40.6104,407.601,8235.99
7336,81,131,31.2698,1316.76,8328.76
7337,81,132,22.5672,2166.71,8411.2
7338,81,133,14.8877,2919.3,8472.64
7339,82,86,-7.4,2429,638.333
7340,82,87,194.429,-14390,871.779
7341,82,88,393.75,-31066.6,1185.06
7342,82,89,694.738,-56349.6,2001.04
7343,82,90,944.683,-77428.3,2586.61
7344,82,91,999.345,-82056.4,2560.29
7345,82,92,836.373,-68203.7,2982.07
7346,82,93,621.528,-49870.3,3855.59
7347,82,94,410.396,-31783.3,4746.89
7348,82,95,243.33,-17415.6,5338.67
7349,82,96,130.779,-7698.69,5612.81
7350,82,97,58.3412,-1420.79,5708.29
7351,82,98,15.2304,2329.85,5703.62
7352,82,99,-0.430341,3697.56,5635.96
7353,82,100,17.0088,2168.73,5580.52
7354,82,101,66.3286,-2171.41,5702.97
7355,82,102,144.639,-9088.83,6185.96
7356,82,103,201.521,-14132.3,6438.83
7357,82,104,200.001,-13997.1,6367.94
7358,82,105,179.101,-12130,6359.94
7359,82,106,134.935,-8169.77,6596.96
7360,82,107,94.7361,-4551.9,6810.48
7361,82,108,62.3504,-1626.4,6947.72
7362,82,109,36.8963,681.441,7024.23
7363,82,110,20.3236,2189.55,7029.47
7364,82,111,13.2883,2832.11,6983.73
7365,82,112,18.3968,2363.84,6934.82
7366,82,113,37.3532,619.845,7004.8
7367,82,114,67.0531,-2122.45,7284.61
7368,82,115,90.7876,-4321.85,7460
7369,82,116,93.1613,-4542.6,7408.66
7370,82,117,86.7592,-3945.07,7377.08
7371,82,118,68.7058,-2254.06,7504.51
7372,82,119,51.0624,-595.584,7638.1
7373,82,120,35.7897,845.14,7737.15
7374,82,121,22.9274,2062.77,7802.34
7375,82,122,13.7395,2935.61,7817.5
7376,82,123,9.16619,3371.61,7787.61
7377,82,124,10.6211,3232.42,7743.82
7378,82,125,20.2179,2311.13,7788.49
7379,82,126,37.393,656.593,8047.77
7380,82,127,52.6747,-820.635,8255.49
7381,82,128,55.6063,-1105,8221.12
7382,82,129,53.1261,-863.599,8185.62
7383,82,130,43.6001,66.7769,8264.84
7384,82,131,33.7662,1030.5,8360.59
7385,82,132,24.6245,1929.43,8445.28
7386,82,133,16.5705,2724.1,8508.22
7387,83,87,442.2,-35615.8,438.093
7388,83,88,625.371,-51063.3,703.428
7389,83,89,946.179,-78224.9,1507.78
7390,83,90,1195.75,-99438.5,1994.08
7391,83,91,1206.77,-100379,1937.68
7392,83,92,969.715,-80071.2,2733.37
7393,83,93,691.564,-56150.1,3849.89
7394,83,94,433.57,-33876.7,4832.14
7395,83,95,237.236,-16861.1,5437.64
7396,83,96,109.477,-5746.04,5697.56
7397,83,97,30.2214,1175.6,5773.15
7398,83,98,-14.7632,5119.26,5750.97
7399,83,99,-28.7377,6349.02,5672.99
7400,83,100,-6.21569,4359.57,5620.05
7401,83,101,50.7404,-690.533,5757.29
7402,83,102,138.441,-8495.86,6258.53
7403,83,103,201.33,-14114,6514.15
7404,83,104,199.689,-13966.9,6439.09
7405,83,105,176.999,-11924.7,6427.37
7406,83,106,129.327,-7618.4,6659.83
7407,83,107,86.3615,-3722.83,6865.64
7408,83,108,52.1289,-607.655,6993.61
7409,83,109,25.5464,1820.21,7060.64
7410,83,110,8.60071,3373.57,7057.87
7411,83,111,1.88867,3991.07,7007.14
7412,83,112,8.09766,3417.78,6958.62
7413,83,113,28.9415,1486.25,7036.03
7414,83,114,61.0235,-1497.37,7327.32
7415,83,115,86.5618,-3880.95,7508.66
7416,83,116,89.3238,-4139.66,7455.9
7417,83,117,82.7751,-3524.08,7421.26
7418,83,118,63.94,-1747.31,7543.75
7419,83,119,45.6005,-11.1662,7671.69
7420,83,120,29.8115,1488.79,7764.84
7421,83,121,16.5962,2748.65,7824.24
7422,83,122,7.26548,3641.29,7834.41
7423,83,123,2.78484,4071.43,7801.2
7424,83,124,4.61292,3895.33,7757.08
7425,83,125,14.9355,2897.47,7806.35
7426,83,126,33.1314,1132.47,8074.69
7427,83,127,49.2817,-439.488,8288.67
7428,83,128,52.4883,-752.663,8254.18
7429,83,129,50.0353,-512.27,8216.85
7430,83,130,40.2411,450.823,8292.49
7431,83,131,30.143,1447.17,8384.31
7432,83,132,20.7805,2374.06,8464.95
7433,83,133,12.5614,3190.49,8523.89
7434,84,88,783.6,-64776.4,529.891
7435,84,89,1158.6,-96776.4,1263.28
7436,84,90,1418.79,-119066,1634.49
7437,84,91,1376.8,-115455,1597.3
7438,84,92,1049.28,-87179.3,2722.35
7439,84,93,699.588,-56872.3,3941.88
7440,84,94,393.227,-30219,4914.66
7441,84,95,170.895,-10801.9,5470.6
7442,84,96,33.6868,1226.65,5677.84
7443,84,97,-46.0637,8244.7,5710.69
7444,84,98,-86.875,11849.7,5659.32
7445,84,99,-93.5824,12444.4,5570.35
7446,84,100,-60.7819,9525.17,5534.86
7447,84,101,8.56553,3330.13,5718.44
7448,84,102,109.937,-5759.49,6280.37
7449,84,103,181.965,-12242.1,6563.01
7450,84,104,182.013,-12246.4,6483.45
7451,84,105,158.867,-10147.8,6460.88
7452,84,106,108.626,-5575.91,6674.86
7453,84,107,63.8052,-1482.23,6861.05
7454,84,108,28.6385,1741.39,6970.51
7455,84,109,1.81812,4208.86,7021.04
7456,84,110,-14.6252,5727.12,7005.99
7457,84,111,-20.1576,6239.8,6949.17
7458,84,112,-12,5481.14,6904.84
7459,84,113,11.5733,3280.96,7000.26
7460,84,114,46.8456,-22.8722,7318.73
7461,84,115,74.8662,-2656.81,7517.08
7462,84,116,78.5043,-3000.01,7464.25
7463,84,117,72.2069,-2403.85,7424.76
7464,84,118,52.8994,-569.643,7537.12
7465,84,119,34.1544,1217.38,7654.55
7466,84,120,18.1306,2750.32,7737.71
7467,84,121,4.83456,4026.75,7787.92
7468,84,122,-4.37146,4913.59,7790.76
7469,84,123,-8.49428,5312.13,7753.31
7470,84,124,-6.02683,5072.79,7710.2
7471,84,125,5.29398,3970.9,7769.31
7472,84,126,24.7847,2067.31,8056
7473,84,127,42.0484,375.46,8283.74
7474,84,128,45.719,14.5223,8250.58
7475,84,129,43.4537,238.034,8210.85
7476,84,130,33.5228,1221.19,8280.28
7477,84,131,23.2838,2238.26,8365.56
7478,84,132,13.8192,3181.57,8439.76
7479,84,133,5.54972,4008.51,8492.63
7480,85,89,1446.3,-121998,940.472
7481,85,90,1697.31,-143669,1186.43
7482,85,91,1563.75,-132093,1271.95
7483,85,92,1107.62,-92410,2773.5
7484,85,93,667.25,-53951.1,4037.6
7485,85,94,306.085,-22289,4953.82
7486,85,95,59.1727,-560.727,5428.11
7487,85,96,-82.2832,11934.5,5564.47
7488,85,97,-156.462,18511.7,5546.8
7489,85,98,-187.332,21259.2,5466.22
7490,85,99,-181.539,20741.7,5373.73
7491,85,100,-133.644,16447.1,5373.07
7492,85,101,-47.5662,8700.07,5627.96
7493,85,102,71.3055,-2038.01,6275.97
7494,85,103,154.982,-9624.72,6597.4
7495,85,104,157.733,-9875.03,6513.86
7496,85,105,134.695,-7770.86,6478.62
7497,85,106,82.0847,-2948.27,6670.17
7498,85,107,35.6739,1321.52,6833.36
7499,85,108,-0.0791304,4622.72,6921.86
7500,85,109,-26.7477,7094.01,6954.27
7501,85,110,-42.2585,8536.51,6926.38
7502,85,111,-46.1538,8900.08,6864.24
7503,85,112,-35.5567,7907.47,6826.77
7504,85,113,-8.733,5386.05,6945.16
7505,85,114,30.2445,1709.17,7296.77
7506,85,115,61.144,-1215.98,7515.86
7507,85,116,65.8671,-1664.68,7463.65
7508,85,117,59.9539,-1100.95,7419.15
7509,85,118,40.2315,785.829,7520.43
7510,85,119,21.1392,2618.69,7626.44
7511,85,120,4.94826,4178.41,7698.88
7512,85,121,-8.35396,5464.3,7739.37
7513,85,122,-17.3504,6336.95,7734.62
7514,85,123,-21.019,6694.03,7693.1
7515,85,124,-17.802,6379.83,7651.78
7516,85,125,-5.35453,5159.98,7722.5
7517,85,126,15.5713,3102.27,8030.05
7518,85,127,34.0666,1277.41,8273.37
7519,85,128,38.2668,861.585,8242
7520,85,129,36.232,1063.71,8199.92
7521,85,130,26.1833,2065.22,8262.81
7522,85,131,15.821,3101.46,8341.2
7523,85,132,6.27296,4059.45,8408.67
7524,85,133,-2.02602,4894.88,8455.24
7525,86,90,1970.1,-167856,874.922
7526,86,91,1701.09,-144362,1178.2
7527,86,92,1075.39,-89509.7,2861.9
7528,86,93,532.988,-41778.1,4049.55
7529,86,94,121.4,-5421.11,4833.89
7530,86,95,-137.958,17575.3,5181.43
7531,86,96,-269.291,29263.9,5226.28
7532,86,97,-324.664,34210.6,5154.91
7533,86,98,-334.407,35084.2,5054.52
7534,86,99,-306.776,32597.4,4980.41
7535,86,100,-235.796,26185.6,5053.88
7536,86,101,-126.19,16247.9,5431.03
7537,86,102,15.9167,3316.25,6213.45
7538,86,103,115.045,-5737.51,6595.76
7539,86,104,122.289,-6401.55,6510.2
7540,86,105,100.492,-4396.16,6460.14
7541,86,106,46.1286,623.371,6623.64
7542,86,107,-1.23264,5012.18,6759.22
7543,86,108,-36.8854,8327.88,6823.52
7544,86,109,-62.7091,10738.1,6835.8
7545,86,110,-76.5838,12037.7,6794.68
7546,86,111,-78.1385,12183.8,6728.8
7547,86,112,-64.3871,10886.6,6702.77
7548,86,113,-33.5881,7970.98,6852.45
7549,86,114,9.79163,3849.91,7247.32
7550,86,115,44.1146,577.786,7493.5
7551,86,116,50.2411,-8.32177,7443.19
7552,86,117,44.9349,501.073,7393.53
7553,86,118,24.9275,2428.46,7482.25
7554,86,119,5.61238,4295.58,7575.49
7555,86,120,-10.6165,5869.79,7636.14
7556,86,121,-23.7931,7152.3,7666.1
7557,86,122,-32.4412,7996.94,7653.4
7558,86,123,-35.5087,8297.55,7608.05
7559,86,124,-31.3836,7891.92,7569.77
7560,86,125,-17.6347,6535.36,7654.97
7561,86,126,4.91098,4303.34,7987.69
7562,86,127,24.7946,2328.23,8249.74
7563,86,128,29.6214,1847.16,8220.93
7564,86,129,27.8871,2020.59,8176.57
7565,86,130,17.7627,3036.4,8232.35
7566,86,131,7.31594,4088.05,8303.27
7567,86,132,-2.27648,5056.88,8363.49
7568,86,133,-10.565,5896.79,8403.34
7569,87,91,1803,-153500,1188.39
7570,87,92,934.771,-76806.9,2910.32
7571,87,93,277.571,-18535.1,3931.9
7572,87,94,-173.06,21571,4526.83
7573,87,95,-424.617,44043.4,4719.46
7574,87,96,-524.885,53034.2,4672.24
7575,87,97,-543.855,54741.4,4566.15
7576,87,98,-518.689,52468.1,4477.63
7577,87,99,-458.456,47007,4464.77
7578,87,100,-355.668,37653.3,4666.75
7579,87,101,-215.464,24848,5215.2
7580,87,102,-44.4353,9170.39,6159.35
7581,87,103,73.4559,-1675.6,6609.19
7582,87,104,86.1259,-2845.47,6522.91
7583,87,105,65.8404,-965.674,6458.99
7584,87,106,9.50602,4273.42,6594.97
7585,87,107,-38.8779,8789.25,6703.48
7586,87,108,-74.3495,12111.8,6744.41
7587,87,109,-99.1611,14444,6737.7
7588,87,110,-111.154,15575.4,6684.93
7589,87,111,-110.068,15472.5,6617.24
7590,87,112,-92.8024,13832.3,6604.66
7591,87,113,-57.6172,10478,6786.62
7592,87,114,-9.42255,5867.39,7223.48
7593,87,115,28.5926,2217.94,7494.93
7594,87,116,36.1624,1488.72,7446.43
7595,87,117,31.4222,1946.94,7392.18
7596,87,118,11.0088,3927.04,7469.49
7597,87,119,-8.63336,5838.87,7551.02
7598,87,120,-24.9789,7435.29,7600.83
7599,87,121,-38.0877,8719.95,7621.15
7600,87,122,-46.4221,9539.5,7601.27
7601,87,123,-48.8997,9783.96,7552.67
7602,87,124,-43.8527,9284.3,7517.57
7603,87,125,-28.7593,7785.03,7616.24
7604,87,126,-4.53011,5370.18,7971.46
7605,87,127,16.784,3238.77,8249.76
7606,87,128,22.2221,2693.15,8223.07
7607,87,129,20.7513,2841.21,8176.67
7608,87,130,10.4911,3877.49,8226.19
7609,87,131,-0.0968379,4950.4,8290.48
7610,87,132,-9.78403,5935.26,8344.23
7611,87,133,-18.1058,6784.09,8378.06
7612,88,92,538.7,-40896.4,2764.31
7613,88,93,-205.543,25589.3,3500.28
7614,88,94,-646.893,65163.7,3844.33
7615,88,95,-842.881,82802.6,3868.48
7616,88,96,-872.483,85476.7,3761.67
7617,88,97,-825.727,81237.5,3684.57
7618,88,98,-744.736,73867.3,3687.41
7619,88,99,-636.79,64008.2,3823.81
7620,88,100,-490.753,50621.5,4242.07
7621,88,101,-311.222,34104.6,5017.92
7622,88,102,-104.621,15028.5,6139.85
7623,88,103,35.5294,2041.19,6655.23
7624,88,104,54.152,309.294,6568.2
7625,88,105,35.1651,2081.4,6491.94
7626,88,106,-23.8702,7611.04,6603.32
7627,88,107,-73.7549,12300.2,6687.29
7628,88,108,-109.283,15651.7,6707.12
7629,88,109,-133.174,17913.4,6683.53
7630,88,110,-143.253,18870.9,6621.01
7631,88,111,-139.401,18503.6,6552.88
7632,88,112,-118.408,16495.3,6553.71
7633,88,113,-78.5463,12668.6,6764.83
7634,88,114,-25.2314,7532.59,7237.03
7635,88,115,16.6284,3486.15,7528.22
7636,88,116,25.5453,2621.2,7480.52
7637,88,117,21.1969,3044.45,7422.27
7638,88,118,0.12621,5102.36,7490.38
7639,88,119,-20.0634,7080.94,7562.27
7640,88,120,-36.7069,8717.55,7603
7641,88,121,-49.8969,10019,7615.16
7642,88,122,-58.0328,10824.4,7589.18
7643,88,123,-60.003,11020.1,7537.81
7644,88,124,-54.083,10430.1,7505.27
7645,88,125,-37.6567,8787.47,7614.66
7646,88,126,-11.7287,6186.03,7987.08
7647,88,127,11.011,3896.9,8277.13
7648,88,128,16.996,3292.41,8251.52
7649,88,129,15.704,3423.33,8203.26
7650,88,130,5.2013,4491.1,8247.95
7651,88,131,-5.62741,5595.63,8307.05
7652,88,132,-15.4993,6605.86,8355.63
7653,88,133,-23.9344,7471.86,8384.56
7654,89,93,-1082,105931,2324.95
7655,89,94,-1378.31,132698,2402.25
7656,89,95,-1421.32,136598,2318.48
7657,89,96,-1313.71,126805,2317.78
7658,89,97,-1158.52,112631,2487.75
7659,89,98,-994.77,97620.5,2781.49
7660,89,99,-821.736,81701.4,3218.02
7661,89,100,-620.535,63123.8,3935.12
7662,89,101,-393.418,42077.6,4942.15
7663,89,102,-145.56,19026.9,6203.01
7664,89,103,18.7357,3692.57,6754.93
7665,89,104,41.7853,1533.59,6662.65
7666,89,105,22.0196,3391.57,6577.15
7667,89,106,-42.1146,9441.56,6674.22
7668,89,107,-95.3298,14479.3,6742.07
7669,89,108,-132.253,17987,6746.92
7670,89,109,-156.232,20273,6710.87
7671,89,110,-165.131,21124.3,6640.79
7672,89,111,-159.042,20539.7,6571.56
7673,89,112,-134.662,18191.2,6580.22
7674,89,113,-90.3115,13903.9,6807.74
7675,89,114,-31.9904,8246.8,7297.26
7676,89,115,13.4707,3821.91,7594.98
7677,89,116,23.2501,2866.79,7545.23
7678,89,117,18.7601,3306.81,7483.89
7679,89,118,-3.55284,5500.92,7548.11
7680,89,119,-24.8077,7598.06,7615.3
7681,89,120,-42.1948,9319.39,7650.97
7682,89,121,-55.8516,10676,7658.15
7683,89,122,-64.1158,11499.6,7628.06
7684,89,123,-65.851,11673.1,7574.3
7685,89,124,-59.2772,11013.6,7542.2
7686,89,125,-41.6823,9242.36,7656.06
7687,89,126,-14.1778,6464.4,8035.43
7688,89,127,9.85364,4029.22,8328.82
7689,89,128,16.1958,3384.43,8302.16
7690,89,129,14.8798,3518.66,8252.3
7691,89,130,3.91621,4640.6,8295.22
7692,89,131,-7.35639,5797.92,8352.22
7693,89,132,-17.5984,6852.86,8398.4
7694,89,133,-26.3152,7753.58,8424.8
7695,90,94,-2110.1,200510,856.495
7696,90,95,-1923.51,183469,1000.65
7697,90,96,-1641.68,157634,1525.8
7698,90,97,-1365.69,132243,2107.09
7699,90,98,-1119.52,109513,2648.39
7700,90,99,-886.927,87959.7,3227.64
7701,90,100,-637.291,64743.5,4016.64
7702,90,101,-369.528,39752.3,5031.12
7703,90,102,-87.2143,13309,6250.65
7704,90,103,92.2176,-3557.64,6743.86
7705,90,104,108.543,-5097.66,6634.84
7706,90,105,77.9618,-2202.65,6556.99
7707,90,106,-0.29902,5232.13,6688.86
7708,90,107,-64.0733,11311.9,6779.19
7709,90,108,-108.174,15530.9,6795.06
7710,90,109,-136.959,18294.2,6763.35
7711,90,110,-148.54,19409.9,6692.03
7712,90,111,-143.405,18913.6,6617.16
7713,90,112,-118.266,16475,6614.97
7714,90,113,-71.5857,11931.5,6825.51
7715,90,114,-10.0969,5926.09,7292.66
7716,90,115,37.1771,1293.23,7568.23
7717,90,116,45.9249,433.031,7510.55
7718,90,117,39.4945,1067.5,7450.88
7719,90,118,14.2128,3570.39,7531.17
7720,90,119,-9.64338,5940.1,7612.15
7721,90,120,-29.1306,7882.33,7657.53
7722,90,121,-44.4575,9415.01,7671.19
7723,90,122,-53.9131,10363.7,7643.94
7724,90,123,-56.3505,10609.1,7589.45
7725,90,124,-49.944,9962.03,7552.7
7726,90,125,-31.8901,8132.57,7657.5
7727,90,126,-3.42817,5238.94,8024.53
7728,90,127,21.3023,2716.43,8305.45
7729,90,128,27.3826,2094.22,8273.52
7730,90,129,25.4415,2293.51,8223.76
7731,90,130,13.4279,3530.91,8275.41
7732,90,131,1.16555,4798.02,8340.93
7733,90,132,-9.94926,5950.25,8394.18
7734,90,133,-19.4099,6934.15,8425.99
7735,91,95,-2051.5,195457,962.258
7736,91,96,-1633.06,156821,1585.3
7737,91,97,-1280.68,124167,2125.3
7738,91,98,-994.214,97525.8,2581.14
7739,91,99,-737.783,73592.2,3057.77
7740,91,100,-468.048,48327,3732.54
7741,91,101,-182.373,21473.5,4626.41
7742,91,102,115.801,-6654.18,5720.68
7743,91,103,291.604,-23296.9,6096.13
7744,91,104,281.778,-22363.4,5986.19
7745,91,105,224.021,-16857.3,5971.97
7746,91,106,117.721,-6687.85,6246.13
7747,91,107,32.5588,1487.68,6437.21
7748,91,108,-27.1785,7242.38,6514.88
7749,91,109,-67.5193,11142,6520.54
7750,91,110,-87.203,13051.3,6464.26
7751,91,111,-87.4208,13072.5,6385.89
7752,91,112,-65.0853,10891.1,6361.59
7753,91,113,-18.9704,6371.8,6536.17
7754,91,114,43.2578,252.698,6963.34
7755,91,115,90.0454,-4363.67,7202.22
7756,91,116,95.3993,-4893.71,7136.56
7757,91,117,84.8278,-3843.61,7090.27
7758,91,118,54.5022,-821.157,7219.28
7759,91,119,26.2222,2006.84,7343.35
7760,91,120,3.04472,4332.32,7421.31
7761,91,121,-15.3468,6183.73,7458.99
7762,91,122,-27.2128,7382.19,7445.76
7763,91,123,-31.4161,7808.13,7395.14
7764,91,124,-26.0995,7267.6,7351.67
7765,91,125,-8.37647,5459.86,7440.05
7766,91,126,20.3604,2519.12,7787.18
7767,91,127,45.1418,-25.1019,8048.81
7768,91,128,50.2873,-555.095,8010.04
7769,91,129,47.0721,-222.85,7964.52
7770,91,130,33.3763,1196.95,8039.78
7771,91,131,19.5427,2635.64,8128.66
7772,91,132,7.0235,3941.81,8202.04
7773,91,133,-3.66657,5060.7,8250.07
7774,92,96,-1234.8,119119,1047.84
7775,92,97,-897.714,87657.7,1443.85
7776,92,98,-638.821,63408,1764.16
7777,92,99,-407.131,41629.1,2122.61
7778,92,100,-150.933,17461.2,2703.86
7779,92,101,128.455,-8987.56,3516.56
7780,92,102,424.327,-37095.5,4527.79
7781,92,103,578.01,-51746.6,4783.1
7782,92,104,522.61,-46446.6,4748.54
7783,92,105,422.198,-36807.1,4917.37
7784,92,106,275.3,-22655.9,5488.25
7785,92,107,159.796,-11490.5,5869.96
7786,92,108,78.0613,-3562.25,6060.78
7787,92,109,21.5449,1938.68,6135.43
7788,92,110,-9.58596,4979.13,6112.09
7789,92,111,-17.5872,5763.25,6038.94
7790,92,112,0.224675,4011.75,5993.96
7791,92,113,44.5946,-366.081,6130.19
7792,92,114,106.707,-6515.16,6515.51
7793,92,115,152.106,-11024.8,6716.1
7794,92,116,152.923,-11106.3,6648.01
7795,92,117,137.114,-9525.32,6626.56
7796,92,118,100.668,-5868.67,6824.93
7797,92,119,67.0709,-2486.51,7008.43
7798,92,120,39.4778,300.384,7130.7
7799,92,121,17.4314,2534.43,7200.95
7800,92,122,2.68508,4033.63,7207.41
7801,92,123,-3.64956,4679.77,7163.95
7802,92,124,0.306484,4274.93,7114.97
7803,92,125,17.5187,2507.81,7186.54
7804,92,126,46.4179,-468.811,7513.12
7805,92,127,71.1284,-3022.23,7754.89
7806,92,128,75.1475,-3438.87,7710.43
7807,92,129,70.4545,-2950.81,7671.97
7808,92,130,54.8573,-1323.49,7776.44
7809,92,131,39.258,309.236,7893.66
7810,92,132,25.1664,1788.85,7991.21
7811,92,133,13.1033,3059.5,8058.66
7812,93,97,-528.7,52355.3,928.824
7813,93,98,-306.514,31395.8,1121.52
7814,93,99,-103.571,12183.9,1375.12
7815,93,100,140.786,-11030.1,1882.05
7816,93,101,417.433,-37403.8,2628.9
7817,93,102,714.685,-65840.9,3564.21
7818,93,103,843.518,-78208.9,3709.97
7819,93,104,734.633,-67719.6,3848.29
7820,93,105,586.154,-53366.6,4278.87
7821,93,106,394.848,-34810,5152.05
7822,93,107,248.004,-20517.1,5692.01
7823,93,108,145.026,-10459.7,5964.61
7824,93,109,73.9828,-3497.38,6083.71
7825,93,110,33.5666,476.883,6079.77
7826,93,111,20.1807,1797.62,6009.2
7827,93,112,35.997,231.808,5951.42
7828,93,113,81.1857,-4256.94,6061.25
7829,93,114,145.618,-10678.7,6412.42
7830,93,115,191.581,-15275,6583
7831,93,116,189.177,-15033.8,6514.1
7832,93,117,169.202,-13023,6509.33
7833,93,118,127.485,-8809.6,6748.47
7834,93,119,89.4127,-4951.56,6964.07
7835,93,120,58.2529,-1783.65,7108.43
7836,93,121,33.3911,752.252,7193.61
7837,93,122,16.5978,2470.77,7208.21
7838,93,123,8.95685,3255.24,7166.92
7839,93,124,12.3723,2903.45,7114.21
7840,93,125,29.8964,1092.63,7175.8
7841,93,126,59.7675,-2004.01,7488.04
7842,93,127,85.1272,-4641.42,7715.75
7843,93,128,88.5918,-5002.89,7667.35
7844,93,129,82.9184,-4409.08,7632.09
7845,93,130,65.8443,-2616.3,7750.51
7846,93,131,48.8816,-829.557,7880.51
7847,93,132,33.6042,784.75,7988.29
7848,93,133,20.5411,2169.44,8063.4
7849,94,98,24.4,-592.6,484.951
7850,94,99,184.686,-15873.2,677.804
7851,94,100,416.5,-38050.1,1171.83
7852,94,101,693.381,-64630.6,1887.13
7853,94,102,995.367,-93721.9,2759.24
7854,94,103,1093.83,-103240,2810.19
7855,94,104,919.636,-86343.3,3247.89
7856,94,105,715.577,-66481.5,3978.63
7857,94,106,474.929,-42978.2,5091.86
7858,94,107,295.666,-25410.4,5727.08
7859,94,108,172.604,-13309.3,6035.87
7860,94,109,89.2324,-5083.33,6167.01
7861,94,110,42.2672,-433.779,6163.42
7862,94,111,26.4272,1139.65,6088.54
7863,94,112,43.2509,-537.104,6024.23
7864,94,113,92.2331,-5435.32,6124.78
7865,94,114,161.749,-12410.1,6461.55
7866,94,115,210.425,-17310.1,6616.16
7867,94,116,206.173,-16880.7,6545.08
7868,94,117,183.117,-14544.4,6546.08
7869,94,118,136.95,-9850.7,6799.57
7870,94,119,95.2205,-5594.29,7023.67
7871,94,120,61.3223,-2125.38,7171.35
7872,94,121,34.4655,631.921,7256.72
7873,94,122,16.4399,2488.56,7269.55
7874,94,123,8.30011,3329.67,7225.78
7875,94,124,11.9782,2948.37,7170.85
7876,94,125,30.6223,1009.39,7231.02
7877,94,126,62.2597,-2291.44,7541.64
7878,94,127,88.9646,-5086.55,7765.49
7879,94,128,92.4078,-5448.1,7714.52
7880,94,129,86.2073,-4794.98,7678.77
7881,94,130,68.0325,-2874.5,7799.59
7882,94,131,50.0618,-969.613,7930.99
7883,94,132,33.9405,744.623,8038.93
7884,94,133,20.2074,2209.48,8113.25
7885,95,99,383.2,-35261.4,303.393
7886,95,100,626.114,-58662.1,803.815
7887,95,101,922.214,-87285.1,1464.46
7888,95,102,1242.49,-118352,2247.77
7889,95,103,1307.92,-124720,2227.84
7890,95,104,1056.07,-100123,3020.15
7891,95,105,790.1,-74058,3966.76
7892,95,106,496.923,-45228.9,5185.8
7893,95,107,286.698,-24486.7,5832.43
7894,95,108,147.336,-10689.9,6124
7895,95,109,56.2179,-1638.82,6231.59
7896,95,110,7.50882,3215.85,6208.12
7897,95,111,-6.10539,4577.27,6122.23
7898,95,112,16.2023,2339.07,6060.43
7899,95,113,73.1877,-3397.47,6177.01
7900,95,114,151.56,-11313.1,6532.18
7901,95,115,205.842,-16813.6,6691.54
7902,95,116,201.62,-16384.4,6615.86
7903,95,117,176.956,-13868.6,6611.06
7904,95,118,127.454,-8803.01,6855.95
7905,95,119,83.1462,-4254.04,7068.78
7906,95,120,47.5692,-589.615,7204.28
7907,95,121,19.7418,2285.89,7277.75
7908,95,122,1.4803,4179,7280.74
7909,95,123,-6.18916,4976.62,7230.96
7910,95,124,-1.29989,4466.5,7176.31
7911,95,125,19.4036,2299.54,7246.21
7912,95,126,53.7196,-1303.64,7573.61
7913,95,127,82.5605,-4341.55,7807.72
7914,95,128,86.583,-4766.6,7755.91
7915,95,129,80.3611,-4107.07,7716.58
7916,95,130,61.5013,-2101.64,7830.89
7917,95,131,42.9123,-118.817,7955.13
7918,95,132,26.3187,1656.69,8055.75
7919,95,133,12.2723,3164.35,8122.97
7920,96,100,787.6,-74595.4,660.052
7921,96,101,1128.57,-107783,1226.86
7922,96,102,1481.39,-142242,1894.52
7923,96,103,1503.45,-144404,1836.26
7924,96,104,1152.18,-109863,2989.52
7925,96,105,813.8,-76475.4,4055.19
7926,96,106,463.009,-41747.1,5284.23
7927,96,107,223.399,-17945.8,5885.1
7928,96,108,72.3352,-2889.8,6123.67
7929,96,109,-21.0857,6452.29,6185.29
7930,96,110,-65.9821,10956.9,6131.24
7931,96,111,-72.1118,11573.9,6034.34
7932,96,112,-39.4142,8271.49,5987.91
7933,96,113,30.0826,1229.15,6147.07
7934,96,114,121.242,-8038.74,6552.6
7935,96,115,183.983,-14438.4,6735.09
7936,96,116,181.442,-14178.2,6653.95
7937,96,117,156.369,-11604.1,6636.89
7938,96,118,104.354,-6246.55,6861.24
7939,96,119,58.2783,-1485.41,7052.66
7940,96,120,21.8446,2291.54,7168.05
7941,96,121,-6.14462,5202.42,7223.62
7942,96,122,-23.8413,7048.77,7213.04
7943,96,123,-30.2499,7719.54,7156.35
7944,96,124,-23.364,6996.53,7105.17
7945,96,125,0.190656,4515.43,7194.43
7946,96,126,37.9601,524.463,7553.84
7947,96,127,69.5885,-2828.15,7809.35
7948,96,128,74.641,-3365.4,7758.37
7949,96,129,68.7555,-2737.62,7714.13
7950,96,130,49.4812,-675.265,7817.77
7951,96,131,30.5273,1359.13,7930.89
7952,96,132,13.7063,3170.19,8020.74
7953,96,133,-0.415691,4695.36,8078
7954,97,101,1393.3,-134168,957.893
7955,97,102,1775.49,-171749,1492.99
7956,97,103,1719.82,-166257,1455.44
7957,97,104,1226.64,-117433,3033.96
7958,97,105,796.517,-74706.7,4160.79
7959,97,106,379.024,-33096.7,5343.21
7960,97,107,111.118,-6306.05,5861.96
7961,97,108,-46.4091,9499.18,6026.13
7962,97,109,-135.934,18511.4,6031.01
7963,97,110,-170.837,22036.6,5945.27
7964,97,111,-163.804,21323.8,5844.93
7965,97,112,-115.557,16418.8,5831.1
7966,97,113,-28.9265,7582.46,6058.03
7967,97,114,78.9185,-3453.68,6538.3
7968,97,115,152.719,-11030.6,6756.12
7969,97,116,153.05,-11064.6,6670.04
7970,97,117,128.294,-8506.45,6638.48
7971,97,118,74.1016,-2888.56,6837.57
7972,97,119,26.6502,2046.39,7003.62
7973,97,120,-10.1839,5889.41,7096.02
7974,97,121,-37.85,8785.13,7131.75
7975,97,122,-54.4691,10530.1,7106.89
7976,97,123,-59.0836,11016.2,7044.13
7977,97,124,-49.6464,10019,6999.43
7978,97,125,-22.6547,7157.88,7114.19
7979,97,126,19.1557,2712.04,7513.72
7980,97,127,54.0379,-1008.73,7795.96
7981,97,128,60.3781,-1687.13,7746.85
7982,97,129,55.0003,-1109.92,7697.6
7983,97,130,35.4014,1000.24,7789.39
7984,97,131,16.1689,3077.34,7890.3
7985,97,132,-0.788932,4914.44,7968.46
7986,97,133,-14.8907,6446.84,8015.06
7987,98,102,2144.6,-208907,1009.97
7988,98,103,1947.34,-189313,1140.97
7989,98,104,1248.25,-119637,3134.59
7990,98,105,705.19,-65330.6,4236.69
7991,98,106,215.217,-16169.9,5303.44
7992,98,107,-73.5091,12895.2,5699.35
7993,98,108,-226.109,28307.8,5769.57
7994,98,109,-300.605,35856.7,5712.66
7995,98,110,-315.544,37375.5,5603.17
7996,98,111,-286.833,34447,5518.51
7997,98,112,-215.75,27172.8,5568.14
7998,98,113,-105.766,15881.1,5900.68
7999,98,114,23.8064,2535.17,6487.31
8000,98,115,111.931,-6571.03,6754.95
8001,98,116,116.589,-7053.97,6665.46
8002,98,117,93.0038,-4601.05,6618.14
8003,98,118,37.0117,1240.79,6788.26
8004,98,119,-11.3817,6305.96,6925.93
8005,98,120,-48.1117,10162.6,6993.35
8006,98,121,-74.9226,12986.7,7008.18
8007,98,122,-89.9054,14569.9,6969.2
8008,98,123,-92.1491,14807.7,6902.04
8009,98,124,-79.5635,13469.4,6867.58
8010,98,125,-48.5068,10156.7,7014.27
8011,98,126,-2.03005,5183.71,7461.42
8012,98,127,36.59,1038.49,7774.91
8013,98,128,44.4649,190.625,7728.73
8014,98,129,39.7456,700.312,7674.63
8015,98,130,19.8834,2852.06,7753.96
8016,98,131,0.432391,4965.73,7842.06
8017,98,132,-16.5952,6821.74,7908.07
8018,98,133,-30.6023,8353.18,7943.72
8019,99,103,2118.7,-206734,1058.14
8020,99,104,1129.46,-107480,3216.22
8021,99,105,465.179,-40609.4,4166.53
8022,99,106,-87.2857,15189.5,5030.23
8023,99,107,-372.95,44136.8,5259.69
8024,99,108,-496.182,56665.4,5225.05
8025,99,109,-535.118,60636.9,5116.78
8026,99,110,-513.462,58420.7,5013.12
8027,99,111,-449.885,51893.5,4989.35
8028,99,112,-345.354,41126.8,5161.93
8029,99,113,-203.425,26460.8,5661.51
8030,99,114,-45.4485,10084,6397.99
8031,99,115,61.1912,-1006.57,6733.4
8032,99,116,72.0052,-2134.83,6643.23
8033,99,117,50.6298,102.453,6579.82
8034,99,118,-6.72406,6124.61,6718.08
8035,99,119,-55.561,11268.8,6825.18
8036,99,120,-91.6138,15078.3,6866.43
8037,99,121,-116.973,17766.5,6860.14
8038,99,122,-129.7,19119.8,6808.05
8039,99,123,-128.94,19038.7,6739
8040,99,124,-112.556,17285.6,6719.24
8041,99,125,-76.7552,13443,6904.43
8042,99,126,-24.9409,7864.28,7405.8
8043,99,127,17.9227,3235.02,7754.04
8044,99,128,27.5671,2190.2,7711.73
8045,99,129,23.6335,2617.66,7653.13
8046,99,130,3.53684,4808.19,7719.82
8047,99,131,-16.1023,6955.4,7794.97
8048,99,132,-33.1589,8825.94,7848.75
8049,99,133,-47.0199,10350.6,7873.49
8050,100,104,712.1,-64631.4,3084.43
8051,100,105,-34.4857,11022.6,3740.91
8052,100,106,-602.036,68723.5,4317.15
8053,100,107,-830.429,92019.6,4356.98
8054,100,108,-879.383,97029.3,4243.75
8055,100,109,-849.467,93957.9,4140.95
8056,100,110,-766.718,85434.8,4126.84
8057,100,111,-650.336,73408.6,4262.58
8058,100,112,-498.885,57708.2,4658.55
8059,100,113,-314.747,38557.9,5399.91
8060,100,114,-120.864,18329.4,6320.34
8061,100,115,8.53235,4785.9,6732
8062,100,116,26.8137,2866.35,6643.2
8063,100,117,8.08462,4839.15,6565.23
8064,100,118,-50.8281,11064.3,6672.67
8065,100,119,-100.138,16291.1,6750.3
8066,100,120,-135.379,20038.4,6766.83
8067,100,121,-159.065,22565,6741.17
8068,100,122,-169.239,23653.5,6678.12
8069,100,123,-165.12,23211.5,6609.65
8070,100,124,-144.532,20994.7,6606.8
8071,100,125,-103.517,16565.2,6830.97
8072,100,126,-45.8822,10321.4,7383.49
8073,100,127,1.53886,5168.3,7762.9
8074,100,128,12.9783,3921.4,7723.89
8075,100,129,9.75506,4273.81,7661.3
8076,100,130,-10.7427,6521.74,7716.87
8077,100,131,-30.7168,8718.89,7780.51
8078,100,132,-47.9215,10617.1,7823.37
8079,100,133,-61.7294,12145.2,7838.35
8080,101,105,-879,98570.6,2808.52
8081,101,106,-1354.23,147202,3058.08
8082,101,107,-1432.96,155286,2960.99
8083,101,108,-1343.52,146073,2904.96
8084,101,109,-1203.82,131637,2977.76
8085,101,110,-1033.65,113996,3229.02
8086,101,111,-847.573,94644.4,3658.74
8087,101,112,-638.007,72779.7,4342.77
8088,101,113,-404.137,48301.4,5314.42
8089,101,114,-169.787,23694.6,6369.67
8090,101,115,-16.6143,7560.41,6822.54
8091,101,116,7.09559,5055.07,6729.93
8092,101,117,-11.5172,7028.02,6641.62
8093,101,118,-74.7977,13756.9,6731.06
8094,101,119,-126.775,19301.1,6789.75
8095,101,120,-162.877,23164,6789.42
8096,101,121,-186.2,25667.3,6750.13
8097,101,122,-194.832,26596.7,6679.1
8098,101,123,-188.129,25872.8,6610.31
8099,101,124,-163.907,23248.8,6617.11
8100,101,125,-118.062,18266.9,6862.3
8101,101,126,-54.8745,11379.5,7438.95
8102,101,127,-3.27473,5737.91,7829.29
8103,101,128,9.32567,4356.07,7788.99
8104,101,129,6.13202,4707.37,7723.2
8105,101,130,-15.4908,7093.08,7774.05
8106,101,131,-36.4472,9412.26,7832.24
8107,101,132,-54.369,11401.6,7869.36
8108,101,133,-68.623,12988.5,7878.76
8109,102,106,-2280.1,244110,1139.82
8110,102,107,-2076.46,223067,1257.39
8111,102,108,-1777.61,192086,1743.29
8112,102,109,-1494.45,162638,2285.59
8113,102,110,-1221.88,134200,2896.93
8114,102,111,-960.945,106889,3563.49
8115,102,112,-692.664,78719.1,4389.64
8116,102,113,-410.706,49019.6,5421.06
8117,102,114,-139.291,20340.1,6470.67
8118,102,115,31.4066,2246.1,6887.16
8119,102,116,51.875,69.625,6779.08
8120,102,117,25.3382,2900.21,6691.48
8121,102,118,-49.723,10931.8,6799.02
8122,102,119,-110.262,17429.6,6867.05
8123,102,120,-151.902,21912.8,6869.03
8124,102,121,-178.655,24802.2,6828.42
8125,102,122,-188.827,25904.2,6753.8
8126,102,123,-182.062,25169,6680.02
8127,102,124,-156.261,22356.7,6680.2
8128,102,125,-107.232,16996.2,6915.46
8129,102,126,-39.8562,9607.32,7477.04
8130,102,127,14.5576,3621.81,7849.48
8131,102,128,26.7705,2274.32,7800.92
8132,102,129,22.1026,2790.9,7734.53
8133,102,130,-2.11281,5478.81,7795.63
8134,102,131,-25.3582,8066.79,7862.56
8135,102,132,-45.1516,10277.1,7905.79
8136,102,133,-60.8726,12037.8,7918.9
8137,103,107,-2269.8,243497,1158.39
8138,103,108,-1806.89,195200,1807.27
8139,103,109,-1434.46,156220,2338.87
8140,103,110,-1108.75,122020,2875.37
8141,103,111,-814.967,91074.3,3438.41
8142,103,112,-522.224,60141.2,4144.63
8143,103,113,-219.991,28104.5,5046.51
8144,103,114,64.8741,-2186.18,5962.31
8145,103,115,230.423,-19844.7,6263.15
8146,103,116,225.385,-19305.6,6148.68
8147,103,117,172.175,-13594.5,6116.48
8148,103,118,69.3765,-2526.47,6357.29
8149,103,119,-12.2966,6294.21,6519.88
8150,103,120,-69.4479,12485.6,6580.31
8151,103,121,-107.696,16642,6574.93
8152,103,122,-125.982,18635.1,6514.09
8153,103,123,-124.557,18479.3,6435.29
8154,103,124,-101.639,15965.9,6412.63
8155,103,125,-53.0958,10626.2,6610.5
8156,103,126,15.383,3070.68,7130.99
8157,103,127,69.7308,-2943.8,7464
8158,103,128,78.639,-3932.61,7403.48
8159,103,129,69.7833,-2946.67,7347.99
8160,103,130,40.4324,330.839,7456.4
8161,103,131,12.6498,3442.5,7566.34
8162,103,132,-10.9971,6098.83,7643.88
8163,103,133,-29.9359,8232.6,7682.65
8164,104,108,-1352.2,146700,1191.91
8165,104,109,-1007.2,110360,1559.06
8166,104,110,-710.5,79008.5,1950.15
8167,104,111,-442.833,50635.8,2384.37
8168,104,112,-167.733,21383.5,2981.91
8169,104,113,124.048,-9739.86,3789.26
8170,104,114,398.155,-39069.2,4600.65
8171,104,115,535.748,-53837.6,4782.26
8172,104,116,482.962,-48154.2,4742.21
8173,104,117,385.354,-37612.6,4897.71
8174,104,118,240.425,-21912,5454.77
8175,104,119,127.162,-9604.04,5822.23
8176,104,120,46.8799,-853.314,6006.25
8177,104,121,-8.54386,5206.35,6076.97
8178,104,122,-39.1912,8567.35,6053.15
8179,104,123,-46.303,9349.64,5979.8
8180,104,124,-28.6545,7402.43,5935.29
8181,104,125,17.6663,2276.26,6092.47
8182,104,126,85.9466,-5302.86,6571.83
8183,104,127,138.943,-11203.1,6864
8184,104,128,143.027,-11659.2,6796.75
8185,104,129,128.537,-10036.3,6766.13
8186,104,130,92.66,-6006.1,6950.25
8187,104,131,59.1623,-2232.03,7126.94
8188,104,132,30.6768,986.822,7256.91
8189,104,133,7.69722,3591.18,7334.84
8190,105,109,-684.7,75637.3,1255.93
8191,105,110,-396.6,45002.7,1493.52
8192,105,111,-142.143,17860.6,1790.86
8193,105,112,126.56,-10890.6,2268.11
8194,105,113,417.783,-42148.6,2967.82
8195,105,114,687.964,-71238,3665.3
8196,105,115,797.882,-83109.2,3743.17
8197,105,116,692.608,-71704.6,3865.2
8198,105,117,547.731,-55961.2,4270.66
8199,105,118,358.901,-35378.8,5123.19
8200,105,119,214.739,-19617.1,5645.17
8201,105,120,113.475,-8511.75,5909.62
8202,105,121,43.6961,-836.069,6024.11
8203,105,122,3.83901,3561.49,6019.55
8204,105,123,-8.55088,4932.64,5948.3
8205,105,124,7.08722,3196.81,5891.06
8206,105,125,54.4156,-2072.41,6020.96
8207,105,126,125.562,-10017.1,6464.46
8208,105,127,179.722,-16083.1,6723.36
8209,105,128,180.748,-16198.3,6652.34
8210,105,129,162.082,-14095.2,6637.32
8211,105,130,120.864,-9437.63,6862.71
8212,105,131,82.7961,-5123.24,7072.71
8213,105,132,50.5878,-1462.23,7226.76
8214,105,133,24.6502,1494.66,7321.21
8215,106,110,69.4,-5636,421.271
8216,106,111,253.343,-25379.2,695.925
8217,106,112,485.821,-50409.4,1183.92
8218,106,113,760.036,-80024.5,1882.62
8219,106,114,1014.2,-107559,2521.15
8220,106,115,1080.85,-114802,2517.76
8221,106,116,904.991,-95633,3020.17
8222,106,117,700.57,-73283,3805.68
8223,106,118,459.176,-46810.1,4969.92
8224,106,119,280.095,-27111.1,5621.5
8225,106,120,156.614,-13487.1,5941.93
8226,106,121,72.7206,-4202.91,6080.88
8227,106,122,24.7598,1120.74,6083.68
8228,106,123,8.66873,2912.21,6010.5
8229,106,124,24.1404,1184.54,5944.74
8230,106,125,74.4962,-4455.32,6058.67
8231,106,126,150.506,-12993.8,6478.52
8232,106,127,207.322,-19395.1,6713.34
8233,106,128,206.038,-19249.9,6639.34
8234,106,129,183.708,-16719.2,6634.08
8235,106,130,137.463,-11462.7,6883.65
8236,106,131,95.1897,-6643.52,7110.91
8237,106,132,59.6777,-2583.31,7275.48
8238,106,133,31.2381,677.762,7375.57
8239,107,111,431.8,-44950,445.213
8240,107,112,682.286,-72086,882.395
8241,107,113,978.714,-104298,1506.9
8242,107,114,1241.75,-132969,2044.23
8243,107,115,1272.65,-136347,1996.1
8244,107,116,1023.25,-108997,2847.29
8245,107,117,760.164,-80056.8,3823.19
8246,107,118,468.605,-47888.1,5068.68
8247,107,119,260.522,-24860.3,5718.18
8248,107,120,122.198,-9506.31,6013.45
8249,107,121,31.7071,568.319,6123.78
8250,107,122,-17.1221,6020.91,6103.74
8251,107,123,-30.1789,7483.28,6018.94
8252,107,124,-8.67183,5067.32,5957.24
8253,107,125,50.4386,-1592.46,6093.55
8254,107,126,136.456,-11312.4,6541.59
8255,107,127,200.021,-18516.4,6786.82
8256,107,128,199.283,-18432.6,6708.4
8257,107,129,175.599,-15732.6,6696.41
8258,107,130,126.176,-10081.9,6935.61
8259,107,131,81.4238,-4950.32,7150.03
8260,107,132,44.239,-674.057,7300.88
8261,107,133,14.8364,2717.04,7387.66
8262,108,112,876.2,-93545.8,678.641
8263,108,113,1206.8,-129691,1208.95
8264,108,114,1479.82,-159633,1633.38
8265,108,115,1458.93,-157335,1583.85
8266,108,116,1112.72,-119136,2821.12
8267,108,117,779.115,-82217.3,3910.59
8268,108,118,431.1,-43587.6,5160.6
8269,108,119,194.587,-17255.8,5761.53
8270,108,120,45.1264,-566.022,6002.29
8271,108,121,-47.2813,9783.64,6065.78
8272,108,122,-92.0893,14817.1,6014.57
8273,108,123,-97.4074,15416.2,5919.26
8274,108,124,-65.4608,11806.3,5873.37
8275,108,125,6.52735,3647.62,6056.47
8276,108,126,106.221,-7684.23,6562.57
8277,108,127,179.166,-16000,6835.51
8278,108,128,180.344,-16134.7,6752.74
8279,108,129,156.229,-13369.4,6729.27
8280,108,130,104.193,-7385.28,6948.91
8281,108,131,57.543,-2005.02,7142.61
8282,108,132,19.2938,2419.14,7273.4
8283,108,133,-10.4516,5869.61,7342.02
8284,109,113,1493.6,-161717,861.822
8285,109,114,1762.03,-191334,1168.07
8286,109,115,1654.54,-179438,1211.19
8287,109,116,1172.87,-125973,2874.43
8288,109,117,751.767,-79090.4,4008.13
8289,109,118,339.618,-33067.2,5201.76
8290,109,119,76.7364,-3624.4,5716.22
8291,109,120,-77.993,13756.9,5880.34
8292,109,121,-165.676,23635.8,5885.99
8293,109,122,-199.971,27511.2,5802.64
8294,109,123,-191.614,26564.1,5705.33
8295,109,124,-143.899,21140.4,5693.89
8296,109,125,-54.2132,10916.2,5952.48
8297,109,126,63.3065,-2520.18,6545.63
8298,109,127,148.447,-12283,6861.06
8299,109,128,152.815,-12785.3,6774.9
8300,109,129,129.025,-10041.5,6737.61
8301,109,130,74.7312,-3761.52,6932.66
8302,109,131,26.587,1823.22,7101.34
8303,109,132,-12.27,6343.58,7208.77
8304,109,133,-41.87,9796.91,7256.93
8305,110,114,2061.4,-225063,747.931
8306,110,115,1818.29,-197996,1036.18
8307,110,116,1152.21,-123618,2969.73
8308,110,117,631,-65242.5,4039.52
8309,110,118,154.1,-11670.7,5098.83
8310,110,119,-124.255,19690.5,5482.18
8311,110,120,-270.573,36224.5,5548.5
8312,110,121,-340.773,44180.5,5491.2
8313,110,122,-353.407,45616.5,5385.15
8314,110,123,-321.936,42028.9,5309.04
8315,110,124,-250.482,33859.3,5369.32
8316,110,125,-136.263,20762.2,5752.31
8317,110,126,4.73529,4547.41,6475.92
8318,110,127,105.844,-7113.81,6854.36
8319,110,128,115.156,-8190.9,6767.09
8320,110,129,92.7526,-5592.09,6714.29
8321,110,130,36.7429,923.714,6879.95
8322,110,131,-12.3247,6648.26,7019.66
8323,110,132,-51.1769,11194,7100.86
8324,110,133,-80.0013,14576,7126.77
8325,111,115,1914.9,-208978,1038.63
8326,111,116,994.6,-105598,3008.76
8327,111,117,369.5,-35170,3908.11
8328,111,118,-161.25,24804.8,4759.5
8329,111,119,-431.383,55419.9,4976.21
8330,111,120,-545.539,68395.6,4939.48
8331,111,121,-578.509,72154.1,4834.38
8332,111,122,-553.626,69309.2,4739.35
8333,111,123,-486.511,61613.3,4734.34
8334,111,124,-381.338,49518.5,4928.37
8335,111,125,-234.443,32576.5,5497.75
8336,111,126,-63.5471,12809.6,6391.43
8337,111,127,57.4902,-1230.75,6846.83
8338,111,128,73.2095,-3059.42,6760.82
8339,111,129,52.8632,-685.684,6693.01
8340,111,130,-4.75865,6056.07,6828.21
8341,111,131,-54.5468,11897.9,6938.21
8342,111,132,-93.0926,16433.4,6992.99
8343,111,133,-120.779,19700.4,6997.09
8344,112,116,560.3,-55798.2,2819.3
8345,112,117,-128.4,22254.5,3431.34
8346,112,118,-668.536,83649.9,4005.82
8347,112,119,-879.381,107686,4041.1
8348,112,120,-919.35,112256,3933.33
8349,112,121,-884.152,108220,3842.31
8350,112,122,-799.173,98447.4,3846.41
8351,112,123,-679.948,84696.8,4015.09
8352,112,124,-528.835,67218.1,4440.15
8353,112,125,-339.884,45299.7,5261.27
8354,112,126,-132.143,21132.5,6345.26
8355,112,127,12.5985,4246.04,6877.07
8356,112,128,35.4485,1572.59,6792.66
8357,112,129,17.0372,3732.86,6711.69
8358,112,130,-42.8789,10783,6819.49
8359,112,131,-93.8338,16795.7,6902.49
8360,112,132,-132.309,21348.6,6933.36
8361,112,133,-158.947,24509.6,6918.05
8362,113,117,-941,116245,2451.01
8363,113,118,-1390.31,167617,2721.6
8364,113,119,-1455.18,175055,2632.85
8365,113,120,-1361.19,164246,2597.41
8366,113,121,-1219.98,147960,2700.22
8367,113,122,-1050.84,128396,2984.52
8368,113,123,-864.182,106743,3458.26
8369,113,124,-657.178,82662,4164.94
8370,113,125,-419.412,54922.7,5208.6
8371,113,126,-170.633,25815.5,6418.34
8372,113,127,-1.46071,5965.95,6983.13
8373,113,128,26.0029,2734.4,6893.1
8374,113,129,6.53676,5031.4,6803.21
8375,113,130,-58.87,12771.2,6898.2
8376,113,131,-113.505,19254.6,6966.2
8377,113,132,-153.861,24056.9,6982.28
8378,113,133,-180.983,27293.5,6954.14
8379,114,118,-2210,263247,1050.24
8380,114,119,-2023.26,241709,1157.19
8381,114,120,-1740.11,208958,1629.08
8382,114,121,-1468.87,177494,2160.42
8383,114,122,-1206.83,147011,2757.67
8384,114,123,-951.642,117239,3427.11
8385,114,124,-691.1,86755.3,4237.06
8386,114,125,-408.052,53544.4,5311.54
8387,114,126,-122.747,19973.4,6493.95
8388,114,127,63.7516,-2033.43,7006.9
8389,114,128,86.1821,-4687.71,6898.51
8390,114,129,56.7603,-1196.31,6813.34
8391,114,130,-22.25,8205.91,6937.17
8392,114,131,-87.0248,15935.7,7023.1
8393,114,132,-134.416,21606.8,7047.88
8394,114,133,-166.195,25420.3,7022.53
8395,115,119,-2211,263800,1048.37
8396,115,120,-1770.89,212600,1687.74
8397,115,121,-1413.36,170889,2211.75
8398,115,122,-1099.69,134190,2738.22
8399,115,123,-811.6,100387,3307.89
8400,115,124,-526.958,66894,4002.16
8401,115,125,-222.291,30943.4,4950.51
8402,115,126,79.6049,-4780.97,6000.45
8403,115,127,263.665,-26622.8,6392.43
8404,115,128,260.741,-26274.8,6275.25
8405,115,129,204.121,-19518.2,6248.83
8406,115,130,96.8147,-6677.18,6509.64
8407,115,131,10.4118,3691.18,6693.57
8408,115,132,-53.0712,11330.3,6782.04
8409,115,133,-96.7579,16601.8,6795.85
8410,116,120,-1366.6,164625,1189.45
8411,116,121,-1024.66,124504,1550.91
8412,116,122,-732.429,90118.1,1932.14
8413,116,123,-464.131,58459,2372.73
8414,116,124,-193.45,26428.4,2954.16
8415,116,125,105.448,-9040.84,3807.18
8416,116,126,402.645,-44407.3,4754.83
8417,116,127,563.542,-63607.6,5020.77
8418,116,128,514.033,-57683,4967.18
8419,116,129,413.141,-45575.9,5123.57
8420,116,130,263.657,-27588.1,5688.7
8421,116,131,145.599,-13342.4,6071.44
8422,116,132,58.7426,-2832.79,6284.45
8423,116,133,-2.22188,4564.23,6375.36
8424,117,121,-705.3,86287.3,1253.25
8425,117,122,-422.114,52777,1482.47
8426,117,123,-165.821,22363.6,1786.97
8427,117,124,97.9524,-9025.51,2247.97
8428,117,125,398.517,-44892.8,2996.69
8429,117,126,696.539,-80556.2,3833.85
8430,117,127,833.255,-96962.1,3984.23
8431,117,128,730.542,-84602.3,4080.44
8432,117,129,580.819,-66535.7,4488.41
8433,117,130,386.026,-42965.8,5351.76
8434,117,131,235.911,-24751.8,5893.2
8435,117,132,126.909,-11489.9,6191.93
8436,117,133,50.7525,-2198.82,6329.68
8437,118,122,41.8,-3202,402.1
8438,118,123,228.886,-25527.6,693.549
8439,118,124,455.25,-52615.8,1161.52
8440,118,125,741.631,-86981.5,1922.94
8441,118,126,1029.63,-121638,2712.38
8442,118,127,1127.07,-133396,2764.05
8443,118,128,952.264,-112244,3213.25
8444,118,129,740.633,-86565.7,4006.03
8445,118,130,491.286,-56228.5,5189.04
8446,118,131,304.688,-33463.6,5866.42
8447,118,132,171.982,-17229.2,6226.16
8448,118,133,80.6721,-6028.53,6390.72
8449,119,123,403.2,-46735.8,458.092
8450,119,124,646.914,-76062.8,870.267
8451,119,125,960.357,-113885,1560.16
8452,119,126,1265.68,-150829,2246.2
8453,119,127,1332.32,-158914,2228.02
8454,119,128,1081.5,-128398,3014.31
8455,119,129,807.891,-95017.8,4013.94
8456,119,130,505.776,-58059.1,5290.1
8457,119,131,288.242,-31374.9,5970.4
8458,119,132,138.927,-13009.3,6306.45
8459,119,133,39.85,-789.7,6441.9
8460,120,124,840.1,-99760.2,663.483
8461,120,125,1193.63,-142655,1261.91
8462,120,126,1519.54,-182307,1829.69
8463,120,127,1539.37,-184727,1772.91
8464,120,128,1186.8,-141596,2960.46
8465,120,129,837.412,-98737.5,4099.65
8466,120,130,475,-54160.8,5393.83
8467,120,131,226.339,-23492.6,6030.18
8468,120,132,63.5769,-3364.38,6311.87
8469,120,133,-38.8901,9341.53,6398.75
8470,121,125,1487.8,-179034,917.273
8471,121,126,1824.29,-220198,1358.9
8472,121,127,1762.71,-212645,1332.85
8473,121,128,1266.17,-151570,2997.37
8474,121,129,821.5,-96727.3,4206.87
8475,121,130,389.788,-43338.9,5454.88
8476,121,131,111.409,-8819.91,6006.79
8477,121,132,-59.3252,12408.1,6209.4
8478,121,133,-158.648,24790.3,6234.57
8479,122,126,2160,-262050,920.218
8480,122,127,1966,-238123,1063.74
8481,122,128,1269.5,-151990,3099.06
8482,122,129,712.833,-82962.8,4264.6
8483,122,130,209.333,-20361,5383.05
8484,122,131,-88.6303,16785.1,5802.31
8485,122,132,-254.036,37460.9,5901.04
8486,122,133,-337.462,47916.8,5856.4
8487,123,127,2114.3,-256760,1005.01
8488,123,128,1136.2,-135149,3167.83
8489,123,129,458.571,-50671.6,4170.12
8490,123,130,-107.238,20054.6,5076.86
8491,123,131,-401.067,56881.1,5322.54
8492,123,132,-537.067,73971.8,5306.83
8493,123,133,-584.2,79910.6,5203.16
8494,124,128,729.9,-83684.6,3044.73
8495,124,129,-38.1714,12580.4,3752.63
8496,124,130,-623.714,86163.6,4368.65
8497,124,131,-861.881,116173,4420.08
8498,124,132,-925.7,124235,4313.91
8499,124,133,-904.533,121554,4205.47
8500,125,129,-902.2,122888,2763.35
8501,125,130,-1394.91,185134,3046.86
8502,125,131,-1480.79,196011,2953.77
8503,125,132,-1405.83,186492,2885.85
8504,125,133,-1273.27,169612,2944.82
8505,126,130,-2307.8,302592,1213.8
8506,126,131,-2118,278424,1299.27
8507,126,132,-1839.57,242878,1711.79
8508,126,133,-1565.43,207788,2230.01
8509,127,131,-2349.7,308468,1135.35
8510,127,132,-1901.23,250914,1758.58
8511,127,133,-1531.14,203297,2297.61
8512,128,132,-1465.1,193927,1184.46
8513,128,133,-1117.03,148910,1560.38
8514,129,133,-788.8,105693,1242.17
