id,low,hi,m,q,cost
0,0,9,-17.0673,5067.91,94.8458
1,0,10,-11.1327,5050.11,104.454
2,0,11,-21.1077,5083.36,117.519
3,0,12,-27.1692,5105.58,128.087
4,0,13,-22.5974,5087.3,138.17
5,0,14,-15.8582,5058.09,150.665
6,0,15,-9.66676,5029.2,163.049
7,0,16,-4.39681,5002.85,174.911
8,0,17,-3.16708,4996.29,184.148
9,0,18,-1.36842,4986.1,193.678
10,0,19,-0.44985,4980.59,202.819
11,0,20,3.79961,4953.68,216.153
12,0,21,2.77075,4960.53,225.52
13,0,22,1.14368,4971.92,235.456
14,0,23,-3.20461,5003.81,251.258
15,0,24,-6.40585,5028.35,264.18
16,0,25,-6.05549,5025.55,273.598
17,0,26,-4.99127,5016.68,283.477
18,0,27,-3.18106,5000.99,294.618
19,0,28,-2.15709,4991.78,304.625
20,0,29,-2.04434,4990.73,313.957
21,0,30,-2.76407,4997.68,323.7
22,0,31,-4.59758,5016.02,336.243
23,0,32,-7.06227,5041.49,351.574
24,0,33,-8.32344,5054.94,362.69
25,0,34,-9.57507,5068.71,373.963
26,0,35,-11.3898,5089.28,387.445
27,0,36,-11.0034,5084.77,397.244
28,0,37,-9.99951,5072.72,408.296
29,0,38,-10.052,5073.37,417.893
30,0,39,-9.70821,5069.01,427.676
31,0,40,-9.61617,5067.82,437.239
32,0,41,-9.83063,5070.68,446.866
33,0,42,-9.87436,5071.27,456.368
34,0,43,-9.89277,5071.53,465.842
35,0,44,-10.4735,5079.85,476.402
36,0,45,-10.5691,5081.26,485.885
37,0,46,-10.8148,5084.94,495.558
38,0,47,-11.5414,5096.08,507.278
39,0,48,-11.6955,5098.5,516.828
40,0,49,-13.0969,5120.92,535.593
41,0,50,-14.4684,5143.32,553.484
42,0,51,-15.2091,5155.67,565.621
43,0,52,-16.516,5177.88,582.885
44,0,53,-17.8318,5200.69,600.045
45,0,54,-18.9716,5220.83,615.377
46,0,55,-20.1839,5242.65,631.422
47,0,56,-21.1006,5259.45,645.016
48,0,57,-21.5891,5268.57,656.241
49,0,58,-21.584,5268.48,666.442
50,0,59,-21.7655,5271.99,676.79
51,0,60,-21.9498,5275.61,687.144
52,0,61,-21.7888,5272.39,697.451
53,0,62,-21.3506,5263.48,708.808
54,0,63,-21.0643,5257.56,719.506
55,0,64,-20.6135,5248.1,731.106
56,0,65,-20.2009,5239.29,742.544
57,0,66,-19.9901,5234.73,753.051
58,0,67,-19.6676,5227.63,764.088
59,0,68,-19.4566,5222.92,774.633
60,0,69,-19.0804,5214.39,786.145
61,0,70,-18.6465,5204.41,798.21
62,0,71,-18.5201,5201.46,808.527
63,0,72,-18.2614,5195.34,819.432
64,0,73,-17.8795,5186.18,831.335
65,0,74,-17.4171,5174.92,844.176
66,0,75,-17.023,5165.2,856.369
67,0,76,-16.6258,5155.27,868.689
68,0,77,-16.3167,5147.44,880.233
69,0,78,-16.1011,5141.91,891.12
70,0,79,-15.7492,5132.76,903.245
71,0,80,-15.513,5126.54,914.357
72,0,81,-15.1444,5116.71,926.873
73,0,82,-14.7066,5104.89,940.445
74,0,83,-14.4475,5097.81,951.903
75,0,84,-14.3056,5093.88,962.531
76,0,85,-14.0193,5085.86,974.402
77,0,86,-13.5964,5073.88,988.312
78,0,87,-13.1588,5061.34,1002.57
79,0,88,-12.7386,5049.15,1016.59
80,0,89,-12.4352,5040.25,1028.92
81,0,90,-12.0827,5029.79,1042.03
82,0,91,-11.807,5021.52,1054.14
83,0,92,-11.6151,5015.7,1065.39
84,0,93,-11.2676,5005.05,1078.74
85,0,94,-10.9136,4994.07,1092.29
86,0,95,-10.7382,4988.57,1103.51
87,0,96,-10.5667,4983.15,1114.72
88,0,97,-10.3165,4975.14,1126.9
89,0,98,-10.0269,4965.77,1139.76
90,0,99,-9.74269,4956.49,1152.6
91,0,100,-9.46722,4947.4,1165.37
92,0,101,-9.25952,4940.48,1177.19
93,0,102,-9.0283,4932.69,1189.41
94,0,103,-8.81747,4925.52,1201.38
95,0,104,-8.63337,4919.2,1213.04
96,0,105,-8.40289,4911.21,1225.44
97,0,106,-8.15793,4902.64,1238.16
98,0,107,-8.06845,4899.48,1248.96
99,0,108,-7.8975,4893.38,1260.62
100,0,109,-7.673,4885.3,1273.2
101,0,110,-7.44413,4876.98,1285.92
102,0,111,-7.21362,4868.53,1298.74
103,0,112,-7.03654,4861.98,1310.66
104,0,113,-6.86274,4855.49,1322.59
105,0,114,-6.68092,4848.64,1334.69
106,0,115,-6.55396,4843.82,1346.02
107,0,116,-6.41835,4838.62,1357.49
108,0,117,-6.23016,4831.34,1369.88
109,0,118,-6.03768,4823.84,1382.42
110,0,119,-5.95055,4820.41,1393.39
111,0,120,-5.79799,4814.36,1405.28
112,0,121,-5.5556,4804.66,1419.29
113,0,122,-5.26929,4793.11,1434.71
114,0,123,-5.00819,4782.5,1449.37
115,0,124,-4.80147,4774.02,1462.57
116,0,125,-4.63872,4767.29,1474.85
117,0,126,-4.5053,4761.73,1486.62
118,0,127,-4.41037,4757.75,1497.85
119,0,128,-4.35478,4755.39,1508.7
120,0,129,-4.27844,4752.14,1519.74
121,0,130,-4.1508,4746.65,1531.56
122,0,131,-4.08146,4743.64,1542.55
123,0,132,-3.9751,4739,1554.05
124,0,133,-3.76031,4729.55,1568.34
125,0,134,-3.51622,4718.73,1583.75
126,0,135,-3.30669,4709.37,1597.95
127,0,136,-3.1306,4701.44,1611.17
128,0,137,-3.02145,4696.5,1622.86
129,0,138,-2.94432,4692.97,1634.08
130,0,139,-2.86621,4689.38,1645.31
131,0,140,-2.82288,4687.37,1656.18
132,0,141,-2.7586,4684.37,1667.26
133,0,142,-2.65022,4679.28,1679.09
134,0,143,-2.56657,4675.32,1690.48
135,1,10,-14.0133,5070.27,95.8626
136,1,11,-25.2782,5115.33,108.261
137,1,12,-31.6549,5142.97,118.421
138,1,13,-25.6896,5115.13,128.869
139,1,14,-17.5459,5074.41,141.607
140,1,15,-10.3039,5035.78,154.012
141,1,16,-4.29559,5001.74,165.803
142,1,17,-2.93309,4993.56,175.089
143,1,18,-0.960578,4981.07,184.634
144,1,19,0.0117544,4974.59,193.806
145,1,20,4.64,4942.19,206.879
146,1,21,3.43312,4951.04,216.318
147,1,22,1.59791,4965.11,226.314
148,1,23,-3.16798,5003.24,241.947
149,1,24,-6.63904,5032.16,254.751
150,1,25,-6.242,5028.72,264.214
151,1,26,-5.08157,5018.28,274.124
152,1,27,-3.13059,5000.07,285.242
153,1,28,-2.03708,4989.5,295.256
154,1,29,-1.92483,4988.38,304.623
155,1,30,-2.70051,4996.39,314.395
156,1,31,-4.65641,5017.25,326.869
157,1,32,-7.27146,5046.02,342.017
158,1,33,-8.59639,5061.04,353.083
159,1,34,-9.90559,5076.31,364.292
160,1,35,-11.8052,5099.1,377.62
161,1,36,-11.3742,5093.79,387.46
162,1,37,-10.296,5080.13,398.553
163,1,38,-10.3356,5080.65,408.172
164,1,39,-9.95968,5075.63,417.992
165,1,40,-9.85046,5074.14,427.582
166,1,41,-10.064,5077.13,437.219
167,1,42,-10.0987,5077.63,446.741
168,1,43,-10.1075,5077.76,456.235
169,1,44,-10.7048,5086.72,466.758
170,1,45,-10.7944,5088.09,476.254
171,1,46,-11.041,5091.95,485.922
172,1,47,-11.7889,5103.92,497.561
173,1,48,-11.9391,5106.37,507.112
174,1,49,-13.3878,5130.52,525.626
175,1,50,-14.8024,5154.57,543.289
176,1,51,-15.5591,5167.68,555.329
177,1,52,-16.9028,5191.42,572.384
178,1,53,-18.2537,5215.74,589.342
179,1,54,-19.42,5237.12,604.509
180,1,55,-20.6602,5260.27,620.38
181,1,56,-21.5925,5277.99,633.846
182,1,57,-22.0809,5287.43,645.002
183,1,58,-22.0587,5286.99,655.205
184,1,59,-22.2303,5290.42,665.526
185,1,60,-22.4052,5293.98,675.849
186,1,61,-22.224,5290.23,686.184
187,1,62,-21.7577,5280.44,697.617
188,1,63,-21.4494,5273.86,708.363
189,1,64,-20.9724,5263.53,720.038
190,1,65,-20.5361,5253.93,731.543
191,1,66,-20.3087,5248.85,742.085
192,1,67,-19.9671,5241.11,753.174
193,1,68,-19.7411,5235.91,763.755
194,1,69,-19.3458,5226.69,775.323
195,1,70,-18.8918,5215.94,787.448
196,1,71,-18.755,5212.66,797.788
197,1,72,-18.4826,5206.03,808.733
198,1,73,-18.0842,5196.2,820.685
199,1,74,-17.6037,5184.19,833.574
200,1,75,-17.1942,5173.82,845.808
201,1,76,-16.782,5163.24,858.164
202,1,77,-16.4608,5154.89,869.738
203,1,78,-16.2359,5148.97,880.651
204,1,79,-15.8718,5139.25,892.803
205,1,80,-15.6266,5132.64,903.939
206,1,81,-15.2461,5122.23,916.475
207,1,82,-14.7951,5109.76,930.058
208,1,83,-14.5276,5102.27,941.532
209,1,84,-14.3804,5098.1,952.176
210,1,85,-14.0857,5089.65,964.06
211,1,86,-13.6514,5077.05,977.966
212,1,87,-13.2025,5063.89,992.209
213,1,88,-12.7717,5051.11,1006.22
214,1,89,-12.4608,5041.78,1018.54
215,1,90,-12.0998,5030.83,1031.64
216,1,91,-11.8177,5022.18,1043.75
217,1,92,-11.6214,5016.09,1055.01
218,1,93,-11.2663,5004.97,1068.33
219,1,94,-10.9048,4993.52,1081.86
220,1,95,-10.7258,4987.79,1093.08
221,1,96,-10.5511,4982.14,1104.29
222,1,97,-10.296,4973.81,1116.46
223,1,98,-10.0009,4964.07,1129.29
224,1,99,-9.71151,4954.42,1142.11
225,1,100,-9.43116,4944.98,1154.86
226,1,101,-9.22006,4937.81,1166.67
227,1,102,-8.98508,4929.74,1178.86
228,1,103,-8.77099,4922.32,1190.82
229,1,104,-8.58425,4915.78,1202.47
230,1,105,-8.35031,4907.52,1214.84
231,1,106,-8.10172,4898.65,1227.53
232,1,107,-8.01162,4895.41,1238.34
233,1,108,-7.83856,4889.12,1249.98
234,1,109,-7.61103,4880.78,1262.53
235,1,110,-7.37912,4872.19,1275.22
236,1,111,-7.14563,4863.48,1288.01
237,1,112,-6.9666,4856.73,1299.91
238,1,113,-6.79096,4850.06,1311.81
239,1,114,-6.6072,4843.02,1323.89
240,1,115,-6.47933,4838.07,1335.2
241,1,116,-6.34267,4832.74,1346.66
242,1,117,-6.15255,4825.26,1359.02
243,1,118,-5.95812,4817.55,1371.53
244,1,119,-5.87087,4814.06,1382.49
245,1,120,-5.71709,4807.86,1394.35
246,1,121,-5.47204,4797.89,1408.31
247,1,122,-5.18239,4786.02,1423.67
248,1,123,-4.91846,4775.11,1438.27
249,1,124,-4.70986,4766.42,1451.43
250,1,125,-4.54597,4759.53,1463.67
251,1,126,-4.4119,4753.86,1475.42
252,1,127,-4.31695,4749.81,1486.64
253,1,128,-4.26195,4747.44,1497.48
254,1,129,-4.18587,4744.15,1508.51
255,1,130,-4.05769,4738.55,1520.29
256,1,131,-3.98871,4735.51,1531.27
257,1,132,-3.88214,4730.79,1542.75
258,1,133,-3.66552,4721.11,1556.99
259,1,134,-3.4192,4710.03,1572.33
260,1,135,-3.208,4700.45,1586.48
261,1,136,-3.03078,4692.36,1599.66
262,1,137,-2.9215,4687.33,1611.33
263,1,138,-2.84469,4683.78,1622.52
264,1,139,-2.76689,4680.14,1633.74
265,1,140,-2.72436,4678.15,1644.6
266,1,141,-2.66057,4675.13,1655.66
267,1,142,-2.55204,4669.95,1667.47
268,1,143,-2.4686,4665.95,1678.83
269,2,11,-20.2752,5075.31,98.9802
270,2,12,-28.7209,5117.54,109.451
271,2,13,-22.2503,5083.03,119.603
272,2,14,-13.383,5032.78,131.79
273,2,15,-5.7011,4986.69,143.683
274,2,16,0.494643,4947.45,155.018
275,2,17,1.42868,4941.22,164.157
276,2,18,3.1201,4929.38,173.465
277,2,19,3.74706,4924.78,182.477
278,2,20,8.4693,4888.58,195.125
279,2,21,6.7588,4902.26,204.734
280,2,22,4.43208,4921.65,215.043
281,2,23,-1.02473,4968.95,231.457
282,2,24,-4.98399,5004.58,244.576
283,2,25,-4.69178,5001.85,254.024
284,2,26,-3.56254,4990.94,263.838
285,2,27,-1.57832,4971.09,274.762
286,2,28,-0.518803,4960.15,284.656
287,2,29,-0.506979,4960.02,294.01
288,2,30,-1.43394,4970.22,303.887
289,2,31,-3.60467,4994.82,316.609
290,2,32,-6.45629,5028.09,331.964
291,2,33,-7.91497,5045.59,343.128
292,2,34,-9.34482,5063.22,354.418
293,2,35,-11.3891,5089.12,367.794
294,2,36,-10.9573,5083.51,377.633
295,2,37,-9.84236,5068.64,388.656
296,2,38,-9.90863,5069.55,398.3
297,2,39,-9.53539,5064.32,408.11
298,2,40,-9.44233,5062.99,417.712
299,2,41,-9.6869,5066.57,427.384
300,2,42,-9.74169,5067.4,436.927
301,2,43,-9.76794,5067.8,446.441
302,2,44,-10.4089,5077.84,457.014
303,2,45,-10.516,5079.55,466.535
304,2,46,-10.7859,5083.96,476.238
305,2,47,-11.5774,5097.15,487.916
306,2,48,-11.743,5099.97,497.494
307,2,49,-13.2602,5126.27,515.944
308,2,50,-14.7378,5152.37,533.514
309,2,51,-15.5273,5166.58,545.541
310,2,52,-16.925,5192.21,562.478
311,2,53,-18.327,5218.38,579.306
312,2,54,-19.5346,5241.32,594.369
313,2,55,-20.8164,5266.1,610.114
314,2,56,-21.777,5284.99,623.503
315,2,57,-22.2762,5294.98,634.635
316,2,58,-22.2464,5294.37,644.854
317,2,59,-22.4174,5297.91,655.179
318,2,60,-22.5919,5301.57,665.504
319,2,61,-22.3984,5297.44,675.863
320,2,62,-21.9111,5286.89,687.321
321,2,63,-21.5879,5279.77,698.091
322,2,64,-21.0914,5268.69,709.785
323,2,65,-20.6377,5258.4,721.306
324,2,66,-20.4002,5252.94,731.868
325,2,67,-20.0455,5244.66,742.971
326,2,68,-19.8104,5239.1,753.569
327,2,69,-19.4014,5229.28,765.145
328,2,70,-18.9327,5217.88,777.269
329,2,71,-18.7908,5214.38,787.624
330,2,72,-18.5097,5207.35,798.576
331,2,73,-18.0995,5196.96,810.523
332,2,74,-17.6054,5184.28,823.392
333,2,75,-17.1848,5173.34,835.611
334,2,76,-16.7618,5162.2,847.948
335,2,77,-16.4327,5153.43,859.513
336,2,78,-16.2027,5147.22,870.425
337,2,79,-15.8301,5137.03,882.555
338,2,80,-15.5798,5130.11,893.684
339,2,81,-15.1909,5119.22,906.19
340,2,82,-14.7302,5106.16,919.725
341,2,83,-14.4577,5098.35,931.183
342,2,84,-14.3087,5094.03,941.825
343,2,85,-14.0086,5085.23,953.684
344,2,86,-13.5659,5072.1,967.532
345,2,87,-13.1086,5058.38,981.71
346,2,88,-12.67,5045.07,995.662
347,2,89,-12.3544,5035.39,1007.95
348,2,90,-11.9877,5024.03,1020.99
349,2,91,-11.7018,5015.07,1033.06
350,2,92,-11.5037,5008.8,1044.3
351,2,93,-11.1435,4997.27,1057.57
352,2,94,-10.7768,4985.41,1071.04
353,2,95,-10.5968,4979.53,1082.23
354,2,96,-10.4211,4973.73,1093.43
355,2,97,-10.1634,4965.14,1105.55
356,2,98,-9.86495,4955.1,1118.33
357,2,99,-9.57241,4945.15,1131.1
358,2,100,-9.2892,4935.43,1143.8
359,2,101,-9.07672,4928.06,1155.58
360,2,102,-8.83993,4919.77,1167.73
361,2,103,-8.62449,4912.16,1179.64
362,2,104,-8.43697,4905.47,1191.26
363,2,105,-8.20136,4896.99,1203.59
364,2,106,-7.95087,4887.89,1216.22
365,2,107,-7.86191,4884.63,1227.01
366,2,108,-7.68841,4878.21,1238.62
367,2,109,-7.45945,4869.66,1251.11
368,2,110,-7.22607,4860.87,1263.75
369,2,111,-6.99111,4851.94,1276.49
370,2,112,-6.81164,4845.06,1288.35
371,2,113,-6.63564,4838.26,1300.21
372,2,114,-6.45138,4831.07,1312.24
373,2,115,-6.32399,4826.06,1323.52
374,2,116,-6.18765,4820.65,1334.94
375,2,117,-5.99693,4813.02,1347.26
376,2,118,-5.80184,4805.15,1359.71
377,2,119,-5.71575,4801.65,1370.65
378,2,120,-5.562,4795.35,1382.47
379,2,121,-5.31545,4785.16,1396.36
380,2,122,-5.02361,4773,1411.65
381,2,123,-4.75795,4761.84,1426.18
382,2,124,-4.54857,4752.98,1439.29
383,2,125,-4.38464,4745.98,1451.48
384,2,126,-4.251,4740.24,1463.19
385,2,127,-4.1571,4736.17,1474.37
386,2,128,-4.10375,4733.84,1485.19
387,2,129,-4.02895,4730.55,1496.19
388,2,130,-3.90122,4724.88,1507.94
389,2,131,-3.83358,4721.86,1518.89
390,2,132,-3.72776,4717.1,1530.33
391,2,133,-3.5102,4707.24,1544.51
392,2,134,-3.2625,4695.93,1559.79
393,2,135,-3.05049,4686.17,1573.88
394,2,136,-2.87298,4677.95,1587
395,2,137,-2.76441,4672.88,1598.63
396,2,138,-2.68878,4669.33,1609.79
397,2,139,-2.61211,4665.7,1620.97
398,2,140,-2.57119,4663.75,1631.81
399,2,141,-2.50867,4660.75,1642.84
400,2,142,-2.40077,4655.53,1654.6
401,2,143,-2.31828,4651.52,1665.93
402,3,12,-34.3606,5168.29,99.969
403,3,13,-25.6882,5116.26,110.46
404,3,14,-14.7699,5047.11,122.778
405,3,15,-5.69286,4986.6,134.613
406,3,16,1.38681,4937.04,145.831
407,3,17,2.32643,4930.15,155.023
408,3,18,4.11706,4916.42,164.344
409,3,19,4.70049,4911.75,173.396
410,3,20,9.84149,4868.91,185.756
411,3,21,7.80649,4886.55,195.467
412,3,22,5.14233,4910.53,205.859
413,3,23,-0.901818,4966.94,222.098
414,3,24,-5.23219,5008.8,235.09
415,3,25,-4.89298,5005.41,244.588
416,3,26,-3.65287,4992.59,254.437
417,3,27,-1.50269,4969.66,265.345
418,3,28,-0.367487,4957.17,275.253
419,3,29,-0.365995,4957.15,284.646
420,3,30,-1.36924,4968.86,294.55
421,3,31,-3.69414,4996.76,307.192
422,3,32,-6.7299,5034.2,322.347
423,3,33,-8.26504,5053.64,333.454
424,3,34,-9.76237,5073.11,344.673
425,3,35,-11.9053,5101.68,357.886
426,3,36,-11.4177,5095.02,367.77
427,3,37,-10.2127,5078.15,378.842
428,3,38,-10.2621,5078.85,388.508
429,3,39,-9.84957,5072.8,398.357
430,3,40,-9.73508,5071.09,407.987
431,3,41,-9.97719,5074.8,417.667
432,3,42,-10.0202,5075.47,427.23
433,3,43,-10.0341,5075.7,436.764
434,3,44,-10.6929,5086.46,447.295
435,3,45,-10.7918,5088.1,456.828
436,3,46,-11.0614,5092.69,466.525
437,3,47,-11.8759,5106.8,478.117
438,3,48,-12.0357,5109.63,487.694
439,3,49,-13.605,5137.88,505.887
440,3,50,-15.1298,5165.83,523.224
441,3,51,-15.9356,5180.87,535.152
442,3,52,-17.3728,5208.18,551.877
443,3,53,-18.8122,5236.01,568.501
444,3,54,-20.0476,5260.3,583.397
445,3,55,-21.3584,5286.52,598.967
446,3,56,-22.3345,5306.37,612.225
447,3,57,-22.8316,5316.64,623.287
448,3,58,-22.7809,5315.57,633.51
449,3,59,-22.9392,5318.95,643.807
450,3,60,-23.1017,5322.47,654.103
451,3,61,-22.8844,5317.69,664.493
452,3,62,-22.3646,5306.08,676.036
453,3,63,-22.0159,5298.18,686.862
454,3,64,-21.4896,5286.07,698.637
455,3,65,-21.0089,5274.86,710.231
456,3,66,-20.7524,5268.79,720.832
457,3,67,-20.3759,5259.75,731.993
458,3,68,-20.1236,5253.61,742.629
459,3,69,-19.6931,5242.99,754.266
460,3,70,-19.202,5230.72,766.454
461,3,71,-19.0482,5226.82,776.834
462,3,72,-18.7517,5219.21,787.829
463,3,73,-18.3231,5208.07,799.827
464,3,74,-17.8092,5194.53,812.748
465,3,75,-17.3714,5182.86,825.01
466,3,76,-16.9319,5170.99,837.386
467,3,77,-16.5896,5161.63,848.983
468,3,78,-16.3494,5154.99,859.922
469,3,79,-15.9633,5144.18,872.08
470,3,80,-15.7031,5136.81,883.234
471,3,81,-15.3013,5125.29,895.761
472,3,82,-14.8263,5111.51,909.309
473,3,83,-14.5447,5103.25,920.784
474,3,84,-14.3899,5098.66,931.444
475,3,85,-14.0806,5089.38,943.316
476,3,86,-13.6257,5075.58,957.161
477,3,87,-13.1562,5061.18,971.329
478,3,88,-12.7063,5047.24,985.267
479,3,89,-12.3826,5037.09,997.551
480,3,90,-12.0069,5025.2,1010.59
481,3,91,-11.7142,5015.83,1022.65
482,3,92,-11.5114,5009.28,1033.9
483,3,93,-11.1431,4997.24,1047.15
484,3,94,-10.7685,4984.88,1060.59
485,3,95,-10.5848,4978.76,1071.79
486,3,96,-10.4056,4972.72,1082.98
487,3,97,-10.1428,4963.79,1095.09
488,3,98,-9.83854,4953.34,1107.86
489,3,99,-9.54052,4943.01,1120.6
490,3,100,-9.25218,4932.92,1133.28
491,3,101,-9.03615,4925.29,1145.04
492,3,102,-8.79544,4916.7,1157.17
493,3,103,-8.57661,4908.82,1169.07
494,3,104,-8.38635,4901.91,1180.68
495,3,105,-8.14715,4893.14,1192.98
496,3,106,-7.89289,4883.73,1205.59
497,3,107,-7.80334,4880.39,1216.38
498,3,108,-7.62768,4873.77,1227.97
499,3,109,-7.39557,4864.95,1240.44
500,3,110,-7.15904,4855.89,1253.05
501,3,111,-6.92101,4846.68,1265.75
502,3,112,-6.73955,4839.61,1277.59
503,3,113,-6.56167,4832.61,1289.43
504,3,114,-6.37544,4825.22,1301.44
505,3,115,-6.24715,4820.09,1312.71
506,3,116,-6.10977,4814.55,1324.11
507,3,117,-5.91709,4806.71,1336.4
508,3,118,-5.72,4798.63,1348.82
509,3,119,-5.63385,4795.07,1359.75
510,3,120,-5.47887,4788.62,1371.54
511,3,121,-5.22957,4778.14,1385.39
512,3,122,-4.9343,4765.64,1400.61
513,3,123,-4.66573,4754.19,1415.09
514,3,124,-4.45443,4745.1,1428.15
515,3,125,-4.28936,4737.95,1440.31
516,3,126,-4.15511,4732.08,1452
517,3,127,-4.06124,4727.95,1463.16
518,3,128,-4.00856,4725.62,1473.98
519,3,129,-3.93408,4722.29,1484.97
520,3,130,-3.80584,4716.52,1496.69
521,3,131,-3.73863,4713.47,1507.63
522,3,132,-3.63264,4708.63,1519.05
523,3,133,-3.41321,4698.54,1533.17
524,3,134,-3.16323,4686.96,1548.38
525,3,135,-2.94953,4676.99,1562.42
526,3,136,-2.77087,4668.59,1575.5
527,3,137,-2.6622,4663.44,1587.1
528,3,138,-2.58696,4659.86,1598.25
529,3,139,-2.51066,4656.2,1609.42
530,3,140,-2.47063,4654.26,1620.24
531,3,141,-2.40865,4651.24,1631.26
532,3,142,-2.30063,4645.95,1642.99
533,3,143,-2.21839,4641.89,1654.3
534,4,13,-29.3945,5153.32,101.335
535,4,14,-15.8173,5058.28,113.717
536,4,15,-5.0528,4979.34,125.441
537,4,16,3.01758,4917.47,136.508
538,4,17,3.85846,4910.74,145.753
539,4,18,5.68357,4895.53,155.079
540,4,19,6.14412,4891.54,164.169
541,4,20,11.7201,4841.36,176.219
542,4,21,9.25026,4864.41,186.056
543,4,22,6.15368,4894.34,196.56
544,4,23,-0.596015,4961.84,212.675
545,4,24,-5.36792,5011.15,225.566
546,4,25,-4.98554,5007.07,235.113
547,4,26,-3.62955,4992.16,244.994
548,4,27,-1.30213,4965.78,255.874
549,4,28,-0.0921538,4951.66,265.792
550,4,29,-0.111726,4951.9,275.225
551,4,30,-1.20812,4965.42,285.164
552,4,31,-3.71059,4997.12,297.744
553,4,32,-6.95458,5039.29,312.717
554,4,33,-8.57709,5060.92,323.777
555,4,34,-10.1509,5082.43,334.935
556,4,35,-12.4034,5113.97,347.996
557,4,36,-11.8561,5106.12,357.925
558,4,37,-10.5545,5087.03,369.04
559,4,38,-10.5871,5087.52,378.731
560,4,39,-10.1336,5080.57,388.618
561,4,40,-9.99761,5078.44,398.278
562,4,41,-10.2386,5082.29,407.971
563,4,42,-10.2704,5082.81,417.557
564,4,43,-10.2726,5082.85,427.113
565,4,44,-10.9519,5094.4,437.61
566,4,45,-11.0431,5095.98,447.158
567,4,46,-11.3136,5100.76,456.854
568,4,47,-12.1536,5115.88,468.368
569,4,48,-12.3081,5118.71,477.95
570,4,49,-13.9339,5149.06,495.89
571,4,50,-15.5096,5178.99,512.998
572,4,51,-16.3331,5194.92,524.832
573,4,52,-17.8127,5224.02,541.348
574,4,53,-19.2921,5253.6,557.769
575,4,54,-20.5571,5279.33,572.499
576,4,55,-21.8988,5307.05,587.893
577,4,56,-22.8913,5327.9,601.024
578,4,57,-23.3862,5338.45,612.02
579,4,58,-23.3135,5336.88,622.252
580,4,59,-23.4584,5340.07,632.526
581,4,60,-23.6084,5343.42,642.797
582,4,61,-23.3661,5337.92,653.222
583,4,62,-22.8124,5325.19,664.849
584,4,63,-22.4372,5316.43,675.731
585,4,64,-21.8798,5303.24,687.588
586,4,65,-21.371,5291.03,699.252
587,4,66,-21.0948,5284.31,709.894
588,4,67,-20.6958,5274.47,721.109
589,4,68,-20.426,5267.72,731.785
590,4,69,-19.9732,5256.25,743.479
591,4,70,-19.4591,5243.06,755.726
592,4,71,-19.2932,5238.74,766.133
593,4,72,-18.9811,5230.52,777.167
594,4,73,-18.5337,5218.59,789.212
595,4,74,-17.9993,5204.17,802.178
596,4,75,-17.5441,5191.72,814.477
597,4,76,-17.0879,5179.1,826.886
598,4,77,-16.732,5169.14,838.511
599,4,78,-16.4816,5162.04,849.475
600,4,79,-16.0819,5150.58,861.656
601,4,80,-15.8119,5142.75,872.832
602,4,81,-15.397,5130.58,885.375
603,4,82,-14.9075,5116.06,898.927
604,4,83,-14.6169,5107.34,910.417
605,4,84,-14.4565,5102.48,921.092
606,4,85,-14.138,5092.71,932.973
607,4,86,-13.6708,5078.23,946.808
608,4,87,-13.189,5063.13,960.958
609,4,88,-12.7278,5048.53,974.877
610,4,89,-12.396,5037.91,987.155
611,4,90,-12.0114,5025.47,1000.18
612,4,91,-11.7119,5015.69,1012.24
613,4,92,-11.5046,5008.85,1023.48
614,4,93,-11.1283,4996.31,1036.71
615,4,94,-10.7458,4983.43,1050.12
616,4,95,-10.5585,4977.06,1061.32
617,4,96,-10.3761,4970.8,1072.51
618,4,97,-10.1083,4961.51,1084.61
619,4,98,-9.79838,4950.67,1097.35
620,4,99,-9.49499,4939.95,1110.07
621,4,100,-9.20164,4929.48,1122.72
622,4,101,-8.98224,4921.59,1134.46
623,4,102,-8.73775,4912.7,1146.58
624,4,103,-8.5157,4904.56,1158.46
625,4,104,-8.32288,4897.43,1170.05
626,4,105,-8.08023,4888.37,1182.33
627,4,106,-7.82233,4878.65,1194.9
628,4,107,-7.73242,4875.24,1205.69
629,4,108,-7.55476,4868.43,1217.27
630,4,109,-7.31965,4859.34,1229.71
631,4,110,-7.08012,4849.99,1242.28
632,4,111,-6.83914,4840.52,1254.95
633,4,112,-6.65586,4833.25,1266.77
634,4,113,-6.47627,4826.06,1278.58
635,4,114,-6.28822,4818.48,1290.56
636,4,115,-6.15919,4813.23,1301.82
637,4,116,-6.02093,4807.56,1313.2
638,4,117,-5.82643,4799.52,1325.46
639,4,118,-5.6275,4791.23,1337.85
640,4,119,-5.54145,4787.62,1348.77
641,4,120,-5.38541,4781.01,1360.53
642,4,121,-5.13347,4770.26,1374.32
643,4,122,-4.83484,4757.42,1389.48
644,4,123,-4.56346,4745.66,1403.9
645,4,124,-4.35035,4736.36,1416.92
646,4,125,-4.18428,4729.05,1429.05
647,4,126,-4.04956,4723.08,1440.71
648,4,127,-3.95588,4718.89,1451.86
649,4,128,-3.90404,4716.56,1462.66
650,4,129,-3.83004,4713.21,1473.64
651,4,130,-3.70141,4707.33,1485.33
652,4,131,-3.63479,4704.27,1496.26
653,4,132,-3.52877,4699.35,1507.66
654,4,133,-3.30756,4689.03,1521.72
655,4,134,-3.05538,4677.18,1536.88
656,4,135,-2.84007,4666.99,1550.86
657,4,136,-2.66037,4658.42,1563.89
658,4,137,-2.55173,4653.21,1575.47
659,4,138,-2.47701,4649.6,1586.6
660,4,139,-2.40121,4645.91,1597.74
661,4,140,-2.36218,4643.99,1608.56
662,4,141,-2.30088,4640.97,1619.56
663,4,142,-2.19286,4635.61,1631.26
664,4,143,-2.11098,4631.51,1642.55
665,5,14,-8.45818,4977.33,103.729
666,5,15,2.92545,4886.26,114.898
667,5,16,11.0112,4818.88,125.477
668,5,17,10.7516,4821.13,134.641
669,5,18,11.8527,4811.22,143.77
670,5,19,11.5521,4814.03,152.771
671,5,20,17.1491,4759.92,164.332
672,5,21,13.75,4793.91,174.531
673,5,22,9.80939,4834.63,185.502
674,5,23,1.96439,4918.31,202.387
675,5,24,-3.54075,4978.87,215.54
676,5,25,-3.29597,4976.1,225.099
677,5,26,-1.9703,4960.63,234.916
678,5,27,0.415217,4932,245.632
679,5,28,1.58291,4917.6,255.462
680,5,29,1.42777,4919.57,264.911
681,5,30,0.128615,4936.46,274.964
682,5,31,-2.65824,4973.62,287.735
683,5,32,-6.20911,5022.14,302.82
684,5,33,-7.99493,5047.14,313.949
685,5,34,-9.71246,5071.76,325.157
686,5,35,-12.1386,5107.35,338.215
687,5,36,-11.5736,5098.87,348.156
688,5,37,-10.2102,5077.97,359.223
689,5,38,-10.2651,5078.83,368.944
690,5,39,-9.80406,5071.45,378.835
691,5,40,-9.67878,5069.4,388.516
692,5,41,-9.95007,5073.92,398.243
693,5,42,-9.99874,5074.75,407.854
694,5,43,-10.0149,5075.03,417.435
695,5,44,-10.7411,5087.86,427.967
696,5,45,-10.847,5089.77,437.542
697,5,46,-11.1397,5095.13,447.269
698,5,47,-12.0269,5111.7,458.794
699,5,48,-12.1942,5114.87,468.402
700,5,49,-13.8973,5147.8,486.217
701,5,50,-15.5431,5180.17,503.19
702,5,51,-16.4002,5197.31,514.993
703,5,52,-17.9387,5228.59,531.363
704,5,53,-19.4733,5260.31,547.629
705,5,54,-20.7817,5287.78,562.239
706,5,55,-22.1672,5317.34,577.493
707,5,56,-23.1875,5339.45,590.535
708,5,57,-23.69,5350.5,601.501
709,5,58,-23.6033,5348.57,611.752
710,5,59,-23.7429,5351.73,622.028
711,5,60,-23.8881,5355.07,632.299
712,5,61,-23.6275,5348.99,642.754
713,5,62,-23.0457,5335.22,654.421
714,5,63,-22.6498,5325.72,665.335
715,5,64,-22.0668,5311.53,677.223
716,5,65,-21.5351,5298.42,688.914
717,5,66,-21.2448,5291.16,699.58
718,5,67,-20.8284,5280.61,710.818
719,5,68,-20.5459,5273.36,721.516
720,5,69,-20.0756,5261.13,733.226
721,5,70,-19.5428,5247.1,745.481
722,5,71,-19.3694,5242.48,755.905
723,5,72,-19.0459,5233.74,766.953
724,5,73,-18.5836,5221.11,779
725,5,74,-18.0326,5205.86,791.954
726,5,75,-17.5636,5192.73,804.245
727,5,76,-17.0942,5179.43,816.641
728,5,77,-16.7284,5168.94,828.262
729,5,78,-16.4713,5161.49,839.229
730,5,79,-16.0612,5149.46,851.395
731,5,80,-15.7846,5141.25,862.567
732,5,81,-15.3597,5128.51,875.085
733,5,82,-14.8586,5113.31,888.595
734,5,83,-14.5619,5104.21,900.072
735,5,84,-14.3988,5099.15,910.749
736,5,85,-14.0739,5088.97,922.608
737,5,86,-13.5968,5073.86,936.391
738,5,87,-13.1052,5058.13,950.482
739,5,88,-12.635,5042.93,964.343
740,5,89,-12.2976,5031.91,976.588
741,5,90,-11.9064,5019,989.564
742,5,91,-11.6024,5008.86,1001.59
743,5,92,-11.3929,5001.81,1012.82
744,5,93,-11.0106,4988.81,1025.99
745,5,94,-10.6222,4975.48,1039.35
746,5,95,-10.4336,4968.94,1050.53
747,5,96,-10.2498,4962.51,1061.7
748,5,97,-9.97906,4952.94,1073.76
749,5,98,-9.66528,4941.75,1086.45
750,5,99,-9.3583,4930.7,1099.12
751,5,100,-9.06169,4919.92,1111.73
752,5,101,-8.84065,4911.82,1123.44
753,5,102,-8.59406,4902.69,1135.51
754,5,103,-8.37043,4894.34,1147.36
755,5,104,-8.17666,4887.04,1158.91
756,5,105,-7.9321,4877.75,1171.15
757,5,106,-7.67205,4867.78,1183.68
758,5,107,-7.58331,4864.35,1194.45
759,5,108,-7.4051,4857.4,1206
760,5,109,-7.16836,4848.09,1218.39
761,5,110,-6.92717,4838.52,1230.91
762,5,111,-6.68455,4828.82,1243.53
763,5,112,-6.50073,4821.4,1255.31
764,5,113,-6.32069,4814.08,1267.08
765,5,114,-6.13205,4806.35,1279.02
766,5,115,-6.00351,4801.03,1290.25
767,5,116,-5.86556,4795.29,1301.6
768,5,117,-5.67037,4787.09,1313.81
769,5,118,-5.47068,4778.64,1326.15
770,5,119,-5.38587,4775.02,1337.05
771,5,120,-5.22982,4768.31,1348.77
772,5,121,-4.97623,4757.32,1362.5
773,5,122,-4.67521,4744.17,1377.59
774,5,123,-4.40194,4732.15,1391.94
775,5,124,-4.18798,4722.66,1404.9
776,5,125,-4.02185,4715.24,1416.99
777,5,126,-3.88758,4709.2,1428.6
778,5,127,-3.79501,4705,1439.73
779,5,128,-3.74493,4702.72,1450.51
780,5,129,-3.67229,4699.38,1461.46
781,5,130,-3.54413,4693.44,1473.11
782,5,131,-3.47893,4690.4,1484.01
783,5,132,-3.37369,4685.45,1495.38
784,5,133,-3.15145,4674.93,1509.38
785,5,134,-2.89779,4662.84,1524.47
786,5,135,-2.6816,4652.46,1538.39
787,5,136,-2.50158,4643.76,1551.37
788,5,137,-2.3937,4638.51,1562.91
789,5,138,-2.32023,4634.91,1574.01
790,5,139,-2.24562,4631.23,1585.12
791,5,140,-2.20831,4629.38,1595.92
792,5,141,-2.14836,4626.38,1606.89
793,5,142,-2.04098,4620.97,1618.55
794,5,143,-1.96011,4616.88,1629.8
795,6,15,11.2327,4786.58,104.674
796,6,16,19.2782,4714.17,114.835
797,6,17,17.5976,4729.85,124.034
798,6,18,17.8148,4727.75,133.077
799,6,19,16.6196,4739.71,142.104
800,6,20,22.2871,4681.14,153.188
801,6,21,17.8209,4728.78,163.822
802,6,22,12.9377,4782.5,175.236
803,6,23,3.87348,4885.22,192.547
804,6,24,-2.41211,4958.56,205.798
805,6,25,-2.25571,4956.68,215.399
806,6,26,-0.902857,4939.99,225.206
807,6,27,1.60248,4908.26,235.823
808,6,28,2.76848,4893.1,245.621
809,6,29,2.50161,4896.66,255.11
810,6,30,1.01262,4917.01,265.251
811,6,31,-2.05662,4959.98,278.085
812,6,32,-5.91508,5015.28,293.119
813,6,33,-7.84945,5043.65,304.258
814,6,34,-9.69547,5071.34,315.46
815,6,35,-12.2845,5111.04,328.433
816,6,36,-11.6736,5101.47,338.407
817,6,37,-10.2188,5078.19,349.472
818,6,38,-10.2764,5079.14,359.225
819,6,39,-9.78764,5070.99,369.142
820,6,40,-9.65613,5068.75,378.852
821,6,41,-9.94376,5073.74,388.606
822,6,42,-9.9954,5074.65,398.246
823,6,43,-10.0126,5074.96,407.855
824,6,44,-10.7761,5088.96,418.386
825,6,45,-10.8856,5091,427.986
826,6,46,-11.1907,5096.8,437.731
827,6,47,-12.1177,5114.72,449.22
828,6,48,-12.2886,5118.08,458.846
829,6,49,-14.0648,5153.61,476.454
830,6,50,-15.7763,5188.41,493.23
831,6,51,-16.6605,5206.68,504.969
832,6,52,-18.2534,5240.13,521.15
833,6,53,-19.8389,5273.96,537.23
834,6,54,-21.1857,5303.14,551.691
835,6,55,-22.6105,5334.48,566.782
836,6,56,-23.6534,5357.77,579.713
837,6,57,-24.1573,5369.19,590.632
838,6,58,-24.0497,5366.72,600.901
839,6,59,-24.1779,5369.71,611.17
840,6,60,-24.3126,5372.9,621.431
841,6,61,-24.0275,5366.06,631.922
842,6,62,-23.4113,5351.06,643.654
843,6,63,-22.9892,5340.65,654.616
844,6,64,-22.3748,5325.29,666.562
845,6,65,-21.8152,5311.11,678.304
846,6,66,-21.5062,5303.18,689.005
847,6,67,-21.0679,5291.79,700.283
848,6,68,-20.7689,5283.91,711.013
849,6,69,-20.2769,5270.79,722.76
850,6,70,-19.7215,5255.8,735.047
851,6,71,-19.5375,5250.77,745.495
852,6,72,-19.1992,5241.41,756.57
853,6,73,-18.7189,5227.96,768.641
854,6,74,-18.1479,5211.78,781.608
855,6,75,-17.6622,5197.86,793.913
856,6,76,-17.1768,5183.78,806.318
857,6,77,-16.7986,5172.69,817.95
858,6,78,-16.5326,5164.8,828.93
859,6,79,-16.1097,5152.11,841.098
860,6,80,-15.8244,5143.46,852.28
861,6,81,-15.3872,5130.05,864.791
862,6,82,-14.8724,5114.09,878.28
863,6,83,-14.5678,5104.54,889.757
864,6,84,-14.4004,5099.25,900.443
865,6,85,-14.0674,5088.59,912.295
866,6,86,-13.5787,5072.79,926.043
867,6,87,-13.0755,5056.35,940.093
868,6,88,-12.5947,5040.48,953.913
869,6,89,-12.2502,5029,966.138
870,6,90,-11.8509,5015.56,979.081
871,6,91,-11.5411,5005.02,991.088
872,6,92,-11.3282,4997.71,1002.3
873,6,93,-10.9387,4984.21,1015.44
874,6,94,-10.5432,4970.37,1028.76
875,6,95,-10.3521,4963.62,1039.93
876,6,96,-10.1661,4956.98,1051.08
877,6,97,-9.8913,4947.09,1063.12
878,6,98,-9.57266,4935.51,1075.77
879,6,99,-9.26112,4924.09,1088.41
880,6,100,-8.96031,4912.96,1100.97
881,6,101,-8.73678,4904.61,1112.66
882,6,102,-8.48725,4895.22,1124.7
883,6,103,-8.26123,4886.63,1136.52
884,6,104,-8.06575,4879.13,1148.06
885,6,105,-7.81852,4869.57,1160.26
886,6,106,-7.55557,4859.32,1172.75
887,6,107,-7.46737,4855.85,1183.51
888,6,108,-7.28795,4848.73,1195.03
889,6,109,-7.04891,4839.17,1207.38
890,6,110,-6.8054,4829.35,1219.86
891,6,111,-6.5605,4819.39,1232.44
892,6,112,-6.37556,4811.81,1244.19
893,6,113,-6.19451,4804.32,1255.93
894,6,114,-6.00473,4796.42,1267.83
895,6,115,-5.87616,4791.02,1279.04
896,6,116,-5.73803,4785.17,1290.36
897,6,117,-5.54162,4776.79,1302.53
898,6,118,-5.34068,4768.15,1314.83
899,6,119,-5.25666,4764.51,1325.71
900,6,120,-5.10014,4757.67,1337.41
901,6,121,-4.84442,4746.42,1351.07
902,6,122,-4.54051,4732.95,1366.09
903,6,123,-4.26489,4720.64,1380.38
904,6,124,-4.04963,4710.95,1393.29
905,6,125,-3.88304,4703.4,1405.34
906,6,126,-3.74885,4697.27,1416.92
907,6,127,-3.65703,4693.05,1428.02
908,6,128,-3.60839,4690.79,1438.79
909,6,129,-3.53678,4687.45,1449.72
910,6,130,-3.40873,4681.43,1461.34
911,6,131,-3.34464,4678.4,1472.22
912,6,132,-3.23986,4673.4,1483.56
913,6,133,-3.01624,4662.67,1497.5
914,6,134,-2.76075,4650.32,1512.52
915,6,135,-2.54334,4639.74,1526.39
916,6,136,-2.36268,4630.89,1539.32
917,6,137,-2.25527,4625.59,1550.83
918,6,138,-2.18277,4621.99,1561.9
919,6,139,-2.1091,4618.31,1572.99
920,6,140,-2.07326,4616.5,1583.77
921,6,141,-2.01442,4613.52,1594.72
922,6,142,-1.90743,4608.06,1606.35
923,6,143,-1.82732,4603.95,1617.57
924,7,16,20.4758,4698.6,105.574
925,7,17,18.2718,4720.64,114.886
926,7,18,18.4129,4719.18,124.024
927,7,19,16.9418,4734.87,133.141
928,7,20,23.373,4664.13,144.094
929,7,21,18.1664,4723.14,154.76
930,7,22,12.6297,4787.73,166.102
931,7,23,2.53529,4908.86,182.892
932,7,24,-4.3,4993.17,195.845
933,7,25,-3.92842,4988.46,205.497
934,7,26,-2.27301,4966.94,215.392
935,7,27,0.601429,4928.61,226.103
936,7,28,1.96443,4909.99,235.971
937,7,29,1.74427,4913.07,245.493
938,7,30,0.194304,4935.28,255.591
939,7,31,-3.055,4982.94,268.214
940,7,32,-7.13347,5044.12,282.928
941,7,33,-9.12088,5074.59,293.935
942,7,34,-11.0079,5104.16,304.994
943,7,35,-13.685,5146.99,317.736
944,7,36,-12.94,5134.82,327.775
945,7,37,-11.3096,5107.65,338.975
946,7,38,-11.3027,5107.53,348.735
947,7,39,-10.7221,5097.47,358.709
948,7,40,-10.5279,5094.03,368.443
949,7,41,-10.7821,5098.61,378.179
950,7,42,-10.7901,5098.76,387.823
951,7,43,-10.7652,5098.29,397.439
952,7,44,-11.5293,5112.81,407.88
953,7,45,-11.6058,5114.29,417.471
954,7,46,-11.8902,5119.88,427.176
955,7,47,-12.8283,5138.64,438.53
956,7,48,-12.9734,5141.6,448.129
957,7,49,-14.8004,5179.35,465.485
958,7,50,-16.5562,5216.23,482.03
959,7,51,-17.4451,5235.19,493.635
960,7,52,-19.0732,5270.46,509.609
961,7,53,-20.6912,5306.06,525.49
962,7,54,-22.0586,5336.6,539.776
963,7,55,-23.5059,5369.4,554.689
964,7,56,-24.5548,5393.53,567.471
965,7,57,-25.043,5404.92,578.294
966,7,58,-24.8972,5401.47,588.567
967,7,59,-24.9983,5403.9,598.793
968,7,60,-25.1076,5406.56,609.009
969,7,61,-24.7833,5398.55,619.55
970,7,62,-24.118,5381.92,631.429
971,7,63,-23.6563,5370.23,642.479
972,7,64,-22.9978,5353.32,654.566
973,7,65,-22.3981,5337.73,666.43
974,7,66,-22.0593,5328.81,677.189
975,7,67,-21.5885,5316.26,688.557
976,7,68,-21.2631,5307.47,699.344
977,7,69,-20.7397,5293.17,711.192
978,7,70,-20.1525,5276.92,723.591
979,7,71,-19.9496,5271.24,734.071
980,7,72,-19.5886,5261.01,745.209
981,7,73,-19.0823,5246.5,757.369
982,7,74,-18.4838,5229.14,770.436
983,7,75,-17.9743,5214.19,782.818
984,7,76,-17.4662,5199.12,795.295
985,7,77,-17.0691,5187.21,806.983
986,7,78,-16.7882,5178.69,818.004
987,7,79,-16.3467,5165.15,830.228
988,7,80,-16.0474,5155.87,841.449
989,7,81,-15.5926,5141.62,854.011
990,7,82,-15.0588,5124.72,867.547
991,7,83,-14.7414,5114.56,879.058
992,7,84,-14.5653,5108.86,889.768
993,7,85,-14.2197,5097.57,901.653
994,7,86,-13.7149,5080.92,915.429
995,7,87,-13.196,5063.62,929.5
996,7,88,-12.7005,5046.94,943.335
997,7,89,-12.3452,5034.86,955.576
998,7,90,-11.9341,5020.74,968.53
999,7,91,-11.615,5009.68,980.55
1000,7,92,-11.3955,5002,991.781
1001,7,93,-10.9955,4987.86,1004.92
1002,7,94,-10.5897,4973.39,1018.23
1003,7,95,-10.3933,4966.32,1029.41
1004,7,96,-10.2022,4959.38,1040.58
1005,7,97,-9.92056,4949.05,1052.62
1006,7,98,-9.59436,4936.98,1065.27
1007,7,99,-9.27565,4925.08,1077.9
1008,7,100,-8.96814,4913.5,1090.45
1009,7,101,-8.73973,4904.82,1102.14
1010,7,102,-8.48494,4895.05,1114.18
1011,7,103,-8.25431,4886.14,1125.99
1012,7,104,-8.05498,4878.36,1137.52
1013,7,105,-7.80297,4868.45,1149.71
1014,7,106,-7.53507,4857.82,1162.19
1015,7,107,-7.44554,4854.24,1172.96
1016,7,108,-7.26303,4846.88,1184.47
1017,7,109,-7.01983,4836.99,1196.81
1018,7,110,-6.7722,4826.84,1209.28
1019,7,111,-6.52326,4816.55,1221.83
1020,7,112,-6.33554,4808.73,1233.57
1021,7,113,-6.15185,4801.01,1245.3
1022,7,114,-5.95934,4792.86,1257.19
1023,7,115,-5.82925,4787.31,1268.39
1024,7,116,-5.68946,4781.3,1279.71
1025,7,117,-5.49039,4772.67,1291.85
1026,7,118,-5.28677,4763.78,1304.13
1027,7,119,-5.20222,4760.06,1315.01
1028,7,120,-5.04391,4753.04,1326.69
1029,7,121,-4.78472,4741.47,1340.32
1030,7,122,-4.4766,4727.6,1355.28
1031,7,123,-4.19736,4714.94,1369.52
1032,7,124,-3.9796,4705,1382.4
1033,7,125,-3.81139,4697.26,1394.43
1034,7,126,-3.67615,4690.99,1406
1035,7,127,-3.58402,4686.69,1417.09
1036,7,128,-3.53577,4684.43,1427.86
1037,7,129,-3.46418,4681.04,1438.78
1038,7,130,-3.33523,4674.89,1450.38
1039,7,131,-3.2713,4671.82,1461.26
1040,7,132,-3.16602,4666.73,1472.58
1041,7,133,-2.94004,4655.74,1486.48
1042,7,134,-2.68175,4643.08,1501.45
1043,7,135,-2.46219,4632.25,1515.27
1044,7,136,-2.28,4623.2,1528.16
1045,7,137,-2.17221,4617.81,1539.65
1046,7,138,-2.09988,4614.17,1550.71
1047,7,139,-2.02634,4610.44,1561.79
1048,7,140,-1.9912,4608.65,1572.57
1049,7,141,-1.93271,4605.65,1583.51
1050,7,142,-1.82534,4600.1,1595.11
1051,7,143,-1.74527,4595.94,1606.32
1052,8,17,25.9224,4613.53,104.816
1053,8,18,24.6982,4627,114.004
1054,8,19,21.9343,4658.32,123.254
1055,8,20,28.5868,4580.71,133.807
1056,8,21,21.8916,4661.05,144.866
1057,8,22,15.12,4744.57,156.496
1058,8,23,3.4525,4892.36,173.268
1059,8,24,-4.29485,4993.07,186.143
1060,8,25,-3.88256,4987.57,195.856
1061,8,26,-2.05772,4962.63,205.789
1062,8,27,1.08263,4918.67,216.474
1063,8,28,2.52961,4897.93,226.357
1064,8,29,2.23806,4902.21,235.93
1065,8,30,0.510375,4928.12,246.075
1066,8,31,-3.03604,4982.5,258.641
1067,8,32,-7.44231,5051.53,273.173
1068,8,33,-9.55884,5085.39,284.138
1069,8,34,-11.5532,5117.97,295.141
1070,8,35,-14.3826,5165.13,307.735
1071,8,36,-13.5381,5150.77,317.827
1072,8,37,-11.7592,5119.93,329.075
1073,8,38,-11.7228,5119.29,338.867
1074,8,39,-11.0796,5107.71,348.884
1075,8,40,-10.852,5103.54,358.653
1076,8,41,-11.1021,5108.21,368.408
1077,8,42,-11.0922,5108.02,378.079
1078,8,43,-11.0492,5107.19,387.722
1079,8,44,-11.8392,5122.73,398.135
1080,8,45,-11.9035,5124.01,407.747
1081,8,46,-12.1871,5129.78,417.457
1082,8,47,-13.1573,5149.83,428.739
1083,8,48,-13.2935,5152.69,438.348
1084,8,49,-15.1922,5193.2,455.453
1085,8,50,-17.0115,5232.61,471.77
1086,8,51,-17.9201,5252.6,483.286
1087,8,52,-19.5994,5290.11,499.051
1088,8,53,-21.2649,5327.86,514.728
1089,8,54,-22.6661,5360.09,528.849
1090,8,55,-24.1484,5394.67,543.586
1091,8,56,-25.2138,5419.89,556.241
1092,8,57,-25.6953,5431.44,567.004
1093,8,58,-25.5181,5427.13,577.297
1094,8,59,-25.5993,5429.14,587.51
1095,8,60,-25.69,5431.4,597.711
1096,8,61,-25.332,5422.34,608.301
1097,8,62,-24.6227,5404.13,620.279
1098,8,63,-24.1264,5391.23,631.396
1099,8,64,-23.4283,5372.84,643.573
1100,8,65,-22.7931,5355.9,655.514
1101,8,66,-22.4294,5346.08,666.32
1102,8,67,-21.9306,5332.45,677.746
1103,8,68,-21.5833,5322.84,688.576
1104,8,69,-21.0327,5307.42,700.482
1105,8,70,-20.4176,5290,712.936
1106,8,71,-20.2,5283.76,723.446
1107,8,72,-19.8202,5272.74,734.623
1108,8,73,-19.2916,5257.24,746.825
1109,8,74,-18.669,5238.77,759.928
1110,8,75,-18.1391,5222.87,772.34
1111,8,76,-17.6114,5206.86,784.842
1112,8,77,-17.1988,5194.21,796.553
1113,8,78,-16.9063,5185.14,807.596
1114,8,79,-16.4493,5170.82,819.835
1115,8,80,-16.139,5161,831.074
1116,8,81,-15.6694,5145.97,843.642
1117,8,82,-15.1194,5128.19,857.172
1118,8,83,-14.792,5117.49,868.693
1119,8,84,-14.61,5111.49,879.416
1120,8,85,-14.2544,5099.63,891.303
1121,8,86,-13.736,5082.18,905.059
1122,8,87,-13.2035,5064.08,919.101
1123,8,88,-12.6956,5046.64,932.907
1124,8,89,-12.3317,5034.02,945.137
1125,8,90,-11.911,5019.3,958.068
1126,8,91,-11.585,5007.78,970.076
1127,8,92,-11.361,4999.79,981.304
1128,8,93,-10.9525,4985.08,994.415
1129,8,94,-10.5383,4970.04,1007.69
1130,8,95,-10.3386,4962.71,1018.86
1131,8,96,-10.1445,4955.53,1030.03
1132,8,97,-9.85787,4944.83,1042.05
1133,8,98,-9.52588,4932.32,1054.67
1134,8,99,-9.20173,4920.01,1067.26
1135,8,100,-8.88919,4908.03,1079.79
1136,8,101,-8.6576,4899.07,1091.46
1137,8,102,-8.39918,4888.99,1103.47
1138,8,103,-8.16553,4879.8,1115.26
1139,8,104,-7.96392,4871.81,1126.78
1140,8,105,-7.70863,4861.59,1138.94
1141,8,106,-7.43722,4850.65,1151.38
1142,8,107,-7.34786,4847.01,1162.15
1143,8,108,-7.16367,4839.46,1173.64
1144,8,109,-6.91765,4829.29,1185.94
1145,8,110,-6.66719,4818.86,1198.37
1146,8,111,-6.41549,4808.28,1210.89
1147,8,112,-6.22624,4800.27,1222.6
1148,8,113,-6.04115,4792.38,1234.3
1149,8,114,-5.84711,4784.03,1246.17
1150,8,115,-5.71669,4778.38,1257.35
1151,8,116,-5.57639,4772.25,1268.65
1152,8,117,-5.37576,4763.43,1280.76
1153,8,118,-5.17054,4754.33,1293
1154,8,119,-5.08655,4750.58,1303.87
1155,8,120,-4.92749,4743.42,1315.52
1156,8,121,-4.66579,4731.56,1329.1
1157,8,122,-4.35438,4717.33,1343.99
1158,8,123,-4.07244,4704.37,1358.17
1159,8,124,-3.85309,4694.2,1371
1160,8,125,-3.68417,4686.32,1382.99
1161,8,126,-3.5488,4679.96,1394.53
1162,8,127,-3.45725,4675.62,1405.6
1163,8,128,-3.41031,4673.39,1416.36
1164,8,129,-3.3396,4669.99,1427.27
1165,8,130,-3.21058,4663.76,1438.85
1166,8,131,-3.14763,4660.69,1449.71
1167,8,132,-3.04264,4655.55,1461
1168,8,133,-2.81504,4644.32,1474.85
1169,8,134,-2.55464,4631.39,1489.75
1170,8,135,-2.33364,4620.34,1503.51
1171,8,136,-2.15062,4611.12,1516.36
1172,8,137,-2.04316,4605.68,1527.82
1173,8,138,-1.97169,4602.03,1538.86
1174,8,139,-1.89899,4598.3,1549.92
1175,8,140,-1.86524,4596.56,1560.68
1176,8,141,-1.80774,4593.57,1571.61
1177,8,142,-1.70064,4587.96,1583.18
1178,8,143,-1.62122,4583.78,1594.36
1179,9,18,22.7927,4655.58,104.785
1180,9,19,19.8727,4690.62,114.082
1181,9,20,27.9776,4590.66,124.697
1182,9,21,20.3462,4687.32,135.616
1183,9,22,12.8279,4785.06,146.998
1184,9,23,-0.0896429,4957.29,163.092
1185,9,24,-8.36265,5070.36,175.577
1186,9,25,-7.42328,5057.21,185.341
1187,9,26,-5.00227,5022.51,195.403
1188,9,27,-1.2214,4967.05,206.273
1189,9,28,0.600677,4939.72,216.259
1190,9,29,0.465065,4941.8,225.848
1191,9,30,-1.2585,4968.8,235.901
1192,9,31,-4.95949,5028.02,248.194
1193,9,32,-9.57265,5103.37,262.37
1194,9,33,-11.6881,5138.63,273.158
1195,9,34,-13.6721,5172.35,283.976
1196,9,35,-16.5541,5222.31,296.306
1197,9,36,-15.4942,5203.58,306.491
1198,9,37,-13.4576,5166.93,317.956
1199,9,38,-13.3056,5164.14,327.749
1200,9,39,-12.5188,5149.45,337.841
1201,9,40,-12.187,5143.15,347.636
1202,9,41,-12.3714,5146.71,357.355
1203,9,42,-12.2862,5145.04,367.023
1204,9,43,-12.1726,5142.76,376.667
1205,9,44,-12.9441,5158.45,386.962
1206,9,45,-12.952,5158.62,396.552
1207,9,46,-13.1954,5163.73,406.205
1208,9,47,-14.1637,5184.38,417.326
1209,9,48,-14.2563,5186.39,426.893
1210,9,49,-16.2007,5229.17,443.776
1211,9,50,-18.0586,5270.66,459.883
1212,9,51,-18.9607,5291.11,471.244
1213,9,52,-20.6691,5330.4,486.816
1214,9,53,-22.3611,5369.88,502.31
1215,9,54,-23.7755,5403.36,516.253
1216,9,55,-25.2737,5439.31,530.818
1217,9,56,-26.3367,5465.18,543.312
1218,9,57,-26.7919,5476.41,553.962
1219,9,58,-26.5638,5470.7,564.266
1220,9,59,-26.6071,5471.8,574.429
1221,9,60,-26.6626,5473.22,584.577
1222,9,61,-26.2544,5462.61,595.239
1223,9,62,-25.4846,5442.34,607.422
1224,9,63,-24.939,5427.79,618.66
1225,9,64,-24.1869,5407.48,631.03
1226,9,65,-23.5028,5388.78,643.134
1227,9,66,-23.1021,5377.7,654.016
1228,9,67,-22.5636,5362.62,665.559
1229,9,68,-22.1836,5351.85,676.463
1230,9,69,-21.5953,5334.99,688.5
1231,9,70,-20.9422,5316.05,701.098
1232,9,71,-20.701,5308.98,711.647
1233,9,72,-20.2937,5296.89,722.904
1234,9,73,-19.7342,5280.11,735.22
1235,9,74,-19.0794,5260.24,748.451
1236,9,75,-18.5214,5243.13,760.963
1237,9,76,-17.9669,5225.94,773.558
1238,9,77,-17.5321,5212.32,785.338
1239,9,78,-17.2217,5202.49,796.429
1240,9,79,-16.743,5187.17,808.739
1241,9,80,-16.4158,5176.59,820.027
1242,9,81,-15.9258,5160.59,832.66
1243,9,82,-15.354,5141.72,846.256
1244,9,83,-15.0116,5130.3,857.819
1245,9,84,-14.8191,5123.82,868.57
1246,9,85,-14.4487,5111.23,880.498
1247,9,86,-13.9121,5092.8,894.299
1248,9,87,-13.3617,5073.72,908.377
1249,9,88,-12.8371,5055.37,922.211
1250,9,89,-12.4608,5042.07,934.466
1251,9,90,-12.0267,5026.58,947.418
1252,9,91,-11.69,5014.46,959.445
1253,9,92,-11.4581,5006.04,970.692
1254,9,93,-11.0377,4990.62,983.814
1255,9,94,-10.612,4974.87,997.097
1256,9,95,-10.406,4967.18,1008.28
1257,9,96,-10.206,4959.65,1019.46
1258,9,97,-9.91147,4948.46,1031.49
1259,9,98,-9.57091,4935.4,1044.11
1260,9,99,-9.23865,4922.55,1056.71
1261,9,100,-8.91851,4910.07,1069.23
1262,9,101,-8.68131,4900.74,1080.91
1263,9,102,-8.41689,4890.25,1092.92
1264,9,103,-8.17795,4880.69,1104.71
1265,9,104,-7.97188,4872.38,1116.23
1266,9,105,-7.71116,4861.78,1128.38
1267,9,106,-7.43416,4850.42,1140.82
1268,9,107,-7.34305,4846.66,1151.59
1269,9,108,-7.15527,4838.83,1163.09
1270,9,109,-6.90455,4828.3,1175.38
1271,9,110,-6.64944,4817.5,1187.79
1272,9,111,-6.39319,4806.57,1200.3
1273,9,112,-6.20074,4798.29,1212
1274,9,113,-6.0126,4790.14,1223.7
1275,9,114,-5.81544,4781.53,1235.55
1276,9,115,-5.68317,4775.71,1246.73
1277,9,116,-5.5409,4769.4,1258.02
1278,9,117,-5.33724,4760.31,1270.12
1279,9,118,-5.12899,4750.94,1282.35
1280,9,119,-5.04424,4747.09,1293.22
1281,9,120,-4.88309,4739.73,1304.86
1282,9,121,-4.61755,4727.52,1318.4
1283,9,122,-4.30152,4712.88,1333.24
1284,9,123,-4.01559,4699.53,1347.38
1285,9,124,-3.79344,4689.09,1360.18
1286,9,125,-3.62265,4681.01,1372.15
1287,9,126,-3.48603,4674.5,1383.68
1288,9,127,-3.394,4670.08,1394.75
1289,9,128,-3.34732,4667.82,1405.51
1290,9,129,-3.27649,4664.38,1416.42
1291,9,130,-3.14639,4658,1427.98
1292,9,131,-3.08346,4654.9,1438.84
1293,9,132,-2.97781,4649.65,1450.12
1294,9,133,-2.7476,4638.14,1463.92
1295,9,134,-2.48415,4624.88,1478.77
1296,9,135,-2.26078,4613.56,1492.49
1297,9,136,-2.07604,4604.14,1505.31
1298,9,137,-1.96806,4598.6,1516.75
1299,9,138,-1.89665,4594.91,1527.78
1300,9,139,-1.82398,4591.13,1538.83
1301,9,140,-1.79086,4589.39,1549.6
1302,9,141,-1.73362,4586.38,1560.52
1303,9,142,-1.62602,4580.68,1572.07
1304,9,143,-1.54653,4576.44,1583.24
1305,10,19,31.3745,4506.59,102.774
1306,10,20,38.8618,4409.25,112.79
1307,10,21,28.1444,4552.15,124.617
1308,10,22,18.2698,4687.11,136.645
1309,10,23,2.72945,4904.67,153.161
1310,10,24,-7.0225,5044.45,165.724
1311,10,25,-6.13324,5031.41,175.539
1312,10,26,-3.57917,4993.1,185.594
1313,10,27,0.463674,4931.11,196.362
1314,10,28,2.30018,4902.33,206.318
1315,10,29,1.98105,4907.44,215.955
1316,10,30,-0.051039,4940.63,226.102
1317,10,31,-4.19825,5009.75,238.458
1318,10,32,-9.27875,5096.12,252.58
1319,10,33,-11.595,5136.27,263.385
1320,10,34,-13.7452,5174.25,274.205
1321,10,35,-16.8432,5230.02,286.457
1322,10,36,-15.6834,5208.76,296.68
1323,10,37,-13.4878,5167.77,308.136
1324,10,38,-13.3233,5164.64,317.966
1325,10,39,-12.4828,5148.4,328.082
1326,10,40,-12.1319,5141.5,337.908
1327,10,41,-12.3313,5145.48,347.66
1328,10,42,-12.2434,5143.7,357.36
1329,10,43,-12.1256,5141.26,367.034
1330,10,44,-12.9438,5158.44,377.341
1331,10,45,-12.9523,5158.62,386.962
1332,10,46,-13.2088,5164.18,396.64
1333,10,47,-14.2273,5186.59,407.742
1334,10,48,-14.3215,5188.69,417.334
1335,10,49,-16.3598,5234.89,434.027
1336,10,50,-18.3006,5279.53,449.952
1337,10,51,-19.2341,5301.31,461.263
1338,10,52,-21.0092,5343.32,476.657
1339,10,53,-22.7626,5385.41,491.971
1340,10,54,-24.2221,5420.92,505.774
1341,10,55,-25.766,5459,520.18
1342,10,56,-26.8532,5486.18,532.572
1343,10,57,-27.3059,5497.65,543.187
1344,10,58,-27.0476,5491.02,553.522
1345,10,59,-27.0733,5491.69,563.692
1346,10,60,-27.1126,5492.73,573.843
1347,10,61,-26.6714,5480.96,584.553
1348,10,62,-25.8568,5458.97,596.806
1349,10,63,-25.2772,5443.12,608.096
1350,10,64,-24.4855,5421.22,620.52
1351,10,65,-23.7662,5401.08,632.668
1352,10,66,-23.3423,5389.07,643.585
1353,10,67,-22.7769,5372.86,655.163
1354,10,68,-22.3768,5361.26,666.096
1355,10,69,-21.7625,5343.24,678.16
1356,10,70,-21.0824,5323.06,690.775
1357,10,71,-20.829,5315.46,701.346
1358,10,72,-20.4047,5302.59,712.622
1359,10,73,-19.8242,5284.79,724.945
1360,10,74,-19.1465,5263.78,738.169
1361,10,75,-18.5695,5245.7,750.677
1362,10,76,-17.9971,5227.57,763.263
1363,10,77,-17.5486,5213.22,775.04
1364,10,78,-17.2288,5202.88,786.137
1365,10,79,-16.7361,5186.79,798.433
1366,10,80,-16.4,5175.69,809.719
1367,10,81,-15.8968,5158.92,822.329
1368,10,82,-15.3101,5139.17,835.884
1369,10,83,-14.9596,5127.25,847.435
1370,10,84,-14.7633,5120.51,858.188
1371,10,85,-14.3847,5107.39,870.097
1372,10,86,-13.8358,5088.18,883.845
1373,10,87,-13.2732,5068.3,897.865
1374,10,88,-12.7377,5049.2,911.642
1375,10,89,-12.3544,5035.4,923.865
1376,10,90,-11.9122,5019.33,936.771
1377,10,91,-11.5701,5006.79,948.767
1378,10,92,-11.3355,4998.11,959.998
1379,10,93,-10.908,4982.15,973.068
1380,10,94,-10.4753,4965.85,986.296
1381,10,95,-10.2677,4957.96,997.466
1382,10,96,-10.0663,4950.24,1008.63
1383,10,97,-9.76825,4938.72,1020.62
1384,10,98,-9.42326,4925.26,1033.19
1385,10,99,-9.08689,4912.03,1045.74
1386,10,100,-8.76306,4899.19,1058.22
1387,10,101,-8.52408,4889.63,1069.86
1388,10,102,-8.25735,4878.87,1081.84
1389,10,103,-8.01672,4869.08,1093.59
1390,10,104,-7.80971,4860.6,1105.08
1391,10,105,-7.54694,4849.74,1117.19
1392,10,106,-7.26761,4838.1,1129.58
1393,10,107,-7.17804,4834.33,1140.34
1394,10,108,-6.9898,4826.37,1151.8
1395,10,109,-6.73737,4815.6,1164.04
1396,10,110,-6.48052,4804.55,1176.41
1397,10,111,-6.22256,4793.37,1188.86
1398,10,112,-6.02968,4784.95,1200.53
1399,10,113,-5.84122,4776.66,1212.19
1400,10,114,-5.64357,4767.9,1224
1401,10,115,-5.51205,4762.02,1235.15
1402,10,116,-5.37032,4755.64,1246.42
1403,10,117,-5.16604,4746.38,1258.47
1404,10,118,-4.95711,4736.84,1270.65
1405,10,119,-4.87394,4733.02,1281.49
1406,10,120,-4.71296,4725.56,1293.09
1407,10,121,-4.44571,4713.09,1306.57
1408,10,122,-4.12713,4698.11,1321.34
1409,10,123,-3.83925,4684.49,1335.41
1410,10,124,-3.6163,4673.86,1348.16
1411,10,125,-3.44562,4665.67,1360.09
1412,10,126,-3.30969,4659.1,1371.58
1413,10,127,-3.21909,4654.69,1382.62
1414,10,128,-3.17457,4652.5,1393.36
1415,10,129,-3.10543,4649.09,1404.25
1416,10,130,-2.97601,4642.67,1415.76
1417,10,131,-2.91484,4639.61,1426.6
1418,10,132,-2.81022,4634.34,1437.85
1419,10,133,-2.579,4622.63,1451.59
1420,10,134,-2.31402,4609.11,1466.37
1421,10,135,-2.08981,4597.6,1480.03
1422,10,136,-1.90485,4588.05,1492.79
1423,10,137,-1.79787,4582.48,1504.2
1424,10,138,-1.72799,4578.83,1515.2
1425,10,139,-1.6568,4575.08,1526.22
1426,10,140,-1.62572,4573.43,1536.97
1427,10,141,-1.57011,4570.46,1547.86
1428,10,142,-1.46336,4564.74,1559.38
1429,10,143,-1.38511,4560.51,1570.51
1430,11,20,54.1903,4148.67,98.8899
1431,11,21,38.7373,4365.01,112.859
1432,11,22,25.4514,4555.44,125.971
1433,11,23,6.41538,4834.64,143.113
1434,11,24,-5.25626,5009.71,155.784
1435,11,25,-4.48393,4997.87,165.654
1436,11,26,-1.81676,4956.09,175.707
1437,11,27,2.49436,4887.11,186.375
1438,11,28,4.30929,4857.46,196.307
1439,11,29,3.74509,4866.87,206.001
1440,11,30,1.33338,4907.87,216.25
1441,11,31,-3.34065,4988.88,228.676
1442,11,32,-8.96098,5088.17,242.745
1443,11,33,-11.5062,5133.99,253.568
1444,11,34,-13.843,5176.83,264.391
1445,11,35,-17.1811,5239.14,276.565
1446,11,36,-15.9061,5214.92,286.828
1447,11,37,-13.5314,5169,298.278
1448,11,38,-13.3519,5165.48,308.146
1449,11,39,-12.4516,5147.47,318.287
1450,11,40,-12.0794,5139.9,328.146
1451,11,41,-12.295,5144.36,337.932
1452,11,42,-12.2039,5142.44,347.665
1453,11,43,-12.0813,5139.83,357.37
1454,11,44,-12.9503,5158.66,367.691
1455,11,45,-12.9588,5158.84,377.341
1456,11,46,-13.2293,5164.88,387.046
1457,11,47,-14.3017,5189.19,398.129
1458,11,48,-14.3969,5191.38,407.747
1459,11,49,-16.5359,5241.29,424.25
1460,11,50,-18.5649,5289.31,439.992
1461,11,51,-19.5311,5312.5,451.255
1462,11,52,-21.3766,5357.41,466.47
1463,11,53,-23.1945,5402.25,481.604
1464,11,54,-24.7007,5439.9,495.267
1465,11,55,-26.2919,5480.21,509.515
1466,11,56,-27.4035,5508.75,521.805
1467,11,57,-27.8521,5520.41,532.385
1468,11,58,-27.5602,5512.72,542.754
1469,11,59,-27.566,5512.88,552.932
1470,11,60,-27.5872,5513.45,563.088
1471,11,61,-27.1101,5500.41,573.849
1472,11,62,-26.2473,5476.54,586.173
1473,11,63,-25.6311,5459.28,597.517
1474,11,64,-24.7969,5435.65,609.996
1475,11,65,-24.0402,5413.96,622.191
1476,11,66,-23.5914,5400.94,633.143
1477,11,67,-22.9974,5383.52,644.756
1478,11,68,-22.5759,5371.01,655.72
1479,11,69,-21.934,5351.76,667.809
1480,11,70,-21.2256,5330.27,680.441
1481,11,71,-20.9591,5322.1,691.034
1482,11,72,-20.5169,5308.39,702.329
1483,11,73,-19.9145,5289.51,714.659
1484,11,74,-19.2127,5267.29,727.874
1485,11,75,-18.616,5248.19,740.378
1486,11,76,-18.0248,5229.08,752.953
1487,11,77,-17.5621,5213.96,764.728
1488,11,78,-17.2325,5203.09,775.83
1489,11,79,-16.7254,5186.18,788.111
1490,11,80,-16.3799,5174.55,799.396
1491,11,81,-15.8631,5156.98,811.982
1492,11,82,-15.2611,5136.31,825.495
1493,11,83,-14.9024,5123.88,837.034
1494,11,84,-14.7024,5116.88,847.79
1495,11,85,-14.3153,5103.2,859.678
1496,11,86,-13.7537,5083.17,873.374
1497,11,87,-13.1787,5062.47,887.334
1498,11,88,-12.6318,5042.6,901.054
1499,11,89,-12.2415,5028.29,913.244
1500,11,90,-11.7911,5011.62,926.104
1501,11,91,-11.4435,4998.64,938.07
1502,11,92,-11.2063,4989.71,949.284
1503,11,93,-10.7716,4973.19,962.302
1504,11,94,-10.3319,4956.34,975.475
1505,11,95,-10.1227,4948.25,986.628
1506,11,96,-9.91997,4940.34,997.77
1507,11,97,-9.61848,4928.48,1009.72
1508,11,98,-9.26905,4914.62,1022.25
1509,11,99,-8.92859,4901,1034.75
1510,11,100,-8.60108,4887.79,1047.18
1511,11,101,-8.36041,4878.01,1058.8
1512,11,102,-8.09143,4866.98,1070.73
1513,11,103,-7.8492,4856.97,1082.45
1514,11,104,-7.64135,4848.31,1093.91
1515,11,105,-7.37659,4837.19,1105.98
1516,11,106,-7.09499,4825.27,1118.31
1517,11,107,-7.00713,4821.52,1129.06
1518,11,108,-6.81854,4813.41,1140.49
1519,11,109,-6.56447,4802.4,1152.69
1520,11,110,-6.30594,4791.11,1165.01
1521,11,111,-6.04633,4779.69,1177.41
1522,11,112,-5.85313,4771.12,1189.04
1523,11,113,-5.66443,4762.69,1200.66
1524,11,114,-5.46638,4753.78,1212.43
1525,11,115,-5.33573,4747.86,1223.55
1526,11,116,-5.19465,4741.41,1234.79
1527,11,117,-4.98984,4731.99,1246.79
1528,11,118,-4.78031,4722.28,1258.92
1529,11,119,-4.69885,4718.48,1269.75
1530,11,120,-4.53813,4710.93,1281.31
1531,11,121,-4.26922,4698.2,1294.72
1532,11,122,-3.9481,4682.89,1309.42
1533,11,123,-3.65829,4668.98,1323.42
1534,11,124,-3.43461,4658.17,1336.12
1535,11,125,-3.26412,4649.87,1348
1536,11,126,-3.12897,4643.25,1359.45
1537,11,127,-3.03991,4638.86,1370.46
1538,11,128,-2.99767,4636.76,1381.19
1539,11,129,-2.93035,4633.39,1392.05
1540,11,130,-2.80169,4626.92,1403.53
1541,11,131,-2.74239,4623.91,1414.34
1542,11,132,-2.63888,4618.64,1425.56
1543,11,133,-2.40668,4606.72,1439.23
1544,11,134,-2.14021,4592.95,1453.95
1545,11,135,-1.91519,4581.25,1467.55
1546,11,136,-1.73007,4571.56,1480.25
1547,11,137,-1.62416,4565.98,1491.62
1548,11,138,-1.55589,4562.36,1502.6
1549,11,139,-1.48627,4558.65,1513.59
1550,11,140,-1.45733,4557.1,1524.32
1551,11,141,-1.40345,4554.19,1535.18
1552,11,142,-1.29761,4548.44,1546.66
1553,11,143,-1.22067,4544.23,1557.76
1554,12,21,30.5491,4512.4,102.645
1555,12,22,16.3364,4725.59,115.039
1556,12,23,-4.35315,5042.83,131.402
1557,12,24,-16.1637,5227.86,143.493
1558,12,25,-13.7229,5188.81,153.385
1559,12,26,-9.46821,5119.32,163.655
1560,12,27,-3.66176,5022.54,174.73
1561,12,28,-0.909069,4975.75,184.81
1562,12,29,-0.95614,4976.56,194.433
1563,12,30,-3.12684,5014.91,204.441
1564,12,31,-7.82226,5099.43,216.483
1565,12,32,-13.551,5204.46,230.17
1566,12,33,-15.9104,5248.5,240.695
1567,12,34,-18.0674,5289.48,251.216
1568,12,35,-21.3316,5352.59,263.056
1569,12,36,-19.6225,5318.98,273.49
1570,12,37,-16.7793,5262.11,285.396
1571,12,38,-16.346,5253.3,295.237
1572,12,39,-15.1675,5228.95,305.496
1573,12,40,-14.5823,5216.66,315.371
1574,12,41,-14.6454,5218,325.066
1575,12,42,-14.3968,5212.62,334.762
1576,12,43,-14.1295,5206.74,344.438
1577,12,44,-14.927,5224.55,354.56
1578,12,45,-14.8198,5222.12,364.148
1579,12,46,-14.9993,5226.25,373.73
1580,12,47,-16.033,5250.37,384.588
1581,12,48,-16.0398,5250.53,394.113
1582,12,49,-18.2048,5302.49,410.531
1583,12,50,-20.2523,5352.31,426.154
1584,12,51,-21.1825,5375.25,437.209
1585,12,52,-23.0374,5421.63,452.301
1586,12,53,-24.8628,5467.87,467.308
1587,12,54,-26.3615,5506.34,480.804
1588,12,55,-27.9495,5547.62,494.905
1589,12,56,-29.0369,5576.26,507.007
1590,12,57,-29.4339,5586.85,517.427
1591,12,58,-29.0623,5576.81,527.821
1592,12,59,-29.0058,5575.27,537.927
1593,12,60,-28.9691,5574.25,548.006
1594,12,61,-28.4177,5558.81,558.897
1595,12,62,-27.4697,5531.95,571.583
1596,12,63,-26.7828,5512.26,583.132
1597,12,64,-25.8737,5485.9,595.939
1598,12,65,-25.0491,5461.71,608.404
1599,12,66,-24.5472,5446.82,619.474
1600,12,67,-23.8979,5427.34,631.273
1601,12,68,-23.43,5413.15,642.346
1602,12,69,-22.7365,5391.88,654.643
1603,12,70,-21.9769,5368.33,667.505
1604,12,71,-21.6765,5358.92,678.151
1605,12,72,-21.1963,5343.71,689.563
1606,12,73,-20.5525,5323.11,702.071
1607,12,74,-19.8082,5299.05,715.494
1608,12,75,-19.1742,5278.34,728.154
1609,12,76,-18.5476,5257.66,740.876
1610,12,77,-18.0551,5241.24,752.755
1611,12,78,-17.7009,5229.32,763.924
1612,12,79,-17.1651,5211.1,776.317
1613,12,80,-16.7969,5198.46,787.672
1614,12,81,-16.2534,5179.62,800.365
1615,12,82,-15.6234,5157.57,813.995
1616,12,83,-15.2447,5144.19,825.599
1617,12,84,-15.0298,5136.52,836.39
1618,12,85,-14.6234,5121.89,848.345
1619,12,86,-14.0387,5100.65,862.131
1620,12,87,-13.441,5078.73,876.172
1621,12,88,-12.8731,5057.72,889.96
1622,12,89,-12.4666,5042.54,902.199
1623,12,90,-11.9991,5024.93,915.108
1624,12,91,-11.6376,5011.2,927.113
1625,12,92,-11.3898,5001.7,938.358
1626,12,93,-10.94,4984.31,951.414
1627,12,94,-10.4856,4966.58,964.62
1628,12,95,-10.2678,4958.02,975.797
1629,12,96,-10.0569,4949.65,986.963
1630,12,97,-9.7452,4937.18,998.942
1631,12,98,-9.38482,4922.65,1011.49
1632,12,99,-9.03399,4908.38,1024.02
1633,12,100,-8.69675,4894.55,1036.46
1634,12,101,-8.4486,4884.3,1048.09
1635,12,102,-8.17178,4872.76,1060.04
1636,12,103,-7.92253,4862.3,1071.78
1637,12,104,-7.70863,4853.24,1083.25
1638,12,105,-7.43681,4841.64,1095.33
1639,12,106,-7.14802,4829.22,1107.67
1640,12,107,-7.05723,4825.29,1118.43
1641,12,108,-6.86371,4816.84,1129.87
1642,12,109,-6.60354,4805.39,1142.08
1643,12,110,-6.33899,4793.66,1154.4
1644,12,111,-6.07353,4781.81,1166.8
1645,12,112,-5.87596,4772.92,1178.43
1646,12,113,-5.68312,4764.17,1190.06
1647,12,114,-5.48086,4754.94,1201.83
1648,12,115,-5.34742,4748.8,1212.96
1649,12,116,-5.20343,4742.13,1224.2
1650,12,117,-4.99459,4732.38,1236.2
1651,12,118,-4.78105,4722.35,1248.33
1652,12,119,-4.69807,4718.42,1259.16
1653,12,120,-4.53441,4710.62,1270.72
1654,12,121,-4.26068,4697.48,1284.12
1655,12,122,-3.93393,4681.68,1298.78
1656,12,123,-3.6392,4667.34,1312.76
1657,12,124,-3.41189,4656.2,1325.44
1658,12,125,-3.23881,4647.66,1337.31
1659,12,126,-3.10175,4640.86,1348.76
1660,12,127,-3.01163,4636.35,1359.77
1661,12,128,-2.96915,4634.21,1370.5
1662,12,129,-2.90117,4630.77,1381.37
1663,12,130,-2.77084,4624.12,1392.84
1664,12,131,-2.71106,4621.05,1403.66
1665,12,132,-2.60636,4615.64,1414.87
1666,12,133,-2.37089,4603.4,1428.52
1667,12,134,-2.10067,4589.26,1443.19
1668,12,135,-1.87266,4577.25,1456.76
1669,12,136,-1.68526,4567.32,1469.44
1670,12,137,-1.57837,4561.62,1480.81
1671,12,138,-1.50976,4557.93,1491.78
1672,12,139,-1.43976,4554.15,1502.77
1673,12,140,-1.4111,4552.6,1513.5
1674,12,141,-1.3571,4549.65,1524.37
1675,12,142,-1.25035,4543.77,1535.83
1676,12,143,-1.17296,4539.49,1546.93
1677,13,22,-2.02545,5074.47,99.8166
1678,13,23,-23.1382,5412.27,116.525
1679,13,24,-33.7864,5586.19,127.906
1680,13,25,-28.2588,5494.06,138.033
1681,13,26,-21.3198,5376.1,148.983
1682,13,27,-13.1589,5234.65,161.1
1683,13,28,-8.875,5158.96,171.513
1684,13,29,-7.99044,5143.04,181.029
1685,13,30,-9.62074,5172.93,190.669
1686,13,31,-14.1268,5257.04,202.278
1687,13,32,-19.798,5364.8,215.653
1688,13,33,-21.7871,5403.25,225.768
1689,13,34,-23.606,5439.02,235.877
1690,13,35,-26.6724,5500.35,247.334
1691,13,36,-24.3759,5453.65,258.147
1692,13,37,-20.9249,5382.34,270.918
1693,13,38,-20.1394,5365.84,280.746
1694,13,39,-18.5926,5332.84,291.226
1695,13,40,-17.7209,5313.95,301.15
1696,13,41,-17.5719,5310.68,310.731
1697,13,42,-17.1116,5300.4,320.393
1698,13,43,-16.6519,5289.98,330.046
1699,13,44,-17.3417,5305.84,339.914
1700,13,45,-17.0816,5299.77,349.431
1701,13,46,-17.1387,5301.12,358.856
1702,13,47,-18.1092,5324.41,369.447
1703,13,48,-18.0009,5321.78,378.859
1704,13,49,-20.1771,5375.46,395.35
1705,13,50,-22.2285,5426.74,410.959
1706,13,51,-23.105,5448.95,421.774
1707,13,52,-24.9565,5496.47,436.818
1708,13,53,-26.7774,5543.81,451.765
1709,13,54,-28.2562,5582.76,465.113
1710,13,55,-29.83,5624.72,479.099
1711,13,56,-30.8814,5653.11,490.998
1712,13,57,-31.214,5662.2,501.227
1713,13,58,-30.7489,5649.34,511.68
1714,13,59,-30.6182,5645.68,521.708
1715,13,60,-30.5128,5642.69,531.705
1716,13,61,-29.8758,5624.43,542.793
1717,13,62,-28.8316,5594.15,555.993
1718,13,63,-28.0644,5571.64,567.83
1719,13,64,-27.071,5542.17,581.083
1720,13,65,-26.1701,5515.14,593.908
1721,13,66,-25.6081,5498.1,605.135
1722,13,67,-24.8966,5476.28,617.175
1723,13,68,-24.3763,5460.15,628.39
1724,13,69,-23.6253,5436.62,640.95
1725,13,70,-22.8088,5410.76,654.1
1726,13,71,-22.4701,5399.92,664.813
1727,13,72,-21.9474,5383.02,676.37
1728,13,73,-21.2579,5360.5,689.096
1729,13,74,-20.4668,5334.39,702.77
1730,13,75,-19.7918,5311.89,715.618
1731,13,76,-19.1263,5289.49,728.514
1732,13,77,-18.6008,5271.62,740.515
1733,13,78,-18.2193,5258.52,751.763
1734,13,79,-17.6521,5238.86,764.287
1735,13,80,-17.2588,5225.09,775.722
1736,13,81,-16.6861,5204.86,788.54
1737,13,82,-16.0258,5181.31,802.307
1738,13,83,-15.625,5166.88,813.984
1739,13,84,-15.3936,5158.47,824.815
1740,13,85,-14.9661,5142.8,836.848
1741,13,86,-14.3563,5120.23,850.738
1742,13,87,-13.7342,5097.01,864.875
1743,13,88,-13.1437,5074.77,878.744
1744,13,89,-12.7196,5058.65,891.038
1745,13,90,-12.2336,5040.02,904.005
1746,13,91,-11.857,5025.46,916.055
1747,13,92,-11.5975,5015.34,927.333
1748,13,93,-11.1315,4997.01,940.435
1749,13,94,-10.6613,4978.36,953.682
1750,13,95,-10.4341,4969.27,964.886
1751,13,96,-10.2142,4960.4,976.077
1752,13,97,-9.89145,4947.28,988.086
1753,13,98,-9.51929,4932.02,1000.66
1754,13,99,-9.1573,4917.05,1013.21
1755,13,100,-8.80959,4902.57,1025.68
1756,13,101,-8.55334,4891.8,1037.33
1757,13,102,-8.26804,4879.73,1049.3
1758,13,103,-8.01119,4868.77,1061.05
1759,13,104,-7.79072,4859.29,1072.54
1760,13,105,-7.51128,4847.18,1084.63
1761,13,106,-7.21477,4834.23,1096.99
1762,13,107,-7.12066,4830.09,1107.76
1763,13,108,-6.92179,4821.27,1119.22
1764,13,109,-6.65505,4809.36,1131.43
1765,13,110,-6.38406,4797.16,1143.76
1766,13,111,-6.11232,4784.85,1156.16
1767,13,112,-5.91002,4775.61,1167.8
1768,13,113,-5.71269,4766.53,1179.43
1769,13,114,-5.50588,4756.95,1191.21
1770,13,115,-5.36936,4750.58,1202.35
1771,13,116,-5.22218,4743.66,1213.59
1772,13,117,-5.00901,4733.57,1225.6
1773,13,118,-4.79117,4723.19,1237.72
1774,13,119,-4.70645,4719.12,1248.56
1775,13,120,-4.53961,4711.06,1260.13
1776,13,121,-4.26075,4697.48,1273.51
1777,13,122,-3.92806,4681.18,1288.14
1778,13,123,-3.62813,4666.39,1302.09
1779,13,124,-3.39696,4654.9,1314.76
1780,13,125,-3.22108,4646.11,1326.63
1781,13,126,-3.08193,4639.11,1338.07
1782,13,127,-2.99058,4634.48,1349.09
1783,13,128,-2.94774,4632.29,1359.83
1784,13,129,-2.87895,4628.76,1370.7
1785,13,130,-2.74679,4621.93,1382.17
1786,13,131,-2.68642,4618.79,1392.99
1787,13,132,-2.58038,4613.24,1404.2
1788,13,133,-2.34145,4600.66,1417.82
1789,13,134,-2.06728,4586.13,1432.45
1790,13,135,-1.8361,4573.8,1446
1791,13,136,-1.64627,4563.61,1458.66
1792,13,137,-1.5383,4557.78,1470.02
1793,13,138,-1.46923,4554.03,1480.99
1794,13,139,-1.39877,4550.18,1491.98
1795,13,140,-1.3703,4548.61,1502.72
1796,13,141,-1.3161,4545.61,1513.58
1797,13,142,-1.20833,4539.61,1525.04
1798,13,143,-1.13041,4535.25,1536.14
1799,14,23,-36.4097,5677.7,104.837
1800,14,24,-46.5809,5850.61,115.553
1801,14,25,-37.9997,5701.87,126.274
1802,14,26,-28.4945,5533.94,137.922
1803,14,27,-18.1429,5347.61,150.646
1804,14,28,-12.6232,5246.42,161.31
1805,14,29,-11.1596,5219.1,170.911
1806,14,30,-12.6088,5246.64,180.484
1807,14,31,-17.2836,5337.01,191.789
1808,14,32,-23.2195,5453.75,204.756
1809,14,33,-25.0653,5490.67,214.703
1810,14,34,-26.7452,5524.83,224.632
1811,14,35,-29.805,5588.06,235.792
1812,14,36,-27.0364,5529.92,246.903
1813,14,37,-23.0761,5445.44,260.083
1814,14,38,-22.0556,5423.33,269.991
1815,14,39,-20.2424,5383.44,280.627
1816,14,40,-19.184,5359.8,290.642
1817,14,41,-18.9199,5353.81,300.248
1818,14,42,-18.3349,5340.36,309.966
1819,14,43,-17.763,5327.01,319.677
1820,14,44,-18.4255,5342.69,329.475
1821,14,45,-18.0815,5334.43,339.03
1822,14,46,-18.0814,5334.43,348.454
1823,14,47,-19.0535,5358.41,358.919
1824,14,48,-18.8852,5354.2,368.348
1825,14,49,-21.133,5411.15,384.554
1826,14,50,-23.2437,5465.32,399.905
1827,14,51,-24.1129,5487.92,410.59
1828,14,52,-26.0077,5537.82,425.404
1829,14,53,-27.867,5587.4,440.13
1830,14,54,-29.3649,5627.84,453.285
1831,14,55,-30.9608,5671.46,467.075
1832,14,56,-32.0084,5700.45,478.815
1833,14,57,-32.305,5708.75,488.965
1834,14,58,-31.7707,5693.61,499.499
1835,14,59,-31.5899,5688.43,509.534
1836,14,60,-31.4386,5684.04,519.531
1837,14,61,-30.7366,5663.45,530.761
1838,14,62,-29.6147,5630.17,544.213
1839,14,63,-28.7853,5605.29,556.208
1840,14,64,-27.7248,5573.12,569.657
1841,14,65,-26.764,5543.65,582.639
1842,14,66,-26.1584,5524.88,593.954
1843,14,67,-25.4002,5501.12,606.101
1844,14,68,-24.8427,5483.47,617.391
1845,14,69,-24.0482,5458.04,630.049
1846,14,70,-23.1882,5430.24,643.291
1847,14,71,-22.8247,5418.36,654.048
1848,14,72,-22.2723,5400.13,665.663
1849,14,73,-21.549,5376.02,678.451
1850,14,74,-20.7224,5348.2,692.178
1851,14,75,-20.0174,5324.22,705.067
1852,14,76,-19.3236,5300.41,717.997
1853,14,77,-18.7755,5281.41,730.027
1854,14,78,-18.3769,5267.46,741.301
1855,14,79,-17.7878,5246.64,753.844
1856,14,80,-17.3786,5232.04,765.299
1857,14,81,-16.7856,5210.7,778.124
1858,14,82,-16.1032,5185.9,791.886
1859,14,83,-15.6888,5170.71,803.572
1860,14,84,-15.4491,5161.84,814.416
1861,14,85,-15.0082,5145.38,826.451
1862,14,86,-14.3805,5121.73,840.319
1863,14,87,-13.741,5097.43,854.424
1864,14,88,-13.1345,5074.18,868.261
1865,14,89,-12.6995,5057.36,880.542
1866,14,90,-12.2014,5037.94,893.484
1867,14,91,-11.816,5022.78,905.52
1868,14,92,-11.5509,5012.26,916.795
1869,14,93,-11.0745,4993.21,929.864
1870,14,94,-10.5941,4973.83,943.074
1871,14,95,-10.3629,4964.43,954.273
1872,14,96,-10.1394,4955.27,965.458
1873,14,97,-9.8108,4941.68,977.446
1874,14,98,-9.43178,4925.89,989.993
1875,14,99,-9.06341,4910.42,1002.51
1876,14,100,-8.70987,4895.45,1014.95
1877,14,101,-8.45006,4884.37,1026.58
1878,14,102,-8.16066,4871.92,1038.52
1879,14,103,-7.9005,4860.65,1050.25
1880,14,104,-7.67761,4850.92,1061.72
1881,14,105,-7.39456,4838.46,1073.78
1882,14,106,-7.09418,4825.15,1086.1
1883,14,107,-7.00063,4820.97,1096.87
1884,14,108,-6.8001,4811.94,1108.3
1885,14,109,-6.53034,4799.72,1120.48
1886,14,110,-6.25633,4787.2,1132.77
1887,14,111,-5.98166,4774.57,1145.14
1888,14,112,-5.77791,4765.13,1156.75
1889,14,113,-5.57927,4755.86,1168.36
1890,14,114,-5.37101,4746.07,1180.1
1891,14,115,-5.23446,4739.61,1191.22
1892,14,116,-5.08704,4732.58,1202.45
1893,14,117,-4.87237,4722.27,1214.42
1894,14,118,-4.65298,4711.67,1226.5
1895,14,119,-4.56928,4707.6,1237.33
1896,14,120,-4.40187,4699.39,1248.87
1897,14,121,-4.12041,4685.51,1262.19
1898,14,122,-3.78419,4668.81,1276.76
1899,14,123,-3.48141,4653.67,1290.65
1900,14,124,-3.24873,4641.96,1303.27
1901,14,125,-3.07235,4633.02,1315.1
1902,14,126,-2.93337,4625.93,1326.52
1903,14,127,-2.84303,4621.3,1337.52
1904,14,128,-2.802,4619.18,1348.25
1905,14,129,-2.73455,4615.67,1359.1
1906,14,130,-2.6026,4608.76,1370.54
1907,14,131,-2.54364,4605.66,1381.35
1908,14,132,-2.43822,4600.07,1392.54
1909,14,133,-2.19768,4587.24,1406.1
1910,14,134,-1.92135,4572.41,1420.67
1911,14,135,-1.68878,4559.85,1434.15
1912,14,136,-1.49825,4549.5,1446.77
1913,14,137,-1.39093,4543.64,1458.1
1914,14,138,-1.32311,4539.91,1469.05
1915,14,139,-1.25386,4536.07,1480.02
1916,14,140,-1.22722,4534.59,1490.74
1917,14,141,-1.1744,4531.63,1501.6
1918,14,142,-1.06717,4525.59,1513.02
1919,14,143,-0.990214,4521.23,1524.09
1920,15,24,-57.1127,6071.78,104.727
1921,15,25,-45.0564,5854.76,116.025
1922,15,26,-32.7909,5629.9,128.084
1923,15,27,-20.1857,5394.6,140.968
1924,15,28,-13.5857,5269.2,151.713
1925,15,29,-11.7986,5234.65,161.395
1926,15,30,-13.3491,5265.14,171.013
1927,15,31,-18.4868,5367.9,182.198
1928,15,32,-24.9485,5499.28,194.892
1929,15,33,-26.8067,5537.69,204.799
1930,15,34,-28.4804,5572.83,214.676
1931,15,35,-31.6664,5640.8,225.659
1932,15,36,-28.4768,5571.69,236.924
1933,15,37,-24.0469,5474.24,250.209
1934,15,38,-22.8605,5447.74,260.183
1935,15,39,-20.8378,5401.89,270.881
1936,15,40,-19.6522,5374.62,280.95
1937,15,41,-19.3338,5367.2,290.599
1938,15,42,-18.6775,5351.66,300.363
1939,15,43,-18.0425,5336.42,310.116
1940,15,44,-18.7306,5353.17,319.921
1941,15,45,-18.3446,5343.65,329.515
1942,15,46,-18.3281,5343.23,338.971
1943,15,47,-19.3442,5368.97,349.404
1944,15,48,-19.1488,5363.96,358.867
1945,15,49,-21.5101,5425.35,374.83
1946,15,50,-23.7171,5483.47,389.959
1947,15,51,-24.6077,5507.22,400.587
1948,15,52,-26.5762,5560.37,415.193
1949,15,53,-28.5017,5613,429.714
1950,15,54,-30.0427,5655.63,442.71
1951,15,55,-31.6834,5701.57,456.324
1952,15,56,-32.7465,5731.69,467.951
1953,15,57,-33.0226,5739.61,478.072
1954,15,58,-32.4313,5722.46,488.673
1955,15,59,-32.2131,5716.06,498.735
1956,15,60,-32.0282,5710.58,508.758
1957,15,61,-31.2712,5687.86,520.074
1958,15,62,-30.0802,5651.74,533.637
1959,15,63,-29.1981,5624.69,545.707
1960,15,64,-28.0786,5589.98,559.227
1961,15,65,-27.0663,5558.26,572.26
1962,15,66,-26.4258,5537.98,583.616
1963,15,67,-25.6288,5512.48,595.797
1964,15,68,-25.0422,5493.51,607.118
1965,15,69,-24.2115,5466.38,619.793
1966,15,70,-23.3151,5436.79,633.038
1967,15,71,-22.9343,5424.1,643.816
1968,15,72,-22.3591,5404.73,655.441
1969,15,73,-21.6083,5379.21,668.221
1970,15,74,-20.7522,5349.82,681.92
1971,15,75,-20.0231,5324.54,694.787
1972,15,76,-19.3068,5299.47,707.691
1973,15,77,-18.7418,5279.51,719.704
1974,15,78,-18.3318,5264.88,730.974
1975,15,79,-17.7259,5243.07,743.487
1976,15,80,-17.3062,5227.82,754.93
1977,15,81,-16.6977,5205.51,767.715
1978,15,82,-15.9978,5179.61,781.417
1979,15,83,-15.5745,5163.81,793.08
1980,15,84,-15.3311,5154.64,803.92
1981,15,85,-14.8811,5137.54,815.922
1982,15,86,-14.2395,5112.95,829.721
1983,15,87,-13.5864,5087.69,843.752
1984,15,88,-12.9676,5063.56,857.518
1985,15,89,-12.5255,5046.17,869.756
1986,15,90,-12.0189,5026.07,882.641
1987,15,91,-11.6282,5010.45,894.636
1988,15,92,-11.3612,4999.68,905.886
1989,15,93,-10.8775,4980.01,918.893
1990,15,94,-10.39,4960.02,932.038
1991,15,95,-10.1582,4950.44,943.212
1992,15,96,-9.9342,4941.11,954.372
1993,15,97,-9.6026,4927.18,966.316
1994,15,98,-9.21951,4910.96,978.806
1995,15,99,-8.84747,4895.09,991.266
1996,15,100,-8.49073,4879.75,1003.65
1997,15,101,-8.22998,4868.45,1015.24
1998,15,102,-7.93901,4855.74,1027.14
1999,15,103,-7.67798,4844.26,1038.82
2000,15,104,-7.45509,4834.38,1050.25
2001,15,105,-7.17071,4821.67,1062.27
2002,15,106,-6.86866,4808.08,1074.53
2003,15,107,-6.77795,4803.97,1085.29
2004,15,108,-6.57789,4794.83,1096.68
2005,15,109,-6.30713,4782.38,1108.8
2006,15,110,-6.03207,4769.63,1121.04
2007,15,111,-5.75635,4756.77,1133.35
2008,15,112,-5.55305,4747.21,1144.92
2009,15,113,-5.35494,4737.84,1156.48
2010,15,114,-5.147,4727.92,1168.18
2011,15,115,-5.01218,4721.45,1179.26
2012,15,116,-4.86623,4714.4,1190.45
2013,15,117,-4.65167,4703.96,1202.37
2014,15,118,-4.43231,4693.21,1214.4
2015,15,119,-4.35121,4689.21,1225.21
2016,15,120,-4.18477,4680.94,1236.7
2017,15,121,-3.9021,4666.81,1249.95
2018,15,122,-3.56369,4649.77,1264.44
2019,15,123,-3.25941,4634.36,1278.26
2020,15,124,-3.02653,4622.48,1290.82
2021,15,125,-2.85098,4613.47,1302.6
2022,15,126,-2.71347,4606.36,1313.98
2023,15,127,-2.62542,4601.78,1324.94
2024,15,128,-2.58749,4599.8,1335.65
2025,15,129,-2.5226,4596.38,1346.48
2026,15,130,-2.39202,4589.46,1357.88
2027,15,131,-2.33566,4586.46,1368.66
2028,15,132,-2.23198,4580.89,1379.8
2029,15,133,-1.99086,4567.87,1393.3
2030,15,134,-1.71338,4552.79,1407.8
2031,15,135,-1.4804,4540.06,1421.22
2032,15,136,-1.29016,4529.59,1433.78
2033,15,137,-1.18447,4523.75,1445.06
2034,15,138,-1.1189,4520.1,1455.98
2035,15,139,-1.0518,4516.34,1466.92
2036,15,140,-1.02795,4515,1477.62
2037,15,141,-0.977438,4512.13,1488.45
2038,15,142,-0.871601,4506.1,1499.83
2039,15,143,-0.796489,4501.79,1510.86
2040,16,25,-50.2576,5969.19,106.34
2041,16,26,-34.8164,5675.81,118.545
2042,16,27,-19.7727,5384.96,131.316
2043,16,28,-12.2209,5236.44,142.024
2044,16,29,-10.3734,5199.49,151.754
2045,16,30,-12.3207,5239.09,161.46
2046,16,31,-18.2291,5361.2,172.658
2047,16,32,-25.4814,5513.49,185.224
2048,16,33,-27.4868,5556.28,195.155
2049,16,34,-29.2651,5594.81,205.045
2050,16,35,-32.6912,5670.18,215.94
2051,16,36,-29.1003,5589.98,227.259
2052,16,37,-24.211,5479.16,240.487
2053,16,38,-22.9071,5449.17,250.5
2054,16,39,-20.712,5397.95,261.198
2055,16,40,-19.4416,5367.89,271.284
2056,16,41,-19.1149,5360.05,280.969
2057,16,42,-18.4262,5343.29,290.756
2058,16,43,-17.7638,5326.95,300.528
2059,16,44,-18.5186,5345.82,310.372
2060,16,45,-18.121,5335.74,319.99
2061,16,46,-18.1179,5335.66,329.479
2062,16,47,-19.2106,5364.07,339.934
2063,16,48,-19.0115,5358.83,349.425
2064,16,49,-21.5197,5425.72,365.251
2065,16,50,-23.8523,5488.7,380.236
2066,16,51,-24.7848,5514.19,390.851
2067,16,52,-26.8502,5571.33,405.304
2068,16,53,-28.8626,5627.68,419.665
2069,16,54,-30.4641,5673.05,432.544
2070,16,55,-32.1658,5721.83,446.014
2071,16,56,-33.2572,5753.49,457.562
2072,16,57,-33.5221,5761.25,467.678
2073,16,58,-32.8802,5742.21,478.331
2074,16,59,-32.6316,5734.75,488.425
2075,16,60,-32.4199,5728.33,498.476
2076,16,61,-31.6129,5703.58,509.844
2077,16,62,-30.3568,5664.64,523.443
2078,16,63,-29.4263,5635.49,535.544
2079,16,64,-28.2518,5598.3,549.069
2080,16,65,-27.1921,5564.39,562.1
2081,16,66,-26.5215,5542.7,573.469
2082,16,67,-25.6902,5515.55,585.646
2083,16,68,-25.0792,5495.38,596.971
2084,16,69,-24.2164,5466.62,609.624
2085,16,70,-23.2871,5435.34,622.83
2086,16,71,-22.8938,5421.97,633.612
2087,16,72,-22.2998,5401.57,645.222
2088,16,73,-21.5251,5374.72,657.96
2089,16,74,-20.6429,5343.84,671.595
2090,16,75,-19.8931,5317.34,684.411
2091,16,76,-19.1575,5291.11,697.259
2092,16,77,-18.5792,5270.29,709.234
2093,16,78,-18.1613,5255.11,720.482
2094,16,79,-17.5418,5232.39,732.942
2095,16,80,-17.1149,5216.6,744.355
2096,16,81,-16.4937,5193.4,757.078
2097,16,82,-15.779,5166.49,770.697
2098,16,83,-15.3496,5150.17,782.321
2099,16,84,-15.1058,5140.82,793.143
2100,16,85,-14.6494,5123.17,805.095
2101,16,86,-13.9962,5097.7,818.807
2102,16,87,-13.3317,5071.56,832.748
2103,16,88,-12.703,5046.62,846.427
2104,16,89,-12.256,5028.74,858.606
2105,16,90,-11.7431,5008.06,871.418
2106,16,91,-11.3494,4992.05,883.359
2107,16,92,-11.0827,4981.11,894.572
2108,16,93,-10.5937,4960.9,907.504
2109,16,94,-10.101,4940.37,920.572
2110,16,95,-9.87065,4930.7,931.71
2111,16,96,-9.64826,4921.28,942.833
2112,16,97,-9.31556,4907.09,954.72
2113,16,98,-8.93015,4890.51,967.143
2114,16,99,-8.55614,4874.31,979.536
2115,16,100,-8.19786,4858.66,991.853
2116,16,101,-7.93786,4847.22,1003.39
2117,16,102,-7.64692,4834.32,1015.23
2118,16,103,-7.3866,4822.7,1026.87
2119,16,104,-7.16524,4812.73,1038.25
2120,16,105,-6.88098,4799.85,1050.2
2121,16,106,-6.57866,4786.04,1062.4
2122,16,107,-6.49228,4782.07,1073.13
2123,16,108,-6.29407,4772.88,1084.47
2124,16,109,-6.02359,4760.26,1096.53
2125,16,110,-5.7487,4747.34,1108.7
2126,16,111,-5.47314,4734.3,1120.95
2127,16,112,-5.27148,4724.69,1132.46
2128,16,113,-5.07508,4715.26,1143.97
2129,16,114,-4.86859,4705.28,1155.61
2130,16,115,-4.73665,4698.86,1166.65
2131,16,116,-4.59326,4691.83,1177.79
2132,16,117,-4.37985,4681.3,1189.65
2133,16,118,-4.16151,4670.46,1201.62
2134,16,119,-4.08406,4666.59,1212.39
2135,16,120,-3.91953,4658.31,1223.83
2136,16,121,-3.63653,4643.97,1237.01
2137,16,122,-3.29677,4626.64,1251.42
2138,16,123,-2.99179,4610.98,1265.17
2139,16,124,-2.75955,4598.98,1277.66
2140,16,125,-2.58566,4589.94,1289.38
2141,16,126,-2.45045,4582.87,1300.7
2142,16,127,-2.36553,4578.39,1311.63
2143,16,128,-2.33153,4576.59,1322.31
2144,16,129,-2.26998,4573.31,1333.1
2145,16,130,-2.14153,4566.42,1344.45
2146,16,131,-2.08852,4563.55,1355.19
2147,16,132,-1.98729,4558.05,1366.29
2148,16,133,-1.74623,4544.88,1379.72
2149,16,134,-1.4682,4529.58,1394.15
2150,16,135,-1.23542,4516.7,1407.51
2151,16,136,-1.04609,4506.16,1420
2152,16,137,-0.942669,4500.37,1431.23
2153,16,138,-0.879956,4496.84,1442.11
2154,16,139,-0.815631,4493.19,1453.01
2155,16,140,-0.795176,4492.03,1463.68
2156,16,141,-0.74756,4489.3,1474.47
2157,16,142,-0.643677,4483.31,1485.79
2158,16,143,-0.570952,4479.09,1496.78
2159,17,26,-33.1794,5638.16,108.94
2160,17,27,-15.6982,5288.53,121.375
2161,17,28,-7.56678,5123.19,131.932
2162,17,29,-6.1511,5093.94,141.668
2163,17,30,-8.97978,5153.34,151.496
2164,17,31,-16.1214,5305.69,162.859
2165,17,32,-24.5437,5488.18,175.467
2166,17,33,-26.8953,5539.91,185.468
2167,17,34,-28.9369,5585.51,195.419
2168,17,35,-32.7582,5672.12,206.314
2169,17,36,-28.8015,5581.12,217.594
2170,17,37,-23.4751,5456.84,230.648
2171,17,38,-22.1195,5424.76,240.668
2172,17,39,-19.8021,5369.14,251.309
2173,17,40,-18.5016,5337.49,261.375
2174,17,41,-18.224,5330.64,271.082
2175,17,42,-17.5508,5313.81,280.865
2176,17,43,-16.9042,5297.43,290.628
2177,17,44,-17.7743,5319.77,300.536
2178,17,45,-17.4006,5310.05,310.157
2179,17,46,-17.4453,5311.23,319.671
2180,17,47,-18.6519,5343.4,330.198
2181,17,48,-18.4753,5338.63,339.701
2182,17,49,-21.168,5412.24,355.53
2183,17,50,-23.6585,5481.14,370.47
2184,17,51,-24.6554,5509.05,381.106
2185,17,52,-26.8427,5571.02,395.477
2186,17,53,-28.9643,5631.84,409.736
2187,17,54,-30.6447,5680.58,422.54
2188,17,55,-32.4244,5732.78,435.909
2189,17,56,-33.5575,5766.4,447.41
2190,17,57,-33.8206,5774.29,457.536
2191,17,58,-33.1339,5753.46,468.223
2192,17,59,-32.862,5745.12,478.346
2193,17,60,-32.6302,5737.94,488.426
2194,17,61,-31.778,5711.23,499.815
2195,17,62,-30.46,5669.5,513.393
2196,17,63,-29.4856,5638.32,525.487
2197,17,64,-28.2597,5598.68,538.97
2198,17,65,-27.1564,5562.64,551.961
2199,17,66,-26.4605,5539.67,563.319
2200,17,67,-25.599,5510.95,575.463
2201,17,68,-24.9679,5489.71,586.772
2202,17,69,-24.0767,5459.41,599.373
2203,17,70,-23.1182,5426.5,612.51
2204,17,71,-22.7167,5412.58,623.282
2205,17,72,-22.1079,5391.27,634.857
2206,17,73,-21.3128,5363.18,647.529
2207,17,74,-20.4074,5330.89,661.075
2208,17,75,-19.6402,5303.27,673.819
2209,17,76,-18.8885,5275.96,686.592
2210,17,77,-18.3,5254.38,698.512
2211,17,78,-17.8777,5238.75,709.723
2212,17,79,-17.2475,5215.23,722.113
2213,17,80,-16.8165,5198.99,733.481
2214,17,81,-16.1853,5175.01,746.126
2215,17,82,-15.4584,5147.14,759.649
2216,17,83,-15.0257,5130.41,771.219
2217,17,84,-14.7842,5120.99,782.013
2218,17,85,-14.3239,5102.89,793.902
2219,17,86,-13.6614,5076.61,807.516
2220,17,87,-12.9875,5049.65,821.355
2221,17,88,-12.3509,5023.98,834.937
2222,17,89,-11.9014,5005.69,847.046
2223,17,90,-11.3842,4984.49,859.776
2224,17,91,-10.9896,4968.18,871.65
2225,17,92,-10.7253,4957.17,882.817
2226,17,93,-10.2329,4936.49,895.664
2227,17,94,-9.73687,4915.49,908.645
2228,17,95,-9.50986,4905.8,919.737
2229,17,96,-9.29093,4896.39,930.814
2230,17,97,-8.95883,4882,942.634
2231,17,98,-8.57273,4865.14,954.981
2232,17,99,-8.19832,4848.66,967.297
2233,17,100,-7.84003,4832.78,979.54
2234,17,101,-7.58233,4821.27,991.02
2235,17,102,-7.29289,4808.24,1002.79
2236,17,103,-7.03472,4796.54,1014.36
2237,17,104,-6.81633,4786.57,1025.68
2238,17,105,-6.53352,4773.56,1037.57
2239,17,106,-6.23221,4759.6,1049.69
2240,17,107,-6.15154,4755.83,1060.39
2241,17,108,-5.95643,4746.66,1071.68
2242,17,109,-5.68739,4733.93,1083.66
2243,17,110,-5.41381,4720.89,1095.76
2244,17,111,-5.1395,4707.72,1107.93
2245,17,112,-4.94059,4698.11,1119.39
2246,17,113,-4.74696,4688.68,1130.83
2247,17,114,-4.54296,4678.69,1142.41
2248,17,115,-4.41492,4672.37,1153.39
2249,17,116,-4.2751,4665.43,1164.48
2250,17,117,-4.06377,4654.86,1176.27
2251,17,118,-3.84734,4643.97,1188.17
2252,17,119,-3.77449,4640.27,1198.9
2253,17,120,-3.61275,4632.03,1210.27
2254,17,121,-3.33021,4617.52,1223.38
2255,17,122,-2.98981,4599.93,1237.72
2256,17,123,-2.68487,4584.08,1251.38
2257,17,124,-2.45401,4572,1263.8
2258,17,125,-2.28254,4562.96,1275.46
2259,17,126,-2.15038,4555.96,1286.72
2260,17,127,-2.06933,4551.64,1297.6
2261,17,128,-2.04002,4550.06,1308.25
2262,17,129,-1.98254,4546.96,1318.99
2263,17,130,-1.85688,4540.13,1330.28
2264,17,131,-1.80789,4537.46,1340.98
2265,17,132,-1.70976,4532.06,1352.02
2266,17,133,-1.46932,4518.75,1365.38
2267,17,134,-1.19127,4503.28,1379.75
2268,17,135,-0.959233,4490.28,1393.04
2269,17,136,-0.771351,4479.7,1405.46
2270,17,137,-0.670764,4474,1416.64
2271,17,138,-0.611481,4470.62,1427.47
2272,17,139,-0.550475,4467.12,1438.31
2273,17,140,-0.533967,4466.17,1448.96
2274,17,141,-0.489768,4463.61,1459.7
2275,17,142,-0.388328,4457.69,1470.96
2276,17,143,-0.318479,4453.59,1481.89
2277,18,27,-17.2624,5326.07,111.521
2278,18,28,-7.36818,5118.3,122.134
2279,18,29,-5.74965,5083.77,131.963
2280,18,30,-9.07527,5155.82,141.866
2281,18,31,-17.2235,5335.08,153.153
2282,18,32,-26.6218,5544.98,165.528
2283,18,33,-29.0076,5599.06,175.52
2284,18,34,-31.0409,5645.82,185.451
2285,18,35,-35.053,5739.44,196.203
2286,18,36,-30.4382,5630.22,207.626
2287,18,37,-24.4155,5485.68,220.74
2288,18,38,-22.8413,5447.37,230.824
2289,18,39,-20.2475,5383.39,241.512
2290,18,40,-18.7953,5347.08,251.626
2291,18,41,-18.47,5338.85,261.379
2292,18,42,-17.7233,5319.68,271.206
2293,18,43,-17.0137,5301.23,281.01
2294,18,44,-17.9401,5325.62,290.938
2295,18,45,-17.5279,5314.63,300.598
2296,18,46,-17.5669,5315.69,310.149
2297,18,47,-18.8459,5350.64,320.66
2298,18,48,-18.6453,5345.1,330.2
2299,18,49,-21.4957,5424.91,345.808
2300,18,50,-24.1172,5499.18,360.543
2301,18,51,-25.1458,5528.67,371.137
2302,18,52,-27.4301,5594.91,385.313
2303,18,53,-29.6369,5659.65,399.378
2304,18,54,-31.3718,5711.12,412.036
2305,18,55,-33.2069,5766.17,425.236
2306,18,56,-34.358,5801.08,436.635
2307,18,57,-34.5943,5808.33,446.745
2308,18,58,-33.8363,5784.83,457.505
2309,18,59,-33.518,5774.86,467.664
2310,18,60,-33.2449,5766.21,477.777
2311,18,61,-32.326,5736.81,489.249
2312,18,62,-30.9251,5691.51,502.919
2313,18,63,-29.8881,5657.64,515.078
2314,18,64,-28.5929,5614.89,528.61
2315,18,65,-27.4298,5576.12,541.634
2316,18,66,-26.6942,5551.36,553.025
2317,18,67,-25.7889,5520.58,565.19
2318,18,68,-25.1257,5497.81,576.521
2319,18,69,-24.1942,5465.52,589.126
2320,18,70,-23.1951,5430.55,602.25
2321,18,71,-22.7759,5415.74,613.038
2322,18,72,-22.1427,5393.15,624.614
2323,18,73,-21.3179,5363.46,637.266
2324,18,74,-20.3806,5329.4,650.771
2325,18,75,-19.5879,5300.34,663.483
2326,18,76,-18.8125,5271.65,676.219
2327,18,77,-18.2069,5249.04,688.116
2328,18,78,-17.7738,5232.73,699.317
2329,18,79,-17.1267,5208.14,711.669
2330,18,80,-16.6857,5191.23,723.02
2331,18,81,-16.039,5166.23,735.618
2332,18,82,-15.2941,5137.18,749.074
2333,18,83,-14.8534,5119.84,760.616
2334,18,84,-14.6098,5110.18,771.402
2335,18,85,-14.1411,5091.43,783.253
2336,18,86,-13.4647,5064.15,796.793
2337,18,87,-12.7772,5036.19,810.551
2338,18,88,-12.1286,5009.6,824.057
2339,18,89,-11.6727,4990.75,836.118
2340,18,90,-11.1476,4968.87,848.786
2341,18,91,-10.7487,4952.12,860.616
2342,18,92,-10.4838,4940.91,871.755
2343,18,93,-9.98481,4919.62,884.536
2344,18,94,-9.48235,4898.01,897.448
2345,18,95,-9.25605,4888.2,908.512
2346,18,96,-9.038,4878.68,919.562
2347,18,97,-8.70392,4863.98,931.334
2348,18,98,-8.31458,4846.72,943.621
2349,18,99,-7.93734,4829.87,955.879
2350,18,100,-7.5767,4813.64,968.064
2351,18,101,-7.31913,4801.97,979.501
2352,18,102,-7.02908,4788.72,991.222
2353,18,103,-6.77104,4776.85,1002.75
2354,18,104,-6.55369,4766.78,1014.03
2355,18,105,-6.27042,4753.56,1025.86
2356,18,106,-5.96825,4739.36,1037.93
2357,18,107,-5.89166,4735.73,1048.61
2358,18,108,-5.69797,4726.5,1059.85
2359,18,109,-5.4287,4713.58,1071.78
2360,18,110,-5.1548,4700.34,1083.82
2361,18,111,-4.88016,4686.97,1095.93
2362,18,112,-4.68253,4677.29,1107.34
2363,18,113,-4.49024,4667.8,1118.73
2364,18,114,-4.28732,4657.72,1130.26
2365,18,115,-4.16189,4651.45,1141.21
2366,18,116,-4.02436,4644.53,1152.26
2367,18,117,-3.81381,4633.86,1163.99
2368,18,118,-3.59805,4622.86,1175.83
2369,18,119,-3.52866,4619.3,1186.54
2370,18,120,-3.36855,4611.02,1197.86
2371,18,121,-3.08527,4596.29,1210.9
2372,18,122,-2.74305,4578.38,1225.16
2373,18,123,-2.43702,4562.27,1238.76
2374,18,124,-2.20648,4550.05,1251.11
2375,18,125,-2.03641,4540.98,1262.72
2376,18,126,-1.90635,4534,1273.93
2377,18,127,-1.82826,4529.78,1284.77
2378,18,128,-1.80276,4528.4,1295.4
2379,18,129,-1.7485,4525.43,1306.12
2380,18,130,-1.62475,4518.62,1317.36
2381,18,131,-1.57898,4516.09,1328.03
2382,18,132,-1.48312,4510.75,1339.03
2383,18,133,-1.24244,4497.28,1352.33
2384,18,134,-0.963517,4481.56,1366.62
2385,18,135,-0.731408,4468.41,1379.85
2386,18,136,-0.544197,4457.74,1392.21
2387,18,137,-0.44572,4452.09,1403.34
2388,18,138,-0.389176,4448.83,1414.14
2389,18,139,-0.330814,4445.45,1424.95
2390,18,140,-0.31761,4444.68,1435.57
2391,18,141,-0.276188,4442.25,1446.28
2392,18,142,-0.176542,4436.37,1457.5
2393,18,143,-0.108946,4432.36,1468.39
2394,19,28,-2.86606,5005.74,112.087
2395,19,29,-1.77182,4981.67,121.987
2396,19,30,-6.31469,5083.13,132.021
2397,19,31,-16.1412,5305.86,143.38
2398,19,32,-27.0367,5556.46,155.678
2399,19,33,-29.6854,5618.26,165.719
2400,19,34,-31.8881,5670.39,175.689
2401,19,35,-36.2725,5775.62,186.389
2402,19,36,-31.0095,5647.55,197.849
2403,19,37,-24.2926,5481.87,210.873
2404,19,38,-22.5733,5438.88,220.993
2405,19,39,-19.7581,5367.56,231.669
2406,19,40,-18.2182,5328.04,241.795
2407,19,41,-17.9149,5320.16,251.586
2408,19,42,-17.1522,5300.07,261.435
2409,19,43,-16.4315,5280.85,271.255
2410,19,44,-17.474,5309,281.236
2411,19,45,-17.0658,5297.84,290.919
2412,19,46,-17.1406,5299.91,300.507
2413,19,47,-18.5371,5339.02,311.058
2414,19,48,-18.3438,5333.54,320.625
2415,19,49,-21.3976,5421.08,336.132
2416,19,50,-24.1891,5502.03,350.749
2417,19,51,-25.2756,5533.9,361.342
2418,19,52,-27.6866,5605.43,375.384
2419,19,53,-30.0049,5674.98,389.305
2420,19,54,-31.8158,5729.91,401.859
2421,19,55,-33.726,5788.49,414.929
2422,19,56,-34.9104,5825.2,426.261
2423,19,57,-35.1304,5832.1,436.375
2424,19,58,-34.3077,5806.05,447.189
2425,19,59,-33.9509,5794.63,457.384
2426,19,60,-33.6442,5784.71,467.53
2427,19,61,-32.664,5752.69,479.049
2428,19,62,-31.1841,5703.86,492.738
2429,19,63,-30.0895,5667.37,504.915
2430,19,64,-28.7292,5621.57,518.437
2431,19,65,-27.5108,5580.15,531.446
2432,19,66,-26.7412,5553.72,542.841
2433,19,67,-25.797,5520.99,554.992
2434,19,68,-25.1069,5496.84,566.321
2435,19,69,-24.1396,5462.66,578.892
2436,19,70,-23.1042,5425.73,591.966
2437,19,71,-22.6726,5410.19,602.754
2438,19,72,-22.0198,5386.48,614.308
2439,19,73,-21.1695,5355.3,626.91
2440,19,74,-20.204,5319.58,640.342
2441,19,75,-19.3896,5289.17,652.995
2442,19,76,-18.5944,5259.22,665.669
2443,19,77,-17.9757,5235.71,677.522
2444,19,78,-17.5359,5218.85,688.697
2445,19,79,-16.8753,5193.3,700.99
2446,19,80,-16.4282,5175.87,712.307
2447,19,81,-15.7691,5149.94,724.838
2448,19,82,-15.0094,5119.81,738.207
2449,19,83,-14.5639,5101.99,749.705
2450,19,84,-14.3217,5092.22,760.471
2451,19,85,-13.8476,5072.94,772.269
2452,19,86,-13.1599,5044.74,785.717
2453,19,87,-12.4613,5015.87,799.381
2454,19,88,-11.8032,4988.45,812.796
2455,19,89,-11.3437,4969.15,824.795
2456,19,90,-10.8131,4946.69,837.388
2457,19,91,-10.4125,4929.59,849.159
2458,19,92,-10.1495,4918.28,860.259
2459,19,93,-9.64609,4896.47,872.962
2460,19,94,-9.13933,4874.34,885.793
2461,19,95,-8.91606,4864.52,896.819
2462,19,96,-8.70114,4854.99,907.83
2463,19,97,-8.36713,4840.07,919.542
2464,19,98,-7.97647,4822.49,931.759
2465,19,99,-7.59826,4805.35,943.946
2466,19,100,-7.2371,4788.85,956.062
2467,19,101,-6.98151,4777.1,967.446
2468,19,102,-6.69259,4763.71,979.106
2469,19,103,-6.43639,4751.75,990.575
2470,19,104,-6.22177,4741.67,1001.81
2471,19,105,-5.93963,4728.31,1013.57
2472,19,106,-5.6381,4713.94,1025.57
2473,19,107,-5.56721,4710.54,1036.22
2474,19,108,-5.37643,4701.31,1047.42
2475,19,109,-5.10831,4688.27,1059.28
2476,19,110,-4.83541,4674.89,1071.25
2477,19,111,-4.56174,4661.39,1083.29
2478,19,112,-4.36668,4651.7,1094.64
2479,19,113,-4.17698,4642.22,1105.98
2480,19,114,-3.97637,4632.12,1117.45
2481,19,115,-3.85477,4625.96,1128.36
2482,19,116,-3.7207,4619.12,1139.35
2483,19,117,-3.51203,4608.41,1151.02
2484,19,118,-3.29799,4597.35,1162.8
2485,19,119,-3.23316,4593.98,1173.47
2486,19,120,-3.07571,4585.74,1184.73
2487,19,121,-2.79261,4570.83,1197.69
2488,19,122,-2.44944,4552.64,1211.88
2489,19,123,-2.14317,4536.31,1225.4
2490,19,124,-1.91382,4524,1237.68
2491,19,125,-1.74605,4514.94,1249.22
2492,19,126,-1.61896,4508.04,1260.39
2493,19,127,-1.54471,4503.98,1271.18
2494,19,128,-1.5239,4502.83,1281.79
2495,19,129,-1.47368,4500.05,1292.47
2496,19,130,-1.35264,4493.32,1303.65
2497,19,131,-1.31087,4490.98,1314.29
2498,19,132,-1.21803,4485.75,1325.24
2499,19,133,-0.977781,4472.13,1338.46
2500,19,134,-0.698608,4456.22,1352.69
2501,19,135,-0.46706,4442.94,1365.85
2502,19,136,-0.281157,4432.22,1378.14
2503,19,137,-0.185445,4426.67,1389.22
2504,19,138,-0.132297,4423.57,1399.97
2505,19,139,-0.0772165,4420.34,1410.74
2506,19,140,-0.0679527,4419.79,1421.33
2507,19,141,-0.0299171,4417.54,1432
2508,19,142,0.0673643,4411.73,1443.16
2509,19,143,0.132139,4407.85,1454.01
2510,20,29,3.32121,4849.25,111.91
2511,20,30,-2.97364,4994.03,122.093
2512,20,31,-14.9948,5274.52,133.526
2513,20,32,-27.7429,5576.23,145.741
2514,20,33,-30.669,5646.46,155.835
2515,20,34,-33.0343,5704.01,165.847
2516,20,35,-37.8235,5822.15,176.495
2517,20,36,-31.7588,5670.53,188.004
2518,20,37,-24.2124,5479.35,200.949
2519,20,38,-22.3205,5430.8,211.11
2520,20,39,-19.249,5350.94,221.779
2521,20,40,-17.611,5307.8,231.923
2522,20,41,-17.3353,5300.45,241.756
2523,20,42,-16.5567,5279.43,251.631
2524,20,43,-15.8256,5259.44,261.472
2525,20,44,-16.9999,5291.93,271.507
2526,20,45,-16.5968,5280.65,281.217
2527,20,46,-16.7118,5283.91,290.844
2528,20,47,-18.2388,5327.68,301.433
2529,20,48,-18.0527,5322.28,311.031
2530,20,49,-21.3295,5418.4,326.426
2531,20,50,-24.3054,5506.69,340.918
2532,20,51,-25.4527,5541.1,351.507
2533,20,52,-27.999,5618.34,365.411
2534,20,53,-30.4353,5693.06,379.184
2535,20,54,-32.325,5751.64,391.632
2536,20,55,-34.3132,5813.93,404.57
2537,20,56,-35.5298,5852.46,415.834
2538,20,57,-35.7288,5858.83,425.953
2539,20,58,-34.8333,5829.87,436.824
2540,20,59,-34.4323,5816.77,447.058
2541,20,60,-34.0871,5805.38,457.24
2542,20,61,-33.0392,5770.45,468.809
2543,20,62,-31.473,5717.72,482.522
2544,20,63,-30.3155,5678.37,494.722
2545,20,64,-28.8847,5629.24,508.236
2546,20,65,-27.6065,5584.93,521.231
2547,20,66,-26.8002,5556.71,532.634
2548,20,67,-25.8142,5521.87,544.773
2549,20,68,-25.0952,5496.23,556.1
2550,20,69,-24.0897,5460.03,568.64
2551,20,70,-23.0156,5421.01,581.666
2552,20,71,-22.5708,5404.7,592.455
2553,20,72,-21.8972,5379.77,603.989
2554,20,73,-21.02,5347.03,616.542
2555,20,74,-20.0248,5309.54,629.902
2556,20,75,-19.1878,5277.73,642.498
2557,20,76,-18.3717,5246.45,655.112
2558,20,77,-17.7393,5222,666.923
2559,20,78,-17.2926,5204.58,678.072
2560,20,79,-16.6181,5178.04,690.309
2561,20,80,-16.1649,5160.07,701.593
2562,20,81,-15.493,5133.19,714.058
2563,20,82,-14.7179,5101.93,727.341
2564,20,83,-14.2676,5083.62,738.797
2565,20,84,-14.0271,5073.75,749.545
2566,20,85,-13.5475,5053.93,761.289
2567,20,86,-12.8483,5024.8,774.648
2568,20,87,-12.1383,4994.98,788.218
2569,20,88,-11.4705,4966.71,801.543
2570,20,89,-11.0073,4946.95,813.481
2571,20,90,-10.4712,4923.9,825.999
2572,20,91,-10.069,4906.46,837.713
2573,20,92,-9.8082,4895.08,848.776
2574,20,93,-9.30044,4872.74,861.401
2575,20,94,-8.78938,4850.08,874.151
2576,20,95,-8.56944,4840.25,885.14
2577,20,96,-8.35794,4830.74,896.114
2578,20,97,-8.02417,4815.61,907.767
2579,20,98,-7.63231,4797.71,919.914
2580,20,99,-7.25324,4780.27,932.032
2581,20,100,-6.89168,4763.52,944.078
2582,20,101,-6.63828,4751.7,955.41
2583,20,102,-6.35067,4738.18,967.01
2584,20,103,-6.09652,4726.15,978.423
2585,20,104,-5.88484,4716.06,989.604
2586,20,105,-5.60397,4702.58,1001.31
2587,20,106,-5.30323,4688.04,1013.24
2588,20,107,-5.23834,4684.88,1023.87
2589,20,108,-5.05066,4675.69,1035.01
2590,20,109,-4.78382,4662.52,1046.81
2591,20,110,-4.51206,4649.03,1058.71
2592,20,111,-4.23947,4635.4,1070.68
2593,20,112,-4.04714,4625.72,1081.98
2594,20,113,-3.86021,4616.24,1093.26
2595,20,114,-3.66204,4606.14,1104.66
2596,20,115,-3.54445,4600.1,1115.53
2597,20,116,-3.41401,4593.36,1126.48
2598,20,117,-3.20735,4582.62,1138.08
2599,20,118,-2.99514,4571.51,1149.79
2600,20,119,-2.93507,4568.35,1160.43
2601,20,120,-2.7804,4560.15,1171.63
2602,20,121,-2.49755,4545.06,1184.52
2603,20,122,-2.15345,4526.6,1198.63
2604,20,123,-1.84697,4510.05,1212.07
2605,20,124,-1.6189,4497.66,1224.29
2606,20,125,-1.45353,4488.61,1235.76
2607,20,126,-1.32953,4481.79,1246.87
2608,20,127,-1.25926,4477.91,1257.63
2609,20,128,-1.24331,4477.02,1268.21
2610,20,129,-1.19728,4474.44,1278.85
2611,20,130,-1.07904,4467.78,1289.97
2612,20,131,-1.04141,4465.65,1300.58
2613,20,132,-0.951691,4460.53,1311.48
2614,20,133,-0.711901,4446.79,1324.63
2615,20,134,-0.432497,4430.67,1338.8
2616,20,135,-0.201545,4417.28,1351.88
2617,20,136,-0.0170024,4406.51,1364.11
2618,20,137,0.0758545,4401.07,1375.13
2619,20,138,0.125504,4398.14,1385.85
2620,20,139,0.177206,4395.07,1396.57
2621,20,140,0.182418,4394.76,1407.14
2622,20,141,0.216972,4392.68,1417.77
2623,20,142,0.311821,4386.96,1428.88
2624,20,143,0.373698,4383.21,1439.67
2625,21,30,21.3091,4338.4,106.853
2626,21,31,2.68727,4785.32,120.038
2627,21,32,-15.1325,5218.94,133.578
2628,21,33,-20.4489,5350.07,143.86
2629,21,34,-24.6121,5454.15,154.031
2630,21,35,-31.1629,5620.11,165.056
2631,21,36,-25.1726,5466.36,176.184
2632,21,37,-17.5132,5267.21,188.676
2633,21,38,-16.1555,5231.46,198.633
2634,21,39,-13.4096,5158.24,208.991
2635,21,40,-12.1918,5125.36,218.898
2636,21,41,-12.406,5131.21,228.622
2637,21,42,-12.0047,5120.11,238.313
2638,21,43,-11.6058,5108.94,247.962
2639,21,44,-13.2297,5154.95,258.16
2640,21,45,-13.0959,5151.11,267.718
2641,21,46,-13.4891,5162.52,277.282
2642,21,47,-15.3679,5217.63,288.214
2643,21,48,-15.3736,5217.8,297.699
2644,21,49,-19.0611,5328.42,314.114
2645,21,50,-22.3867,5429.3,329.22
2646,21,51,-23.7317,5470.54,339.965
2647,21,52,-26.5447,5557.75,354.232
2648,21,53,-29.2168,5641.47,368.265
2649,21,54,-31.2894,5707.11,380.873
2650,21,55,-33.4503,5776.25,393.945
2651,21,56,-34.7825,5819.33,405.292
2652,21,57,-35.0326,5827.5,415.442
2653,21,58,-34.1266,5797.6,426.254
2654,21,59,-33.7413,5784.76,436.47
2655,21,60,-33.4135,5773.72,446.635
2656,21,61,-32.3472,5737.47,458.107
2657,21,62,-30.7394,5682.27,471.651
2658,21,63,-29.5622,5641.46,483.728
2659,21,64,-28.1006,5590.3,497.08
2660,21,65,-26.8005,5544.36,509.928
2661,21,66,-25.9941,5515.6,521.232
2662,21,67,-25.0005,5479.83,533.247
2663,21,68,-24.2854,5453.85,544.477
2664,21,69,-23.2719,5416.69,556.881
2665,21,70,-22.1876,5376.57,569.763
2666,21,71,-21.7578,5360.53,580.477
2667,21,72,-21.0896,5335.36,591.903
2668,21,73,-20.2098,5301.92,604.323
2669,21,74,-19.2077,5263.51,617.54
2670,21,75,-18.3699,5231.12,630.005
2671,21,76,-17.554,5199.29,642.489
2672,21,77,-16.9281,5174.67,654.184
2673,21,78,-16.4939,5157.45,665.236
2674,21,79,-15.8236,5130.64,677.349
2675,21,80,-15.3818,5112.82,688.531
2676,21,81,-14.7135,5085.64,700.871
2677,21,82,-13.9386,5053.87,714.026
2678,21,83,-13.4987,5035.69,725.374
2679,21,84,-13.2747,5026.36,736.042
2680,21,85,-12.8035,5006.57,747.673
2681,21,86,-12.1056,4977.02,760.911
2682,21,87,-11.3966,4946.77,774.362
2683,21,88,-10.731,4918.15,787.569
2684,21,89,-10.2758,4898.43,799.394
2685,21,90,-9.74537,4875.26,811.796
2686,21,91,-9.35222,4857.96,823.4
2687,21,92,-9.10411,4846.96,834.366
2688,21,93,-8.60172,4824.52,846.878
2689,21,94,-8.09573,4801.75,859.517
2690,21,95,-7.88843,4792.36,870.412
2691,21,96,-7.68929,4783.26,881.293
2692,21,97,-7.36421,4768.31,892.837
2693,21,98,-6.97922,4750.47,904.874
2694,21,99,-6.6071,4733.11,916.882
2695,21,100,-6.25265,4716.45,928.82
2696,21,101,-6.00877,4704.9,940.047
2697,21,102,-5.7295,4691.59,951.539
2698,21,103,-5.48419,4679.82,962.847
2699,21,104,-5.28206,4670.05,973.926
2700,21,105,-5.00876,4656.75,985.521
2701,21,106,-4.71487,4642.35,997.346
2702,21,107,-4.66201,4639.74,1007.9
2703,21,108,-4.48316,4630.85,1018.94
2704,21,109,-4.22308,4617.85,1030.64
2705,21,110,-3.95774,4604.5,1042.43
2706,21,111,-3.69134,4591,1054.3
2707,21,112,-3.50674,4581.58,1065.49
2708,21,113,-3.32742,4572.38,1076.67
2709,21,114,-3.13637,4562.51,1087.97
2710,21,115,-3.02737,4556.84,1098.74
2711,21,116,-2.90499,4550.43,1109.59
2712,21,117,-2.70456,4539.88,1121.09
2713,21,118,-2.49827,4528.95,1132.69
2714,21,119,-2.44703,4526.21,1143.25
2715,21,120,-2.29903,4518.27,1154.35
2716,21,121,-2.02011,4503.21,1167.16
2717,21,122,-1.67862,4484.65,1181.22
2718,21,123,-1.37542,4468.08,1194.59
2719,21,124,-1.15203,4455.79,1206.72
2720,21,125,-0.992399,4446.96,1218.09
2721,21,126,-0.874757,4440.41,1229.1
2722,21,127,-0.811681,4436.88,1239.77
2723,21,128,-0.803722,4436.43,1250.28
2724,21,129,-0.764914,4434.23,1260.85
2725,21,130,-0.65238,4427.82,1271.87
2726,21,131,-0.621759,4426.06,1282.4
2727,21,132,-0.537936,4421.23,1293.2
2728,21,133,-0.301225,4407.5,1306.29
2729,21,134,-0.0241239,4391.33,1320.42
2730,21,135,0.203743,4377.97,1333.44
2731,21,136,0.384479,4367.3,1345.58
2732,21,137,0.47206,4362.11,1356.51
2733,21,138,0.515836,4359.49,1367.13
2734,21,139,0.561847,4356.73,1377.77
2735,21,140,0.560734,4356.8,1388.28
2736,21,141,0.589607,4355.05,1398.83
2737,21,142,0.679902,4349.54,1409.84
2738,21,143,0.736799,4346.05,1420.54
2739,22,31,9.68364,4589.42,109.901
2740,22,32,-12.6482,5147.72,123.584
2741,22,33,-19.2647,5315.34,133.969
2742,22,34,-24.2505,5443.31,144.218
2743,22,35,-31.7888,5639.3,155.231
2744,22,36,-24.9164,5458.33,166.355
2745,22,37,-16.3316,5229.4,178.702
2746,22,38,-14.9532,5192.18,188.697
2747,22,39,-12.0358,5112.44,199.034
2748,22,40,-10.8344,5079.2,208.958
2749,22,41,-11.2057,5089.6,218.736
2750,22,42,-10.8805,5080.39,228.459
2751,22,43,-10.5476,5070.84,238.135
2752,22,44,-12.4046,5124.7,248.408
2753,22,45,-12.3285,5122.46,258.001
2754,22,46,-12.8145,5136.88,267.616
2755,22,47,-14.8897,5199.14,278.6
2756,22,48,-14.9313,5200.4,288.122
2757,22,49,-18.9138,5322.53,304.417
2758,22,50,-22.4789,5433.05,319.384
2759,22,51,-23.9074,5477.81,330.123
2760,22,52,-26.8906,5572.27,344.239
2761,22,53,-29.7081,5662.43,358.113
2762,22,54,-31.8765,5732.55,370.607
2763,22,55,-34.13,5806.16,383.54
2764,22,56,-35.4994,5851.35,394.814
2765,22,57,-35.7237,5858.83,404.969
2766,22,58,-34.7313,5825.42,415.843
2767,22,59,-34.2939,5810.55,426.098
2768,22,60,-33.9209,5797.74,436.301
2769,22,61,-32.776,5758.05,447.827
2770,22,62,-31.0688,5698.3,461.401
2771,22,63,-29.8199,5654.17,473.503
2772,22,64,-28.2783,5599.19,486.852
2773,22,65,-26.911,5549.96,499.691
2774,22,66,-26.0639,5519.18,511.005
2775,22,67,-25.024,5481.06,523.011
2776,22,68,-24.2775,5453.44,534.242
2777,22,69,-23.2221,5414.03,546.619
2778,22,70,-22.0956,5371.6,559.456
2779,22,71,-21.6523,5354.76,570.174
2780,22,72,-20.962,5328.3,581.582
2781,22,73,-20.0532,5293.16,593.957
2782,22,74,-19.0193,5252.83,607.106
2783,22,75,-18.1575,5218.93,619.517
2784,22,76,-17.3195,5185.7,631.943
2785,22,77,-16.6797,5160.1,643.599
2786,22,78,-16.239,5142.33,654.63
2787,22,79,-15.5544,5114.49,666.689
2788,22,80,-15.1067,5096.13,677.841
2789,22,81,-14.4253,5067.97,690.118
2790,22,82,-13.6345,5035.01,703.189
2791,22,83,-13.1901,5016.35,714.498
2792,22,84,-12.9688,5006.99,725.151
2793,22,85,-12.4925,4986.66,736.732
2794,22,86,-11.7827,4956.14,749.882
2795,22,87,-11.062,4924.91,763.239
2796,22,88,-10.3865,4895.41,776.359
2797,22,89,-9.92807,4875.24,788.124
2798,22,90,-9.39231,4851.49,800.453
2799,22,91,-8.99801,4833.88,812.003
2800,22,92,-8.7529,4822.85,822.934
2801,22,93,-8.24631,4799.88,835.369
2802,22,94,-7.7362,4776.59,847.928
2803,22,95,-7.53301,4767.24,858.79
2804,22,96,-7.33803,4758.21,869.636
2805,22,97,-7.01364,4743.07,881.123
2806,22,98,-6.62776,4724.93,893.092
2807,22,99,-6.25511,4707.29,905.031
2808,22,100,-5.9006,4690.39,916.901
2809,22,101,-5.65942,4678.82,928.078
2810,22,102,-5.38188,4665.4,939.512
2811,22,103,-5.13907,4653.59,950.765
2812,22,104,-4.94038,4643.85,961.796
2813,22,105,-4.66871,4630.45,973.33
2814,22,106,-4.3759,4615.91,985.087
2815,22,107,-4.3297,4613.6,995.622
2816,22,108,-4.15438,4604.77,1006.61
2817,22,109,-3.89586,4591.67,1018.24
2818,22,110,-3.63191,4578.21,1029.97
2819,22,111,-3.36683,4564.6,1041.77
2820,22,112,-3.18531,4555.23,1052.91
2821,22,113,-3.00907,4546.06,1064.03
2822,22,114,-2.82076,4536.21,1075.27
2823,22,115,-2.71616,4530.7,1086
2824,22,116,-2.59775,4524.42,1096.8
2825,22,117,-2.39955,4513.85,1108.24
2826,22,118,-2.1953,4502.89,1119.78
2827,22,119,-2.14919,4500.4,1130.3
2828,22,120,-2.00422,4492.52,1141.35
2829,22,121,-1.72562,4477.29,1154.08
2830,22,122,-1.3832,4458.46,1168.06
2831,22,123,-1.07984,4441.67,1181.36
2832,22,124,-0.857853,4429.32,1193.41
2833,22,125,-0.700811,4420.52,1204.73
2834,22,126,-0.586482,4414.08,1215.68
2835,22,127,-0.527656,4410.75,1226.31
2836,22,128,-0.524856,4410.59,1236.8
2837,22,129,-0.490495,4408.62,1247.34
2838,22,130,-0.38093,4402.3,1258.3
2839,22,131,-0.354689,4400.78,1268.8
2840,22,132,-0.274167,4396.08,1279.55
2841,22,133,-0.0379395,4382.22,1292.57
2842,22,134,0.239406,4365.86,1306.64
2843,22,135,0.466647,4352.38,1319.59
2844,22,136,0.645954,4341.68,1331.66
2845,22,137,0.730537,4336.6,1342.53
2846,22,138,0.770643,4334.18,1353.12
2847,22,139,0.813115,4331.61,1363.72
2848,22,140,0.807761,4331.93,1374.21
2849,22,141,0.832998,4330.38,1384.73
2850,22,142,0.920762,4324.97,1395.68
2851,22,143,0.974644,4321.63,1406.33
2852,23,32,-12.4921,5143.19,113.547
2853,23,33,-20.34,5347.24,123.991
2854,23,34,-25.9776,5495.7,134.278
2855,23,35,-34.4099,5720.56,145.205
2856,23,36,-26.1813,5498.38,156.414
2857,23,37,-16.2832,5227.84,168.719
2858,23,38,-14.7385,5185.1,178.778
2859,23,39,-11.5032,5094.51,189.14
2860,23,40,-10.2275,5058.36,199.109
2861,23,41,-10.7018,5071.96,208.947
2862,23,42,-10.3944,5063.05,218.72
2863,23,43,-10.0761,5053.71,228.442
2864,23,44,-12.1448,5115.08,238.757
2865,23,45,-12.0847,5113.28,248.396
2866,23,46,-12.6315,5129.87,258.058
2867,23,47,-14.8874,5199.05,269.037
2868,23,48,-14.9323,5200.44,278.601
2869,23,49,-19.2097,5334.46,294.66
2870,23,50,-23.0083,5454.75,309.413
2871,23,51,-24.4989,5502.45,320.113
2872,23,52,-27.6415,5604.06,334.027
2873,23,53,-30.5923,5700.46,347.703
2874,23,54,-32.841,5774.66,360.051
2875,23,55,-35.1726,5852.38,372.816
2876,23,56,-36.5613,5899.13,383.993
2877,23,57,-36.7376,5905.13,394.142
2878,23,58,-35.6338,5867.23,405.102
2879,23,59,-35.124,5849.56,415.404
2880,23,60,-34.6877,5834.29,425.649
2881,23,61,-33.4447,5790.37,437.263
2882,23,62,-31.6188,5725.24,450.923
2883,23,63,-30.282,5677.12,463.086
2884,23,64,-28.6451,5617.65,476.474
2885,23,65,-27.1971,5564.56,489.339
2886,23,66,-26.2985,5531.3,500.681
2887,23,67,-25.202,5490.37,512.702
2888,23,68,-24.4153,5460.74,523.953
2889,23,69,-23.3091,5418.7,536.326
2890,23,70,-22.132,5373.58,549.143
2891,23,71,-21.6692,5355.68,559.876
2892,23,72,-20.9506,5327.66,571.283
2893,23,73,-20.0066,5290.53,583.633
2894,23,74,-18.9347,5248.01,596.735
2895,23,75,-18.0435,5212.36,609.111
2896,23,76,-17.1788,5177.49,621.497
2897,23,77,-16.5208,5150.73,633.128
2898,23,78,-16.07,5132.25,644.148
2899,23,79,-15.3673,5103.2,656.168
2900,23,80,-14.9106,5084.17,667.303
2901,23,81,-14.2128,5054.86,679.531
2902,23,82,-13.4027,5020.57,692.533
2903,23,83,-12.9514,5001.31,703.814
2904,23,84,-12.7307,4991.82,714.461
2905,23,85,-12.2468,4970.85,726.004
2906,23,86,-11.5225,4939.23,739.078
2907,23,87,-10.7876,4906.89,752.354
2908,23,88,-10.0999,4876.4,765.395
2909,23,89,-9.63638,4855.7,777.113
2910,23,90,-9.09344,4831.27,789.379
2911,23,91,-8.69638,4813.27,800.884
2912,23,92,-8.45288,4802.15,811.79
2913,23,93,-7.94047,4778.58,824.158
2914,23,94,-7.42468,4754.68,836.647
2915,23,95,-7.22446,4745.33,847.483
2916,23,96,-7.03255,4736.31,858.304
2917,23,97,-6.70766,4720.94,869.744
2918,23,98,-6.31968,4702.44,881.652
2919,23,99,-5.94535,4684.47,893.532
2920,23,100,-5.58969,4667.28,905.343
2921,23,101,-5.35028,4655.63,916.478
2922,23,102,-5.07353,4642.07,927.863
2923,23,103,-4.83233,4630.17,939.071
2924,23,104,-4.63628,4620.44,950.063
2925,23,105,-4.36539,4606.89,961.542
2926,23,106,-4.07283,4592.17,973.24
2927,23,107,-4.03268,4590.13,983.763
2928,23,108,-3.86018,4581.33,994.715
2929,23,109,-3.60248,4568.11,1006.29
2930,23,110,-3.3392,4554.5,1017.96
2931,23,111,-3.07475,4540.75,1029.69
2932,23,112,-2.89568,4531.38,1040.78
2933,23,113,-2.72194,4522.23,1051.86
2934,23,114,-2.53577,4512.36,1063.05
2935,23,115,-2.43505,4506.99,1073.74
2936,23,116,-2.32011,4500.82,1084.51
2937,23,117,-2.12357,4490.21,1095.89
2938,23,118,-1.92082,4479.19,1107.37
2939,23,119,-1.87942,4476.93,1117.87
2940,23,120,-1.737,4469.1,1128.88
2941,23,121,-1.45816,4453.67,1141.53
2942,23,122,-1.11425,4434.52,1155.43
2943,23,123,-0.81021,4417.5,1168.65
2944,23,124,-0.589154,4405.04,1180.64
2945,23,125,-0.43428,4396.27,1191.9
2946,23,126,-0.322878,4389.92,1202.81
2947,23,127,-0.267953,4386.77,1213.4
2948,23,128,-0.27,4386.89,1223.89
2949,23,129,-0.23976,4385.13,1234.39
2950,23,130,-0.13281,4378.89,1245.31
2951,23,131,-0.110639,4377.59,1255.79
2952,23,132,-0.0330911,4373.02,1266.5
2953,23,133,0.203049,4359.01,1279.45
2954,23,134,0.481044,4342.42,1293.44
2955,23,135,0.70803,4328.8,1306.32
2956,23,136,0.886249,4318.05,1318.33
2957,23,137,0.968124,4313.08,1329.16
2958,23,138,1.00482,4310.84,1339.72
2959,23,139,1.04402,4308.44,1350.28
2960,23,140,1.03466,4309.02,1360.76
2961,23,141,1.05651,4307.66,1371.25
2962,23,142,1.14201,4302.33,1382.15
2963,23,143,1.19313,4299.13,1392.77
2964,24,33,-41.4079,5979.27,110.879
2965,24,34,-44.24,6055.74,120.719
2966,24,35,-51.0339,6241.44,131.007
2967,24,36,-38.9819,5908,143.233
2968,24,37,-25.8411,5540.06,156.578
2969,24,38,-22.8161,5454.35,166.727
2970,24,39,-18.1666,5321.07,177.341
2971,24,40,-15.9569,5256.98,187.397
2972,24,41,-15.8473,5253.77,197.173
2973,24,42,-14.966,5227.62,206.951
2974,24,43,-14.1586,5203.4,216.679
2975,24,44,-16.0356,5260.34,226.761
2976,24,45,-15.6163,5247.48,236.368
2977,24,46,-15.9036,5256.39,245.915
2978,24,47,-18.0747,5324.42,256.606
2979,24,48,-17.8682,5317.88,266.107
2980,24,49,-22.2489,5458.06,281.909
2981,24,50,-26.1037,5582.7,296.388
2982,24,51,-27.4796,5627.64,306.846
2983,24,52,-30.6334,5731.72,320.503
2984,24,53,-33.5815,5829.99,333.927
2985,24,54,-35.7824,5904.09,346.011
2986,24,55,-38.0759,5982.06,358.523
2987,24,56,-39.3728,6026.59,369.451
2988,24,57,-39.3941,6027.33,379.48
2989,24,58,-38.0754,5981.18,390.686
2990,24,59,-37.4017,5957.37,401.043
2991,24,60,-36.8186,5936.57,411.328
2992,24,61,-35.3981,5885.44,423.289
2993,24,62,-33.3783,5812.05,437.525
2994,24,63,-31.8868,5757.36,450.013
2995,24,64,-30.0917,5690.94,463.8
2996,24,65,-28.5059,5631.74,476.962
2997,24,66,-27.5046,5594.02,488.455
2998,24,67,-26.3034,5548.38,500.665
2999,24,68,-25.4328,5515.01,512.036
3000,24,69,-24.2343,5468.66,524.585
3001,24,70,-22.9677,5419.27,537.575
3002,24,71,-22.4508,5398.93,548.367
3003,24,72,-21.671,5368,559.87
3004,24,73,-20.6604,5327.58,572.339
3005,24,74,-19.5209,5281.62,585.562
3006,24,75,-18.5729,5243.06,598.029
3007,24,76,-17.6555,5205.45,610.495
3008,24,77,-16.9555,5176.52,622.188
3009,24,78,-16.4725,5156.4,633.254
3010,24,79,-15.7304,5125.22,645.33
3011,24,80,-15.2449,5104.67,656.507
3012,24,81,-14.5115,5073.38,668.782
3013,24,82,-13.6638,5036.93,681.825
3014,24,83,-13.1888,5016.34,693.14
3015,24,84,-12.953,5006.05,703.811
3016,24,85,-12.4463,4983.76,715.385
3017,24,86,-11.6927,4950.35,728.479
3018,24,87,-10.9295,4916.26,741.767
3019,24,88,-10.2163,4884.16,754.816
3020,24,89,-9.73521,4862.35,766.548
3021,24,90,-9.17311,4836.68,778.821
3022,24,91,-8.76203,4817.77,790.337
3023,24,92,-8.50957,4806.08,801.257
3024,24,93,-7.9809,4781.41,813.623
3025,24,94,-7.44944,4756.43,826.106
3026,24,95,-7.24297,4746.65,836.954
3027,24,96,-7.0453,4737.23,847.786
3028,24,97,-6.71128,4721.2,859.229
3029,24,98,-6.31286,4701.94,871.132
3030,24,99,-5.92885,4683.25,883.005
3031,24,100,-5.56439,4665.39,894.809
3032,24,101,-5.31949,4653.31,905.946
3033,24,102,-5.03651,4639.26,917.327
3034,24,103,-4.79021,4626.94,928.534
3035,24,104,-4.59035,4616.88,939.527
3036,24,105,-4.31398,4602.88,950.999
3037,24,106,-4.01561,4587.66,962.685
3038,24,107,-3.97586,4585.62,973.217
3039,24,108,-3.80064,4576.57,984.168
3040,24,109,-3.53834,4562.93,995.727
3041,24,110,-3.27048,4548.91,1007.38
3042,24,111,-3.00157,4534.75,1019.1
3043,24,112,-2.82013,4525.13,1030.18
3044,24,113,-2.6442,4515.75,1041.25
3045,24,114,-2.45566,4505.63,1052.44
3046,24,115,-2.35449,4500.17,1063.13
3047,24,116,-2.2388,4493.88,1073.89
3048,24,117,-2.03982,4483.01,1085.26
3049,24,118,-1.83456,4471.72,1096.72
3050,24,119,-1.7941,4469.48,1107.23
3051,24,120,-1.6505,4461.48,1118.22
3052,24,121,-1.36773,4445.65,1130.84
3053,24,122,-1.0187,4425.99,1144.68
3054,24,123,-0.71049,4408.52,1157.86
3055,24,124,-0.487031,4395.78,1169.82
3056,24,125,-0.331123,4386.85,1181.06
3057,24,126,-0.219561,4380.41,1191.96
3058,24,127,-0.165566,4377.28,1202.55
3059,24,128,-0.169603,4377.52,1213.04
3060,24,129,-0.140686,4375.82,1223.55
3061,24,130,-0.033589,4369.5,1234.46
3062,24,131,-0.0128455,4368.27,1244.94
3063,24,132,0.0643314,4363.67,1255.64
3064,24,133,0.302994,4349.35,1268.54
3065,24,134,0.584197,4332.38,1282.48
3066,24,135,0.813394,4318.48,1295.31
3067,24,136,0.992902,4307.53,1307.29
3068,24,137,1.07434,4302.53,1318.11
3069,24,138,1.10983,4300.34,1328.66
3070,24,139,1.14789,4297.98,1339.22
3071,24,140,1.1366,4298.69,1349.7
3072,24,141,1.15709,4297.4,1360.19
3073,24,142,1.24234,4292.03,1371.08
3074,24,143,1.29263,4288.85,1381.69
3075,25,34,-71.8321,6911.1,101.649
3076,25,35,-74.8445,6995.45,110.695
3077,25,36,-56.8154,6484.62,127.332
3078,25,37,-38.9093,5971.31,143.275
3079,25,38,-33.5853,5816.91,153.671
3080,25,39,-26.88,5620.23,164.764
3081,25,40,-23.3049,5514.16,175.002
3082,25,41,-22.3179,5484.56,184.736
3083,25,42,-20.6197,5433.04,194.564
3084,25,43,-19.1323,5387.43,204.342
3085,25,44,-20.6995,5436.01,214.162
3086,25,45,-19.7961,5407.71,223.769
3087,25,46,-19.7295,5405.6,233.205
3088,25,47,-21.7568,5470.47,243.574
3089,25,48,-21.2263,5453.32,253.036
3090,25,49,-25.6887,5599.09,268.63
3091,25,50,-29.5755,5727.35,282.854
3092,25,51,-30.7962,5768.04,293.045
3093,25,52,-33.9383,5873.83,306.449
3094,25,53,-36.8618,5973.23,319.622
3095,25,54,-38.9907,6046.32,331.424
3096,25,55,-41.2252,6123.78,343.672
3097,25,56,-42.4063,6165.12,354.326
3098,25,57,-42.2451,6159.43,364.244
3099,25,58,-40.6811,6103.64,375.82
3100,25,59,-39.82,6072.64,386.289
3101,25,60,-39.0702,6045.4,396.664
3102,25,61,-37.4512,5986.04,409.086
3103,25,62,-35.217,5903.37,424.031
3104,25,63,-33.5547,5841.31,436.91
3105,25,64,-31.5865,5767.18,451.15
3106,25,65,-29.8504,5701.21,464.643
3107,25,66,-28.7374,5658.54,476.303
3108,25,67,-27.423,5607.72,488.715
3109,25,68,-26.462,5570.24,500.218
3110,25,69,-25.1645,5519.2,512.947
3111,25,70,-23.8023,5465.17,526.11
3112,25,71,-23.2279,5442.19,536.967
3113,25,72,-22.3832,5408.12,548.566
3114,25,73,-21.3023,5364.17,561.151
3115,25,74,-20.0915,5314.52,574.487
3116,25,75,-19.084,5272.88,587.039
3117,25,76,-18.1117,5232.37,599.579
3118,25,77,-17.368,5201.13,611.329
3119,25,78,-16.8519,5179.28,622.438
3120,25,79,-16.0689,5145.88,634.566
3121,25,80,-15.554,5123.74,645.781
3122,25,81,-14.7841,5090.37,658.097
3123,25,82,-13.8977,5051.67,671.171
3124,25,83,-13.3987,5029.71,682.515
3125,25,84,-13.148,5018.6,693.211
3126,25,85,-12.6183,4994.94,704.81
3127,25,86,-11.8349,4959.68,717.916
3128,25,87,-11.043,4923.78,731.207
3129,25,88,-10.3039,4890.03,744.256
3130,25,89,-9.80531,4867.1,755.997
3131,25,90,-9.22406,4840.17,768.27
3132,25,91,-8.79919,4820.34,779.793
3133,25,92,-8.5382,4808.07,790.726
3134,25,93,-7.99338,4782.28,803.085
3135,25,94,-7.44639,4756.21,815.555
3136,25,95,-7.23419,4746.02,826.413
3137,25,96,-7.03127,4736.22,837.254
3138,25,97,-6.68849,4719.53,848.696
3139,25,98,-6.27991,4699.51,860.589
3140,25,99,-5.88654,4680.11,872.452
3141,25,100,-5.5136,4661.59,884.244
3142,25,101,-5.26366,4649.09,895.38
3143,25,102,-4.97485,4634.55,906.754
3144,25,103,-4.72388,4621.84,917.956
3145,25,104,-4.52069,4611.47,928.948
3146,25,105,-4.23921,4597.02,940.409
3147,25,106,-3.93539,4581.33,952.079
3148,25,107,-3.89661,4579.31,962.62
3149,25,108,-3.71911,4570.02,973.568
3150,25,109,-3.45255,4555.98,985.111
3151,25,110,-3.18045,4541.56,996.749
3152,25,111,-2.90744,4527,1008.45
3153,25,112,-2.72401,4517.16,1019.52
3154,25,113,-2.54629,4507.56,1030.58
3155,25,114,-2.35573,4497.21,1041.75
3156,25,115,-2.25453,4491.67,1052.44
3157,25,116,-2.13851,4485.29,1063.2
3158,25,117,-1.9374,4474.16,1074.55
3159,25,118,-1.72995,4462.62,1085.99
3160,25,119,-1.69084,4460.43,1096.5
3161,25,120,-1.5464,4452.29,1107.48
3162,25,121,-1.25995,4436.06,1120.06
3163,25,122,-0.90599,4415.88,1133.85
3164,25,123,-0.593835,4397.98,1146.97
3165,25,124,-0.368241,4384.97,1158.9
3166,25,125,-0.211598,4375.89,1170.12
3167,25,126,-0.100192,4369.39,1181
3168,25,127,-0.0474663,4366.3,1191.59
3169,25,128,-0.053852,4366.67,1202.09
3170,25,129,-0.0265893,4365.06,1212.6
3171,25,130,0.0803758,4358.67,1223.49
3172,25,131,0.0993769,4357.53,1233.97
3173,25,132,0.175905,4352.92,1244.67
3174,25,133,0.416899,4338.3,1257.52
3175,25,134,0.701144,4320.96,1271.4
3176,25,135,0.932364,4306.78,1284.19
3177,25,136,1.11295,4295.64,1296.13
3178,25,137,1.19371,4290.63,1306.93
3179,25,138,1.22773,4288.51,1317.48
3180,25,139,1.2644,4286.21,1328.03
3181,25,140,1.2509,4287.07,1338.52
3182,25,141,1.26979,4285.87,1349.01
3183,25,142,1.35457,4280.47,1359.88
3184,25,143,1.40383,4277.32,1370.48
3185,26,35,-89.1867,7454.39,96.6086
3186,26,36,-65.2718,6760.86,116.687
3187,26,37,-42.972,6106.74,133.2
3188,26,38,-36.2038,5905.95,143.741
3189,26,39,-28.1666,5664.83,154.923
3190,26,40,-23.9432,5536.72,165.234
3191,26,41,-22.7531,5500.22,175.042
3192,26,42,-20.8039,5439.8,184.931
3193,26,43,-19.1308,5387.37,194.762
3194,26,44,-20.8632,5442.23,204.622
3195,26,45,-19.853,5409.91,214.281
3196,26,46,-19.7747,5407.37,223.769
3197,26,47,-21.9822,5479.49,234.134
3198,26,48,-21.3859,5459.81,243.645
3199,26,49,-26.2069,5620.51,258.968
3200,26,50,-30.3632,5760.44,272.958
3201,26,51,-31.6171,5803.07,283.122
3202,26,52,-34.9313,5916.86,296.313
3203,26,53,-37.9926,6022.98,309.276
3204,26,54,-40.1904,6099.91,320.93
3205,26,55,-42.4938,6181.29,333.002
3206,26,56,-43.6693,6223.22,343.567
3207,26,57,-43.4191,6214.21,353.51
3208,26,58,-41.6892,6151.36,365.222
3209,26,59,-40.7181,6115.75,375.771
3210,26,60,-39.8741,6084.52,386.216
3211,26,61,-38.1205,6019.06,398.742
3212,26,62,-35.7294,5928.99,413.754
3213,26,63,-33.9526,5861.47,426.675
3214,26,64,-31.863,5781.37,440.916
3215,26,65,-30.0264,5710.35,454.398
3216,26,66,-28.8505,5664.49,466.066
3217,26,67,-27.4681,5610.12,478.464
3218,26,68,-26.4603,5570.14,489.964
3219,26,69,-25.1038,5515.89,502.656
3220,26,70,-23.6839,5458.62,515.764
3221,26,71,-23.0896,5434.45,526.621
3222,26,72,-22.2149,5398.58,538.196
3223,26,73,-21.096,5352.34,550.726
3224,26,74,-19.8442,5300.18,563.983
3225,26,75,-18.8062,5256.58,576.473
3226,26,76,-17.8067,5214.27,588.948
3227,26,77,-17.0461,5181.82,600.652
3228,26,78,-16.5227,5159.31,611.735
3229,26,79,-15.7229,5124.66,623.802
3230,26,80,-15.2019,5101.9,634.983
3231,26,81,-14.417,5067.37,647.23
3232,26,82,-13.5124,5027.27,660.214
3233,26,83,-13.0094,5004.8,671.514
3234,26,84,-12.7635,4993.73,682.193
3235,26,85,-12.229,4969.5,693.737
3236,26,86,-11.4326,4933.13,706.749
3237,26,87,-10.6281,4896.13,719.943
3238,26,88,-9.8788,4861.41,732.898
3239,26,89,-9.37788,4838.03,744.576
3240,26,90,-8.7919,4810.49,756.772
3241,26,91,-8.36724,4790.39,768.237
3242,26,92,-8.11136,4778.19,779.133
3243,26,93,-7.56307,4751.87,791.411
3244,26,94,-7.01269,4725.27,803.798
3245,26,95,-6.80682,4715.25,814.621
3246,26,96,-6.61022,4705.62,825.425
3247,26,97,-6.26962,4688.82,836.807
3248,26,98,-5.86132,4668.54,848.628
3249,26,99,-5.46863,4648.9,860.419
3250,26,100,-5.09689,4630.19,872.141
3251,26,101,-4.85134,4617.75,883.223
3252,26,102,-4.56574,4603.19,894.536
3253,26,103,-4.31882,4590.51,905.681
3254,26,104,-4.12074,4580.28,916.624
3255,26,105,-3.84222,4565.79,928.019
3256,26,106,-3.5407,4550.01,939.619
3257,26,107,-3.51061,4548.43,950.14
3258,26,108,-3.33813,4539.29,961.037
3259,26,109,-3.07429,4525.22,972.512
3260,26,110,-2.8047,4510.75,984.08
3261,26,111,-2.53407,4496.13,995.707
3262,26,112,-2.35501,4486.41,1006.72
3263,26,113,-2.18164,4476.93,1017.72
3264,26,114,-1.99499,4466.66,1028.83
3265,26,115,-1.89956,4461.38,1039.48
3266,26,116,-1.78878,4455.22,1050.19
3267,26,117,-1.59091,4444.13,1061.47
3268,26,118,-1.38645,4432.62,1072.85
3269,26,119,-1.35382,4430.77,1083.33
3270,26,120,-1.21343,4422.77,1094.25
3271,26,121,-0.927952,4406.4,1106.75
3272,26,122,-0.573536,4385.96,1120.45
3273,26,123,-0.261796,4367.88,1133.5
3274,26,124,-0.0383513,4354.85,1145.35
3275,26,125,0.114826,4345.86,1156.51
3276,26,126,0.221974,4339.54,1167.34
3277,26,127,0.269417,4336.72,1177.89
3278,26,128,0.256754,4337.48,1188.37
3279,26,129,0.278568,4336.17,1198.84
3280,26,130,0.381758,4329.94,1209.68
3281,26,131,0.395431,4329.11,1220.13
3282,26,132,0.467856,4324.7,1230.78
3283,26,133,0.707907,4309.97,1243.56
3284,26,134,0.992028,4292.45,1257.36
3285,26,135,1.22216,4278.18,1270.08
3286,26,136,1.40078,4267.05,1281.95
3287,26,137,1.47784,4262.22,1292.69
3288,26,138,1.50744,4260.36,1303.21
3289,26,139,1.53984,4258.3,1313.72
3290,26,140,1.52132,4259.48,1324.19
3291,26,141,1.53587,4258.55,1334.65
3292,26,142,1.61756,4253.3,1345.46
3293,26,143,1.66319,4250.35,1356.01
3294,27,36,-69.3782,6896.37,107.082
3295,27,37,-42.2773,6083.35,123.292
3296,27,38,-34.4969,5847.34,133.837
3297,27,39,-25.4857,5571,144.91
3298,27,40,-21.042,5433.24,155.181
3299,27,41,-20.08,5403.1,165.018
3300,27,42,-18.2213,5344.24,174.894
3301,27,43,-16.6551,5294.12,184.703
3302,27,44,-18.8551,5365.26,194.67
3303,27,45,-17.95,5335.69,204.322
3304,27,46,-18.0541,5339.13,213.844
3305,27,47,-20.6357,5425.18,224.331
3306,27,48,-20.1076,5407.4,233.845
3307,27,49,-25.459,5589.35,249.215
3308,27,50,-30.024,5746.08,263.169
3309,27,51,-31.4054,5793.97,273.373
3310,27,52,-34.9907,5919.45,286.487
3311,27,53,-38.2744,6035.48,299.353
3312,27,54,-40.6091,6118.75,310.947
3313,27,55,-43.0425,6206.35,322.929
3314,27,56,-44.2597,6250.58,333.468
3315,27,57,-43.9553,6239.41,343.449
3316,27,58,-42.0838,6170.17,355.2
3317,27,59,-41.0299,6130.82,365.787
3318,27,60,-40.1179,6096.47,376.267
3319,27,61,-38.2502,6025.5,388.781
3320,27,62,-35.719,5928.47,403.698
3321,27,63,-33.8468,5856.08,416.562
3322,27,64,-31.6528,5770.51,430.694
3323,27,65,-29.7327,5694.99,444.079
3324,27,66,-28.5127,5646.59,455.703
3325,27,67,-27.0794,5589.26,468.025
3326,27,68,-26.0421,5547.42,479.477
3327,27,69,-24.642,5490.49,492.077
3328,27,70,-23.1785,5430.48,505.075
3329,27,71,-22.5803,5405.76,515.902
3330,27,72,-21.6896,5368.65,527.414
3331,27,73,-20.5455,5320.59,539.846
3332,27,74,-19.2644,5266.36,552.983
3333,27,75,-18.2078,5221.28,565.372
3334,27,76,-17.1922,5177.61,577.747
3335,27,77,-16.4259,5144.4,589.373
3336,27,78,-15.9062,5121.71,600.401
3337,27,79,-15.0995,5086.21,612.375
3338,27,80,-14.5823,5063.28,623.494
3339,27,81,-13.7914,5027.96,635.642
3340,27,82,-12.8769,4986.8,648.509
3341,27,83,-12.3785,4964.21,659.739
3342,27,84,-12.1459,4953.59,670.378
3343,27,85,-11.6142,4929.13,681.841
3344,27,86,-10.8117,4891.95,694.738
3345,27,87,-10.0012,4854.12,707.813
3346,27,88,-9.24796,4818.72,720.655
3347,27,89,-8.75116,4795.21,732.247
3348,27,90,-8.16645,4767.33,744.344
3349,27,91,-7.74797,4747.25,755.727
3350,27,92,-7.50311,4735.41,766.563
3351,27,93,-6.9566,4708.82,778.741
3352,27,94,-6.40788,4681.93,791.026
3353,27,95,-6.21357,4672.34,801.791
3354,27,96,-6.0283,4663.14,812.539
3355,27,97,-5.69449,4646.45,823.838
3356,27,98,-5.29083,4626.13,835.567
3357,27,99,-4.90302,4606.48,847.265
3358,27,100,-4.53651,4587.79,858.896
3359,27,101,-4.29936,4575.62,869.904
3360,27,102,-4.02077,4561.22,881.135
3361,27,103,-3.78159,4548.79,892.202
3362,27,104,-3.59221,4538.88,903.073
3363,27,105,-3.32002,4524.54,914.383
3364,27,106,-3.02402,4508.85,925.892
3365,27,107,-3.00593,4507.89,936.379
3366,27,108,-2.84156,4499.07,947.205
3367,27,109,-2.58333,4485.12,958.592
3368,27,110,-2.31901,4470.76,970.07
3369,27,111,-2.05344,4456.24,981.607
3370,27,112,-1.88139,4446.78,992.544
3371,27,113,-1.71492,4437.57,1003.47
3372,27,114,-1.53464,4427.53,1014.49
3373,27,115,-1.44741,4422.65,1025.08
3374,27,116,-1.34422,4416.84,1035.73
3375,27,117,-1.15176,4405.93,1046.92
3376,27,118,-0.95241,4394.57,1058.21
3377,27,119,-0.928409,4393.19,1068.64
3378,27,120,-0.794084,4385.44,1079.49
3379,27,121,-0.511426,4369.05,1091.9
3380,27,122,-0.158305,4348.45,1105.52
3381,27,123,0.151302,4330.29,1118.48
3382,27,124,0.370876,4317.33,1130.25
3383,27,125,0.518881,4308.55,1141.32
3384,27,126,0.620091,4302.51,1152.08
3385,27,127,0.660589,4300.08,1162.57
3386,27,128,0.640008,4301.32,1173.02
3387,27,129,0.654804,4300.43,1183.45
3388,27,130,0.752743,4294.45,1194.21
3389,27,131,0.75961,4294.03,1204.62
3390,27,132,0.82653,4289.9,1215.19
3391,27,133,1.06436,4275.16,1227.9
3392,27,134,1.34714,4257.53,1241.64
3393,27,135,1.57499,4243.25,1254.27
3394,27,136,1.75044,4232.2,1266.06
3395,27,137,1.82259,4227.63,1276.74
3396,27,138,1.84655,4226.1,1287.19
3397,27,139,1.87353,4224.38,1297.65
3398,27,140,1.84883,4225.97,1308.1
3399,27,141,1.85794,4225.38,1318.51
3400,27,142,1.93548,4220.34,1329.24
3401,27,143,1.97645,4217.66,1339.73
3402,28,37,-29.9412,5663.92,112.276
3403,28,38,-22.9891,5448.4,122.549
3404,28,39,-14.3941,5179.09,133.216
3405,28,40,-10.9731,5070.76,143.214
3406,28,41,-11.3121,5081.61,152.95
3407,28,42,-10.3746,5051.3,162.631
3408,28,43,-9.59353,5025.78,172.237
3409,28,44,-12.8831,5134.34,182.433
3410,28,45,-12.541,5122.93,191.926
3411,28,46,-13.2254,5145.98,201.4
3412,28,47,-16.548,5258.95,212.283
3413,28,48,-16.359,5252.45,221.676
3414,28,49,-22.5376,5466.65,237.992
3415,28,50,-27.7536,5649.21,252.404
3416,28,51,-29.4393,5708.77,262.725
3417,28,52,-33.4688,5852.49,276.066
3418,28,53,-37.1221,5984.01,289.072
3419,28,54,-39.7151,6078.22,300.755
3420,28,55,-42.3862,6176.16,312.797
3421,28,56,-43.7326,6225.98,323.389
3422,28,57,-43.443,6215.17,333.392
3423,28,58,-41.4838,6141.37,345.058
3424,28,59,-40.4015,6100.24,355.612
3425,28,60,-39.4724,6064.62,366.061
3426,28,61,-37.5328,5989.63,378.441
3427,28,62,-34.898,5886.87,393.135
3428,28,63,-32.9673,5810.93,405.845
3429,28,64,-30.7023,5721.08,419.78
3430,28,65,-28.7312,5642.24,432.991
3431,28,66,-27.4999,5592.58,444.505
3432,28,67,-26.0456,5533.44,456.688
3433,28,68,-25.0081,5490.9,468.033
3434,28,69,-23.5906,5432.31,480.483
3435,28,70,-22.108,5370.53,493.322
3436,28,71,-21.5312,5346.31,504.071
3437,28,72,-20.6476,5308.9,515.468
3438,28,73,-19.499,5259.9,527.756
3439,28,74,-18.208,5204.38,540.735
3440,28,75,-17.1513,5158.59,552.983
3441,28,76,-16.1374,5114.32,565.217
3442,28,77,-15.3827,5081.11,576.722
3443,28,78,-14.8835,5058.98,587.652
3444,28,79,-14.0851,5023.32,599.495
3445,28,80,-13.5866,5000.89,610.509
3446,28,81,-12.8033,4965.38,622.522
3447,28,82,-11.8915,4923.74,635.248
3448,28,83,-11.4105,4901.61,646.367
3449,28,84,-11.2037,4892.03,656.93
3450,28,85,-10.6861,4867.88,668.273
3451,28,86,-9.88793,4830.36,681.035
3452,28,87,-9.08122,4792.18,693.977
3453,28,88,-8.33341,4756.53,706.687
3454,28,89,-7.85009,4733.33,718.157
3455,28,90,-7.27542,4705.56,730.127
3456,28,91,-6.87171,4685.91,741.393
3457,28,92,-6.64627,4674.86,752.133
3458,28,93,-6.10917,4648.37,764.185
3459,28,94,-5.56936,4621.56,776.345
3460,28,95,-5.394,4612.79,787.018
3461,28,96,-5.22712,4604.39,797.674
3462,28,97,-4.90667,4588.15,808.857
3463,28,98,-4.51382,4568.12,820.465
3464,28,99,-4.13682,4548.76,832.042
3465,28,100,-3.78127,4530.39,843.553
3466,28,101,-3.55811,4518.79,854.451
3467,28,102,-3.29186,4504.86,865.566
3468,28,103,-3.06557,4492.94,876.521
3469,28,104,-2.88987,4483.62,887.285
3470,28,105,-2.62871,4469.7,898.478
3471,28,106,-2.34271,4454.35,909.869
3472,28,107,-2.34121,4454.27,920.295
3473,28,108,-2.18919,4446.01,931.014
3474,28,109,-1.94058,4432.42,942.284
3475,28,110,-1.68537,4418.38,953.646
3476,28,111,-1.42857,4404.17,965.066
3477,28,112,-1.26718,4395.19,975.891
3478,28,113,-1.11112,4386.45,986.703
3479,28,114,-0.940568,4376.84,997.617
3480,28,115,-0.864859,4372.55,1008.11
3481,28,116,-0.772443,4367.28,1018.65
3482,28,117,-0.588418,4356.73,1029.73
3483,28,118,-0.397063,4345.7,1040.9
3484,28,119,-0.384612,4344.97,1051.26
3485,28,120,-0.259094,4337.65,1062
3486,28,121,0.0181953,4321.38,1074.31
3487,28,122,0.367601,4300.77,1087.88
3488,28,123,0.672701,4282.67,1100.76
3489,28,124,0.886052,4269.94,1112.41
3490,28,125,1.02656,4261.51,1123.38
3491,28,126,1.11956,4255.89,1134.02
3492,28,127,1.15088,4253.99,1144.43
3493,28,128,1.12018,4255.87,1154.83
3494,28,129,1.12585,4255.52,1165.19
3495,28,130,1.21655,4249.93,1175.84
3496,28,131,1.21463,4250.05,1186.18
3497,28,132,1.27416,4246.34,1196.66
3498,28,133,1.50803,4231.68,1209.29
3499,28,134,1.78781,4214.05,1222.99
3500,28,135,2.01171,4199.87,1235.55
3501,28,136,2.18237,4189.01,1247.23
3502,28,137,2.24797,4184.81,1257.81
3503,28,138,2.26471,4183.73,1268.18
3504,28,139,2.2847,4182.44,1278.56
3505,28,140,2.25228,4184.55,1288.96
3506,28,141,2.25447,4184.4,1299.3
3507,28,142,2.32646,4179.68,1309.93
3508,28,143,2.36141,4177.37,1320.32
3509,29,38,-5.94303,4851.79,110.43
3510,29,39,1.11545,4625.92,120.604
3511,29,40,2.52168,4580.45,130.29
3512,29,41,0.0543956,4661.05,139.98
3513,29,42,-0.498022,4679.28,149.473
3514,29,43,-0.929643,4693.67,158.884
3515,29,44,-5.71338,4854.72,169.55
3516,29,45,-6.17451,4870.4,178.907
3517,29,46,-7.64241,4920.8,188.403
3518,29,47,-11.9025,5068.48,199.915
3519,29,48,-12.159,5077.46,209.213
3520,29,49,-19.3261,5330.69,226.737
3521,29,50,-25.3082,5544.06,241.66
3522,29,51,-27.3532,5617.67,252.115
3523,29,52,-31.8923,5782.59,265.682
3524,29,53,-35.964,5931.89,278.817
3525,29,54,-38.8455,6038.51,290.581
3526,29,55,-41.7789,6148.02,302.673
3527,29,56,-43.2649,6203.99,313.313
3528,29,57,-42.9876,6193.46,323.342
3529,29,58,-40.9281,6114.51,334.935
3530,29,59,-39.8119,6071.35,345.466
3531,29,60,-38.8615,6034.28,355.892
3532,29,61,-36.8413,5954.82,368.15
3533,29,62,-34.0922,5845.78,382.629
3534,29,63,-32.0973,5765.98,395.195
3535,29,64,-29.7547,5671.5,408.938
3536,29,65,-27.7283,5589.09,421.982
3537,29,66,-26.4851,5538.11,433.393
3538,29,67,-25.0082,5477.07,445.443
3539,29,68,-23.9707,5433.84,456.688
3540,29,69,-22.5347,5373.53,468.994
3541,29,70,-21.0317,5309.9,481.676
3542,29,71,-20.4781,5286.28,492.355
3543,29,72,-19.6023,5248.62,503.642
3544,29,73,-18.4491,5198.65,515.79
3545,29,74,-17.1476,5141.82,528.613
3546,29,75,-16.091,5095.33,540.723
3547,29,76,-15.0791,5050.47,552.818
3548,29,77,-14.3367,5017.31,564.205
3549,29,78,-13.8594,4995.83,575.042
3550,29,79,-13.0699,4960.04,586.757
3551,29,80,-12.5913,4938.18,597.67
3552,29,81,-11.816,4902.52,609.552
3553,29,82,-10.9069,4860.4,622.136
3554,29,83,-10.4443,4838.81,633.147
3555,29,84,-10.2646,4830.36,643.64
3556,29,85,-9.7618,4806.56,654.867
3557,29,86,-8.96796,4768.72,667.492
3558,29,87,-8.1651,4730.19,680.299
3559,29,88,-7.4229,4694.31,692.876
3560,29,89,-6.95358,4671.47,704.227
3561,29,90,-6.3893,4643.82,716.07
3562,29,91,-6.0009,4624.66,727.222
3563,29,92,-5.79563,4614.47,737.87
3564,29,93,-5.26818,4588.09,749.796
3565,29,94,-4.73749,4561.38,761.831
3566,29,95,-4.58173,4553.49,772.417
3567,29,96,-4.43383,4545.95,782.985
3568,29,97,-4.12708,4530.2,794.054
3569,29,98,-3.74529,4510.48,805.54
3570,29,99,-3.37932,4491.45,816.998
3571,29,100,-3.03493,4473.42,828.389
3572,29,101,-2.82611,4462.42,839.18
3573,29,102,-2.57244,4448.98,850.181
3574,29,103,-2.35931,4437.61,861.025
3575,29,104,-2.19756,4428.93,871.687
3576,29,105,-1.9476,4415.43,882.763
3577,29,106,-1.67174,4400.45,894.036
3578,29,107,-1.68718,4401.29,904.409
3579,29,108,-1.54772,4393.62,915.025
3580,29,109,-1.3088,4380.4,926.179
3581,29,110,-1.06278,4366.7,937.423
3582,29,111,-0.814789,4352.82,948.727
3583,29,112,-0.664168,4344.33,959.442
3584,29,113,-0.518626,4336.08,970.145
3585,29,114,-0.35789,4326.92,980.946
3586,29,115,-0.293834,4323.25,991.345
3587,29,116,-0.212296,4318.55,1001.79
3588,29,117,-0.0367228,4308.37,1012.76
3589,29,118,0.146624,4297.67,1023.81
3590,29,119,0.147399,4297.62,1034.11
3591,29,120,0.264081,4290.74,1044.73
3592,29,121,0.536082,4274.6,1056.95
3593,29,122,0.881903,4253.97,1070.45
3594,29,123,1.1826,4235.93,1083.25
3595,29,124,1.38977,4223.43,1094.8
3596,29,125,1.52279,4215.36,1105.65
3597,29,126,1.60756,4210.19,1116.19
3598,29,127,1.62966,4208.83,1126.52
3599,29,128,1.58877,4211.35,1136.88
3600,29,129,1.58527,4211.57,1147.17
3601,29,130,1.66874,4206.37,1157.72
3602,29,131,1.658,4207.04,1168
3603,29,132,1.71015,4203.75,1178.38
3604,29,133,1.94017,4189.19,1190.93
3605,29,134,2.21707,4171.56,1204.59
3606,29,135,2.43713,4157.47,1217.07
3607,29,136,2.60308,4146.8,1228.66
3608,29,137,2.66217,4142.98,1239.13
3609,29,138,2.67167,4142.36,1249.43
3610,29,139,2.68469,4141.51,1259.73
3611,29,140,2.64456,4144.14,1270.09
3612,29,141,2.63984,4144.45,1280.36
3613,29,142,2.70633,4140.04,1290.89
3614,29,143,2.73528,4138.11,1301.2
3615,30,39,20.3442,3933.68,107.315
3616,30,40,18.51,3994.21,116.77
3617,30,41,12.9668,4178.99,126.671
3618,30,42,10.3429,4267.33,136.127
3619,30,43,8.30088,4336.75,145.485
3620,30,44,1.64857,4565.15,156.978
3621,30,45,0.209559,4615.04,166.321
3622,30,46,-2.18211,4698.74,175.988
3623,30,47,-7.52219,4887.43,188.271
3624,30,48,-8.26684,4913.99,197.564
3625,30,49,-16.5398,5211.81,216.098
3626,30,50,-23.357,5459.5,231.353
3627,30,51,-25.7653,5547.81,241.923
3628,30,52,-30.8372,5735.47,255.587
3629,30,53,-35.3361,5903.43,268.75
3630,30,54,-38.4984,6022.54,280.533
3631,30,55,-41.6841,6143.6,292.61
3632,30,56,-43.2872,6205.05,303.27
3633,30,57,-42.9885,6193.5,313.337
3634,30,58,-40.7869,6107.64,324.906
3635,30,59,-39.6057,6061.18,335.444
3636,30,60,-38.6073,6021.57,345.876
3637,30,61,-36.4768,5936.35,358.059
3638,30,62,-33.5832,5819.64,372.368
3639,30,63,-31.5008,5734.96,384.826
3640,30,64,-29.0585,5634.83,398.411
3641,30,65,-26.9581,5548.01,411.318
3642,30,66,-25.6893,5495.14,422.654
3643,30,67,-24.1766,5431.61,434.598
3644,30,68,-23.1285,5387.24,445.769
3645,30,69,-21.6628,5324.71,457.954
3646,30,70,-20.1291,5258.75,470.499
3647,30,71,-19.5921,5235.49,481.131
3648,30,72,-18.7167,5197.26,492.333
3649,30,73,-17.5514,5145.99,504.36
3650,30,74,-16.2319,5087.49,517.041
3651,30,75,-15.1693,5040.02,529.028
3652,30,76,-14.1535,4994.31,541.002
3653,30,77,-13.4188,4961.01,552.291
3654,30,78,-12.9594,4940.03,563.057
3655,30,79,-12.1744,4903.92,574.659
3656,30,80,-11.7121,4882.5,585.493
3657,30,81,-10.9408,4846.5,597.256
3658,30,82,-10.0304,4803.72,609.707
3659,30,83,-9.58313,4782.54,620.63
3660,30,84,-9.42818,4775.16,631.073
3661,30,85,-8.93732,4751.6,642.2
3662,30,86,-8.14456,4713.28,654.695
3663,30,87,-7.34241,4674.24,667.371
3664,30,88,-6.60293,4638.01,679.821
3665,30,89,-6.14531,4615.43,691.067
3666,30,90,-5.58902,4587.8,702.793
3667,30,91,-5.21391,4569.05,713.845
3668,30,92,-5.02711,4559.65,724.421
3669,30,93,-4.50719,4533.3,736.23
3670,30,94,-3.98359,4506.6,748.146
3671,30,95,-3.84595,4499.53,758.663
3672,30,96,-3.7156,4492.8,769.161
3673,30,97,-3.42096,4477.48,780.131
3674,30,98,-3.04856,4457.99,791.507
3675,30,99,-2.69204,4439.21,802.855
3676,30,100,-2.35731,4421.47,814.138
3677,30,101,-2.16152,4411.03,824.838
3678,30,102,-1.91911,4398.02,835.738
3679,30,103,-1.71787,4387.15,846.488
3680,30,104,-1.56892,4379.06,857.063
3681,30,105,-1.32892,4365.94,868.036
3682,30,106,-1.06196,4351.26,879.202
3683,30,107,-1.09344,4353,889.539
3684,30,108,-0.965472,4345.88,900.068
3685,30,109,-0.735138,4332.98,911.116
3686,30,110,-0.497209,4319.57,922.254
3687,30,111,-0.256965,4305.96,933.451
3688,30,112,-0.116156,4297.93,944.072
3689,30,113,0.0198036,4290.14,954.679
3690,30,114,0.171653,4281.38,965.381
3691,30,115,0.224883,4278.29,975.707
3692,30,116,0.296371,4274.12,986.071
3693,30,117,0.464374,4264.27,996.934
3694,30,118,0.640581,4253.87,1007.89
3695,30,119,0.630396,4254.48,1018.13
3696,30,120,0.739027,4247.99,1028.66
3697,30,121,1.00662,4231.94,1040.78
3698,30,122,1.34976,4211.24,1054.21
3699,30,123,1.6469,4193.21,1066.93
3700,30,124,1.84865,4180.9,1078.37
3701,30,125,1.97489,4173.16,1089.12
3702,30,126,2.05208,4168.4,1099.58
3703,30,127,2.06556,4167.57,1109.84
3704,30,128,2.01504,4170.71,1120.17
3705,30,129,2.00295,4171.47,1130.42
3706,30,130,2.07979,4166.63,1140.87
3707,30,131,2.06078,4167.83,1151.11
3708,30,132,2.10612,4164.95,1161.4
3709,30,133,2.33296,4150.43,1173.87
3710,30,134,2.60765,4132.76,1187.49
3711,30,135,2.82449,4118.74,1199.89
3712,30,136,2.9863,4108.22,1211.38
3713,30,137,3.03938,4104.75,1221.76
3714,30,138,3.04214,4104.57,1232.01
3715,30,139,3.04867,4104.14,1242.24
3716,30,140,3.00125,4107.28,1252.59
3717,30,141,2.99008,4108.03,1262.81
3718,30,142,3.05155,4103.91,1273.24
3719,30,143,3.07494,4102.33,1283.48
3720,31,40,35.9024,3350.69,103.132
3721,31,41,26.1891,3680.95,113.796
3722,31,42,20.9241,3861.71,123.531
3723,31,43,16.9401,3999.82,133.105
3724,31,44,8.1033,4309.11,145.625
3725,31,45,5.61179,4397.15,155.106
3726,31,46,2.24588,4517.2,165.047
3727,31,47,-4.24338,4750.81,177.919
3728,31,48,-5.43509,4794.11,187.291
3729,31,49,-14.877,5140.31,206.175
3730,31,50,-22.5422,5423.92,221.436
3731,31,51,-25.2574,5525.29,232.059
3732,31,52,-30.8365,5735.44,245.636
3733,31,53,-35.7268,5921.27,258.689
3734,31,54,-39.12,6051.34,270.403
3735,31,55,-42.5108,6182.45,282.381
3736,31,56,-44.1736,6247.3,293.013
3737,31,57,-43.7872,6232.1,303.123
3738,31,58,-41.3713,6136.27,314.743
3739,31,59,-40.0683,6084.15,325.329
3740,31,60,-38.9725,6039.96,335.803
3741,31,61,-36.681,5946.77,347.988
3742,31,62,-33.5937,5820.19,362.219
3743,31,63,-31.3846,5728.88,374.634
3744,31,64,-28.8054,5621.41,388.124
3745,31,65,-26.5995,5528.76,400.947
3746,31,66,-25.2801,5472.91,412.251
3747,31,67,-23.7078,5405.82,424.132
3748,31,68,-22.6292,5359.45,435.268
3749,31,69,-21.1139,5293.78,447.371
3750,31,70,-19.5309,5224.66,459.818
3751,31,71,-18.997,5201.17,470.432
3752,31,72,-18.1082,5161.76,481.582
3753,31,73,-16.917,5108.56,493.521
3754,31,74,-15.5664,5047.78,506.089
3755,31,75,-14.4861,4998.8,517.985
3756,31,76,-13.4558,4951.76,529.866
3757,31,77,-12.7195,4917.89,541.087
3758,31,78,-12.2702,4897.07,551.809
3759,31,79,-11.4812,4860.25,563.327
3760,31,80,-11.0281,4838.95,574.109
3761,31,81,-10.2534,4802.28,585.78
3762,31,82,-9.3345,4758.48,598.118
3763,31,83,-8.89659,4737.46,608.979
3764,31,84,-8.76133,4730.92,619.398
3765,31,85,-8.27688,4707.35,630.451
3766,31,86,-7.47939,4668.27,642.832
3767,31,87,-6.67243,4628.46,655.39
3768,31,88,-5.93056,4591.61,667.727
3769,31,89,-5.48021,4569.1,678.892
3770,31,90,-4.92755,4541.28,690.521
3771,31,91,-4.56183,4522.75,701.497
3772,31,92,-4.39004,4513.99,712.025
3773,31,93,-3.87384,4487.49,723.734
3774,31,94,-3.35367,4460.62,735.549
3775,31,95,-3.23118,4454.25,746.02
3776,31,96,-3.11551,4448.19,756.473
3777,31,97,-2.82998,4433.15,767.365
3778,31,98,-2.46401,4413.76,778.652
3779,31,99,-2.1141,4395.1,789.909
3780,31,100,-1.78632,4377.51,801.103
3781,31,101,-1.60109,4367.5,811.735
3782,31,102,-1.36752,4354.81,822.557
3783,31,103,-1.17588,4344.34,833.234
3784,31,104,-1.03755,4336.73,843.746
3785,31,105,-0.805323,4323.88,854.636
3786,31,106,-0.545118,4309.39,865.714
3787,31,107,-0.590838,4311.95,876.036
3788,31,108,-0.472477,4305.29,886.501
3789,31,109,-0.248793,4292.61,897.464
3790,31,110,-0.0170734,4279.4,908.513
3791,31,111,0.217247,4265.97,919.62
3792,31,112,0.349924,4258.32,930.168
3793,31,113,0.477929,4250.89,940.703
3794,31,114,0.622487,4242.46,951.327
3795,31,115,0.666361,4239.89,961.602
3796,31,116,0.729245,4236.18,971.908
3797,31,117,0.891159,4226.57,982.687
3798,31,118,1.06167,4216.4,993.553
3799,31,119,1.04179,4217.59,1003.77
3800,31,120,1.1437,4211.44,1014.22
3801,31,121,1.40827,4195.39,1026.25
3802,31,122,1.75014,4174.53,1039.6
3803,31,123,2.04506,4156.45,1052.23
3804,31,124,2.24264,4144.26,1063.58
3805,31,125,2.36324,4136.79,1074.25
3806,31,126,2.43395,4132.38,1084.64
3807,31,127,2.43983,4132.01,1094.86
3808,31,128,2.38064,4135.74,1105.19
3809,31,129,2.36092,4136.99,1115.4
3810,31,130,2.43214,4132.45,1125.79
3811,31,131,2.40578,4134.14,1135.99
3812,31,132,2.44524,4131.6,1146.23
3813,31,133,2.6699,4117.07,1158.62
3814,31,134,2.94339,4099.3,1172.17
3815,31,135,3.15797,4085.28,1184.49
3816,31,136,3.31653,4074.86,1195.89
3817,31,137,3.36444,4071.7,1206.21
3818,31,138,3.36123,4071.92,1216.41
3819,31,139,3.36202,4071.86,1226.6
3820,31,140,3.30804,4075.48,1236.95
3821,31,141,3.29114,4076.62,1247.14
3822,31,142,3.34834,4072.75,1257.51
3823,31,143,3.36689,4071.49,1267.69
3824,32,41,32.6218,3436.5,104.012
3825,32,42,25.23,3695.22,114.011
3826,32,43,19.8643,3884.8,123.778
3827,32,44,9.21813,4264.52,136.369
3828,32,45,6.21143,4372.76,145.936
3829,32,46,2.31679,4514.27,155.916
3830,32,47,-4.9925,4782.27,168.593
3831,32,48,-6.23627,4828.29,177.999
3832,32,49,-16.6383,5216.63,196.246
3833,32,50,-24.9249,5528.76,211.079
3834,32,51,-27.6734,5633.21,221.593
3835,32,52,-33.5538,5858.62,234.841
3836,32,53,-38.6416,6055.35,247.594
3837,32,54,-42.0764,6189.31,259.086
3838,32,55,-45.5034,6324.1,270.822
3839,32,56,-47.0598,6385.84,281.311
3840,32,57,-46.4216,6360.31,291.447
3841,32,58,-43.6316,6247.78,303.318
3842,32,59,-42.0741,6184.44,314.026
3843,32,60,-40.7644,6130.75,324.605
3844,32,61,-38.2007,6024.78,336.997
3845,32,62,-34.8162,5883.76,351.436
3846,32,63,-32.3926,5781.97,363.971
3847,32,64,-29.596,5663.58,377.553
3848,32,65,-27.2138,5561.94,390.435
3849,32,66,-25.7839,5500.45,401.787
3850,32,67,-24.0962,5427.32,413.703
3851,32,68,-22.9384,5376.76,424.873
3852,32,69,-21.3271,5305.86,436.989
3853,32,70,-19.652,5231.6,449.432
3854,32,71,-19.0853,5206.29,460.07
3855,32,72,-18.1489,5164.15,471.232
3856,32,73,-16.899,5107.49,483.16
3857,32,74,-15.4864,5042.98,495.694
3858,32,75,-14.3606,4991.19,507.568
3859,32,76,-13.2901,4941.59,519.422
3860,32,77,-12.5291,4906.08,530.63
3861,32,78,-12.0687,4884.44,541.355
3862,32,79,-11.2552,4845.94,552.847
3863,32,80,-10.7929,4823.9,563.624
3864,32,81,-9.9966,4785.68,575.259
3865,32,82,-9.0517,4740.01,587.538
3866,32,83,-8.60783,4718.4,598.386
3867,32,84,-8.47837,4712.06,608.812
3868,32,85,-7.98645,4687.79,619.841
3869,32,86,-7.17052,4647.27,632.156
3870,32,87,-6.34577,4606.03,644.642
3871,32,88,-5.58933,4567.96,656.91
3872,32,89,-5.13522,4544.95,668.039
3873,32,90,-4.57552,4516.4,679.617
3874,32,91,-4.20934,4497.61,690.562
3875,32,92,-4.04347,4489.04,701.079
3876,32,93,-3.52181,4461.91,712.731
3877,32,94,-2.9963,4434.41,724.484
3878,32,95,-2.88114,4428.34,734.946
3879,32,96,-2.77269,4422.6,745.39
3880,32,97,-2.48889,4407.46,756.247
3881,32,98,-2.12219,4387.78,767.484
3882,32,99,-1.77204,4368.87,778.692
3883,32,100,-1.44467,4351.08,789.837
3884,32,101,-1.26391,4341.2,800.441
3885,32,102,-1.03326,4328.52,811.226
3886,32,103,-0.845578,4318.13,821.871
3887,32,104,-0.712508,4310.72,832.359
3888,32,105,-0.48279,4297.86,843.206
3889,32,106,-0.224248,4283.3,854.234
3890,32,107,-0.279614,4286.43,864.564
3891,32,108,-0.166263,4279.97,875.004
3892,32,109,0.0553055,4267.27,885.919
3893,32,110,0.285192,4254.01,896.918
3894,32,111,0.517814,4240.52,907.972
3895,32,112,0.646346,4233.02,918.487
3896,32,113,0.770243,4225.75,928.988
3897,32,114,0.91124,4217.43,939.573
3898,32,115,0.949284,4215.18,949.832
3899,32,116,1.00699,4211.73,960.116
3900,32,117,1.16621,4202.18,970.848
3901,32,118,1.33432,4192.04,981.666
3902,32,119,1.30779,4193.65,991.88
3903,32,120,1.40601,4187.66,1002.3
3904,32,121,1.67064,4171.43,1014.25
3905,32,122,2.01425,4150.24,1027.52
3906,32,123,2.30984,4131.91,1040.07
3907,32,124,2.50598,4119.68,1051.36
3908,32,125,2.62354,4112.32,1061.99
3909,32,126,2.69026,4108.11,1072.34
3910,32,127,2.69092,4108.07,1082.55
3911,32,128,2.62533,4112.25,1092.89
3912,32,129,2.60021,4113.86,1103.1
3913,32,130,2.66804,4109.49,1113.45
3914,32,131,2.63644,4111.54,1123.66
3915,32,132,2.67211,4109.22,1133.87
3916,32,133,2.89672,4094.54,1146.19
3917,32,134,3.17112,4076.52,1159.66
3918,32,135,3.38545,4062.38,1171.91
3919,32,136,3.5427,4051.95,1183.25
3920,32,137,3.58724,4048.98,1193.54
3921,32,138,3.57981,4049.47,1203.73
3922,32,139,3.57657,4049.69,1213.9
3923,32,140,3.51766,4053.68,1224.26
3924,32,141,3.49664,4055.11,1234.45
3925,32,142,3.55116,4051.38,1244.78
3926,32,143,3.56643,4050.33,1254.94
3927,33,42,18.9248,3941.12,104.246
3928,33,43,13.73,4128.13,113.804
3929,33,44,2.33182,4542.27,125.803
3930,33,45,-0.078022,4630.63,135.169
3931,33,46,-3.63055,4762.07,144.831
3932,33,47,-11.1214,5041.73,156.983
3933,33,48,-11.7546,5065.58,166.211
3934,33,49,-22.7311,5482.69,184.051
3935,33,50,-31.2615,5809.69,198.444
3936,33,51,-33.6323,5901.36,208.654
3937,33,52,-39.5048,6130.38,221.508
3938,33,53,-44.5104,6327.27,233.88
3939,33,54,-47.7239,6454.74,245.006
3940,33,55,-50.9579,6584.1,256.376
3941,33,56,-52.1895,6633.77,266.565
3942,33,57,-51.0898,6589.06,276.713
3943,33,58,-47.7261,6451.14,289.221
3944,33,59,-45.7499,6369.46,300.181
3945,33,60,-44.0842,6300.05,310.959
3946,33,61,-41.1146,6175.33,323.898
3947,33,62,-37.3103,6014.28,339.01
3948,33,63,-34.5694,5897.34,351.894
3949,33,64,-31.462,5763.72,365.83
3950,33,65,-28.8223,5649.33,378.955
3951,33,66,-27.2137,5579.09,390.435
3952,33,67,-25.3479,5496.99,402.494
3953,33,68,-24.0562,5439.73,413.759
3954,33,69,-22.2973,5361.17,425.992
3955,33,70,-20.483,5279.52,438.538
3956,33,71,-19.8446,5250.58,449.225
3957,33,72,-18.8234,5203.95,460.451
3958,33,73,-17.4797,5142.13,472.446
3959,33,74,-15.9721,5072.29,485.037
3960,33,75,-14.7714,5016.25,496.956
3961,33,76,-13.6336,4962.78,508.847
3962,33,77,-12.8234,4924.43,520.09
3963,33,78,-12.3303,4900.92,530.845
3964,33,79,-11.471,4859.68,542.362
3965,33,80,-10.9805,4835.97,553.166
3966,33,81,-10.144,4795.26,564.818
3967,33,82,-9.15542,4746.82,577.101
3968,33,83,-8.69007,4723.86,587.967
3969,33,84,-8.55247,4717.03,598.413
3970,33,85,-8.03919,4691.36,609.456
3971,33,86,-7.19109,4648.67,621.761
3972,33,87,-6.3356,4605.33,634.229
3973,33,88,-5.55251,4565.39,646.478
3974,33,89,-5.08376,4541.33,657.609
3975,33,90,-4.50653,4511.51,669.176
3976,33,91,-4.13028,4491.94,680.122
3977,33,92,-3.96152,4483.11,690.651
3978,33,93,-3.42543,4454.87,702.285
3979,33,94,-2.88608,4426.29,714.017
3980,33,95,-2.77077,4420.14,724.489
3981,33,96,-2.66237,4414.32,734.943
3982,33,97,-2.37324,4398.71,745.797
3983,33,98,-1.99893,4378.37,757.019
3984,33,99,-1.64201,4358.86,768.212
3985,33,100,-1.30883,4340.53,779.342
3986,33,101,-1.12677,4330.46,789.945
3987,33,102,-0.893449,4317.47,800.722
3988,33,103,-0.70442,4306.89,811.363
3989,33,104,-0.571574,4299.4,821.85
3990,33,105,-0.339424,4286.25,832.686
3991,33,106,-0.0777682,4271.33,843.695
3992,33,107,-0.138518,4274.82,854.041
3993,33,108,-0.0258961,4268.32,864.48
3994,33,109,0.197781,4255.35,875.378
3995,33,110,0.429909,4241.81,886.357
3996,33,111,0.664757,4228.03,897.389
3997,33,112,0.792828,4220.47,907.896
3998,33,113,0.916168,4213.16,918.39
3999,33,114,1.05704,4204.75,928.964
4000,33,115,1.09249,4202.62,939.225
4001,33,116,1.14816,4199.26,949.51
4002,33,117,1.30781,4189.58,960.225
4003,33,118,1.47653,4179.29,971.022
4004,33,119,1.44613,4181.15,981.246
4005,33,120,1.54343,4175.15,991.658
4006,33,121,1.81092,4158.57,1003.57
4007,33,122,2.15905,4136.87,1016.77
4008,33,123,2.45795,4118.14,1029.26
4009,33,124,2.65513,4105.71,1040.52
4010,33,125,2.77201,4098.31,1051.12
4011,33,126,2.837,4094.17,1061.47
4012,33,127,2.83458,4094.33,1071.68
4013,33,128,2.76464,4098.83,1082.04
4014,33,129,2.73613,4100.67,1092.26
4015,33,130,2.80257,4096.35,1102.6
4016,33,131,2.7676,4098.64,1112.82
4017,33,132,2.80137,4096.42,1123.02
4018,33,133,3.02787,4081.47,1135.29
4019,33,134,3.30508,4063.08,1148.69
4020,33,135,3.52096,4048.69,1160.89
4021,33,136,3.67863,4038.13,1172.19
4022,33,137,3.72144,4035.24,1182.48
4023,33,138,3.71133,4035.93,1192.67
4024,33,139,3.70557,4036.32,1202.85
4025,33,140,3.64318,4040.58,1213.22
4026,33,141,3.61948,4042.21,1223.42
4027,33,142,3.67276,4038.53,1233.73
4028,33,143,3.68611,4037.61,1243.89
4029,34,43,12.2018,4189.26,104.622
4030,34,44,-0.990909,4677.39,116.311
4031,34,45,-3.2486,4761.68,125.683
4032,34,46,-6.85989,4897.7,135.259
4033,34,47,-14.9596,5205.49,147.007
4034,34,48,-15.1654,5213.38,156.235
4035,34,49,-27.0876,5674.37,173.363
4036,34,50,-36.1091,6026.21,187.258
4037,34,51,-38.2046,6108.64,197.299
4038,34,52,-44.214,6347.01,209.76
4039,34,53,-49.2492,6548.42,221.771
4040,34,54,-52.3175,6672.17,232.604
4041,34,55,-55.4279,6798.66,243.664
4042,34,56,-56.3779,6837.61,253.662
4043,34,57,-54.8376,6773.94,263.922
4044,34,58,-50.9049,6610.08,276.997
4045,34,59,-48.5322,6510.43,288.209
4046,34,60,-46.5369,6425.96,299.19
4047,34,61,-43.1801,6282.74,312.502
4048,34,62,-38.9709,6101.74,327.971
4049,34,63,-35.9366,5970.25,341.039
4050,34,64,-32.5405,5821.96,355.118
4051,34,65,-29.6685,5695.59,368.332
4052,34,66,-27.9111,5617.68,379.875
4053,34,67,-25.8945,5527.6,391.984
4054,34,68,-24.4977,5464.75,403.291
4055,34,69,-22.6167,5379.47,415.546
4056,34,70,-20.687,5291.35,428.097
4057,34,71,-20.0043,5259.95,438.812
4058,34,72,-18.9225,5209.83,450.053
4059,34,73,-17.5066,5143.75,462.042
4060,34,74,-15.9242,5069.38,474.604
4061,34,75,-14.6686,5009.95,486.505
4062,34,76,-13.4827,4953.42,498.372
4063,34,77,-12.6425,4913.09,509.606
4064,34,78,-12.1355,4888.58,520.366
4065,34,79,-11.2474,4845.36,531.86
4066,34,80,-10.7454,4820.77,542.662
4067,34,81,-9.88392,4778.26,554.28
4068,34,82,-8.86559,4727.69,566.509
4069,34,83,-8.39322,4704.07,577.363
4070,34,84,-8.26186,4697.46,587.819
4071,34,85,-7.74002,4671.02,598.841
4072,34,86,-6.87121,4626.71,611.083
4073,34,87,-5.99588,4581.77,623.481
4074,34,88,-5.19667,4540.48,635.665
4075,34,89,-4.72388,4515.9,646.763
4076,34,90,-4.13903,4485.29,658.281
4077,34,91,-3.76248,4465.46,669.199
4078,34,92,-3.60046,4456.87,679.72
4079,34,93,-3.05854,4427.97,691.3
4080,34,94,-2.51354,4398.72,702.973
4081,34,95,-2.40652,4392.94,713.439
4082,34,96,-2.30625,4387.49,723.886
4083,34,97,-2.01921,4371.8,734.708
4084,34,98,-1.64427,4351.18,745.883
4085,34,99,-1.28728,4331.43,757.029
4086,34,100,-0.954753,4312.92,768.113
4087,34,101,-0.777753,4303,778.692
4088,34,102,-0.547782,4290.05,789.435
4089,34,103,-0.363228,4279.59,800.046
4090,34,104,-0.236251,4272.35,810.513
4091,34,105,-0.00696669,4259.21,821.309
4092,34,106,0.252749,4244.23,832.271
4093,34,107,0.181425,4248.37,842.628
4094,34,108,0.288518,4242.12,853.045
4095,34,109,0.509807,4229.14,863.899
4096,34,110,0.73986,4215.57,874.83
4097,34,111,0.972782,4201.75,885.811
4098,34,112,1.0963,4194.38,896.288
4099,34,113,1.21513,4187.25,906.751
4100,34,114,1.35211,4178.98,917.289
4101,34,115,1.38122,4177.21,927.538
4102,34,116,1.43128,4174.16,937.805
4103,34,117,1.58798,4164.55,948.476
4104,34,118,1.75408,4154.31,959.226
4105,34,119,1.71652,4156.64,969.453
4106,34,120,1.80984,4150.82,979.833
4107,34,121,2.07735,4134.06,991.671
4108,34,122,2.42732,4112.01,1004.79
4109,34,123,2.72691,4093.03,1017.2
4110,34,124,2.92251,4080.58,1028.4
4111,34,125,3.03612,4073.31,1038.96
4112,34,126,3.09682,4069.4,1049.28
4113,34,127,3.08882,4069.92,1059.48
4114,34,128,3.01205,4074.91,1069.86
4115,34,129,2.9778,4077.15,1080.08
4116,34,130,3.04062,4073.02,1090.39
4117,34,131,3.00009,4075.7,1100.61
4118,34,132,3.02984,4073.73,1110.79
4119,34,133,3.2563,4058.63,1122.99
4120,34,134,3.53447,4039.99,1136.31
4121,34,135,3.7501,4025.47,1148.44
4122,34,136,3.90638,4014.9,1159.68
4123,34,137,3.94562,4012.23,1169.94
4124,34,138,3.93106,4013.22,1180.12
4125,34,139,3.92104,4013.91,1190.29
4126,34,140,3.85346,4018.57,1200.69
4127,34,141,3.82542,4020.52,1210.88
4128,34,142,3.8759,4017,1221.16
4129,34,143,3.8858,4016.31,1231.3
4130,35,44,-9.96424,5045.3,105.931
4131,35,45,-11.0009,5084.69,115.221
4132,35,46,-13.922,5196.67,124.582
4133,35,47,-22.1813,5516.03,135.798
4134,35,48,-21.3848,5484.96,144.986
4135,35,49,-34.0675,5983.81,161.546
4136,35,50,-43.3441,6351.79,174.934
4137,35,51,-44.835,6411.42,184.732
4138,35,52,-50.7754,6651.02,196.755
4139,35,53,-55.65,6849.25,208.346
4140,35,54,-58.385,6961.39,218.805
4141,35,55,-61.2138,7078.31,229.477
4142,35,56,-61.7241,7099.57,239.223
4143,35,57,-59.585,7009.73,249.717
4144,35,58,-54.929,6812.63,263.764
4145,35,59,-52.0445,6689.56,275.38
4146,35,60,-49.6256,6585.54,286.669
4147,35,61,-45.7913,6419.39,300.541
4148,35,62,-41.095,6214.32,316.548
4149,35,63,-37.7049,6065.15,329.879
4150,35,64,-33.9645,5899.33,344.174
4151,35,65,-30.8153,5758.67,357.523
4152,35,66,-28.8764,5671.42,369.151
4153,35,67,-26.6791,5571.8,381.334
4154,35,68,-25.154,5502.16,392.699
4155,35,69,-23.128,5408.96,404.999
4156,35,70,-21.0627,5313.27,417.576
4157,35,71,-20.3228,5278.74,428.325
4158,35,72,-19.1673,5224.43,439.595
4159,35,73,-17.6662,5153.38,451.592
4160,35,74,-15.9968,5073.8,464.144
4161,35,75,-14.6764,5010.42,476.039
4162,35,76,-13.4336,4950.36,487.896
4163,35,77,-12.5566,4907.68,499.131
4164,35,78,-12.0305,4881.9,509.902
4165,35,79,-11.1075,4836.36,521.384
4166,35,80,-10.5898,4810.65,532.191
4167,35,81,-9.69829,4766.08,543.788
4168,35,82,-8.64527,4713.07,555.973
4169,35,83,-8.16261,4688.62,566.824
4170,35,84,-8.03522,4682.12,577.294
4171,35,85,-7.5018,4654.74,588.302
4172,35,86,-6.60873,4608.6,600.492
4173,35,87,-5.71028,4561.88,612.832
4174,35,88,-4.89204,4519.06,624.96
4175,35,89,-4.41315,4493.84,636.034
4176,35,90,-3.81851,4462.32,647.512
4177,35,91,-3.43999,4442.13,658.409
4178,35,92,-3.2835,4433.73,668.928
4179,35,93,-2.73396,4404.06,680.462
4180,35,94,-2.18161,4374.05,692.084
4181,35,95,-2.08197,4368.6,702.549
4182,35,96,-1.98893,4363.48,712.996
4183,35,97,-1.70285,4347.65,723.793
4184,35,98,-1.32608,4326.68,734.93
4185,35,99,-0.967898,4306.62,746.037
4186,35,100,-0.634969,4287.87,757.083
4187,35,101,-0.462232,4278.08,767.644
4188,35,102,-0.234777,4265.11,778.359
4189,35,103,-0.0539459,4254.75,788.949
4190,35,104,0.0678226,4247.72,799.401
4191,35,105,0.295,4234.55,810.164
4192,35,106,0.553542,4219.47,821.087
4193,35,107,0.472023,4224.25,831.458
4194,35,108,0.574156,4218.22,841.86
4195,35,109,0.79373,4205.19,852.676
4196,35,110,1.02237,4191.55,863.566
4197,35,111,1.254,4177.65,874.505
4198,35,112,1.37347,4170.45,884.958
4199,35,113,1.4883,4163.48,895.397
4200,35,114,1.62187,4155.33,905.907
4201,35,115,1.64504,4153.91,916.148
4202,35,116,1.68988,4151.15,926.402
4203,35,117,1.84413,4141.58,937.037
4204,35,118,2.00809,4131.36,947.748
4205,35,119,1.96366,4134.15,957.982
4206,35,120,2.05341,4128.49,968.336
4207,35,121,2.32147,4111.51,980.11
4208,35,122,2.67385,4089.08,993.144
4209,35,123,2.97462,4069.83,1005.48
4210,35,124,3.16907,4057.32,1016.63
4211,35,125,3.27975,4050.16,1027.16
4212,35,126,3.33648,4046.48,1037.45
4213,35,127,3.32316,4047.35,1047.65
4214,35,128,3.23977,4052.82,1058.04
4215,35,129,3.19999,4055.45,1068.27
4216,35,130,3.2595,4051.5,1078.55
4217,35,131,3.21362,4054.56,1088.78
4218,35,132,3.23962,4052.82,1098.95
4219,35,133,3.46641,4037.55,1111.08
4220,35,134,3.74595,4018.63,1124.33
4221,35,135,3.96166,4003.96,1136.39
4222,35,136,4.11685,3993.36,1147.58
4223,35,137,4.15278,3990.89,1157.81
4224,35,138,4.13394,3992.19,1167.99
4225,35,139,4.11987,3993.17,1178.15
4226,35,140,4.04726,3998.22,1188.57
4227,35,141,4.01508,4000.48,1198.76
4228,35,142,4.06298,3997.11,1209.02
4229,35,143,4.06963,3996.64,1219.14
4230,36,45,-35.5982,6117.78,90.2052
4231,36,46,-34.5782,6078,97.9796
4232,36,47,-40.7713,6321.59,109.165
4233,36,48,-36.9923,6171.69,118.608
4234,36,49,-49.2571,6662.29,140.373
4235,36,50,-57.7454,7004.64,154.199
4236,36,51,-57.6225,6999.65,163.216
4237,36,52,-62.7574,7210.18,174.925
4238,36,53,-66.8422,7379.02,186.011
4239,36,54,-68.687,7455.88,195.618
4240,36,55,-70.7684,7543.3,205.501
4241,36,56,-70.4174,7528.44,214.579
4242,36,57,-67.2935,7395.16,226.34
4243,36,58,-61.5624,7148.72,244.38
4244,36,59,-57.8847,6989.35,257.322
4245,36,60,-54.8051,6854.88,269.522
4246,36,61,-50.2774,6655.66,285.073
4247,36,62,-44.9009,6417.3,302.694
4248,36,63,-40.9968,6242.92,316.734
4249,36,64,-36.7714,6052.77,331.678
4250,36,65,-33.2252,5892.01,345.434
4251,36,66,-31.0057,5790.66,357.263
4252,36,67,-28.538,5677.14,369.662
4253,36,68,-26.8078,5596.97,381.164
4254,36,69,-24.5653,5492.32,393.635
4255,36,70,-22.2998,5385.85,406.364
4256,36,71,-21.4501,5345.63,417.175
4257,36,72,-20.1712,5284.67,428.53
4258,36,73,-18.5383,5206.29,440.623
4259,36,74,-16.7385,5119.3,453.261
4260,36,75,-15.315,5050.02,465.224
4261,36,76,-13.9805,4984.63,477.138
4262,36,77,-13.0357,4938.02,488.419
4263,36,78,-12.4628,4909.56,499.227
4264,36,79,-11.4782,4860.34,510.749
4265,36,80,-10.9211,4832.29,521.59
4266,36,81,-9.97636,4784.43,533.218
4267,36,82,-8.8667,4727.84,545.424
4268,36,83,-8.35471,4701.55,556.302
4269,36,84,-8.21428,4694.3,566.794
4270,36,85,-7.65236,4665.08,577.825
4271,36,86,-6.71836,4616.2,590.022
4272,36,87,-5.78114,4566.84,602.36
4273,36,88,-4.92935,4521.69,614.484
4274,36,89,-4.43133,4495.13,625.569
4275,36,90,-3.81441,4462.02,637.048
4276,36,91,-3.42252,4440.86,647.954
4277,36,92,-3.26116,4432.09,658.489
4278,36,93,-2.69343,4401.06,670.018
4279,36,94,-2.12373,4369.73,681.631
4280,36,95,-2.0227,4364.14,692.111
4281,36,96,-1.92855,4358.89,702.572
4282,36,97,-1.63519,4342.47,713.373
4283,36,98,-1.24861,4320.69,724.506
4284,36,99,-0.881655,4299.89,735.607
4285,36,100,-0.541136,4280.48,746.648
4286,36,101,-0.366008,4270.44,757.215
4287,36,102,-0.134636,4257.1,767.931
4288,36,103,0.0485685,4246.48,778.523
4289,36,104,0.170895,4239.34,788.982
4290,36,105,0.401618,4225.8,799.742
4291,36,106,0.66444,4210.3,810.656
4292,36,107,0.577576,4215.45,821.044
4293,36,108,0.679616,4209.36,831.451
4294,36,109,0.902273,4196,842.26
4295,36,110,1.13411,4182.02,853.14
4296,36,111,1.3689,4167.77,864.066
4297,36,112,1.48849,4160.48,874.519
4298,36,113,1.60331,4153.44,884.957
4299,36,114,1.73735,4145.17,895.464
4300,36,115,1.75822,4143.88,905.713
4301,36,116,1.80137,4141.19,915.974
4302,36,117,1.95666,4131.45,926.6
4303,36,118,2.12186,4121.05,937.299
4304,36,119,2.07367,4124.1,947.547
4305,36,120,2.16294,4118.42,957.899
4306,36,121,2.43469,4101.02,969.638
4307,36,122,2.79256,4078,982.616
4308,36,123,3.09747,4058.28,994.91
4309,36,124,3.29353,4045.54,1006.03
4310,36,125,3.40391,4038.33,1016.55
4311,36,126,3.45915,4034.7,1026.84
4312,36,127,3.44287,4035.77,1037.05
4313,36,128,3.35511,4041.6,1047.46
4314,36,129,3.31204,4044.47,1057.7
4315,36,130,3.37044,4040.55,1067.98
4316,36,131,3.32129,4043.86,1078.22
4317,36,132,3.34561,4042.22,1088.39
4318,36,133,3.57487,4026.63,1100.48
4319,36,134,3.85786,4007.29,1113.66
4320,36,135,4.07564,3992.34,1125.68
4321,36,136,4.23166,3981.57,1136.84
4322,36,137,4.26603,3979.19,1147.07
4323,36,138,4.24463,3980.68,1157.26
4324,36,139,4.22816,3981.83,1167.43
4325,36,140,4.15211,3987.18,1177.87
4326,36,141,4.11734,3989.64,1188.07
4327,36,142,4.16422,3986.31,1198.32
4328,36,143,4.16912,3985.96,1208.45
4329,37,46,-38.8036,6259.69,89.0811
4330,37,47,-45.3545,6521.73,99.5878
4331,37,48,-40.1818,6313.09,109.62
4332,37,49,-53.8429,6868.64,130.34
4333,37,50,-62.8886,7239.52,143.55
4334,37,51,-62.0636,7205.42,152.575
4335,37,52,-67.2851,7422.98,163.832
4336,37,53,-71.3179,7592.36,174.51
4337,37,54,-72.8704,7658.08,183.845
4338,37,55,-74.7305,7737.45,193.405
4339,37,56,-73.9482,7703.81,202.484
4340,37,57,-70.1905,7540.97,214.969
4341,37,58,-63.675,7256.46,233.929
4342,37,59,-59.4939,7072.49,247.149
4343,37,60,-56.0235,6918.64,259.511
4344,37,61,-51.0362,6695.87,275.117
4345,37,62,-45.1877,6432.69,292.615
4346,37,63,-40.9731,6241.63,306.569
4347,37,64,-36.4476,6034.97,321.36
4348,37,65,-32.6792,5861.62,334.986
4349,37,66,-30.3481,5753.61,346.754
4350,37,67,-27.7636,5633,359.058
4351,37,68,-25.9737,5548.87,370.5
4352,37,69,-23.6458,5438.69,382.859
4353,37,70,-21.3012,5326.93,395.459
4354,37,71,-20.46,5286.55,406.237
4355,37,72,-19.1651,5223.96,417.52
4356,37,73,-17.4983,5142.85,429.503
4357,37,74,-15.6585,5052.7,442.006
4358,37,75,-14.2174,4981.6,453.857
4359,37,76,-12.871,4914.73,465.66
4360,37,77,-11.9343,4867.89,476.858
4361,37,78,-11.3865,4840.32,487.612
4362,37,79,-10.4062,4790.66,499.034
4363,37,80,-9.87246,4763.43,509.812
4364,37,81,-8.93236,4715.18,521.332
4365,37,82,-7.81984,4657.7,533.41
4366,37,83,-7.33061,4632.26,544.215
4367,37,84,-7.227,4626.83,554.679
4368,37,85,-6.68244,4598.15,565.625
4369,37,86,-5.74988,4548.73,577.693
4370,37,87,-4.81388,4498.81,589.899
4371,37,88,-3.96654,4453.33,601.897
4372,37,89,-3.48606,4427.39,612.889
4373,37,90,-2.8813,4394.53,624.258
4374,37,91,-2.50908,4374.18,635.079
4375,37,92,-2.37458,4366.78,645.561
4376,37,93,-1.81805,4335.99,656.977
4377,37,94,-1.25889,4304.86,668.475
4378,37,95,-1.18375,4300.65,678.907
4379,37,96,-1.11443,4296.75,689.321
4380,37,97,-0.838144,4281.09,700.036
4381,37,98,-0.464803,4259.81,711.066
4382,37,99,-0.111079,4239.53,722.065
4383,37,100,0.216,4220.67,733.005
4384,37,101,0.373221,4211.55,743.497
4385,37,102,0.589204,4198.95,754.126
4386,37,103,0.756269,4189.15,764.638
4387,37,104,0.861379,4182.95,775.028
4388,37,105,1.07878,4170.05,785.694
4389,37,106,1.32976,4155.08,796.509
4390,37,107,1.22171,4161.56,806.892
4391,37,108,1.30869,4156.31,817.231
4392,37,109,1.52021,4143.48,827.943
4393,37,110,1.74161,4129.97,838.723
4394,37,111,1.96646,4116.18,849.547
4395,37,112,2.07348,4109.58,859.92
4396,37,113,2.17609,4103.22,870.279
4397,37,114,2.29888,4095.57,880.699
4398,37,115,2.30605,4095.12,890.898
4399,37,116,2.33659,4093.19,901.099
4400,37,117,2.4825,4083.95,911.63
4401,37,118,2.6389,4074,922.232
4402,37,119,2.57709,4077.95,932.461
4403,37,120,2.6565,4072.84,942.734
4404,37,121,2.92303,4055.61,954.367
4405,37,122,3.27787,4032.54,967.254
4406,37,123,3.57863,4012.89,979.45
4407,37,124,3.76821,4000.44,990.464
4408,37,125,3.8704,3993.7,1000.89
4409,37,126,3.9165,3990.64,1011.11
4410,37,127,3.88982,3992.42,1021.28
4411,37,128,3.79044,3999.08,1031.71
4412,37,129,3.73708,4002.67,1041.93
4413,37,130,3.78767,3999.25,1052.13
4414,37,131,3.72871,4003.26,1062.36
4415,37,132,3.74504,4002.14,1072.47
4416,37,133,3.97079,3986.64,1084.46
4417,37,134,4.25148,3967.27,1097.58
4418,37,135,4.46571,3952.42,1109.51
4419,37,136,4.61704,3941.88,1120.57
4420,37,137,4.64447,3939.96,1130.73
4421,37,138,4.61523,3942.01,1140.89
4422,37,139,4.59124,3943.71,1151.02
4423,37,140,4.50675,3949.71,1161.47
4424,37,141,4.46456,3952.72,1171.66
4425,37,142,4.50578,3949.76,1181.83
4426,37,143,4.50438,3949.86,1191.91
4427,38,47,-39.8885,6281.22,89.9635
4428,38,48,-34.7691,6071.33,99.3665
4429,38,49,-51.6091,6767.38,121.306
4430,38,50,-62.3901,7216.59,134.478
4431,38,51,-61.5185,7179.98,143.574
4432,38,52,-67.5089,7433.58,154.774
4433,38,53,-72.0178,7625.95,165.381
4434,38,54,-73.6706,7697.02,174.73
4435,38,55,-75.6485,7782.73,184.267
4436,38,56,-74.6872,7740.76,193.419
4437,38,57,-70.4798,7555.63,205.882
4438,38,58,-63.3162,7238.05,224.438
4439,38,59,-58.7876,7035.77,237.469
4440,38,60,-55.0769,6868.78,249.666
4441,38,61,-49.7528,6627.43,264.926
4442,38,62,-43.5392,6343.67,281.999
4443,38,63,-39.1272,6140.72,295.686
4444,38,64,-34.4032,5921.84,310.178
4445,38,65,-30.5116,5740.23,323.555
4446,38,66,-28.1693,5630.15,335.16
4447,38,67,-25.5577,5506.53,347.271
4448,38,68,-23.7946,5422.49,358.563
4449,38,69,-21.4575,5310.31,370.726
4450,38,70,-19.1034,5196.52,383.121
4451,38,71,-18.342,5159.47,393.796
4452,38,72,-17.0941,5098.32,404.93
4453,38,73,-15.4497,5017.2,416.729
4454,38,74,-13.6212,4926.39,429.036
4455,38,75,-12.2115,4855.9,440.708
4456,38,76,-10.8989,4789.83,452.334
4457,38,77,-10.014,4745,463.379
4458,38,78,-9.53315,4720.47,474.013
4459,38,79,-8.59447,4672.29,485.269
4460,38,80,-8.12014,4647.78,495.919
4461,38,81,-7.21696,4600.82,507.269
4462,38,82,-6.13124,4544,519.167
4463,38,83,-5.69415,4520.98,529.835
4464,38,84,-5.65577,4518.94,540.222
4465,38,85,-5.15399,4492.18,551.017
4466,38,86,-4.24576,4443.44,562.913
4467,38,87,-3.33248,4394.12,574.948
4468,38,88,-2.51,4349.43,586.776
4469,38,89,-2.06706,4325.22,597.613
4470,38,90,-1.49303,4293.65,608.817
4471,38,91,-1.15844,4275.13,619.49
4472,38,92,-1.06817,4270.11,629.867
4473,38,93,-0.538411,4240.44,641.118
4474,38,94,-0.00453072,4210.37,652.45
4475,38,95,0.0299456,4208.41,662.786
4476,38,96,0.0604734,4206.67,673.103
4477,38,97,0.306802,4192.55,683.671
4478,38,98,0.654844,4172.48,694.542
4479,38,99,0.983861,4153.4,705.383
4480,38,100,1.28656,4135.74,716.164
4481,38,101,1.41524,4128.19,726.524
4482,38,102,1.60581,4116.95,737.006
4483,38,103,1.74713,4108.56,747.379
4484,38,104,1.8258,4103.87,757.646
4485,38,105,2.02123,4092.14,768.16
4486,38,106,2.25217,4078.21,778.818
4487,38,107,2.11467,4086.55,789.18
4488,38,108,2.17895,4082.63,799.395
4489,38,109,2.37218,4070.78,809.953
4490,38,110,2.5763,4058.19,820.578
4491,38,111,2.78467,4045.27,831.246
4492,38,112,2.87272,4039.78,841.483
4493,38,113,2.957,4034.5,851.705
4494,38,114,3.06269,4027.84,861.981
4495,38,115,3.05047,4028.62,872.084
4496,38,116,3.06293,4027.82,882.175
4497,38,117,3.19433,4019.41,892.556
4498,38,118,3.33702,4010.23,903.004
4499,38,119,3.25667,4015.43,913.19
4500,38,120,3.32162,4011.21,923.326
4501,38,121,3.57866,3994.42,934.83
4502,38,122,3.92642,3971.58,947.652
4503,38,123,4.2191,3952.26,959.744
4504,38,124,4.39831,3940.38,970.612
4505,38,125,4.4885,3934.36,980.894
4506,38,126,4.52175,3932.13,990.986
4507,38,127,4.48102,3934.88,1001.09
4508,38,128,4.36646,3942.63,1011.53
4509,38,129,4.29942,3947.19,1021.71
4510,38,130,4.33901,3944.48,1031.78
4511,38,131,4.26706,3949.42,1041.98
4512,38,132,4.2724,3949.05,1051.99
4513,38,133,4.49187,3933.84,1063.88
4514,38,134,4.7676,3914.63,1076.96
4515,38,135,4.97567,3900.06,1088.79
4516,38,136,5.11976,3889.93,1099.72
4517,38,137,5.13768,3888.66,1109.76
4518,38,138,5.0981,3891.47,1119.86
4519,38,139,5.06417,3893.89,1129.93
4520,38,140,4.96885,3900.72,1140.4
4521,38,141,4.91696,3904.46,1150.55
4522,38,142,4.95035,3902.05,1160.6
4523,38,143,4.94054,3902.76,1170.58
4524,39,48,-39.5024,6284.33,90.2069
4525,39,49,-58.5436,7084.06,111.017
4526,39,50,-69.9657,7567.59,123.509
4527,39,51,-67.7945,7474.95,132.681
4528,39,52,-73.7442,7730.79,143.386
4529,39,53,-78.0229,7916.2,153.543
4530,39,54,-79.1316,7964.61,162.621
4531,39,55,-80.6998,8033.61,171.817
4532,39,56,-79.0704,7961.38,181.085
4533,39,57,-73.9588,7733.06,194.54
4534,39,58,-65.7309,7362.8,214.075
4535,39,59,-60.541,7127.53,227.364
4536,39,60,-56.3335,6935.39,239.699
4537,39,61,-50.4373,6664.16,254.967
4538,39,62,-43.6487,6349.62,271.873
4539,39,63,-38.8751,6126.85,285.456
4540,39,64,-33.8071,5888.66,299.778
4541,39,65,-29.6714,5692.9,313.015
4542,39,66,-27.2218,5576.14,324.556
4543,39,67,-24.4954,5445.27,336.567
4544,39,68,-22.6856,5357.8,347.797
4545,39,69,-20.2692,5240.2,359.844
4546,39,70,-17.8423,5121.28,372.107
4547,39,71,-17.1111,5085.21,382.753
4548,39,72,-15.8623,5023.18,393.814
4549,39,73,-14.1943,4939.79,405.5
4550,39,74,-12.334,4846.15,417.668
4551,39,75,-10.9176,4774.39,429.227
4552,39,76,-9.60406,4707.39,440.74
4553,39,77,-8.74014,4663.05,451.701
4554,39,78,-8.29898,4640.25,462.285
4555,39,79,-7.3747,4592.19,473.439
4556,39,80,-6.93588,4569.23,484.029
4557,39,81,-6.04577,4522.35,495.269
4558,39,82,-4.96393,4465.01,507.034
4559,39,83,-4.5593,4443.43,517.633
4560,39,84,-4.56859,4443.93,528
4561,39,85,-4.09172,4418.18,538.711
4562,39,86,-3.1899,4369.18,550.474
4563,39,87,-2.28245,4319.57,562.372
4564,39,88,-1.46907,4274.83,574.069
4565,39,89,-1.04958,4251.62,584.813
4566,39,90,-0.492602,4220.62,595.904
4567,39,91,-0.183148,4203.29,606.492
4568,39,92,-0.125649,4200.05,616.823
4569,39,93,0.389098,4170.88,627.957
4570,39,94,0.90892,4141.25,639.171
4571,39,95,0.912555,4141.04,649.467
4572,39,96,0.913701,4140.98,659.746
4573,39,97,1.13946,4127.88,670.228
4574,39,98,1.47134,4108.52,680.994
4575,39,99,1.78438,4090.16,691.73
4576,39,100,2.07102,4073.24,702.409
4577,39,101,2.17888,4066.84,712.698
4578,39,102,2.35154,4056.54,723.093
4579,39,103,2.47427,4049.18,733.388
4580,39,104,2.53328,4045.62,743.591
4581,39,105,2.71342,4034.69,754.013
4582,39,106,2.9308,4021.43,764.568
4583,39,107,2.76965,4031.31,774.948
4584,39,108,2.81705,4028.39,785.1
4585,39,109,2.99774,4017.19,795.56
4586,39,110,3.19016,4005.19,806.083
4587,39,111,3.38742,3992.83,816.647
4588,39,112,3.46156,3988.16,826.807
4589,39,113,3.53238,3983.68,836.952
4590,39,114,3.62572,3977.73,847.144
4591,39,115,3.59855,3979.47,857.207
4592,39,116,3.59728,3979.55,867.246
4593,39,117,3.71848,3971.72,877.532
4594,39,118,3.85163,3963.06,887.881
4595,39,119,3.75659,3969.27,898.069
4596,39,120,3.81093,3965.7,908.128
4597,39,121,4.06237,3949.11,919.522
4598,39,122,4.4069,3926.25,932.252
4599,39,123,4.69516,3907.04,944.242
4600,39,124,4.86746,3895.49,955.002
4601,39,125,4.94895,3890.01,965.194
4602,39,126,4.97249,3888.41,975.218
4603,39,127,4.92071,3891.93,985.294
4604,39,128,4.79384,3900.6,995.778
4605,39,129,4.71593,3905.95,1005.96
4606,39,130,4.74733,3903.79,1015.96
4607,39,131,4.66504,3909.49,1026.17
4608,39,132,4.66204,3909.7,1036.12
4609,39,133,4.87792,3894.59,1047.92
4610,39,134,5.15136,3875.36,1060.93
4611,39,135,5.3558,3860.91,1072.66
4612,39,136,5.49507,3851.02,1083.49
4613,39,137,5.50577,3850.26,1093.47
4614,39,138,5.45804,3853.68,1103.55
4615,39,139,5.41631,3856.68,1113.6
4616,39,140,5.31221,3864.21,1124.12
4617,39,141,5.25265,3868.54,1134.26
4618,39,142,5.28023,3866.53,1144.24
4619,39,143,5.26394,3867.72,1154.19
4620,40,49,-60.2473,7162.42,102.067
4621,40,50,-73.4364,7729.55,114.141
4622,40,51,-70.3248,7594.72,123.452
4623,40,52,-76.8005,7877.49,133.92
4624,40,53,-81.2538,8073.44,143.874
4625,40,54,-82.0796,8110.05,152.921
4626,40,55,-83.4753,8172.39,162.027
4627,40,56,-81.3277,8075.75,171.454
4628,40,57,-75.3973,7806.9,185.165
4629,40,58,-66.1519,7384.7,204.522
4630,40,59,-60.401,7120.15,217.703
4631,40,60,-55.8061,6907.26,229.93
4632,40,61,-49.4217,6609.32,244.902
4633,40,62,-42.1312,6266.67,261.41
4634,40,63,-37.0862,6027.87,274.754
4635,40,64,-31.7559,5773.79,288.796
4636,40,65,-27.4598,5567.58,301.803
4637,40,66,-24.9926,5448.33,313.207
4638,40,67,-22.2307,5313.92,325.046
4639,40,68,-20.4523,5226.78,336.151
4640,40,69,-18.0237,5106.97,348.017
4641,40,70,-15.585,4985.84,360.089
4642,40,71,-14.9493,4954.06,370.658
4643,40,72,-13.7557,4893.98,381.593
4644,40,73,-12.1136,4810.78,393.11
4645,40,74,-10.2659,4716.55,405.089
4646,40,75,-8.88573,4645.7,416.482
4647,40,76,-7.61098,4579.84,427.83
4648,40,77,-6.80649,4538,438.657
4649,40,78,-6.44186,4518.92,449.145
4650,40,79,-5.56423,4472.7,460.148
4651,40,80,-5.19232,4452.99,470.632
4652,40,81,-4.34285,4407.68,481.714
4653,40,82,-3.2899,4351.17,493.304
4654,40,83,-2.94297,4332.44,503.787
4655,40,84,-3.02451,4336.87,514.107
4656,40,85,-2.59404,4313.34,524.686
4657,40,86,-1.71758,4265.13,536.278
4658,40,87,-0.833657,4216.22,548.005
4659,40,88,-0.0462143,4172.39,559.532
4660,40,89,0.333138,4151.14,570.137
4661,40,90,0.857738,4121.59,581.07
4662,40,91,1.12716,4106.33,591.528
4663,40,92,1.13738,4105.74,601.78
4664,40,93,1.62441,4077.82,612.756
4665,40,94,2.11822,4049.34,623.809
4666,40,95,2.07879,4051.63,634.038
4667,40,96,2.03906,4053.95,644.249
4668,40,97,2.23379,4042.52,654.602
4669,40,98,2.53984,4024.47,665.219
4670,40,99,2.82769,4007.39,675.806
4671,40,100,3.08952,3991.76,686.338
4672,40,101,3.16801,3987.06,696.516
4673,40,102,3.31475,3978.2,706.781
4674,40,103,3.41121,3972.35,716.957
4675,40,104,3.44321,3970.4,727.061
4676,40,105,3.60124,3960.71,737.345
4677,40,106,3.7986,3948.54,747.754
4678,40,107,3.60719,3960.4,758.156
4679,40,108,3.63168,3958.88,768.209
4680,40,109,3.79426,3948.69,778.528
4681,40,110,3.96967,3937.64,788.906
4682,40,111,4.15075,3926.17,799.324
4683,40,112,4.20601,3922.65,809.368
4684,40,113,4.25862,3919.28,819.397
4685,40,114,4.33508,3914.36,829.462
4686,40,115,4.28853,3917.37,839.461
4687,40,116,4.26931,3918.62,849.419
4688,40,117,4.37639,3911.63,859.567
4689,40,118,4.49625,3903.76,869.775
4690,40,119,4.38272,3911.25,879.96
4691,40,120,4.42294,3908.58,889.904
4692,40,121,4.66559,3892.41,901.167
4693,40,122,5.00388,3869.74,913.82
4694,40,123,5.28479,3850.83,925.702
4695,40,124,5.44727,3839.83,936.319
4696,40,125,5.51717,3835.08,946.382
4697,40,126,5.52819,3834.32,956.303
4698,40,127,5.46261,3838.83,966.342
4699,40,128,5.3207,3848.62,976.89
4700,40,129,5.22936,3854.95,987.066
4701,40,130,5.25016,3853.5,996.965
4702,40,131,5.15516,3860.15,1007.18
4703,40,132,5.14154,3861.11,1017.05
4704,40,133,5.35182,3846.25,1028.75
4705,40,134,5.62104,3827.14,1041.72
4706,40,135,5.81996,3812.95,1053.35
4707,40,136,5.95253,3803.45,1064.04
4708,40,137,5.95411,3803.33,1073.93
4709,40,138,5.89635,3807.51,1083.98
4710,40,139,5.84502,3811.24,1093.99
4711,40,140,5.73038,3819.61,1104.58
4712,40,141,5.66145,3824.66,1114.72
4713,40,142,5.68162,3823.18,1124.6
4714,40,143,5.65731,3824.98,1134.48
4715,41,50,-79.103,7995.89,104.488
4716,41,51,-74.3955,7788.75,113.982
4717,41,52,-81.272,8093.62,124.183
4718,41,53,-85.7225,8292.4,133.913
4719,41,54,-86.0279,8306.15,142.935
4720,41,55,-87.0832,8353.99,151.948
4721,41,56,-84.2162,8223.06,161.59
4722,41,57,-77.2483,7902.54,175.659
4723,41,58,-66.77,7417.04,194.899
4724,41,59,-60.3486,7117.38,207.989
4725,41,60,-55.2995,6880.07,220.122
4726,41,61,-48.3553,6551.38,234.81
4727,41,62,-40.499,6176.89,250.929
4728,41,63,-35.1572,5920.49,264.042
4729,41,64,-29.5435,5649.16,277.81
4730,41,65,-25.0807,5431.97,290.593
4731,41,66,-22.6067,5310.74,301.866
4732,41,67,-19.817,5173.12,313.539
4733,41,68,-18.0839,5087.04,324.526
4734,41,69,-15.6512,4965.4,336.217
4735,41,70,-13.2081,4842.44,348.099
4736,41,71,-12.6847,4815.92,358.602
4737,41,72,-11.5581,4758.46,369.416
4738,41,73,-9.94963,4675.89,380.768
4739,41,74,-8.12049,4581.39,392.559
4740,41,75,-6.78406,4511.89,403.79
4741,41,76,-5.55525,4447.58,414.975
4742,41,77,-4.8184,4408.78,425.672
4743,41,78,-4.53922,4393.98,436.076
4744,41,79,-3.71415,4349.98,446.93
4745,41,80,-3.41614,4333.98,457.318
4746,41,81,-2.61188,4290.55,468.243
4747,41,82,-1.59122,4235.1,479.657
4748,41,83,-1.30716,4219.57,490.033
4749,41,84,-1.46676,4228.35,500.323
4750,41,85,-1.08639,4207.3,510.776
4751,41,86,-0.237373,4160.04,522.195
4752,41,87,0.621173,4111.96,533.748
4753,41,88,1.38081,4069.17,545.106
4754,41,89,1.7174,4050.09,555.575
4755,41,90,2.20761,4022.15,566.352
4756,41,91,2.43466,4009.13,576.686
4757,41,92,2.39499,4011.42,586.873
4758,41,93,2.85294,3984.86,597.689
4759,41,94,3.31953,3957.64,608.581
4760,41,95,3.23499,3962.6,618.757
4761,41,96,3.15255,3967.47,628.916
4762,41,97,3.31504,3957.83,639.146
4763,41,98,3.59436,3941.16,649.617
4764,41,99,3.85622,3925.45,660.058
4765,41,100,4.0925,3911.19,670.446
4766,41,101,4.14067,3908.27,680.522
4767,41,102,4.26077,3900.94,690.663
4768,41,103,4.33026,3896.68,700.728
4769,41,104,4.33454,3896.42,710.743
4770,41,105,4.47,3888.02,720.895
4771,41,106,4.64702,3876.98,731.161
4772,41,107,4.42457,3890.93,741.612
4773,41,108,4.42575,3890.85,751.577
4774,41,109,4.57002,3881.71,761.759
4775,41,110,4.72827,3871.64,771.995
4776,41,111,4.89309,3861.09,782.269
4777,41,112,4.92926,3858.76,792.206
4778,41,113,4.9635,3856.55,802.128
4779,41,114,5.02297,3852.68,812.074
4780,41,115,4.95684,3857,822.025
4781,41,116,4.91952,3859.45,831.914
4782,41,117,5.01249,3853.32,841.931
4783,41,118,5.11912,3846.25,852.001
4784,41,119,4.98695,3855.06,862.207
4785,41,120,5.01307,3853.31,872.045
4786,41,121,5.24714,3837.55,883.175
4787,41,122,5.57949,3815.06,895.75
4788,41,123,5.8533,3796.44,907.521
4789,41,124,6.00612,3786,917.997
4790,41,125,6.06451,3781.99,927.935
4791,41,126,6.06306,3782.09,937.765
4792,41,127,5.98367,3787.59,947.785
4793,41,128,5.8267,3798.53,958.425
4794,41,129,5.72193,3805.86,968.62
4795,41,130,5.73225,3805.13,978.423
4796,41,131,5.62456,3812.74,988.668
4797,41,132,5.60045,3814.46,998.474
4798,41,133,5.80538,3799.84,1010.07
4799,41,134,6.07067,3780.82,1022.99
4800,41,135,6.26431,3766.88,1034.51
4801,41,136,6.39039,3757.76,1045.08
4802,41,137,6.38298,3758.3,1054.89
4803,41,138,6.31529,3763.24,1064.93
4804,41,139,6.25446,3767.7,1074.92
4805,41,140,6.12933,3776.92,1085.61
4806,41,141,6.05114,3782.71,1095.75
4807,41,142,6.06406,3781.75,1105.54
4808,41,143,6.03185,3784.15,1115.37
4809,42,51,-83.0315,8203.29,103.66
4810,42,52,-89.5882,8498.34,113.46
4811,42,53,-93.3944,8670.88,122.848
4812,42,54,-92.5665,8633.08,131.818
4813,42,55,-92.8385,8645.59,140.678
4814,42,56,-88.8218,8459.48,150.72
4815,42,57,-80.4072,8066.8,165.613
4816,42,58,-68.3245,7498.91,185.088
4817,42,59,-61.0169,7153.02,198.184
4818,42,60,-55.366,6883.66,210.287
4819,42,61,-47.7208,6516.69,224.762
4820,42,62,-39.1766,6103.72,240.543
4821,42,63,-33.4695,5825.97,253.46
4822,42,64,-27.5143,5534.17,266.982
4823,42,65,-22.8487,5304,279.566
4824,42,66,-20.3554,5180.17,290.735
4825,42,67,-17.5242,5038.61,302.265
4826,42,68,-15.8327,4953.47,313.158
4827,42,69,-13.3869,4829.55,324.695
4828,42,70,-10.9315,4704.32,336.408
4829,42,71,-10.525,4683.45,346.868
4830,42,72,-9.46504,4628.69,357.583
4831,42,73,-7.88688,4546.63,368.789
4832,42,74,-6.07189,4451.64,380.408
4833,42,75,-4.77736,4383.46,391.494
4834,42,76,-3.593,4320.69,402.535
4835,42,77,-2.92422,4285.02,413.125
4836,42,78,-2.73234,4274.73,423.466
4837,42,79,-1.95895,4232.96,434.192
4838,42,80,-1.73567,4220.83,444.506
4839,42,81,-0.975216,4179.26,455.293
4840,42,82,0.0154007,4124.78,466.543
4841,42,83,0.23648,4112.54,476.834
4842,42,84,-0.00234068,4125.84,487.118
4843,42,85,0.328753,4107.3,497.465
4844,42,86,1.15261,4060.89,508.723
4845,42,87,1.98805,4013.54,520.112
4846,42,88,2.72184,3971.72,531.31
4847,42,89,3.01658,3954.82,541.663
4848,42,90,3.47378,3928.46,552.299
4849,42,91,3.65926,3917.7,562.529
4850,42,92,3.57001,3922.9,572.675
4851,42,93,4.00038,3897.65,583.347
4852,42,94,4.44128,3871.64,594.091
4853,42,95,4.31206,3879.31,604.239
4854,42,96,4.18745,3886.74,614.37
4855,42,97,4.31879,3878.86,624.497
4856,42,98,4.57269,3863.55,634.839
4857,42,99,4.80984,3849.16,645.151
4858,42,100,5.02181,3836.23,655.411
4859,42,101,5.04061,3835.07,665.409
4860,42,102,5.13513,3829.25,675.447
4861,42,103,5.17866,3826.55,685.423
4862,42,104,5.15615,3827.95,695.373
4863,42,105,5.27017,3820.81,705.412
4864,42,106,5.42801,3810.86,715.553
4865,42,107,5.17515,3826.88,726.078
4866,42,108,5.15396,3828.22,735.979
4867,42,109,5.28106,3820.09,746.042
4868,42,110,5.42329,3810.94,756.155
4869,42,111,5.57296,3801.26,766.301
4870,42,112,5.59099,3800.09,776.153
4871,42,113,5.60781,3798.99,785.99
4872,42,114,5.65126,3796.14,795.838
4873,42,115,5.56636,3801.74,805.765
4874,42,116,5.51179,3805.36,815.612
4875,42,117,5.59162,3800.04,825.515
4876,42,118,5.68597,3793.72,835.467
4877,42,119,5.53588,3803.82,845.719
4878,42,120,5.54876,3802.95,855.472
4879,42,121,5.77529,3787.55,866.475
4880,42,122,6.10281,3765.17,878.963
4881,42,123,6.37053,3746.78,890.622
4882,42,124,6.51457,3736.84,900.969
4883,42,125,6.56225,3733.54,910.802
4884,42,126,6.54905,3734.46,920.563
4885,42,127,6.45651,3740.94,930.588
4886,42,128,6.28506,3752.99,941.341
4887,42,129,6.16749,3761.3,951.578
4888,42,130,6.16804,3761.26,961.307
4889,42,131,6.04827,3769.81,971.605
4890,42,132,6.01432,3772.24,981.366
4891,42,133,6.2147,3757.81,992.858
4892,42,134,6.4769,3738.85,1005.72
4893,42,135,6.66602,3725.11,1017.14
4894,42,136,6.78629,3716.33,1027.59
4895,42,137,6.77047,3717.49,1037.34
4896,42,138,6.6934,3723.16,1047.39
4897,42,139,6.62361,3728.33,1057.38
4898,42,140,6.4885,3738.37,1068.18
4899,42,141,6.40156,3744.86,1078.36
4900,42,142,6.4078,3744.39,1088.07
4901,42,143,6.36822,3747.38,1097.87
4902,43,52,-95.697,8797.67,103.753
4903,43,53,-99.0845,8953.49,113.014
4904,43,54,-97.1703,8864.8,122.083
4905,43,55,-96.7758,8846.39,130.968
4906,43,56,-91.6229,8604.2,141.298
4907,43,57,-81.7129,8135.13,156.333
4908,43,58,-67.9566,7479.42,175.376
4909,43,59,-59.8326,7089.46,188.274
4910,43,60,-53.6853,6792.35,200.209
4911,43,61,-45.4123,6389.72,214.333
4912,43,62,-36.2446,5940.51,229.682
4913,43,63,-30.2731,5645.91,242.334
4914,43,64,-24.0672,5337.69,255.552
4915,43,65,-19.2957,5099.11,267.885
4916,43,66,-16.8906,4978.05,278.901
4917,43,67,-14.1102,4837.18,290.24
4918,43,68,-12.5511,4757.67,300.996
4919,43,69,-10.1673,4635.3,312.332
4920,43,70,-7.76645,4511.25,323.831
4921,43,71,-7.55015,4500.01,334.222
4922,43,72,-6.61786,4451.22,344.799
4923,43,73,-5.12157,4372.41,355.816
4924,43,74,-3.36598,4279.37,367.223
4925,43,75,-2.15699,4214.89,378.123
4926,43,76,-1.0571,4155.86,388.978
4927,43,77,-0.495014,4125.51,399.423
4928,43,78,-0.427426,4121.83,409.677
4929,43,79,0.263182,4084.08,420.233
4930,43,80,0.381256,4077.59,430.447
4931,43,81,1.07215,4039.36,441.054
4932,43,82,2.00992,3987.15,452.105
4933,43,83,2.14449,3979.62,462.28
4934,43,84,1.80344,3998.83,472.559
4935,43,85,2.06595,3983.96,482.767
4936,43,86,2.84829,3939.36,493.829
4937,43,87,3.64549,3893.66,505.022
4938,43,88,4.33913,3853.66,516.025
4939,43,89,4.57759,3839.83,526.228
4940,43,90,4.98879,3815.84,536.685
4941,43,91,5.12001,3808.14,546.78
4942,43,92,4.96876,3817.06,556.875
4943,43,93,5.36116,3793.78,567.366
4944,43,94,5.76668,3769.59,577.925
4945,43,95,5.58257,3780.63,588.042
4946,43,96,5.40629,3791.27,598.142
4947,43,97,5.49808,3785.7,608.136
4948,43,98,5.71892,3772.23,618.313
4949,43,99,5.92418,3759.64,628.461
4950,43,100,6.10503,3748.49,638.56
4951,43,101,6.08775,3749.56,648.457
4952,43,102,6.15052,3745.65,658.362
4953,43,103,6.16218,3744.91,668.224
4954,43,104,6.10722,3748.38,678.092
4955,43,105,6.19467,3742.84,687.987
4956,43,106,6.32855,3734.32,697.969
4957,43,107,6.0402,3752.77,708.61
4958,43,108,5.99215,3755.86,718.431
4959,43,109,6.09803,3749.01,728.343
4960,43,110,6.22041,3741.06,738.299
4961,43,111,6.35131,3732.51,748.286
4962,43,112,6.34762,3732.75,758.03
4963,43,113,6.3436,3733.01,767.759
4964,43,114,6.36782,3731.41,777.483
4965,43,115,6.26096,3738.53,787.387
4966,43,116,6.18614,3743.54,797.183
4967,43,117,6.25012,3739.24,806.943
4968,43,118,6.32963,3733.86,816.745
4969,43,119,6.15892,3745.47,827.071
4970,43,120,6.15616,3745.65,836.719
4971,43,121,6.37304,3730.76,847.577
4972,43,122,6.69381,3708.63,859.992
4973,43,123,6.95355,3690.62,871.535
4974,43,124,7.08688,3681.33,881.725
4975,43,125,7.12191,3678.88,891.427
4976,43,126,7.09507,3680.77,901.102
4977,43,127,6.98751,3688.37,911.145
4978,43,128,6.79973,3701.7,922.067
4979,43,129,6.66762,3711.12,932.371
4980,43,130,6.65681,3711.9,942.008
4981,43,131,6.52337,3721.51,952.386
4982,43,132,6.4781,3724.78,962.095
4983,43,133,6.6727,3710.64,973.479
4984,43,134,6.93064,3691.81,986.305
4985,43,135,7.11407,3678.36,997.613
4986,43,136,7.22737,3670.01,1007.92
4987,43,137,7.20193,3671.89,1017.6
4988,43,138,7.11426,3678.41,1027.67
4989,43,139,7.03436,3684.38,1037.68
4990,43,140,6.88811,3695.35,1048.63
4991,43,141,6.79134,3702.64,1058.87
4992,43,142,6.78991,3702.74,1068.48
4993,43,143,6.74198,3706.39,1078.26
4994,44,53,-102.568,9127.69,103.742
4995,44,54,-99.6727,8991.59,112.947
4996,44,55,-98.7955,8950.07,121.931
4997,44,56,-92.539,8651.84,132.355
4998,44,57,-81.0824,8101.93,147.081
4999,44,58,-65.5761,7352.45,165.392
5000,44,59,-56.7341,6922.14,177.978
5001,44,60,-50.2282,6603.35,189.66
5002,44,61,-41.42,6168.82,203.369
5003,44,62,-31.7075,5686.43,218.254
5004,44,63,-25.5926,5380.69,230.593
5005,44,64,-19.2414,5061.01,243.472
5006,44,65,-14.4748,4819.5,255.512
5007,44,66,-12.2798,4707.56,266.335
5008,44,67,-9.65191,4572.66,277.441
5009,44,68,-8.32477,4504.09,288.024
5010,44,69,-6.0827,4387.5,299.119
5011,44,70,-3.80659,4268.38,310.365
5012,44,71,-3.85769,4271.07,320.671
5013,44,72,-3.11576,4231.75,331.078
5014,44,73,-1.75319,4159.08,341.867
5015,44,74,-0.101653,4070.45,353.024
5016,44,75,0.978886,4012.1,363.7
5017,44,76,1.95538,3959.04,374.329
5018,44,77,2.37332,3936.2,384.597
5019,44,78,2.28087,3941.28,394.75
5020,44,79,2.85938,3909.27,405.102
5021,44,80,2.8435,3910.15,415.197
5022,44,81,3.44116,3876.69,425.589
5023,44,82,4.30555,3827.99,436.402
5024,44,83,4.33206,3826.49,446.443
5025,44,84,3.86767,3852.96,456.738
5026,44,85,4.04437,3842.83,466.778
5027,44,86,4.77108,3800.92,477.612
5028,44,87,5.51712,3757.65,488.578
5029,44,88,6.15841,3720.24,499.355
5030,44,89,6.32813,3710.29,509.378
5031,44,90,6.68234,3689.39,519.621
5032,44,91,6.74846,3685.46,529.556
5033,44,92,6.52457,3698.82,539.607
5034,44,93,6.87043,3678.07,549.883
5035,44,94,7.23267,3656.22,560.224
5036,44,95,6.98509,3671.24,570.325
5037,44,96,6.74923,3685.62,580.409
5038,44,97,6.79469,3682.84,590.248
5039,44,98,6.97641,3671.63,600.229
5040,44,99,7.14409,3661.23,610.182
5041,44,100,7.28848,3652.23,620.089
5042,44,101,7.2298,3655.91,629.875
5043,44,102,7.25598,3654.26,639.626
5044,44,103,7.23119,3655.83,649.358
5045,44,104,7.13937,3661.68,659.142
5046,44,105,7.19634,3658.03,668.868
5047,44,106,7.30268,3651.19,678.662
5048,44,107,6.97488,3672.39,689.494
5049,44,108,6.89659,3677.48,699.232
5050,44,109,6.97827,3672.14,708.967
5051,44,110,7.07803,3665.59,718.739
5052,44,111,7.18755,3658.36,728.538
5053,44,112,7.15952,3660.22,738.162
5054,44,113,7.13218,3662.04,747.771
5055,44,114,7.13487,3661.86,757.353
5056,44,115,7.00374,3670.69,767.253
5057,44,116,6.90652,3677.27,777.006
5058,44,117,6.95276,3674.13,786.6
5059,44,118,7.01565,3669.83,796.226
5060,44,119,6.82239,3683.1,806.681
5061,44,120,6.80233,3684.48,816.211
5062,44,121,7.0082,3670.21,826.908
5063,44,122,7.32101,3648.42,839.272
5064,44,123,7.57156,3630.88,850.698
5065,44,124,7.69293,3622.34,860.706
5066,44,125,7.71403,3620.85,870.257
5067,44,126,7.67228,3623.82,879.843
5068,44,127,7.54842,3632.65,889.934
5069,44,128,7.34302,3647.37,901.107
5070,44,129,7.1952,3658.01,911.522
5071,44,130,7.17201,3659.69,921.059
5072,44,131,7.02383,3670.46,931.565
5073,44,132,6.9663,3674.66,941.226
5074,44,133,7.15438,3660.87,952.5
5075,44,134,7.4074,3642.23,965.314
5076,44,135,7.58445,3629.13,976.508
5077,44,136,7.69007,3621.27,986.66
5078,44,137,7.65425,3623.95,996.262
5079,44,138,7.55521,3631.38,1006.38
5080,44,139,7.46446,3638.21,1016.42
5081,44,140,7.30632,3650.18,1027.61
5082,44,141,7.19904,3658.33,1037.92
5083,44,142,7.18935,3659.07,1047.44
5084,44,143,7.13247,3663.43,1057.19
5085,45,54,-111.012,9569.9,101.556
5086,45,55,-107.914,9421.17,110.606
5087,45,56,-99.0948,8994.93,121.78
5088,45,57,-84.867,8302.51,137.275
5089,45,58,-66.6048,7407.66,155.527
5090,45,59,-56.4468,6906.53,168.037
5091,45,60,-49.1635,6544.8,179.642
5092,45,61,-39.4444,6058.84,193.086
5093,45,62,-28.8722,5526.71,207.595
5094,45,63,-22.4121,5199.4,219.719
5095,45,64,-15.7438,4859.31,232.333
5096,45,65,-10.8564,4608.42,244.161
5097,45,66,-8.7908,4501.7,254.88
5098,45,67,-6.23775,4368.94,265.838
5099,45,68,-5.08452,4308.59,276.333
5100,45,69,-2.92231,4194.72,287.268
5101,45,70,-0.714222,4077.69,298.333
5102,45,71,-0.998168,4092.83,308.628
5103,45,72,-0.407499,4061.13,318.948
5104,45,73,0.862266,3992.56,329.588
5105,45,74,2.44954,3906.32,340.561
5106,45,75,3.4352,3852.44,351.088
5107,45,76,4.31921,3803.82,361.568
5108,45,77,4.61922,3787.22,371.741
5109,45,78,4.38921,3800.02,381.869
5110,45,79,4.88031,3772.52,392.095
5111,45,80,4.75127,3779.79,402.149
5112,45,81,5.27812,3749.94,412.402
5113,45,82,6.09131,3703.58,423.041
5114,45,83,6.02761,3707.24,433.026
5115,45,84,5.45522,3740.24,443.389
5116,45,85,5.5631,3733.99,453.343
5117,45,86,6.25209,3693.79,464.005
5118,45,87,6.96395,3652.03,474.794
5119,45,88,7.56862,3616.36,485.398
5120,45,89,7.68321,3609.56,495.32
5121,45,90,7.99391,3591.02,505.421
5122,45,91,8.00703,3590.23,515.274
5123,45,92,7.72137,3607.47,525.345
5124,45,93,8.0325,3588.59,535.473
5125,45,94,8.36274,3568.45,545.661
5126,45,95,8.06114,3586.95,555.803
5127,45,96,7.77482,3604.6,565.927
5128,45,97,7.78329,3604.08,575.687
5129,45,98,7.93513,3594.61,585.546
5130,45,99,8.07405,3585.91,595.378
5131,45,100,8.19038,3578.58,605.168
5132,45,101,8.09799,3584.43,614.914
5133,45,102,8.09514,3584.61,624.587
5134,45,103,8.04106,3588.07,634.264
5135,45,104,7.91919,3595.91,644.031
5136,45,105,7.95246,3593.76,653.663
5137,45,106,8.03783,3588.21,663.343
5138,45,107,7.67629,3611.83,674.367
5139,45,108,7.57364,3618.57,684.087
5140,45,109,7.63699,3614.39,693.72
5141,45,110,7.71981,3608.9,703.381
5142,45,111,7.81345,3602.66,713.063
5143,45,112,7.76619,3605.82,722.638
5144,45,113,7.72047,3608.9,732.198
5145,45,114,7.70643,3609.85,741.712
5146,45,115,7.5555,3620.11,751.654
5147,45,116,7.44026,3627.99,761.419
5148,45,117,7.47314,3625.73,770.92
5149,45,118,7.52367,3622.24,780.445
5150,45,119,7.31171,3636.94,791.037
5151,45,120,7.27824,3639.27,800.519
5152,45,121,7.4771,3625.35,811.087
5153,45,122,7.7859,3603.63,823.359
5154,45,123,8.03103,3586.31,834.669
5155,45,124,8.14394,3578.29,844.554
5156,45,125,8.15443,3577.54,854.024
5157,45,126,8.10092,3581.38,863.581
5158,45,127,7.96374,3591.26,873.748
5159,45,128,7.74356,3607.18,885.138
5160,45,129,7.58285,3618.86,895.672
5161,45,130,7.55011,3621.25,905.169
5162,45,131,7.38983,3633.01,915.803
5163,45,132,7.32267,3637.95,925.465
5164,45,133,7.50696,3624.32,936.634
5165,45,134,7.75777,3605.67,949.383
5166,45,135,7.93101,3592.74,960.472
5167,45,136,8.03139,3585.21,970.513
5168,45,137,7.98746,3588.52,980.094
5169,45,138,7.87923,3596.71,990.283
5170,45,139,7.77974,3604.27,1000.38
5171,45,140,7.61175,3617.09,1011.75
5172,45,141,7.49596,3625.97,1022.16
5173,45,142,7.48,3627.2,1031.63
5174,45,143,7.4161,3632.14,1041.4
5175,46,55,-107.311,9389.83,101.742
5176,46,56,-96.9982,8884.51,112.715
5177,46,57,-80.7486,8082.86,127.501
5178,46,58,-60.3104,7067.77,144.858
5179,46,59,-49.6004,6532.27,156.944
5180,46,60,-42.2589,6162.74,168.203
5181,46,61,-32.1879,5652.48,181.171
5182,46,62,-21.2257,5093.41,195.194
5183,46,63,-14.8974,4768.55,206.94
5184,46,64,-8.31825,4428.63,219.159
5185,46,65,-3.68459,4187.68,230.629
5186,46,66,-2.10532,4105.03,241.102
5187,46,67,0.0720497,3990.36,251.764
5188,46,68,0.776877,3953,262.045
5189,46,69,2.63083,3854.12,272.673
5190,46,70,4.57131,3749.98,283.417
5191,46,71,3.85894,3788.45,293.65
5192,46,72,4.13358,3773.53,303.767
5193,46,73,5.16968,3716.89,314.119
5194,46,74,6.56936,3639.91,324.776
5195,46,75,7.34607,3596.93,335.019
5196,46,76,8.0348,3558.59,345.216
5197,46,77,8.12133,3553.74,355.182
5198,46,78,7.66514,3579.44,365.235
5199,46,79,7.99242,3560.9,375.21
5200,46,80,7.67818,3578.81,385.161
5201,46,81,8.07169,3556.25,395.147
5202,46,82,8.77783,3515.53,405.488
5203,46,83,8.56938,3527.62,415.343
5204,46,84,7.83729,3570.32,425.841
5205,46,85,7.83146,3570.66,435.61
5206,46,86,8.44341,3534.56,445.99
5207,46,87,9.08482,3496.5,456.5
5208,46,88,9.61897,3464.63,466.824
5209,46,89,9.64557,3463.04,476.541
5210,46,90,9.88286,3448.72,486.38
5211,46,91,9.81442,3452.87,496.066
5212,46,92,9.4397,3475.73,506.169
5213,46,93,9.69219,3460.24,516.034
5214,46,94,9.96817,3443.22,525.954
5215,46,95,9.59029,3466.65,536.175
5216,46,96,9.23278,3488.94,546.374
5217,46,97,9.1855,3491.9,555.974
5218,46,98,9.29015,3485.31,565.605
5219,46,99,9.38403,3479.36,575.21
5220,46,100,9.45696,3474.72,584.778
5221,46,101,9.31603,3483.74,594.44
5222,46,102,9.27035,3486.68,603.955
5223,46,103,9.17387,3492.92,613.517
5224,46,104,9.00947,3503.6,623.242
5225,46,105,9.00751,3503.73,632.693
5226,46,106,9.06109,3500.21,642.158
5227,46,107,8.65487,3527.02,653.585
5228,46,108,8.5179,3536.11,663.26
5229,46,109,8.55372,3533.72,672.698
5230,46,110,8.61089,3529.89,682.152
5231,46,111,8.68036,3525.21,691.62
5232,46,112,8.60581,3530.26,701.092
5233,46,113,8.53405,3535.14,710.55
5234,46,114,8.49602,3537.73,719.927
5235,46,115,8.31822,3549.94,729.947
5236,46,116,8.17825,3559.6,739.729
5237,46,117,8.19154,3558.68,749.053
5238,46,118,8.22377,3556.43,758.386
5239,46,119,7.98716,3573,769.252
5240,46,120,7.93479,3576.68,778.633
5241,46,121,8.1216,3563.48,789.021
5242,46,122,8.42169,3542.17,801.264
5243,46,123,8.6568,3525.4,812.453
5244,46,124,8.75673,3518.24,822.133
5245,46,125,8.75216,3518.57,831.449
5246,46,126,8.68257,3523.6,840.946
5247,46,127,8.52786,3534.85,851.257
5248,46,128,8.28878,3552.3,863.08
5249,46,129,8.11126,3565.32,873.837
5250,46,130,8.06531,3568.7,883.254
5251,46,131,7.88932,3581.72,894.128
5252,46,132,7.80914,3587.68,903.781
5253,46,133,7.98656,3574.44,914.834
5254,46,134,8.23223,3556.01,927.595
5255,46,135,8.39878,3543.47,938.564
5256,46,136,8.49109,3536.48,948.432
5257,46,137,8.43621,3540.65,957.966
5258,46,138,8.31599,3549.83,968.276
5259,46,139,8.2051,3558.33,978.477
5260,46,140,8.02461,3572.23,990.197
5261,46,141,7.89781,3582.03,1000.76
5262,46,142,7.87324,3583.94,1010.15
5263,46,143,7.80001,3589.65,1019.94
5264,47,56,-91.6576,8601.46,103.186
5265,47,57,-73.4245,7689.8,117.176
5266,47,58,-50.8007,6551.07,133.649
5267,47,59,-39.906,5999.07,145.256
5268,47,60,-32.9007,5641.8,156.114
5269,47,61,-22.7346,5119.94,168.569
5270,47,62,-11.5838,4543.82,182.093
5271,47,63,-5.64534,4235.02,193.409
5272,47,64,0.636842,3906.25,205.186
5273,47,65,4.81561,3686.17,216.243
5274,47,66,5.70278,3639.15,226.443
5275,47,67,7.3439,3551.62,236.762
5276,47,68,7.45172,3545.84,246.818
5277,47,69,8.88646,3468.36,257.091
5278,47,70,10.4673,3382.46,267.461
5279,47,71,9.22631,3450.31,277.701
5280,47,72,9.1092,3456.75,287.613
5281,47,73,9.85348,3415.57,297.639
5282,47,74,11.0186,3350.71,307.933
5283,47,75,11.542,3321.4,317.855
5284,47,76,11.9969,3295.77,327.733
5285,47,77,11.8334,3305.03,337.494
5286,47,78,11.1167,3345.89,347.543
5287,47,79,11.2546,3337.98,357.248
5288,47,80,10.73,3368.23,367.149
5289,47,81,10.9716,3354.22,376.842
5290,47,82,11.5559,3320.14,386.846
5291,47,83,11.186,3341.84,396.615
5292,47,84,10.2777,3395.43,407.408
5293,47,85,10.1464,3403.22,417.005
5294,47,86,10.6732,3371.78,427.071
5295,47,87,11.2371,3337.95,437.27
5296,47,88,11.6942,3310.37,447.28
5297,47,89,11.6255,3314.54,456.799
5298,47,90,11.7836,3304.9,466.355
5299,47,91,11.6277,3314.46,475.896
5300,47,92,11.1578,3343.44,486.139
5301,47,93,11.3479,3331.65,495.719
5302,47,94,11.5664,3318.03,505.346
5303,47,95,11.1079,3346.76,515.77
5304,47,96,10.6754,3374.01,526.158
5305,47,97,10.5697,3380.71,535.619
5306,47,98,10.6251,3377.18,545.016
5307,47,99,10.6721,3374.17,554.389
5308,47,100,10.7001,3372.37,563.733
5309,47,101,10.5088,3384.74,573.361
5310,47,102,10.4189,3390.58,582.741
5311,47,103,10.2787,3399.74,592.227
5312,47,104,10.0706,3413.41,601.973
5313,47,105,10.0326,3415.92,611.255
5314,47,106,10.0538,3414.51,620.508
5315,47,107,9.60168,3444.65,632.53
5316,47,108,9.42974,3456.17,642.216
5317,47,109,9.43776,3455.63,651.466
5318,47,110,9.46909,3453.51,660.716
5319,47,111,9.51429,3450.44,669.97
5320,47,112,9.41221,3457.41,679.377
5321,47,113,9.31424,3464.14,688.769
5322,47,114,9.25214,3468.42,698.033
5323,47,115,9.04727,3482.63,708.215
5324,47,116,8.88247,3494.11,718.078
5325,47,117,8.8763,3494.54,727.237
5326,47,118,8.8904,3493.55,736.387
5327,47,119,8.62905,3512.02,747.648
5328,47,120,8.55791,3517.07,756.959
5329,47,121,8.73309,3504.57,767.163
5330,47,122,9.02498,3483.65,779.389
5331,47,123,9.25053,3467.41,790.458
5332,47,124,9.3378,3461.1,799.931
5333,47,125,9.3184,3462.51,809.11
5334,47,126,9.23291,3468.75,818.586
5335,47,127,9.0608,3481.37,829.12
5336,47,128,8.80289,3500.37,841.498
5337,47,129,8.6087,3514.74,852.559
5338,47,130,8.54981,3519.12,861.924
5339,47,131,8.35829,3533.42,873.115
5340,47,132,8.26533,3540.39,882.797
5341,47,133,8.43635,3527.51,893.735
5342,47,134,8.67738,3509.27,906.511
5343,47,135,8.83766,3497.09,917.358
5344,47,136,8.92227,3490.63,927.057
5345,47,137,8.85671,3495.66,936.574
5346,47,138,8.72474,3505.82,947.057
5347,47,139,8.60267,3515.26,957.406
5348,47,140,8.40988,3530.23,969.545
5349,47,141,8.2723,3540.96,980.313
5350,47,142,8.23942,3543.54,989.644
5351,47,143,8.15713,3550.01,999.475
5352,48,57,-69.8945,7499.18,107.584
5353,48,58,-43.7991,6168.32,123.227
5354,48,59,-32.2556,5575.75,134.502
5355,48,60,-25.3495,5218.93,145.105
5356,48,61,-14.8099,4670.87,157.108
5357,48,62,-3.22893,4064.8,170.121
5358,48,63,2.4075,3767.95,181.088
5359,48,64,8.48137,3446.04,192.472
5360,48,65,12.2528,3244.89,203.191
5361,48,66,12.4505,3234.28,213.242
5362,48,67,13.581,3173.24,223.329
5363,48,68,13.1051,3199.1,233.291
5364,48,69,14.1563,3141.63,243.316
5365,48,70,15.4164,3072.32,253.405
5366,48,71,13.6595,3169.54,263.792
5367,48,72,13.1784,3196.32,273.633
5368,48,73,13.6669,3168.96,283.445
5369,48,74,14.6358,3114.38,293.466
5370,48,75,14.9383,3097.24,303.182
5371,48,76,15.1903,3082.87,312.855
5372,48,77,14.803,3105.08,322.546
5373,48,78,13.8485,3160.12,332.721
5374,48,79,13.8243,3161.53,342.28
5375,48,80,13.1122,3203.07,352.257
5376,48,81,13.2279,3196.28,361.778
5377,48,82,13.7166,3167.45,371.538
5378,48,83,13.2061,3197.74,381.345
5379,48,84,12.1395,3261.38,392.501
5380,48,85,11.9033,3275.55,402.048
5381,48,86,12.367,3247.57,411.888
5382,48,87,12.8745,3216.79,421.852
5383,48,88,13.274,3192.42,431.635
5384,48,89,13.1268,3201.44,441.077
5385,48,90,13.2224,3195.55,450.464
5386,48,91,12.994,3209.71,459.977
5387,48,92,12.4425,3244.09,470.436
5388,48,93,12.585,3235.15,479.839
5389,48,94,12.7602,3224.12,489.277
5390,48,95,12.2328,3257.52,499.958
5391,48,96,11.7367,3289.1,510.583
5392,48,97,11.5843,3298.86,520.012
5393,48,98,11.6021,3297.71,529.288
5394,48,99,11.6134,3296.98,538.542
5395,48,100,11.6069,3297.41,547.775
5396,48,101,11.3749,3312.56,557.456
5397,48,102,11.2503,3320.75,566.807
5398,48,103,11.0754,3332.29,576.31
5399,48,104,10.832,3348.43,586.149
5400,48,105,10.7664,3352.81,595.368
5401,48,106,10.7635,3353,604.519
5402,48,107,10.2727,3386.05,617.029
5403,48,108,10.0731,3399.56,626.788
5404,48,109,10.0606,3400.4,635.956
5405,48,110,10.0731,3399.55,645.106
5406,48,111,10.1009,3397.64,654.253
5407,48,112,9.97761,3406.15,663.675
5408,48,113,9.85954,3414.33,673.081
5409,48,114,9.77931,3419.92,682.325
5410,48,115,9.55291,3435.77,692.678
5411,48,116,9.36868,3448.73,702.654
5412,48,117,9.34844,3450.16,711.748
5413,48,118,9.34964,3450.07,720.816
5414,48,119,9.06827,3470.15,732.385
5415,48,120,8.98315,3476.25,741.701
5416,48,121,9.15157,3464.12,751.771
5417,48,122,9.44009,3443.25,763.909
5418,48,123,9.66065,3427.22,774.858
5419,48,124,9.73953,3421.46,784.21
5420,48,125,9.70934,3423.68,793.34
5421,48,126,9.61178,3430.86,802.852
5422,48,127,9.42589,3444.62,813.578
5423,48,128,9.1526,3464.94,826.342
5424,48,129,8.94515,3480.43,837.631
5425,48,130,8.87674,3485.56,847.005
5426,48,131,8.67286,3500.91,858.426
5427,48,132,8.57032,3508.67,868.166
5428,48,133,8.73822,3495.91,878.998
5429,48,134,8.97785,3477.62,891.705
5430,48,135,9.13495,3465.58,902.447
5431,48,136,9.21478,3459.43,912.044
5432,48,137,9.14126,3465.12,921.589
5433,48,138,9.00014,3476.08,932.214
5434,48,139,8.86943,3486.27,942.686
5435,48,140,8.66676,3502.15,955.097
5436,48,141,8.52078,3513.63,966.017
5437,48,142,8.48198,3516.7,975.34
5438,48,143,8.39292,3523.76,985.233
5439,49,58,-16.2497,4653.1,106.677
5440,49,59,-7.61636,4204.17,116.982
5441,49,60,-3.66573,3997.42,126.609
5442,49,61,5.15934,3532.63,137.923
5443,49,62,15.542,2982.35,150.665
5444,49,63,19.4271,2775.14,160.747
5445,49,64,24.1328,2522.6,171.349
5446,49,65,26.5066,2394.42,181.184
5447,49,66,25.1425,2468.53,190.76
5448,49,67,25.056,2473.26,200.119
5449,49,68,23.385,2565.17,209.84
5450,49,69,23.5573,2555.64,219.111
5451,49,70,24.0773,2526.69,228.39
5452,49,71,21.4145,2675.8,239.618
5453,49,72,20.247,2741.57,249.293
5454,49,73,20.2092,2743.72,258.477
5455,49,74,20.7494,2712.93,267.766
5456,49,75,20.6214,2720.26,276.881
5457,49,76,20.4855,2728.1,285.959
5458,49,77,19.7063,2773.29,295.517
5459,49,78,18.3612,2851.75,306.329
5460,49,79,18.0444,2870.35,315.477
5461,49,80,17.0239,2930.55,325.842
5462,49,81,16.9096,2937.34,334.874
5463,49,82,17.2105,2919.38,344.012
5464,49,83,16.4712,2963.74,354.046
5465,49,84,15.1639,3042.61,366.645
5466,49,85,14.7515,3067.63,376.066
5467,49,86,15.0897,3047,385.375
5468,49,87,15.4835,3022.85,394.824
5469,49,88,15.7726,3005.02,404.077
5470,49,89,15.4963,3022.15,413.318
5471,49,90,15.4836,3022.94,422.254
5472,49,91,15.1394,3044.51,431.726
5473,49,92,14.4653,3086.98,442.962
5474,49,93,14.5243,3083.24,451.91
5475,49,94,14.6228,3076.97,460.877
5476,49,95,13.9937,3117.24,472.444
5477,49,96,13.4035,3155.2,483.848
5478,49,97,13.1769,3169.86,493.193
5479,49,98,13.1317,3172.79,502.147
5480,49,99,13.0835,3175.95,511.085
5481,49,100,13.0201,3180.11,520.022
5482,49,101,12.7261,3199.51,529.872
5483,49,102,12.5468,3211.41,539.14
5484,49,103,12.3184,3226.63,548.695
5485,49,104,12.0219,3246.5,558.806
5486,49,105,11.9123,3253.88,567.853
5487,49,106,11.8697,3256.76,576.729
5488,49,107,11.3248,3293.82,590.75
5489,49,108,11.0835,3310.3,600.7
5490,49,109,11.0375,3313.46,609.641
5491,49,110,11.0189,3314.74,618.532
5492,49,111,11.0175,3314.84,627.4
5493,49,112,10.8617,3325.69,636.848
5494,49,113,10.7128,3336.12,646.277
5495,49,114,10.6043,3343.75,655.447
5496,49,115,10.3465,3361.97,666.267
5497,49,116,10.1335,3377.09,676.537
5498,49,117,10.0905,3380.16,685.446
5499,49,118,10.0706,3381.59,694.293
5500,49,119,9.76096,3403.88,706.726
5501,49,120,9.65423,3411.6,716.029
5502,49,121,9.80889,3400.36,725.874
5503,49,122,10.0874,3380.03,738.086
5504,49,123,10.2966,3364.69,748.923
5505,49,124,10.3608,3359.96,758.008
5506,49,125,10.3137,3363.44,766.999
5507,49,126,10.1982,3372.03,776.579
5508,49,127,9.99273,3387.37,787.798
5509,49,128,9.69843,3409.44,801.596
5510,49,129,9.47238,3426.47,813.467
5511,49,130,9.38944,3432.75,822.832
5512,49,131,9.1683,3449.55,834.83
5513,49,132,9.05152,3458.47,844.683
5514,49,133,9.21205,3446.16,855.394
5515,49,134,9.44623,3428.13,868.18
5516,49,135,9.59617,3416.53,878.793
5517,49,136,9.66733,3411.01,888.187
5518,49,137,9.58199,3417.66,897.768
5519,49,138,9.42794,3429.73,908.718
5520,49,139,9.28495,3440.98,919.468
5521,49,140,9.06884,3458.05,932.551
5522,49,141,8.91108,3470.57,943.814
5523,49,142,8.86315,3474.39,953.093
5524,49,143,8.76419,3482.3,963.101
5525,50,59,-1.02727,3835.18,107.049
5526,50,60,2.44364,3651.22,116.59
5527,50,61,11.7213,3156.41,127.496
5528,50,62,22.6918,2567.66,139.687
5529,50,63,26.1105,2383.05,149.51
5530,50,64,30.5525,2141.7,159.752
5531,50,65,32.4206,2039.58,169.337
5532,50,66,30.2002,2161.7,179.043
5533,50,67,29.5421,2198.11,188.371
5534,50,68,27.223,2327.21,198.304
5535,50,69,27.0287,2338.09,207.514
5536,50,70,27.2677,2324.63,216.675
5537,50,71,24.0728,2505.67,228.397
5538,50,72,22.5726,2591.18,238.238
5539,50,73,22.3378,2604.65,247.408
5540,50,74,22.7509,2580.82,256.59
5541,50,75,22.4591,2597.75,265.701
5542,50,76,22.177,2614.2,274.779
5543,50,77,21.2214,2670.27,284.485
5544,50,78,19.6791,2761.26,295.589
5545,50,79,19.2532,2786.53,304.785
5546,50,80,18.089,2856,315.356
5547,50,81,17.9009,2867.28,324.402
5548,50,82,18.1599,2851.65,333.474
5549,50,83,17.3213,2902.53,343.666
5550,50,84,15.8907,2989.8,356.532
5551,50,85,15.415,3018.97,366.027
5552,50,86,15.7357,2999.2,375.279
5553,50,87,16.1162,2975.6,384.655
5554,50,88,16.3876,2958.69,393.848
5555,50,89,16.0668,2978.79,403.149
5556,50,90,16.0257,2981.38,412.087
5557,50,91,15.6393,3005.86,421.639
5558,50,92,14.9106,3052.25,433.028
5559,50,93,14.952,3049.6,441.967
5560,50,94,15.0358,3044.21,450.913
5561,50,95,14.3614,3087.82,462.622
5562,50,96,13.7305,3128.82,474.143
5563,50,97,13.4808,3145.14,483.537
5564,50,98,13.4214,3149.04,492.508
5565,50,99,13.3596,3153.12,501.464
5566,50,100,13.283,3158.2,510.422
5567,50,101,12.9676,3179.23,520.335
5568,50,102,12.7723,3192.31,529.646
5569,50,103,12.5272,3208.82,539.252
5570,50,104,12.2123,3230.13,549.422
5571,50,105,12.0919,3238.31,558.498
5572,50,106,12.0416,3241.75,567.394
5573,50,107,11.4719,3280.87,581.475
5574,50,108,11.2174,3298.43,591.466
5575,50,109,11.1654,3302.03,600.427
5576,50,110,11.1421,3303.66,609.333
5577,50,111,11.1366,3304.04,618.212
5578,50,112,10.9721,3315.61,627.693
5579,50,113,10.8151,3326.7,637.153
5580,50,114,10.7001,3334.87,646.349
5581,50,115,10.4316,3354.02,657.199
5582,50,116,10.2097,3369.92,667.496
5583,50,117,10.1632,3373.27,676.423
5584,50,118,10.1406,3374.91,685.285
5585,50,119,9.82013,3398.2,697.73
5586,50,120,9.70873,3406.33,707.053
5587,50,121,9.86617,3394.78,716.879
5588,50,122,10.1508,3373.82,729.026
5589,50,123,10.3639,3358.05,739.821
5590,50,124,10.428,3353.28,748.905
5591,50,125,10.3779,3357.02,757.913
5592,50,126,10.2577,3366.04,767.516
5593,50,127,10.0455,3382.03,778.753
5594,50,128,9.74238,3404.96,792.55
5595,50,129,9.50958,3422.65,804.424
5596,50,130,9.42367,3429.21,813.805
5597,50,131,9.1963,3446.64,825.801
5598,50,132,9.07603,3455.9,835.664
5599,50,133,9.2398,3443.24,846.355
5600,50,134,9.47884,3424.67,859.088
5601,50,135,9.63151,3412.76,869.678
5602,50,136,9.7035,3407.13,879.071
5603,50,137,9.61539,3414.06,888.667
5604,50,138,9.45713,3426.56,899.625
5605,50,139,9.31032,3438.21,910.382
5606,50,140,9.0889,3455.85,923.451
5607,50,141,8.92727,3468.78,934.713
5608,50,142,8.87796,3472.74,944.004
5609,50,143,8.77658,3480.92,954.017
5610,51,60,8.2103,3322.52,106.797
5611,51,61,18.1264,2787.05,117.388
5612,51,62,29.8577,2149.65,129.08
5613,51,63,32.7,1994.27,138.729
5614,51,64,36.8352,1766.84,148.682
5615,51,65,38.1146,1696.04,158.104
5616,51,66,34.905,1874.71,168.028
5617,51,67,33.6159,1946.9,177.413
5618,51,68,30.5865,2117.55,187.601
5619,51,69,30.0177,2149.78,196.829
5620,51,70,29.9817,2151.84,205.955
5621,51,71,26.224,2367.28,218.081
5622,51,72,24.3919,2472.93,228.087
5623,51,73,23.9785,2496.91,237.292
5624,51,74,24.2893,2478.78,246.437
5625,51,75,23.8511,2504.49,255.592
5626,51,76,23.4402,2528.73,264.713
5627,51,77,22.3202,2595.18,274.552
5628,51,78,20.5892,2698.46,285.842
5629,51,79,20.0712,2729.54,295.101
5630,51,80,18.7748,2807.76,305.798
5631,51,81,18.5304,2822.59,314.883
5632,51,82,18.7663,2808.2,323.942
5633,51,83,17.8401,2865.01,334.231
5634,51,84,16.2948,2960.3,347.187
5635,51,85,15.7689,2992.91,356.736
5636,51,86,16.0876,2973.04,365.978
5637,51,87,16.4697,2949.09,375.331
5638,51,88,16.7368,2932.26,384.512
5639,51,89,16.3817,2954.76,393.861
5640,51,90,16.3227,2958.51,402.822
5641,51,91,15.903,2985.38,412.425
5642,51,92,15.1271,3035.29,423.864
5643,51,93,15.1603,3033.14,432.819
5644,51,94,15.2385,3028.06,441.775
5645,51,95,14.5251,3074.67,453.518
5646,51,96,13.8597,3118.36,465.061
5647,51,97,13.5938,3135.91,474.485
5648,51,98,13.5272,3140.33,483.479
5649,51,99,13.4586,3144.9,492.458
5650,51,100,13.3749,3150.51,501.44
5651,51,101,13.0435,3172.82,511.374
5652,51,102,12.8379,3186.74,520.708
5653,51,103,12.581,3204.21,530.333
5654,51,104,12.2524,3226.66,540.512
5655,51,105,12.1263,3235.32,549.608
5656,51,106,12.0729,3239.01,558.522
5657,51,107,11.4821,3279.96,572.545
5658,51,108,11.2185,3298.33,582.537
5659,51,109,11.1647,3302.09,591.514
5660,51,110,11.1406,3303.79,600.437
5661,51,111,11.1351,3304.18,609.334
5662,51,112,10.9653,3316.24,618.82
5663,51,113,10.8035,3327.78,628.285
5664,51,114,10.6853,3336.25,637.49
5665,51,115,10.409,3356.14,648.317
5666,51,116,10.181,3372.63,658.598
5667,51,117,10.134,3376.05,667.536
5668,51,118,10.1116,3377.69,676.412
5669,51,119,9.78266,3401.81,688.8
5670,51,120,9.66915,3410.17,698.122
5671,51,121,9.83213,3398.11,707.962
5672,51,122,10.1256,3376.29,720.097
5673,51,123,10.3452,3359.89,730.892
5674,51,124,10.4116,3354.92,739.989
5675,51,125,10.3606,3358.76,749.008
5676,51,126,10.2377,3368.06,758.609
5677,51,127,10.0204,3384.57,769.817
5678,51,128,9.71023,3408.25,783.543
5679,51,129,9.47235,3426.49,795.374
5680,51,130,9.38523,3433.2,804.754
5681,51,131,9.15319,3451.14,816.701
5682,51,132,9.03104,3460.63,826.551
5683,51,133,9.19984,3447.46,837.255
5684,51,134,9.44552,3428.22,849.986
5685,51,135,9.60257,3415.86,860.585
5686,51,136,9.6769,3409.99,869.991
5687,51,137,9.58738,3417.09,879.584
5688,51,138,9.42616,3429.93,890.516
5689,51,139,9.27674,3441.89,901.25
5690,51,140,9.05115,3460.01,914.261
5691,51,141,8.8868,3473.27,925.489
5692,51,142,8.8373,3477.28,934.781
5693,51,143,8.73461,3485.63,944.779
5694,52,61,41.7067,1419.39,98.7949
5695,52,62,51.2836,892.66,109.773
5696,52,63,51.0287,906.768,118.448
5697,52,64,52.9802,798.132,127.238
5698,52,65,52.136,845.406,135.799
5699,52,66,46.6289,1155.64,147.39
5700,52,67,43.7132,1320.86,157.029
5701,52,68,39.1395,1581.57,168.775
5702,52,69,37.5572,1672.29,177.915
5703,52,70,36.7237,1720.35,186.725
5704,52,71,31.9161,1999.19,201.424
5705,52,72,29.3674,2147.86,212.085
5706,52,73,28.464,2200.86,221.24
5707,52,74,28.4119,2203.94,230.083
5708,52,75,27.5936,2252.49,239.225
5709,52,76,26.8505,2296.83,248.337
5710,52,77,25.3819,2384.94,258.669
5711,52,78,23.296,2510.8,270.967
5712,52,79,22.5476,2556.2,280.323
5713,52,80,20.991,2651.15,291.648
5714,52,81,20.5825,2676.2,300.719
5715,52,82,20.7012,2668.88,309.585
5716,52,83,19.5962,2737.39,320.313
5717,52,84,17.8509,2846.18,334.173
5718,52,85,17.2024,2886.82,343.872
5719,52,86,17.4575,2870.75,352.953
5720,52,87,17.7848,2850.03,362.123
5721,52,88,17.9952,2836.63,371.141
5722,52,89,17.5551,2864.79,380.596
5723,52,90,17.433,2872.65,389.509
5724,52,91,16.9367,2904.74,399.282
5725,52,92,16.0725,2960.91,411.175
5726,52,93,16.0624,2961.58,420.059
5727,52,94,16.1022,2958.96,428.925
5728,52,95,15.3171,3010.78,441.103
5729,52,96,14.5869,3059.21,453.006
5730,52,97,14.2779,3079.82,462.517
5731,52,98,14.1794,3086.42,471.502
5732,52,99,14.0807,3093.06,480.475
5733,52,100,13.9682,3100.67,489.459
5734,52,101,13.5998,3125.72,499.545
5735,52,102,13.3643,3141.82,508.954
5736,52,103,13.0773,3161.53,518.687
5737,52,104,12.7176,3186.34,529.024
5738,52,105,12.5695,3196.61,538.156
5739,52,106,12.4981,3201.59,547.071
5740,52,107,11.8711,3245.48,561.454
5741,52,108,11.5846,3265.63,571.557
5742,52,109,11.5163,3270.46,580.542
5743,52,110,11.4794,3273.07,589.46
5744,52,111,11.4624,3274.29,598.343
5745,52,112,11.2763,3287.62,607.9
5746,52,113,11.0993,3300.37,617.432
5747,52,114,10.9679,3309.87,626.681
5748,52,115,10.6742,3331.22,637.645
5749,52,116,10.4311,3348.96,648.03
5750,52,117,10.375,3353.07,656.981
5751,52,118,10.3447,3355.31,665.858
5752,52,119,9.99927,3380.87,678.411
5753,52,120,9.87619,3390.02,687.778
5754,52,121,10.0379,3377.94,697.55
5755,52,122,10.3338,3355.75,709.578
5756,52,123,10.5538,3339.18,720.283
5757,52,124,10.6163,3334.45,729.343
5758,52,125,10.5584,3338.85,738.379
5759,52,126,10.4269,3348.89,748.038
5760,52,127,10.199,3366.36,759.36
5761,52,128,9.87605,3391.23,773.247
5762,52,129,9.62782,3410.42,785.184
5763,52,130,9.53455,3417.67,794.598
5764,52,131,9.29299,3436.51,806.64
5765,52,132,9.16437,3446.58,816.538
5766,52,133,9.33403,3433.24,827.178
5767,52,134,9.5824,3413.62,839.815
5768,52,135,9.73993,3401.12,850.352
5769,52,136,9.81278,3395.31,859.726
5770,52,137,9.71802,3402.9,869.358
5771,52,138,9.55008,3416.39,880.361
5772,52,139,9.39446,3428.94,891.157
5773,52,140,9.16115,3447.84,904.258
5774,52,141,8.9907,3461.7,915.546
5775,52,142,8.93783,3466.02,924.857
5776,52,143,8.83072,3474.8,934.894
5777,53,62,63.4164,176.829,97.1859
5778,53,63,60.9091,317.236,105.802
5779,53,64,61.5392,281.742,114.135
5780,53,65,59.2484,411.555,122.77
5781,53,66,51.9385,828.219,136.029
5782,53,67,47.9261,1058.26,146.207
5783,53,68,42.254,1385.35,158.707
5784,53,69,40.1191,1509.17,168.045
5785,53,70,38.9084,1579.8,176.965
5786,53,71,33.3647,1905.03,192.065
5787,53,72,30.4163,2078.99,202.871
5788,53,73,29.327,2143.62,212.108
5789,53,74,29.1916,2151.69,220.995
5790,53,75,28.2344,2209.13,230.212
5791,53,76,27.376,2260.92,239.392
5792,53,77,25.7479,2359.69,249.78
5793,53,78,23.4733,2498.44,262.058
5794,53,79,22.6564,2548.54,271.448
5795,53,80,20.9809,2651.87,282.736
5796,53,81,20.5449,2678.9,291.836
5797,53,82,20.674,2670.85,300.737
5798,53,83,19.4995,2744.46,311.427
5799,53,84,17.6511,2860.9,325.122
5800,53,85,16.9755,2903.69,334.804
5801,53,86,17.2589,2885.65,343.922
5802,53,87,17.6162,2862.78,353.129
5803,53,88,17.8477,2847.89,362.181
5804,53,89,17.3918,2877.37,371.628
5805,53,90,17.2718,2885.17,380.559
5806,53,91,16.7584,2918.71,390.305
5807,53,92,15.8599,2977.71,402.091
5808,53,93,15.8596,2977.73,410.996
5809,53,94,15.911,2974.32,419.887
5810,53,95,15.0983,3028.5,431.947
5811,53,96,14.3448,3078.98,443.738
5812,53,97,14.0329,3099.99,453.217
5813,53,98,13.9407,3106.23,462.204
5814,53,99,13.848,3112.53,471.176
5815,53,100,13.7405,3119.88,480.156
5816,53,101,13.3664,3145.57,490.181
5817,53,102,13.1308,3161.82,499.554
5818,53,103,12.8416,3181.87,509.236
5819,53,104,12.4772,3207.26,519.499
5820,53,105,12.3326,3217.38,528.605
5821,53,106,12.2673,3221.97,537.51
5822,53,107,11.6259,3267.3,551.727
5823,53,108,11.3379,3287.75,561.76
5824,53,109,11.2759,3292.17,570.73
5825,53,110,11.246,3294.31,579.642
5826,53,111,11.2363,3295.01,588.523
5827,53,112,11.0516,3308.37,598.026
5828,53,113,10.8761,3321.12,607.505
5829,53,114,10.7477,3330.5,616.712
5830,53,115,10.4516,3352.21,627.581
5831,53,116,10.2079,3370.17,637.884
5832,53,117,10.157,3373.93,646.812
5833,53,118,10.1323,3375.76,655.674
5834,53,119,9.78294,3401.85,668.109
5835,53,120,9.6626,3410.88,677.424
5836,53,121,9.83521,3397.87,687.264
5837,53,122,10.1454,3374.4,699.42
5838,53,123,10.3769,3356.81,710.213
5839,53,124,10.446,3351.54,719.296
5840,53,125,10.3911,3355.74,728.309
5841,53,126,10.2606,3365.79,737.916
5842,53,127,10.0311,3383.54,749.151
5843,53,128,9.70407,3408.94,762.92
5844,53,129,9.45386,3428.46,774.762
5845,53,130,9.36266,3435.6,784.133
5846,53,131,9.11933,3454.74,796.08
5847,53,132,8.99184,3464.81,805.918
5848,53,133,9.16995,3450.68,816.644
5849,53,134,9.42838,3430.1,829.409
5850,53,135,9.59342,3416.89,840.018
5851,53,136,9.67149,3410.62,849.422
5852,53,137,9.57782,3418.18,859.011
5853,53,138,9.40924,3431.83,869.943
5854,53,139,9.25328,3444.52,880.672
5855,53,140,9.01788,3463.74,893.678
5856,53,141,8.84682,3477.77,904.892
5857,53,142,8.79596,3481.95,914.173
5858,53,143,8.68963,3490.75,924.155
5859,54,63,67.9612,-105.891,95.7161
5860,54,64,67.4236,-75.2491,103.981
5861,54,65,63.7703,134.21,112.942
5862,54,66,54.6401,660.716,126.951
5863,54,67,49.6686,949.066,137.357
5864,54,68,43.0079,1337.61,149.915
5865,54,69,40.5119,1484.04,159.321
5866,54,70,39.1125,1566.6,168.304
5867,54,71,32.9302,1933.42,183.099
5868,54,72,29.7172,2125.13,193.801
5869,54,73,28.5889,2192.83,203.037
5870,54,74,28.5109,2197.53,211.964
5871,54,75,27.5285,2257.13,221.164
5872,54,76,26.6568,2310.3,230.321
5873,54,77,24.953,2414.8,240.583
5874,54,78,22.5601,2562.37,252.621
5875,54,79,21.7506,2612.56,261.945
5876,54,80,20.018,2720.55,273.036
5877,54,81,19.6196,2745.52,282.093
5878,54,82,19.8215,2732.8,291.024
5879,54,83,18.6255,2808.55,301.546
5880,54,84,16.7143,2930.23,314.965
5881,54,85,16.0549,2972.42,324.537
5882,54,86,16.4114,2949.5,333.705
5883,54,87,16.8395,2921.81,342.98
5884,54,88,17.1286,2903.02,352.076
5885,54,89,16.6873,2931.85,361.433
5886,54,90,16.599,2937.65,370.336
5887,54,91,16.0939,2970.98,379.968
5888,54,92,15.1834,3031.38,391.567
5889,54,93,15.2169,3029.14,400.461
5890,54,94,15.3022,3023.43,409.355
5891,54,95,14.4798,3078.81,421.233
5892,54,96,13.7201,3130.22,432.848
5893,54,97,13.4223,3150.46,442.228
5894,54,98,13.3532,3155.19,451.167
5895,54,99,13.282,3160.08,460.089
5896,54,100,13.194,3166.15,469.012
5897,54,101,12.8271,3191.59,478.908
5898,54,102,12.6038,3207.14,488.179
5899,54,103,12.3242,3226.71,497.742
5900,54,104,11.9658,3251.92,507.867
5901,54,105,11.8353,3261.14,516.887
5902,54,106,11.7863,3264.62,525.733
5903,54,107,11.1389,3310.8,539.813
5904,54,108,10.8582,3330.92,549.718
5905,54,109,10.8111,3334.31,558.625
5906,54,110,10.7965,3335.37,567.487
5907,54,111,10.802,3334.97,576.327
5908,54,112,10.6257,3347.84,585.718
5909,54,113,10.4586,3360.09,595.084
5910,54,114,10.3397,3368.85,604.192
5911,54,115,10.0472,3390.5,614.929
5912,54,116,9.80851,3408.24,625.102
5913,54,117,9.76851,3411.23,633.958
5914,54,118,9.75507,3412.23,642.762
5915,54,119,9.40651,3438.49,655.085
5916,54,120,9.29382,3447.02,664.294
5917,54,121,9.48235,3432.69,674.261
5918,54,122,9.81174,3407.55,686.739
5919,54,123,10.0594,3388.56,697.726
5920,54,124,10.1394,3382.4,706.829
5921,54,125,10.0915,3386.1,715.775
5922,54,126,9.96564,3395.88,725.283
5923,54,127,9.73784,3413.65,736.408
5924,54,128,9.40996,3439.33,750.094
5925,54,129,9.1609,3458.92,761.831
5926,54,130,9.07494,3465.71,771.114
5927,54,131,8.83275,3484.93,782.961
5928,54,132,8.70928,3494.76,792.698
5929,54,133,8.89891,3479.59,803.595
5930,54,134,9.17042,3457.78,816.658
5931,54,135,9.34577,3443.64,827.409
5932,54,136,9.43169,3436.68,836.852
5933,54,137,9.3415,3444.01,846.361
5934,54,138,9.17452,3457.65,857.197
5935,54,139,9.02038,3470.29,867.831
5936,54,140,8.78493,3489.68,880.755
5937,54,141,8.61528,3503.7,891.875
5938,54,142,8.56848,3507.58,901.091
5939,54,143,8.46484,3516.22,910.985
5940,55,64,73.2285,-429.345,94.418
5941,55,65,67.8555,-117.709,103.786
5942,55,66,56.5227,543.367,118.193
5943,55,67,50.4967,896.893,128.692
5944,55,68,42.7662,1353,141.105
5945,55,69,39.9696,1518.92,150.52
5946,55,70,38.4631,1608.81,159.529
5947,55,71,31.6299,2018.8,173.887
5948,55,72,28.2043,2225.48,184.417
5949,55,73,27.1165,2291.48,193.619
5950,55,74,27.178,2287.73,202.577
5951,55,75,26.229,2345.93,211.726
5952,55,76,25.3962,2397.29,220.826
5953,55,77,23.6539,2505.31,230.916
5954,55,78,21.1697,2660.15,242.673
5955,55,79,20.4067,2707.97,251.898
5956,55,80,18.6442,2819.01,262.756
5957,55,81,18.3181,2839.66,271.747
5958,55,82,18.6274,2819.97,280.707
5959,55,83,17.4312,2896.52,291.029
5960,55,84,15.4722,3022.55,304.165
5961,55,85,14.8505,3062.76,313.597
5962,55,86,15.3045,3033.25,322.831
5963,55,87,15.8256,2999.2,332.192
5964,55,88,16.1914,2975.18,341.343
5965,55,89,15.7785,3002.44,350.587
5966,55,90,15.7357,3005.27,359.447
5967,55,91,15.25,3037.66,368.939
5968,55,92,14.336,3098.89,380.337
5969,55,93,14.4147,3093.59,389.215
5970,55,94,14.5443,3084.82,398.11
5971,55,95,13.7187,3140.96,409.795
5972,55,96,12.9591,3192.87,421.224
5973,55,97,12.6829,3211.84,430.481
5974,55,98,12.6442,3214.51,439.36
5975,55,99,12.6014,3217.48,448.218
5976,55,100,12.5392,3221.81,457.069
5977,55,101,12.1845,3246.64,466.814
5978,55,102,11.9787,3261.11,475.962
5979,55,103,11.7132,3279.87,485.385
5980,55,104,11.3649,3304.6,495.354
5981,55,105,11.2529,3312.59,504.269
5982,55,106,11.2243,3314.64,513.041
5983,55,107,10.5737,3361.48,527.013
5984,55,108,10.3035,3381.02,536.77
5985,55,109,10.2749,3383.11,545.601
5986,55,110,10.2789,3382.81,554.403
5987,55,111,10.3028,3381.06,563.195
5988,55,112,10.1376,3393.23,572.454
5989,55,113,9.9814,3404.79,581.688
5990,55,114,9.8744,3412.74,590.676
5991,55,115,9.58757,3434.16,601.272
5992,55,116,9.35605,3451.52,611.301
5993,55,117,9.32915,3453.55,620.071
5994,55,118,9.32902,3453.56,628.805
5995,55,119,8.98285,3479.87,641.029
5996,55,120,8.87957,3487.75,650.112
5997,55,121,9.0861,3471.92,660.251
5998,55,122,9.43683,3444.91,673.156
5999,55,123,9.7025,3424.37,684.398
6000,55,124,9.795,3417.18,693.528
6001,55,125,9.75549,3420.26,702.396
6002,55,126,9.63545,3429.67,711.792
6003,55,127,9.41046,3447.37,722.801
6004,55,128,9.08256,3473.27,736.422
6005,55,129,8.83559,3492.86,748.056
6006,55,130,8.75593,3499.21,757.237
6007,55,131,8.51573,3518.43,768.985
6008,55,132,8.39723,3527.95,778.609
6009,55,133,8.59956,3511.62,789.726
6010,55,134,8.88533,3488.48,803.167
6011,55,135,9.07206,3473.29,814.096
6012,55,136,9.16675,3465.56,823.589
6013,55,137,9.08077,3472.61,833.008
6014,55,138,8.91602,3486.17,843.743
6015,55,139,8.76434,3498.71,854.275
6016,55,140,8.52936,3518.21,867.123
6017,55,141,8.36169,3532.19,878.145
6018,55,142,8.31959,3535.71,887.287
6019,55,143,8.21921,3544.14,897.084
6020,56,65,62.3927,220.98,94.3775
6021,56,66,49.9927,952.58,107.943
6022,56,67,44.0507,1305.14,117.911
6023,56,68,36.1225,1778.19,129.71
6024,56,69,33.8756,1913,138.741
6025,56,70,32.9807,1967,147.452
6026,56,71,25.9787,2391.79,161.405
6027,56,72,22.815,2584.77,171.468
6028,56,73,22.2051,2622.18,180.365
6029,56,74,22.79,2586.11,189.216
6030,56,75,22.1849,2623.62,198.041
6031,56,76,21.6579,2656.47,206.812
6032,56,77,20.0971,2754.29,216.479
6033,56,78,17.7062,2904.91,227.913
6034,56,79,17.1682,2938.98,236.779
6035,56,80,15.5238,3043.67,247.272
6036,56,81,15.4127,3050.79,255.974
6037,56,82,15.9601,3015.57,264.913
6038,56,83,14.869,3086.13,274.87
6039,56,84,12.9516,3210.76,287.954
6040,56,85,12.4564,3243.11,297.027
6041,56,86,13.0942,3201.23,306.378
6042,56,87,13.7861,3155.57,315.934
6043,56,88,14.2976,3121.64,325.166
6044,56,89,13.9718,3143.36,334.1
6045,56,90,14.0298,3139.47,342.771
6046,56,91,13.6118,3167.61,351.941
6047,56,92,12.737,3226.81,363.149
6048,56,93,12.904,3215.45,371.912
6049,56,94,13.1177,3200.85,380.741
6050,56,95,12.3222,3255.47,392.287
6051,56,96,11.5936,3305.75,403.55
6052,56,97,11.3693,3321.3,412.517
6053,56,98,11.3899,3319.86,421.199
6054,56,99,11.4021,3319.01,429.855
6055,56,100,11.3905,3319.83,438.487
6056,56,101,11.0703,3342.45,447.952
6057,56,102,10.9032,3354.32,456.813
6058,56,103,10.6715,3370.85,465.946
6059,56,104,10.3514,3393.79,475.657
6060,56,105,10.2755,3399.26,484.306
6061,56,106,10.2842,3398.63,492.866
6062,56,107,9.64469,3445.09,507.113
6063,56,108,9.39936,3463,516.61
6064,56,109,9.40313,3462.73,525.236
6065,56,110,9.43903,3460.08,533.864
6066,56,111,9.4937,3456.04,542.509
6067,56,112,9.35118,3466.63,551.496
6068,56,113,9.21667,3476.67,560.459
6069,56,114,9.13197,3483.03,569.181
6070,56,115,8.86033,3503.49,579.621
6071,56,116,8.64506,3519.78,589.437
6072,56,117,8.64022,3520.15,597.99
6073,56,118,8.66196,3518.49,606.541
6074,56,119,8.32581,3544.26,618.84
6075,56,120,8.23958,3550.9,627.664
6076,56,121,8.47175,3532.94,638.219
6077,56,122,8.8513,3503.47,652.249
6078,56,123,9.142,3480.79,664.118
6079,56,124,9.25343,3472.06,673.281
6080,56,125,9.22827,3474.04,681.964
6081,56,126,9.11969,3482.62,691.148
6082,56,127,8.90278,3499.83,702.059
6083,56,128,8.5798,3525.56,715.848
6084,56,129,8.33975,3544.76,727.434
6085,56,130,8.27119,3550.27,736.414
6086,56,131,8.03743,3569.13,748.128
6087,56,132,7.92827,3577.97,757.558
6088,56,133,8.14781,3560.11,769.171
6089,56,134,8.45226,3535.25,783.511
6090,56,135,8.65447,3518.67,794.827
6091,56,136,8.76181,3509.83,804.403
6092,56,137,8.68362,3516.29,813.654
6093,56,138,8.52447,3529.5,824.269
6094,56,139,8.3785,3541.67,834.672
6095,56,140,8.14707,3561.03,847.548
6096,56,141,7.98438,3574.7,858.47
6097,56,142,7.95,3577.6,867.461
6098,56,143,7.85573,3585.58,877.101
6099,57,66,40.3345,1561.05,96.6248
6100,57,67,35.0682,1877.03,105.94
6101,57,68,27.3157,2344.76,117.081
6102,57,69,26.078,2419.85,125.64
6103,57,70,26.1692,2414.28,134.021
6104,57,71,19.1418,2845.3,147.729
6105,57,72,16.4372,3012.08,157.225
6106,57,73,16.5059,3007.82,165.797
6107,57,74,17.7891,2927.84,174.663
6108,57,75,17.6467,2936.76,183.132
6109,57,76,17.5208,2944.69,191.544
6110,57,77,16.2053,3028.01,200.707
6111,57,78,13.9509,3171.53,211.828
6112,57,79,13.6927,3188.06,220.285
6113,57,80,12.2009,3284.03,230.373
6114,57,81,12.3467,3274.61,238.787
6115,57,82,13.172,3220.96,247.891
6116,57,83,12.2067,3284.03,257.432
6117,57,84,10.3424,3406.45,270.603
6118,57,85,9.9931,3429.5,279.268
6119,57,86,10.8376,3373.49,288.973
6120,57,87,11.7197,3314.68,298.974
6121,57,88,12.3923,3269.61,308.458
6122,57,89,12.1622,3285.11,317.063
6123,57,90,12.3301,3273.75,325.588
6124,57,91,11.9854,3297.19,334.408
6125,57,92,11.1523,3354.11,345.432
6126,57,93,11.414,3336.14,354.156
6127,57,94,11.7174,3315.21,363.009
6128,57,95,10.9529,3368.21,374.431
6129,57,96,10.2564,3416.74,385.536
6130,57,97,10.0863,3428.64,394.2
6131,57,98,10.169,3422.83,402.715
6132,57,99,10.2386,3417.91,411.198
6133,57,100,10.2793,3415.02,419.634
6134,57,101,9.99428,3435.35,428.801
6135,57,102,9.86671,3444.49,437.363
6136,57,103,9.6692,3458.72,446.188
6137,57,104,9.37758,3479.81,455.626
6138,57,105,9.33827,3482.67,464.009
6139,57,106,9.3848,3479.27,472.384
6140,57,107,8.75552,3525.42,487.021
6141,57,108,8.53496,3541.66,496.244
6142,57,109,8.57149,3538.96,504.687
6143,57,110,8.63952,3533.9,513.179
6144,57,111,8.72525,3527.5,521.72
6145,57,112,8.60508,3536.52,530.426
6146,57,113,8.49203,3545.03,539.107
6147,57,114,8.4294,3549.77,547.558
6148,57,115,8.17236,3569.31,557.848
6149,57,116,7.97285,3584.53,567.443
6150,57,117,7.98989,3583.23,575.798
6151,57,118,8.03331,3579.89,584.196
6152,57,119,7.70645,3605.16,596.621
6153,57,120,7.63688,3610.57,605.178
6154,57,121,7.89474,3590.45,616.356
6155,57,122,8.30328,3558.45,631.837
6156,57,123,8.61901,3533.61,644.511
6157,57,124,8.7491,3523.34,653.768
6158,57,125,8.73783,3524.23,662.286
6159,57,126,8.64016,3532.01,671.262
6160,57,127,8.43064,3548.77,682.073
6161,57,128,8.11181,3574.38,696.043
6162,57,129,7.878,3593.25,707.583
6163,57,130,7.82007,3597.94,716.37
6164,57,131,7.59211,3616.48,728.051
6165,57,132,7.49179,3624.67,737.289
6166,57,133,7.72838,3605.27,749.509
6167,57,134,8.05138,3578.68,764.872
6168,57,135,8.26887,3560.7,776.638
6169,57,136,8.38853,3550.77,786.338
6170,57,137,8.31762,3556.68,795.432
6171,57,138,8.16352,3569.57,805.927
6172,57,139,8.02273,3581.4,816.2
6173,57,140,7.79426,3600.66,829.094
6174,57,141,7.63605,3614.06,839.912
6175,57,142,7.60896,3616.36,848.769
6176,57,143,7.52037,3623.92,858.257
6177,58,67,28.5473,2294.37,96.1201
6178,58,68,20.5709,2780.92,106.625
6179,58,69,20.251,2800.54,115.018
6180,58,70,21.2527,2738.77,123.383
6181,58,71,13.9237,3193.17,136.513
6182,58,72,11.5543,3340.86,145.597
6183,58,73,12.2419,3297.77,154.109
6184,58,74,14.1777,3175.82,163.222
6185,58,75,14.4207,3160.43,171.591
6186,58,76,14.6212,3147.66,179.897
6187,58,77,13.4641,3221.72,188.716
6188,58,78,11.2561,3363.77,199.455
6189,58,79,11.2194,3366.14,207.733
6190,58,80,9.81294,3457.56,217.45
6191,58,81,10.1699,3434.24,225.811
6192,58,82,11.2354,3364.27,235.245
6193,58,83,10.3447,3423.06,244.459
6194,58,84,8.48034,3546.73,257.443
6195,58,85,8.23905,3562.81,265.877
6196,58,86,9.26271,3494.23,276.019
6197,58,87,10.3086,3423.8,286.48
6198,58,88,11.1157,3369.19,296.262
6199,58,89,10.951,3380.39,304.712
6200,58,90,11.2025,3363.2,313.246
6201,58,91,10.9038,3383.71,321.869
6202,58,92,10.085,3440.21,332.662
6203,58,93,10.4205,3416.95,341.468
6204,58,94,10.794,3390.93,350.444
6205,58,95,10.0379,3443.86,361.661
6206,58,96,9.35251,3492.06,372.558
6207,58,97,9.21914,3501.49,381.066
6208,58,98,9.34819,3492.32,389.557
6209,58,99,9.46017,3484.34,398.008
6210,58,100,9.53896,3478.69,406.394
6211,58,101,9.27464,3497.72,415.365
6212,58,102,9.17339,3505.04,423.774
6213,58,103,8.99743,3517.83,432.416
6214,58,104,8.72199,3537.94,441.654
6215,58,105,8.70835,3538.94,449.921
6216,58,106,8.7825,3533.48,458.25
6217,58,107,8.15214,3580.12,472.912
6218,58,108,7.94659,3595.4,481.949
6219,58,109,8.00715,3590.88,490.341
6220,58,110,8.09905,3583.99,498.816
6221,58,111,8.20797,3575.78,507.366
6222,58,112,8.10224,3583.78,515.91
6223,58,113,8.00312,3591.32,524.428
6224,58,114,7.95544,3594.96,532.74
6225,58,115,7.70588,3614.09,542.873
6226,58,116,7.51542,3628.75,552.295
6227,58,117,7.54828,3626.21,560.581
6228,58,118,7.6076,3621.61,568.945
6229,58,119,7.28393,3646.85,581.325
6230,58,120,7.22556,3651.42,589.734
6231,58,121,7.50434,3629.49,601.391
6232,58,122,7.93745,3595.28,617.803
6233,58,123,8.27384,3568.59,630.998
6234,58,124,8.41811,3557.1,640.365
6235,58,125,8.41625,3557.25,648.82
6236,58,126,8.32507,3564.57,657.677
6237,58,127,8.11857,3581.23,668.368
6238,58,128,7.79955,3607.07,682.301
6239,58,129,7.56792,3625.91,693.737
6240,58,130,7.51689,3630.07,702.423
6241,58,131,7.29096,3648.6,714.008
6242,58,132,7.19601,3656.42,723.125
6243,58,133,7.4466,3635.7,735.745
6244,58,134,7.78531,3607.59,751.705
6245,58,135,8.0152,3588.43,763.756
6246,58,136,8.14431,3577.63,773.56
6247,58,137,8.07774,3583.22,782.57
6248,58,138,7.92575,3596.04,792.962
6249,58,139,7.78732,3607.76,803.132
6250,58,140,7.55902,3627.17,815.947
6251,58,141,7.40264,3640.51,826.665
6252,58,142,7.38041,3642.42,835.46
6253,58,143,7.29508,3649.75,844.853
6254,59,68,23.5952,2584.35,97.8653
6255,59,69,22.6673,2641.88,106.361
6256,59,70,23.4332,2594.13,114.754
6257,59,71,14.6412,3145.1,127.917
6258,59,72,11.8308,3322.16,137.072
6259,59,73,12.5732,3275.13,145.647
6260,59,74,14.7096,3139.12,154.751
6261,59,75,14.9186,3125.74,163.176
6262,59,76,15.0861,3114.97,171.534
6263,59,77,13.7582,3200.83,180.416
6264,59,78,11.3,3360.62,191.124
6265,59,79,11.2556,3363.52,199.455
6266,59,80,9.71801,3464.49,209.151
6267,59,81,10.1142,3438.34,217.558
6268,59,82,11.2732,3361.46,226.989
6269,59,83,10.3082,3425.79,236.208
6270,59,84,8.30325,3560.13,249.02
6271,59,85,8.0572,3576.69,257.48
6272,59,86,9.16697,3501.6,267.631
6273,59,87,10.2916,3425.12,278.072
6274,59,88,11.1537,3366.22,287.841
6275,59,89,10.9759,3378.42,296.325
6276,59,90,11.2415,3360.1,304.885
6277,59,91,10.9224,3382.22,313.534
6278,59,92,10.0543,3442.7,324.285
6279,59,93,10.4107,3417.75,333.111
6280,59,94,10.8055,3389.98,342.099
6281,59,95,10.0079,3446.35,353.264
6282,59,96,9.28804,3497.46,364.107
6283,59,97,9.15113,3507.22,372.634
6284,59,98,9.29004,3497.27,381.153
6285,59,99,9.41031,3488.61,389.631
6286,59,100,9.49524,3482.46,398.043
6287,59,101,9.22066,3502.42,407.012
6288,59,102,9.11725,3509.97,415.437
6289,59,103,8.93597,3523.26,424.084
6290,59,104,8.65123,3544.24,433.305
6291,59,105,8.64002,3545.07,441.592
6292,59,106,8.7201,3539.11,449.946
6293,59,107,8.06656,3587.91,464.451
6294,59,108,7.85621,3603.69,473.471
6295,59,109,7.9227,3598.68,481.887
6296,59,110,8.02137,3591.21,490.388
6297,59,111,8.13734,3582.4,498.964
6298,59,112,8.03031,3590.57,507.508
6299,59,113,7.93019,3598.24,516.026
6300,59,114,7.88342,3601.85,524.346
6301,59,115,7.62763,3621.63,534.429
6302,59,116,7.4333,3636.72,543.816
6303,59,117,7.47006,3633.85,552.122
6304,59,118,7.53396,3628.85,560.51
6305,59,119,7.20209,3654.95,572.787
6306,59,120,7.14448,3659.5,581.195
6307,59,121,7.43468,3636.48,592.881
6308,59,122,7.88351,3600.73,609.272
6309,59,123,8.23191,3572.85,622.455
6310,59,124,8.38182,3560.81,631.839
6311,59,125,8.38098,3560.88,640.308
6312,59,126,8.28817,3568.4,649.164
6313,59,127,8.07675,3585.59,659.816
6314,59,128,7.74981,3612.29,673.649
6315,59,129,7.51305,3631.71,685.027
6316,59,130,7.46214,3635.9,693.715
6317,59,131,7.23151,3654.96,705.237
6318,59,132,7.1356,3662.92,714.34
6319,59,133,7.39448,3641.35,726.975
6320,59,134,7.74348,3612.15,742.917
6321,59,135,7.98042,3592.25,754.969
6322,59,136,8.11374,3581,764.786
6323,59,137,8.04625,3586.72,773.798
6324,59,138,7.89125,3599.89,784.164
6325,59,139,7.75026,3611.92,794.311
6326,59,140,7.5173,3631.88,807.061
6327,59,141,7.35816,3645.57,817.743
6328,59,142,7.33645,3647.44,826.544
6329,59,143,7.25014,3654.92,835.926
6330,60,69,16.3376,3059.64,96.6409
6331,60,70,18.3936,2930.1,105.14
6332,60,71,8.97622,3526.54,117.598
6333,60,72,6.60495,3677.51,126.44
6334,60,73,8.2,3575.43,135.101
6335,60,74,11.2043,3382.15,144.541
6336,60,75,11.8776,3338.61,152.984
6337,60,76,12.4225,3303.19,161.353
6338,60,77,11.2431,3380.25,169.993
6339,60,78,8.79088,3541.28,180.312
6340,60,79,8.99293,3527.94,188.587
6341,60,80,7.52442,3625.35,197.954
6342,60,81,8.15607,3583.24,206.424
6343,60,82,9.58607,3487.43,216.221
6344,60,83,8.6813,3548.35,225.183
6345,60,84,6.64608,3686.07,237.683
6346,60,85,6.50858,3695.42,246.014
6347,60,86,7.81526,3606.13,256.597
6348,60,87,9.1168,3516.76,267.441
6349,60,88,10.1193,3447.58,277.474
6350,60,89,9.99864,3455.95,285.888
6351,60,90,10.3444,3431.86,294.509
6352,60,91,10.0615,3451.67,303.045
6353,60,92,9.19288,3512.76,313.572
6354,60,93,9.62096,3482.51,322.51
6355,60,94,10.0834,3449.67,331.63
6356,60,95,9.28165,3506.87,342.583
6357,60,96,8.56214,3558.43,353.222
6358,60,97,8.45623,3566.06,361.668
6359,60,98,8.63789,3552.92,370.217
6360,60,99,8.79679,3541.37,378.718
6361,60,100,8.91578,3532.68,387.139
6362,60,101,8.65572,3551.75,395.975
6363,60,102,8.57378,3557.79,404.32
6364,60,103,8.40896,3569.99,412.853
6365,60,104,8.13499,3590.35,421.924
6366,60,105,8.14574,3589.55,430.166
6367,60,106,8.25027,3581.71,438.531
6368,60,107,7.58907,3631.52,452.903
6369,60,108,7.38962,3646.61,461.79
6370,60,109,7.47743,3639.94,470.209
6371,60,110,7.59744,3630.78,478.741
6372,60,111,7.73417,3620.3,487.366
6373,60,112,7.63832,3627.68,495.81
6374,60,113,7.54901,3634.58,504.228
6375,60,114,7.51439,3637.27,512.476
6376,60,115,7.26265,3656.91,522.414
6377,60,116,7.07431,3671.66,531.663
6378,60,117,7.12471,3667.7,539.955
6379,60,118,7.20249,3661.55,548.358
6380,60,119,6.87061,3687.88,560.519
6381,60,120,6.82198,3691.75,568.839
6382,60,121,7.13194,3666.96,580.889
6383,60,122,7.60463,3628.99,597.887
6384,60,123,7.97263,3599.3,611.41
6385,60,124,8.13514,3586.14,620.89
6386,60,125,8.14175,3585.6,629.338
6387,60,126,8.0533,3592.82,638.122
6388,60,127,7.84257,3610.1,648.661
6389,60,128,7.51294,3637.24,662.382
6390,60,129,7.27619,3656.81,673.647
6391,60,130,7.23051,3660.6,682.278
6392,60,131,6.99991,3679.82,693.689
6393,60,132,6.90772,3687.53,702.711
6394,60,133,7.17976,3664.68,715.619
6395,60,134,7.54379,3633.98,731.926
6396,60,135,7.79222,3612.95,744.162
6397,60,136,7.93389,3600.91,754.062
6398,60,137,7.86928,3606.42,763.025
6399,60,138,7.71484,3619.65,773.307
6400,60,139,7.57473,3631.7,783.373
6401,60,140,7.34035,3651.94,796.021
6402,60,141,7.18164,3665.69,806.615
6403,60,142,7.16367,3667.25,815.388
6404,60,143,7.07942,3674.61,824.705
6405,61,70,6.13879,3751.18,90.0066
6406,61,71,-2.76273,4320.88,102.23
6407,61,72,-3.57273,4372.99,110.266
6408,61,73,-0.166484,4152.72,119.396
6409,61,74,4.4622,3851.85,130.177
6410,61,75,6.12429,3743.26,138.673
6411,61,76,7.45647,3655.78,147.064
6412,61,77,6.72255,3704.22,155.167
6413,61,78,4.5001,3851.64,164.987
6414,61,79,5.17509,3806.64,173.136
6415,61,80,3.9415,3889.29,181.954
6416,61,81,4.97455,3819.74,190.634
6417,61,82,6.82377,3694.6,201.502
6418,61,83,6.08053,3745.15,210.011
6419,61,84,4.09243,3881,222.43
6420,61,85,4.14823,3877.17,230.498
6421,61,86,5.73699,3767.54,242.184
6422,61,87,7.28889,3659.94,253.992
6423,61,88,8.49357,3576.02,264.603
6424,61,89,8.4767,3577.2,272.868
6425,61,90,8.94701,3544.12,281.588
6426,61,91,8.73593,3559.04,289.912
6427,61,92,7.89591,3618.68,300.173
6428,61,93,8.42854,3580.68,309.318
6429,61,94,8.98837,3540.56,318.687
6430,61,95,8.20333,3597.09,329.409
6431,61,96,7.50376,3647.69,339.814
6432,61,97,7.44934,3651.64,348.11
6433,61,98,7.69356,3633.82,356.697
6434,61,99,7.90903,3618.01,365.225
6435,61,100,8.07836,3605.54,373.644
6436,61,101,7.84646,3622.7,382.269
6437,61,102,7.79916,3626.22,390.468
6438,61,103,7.6627,3636.41,398.811
6439,61,104,7.4102,3655.34,407.663
6440,61,105,7.45364,3652.07,415.813
6441,61,106,7.5928,3641.54,424.187
6442,61,107,6.93144,3691.8,438.6
6443,61,108,6.75109,3705.57,447.287
6444,61,109,6.86854,3696.57,455.703
6445,61,110,7.0177,3685.08,464.278
6446,61,111,7.18253,3672.33,472.976
6447,61,112,7.10421,3678.42,481.259
6448,61,113,7.03169,3684.07,489.516
6449,61,114,7.01495,3685.38,497.638
6450,61,115,6.77222,3704.48,507.402
6451,61,116,6.59467,3718.51,516.464
6452,61,117,6.66366,3713.03,524.725
6453,61,118,6.76002,3705.36,533.146
6454,61,119,6.43189,3731.61,545.254
6455,61,120,6.39626,3734.47,553.432
6456,61,121,6.73034,3707.52,566.139
6457,61,122,7.23123,3666.95,584.263
6458,61,123,7.62277,3635.1,598.391
6459,61,124,7.80129,3620.52,608.019
6460,61,125,7.81837,3619.12,616.425
6461,61,126,7.73705,3625.82,625.099
6462,61,127,7.52947,3642.98,635.512
6463,61,128,7.19935,3670.38,649.173
6464,61,129,6.96483,3689.92,660.323
6465,61,130,6.92674,3693.11,668.867
6466,61,131,6.69821,3712.3,680.17
6467,61,132,6.61183,3719.59,689.077
6468,61,133,6.89943,3695.24,702.436
6469,61,134,7.28088,3662.82,719.367
6470,61,135,7.54294,3640.45,731.901
6471,61,136,7.6949,3627.44,741.921
6472,61,137,7.63482,3632.6,750.813
6473,61,138,7.48243,3645.76,760.992
6474,61,139,7.34466,3657.7,770.958
6475,61,140,7.11017,3678.1,783.515
6476,61,141,6.95323,3691.81,794.008
6477,61,142,6.94039,3692.93,802.733
6478,61,143,6.85949,3700.05,811.963
6479,62,71,-10.1527,4823.4,91.4807
6480,62,72,-9.76636,4798.28,99.3196
6481,62,73,-4.76014,4471.21,109.244
6482,62,74,1.28736,4074.09,120.881
6483,62,75,3.64044,3918.79,129.614
6484,62,76,5.48143,3796.67,138.198
6485,62,77,4.90265,3835.25,146.228
6486,62,78,2.63284,3987.33,155.727
6487,62,79,3.5903,3922.86,164.004
6488,62,80,2.39368,4003.83,172.604
6489,62,81,3.68481,3916.04,181.51
6490,62,82,5.83299,3769.24,192.723
6491,62,83,5.11225,3818.73,201.119
6492,62,84,3.03547,3962.03,213.182
6493,62,85,3.184,3951.73,221.266
6494,62,86,4.977,3826.82,233.258
6495,62,87,6.70674,3705.74,245.263
6496,62,88,8.04377,3611.7,255.99
6497,62,89,8.05783,3610.71,264.281
6498,62,90,8.58946,3572.96,273.07
6499,62,91,8.38814,3587.32,281.395
6500,62,92,7.51637,3649.8,291.529
6501,62,93,8.10601,3607.35,300.75
6502,62,94,8.71932,3562.98,310.189
6503,62,95,7.90393,3622.24,320.784
6504,62,96,7.18148,3674.97,331.07
6505,62,97,7.14194,3677.87,339.375
6506,62,98,7.41598,3657.69,348.015
6507,62,99,7.6574,3639.82,356.592
6508,62,100,7.84832,3625.63,365.055
6509,62,101,7.61633,3642.95,373.651
6510,62,102,7.57794,3645.83,381.856
6511,62,103,7.44552,3655.81,390.184
6512,62,104,7.19138,3675.04,398.987
6513,62,105,7.24674,3670.83,407.16
6514,62,106,7.40128,3659.03,415.576
6515,62,107,6.71949,3711.3,429.78
6516,62,108,6.54048,3725.09,438.426
6517,62,109,6.67161,3714.95,446.881
6518,62,110,6.8349,3702.26,455.503
6519,62,111,7.01363,3688.32,464.251
6520,62,112,6.93886,3694.18,472.521
6521,62,113,6.86991,3699.6,480.765
6522,62,114,6.85864,3700.49,488.891
6523,62,115,6.61271,3720,498.575
6524,62,116,6.4345,3734.2,507.578
6525,62,117,6.51168,3728.03,515.869
6526,62,118,6.61676,3719.59,524.329
6527,62,119,6.28225,3746.57,536.306
6528,62,120,6.25049,3749.14,544.475
6529,62,121,6.60056,3720.67,557.291
6530,62,122,7.12213,3678.08,575.501
6531,62,123,7.52982,3644.65,589.676
6532,62,124,7.71695,3629.24,599.34
6533,62,125,7.73721,3627.56,607.761
6534,62,126,7.65588,3634.31,616.426
6535,62,127,7.44447,3651.93,626.781
6536,62,128,7.10704,3680.16,640.321
6537,62,129,6.86833,3700.21,651.395
6538,62,130,6.83193,3703.28,659.937
6539,62,131,6.59958,3722.96,671.16
6540,62,132,6.51354,3730.27,680.045
6541,62,133,6.81187,3704.81,693.463
6542,62,134,7.20616,3671.03,710.427
6543,62,135,7.47733,3647.71,722.988
6544,62,136,7.63509,3634.09,733.034
6545,62,137,7.57501,3639.3,741.923
6546,62,138,7.42021,3652.77,752.067
6547,62,139,7.2805,3664.97,762.001
6548,62,140,7.0417,3685.9,774.479
6549,62,141,6.88255,3699.91,784.927
6550,62,142,6.87114,3700.92,793.657
6551,62,143,6.78995,3708.12,802.87
6552,63,72,-8.22424,4691.88,91.3559
6553,63,73,-2.58818,4319.9,100.985
6554,63,74,4.10524,3875.9,112.094
6555,63,75,6.38681,3723.79,120.63
6556,63,76,8.09846,3609.11,129.018
6557,63,77,7.09357,3676.78,137.149
6558,63,78,4.26618,3868.1,146.979
6559,63,79,5.14412,3808.4,155.15
6560,63,80,3.6419,3911.05,163.942
6561,63,81,4.93754,3822.08,172.664
6562,63,82,7.17526,3667.68,183.523
6563,63,83,6.25805,3731.27,192.065
6564,63,84,3.88831,3896.36,204.456
6565,63,85,3.97559,3890.25,212.541
6566,63,86,5.85204,3758.28,224.228
6567,63,87,7.65015,3631.21,235.932
6568,63,88,9.01747,3534.13,246.416
6569,63,89,8.96044,3538.2,254.704
6570,63,90,9.46557,3502,263.372
6571,63,91,9.18995,3521.84,271.742
6572,63,92,8.20661,3592.97,282.106
6573,63,93,8.78976,3550.6,291.191
6574,63,94,9.39866,3506.15,300.477
6575,63,95,8.49268,3572.58,311.307
6576,63,96,7.69311,3631.49,321.774
6577,63,97,7.62207,3636.74,330.093
6578,63,98,7.88466,3617.22,338.669
6579,63,99,8.1138,3600.11,347.183
6580,63,100,8.29074,3586.84,355.591
6581,63,101,8.02417,3606.93,364.258
6582,63,102,7.96347,3611.52,372.475
6583,63,103,7.80578,3623.5,380.845
6584,63,104,7.52238,3645.14,389.733
6585,63,105,7.56492,3641.87,397.888
6586,63,106,7.71202,3630.55,406.251
6587,63,107,6.98613,3686.68,420.685
6588,63,108,6.78774,3702.09,429.388
6589,63,109,6.91392,3692.25,437.808
6590,63,110,7.07392,3679.72,446.381
6591,63,111,7.25019,3665.85,455.07
6592,63,112,7.16297,3672.74,463.369
6593,63,113,7.08252,3679.12,471.641
6594,63,114,7.06265,3680.71,479.773
6595,63,115,6.79973,3701.74,489.551
6596,63,116,6.608,3717.14,498.621
6597,63,117,6.68168,3711.2,506.887
6598,63,118,6.78443,3702.87,515.309
6599,63,119,6.4323,3731.51,527.406
6600,63,120,6.39427,3734.62,535.592
6601,63,121,6.75134,3705.34,548.267
6602,63,122,7.28527,3661.38,566.263
6603,63,123,7.70097,3627.02,580.281
6604,63,124,7.88863,3611.44,589.874
6605,63,125,7.90408,3610.15,598.288
6606,63,126,7.81499,3617.61,606.988
6607,63,127,7.59218,3636.32,617.43
6608,63,128,7.24004,3666.02,631.089
6609,63,129,6.99024,3687.17,642.239
6610,63,130,6.94919,3690.66,650.798
6611,63,131,6.7067,3711.35,662.088
6612,63,132,6.61515,3719.19,671.005
6613,63,133,6.91901,3693.06,684.305
6614,63,134,7.32128,3658.33,701.106
6615,63,135,7.59673,3634.46,713.566
6616,63,136,7.75552,3620.65,723.556
6617,63,137,7.69063,3626.31,732.47
6618,63,138,7.52871,3640.51,742.668
6619,63,139,7.38256,3653.37,752.65
6620,63,140,7.13502,3675.24,765.192
6621,63,141,6.96947,3689.91,775.686
6622,63,142,6.9556,3691.15,784.426
6623,63,143,6.87033,3698.77,793.667
6624,64,73,-5.25091,4506.29,92.658
6625,64,74,3.14364,3943.85,103.896
6626,64,75,5.96573,3753.83,112.531
6627,64,76,8.00549,3615.81,120.993
6628,64,77,6.87033,3693,129.186
6629,64,78,3.69571,3909.93,138.908
6630,64,79,4.75471,3837.21,147.161
6631,64,80,3.12157,3949.9,155.911
6632,64,81,4.61899,3846.08,164.704
6633,64,82,7.12579,3671.44,175.517
6634,64,83,6.1218,3741.72,184.075
6635,64,84,3.53935,3923.35,196.243
6636,64,85,3.66629,3914.38,204.379
6637,64,86,5.73281,3767.66,216.03
6638,64,87,7.6907,3627.99,227.648
6639,64,88,9.16415,3522.4,238.067
6640,64,89,9.09145,3527.63,246.397
6641,64,90,9.6243,3489.09,255.073
6642,64,91,9.31765,3511.37,263.486
6643,64,92,8.25768,3588.75,273.839
6644,64,93,8.87631,3543.38,282.919
6645,64,94,9.51891,3496.04,292.185
6646,64,95,8.54879,3567.83,302.999
6647,64,96,7.69736,3631.12,313.442
6648,64,97,7.62189,3636.76,321.792
6649,64,98,7.8995,3615.94,330.389
6650,64,99,8.14054,3597.78,338.923
6651,64,100,8.3256,3583.78,347.352
6652,64,101,8.04317,3605.24,356.039
6653,64,102,7.97838,3610.19,364.283
6654,64,103,7.81206,3622.94,372.676
6655,64,104,7.51453,3645.85,381.571
6656,64,105,7.55947,3642.37,389.751
6657,64,106,7.71367,3630.4,398.133
6658,64,107,6.9547,3689.6,412.438
6659,64,108,6.74889,3705.72,421.147
6660,64,109,6.88225,3695.23,429.589
6661,64,110,7.0504,3681.94,438.182
6662,64,111,7.235,3667.3,446.887
6663,64,112,7.14484,3674.48,455.202
6664,64,113,7.0619,3681.12,463.49
6665,64,114,7.04205,3682.71,471.641
6666,64,115,6.76982,3704.67,481.395
6667,64,116,6.57198,3720.7,490.455
6668,64,117,6.64972,3714.37,498.743
6669,64,118,6.75737,3705.58,507.184
6670,64,119,6.39364,3735.41,519.205
6671,64,120,6.35563,3738.54,527.404
6672,64,121,6.72634,3707.89,540.048
6673,64,122,7.27922,3662,557.919
6674,64,123,7.70898,3626.19,571.86
6675,64,124,7.90252,3610,581.446
6676,64,125,7.91802,3608.69,589.876
6677,64,126,7.82566,3616.48,598.59
6678,64,127,7.59555,3635.97,609.02
6679,64,128,7.23248,3666.83,622.614
6680,64,129,6.97534,3688.77,633.732
6681,64,130,6.93351,3692.35,642.304
6682,64,131,6.68435,3713.78,653.556
6683,64,132,6.59079,3721.86,662.475
6684,64,133,6.90403,3694.71,675.741
6685,64,134,7.31805,3658.69,692.451
6686,64,135,7.60124,3633.96,704.873
6687,64,136,7.76426,3619.67,714.857
6688,64,137,7.69738,3625.55,723.783
6689,64,138,7.53096,3640.25,733.976
6690,64,139,7.38091,3653.56,743.955
6691,64,140,7.12698,3676.16,756.458
6692,64,141,6.95739,3691.31,766.937
6693,64,142,6.94348,3692.55,775.689
6694,64,143,6.85637,3700.39,784.932
6695,65,74,8.92727,3533.21,94.3399
6696,65,75,11.2109,3377.93,102.693
6697,65,76,12.7164,3275.05,110.882
6698,65,77,10.6819,3414.76,119.26
6699,65,78,6.50923,3702.67,129.557
6700,65,79,7.33429,3645.46,137.66
6701,65,80,5.17456,3795.93,146.702
6702,65,81,6.60662,3695.68,155.258
6703,65,82,9.1711,3515.31,165.671
6704,65,83,7.84614,3608.94,174.447
6705,65,84,4.83301,3822.88,187.137
6706,65,85,4.84883,3821.75,195.268
6707,65,86,6.99571,3667.89,206.583
6708,65,87,9.01403,3522.57,217.876
6709,65,88,10.5,3415.08,228.027
6710,65,89,10.3146,3428.55,236.359
6711,65,90,10.7944,3393.53,244.897
6712,65,91,10.3783,3424.04,253.376
6713,65,92,9.16689,3513.29,264.044
6714,65,93,9.76547,3468.99,272.971
6715,65,94,10.3916,3422.45,282.066
6716,65,95,9.30262,3503.76,293.192
6717,65,96,8.35086,3575.14,303.87
6718,65,97,8.23122,3584.15,312.238
6719,65,98,8.4893,3564.62,320.762
6720,65,99,8.71042,3547.82,329.226
6721,65,100,8.87411,3535.33,337.594
6722,65,101,8.54675,3560.42,346.368
6723,65,102,8.45205,3567.71,354.627
6724,65,103,8.25291,3583.11,363.072
6725,65,104,7.91846,3609.09,372.069
6726,65,105,7.94589,3606.95,380.23
6727,65,106,8.08903,3595.74,388.552
6728,65,107,7.2773,3659.59,403.148
6729,65,108,7.04748,3677.75,411.922
6730,65,109,7.17349,3667.75,420.325
6731,65,110,7.33629,3654.78,428.863
6732,65,111,7.51658,3640.36,437.505
6733,65,112,7.41093,3648.85,445.853
6734,65,113,7.31374,3656.69,454.171
6735,65,114,7.28303,3659.17,462.329
6736,65,115,6.99067,3682.95,472.193
6737,65,116,6.77673,3700.43,481.33
6738,65,117,6.84968,3694.44,489.59
6739,65,118,6.95391,3685.86,497.989
6740,65,119,6.5698,3717.61,510.153
6741,65,120,6.52414,3721.4,518.371
6742,65,121,6.90195,3689.92,530.869
6743,65,122,7.46783,3642.57,548.528
6744,65,123,7.90577,3605.79,562.311
6745,65,124,8.09921,3589.48,571.822
6746,65,125,8.10876,3588.67,580.244
6747,65,126,8.00727,3597.29,588.996
6748,65,127,7.76409,3618.04,599.527
6749,65,128,7.38441,3650.57,613.26
6750,65,129,7.11468,3673.77,624.465
6751,65,130,7.06736,3677.85,633.055
6752,65,131,6.80676,3700.44,644.383
6753,65,132,6.70685,3709.13,653.337
6754,65,133,7.02581,3681.27,666.483
6755,65,134,7.44818,3644.25,683.029
6756,65,135,7.73568,3618.95,695.346
6757,65,136,7.8995,3604.48,705.273
6758,65,137,7.82707,3610.9,714.225
6759,65,138,7.65266,3626.42,724.479
6760,65,139,7.49535,3640.47,734.511
6761,65,140,7.23173,3664.11,747.087
6762,65,141,7.05502,3680.01,757.616
6763,65,142,7.03825,3681.53,766.379
6764,65,143,6.94654,3689.84,775.652
6765,66,75,18.2552,2870.74,92.2856
6766,66,76,18.7536,2836.35,100.21
6767,66,77,15.3738,3070.68,108.989
6768,66,78,9.83736,3456.39,120.118
6769,66,79,10.3048,3423.66,128.105
6770,66,80,7.46107,3623.68,137.527
6771,66,81,8.78632,3530.02,145.869
6772,66,82,11.3961,3344.73,155.88
6773,66,83,9.67668,3467.38,164.941
6774,66,84,6.15368,3719.86,178.165
6775,66,85,6.03902,3728.12,186.316
6776,66,86,8.27701,3566.24,197.309
6777,66,87,10.3623,3414.7,208.284
6778,66,88,11.8603,3305.35,218.179
6779,66,89,11.5461,3328.39,226.542
6780,66,90,11.9657,3297.48,234.967
6781,66,91,11.4276,3337.31,243.541
6782,66,92,10.0487,3439.8,254.524
6783,66,93,10.627,3396.62,263.32
6784,66,94,11.2369,3350.88,272.265
6785,66,95,10.019,3442.63,283.691
6786,66,96,8.9596,3522.79,294.584
6787,66,97,8.79443,3535.34,302.984
6788,66,98,9.03402,3517.05,311.457
6789,66,99,9.2361,3501.56,319.872
6790,66,100,9.3791,3490.55,328.199
6791,66,101,9.00551,3519.44,337.065
6792,66,102,8.88089,3529.12,345.352
6793,66,103,8.6487,3547.23,353.855
6794,66,104,8.2768,3576.36,362.95
6795,66,105,8.28768,3575.51,371.107
6796,66,106,8.42113,3564.96,379.39
6797,66,107,7.55494,3633.68,394.195
6798,66,108,7.30151,3653.87,403.03
6799,66,109,7.42171,3644.26,411.411
6800,66,110,7.58071,3631.48,419.912
6801,66,111,7.75821,3617.16,428.508
6802,66,112,7.63778,3626.92,436.893
6803,66,113,7.5271,3635.92,445.247
6804,66,114,7.48642,3639.24,453.421
6805,66,115,7.17423,3664.84,463.372
6806,66,116,6.9447,3683.74,472.573
6807,66,117,7.01399,3678.01,480.819
6808,66,118,7.11596,3669.55,489.193
6809,66,119,6.71162,3703.24,501.451
6810,66,120,6.65914,3707.63,509.691
6811,66,121,7.04563,3675.17,522.054
6812,66,122,7.62632,3626.2,539.491
6813,66,123,8.07389,3588.3,553.118
6814,66,124,8.26819,3571.79,562.568
6815,66,125,8.27243,3571.43,570.99
6816,66,126,8.16225,3580.87,579.781
6817,66,127,7.90622,3602.88,590.391
6818,66,128,7.50998,3637.09,604.216
6819,66,129,7.22789,3661.54,615.482
6820,66,130,7.17563,3666.09,624.093
6821,66,131,6.90386,3689.82,635.472
6822,66,132,6.79807,3699.1,644.455
6823,66,133,7.12372,3670.44,657.492
6824,66,134,7.5555,3632.3,673.874
6825,66,135,7.84815,3606.35,686.097
6826,66,136,8.01341,3591.64,695.976
6827,66,137,7.93581,3598.57,704.955
6828,66,138,7.75364,3614.91,715.257
6829,66,139,7.58935,3629.69,725.33
6830,66,140,7.31619,3654.37,737.954
6831,66,141,7.13261,3671.01,748.519
6832,66,142,7.11338,3672.76,757.295
6833,66,143,7.0174,3681.53,766.594
6834,67,76,18.2212,2875.21,92.2838
6835,67,77,14.3236,3148.04,101.02
6836,67,78,8.03951,3590.03,111.783
6837,67,79,8.85549,3532.36,119.869
6838,67,80,5.81253,3748.41,129.079
6839,67,81,7.53429,3625.6,137.571
6840,67,82,10.6268,3403.97,147.727
6841,67,83,8.79559,3535.81,156.68
6842,67,84,4.97905,3811.88,169.469
6843,67,85,4.97596,3812.1,177.644
6844,67,86,7.54406,3624.63,188.802
6845,67,87,9.89779,3452.02,199.857
6846,67,88,11.5741,3328.53,209.799
6847,67,89,11.2575,3351.96,218.192
6848,67,90,11.7361,3316.38,226.67
6849,67,91,11.1733,3358.41,235.247
6850,67,92,9.7079,3468.31,246.089
6851,67,93,10.3543,3419.62,254.944
6852,67,94,11.0273,3368.69,263.939
6853,67,95,9.7398,3466.54,275.221
6854,67,96,8.62841,3551.38,285.983
6855,67,97,8.47395,3563.22,294.391
6856,67,98,8.74855,3542.08,302.912
6857,67,99,8.98018,3524.17,311.372
6858,67,100,9.14665,3511.24,319.738
6859,67,101,8.76499,3541.01,328.57
6860,67,102,8.64681,3550.26,336.862
6861,67,103,8.41472,3568.52,345.347
6862,67,104,8.03556,3598.48,354.386
6863,67,105,8.05937,3596.59,362.563
6864,67,106,8.21091,3584.51,370.885
6865,67,107,7.31272,3656.37,385.452
6866,67,108,7.05876,3676.77,394.243
6867,67,109,7.19583,3665.71,402.661
6868,67,110,7.37233,3651.42,411.207
6869,67,111,7.56698,3635.59,419.849
6870,67,112,7.44963,3645.17,428.219
6871,67,113,7.34224,3653.97,436.557
6872,67,114,7.30757,3656.83,444.732
6873,67,115,6.98994,3683.09,454.595
6874,67,116,6.7586,3702.29,463.731
6875,67,117,6.83791,3695.68,472.005
6876,67,118,6.95057,3686.25,480.416
6877,67,119,6.53721,3720.98,492.531
6878,67,120,6.48925,3725.02,500.76
6879,67,121,6.89597,3690.58,513.229
6880,67,122,7.50275,3639.01,530.743
6881,67,123,7.97036,3599.11,544.412
6882,67,124,8.17492,3581.58,553.897
6883,67,125,8.18247,3580.93,562.334
6884,67,126,8.07161,3590.5,571.113
6885,67,127,7.81017,3613.16,581.659
6886,67,128,7.40424,3648.48,595.352
6887,67,129,7.11655,3673.6,606.536
6888,67,130,7.06614,3678.02,615.144
6889,67,131,6.78938,3702.38,626.438
6890,67,132,6.68385,3711.7,635.397
6891,67,133,7.02263,3681.66,648.493
6892,67,134,7.47008,3641.84,664.909
6893,67,135,7.77369,3614.71,677.159
6894,67,136,7.9458,3599.28,687.065
6895,67,137,7.86792,3606.29,696.04
6896,67,138,7.68257,3623.03,706.303
6897,67,139,7.51573,3638.16,716.341
6898,67,140,7.23718,3663.51,728.88
6899,67,141,7.05081,3680.53,739.397
6900,67,142,7.03323,3682.14,748.177
6901,67,143,6.93683,3691.01,757.458
6902,68,77,16.9818,2951.34,92.6927
6903,68,78,9.07182,3512.95,103.601
6904,68,79,9.85175,3457.31,111.753
6905,68,80,6.18736,3719.93,121.034
6906,68,81,8.10154,3582.11,129.534
6907,68,82,11.5307,3334.06,139.511
6908,68,83,9.35765,3491.97,148.561
6909,68,84,5.02598,3808.18,161.232
6910,68,85,5.01734,3808.82,169.469
6911,68,86,7.8514,3600.04,180.495
6912,68,87,10.4098,3410.72,191.388
6913,68,88,12.197,3277.87,201.218
6914,68,89,11.795,3307.89,209.671
6915,68,90,12.2685,3272.38,218.146
6916,68,91,11.6144,3321.65,226.795
6917,68,92,9.99646,3444.08,237.684
6918,68,93,10.6704,3392.85,246.518
6919,68,94,11.3698,3339.47,255.476
6920,68,95,9.9659,3447.1,266.79
6921,68,96,8.76227,3539.78,277.559
6922,68,97,8.58859,3553.21,286.006
6923,68,98,8.87351,3531.08,294.544
6924,68,99,9.1118,3512.5,303.02
6925,68,100,9.28038,3499.29,311.406
6926,68,101,8.8684,3531.7,320.272
6927,68,102,8.73756,3542.04,328.596
6928,68,103,8.48754,3561.87,337.113
6929,68,104,8.08395,3594.02,346.171
6930,68,105,8.10647,3592.22,354.375
6931,68,106,8.26336,3579.62,362.714
6932,68,107,7.31764,3655.91,377.17
6933,68,108,7.05105,3677.5,385.973
6934,68,109,7.19502,3665.79,394.413
6935,68,110,7.37976,3650.7,402.975
6936,68,111,7.58292,3634.04,411.629
6937,68,112,7.45964,3644.19,420.02
6938,68,113,7.34715,3653.49,428.378
6939,68,114,7.3108,3656.51,436.575
6940,68,115,6.9798,3684.09,446.423
6941,68,116,6.73943,3704.21,455.556
6942,68,117,6.82268,3697.21,463.851
6943,68,118,6.94035,3687.29,472.279
6944,68,119,6.51149,3723.6,484.326
6945,68,120,6.46269,3727.75,492.57
6946,68,121,6.88545,3691.67,504.995
6947,68,122,7.51468,3637.77,522.361
6948,68,123,7.99857,3596.15,535.941
6949,68,124,8.20932,3577.96,545.415
6950,68,125,8.21594,3577.38,553.869
6951,68,126,8.10019,3587.45,562.666
6952,68,127,7.82908,3611.13,573.206
6953,68,128,7.40922,3647.94,586.841
6954,68,129,7.11209,3674.09,598
6955,68,130,7.06022,3678.67,606.621
6956,68,131,6.77499,3703.96,617.882
6957,68,132,6.66666,3713.6,626.847
6958,68,133,7.01623,3682.37,639.901
6959,68,134,7.47723,3641.04,656.216
6960,68,135,7.78956,3612.93,668.422
6961,68,136,7.9662,3596.97,678.319
6962,68,137,7.88551,3604.29,687.308
6963,68,138,7.69444,3621.67,697.57
6964,68,139,7.52264,3637.36,707.609
6965,68,140,7.23626,3663.61,720.113
6966,68,141,7.04488,3681.22,730.619
6967,68,142,7.02699,3682.87,739.412
6968,68,143,6.92822,3692.03,748.697
6969,69,78,4.42303,3861.61,94.5322
6970,69,79,6.19,3734.39,102.807
6971,69,80,2.52517,3999.47,111.755
6972,69,81,5.29725,3798.04,120.51
6973,69,82,9.61692,3482.7,130.844
6974,69,83,7.40929,3644.59,139.702
6975,69,84,2.77971,3985.64,151.868
6976,69,85,3.03431,3966.8,160.118
6977,69,86,6.40361,3716.35,171.504
6978,69,87,9.38368,3493.84,182.61
6979,69,88,11.4523,3338.69,192.565
6980,69,89,11.0829,3366.52,201.029
6981,69,90,11.6641,3322.54,209.575
6982,69,91,11.0057,3372.58,218.194
6983,69,92,9.3037,3502.5,228.886
6984,69,93,10.087,3442.44,237.811
6985,69,94,10.8851,3380.99,246.856
6986,69,95,9.41306,3494.83,257.974
6987,69,96,8.16294,3591.92,268.57
6988,69,97,8.01862,3603.18,277.01
6989,69,98,8.36053,3576.4,285.607
6990,69,99,8.6473,3553.84,294.137
6991,69,100,8.85544,3537.39,302.566
6992,69,101,8.44425,3570.01,311.371
6993,69,102,8.33066,3579.06,319.685
6994,69,103,8.08961,3598.35,328.161
6995,69,104,7.6857,3630.8,337.135
6996,69,105,7.73096,3627.14,345.353
6997,69,106,7.91588,3612.17,353.737
6998,69,107,6.93947,3691.58,367.942
6999,69,108,6.67846,3712.9,376.678
7000,69,109,6.84763,3699.02,385.161
7001,69,110,7.05772,3681.73,393.78
7002,69,111,7.28531,3662.91,402.496
7003,69,112,7.16995,3672.49,410.854
7004,69,113,7.06534,3681.21,419.181
7005,69,114,7.03965,3683.35,427.368
7006,69,115,6.70611,3711.37,437.105
7007,69,116,6.46712,3731.53,446.152
7008,69,117,6.56489,3723.25,454.478
7009,69,118,6.69758,3711.97,462.952
7010,69,119,6.26142,3749.19,474.843
7011,69,120,6.22036,3752.71,483.064
7012,69,121,6.66822,3714.19,495.674
7013,69,122,7.3288,3657.16,513.237
7014,69,123,7.83704,3613.11,526.923
7015,69,124,8.06109,3593.62,536.45
7016,69,125,8.07315,3592.57,544.915
7017,69,126,7.95833,3602.63,553.689
7018,69,127,7.68283,3626.88,564.149
7019,69,128,7.25385,3664.77,577.64
7020,69,129,6.95208,3691.53,588.703
7021,69,130,6.90369,3695.83,597.313
7022,69,131,6.61438,3721.68,608.476
7023,69,132,6.50768,3731.25,617.406
7024,69,133,6.8729,3698.38,630.568
7025,69,134,7.35222,3655.08,646.979
7026,69,135,7.6776,3625.58,659.244
7027,69,136,7.86272,3608.73,669.181
7028,69,137,7.78269,3616.04,678.159
7029,69,138,7.58911,3633.79,688.371
7030,69,139,7.41543,3649.76,698.364
7031,69,140,7.12408,3676.67,710.772
7032,69,141,6.93053,3694.6,721.22
7033,69,142,6.91525,3696.02,730.014
7034,69,143,6.81682,3705.21,739.271
7035,70,79,8.22364,3579.83,94.4905
7036,70,80,3.52273,3923,103.58
7037,70,81,6.59056,3698.02,112.291
7038,70,82,11.3758,3345.51,122.353
7039,70,83,8.60154,3550.8,131.368
7040,70,84,3.19571,3952.64,143.534
7041,70,85,3.43015,3935.13,151.848
7042,70,86,7.14926,3656.2,163.017
7043,70,87,10.3776,3413,173.896
7044,70,88,12.5593,3247.92,183.691
7045,70,89,12.0423,3287.21,192.223
7046,70,90,12.5875,3245.59,200.744
7047,70,91,11.7853,3307.09,209.455
7048,70,92,9.86749,3454.76,220.265
7049,70,93,10.6691,3392.77,229.142
7050,70,94,11.4845,3329.45,238.12
7051,70,95,9.85309,3456.69,249.338
7052,70,96,8.47778,3564.43,259.994
7053,70,97,8.30066,3578.36,268.477
7054,70,98,8.6467,3551.02,277.076
7055,70,99,8.9335,3528.27,285.608
7056,70,100,9.13661,3512.09,294.044
7057,70,101,8.68215,3548.45,302.902
7058,70,102,8.54726,3559.28,311.253
7059,70,103,8.27928,3580.9,319.773
7060,70,104,7.84146,3616.36,328.79
7061,70,105,7.88058,3613.18,337.03
7062,70,106,8.0674,3597.92,345.419
7063,70,107,7.03163,3682.86,359.581
7064,70,108,6.75251,3705.84,368.347
7065,70,109,6.92644,3691.46,376.842
7066,70,110,7.14293,3673.49,385.463
7067,70,111,7.3773,3653.96,394.175
7068,70,112,7.2523,3664.42,402.563
7069,70,113,7.13918,3673.92,410.917
7070,70,114,7.10908,3676.46,419.128
7071,70,115,6.75801,3706.18,428.878
7072,70,116,6.50665,3727.55,437.943
7073,70,117,6.60684,3719,446.281
7074,70,118,6.74323,3707.31,454.761
7075,70,119,6.2878,3746.48,466.624
7076,70,120,6.2441,3750.25,474.866
7077,70,121,6.70827,3710.03,487.39
7078,70,122,7.39227,3650.52,504.756
7079,70,123,7.91698,3604.69,518.319
7080,70,124,8.14627,3584.59,527.819
7081,70,125,8.15571,3583.76,536.299
7082,70,126,8.03397,3594.51,545.099
7083,70,127,7.74637,3620.02,555.578
7084,70,128,7.30069,3659.68,569.051
7085,70,129,6.9873,3687.68,580.112
7086,70,130,6.93617,3692.26,588.74
7087,70,131,6.63648,3719.23,599.894
7088,70,132,6.52569,3729.24,608.839
7089,70,133,6.90176,3695.14,621.929
7090,70,134,7.39493,3650.27,638.207
7091,70,135,7.72888,3619.77,650.408
7092,70,136,7.918,3602.43,660.323
7093,70,137,7.83399,3610.16,669.32
7094,70,138,7.63331,3628.69,679.547
7095,70,139,7.45341,3645.36,689.553
7096,70,140,7.15278,3673.32,701.95
7097,70,141,6.95305,3691.96,712.401
7098,70,142,6.93674,3693.49,721.209
7099,70,143,6.83507,3703.04,730.479
7100,71,80,8.78364,3517.91,94.258
7101,71,81,11.4527,3320.39,102.691
7102,71,82,16.2252,2965.64,112.237
7103,71,83,12.278,3260.36,121.695
7104,71,84,5.57473,3763.11,134.496
7105,71,85,5.52321,3766.99,142.83
7106,71,86,9.44559,3470.2,153.612
7107,71,87,12.7836,3216.51,164.125
7108,71,88,14.9404,3051.88,173.636
7109,71,89,14.1182,3114.9,182.246
7110,71,90,14.5105,3084.7,190.665
7111,71,91,13.4487,3166.81,199.528
7112,71,92,11.2053,3341.05,210.717
7113,71,93,11.9603,3282.16,219.465
7114,71,94,12.736,3221.4,228.292
7115,71,95,10.874,3367.87,239.849
7116,71,96,9.31436,3491.09,250.73
7117,71,97,9.06215,3511.09,259.254
7118,71,98,9.37852,3485.89,267.808
7119,71,99,9.63463,3465.4,276.298
7120,71,100,9.80454,3451.75,284.701
7121,71,101,9.27766,3494.25,293.659
7122,71,102,9.09712,3508.88,302.046
7123,71,103,8.77958,3534.7,310.63
7124,71,104,8.28657,3574.97,319.747
7125,71,105,8.30249,3573.66,327.989
7126,71,106,8.47625,3559.35,336.341
7127,71,107,7.3624,3651.43,350.69
7128,71,108,7.05118,3677.26,359.517
7129,71,109,7.2187,3663.3,367.99
7130,71,110,7.43141,3645.51,376.576
7131,71,111,7.66314,3626.04,385.244
7132,71,112,7.51857,3638.23,393.67
7133,71,113,7.38781,3649.3,402.061
7134,71,114,7.34504,3652.94,410.29
7135,71,115,6.96788,3685.13,420.123
7136,71,116,6.69647,3708.38,429.248
7137,71,117,6.79284,3700.09,437.574
7138,71,118,6.92717,3688.49,446.029
7139,71,119,6.44564,3730.22,457.975
7140,71,120,6.39388,3734.73,466.239
7141,71,121,6.87038,3693.11,478.62
7142,71,122,7.57445,3631.39,495.749
7143,71,123,8.11209,3584.08,509.15
7144,71,124,8.34264,3563.71,518.588
7145,71,125,8.34529,3563.48,527.072
7146,71,126,8.21243,3575.3,535.912
7147,71,127,7.90847,3602.45,546.469
7148,71,128,7.44183,3644.3,560.026
7149,71,129,7.11303,3673.89,571.145
7150,71,130,7.05601,3679.04,579.794
7151,71,131,6.74256,3707.46,590.995
7152,71,132,6.62478,3718.18,599.969
7153,71,133,7.00964,3683.03,612.946
7154,71,134,7.51486,3636.71,629.056
7155,71,135,7.85539,3605.39,641.16
7156,71,136,8.04641,3587.75,651.029
7157,71,137,7.95606,3596.12,660.054
7158,71,138,7.74588,3615.67,670.327
7159,71,139,7.5575,3633.25,680.375
7160,71,140,7.24531,3662.49,692.815
7161,71,141,7.03735,3682.04,703.301
7162,71,142,7.01824,3683.84,712.123
7163,71,143,6.91156,3693.94,721.418
7164,72,81,1.96364,4060.54,89.956
7165,72,82,9.32909,3508.13,100.948
7166,72,83,5.87343,3768.46,109.773
7167,72,84,-0.875824,4279.15,122.075
7168,72,85,-0.0131868,4213.59,130.272
7169,72,86,5.17036,3817.92,142.339
7170,72,87,9.46,3489.04,153.631
7171,72,88,12.2615,3273.33,163.53
7172,72,89,11.6457,3320.95,171.998
7173,72,90,12.3395,3267.07,180.473
7174,72,91,11.3886,3341.23,189.122
7175,72,92,9.12779,3518.33,199.947
7176,72,93,10.1403,3438.68,208.86
7177,72,94,11.1417,3359.57,217.868
7178,72,95,9.25739,3509.06,229.098
7179,72,96,7.70231,3632.95,239.677
7180,72,97,7.5547,3644.75,248.088
7181,72,98,8.00617,3608.49,256.701
7182,72,99,8.3786,3578.44,265.234
7183,72,100,8.64685,3556.72,273.654
7184,72,101,8.16202,3596.15,282.418
7185,72,102,8.04181,3605.97,290.691
7186,72,103,7.77038,3628.22,299.112
7187,72,104,7.30866,3666.24,308.017
7188,72,105,7.38304,3660.09,316.205
7189,72,106,7.61927,3640.48,324.594
7190,72,107,6.49115,3734.49,338.789
7191,72,108,6.21019,3758,347.438
7192,72,109,6.4308,3739.47,355.951
7193,72,110,6.69482,3717.2,364.614
7194,72,111,6.97496,3693.48,373.38
7195,72,112,6.85692,3703.52,381.68
7196,72,113,6.75144,3712.52,389.946
7197,72,114,6.73627,3713.82,398.09
7198,72,115,6.36964,3745.35,407.732
7199,72,116,6.11275,3767.53,416.677
7200,72,117,6.2387,3756.61,425.018
7201,72,118,6.40232,3742.37,433.528
7202,72,119,5.9226,3784.27,445.33
7203,72,120,5.89007,3787.12,453.496
7204,72,121,6.40579,3741.74,466.45
7205,72,122,7.15568,3675.5,484.408
7206,72,123,7.73011,3624.57,498.231
7207,72,124,7.98378,3601.99,507.788
7208,72,125,7.99981,3600.56,516.252
7209,72,126,7.87468,3611.78,525.01
7210,72,127,7.57193,3639.02,535.434
7211,72,128,7.10073,3681.59,548.851
7212,72,129,6.77236,3711.36,559.835
7213,72,130,6.72495,3715.68,568.428
7214,72,131,6.41209,3744.25,579.497
7215,72,132,6.30128,3754.41,588.382
7216,72,133,6.70899,3716.9,601.696
7217,72,134,7.23979,3667.89,618.221
7218,72,135,7.59956,3634.55,630.528
7219,72,136,7.80433,3615.51,640.488
7220,72,137,7.71857,3623.51,649.464
7221,72,138,7.50921,3643.12,659.645
7222,72,139,7.32226,3660.69,669.604
7223,72,140,7.00783,3690.36,681.927
7224,72,141,6.80072,3709.96,692.317
7225,72,142,6.78773,3711.2,701.114
7226,72,143,6.68449,3721.04,710.343
7227,73,82,4.06727,3923.82,91.5449
7228,73,83,0.94,4161.49,99.9605
7229,73,84,-6.11189,4699.78,111.58
7230,73,85,-4.31099,4561.71,119.904
7231,73,86,2.22703,4058.29,132.931
7232,73,87,7.48107,3651.97,144.647
7233,73,88,10.8801,3387.98,154.75
7234,73,89,10.3544,3428.99,163.219
7235,73,90,11.2687,3357.37,171.787
7236,73,91,10.3305,3431.17,180.384
7237,73,92,7.9494,3619.28,190.952
7238,73,93,9.17052,3522.4,199.995
7239,73,94,10.3512,3428.35,209.125
7240,73,95,8.37174,3586.7,220.112
7241,73,96,6.76087,3716.11,230.48
7242,73,97,6.67677,3722.89,238.886
7243,73,98,7.2305,3678.04,247.583
7244,73,99,7.68797,3640.83,256.188
7245,73,100,8.02471,3613.33,264.667
7246,73,101,7.54936,3652.31,273.356
7247,73,102,7.46198,3659.5,281.618
7248,73,103,7.21044,3680.3,289.992
7249,73,104,6.75486,3718.11,298.797
7250,73,105,6.86731,3708.74,307.008
7251,73,106,7.14778,3685.27,315.462
7252,73,107,5.98213,3783.19,329.382
7253,73,108,5.71385,3805.81,337.957
7254,73,109,5.97321,3783.85,346.532
7255,73,110,6.27521,3758.18,355.274
7256,73,111,6.59123,3731.22,364.123
7257,73,112,6.48647,3740.19,372.39
7258,73,113,6.39392,3748.15,380.624
7259,73,114,6.39506,3748.05,388.763
7260,73,115,6.02724,3779.93,398.283
7261,73,116,5.77424,3801.94,407.135
7262,73,117,5.92083,3789.14,415.521
7263,73,118,6.10539,3772.96,424.095
7264,73,119,5.61789,3815.86,435.729
7265,73,120,5.5967,3817.73,443.875
7266,73,121,6.14544,3769.08,457.064
7267,73,122,6.93575,3698.74,475.26
7268,73,123,7.54132,3644.64,489.202
7269,73,124,7.81201,3620.37,498.818
7270,73,125,7.83513,3618.29,507.296
7271,73,126,7.71147,3629.46,516.032
7272,73,127,7.40364,3657.37,526.373
7273,73,128,6.92162,3701.23,539.64
7274,73,129,6.58801,3731.7,550.525
7275,73,130,6.54533,3735.61,559.109
7276,73,131,6.22795,3764.81,570.077
7277,73,132,6.11958,3774.82,578.929
7278,73,133,6.54662,3735.25,592.362
7279,73,134,7.09978,3683.8,608.987
7280,73,135,7.47541,3648.74,621.355
7281,73,136,7.69046,3628.6,631.357
7282,73,137,7.60557,3636.58,640.323
7283,73,138,7.39329,3656.61,650.454
7284,73,139,7.20421,3674.51,660.369
7285,73,140,6.88402,3704.92,672.595
7286,73,141,6.67449,3724.9,682.928
7287,73,142,6.66474,3725.83,691.728
7288,73,143,6.56205,3735.69,700.931
7289,74,83,-0.0339394,4239.4,92.0218
7290,74,84,-8.19091,4867.49,103.214
7291,74,85,-5.74336,4678.21,111.689
7292,74,86,2.02088,4075.19,124.625
7293,74,87,8.05495,3604.53,136.158
7294,74,88,11.8307,3308.77,146.143
7295,74,89,11.1204,3364.64,154.693
7296,74,90,12.0522,3291.03,163.273
7297,74,91,10.9227,3380.64,171.955
7298,74,92,8.2286,3595.27,182.547
7299,74,93,9.54391,3490.04,191.577
7300,74,94,10.8014,3389.02,200.671
7301,74,95,8.60113,3566.51,211.671
7302,74,96,6.83024,3709.96,222.032
7303,74,97,6.73335,3717.84,230.484
7304,74,98,7.32685,3669.37,239.203
7305,74,99,7.8121,3629.58,247.83
7306,74,100,8.16459,3600.55,256.332
7307,74,101,7.64529,3643.48,265.058
7308,74,102,7.54527,3651.79,273.358
7309,74,103,7.27141,3674.61,281.767
7310,74,104,6.7825,3715.51,290.595
7311,74,105,6.90026,3705.62,298.837
7312,74,106,7.19572,3680.7,307.307
7313,74,107,5.95869,3785.44,321.099
7314,74,108,5.67641,3809.43,329.692
7315,74,109,5.95227,3785.89,338.291
7316,74,110,6.27172,3758.53,347.049
7317,74,111,6.60456,3729.9,355.909
7318,74,112,6.49374,3739.47,364.202
7319,74,113,6.3962,3747.92,372.46
7320,74,114,6.39728,3747.83,380.624
7321,74,115,6.01185,3781.49,390.135
7322,74,116,5.7478,3804.64,398.989
7323,74,117,5.90225,3791.05,407.396
7324,74,118,6.09584,3773.95,415.986
7325,74,119,5.58755,3819.01,427.556
7326,74,120,5.56676,3820.87,435.722
7327,74,121,6.13961,3769.69,448.843
7328,74,122,6.96241,3695.91,466.851
7329,74,123,7.59114,3639.33,480.68
7330,74,124,7.87049,3614.09,490.277
7331,74,125,7.89225,3612.12,498.772
7332,74,126,7.76176,3623.99,507.531
7333,74,127,7.44068,3653.32,517.876
7334,74,128,6.93978,3699.23,531.095
7335,74,129,6.59361,3731.08,541.964
7336,74,130,6.54923,3735.18,550.565
7337,74,131,6.22077,3765.62,561.509
7338,74,132,6.10898,3776.01,570.372
7339,74,133,6.5506,3734.8,583.744
7340,74,134,7.12177,3681.3,600.246
7341,74,135,7.50881,3644.91,612.556
7342,74,136,7.72962,3624.08,622.542
7343,74,137,7.64086,3632.49,631.526
7344,74,138,7.42096,3653.38,641.665
7345,74,139,7.22531,3672.03,651.586
7346,74,140,6.89493,3703.64,663.788
7347,74,141,6.67892,3724.37,674.116
7348,74,142,6.66875,3725.35,682.931
7349,74,143,6.56302,3735.57,692.143
7350,75,84,-5.45515,4645.89,94.7326
7351,75,85,-3.06,4459.07,103.138
7352,75,86,5.55105,3784.54,115.424
7353,75,87,11.9703,3279.56,126.445
7354,75,88,15.7262,2982.85,136.061
7355,75,89,14.4018,3087.91,144.704
7356,75,90,15.0399,3037.08,153.151
7357,75,91,13.426,3166.19,162.014
7358,75,92,10.1544,3429.01,173.043
7359,75,93,11.4054,3328.09,181.902
7360,75,94,12.6026,3231.12,190.805
7361,75,95,10.0212,3441.08,202.193
7362,75,96,7.96019,3609.39,212.798
7363,75,97,7.75662,3626.08,221.282
7364,75,98,8.3143,3580.17,229.931
7365,75,99,8.75938,3543.37,238.493
7366,75,100,9.06612,3517.91,246.94
7367,75,101,8.44158,3569.96,255.771
7368,75,102,8.27753,3583.68,264.098
7369,75,103,7.93429,3612.52,272.57
7370,75,104,7.36859,3660.22,281.504
7371,75,105,7.45613,3652.81,289.73
7372,75,106,7.73532,3629.08,298.141
7373,75,107,6.39061,3743.83,312.167
7374,75,108,6.06633,3771.61,320.821
7375,75,109,6.33566,3748.45,329.38
7376,75,110,6.65156,3721.18,338.08
7377,75,111,6.98186,3692.55,346.871
7378,75,112,6.84536,3704.43,355.199
7379,75,113,6.72478,3714.96,363.49
7380,75,114,6.70948,3716.3,371.662
7381,75,115,6.29002,3753.21,381.271
7382,75,116,6.00015,3778.81,390.195
7383,75,117,6.15005,3765.52,398.572
7384,75,118,6.34117,3748.51,407.115
7385,75,119,5.79939,3796.91,418.802
7386,75,120,5.76848,3799.68,426.985
7387,75,121,6.35712,3746.71,439.928
7388,75,122,7.20515,3670.1,457.668
7389,75,123,7.84963,3611.67,471.312
7390,75,124,8.12982,3586.17,480.832
7391,75,125,8.14226,3585.03,489.324
7392,75,126,7.99714,3598.34,498.125
7393,75,127,7.65506,3629.81,508.567
7394,75,128,7.12767,3678.5,521.907
7395,75,129,6.76207,3712.38,532.851
7396,75,130,6.71009,3717.22,541.472
7397,75,131,6.36447,3749.48,552.48
7398,75,132,6.24386,3760.77,561.376
7399,75,133,6.69589,3718.28,574.615
7400,75,134,7.28124,3663.06,590.929
7401,75,135,7.67575,3625.72,603.128
7402,75,136,7.8983,3604.57,613.057
7403,75,137,7.80136,3613.82,622.07
7404,75,138,7.56958,3635.99,632.267
7405,75,139,7.36334,3655.79,642.239
7406,75,140,7.01876,3688.98,654.503
7407,75,141,6.7926,3710.85,664.877
7408,75,142,6.7788,3712.18,673.703
7409,75,143,6.66681,3723.08,682.946
7410,76,85,-1.49818,4331,94.8643
7411,76,86,8.39455,3549.48,106.642
7412,76,87,15.4098,2992.94,117.25
7413,76,88,19.2143,2689.84,126.6
7414,76,89,17.2024,2850.79,135.398
7415,76,90,17.5521,2822.7,143.81
7416,76,91,15.4225,2994.49,152.871
7417,76,92,11.5311,3309.69,164.177
7418,76,93,12.7682,3209.07,172.956
7419,76,94,13.9479,3112.73,181.759
7420,76,95,10.9738,3356.61,193.358
7421,76,96,8.62584,3549.93,204.081
7422,76,97,8.34325,3573.29,212.619
7423,76,98,8.89842,3527.21,221.26
7424,76,99,9.33191,3491.08,229.815
7425,76,100,9.61738,3467.2,238.263
7426,76,101,8.90239,3527.26,247.173
7427,76,102,8.69206,3545,255.545
7428,76,103,8.29469,3578.64,264.075
7429,76,104,7.66512,3632.15,273.074
7430,76,105,7.73873,3625.87,281.321
7431,76,106,8.0177,3601.97,289.725
7432,76,107,6.5713,3726.36,303.748
7433,76,108,6.21641,3757,312.443
7434,76,109,6.49276,3733.05,321.005
7435,76,110,6.81773,3704.78,329.697
7436,76,111,7.15716,3675.14,338.471
7437,76,112,7.00379,3688.58,346.835
7438,76,113,6.86853,3700.48,355.159
7439,76,114,6.84508,3702.56,363.357
7440,76,115,6.39786,3742.21,372.998
7441,76,116,6.08859,3769.73,381.953
7442,76,117,6.24141,3756.08,390.336
7443,76,118,6.43718,3738.53,398.875
7444,76,119,5.86641,3789.9,410.557
7445,76,120,5.83115,3793.08,418.764
7446,76,121,6.44266,3737.64,431.583
7447,76,122,7.32313,3657.52,449.078
7448,76,123,7.98955,3596.65,462.571
7449,76,124,8.27546,3570.44,472.05
7450,76,125,8.28258,3569.79,480.556
7451,76,126,8.12626,3584.22,489.392
7452,76,127,7.76605,3617.6,499.872
7453,76,128,7.21458,3668.89,513.219
7454,76,129,6.83222,3704.57,524.178
7455,76,130,6.7758,3709.86,532.82
7456,76,131,6.41549,3743.73,543.834
7457,76,132,6.28886,3755.67,552.75
7458,76,133,6.75492,3711.55,565.896
7459,76,134,7.35812,3654.25,582.052
7460,76,135,7.76321,3615.63,594.171
7461,76,136,7.99019,3593.92,604.07
7462,76,137,7.88716,3603.81,613.107
7463,76,138,7.6453,3627.11,623.329
7464,76,139,7.43024,3647.89,633.325
7465,76,140,7.073,3682.55,645.593
7466,76,141,6.83835,3705.39,655.979
7467,76,142,6.82277,3706.91,664.821
7468,76,143,6.70619,3718.33,674.081
7469,77,86,13.837,3097.76,97.261
7470,77,87,21.1382,2513.66,107.362
7471,77,88,24.622,2233.79,116.367
7472,77,89,21.4687,2488.16,125.421
7473,77,90,21.2589,2505.15,133.789
7474,77,91,18.3511,2741.66,143.165
7475,77,92,13.6072,3129.07,154.945
7476,77,93,14.7456,3035.73,163.619
7477,77,94,15.8366,2945.9,172.294
7478,77,95,12.3507,3234.07,184.238
7479,77,96,9.63023,3459.87,195.151
7480,77,97,9.22506,3493.63,203.747
7481,77,98,9.75054,3449.66,212.368
7482,77,99,10.1476,3416.31,220.906
7483,77,100,10.3889,3395.96,229.347
7484,77,101,9.555,3466.57,238.357
7485,77,102,9.27829,3490.09,246.779
7486,77,103,8.80806,3530.21,255.379
7487,77,104,8.09685,3591.14,264.463
7488,77,105,8.14576,3586.93,272.727
7489,77,106,8.4162,3563.58,281.114
7490,77,107,6.85077,3699.26,295.199
7491,77,108,6.45623,3733.58,303.945
7492,77,109,6.73479,3709.25,312.503
7493,77,110,7.06464,3680.34,321.176
7494,77,111,7.40936,3650,329.922
7495,77,112,7.23346,3665.54,338.326
7496,77,113,7.07847,3679.28,346.688
7497,77,114,7.04274,3682.46,354.911
7498,77,115,6.56245,3725.37,364.603
7499,77,116,6.22948,3755.22,373.6
7500,77,117,6.38289,3741.42,381.983
7501,77,118,6.58124,3723.5,390.51
7502,77,119,5.97723,3778.26,402.215
7503,77,120,5.93532,3782.08,410.447
7504,77,121,6.56938,3724.16,423.127
7505,77,122,7.48262,3640.45,440.363
7506,77,123,8.17062,3577.16,453.694
7507,77,124,8.46089,3550.35,463.125
7508,77,125,8.46073,3550.37,471.643
7509,77,126,8.29104,3566.15,480.518
7510,77,127,7.91024,3601.69,491.052
7511,77,128,7.33201,3655.85,504.431
7512,77,129,6.93079,3693.57,515.419
7513,77,130,6.86863,3699.43,524.084
7514,77,131,6.49184,3735.1,535.116
7515,77,132,6.35796,3747.82,544.056
7516,77,133,6.83795,3702.06,557.099
7517,77,134,7.45909,3642.64,573.088
7518,77,135,7.87449,3602.76,585.12
7519,77,136,8.10533,3580.52,594.982
7520,77,137,7.99515,3591.17,604.046
7521,77,138,7.74199,3615.73,614.302
7522,77,139,7.51705,3637.62,624.327
7523,77,140,7.14593,3673.87,636.611
7524,77,141,6.90181,3697.79,647.018
7525,77,142,6.88383,3699.56,655.875
7526,77,143,6.76195,3711.59,665.156
7527,78,87,24.5515,2226.94,98.4839
7528,78,88,28.0482,1943.71,107.379
7529,78,89,23.7983,2289.37,116.644
7530,78,90,23.1978,2338.41,125.093
7531,78,91,19.5976,2633.63,134.628
7532,78,92,14.055,3089.97,146.421
7533,78,93,15.2797,2988.72,155.126
7534,78,94,16.4363,2892.73,163.816
7535,78,95,12.4964,3221.05,175.711
7536,78,96,9.47421,3473.91,186.558
7537,78,97,9.04414,3510.03,195.201
7538,78,98,9.63688,3460.04,203.874
7539,78,99,10.0804,3422.49,212.46
7540,78,100,10.3485,3399.7,220.948
7541,78,101,9.44848,3476.51,229.968
7542,78,102,9.15815,3501.38,238.425
7543,78,103,8.66099,3544.13,247.042
7544,78,104,7.908,3609.14,256.11
7545,78,105,7.97389,3603.43,264.413
7546,78,106,8.27483,3577.25,272.843
7547,78,107,6.61446,3722.26,286.697
7548,78,108,6.20972,3757.74,295.434
7549,78,109,6.5211,3730.34,304.037
7550,78,110,6.88389,3698.29,312.755
7551,78,111,7.25951,3664.99,321.542
7552,78,112,7.08213,3680.77,329.957
7553,78,113,6.92694,3694.64,338.331
7554,78,114,6.89746,3697.28,346.576
7555,78,115,6.39954,3742.09,356.211
7556,78,116,6.05785,3772.96,365.176
7557,78,117,6.22751,3757.57,373.596
7558,78,118,6.44312,3737.95,382.162
7559,78,119,5.81692,3795.15,393.742
7560,78,120,5.78052,3798.48,401.987
7561,78,121,6.45044,3736.85,414.69
7562,78,122,7.40955,3648.29,431.85
7563,78,123,8.13064,3581.47,445.135
7564,78,124,8.43497,3553.17,454.579
7565,78,125,8.43588,3553.09,463.118
7566,78,126,8.26028,3569.53,472.001
7567,78,127,7.86548,3606.64,482.501
7568,78,128,7.26633,3663.16,495.775
7569,78,129,6.8522,3702.37,506.707
7570,78,130,6.79066,3708.21,515.384
7571,78,131,6.4028,3745.19,526.355
7572,78,132,6.26729,3758.15,535.291
7573,78,133,6.76766,3710.12,548.332
7574,78,134,7.41306,3647.95,564.266
7575,78,135,7.84437,3606.25,576.281
7576,78,136,8.08406,3583,586.151
7577,78,137,7.97091,3594.02,595.225
7578,78,138,7.71025,3619.47,605.464
7579,78,139,7.47907,3642.13,615.475
7580,78,140,7.09738,3679.66,627.697
7581,78,141,6.84715,3704.35,638.077
7582,78,142,6.8303,3706.02,646.947
7583,78,143,6.70635,3718.33,656.225
7584,79,88,26.077,2111.26,98.7117
7585,79,89,21.4127,2493.73,107.893
7586,79,90,21.1098,2518.67,116.399
7587,79,91,17.2769,2835.52,125.754
7588,79,92,11.2741,3333.76,137.105
7589,79,93,13.0329,3187.19,145.948
7590,79,94,14.6149,3054.83,154.77
7591,79,95,10.4257,3406.72,166.276
7592,79,96,7.29783,3670.51,176.805
7593,79,97,7.05158,3691.36,185.403
7594,79,98,7.90286,3619,194.166
7595,79,99,8.55377,3563.45,202.825
7596,79,100,8.98504,3526.51,211.361
7597,79,101,8.1253,3600.45,220.236
7598,79,102,7.92104,3618.08,228.636
7599,79,103,7.48308,3656.04,237.147
7600,79,104,6.76277,3718.7,246.047
7601,79,105,6.91838,3705.11,254.351
7602,79,106,7.3162,3670.24,262.849
7603,79,107,5.60744,3820.61,276.398
7604,79,108,5.24285,3852.81,285.011
7605,79,109,5.63669,3817.89,293.692
7606,79,110,6.07744,3778.67,302.512
7607,79,111,6.5247,3738.71,311.41
7608,79,112,6.38011,3751.68,319.754
7609,79,113,6.25616,3762.83,328.057
7610,79,114,6.26232,3762.28,336.27
7611,79,115,5.77181,3806.75,345.733
7612,79,116,5.44518,3836.47,354.556
7613,79,117,5.65496,3817.31,363.028
7614,79,118,5.90997,3793.94,371.676
7615,79,119,5.27923,3851.96,383.061
7616,79,120,5.2667,3853.12,391.261
7617,79,121,5.99168,3785.94,404.375
7618,79,122,7.01524,3690.75,422.015
7619,79,123,7.7859,3618.82,435.534
7620,79,124,8.11845,3587.67,445.063
7621,79,125,8.13287,3586.31,453.606
7622,79,126,7.96258,3602.38,462.441
7623,79,127,7.56382,3640.13,472.825
7624,79,128,6.95276,3698.18,485.925
7625,79,129,6.5347,3738.03,496.732
7626,79,130,6.483,3742.98,505.383
7627,79,131,6.09211,3780.51,516.229
7628,79,132,5.9631,3792.93,525.11
7629,79,133,6.49272,3741.74,538.362
7630,79,134,7.17099,3675.95,554.515
7631,79,135,7.62593,3631.66,566.644
7632,79,136,7.88141,3606.71,576.577
7633,79,137,7.7713,3617.5,585.625
7634,79,138,7.50861,3643.33,595.794
7635,79,139,7.27646,3666.24,605.739
7636,79,140,6.88899,3704.6,617.845
7637,79,141,6.63743,3729.59,628.147
7638,79,142,6.62661,3730.67,637.013
7639,79,143,6.50511,3742.82,646.249
7640,80,89,25.717,2123.57,98.7985
7641,80,90,24.5764,2218.24,107.398
7642,80,91,19.5269,2639.02,116.981
7643,80,92,12.2544,3247.49,128.437
7644,80,93,14.1244,3090.41,137.291
7645,80,94,15.7718,2951.48,146.104
7646,80,95,10.9144,3362.74,157.641
7647,80,96,7.36103,3664.78,168.16
7648,80,97,7.08039,3688.72,176.82
7649,80,98,8.01825,3608.38,185.625
7650,80,99,8.72271,3547.8,194.324
7651,80,100,9.17896,3508.41,202.9
7652,80,101,8.22343,3591.22,211.816
7653,80,102,7.99289,3611.28,220.264
7654,80,103,7.51243,3653.24,228.816
7655,80,104,6.73215,3721.64,237.736
7656,80,105,6.90209,3706.69,246.08
7657,80,106,7.33059,3668.84,254.608
7658,80,107,5.49874,3831.26,267.993
7659,80,108,5.1165,3865.28,276.622
7660,80,109,5.54503,3827,285.339
7661,80,110,6.02012,3784.4,294.188
7662,80,111,6.49892,3741.31,303.107
7663,80,112,6.34713,3755.02,311.479
7664,80,113,6.21783,3766.74,319.809
7665,80,114,6.22653,3765.95,328.052
7666,80,115,5.71076,3813.06,337.497
7667,80,116,5.36977,3844.31,346.317
7668,80,117,5.59456,3823.63,354.819
7669,80,118,5.86575,3798.59,363.491
7670,80,119,5.20568,3859.76,374.797
7671,80,120,5.19613,3860.65,383.02
7672,80,121,5.95899,3789.45,396.078
7673,80,122,7.03168,3688.97,413.536
7674,80,123,7.83662,3613.31,426.948
7675,80,124,8.1817,3580.76,436.464
7676,80,125,8.194,3579.59,445.029
7677,80,126,8.01385,3596.71,453.887
7678,80,127,7.59634,3636.51,464.27
7679,80,128,6.95902,3697.48,477.312
7680,80,129,6.52398,3739.24,488.095
7681,80,130,6.47068,3744.38,496.766
7682,80,131,6.06523,3783.57,507.58
7683,80,132,5.93236,3796.46,516.472
7684,80,133,6.48274,3742.89,529.672
7685,80,134,7.18603,3674.2,545.708
7686,80,135,7.65668,3628.08,557.786
7687,80,136,7.92005,3602.18,567.708
7688,80,137,7.80481,3613.55,576.775
7689,80,138,7.53207,3640.55,586.948
7690,80,139,7.29141,3664.46,596.897
7691,80,140,6.89074,3704.39,608.973
7692,80,141,6.63101,3730.36,619.268
7693,80,142,6.62005,3731.46,628.149
7694,80,143,6.49496,3744.05,637.393
7695,81,90,21.24,2508.5,98.5318
7696,81,91,15.8791,2958.82,107.903
7697,81,92,8.00245,3623.08,118.875
7698,81,93,10.8143,3385.01,127.911
7699,81,94,13.1699,3184.78,136.89
7700,81,95,8.01179,3624.94,148.011
7701,81,96,4.37706,3936.32,158.196
7702,81,97,4.41446,3933.1,166.827
7703,81,98,5.75273,3817.56,175.763
7704,81,99,6.76982,3729.42,184.565
7705,81,100,7.46699,3668.76,193.213
7706,81,101,6.58351,3745.92,201.988
7707,81,102,6.48108,3754.9,210.392
7708,81,103,6.09032,3789.29,218.846
7709,81,104,5.36352,3853.49,227.598
7710,81,105,5.65654,3827.51,235.966
7711,81,106,6.21381,3777.91,244.592
7712,81,107,4.329,3946.29,257.655
7713,81,108,4.00301,3975.52,266.167
7714,81,109,4.53788,3927.38,274.994
7715,81,110,5.11179,3875.53,283.974
7716,81,111,5.68008,3824.01,293.03
7717,81,112,5.56998,3834.03,301.342
7718,81,113,5.47995,3842.25,309.615
7719,81,114,5.53256,3837.43,317.84
7720,81,115,5.02697,3883.94,327.115
7721,81,116,4.70503,3913.67,335.799
7722,81,117,4.9779,3888.38,344.375
7723,81,118,5.29582,3858.82,353.15
7724,81,119,4.63113,3920.85,364.254
7725,81,120,4.64983,3919.1,372.447
7726,81,121,5.47655,3841.39,385.933
7727,81,122,6.6233,3733.21,403.85
7728,81,123,7.48467,3651.67,417.478
7729,81,124,7.86143,3615.88,427.078
7730,81,125,7.88851,3613.3,435.652
7731,81,126,7.71381,3630.01,444.471
7732,81,127,7.2913,3670.57,454.744
7733,81,128,6.64014,3733.3,467.612
7734,81,129,6.20036,3775.81,478.274
7735,81,130,6.15787,3779.93,486.927
7736,81,131,5.74879,3819.75,497.62
7737,81,132,5.62297,3832.04,506.464
7738,81,133,6.2058,3774.92,519.863
7739,81,134,6.9454,3702.19,536.089
7740,81,135,7.44191,3653.2,548.27
7741,81,136,7.72235,3625.44,558.251
7742,81,137,7.61001,3636.6,567.299
7743,81,138,7.33459,3664.05,577.407
7744,81,139,7.09245,3688.26,587.297
7745,81,140,6.68507,3729.14,599.26
7746,81,141,6.42356,3755.46,609.483
7747,81,142,6.41894,3755.93,618.365
7748,81,143,6.29627,3768.36,627.573
7749,82,91,18.7509,2706.1,99.08
7750,82,92,8.92,3541.72,110.138
7751,82,93,12.0476,3274.84,119.192
7752,82,94,14.5758,3058.25,128.166
7753,82,95,8.48,3582.49,139.314
7754,82,96,4.29821,3943.52,149.493
7755,82,97,4.35015,3939.02,158.195
7756,82,98,5.85343,3808.23,167.175
7757,82,99,6.97234,3710.51,176.016
7758,82,100,7.72158,3644.83,184.703
7759,82,101,6.72429,3732.59,193.53
7760,82,102,6.5987,3743.69,201.986
7761,82,103,6.16172,3782.43,210.489
7762,82,104,5.36551,3853.29,219.273
7763,82,105,5.68278,3824.95,227.682
7764,82,106,6.28254,3771.17,236.331
7765,82,107,4.24745,3954.33,249.254
7766,82,108,3.90336,3985.41,257.794
7767,82,109,4.48355,3932.81,266.651
7768,82,110,5.10079,3876.64,275.65
7769,82,111,5.7077,3821.21,284.716
7770,82,112,5.58871,3832.12,293.062
7771,82,113,5.49188,3841.03,301.367
7772,82,114,5.54696,3835.94,309.624
7773,82,115,5.01079,3885.63,318.899
7774,82,116,4.67137,3917.19,327.595
7775,82,117,4.96127,3890.13,336.193
7776,82,118,5.29727,3858.66,344.981
7777,82,119,4.59753,3924.44,356.03
7778,82,120,4.61891,3922.42,364.25
7779,82,121,5.48851,3840.1,377.638
7780,82,122,6.69061,3725.9,395.323
7781,82,123,7.5898,3640.18,408.815
7782,82,124,7.97919,3602.92,418.389
7783,82,125,8.00215,3600.72,426.982
7784,82,126,7.81464,3618.78,435.831
7785,82,127,7.36937,3661.83,446.122
7786,82,128,6.68718,3728,458.958
7787,82,129,6.22711,3772.78,469.613
7788,82,130,6.1818,3777.21,478.288
7789,82,131,5.75539,3818.99,488.966
7790,82,132,5.62439,3831.87,497.828
7791,82,133,6.22957,3772.16,511.149
7792,82,134,6.99619,3696.27,527.23
7793,82,135,7.50921,3645.31,539.342
7794,82,136,7.7974,3616.58,549.302
7795,82,137,7.67836,3628.49,558.373
7796,82,138,7.39088,3657.33,568.496
7797,82,139,7.13846,3682.74,578.401
7798,82,140,6.7157,3725.44,590.35
7799,82,141,6.44446,3752.93,600.577
7800,82,142,6.439,3753.48,609.475
7801,82,143,6.31172,3766.47,618.698
7802,83,92,16.2824,2886.47,100.128
7803,83,93,18.64,2683.72,108.965
7804,83,94,20.4909,2523.92,117.701
7805,83,95,12.5473,3212.37,129.545
7806,83,96,7.18703,3678.71,140.064
7807,83,97,6.86071,3707.21,148.804
7808,83,98,8.23809,3586.46,157.685
7809,83,99,9.20809,3501.1,166.435
7810,83,100,9.79216,3449.51,175.05
7811,83,101,8.47193,3566.57,184.018
7812,83,102,8.15902,3594.42,192.505
7813,83,103,7.53182,3650.45,201.083
7814,83,104,6.53868,3739.5,209.996
7815,83,105,6.78152,3717.64,218.368
7816,83,106,7.3397,3667.22,226.923
7817,83,107,5.05723,3874.16,240.161
7818,83,108,4.62438,3913.55,248.766
7819,83,109,5.19414,3861.51,257.55
7820,83,110,5.80471,3805.55,266.457
7821,83,111,6.40493,3750.33,275.417
7822,83,112,6.23152,3766.34,283.795
7823,83,113,6.08698,3779.73,292.128
7824,83,114,6.1083,3777.75,300.378
7825,83,115,5.50561,3834,309.779
7826,83,116,5.11713,3870.39,318.556
7827,83,117,5.39812,3843.97,327.095
7828,83,118,5.72852,3812.81,335.805
7829,83,119,4.96764,3884.84,347.022
7830,83,120,4.97066,3884.55,355.246
7831,83,121,5.86682,3799.11,368.408
7832,83,122,7.11011,3680.17,385.791
7833,83,123,8.0327,3591.61,399.068
7834,83,124,8.41954,3554.34,408.543
7835,83,125,8.42309,3554,417.128
7836,83,126,8.20792,3574.87,426.03
7837,83,127,7.72539,3621.83,436.453
7838,83,128,6.99805,3692.87,449.466
7839,83,129,6.50518,3741.17,460.224
7840,83,130,6.44639,3746.95,468.917
7841,83,131,5.99179,3791.81,479.685
7842,83,132,5.84608,3806.23,488.583
7843,83,133,6.46631,3744.62,501.746
7844,83,134,7.2533,3666.19,517.619
7845,83,135,7.77598,3613.92,529.603
7846,83,136,8.06497,3584.92,539.492
7847,83,137,7.93187,3598.32,548.596
7848,83,138,7.62506,3629.31,558.795
7849,83,139,7.35557,3656.62,568.766
7850,83,140,6.91074,3701.84,580.806
7851,83,141,6.6237,3731.12,591.092
7852,83,142,6.61208,3732.31,600
7853,83,143,6.47496,3746.39,609.257
7854,84,93,16.0909,2913.13,100.106
7855,84,94,18.7418,2682.51,108.978
7856,84,95,9.76573,3466.42,120.438
7857,84,96,4.00879,3971.11,130.677
7858,84,97,4.08989,3963.97,139.446
7859,84,98,6.02036,3793.45,148.462
7860,84,99,7.38882,3672.11,157.322
7861,84,100,8.25564,3594.96,166.022
7862,84,101,6.95944,3710.76,174.905
7863,84,102,6.77281,3727.49,183.391
7864,84,103,6.2215,3777.11,191.922
7865,84,104,5.25857,3864.09,200.722
7866,84,105,5.63986,3829.52,209.145
7867,84,106,6.34585,3765.28,217.798
7868,84,107,3.956,3983.55,230.678
7869,84,108,3.57662,4018.33,239.216
7870,84,109,4.2708,3954.46,248.11
7871,84,110,4.99499,3887.6,257.136
7872,84,111,5.69592,3822.64,266.212
7873,84,112,5.55946,3835.34,274.568
7874,84,113,5.45008,3845.54,282.879
7875,84,114,5.51387,3839.57,291.141
7876,84,115,4.91067,3896.27,300.408
7877,84,116,4.53469,3931.74,309.091
7878,84,117,4.86648,3900.33,317.706
7879,84,118,5.24613,3864.26,326.508
7880,84,119,4.46978,3938.27,337.53
7881,84,120,4.49988,3935.39,345.753
7882,84,121,5.46798,3842.46,359.174
7883,84,122,6.79549,3714.57,376.756
7884,84,123,7.77993,3619.41,390.123
7885,84,124,8.19798,3578.86,399.652
7886,84,125,8.21224,3577.47,408.256
7887,84,126,7.99687,3598.5,417.14
7888,84,127,7.502,3647,427.48
7889,84,128,6.75227,3720.73,440.33
7890,84,129,6.24865,3770.42,450.989
7891,84,130,6.19828,3775.4,459.681
7892,84,131,5.73507,3821.42,470.348
7893,84,132,5.5939,3835.49,479.22
7894,84,133,6.24902,3769.97,492.489
7895,84,134,7.07539,3687.06,508.432
7896,84,135,7.62502,3631.73,520.461
7897,84,136,7.93061,3600.87,530.388
7898,84,137,7.79756,3614.35,539.487
7899,84,138,7.48448,3646.18,549.641
7900,84,139,7.21038,3674.14,559.571
7901,84,140,6.75504,3720.73,571.515
7902,84,141,6.46347,3750.67,581.748
7903,84,142,6.45689,3751.35,590.664
7904,84,143,6.32036,3765.45,599.901
7905,85,94,5.42727,3894.13,94.9978
7906,85,95,-2.76,4614.61,105.743
7907,85,96,-7.38881,5023.49,115.15
7908,85,97,-5.54176,4859.72,123.702
7909,85,98,-1.95956,4540.9,133.246
7910,85,99,0.655357,4307.3,142.414
7911,85,100,2.47221,4144.39,151.236
7912,85,101,1.70392,4213.54,159.573
7913,85,102,2.0805,4179.52,167.758
7914,85,103,1.96509,4189.98,175.843
7915,85,104,1.3315,4247.64,184.083
7916,85,105,2.12312,4175.34,192.492
7917,85,106,3.21299,4075.43,201.44
7918,85,107,0.887747,4289.35,214.392
7919,85,108,0.732435,4303.7,222.53
7920,85,109,1.70969,4213.14,231.784
7921,85,110,2.6866,4122.28,241.233
7922,85,111,3.61044,4036.06,250.732
7923,85,112,3.61319,4035.8,258.828
7924,85,113,3.63049,4034.17,266.888
7925,85,114,3.81984,4016.31,275.008
7926,85,115,3.28702,4066.75,283.905
7927,85,116,2.98902,4095.06,292.216
7928,85,117,3.43459,4052.58,301.017
7929,85,118,3.92081,4006.07,310.101
7930,85,119,3.17583,4077.59,320.954
7931,85,120,3.27949,4067.6,329.026
7932,85,121,4.36588,3962.58,344.1
7933,85,122,5.82126,3821.41,363.616
7934,85,123,6.90615,3715.82,377.81
7935,85,124,7.38879,3668.68,387.537
7936,85,125,7.44322,3663.34,396.095
7937,85,126,7.25422,3681.93,404.84
7938,85,127,6.77087,3729.62,414.989
7939,85,128,6.02029,3803.93,427.684
7940,85,129,5.52682,3852.95,438.159
7941,85,130,5.50564,3855.06,446.763
7942,85,131,5.0522,3900.4,457.25
7943,85,132,4.9336,3912.3,465.989
7944,85,133,5.64241,3840.95,479.891
7945,85,134,6.5261,3751.69,496.563
7946,85,135,7.11882,3691.63,508.919
7947,85,136,7.45563,3657.39,518.98
7948,85,137,7.33549,3669.64,528.004
7949,85,138,7.02793,3701.12,538.031
7950,85,139,6.76046,3728.58,547.84
7951,85,140,6.30493,3775.5,559.642
7952,85,141,6.01892,3805.05,569.747
7953,85,142,6.02744,3804.17,578.628
7954,85,143,5.90085,3817.33,587.773
7955,86,95,-12.4339,5504.61,93.8999
7956,86,96,-16.1455,5834.94,102.615
7957,86,97,-12.5311,5512.06,111.536
7958,86,98,-7.32253,5045.02,122.012
7959,86,99,-3.56791,4707.1,131.736
7960,86,100,-0.945714,4470.23,140.904
7961,86,101,-1.38279,4509.86,149.071
7962,86,102,-0.598775,4438.51,157.301
7963,86,103,-0.429309,4423.04,165.316
7964,86,104,-0.877544,4464.12,173.357
7965,86,105,0.214135,4363.69,181.978
7966,86,106,1.58961,4236.69,191.263
7967,86,107,-0.799435,4458.07,203.84
7968,86,108,-0.821542,4460.13,211.891
7969,86,109,0.366652,4349.23,221.47
7970,86,110,1.52915,4240.34,231.229
7971,86,111,2.61309,4138.45,241.001
7972,86,112,2.68993,4131.2,249.086
7973,86,113,2.77441,4123.21,257.136
7974,86,114,3.03586,4098.37,265.302
7975,86,115,2.51978,4147.57,274.035
7976,86,116,2.25206,4173.18,282.231
7977,86,117,2.77154,4123.31,291.199
7978,86,118,3.32741,4069.76,300.467
7979,86,119,2.57351,4142.64,311.102
7980,86,120,2.71751,4128.67,319.198
7981,86,121,3.89548,4014.01,334.73
7982,86,122,5.45495,3861.71,354.561
7983,86,123,6.61623,3747.9,368.87
7984,86,124,7.13848,3696.55,378.661
7985,86,125,7.20815,3689.67,387.245
7986,86,126,7.02139,3708.16,395.979
7987,86,127,6.52612,3757.36,406.046
7988,86,128,5.75201,3834.51,418.578
7989,86,129,5.24831,3884.88,428.954
7990,86,130,5.23856,3885.86,437.565
7991,86,131,4.77702,3932.32,447.952
7992,86,132,4.66508,3943.63,456.672
7993,86,133,5.41461,3867.68,470.692
7994,86,134,6.34367,3773.22,487.428
7995,86,135,6.9674,3709.6,499.825
7996,86,136,7.32336,3673.17,509.922
7997,86,137,7.20368,3685.46,518.947
7998,86,138,6.88949,3717.82,528.935
7999,86,139,6.61724,3745.95,538.709
8000,86,140,6.15035,3794.36,550.42
8001,86,141,5.85965,3824.59,560.477
8002,86,142,5.87406,3823.09,569.372
8003,86,143,5.74839,3836.24,578.502
8004,87,96,-17.9206,6000.03,94.3537
8005,87,97,-13.3264,5586.54,103.4
8006,87,98,-7.11713,5025.64,113.818
8007,87,99,-2.81648,4635.72,123.462
8008,87,100,0.072967,4372.78,132.558
8009,87,101,-0.558214,4430.43,140.811
8010,87,102,0.220735,4359.02,149.056
8011,87,103,0.313725,4350.47,157.119
8012,87,104,-0.266873,4404.08,165.237
8013,87,105,0.875439,4298.22,173.799
8014,87,106,2.32233,4163.66,182.951
8015,87,107,-0.364026,4414.39,195.605
8016,87,108,-0.427724,4420.35,203.702
8017,87,109,0.829545,4302.17,213.178
8018,87,110,2.05035,4187.01,222.81
8019,87,111,3.17931,4080.13,232.443
8020,87,112,3.2185,4076.41,240.544
8021,87,113,3.27009,4071.49,248.607
8022,87,114,3.51481,4048.08,256.75
8023,87,115,2.9301,4104.21,265.577
8024,87,116,2.61717,4134.36,273.834
8025,87,117,3.14661,4083.18,282.716
8026,87,118,3.71378,4028.16,291.877
8027,87,119,2.89078,4108.27,302.636
8028,87,120,3.02458,4095.2,310.723
8029,87,121,4.25232,3974.88,325.946
8030,87,122,5.87861,3814.96,345.378
8031,87,123,7.07975,3696.45,359.433
8032,87,124,7.6051,3644.44,369.116
8033,87,125,7.65441,3639.54,377.688
8034,87,126,7.436,3661.31,386.47
8035,87,127,6.89634,3715.28,396.655
8036,87,128,6.06774,3798.41,409.333
8037,87,129,5.52593,3852.96,419.798
8038,87,130,5.50312,3855.26,428.424
8039,87,131,5.0093,3905.3,438.886
8040,87,132,4.8824,3918.2,447.638
8041,87,133,5.65458,3839.44,461.476
8042,87,134,6.61235,3741.43,477.975
8043,87,135,7.25057,3675.9,490.232
8044,87,136,7.60944,3638.94,500.254
8045,87,137,7.47385,3652.95,509.311
8046,87,138,7.13718,3687.85,519.37
8047,87,139,6.84532,3718.21,529.205
8048,87,140,6.35269,3769.6,540.997
8049,87,141,6.04405,3801.91,551.109
8050,87,142,6.0524,3801.03,560.011
8051,87,143,5.91606,3815.39,569.174
8052,88,97,-10.9897,5366.9,94.9867
8053,88,98,-4.07636,4737.78,105.056
8054,88,99,0.434266,4325.81,114.412
8055,88,100,3.26813,4066.04,123.272
8056,88,101,2.09033,4174.4,131.623
8057,88,102,2.62,4125.49,139.795
8058,88,103,2.42471,4143.59,147.858
8059,88,104,1.52745,4227.04,156.081
8060,88,105,2.59732,4127.18,164.459
8061,88,106,4.01526,3994.37,173.346
8062,88,107,0.890977,4288.05,186.558
8063,88,108,0.701688,4305.91,194.681
8064,88,109,1.97058,4185.78,203.95
8065,88,110,3.19832,4069.15,213.358
8066,88,111,4.3257,3961.67,222.762
8067,88,112,4.27631,3966.4,230.843
8068,88,113,4.2505,3968.88,238.879
8069,88,114,4.44072,3950.55,246.94
8070,88,115,3.74811,4017.5,255.949
8071,88,116,3.35719,4055.42,264.295
8072,88,117,3.87259,4005.26,273.017
8073,88,118,4.42952,3950.86,281.998
8074,88,119,3.51034,4040.94,293.085
8075,88,120,3.61471,4030.68,301.119
8076,88,121,4.87995,3905.84,316.06
8077,88,122,6.56331,3739.19,335.203
8078,88,123,7.79314,3617.03,349.01
8079,88,124,8.30832,3565.68,358.542
8080,88,125,8.32322,3564.19,367.078
8081,88,126,8.05931,3590.67,375.92
8082,88,127,7.4615,3650.85,386.309
8083,88,128,6.56491,3741.4,399.293
8084,88,129,5.97362,3801.32,409.919
8085,88,130,5.92893,3805.86,418.549
8086,88,131,5.39331,3860.5,429.153
8087,88,132,5.2437,3875.81,437.94
8088,88,133,6.03375,3794.7,451.582
8089,88,134,7.01614,3693.51,467.854
8090,88,135,7.66413,3626.55,479.952
8091,88,136,8.02077,3589.58,489.874
8092,88,137,7.86329,3605.96,498.967
8093,88,138,7.49815,3644.05,509.133
8094,88,139,7.18118,3677.23,519.057
8095,88,140,6.65729,3732.24,530.998
8096,88,141,6.32594,3767.14,541.196
8097,88,142,6.32434,3767.31,550.098
8098,88,143,6.17341,3783.31,559.3
8099,89,98,1.61273,4197.32,95.5739
8100,89,99,5.90909,3802.05,104.539
8101,89,100,8.3028,3581.04,113.075
8102,89,101,6.16923,3778.75,121.6
8103,89,102,6.19187,3776.64,129.67
8104,89,103,5.49429,3841.75,137.746
8105,89,104,4.10118,3972.24,146.141
8106,89,105,4.99412,3888.3,154.281
8107,89,106,6.3033,3764.8,162.842
8108,89,107,2.6093,4114.5,177.009
8109,89,108,2.22925,4150.6,185.166
8110,89,109,3.47351,4031.98,194.194
8111,89,110,4.67623,3916.92,203.344
8112,89,111,5.77312,3811.62,212.487
8113,89,112,5.599,3828.4,220.551
8114,89,113,5.46531,3841.32,228.561
8115,89,114,5.57672,3830.51,236.526
8116,89,115,4.74866,3911.11,245.792
8117,89,116,4.25835,3959,254.261
8118,89,117,4.74714,3911.1,262.802
8119,89,118,5.28289,3858.41,271.58
8120,89,119,4.24935,3960.39,283.117
8121,89,120,4.31406,3953.98,291.092
8122,89,121,5.6136,3824.9,305.77
8123,89,122,7.35282,3651.55,324.675
8124,89,123,8.60782,3526.05,338.24
8125,89,124,9.10636,3476.03,347.609
8126,89,125,9.07892,3478.8,356.109
8127,89,126,8.76135,3510.87,365.032
8128,89,127,8.09688,3578.2,375.674
8129,89,128,7.1237,3677.14,389.034
8130,89,129,6.47631,3743.18,399.852
8131,89,130,6.40555,3750.42,408.489
8132,89,131,5.82285,3810.24,419.26
8133,89,132,5.64691,3828.36,428.088
8134,89,133,6.45415,3744.95,441.532
8135,89,134,7.46098,3640.57,457.581
8136,89,135,8.11761,3572.29,469.518
8137,89,136,8.47021,3535.5,479.335
8138,89,137,8.28797,3554.57,488.471
8139,89,138,7.89124,3596.23,498.76
8140,89,139,7.54642,3632.55,508.786
8141,89,140,6.98833,3691.52,520.895
8142,89,141,6.63199,3729.29,531.188
8143,89,142,6.61899,3730.68,540.091
8144,89,143,6.45186,3748.5,549.337
8145,90,99,6.01152,3792.22,96.2336
8146,90,100,8.82182,3530.86,104.835
8147,90,101,6.24615,3771.26,113.441
8148,90,102,6.26044,3769.92,121.6
8149,90,103,5.45341,3845.78,129.751
8150,90,104,3.88,3994.21,138.182
8151,90,105,4.91221,3896.49,146.386
8152,90,106,6.38505,3756.57,154.972
8153,90,107,2.27152,4148.73,168.825
8154,90,108,1.88702,4185.51,177.022
8155,90,109,3.28992,4050.83,186.094
8156,90,110,4.62468,3922.25,195.264
8157,90,111,5.82597,3806.13,204.408
8158,90,112,5.63211,3824.93,212.518
8159,90,113,5.48452,3839.3,220.574
8160,90,114,5.60331,3827.69,228.58
8161,90,115,4.7095,3915.29,237.836
8162,90,116,4.18578,3966.79,246.316
8163,90,117,4.71467,3914.6,254.882
8164,90,118,5.28961,3857.68,263.67
8165,90,119,4.18672,3967.24,275.111
8166,90,120,4.25964,3959.97,283.121
8167,90,121,5.6438,3821.55,297.636
8168,90,122,7.4866,3636.66,316.205
8169,90,123,8.80755,3503.68,329.588
8170,90,124,9.32317,3451.61,338.924
8171,90,125,9.28216,3455.76,347.452
8172,90,126,8.93644,3490.91,356.417
8173,90,127,8.22778,3563.19,367.084
8174,90,128,7.19798,3668.58,380.403
8175,90,129,6.5145,3738.75,391.212
8176,90,130,6.43843,3746.58,399.875
8177,90,131,5.82642,3809.82,410.626
8178,90,132,5.64213,3828.93,419.473
8179,90,133,6.48628,3741.14,432.827
8180,90,134,7.53643,3631.57,448.708
8181,90,135,8.21833,3560.2,460.569
8182,90,136,8.58165,3522.05,470.365
8183,90,137,8.38717,3542.54,479.529
8184,90,138,7.97019,3586.6,489.835
8185,90,139,7.60842,3624.94,499.877
8186,90,140,7.02602,3686.87,511.967
8187,90,141,6.65452,3726.5,522.262
8188,90,142,6.64018,3728.03,531.185
8189,90,143,6.46608,3746.72,540.446
8190,91,100,14.7,2960.68,95.2659
8191,91,101,10.5873,3347.28,104.162
8192,91,102,9.88042,3413.96,112.356
8193,91,103,8.39231,3554.83,120.63
8194,91,104,6.17429,3765.54,129.278
8195,91,105,7.03821,3683.18,137.376
8196,91,106,8.42941,3550.09,145.757
8197,91,107,3.59142,4014.54,160.122
8198,91,108,3.01754,4069.82,168.395
8199,91,109,4.44912,3931.44,177.325
8200,91,110,5.80143,3800.26,186.331
8201,91,111,7.00506,3683.11,195.302
8202,91,112,6.68639,3714.23,203.458
8203,91,113,6.43429,3738.94,211.552
8204,91,114,6.48383,3734.07,219.543
8205,91,115,5.44808,3836.26,228.987
8206,91,116,4.82725,3897.72,237.578
8207,91,117,5.3478,3846.01,246.047
8208,91,118,5.91858,3789.13,254.713
8209,91,119,4.69626,3911.36,266.388
8210,91,120,4.74007,3906.96,274.397
8211,91,121,6.18254,3761.75,288.59
8212,91,122,8.10684,3567.4,306.76
8213,91,123,9.47025,3429.24,319.878
8214,91,124,9.97722,3377.7,329.102
8215,91,125,9.8965,3385.93,337.638
8216,91,126,9.49744,3426.77,346.69
8217,91,127,8.72015,3506.57,357.535
8218,91,128,7.61023,3620.89,371.059
8219,91,129,6.87057,3697.32,381.981
8220,91,130,6.77289,3707.45,390.67
8221,91,131,6.1147,3775.9,401.512
8222,91,132,5.90792,3797.48,410.401
8223,91,133,6.77896,3706.31,423.573
8224,91,134,7.86354,3592.43,439.215
8225,91,135,8.56121,3518.94,450.938
8226,91,136,8.92542,3480.45,460.664
8227,91,137,8.70804,3503.5,469.874
8228,91,138,8.26032,3551.1,480.265
8229,91,139,7.87194,3592.53,490.378
8230,91,140,7.2557,3658.47,502.556
8231,91,141,6.86062,3700.87,512.909
8232,91,142,6.8378,3703.33,521.846
8233,91,143,6.64968,3723.65,531.145
8234,92,101,11.4327,3264.42,95.8651
8235,92,102,10.4436,3358.39,104.172
8236,92,103,8.61364,3532.85,112.542
8237,92,104,6.02033,3780.94,121.233
8238,92,105,7.02967,3684.04,129.406
8239,92,106,8.6075,3532.04,137.825
8240,92,107,3.1425,4060.33,151.841
8241,92,108,2.55392,4117.42,160.155
8242,92,109,4.19608,3957.58,169.144
8243,92,110,5.71737,3809,178.182
8244,92,111,7.04977,3678.43,187.169
8245,92,112,6.69649,3713.17,195.375
8246,92,113,6.42055,3740.39,203.515
8247,92,114,6.47559,3734.94,211.554
8248,92,115,5.35422,3846.33,220.972
8249,92,116,4.69123,3912.41,229.565
8250,92,117,5.26229,3855.31,238.071
8251,92,118,5.88168,3793.16,246.761
8252,92,119,4.57469,3924.73,258.313
8253,92,120,4.6299,3919.15,266.36
8254,92,121,6.17588,3762.49,280.42
8255,92,122,8.22476,3554.19,298.28
8256,92,123,9.66602,3407.18,311.232
8257,92,124,10.1918,3353.37,320.435
8258,92,125,10.0938,3363.45,329.004
8259,92,126,9.66062,3408.06,338.097
8260,92,127,8.83108,3493.78,348.953
8261,92,128,7.65517,3615.68,362.412
8262,92,129,6.87421,3696.9,373.31
8263,92,130,6.77134,3707.63,382.024
8264,92,131,6.08032,3779.96,392.833
8265,92,132,5.86512,3802.56,401.737
8266,92,133,6.77969,3706.22,414.839
8267,92,134,7.91468,3586.29,430.334
8268,92,135,8.64173,3509.22,441.994
8269,92,136,9.01855,3469.15,451.707
8270,92,137,8.78767,3493.78,460.943
8271,92,138,8.31751,3544.09,471.344
8272,92,139,7.91056,3587.77,481.466
8273,92,140,7.26759,3656.99,493.609
8274,92,141,6.85624,3701.42,503.957
8275,92,142,6.8327,3703.97,512.914
8276,92,143,6.63753,3725.18,522.224
8277,93,102,3.4903,4046.77,94.0009
8278,93,103,2.59182,4133.02,102.121
8279,93,104,0.56993,4327.8,110.4
8280,93,105,2.57308,4134.16,118.742
8281,93,106,5.01297,3897.49,127.496
8282,93,107,-0.701429,4453.69,140.981
8283,93,108,-0.883088,4471.43,149.122
8284,93,109,1.35662,4251.94,158.511
8285,93,110,3.36244,4054.7,167.908
8286,93,111,5.08298,3884.94,177.194
8287,93,112,4.89105,3903.94,185.306
8288,93,113,4.76078,3916.88,193.356
8289,93,114,4.97171,3895.86,201.38
8290,93,115,3.8836,4004.67,210.516
8291,93,116,3.28791,4064.44,218.891
8292,93,117,4.01692,3991.05,227.582
8293,93,118,4.77976,3914,236.486
8294,93,119,3.45757,4047.99,247.742
8295,93,120,3.59652,4033.86,255.769
8296,93,121,5.32039,3858.02,270.544
8297,93,122,7.56289,3628.54,288.945
8298,93,123,9.13984,3466.64,302.096
8299,93,124,9.73141,3405.71,311.38
8300,93,125,9.65528,3413.58,319.954
8301,93,126,9.22246,3458.45,328.991
8302,93,127,8.37056,3547.04,339.698
8303,93,128,7.1549,3673.88,352.922
8304,93,129,6.35877,3757.21,363.669
8305,93,130,6.27761,3765.73,372.367
8306,93,131,5.57648,3839.58,383.026
8307,93,132,5.37571,3860.79,391.88
8308,93,133,6.35876,3756.59,405.197
8309,93,134,7.56785,3628.03,420.868
8310,93,135,8.34485,3545.15,432.62
8311,93,136,8.75229,3501.55,442.39
8312,93,137,8.52298,3526.16,451.604
8313,93,138,8.04389,3577.74,461.929
8314,93,139,7.63127,3622.31,471.983
8315,93,140,6.97314,3693.6,483.994
8316,93,141,6.55702,3738.82,494.261
8317,93,142,6.5445,3740.19,503.221
8318,93,143,6.35299,3761.13,512.493
8319,94,103,7.82788,3609.41,92.7779
8320,94,104,4.48636,3933.54,101.322
8321,94,105,6.17063,3769.61,109.453
8322,94,106,8.43242,3548.7,117.877
8323,94,107,1.41319,4236.59,132.156
8324,94,108,0.925357,4284.56,140.358
8325,94,109,3.21897,4058.26,149.517
8326,94,110,5.24167,3858.01,158.668
8327,94,111,6.94458,3688.85,167.707
8328,94,112,6.53649,3729.53,175.854
8329,94,113,6.22865,3760.31,183.928
8330,94,114,6.31987,3751.16,191.904
8331,94,115,5.01028,3882.99,201.295
8332,94,116,4.26482,3958.28,209.802
8333,94,117,4.97317,3886.5,218.34
8334,94,118,5.72054,3810.52,227.066
8335,94,119,4.22427,3963.14,238.674
8336,94,120,4.31673,3953.68,246.676
8337,94,121,6.11229,3769.33,261.092
8338,94,122,8.45483,3528.05,279.096
8339,94,123,10.0774,3360.38,291.961
8340,94,124,10.6467,3301.37,301.108
8341,94,125,10.5086,3315.73,309.687
8342,94,126,9.99783,3369.02,318.836
8343,94,127,9.05021,3468.21,329.781
8344,94,128,7.72625,3607.22,343.292
8345,94,129,6.85414,3699.08,354.189
8346,94,130,6.74182,3710.95,362.911
8347,94,131,5.97935,3791.77,373.692
8348,94,132,5.74763,3816.41,382.59
8349,94,133,6.76124,3708.29,395.706
8350,94,134,8.00967,3574.71,411.123
8351,94,135,8.80263,3489.6,422.722
8352,94,136,9.20773,3445.99,432.41
8353,94,137,8.94729,3474.11,441.676
8354,94,138,8.42805,3530.36,452.107
8355,94,139,7.98079,3578.97,462.249
8356,94,140,7.27979,3655.38,474.377
8357,94,141,6.83355,3704.16,484.717
8358,94,142,6.80923,3706.83,493.689
8359,94,143,6.59947,3729.91,503.004
8360,95,104,13.0691,3066.69,89.1315
8361,95,105,13.4991,3024.55,96.7406
8362,95,106,14.9164,2885.17,104.472
8363,95,107,5.81978,3782.71,121.852
8364,95,108,4.63275,3900.23,130.115
8365,95,109,6.73786,3691.12,138.888
8366,95,110,8.57353,3508.16,147.643
8367,95,111,10.0848,3357.04,156.29
8368,95,112,9.28246,3437.54,164.484
8369,95,113,8.65316,3500.89,172.58
8370,95,114,8.51105,3515.24,180.443
8371,95,115,6.86805,3681.73,190.377
8372,95,116,5.88594,3781.58,199.125
8373,95,117,6.51492,3717.42,207.412
8374,95,118,7.19609,3647.72,215.863
8375,95,119,5.46208,3825.74,228.253
8376,95,120,5.46643,3825.29,236.184
8377,95,121,7.30983,3634.81,250.316
8378,95,122,9.73415,3383.49,268.099
8379,95,123,11.3804,3212.27,280.688
8380,95,124,11.9008,3157.98,289.645
8381,95,125,11.6729,3181.84,298.226
8382,95,126,11.0574,3246.46,307.544
8383,95,127,9.98814,3359.09,318.886
8384,95,128,8.53112,3513.05,332.907
8385,95,129,7.56319,3615.65,344.049
8386,95,130,7.40524,3632.45,352.792
8387,95,131,6.56569,3722,363.771
8388,95,132,6.29092,3751.4,372.725
8389,95,133,7.32864,3640.02,385.624
8390,95,134,8.61113,3501.94,400.796
8391,95,135,9.41343,3415.29,412.222
8392,95,136,9.80874,3372.46,421.805
8393,95,137,9.50823,3405.12,431.138
8394,95,138,8.93989,3467.07,441.72
8395,95,139,8.45,3520.63,451.984
8396,95,140,7.69812,3603.08,464.298
8397,95,141,7.21509,3656.22,474.744
8398,95,142,7.17387,3660.77,483.724
8399,95,143,6.94065,3686.57,493.09
8400,96,105,8.34182,3550.59,87.0742
8401,96,106,10.9545,3291.93,95.0942
8402,96,107,1.0021,4280.54,111.721
8403,96,108,0.373626,4343.17,119.775
8404,96,109,3.38791,4041.75,128.964
8405,96,110,5.915,3788.2,138.064
8406,96,111,7.9475,3583.59,146.982
8407,96,112,7.30221,3648.76,155.043
8408,96,113,6.82301,3697.32,163.011
8409,96,114,6.8586,3693.71,170.828
8410,96,115,5.21654,3861.19,180.421
8411,96,116,4.29818,3955.17,188.908
8412,96,117,5.12868,3869.91,197.379
8413,96,118,5.98962,3781.23,206.041
8414,96,119,4.21165,3964.96,218.084
8415,96,120,4.31638,3954.1,225.983
8416,96,121,6.39005,3738.44,240.823
8417,96,122,9.06209,3459.65,259.056
8418,96,123,10.874,3270.01,271.794
8419,96,124,11.4651,3207.94,280.821
8420,96,125,11.2511,3230.49,289.401
8421,96,126,10.6231,3296.84,298.653
8422,96,127,9.51415,3414.39,309.824
8423,96,128,7.99756,3575.66,323.578
8424,96,129,7.00408,3681.63,334.554
8425,96,130,6.86905,3696.07,343.278
8426,96,131,6.01265,3787.99,354.097
8427,96,132,5.75292,3815.96,362.997
8428,96,133,6.87357,3694.93,376.099
8429,96,134,8.24516,3546.34,391.423
8430,96,135,9.10588,3452.81,402.931
8431,96,136,9.53547,3405.98,412.567
8432,96,137,9.23367,3438.98,421.875
8433,96,138,8.65166,3502.81,432.375
8434,96,139,8.15261,3557.7,442.566
8435,96,140,7.38053,3642.89,454.739
8436,96,141,6.89031,3697.14,465.101
8437,96,142,6.86115,3700.38,474.083
8438,96,143,6.63125,3725.97,483.41
8439,97,106,3.33697,4076.54,81.2258
8440,97,107,-7.04,5114.23,98.8384
8441,97,108,-6.43287,5053.32,106.555
8442,97,109,-1.90769,4597.78,116.935
8443,97,110,1.73692,4229.68,126.857
8444,97,111,4.5975,3939.81,136.345
8445,97,112,4.29029,3971.04,144.196
8446,97,113,4.10907,3989.52,151.964
8447,97,114,4.45015,3954.62,159.713
8448,97,115,2.88877,4114.92,168.888
8449,97,116,2.11135,4195,177.015
8450,97,117,3.22922,4079.48,185.841
8451,97,118,4.34111,3964.22,194.889
8452,97,119,2.55188,4150.3,206.613
8453,97,120,2.80365,4124.03,214.479
8454,97,121,5.16423,3876.95,230.561
8455,97,122,8.1361,3564.91,249.613
8456,97,123,10.1508,3352.69,262.61
8457,97,124,10.8358,3280.31,271.728
8458,97,125,10.6504,3299.96,280.297
8459,97,126,10.0206,3366.93,289.462
8460,97,127,8.87899,3488.7,300.442
8461,97,128,7.30731,3656.87,313.919
8462,97,129,6.29545,3765.48,324.712
8463,97,130,6.19416,3776.39,333.409
8464,97,131,5.32739,3870,344.053
8465,97,132,5.0913,3895.57,352.888
8466,97,133,6.3083,3763.33,366.272
8467,97,134,7.78183,3602.71,381.83
8468,97,135,8.71045,3501.18,393.453
8469,97,136,9.18129,3449.55,403.154
8470,97,137,8.88204,3482.46,412.43
8471,97,138,8.28906,3547.89,422.837
8472,97,139,7.78366,3603.82,432.945
8473,97,140,6.99326,3691.56,444.968
8474,97,141,6.49846,3746.64,455.236
8475,97,142,6.48507,3748.14,464.217
8476,97,143,6.26139,3773.19,473.498
8477,98,107,-11.6103,5589.55,89.7578
8478,98,108,-10.0618,5433.15,97.5883
8479,98,109,-4.17762,4836.88,108.536
8480,98,110,0.376923,4373.84,118.721
8481,98,111,3.84044,4020.56,128.339
8482,98,112,3.59321,4045.86,136.244
8483,98,113,3.47647,4057.84,144.066
8484,98,114,3.93211,4010.91,151.892
8485,98,115,2.2548,4184.24,160.941
8486,98,116,1.46228,4266.39,169.025
8487,98,117,2.75684,4131.76,177.96
8488,98,118,4.01961,4000.01,187.086
8489,98,119,2.09695,4201.25,198.559
8490,98,120,2.41018,4168.36,206.486
8491,98,121,5.00026,3895.54,222.462
8492,98,122,8.223,3555,241.158
8493,98,123,10.386,3325.73,253.978
8494,98,124,11.1043,3249.34,263.085
8495,98,125,10.8865,3272.58,271.698
8496,98,126,10.197,3346.35,280.905
8497,98,127,8.9675,3478.32,291.876
8498,98,128,7.28871,3659.07,305.246
8499,98,129,6.21477,3775.05,315.995
8500,98,130,6.11223,3786.16,324.721
8501,98,131,5.1993,3885.37,335.312
8502,98,132,4.95703,3911.78,344.162
8503,98,133,6.2491,3770.51,357.489
8504,98,134,7.80548,3599.83,372.905
8505,98,135,8.78173,3492.44,384.472
8506,98,136,9.27306,3438.23,394.168
8507,98,137,8.95426,3473.51,403.47
8508,98,138,8.32883,3542.93,413.881
8509,98,139,7.79747,3602.09,423.992
8510,98,140,6.96966,3694.53,435.967
8511,98,141,6.45345,3752.35,446.222
8512,98,142,6.44146,3753.69,455.226
8513,98,143,6.20995,3779.77,464.517
8514,99,108,-10.4012,5468.79,89.9076
8515,99,109,-3.38545,4753.18,100.639
8516,99,110,1.79615,4222.93,110.583
8517,99,111,5.57418,3835.05,119.971
8518,99,112,5.04396,3889.66,127.956
8519,99,113,4.71821,3923.32,135.843
8520,99,114,5.07559,3886.27,143.671
8521,99,115,3.06642,4095.23,152.886
8522,99,116,2.09567,4196.51,161.073
8523,99,117,3.45982,4053.73,169.885
8524,99,118,4.77857,3915.26,178.856
8525,99,119,2.60052,4144.68,190.47
8526,99,120,2.89644,4113.41,198.402
8527,99,121,5.66947,3819.47,213.902
8528,99,122,9.105,3454.16,232.036
8529,99,123,11.3705,3212.51,244.548
8530,99,124,12.0683,3137.84,253.56
8531,99,125,11.7629,3170.62,262.217
8532,99,126,10.9616,3256.89,271.543
8533,99,127,9.59458,3404.53,282.687
8534,99,128,7.76207,3603.06,296.194
8535,99,129,6.58831,3730.6,307.021
8536,99,130,6.45601,3745.02,315.781
8537,99,131,5.46691,3853.17,326.427
8538,99,132,5.19465,3883.02,335.318
8539,99,133,6.54697,3734.27,348.461
8540,99,134,8.17327,3554.83,363.621
8541,99,135,9.18241,3443.16,375.058
8542,99,136,9.67851,3388.09,384.701
8543,99,137,9.32257,3427.72,394.055
8544,99,138,8.64746,3503.1,404.538
8545,99,139,8.07463,3567.26,414.709
8546,99,140,7.19421,3666.16,426.734
8547,99,141,6.64354,3728.2,437.031
8548,99,142,6.62237,3730.6,446.056
8549,99,143,6.37253,3758.91,455.381
8550,100,109,-1.15333,4516.57,92.44
8551,100,110,4.56455,3927.63,102.049
8552,100,111,8.51084,3519.85,111.138
8553,100,112,7.44725,3630.11,119.221
8554,100,113,6.73165,3704.53,127.186
8555,100,114,6.86821,3690.28,135
8556,100,115,4.38382,3950.31,144.486
8557,100,116,3.14387,4080.51,152.816
8558,100,117,4.54314,3933.12,161.466
8559,100,118,5.88667,3791.15,170.245
8560,100,119,3.38,4056.86,182.129
8561,100,120,3.62987,4030.29,190.057
8562,100,121,6.58831,3714.72,205.066
8563,100,122,10.2427,3323.71,222.648
8564,100,123,12.6021,3070.46,234.837
8565,100,124,13.2573,2999.92,243.743
8566,100,125,12.837,3045.32,252.456
8567,100,126,11.8967,3147.18,261.931
8568,100,127,10.3652,3313.59,273.301
8569,100,128,8.3532,3532.91,287.001
8570,100,129,7.06178,3674.1,297.93
8571,100,130,6.8904,3692.9,306.728
8572,100,131,5.81234,3811.48,317.446
8573,100,132,5.50264,3845.65,326.382
8574,100,133,6.91639,3689.2,339.332
8575,100,134,8.61451,3500.71,354.229
8576,100,135,9.6552,3384.84,365.529
8577,100,136,10.1526,3329.31,375.115
8578,100,137,9.75294,3374.06,384.527
8579,100,138,9.02113,3456.27,395.095
8580,100,139,8.40098,3526.14,405.336
8581,100,140,7.46169,3632.28,417.425
8582,100,141,6.87206,3699.1,427.771
8583,100,142,6.83928,3702.83,436.818
8584,100,143,6.56822,3733.73,446.179
8585,101,110,9.30545,3420.35,92.9438
8586,101,111,13.1073,3024.97,101.659
8587,101,112,11.1003,3234.35,109.904
8588,101,113,9.71264,3379.6,117.988
8589,101,114,9.44286,3407.93,125.793
8590,101,115,6.28393,3740.67,135.703
8591,101,116,4.65147,3913.17,144.23
8592,101,117,6.03799,3766.19,152.691
8593,101,118,7.36471,3625.12,161.25
8594,101,119,4.4386,3937.24,173.547
8595,101,120,4.60759,3919.16,181.466
8596,101,121,7.75468,3581.37,195.98
8597,101,122,11.6352,3163.56,213.023
8598,101,123,14.0788,2899.66,224.88
8599,101,124,14.6655,2836.1,233.673
8600,101,125,14.0988,2897.67,242.461
8601,101,126,12.9892,3018.63,252.124
8602,101,127,11.2634,3207.32,263.771
8603,101,128,9.04346,3450.77,277.71
8604,101,129,7.61537,3607.86,288.76
8605,101,130,7.39566,3632.1,297.598
8606,101,131,6.21544,3762.71,308.4
8607,101,132,5.8612,3802.03,317.384
8608,101,133,7.3389,3637.51,330.138
8609,101,134,9.11206,3439.51,344.771
8610,101,135,10.1838,3319.48,355.932
8611,101,136,10.6794,3263.8,365.459
8612,101,137,10.2297,3314.47,374.936
8613,101,138,9.43429,3404.35,385.597
8614,101,139,8.76115,3480.64,395.914
8615,101,140,7.75689,3594.79,408.075
8616,101,141,7.12409,3666.93,418.473
8617,101,142,7.07775,3672.23,427.543
8618,101,143,6.783,3706.03,436.943
8619,102,111,13.5139,2981.05,93.6083
8620,102,112,11.0682,3237.85,101.943
8621,102,113,9.45455,3407.82,110.101
8622,102,114,9.18297,3436.52,117.989
8623,102,115,5.60989,3815.26,127.758
8624,102,116,3.84964,4002.44,136.236
8625,102,117,5.50971,3825.36,144.797
8626,102,118,7.05466,3660.05,153.429
8627,102,119,3.83787,4005.32,165.425
8628,102,120,4.08789,3978.4,173.405
8629,102,121,7.60165,3598.92,187.803
8630,102,122,11.8664,3136.91,204.48
8631,102,123,14.511,2849.52,216.17
8632,102,124,15.1112,2784.1,224.972
8633,102,125,14.4602,2855.28,233.819
8634,102,126,13.2328,2989.88,243.527
8635,102,127,11.3555,3196.38,255.143
8636,102,128,8.96435,3460.21,268.933
8637,102,129,7.4399,3628.91,279.915
8638,102,130,7.21714,3653.64,288.78
8639,102,131,5.97014,3792.47,299.507
8640,102,132,5.60887,3832.81,308.5
8641,102,133,7.1947,3655.2,321.234
8642,102,134,9.08406,3442.96,335.762
8643,102,135,10.2205,3314.93,346.89
8644,102,136,10.7423,3255.96,356.428
8645,102,137,10.2641,3310.15,365.927
8646,102,138,9.42387,3405.66,376.574
8647,102,139,8.71586,3486.38,386.879
8648,102,140,7.66241,3606.82,398.968
8649,102,141,7.0027,3682.47,409.339
8650,102,142,6.96002,3687.38,418.431
8651,102,143,6.65683,3722.34,427.833
8652,103,112,13.8679,2932.68,93.5244
8653,103,113,11.4518,3188.79,101.846
8654,103,114,10.8021,3257.87,109.831
8655,103,115,6.43022,3724.21,119.734
8656,103,116,4.30132,3952,128.305
8657,103,117,6.1225,3756.53,136.839
8658,103,118,7.78397,3577.64,145.413
8659,103,119,4.10294,3975.19,157.389
8660,103,120,4.35129,3948.29,165.422
8661,103,121,8.20719,3529.28,179.427
8662,103,122,12.8378,3024.54,195.562
8663,103,123,15.6418,2717.97,206.987
8664,103,124,16.1937,2657.44,215.755
8665,103,125,15.392,2745.63,224.692
8666,103,126,13.9847,2900.9,234.526
8667,103,127,11.8971,3131.94,246.25
8668,103,128,9.28031,3422.4,260.043
8669,103,129,7.61954,3607.3,271.036
8670,103,130,7.36804,3635.38,279.943
8671,103,131,6.02463,3785.84,290.662
8672,103,132,5.63564,3829.54,299.687
8673,103,133,7.32206,3639.54,312.31
8674,103,134,9.32154,3413.59,326.643
8675,103,135,10.5124,3278.63,337.689
8676,103,136,11.0478,3217.77,347.21
8677,103,137,10.5248,3277.39,356.754
8678,103,138,9.62341,3380.45,367.435
8679,103,139,8.86633,3467.27,377.768
8680,103,140,7.74952,3595.7,389.841
8681,103,141,7.05152,3676.2,400.22
8682,103,142,7.00426,3681.67,409.338
8683,103,143,6.68413,3718.8,418.762
8684,104,113,12.6636,3055.49,93.7207
8685,104,114,11.6755,3161.22,101.822
8686,104,115,6.42937,3724.3,111.719
8687,104,116,3.97308,3988.76,120.318
8688,104,117,6.10132,3758.91,128.906
8689,104,118,7.98714,3554.61,137.501
8690,104,119,3.82059,4007.38,149.293
8691,104,120,4.13137,3973.5,157.394
8692,104,121,8.44014,3502.41,171.141
8693,104,122,13.5337,2943.82,186.815
8694,104,123,16.5485,2612.19,198.029
8695,104,124,17.0666,2555.02,206.797
8696,104,125,16.1126,2660.6,215.818
8697,104,126,14.5204,2837.34,225.74
8698,104,127,12.2141,3094.11,237.49
8699,104,128,9.36262,3412.52,251.19
8700,104,129,7.56776,3613.54,262.146
8701,104,130,7.30147,3643.46,271.088
8702,104,131,5.86686,3805.09,281.76
8703,104,132,5.46192,3850.85,290.804
8704,104,133,7.27235,3645.67,303.372
8705,104,134,9.40403,3403.37,317.564
8706,104,135,10.6642,3259.71,328.56
8707,104,136,11.2228,3195.84,338.084
8708,104,137,10.6588,3260.51,347.66
8709,104,138,9.69821,3370.98,358.347
8710,104,139,8.89492,3463.63,368.683
8711,104,140,7.71619,3599.97,380.705
8712,104,141,6.9832,3684.99,391.069
8713,104,142,6.93702,3690.36,400.213
8714,104,143,6.60425,3729.19,409.647
8715,105,114,9.97758,3349.69,93.6355
8716,105,115,4.08636,3985.94,103.273
8717,105,116,1.61119,4254.08,111.761
8718,105,117,4.43022,3947.75,120.541
8719,105,118,6.82418,3686.8,129.291
8720,105,119,2.25714,4186.13,140.685
8721,105,120,2.80221,4126.36,148.86
8722,105,121,7.77426,3579.43,162.7
8723,105,122,13.5077,2946.84,178.157
8724,105,123,16.8426,2577.78,189.277
8725,105,124,17.3832,2517.78,198.085
8726,105,125,16.3082,2637.46,207.158
8727,105,126,14.5534,2833.41,217.087
8728,105,127,12.0437,3114.5,228.737
8729,105,128,8.96878,3459.91,242.214
8730,105,129,7.06185,3674.76,253.061
8731,105,130,6.81398,3702.77,262.023
8732,105,131,5.30922,3873.31,272.586
8733,105,132,4.91519,3918.1,281.626
8734,105,133,6.88818,3693.18,294.249
8735,105,134,9.18759,3430.28,308.411
8736,105,135,10.543,3274.85,319.413
8737,105,136,11.1441,3205.73,328.965
8738,105,137,10.5507,3274.17,338.55
8739,105,138,9.53995,3391.08,349.197
8740,105,139,8.6998,3488.54,359.499
8741,105,140,7.46644,3632.02,371.418
8742,105,141,6.70733,3720.58,381.735
8743,105,142,6.67324,3724.57,390.9
8744,105,143,6.33692,3764.03,400.325
8745,106,115,6.31273,3736.58,94.8885
8746,106,116,2.98273,4099.55,103.532
8747,106,117,6.04301,3764.96,112.238
8748,106,118,8.55714,3489.25,120.882
8749,106,119,3.09011,4090.62,132.399
8750,106,120,3.59679,4034.72,140.62
8751,106,121,9.09103,3426.69,153.985
8752,106,122,15.3441,2732.59,168.858
8753,106,123,18.8455,2342.77,179.683
8754,106,124,19.2321,2299.6,188.458
8755,106,125,17.8647,2452.75,197.664
8756,106,126,15.7945,2685.3,207.779
8757,106,127,12.9439,3006.48,219.605
8758,106,128,9.52332,3393,233.146
8759,106,129,7.41126,3632.36,244.033
8760,106,130,7.11562,3665.97,253.043
8761,106,131,5.4719,3853.35,263.622
8762,106,132,5.03663,3903.12,272.703
8763,106,133,7.14187,3661.72,285.191
8764,106,134,9.58236,3381.06,299.137
8765,106,135,11.0018,3217.35,310.044
8766,106,136,11.6121,3146.76,319.575
8767,106,137,10.9524,3223.29,329.216
8768,106,138,9.85602,3350.83,339.915
8769,106,139,8.94785,3456.79,350.259
8770,106,140,7.62983,3610.99,362.184
8771,106,141,6.81947,3706.08,372.52
8772,106,142,6.77748,3711.02,381.714
8773,106,143,6.41798,3753.44,391.167
8774,107,116,8.08788,3522.67,94.2775
8775,107,117,10.7764,3226.94,102.717
8776,107,118,12.9206,2990.35,111.069
8777,107,119,5.94121,3762.74,123.327
8778,107,120,6.11297,3743.68,131.533
8779,107,121,12.0043,3087.78,144.317
8780,107,122,18.6749,2342.9,158.594
8781,107,123,22.1963,1948.49,169.038
8782,107,124,22.2536,1942.06,177.734
8783,107,125,20.4242,2148.17,187.161
8784,107,126,17.8911,2434.42,197.627
8785,107,127,14.5692,2810.89,209.857
8786,107,128,10.6899,3251.84,223.686
8787,107,129,8.29279,3525.11,234.708
8788,107,130,7.89904,3570.13,243.77
8789,107,131,6.06115,3780.87,254.436
8790,107,132,5.54708,3839.99,263.572
8791,107,133,7.77045,3583.56,275.862
8792,107,134,10.3404,3286.31,289.54
8793,107,135,11.8055,3116.36,300.313
8794,107,136,12.4029,3046.86,309.796
8795,107,137,11.6495,3134.75,319.517
8796,107,138,10.4411,3276.14,330.32
8797,107,139,9.44241,3393.32,340.746
8798,107,140,8.01777,3560.95,352.74
8799,107,141,7.13894,3664.65,363.13
8800,107,142,7.07686,3672,372.351
8801,107,143,6.68174,3718.88,381.845
8802,108,117,-0.870909,4554.73,86.5021
8803,108,118,3.78091,4038.38,95.8227
8804,108,119,-2.83846,4775.33,107.962
8805,108,120,-1.28956,4602.37,115.986
8806,108,121,6.50088,3729.84,132.169
8807,108,122,14.7946,2798.18,148.209
8808,108,123,19.2413,2297.18,159.111
8809,108,124,19.6529,2250.67,167.824
8810,108,125,17.9093,2448.28,177.037
8811,108,126,15.3742,2736.44,187.184
8812,108,127,11.9719,3124.3,199.02
8813,108,128,7.97052,3581.79,212.45
8814,108,129,5.60265,3853.31,223.143
8815,108,130,5.4086,3875.62,232.086
8816,108,131,3.62509,4081.32,242.445
8817,108,132,3.26477,4123,251.415
8818,108,133,5.83474,3824.88,264.39
8819,108,134,8.7384,3487.09,278.691
8820,108,135,10.4226,3290.6,289.714
8821,108,136,11.1566,3204.73,299.288
8822,108,137,10.4361,3289.27,308.891
8823,108,138,9.22794,3431.42,319.505
8824,108,139,8.24269,3547.68,329.757
8825,108,140,6.80441,3717.88,341.525
8826,108,141,5.94526,3819.83,351.742
8827,108,142,5.94784,3819.52,360.923
8828,108,143,5.5935,3861.81,370.305
8829,109,118,-1.35333,4628.81,86.0602
8830,109,119,-8.24273,5400.43,97.4676
8831,109,120,-5.53497,5096.25,105.831
8832,109,121,4.10714,4009.91,123.347
8833,109,122,13.9277,2900.19,139.455
8834,109,123,19.0829,2315.94,150.349
8835,109,124,19.5657,2261.05,159.133
8836,109,125,17.6272,2482.04,168.366
8837,109,126,14.8418,2800.51,178.445
8838,109,127,11.1374,3225.28,190.07
8839,109,128,6.81932,3721.86,203.166
8840,109,129,4.33558,4008.31,213.688
8841,109,130,4.23907,4019.48,222.646
8842,109,131,2.40217,4232.56,232.847
8843,109,132,2.11374,4266.11,241.8
8844,109,133,4.98138,3931.55,254.967
8845,109,134,8.17405,3558.01,269.343
8846,109,135,10.0248,3340.86,280.416
8847,109,136,10.8396,3244.98,290.038
8848,109,137,10.0913,3333.28,299.635
8849,109,138,8.82561,3483.05,310.181
8850,109,139,7.80274,3604.43,320.376
8851,109,140,6.30207,3783.01,332.01
8852,109,141,5.42129,3888.12,342.159
8853,109,142,5.45485,3884.1,351.362
8854,109,143,5.10843,3925.67,360.726
8855,110,119,-9.08061,5497.62,89.759
8856,110,120,-5.72818,5118.8,98.2051
8857,110,121,5.55315,3840.24,114.908
8858,110,122,16.6621,2577.53,130.244
8859,110,123,22.1631,1950.42,140.814
8860,110,124,22.2996,1934.8,149.6
8861,110,125,19.7771,2224.06,159.013
8862,110,126,16.411,2611.15,169.295
8863,110,127,12.1206,3105.98,181.058
8864,110,128,7.24456,3669.98,194.143
8865,110,129,4.46992,3991.83,204.676
8866,110,130,4.35143,4005.62,213.687
8867,110,131,2.33732,4240.6,223.883
8868,110,132,2.02945,4276.62,232.881
8869,110,133,5.14309,3911.29,245.912
8870,110,134,8.57823,3507.08,260.061
8871,110,135,10.5402,3275.57,271.042
8872,110,136,11.3772,3176.52,280.649
8873,110,137,10.5371,3276.22,290.303
8874,110,138,9.15335,3440.88,300.895
8875,110,139,8.04044,3573.69,311.128
8876,110,140,6.42762,3766.69,322.756
8877,110,141,5.48394,3879.93,332.921
8878,110,142,5.51574,3876.11,342.156
8879,110,143,5.14536,3920.8,351.548
8880,111,120,-3.94121,4909.72,90.2773
8881,111,121,9.06636,3426.86,105.948
8882,111,122,21.4413,2011.99,120.452
8883,111,123,27.0533,1368.48,130.62
8884,111,124,26.5108,1430.87,139.403
8885,111,125,23.0904,1825.36,149.102
8886,111,126,18.8894,2311.27,159.72
8887,111,127,13.8027,2901.33,171.765
8888,111,128,8.19794,3553.35,184.961
8889,111,129,5.03088,3922.84,195.556
8890,111,130,4.84444,3944.65,204.622
8891,111,131,2.59156,4208.99,214.853
8892,111,132,2.23258,4251.23,223.902
8893,111,133,5.59931,3853.95,236.746
8894,111,134,9.2827,3418.09,250.627
8895,111,135,11.3453,3173.32,261.49
8896,111,136,12.1848,3073.43,271.067
8897,111,137,11.2225,3188.25,280.794
8898,111,138,9.69102,3371.52,291.462
8899,111,139,8.46429,3518.73,301.756
8900,111,140,6.71568,3729.15,313.412
8901,111,141,5.69254,3852.61,323.611
8902,111,142,5.71329,3850.1,332.877
8903,111,143,5.30849,3899.21,342.305
8904,112,121,15.9782,2611.26,95.9435
8905,112,122,29.3464,1073.92,109.639
8906,112,123,34.5762,470.744,119.29
8907,112,124,32.7929,677.02,128.102
8908,112,125,27.9864,1234.57,138.335
8909,112,126,22.5725,1864.39,149.543
8910,112,127,16.3896,2585.73,162.092
8911,112,128,9.82108,3354.24,175.556
8912,112,129,6.12178,3788.29,186.269
8913,112,130,5.80088,3826.05,195.393
8914,112,131,3.22707,4129.76,205.7
8915,112,132,2.77338,4183.45,214.807
8916,112,133,6.39701,3753.44,227.422
8917,112,134,10.3313,3285.26,241.003
8918,112,135,12.4784,3029.04,251.726
8919,112,136,13.2944,2931.4,261.261
8920,112,137,12.1728,3065.99,271.079
8921,112,138,10.4574,3272.4,281.855
8922,112,139,9.08834,3437.61,292.231
8923,112,140,7.17611,3668.99,303.95
8924,112,141,6.05406,3805.13,314.201
8925,112,142,6.05282,3805.28,323.497
8926,112,143,5.6015,3860.34,332.968
8927,113,122,34.6855,438.569,100.229
8928,113,123,39.8955,-165.791,109.606
8929,113,124,36.9283,179.386,118.593
8930,113,125,30.7462,900.638,129.157
8931,113,126,24.1646,1670.68,140.568
8932,113,127,16.945,2517.78,153.121
8933,113,128,9.48603,3395.45,166.401
8934,113,129,5.39093,3878.67,177.042
8935,113,130,5.11558,3911.26,186.217
8936,113,131,2.34298,4240.27,196.449
8937,113,132,1.93233,4289.14,205.587
8938,113,133,5.98117,3805.98,218.207
8939,113,134,10.311,3287.85,231.686
8940,113,135,12.6465,3007.58,242.388
8941,113,136,13.5165,2902.89,251.948
8942,113,137,12.2874,3051.2,261.8
8943,113,138,10.4313,3275.79,272.566
8944,113,139,8.9627,3453.98,282.933
8945,113,140,6.92285,3702.16,294.573
8946,113,141,5.74089,3846.36,304.799
8947,113,142,5.76044,3843.97,314.128
8948,113,143,5.29887,3900.59,323.609
8949,114,123,46.8424,-999.427,99.7269
8950,114,124,42.0727,-441.373,108.976
8951,114,125,34.0028,505.499,119.938
8952,114,126,25.9077,1458.02,131.556
8953,114,127,17.4077,2461.02,144.089
8954,114,128,8.8925,3468.65,157.164
8955,114,129,4.35971,4006.55,167.724
8956,114,130,4.17328,4028.73,176.954
8957,114,131,1.19732,4383.86,187.107
8958,114,132,0.864035,4423.74,196.278
8959,114,133,5.42459,3876.48,208.926
8960,114,134,10.2197,3299.46,222.318
8961,114,135,12.7759,2991.01,233.007
8962,114,136,13.7103,2877.96,242.598
8963,114,137,12.3626,3041.48,252.482
8964,114,138,10.352,3286.1,263.232
8965,114,139,8.77655,3478.31,273.587
8966,114,140,6.59939,3744.64,285.145
8967,114,141,5.3561,3897.15,295.343
8968,114,142,5.40355,3891.32,304.707
8969,114,143,4.93499,3949.11,314.197
8970,115,124,50.2382,-1429.39,98.5931
8971,115,125,39.2164,-128.818,110.288
8972,115,126,28.9031,1091.58,122.296
8973,115,127,18.6346,2310.11,134.926
8974,115,128,8.72769,3489.04,147.874
8975,115,129,3.6125,4099.45,158.394
8976,115,130,3.49618,4113.37,167.69
8977,115,131,0.249755,4502.94,177.798
8978,115,132,-0.0152735,4534.83,187.017
8979,115,133,5.11789,3915.43,199.637
8980,115,134,10.4232,3273.48,212.893
8981,115,135,13.2035,2936.14,223.546
8982,115,136,14.1839,2816.86,233.16
8983,115,137,12.6779,3000.6,243.092
8984,115,138,10.4734,3270.27,253.854
8985,115,139,8.76223,3480.18,264.217
8986,115,140,6.4187,3768.43,275.72
8987,115,141,5.0967,3931.48,285.908
8988,115,142,5.16606,3922.9,295.311
8989,115,143,4.68158,3982.98,304.82
8990,116,125,38.3121,-18.5006,101.443
8991,116,126,26.2882,1412.35,113.131
8992,116,127,14.7441,2789.95,125.304
8993,116,128,3.91154,4086.24,137.743
8994,116,129,-1.24637,4705.19,147.991
8995,116,130,-0.730357,4643.09,157.301
8996,116,131,-3.85426,5020.05,167.171
8997,116,132,-3.66765,4997.46,176.366
8998,116,133,2.44169,4256.2,189.469
8999,116,134,8.58719,3508.5,203.005
9000,116,135,11.8291,3112.98,213.788
9001,116,136,13.0338,2965.61,223.478
9002,116,137,11.4954,3154.32,233.362
9003,116,138,9.20208,3436.4,243.997
9004,116,139,7.45422,3651.97,254.253
9005,116,140,5.02785,3952.03,265.565
9006,116,141,3.71115,4115.3,275.645
9007,116,142,3.88828,4093.28,285.067
9008,116,143,3.46045,4146.61,294.535
9009,117,126,21.8764,1955,103.732
9010,117,127,9.03545,3495.91,115.412
9011,117,128,-2.65105,4902.19,127.315
9012,117,129,-7.59286,5498.5,137.273
9013,117,130,-6.09648,5317.44,146.632
9014,117,131,-8.92143,5660.2,156.254
9015,117,132,-8.07809,5557.59,165.458
9016,117,133,-0.731127,4661.26,179.187
9017,117,134,6.44974,3782.8,193.053
9018,117,135,10.2579,3315.67,203.981
9019,117,136,11.7402,3133.35,213.755
9020,117,137,10.1784,3325.96,223.597
9021,117,138,7.79639,3620.54,234.111
9022,117,139,6.01877,3840.97,244.268
9023,117,140,3.50983,4152.91,255.393
9024,117,141,2.20923,4315.05,265.371
9025,117,142,2.51552,4276.77,274.824
9026,117,143,2.15769,4321.61,284.26
9027,118,127,7.37152,3702.24,106.083
9028,118,128,-6.13727,5336.8,117.702
9029,118,129,-11.3217,5965.84,127.574
9030,118,130,-9.02143,5685.98,137.049
9031,118,131,-11.8321,6028.88,146.608
9032,118,132,-10.4882,5864.48,155.903
9033,118,133,-1.92162,4813.64,169.728
9034,118,134,6.24412,3809.26,183.503
9035,118,135,10.4982,3284.58,194.415
9036,118,136,12.1112,3085.11,204.223
9037,118,137,10.3562,3302.73,214.113
9038,118,138,7.73039,3629.21,224.634
9039,118,139,5.79718,3870.22,234.798
9040,118,140,3.08933,4208.7,245.865
9041,118,141,1.71539,4380.9,255.838
9042,118,142,2.08569,4334.36,265.338
9043,118,143,1.7334,4378.75,274.8
9044,119,128,-10.0242,5822.67,108.041
9045,119,129,-15.4445,6483.95,117.865
9046,119,130,-12.0738,6071.59,127.475
9047,119,131,-14.8473,6411.81,137.007
9048,119,132,-12.8807,6169.92,146.41
9049,119,133,-2.85286,4933.15,160.261
9050,119,134,6.45,3782.7,173.889
9051,119,135,11.1804,3196.13,184.76
9052,119,136,12.8968,2982.72,194.594
9053,119,137,10.8744,3234.85,204.548
9054,119,138,7.93414,3602.38,215.1
9055,119,139,5.7974,3870.19,225.291
9056,119,140,2.84337,4241.41,236.325
9057,119,141,1.37134,4426.89,246.307
9058,119,142,1.80117,4372.58,255.855
9059,119,143,1.44346,4417.89,265.353
9060,120,129,-37.4345,9254.69,101.452
9061,120,130,-29.4527,8272.93,111.632
9062,120,131,-29.792,8314.77,120.477
9063,120,132,-25.2236,7749.82,130.182
9064,120,133,-12,6110.09,147.243
9065,120,134,-0.237143,4647.57,162.297
9066,120,135,5.92044,3879.93,173.595
9067,120,136,8.4576,3562.78,183.568
9068,120,137,6.70372,3782.6,193.357
9069,120,138,3.89298,4135.82,203.645
9070,120,139,1.94669,4381.05,213.604
9071,120,140,-0.921948,4743.45,224.326
9072,120,141,-2.18549,4903.5,234.089
9073,120,142,-1.40899,4804.89,243.656
9074,120,143,-1.529,4820.17,253.045
9075,121,130,-46.5794,10448,95.0747
9076,121,131,-43.8664,10111.6,103.574
9077,121,132,-36.1909,9157.28,115.029
9078,121,133,-19.2456,7044.77,136.038
9079,121,134,-4.76725,5234.97,151.983
9080,121,135,2.81536,4284.62,163.532
9081,121,136,6.05779,3877.15,173.633
9082,121,137,4.3799,4088.57,183.396
9083,121,138,1.51507,4450.49,193.572
9084,121,139,-0.385789,4691.27,203.445
9085,121,140,-3.30805,5062.39,213.984
9086,121,141,-4.46468,5209.67,223.664
9087,121,142,-3.41039,5075.08,233.311
9088,121,143,-3.3668,5069.5,242.702
9089,122,131,-49.5176,10835,94.071
9090,122,132,-39.4191,9572.64,106.156
9091,122,133,-19.1115,7027.43,126.768
9092,122,134,-2.42637,4930.66,142.188
9093,122,135,5.90505,3880.9,153.53
9094,122,136,9.16786,3468.7,163.567
9095,122,137,6.89147,3757.04,173.437
9096,122,138,3.39412,4201.21,183.74
9097,122,139,1.07327,4496.73,193.712
9098,122,140,-2.31018,4928.68,204.341
9099,122,141,-3.68226,5104.31,214.092
9100,122,142,-2.60208,4965.68,223.75
9101,122,143,-2.62801,4969.02,233.184
9102,123,132,-33.34,8788.44,96.5345
9103,123,133,-10.4455,5903.73,116.038
9104,123,134,7.57622,3626.99,130.699
9105,123,135,15.6505,2604.24,141.56
9106,123,136,17.9873,2307.48,151.313
9107,123,137,14.2314,2785.72,161.378
9108,123,138,9.37941,3405.16,172.044
9109,123,139,6.08137,3827.31,182.239
9110,123,140,1.76553,4381.18,193.218
9111,123,141,-0.18,4631.5,203.096
9112,123,142,0.65797,4523.4,212.643
9113,123,143,0.319091,4567.23,222.068
9114,124,133,2.92545,4165.51,104.234
9115,124,134,21.7927,1769.37,118.185
9116,124,135,28.8434,871.585,128.456
9117,124,136,29.5099,786.491,137.877
9118,124,137,23.5714,1546.61,148.415
9119,124,138,16.8271,2412.13,159.747
9120,124,139,12.1859,3009.31,170.327
9121,124,140,6.64412,3724.19,181.822
9122,124,141,3.94035,4073.88,191.891
9123,124,142,4.43281,4010.03,201.338
9124,124,143,3.68256,4107.56,210.781
9125,125,134,37.2885,-260.579,105.891
9126,125,135,42.8036,-966.518,115.594
9127,125,136,41.2545,-767.718,124.849
9128,125,137,32.5956,346.399,136.233
9129,125,138,23.5987,1507,148.398
9130,125,139,17.4357,2304.08,159.419
9131,125,140,10.545,3197.57,171.357
9132,125,141,7.06422,3650.08,181.62
9133,125,142,7.26429,3624,191.06
9134,125,143,6.13702,3771.3,200.58
9135,126,135,57.7345,-2937.4,102.965
9136,126,136,53.1891,-2351.03,112.338
9137,126,137,41.0979,-787.241,124.931
9138,126,138,29.4088,728.447,137.911
9139,126,139,21.5354,1751.99,149.302
9140,126,140,13.1793,2841.07,161.503
9141,126,141,8.93412,3395.77,171.903
9142,126,142,8.93775,3395.3,181.391
9143,126,143,7.49928,3584.21,190.996
9144,127,136,66.0897,-4066.82,99.9907
9145,127,137,49.4545,-1904.25,114.231
9146,127,138,34.4245,54.6737,127.915
9147,127,139,24.5681,1342.57,139.562
9148,127,140,14.5851,2650.35,151.858
9149,127,141,9.58643,3306.84,162.325
9150,127,142,9.50897,3317.04,171.882
9151,127,143,7.83407,3538.12,181.554
9152,128,137,54.4091,-2568.15,104.687
9153,128,138,35.7455,-123.218,118.426
9154,128,139,24.0262,1415.91,130.016
9155,128,140,12.5907,2921.59,142.107
9156,128,141,7.16286,3638.06,152.501
9157,128,142,7.39821,3606.91,162.122
9158,128,143,5.77779,3821.89,171.794
9159,129,138,28.8388,809.182,108.38
9160,129,139,16.2445,2471.62,119.56
9161,129,140,4.2,4065.52,131.161
9162,129,141,-0.771978,4725.13,141.272
9163,129,142,0.630549,4538.6,150.909
9164,129,143,-0.303571,4663.15,160.449
9165,130,139,5.78667,3893.89,108.873
9166,130,140,-6.54636,5534.19,119.967
9167,130,141,-10.5559,6068.8,129.802
9168,130,142,-7.43242,5651.29,139.537
9169,130,143,-7.34813,5639.99,148.987
9170,131,140,-14.5036,6624.33,109.706
9171,131,141,-17.7955,7065.44,119.465
9172,131,142,-12.9448,6413.83,129.377
9173,131,143,-11.9995,6286.52,138.884
9174,132,141,-39.6909,10087,104.232
9175,132,142,-29.9773,8775.67,114.843
9176,132,143,-26.0357,8242.24,124.337
9177,133,142,-49.8352,11535.9,97.9488
9178,133,143,-41.5664,10411.4,108.425
9179,134,143,-43.2418,10645.9,99.6978
