id,low,hi,m,q,cost
0,0,4,-120.492,3118.75,72.5795
1,0,5,90.1834,2837.85,85.6924
2,0,6,10.6757,2970.36,98.4589
3,0,7,5.33286,2981.05,109.604
4,0,8,57.976,2858.22,122.491
5,0,9,21.3989,2955.75,135.168
6,0,10,3.31964,3009.99,147.397
7,0,11,20.0939,2954.08,159.643
8,0,12,38.4709,2886.7,172.093
9,0,13,23.7949,2945.4,183.45
10,0,14,8.52771,3011.56,196.033
11,0,15,45.3952,2839.51,213.141
12,0,16,19.5463,2968.75,227.986
13,0,17,34.5617,2888.67,241.266
14,0,18,28.4076,2923.55,253.662
15,0,19,26.254,2936.47,265.814
16,0,20,34.3007,2885.5,278.554
17,0,21,28.7186,2922.72,291.005
18,0,22,23.6654,2958.09,303.433
19,0,23,26.0839,2940.36,315.545
20,0,24,32.1842,2893.59,328.38
21,0,25,28.2788,2924.83,340.762
22,0,26,22.8525,2970.05,353.667
23,0,27,38.2849,2836.3,373.619
24,0,28,27.7977,2930.69,389.416
25,0,29,31.6186,2895.02,402.22
26,0,30,29.4086,2916.39,414.685
27,0,31,26.6729,2943.74,427.287
28,0,32,30.0483,2908.87,440.146
29,0,33,27.8938,2931.85,452.651
30,0,34,24.0345,2974.3,465.933
31,0,35,25.2781,2960.21,478.247
32,0,36,28.4035,2923.74,491.334
33,0,37,25.2761,2961.27,504.526
34,0,38,21.6286,3006.26,518.237
35,0,39,27.6158,2930.42,534.818
36,0,40,23.2246,2987.5,549.544
37,0,41,25.4894,2957.31,562.552
38,0,42,24.6985,2968.12,574.936
39,0,43,22.7628,2995.22,587.849
40,0,44,24.7454,2966.8,600.856
41,0,45,23.2478,2988.76,613.58
42,0,46,20.907,3023.87,627.08
43,0,47,22.6305,2997.45,640.07
44,0,48,24.6449,2965.89,653.416
45,0,49,22.655,2997.73,666.827
46,0,50,20.9817,3025.06,679.967
47,0,51,28.1197,2906.09,707.502
48,0,52,24.9607,2959.8,722.803
49,0,53,26.3627,2935.49,735.94
50,0,54,25.3775,2952.9,748.798
51,0,55,23.9943,2977.8,762.002
52,0,56,26.2141,2937.1,776.375
53,0,57,24.998,2959.8,789.509
54,0,58,23.3119,2991.84,803.265
55,0,59,24.5593,2967.72,816.519
56,0,60,25.294,2953.27,829.321
57,0,61,23.9431,2980.29,842.815
58,0,62,23.1619,2996.17,855.685
59,0,63,26.1916,2933.56,873.622
60,0,64,24.7487,2963.86,887.465
61,0,65,26.6155,2924.03,902.273
62,0,66,25.2422,2953.79,916.14
63,0,67,24.6263,2967.34,929.018
64,0,68,26.1451,2933.42,943.36
65,0,69,25.0314,2958.66,956.957
66,0,70,24.0318,2981.66,970.409
67,0,71,25.095,2956.85,984.027
68,0,72,25.7555,2941.21,997.046
69,0,73,24.5582,2969.95,1011.08
70,0,74,23.8266,2987.75,1024.25
71,0,75,26.8602,2912.92,1046.6
72,0,76,26.1681,2930.23,1059.82
73,0,77,27.6771,2892,1075.05
74,0,78,26.6524,2918.3,1088.98
75,0,79,26.2305,2929.27,1101.93
76,0,80,27.0673,2907.23,1115.54
77,0,81,26.1909,2930.6,1129.3
78,0,82,25.4977,2949.32,1142.7
79,0,83,25.7348,2942.84,1155.5
80,0,84,26.4463,2923.15,1169
81,0,85,25.4338,2951.5,1183.4
82,0,86,24.4538,2979.27,1197.77
83,0,87,26.9585,2907.47,1221.16
84,0,88,26.1131,2931.99,1235.19
85,0,89,27.1241,2902.33,1249.81
86,0,90,26.4047,2923.67,1263.59
87,0,91,25.9708,2936.69,1276.78
88,0,92,26.5544,2918.99,1290.3
89,0,93,26.0374,2934.84,1303.68
90,0,94,25.2796,2958.33,1317.77
91,0,95,25.7655,2943.11,1331.13
92,0,96,26.1607,2930.59,1344.33
93,0,97,25.2895,2958.47,1359.04
94,0,98,24.351,2988.82,1374.14
95,0,99,26.147,2930.15,1395.28
96,0,100,25.1387,2963.42,1410.79
97,0,101,25.539,2950.08,1424.14
98,0,102,25.0688,2965.91,1437.67
99,0,103,24.5399,2983.89,1451.39
100,0,104,25.0925,2964.92,1465.22
101,0,105,24.6081,2981.71,1478.87
102,0,106,23.9827,3003.6,1493.05
103,0,107,24.3132,2991.92,1506.33
104,0,108,24.6255,2980.78,1519.58
105,0,109,23.6918,3014.4,1535.65
106,0,110,23.0678,3037.07,1550.02
107,0,111,24.3495,2990.07,1569.12
108,0,112,23.4244,3024.3,1585.32
109,0,113,24.1481,2997.28,1600.33
110,0,114,23.6951,3014.34,1614.15
111,0,115,23.2295,3032.04,1628.04
112,0,116,23.8226,3009.3,1642.53
113,0,117,23.3155,3028.91,1656.66
114,0,118,22.7683,3050.25,1671.03
115,0,119,23.2069,3033,1684.93
116,0,120,23.591,3017.76,1698.65
117,0,121,22.8259,3048.37,1714.57
118,0,122,22.4971,3061.63,1728.14
119,0,123,23.307,3028.69,1744.6
120,0,124,22.6669,3054.94,1759.82
121,0,125,23.3515,3026.64,1775.42
122,0,126,22.934,3044.04,1789.45
123,0,127,22.6607,3055.52,1802.94
124,0,128,23.2664,3029.87,1818.18
125,0,129,22.8044,3049.58,1832.54
126,0,130,22.4478,3064.92,1846.4
127,0,131,22.9671,3042.42,1861.21
128,0,132,23.4061,3023.25,1875.56
129,0,133,22.8224,3048.93,1890.95
130,1,5,273.918,2164.16,73.0552
131,1,6,106.663,2554.42,85.4578
132,1,7,72.3686,2645.87,97.7344
133,1,8,121.414,2498.74,109.228
134,1,9,62.611,2694.74,122.319
135,1,10,32.6735,2804.52,134.768
136,1,11,47.1605,2746.57,146.871
137,1,12,64.0892,2673.21,159.092
138,1,13,43.2142,2770.63,171.702
139,1,14,22.9917,2871.74,183.529
140,1,15,62.8464,2659.18,200.053
141,1,16,31.585,2836.33,215.244
142,1,17,46.9506,2744.14,228.335
143,1,18,38.7361,2796.16,240.842
144,1,19,35.2686,2819.28,253.051
145,1,20,43.2185,2763.63,265.665
146,1,21,36.2554,2814.69,278.234
147,1,22,30.0578,2862.21,290.77
148,1,23,32.1307,2845.62,302.852
149,1,24,38.2355,2794.75,315.558
150,1,25,33.5335,2835.5,328.042
151,1,26,27.2856,2891.73,341.077
152,1,27,43.5327,2740.09,360.612
153,1,28,31.9216,2852.33,376.597
154,1,29,35.7216,2814.33,389.337
155,1,30,33.0908,2841.52,401.861
156,1,31,29.941,2875.11,414.531
157,1,32,33.3231,2837.91,427.324
158,1,33,30.8396,2866.06,439.889
159,1,34,26.58,2915.75,453.259
160,1,35,27.7492,2901.72,465.559
161,1,36,30.9109,2862.73,478.571
162,1,37,27.4789,2906.2,491.845
163,1,38,23.5235,2957.62,505.637
164,1,39,29.7206,2874.99,522.029
165,1,40,25.0045,2939.45,536.84
166,1,41,27.2931,2907.41,549.801
167,1,42,26.3785,2920.51,562.217
168,1,43,24.2747,2951.37,575.184
169,1,44,26.2787,2921.31,588.145
170,1,45,24.6464,2946.34,600.915
171,1,46,22.1431,2985.56,614.472
172,1,47,23.8873,2957.65,627.422
173,1,48,25.9332,2924.23,640.712
174,1,49,23.8095,2959.63,654.178
175,1,50,22.0231,2990,667.365
176,1,51,29.4002,2862.13,694.544
177,1,52,26.0704,2920.95,709.902
178,1,53,27.4834,2895.52,723.011
179,1,54,26.4203,2915.01,735.902
180,1,55,24.9488,2942.48,749.144
181,1,56,27.2139,2899.44,763.452
182,1,57,25.92,2924.46,776.623
183,1,58,24.144,2959.39,790.419
184,1,59,25.4054,2934.16,803.646
185,1,60,26.1364,2919.29,816.436
186,1,61,24.7136,2948.7,829.968
187,1,62,23.8824,2966.15,842.866
188,1,63,26.9854,2899.96,860.673
189,1,64,25.4725,2932.73,874.555
190,1,65,27.3746,2890.89,889.298
191,1,66,25.9366,2923,903.202
192,1,67,25.2816,2937.85,916.105
193,1,68,26.8258,2902.34,930.397
194,1,69,25.6601,2929.53,944.027
195,1,70,24.6139,2954.29,957.509
196,1,71,25.6907,2928.45,971.096
197,1,72,26.353,2912.33,984.101
198,1,73,25.1065,2943.08,998.172
199,1,74,24.3404,2962.24,1011.37
200,1,75,27.4412,2883.68,1033.54
201,1,76,26.7156,2902.31,1046.79
202,1,77,28.2496,2862.42,1061.95
203,1,78,27.1839,2890.48,1075.92
204,1,79,26.7379,2902.38,1088.89
205,1,80,27.5828,2879.56,1102.48
206,1,81,26.6721,2904.46,1116.26
207,1,82,25.9502,2924.43,1129.69
208,1,83,26.1822,2917.94,1142.49
209,1,84,26.9,2897.6,1155.97
210,1,85,25.853,2927.61,1170.4
211,1,86,24.8404,2956.98,1184.79
212,1,87,27.3938,2882.08,1208.02
213,1,88,26.5193,2908.02,1222.07
214,1,89,27.5438,2877.28,1236.65
215,1,90,26.7992,2899.87,1250.46
216,1,91,26.347,2913.74,1263.67
217,1,92,26.9352,2895.51,1277.17
218,1,93,26.3989,2912.31,1290.58
219,1,94,25.6172,2937.06,1304.69
220,1,95,26.1063,2921.41,1318.04
221,1,96,26.5026,2908.6,1331.23
222,1,97,25.6064,2937.87,1345.97
223,1,98,24.6423,2969.69,1361.08
224,1,99,26.4686,2908.81,1382.1
225,1,100,25.4337,2943.65,1397.64
226,1,101,25.8361,2929.97,1410.98
227,1,102,25.3509,2946.63,1424.53
228,1,103,24.8063,2965.51,1438.27
229,1,104,25.3644,2945.98,1452.08
230,1,105,24.8655,2963.6,1465.74
231,1,106,24.2235,2986.5,1479.94
232,1,107,24.5557,2974.54,1493.22
233,1,108,24.8693,2963.15,1506.46
234,1,109,23.9139,2998.18,1522.54
235,1,110,23.2746,3021.84,1536.93
236,1,111,24.5756,2973.26,1555.96
237,1,112,23.63,3008.88,1572.17
238,1,113,24.3629,2981.03,1587.15
239,1,114,23.8982,2998.85,1600.98
240,1,115,23.4209,3017.3,1614.88
241,1,116,24.0209,2993.9,1629.36
242,1,117,23.5018,3014.32,1643.5
243,1,118,22.9421,3036.52,1657.88
244,1,119,23.3852,3018.8,1671.77
245,1,120,23.7728,3003.16,1685.48
246,1,121,22.992,3034.91,1701.41
247,1,122,22.6551,3048.73,1715
248,1,123,23.4756,3014.81,1731.41
249,1,124,22.8225,3042.03,1746.64
250,1,125,23.5155,3012.92,1762.22
251,1,126,23.0888,3030.98,1776.26
252,1,127,22.8087,3042.94,1789.76
253,1,128,23.4216,3016.58,1804.97
254,1,129,22.95,3037.01,1819.34
255,1,130,22.5857,3052.92,1833.22
256,1,131,23.1108,3029.82,1848.01
257,1,132,23.5543,3010.16,1862.34
258,1,133,22.9596,3036.72,1877.74
259,2,6,7.026,3019.39,73.772
260,2,7,-5.48743,3061.1,85.0394
261,2,8,79.815,2748.33,97.8488
262,2,9,16.7114,3000.74,109.633
263,2,10,-9.679,3115.1,121.878
264,2,11,16.176,2994.44,134.178
265,2,12,41.8162,2866.24,146.618
266,2,13,21.1741,2976.33,159.004
267,2,14,1.23132,3089.34,171.542
268,2,15,49.8881,2797.4,187.542
269,2,16,16.1863,3010.85,202.343
270,2,17,35.3974,2882.77,215.625
271,2,18,27.5757,2937.52,228.059
272,2,19,24.963,2956.68,240.245
273,2,20,34.8345,2881,252.994
274,2,21,28.0135,2935.57,265.467
275,2,22,22.0106,2985.6,277.9
276,2,23,25.0035,2959.66,290.039
277,2,24,32.2589,2894.36,302.881
278,2,25,27.6632,2937.25,315.273
279,2,26,21.385,2997.94,328.158
280,2,27,39.3358,2818.43,347.956
281,2,28,27.1755,2944.09,363.694
282,2,29,31.586,2897.04,376.516
283,2,30,29.0589,2924.84,389.003
284,2,31,25.9679,2959.87,401.615
285,2,32,29.8245,2914.88,414.492
286,2,33,27.4045,2943.92,427.009
287,2,34,23.0949,2997.07,440.271
288,2,35,24.5379,2978.79,452.612
289,2,36,28.0638,2932.96,465.715
290,2,37,24.5993,2979.15,478.892
291,2,38,20.5858,3034,492.56
292,2,39,27.2636,2940.51,509.118
293,2,40,22.4317,3009.77,523.786
294,2,41,24.9633,2972.64,536.817
295,2,42,24.1178,2985.32,549.215
296,2,43,22.0214,3017.47,562.117
297,2,44,24.2235,2982.97,575.149
298,2,45,22.6104,3008.78,587.868
299,2,46,20.0863,3050,601.334
300,2,47,21.9957,3018.18,614.352
301,2,48,24.2092,2980.55,627.719
302,2,49,22.0689,3017.65,641.105
303,2,50,20.2806,3049.24,654.222
304,2,51,28.0224,2909.89,681.549
305,2,52,24.6161,2972.34,696.8
306,2,53,26.1394,2943.9,709.953
307,2,54,25.0869,2963.9,722.821
308,2,55,23.6103,2992.45,736.021
309,2,56,26.0064,2945.33,750.393
310,2,57,24.7094,2971.27,763.528
311,2,58,22.9136,3007.78,777.265
312,2,59,24.261,2979.94,790.538
313,2,60,25.0555,2963.25,803.359
314,2,61,23.6213,2993.85,816.842
315,2,62,22.7987,3011.67,829.715
316,2,63,26.0367,2940.43,847.599
317,2,64,24.5059,2974.62,861.429
318,2,65,26.4976,2929.48,876.227
319,2,66,25.0424,2962.94,890.081
320,2,67,24.3947,2978.06,902.967
321,2,68,26.0114,2939.8,917.308
322,2,69,24.8354,2968.02,930.898
323,2,70,23.7828,2993.63,944.343
324,2,71,24.9141,2965.73,957.971
325,2,72,25.6169,2948.16,971.005
326,2,73,24.3562,2980.1,985.026
327,2,74,23.5897,2999.77,998.195
328,2,75,26.7946,2916.44,1020.42
329,2,76,26.0669,2935.61,1033.65
330,2,77,27.6583,2893.17,1048.85
331,2,78,26.5803,2922.27,1062.78
332,2,79,26.1383,2934.36,1075.74
333,2,80,27.0198,2909.97,1089.36
334,2,81,26.1004,2935.71,1103.11
335,2,82,25.3749,2956.27,1116.51
336,2,83,25.6265,2949.05,1129.33
337,2,84,26.375,2927.35,1142.84
338,2,85,25.3155,2958.43,1157.23
339,2,86,24.2918,2988.8,1171.57
340,2,87,26.9173,2910.03,1194.83
341,2,88,26.0336,2936.84,1208.86
342,2,89,27.0925,2904.36,1223.47
343,2,90,26.3413,2927.65,1237.25
344,2,91,25.8893,2941.81,1250.45
345,2,92,26.5004,2922.46,1263.97
346,2,93,25.9619,2939.69,1277.36
347,2,94,25.1728,2965.21,1291.44
348,2,95,25.6817,2948.58,1304.82
349,2,96,26.0954,2934.93,1318.02
350,2,97,25.1889,2965.15,1332.72
351,2,98,24.2135,2997.98,1347.78
352,2,99,26.0859,2934.32,1368.84
353,2,100,25.0379,2970.31,1384.32
354,2,101,25.4562,2955.8,1397.68
355,2,102,24.9689,2972.86,1411.21
356,2,103,24.4211,2992.21,1424.93
357,2,104,24.9975,2971.66,1438.77
358,2,105,24.4961,2989.71,1452.41
359,2,106,23.8489,3013.22,1466.58
360,2,107,24.1944,3000.56,1479.88
361,2,108,24.5206,2988.48,1493.14
362,2,109,23.5541,3024.57,1509.16
363,2,110,22.9096,3048.85,1523.52
364,2,111,24.2409,2998.26,1542.58
365,2,112,23.2842,3034.93,1558.74
366,2,113,24.0364,3005.84,1573.75
367,2,114,23.5693,3024.06,1587.56
368,2,115,23.0894,3042.94,1601.44
369,2,116,23.7056,3018.49,1615.94
370,2,117,23.1829,3039.4,1630.06
371,2,118,22.6192,3062.14,1644.41
372,2,119,23.0752,3043.59,1658.33
373,2,120,23.4745,3027.22,1672.06
374,2,121,22.6857,3059.82,1687.94
375,2,122,22.3483,3073.88,1701.51
376,2,123,23.1873,3038.65,1717.95
377,2,124,22.5282,3066.55,1733.15
378,2,125,23.2372,3036.3,1748.75
379,2,126,22.8081,3054.75,1762.77
380,2,127,22.528,3066.89,1776.26
381,2,128,23.155,3039.51,1791.49
382,2,129,22.6802,3060.4,1805.84
383,2,130,22.3144,3076.61,1819.7
384,2,131,22.8518,3052.61,1834.51
385,2,132,23.306,3032.17,1848.87
386,2,133,22.706,3059.37,1864.23
387,3,7,-137.454,3808.91,73.0887
388,3,8,20.2714,3125.44,85.3616
389,3,9,-43.8493,3424.67,97.9015
390,3,10,-61.6971,3513.91,109.023
391,3,11,-18.537,3283.72,121.603
392,3,12,19.1738,3070.02,134.295
393,3,13,-1.10455,3191.69,146.532
394,3,14,-20.658,3315.53,158.858
395,3,15,38.852,2918.8,176.185
396,3,16,1.91222,3177.38,189.663
397,3,17,25.5881,3003.76,203.107
398,3,18,18.0148,3061.82,215.514
399,3,19,16.2196,3076.18,227.716
400,3,20,28.1594,2976.68,240.583
401,3,21,21.3231,3035.93,253.008
402,3,22,15.3888,3089.34,265.387
403,3,23,19.2974,3052.86,277.596
404,3,24,27.7311,2971.33,290.547
405,3,25,23.1295,3017.35,302.892
406,3,26,16.706,3083.72,315.677
407,3,27,36.4672,2872.94,335.541
408,3,28,23.5921,3014.56,351.075
409,3,29,28.5947,2957.87,363.965
410,3,30,26.1008,2986.96,376.443
411,3,31,23.0006,3024.16,389.03
412,3,32,27.3122,2970.99,401.973
413,3,33,24.8981,3001.57,414.472
414,3,34,20.4758,3059.06,427.66
415,3,35,22.165,3036.53,440.046
416,3,36,26.0379,2983.61,453.215
417,3,37,22.4912,3033.26,466.33
418,3,38,18.3718,3092.3,479.907
419,3,39,25.5303,2987.31,496.541
420,3,40,20.5353,3062.24,511.096
421,3,41,23.294,3019.94,524.182
422,3,42,22.4897,3032.54,536.579
423,3,43,20.3705,3066.45,549.444
424,3,44,22.756,3027.48,562.529
425,3,45,21.1361,3054.48,575.221
426,3,46,18.5643,3098.2,588.623
427,3,47,20.6262,3062.46,601.694
428,3,48,22.9955,3020.6,615.114
429,3,49,20.8157,3059.84,628.446
430,3,50,19.0052,3093.03,641.518
431,3,51,27.1151,2941.65,668.813
432,3,52,23.6088,3008.27,683.979
433,3,53,25.2313,2976.9,697.167
434,3,54,24.1733,2997.71,710.026
435,3,55,22.6754,3027.66,723.202
436,3,56,25.1949,2976.43,737.611
437,3,57,23.8802,3003.6,750.727
438,3,58,22.0499,3042.04,764.424
439,3,59,23.4748,3011.64,777.73
440,3,60,24.3239,2993.25,790.578
441,3,61,22.8658,3025.32,804.03
442,3,62,22.041,3043.74,816.892
443,3,63,25.4101,2967.38,834.795
444,3,64,23.8501,3003.26,848.59
445,3,65,25.9258,2954.82,863.415
446,3,66,24.443,2989.92,877.237
447,3,67,23.7938,3005.5,890.117
448,3,68,25.4777,2964.52,904.486
449,3,69,24.2825,2994.01,918.05
450,3,70,23.2153,3020.69,931.473
451,3,71,24.3958,2990.78,945.128
452,3,72,25.1335,2971.84,958.186
453,3,73,23.8509,3005.19,972.173
454,3,74,23.0771,3025.57,985.327
455,3,75,26.3839,2937.39,1007.53
456,3,76,25.6476,2957.27,1020.75
457,3,77,27.2926,2912.3,1035.97
458,3,78,26.1959,2942.65,1049.88
459,3,79,25.7524,2955.07,1062.83
460,3,80,26.6664,2929.17,1076.48
461,3,81,25.7326,2955.94,1090.21
462,3,82,24.9982,2977.24,1103.6
463,3,83,25.2653,2969.4,1116.43
464,3,84,26.0409,2946.39,1129.96
465,3,85,24.9639,2978.7,1144.31
466,3,86,23.9242,3010.24,1158.62
467,3,87,26.6202,2927.56,1181.85
468,3,88,25.7228,2955.38,1195.86
469,3,89,26.8132,2921.21,1210.48
470,3,90,26.0512,2945.34,1224.25
471,3,91,25.5956,2959.92,1237.45
472,3,92,26.2268,2939.51,1250.99
473,3,93,25.6825,2957.29,1264.37
474,3,94,24.8824,2983.7,1278.42
475,3,95,25.4084,2966.16,1291.82
476,3,96,25.8367,2951.75,1305.04
477,3,97,24.9166,2983.03,1319.71
478,3,98,23.9266,3017.02,1334.74
479,3,99,25.8435,2950.57,1355.77
480,3,100,24.779,2987.82,1371.22
481,3,101,25.211,2972.56,1384.6
482,3,102,24.7188,2990.11,1398.12
483,3,103,24.1652,3010.04,1411.83
484,3,104,24.7579,2988.51,1425.68
485,3,105,24.2514,3007.08,1439.31
486,3,106,23.5965,3031.31,1453.46
487,3,107,23.9534,3017.99,1466.77
488,3,108,24.2903,3005.3,1480.05
489,3,109,23.3099,3042.55,1496.03
490,3,110,22.658,3067.54,1510.36
491,3,111,24.0184,3014.94,1529.42
492,3,112,23.0484,3052.77,1545.54
493,3,113,23.8184,3022.48,1560.56
494,3,114,23.3468,3041.19,1574.36
495,3,115,22.8624,3060.57,1588.23
496,3,116,23.4934,3035.12,1602.75
497,3,117,22.9653,3056.59,1616.85
498,3,118,22.3956,3079.95,1631.18
499,3,119,22.8633,3060.62,1645.11
500,3,120,23.2729,3043.55,1658.85
501,3,121,22.4742,3077.1,1674.7
502,3,122,22.1347,3091.47,1688.26
503,3,123,22.9911,3054.93,1704.72
504,3,124,22.3244,3083.6,1719.88
505,3,125,23.0483,3052.23,1735.49
506,3,126,22.6153,3071.14,1749.5
507,3,127,22.3338,3083.52,1762.99
508,3,128,22.9738,3055.15,1778.24
509,3,129,22.4944,3076.56,1792.57
510,3,130,22.1258,3093.15,1806.42
511,3,131,22.6744,3068.28,1821.24
512,3,132,23.1384,3047.09,1835.61
513,3,133,22.5318,3074.99,1850.95
514,4,8,256.608,1549.86,71.5641
515,4,9,92.3349,2425.98,84.0058
516,4,10,30.4779,2776.51,96.383
517,4,11,61.3843,2591.07,107.45
518,4,12,89.715,2411.64,119.536
519,4,13,51.2727,2667.92,132.229
520,4,14,18.6409,2896.34,145
521,4,15,81.5194,2435.24,161.618
522,4,16,32.3324,2812.34,176.927
523,4,17,55.0448,2630.64,188.999
524,4,18,42.5342,2734.89,201.545
525,4,19,37.4496,2778.96,213.765
526,4,20,48.2965,2681.34,226.353
527,4,21,38.4631,2773.11,238.948
528,4,22,30.1,2853.96,251.478
529,4,23,32.9283,2825.67,263.551
530,4,24,40.8671,2743.64,276.237
531,4,25,34.653,2809.92,288.73
532,4,26,26.6688,2897.75,301.754
533,4,27,47.2465,2664.54,321.242
534,4,28,32.4792,2836.82,337.248
535,4,29,37.1829,2780.38,349.992
536,4,30,33.8681,2821.26,362.538
537,4,31,29.9917,2870.36,375.218
538,4,32,34.1185,2816.71,388.015
539,4,33,31.0897,2857.1,400.591
540,4,34,25.9826,2926.89,413.945
541,4,35,27.4332,2906.59,426.26
542,4,36,31.2215,2852.29,439.28
543,4,37,27.1613,2911.84,452.546
544,4,38,22.5396,2981.16,466.298
545,4,39,29.8643,2868.85,482.695
546,4,40,24.365,2955,497.462
547,4,41,27.0673,2911.77,510.443
548,4,42,26.0283,2928.74,522.868
549,4,43,23.6262,2968.77,535.82
550,4,44,25.9692,2928.94,548.803
551,4,45,24.1193,2961.01,561.565
552,4,46,21.289,3011.01,575.084
553,4,47,23.3208,2974.44,588.064
554,4,48,25.6757,2931.26,601.375
555,4,49,23.2846,2975.9,614.816
556,4,50,21.292,3013.76,627.976
557,4,51,29.6444,2852.28,654.986
558,4,52,25.8918,2926.08,670.302
559,4,53,27.4879,2894.16,683.425
560,4,54,26.2999,2918.31,696.329
561,4,55,24.6627,2952.15,709.568
562,4,56,27.2022,2898.82,723.872
563,4,57,25.7645,2929.49,737.046
564,4,58,23.7991,2972.07,750.824
565,4,59,25.2124,2940.98,764.068
566,4,60,26.0304,2922.71,776.877
567,4,61,24.4632,2958.24,790.399
568,4,62,23.5562,2979.1,803.3
569,4,63,26.9871,2899.04,821.051
570,4,64,25.3243,2938.4,834.921
571,4,65,27.4194,2888.11,849.649
572,4,66,25.8421,2926.49,863.544
573,4,67,25.1289,2944.09,876.457
574,4,68,26.8235,2901.72,890.743
575,4,69,25.5513,2933.95,904.369
576,4,70,24.4143,2963.13,917.845
577,4,71,25.5943,2932.45,931.442
578,4,72,26.3187,2913.38,944.46
579,4,73,24.9656,2949.46,958.517
580,4,74,24.1386,2971.79,971.713
581,4,75,27.5077,2879.7,993.75
582,4,76,26.7204,2901.48,1007
583,4,77,28.381,2854.99,1022.14
584,4,78,27.226,2887.71,1036.11
585,4,79,26.7437,2901.54,1049.09
586,4,80,27.6557,2875.09,1062.68
587,4,81,26.6726,2903.92,1076.46
588,4,82,25.8957,2926.97,1089.89
589,4,83,26.1471,2919.43,1102.71
590,4,84,26.9201,2895.98,1116.2
591,4,85,25.7954,2930.47,1130.61
592,4,86,24.7106,2964.1,1144.98
593,4,87,27.452,2878.21,1168.06
594,4,88,26.514,2907.91,1182.11
595,4,89,27.6114,2872.79,1196.68
596,4,90,26.8135,2898.59,1210.48
597,4,91,26.3302,2914.38,1223.71
598,4,92,26.9591,2893.63,1237.21
599,4,93,26.3864,2912.71,1250.63
600,4,94,25.5532,2940.77,1264.73
601,4,95,26.0761,2922.99,1278.09
602,4,96,26.4992,2908.46,1291.29
603,4,97,25.5455,2941.52,1306.01
604,4,98,24.5214,2977.37,1321.09
605,4,99,26.4658,2908.66,1342.01
606,4,100,25.3666,2947.87,1357.51
607,4,101,25.7954,2932.43,1370.87
608,4,102,25.2815,2951.11,1384.42
609,4,103,24.7055,2972.22,1398.16
610,4,104,25.2992,2950.26,1411.98
611,4,105,24.7722,2969.93,1425.64
612,4,106,24.0944,2995.46,1439.82
613,4,107,24.4486,2982,1453.11
614,4,108,24.7825,2969.2,1466.37
615,4,109,23.7744,3008.18,1482.41
616,4,110,23.1016,3034.42,1496.77
617,4,111,24.479,2980.25,1515.75
618,4,112,23.4827,3019.76,1531.91
619,4,113,24.2588,2988.72,1546.89
620,4,114,23.7708,3008.4,1560.71
621,4,115,23.2702,3028.76,1574.61
622,4,116,23.9051,3002.73,1589.09
623,4,117,23.3605,3025.24,1603.22
624,4,118,22.774,3049.68,1617.58
625,4,119,23.2432,3029.97,1631.48
626,4,120,23.6534,3012.61,1645.21
627,4,121,22.8347,3047.54,1661.09
628,4,122,22.4834,3062.64,1674.67
629,4,123,23.3483,3025.16,1691.07
630,4,124,22.6647,3055.01,1706.27
631,4,125,23.3949,3022.89,1721.84
632,4,126,22.9492,3042.64,1735.87
633,4,127,22.6578,3055.66,1749.37
634,4,128,23.3028,3026.64,1764.58
635,4,129,22.8106,3048.95,1778.94
636,4,130,22.4312,3066.27,1792.81
637,4,131,22.9836,3040.86,1807.6
638,4,132,23.45,3019.26,1821.94
639,4,133,22.8293,3048.22,1837.31
640,5,9,-138.672,4197.04,69.755
641,5,10,-144.146,4231.7,80.2151
642,5,11,-54.5164,3634.17,93.1529
643,5,12,9.87214,3183.45,104.959
644,5,13,-19.37,3397.9,116.885
645,5,14,-44.3996,3589.79,128.856
646,5,15,41.3733,2903.61,147.897
647,5,16,-9.32056,3326.06,162.56
648,5,17,23.2942,3043.39,176.093
649,5,18,13.5322,3131.25,187.395
650,5,19,11.6366,3148.95,199.469
651,5,20,27.0659,2999.79,212.327
652,5,21,18.5734,3084.72,224.659
653,5,22,11.491,3157.9,236.924
654,5,23,16.5759,3103.67,249.048
655,5,24,26.9438,2989.62,262.019
656,5,25,21.4639,3051.72,274.276
657,5,26,13.9529,3139.35,287.003
658,5,27,37.4257,2857.68,307.541
659,5,28,22.2461,3044.89,323.212
660,5,29,28.1448,2970.18,336.089
661,5,30,25.2703,3007.55,348.523
662,5,31,21.7436,3054.57,361.064
663,5,32,26.7543,2986.09,374.005
664,5,33,24.0245,3024.31,386.458
665,5,34,19.048,3095.64,399.618
666,5,35,21.0395,3066.43,411.973
667,5,36,25.4642,3000.06,425.162
668,5,37,21.5068,3060.74,438.254
669,5,38,16.9459,3132.19,451.811
670,5,39,25.0088,3003.18,468.647
671,5,40,19.4738,3093.59,483.214
672,5,41,22.5865,3041.71,496.314
673,5,42,21.7286,3056.3,508.675
674,5,43,19.4238,3096.25,521.506
675,5,44,22.0941,3049.07,534.606
676,5,45,20.343,3080.59,547.263
677,5,46,17.5578,3131.65,560.637
678,5,47,19.8577,3088.72,573.73
679,5,48,22.477,3038.95,587.179
680,5,49,20.1218,3084.49,600.491
681,5,50,18.18,3122.68,613.531
682,5,51,27.0203,2945.87,641.17
683,5,52,23.2207,3023.13,656.341
684,5,53,24.991,2986.54,669.532
685,5,54,23.8553,3010.39,682.38
686,5,55,22.2497,3044.64,695.543
687,5,56,24.9797,2985.5,709.974
688,5,57,23.5717,3016.47,723.079
689,5,58,21.6146,3060.18,736.763
690,5,59,23.1588,3025.18,750.078
691,5,60,24.0793,3004.01,762.925
692,5,61,22.5256,3040.26,776.366
693,5,62,21.6542,3060.88,789.212
694,5,63,25.2658,2974.2,807.176
695,5,64,23.6049,3014.62,820.964
696,5,65,25.8251,2959.85,835.805
697,5,66,24.2484,2999.27,849.623
698,5,67,23.5631,3016.63,862.494
699,5,68,25.3596,2970.52,876.876
700,5,69,24.0933,3003.45,890.434
701,5,70,22.9661,3033.13,903.847
702,5,71,24.2245,2999.57,917.512
703,5,72,25.0105,2978.35,930.571
704,5,73,23.6561,3015.37,944.551
705,5,74,22.8429,3037.87,957.696
706,5,75,26.3434,2939.86,979.949
707,5,76,25.5666,2961.86,993.163
708,5,77,27.3042,2912.05,1008.39
709,5,78,26.1471,2945.61,1022.29
710,5,79,25.6807,2959.29,1035.25
711,5,80,26.6447,2930.69,1048.89
712,5,81,25.6624,2960.16,1062.62
713,5,82,24.8915,2983.54,1076.01
714,5,83,25.1747,2974.86,1088.84
715,5,84,25.9912,2949.55,1102.37
716,5,85,24.8617,2984.94,1116.72
717,5,86,23.7732,3019.41,1131.02
718,5,87,26.6033,2928.84,1154.27
719,5,88,25.6632,2959.24,1168.27
720,5,89,26.8064,2921.9,1182.9
721,5,90,26.0087,2948.22,1196.66
722,5,91,25.5327,2964.09,1209.86
723,5,92,26.194,2941.82,1223.4
724,5,93,25.6257,2961.15,1236.78
725,5,94,24.7909,2989.81,1250.83
726,5,95,25.3421,2970.7,1264.23
727,5,96,25.7903,2955.01,1277.45
728,5,97,24.8313,2988.9,1292.11
729,5,98,23.8006,3025.66,1307.13
730,5,99,25.8012,2953.64,1328.17
731,5,100,24.6928,2993.91,1343.61
732,5,101,25.1444,2977.35,1356.99
733,5,102,24.6333,2996.26,1370.51
734,5,103,24.0588,3017.71,1384.21
735,5,104,24.6773,2994.41,1398.07
736,5,105,24.1522,3014.37,1411.7
737,5,106,23.4733,3040.39,1425.84
738,5,107,23.8464,3025.97,1439.15
739,5,108,24.1983,3012.24,1452.44
740,5,109,23.1821,3052.21,1468.4
741,5,110,22.5078,3078.96,1482.72
742,5,111,23.922,3022.39,1501.79
743,5,112,22.9176,3062.9,1517.89
744,5,113,23.7183,3030.34,1532.91
745,5,114,23.2312,3050.31,1546.71
746,5,115,22.7313,3070.97,1560.57
747,5,116,23.3872,3043.64,1575.09
748,5,117,22.8422,3066.53,1589.19
749,5,118,22.2545,3091.41,1603.51
750,5,119,22.7409,3070.66,1617.45
751,5,120,23.1668,3052.35,1631.2
752,5,121,22.3425,3088.07,1647.03
753,5,122,21.9935,3103.3,1660.58
754,5,123,22.8812,3064.25,1677.05
755,5,124,22.194,3094.71,1692.2
756,5,125,22.944,3061.21,1707.81
757,5,126,22.4984,3081.26,1721.82
758,5,127,22.2095,3094.36,1735.29
759,5,128,22.8722,3064.1,1750.55
760,5,129,22.3791,3086.78,1764.88
761,5,130,22.0005,3104.32,1778.72
762,5,131,22.5684,3077.82,1793.55
763,5,132,23.0485,3055.26,1807.93
764,5,133,22.4244,3084.8,1823.25
765,6,10,-0.132,2983.58,67.6603
766,6,11,71.3691,2459.24,78.4236
767,6,12,118.187,2100.3,90.067
768,6,13,54.5557,2609.36,102.081
769,6,14,7.536,3001.19,114.854
770,6,15,100.076,2199.17,133.169
771,6,16,29.4922,2834.43,148.996
772,6,17,61.0739,2539.66,162.069
773,6,18,43.9978,2704.73,174.546
774,6,19,37.4792,2769.92,185.64
775,6,20,51.5201,2624.83,198.163
776,6,21,38.9092,2759.35,210.705
777,6,22,28.6012,2872.74,223.149
778,6,23,32.3499,2830.25,235.108
779,6,24,42.1487,2715.93,247.769
780,6,25,34.6003,2806.51,260.204
781,6,26,25.1229,2923.4,273.211
782,6,27,49.7142,2611.91,293.336
783,6,28,32.1461,2840.3,309.525
784,6,29,37.7114,2766.09,322.246
785,6,30,33.8415,2818.98,334.755
786,6,31,29.3842,2881.38,347.396
787,6,32,34.2001,2812.35,360.182
788,6,33,30.7435,2863.05,372.719
789,6,34,24.9604,2949.8,386.054
790,6,35,26.6905,2923.27,398.335
791,6,36,31.0361,2855.19,411.365
792,6,37,26.4831,2928.04,424.616
793,6,38,21.3442,3011.97,438.352
794,6,39,29.6226,2874,454.934
795,6,40,23.5077,2977.95,469.716
796,6,41,26.5693,2924.88,482.707
797,6,42,25.4497,2944.66,495.097
798,6,43,22.8278,2991.86,508.017
799,6,44,25.4605,2943.59,521.013
800,6,45,23.4534,2981.06,533.742
801,6,46,20.3806,3039.44,547.233
802,6,47,22.6556,2995.46,560.232
803,6,48,25.2666,2944.11,573.568
804,6,49,22.6775,2995.89,586.991
805,6,50,20.5359,3039.43,600.119
806,6,51,29.6582,2850.91,627.444
807,6,52,25.5846,2936.45,642.762
808,6,53,27.3301,2899.21,655.889
809,6,54,26.0526,2926.89,668.782
810,6,55,24.2949,2965.56,682.008
811,6,56,27.0518,2903.99,696.333
812,6,57,25.5099,2938.94,709.497
813,6,58,23.4058,2987.34,723.26
814,6,59,24.9409,2951.52,736.514
815,6,60,25.8301,2930.47,749.323
816,6,61,24.1583,2970.6,762.833
817,6,62,23.199,2993.94,775.719
818,6,63,26.8819,2903.09,793.523
819,6,64,25.11,2947.39,807.386
820,6,65,27.354,2890.54,822.129
821,6,66,25.6755,2933.63,836.019
822,6,67,24.922,2953.22,848.923
823,6,68,26.7325,2905.54,863.222
824,6,69,25.3837,2941.51,876.841
825,6,70,24.182,2973.95,890.307
826,6,71,25.4418,2939.52,903.913
827,6,72,26.2149,2918.13,916.934
828,6,73,24.7852,2958.16,930.983
829,6,74,23.9157,2982.8,944.169
830,6,75,27.4855,2880.46,966.244
831,6,76,26.6547,2904.56,979.496
832,6,77,28.4104,2853.06,994.635
833,6,78,27.1913,2889.22,1008.6
834,6,79,26.6841,2904.44,1021.58
835,6,80,27.647,2875.23,1035.17
836,6,81,26.6124,2906.96,1048.96
837,6,82,25.7968,2932.24,1062.38
838,6,83,26.064,2923.87,1075.2
839,6,84,26.8788,2898.07,1088.69
840,6,85,25.6989,2935.83,1103.1
841,6,86,24.5628,2972.56,1117.46
842,6,87,27.4427,2878.48,1140.54
843,6,88,26.4596,2910.92,1154.59
844,6,89,27.6111,2872.54,1169.16
845,6,90,26.7757,2900.67,1182.96
846,6,91,26.2708,2917.83,1196.19
847,6,92,26.9304,2895.19,1209.7
848,6,93,26.3324,2915.92,1223.11
849,6,94,25.463,2946.35,1237.2
850,6,95,26.0114,2926.97,1250.57
851,6,96,26.4548,2911.15,1263.78
852,6,97,25.4606,2946.95,1278.49
853,6,98,24.3941,2985.69,1293.56
854,6,99,26.4246,2911.24,1314.47
855,6,100,25.2798,2953.6,1329.96
856,6,101,25.7286,2936.85,1343.32
857,6,102,25.1949,2956.95,1356.87
858,6,103,24.5972,2979.66,1370.6
859,6,104,25.2173,2955.89,1384.43
860,6,105,24.6709,2977.02,1398.09
861,6,106,23.9683,3004.42,1412.26
862,6,107,24.339,2989.84,1425.56
863,6,108,24.6882,2975.99,1438.82
864,6,109,23.643,3017.8,1454.84
865,6,110,22.9471,3045.86,1469.19
866,6,111,24.3797,2987.6,1488.17
867,6,112,23.348,3029.91,1504.31
868,6,113,24.1556,2996.53,1519.29
869,6,114,23.6515,3017.53,1533.11
870,6,115,23.1349,3039.23,1547
871,6,116,23.7953,3011.27,1561.49
872,6,117,23.2332,3035.25,1575.61
873,6,118,22.6282,3061.27,1589.95
874,6,119,23.1166,3040.1,1603.87
875,6,120,23.5434,3021.47,1617.6
876,6,121,22.6983,3058.65,1633.47
877,6,122,22.3374,3074.65,1647.04
878,6,123,23.2342,3034.59,1663.45
879,6,124,22.5295,3066.3,1678.63
880,6,125,23.2864,3031.99,1694.2
881,6,126,22.8278,3052.93,1708.23
882,6,127,22.5289,3066.69,1721.73
883,6,128,23.1971,3035.72,1736.95
884,6,129,22.6908,3059.35,1751.29
885,6,130,22.3012,3077.66,1765.15
886,6,131,22.8733,3050.58,1779.96
887,6,132,23.3561,3027.57,1794.31
888,6,133,22.7175,3058.22,1809.66
889,7,11,-3.804,3185.92,67.5922
890,7,12,83.6777,2456.9,78.6852
891,7,13,11.7257,3080.49,91.1164
892,7,14,-36.3414,3513.09,102.293
893,7,15,86.514,2366.44,121.201
894,7,16,4.52545,3159,136.465
895,7,17,46.3887,2740.36,149.74
896,7,18,28.9141,2920.93,162.157
897,7,19,23.7132,2976.41,174.253
898,7,20,41.7265,2778.26,185.922
899,7,21,28.74,2925.44,198.372
900,7,22,18.4146,3045.91,210.717
901,7,23,23.8028,2981.25,222.76
902,7,24,35.6401,2835.26,235.562
903,7,25,27.9822,2932.26,247.91
904,7,26,18.2189,3059.18,260.758
905,7,27,45.8097,2691.3,280.994
906,7,28,26.9994,2948.37,296.911
907,7,29,33.4962,2857.42,309.713
908,7,30,29.6551,2912.48,322.202
909,7,31,25.1761,2978.17,334.801
910,7,32,30.6862,2895.52,347.667
911,7,33,27.2338,2948.45,360.171
912,7,34,21.2883,3041.6,373.407
913,7,35,23.391,3007.96,385.738
914,7,36,28.2463,2928.65,398.851
915,7,37,23.5796,3006.43,412.017
916,7,38,18.301,3096.17,425.636
917,7,39,27.2655,2940.78,442.328
918,7,40,20.9295,3052.72,456.97
919,7,41,24.3134,2991.81,470.028
920,7,42,23.2569,3011.18,482.412
921,7,43,20.6118,3060.55,495.282
922,7,44,23.4997,3005.68,508.342
923,7,45,21.4903,3044.53,521.033
924,7,46,18.362,3106.05,534.445
925,7,47,20.8464,3056.37,547.508
926,7,48,23.6679,2999,560.909
927,7,49,21.0328,3053.45,574.264
928,7,50,18.8685,3098.9,587.335
929,7,51,28.4703,2894.07,614.666
930,7,52,24.2713,2985.05,629.885
931,7,53,26.147,2943.78,643.052
932,7,54,24.8655,2972.4,655.932
933,7,55,23.0846,3012.77,669.128
934,7,56,26.0001,2945.71,683.499
935,7,57,24.439,2982.14,696.638
936,7,58,22.2952,3032.87,710.353
937,7,59,23.9301,2993.63,723.646
938,7,60,24.8897,2970.29,736.485
939,7,61,23.1913,3012.18,749.957
940,7,62,22.2323,3036.15,762.827
941,7,63,26.0783,2938.72,780.666
942,7,64,24.273,2985.06,794.487
943,7,65,26.6215,2924,809.265
944,7,66,24.9114,2969.03,823.116
945,7,67,24.1583,2989.11,836.011
946,7,68,26.0518,2937.99,850.345
947,7,69,24.6818,2975.43,863.933
948,7,70,23.4645,3009.11,877.371
949,7,71,24.7851,2972.14,891.01
950,7,72,25.6015,2949,904.057
951,7,73,24.1475,2990.69,918.065
952,7,74,23.2711,3016.1,931.232
953,7,75,26.9632,2907.8,953.304
954,7,76,26.1235,2932.71,966.544
955,7,77,27.9436,2878.11,981.704
956,7,78,26.7036,2915.72,995.642
957,7,79,26.1959,2931.29,1008.62
958,7,80,27.198,2900.22,1022.24
959,7,81,26.1478,2933.13,1035.99
960,7,82,25.323,2959.25,1049.4
961,7,83,25.6095,2950.08,1062.23
962,7,84,26.4567,2922.69,1075.75
963,7,85,25.2576,2961.86,1090.12
964,7,86,24.1042,2999.92,1104.45
965,7,87,27.0665,2901.18,1127.51
966,7,88,26.0687,2934.77,1141.54
967,7,89,27.2573,2894.36,1156.12
968,7,90,26.4104,2923.44,1169.91
969,7,91,25.9023,2941.05,1183.13
970,7,92,26.5858,2917.13,1196.66
971,7,93,25.982,2938.46,1210.06
972,7,94,25.1007,2969.9,1224.13
973,7,95,25.6696,2949.41,1237.52
974,7,96,26.1305,2932.67,1250.74
975,7,97,25.1215,2969.67,1265.41
976,7,98,24.0392,3009.71,1280.44
977,7,99,26.1211,2931.99,1301.35
978,7,100,24.9584,2975.78,1316.8
979,7,101,25.4233,2958.11,1330.18
980,7,102,24.8849,2978.76,1343.71
981,7,103,24.2812,3002.1,1357.43
982,7,104,24.9205,2977.16,1371.28
983,7,105,24.369,2998.86,1384.92
984,7,106,23.6584,3027.04,1399.08
985,7,107,24.0426,3011.68,1412.39
986,7,108,24.4044,2997.08,1425.67
987,7,109,23.3445,3040.19,1441.64
988,7,110,22.6409,3069.03,1455.96
989,7,111,24.1066,3008.45,1474.95
990,7,112,23.0606,3052.03,1491.04
991,7,113,23.8886,3017.26,1506.04
992,7,114,23.3802,3038.78,1519.85
993,7,115,22.859,3061.02,1533.72
994,7,116,23.5365,3031.89,1548.23
995,7,117,22.969,3056.48,1562.34
996,7,118,22.3579,3083.16,1576.66
997,7,119,22.8597,3061.08,1590.59
998,7,120,23.2984,3041.63,1604.34
999,7,121,22.443,3079.84,1620.16
1000,7,122,22.0802,3096.17,1633.73
1001,7,123,22.9967,3054.62,1650.15
1002,7,124,22.2842,3087.16,1665.3
1003,7,125,23.0579,3051.57,1680.89
1004,7,126,22.5955,3072.99,1694.9
1005,7,127,22.2954,3087,1708.39
1006,7,128,22.9784,3054.89,1723.63
1007,7,129,22.4674,3079.08,1737.96
1008,7,130,22.0751,3097.78,1751.8
1009,7,131,22.66,3069.71,1766.62
1010,7,132,23.1539,3045.83,1780.99
1011,7,133,22.5084,3077.25,1796.31
1012,8,12,65.178,2654.23,68.446
1013,8,13,-24.5914,3492.08,79.5989
1014,8,14,-76.0157,3989.18,91.4331
1015,8,15,87.4721,2354.3,109.232
1016,8,16,-12.949,3391.99,124.148
1017,8,17,40.7818,2818.86,137.517
1018,8,18,21.1495,3034.82,149.963
1019,8,19,16.3758,3088.92,162.12
1020,8,20,38.2892,2833.26,174.869
1021,8,21,23.9385,3005.47,186.318
1022,8,22,12.8766,3141.9,198.653
1023,8,23,19.6306,3056.35,210.775
1024,8,24,33.3513,2877.98,223.636
1025,8,25,25.0969,2988.04,235.978
1026,8,26,14.6096,3131.36,248.763
1027,8,27,45.3204,2701.41,268.777
1028,8,28,24.7653,2996.04,284.528
1029,8,29,32.0558,2889.11,297.376
1030,8,30,28.0059,2949.86,309.884
1031,8,31,23.2911,3022.15,322.487
1032,8,32,29.3928,2926.56,335.395
1033,8,33,25.7743,2984.45,347.909
1034,8,34,19.4966,3086.99,361.105
1035,8,35,21.8774,3047.31,373.48
1036,8,36,27.1719,2957.3,386.627
1037,8,37,22.2657,3042.34,399.761
1038,8,38,16.7313,3140.12,413.321
1039,8,39,26.3543,2966.9,429.987
1040,8,40,19.6895,3089.09,444.547
1041,8,41,23.3453,3020.85,457.64
1042,8,42,22.2838,3041.02,470.04
1043,8,43,19.5458,3093.95,482.897
1044,8,44,22.6474,3032.96,495.99
1045,8,45,20.5771,3074.36,508.677
1046,8,46,17.3352,3140.28,522.05
1047,8,47,19.9952,3085.31,535.147
1048,8,48,22.9959,3022.29,548.574
1049,8,49,20.2673,3080.5,561.901
1050,8,50,18.038,3128.8,574.949
1051,8,51,28.114,2907.13,602.067
1052,8,52,23.7441,3004.73,617.228
1053,8,53,25.7243,2959.84,630.416
1054,8,54,24.4063,2990.16,643.303
1055,8,55,22.5703,3033,656.493
1056,8,56,25.6258,2960.68,670.87
1057,8,57,24.0172,2999.29,684.007
1058,8,58,21.8059,3053.1,697.701
1059,8,59,23.5225,3010.75,711.015
1060,8,60,24.5336,2985.48,723.875
1061,8,61,22.7856,3029.76,737.334
1062,8,62,21.8064,3054.89,750.207
1063,8,63,25.805,2950.93,768.006
1064,8,64,23.946,2999.88,781.811
1065,8,65,26.3867,2934.8,796.587
1066,8,66,24.6266,2982.32,810.423
1067,8,67,23.8579,3003.33,823.324
1068,8,68,25.8233,2948.95,837.662
1069,8,69,24.4165,2988.35,851.24
1070,8,70,23.169,3023.69,864.671
1071,8,71,24.5401,2984.39,878.322
1072,8,72,25.3892,2959.76,891.385
1073,8,73,23.8975,3003.52,905.375
1074,8,74,23.0025,3030.07,918.54
1075,8,75,26.811,2915.82,940.524
1076,8,76,25.9514,2941.89,953.766
1077,8,77,27.8284,2884.33,968.917
1078,8,78,26.5567,2923.75,982.846
1079,8,79,26.039,2939.97,995.828
1080,8,80,27.0729,2907.23,1009.46
1081,8,81,25.9977,2941.64,1023.21
1082,8,82,25.1549,2968.89,1036.61
1083,8,83,25.4533,2959.14,1049.46
1084,8,84,26.3266,2930.32,1062.99
1085,8,85,25.1001,2971.21,1077.34
1086,8,86,23.9215,3010.89,1091.65
1087,8,87,26.9624,2907.5,1114.62
1088,8,88,25.9425,2942.51,1128.64
1089,8,89,27.1632,2900.19,1143.22
1090,8,90,26.2982,2930.47,1157.01
1091,8,91,25.7806,2948.76,1170.23
1092,8,92,26.483,2923.7,1183.77
1093,8,93,25.8676,2945.86,1197.17
1094,8,94,24.9687,2978.52,1211.23
1095,8,95,25.5536,2957.07,1224.63
1096,8,96,26.0274,2939.54,1237.86
1097,8,97,24.9982,2977.96,1252.52
1098,8,98,23.8949,3019.52,1267.53
1099,8,99,26.0251,2938.57,1288.38
1100,8,100,24.8395,2984.02,1303.8
1101,8,101,25.3169,2965.57,1317.19
1102,8,102,24.7693,2986.92,1330.73
1103,8,103,24.1555,3011.06,1344.44
1104,8,104,24.8105,2985.08,1358.3
1105,8,105,24.2501,3007.5,1371.94
1106,8,106,23.5275,3036.64,1386.08
1107,8,107,23.922,3020.6,1399.4
1108,8,108,24.2934,3005.37,1412.7
1109,8,109,23.2148,3049.95,1428.63
1110,8,110,22.5001,3079.73,1442.94
1111,8,111,23.9967,3016.88,1461.9
1112,8,112,22.9329,3061.91,1477.96
1113,8,113,23.7789,3025.81,1492.97
1114,8,114,23.263,3048,1506.77
1115,8,115,22.7344,3070.9,1520.64
1116,8,116,23.4266,3040.68,1535.15
1117,8,117,22.8507,3066.02,1549.25
1118,8,118,22.2307,3093.5,1563.56
1119,8,119,22.7438,3070.59,1577.5
1120,8,120,23.1924,3050.4,1591.26
1121,8,121,22.3238,3089.78,1607.05
1122,8,122,21.9567,3106.54,1620.61
1123,8,123,22.8912,3063.55,1637.03
1124,8,124,22.1683,3097.05,1652.16
1125,8,125,22.9571,3060.24,1667.75
1126,8,126,22.4886,3082.26,1681.76
1127,8,127,22.1853,3096.61,1695.25
1128,8,128,22.8814,3063.43,1710.48
1129,8,129,22.3636,3088.29,1724.8
1130,8,130,21.9666,3107.47,1738.65
1131,8,131,22.5627,3078.46,1753.47
1132,8,132,23.0661,3053.8,1767.84
1133,8,133,22.4117,3086.08,1783.14
1134,9,13,130.812,1679.04,66.3264
1135,9,14,10.4451,2922.83,78.4311
1136,9,15,195.941,944.211,95.9223
1137,9,16,43.2971,2623.29,111.118
1138,9,17,96.469,2020.68,124.064
1139,9,18,61.7727,2425.47,136.755
1140,9,19,48.7451,2581.8,148.998
1141,9,20,68.9159,2333.02,161.474
1142,9,21,47.6456,2602.45,174.165
1143,9,22,31.6167,2810.82,185.691
1144,9,23,36.7725,2742.08,197.714
1145,9,24,50.0656,2560.41,210.315
1146,9,25,38.8737,2717.09,222.848
1147,9,26,25.6903,2906.06,235.873
1148,9,27,58.4675,2425.32,255.309
1149,9,28,34.5421,2784.2,271.431
1150,9,29,41.5958,2676.05,284.171
1151,9,30,36.3106,2758.85,296.765
1152,9,31,30.4636,2852.4,309.467
1153,9,32,36.4761,2754.2,322.264
1154,9,33,32.0015,2828.77,334.864
1155,9,34,24.7618,2951.85,348.194
1156,9,35,26.929,2914.28,360.532
1157,9,36,32.2408,2820.44,373.559
1158,9,37,26.6467,2921.14,386.817
1159,9,38,20.4513,3034.72,400.503
1160,9,39,30.4551,2847.98,416.915
1161,9,40,23.1174,2987.4,431.616
1162,9,41,26.7871,2916.45,444.632
1163,9,42,25.4607,2942.54,457.07
1164,9,43,22.3847,3004.06,470
1165,9,44,25.5009,2940.69,483.018
1166,9,45,23.1644,2988.98,495.767
1167,9,46,19.6157,3063.5,509.225
1168,9,47,22.2952,3006.34,522.255
1169,9,48,25.3309,2940.57,535.597
1170,9,49,22.3552,3006.03,549.005
1171,9,50,19.9204,3060.41,562.12
1172,9,51,30.3775,2823.38,588.837
1173,9,52,25.7061,2930.82,604.093
1174,9,53,27.6871,2884.6,617.238
1175,9,54,26.2265,2919.17,630.167
1176,9,55,24.2349,2966.97,643.408
1177,9,56,27.3483,2891.21,657.698
1178,9,57,25.6038,2934.24,670.884
1179,9,58,23.2406,2993.32,684.637
1180,9,59,24.9682,2949.55,697.908
1181,9,60,25.9626,2924.03,710.747
1182,9,61,24.0947,2972.6,724.258
1183,9,62,23.0308,3000.61,737.166
1184,9,63,27.1303,2891.29,754.812
1185,9,64,25.1575,2944.56,768.671
1186,9,65,27.6413,2876.66,783.365
1187,9,66,25.7773,2928.24,797.254
1188,9,67,24.9435,2951.58,810.185
1189,9,68,26.9382,2895.07,824.457
1190,9,69,25.4487,2937.76,838.081
1191,9,70,24.1277,2976.07,851.553
1192,9,71,25.5119,2935.47,865.162
1193,9,72,26.3571,2910.4,878.201
1194,9,73,24.7898,2957.42,892.239
1195,9,74,23.8406,2986.21,905.438
1196,9,75,27.7378,2866.7,927.233
1197,9,76,26.8257,2894.97,940.507
1198,9,77,28.7318,2835.25,955.586
1199,9,78,27.3979,2877.48,969.558
1200,9,79,26.8419,2895.28,982.564
1201,9,80,27.8822,2861.64,996.158
1202,9,81,26.7554,2898.45,1009.95
1203,9,82,25.8693,2927.69,1023.39
1204,9,83,26.1566,2918.11,1036.23
1205,9,84,27.0344,2888.56,1049.72
1206,9,85,25.7577,2931.97,1064.12
1207,9,86,24.532,2974.05,1078.46
1208,9,87,27.6344,2866.5,1101.27
1209,9,88,26.5722,2903.68,1115.32
1210,9,89,27.8075,2860.03,1129.86
1211,9,90,26.9057,2892.2,1143.67
1212,9,91,26.361,2911.81,1156.92
1213,9,92,27.0663,2886.18,1170.43
1214,9,93,26.4227,2909.78,1183.87
1215,9,94,25.49,2944.29,1197.96
1216,9,95,26.0763,2922.4,1211.34
1217,9,96,26.549,2904.59,1224.55
1218,9,97,25.485,2945.03,1239.25
1219,9,98,24.3464,2988.67,1254.29
1220,9,99,26.5135,2904.88,1275.02
1221,9,100,25.2914,2952.54,1290.47
1222,9,101,25.7694,2933.74,1303.84
1223,9,102,25.2005,2956.3,1317.4
1224,9,103,24.5647,2981.74,1331.14
1225,9,104,25.2249,2955.11,1344.97
1226,9,105,24.6443,2978.72,1358.64
1227,9,106,23.8989,3009.28,1372.8
1228,9,107,24.2939,2992.96,1386.12
1229,9,108,24.6653,2977.48,1399.4
1230,9,109,23.558,3023.99,1415.36
1231,9,110,22.8226,3055.12,1429.7
1232,9,111,24.342,2990.29,1448.57
1233,9,112,23.251,3037.2,1464.65
1234,9,113,24.1071,3000.11,1479.62
1235,9,114,23.5753,3023.33,1493.45
1236,9,115,23.0309,3047.28,1507.33
1237,9,116,23.7305,3016.27,1521.82
1238,9,117,23.1385,3042.71,1535.93
1239,9,118,22.502,3071.35,1550.26
1240,9,119,23.0194,3047.9,1564.19
1241,9,120,23.4711,3027.27,1577.93
1242,9,121,22.5821,3068.16,1593.74
1243,9,122,22.2041,3085.67,1607.32
1244,9,123,23.1506,3041.51,1623.7
1245,9,124,22.4107,3076.28,1638.85
1246,9,125,23.2088,3038.5,1654.4
1247,9,126,22.7281,3061.42,1668.42
1248,9,127,22.4157,3076.41,1681.92
1249,9,128,23.1196,3042.39,1697.13
1250,9,129,22.5893,3068.2,1711.47
1251,9,130,22.1821,3088.15,1725.32
1252,9,131,22.7844,3058.44,1740.12
1253,9,132,23.2923,3033.21,1754.47
1254,9,133,22.6238,3066.64,1769.79
1255,10,14,-81.78,4091.02,67.2225
1256,10,15,196.289,939.566,84.0012
1257,10,16,-0.0664286,3230.38,99.5442
1258,10,17,77.2393,2302.71,111.694
1259,10,18,39.106,2773.02,124.333
1260,10,19,28.0062,2913.62,136.591
1261,10,20,55.6151,2554.7,149.222
1262,10,21,33.0166,2856.02,161.815
1263,10,22,16.7723,3078.02,174.239
1264,10,23,24.7853,2965.84,185.359
1265,10,24,41.4491,2726.99,198.109
1266,10,25,29.9352,2895.86,210.546
1267,10,26,16.2525,3101.1,223.4
1268,10,27,53.7202,2526.6,242.931
1269,10,28,27.7761,2933.06,258.762
1270,10,29,36.2118,2798.09,271.588
1271,10,30,30.9359,2884.26,284.162
1272,10,31,25.0461,2982.42,296.822
1273,10,32,32.0524,2863.32,309.705
1274,10,33,27.5735,2940.95,322.271
1275,10,34,20.1089,3072.82,335.499
1276,10,35,22.8007,3024.37,347.892
1277,10,36,28.8119,2914.17,361.008
1278,10,37,23.0631,3021.48,374.177
1279,10,38,16.6875,3142.61,387.742
1280,10,39,27.6091,2931.46,404.269
1281,10,40,19.9817,3081.47,418.826
1282,10,41,24.0767,2999.57,431.912
1283,10,42,22.8342,3024.83,444.346
1284,10,43,19.7317,3088.95,457.225
1285,10,44,23.1776,3016.59,470.312
1286,10,45,20.8404,3066.45,483.023
1287,10,46,17.2255,3144.77,496.399
1288,10,47,20.1718,3079.95,509.498
1289,10,48,23.472,3006.25,522.908
1290,10,49,20.4406,3074.96,536.247
1291,10,50,17.9804,3131.54,549.304
1292,10,51,29.0278,2873.77,576.024
1293,10,52,24.2019,2987.98,591.18
1294,10,53,26.3414,2936.64,604.366
1295,10,54,24.8756,2972.3,617.283
1296,10,55,22.8561,3022.12,630.494
1297,10,56,26.1608,2939.5,644.831
1298,10,57,24.393,2984.28,657.992
1299,10,58,21.9828,3046.15,671.697
1300,10,59,23.8298,2998.12,685.009
1301,10,60,24.9079,2969.74,697.878
1302,10,61,23.0086,3020.38,711.352
1303,10,62,21.9456,3049.08,724.245
1304,10,63,26.2371,2931.78,741.925
1305,10,64,24.2251,2987.45,755.742
1306,10,65,26.8309,2914.48,770.472
1307,10,66,24.9299,2968.35,784.322
1308,10,67,24.0966,2992.23,797.245
1309,10,68,26.1877,2931.59,811.552
1310,10,69,24.6735,2976.01,825.146
1311,10,70,23.3346,3015.73,838.59
1312,10,71,24.789,2972.1,852.232
1313,10,72,25.684,2944.95,865.298
1314,10,73,24.0887,2993.87,879.296
1315,10,74,23.1319,3023.53,892.476
1316,10,75,27.1687,2897.05,914.266
1317,10,76,26.2463,2926.26,927.528
1318,10,77,28.2255,2862.92,942.629
1319,10,78,26.8677,2906.82,956.573
1320,10,79,26.3109,2925.01,969.577
1321,10,80,27.3955,2889.22,983.195
1322,10,81,26.2509,2927.38,996.961
1323,10,82,25.3544,2957.56,1010.38
1324,10,83,25.6634,2947.05,1023.24
1325,10,84,26.5777,2915.66,1036.76
1326,10,85,25.2794,2960.67,1051.12
1327,10,86,24.0343,3004.25,1065.43
1328,10,87,27.229,2891.37,1088.21
1329,10,88,26.1502,2929.84,1102.24
1330,10,89,27.4269,2883.88,1116.8
1331,10,90,26.5122,2917.12,1130.6
1332,10,91,25.9639,2937.22,1143.84
1333,10,92,26.6957,2910.14,1157.37
1334,10,93,26.0456,2934.42,1170.79
1335,10,94,25.0998,2970.04,1184.86
1336,10,95,25.7088,2946.9,1198.26
1337,10,96,26.2009,2928.03,1211.49
1338,10,97,25.1206,2969.8,1226.15
1339,10,98,23.9646,3014.89,1241.15
1340,10,99,26.1883,2927.42,1261.88
1341,10,100,24.9466,2976.68,1277.29
1342,10,101,25.4424,2956.85,1290.68
1343,10,102,24.8684,2980,1304.23
1344,10,103,24.2261,3006.12,1317.95
1345,10,104,24.9073,2978.19,1331.8
1346,10,105,24.3212,3002.41,1345.45
1347,10,106,23.5671,3033.83,1359.6
1348,10,107,23.9769,3016.62,1372.93
1349,10,108,24.3622,3000.31,1386.23
1350,10,109,23.2388,3048.24,1402.14
1351,10,110,22.4952,3080.22,1416.45
1352,10,111,24.0508,3012.81,1435.33
1353,10,112,22.9443,3061.13,1451.37
1354,10,113,23.8228,3022.47,1466.36
1355,10,114,23.2862,3046.26,1480.16
1356,10,115,22.7371,3070.79,1494.04
1357,10,116,23.4552,3038.48,1508.54
1358,10,117,22.8573,3065.58,1522.64
1359,10,118,22.2143,3094.94,1536.94
1360,10,119,22.7463,3070.47,1550.89
1361,10,120,23.2111,3048.94,1564.65
1362,10,121,22.3109,3090.94,1580.42
1363,10,122,21.931,3108.8,1593.99
1364,10,123,22.8989,3062.99,1610.38
1365,10,124,22.1505,3098.66,1625.5
1366,10,125,22.9669,3059.47,1641.07
1367,10,126,22.4821,3082.9,1655.07
1368,10,127,22.1685,3098.16,1668.57
1369,10,128,22.8884,3062.89,1683.79
1370,10,129,22.3531,3089.3,1698.11
1371,10,130,21.9431,3109.66,1711.95
1372,10,131,22.5592,3078.86,1726.77
1373,10,132,23.079,3052.69,1741.14
1374,10,133,22.4032,3086.93,1756.42
1375,11,15,157.152,1474.44,72.8448
1376,11,16,-91.6097,4542.5,86.5543
1377,11,17,33.9386,2952.22,100.066
1378,11,18,-2.90286,3431.16,111.623
1379,11,19,-7.134,3487.58,123.896
1380,11,20,33.0247,2938.74,136.75
1381,11,21,10.4247,3255.14,149.223
1382,11,22,-4.76161,3472.81,161.53
1383,11,23,7.79703,3288.62,173.778
1384,11,24,29.2683,2966.55,185.725
1385,11,25,17.8434,3141.73,198.057
1386,11,26,3.96176,3359.21,210.728
1387,11,27,47.2834,2666.06,230.454
1388,11,28,19.1718,3125.22,245.983
1389,11,29,29.4012,2954.73,258.91
1390,11,30,24.2788,3041.81,271.464
1391,11,31,18.462,3142.64,284.08
1392,11,32,26.7038,2997.03,297.061
1393,11,33,22.3006,3076.29,309.594
1394,11,34,14.6533,3216.49,322.717
1395,11,35,17.997,3154.07,335.174
1396,11,36,24.84,3024.06,348.388
1397,11,37,18.9596,3137.74,361.468
1398,11,38,12.4217,3266.32,374.911
1399,11,39,24.3908,3026.94,391.571
1400,11,40,16.4694,3188.01,405.983
1401,11,41,21.0552,3093.23,419.146
1402,11,42,19.9239,3116.99,431.577
1403,11,43,16.8098,3183.43,444.406
1404,11,44,20.6302,3100.65,457.567
1405,11,45,18.305,3151.81,470.242
1406,11,46,14.6302,3233.88,483.538
1407,11,47,17.876,3160.3,496.709
1408,11,48,21.4708,3077.62,510.192
1409,11,49,18.3865,3149.59,523.463
1410,11,50,15.9059,3208.3,536.464
1411,11,51,27.5935,2927.8,563.191
1412,11,52,22.6061,3049.16,578.248
1413,11,53,24.9193,2992.1,591.477
1414,11,54,23.4515,3028.79,604.382
1415,11,55,21.4056,3080.62,617.565
1416,11,56,24.917,2990.5,631.95
1417,11,57,23.1269,3037.04,645.088
1418,11,58,20.669,3101.76,658.745
1419,11,59,22.6451,3049.07,672.099
1420,11,60,23.8136,3017.52,685.001
1421,11,61,21.8828,3070.29,698.439
1422,11,62,20.8222,3099.64,711.318
1423,11,63,25.3181,2973.75,729.031
1424,11,64,23.2655,3031.91,742.808
1425,11,65,26.001,2953.49,757.574
1426,11,66,24.0618,3009.73,771.385
1427,11,67,23.2297,3034.14,784.302
1428,11,68,25.4227,2969.08,798.643
1429,11,69,23.8832,3015.26,812.208
1430,11,70,22.526,3056.43,825.626
1431,11,71,24.0546,3009.55,839.301
1432,11,72,25.0022,2980.18,852.395
1433,11,73,23.3779,3031.07,866.353
1434,11,74,22.4134,3061.62,879.516
1435,11,75,26.5965,2927.76,901.297
1436,11,76,25.6635,2957.92,914.549
1437,11,77,27.7192,2890.77,929.671
1438,11,78,26.3363,2936.41,943.589
1439,11,79,25.7788,2954.99,956.591
1440,11,80,26.9096,2916.92,970.233
1441,11,81,25.7464,2956.47,983.976
1442,11,82,24.839,2987.62,997.382
1443,11,83,25.1706,2976.13,1010.26
1444,11,84,26.123,2942.79,1023.8
1445,11,85,24.8022,2989.46,1038.13
1446,11,86,23.5368,3034.59,1052.4
1447,11,87,26.8275,2916.13,1075.16
1448,11,88,25.7313,2955.96,1089.17
1449,11,89,27.0509,2907.57,1103.74
1450,11,90,26.1227,2941.91,1117.52
1451,11,91,25.5705,2962.53,1130.76
1452,11,92,26.3298,2933.93,1144.31
1453,11,93,25.6728,2958.9,1157.72
1454,11,94,24.7134,2995.67,1171.77
1455,11,95,25.3458,2971.22,1185.19
1456,11,96,25.8578,2951.25,1198.44
1457,11,97,24.7605,2994.41,1213.06
1458,11,98,23.5864,3040.98,1228.02
1459,11,99,25.8686,2949.7,1248.74
1460,11,100,24.6064,3000.61,1264.11
1461,11,101,25.1206,2979.69,1277.52
1462,11,102,24.5411,3003.46,1291.06
1463,11,103,23.892,3030.28,1304.77
1464,11,104,24.5948,3001,1318.64
1465,11,105,24.003,3025.86,1332.28
1466,11,106,23.2398,3058.16,1346.4
1467,11,107,23.6648,3040.03,1359.75
1468,11,108,24.0643,3022.85,1373.06
1469,11,109,22.9243,3072.25,1388.93
1470,11,110,22.172,3105.1,1403.21
1471,11,111,23.7648,3035.02,1422.1
1472,11,112,22.6423,3084.79,1438.09
1473,11,113,23.5437,3044.52,1453.1
1474,11,114,23.0022,3068.89,1466.89
1475,11,115,22.448,3094.01,1480.75
1476,11,116,23.1851,3060.35,1495.27
1477,11,117,22.5811,3088.14,1509.35
1478,11,118,21.9313,3118.24,1523.64
1479,11,119,22.4783,3092.72,1537.6
1480,11,120,22.9563,3070.25,1551.38
1481,11,121,22.0445,3113.41,1567.11
1482,11,122,21.6626,3131.61,1580.67
1483,11,123,22.6523,3084.11,1597.07
1484,11,124,21.8951,3120.7,1612.16
1485,11,125,22.7302,3080.06,1627.75
1486,11,126,22.2411,3104.03,1641.74
1487,11,127,21.9263,3119.56,1655.23
1488,11,128,22.6625,3082.99,1670.47
1489,11,129,22.122,3110.02,1684.77
1490,11,130,21.709,3130.81,1698.6
1491,11,131,22.3391,3098.88,1713.43
1492,11,132,22.8711,3071.75,1727.81
1493,11,133,22.1877,3106.83,1743.07
1494,12,16,-107.256,4771.98,75.0332
1495,12,17,65.3571,2470.47,87.4948
1496,12,18,9.01286,3240.51,100.213
1497,12,19,0.745,3356.26,111.613
1498,12,20,48.077,2677.83,124.437
1499,12,21,17.9465,3119.75,137.03
1500,12,22,-1.36855,3409.47,149.432
1501,12,23,12.7177,3193.49,161.721
1502,12,24,36.7352,2817.21,174.599
1503,12,25,22.6114,3043.19,186.023
1504,12,26,6.24321,3310.54,198.756
1505,12,27,54.6949,2503.01,217.929
1506,12,28,22.4041,3051.95,233.474
1507,12,29,33.4109,2861.17,246.393
1508,12,30,27.3273,2968.65,259.01
1509,12,31,20.6239,3089.31,271.684
1510,12,32,29.4448,2927.59,284.648
1511,12,33,24.3921,3021.91,297.235
1512,12,34,15.898,3183.3,310.395
1513,12,35,19.4165,3115.27,322.873
1514,12,36,26.6934,2972.16,336.055
1515,12,37,20.2181,3101.67,349.173
1516,12,38,13.1027,3246.34,362.633
1517,12,39,25.8781,2982.32,379.128
1518,12,40,17.3078,3162.3,393.545
1519,12,41,22.1435,3059.14,406.696
1520,12,42,20.8689,3086.75,419.162
1521,12,43,17.5011,3160.84,432.022
1522,12,44,21.5112,3071.28,445.169
1523,12,45,18.9974,3128.26,457.876
1524,12,46,15.073,3218.52,471.19
1525,12,47,18.4746,3139.16,484.35
1526,12,48,22.2313,3050.25,497.807
1527,12,49,18.9447,3129.13,511.1
1528,12,50,16.3083,3193.28,524.122
1529,12,51,28.5601,2891.07,550.459
1530,12,52,23.2823,3023.01,565.521
1531,12,53,25.6734,2962.44,578.744
1532,12,54,24.1023,3002.76,591.677
1533,12,55,21.9338,3059.14,604.883
1534,12,56,25.5777,2963.18,619.228
1535,12,57,23.6811,3013.76,632.391
1536,12,58,21.095,3083.59,646.064
1537,12,59,23.1357,3027.81,659.411
1538,12,60,24.3319,2994.71,672.317
1539,12,61,22.3032,3051.52,685.774
1540,12,62,21.1845,3083.21,698.675
1541,12,63,25.8393,2949.78,716.277
1542,12,64,23.6896,3012.12,730.071
1543,12,65,26.5108,2929.36,744.793
1544,12,66,24.4824,2989.54,758.621
1545,12,67,23.6056,3015.84,771.559
1546,12,68,25.8624,2947.38,785.869
1547,12,69,24.2546,2996.69,799.451
1548,12,70,22.8389,3040.58,812.886
1549,12,71,24.408,2991.41,826.548
1550,12,72,25.375,2960.79,839.641
1551,12,73,23.6863,3014.83,853.612
1552,12,74,22.6814,3047.32,866.791
1553,12,75,26.9868,2906.68,888.412
1554,12,76,26.0131,2938.81,901.683
1555,12,77,28.1205,2868.56,916.762
1556,12,78,26.6844,2916.91,930.695
1557,12,79,26.1002,2936.77,943.715
1558,12,80,27.2545,2897.14,957.346
1559,12,81,26.0482,2938.96,971.104
1560,12,82,25.1067,2971.91,984.526
1561,12,83,25.4401,2960.13,997.411
1562,12,84,26.4112,2925.5,1010.95
1563,12,85,25.0469,2974.61,1025.28
1564,12,86,23.7413,3022.05,1039.56
1565,12,87,27.1131,2898.42,1062.17
1566,12,88,25.9811,2940.3,1076.19
1567,12,89,27.3281,2890.01,1090.74
1568,12,90,26.3695,2926.12,1104.54
1569,12,91,25.7972,2947.87,1117.79
1570,12,92,26.5697,2918.26,1131.34
1571,12,93,25.8908,2944.51,1144.76
1572,12,94,24.903,2983.03,1158.81
1573,12,95,25.546,2957.74,1172.23
1574,12,96,26.0653,2937.14,1185.49
1575,12,97,24.9377,2982.24,1200.12
1576,12,98,23.7325,3030.85,1215.08
1577,12,99,26.0633,2936.07,1235.7
1578,12,100,24.7683,2989.16,1251.07
1579,12,101,25.2903,2967.59,1264.48
1580,12,102,24.6943,2992.42,1278.03
1581,12,103,24.0279,3020.41,1291.75
1582,12,104,24.7428,2990.14,1305.61
1583,12,105,24.1353,3016.07,1319.26
1584,12,106,23.3532,3049.69,1333.39
1585,12,107,23.7847,3031,1346.74
1586,12,108,24.19,3013.3,1360.05
1587,12,109,23.0242,3064.6,1375.91
1588,12,110,22.2547,3098.71,1390.2
1589,12,111,23.8777,3026.21,1409.03
1590,12,112,22.7307,3077.83,1425.01
1591,12,113,23.648,3036.25,1440
1592,12,114,23.094,3061.55,1453.8
1593,12,115,22.5273,3087.61,1467.67
1594,12,116,23.277,3052.88,1482.18
1595,12,117,22.6599,3081.68,1496.26
1596,12,118,21.9964,3112.86,1510.55
1597,12,119,22.5523,3086.55,1524.51
1598,12,120,23.0378,3063.4,1538.28
1599,12,121,22.108,3108.04,1554.01
1600,12,122,21.718,3126.88,1567.58
1601,12,123,22.7244,3077.91,1583.95
1602,12,124,21.9526,3115.73,1599.04
1603,12,125,22.8012,3073.86,1614.6
1604,12,126,22.3024,3098.63,1628.6
1605,12,127,21.9811,3114.7,1642.1
1606,12,128,22.729,3077.06,1657.32
1607,12,129,22.1782,3104.96,1671.62
1608,12,130,21.7573,3126.43,1685.46
1609,12,131,22.3971,3093.58,1700.28
1610,12,132,22.9369,3065.69,1714.66
1611,12,133,22.2412,3101.87,1729.91
1612,13,17,214.722,130.422,75.2439
1613,13,18,89.808,1920.86,87.2939
1614,13,19,56.0936,2415.33,99.8442
1615,13,20,101.421,1735.42,111.474
1616,13,21,52.741,2481.85,124.322
1617,13,22,22.604,2954,136.907
1618,13,23,34.8927,2757.38,149.151
1619,13,24,59.2173,2360.08,161.822
1620,13,25,39.4619,2689.33,174.432
1621,13,26,18.3481,3048.27,186.352
1622,13,27,71.646,2124.44,204.845
1623,13,28,33.2,2803.65,220.635
1624,13,29,44.2316,2605.08,233.488
1625,13,30,36.2697,2751.05,246.195
1626,13,31,27.9195,2906.92,258.961
1627,13,32,36.8929,2736.42,271.851
1628,13,33,30.6496,2857.13,284.521
1629,13,34,20.8144,3050.55,297.781
1630,13,35,24.2114,2982.61,310.248
1631,13,36,31.6952,2830.44,323.341
1632,13,37,24.3017,2983.24,336.554
1633,13,38,16.3249,3150.76,350.098
1634,13,39,29.8078,2863.12,366.351
1635,13,40,20.3447,3068.15,380.856
1636,13,41,25.3044,2959.04,393.954
1637,13,42,23.7342,2994.11,406.461
1638,13,43,19.9642,3079.56,419.381
1639,13,44,24.071,2985.1,432.477
1640,13,45,21.2497,3050.93,445.237
1641,13,46,16.962,3152.41,458.609
1642,13,47,20.45,3068.7,471.724
1643,13,48,24.3057,2974.88,485.116
1644,13,49,20.7292,3063.1,498.469
1645,13,50,17.8602,3134.82,511.541
1646,13,51,30.6607,2810.54,537.444
1647,13,52,25.014,2955.48,552.566
1648,13,53,27.4372,2892.47,565.762
1649,13,54,25.7073,2938.02,578.733
1650,13,55,23.3633,3000.53,591.982
1651,13,56,27.1079,2899.43,606.256
1652,13,57,25.059,2955.43,619.461
1653,13,58,22.3006,3031.75,633.177
1654,13,59,24.3768,2973.61,646.495
1655,13,60,25.5711,2939.77,659.392
1656,13,61,23.409,3001.75,672.889
1657,13,62,22.2013,3036.78,685.821
1658,13,63,26.9988,2896.05,703.28
1659,13,64,24.7219,2963.6,717.114
1660,13,65,27.6105,2876.94,731.767
1661,13,66,25.4663,2941.98,745.635
1662,13,67,24.5218,2970.95,758.601
1663,13,68,26.8265,2899.5,772.857
1664,13,69,25.1285,2952.71,786.475
1665,13,70,23.6338,3000.04,799.943
1666,13,71,25.2291,2948.99,813.573
1667,13,72,26.2011,2917.56,826.652
1668,13,73,24.4299,2975.42,840.658
1669,13,74,23.3686,3010.44,853.866
1670,13,75,27.7889,2863.1,875.3
1671,13,76,26.7597,2897.75,888.599
1672,13,77,28.9089,2824.67,903.615
1673,13,78,27.4054,2876.3,917.582
1674,13,79,26.7822,2897.9,930.625
1675,13,80,27.9504,2857.01,944.23
1676,13,81,26.689,2901.58,958.018
1677,13,82,25.7023,2936.77,971.467
1678,13,83,26.0283,2925.04,984.355
1679,13,84,27.0101,2889.37,997.867
1680,13,85,25.592,2941.37,1012.23
1681,13,86,24.2363,2991.52,1026.53
1682,13,87,27.6849,2862.78,1048.98
1683,13,88,26.508,2907.11,1063.03
1684,13,89,27.8764,2855.11,1077.54
1685,13,90,26.879,2893.34,1091.36
1686,13,91,26.2794,2916.53,1104.63
1687,13,92,27.0591,2886.12,1118.16
1688,13,93,26.3514,2913.95,1131.61
1689,13,94,25.3283,2954.54,1145.69
1690,13,95,25.9765,2928.61,1159.09
1691,13,96,26.4979,2907.58,1172.34
1692,13,97,25.3336,2954.92,1186.99
1693,13,98,24.0912,3005.86,1201.97
1694,13,99,26.4673,2907.65,1222.47
1695,13,100,25.1337,2963.22,1237.86
1696,13,101,25.6593,2941.15,1251.27
1697,13,102,25.0418,2967.28,1264.84
1698,13,103,24.3531,2996.67,1278.57
1699,13,104,25.0765,2965.56,1292.42
1700,13,105,24.4487,2992.77,1306.09
1701,13,106,23.6434,3027.93,1320.23
1702,13,107,24.0778,3008.82,1333.58
1703,13,108,24.4855,2990.75,1346.89
1704,13,109,23.2895,3044.17,1362.76
1705,13,110,22.4989,3079.74,1377.06
1706,13,111,24.1497,3004.9,1395.82
1707,13,112,22.9743,3058.58,1411.81
1708,13,113,23.905,3015.77,1426.77
1709,13,114,23.3351,3042.18,1440.58
1710,13,115,22.7528,3069.35,1454.46
1711,13,116,23.5125,3033.65,1468.95
1712,13,117,22.8791,3063.63,1483.05
1713,13,118,22.199,3096.04,1497.35
1714,13,119,22.7615,3069.04,1511.3
1715,13,120,23.2521,3045.33,1525.07
1716,13,121,22.3013,3091.6,1540.8
1717,13,122,21.9008,3111.23,1554.38
1718,13,123,22.922,3060.85,1570.72
1719,13,124,22.1328,3100.05,1585.81
1720,13,125,22.9933,3057.02,1601.35
1721,13,126,22.4824,3082.74,1615.36
1722,13,127,22.1524,3099.46,1628.87
1723,13,128,22.9102,3060.81,1644.07
1724,13,129,22.3469,3089.72,1658.38
1725,13,130,21.916,3111.99,1672.23
1726,13,131,22.5639,3078.3,1687.03
1727,13,132,23.1099,3049.72,1701.39
1728,13,133,22.3999,3087.12,1716.65
1729,14,18,25.248,2996.86,75.5496
1730,14,19,1.81543,3356.16,87.1826
1731,14,20,75.6021,2200.16,100.018
1732,14,21,21.2064,3070.49,111.787
1733,14,22,-8.62,3557.66,124.296
1734,14,23,12.3713,3207.81,136.685
1735,14,24,45.2133,2649.49,149.528
1736,14,25,24.4993,3008.53,162.054
1737,14,26,2.43923,3398.26,174.81
1738,14,27,65.6238,2260.94,192.358
1739,14,28,22.8546,3045.04,207.852
1740,14,29,36.5584,2789.24,220.803
1741,14,30,28.5625,2941.16,233.502
1742,14,31,20.1408,3103.98,246.238
1743,14,32,30.8776,2892.82,259.222
1744,14,33,24.6115,3018.14,271.869
1745,14,34,14.4147,3225.48,285.035
1746,14,35,18.7023,3136.87,297.569
1747,14,36,27.3159,2955.98,310.754
1748,14,37,19.6712,3119.07,323.886
1749,14,38,11.4267,3297.7,337.317
1750,14,39,26.3236,2969.97,353.674
1751,14,40,16.4176,3191.2,368.04
1752,14,41,22.0121,3064.39,381.212
1753,14,42,20.5606,3097.78,393.723
1754,14,43,16.7509,3186.67,406.6
1755,14,44,21.33,3078.3,419.765
1756,14,45,18.5037,3146.13,432.496
1757,14,46,14.1225,3252.74,445.794
1758,14,47,17.9827,3157.52,458.979
1759,14,48,22.1997,3052.1,472.439
1760,14,49,18.5416,3144.77,485.73
1761,14,50,15.6357,3219.35,498.751
1762,14,51,29.2269,2865.98,524.613
1763,14,52,23.3642,3020.37,539.641
1764,14,53,25.9911,2950.32,552.877
1765,14,54,24.2474,2997.4,565.841
1766,14,55,21.8613,3062.62,579.066
1767,14,56,25.8499,2952.26,593.382
1768,14,57,23.765,3010.64,606.567
1769,14,58,20.9415,3090.64,620.241
1770,14,59,23.1671,3026.84,633.599
1771,14,60,24.4637,2989.24,646.528
1772,14,61,22.2576,3053.95,659.992
1773,14,62,21.0476,3089.85,672.914
1774,14,63,26.0832,2938.78,690.393
1775,14,64,23.7529,3009.47,704.191
1776,14,65,26.7899,2916.33,718.874
1777,14,66,24.5957,2984.35,732.708
1778,14,67,23.6485,3014.03,745.67
1779,14,68,26.0688,2937.39,759.957
1780,14,69,24.3372,2992.8,773.549
1781,14,70,22.8178,3041.93,786.993
1782,14,71,24.4963,2987.1,800.654
1783,14,72,25.526,2953.11,813.76
1784,14,73,23.7183,3013.37,827.729
1785,14,74,22.6455,3049.49,840.922
1786,14,75,27.2317,2893.56,862.334
1787,14,76,26.1875,2929.41,875.624
1788,14,77,28.4218,2851.95,890.657
1789,14,78,26.887,2905.67,904.601
1790,14,79,26.2607,2927.8,917.644
1791,14,80,27.4793,2884.34,931.271
1792,14,81,26.1946,2930.58,945.039
1793,14,82,25.1937,2966.95,958.475
1794,14,83,25.5435,2954.13,971.379
1795,14,84,26.5666,2916.27,984.913
1796,14,85,25.1214,2970.22,999.242
1797,14,86,23.7415,3022.2,1013.51
1798,14,87,27.2967,2887.1,1035.93
1799,14,88,26.0987,2933.03,1049.95
1800,14,89,27.5139,2878.31,1064.48
1801,14,90,26.5001,2917.85,1078.29
1802,14,91,25.8948,2941.65,1091.56
1803,14,92,26.704,2909.55,1105.11
1804,14,93,25.9875,2938.22,1118.55
1805,14,94,24.9481,2980.14,1132.6
1806,14,95,25.6214,2952.76,1146.02
1807,14,96,26.1639,2930.51,1159.29
1808,14,97,24.9799,2979.45,1173.91
1809,14,98,23.7165,3032.09,1188.85
1810,14,99,26.1566,2929.61,1209.34
1811,14,100,24.7995,2987.06,1224.69
1812,14,101,25.3446,2963.8,1238.11
1813,14,102,24.7203,2990.65,1251.67
1814,14,103,24.0234,3020.85,1265.4
1815,14,104,24.77,2988.25,1279.26
1816,14,105,24.1352,3016.18,1292.92
1817,14,106,23.3193,3052.35,1307.04
1818,14,107,23.7699,3032.22,1320.4
1819,14,108,24.1926,3013.2,1333.73
1820,14,109,22.9778,3068.27,1349.56
1821,14,110,22.1773,3104.83,1363.83
1822,14,111,23.8684,3027.03,1382.59
1823,14,112,22.6749,3082.33,1398.54
1824,14,113,23.6302,3037.75,1413.51
1825,14,114,23.0545,3064.81,1427.32
1826,14,115,22.4662,3092.66,1441.18
1827,14,116,23.2462,3055.48,1455.69
1828,14,117,22.6058,3086.22,1469.77
1829,14,118,21.918,3119.46,1484.05
1830,14,119,22.4964,3091.31,1498.02
1831,14,120,23.0011,3066.58,1511.8
1832,14,121,22.0373,3114.13,1527.5
1833,14,122,21.6343,3134.15,1541.07
1834,14,123,22.6789,3081.91,1557.42
1835,14,124,21.8799,3122.13,1572.48
1836,14,125,22.7603,3077.52,1588.03
1837,14,126,22.2445,3103.83,1602.03
1838,14,127,21.9129,3120.85,1615.54
1839,14,128,22.688,3080.81,1630.75
1840,14,129,22.1188,3110.4,1645.04
1841,14,130,21.6845,3133.13,1658.88
1842,14,131,22.3473,3098.23,1673.7
1843,14,132,22.9061,3068.61,1688.07
1844,14,133,22.1876,3106.93,1703.31
1845,15,19,-212.304,7138.93,74.2106
1846,15,20,-42.5486,4366.26,86.6295
1847,15,21,-78.7286,4969.26,99.0918
1848,15,22,-91.0279,5178.35,110.347
1849,15,23,-47.059,4416.22,123.019
1850,15,24,4.23745,3509.98,136.299
1851,15,25,-12.7925,3816.52,148.587
1852,15,26,-32.314,4174.42,161.014
1853,15,27,45.9379,2713.71,180.388
1854,15,28,-0.128835,3588.98,194.458
1855,15,29,18.4665,3229.47,207.572
1856,15,30,11.7326,3361.91,220.209
1857,15,31,4.30015,3510.56,232.853
1858,15,32,17.99,3232.2,246.002
1859,15,33,12.4209,3347.29,258.571
1860,15,34,2.4235,3557.24,271.571
1861,15,35,8.26145,3432.69,284.193
1862,15,36,18.6073,3208.53,297.55
1863,15,37,11.0551,3374.68,310.538
1864,15,38,2.84152,3558.12,323.793
1865,15,39,19.617,3177.87,340.465
1866,15,40,9.46492,3411.37,354.637
1867,15,41,15.9888,3259.15,367.93
1868,15,42,14.8639,3285.77,380.419
1869,15,43,11.1843,3374.08,393.215
1870,15,44,16.4397,3246.2,406.495
1871,15,45,13.7466,3312.63,419.161
1872,15,46,9.38892,3421.57,432.344
1873,15,47,13.7699,3310.58,445.642
1874,15,48,18.4828,3189.62,459.219
1875,15,49,14.8281,3284.64,472.411
1876,15,50,11.967,3359.98,485.347
1877,15,51,26.4913,2972.67,511.449
1878,15,52,20.4639,3135.41,526.348
1879,15,53,23.3743,3055.86,539.644
1880,15,54,21.6742,3102.9,552.583
1881,15,55,19.2972,3169.45,565.76
1882,15,56,23.5979,3047.6,580.161
1883,15,57,21.5208,3107.14,593.306
1884,15,58,18.671,3189.79,606.912
1885,15,59,21.0964,3118.64,620.33
1886,15,60,22.5394,3075.83,633.299
1887,15,61,20.3213,3142.37,646.71
1888,15,62,19.1416,3178.16,659.604
1889,15,63,24.4605,3015.05,677.184
1890,15,64,22.1019,3088.16,690.923
1891,15,65,25.3227,2987.24,705.674
1892,15,66,23.1006,3057.61,719.453
1893,15,67,22.1741,3087.26,732.397
1894,15,68,24.7386,3004.34,746.744
1895,15,69,22.9924,3061.38,760.292
1896,15,70,21.4667,3111.73,773.696
1897,15,71,23.2515,3052.24,787.407
1898,15,72,24.3597,3014.93,800.549
1899,15,73,22.5302,3077.13,814.463
1900,15,74,21.4613,3113.83,827.627
1901,15,75,26.2367,2948.28,849.105
1902,15,76,25.1909,2984.88,862.374
1903,15,77,27.5278,2902.32,877.453
1904,15,78,25.9729,2957.77,891.356
1905,15,79,25.3555,2980,904.39
1906,15,80,26.6384,2933.39,918.053
1907,15,81,25.3405,2980.98,931.787
1908,15,82,24.3353,3018.17,945.197
1909,15,83,24.7201,3003.8,958.12
1910,15,84,25.796,2963.28,971.688
1911,15,85,24.3318,3018.92,985.968
1912,15,86,22.9355,3072.44,1000.19
1913,15,87,26.6101,2930.36,1022.65
1914,15,88,25.3984,2977.62,1036.64
1915,15,89,26.8699,2919.73,1051.2
1916,15,90,25.8464,2960.34,1064.98
1917,15,91,25.2424,2984.5,1078.24
1918,15,92,26.089,2950.35,1091.81
1919,15,93,25.3699,2979.59,1105.24
1920,15,94,24.32,3022.64,1119.26
1921,15,95,25.0255,2993.48,1132.71
1922,15,96,25.5957,2969.72,1145.99
1923,15,97,24.3968,3020.07,1160.57
1924,15,98,23.1173,3074.24,1175.46
1925,15,99,25.6289,2967.08,1195.98
1926,15,100,24.2525,3026.26,1211.28
1927,15,101,24.8227,3001.55,1224.72
1928,15,102,24.1961,3028.91,1238.27
1929,15,103,23.4953,3059.75,1251.97
1930,15,104,24.2702,3025.39,1265.86
1931,15,105,23.6325,3053.88,1279.5
1932,15,106,22.8097,3090.9,1293.59
1933,15,107,23.281,3069.54,1306.98
1934,15,108,23.7231,3049.35,1320.33
1935,15,109,22.4926,3105.95,1336.09
1936,15,110,21.6856,3143.35,1350.34
1937,15,111,23.4217,3062.33,1369.13
1938,15,112,22.213,3119.14,1385.02
1939,15,113,23.1969,3072.57,1400.03
1940,15,114,22.6183,3100.15,1413.82
1941,15,115,22.027,3128.53,1427.66
1942,15,116,22.8309,3089.67,1442.2
1943,15,117,22.1862,3121.05,1456.25
1944,15,118,21.4931,3155.01,1470.51
1945,15,119,22.0907,3125.53,1484.5
1946,15,120,22.6126,3099.61,1498.3
1947,15,121,21.638,3148.33,1513.95
1948,15,122,21.2349,3168.62,1527.5
1949,15,123,22.3061,3114.35,1543.89
1950,15,124,21.4993,3155.5,1558.91
1951,15,125,22.4024,3109.14,1574.49
1952,15,126,21.8838,3135.94,1588.47
1953,15,127,21.5527,3153.15,1601.96
1954,15,128,22.3477,3111.55,1617.2
1955,15,129,21.7746,3141.73,1631.48
1956,15,130,21.3387,3164.83,1645.3
1957,15,131,22.0187,3128.57,1660.14
1958,15,132,22.5926,3097.77,1674.54
1959,15,133,21.8673,3136.93,1689.74
1960,16,20,282.282,-1697.24,70.5415
1961,16,21,125.765,1015.71,82.9383
1962,16,22,51.525,2327.29,95.4484
1963,16,23,70.8479,1979.48,106.259
1964,16,24,107.342,1310.42,118.501
1965,16,25,66.2851,2076.82,131.346
1966,16,26,28.8365,2788.34,144.476
1967,16,27,109.939,1220.36,163.735
1968,16,28,46.9385,2459.37,180.271
1969,16,29,61.4664,2168.81,192.001
1970,16,30,48.1014,2440.56,204.733
1971,16,31,35.1937,2707.32,217.512
1972,16,32,46.8596,2462.34,230.292
1973,16,33,37.464,2662.78,242.97
1974,16,34,23.7781,2959.31,256.283
1975,16,35,28.0644,2865.01,268.667
1976,16,36,37.5095,2654.07,281.678
1977,16,37,27.5524,2879.76,294.959
1978,16,38,17.1901,3118.1,308.554
1979,16,39,34.1678,2721.95,324.901
1980,16,40,22.0395,3008.99,339.527
1981,16,41,28.0979,2863.58,352.583
1982,16,42,25.9927,2914.81,365.065
1983,16,43,21.2554,3031.66,377.988
1984,16,44,26.1787,2908.58,391.043
1985,16,45,22.6568,2997.8,403.8
1986,16,46,17.4431,3131.62,417.189
1987,16,47,21.5945,3023.68,430.282
1988,16,48,26.1188,2904.54,443.641
1989,16,49,21.7999,3019.71,457.029
1990,16,50,18.377,3112.13,470.104
1991,16,51,33.352,2702.82,496.137
1992,16,52,26.628,2888.85,511.347
1993,16,53,29.3672,2812.15,524.512
1994,16,54,27.2726,2871.5,537.504
1995,16,55,24.4968,2951.07,550.777
1996,16,56,28.7536,2827.62,565.008
1997,16,57,26.3321,2898.65,578.239
1998,16,58,23.1259,2993.77,591.985
1999,16,59,25.4591,2923.77,605.28
2000,16,60,26.7724,2883.94,618.157
2001,16,61,24.2738,2960.56,631.682
2002,16,62,22.8757,3003.9,644.623
2003,16,63,28.2606,2835.17,662.03
2004,16,64,25.6506,2917.83,675.902
2005,16,65,28.8583,2815.18,690.507
2006,16,66,26.4104,2894.33,704.415
2007,16,67,25.321,2929.92,717.394
2008,16,68,27.8635,2846.01,731.612
2009,16,69,25.9369,2910.23,745.261
2010,16,70,24.2487,2967.07,758.75
2011,16,71,25.9979,2907.6,772.357
2012,16,72,27.0485,2871.52,785.417
2013,16,73,25.0633,2940.34,799.455
2014,16,74,23.8722,2982.03,812.678
2015,16,75,28.7264,2810.52,834.02
2016,16,76,27.5648,2851.95,847.344
2017,16,77,29.9004,2767.87,862.304
2018,16,78,28.2209,2828.89,876.31
2019,16,79,27.5139,2854.81,889.37
2020,16,80,28.7699,2808.34,902.947
2021,16,81,27.3681,2860.67,916.767
2022,16,82,26.2723,2901.95,930.239
2023,16,83,26.6115,2889.06,943.122
2024,16,84,27.6637,2848.73,956.612
2025,16,85,26.1043,2909.02,971.006
2026,16,86,24.6188,2966.96,985.334
2027,16,87,28.3487,2820.25,1007.67
2028,16,88,27.0561,2871.52,1021.74
2029,16,89,28.5227,2812.86,1036.21
2030,16,90,27.4278,2857.02,1050.06
2031,16,91,26.7662,2883.92,1063.35
2032,16,92,27.5953,2849.93,1076.87
2033,16,93,26.8191,2882.01,1090.33
2034,16,94,25.7059,2928.39,1104.43
2035,16,95,26.3944,2899.48,1117.83
2036,16,96,26.9449,2876.17,1131.06
2037,16,97,25.6839,2929.98,1145.74
2038,16,98,24.3425,2987.66,1160.73
2039,16,99,26.8847,2877.49,1181.14
2040,16,100,25.4464,2940.3,1196.55
2041,16,101,26.0021,2915.85,1209.95
2042,16,102,25.334,2945.47,1223.53
2043,16,103,24.5914,2978.64,1237.28
2044,16,104,25.3591,2944.09,1251.12
2045,16,105,24.683,2974.74,1264.8
2046,16,106,23.8191,3014.19,1278.95
2047,16,107,24.2786,2993.05,1292.3
2048,16,108,24.7088,2973.12,1305.61
2049,16,109,23.4311,3032.75,1321.48
2050,16,110,22.5873,3072.41,1335.79
2051,16,111,24.3409,2989.41,1354.49
2052,16,112,23.0883,3049.11,1370.47
2053,16,113,24.0744,3001.78,1385.42
2054,16,114,23.4664,3031.17,1399.24
2055,16,115,22.8463,3061.34,1413.13
2056,16,116,23.6499,3021.97,1427.61
2057,16,117,22.9765,3055.19,1441.71
2058,16,118,22.2547,3091.04,1456.01
2059,16,119,22.8491,3061.32,1469.96
2060,16,120,23.3664,3035.28,1483.73
2061,16,121,22.3593,3086.31,1499.45
2062,16,122,21.9352,3107.94,1513.04
2063,16,123,23.0132,3052.6,1529.35
2064,16,124,22.1786,3095.72,1544.44
2065,16,125,23.0858,3048.54,1559.96
2066,16,126,22.5455,3076.82,1573.97
2067,16,127,22.1966,3095.19,1587.49
2068,16,128,22.9944,3052.91,1602.67
2069,16,129,22.3998,3084.62,1616.99
2070,16,130,21.9455,3109.01,1630.84
2071,16,131,22.6268,3072.22,1645.64
2072,16,132,23.2001,3041.07,1659.99
2073,16,133,22.4522,3081.95,1675.25
2074,17,21,-108.36,5620.18,67.7474
2075,17,22,-129.305,6004.17,77.8676
2076,17,23,-52.7957,4575.99,90.5272
2077,17,24,23.7329,3121.95,103.229
2078,17,25,-7.868,3732.9,115.151
2079,17,26,-37.9756,4325.02,127.354
2080,17,27,70.02,2165.11,150.134
2081,17,28,3.17287,3524.33,165.978
2082,17,29,26.669,3038.74,178.935
2083,17,30,16.3658,3255.11,190.437
2084,17,31,5.9685,3476.92,202.949
2085,17,32,22.7457,3113.41,215.986
2086,17,33,15.0818,3282.02,228.427
2087,17,34,2.36211,3566.09,241.4
2088,17,35,9.35389,3407.61,253.871
2089,17,36,21.6146,3125.62,267.187
2090,17,37,12.2229,3344.76,280.175
2091,17,38,2.31219,3579.31,293.452
2092,17,39,22.06,3105.36,310.583
2093,17,40,9.92995,3400.53,324.908
2094,17,41,17.4418,3215.23,338.156
2095,17,42,15.9944,3251.42,350.543
2096,17,43,11.6468,3361.56,363.285
2097,17,44,17.6081,3208.55,376.528
2098,17,45,14.4343,3291.07,389.13
2099,17,46,9.42123,3423.08,402.311
2100,17,47,14.358,3291.43,415.589
2101,17,48,19.6174,3149.43,429.158
2102,17,49,15.4307,3263.87,442.364
2103,17,50,12.1811,3353.77,455.273
2104,17,51,28.3659,2900.6,482.2
2105,17,52,21.5454,3093.85,497.223
2106,17,53,24.7073,3003.2,510.473
2107,17,54,22.7477,3060.03,523.393
2108,17,55,20.0617,3138.82,536.567
2109,17,56,24.7531,2999.64,550.96
2110,17,57,22.4086,3069.98,564.103
2111,17,58,19.2366,3166.2,577.73
2112,17,59,21.8592,3085.77,591.116
2113,17,60,23.3958,3038.14,604.04
2114,17,61,20.9362,3115.2,617.463
2115,17,62,19.6224,3156.81,630.336
2116,17,63,25.3749,2972.73,648.012
2117,17,64,22.7764,3056.74,661.782
2118,17,65,26.2324,2943.85,676.525
2119,17,66,23.7916,3024.39,690.337
2120,17,67,22.7621,3058.71,703.266
2121,17,68,25.5008,2966.51,717.599
2122,17,69,23.5907,3031.45,731.166
2123,17,70,21.9268,3088.58,744.577
2124,17,71,23.8241,3022.81,758.267
2125,17,72,24.9899,2982,771.374
2126,17,73,23.0073,3052.06,785.32
2127,17,74,21.846,3093.47,798.481
2128,17,75,26.9335,2910.33,820.088
2129,17,76,25.7929,2951.77,833.363
2130,17,77,28.2632,2861.19,848.426
2131,17,78,26.5823,2923.38,862.36
2132,17,79,25.9049,2948.67,875.388
2133,17,80,27.2504,2897.99,889.024
2134,17,81,25.8522,2951.12,902.78
2135,17,82,24.7691,2992.64,916.198
2136,17,83,25.1633,2977.4,929.097
2137,17,84,26.2891,2933.49,942.64
2138,17,85,24.7243,2995.04,956.956
2139,17,86,23.2358,3054.09,971.208
2140,17,87,27.1098,2899.13,993.742
2141,17,88,25.8157,2951.32,1007.76
2142,17,89,27.3564,2888.67,1022.3
2143,17,90,26.2634,2933.48,1036.1
2144,17,91,25.6153,2960.27,1049.35
2145,17,92,26.4965,2923.55,1062.91
2146,17,93,25.7287,2955.8,1076.34
2147,17,94,24.6149,3002.95,1090.38
2148,17,95,25.3484,2971.65,1103.81
2149,17,96,25.9388,2946.26,1117.08
2150,17,97,24.6715,3001.18,1131.69
2151,17,98,23.3221,3060.11,1146.61
2152,17,99,25.9502,2944.47,1167.16
2153,17,100,24.4998,3008.77,1182.49
2154,17,101,25.0909,2982.37,1195.92
2155,17,102,24.4284,3012.18,1209.47
2156,17,103,23.6896,3045.67,1223.18
2157,17,104,24.4952,3008.88,1237.06
2158,17,105,23.8233,3039.79,1250.71
2159,17,106,22.9593,3079.82,1264.81
2160,17,107,23.4479,3057.02,1278.18
2161,17,108,23.9054,3035.52,1291.52
2162,17,109,22.6176,3096.48,1307.32
2163,17,110,21.7732,3136.73,1321.57
2164,17,111,23.5807,3049.96,1340.38
2165,17,112,22.3179,3111,1356.3
2166,17,113,23.3402,3061.25,1371.3
2167,17,114,22.7348,3090.91,1385.09
2168,17,115,22.117,3121.39,1398.94
2169,17,116,22.9513,3079.96,1413.47
2170,17,117,22.2783,3113.61,1427.53
2171,17,118,21.556,3149.96,1441.79
2172,17,119,22.1755,3118.57,1455.77
2173,17,120,22.7158,3091.02,1469.57
2174,17,121,21.7019,3143.07,1485.23
2175,17,122,21.2821,3164.75,1498.79
2176,17,123,22.3925,3107.01,1515.18
2177,17,124,21.554,3150.89,1530.21
2178,17,125,22.4893,3101.64,1545.79
2179,17,126,21.95,3130.22,1559.77
2180,17,127,21.6056,3148.59,1573.27
2181,17,128,22.4281,3104.44,1588.5
2182,17,129,21.8331,3136.58,1602.78
2183,17,130,21.3807,3161.16,1616.6
2184,17,131,22.0837,3122.73,1631.44
2185,17,132,22.6762,3090.14,1645.83
2186,17,133,21.9245,3131.73,1661.05
2187,18,22,-24.024,3828.36,66.2226
2188,18,23,42.8949,2534.6,76.8118
2189,18,24,113.949,1137.21,89.3394
2190,18,25,51.8936,2378.31,101.349
2191,18,26,1.815,3396.57,114.4
2192,18,27,123.452,882.746,136.156
2193,18,28,34.7356,2745.78,152.85
2194,18,29,56.8873,2273.21,165.613
2195,18,30,40.35,2631.52,178.257
2196,18,31,25.0411,2968.32,189.917
2197,18,32,41.5123,2600.46,202.752
2198,18,33,30.5445,2849.06,215.324
2199,18,34,14.5093,3217.87,228.495
2200,18,35,20.9282,3068.1,240.878
2201,18,36,33.2612,2776.22,253.984
2202,18,37,21.7657,3052.11,267.16
2203,18,38,10.0022,3338.35,280.618
2204,18,39,30.8462,2824.2,297.364
2205,18,40,16.8974,3172.92,311.896
2206,18,41,24.4546,2981.47,325.021
2207,18,42,22.3303,3036,337.449
2208,18,43,17.1609,3170.4,350.286
2209,18,44,23.1553,3012.55,363.41
2210,18,45,19.3587,3113.79,376.092
2211,18,46,13.6602,3267.65,389.386
2212,18,47,18.6436,3131.44,402.557
2213,18,48,23.9657,2984.19,415.995
2214,18,49,19.2456,3116.36,429.313
2215,18,50,15.5679,3220.56,442.31
2216,18,51,32.5055,2735.01,468.753
2217,18,52,25.0587,2950.97,483.911
2218,18,53,28.2011,2858.79,497.101
2219,18,54,25.9467,2925.67,510.073
2220,18,55,22.9509,3015.55,523.313
2221,18,56,27.7348,2870.44,537.593
2222,18,57,25.124,2950.5,550.798
2223,18,58,21.6648,3057.74,564.501
2224,18,59,24.2966,2975.27,577.829
2225,18,60,25.7913,2927.94,590.72
2226,18,61,23.1111,3013.71,604.211
2227,18,62,21.6422,3061.2,617.126
2228,18,63,27.557,2867.99,634.617
2229,18,64,24.7551,2960.45,648.458
2230,18,65,28.2726,2843.2,663.1
2231,18,66,25.6489,2931.53,676.98
2232,18,67,24.504,2970.46,689.946
2233,18,68,27.2818,2875.09,704.196
2234,18,69,25.2297,2946.23,717.821
2235,18,70,23.4412,3008.82,731.284
2236,18,71,25.3526,2941.29,744.918
2237,18,72,26.5052,2900.17,757.993
2238,18,73,24.3977,2976.05,772.002
2239,18,74,23.1469,3021.49,785.204
2240,18,75,28.3649,2830.17,806.6
2241,18,76,27.1371,2875.59,819.915
2242,18,77,29.645,2781.97,834.891
2243,18,78,27.8637,2849.06,848.881
2244,18,79,27.1231,2877.21,861.937
2245,18,80,28.4727,2825.47,875.529
2246,18,81,26.9926,2882.7,889.334
2247,18,82,25.8411,2927.61,902.792
2248,18,83,26.2147,2912.91,915.683
2249,18,84,27.3427,2868.17,929.188
2250,18,85,25.7009,2933.84,943.558
2251,18,86,24.1409,2996.76,957.859
2252,18,87,28.0997,2835.77,980.208
2253,18,88,26.7413,2891.47,994.265
2254,18,89,28.2991,2827.08,1008.75
2255,18,90,27.1503,2874.94,1022.59
2256,18,91,26.4607,2903.91,1035.87
2257,18,92,27.3429,2866.56,1049.4
2258,18,93,26.5326,2901.13,1062.86
2259,18,94,25.369,2951.17,1076.94
2260,18,95,26.102,2919.4,1090.35
2261,18,96,26.6883,2893.8,1103.6
2262,18,97,25.3706,2951.78,1118.25
2263,18,98,23.9706,3013.85,1133.22
2264,18,99,26.6469,2894.31,1153.64
2265,18,100,25.1448,2961.9,1169.01
2266,18,101,25.7346,2935.16,1182.42
2267,18,102,25.0414,2966.82,1196
2268,18,103,24.2712,3002.25,1209.74
2269,18,104,25.0819,2964.68,1223.59
2270,18,105,24.3814,2997.37,1237.26
2271,18,106,23.4855,3039.48,1251.39
2272,18,107,23.9732,3016.4,1264.75
2273,18,108,24.4293,2994.66,1278.08
2274,18,109,23.102,3058.37,1293.91
2275,18,110,22.229,3100.56,1308.19
2276,18,111,24.0654,3011.19,1326.91
2277,18,112,22.7657,3074.88,1342.85
2278,18,113,23.8,3023.85,1357.82
2279,18,114,23.1726,3055.01,1371.63
2280,18,115,22.5333,3086.98,1385.5
2281,18,116,23.376,3044.56,1400
2282,18,117,22.6811,3079.77,1414.09
2283,18,118,21.9365,3117.74,1428.37
2284,18,119,22.5607,3085.7,1442.33
2285,18,120,23.104,3057.63,1456.11
2286,18,121,22.0631,3111.76,1471.8
2287,18,122,21.6285,3134.5,1485.38
2288,18,123,22.7533,3075.26,1501.71
2289,18,124,21.8923,3120.89,1516.77
2290,18,125,22.8387,3070.42,1532.31
2291,18,126,22.2831,3100.24,1546.31
2292,18,127,21.9264,3119.5,1559.82
2293,18,128,22.758,3074.32,1575.02
2294,18,129,22.1464,3107.75,1589.32
2295,18,130,21.6804,3133.38,1603.16
2296,18,131,22.3905,3094.09,1617.97
2297,18,132,22.988,3060.83,1632.34
2298,18,133,22.2179,3103.95,1647.57
2299,19,23,-12.81,3741.53,66.4478
2300,19,24,100.497,1437.63,78.3096
2301,19,25,24.555,3007.09,90.9096
2302,19,26,-31.2086,4178.13,102.439
2303,19,27,124.797,850.009,123.988
2304,19,28,18.0687,3162.45,140.241
2305,19,29,47.2784,2519.84,153.123
2306,19,30,29.5863,2914.97,165.774
2307,19,31,13.5781,3277.82,178.409
2308,19,32,34.0399,2807.2,190.356
2309,19,33,22.6061,3073.99,202.911
2310,19,34,5.55874,3477.44,215.974
2311,19,35,13.7859,3279.99,228.448
2312,19,36,28.2827,2927.23,241.653
2313,19,37,16.1013,3227.71,254.74
2314,19,38,3.72789,3537.04,268.071
2315,19,39,27.1545,2943.57,284.881
2316,19,40,12.2732,3325.52,299.264
2317,19,41,20.8897,3101.49,312.464
2318,19,42,18.8855,3154.27,324.907
2319,19,43,13.5781,3295.8,337.709
2320,19,44,20.3093,3114.06,350.903
2321,19,45,16.4422,3219.76,363.565
2322,19,46,10.545,3382.91,376.788
2323,19,47,16.0869,3227.74,390.028
2324,19,48,21.9343,3062.07,403.527
2325,19,49,17.0407,3202.35,416.789
2326,19,50,13.271,3311.67,429.741
2327,19,51,31.3743,2780.64,456.018
2328,19,52,23.556,3012.58,471.089
2329,19,53,26.9638,2910.35,484.316
2330,19,54,24.6529,2980.44,497.289
2331,19,55,21.5651,3075.14,510.514
2332,19,56,26.6737,2916.77,524.822
2333,19,57,23.9834,3001.07,538.016
2334,19,58,20.4083,3114.28,551.685
2335,19,59,23.2298,3023.99,565.047
2336,19,60,24.8465,2971.72,577.97
2337,19,61,22.0855,3061.91,591.437
2338,19,62,20.5965,3111.05,604.348
2339,19,63,26.8207,2903.57,621.826
2340,19,64,23.9289,3000.93,635.639
2341,19,65,27.6313,2875.05,650.296
2342,19,66,24.925,2967.97,664.15
2343,19,67,23.7629,3008.25,677.118
2344,19,68,26.6814,2906.1,691.387
2345,19,69,24.5724,2980.62,704.994
2346,19,70,22.7404,3045.96,718.441
2347,19,71,24.7504,2973.6,732.099
2348,19,72,25.968,2929.36,745.198
2349,19,73,23.8033,3008.74,759.178
2350,19,74,22.5291,3055.88,772.371
2351,19,75,27.9519,2853.43,793.703
2352,19,76,26.696,2900.74,807.016
2353,19,77,29.3038,2801.64,821.996
2354,19,78,27.4745,2871.76,835.969
2355,19,79,26.7224,2900.84,849.03
2356,19,80,28.1285,2846.01,862.639
2357,19,81,26.6123,2905.64,876.429
2358,19,82,25.4367,2952.28,889.88
2359,19,83,25.8343,2936.37,902.789
2360,19,84,27.008,2889.03,916.311
2361,19,85,25.3272,2957.38,930.655
2362,19,86,23.7323,3022.78,944.928
2363,19,87,27.8177,2853.91,967.21
2364,19,88,26.4285,2911.8,981.252
2365,19,89,28.039,2844.16,995.749
2366,19,90,26.8656,2893.83,1009.57
2367,19,91,26.1648,2923.73,1022.86
2368,19,92,27.0788,2884.43,1036.41
2369,19,93,26.254,2920.17,1049.86
2370,19,94,25.0671,2972,1063.92
2371,19,95,25.827,2938.56,1077.35
2372,19,96,26.4354,2911.59,1090.62
2373,19,97,25.0907,2971.65,1105.24
2374,19,98,23.6627,3035.91,1120.17
2375,19,99,26.4127,2911.25,1140.55
2376,19,100,24.8797,2981.25,1155.9
2377,19,101,25.4901,2953.18,1169.32
2378,19,102,24.7862,2985.79,1182.89
2379,19,103,24.0038,3022.3,1196.62
2380,19,104,24.8397,2983.01,1210.49
2381,19,105,24.1287,3016.67,1224.15
2382,19,106,23.2181,3060.07,1238.27
2383,19,107,23.7228,3035.85,1251.65
2384,19,108,24.1945,3013.05,1264.99
2385,19,109,22.8433,3078.81,1280.78
2386,19,110,21.9569,3122.24,1295.04
2387,19,111,23.8386,3029.41,1313.75
2388,19,112,22.5161,3095.09,1329.65
2389,19,113,23.5775,3042.03,1344.62
2390,19,114,22.9416,3074.03,1358.43
2391,19,115,22.2939,3106.85,1372.29
2392,19,116,23.1587,3062.74,1386.8
2393,19,117,22.4541,3098.91,1400.88
2394,19,118,21.6992,3137.92,1415.14
2395,19,119,22.3404,3104.57,1429.12
2396,19,120,22.8987,3075.35,1442.91
2397,19,121,21.8416,3131.03,1458.57
2398,19,122,21.4029,3154.28,1472.14
2399,19,123,22.5534,3092.92,1488.48
2400,19,124,21.68,3139.79,1503.51
2401,19,125,22.648,3087.52,1519.05
2402,19,126,22.0856,3118.08,1533.05
2403,19,127,21.726,3137.74,1546.55
2404,19,128,22.5763,3090.97,1561.76
2405,19,129,21.957,3125.24,1576.05
2406,19,130,21.4861,3151.45,1589.88
2407,19,131,22.2122,3110.79,1604.7
2408,19,132,22.8233,3076.36,1619.08
2409,19,133,22.0427,3120.6,1634.29
2410,20,24,90.138,1672.43,68.1574
2411,20,25,-7.66457,3758.88,79.4762
2412,20,26,-70.155,5112.84,91.5966
2413,20,27,134.589,608.484,111.688
2414,20,28,1.967,3570.37,127.596
2415,20,29,40.2389,2702.87,140.589
2416,20,30,20.61,3154.33,153.279
2417,20,31,3.42986,3555.2,165.928
2418,20,32,28.6009,2959.49,178.967
2419,20,33,16.3106,3254.46,190.538
2420,20,34,-2.17029,3704.16,203.536
2421,20,35,8.05138,3452.02,216.099
2422,20,36,24.9284,3030.1,229.371
2423,20,37,11.7661,3363.54,242.41
2424,20,38,-1.45337,3702.84,255.653
2425,20,39,24.834,3019.37,272.443
2426,20,40,8.75649,3442.75,286.716
2427,20,41,18.476,3183.56,299.971
2428,20,42,16.5074,3236.71,312.443
2429,20,43,10.9559,3388.45,325.236
2430,20,44,18.4353,3181.52,338.478
2431,20,45,14.4149,3294.09,351.14
2432,20,46,8.2311,3469.3,364.321
2433,20,47,14.3341,3294.35,377.61
2434,20,48,20.7056,3109.57,391.142
2435,20,49,15.5678,3260.28,404.373
2436,20,50,11.6498,3376.52,417.305
2437,20,51,30.986,2796.43,443.3
2438,20,52,22.7173,3047.25,458.31
2439,20,53,26.3749,2935.08,471.564
2440,20,54,23.9657,3009.77,484.55
2441,20,55,20.7445,3110.7,497.774
2442,20,56,26.1736,2938.78,512.088
2443,20,57,23.368,3028.56,525.285
2444,20,58,19.6411,3149.06,538.936
2445,20,59,22.642,3051.03,552.322
2446,20,60,24.3662,2994.13,565.27
2447,20,61,21.4967,3089.78,578.728
2448,20,62,19.9658,3141.32,591.647
2449,20,63,26.5016,2919.11,609.074
2450,20,64,23.4955,3022.31,622.873
2451,20,65,27.3776,2887.73,637.526
2452,20,66,24.567,2986.1,651.368
2453,20,67,23.3714,3028.35,664.346
2454,20,68,26.425,2919.44,678.618
2455,20,69,24.2419,2998.03,692.218
2456,20,70,22.351,3066.73,705.66
2457,20,71,24.4533,2989.65,719.332
2458,20,72,25.7281,2942.48,732.448
2459,20,73,23.4921,3025.96,746.413
2460,20,74,22.1829,3075.27,759.607
2461,20,75,27.8117,2861.38,780.835
2462,20,76,26.5167,2911.02,794.153
2463,20,77,29.2206,2806.47,809.121
2464,20,78,27.3321,2880.12,823.088
2465,20,79,26.5596,2910.5,836.159
2466,20,80,28.0171,2852.69,849.777
2467,20,81,26.4557,2915.15,863.563
2468,20,82,25.2477,2963.87,877.015
2469,20,83,25.6636,2946.95,889.94
2470,20,84,26.8787,2897.14,903.472
2471,20,85,25.1509,2968.55,917.8
2472,20,86,23.5136,3036.77,932.057
2473,20,87,27.7256,2859.87,954.239
2474,20,88,26.2989,2920.27,968.275
2475,20,89,27.959,2849.43,982.77
2476,20,90,26.7548,2901.21,996.594
2477,20,91,26.0377,2932.29,1009.89
2478,20,92,26.9802,2891.13,1023.44
2479,20,93,26.1358,2928.29,1036.9
2480,20,94,24.9204,2982.17,1050.95
2481,20,95,25.7041,2947.16,1064.39
2482,20,96,26.3315,2918.93,1077.67
2483,20,97,24.955,2981.33,1092.28
2484,20,98,23.4943,3048.04,1107.19
2485,20,99,26.3173,2918.18,1127.51
2486,20,100,24.7488,2990.85,1142.83
2487,20,101,25.3772,2961.53,1156.26
2488,20,102,24.6591,2995.28,1169.84
2489,20,103,23.8611,3033.05,1183.56
2490,20,104,24.72,2992.11,1197.44
2491,20,105,23.9952,3026.9,1211.1
2492,20,106,23.0668,3071.77,1225.21
2493,20,107,23.5864,3046.49,1238.6
2494,20,108,24.0718,3022.7,1251.95
2495,20,109,22.6933,3090.71,1267.71
2496,20,110,21.7907,3135.54,1281.96
2497,20,111,23.7169,3039.23,1300.64
2498,20,112,22.3686,3107.09,1316.51
2499,20,113,23.4557,3052.01,1331.48
2500,20,114,22.809,3084.99,1345.28
2501,20,115,22.1505,3118.8,1359.14
2502,20,116,23.0361,3073.04,1373.66
2503,20,117,22.3196,3110.3,1387.73
2504,20,118,21.5522,3150.46,1401.98
2505,20,119,22.2092,3115.86,1415.97
2506,20,120,22.7812,3085.54,1429.77
2507,20,121,21.7056,3142.91,1445.4
2508,20,122,21.261,3166.77,1458.97
2509,20,123,22.4364,3103.3,1475.3
2510,20,124,21.5486,3151.53,1490.32
2511,20,125,22.5373,3097.48,1505.86
2512,20,126,21.9665,3128.88,1519.85
2513,20,127,21.6024,3149.02,1533.36
2514,20,128,22.4706,3100.69,1548.57
2515,20,129,21.842,3135.9,1562.84
2516,20,130,21.3647,3162.78,1576.67
2517,20,131,22.1059,3120.78,1591.5
2518,20,132,22.7297,3085.23,1605.88
2519,20,133,21.9371,3130.67,1621.07
2520,21,25,135,382.488,66.7496
2521,21,26,4.12457,3305.37,79.1034
2522,21,27,246.144,-2180.39,98.6268
2523,21,28,52.4779,2273.92,114.521
2524,21,29,88.03,1444.37,127.374
2525,21,30,54.9171,2228.04,140.246
2526,21,31,28.3756,2865.04,153.059
2527,21,32,53.5842,2251.63,165.937
2528,21,33,35.5596,2696.24,178.655
2529,21,34,11.6887,3293.01,190.832
2530,21,35,21.4254,3046.35,203.338
2531,21,36,38.7402,2601.93,216.431
2532,21,37,22.4046,3026.66,229.641
2533,21,38,6.53418,3444.58,243.033
2534,21,39,34.7479,2692.21,259.435
2535,21,40,16.0712,3196.48,273.872
2536,21,41,26.0197,2924.56,287.029
2537,21,42,23.1864,3002.95,299.553
2538,21,43,16.5714,3188.17,312.434
2539,21,44,24.2061,2971.85,325.58
2540,21,45,19.4024,3109.56,338.319
2541,21,46,12.3593,3313.81,351.596
2542,21,47,18.6085,3130.49,364.797
2543,21,48,25.1299,2937.03,378.219
2544,21,49,19.3326,3110.95,391.547
2545,21,50,14.9024,3245.33,404.556
2546,21,51,35.2762,2620.53,430.021
2547,21,52,26.2226,2901.19,445.139
2548,21,53,29.8895,2786.3,458.348
2549,21,54,27.1318,2873.63,471.387
2550,21,55,23.5456,2988.38,484.671
2551,21,56,29.1207,2808.12,498.887
2552,21,57,26.0042,2909.93,512.142
2553,21,58,21.9423,3043.97,525.858
2554,21,59,24.9792,2942.74,539.199
2555,21,60,26.6727,2885.72,552.127
2556,21,61,23.5507,2991.87,565.643
2557,21,62,21.8491,3050.29,578.603
2558,21,63,28.6012,2816.22,595.852
2559,21,64,25.3631,2929.56,609.713
2560,21,65,29.3348,2789.22,624.275
2561,21,66,26.3169,2896.86,638.176
2562,21,67,24.9959,2944.42,651.189
2563,21,68,28.1091,2831.3,665.39
2564,21,69,25.7681,2917.14,679.042
2565,21,70,23.7405,2992.16,692.529
2566,21,71,25.8708,2912.63,706.156
2567,21,72,27.1401,2864.82,719.25
2568,21,73,24.7664,2955.02,733.266
2569,21,74,23.3615,3008.87,746.498
2570,21,75,29.1522,2784.97,767.513
2571,21,76,27.763,2839.15,780.868
2572,21,77,30.5181,2730.78,795.759
2573,21,78,28.5197,2810.05,809.774
2574,21,79,27.6808,2843.61,822.873
2575,21,80,29.1495,2784.37,836.455
2576,21,81,27.4997,2851.46,850.284
2577,21,82,26.2191,2903.96,863.771
2578,21,83,26.6174,2887.5,876.695
2579,21,84,27.8406,2836.53,890.197
2580,21,85,26.0301,2912.58,904.568
2581,21,86,24.3166,2985.12,918.864
2582,21,87,28.6303,2801.06,940.86
2583,21,88,27.135,2865.36,954.933
2584,21,89,28.8191,2792.38,969.38
2585,21,90,27.5558,2847.55,983.238
2586,21,91,26.796,2880.98,996.557
2587,21,92,27.7436,2838.97,1010.09
2588,21,93,26.8551,2878.65,1023.58
2589,21,94,25.5874,2935.7,1037.66
2590,21,95,26.3742,2900.03,1051.08
2591,21,96,27.0005,2871.43,1064.35
2592,21,97,25.5709,2937.19,1078.99
2593,21,98,24.0569,3007.34,1093.93
2594,21,99,26.9371,2872.93,1114.12
2595,21,100,25.3139,2949.22,1129.47
2596,21,101,25.9439,2919.4,1142.9
2597,21,102,25.1945,2955.12,1156.49
2598,21,103,24.3644,2994.97,1170.25
2599,21,104,25.2317,2953.05,1184.1
2600,21,105,24.4779,2989.74,1197.78
2601,21,106,23.5166,3036.84,1211.92
2602,21,107,24.0378,3011.13,1225.3
2603,21,108,24.524,2986.98,1238.64
2604,21,109,23.1043,3057.96,1254.42
2605,21,110,22.1726,3104.86,1268.7
2606,21,111,24.1327,3005.55,1287.28
2607,21,112,22.7461,3076.27,1303.18
2608,21,113,23.8484,3019.68,1318.12
2609,21,114,23.1796,3054.23,1331.94
2610,21,115,22.4994,3089.6,1345.82
2611,21,116,23.3962,3042.67,1360.3
2612,21,117,22.6576,3081.57,1374.39
2613,21,118,21.8676,3123.44,1388.67
2614,21,119,22.5315,3088.03,1402.64
2615,21,120,23.1084,3057.07,1416.43
2616,21,121,22.0051,3116.65,1432.07
2617,21,122,21.5459,3141.6,1445.66
2618,21,123,22.7386,3076.4,1461.94
2619,21,124,21.8279,3126.49,1476.98
2620,21,125,22.8301,3071.03,1492.48
2621,21,126,22.243,3103.71,1506.48
2622,21,127,21.867,3124.77,1520.01
2623,21,128,22.7464,3075.23,1535.19
2624,21,129,22.1011,3111.8,1549.48
2625,21,130,21.6104,3139.77,1563.33
2626,21,131,22.3605,3096.76,1578.13
2627,21,132,22.9909,3060.41,1592.49
2628,21,133,22.1797,3107.46,1607.7
2629,22,26,-72.954,5206.64,68.2026
2630,22,27,275.431,-2922.34,86.2575
2631,22,28,18.0643,3168.67,102.667
2632,22,29,71.1079,1895.63,114.675
2633,22,30,34.397,2788.92,127.557
2634,22,31,6.65127,3473.32,140.348
2635,22,32,40.3931,2629.77,153.369
2636,22,33,21.5629,3106.81,166.066
2637,22,34,-3.82714,3758.48,179.12
2638,22,35,9.51705,3411.53,190.74
2639,22,36,30.7284,2852.97,203.958
2640,22,37,13.3522,3316.33,217.065
2641,22,38,-3.32029,3766.49,230.315
2642,22,39,29.1232,2879.7,246.824
2643,22,40,9.07263,3434.43,261.095
2644,22,41,20.7159,3108.42,274.343
2645,22,42,18.1178,3182.04,286.882
2646,22,43,11.3622,3375.7,299.724
2647,22,44,20.1138,3121.9,312.954
2648,22,45,15.2508,3264.55,325.668
2649,22,46,7.97635,3480.36,338.867
2650,22,47,15.0435,3268.34,352.152
2651,22,48,22.312,3047.87,365.645
2652,22,49,16.3018,3232.18,378.911
2653,22,50,11.7752,3372.5,391.87
2654,22,51,33.7157,2685.03,417.201
2655,22,52,24.1787,2987.04,432.224
2656,22,53,28.2025,2858.28,445.475
2657,22,54,25.3799,2949.54,458.513
2658,22,55,21.6858,3070.21,471.78
2659,22,56,27.6857,2872.22,486.032
2660,22,57,24.4758,2979.21,499.274
2661,22,58,20.277,3120.57,512.95
2662,22,59,23.5613,3008.91,526.332
2663,22,60,25.4145,2945.28,539.294
2664,22,61,22.1992,3056.74,552.783
2665,22,62,20.4806,3116.9,565.738
2666,22,63,27.6194,2864.66,582.987
2667,22,64,24.2763,2983.9,596.814
2668,22,65,28.4779,2832.64,611.399
2669,22,66,25.364,2945.78,625.27
2670,22,67,24.027,2994.8,638.284
2671,22,68,27.3139,2873.18,652.51
2672,22,69,24.9085,2962.99,666.139
2673,22,70,22.8333,3041.15,679.608
2674,22,71,25.085,2955.59,693.264
2675,22,72,26.4349,2903.84,706.384
2676,22,73,23.9971,2998.1,720.367
2677,22,74,22.5682,3053.83,733.588
2678,22,75,28.6027,2816.47,754.554
2679,22,76,27.183,2872.79,767.904
2680,22,77,30.0572,2757.82,782.805
2681,22,78,28.0048,2840.6,796.799
2682,22,79,27.1548,2875.17,809.902
2683,22,80,28.6911,2812.18,823.505
2684,22,81,27.0016,2882.01,837.317
2685,22,82,25.6954,2936.44,850.794
2686,22,83,26.1234,2918.46,863.737
2687,22,84,27.4011,2864.37,877.259
2688,22,85,25.5477,2943.45,891.6
2689,22,86,23.7963,3018.76,905.865
2690,22,87,28.2566,2825.48,927.806
2691,22,88,26.7277,2892.24,941.861
2692,22,89,28.4733,2815.43,956.321
2693,22,90,27.1835,2872.62,970.167
2694,22,91,26.4126,2907.05,983.486
2695,22,92,27.3977,2862.72,997.034
2696,22,93,26.4941,2903.68,1010.52
2697,22,94,25.2016,2962.71,1024.59
2698,22,95,26.0201,2925.06,1038.02
2699,22,96,26.6725,2894.83,1051.31
2700,22,97,25.2139,2962.9,1065.92
2701,22,98,23.6699,3035.46,1080.83
2702,22,99,26.6339,2895.17,1100.99
2703,22,100,24.9773,2974.13,1116.3
2704,22,101,25.6314,2942.73,1129.74
2705,22,102,24.8712,2979.48,1143.33
2706,22,103,24.0287,3020.48,1157.08
2707,22,104,24.9251,2976.56,1170.95
2708,22,105,24.1605,3014.28,1184.62
2709,22,106,23.1841,3062.77,1198.74
2710,22,107,23.7252,3035.72,1212.13
2711,22,108,24.2297,3010.32,1225.49
2712,22,109,22.7845,3083.55,1241.23
2713,22,110,21.839,3131.77,1255.48
2714,22,111,23.8501,3028.53,1274.07
2715,22,112,22.4392,3101.43,1289.92
2716,22,113,23.5722,3042.51,1304.87
2717,22,114,22.8949,3077.96,1318.68
2718,22,115,22.2064,3114.22,1332.55
2719,22,116,23.1282,3065.36,1347.05
2720,22,117,22.3797,3105.28,1361.12
2721,22,118,21.5792,3148.25,1375.38
2722,22,119,22.2625,3111.34,1389.37
2723,22,120,22.8565,3079.07,1403.17
2724,22,121,21.7362,3140.32,1418.78
2725,22,122,21.2732,3165.78,1432.36
2726,22,123,22.4946,3098.19,1448.65
2727,22,124,21.571,3149.61,1463.66
2728,22,125,22.5975,3092.13,1479.18
2729,22,126,22.0036,3125.58,1493.17
2730,22,127,21.625,3147.04,1506.69
2731,22,128,22.5253,3095.72,1521.88
2732,22,129,21.8722,3133.16,1536.16
2733,22,130,21.3767,3161.73,1550
2734,22,131,22.1447,3117.19,1564.81
2735,22,132,22.7904,3079.53,1579.19
2736,22,133,21.9682,3127.76,1594.37
2737,23,27,261.18,-2556.56,74.7867
2738,23,28,-77.2251,5677.96,89.405
2739,23,29,18.1993,3324.16,102.668
2740,23,30,-14.4621,4140.69,114.512
2741,23,31,-37.516,4724.73,127.235
2742,23,32,11.8076,3458.75,140.488
2743,23,33,-5.24891,3902.22,153.125
2744,23,34,-30.402,4564.59,166.005
2745,23,35,-10.9164,4044.97,178.784
2746,23,36,16.2442,3311.64,191.202
2747,23,37,-1.51757,3797.12,204.164
2748,23,38,-18.4154,4264.63,217.232
2749,23,39,19.6209,3199.61,233.997
2750,23,40,-1.60173,3800.92,248.068
2751,23,41,12.3907,3399.8,261.443
2752,23,42,10.3654,3458.54,273.99
2753,23,43,3.70473,3653.92,286.774
2754,23,44,13.9481,3350.03,300.118
2755,23,45,9.19832,3492.52,312.793
2756,23,46,1.82204,3716.27,325.894
2757,23,47,9.94689,3467.11,339.291
2758,23,48,18.1665,3212.3,352.885
2759,23,49,12.0183,3404.95,366.07
2760,23,50,7.47424,3548.84,378.966
2761,23,51,31.2245,2788.83,404.28
2762,23,52,21.2178,3112.38,419.189
2763,23,53,25.6922,2966.22,432.493
2764,23,54,22.8501,3060.01,445.524
2765,23,55,19.0855,3185.5,458.763
2766,23,56,25.5913,2966.47,473.07
2767,23,57,22.3176,3077.77,486.29
2768,23,58,18.0055,3225.82,499.918
2769,23,59,21.5901,3101.56,513.35
2770,23,60,23.6445,3029.65,526.352
2771,23,61,20.3552,3145.87,539.803
2772,23,62,18.6428,3206.95,552.748
2773,23,63,26.2195,2934.19,570.027
2774,23,64,22.7838,3059.02,583.813
2775,23,65,27.2503,2895.24,598.435
2776,23,66,24.0506,3013.63,612.267
2777,23,67,22.7126,3063.59,625.277
2778,23,68,26.1995,2932.24,639.54
2779,23,69,23.7392,3025.74,653.141
2780,23,70,21.6262,3106.74,666.584
2781,23,71,24.0191,3014.21,680.277
2782,23,72,25.4657,2957.8,693.428
2783,23,73,22.9703,3055.95,707.371
2784,23,74,21.5259,3113.24,720.576
2785,23,75,27.8274,2861.18,741.522
2786,23,76,26.3839,2919.4,754.863
2787,23,77,29.3916,2797.09,769.784
2788,23,78,27.2898,2883.26,783.752
2789,23,79,26.435,2918.59,796.856
2790,23,80,28.0491,2851.34,810.484
2791,23,81,26.3241,2923.79,824.274
2792,23,82,24.9969,2979.97,837.736
2793,23,83,25.4619,2960.14,850.699
2794,23,84,26.8021,2902.51,864.247
2795,23,85,24.9089,2984.54,878.551
2796,23,86,23.1228,3062.54,892.78
2797,23,87,27.741,2859.34,914.69
2798,23,88,26.1814,2928.48,928.723
2799,23,89,27.9954,2847.45,943.201
2800,23,90,26.6817,2906.57,957.031
2801,23,91,25.903,2941.87,970.347
2802,23,92,26.9308,2894.93,983.917
2803,23,93,26.0149,2937.06,997.392
2804,23,94,24.6998,2998,1011.44
2805,23,95,25.5545,2958.11,1024.9
2806,23,96,26.2372,2926.03,1038.2
2807,23,97,24.7512,2996.36,1052.78
2808,23,98,23.1788,3071.32,1067.64
2809,23,99,26.2325,2924.74,1087.79
2810,23,100,24.5437,3006.36,1103.06
2811,23,101,25.2254,2973.19,1116.52
2812,23,102,24.4563,3010.87,1130.11
2813,23,103,23.6033,3052.95,1143.84
2814,23,104,24.5319,3006.83,1157.73
2815,23,105,23.7584,3045.51,1171.39
2816,23,106,22.7683,3095.34,1185.49
2817,23,107,23.3319,3066.79,1198.9
2818,23,108,23.8573,3039.99,1212.28
2819,23,109,22.3874,3115.45,1227.97
2820,23,110,21.4295,3164.94,1242.2
2821,23,111,23.495,3057.54,1260.78
2822,23,112,22.0606,3132.6,1276.59
2823,23,113,23.2268,3071.18,1291.56
2824,23,114,22.5423,3107.46,1305.36
2825,23,115,21.8465,3144.57,1319.21
2826,23,116,22.7956,3093.63,1333.73
2827,23,117,22.0384,3134.52,1347.79
2828,23,118,21.2283,3178.54,1362.02
2829,23,119,21.933,3140.02,1376.03
2830,23,120,22.5458,3106.31,1389.85
2831,23,121,21.4091,3169.21,1405.42
2832,23,122,20.9434,3195.13,1419
2833,23,123,22.1955,3125.01,1435.3
2834,23,124,21.2597,3177.73,1450.28
2835,23,125,22.3121,3118.09,1465.81
2836,23,126,21.7123,3152.28,1479.79
2837,23,127,21.332,3174.09,1493.31
2838,23,128,22.2549,3120.87,1508.51
2839,23,129,21.5946,3159.16,1522.77
2840,23,130,21.0951,3188.3,1536.6
2841,23,131,21.8824,3142.11,1551.43
2842,23,132,22.5445,3103.05,1565.82
2843,23,133,21.712,3152.45,1580.97
2844,24,28,-124.488,6938.3,77.3757
2845,24,29,18.4989,3315.97,89.783
2846,24,30,-23.58,4395.99,102.75
2847,24,31,-50.1179,5085.98,114.571
2848,24,32,12.967,3424.74,127.887
2849,24,33,-7.73273,3976.74,140.609
2850,24,34,-37.0075,4767.15,153.516
2851,24,35,-13.1734,4115.69,166.371
2852,24,36,18.513,3239.03,179.787
2853,24,37,-2.11029,3816.49,191.785
2854,24,38,-21.1821,4356.85,204.855
2855,24,39,21.9545,3120.27,221.424
2856,24,40,-2.03941,3816.09,235.48
2857,24,41,13.5564,3358.62,248.861
2858,24,42,11.1952,3428.67,261.461
2859,24,43,3.78546,3650.96,274.284
2860,24,44,14.9966,3310.89,287.626
2861,24,45,9.7198,3472.71,300.342
2862,24,46,1.65676,3722.66,313.46
2863,24,47,10.4725,3446.44,326.855
2864,24,48,19.3076,3166.66,340.426
2865,24,49,12.5986,3381.34,353.635
2866,24,50,7.67502,3540.54,366.556
2867,24,51,33.1074,2709.75,391.396
2868,24,52,22.2807,3067.03,406.31
2869,24,53,26.9826,2910.3,419.616
2870,24,54,23.8738,3014.96,432.683
2871,24,55,19.8099,3153.14,445.951
2872,24,56,26.6661,2917.74,460.219
2873,24,57,23.1367,3040.1,473.469
2874,24,58,18.5313,3201.28,487.116
2875,24,59,22.2859,3068.62,500.546
2876,24,60,24.4137,2992.73,513.559
2877,24,61,20.9108,3118.83,527.032
2878,24,62,19.0821,3185.28,540.003
2879,24,63,27.0157,2894.38,557.162
2880,24,64,23.3736,3029.14,570.968
2881,24,65,28.0247,2855.5,585.546
2882,24,66,24.6401,2982.98,599.398
2883,24,67,23.2145,3037.16,612.433
2884,24,68,26.8341,2898.4,626.666
2885,24,69,24.2392,2998.74,640.287
2886,24,70,22.015,3085.48,653.749
2887,24,71,24.4914,2988.08,667.431
2888,24,72,25.9777,2929.12,680.585
2889,24,73,23.362,3033.75,694.542
2890,24,74,21.8457,3094.91,707.766
2891,24,75,28.3773,2829.29,728.54
2892,24,76,26.8585,2891.56,741.903
2893,24,77,29.9601,2763.36,756.782
2894,24,78,27.7611,2854.98,770.767
2895,24,79,26.859,2892.87,783.892
2896,24,80,28.5148,2822.77,797.511
2897,24,81,26.7143,2899.6,811.317
2898,24,82,25.3289,2959.17,824.798
2899,24,83,25.7983,2938.83,837.772
2900,24,84,27.1714,2878.87,851.314
2901,24,85,25.2053,2965.38,865.627
2902,24,86,23.353,3047.5,879.863
2903,24,87,28.1083,2835.09,901.619
2904,24,88,26.4895,2907.94,915.665
2905,24,89,28.3491,2823.64,930.121
2906,24,90,26.9857,2885.9,943.966
2907,24,91,26.1751,2923.19,957.297
2908,24,92,27.2248,2874.55,970.865
2909,24,93,26.2744,2918.91,984.356
2910,24,94,24.9149,2982.8,998.409
2911,24,95,25.7874,2941.5,1011.87
2912,24,96,26.4823,2908.38,1025.17
2913,24,97,24.9496,2981.95,1039.76
2914,24,98,23.3299,3060.23,1054.62
2915,24,99,26.46,2907.9,1074.67
2916,24,100,24.7215,2993.09,1089.94
2917,24,101,25.4161,2958.82,1103.41
2918,24,102,24.6227,2998.23,1117
2919,24,103,23.7442,3042.15,1130.74
2920,24,104,24.6922,2994.43,1144.63
2921,24,105,23.896,3034.78,1158.3
2922,24,106,22.8787,3086.66,1172.4
2923,24,107,23.4531,3057.18,1185.82
2924,24,108,23.988,3029.54,1199.2
2925,24,109,22.4809,3107.91,1214.88
2926,24,110,21.4988,3159.3,1229.11
2927,24,111,23.6096,3048.13,1247.64
2928,24,112,22.1404,3126,1263.43
2929,24,113,23.3308,3062.51,1278.39
2930,24,114,22.629,3100.18,1292.2
2931,24,115,21.9162,3138.67,1306.06
2932,24,116,22.8842,3086.07,1320.57
2933,24,117,22.109,3128.45,1334.63
2934,24,118,21.2803,3174.03,1348.87
2935,24,119,21.9986,3134.28,1362.87
2936,24,120,22.6227,3099.54,1376.7
2937,24,121,21.4612,3164.58,1392.26
2938,24,122,20.9851,3191.4,1405.84
2939,24,123,22.2614,3119.08,1422.12
2940,24,124,21.3057,3173.56,1437.09
2941,24,125,22.3779,3112.08,1452.6
2942,24,126,21.7652,3147.42,1466.59
2943,24,127,21.3766,3169.96,1480.11
2944,24,128,22.3162,3115.15,1495.3
2945,24,129,21.6423,3154.68,1509.57
2946,24,130,21.1325,3184.76,1523.4
2947,24,131,21.9337,3137.22,1538.22
2948,24,132,22.607,3097.04,1552.61
2949,24,133,21.7582,3147.98,1567.75
2950,25,29,158.688,-562.596,77.39
2951,25,30,55.8531,2145.39,89.5976
2952,25,31,-0.962143,3660.46,102.606
2953,25,32,65.605,1863.15,114.759
2954,25,33,28.608,2874.4,127.653
2955,25,34,-13.7898,4047.41,140.744
2956,25,35,10.1564,3376.91,153.532
2957,25,36,43.2355,2439.67,166.744
2958,25,37,15.6359,3230.86,179.931
2959,25,38,-8.69565,3936.48,192.157
2960,25,39,38.5277,2551.26,208.282
2961,25,40,9.46288,3413.51,222.52
2962,25,41,25.5403,2931.19,235.791
2963,25,42,21.5851,3051.16,248.448
2964,25,43,12.3018,3335.85,261.369
2965,25,44,23.7825,2979.95,274.601
2966,25,45,17.1663,3187.26,287.403
2967,25,46,7.69331,3487.24,300.626
2968,25,47,16.7507,3197.4,313.919
2969,25,48,25.7989,2904.84,327.364
2970,25,49,18.0339,3158.5,340.683
2971,25,50,12.3135,3347.27,353.689
2972,25,51,39.2862,2448.18,377.965
2973,25,52,27.2447,2853.58,393.007
2974,25,53,31.9285,2694.33,406.264
2975,25,54,28.2828,2819.5,419.389
2976,25,55,23.6723,2979.33,432.726
2977,25,56,30.7156,2732.82,446.888
2978,25,57,26.7268,2873.75,460.204
2979,25,58,21.6394,3055.2,473.923
2980,25,59,25.4309,2918.71,487.303
2981,25,60,27.5022,2843.45,500.293
2982,25,61,23.643,2984.96,513.833
2983,25,62,21.5742,3061.5,526.848
2984,25,63,29.7869,2754.9,543.819
2985,25,64,25.8241,2904.16,557.693
2986,25,65,30.5825,2723.34,572.175
2987,25,66,26.915,2863.93,586.094
2988,25,67,25.3172,2925.71,599.167
2989,25,68,29.0058,2781.85,613.324
2990,25,69,26.1991,2892.25,627.002
2991,25,70,23.793,2987.69,640.514
2992,25,71,26.2991,2887.45,654.148
2993,25,72,27.772,2828.04,667.277
2994,25,73,24.9763,2941.73,681.291
2995,25,74,23.3347,3009.04,694.557
2996,25,75,30.0641,2730.89,715.111
2997,25,76,28.422,2799.31,728.514
2998,25,77,31.5816,2666.61,743.312
2999,25,78,29.2412,2765.69,757.35
3000,25,79,28.2524,2807.87,770.505
3001,25,80,29.9177,2736.27,784.087
3002,25,81,28.0047,2819.16,797.94
3003,25,82,26.527,2883.69,811.459
3004,25,83,26.9717,2864.12,824.431
3005,25,84,28.3515,2802.95,837.941
3006,25,85,26.2822,2895.38,852.303
3007,25,86,24.3354,2982.98,866.582
3008,25,87,29.2105,2761.98,888.146
3009,25,88,27.5067,2839.79,902.234
3010,25,89,29.3922,2753.05,916.639
3011,25,90,27.9559,2819.61,930.521
3012,25,91,27.0921,2859.91,943.88
3013,25,92,28.1458,2810.39,957.424
3014,25,93,27.1411,2857.95,970.946
3015,25,94,25.718,2925.78,985.035
3016,25,95,26.5924,2883.81,998.477
3017,25,96,27.2843,2850.37,1011.77
3018,25,97,25.6876,2928.07,1026.39
3019,25,98,24.0042,3010.56,1041.29
3020,25,99,27.1998,2852.91,1061.21
3021,25,100,25.396,2942.5,1076.51
3022,25,101,26.0912,2907.74,1089.96
3023,25,102,25.2602,2949.57,1103.58
3024,25,103,24.3433,2996.02,1117.35
3025,25,104,25.3,2947.23,1131.21
3026,25,105,24.4691,2989.88,1144.91
3027,25,106,23.413,3044.45,1159.04
3028,25,107,23.9883,3014.53,1172.45
3029,25,108,24.5233,2986.54,1185.82
3030,25,109,22.9681,3068.44,1201.53
3031,25,110,21.9518,3122.31,1215.78
3032,25,111,24.1008,3007.69,1234.22
3033,25,112,22.587,3088.93,1250.04
3034,25,113,23.7941,3023.75,1264.95
3035,25,114,23.0664,3063.29,1278.78
3036,25,115,22.3283,3103.64,1292.66
3037,25,116,23.3084,3049.73,1307.15
3038,25,117,22.5074,3094.05,1321.23
3039,25,118,21.6526,3141.64,1335.49
3040,25,119,22.3782,3101,1349.48
3041,25,120,23.0074,3065.56,1363.29
3042,25,121,21.8141,3133.18,1378.87
3043,25,122,21.321,3161.28,1392.47
3044,25,123,22.6163,3087.02,1408.69
3045,25,124,21.6344,3143.65,1423.69
3046,25,125,22.7213,3080.6,1439.16
3047,25,126,22.0899,3117.44,1453.16
3048,25,127,21.6874,3141.05,1466.7
3049,25,128,22.6391,3084.9,1481.86
3050,25,129,21.9462,3126.01,1496.15
3051,25,130,21.4211,3157.34,1509.99
3052,25,131,22.2318,3108.7,1524.79
3053,25,132,22.9121,3067.65,1539.15
3054,25,133,22.0421,3120.43,1554.32
3055,26,30,-34.284,4729.32,77.4338
3056,26,31,-79.992,5978.67,89.471
3057,26,32,28.1743,2986.07,102.86
3058,26,33,-8.71429,4018.95,114.755
3059,26,34,-52.24,5252.18,127.737
3060,26,35,-15.8145,4207.98,140.701
3061,26,36,28.0009,2937.34,154.08
3062,26,37,-1.65944,3807.37,167.169
3063,26,38,-27.0735,4561.32,180.259
3064,26,39,29.5215,2863.47,195.517
3065,26,40,-2.21786,3826.23,209.591
3066,26,41,17.3293,3226.79,222.97
3067,26,42,13.8749,3333.88,235.655
3068,26,43,4.41672,3630.23,248.546
3069,26,44,17.9359,3202.12,261.873
3070,26,45,11.2428,3416.3,274.657
3071,26,46,1.43174,3733.53,287.81
3072,26,47,11.8817,3392.16,301.195
3073,26,48,22.1402,3053.63,314.717
3074,26,49,14.033,3323.87,327.978
3075,26,50,8.17495,3521.09,340.94
3076,26,51,37.5408,2522.65,365.057
3077,26,52,24.7367,2962.26,380.006
3078,26,53,29.9342,2782.08,393.309
3079,26,54,26.1746,2913.67,406.439
3080,26,55,21.3973,3082.47,419.761
3081,26,56,29.0417,2809.81,433.959
3082,26,57,24.9083,2958.62,447.266
3083,26,58,19.6227,3150.66,460.95
3084,26,59,23.7559,2999.11,474.372
3085,26,60,26.0413,2914.55,487.399
3086,26,61,22.0488,3063.6,500.914
3087,26,62,19.9544,3142.49,513.927
3088,26,63,28.6845,2810.75,530.894
3089,26,64,24.5751,2968.27,544.738
3090,26,65,29.6339,2772.67,559.242
3091,26,66,25.8338,2920.87,573.133
3092,26,67,24.2114,2984.69,586.209
3093,26,68,28.123,2829.53,600.391
3094,26,69,25.2288,2945.29,614.049
3095,26,70,22.7589,3044.91,627.544
3096,26,71,25.4189,2936.74,641.207
3097,26,72,26.992,2872.24,654.364
3098,26,73,24.1123,2991.27,668.347
3099,26,74,22.4389,3060.99,681.604
3100,26,75,29.4733,2765.55,702.103
3101,26,76,27.79,2836.81,715.504
3102,26,77,31.0954,2695.78,730.31
3103,26,78,28.685,2799.42,744.33
3104,26,79,27.6802,2842.97,757.489
3105,26,80,29.4268,2766.7,771.092
3106,26,81,27.4631,2853.1,784.93
3107,26,82,25.9526,2920.07,798.44
3108,26,83,26.4324,2898.64,811.432
3109,26,84,27.8773,2833.62,824.962
3110,26,85,25.7548,2929.84,839.295
3111,26,86,23.7615,3020.86,853.545
3112,26,87,28.8124,2788.52,875.051
3113,26,88,27.0671,2869.39,889.122
3114,26,89,29.0253,2778.01,903.54
3115,26,90,27.556,2847.06,917.411
3116,26,91,26.6782,2888.61,930.771
3117,26,92,27.7756,2836.3,944.332
3118,26,93,26.7523,2885.42,957.85
3119,26,94,25.2992,2955.65,971.921
3120,26,95,26.2106,2911.3,985.382
3121,26,96,26.9327,2875.91,998.69
3122,26,97,25.3015,2956.39,1013.29
3123,26,98,23.5825,3041.76,1028.15
3124,26,99,26.8759,2877.1,1048.04
3125,26,100,25.0326,2969.87,1063.31
3126,26,101,25.7556,2933.24,1076.77
3127,26,102,24.9118,2976.28,1090.39
3128,26,103,23.9803,3024.1,1104.15
3129,26,104,24.9704,2972.94,1118.02
3130,26,105,24.127,3016.8,1131.72
3131,26,106,23.0533,3072.99,1145.83
3132,26,107,23.6514,3041.49,1159.25
3133,26,108,24.2074,3012.02,1172.64
3134,26,109,22.6227,3096.54,1188.31
3135,26,110,21.5906,3151.93,1202.54
3136,26,111,23.798,3032.73,1220.97
3137,26,112,22.2564,3116.49,1236.75
3138,26,113,23.4984,3048.59,1251.68
3139,26,114,22.761,3089.15,1265.5
3140,26,115,22.0133,3130.52,1279.37
3141,26,116,23.0219,3074.38,1293.87
3142,26,117,22.2097,3119.86,1307.94
3143,26,118,21.3429,3168.69,1322.18
3144,26,119,22.0905,3126.32,1336.18
3145,26,120,22.739,3089.36,1350
3146,26,121,21.5264,3158.88,1365.55
3147,26,122,21.0291,3187.56,1379.14
3148,26,123,22.3568,3110.55,1395.38
3149,26,124,21.3603,3168.68,1410.35
3150,26,125,22.4744,3103.32,1425.83
3151,26,126,21.8354,3141.02,1439.82
3152,26,127,21.43,3165.08,1453.36
3153,26,128,22.4051,3106.89,1468.53
3154,26,129,21.7034,3148.99,1482.8
3155,26,130,21.173,3181,1496.64
3156,26,131,22.0037,3130.6,1511.45
3157,26,132,22.701,3088.07,1525.82
3158,26,133,21.8188,3142.18,1540.96
3159,27,31,-356.748,14189.1,75.8937
3160,27,32,-120.274,7489.01,89.0161
3161,27,33,-125.289,7632.75,101.774
3162,27,34,-150.552,8365.4,113.458
3163,27,35,-84.185,6418.63,126.811
3164,27,36,-17.9324,4453.13,140.621
3165,27,37,-44.634,5254.18,153.463
3166,27,38,-67.1213,5936.3,166.272
3167,27,39,4.34176,3744.76,183.172
3168,27,40,-28.3346,4757.73,195.961
3169,27,41,-2.69893,3954.48,209.557
3170,27,42,-4.08168,3998.27,222.232
3171,27,43,-12.54,4268.93,235.025
3172,27,44,4.36539,3722.33,248.54
3173,27,45,-1.60379,3917.32,261.251
3174,27,46,-11.1113,4231.07,274.258
3175,27,47,1.52852,3809.74,287.826
3176,27,48,13.6608,3401.29,301.513
3177,27,49,5.58593,3675.83,314.652
3178,27,50,-0.0563478,3869.55,327.516
3179,27,51,32.3173,2747.26,351.863
3180,27,52,18.9301,3215.82,366.662
3181,27,53,24.9427,3003.37,380.036
3182,27,54,21.2711,3134.32,393.142
3183,27,55,16.5024,3306,406.416
3184,27,56,24.9829,2997.87,420.709
3185,27,57,20.8446,3149.61,433.974
3186,27,58,15.4827,3348,447.586
3187,27,59,20.1172,3174.98,461.08
3188,27,60,22.7511,3075.77,474.156
3189,27,61,18.7185,3229.01,487.612
3190,27,62,16.6928,3306.66,500.601
3191,27,63,26.0711,2944.03,517.666
3192,27,64,21.8829,3107.37,531.448
3193,27,65,27.3392,2892.76,546.023
3194,27,66,23.4638,3046.48,559.854
3195,27,67,21.8779,3109.92,572.915
3196,27,68,26.0869,2940.15,587.162
3197,27,69,23.1528,3059.48,600.772
3198,27,70,20.665,3161.47,614.226
3199,27,71,23.5363,3042.79,627.945
3200,27,72,25.2596,2970.99,641.142
3201,27,73,22.3311,3093.99,655.066
3202,27,74,20.6622,3164.63,668.294
3203,27,75,28.0562,2849.16,688.847
3204,27,76,26.3623,2922,702.227
3205,27,77,29.8533,2770.72,717.079
3206,27,78,27.398,2877.93,731.057
3207,27,79,26.4038,2921.68,744.209
3208,27,80,28.2624,2839.28,757.85
3209,27,81,26.2696,2928.29,771.651
3210,27,82,24.7478,2996.78,785.136
3211,27,83,25.2867,2972.34,798.149
3212,27,84,26.8209,2902.28,811.715
3213,27,85,24.6623,3001.58,825.997
3214,27,86,22.6389,3095.33,840.196
3215,27,87,27.8922,2850.17,861.731
3216,27,88,26.1203,2933.45,875.768
3217,27,89,28.1707,2836.4,890.221
3218,27,90,26.6822,2907.35,904.065
3219,27,91,25.8043,2949.49,917.414
3220,27,92,26.9615,2893.56,931.005
3221,27,93,25.9319,2943.67,944.505
3222,27,94,24.4602,3015.78,958.542
3223,27,95,25.4223,2968.32,972.031
3224,27,96,26.1876,2930.31,985.363
3225,27,97,24.5314,3013.12,999.915
3226,27,98,22.7861,3100.97,1014.73
3227,27,99,26.1915,2928.42,1034.64
3228,27,100,24.317,3024.03,1049.86
3229,27,101,25.0783,2984.94,1063.35
3230,27,102,24.23,3028.77,1076.95
3231,27,103,23.2921,3077.55,1090.68
3232,27,104,24.3253,3023.48,1104.59
3233,27,105,23.4768,3068.16,1118.26
3234,27,106,22.3925,3125.63,1132.35
3235,27,107,23.0217,3092.07,1145.79
3236,27,108,23.6066,3060.68,1159.2
3237,27,109,21.9982,3147.54,1174.81
3238,27,110,20.9564,3204.14,1189.01
3239,27,111,23.2306,3079.82,1207.48
3240,27,112,21.6664,3165.85,1223.2
3241,27,113,22.9505,3094.79,1238.16
3242,27,114,22.2088,3136.08,1251.96
3243,27,115,21.4567,3178.2,1265.81
3244,27,116,22.5001,3119.42,1280.34
3245,27,117,21.6815,3165.81,1294.38
3246,27,118,20.8074,3215.63,1308.6
3247,27,119,21.5826,3171.19,1322.62
3248,27,120,22.2557,3132.37,1336.47
3249,27,121,21.0277,3203.6,1351.97
3250,27,122,20.5305,3232.6,1365.55
3251,27,123,21.8958,3152.5,1381.82
3252,27,124,20.8884,3211.94,1396.75
3253,27,125,22.0346,3143.93,1412.26
3254,27,126,21.3915,3182.3,1426.23
3255,27,127,20.9869,3206.58,1439.76
3256,27,128,21.9898,3146.07,1454.96
3257,27,129,21.2826,3188.97,1469.2
3258,27,130,20.75,3221.46,1483.03
3259,27,131,21.6046,3169.05,1497.86
3260,27,132,22.3226,3124.77,1512.26
3261,27,133,21.4309,3180.05,1527.36
3262,28,32,309.918,-5703.55,70.9863
3263,28,33,159.835,-1301.11,83.2221
3264,28,34,45.8893,2079.27,96.6304
3265,28,35,79.7379,1063.82,107.767
3266,28,36,124.286,-287.479,120.342
3267,28,37,63.8004,1567.41,134.279
3268,28,38,17.5091,3002.44,147.903
3269,28,39,86.7776,832.03,164.507
3270,28,40,36.3916,2427.59,179.536
3271,28,41,56.443,1785.94,191.495
3272,28,42,46.9903,2091.58,204.029
3273,28,43,31.0907,2610.97,217.008
3274,28,44,44.8519,2156.85,229.956
3275,28,45,33.721,2527.88,242.782
3276,28,46,19.4943,3006.84,256.18
3277,28,47,30.3375,2638.17,269.259
3278,28,48,40.8815,2276.16,282.464
3279,28,49,29.598,2667.32,296.032
3280,28,50,21.3771,2955.06,309.128
3281,28,51,54.6624,1778.98,334.157
3282,28,52,38.4166,2358.41,349.643
3283,28,53,43.3928,2179.27,362.745
3284,28,54,38.0825,2372.21,375.928
3285,28,55,31.7724,2603.58,389.357
3286,28,56,39.7846,2307.12,403.355
3287,28,57,34.3837,2508.76,416.764
3288,28,58,27.8023,2756.66,430.622
3289,28,59,31.9566,2598.8,443.876
3290,28,60,34.0326,2519.22,456.754
3291,28,61,29.0991,2709.98,470.408
3292,28,62,26.3645,2816.63,483.444
3293,28,63,35.7265,2448.39,500.335
3294,28,64,30.79,2644.2,514.355
3295,28,65,36.0647,2433.21,528.704
3296,28,66,31.5431,2615.59,542.766
3297,28,67,29.4739,2699.73,555.864
3298,28,68,33.5177,2533.94,569.903
3299,28,69,30.09,2675.62,583.685
3300,28,70,27.1638,2797.54,597.272
3301,28,71,29.8703,2683.87,610.809
3302,28,72,31.3886,2619.59,623.851
3303,28,73,28.0663,2761.34,637.991
3304,28,74,26.0824,2846.65,651.299
3305,28,75,33.5586,2522.68,671.818
3306,28,76,31.571,2609.48,685.279
3307,28,77,34.9933,2458.89,699.963
3308,28,78,32.2401,2580.95,714.115
3309,28,79,31.0215,2635.38,727.294
3310,28,80,32.7759,2556.43,740.793
3311,28,81,30.5421,2657.7,754.735
3312,28,82,28.8096,2736.82,768.31
3313,28,83,29.2227,2717.81,781.24
3314,28,84,30.6727,2650.63,794.676
3315,28,85,28.3068,2761.04,809.15
3316,28,86,26.0913,2865.17,823.523
3317,28,87,31.4046,2613.67,845.024
3318,28,88,29.4594,2706.39,859.191
3319,28,89,31.4683,2609.97,873.517
3320,28,90,29.8279,2689.25,887.466
3321,28,91,28.8242,2738.1,900.856
3322,28,92,29.9241,2684.21,914.344
3323,28,93,28.7735,2740.97,927.907
3324,28,94,27.1731,2820.46,942.064
3325,28,95,28.0837,2774.92,955.459
3326,28,96,28.794,2739.17,968.705
3327,28,97,27.016,2829.26,983.418
3328,28,98,25.1516,2924.34,998.402
3329,28,99,28.5859,2748.05,1018.24
3330,28,100,26.5943,2850.95,1033.64
3331,28,101,27.3147,2813.48,1047.05
3332,28,102,26.3842,2862.18,1060.71
3333,28,103,25.3649,2915.87,1074.51
3334,28,104,26.371,2862.54,1088.33
3335,28,105,25.4484,2911.75,1102.06
3336,28,106,24.2867,2974.09,1116.23
3337,28,107,24.8843,2941.82,1129.61
3338,28,108,25.4376,2911.76,1142.96
3339,28,109,23.7453,3004.27,1158.75
3340,28,110,22.6364,3065.26,1173.04
3341,28,111,24.9247,2938.64,1191.41
3342,28,112,23.2838,3029.98,1207.3
3343,28,113,24.5602,2958.51,1222.17
3344,28,114,23.7644,3003.34,1236.03
3345,28,115,22.9599,3048.93,1249.93
3346,28,116,23.9929,2990.04,1264.38
3347,28,117,23.123,3039.92,1278.5
3348,28,118,22.198,3093.26,1292.79
3349,28,119,22.9598,3049.08,1306.75
3350,28,120,23.6178,3010.69,1320.53
3351,28,121,22.3347,3085.97,1336.16
3352,28,122,21.7994,3117.55,1349.78
3353,28,123,23.1668,3036.42,1365.96
3354,28,124,22.1124,3099.33,1380.99
3355,28,125,23.257,3030.66,1396.43
3356,28,126,22.5762,3071.73,1410.45
3357,28,127,22.1398,3098.2,1424.01
3358,28,128,23.1398,3037.2,1439.13
3359,28,129,22.3961,3082.82,1453.44
3360,28,130,21.8316,3117.63,1467.31
3361,28,131,22.6818,3064.92,1482.07
3362,28,132,23.393,3020.59,1496.41
3363,28,133,22.4643,3078.78,1511.61
3364,29,33,-76.152,6171.8,68.1892
3365,29,34,-149.417,8394.18,79.0202
3366,29,35,-50.0957,5348.32,92.455
3367,29,36,38.0479,2615.87,105.449
3368,29,37,-16.715,4331.77,118.472
3369,29,38,-56.1615,5580.91,131.224
3370,29,39,39.096,2532.67,150.353
3371,29,40,-11.7407,4176.39,164.754
3372,29,41,18.8004,3178.72,178.096
3373,29,42,13.3749,3357.76,189.421
3374,29,43,-0.162643,3809.01,202.046
3375,29,44,19.2254,3156.28,215.35
3376,29,45,9.79985,3476.75,227.878
3377,29,46,-3.34966,3928.22,240.899
3378,29,47,11.0396,3429.39,254.345
3379,29,48,24.5677,2955.9,267.901
3380,29,49,13.7633,3337.66,281.155
3381,29,50,6.23455,3606.19,293.97
3382,29,51,43.731,2256.31,320.331
3383,29,52,27.0423,2862.67,335.539
3384,29,53,33.3265,2632.25,348.74
3385,29,54,28.3821,2815.19,361.813
3386,29,55,22.3232,3041.39,375.1
3387,29,56,31.5826,2692.62,389.298
3388,29,57,26.3748,2890.52,402.578
3389,29,58,19.8887,3139.15,416.27
3390,29,59,24.8215,2948.42,429.638
3391,29,60,27.4731,2845,442.567
3392,29,61,22.6383,3035.17,456.078
3393,29,62,20.1228,3134.95,469.017
3394,29,63,30.3765,2724.81,486.25
3395,29,64,25.4629,2922.98,500.131
3396,29,65,31.3107,2685.18,514.646
3397,29,66,26.8013,2870.06,528.579
3398,29,67,24.8692,2949.92,541.605
3399,29,68,29.3454,2763.41,555.783
3400,29,69,25.954,2905.85,569.454
3401,29,70,23.0855,3027.29,582.938
3402,29,71,26.1075,2898.35,596.575
3403,29,72,27.8659,2822.74,609.668
3404,29,73,24.5525,2966.32,623.688
3405,29,74,22.6351,3050.04,636.913
3406,29,75,30.5762,2700.64,657.765
3407,29,76,28.6299,2786.92,671.159
3408,29,77,32.312,2622.45,685.964
3409,29,78,29.5559,2746.48,700.024
3410,29,79,28.3948,2799.11,713.158
3411,29,80,30.3177,2711.3,726.722
3412,29,81,28.0924,2813.66,740.581
3413,29,82,26.3864,2892.71,754.087
3414,29,83,26.9027,2868.62,767.03
3415,29,84,28.4873,2794.14,780.526
3416,29,85,26.1151,2906.43,794.903
3417,29,86,23.8988,3012.07,809.181
3418,29,87,29.4665,2744.82,830.939
3419,29,88,27.5211,2838.85,845.032
3420,29,89,29.6594,2734.78,859.438
3421,29,90,28.0244,2814.9,873.324
3422,29,91,27.0461,2863.16,886.671
3423,29,92,28.2359,2804.06,900.206
3424,29,93,27.1019,2860.77,913.719
3425,29,94,25.5036,2941.21,927.805
3426,29,95,26.4913,2891.17,941.241
3427,29,96,27.2693,2851.49,954.52
3428,29,97,25.484,2943.14,969.151
3429,29,98,23.61,3039.96,984.047
3430,29,99,27.1845,2854.09,1004.07
3431,29,100,25.1766,2959.17,1019.38
3432,29,101,25.9555,2918.14,1032.82
3433,29,102,25.0366,2966.85,1046.43
3434,29,103,24.026,3020.75,1060.19
3435,29,104,25.0939,2963.43,1074.06
3436,29,105,24.1804,3012.76,1087.74
3437,29,106,23.0215,3075.73,1101.86
3438,29,107,23.6663,3040.48,1115.27
3439,29,108,24.2639,3007.62,1128.64
3440,29,109,22.5588,3101.96,1144.34
3441,29,110,21.4517,3163.59,1158.57
3442,29,111,23.8237,3030.76,1177.09
3443,29,112,22.17,3123.92,1192.89
3444,29,113,23.5026,3048.41,1207.83
3445,29,114,22.7129,3093.42,1221.65
3446,29,115,21.9141,3139.22,1235.51
3447,29,116,22.9943,3076.92,1250.02
3448,29,117,22.1273,3127.21,1264.09
3449,29,118,21.2038,3181.08,1278.32
3450,29,119,22.0042,3134.12,1292.33
3451,29,120,22.6973,3093.23,1306.15
3452,29,121,21.4064,3169.82,1321.71
3453,29,122,20.8795,3201.26,1335.29
3454,29,123,22.2951,3116.33,1351.56
3455,29,124,21.2368,3180.18,1366.53
3456,29,125,22.4231,3108.21,1382.04
3457,29,126,21.7454,3149.54,1396.03
3458,29,127,21.317,3175.82,1409.55
3459,29,128,22.3535,3111.91,1424.74
3460,29,129,21.6106,3157.96,1439.01
3461,29,130,21.0504,3192.88,1452.84
3462,29,131,21.9323,3137.62,1467.66
3463,29,132,22.6715,3091.05,1482.04
3464,29,133,21.739,3150.11,1497.19
3465,30,34,-69.024,5768,68.0638
3466,30,35,36.6069,2458.24,79.5627
3467,30,36,125.162,-346.014,92.5203
3468,30,37,34.93,2541.41,105.611
3469,30,38,-24.759,4471.36,118.882
3470,30,39,83.2695,942.43,136.962
3471,30,40,15.1582,3190.1,151.863
3472,30,41,46.3064,2151.83,164.947
3473,30,42,35.8144,2505.06,177.364
3474,30,43,17.1373,3140.08,189.17
3475,30,44,36.8038,2464.86,202.241
3476,30,45,24.0027,2908.63,214.922
3477,30,46,7.63529,3481.49,228.133
3478,30,47,22.4028,2959.71,241.377
3479,30,48,36.1588,2469.08,254.709
3480,30,49,23.1148,2938.66,268.165
3481,30,50,13.9784,3270.62,281.119
3482,30,51,54.1797,1796.57,306.754
3483,30,52,35.1312,2501.36,322.168
3484,30,53,41.2651,2272.37,335.303
3485,30,54,35.29,2497.43,348.459
3486,30,55,28.2336,2765.57,361.839
3487,30,56,37.7411,2401.12,375.9
3488,30,57,31.7214,2633.88,389.27
3489,30,58,24.4192,2918.66,403.059
3490,30,59,29.3789,2723.58,416.362
3491,30,60,31.9076,2623.28,429.26
3492,30,61,26.4934,2839.85,442.859
3493,30,62,23.5918,2956.88,455.854
3494,30,63,34.2446,2523.66,472.859
3495,30,64,28.8292,2745.69,486.83
3496,30,65,34.8149,2498.29,501.23
3497,30,66,29.8723,2704.23,515.248
3498,30,67,27.6769,2796.44,528.322
3499,30,68,32.2386,2603.32,542.409
3500,30,69,28.533,2761.43,556.151
3501,30,70,25.3987,2896.2,569.696
3502,30,71,28.4545,2763.78,583.275
3503,30,72,30.1855,2688.2,596.339
3504,30,73,26.6161,2845.25,610.43
3505,30,74,24.5218,2938.1,623.703
3506,30,75,32.7261,2571.64,644.307
3507,30,76,30.6055,2667.07,657.75
3508,30,77,34.3587,2496.92,672.464
3509,30,78,31.4066,2631.73,686.588
3510,30,79,30.125,2690.69,699.756
3511,30,80,32.0555,2601.24,713.279
3512,30,81,29.6778,2712.2,727.193
3513,30,82,27.8476,2798.22,740.743
3514,30,83,28.3288,2775.44,753.684
3515,30,84,29.9192,2699.64,767.144
3516,30,85,27.4111,2820.02,781.577
3517,30,86,25.0716,2933.1,795.905
3518,30,87,30.7909,2654.76,817.454
3519,30,88,28.7346,2755.52,831.593
3520,30,89,30.9037,2648.51,845.944
3521,30,90,29.1743,2734.4,859.872
3522,30,91,28.1274,2786.75,873.25
3523,30,92,29.3207,2726.69,886.76
3524,30,93,28.1173,2787.66,900.307
3525,30,94,26.4386,2873.27,914.432
3526,30,95,27.4278,2822.49,927.85
3527,30,96,28.2011,2782.54,941.114
3528,30,97,26.3359,2879.53,955.787
3529,30,98,24.3829,2981.74,970.722
3530,30,99,28.0374,2789.26,990.598
3531,30,100,25.9489,2899.95,1005.95
3532,30,101,26.7281,2858.4,1019.38
3533,30,102,25.7628,2910.2,1033.02
3534,30,103,24.7053,2967.31,1046.8
3535,30,104,25.7835,2908.72,1060.64
3536,30,105,24.8279,2960.97,1074.36
3537,30,106,23.622,3027.29,1088.5
3538,30,107,24.2679,2991.55,1101.9
3539,30,108,24.8654,2958.29,1115.26
3540,30,109,23.1026,3057,1130.99
3541,30,110,21.9548,3121.67,1145.25
3542,30,111,24.3724,2984.67,1163.67
3543,30,112,22.6656,3081.96,1179.5
3544,30,113,24.0181,3004.41,1194.4
3545,30,114,23.1978,3051.72,1208.24
3546,30,115,22.3691,3099.78,1222.12
3547,30,116,23.4637,3035.93,1236.6
3548,30,117,22.5663,3088.58,1250.69
3549,30,118,21.6122,3144.87,1264.95
3550,30,119,22.4213,3096.86,1278.94
3551,30,120,23.1205,3055.15,1292.74
3552,30,121,21.7923,3134.84,1308.32
3553,30,122,21.2458,3167.81,1321.92
3554,30,123,22.6836,3080.58,1338.14
3555,30,124,21.5949,3146.99,1353.13
3556,30,125,22.7985,3073.17,1368.6
3557,30,126,22.0991,3116.3,1382.61
3558,30,127,21.6547,3143.85,1396.15
3559,30,128,22.7053,3078.37,1411.3
3560,30,129,21.9406,3126.29,1425.59
3561,30,130,21.3627,3162.69,1439.44
3562,30,131,22.2558,3106.13,1454.23
3563,30,132,23.0031,3058.55,1468.59
3564,30,133,22.0462,3119.8,1483.75
3565,31,35,13.134,3248.49,69.1629
3566,31,36,139.032,-822.212,81.052
3567,31,37,19.0564,3096.99,94.9047
3568,31,38,-51.5864,5428.2,106.879
3569,31,39,86.41,828.323,124.71
3570,31,40,4.04836,3601.17,139.406
3571,31,41,42.8798,2280.9,152.567
3572,31,42,31.2103,2681.55,165.043
3573,31,43,10.3681,3404.08,177.837
3574,31,44,33.8111,2583.57,189.972
3575,31,45,19.7023,3082.09,202.655
3576,31,46,1.82647,3719.66,215.797
3577,31,47,19.0147,3100.88,229.108
3578,31,48,34.6757,2531.86,242.475
3579,31,49,20.4147,3054.77,255.881
3580,31,50,10.6347,3416.63,268.802
3581,31,51,54.9831,1760.95,293.966
3582,31,52,34.1299,2546.42,309.306
3583,31,53,40.8842,2289.76,322.476
3584,31,54,34.4429,2536.68,335.653
3585,31,55,26.8898,2828.73,349.035
3586,31,56,37.232,2425.38,363.104
3587,31,57,30.8042,2678.21,376.478
3588,31,58,23.0459,2985.96,390.246
3589,31,59,28.4423,2770.1,403.58
3590,31,60,31.202,2658.79,416.513
3591,31,61,25.484,2891.32,430.099
3592,31,62,22.4642,3015.14,443.103
3593,31,63,33.8309,2545.31,460.049
3594,31,64,28.1214,2783.21,474.001
3595,31,65,34.4895,2515.75,488.4
3596,31,66,29.2904,2735.84,502.401
3597,31,67,27.0078,2833.24,515.486
3598,31,68,31.8448,2625.24,529.582
3599,31,69,27.9694,2793.18,543.314
3600,31,70,24.7066,2935.65,556.85
3601,31,71,27.9452,2793.16,570.449
3602,31,72,29.7829,2711.68,583.537
3603,31,73,26.0661,2877.7,597.606
3604,31,74,23.9016,2975.1,610.878
3605,31,75,32.4981,2585.39,631.371
3606,31,76,30.2953,2685.99,644.819
3607,31,77,34.2214,2505.39,659.525
3608,31,78,31.152,2647.6,673.638
3609,31,79,29.8284,2709.37,686.818
3610,31,80,31.8481,2614.45,700.355
3611,31,81,29.3852,2731.02,714.261
3612,31,82,27.4959,2821.08,727.81
3613,31,83,28.0086,2796.47,740.77
3614,31,84,29.6697,2716.19,754.246
3615,31,85,27.0795,2842.24,768.656
3616,31,86,24.6682,2960.39,782.961
3617,31,87,30.6024,2667.64,804.411
3618,31,88,28.4817,2772.97,818.541
3619,31,89,30.7329,2660.41,832.896
3620,31,90,28.9516,2750.07,846.818
3621,31,91,27.8776,2804.48,860.202
3622,31,92,29.1174,2741.25,873.726
3623,31,93,27.8823,2804.66,887.274
3624,31,94,26.1585,2893.72,901.387
3625,31,95,27.1868,2840.25,914.82
3626,31,96,27.9908,2798.17,928.1
3627,31,97,26.0762,2899.01,942.751
3628,31,98,24.0734,3005.15,957.657
3629,31,99,27.8428,2804.12,977.479
3630,31,100,25.7002,2919.11,992.795
3631,31,101,26.5083,2875.47,1006.25
3632,31,102,25.5223,2929.04,1019.88
3633,31,103,24.4424,2988.08,1033.66
3634,31,104,25.5569,2926.78,1047.52
3635,31,105,24.5818,2980.73,1061.23
3636,31,106,23.3507,3049.26,1075.36
3637,31,107,24.0204,3011.76,1088.77
3638,31,108,24.6396,2976.88,1102.15
3639,31,109,22.8379,3078.98,1117.84
3640,31,110,21.668,3145.66,1132.08
3641,31,111,24.1524,3003.22,1150.48
3642,31,112,22.4093,3103.74,1166.27
3643,31,113,23.8006,3023.05,1181.18
3644,31,114,22.9659,3071.74,1195.01
3645,31,115,22.1231,3121.18,1208.89
3646,31,116,23.2489,3054.76,1223.38
3647,31,117,22.3358,3108.94,1237.46
3648,31,118,21.3653,3166.84,1251.7
3649,31,119,22.1982,3116.87,1265.7
3650,31,120,22.9178,3073.45,1279.52
3651,31,121,21.5649,3155.53,1295.07
3652,31,122,21.0115,3189.29,1308.67
3653,31,123,22.4853,3098.89,1324.89
3654,31,124,21.3776,3167.2,1339.86
3655,31,125,22.611,3090.73,1355.33
3656,31,126,21.901,3134.98,1369.33
3657,31,127,21.4516,3163.15,1382.87
3658,31,128,22.5277,3095.35,1398.03
3659,31,129,21.7511,3144.54,1412.3
3660,31,130,21.1655,3181.82,1426.14
3661,31,131,22.0802,3123.28,1440.94
3662,31,132,22.8456,3074.04,1455.31
3663,31,133,21.8732,3136.93,1470.46
3664,32,36,96.666,646.476,70.3244
3665,32,37,-49.1794,5507.99,82.5324
3666,32,38,-120.51,7909.45,94.9659
3667,32,39,69.2164,1458.75,112.29
3668,32,40,-27.627,4783.71,126.62
3669,32,41,25.3058,2948.71,139.965
3670,32,42,14.7098,3319.57,152.47
3671,32,43,-6.85594,4081.56,165.19
3672,32,44,22.8435,3022.28,178.478
3673,32,45,8.28593,3546.35,190.114
3674,32,46,-10.4511,4227.13,203.122
3675,32,47,10.4203,3461.84,216.583
3676,32,48,28.9349,2776.81,230.055
3677,32,49,13.7272,3344.56,243.356
3678,32,50,3.62168,3725.2,256.202
3679,32,51,53.1062,1844.79,281.117
3680,32,52,30.4458,2713.44,296.333
3681,32,53,38.149,2415.58,309.558
3682,32,54,31.3855,2679.36,322.738
3683,32,55,23.4577,2991.18,336.098
3684,32,56,34.9019,2537.23,350.211
3685,32,57,28.1588,2806.95,363.57
3686,32,58,20.0218,3135.15,377.291
3687,32,59,26.0196,2891.23,390.677
3688,32,60,29.1368,2763.43,403.653
3689,32,61,23.1753,3009.84,417.205
3690,32,62,20.1096,3137.58,430.204
3691,32,63,32.3339,2624.16,447.147
3692,32,64,26.369,2876.67,461.059
3693,32,65,33.2148,2584.58,475.485
3694,32,66,27.7915,2817.78,489.449
3695,32,67,25.4653,2918.59,502.536
3696,32,68,30.6472,2692.31,516.662
3697,32,69,26.6308,2869.03,530.367
3698,32,70,23.2693,3018.06,543.881
3699,32,71,26.7417,2862.96,557.516
3700,32,72,28.7278,2773.58,570.635
3701,32,73,24.8843,2947.82,584.664
3702,32,74,22.6741,3048.76,597.924
3703,32,75,31.7171,2632.78,618.361
3704,32,76,29.4511,2737.77,631.803
3705,32,77,33.5846,2544.87,646.522
3706,32,78,30.4117,2694,660.611
3707,32,79,29.0638,2757.8,673.795
3708,32,80,31.1971,2656.11,687.355
3709,32,81,28.6618,2777.81,701.241
3710,32,82,26.7267,2871.33,714.778
3711,32,83,27.2887,2843.98,727.761
3712,32,84,29.0397,2758.19,741.261
3713,32,85,26.3769,2889.55,755.636
3714,32,86,23.9035,3012.4,769.904
3715,32,87,30.0769,2703.73,791.299
3716,32,88,27.9002,2813.28,805.408
3717,32,89,30.2491,2694.27,819.779
3718,32,90,28.4238,2787.37,833.687
3719,32,91,27.3316,2843.43,847.07
3720,32,92,28.63,2776.35,860.615
3721,32,93,27.3707,2841.83,874.157
3722,32,94,25.6084,2934.06,888.248
3723,32,95,26.6861,2877.3,901.702
3724,32,96,27.5303,2832.56,915.002
3725,32,97,25.5716,2937.02,929.62
3726,32,98,23.5241,3046.91,944.486
3727,32,99,27.4205,2836.5,964.283
3728,32,100,25.228,2955.62,979.558
3729,32,101,26.0727,2909.45,993.028
3730,32,102,25.0712,2964.53,1006.66
3731,32,103,23.9738,3025.25,1020.42
3732,32,104,25.1317,2960.8,1034.3
3733,32,105,24.1417,3016.23,1048
3734,32,106,22.8896,3086.77,1062.11
3735,32,107,23.589,3047.14,1075.54
3736,32,108,24.2355,3010.29,1088.94
3737,32,109,22.398,3115.64,1104.58
3738,32,110,21.2095,3184.17,1118.8
3739,32,111,23.7675,3035.81,1137.2
3740,32,112,21.9909,3139.44,1152.94
3741,32,113,23.4263,3055.23,1167.87
3742,32,114,22.5805,3105.14,1181.69
3743,32,115,21.7269,3155.78,1195.56
3744,32,116,22.8885,3086.47,1210.06
3745,32,117,21.9625,3142.03,1224.13
3746,32,118,20.9783,3201.41,1238.35
3747,32,119,21.8389,3149.21,1252.37
3748,32,120,22.5828,3103.83,1266.21
3749,32,121,21.2072,3188.2,1281.72
3750,32,122,20.6495,3222.59,1295.31
3751,32,123,22.1632,3128.74,1311.54
3752,32,124,21.0387,3198.84,1326.48
3753,32,125,22.3055,3119.44,1341.96
3754,32,126,21.587,3164.71,1355.95
3755,32,127,21.1347,3193.36,1369.49
3756,32,128,22.2396,3123.01,1384.66
3757,32,129,21.4531,3173.35,1398.92
3758,32,130,20.8616,3211.4,1412.75
3759,32,131,21.8007,3150.68,1427.57
3760,32,132,22.5868,3099.58,1441.95
3761,32,133,21.6003,3164.03,1457.07
3762,33,37,99.09,219.714,70.2715
3763,33,38,-45.4406,5181.93,82.4582
3764,33,39,177.045,-2530.9,99.3992
3765,33,40,29.0336,2649.5,113.489
3766,33,41,81.138,808.474,126.525
3767,33,42,57.2564,1660.25,139.163
3768,33,43,24.0338,2856.26,152.113
3769,33,44,53.5349,1784.39,165.127
3770,33,45,32.0159,2573.42,177.956
3771,33,46,7.21213,3491.16,190.193
3772,33,47,28.5114,2695.99,203.415
3773,33,48,47.0788,1996.62,216.63
3774,33,49,27.9475,2723.61,230.181
3775,33,50,15.1391,3214.6,243.19
3776,33,51,68.6201,1146.66,267.339
3777,33,52,42.1423,2179.3,282.808
3778,33,53,49.4652,1891.26,295.965
3779,33,54,41.058,2224.75,309.241
3780,33,55,31.5998,2603.08,322.71
3781,33,56,43.3191,2130.4,336.678
3782,33,57,35.3633,2453.93,350.138
3783,33,58,26.0461,2835.94,363.97
3784,33,59,32.042,2588.11,377.286
3785,33,60,34.9517,2466.87,390.23
3786,33,61,28.178,2751.37,403.88
3787,33,62,24.5744,2903.92,416.94
3788,33,63,37.2993,2360.99,433.645
3789,33,64,30.6513,2646.85,447.658
3790,33,65,37.6524,2343.47,461.963
3791,33,66,31.6491,2605.62,476.022
3792,33,67,28.9695,2723.52,489.161
3793,33,68,34.2446,2489.65,503.192
3794,33,69,29.8167,2687.44,516.976
3795,33,70,26.1106,2854.21,530.556
3796,33,71,29.6154,2695.33,544.13
3797,33,72,31.557,2606.66,557.218
3798,33,73,27.388,2798.43,571.325
3799,33,74,24.9533,2911.24,584.637
3800,33,75,34.311,2474.55,604.82
3801,33,76,31.8241,2591.43,618.315
3802,33,77,36.0358,2392.08,632.939
3803,33,78,32.6184,2554.98,647.097
3804,33,79,31.1193,2626.93,660.319
3805,33,80,33.2558,2523.67,673.836
3806,33,81,30.5329,2656.18,687.781
3807,33,82,28.4456,2758.46,701.366
3808,33,83,28.9623,2732.97,714.347
3809,33,84,30.7162,2645.86,727.81
3810,33,85,27.8896,2787.19,742.245
3811,33,86,25.2686,2919.11,756.567
3812,33,87,31.6169,2597.47,777.748
3813,33,88,29.3075,2715.25,791.907
3814,33,89,31.6894,2592.97,806.221
3815,33,90,29.7515,2693.1,820.175
3816,33,91,28.5773,2754.16,833.59
3817,33,92,29.8774,2686.12,847.108
3818,33,93,28.536,2756.77,860.687
3819,33,94,26.6792,2855.17,874.82
3820,33,95,27.7571,2797.69,888.254
3821,33,96,28.5942,2752.76,901.539
3822,33,97,26.5425,2863.56,916.202
3823,33,98,24.4035,2979.77,931.109
3824,33,99,28.39,2761.85,950.759
3825,33,100,26.1045,2887.55,966.076
3826,33,101,26.9483,2840.86,979.533
3827,33,102,25.8932,2899.59,993.192
3828,33,103,24.7417,2964.08,1006.99
3829,33,104,25.9104,2898.24,1020.84
3830,33,105,24.872,2957.08,1034.57
3831,33,106,23.5662,3031.51,1048.71
3832,33,107,24.2663,2991.37,1062.13
3833,33,108,24.912,2954.14,1075.52
3834,33,109,23.0091,3064.5,1091.19
3835,33,110,21.7746,3136.52,1105.44
3836,33,111,24.383,2983.49,1123.73
3837,33,112,22.5466,3091.84,1139.5
3838,33,113,24.0038,3005.38,1154.39
3839,33,114,23.1232,3057.92,1168.24
3840,33,115,22.2359,3111.16,1182.13
3841,33,116,23.4131,3040.14,1196.6
3842,33,117,22.453,3098.38,1210.69
3843,33,118,21.4345,3160.51,1224.94
3844,33,119,22.3043,3107.16,1238.94
3845,33,120,23.0545,3060.9,1252.76
3846,33,121,21.6375,3148.75,1268.29
3847,33,122,21.0578,3184.89,1281.9
3848,33,123,22.5958,3088.51,1298.08
3849,33,124,21.4374,3161.48,1313.04
3850,33,125,22.723,3080.07,1328.48
3851,33,126,21.9803,3127.35,1342.49
3852,33,127,21.5102,3157.44,1356.04
3853,33,128,22.6303,3085.38,1371.18
3854,33,129,21.8194,3137.81,1385.46
3855,33,130,21.2085,3177.52,1399.31
3856,33,131,22.1595,3115.39,1414.1
3857,33,132,22.9541,3063.21,1428.46
3858,33,133,21.9409,3130.09,1443.6
3859,34,38,-108.21,7483.48,71.3977
3860,34,39,209.361,-3737.35,86.914
3861,34,40,9.82714,3379.34,101.828
3862,34,41,79.7593,861.784,113.964
3863,34,42,50.877,1911.17,126.683
3864,34,43,12.2858,3326.18,139.627
3865,34,44,49.2867,1957.15,152.727
3866,34,45,24.8893,2867.99,165.56
3867,34,46,-2.63407,3904.7,178.719
3868,34,47,23.1145,2926.26,191.031
3869,34,48,44.8772,2092.02,204.296
3870,34,49,23.6297,2913.59,217.786
3871,34,50,9.82235,3452.08,230.756
3872,34,51,69.8365,1091.52,254.448
3873,34,52,40.4435,2257.44,269.833
3874,34,53,48.6685,1928.44,283.035
3875,34,54,39.5366,2296.76,296.331
3876,34,55,29.3568,2710.74,309.798
3877,34,56,42.2903,2180.47,323.787
3878,34,57,33.7571,2533.17,337.249
3879,34,58,23.8231,2947.09,351.051
3880,34,59,30.4512,2668.71,364.409
3881,34,60,33.6942,2531.42,377.394
3882,34,61,26.5266,2837.24,391.025
3883,34,62,22.7883,2997.99,404.091
3884,34,63,36.4806,2404.65,420.755
3885,34,64,29.4566,2711.37,434.742
3886,34,65,36.9699,2380.78,449.057
3887,34,66,30.6441,2661.23,463.092
3888,34,67,27.866,2785.31,476.241
3889,34,68,33.5056,2531.53,490.29
3890,34,69,28.8727,2741.56,504.057
3891,34,70,25.0174,2917.62,517.625
3892,34,71,28.7641,2745.27,531.226
3893,34,72,30.849,2648.67,544.343
3894,34,73,26.507,2851.3,558.421
3895,34,74,23.9965,2969.29,571.727
3896,34,75,33.8453,2503.11,591.819
3897,34,76,31.2644,2626.14,605.315
3898,34,77,35.693,2413.56,619.94
3899,34,78,32.1389,2585.34,634.083
3900,34,79,30.5955,2660.46,647.314
3901,34,80,32.8452,2550.22,660.851
3902,34,81,30.026,2689.3,674.783
3903,34,82,27.8742,2796.17,688.362
3904,34,83,28.4344,2768.16,701.364
3905,34,84,30.2778,2675.38,714.847
3906,34,85,27.3593,2823.25,729.254
3907,34,86,24.6594,2960.94,743.547
3908,34,87,31.2654,2621.84,764.648
3909,34,88,28.8848,2744.83,778.793
3910,34,89,31.3669,2615.76,793.116
3911,34,90,29.3723,2720.15,807.061
3912,34,91,28.1707,2783.43,820.479
3913,34,92,29.5286,2711.46,834.015
3914,34,93,28.1541,2784.77,847.592
3915,34,94,26.249,2887.01,861.709
3916,34,95,27.3755,2826.18,875.161
3917,34,96,28.2513,2778.59,888.464
3918,34,97,26.1462,2893.67,903.1
3919,34,98,23.9536,3014.27,917.973
3920,34,99,28.0745,2786.24,937.582
3921,34,100,25.7302,2916.74,952.864
3922,34,101,26.6098,2867.48,966.338
3923,34,102,25.5339,2928.09,979.993
3924,34,103,24.3599,2994.62,993.78
3925,34,104,25.5722,2925.52,1007.65
3926,34,105,24.5144,2986.17,1021.37
3927,34,106,23.1826,3062.97,1035.5
3928,34,107,23.912,3020.66,1048.94
3929,34,108,24.5843,2981.44,1062.34
3930,34,109,22.64,3095.51,1077.97
3931,34,110,21.383,3169.67,1092.2
3932,34,111,24.0684,3010.34,1110.48
3933,34,112,22.1934,3122.21,1126.21
3934,34,113,23.6958,3032.07,1141.11
3935,34,114,22.8012,3086.05,1154.95
3936,34,115,21.9001,3140.71,1168.83
3937,34,116,23.1137,3066.68,1183.32
3938,34,117,22.1379,3126.53,1197.39
3939,34,118,21.1028,3190.36,1211.62
3940,34,119,22.0006,3134.7,1225.64
3941,34,120,22.775,3086.43,1239.48
3942,34,121,21.3321,3176.85,1254.97
3943,34,122,20.7463,3213.75,1268.58
3944,34,123,22.3254,3113.74,1284.76
3945,34,124,21.1475,3188.74,1299.7
3946,34,125,22.4673,3104.27,1315.15
3947,34,126,21.7141,3152.72,1329.15
3948,34,127,21.2397,3183.41,1342.7
3949,34,128,22.389,3108.7,1357.85
3950,34,129,21.5664,3162.45,1372.11
3951,34,130,20.948,3203.05,1385.96
3952,34,131,21.9237,3138.65,1400.76
3953,34,132,22.7392,3084.56,1415.13
3954,34,133,21.71,3153.18,1430.24
3955,35,39,116.022,-221.598,75.0986
3956,35,40,-118.91,8314.25,88.2595
3957,35,41,7.785,3668.78,101.8
3958,35,42,-10.3243,4338.83,113.453
3959,35,43,-43.891,5591.98,126.177
3960,35,44,11.7455,3496.34,139.608
3961,35,45,-10.2622,4332.63,152.269
3962,35,46,-36.5142,5338.96,165.15
3963,35,47,-1.59198,3988.63,178.794
3964,35,48,26.8092,2880.99,191.31
3965,35,49,5.13771,3733.4,204.57
3966,35,50,-8.08403,4257.86,217.363
3967,35,51,61.0972,1490.61,241.336
3968,35,52,29.4093,2768.69,256.499
3969,35,53,39.6617,2351.76,269.787
3970,35,54,30.5172,2726.68,283.044
3971,35,55,20.2269,3152.02,296.439
3972,35,56,35.1662,2529.55,310.544
3973,35,57,26.5105,2893.09,323.943
3974,35,58,16.3526,3323.11,337.644
3975,35,59,24.1086,2992.18,351.092
3976,35,60,28.0889,2821.03,364.135
3977,35,61,20.8055,3136.64,377.683
3978,35,62,17.2089,3293.7,390.712
3979,35,63,32.2303,2632.75,407.505
3980,35,64,25.0213,2952.35,421.407
3981,35,65,33.3056,2582.32,435.808
3982,35,66,26.8134,2874.47,449.763
3983,35,67,24.0991,2997.52,462.887
3984,35,68,30.292,2714.71,477.015
3985,35,69,25.5781,2931.55,490.719
3986,35,70,21.6915,3111.63,504.23
3987,35,71,25.8206,2918.94,517.9
3988,35,72,28.1701,2808.51,531.063
3989,35,73,23.7428,3018.07,545.064
3990,35,74,21.245,3137.13,558.33
3991,35,75,31.7085,2634.88,578.504
3992,35,76,29.1064,2760.65,591.97
3993,35,77,33.8414,2530.21,606.652
3994,35,78,30.2099,2708.16,620.74
3995,35,79,28.6836,2783.45,633.957
3996,35,80,31.1142,2662.73,647.539
3997,35,81,28.2487,2806.01,661.424
3998,35,82,26.0813,2915.1,674.968
3999,35,83,26.7375,2881.85,687.993
4000,35,84,28.7226,2780.62,701.519
4001,35,85,25.7507,2933.17,715.861
4002,35,86,23.0088,3074.84,730.091
4003,35,87,29.9263,2715.13,751.246
4004,35,88,27.5071,2841.73,765.347
4005,35,89,30.1296,2703.61,779.714
4006,35,90,28.1079,2810.76,793.624
4007,35,91,26.9085,2874.73,807.026
4008,35,92,28.3568,2797,820.597
4009,35,93,26.9754,2871.6,834.15
4010,35,94,25.0461,2976.42,848.224
4011,35,95,26.249,2910.67,861.709
4012,35,96,27.1894,2858.95,875.04
4013,35,97,25.0512,2977.26,889.62
4014,35,98,22.8243,3101.22,904.431
4015,35,99,27.1068,2861.41,924.09
4016,35,100,24.7208,2995.82,939.308
4017,35,101,25.6567,2942.78,952.809
4018,35,102,24.5772,3004.31,966.443
4019,35,103,23.3968,3071.99,980.203
4020,35,104,24.6714,2998.49,994.105
4021,35,105,23.6091,3060.1,1007.81
4022,35,106,22.2655,3138.48,1021.89
4023,35,107,23.04,3093.04,1035.36
4024,35,108,23.754,3050.91,1048.79
4025,35,109,21.7801,3168.03,1064.35
4026,35,110,20.5126,3243.66,1078.54
4027,35,111,23.2903,3077,1096.87
4028,35,112,21.3872,3191.82,1112.54
4029,35,113,22.9481,3097.12,1127.48
4030,35,114,22.0497,3151.92,1141.29
4031,35,115,21.145,3207.42,1155.15
4032,35,116,22.4066,3129.61,1169.67
4033,35,117,21.4243,3190.52,1183.72
4034,35,118,20.3816,3255.51,1197.92
4035,35,119,21.3175,3196.86,1211.96
4036,35,120,22.1258,3145.94,1225.83
4037,35,121,20.6647,3238.48,1241.27
4038,35,122,20.0807,3275.66,1254.86
4039,35,123,21.7102,3171.37,1271.09
4040,35,124,20.5198,3247.95,1285.98
4041,35,125,21.8824,3159.84,1301.46
4042,35,126,21.1256,3209.03,1315.44
4043,35,127,20.6536,3239.87,1328.98
4044,35,128,21.8399,3161.97,1344.16
4045,35,129,21.0114,3216.64,1358.4
4046,35,130,20.3918,3257.75,1372.23
4047,35,131,21.3991,3190.6,1387.05
4048,35,132,22.2419,3134.13,1401.46
4049,35,133,21.2019,3204.15,1416.53
4050,36,40,-137.16,9019.93,76.454
4051,36,41,37.8497,2486.24,88.9978
4052,36,42,5.97643,3686.8,101.806
4053,36,43,-40.0571,5436.07,113.652
4054,36,44,27.091,2862.06,127.029
4055,36,45,-2.38727,4001.89,139.805
4056,36,46,-34.8442,5267.71,152.759
4057,36,47,5.62007,3676.11,166.336
4058,36,48,37.2811,2420.22,179.75
4059,36,49,11.0177,3470.76,192.103
4060,36,50,-4.75093,4106.76,204.969
4061,36,51,72.6613,958.664,228.121
4062,36,52,35.885,2466.49,243.36
4063,36,53,46.557,2025.39,256.649
4064,36,54,35.7241,2476.75,269.976
4065,36,55,23.8841,2974.03,283.433
4066,36,56,39.8978,2296.12,297.475
4067,36,57,30.0251,2717.35,310.934
4068,36,58,18.6783,3205.27,324.681
4069,36,59,26.8868,2849.57,338.119
4070,36,60,30.9633,2671.56,351.174
4071,36,61,22.8985,3026.41,364.768
4072,36,62,18.8804,3204.55,377.839
4073,36,63,34.8554,2491,394.463
4074,36,64,26.9682,2845.92,408.406
4075,36,65,35.675,2451.21,422.746
4076,36,66,28.611,2773.8,436.741
4077,36,67,25.6148,2911.63,449.903
4078,36,68,32.0912,2611.55,463.988
4079,36,69,26.9941,2849.42,477.728
4080,36,70,22.8045,3046.33,491.272
4081,36,71,27.1012,2842.95,504.924
4082,36,72,29.5085,2728.2,518.089
4083,36,73,24.7777,2955.28,532.117
4084,36,74,22.0987,3084.77,545.413
4085,36,75,33.0427,2552.16,565.373
4086,36,76,30.2486,2689.07,578.872
4087,36,77,35.1547,2447.04,593.5
4088,36,78,31.2932,2638.82,607.619
4089,36,79,29.6483,2721.07,620.865
4090,36,80,32.1441,2595.45,634.434
4091,36,81,29.1092,2749.21,648.346
4092,36,82,26.813,2866.32,661.916
4093,36,83,27.466,2832.8,674.955
4094,36,84,29.5023,2727.59,688.472
4095,36,85,26.3804,2889.93,702.832
4096,36,86,23.5063,3040.34,717.077
4097,36,87,30.6707,2663.02,738.051
4098,36,88,28.1322,2797.56,752.173
4099,36,89,30.8286,2653.75,766.513
4100,36,90,28.708,2767.56,780.445
4101,36,91,27.4443,2835.79,793.869
4102,36,92,28.9247,2755.36,807.435
4103,36,93,27.4761,2834.55,821.009
4104,36,94,25.4644,2945.19,835.099
4105,36,95,26.6934,2877.19,848.583
4106,36,96,27.6501,2823.93,861.917
4107,36,97,25.428,2948.37,876.508
4108,36,98,23.1184,3078.48,891.324
4109,36,99,27.5256,2828.74,910.868
4110,36,100,25.0533,2969.66,926.09
4111,36,101,26.0075,2914.95,939.593
4112,36,102,24.8853,2979.66,953.244
4113,36,103,23.6612,3050.66,967.018
4114,36,104,24.965,2974.61,980.914
4115,36,105,23.8639,3039.2,994.628
4116,36,106,22.4753,3121.13,1008.72
4117,36,107,23.2655,3074.25,1022.2
4118,36,108,23.9929,3030.84,1035.63
4119,36,109,21.9591,3152.87,1051.19
4120,36,110,20.6531,3231.67,1065.38
4121,36,111,23.5002,3058.94,1083.65
4122,36,112,21.5422,3178.38,1099.31
4123,36,113,23.1392,3080.44,1114.22
4124,36,114,22.2132,3137.53,1128.05
4125,36,115,21.2818,3195.29,1141.92
4126,36,116,22.5712,3114.91,1156.43
4127,36,117,21.5609,3178.22,1170.48
4128,36,118,20.4897,3245.71,1184.69
4129,36,119,21.4453,3185.18,1198.73
4130,36,120,22.2697,3132.7,1212.59
4131,36,121,20.7712,3228.6,1228.03
4132,36,122,20.1714,3267.19,1241.63
4133,36,123,21.8359,3159.55,1257.83
4134,36,124,20.6159,3238.85,1272.72
4135,36,125,22.0066,3147.99,1288.18
4136,36,126,21.2305,3198.96,1302.16
4137,36,127,20.7459,3230.94,1315.72
4138,36,128,21.9557,3150.69,1330.88
4139,36,129,21.1072,3207.26,1345.12
4140,36,130,20.4725,3249.79,1358.96
4141,36,131,21.4991,3180.66,1373.78
4142,36,132,22.3572,3122.6,1388.17
4143,36,133,21.2937,3194.91,1403.24
4144,37,41,263.982,-6483.68,75.9893
4145,37,42,146.107,-1965.13,88.0766
4146,37,43,46.8836,1871.5,101.266
4147,37,44,109.084,-554.297,113.251
4148,37,45,54.834,1579.52,126.318
4149,37,46,4.44145,3578.42,139.577
4150,37,47,45.12,1951.28,152.813
4151,37,48,75.4745,726.982,165.886
4152,37,49,39.2947,2198.29,179.604
4153,37,50,17.2338,3102.79,191.681
4154,37,51,102.036,-402.383,213.983
4155,37,52,56.9912,1474.5,229.58
4156,37,53,66.4356,1077.84,242.793
4157,37,54,52.1903,1680.89,256.246
4158,37,55,37.3707,2313.19,269.837
4159,37,56,53.6372,1613.73,283.714
4160,37,57,41.5157,2139,297.3
4161,37,58,28.0927,2725.13,311.181
4162,37,59,36.1964,2368.57,324.537
4163,37,60,39.8368,2207.18,337.555
4164,37,61,30.417,2627.93,351.267
4165,37,62,25.5114,2848.68,364.408
4166,37,63,42.1786,2093.1,380.771
4167,37,64,33.2049,2502.9,394.834
4168,37,65,42.082,2094.55,409.04
4169,37,66,34.12,2463.46,423.149
4170,37,67,30.5751,2628.89,436.37
4171,37,68,37.1462,2320.05,450.35
4172,37,69,31.4338,2590.43,464.181
4173,37,70,26.7367,2814.33,477.801
4174,37,71,31.0541,2607.09,491.384
4175,37,72,33.3756,2494.89,504.513
4176,37,73,28.1801,2747.74,518.633
4177,37,74,25.181,2894.69,531.987
4178,37,75,36.5281,2334.9,551.678
4179,37,76,33.4201,2489.27,565.237
4180,37,77,38.4107,2239.73,579.764
4181,37,78,34.2104,2451.15,593.963
4182,37,79,32.3532,2545.25,607.25
4183,37,80,34.8395,2418.45,620.773
4184,37,81,31.55,2587.31,634.752
4185,37,82,29.0478,2716.59,648.376
4186,37,83,29.6335,2686.13,661.411
4187,37,84,31.6644,2579.85,674.886
4188,37,85,28.3268,2755.63,689.316
4189,37,86,25.2599,2918.18,703.623
4190,37,87,32.6364,2524.76,724.375
4191,37,88,29.9247,2670.29,738.553
4192,37,89,32.6552,2522.84,752.831
4193,37,90,30.3884,2646.01,766.814
4194,37,91,29.0177,2720.94,780.273
4195,37,92,30.4947,2639.7,793.811
4196,37,93,28.9402,2725.72,807.425
4197,37,94,26.8087,2844.37,821.562
4198,37,95,28.0337,2775.77,835.023
4199,37,96,28.9776,2722.6,848.34
4200,37,97,26.6392,2855.11,862.983
4201,37,98,24.2161,2993.23,877.846
4202,37,99,28.7282,2734.53,897.237
4203,37,100,26.1411,2883.72,912.508
4204,37,101,27.0913,2828.61,925.996
4205,37,102,25.9022,2897.97,939.679
4206,37,103,24.6111,2973.72,953.485
4207,37,104,25.9254,2896.18,967.353
4208,37,105,24.7646,2965.05,981.098
4209,37,106,23.3106,3051.81,995.229
4210,37,107,24.0995,3004.47,1008.69
4211,37,108,24.8239,2960.76,1022.11
4212,37,109,22.7117,3088.91,1037.71
4213,37,110,21.35,3171.97,1051.93
4214,37,111,24.2544,2993.83,1070.09
4215,37,112,22.2251,3118.97,1085.78
4216,37,113,23.8457,3018.49,1100.66
4217,37,114,22.878,3078.82,1114.51
4218,37,115,21.9061,3139.72,1128.4
4219,37,116,23.2121,3057.44,1142.88
4220,37,117,22.161,3124.01,1156.96
4221,37,118,21.0491,3194.8,1171.19
4222,37,119,22.0143,3133.03,1185.21
4223,37,120,22.8447,3079.61,1199.06
4224,37,121,21.2975,3179.66,1214.52
4225,37,122,20.6714,3220.35,1228.14
4226,37,123,22.3627,3109.86,1244.28
4227,37,124,21.103,3192.58,1259.2
4228,37,125,22.5141,3099.45,1274.62
4229,37,126,21.7094,3152.83,1288.62
4230,37,127,21.2037,3186.54,1302.2
4231,37,128,22.4298,3104.39,1317.32
4232,37,129,21.5528,3163.44,1331.59
4233,37,130,20.8951,3207.94,1345.44
4234,37,131,21.9344,3137.27,1360.23
4235,37,132,22.8014,3078.03,1374.6
4236,37,133,21.7068,3153.19,1389.69
4237,38,42,74.52,946.068,76.1933
4238,38,43,-33.9154,5211.19,88.2514
4239,38,44,69.1414,1123.27,101.497
4240,38,45,11.315,3436.33,113.444
4241,38,46,-40.605,5530.44,126.473
4242,38,47,17.2185,3178.95,139.982
4243,38,48,58.1651,1500.14,153.237
4244,38,49,18.8402,3125.57,166.748
4245,38,50,-3.4678,4055.07,179.681
4246,38,51,96.4068,-139.667,200.921
4247,38,52,46.1061,1989.73,216.316
4248,38,53,58.0917,1478.34,229.61
4249,38,54,43.1522,2120.74,243.04
4250,38,55,27.6902,2790.76,256.577
4251,38,56,46.6879,1961.2,270.547
4252,38,57,34.0492,2517.3,284.085
4253,38,58,20.0589,3137.53,297.879
4254,38,59,29.6296,2710.04,311.318
4255,38,60,34.1577,2506.28,324.395
4256,38,61,24.4261,2947.45,338.035
4257,38,62,19.6074,3167.5,351.149
4258,38,63,38.0108,2320.94,367.598
4259,38,64,28.6811,2753.22,381.586
4260,38,65,38.5154,2294.28,395.862
4261,38,66,30.2503,2682.74,409.9
4262,38,67,26.727,2849.52,423.103
4263,38,68,33.9704,2504.25,437.151
4264,38,69,28.0994,2786.05,450.927
4265,38,70,23.3197,3017.07,464.498
4266,38,71,28.0921,2784.82,478.143
4267,38,72,30.7155,2656.27,491.317
4268,38,73,25.3791,2919.53,505.366
4269,38,74,22.3693,3069.02,518.687
4270,38,75,34.4617,2464.4,538.419
4271,38,76,31.3002,2623.53,551.955
4272,38,77,36.6464,2352.65,566.528
4273,38,78,32.3272,2572.93,580.677
4274,38,79,30.4713,2668.2,593.956
4275,38,80,33.1608,2529.25,607.519
4276,38,81,29.798,2704.11,621.456
4277,38,82,27.2625,2836.8,635.05
4278,38,83,27.9513,2800.52,648.109
4279,38,84,30.1401,2684.52,661.624
4280,38,85,26.727,2866.55,675.994
4281,38,86,23.6002,3034.36,690.242
4282,38,87,31.3382,2616.5,711.021
4283,38,88,28.571,2766.85,725.16
4284,38,89,31.4586,2609,739.476
4285,38,90,29.1514,2735.89,753.428
4286,38,91,27.7758,2812.01,766.874
4287,38,92,29.3517,2724.29,780.444
4288,38,93,27.7824,2812.16,794.038
4289,38,94,25.6167,2934.17,808.137
4290,38,95,26.9252,2860.02,821.629
4291,38,96,27.9386,2802.25,834.973
4292,38,97,25.5569,2938.81,849.564
4293,38,98,23.0898,3081.08,864.368
4294,38,99,27.7839,2808.82,883.792
4295,38,100,25.1446,2962.78,899.002
4296,38,101,26.1556,2903.47,912.517
4297,38,102,24.9587,2974.08,926.181
4298,38,103,23.6571,3051.31,939.964
4299,38,104,25.0391,2968.85,953.864
4300,38,105,23.8702,3038.99,967.588
4301,38,106,22.4,3127.69,981.685
4302,38,107,23.2374,3076.89,995.17
4303,38,108,24.0066,3029.97,1008.61
4304,38,109,21.8583,3161.72,1024.15
4305,38,110,20.4827,3246.55,1038.34
4306,38,111,23.4891,3060.16,1056.54
4307,38,112,21.4261,3188.75,1072.17
4308,38,113,23.1104,3083.2,1087.08
4309,38,114,22.1366,3144.55,1100.91
4310,38,115,21.1588,3206.48,1114.78
4311,38,116,22.5168,3120.02,1129.29
4312,38,117,21.4568,3187.86,1143.34
4313,38,118,20.3349,3260.04,1157.54
4314,38,119,21.341,3194.98,1171.6
4315,38,120,22.2077,3138.64,1185.47
4316,38,121,20.6387,3241.15,1200.88
4317,38,122,20.0134,3282.2,1214.48
4318,38,123,21.7594,3166.97,1230.66
4319,38,124,20.4846,3251.53,1245.53
4320,38,125,21.9418,3154.39,1260.99
4321,38,126,21.1318,3208.65,1274.97
4322,38,127,20.6277,3242.6,1288.53
4323,38,128,21.8935,3156.95,1303.69
4324,38,129,21.0091,3217.09,1317.93
4325,38,130,20.3489,3262.2,1331.77
4326,38,131,21.422,3188.52,1346.58
4327,38,132,22.3179,3126.69,1360.98
4328,38,133,21.2106,3203.47,1376.03
4329,39,43,-318.612,17073.6,74.2945
4330,39,44,-86.304,7703.8,87.5033
4331,39,45,-116.239,8921.16,100.069
4332,39,46,-149.251,10274.6,111.591
4333,39,47,-54.434,6355.54,125.915
4334,39,48,9.03236,3711.11,139.642
4335,39,49,-28.5093,5287.86,152.762
4336,39,50,-46.6437,6055.55,165.399
4337,39,51,75.2387,855.235,188.52
4338,39,52,20.7762,3197.12,202.6
4339,39,53,37.7372,2462.14,216.007
4340,39,54,23.4746,3084.95,229.356
4341,39,55,8.50853,3743.45,242.777
4342,39,56,31.7484,2713.15,256.931
4343,39,57,19.3519,3266.86,270.365
4344,39,58,5.4323,3893.24,284.011
4345,39,59,17.3075,3354.9,297.579
4346,39,60,23.3674,3078.17,310.727
4347,39,61,13.7278,3521.59,324.246
4348,39,62,9.39913,3722.15,337.296
4349,39,63,30.0914,2756.51,353.991
4350,39,64,20.6533,3200.1,367.857
4351,39,65,31.8107,2671.98,382.269
4352,39,66,23.4342,3071.27,396.194
4353,39,67,20.1379,3229.48,409.352
4354,39,68,28.3034,2834.82,423.519
4355,39,69,22.4194,3121.18,437.202
4356,39,70,17.6959,3352.63,450.692
4357,39,71,23.0984,3086.1,464.432
4358,39,72,26.1698,2933.55,477.664
4359,39,73,20.7883,3202.63,491.609
4360,39,74,17.8663,3349.7,504.869
4361,39,75,30.8557,2691.58,524.797
4362,39,76,27.7176,2851.62,538.284
4363,39,77,33.5217,2553.67,552.947
4364,39,78,29.1428,2779.92,567.02
4365,39,79,27.3517,2873.06,580.272
4366,39,80,30.3178,2717.83,593.895
4367,39,81,26.9308,2896.21,607.765
4368,39,82,24.4104,3029.79,621.307
4369,39,83,25.2566,2984.66,634.389
4370,39,84,27.6578,2855.8,647.961
4371,39,85,24.205,3042.25,662.246
4372,39,86,21.053,3213.51,676.412
4373,39,87,29.2108,2767.55,697.333
4374,39,88,26.418,2921.15,711.413
4375,39,89,29.5033,2750.43,725.793
4376,39,90,27.1826,2879.62,739.695
4377,39,91,25.8293,2955.4,753.115
4378,39,92,27.5357,2859.28,766.728
4379,39,93,25.9754,2947.69,780.287
4380,39,94,23.7969,3071.87,794.329
4381,39,95,25.2151,2990.56,807.861
4382,39,96,26.3225,2926.7,821.239
4383,39,97,23.9148,3066.35,835.759
4384,39,98,21.4202,3211.86,850.486
4385,39,99,26.3229,2924.24,870.018
4386,39,100,23.6456,3082.2,885.151
4387,39,101,24.7363,3017.48,898.699
4388,39,102,23.5464,3088.48,912.332
4389,39,103,22.2482,3166.37,926.079
4390,39,104,23.7147,3077.89,940.023
4391,39,105,22.5505,3148.52,953.713
4392,39,106,21.0758,3238.48,967.763
4393,39,107,21.9759,3183.27,981.279
4394,39,108,22.8031,3132.26,994.752
4395,39,109,20.6282,3267.1,1010.21
4396,39,110,19.2486,3353.1,1024.35
4397,39,111,22.3712,3157.42,1042.64
4398,39,112,20.2826,3289,1058.19
4399,39,113,22.0423,3177.55,1073.16
4400,39,114,21.071,3239.39,1086.96
4401,39,115,20.0955,3301.83,1100.8
4402,39,116,21.5156,3210.47,1115.36
4403,39,117,20.4541,3279.11,1129.37
4404,39,118,19.3292,3352.23,1143.53
4405,39,119,20.385,3283.25,1157.62
4406,39,120,21.2961,3223.42,1171.53
4407,39,121,19.7113,3328.01,1186.88
4408,39,122,19.0932,3369.01,1200.46
4409,39,123,20.9019,3248.44,1216.7
4410,39,124,19.6174,3334.5,1231.52
4411,39,125,21.128,3232.78,1247.03
4412,39,126,20.3182,3287.58,1260.98
4413,39,127,19.821,3321.39,1274.53
4414,39,128,21.1328,3231.75,1289.73
4415,39,129,20.2457,3292.66,1303.94
4416,39,130,19.5878,3338.06,1317.75
4417,39,131,20.7003,3260.92,1332.61
4418,39,132,21.6307,3196.11,1347.04
4419,39,133,20.5145,3274.24,1362.04
4420,40,44,258.198,-6994.96,71.4717
4421,40,45,103.45,-598.717,83.7567
4422,40,46,-1.76143,3785.1,96.9289
4423,40,47,79.8871,355.864,109.193
4424,40,48,127.608,-1664.32,121.915
4425,40,49,58.8429,1269.66,136.193
4426,40,50,21.5291,2874.15,149.234
4427,40,51,152.363,-2795.32,172.291
4428,40,52,77.6565,466.868,188.337
4429,40,53,88.9147,-28.4947,200.496
4430,40,54,65.9267,990.64,214.038
4431,40,55,43.7834,1979.71,227.682
4432,40,56,65.6074,997.631,241.485
4433,40,57,48.0714,1792.59,255.133
4434,40,58,29.6635,2633.22,269.04
4435,40,59,40.3031,2143.8,282.375
4436,40,60,44.75,1937.76,295.36
4437,40,61,32.2903,2519.21,309.098
4438,40,62,25.971,2816.22,322.223
4439,40,63,47.0067,1820.53,338.578
4440,40,64,35.4603,2370.91,352.691
4441,40,65,46.337,1848.83,366.85
4442,40,66,36.2639,2335.69,381.009
4443,40,67,31.8158,2552.17,394.233
4444,40,68,39.7391,2163.92,408.186
4445,40,69,32.7004,2511.17,422.043
4446,40,70,27.0089,2793.85,435.666
4447,40,71,32.167,2535.94,449.239
4448,40,72,34.875,2399.64,462.349
4449,40,73,28.6647,2714.29,476.487
4450,40,74,25.1258,2894.78,489.833
4451,40,75,38.4335,2211.65,509.523
4452,40,76,34.7161,2403.71,523.104
4453,40,77,40.4574,2105.17,537.59
4454,40,78,35.4982,2364.7,551.826
4455,40,79,33.2998,2480.48,565.125
4456,40,80,36.1204,2330.99,578.63
4457,40,81,32.2959,2534.96,592.631
4458,40,82,29.4086,2689.91,606.262
4459,40,83,30.0661,2654.41,619.293
4460,40,84,32.3603,2529.76,632.758
4461,40,85,28.5529,2737.9,647.201
4462,40,86,25.0818,2928.81,661.505
4463,40,87,33.4117,2467.89,682.234
4464,40,88,30.3334,2639.24,696.427
4465,40,89,33.3855,2468.33,710.689
4466,40,90,30.8215,2612.76,724.686
4467,40,91,29.2762,2700.33,738.153
4468,40,92,30.9169,2606.81,751.687
4469,40,93,29.1736,2706.76,765.309
4470,40,94,26.7996,2843.66,779.447
4471,40,95,28.1612,2764.69,792.91
4472,40,96,29.2041,2703.85,806.227
4473,40,97,26.614,2855.81,820.87
4474,40,98,23.9433,3013.38,835.722
4475,40,99,28.9253,2717.78,855.096
4476,40,100,26.0749,2887.85,870.36
4477,40,101,27.1224,2825,883.854
4478,40,102,25.819,2903.64,897.538
4479,40,103,24.4092,2989.17,911.341
4480,40,104,25.8544,2901.01,925.216
4481,40,105,24.59,2978.56,938.959
4482,40,106,23.0105,3075.96,953.079
4483,40,107,23.8801,3022.05,966.548
4484,40,108,24.6761,2972.43,979.975
4485,40,109,22.3856,3115.97,995.551
4486,40,110,20.9176,3208.45,1009.76
4487,40,111,24.0805,3008.13,1027.93
4488,40,112,21.8879,3147.73,1043.59
4489,40,113,23.6518,3034.84,1058.48
4490,40,114,22.6116,3101.76,1072.32
4491,40,115,21.5699,3169.12,1086.2
4492,40,116,22.9886,3076.91,1100.7
4493,40,117,21.8622,3150.5,1114.77
4494,40,118,20.6731,3228.59,1128.98
4495,40,119,21.7217,3159.38,1143.02
4496,40,120,22.6223,3099.64,1156.88
4497,40,121,20.9665,3210.02,1172.31
4498,40,122,20.3033,3254.46,1185.93
4499,40,123,22.1262,3131.72,1202.08
4500,40,124,20.7827,3222.63,1216.97
4501,40,125,22.3013,3119.36,1232.41
4502,40,126,21.4459,3177.81,1246.4
4503,40,127,20.9118,3214.49,1259.97
4504,40,128,22.2286,3123.63,1275.11
4505,40,129,21.2974,3188.19,1289.36
4506,40,130,20.6019,3236.64,1303.21
4507,40,131,21.7166,3158.62,1318.01
4508,40,132,22.6451,3093.31,1332.39
4509,40,133,21.4836,3175.39,1347.46
4510,41,45,-125.91,9416.68,69.4243
4511,41,46,-189.739,12118.8,80.232
4512,41,47,-31.0543,5348.23,95.7534
4513,41,48,56.3321,1590.61,108.276
4514,41,49,-11.875,4546.26,121.777
4515,41,50,-42.508,5883.9,134.217
4516,41,51,123.757,-1431.77,158.987
4517,41,52,41.3671,2220.86,174.571
4518,41,53,59.9403,1391.25,187.842
4519,41,54,37.8075,2387.23,200.238
4520,41,55,16.461,3354.94,213.697
4521,41,56,44.4282,2077.77,227.729
4522,41,57,27.3209,2864.7,241.21
4523,41,58,9.17325,3705.54,254.903
4524,41,59,23.0897,3056.11,268.39
4525,41,60,29.7027,2745.3,281.445
4526,41,61,17.4894,3323.4,295.002
4527,41,62,11.9412,3587.86,308.017
4528,41,63,36.026,2431.79,324.74
4529,41,64,24.4325,2992.14,338.681
4530,41,65,37.0615,2377.53,353.019
4531,41,66,26.9271,2874.12,367.019
4532,41,67,22.8411,3075.69,380.166
4533,41,68,31.9714,2622.22,394.272
4534,41,69,24.983,2971.64,407.999
4535,41,70,19.4265,3251.32,421.504
4536,41,71,25.4066,2948.33,435.195
4537,41,72,28.7063,2780.04,448.366
4538,41,73,22.4936,3098.96,462.364
4539,41,74,19.1095,3273.81,475.619
4540,41,75,33.5214,2524.39,495.633
4541,41,76,29.8704,2715.45,509.142
4542,41,77,36.1839,2382.94,523.749
4543,41,78,31.1887,2647.69,537.882
4544,41,79,29.0985,2759.16,551.134
4545,41,80,32.2702,2588.95,564.709
4546,41,81,28.447,2795.41,578.617
4547,41,82,25.6055,2949.79,592.174
4548,41,83,26.4705,2902.51,605.224
4549,41,84,29.0323,2761.61,618.755
4550,41,85,25.2037,2973.46,633.09
4551,41,86,21.7272,3166.98,647.288
4552,41,87,30.5543,2672.66,668.262
4553,41,88,27.4669,2846.59,682.375
4554,41,89,30.7605,2659.95,696.72
4555,41,90,28.199,2805.96,710.65
4556,41,91,26.696,2892.13,724.075
4557,41,92,28.499,2788.16,737.659
4558,41,93,26.7811,2887.79,751.229
4559,41,94,24.4078,3026.23,765.293
4560,41,95,25.9059,2938.35,778.802
4561,41,96,27.0666,2869.87,792.155
4562,41,97,24.4606,3024.49,806.71
4563,41,98,21.7721,3184.9,821.468
4564,41,99,26.9966,2871.43,841.017
4565,41,100,24.1155,3045.26,856.188
4566,41,101,25.2616,2975.73,869.719
4567,41,102,23.9761,3054.14,883.359
4568,41,103,22.5801,3139.77,897.112
4569,41,104,24.1275,3044.34,911.041
4570,41,105,22.8774,3121.85,924.737
4571,41,106,21.3019,3220.05,938.797
4572,41,107,22.2485,3160.73,952.301
4573,41,108,23.1159,3106.09,965.76
4574,41,109,20.8042,3252.49,981.243
4575,41,110,19.3394,3345.75,995.388
4576,41,111,22.6359,3134.78,1013.69
4577,41,112,20.4225,3277.17,1029.27
4578,41,113,22.2749,3157.39,1044.23
4579,41,114,21.2439,3224.4,1058.04
4580,41,115,20.2108,3291.9,1071.87
4581,41,116,21.7026,3193.94,1086.43
4582,41,117,20.5803,3268.01,1100.45
4583,41,118,19.3936,3346.72,1114.61
4584,41,119,20.5011,3272.89,1128.7
4585,41,120,21.4548,3208.99,1142.6
4586,41,121,19.787,3321.29,1157.96
4587,41,122,19.1363,3365.32,1171.54
4588,41,123,21.0313,3236.46,1187.78
4589,41,124,19.6819,3328.67,1202.61
4590,41,125,21.2621,3220.16,1218.12
4591,41,126,20.411,3278.89,1232.08
4592,41,127,19.8884,3315.12,1245.62
4593,41,128,21.2584,3219.68,1260.82
4594,41,129,20.3281,3284.8,1275.03
4595,41,130,19.6387,3333.29,1288.84
4596,41,131,20.799,3251.3,1303.7
4597,41,132,21.7676,3182.52,1318.12
4598,41,133,20.6,3265.81,1333.14
4599,42,46,-105.15,8340.47,69.1446
4600,42,47,78.2331,393.865,82.4035
4601,42,48,159.362,-3148.77,95.0427
4602,42,49,48.3457,1735.95,108.624
4603,42,50,-2.477,3989.1,121.432
4604,42,51,189.035,-4565.1,144.816
4605,42,52,79.7962,350.639,160.916
4606,42,53,95.0601,-341.327,174.13
4607,42,54,64.1192,1071.64,187.697
4608,42,55,35.9644,2366.76,200.312
4609,42,56,65.0601,1018.66,214.169
4610,42,57,43.2354,2037.15,227.797
4611,42,58,21.0804,3078.43,241.627
4612,42,59,35.2201,2409.15,255.035
4613,42,60,41.2523,2121.62,268.063
4614,42,61,26.6627,2821.92,281.742
4615,42,62,19.7125,3157.85,294.833
4616,42,63,45.2804,1913.54,311.257
4617,42,64,31.874,2570.46,325.318
4618,42,65,44.9353,1926.1,339.52
4619,42,66,33.3602,2500.99,353.632
4620,42,67,28.4651,2745.75,366.843
4621,42,68,37.8551,2273.12,380.845
4622,42,69,29.9472,2673.79,394.661
4623,42,70,23.6652,2994.17,408.239
4624,42,71,29.7613,2681.23,421.866
4625,42,72,32.9931,2514.26,435.008
4626,42,73,26.1241,2871.45,449.09
4627,42,74,22.3148,3070.8,462.402
4628,42,75,37.386,2277.05,482.117
4629,42,76,33.3056,2493.31,495.687
4630,42,77,39.779,2148.07,510.194
4631,42,78,34.3194,2441.06,524.402
4632,42,79,31.9545,2568.77,537.699
4633,42,80,35.1424,2395.56,551.232
4634,42,81,30.9843,2622.87,565.204
4635,42,82,27.8805,2793.58,578.812
4636,42,83,28.6783,2749.43,591.864
4637,42,84,31.2566,2605.91,605.359
4638,42,85,27.1528,2835.72,619.754
4639,42,86,23.4352,3045.14,634.005
4640,42,87,32.5719,2527.4,654.741
4641,42,88,29.2672,2715.77,668.904
4642,42,89,32.6231,2523.36,683.193
4643,42,90,29.881,2681.49,697.169
4644,42,91,28.2505,2776.06,710.629
4645,42,92,30.0633,2670.31,724.19
4646,42,93,28.2192,2778.5,737.798
4647,42,94,25.7021,2927.01,751.903
4648,42,95,27.2077,2837.67,765.394
4649,42,96,28.3632,2768.73,778.735
4650,42,97,25.6178,2933.45,793.333
4651,42,98,22.7944,3103.8,808.129
4652,42,99,28.1638,2778.05,827.52
4653,42,100,25.1455,2962.17,842.729
4654,42,101,26.2954,2891.64,856.249
4655,42,102,24.9339,2975.6,869.919
4656,42,103,23.462,3066.86,883.701
4657,42,104,25.0306,2969.09,897.607
4658,42,105,23.7132,3051.64,911.331
4659,42,106,22.0635,3155.58,925.419
4660,42,107,23.0157,3095.27,938.914
4661,42,108,23.8861,3039.85,952.366
4662,42,109,21.4837,3193.6,967.876
4663,42,110,19.9568,3291.84,982.046
4664,42,111,23.3299,3073.71,1000.25
4665,42,112,21.0345,3222.91,1015.85
4666,42,113,22.9214,3099.64,1030.77
4667,42,114,21.8444,3170.36,1044.6
4668,42,115,20.7672,3241.45,1058.46
4669,42,116,22.2839,3140.84,1072.98
4670,42,117,21.1168,3218.65,1087.03
4671,42,118,19.8853,3301.16,1101.21
4672,42,119,21.0086,3225.52,1115.28
4673,42,120,21.9736,3160.23,1129.16
4674,42,121,20.2511,3277.36,1144.55
4675,42,122,19.5729,3323.7,1158.14
4676,42,123,21.5035,3191.13,1174.33
4677,42,124,20.1101,3287.27,1189.18
4678,42,125,21.7178,3175.81,1204.65
4679,42,126,20.8359,3237.25,1218.62
4680,42,127,20.2913,3275.37,1232.18
4681,42,128,21.6835,3177.45,1247.35
4682,42,129,20.7224,3245.37,1261.58
4683,42,130,20.0087,3296.05,1275.41
4684,42,131,21.1865,3212.02,1290.24
4685,42,132,22.168,3141.69,1304.64
4686,42,133,20.9663,3228.21,1319.68
4687,43,47,107.868,-959.46,71.5306
4688,43,48,206.162,-5317.15,82.9794
4689,43,49,50.055,1655.62,97.6051
4690,43,50,-13.9007,4533.63,109.399
4691,43,51,222.708,-6192.64,131.591
4692,43,52,84.8869,101.194,147.689
4693,43,53,102.001,-686.033,160.977
4694,43,54,64.7461,1040.09,174.604
4695,43,55,32.1633,2560.62,188.244
4696,43,56,65.9586,972.241,201.123
4697,43,57,41.1041,2148.69,214.772
4698,43,58,16.4462,3324.05,228.584
4699,43,59,32.7946,2539.33,242.048
4700,43,60,39.7665,2202.35,255.132
4701,43,61,23.7976,2979.5,268.8
4702,43,62,16.4388,3340.08,281.912
4703,43,63,44.7535,1943.22,298.266
4704,43,64,30.1763,2667.23,312.309
4705,43,65,44.521,1949.99,326.518
4706,43,66,32.0158,2579.42,340.612
4707,43,67,26.8367,2841.83,353.842
4708,43,68,37.0743,2319.71,367.862
4709,43,69,28.6384,2752.75,381.668
4710,43,70,22.0012,3095.67,395.239
4711,43,71,28.6325,2750.85,408.897
4712,43,72,32.1549,2566.51,422.074
4713,43,73,24.8969,2948.76,436.129
4714,43,74,20.9262,3159.21,449.442
4715,43,75,36.9949,2302.21,469.036
4716,43,76,32.6975,2532.84,482.613
4717,43,77,39.5756,2161.42,497.118
4718,43,78,33.824,2473.93,511.315
4719,43,79,31.358,2608.73,524.625
4720,43,80,34.7451,2422.44,538.18
4721,43,81,30.3942,2663.19,552.143
4722,43,82,27.1646,2842.97,565.75
4723,43,83,28.0363,2794.16,578.827
4724,43,84,30.768,2640.27,592.345
4725,43,85,26.496,2882.35,606.714
4726,43,86,22.6393,3102.18,620.938
4727,43,87,32.2174,2553.04,641.573
4728,43,88,28.7844,2751.01,655.726
4729,43,89,32.3037,2546.89,670.023
4730,43,90,29.4606,2712.74,683.993
4731,43,91,27.7808,2811.29,697.46
4732,43,92,29.6848,2698.95,711.04
4733,43,93,27.7833,2811.77,724.65
4734,43,94,25.1861,2966.74,738.741
4735,43,95,26.768,2871.82,752.253
4736,43,96,27.9826,2798.54,765.613
4737,43,97,25.1513,2970.31,780.186
4738,43,98,22.2437,3147.67,794.949
4739,43,99,27.8208,2805.61,814.289
4740,43,100,24.7102,2997.43,829.465
4741,43,101,25.9139,2922.8,843.003
4742,43,102,24.5197,3009.71,856.672
4743,43,103,23.0131,3104.12,870.45
4744,43,104,24.6468,3001.2,884.372
4745,43,105,23.2997,3086.51,898.093
4746,43,106,21.6114,3194,912.168
4747,43,107,22.6068,3130.29,925.682
4748,43,108,23.5159,3071.81,939.151
4749,43,109,21.053,3231.08,954.621
4750,43,110,19.4938,3332.43,968.774
4751,43,111,22.978,3104.79,986.958
4752,43,112,20.6272,3259.16,1002.52
4753,43,113,22.5786,3130.37,1017.45
4754,43,114,21.4812,3203.16,1031.27
4755,43,115,20.3845,3276.28,1045.13
4756,43,116,21.9525,3171.22,1059.66
4757,43,117,20.7631,3251.3,1073.7
4758,43,118,19.5086,3336.2,1087.87
4759,43,119,20.6709,3257.16,1101.95
4760,43,120,21.6692,3188.94,1115.85
4761,43,121,19.9108,3309.68,1131.2
4762,43,122,19.2242,3357.06,1144.8
4763,43,123,21.211,3219.31,1160.99
4764,43,124,19.7908,3318.25,1175.82
4765,43,125,21.445,3202.46,1191.29
4766,43,126,20.5486,3265.5,1205.26
4767,43,127,19.9979,3304.42,1218.82
4768,43,128,21.4293,3202.79,1233.99
4769,43,129,20.452,3272.51,1248.21
4770,43,130,19.7281,3324.38,1262.03
4771,43,131,20.9388,3237.21,1276.87
4772,43,132,21.9475,3164.25,1291.29
4773,43,133,20.7242,3253.14,1306.3
4774,44,48,159.234,-3127.19,71.945
4775,44,49,-33.2657,5599.47,84.8383
4776,44,50,-91.6886,8267.44,97.255
4777,44,51,223.519,-6232.12,118.467
4778,44,52,54.891,1580.99,134.255
4779,44,53,81.4265,342.667,147.662
4780,44,54,41.1393,2236.17,161.249
4781,44,55,7.06049,3849.23,174.811
4782,44,56,49.917,1806.4,188.838
4783,44,57,23.8035,3059.85,201.416
4784,44,58,-1.83536,4299.06,215.112
4785,44,59,18.8418,3292.78,228.702
4786,44,60,28.2754,2830.53,241.868
4787,44,61,11.809,3642.87,255.443
4788,44,62,4.93758,3984.15,268.522
4789,44,63,37.2339,2369.34,285.013
4790,44,64,21.9845,3136.89,298.96
4791,44,65,38.378,2306.29,313.264
4792,44,66,25.3196,2972.26,327.27
4793,44,67,20.2668,3231.64,340.48
4794,44,68,31.849,2633.23,354.589
4795,44,69,23.1662,3084.73,368.328
4796,44,70,16.4427,3436.6,381.842
4797,44,71,23.9447,3041.49,395.581
4798,44,72,28.0333,2824.79,408.814
4799,44,73,20.5662,3223.04,422.786
4800,44,74,16.6188,3434.88,436.062
4801,44,75,33.961,2498.4,455.719
4802,44,76,29.587,2736.06,469.268
4803,44,77,37.0526,2327.94,483.829
4804,44,78,31.1165,2654.42,497.97
4805,44,79,28.6639,2790.13,511.271
4806,44,80,32.3797,2583.29,524.874
4807,44,81,27.9243,2832.79,538.789
4808,44,82,24.6558,3016.91,552.362
4809,44,83,25.6965,2957.94,565.469
4810,44,84,28.6756,2788.14,579.034
4811,44,85,24.2998,3039.01,593.335
4812,44,86,20.3659,3265.87,607.495
4813,44,87,30.4827,2679.1,628.168
4814,44,88,26.9742,2883.75,642.278
4815,44,89,30.7252,2663.7,656.619
4816,44,90,27.8283,2834.61,670.556
4817,44,91,26.1465,2934.4,684.01
4818,44,92,28.195,2812.18,697.627
4819,44,93,26.277,2927.26,711.216
4820,44,94,23.637,3086.54,725.265
4821,44,95,25.3394,2983.26,738.812
4822,44,96,26.6537,2903.08,752.204
4823,44,97,23.7667,3080.15,766.721
4824,44,98,20.8037,3262.87,781.421
4825,44,99,26.6315,2901.55,800.801
4826,44,100,23.4534,3099.65,815.912
4827,44,101,24.742,3018.9,829.481
4828,44,102,23.3403,3107.21,843.131
4829,44,103,21.8227,3203.32,856.885
4830,44,104,23.549,3093.41,870.843
4831,44,105,22.1939,3180.14,884.543
4832,44,106,20.4871,3289.94,898.583
4833,44,107,21.5488,3221.29,912.126
4834,44,108,22.5184,3158.26,925.622
4835,44,109,20.011,3322.08,941.024
4836,44,110,18.4364,3425.48,955.14
4837,44,111,22.0542,3186.7,973.37
4838,44,112,19.662,3345.38,988.867
4839,44,113,21.6968,3209.73,1003.83
4840,44,114,20.5933,3283.66,1017.64
4841,44,115,19.4908,3357.9,1031.47
4842,44,116,21.1263,3247.23,1046.04
4843,44,117,19.9271,3328.78,1060.05
4844,44,118,18.6614,3415.27,1074.19
4845,44,119,19.8765,3331.83,1088.31
4846,44,120,20.9214,3259.73,1102.23
4847,44,121,19.1371,3383.44,1117.53
4848,44,122,18.4527,3431.12,1131.11
4849,44,123,20.5085,3287.22,1147.34
4850,44,124,19.0706,3388.35,1162.13
4851,44,125,20.7826,3267.37,1177.63
4852,44,126,19.8806,3331.41,1191.58
4853,44,127,19.3327,3370.49,1205.13
4854,44,128,20.8134,3264.37,1220.34
4855,44,129,19.8277,3335.35,1234.53
4856,44,130,19.1016,3387.87,1248.34
4857,44,131,20.354,3296.86,1263.21
4858,44,132,21.3985,3220.61,1277.65
4859,44,133,20.1603,3311.42,1292.63
4860,45,49,130.236,-2194.12,72.4673
4861,45,50,-2.16171,3940.31,84.4006
4862,45,51,377.526,-13778.5,104.894
4863,45,52,128.239,-2061.97,120.438
4864,45,53,144.372,-2825.59,133.83
4865,45,54,83.4382,78.924,147.627
4866,45,55,35.4725,2381.27,161.363
4867,45,56,80.7365,193.517,175.227
4868,45,57,45.8641,1890.64,188.966
4869,45,58,13.411,3480.84,201.799
4870,45,59,34.8122,2425.05,215.321
4871,45,60,43.4288,1997.09,228.472
4872,45,61,23.2424,3006.41,242.17
4873,45,62,14.3371,3454.65,255.329
4874,45,63,49.0436,1696.18,271.514
4875,45,64,31.0883,2611.91,285.582
4876,45,65,48.176,1734.73,299.754
4877,45,66,33.0398,2516.77,313.872
4878,45,67,26.8763,2837.27,327.149
4879,45,68,38.8729,2209.45,341.159
4880,45,69,28.9336,2732.92,354.986
4881,45,70,21.2492,3140.19,368.574
4882,45,71,28.9509,2729.44,382.253
4883,45,72,32.974,2513.53,395.462
4884,45,73,24.6511,2962.97,409.515
4885,45,74,20.1682,3206.54,422.848
4886,45,75,38.4003,2209.85,442.199
4887,45,76,33.4754,2480.72,455.81
4888,45,77,41.1579,2055.62,470.275
4889,45,78,34.6311,2418.95,484.49
4890,45,79,31.8376,2575.38,497.837
4891,45,80,35.5835,2364.36,511.403
4892,45,81,30.7141,2640.3,525.38
4893,45,82,27.1267,2844.78,539.004
4894,45,83,28.0941,2789.32,552.115
4895,45,84,31.1022,2615.85,565.647
4896,45,85,26.3946,2888.89,580.006
4897,45,86,22.1736,3135.11,594.216
4898,45,87,32.6769,2518.92,614.646
4899,45,88,28.9092,2741.21,628.806
4900,45,89,32.7409,2513.87,643.094
4901,45,90,29.6304,2699.46,657.077
4902,45,91,27.8003,2809.26,670.565
4903,45,92,29.8653,2684.68,684.162
4904,45,93,27.8008,2809.92,697.788
4905,45,94,24.9943,2981.12,711.877
4906,45,95,26.7102,2875.88,725.408
4907,45,96,28.0223,2794.96,738.79
4908,45,97,24.9747,2983.91,753.348
4909,45,98,21.8573,3178.23,768.083
4910,45,99,27.8586,2802.15,787.305
4911,45,100,24.5233,3012.28,802.452
4912,45,101,25.8195,2930.18,816.011
4913,45,102,24.3323,3024.87,829.69
4914,45,103,22.7297,3127.43,843.473
4915,45,104,24.4833,3014.62,857.409
4916,45,105,23.0531,3107.1,871.136
4917,45,106,21.2635,3223.43,885.204
4918,45,107,22.3343,3153.47,898.739
4919,45,108,23.3097,3089.42,912.229
4920,45,109,20.7008,3261.61,927.655
4921,45,110,19.0575,3370.61,941.795
4922,45,111,22.7648,3123.46,959.922
4923,45,112,20.2813,3289.85,975.44
4924,45,113,22.3572,3150.08,990.368
4925,45,114,21.2033,3228.16,1004.2
4926,45,115,20.0525,3306.41,1018.05
4927,45,116,21.7178,3192.61,1032.59
4928,45,117,20.4696,3278.33,1046.62
4929,45,118,19.155,3369.04,1060.78
4930,45,119,20.3894,3283.45,1074.88
4931,45,120,21.4483,3209.68,1088.8
4932,45,121,19.6039,3338.78,1104.11
4933,45,122,18.89,3388.99,1117.71
4934,45,123,20.9868,3240.83,1133.89
4935,45,124,19.501,3346.32,1148.69
4936,45,125,21.2446,3221.93,1164.16
4937,45,126,20.3093,3288.97,1178.13
4938,45,127,19.7379,3330.11,1191.69
4939,45,128,21.2443,3221.15,1206.87
4940,45,129,20.2252,3295.2,1221.08
4941,45,130,19.4729,3350.12,1234.9
4942,45,131,20.7456,3256.79,1249.74
4943,45,132,21.805,3178.75,1264.17
4944,45,133,20.5298,3273.11,1279.16
4945,46,50,-92.856,8354.1,72.8953
4946,46,51,443.626,-17039.4,91.5621
4947,46,52,104.229,-861.437,107.92
4948,46,53,130.397,-2117.53,120.443
4949,46,54,59.028,1331.98,134.237
4950,46,55,6.35127,3895.58,147.929
4951,46,56,65.1398,1014.94,161.925
4952,46,57,27.0548,2893.81,175.618
4953,46,58,-7.49736,4609.89,189.361
4954,46,59,19.9481,3237.62,202.007
4955,46,60,31.6954,2646.34,215.245
4956,46,61,10.4524,3722.65,228.869
4957,46,62,2.00412,4153.51,242.014
4958,46,63,41.9372,2103.62,258.289
4959,46,64,22.8399,3090.31,272.278
4960,46,65,42.4613,2070,286.53
4961,46,66,26.4277,2909.09,300.575
4962,46,67,20.3051,3231.55,313.844
4963,46,68,33.9162,2510.15,327.932
4964,46,69,23.5617,3062.4,341.705
4965,46,70,15.6923,3484.72,355.249
4966,46,71,24.4139,3013.76,369.001
4967,46,72,29.0711,2760.72,382.265
4968,46,73,20.4325,3232.96,396.248
4969,46,74,15.9314,3480.52,409.553
4970,46,75,35.6614,2388.79,428.92
4971,46,76,30.5955,2670.79,442.513
4972,46,77,38.9381,2203.61,457.022
4973,46,78,32.1503,2585.99,471.191
4974,46,79,29.3383,2745.33,484.535
4975,46,80,33.4411,2511.47,498.145
4976,46,81,28.4202,2799.34,512.083
4977,46,82,24.7629,3010.24,525.682
4978,46,83,25.9056,2943.97,538.823
4979,46,84,29.1802,2752.95,552.399
4980,46,85,24.3334,3037.3,566.7
4981,46,86,20.007,3292.55,580.853
4982,46,87,31.1136,2633.56,601.287
4983,46,88,27.2434,2864.48,615.411
4984,46,89,31.325,2619.59,629.735
4985,46,90,28.1392,2811.8,643.692
4986,46,91,26.2944,2923.71,657.173
4987,46,92,28.5113,2788.49,670.803
4988,46,93,26.4172,2916.92,684.414
4989,46,94,23.5526,3093.57,698.468
4990,46,95,25.3948,2979.36,712.033
4991,46,96,26.81,2891.14,725.444
4992,46,97,23.6918,3086.55,739.953
4993,46,98,20.5051,3287.31,754.631
4994,46,99,26.7788,2889.97,773.87
4995,46,100,23.3614,3107.55,788.96
4996,46,101,24.7454,3018.97,802.548
4997,46,102,23.2438,3115.58,816.213
4998,46,103,21.6234,3220.36,829.977
4999,46,104,23.4739,3100.08,843.945
5000,46,105,22.0298,3194.43,857.655
5001,46,106,20.215,3313.6,871.693
5002,46,107,21.3541,3238.42,885.257
5003,46,108,22.3916,3169.6,898.773
5004,46,109,19.7299,3347.04,914.136
5005,46,110,18.066,3458.53,928.244
5006,46,111,21.9156,3199.32,946.401
5007,46,112,19.3834,3370.67,961.86
5008,46,113,21.5467,3223.56,976.82
5009,46,114,20.3828,3303.09,990.632
5010,46,115,19.2226,3382.76,1004.47
5011,46,116,20.9582,3263,1019.04
5012,46,117,19.6964,3350.49,1033.05
5013,46,118,18.367,3443.11,1047.18
5014,46,119,19.656,3352.87,1061.31
5015,46,120,20.7627,3275.04,1075.25
5016,46,121,18.8879,3407.52,1090.52
5017,46,122,18.174,3458.21,1104.11
5018,46,123,20.3429,3303.5,1120.31
5019,46,124,18.8358,3411.51,1135.08
5020,46,125,20.6397,3281.62,1150.57
5021,46,126,19.6962,3349.87,1164.52
5022,46,127,19.1258,3391.32,1178.09
5023,46,128,20.6832,3277.63,1193.29
5024,46,129,19.6532,3353.16,1207.47
5025,46,130,18.8967,3408.89,1221.29
5026,46,131,20.2124,3311.53,1236.15
5027,46,132,21.3084,3230.06,1250.6
5028,46,133,20.0155,3326.6,1265.56
5029,47,51,386.808,-14217.4,79.173
5030,47,52,-46.7829,6739.47,93.835
5031,47,53,30.0086,3002.29,107.535
5032,47,54,-34.1057,6143.89,120.167
5033,47,55,-77.792,8299.08,133.669
5034,47,56,9.58291,3959.46,148.004
5035,47,57,-25.3255,5704.88,161.525
5036,47,58,-56.9062,7294.44,175.049
5037,47,59,-17.637,5304.8,188.938
5038,47,60,1.1578,4346.27,201.295
5039,47,61,-18.846,5373.13,214.742
5040,47,62,-24.688,5674.96,227.804
5041,47,63,23.0834,3190.85,244.486
5042,47,64,3.95901,4191.69,258.308
5043,47,65,27.6333,2944.85,272.758
5044,47,66,11.4792,3801.02,286.65
5045,47,67,6.19706,4082.73,299.862
5046,47,68,22.3282,3217.03,314.119
5047,47,69,12.0809,3770.38,327.773
5048,47,70,4.51244,4181.6,341.213
5049,47,71,14.8261,3617.78,355.101
5050,47,72,20.5791,3301.37,368.444
5051,47,73,11.9297,3779.97,382.295
5052,47,74,7.71438,4014.62,395.527
5053,47,75,29.3717,2801.81,415.168
5054,47,76,24.3875,3082.59,428.702
5055,47,77,33.6688,2556.65,443.323
5056,47,78,26.7861,2948.97,457.4
5057,47,79,24.1288,3101.32,470.711
5058,47,80,28.7794,2833.13,484.395
5059,47,81,23.7379,3125.54,498.252
5060,47,82,20.1376,3335.55,511.789
5061,47,83,21.5921,3250.23,524.961
5062,47,84,25.2661,3033.46,538.606
5063,47,85,20.3714,3323.88,552.808
5064,47,86,16.0268,3583.11,566.866
5065,47,87,27.8693,2872.56,587.486
5066,47,88,23.9693,3107.85,601.543
5067,47,89,28.393,2839.48,615.943
5068,47,90,25.1957,3034.52,629.843
5069,47,91,23.3997,3144.67,643.293
5070,47,92,25.8388,2994.26,656.975
5071,47,93,23.7694,3122.57,670.546
5072,47,94,20.8957,3301.69,684.536
5073,47,95,22.9216,3174.74,698.15
5074,47,96,24.4923,3075.78,711.6
5075,47,97,21.3427,3275.26,726.03
5076,47,98,18.1238,3480.19,740.623
5077,47,99,24.7242,3057.77,759.995
5078,47,100,21.2563,3280.87,775
5079,47,101,22.7672,3183.17,788.626
5080,47,102,21.2825,3279.67,802.258
5081,47,103,19.6741,3384.75,815.982
5082,47,104,21.6557,3254.63,830.002
5083,47,105,20.2242,3349.11,843.676
5084,47,106,18.4092,3469.5,857.663
5085,47,107,19.6448,3387.13,871.263
5086,47,108,20.7709,3311.68,884.814
5087,47,109,18.0761,3493.13,900.092
5088,47,110,16.4119,3605.74,914.147
5089,47,111,20.4309,3332.45,932.413
5090,47,112,17.8669,3507.66,947.791
5091,47,113,20.14,3351.57,962.815
5092,47,114,18.9833,3431.38,976.594
5093,47,115,17.83,3511.34,990.394
5094,47,116,19.6551,3384.2,1005.02
5095,47,117,18.3944,3472.45,1018.99
5096,47,118,17.0642,3566,1033.08
5097,47,119,18.4243,3469.89,1047.26
5098,47,120,19.5942,3386.83,1061.24
5099,47,121,17.7005,3521.91,1076.43
5100,47,122,16.9991,3572.18,1090
5101,47,123,19.2548,3409.77,1106.28
5102,47,124,17.7369,3519.56,1120.99
5103,47,125,19.6143,3383.13,1136.55
5104,47,126,18.6729,3451.86,1150.47
5105,47,127,18.1137,3492.87,1164.01
5106,47,128,19.7338,3373.52,1179.27
5107,47,129,18.7018,3449.88,1193.41
5108,47,130,17.95,3505.77,1207.2
5109,47,131,19.3189,3403.56,1222.12
5110,47,132,20.4611,3317.89,1236.6
5111,47,133,19.158,3416.06,1251.51
5112,48,52,-4.356,4589.84,81.092
5113,48,53,83.8903,236.361,93.896
5114,48,54,-13.9371,5095.12,107.689
5115,48,55,-73.5871,8077.62,120.314
5116,48,56,32.27,2749.48,134.589
5117,48,57,-14.1575,5101.8,148.224
5118,48,58,-53.5107,7108.82,161.831
5119,48,59,-8.26259,4786.08,175.71
5120,48,60,11.9815,3740.14,189.091
5121,48,61,-12.4262,5009.34,201.621
5122,48,62,-19.9031,5400.63,214.756
5123,48,63,33.2416,2601.68,231.167
5124,48,64,10.6722,3797.85,245.071
5125,48,65,36.231,2434.72,259.422
5126,48,66,17.4715,3441.48,273.393
5127,48,67,11.0619,3787.6,286.665
5128,48,68,28.266,2852.84,300.849
5129,48,69,16.5473,3493.46,314.569
5130,48,70,7.93239,3967.28,328.067
5131,48,71,18.8206,3364.8,341.915
5132,48,72,24.7142,3036.73,355.25
5133,48,73,15.0814,3576.16,369.158
5134,48,74,10.3204,3844.37,382.438
5135,48,75,33.3385,2540,401.778
5136,48,76,27.7369,2859.29,415.366
5137,48,77,37.4137,2304.49,429.906
5138,48,78,29.8454,2740.93,444.041
5139,48,79,26.8308,2915.78,457.394
5140,48,80,31.5995,2637.61,471.053
5141,48,81,26.0956,2960.5,484.96
5142,48,82,22.1548,3193.01,498.539
5143,48,83,23.578,3108.56,511.722
5144,48,84,27.3432,2883.9,525.345
5145,48,85,22.0816,3199.6,539.588
5146,48,86,17.4265,3480.46,553.682
5147,48,87,29.7912,2730.34,574.065
5148,48,88,25.6072,2985.56,588.16
5149,48,89,30.1636,2706.1,602.517
5150,48,90,26.7352,2917.52,616.454
5151,48,91,24.7876,3038.27,629.937
5152,48,92,27.2734,2883.32,643.605
5153,48,93,25.0516,3022.55,657.209
5154,48,94,22.0011,3214.73,671.23
5155,48,95,24.0653,3084,684.834
5156,48,96,25.6535,2982.89,698.281
5157,48,97,22.3315,3195.5,712.74
5158,48,98,18.9476,3413.2,727.356
5159,48,99,25.7701,2972.01,746.577
5160,48,100,22.1319,3208.49,761.605
5161,48,101,23.6663,3108.24,775.227
5162,48,102,22.0949,3211.43,788.884
5163,48,103,20.4001,3323.29,802.632
5164,48,104,22.4257,3188.92,816.636
5165,48,105,20.9183,3289.41,830.334
5166,48,106,19.0182,3416.72,844.343
5167,48,107,20.2748,3332.11,857.941
5168,48,108,21.4171,3254.81,871.489
5169,48,109,18.6146,3445.39,886.78
5170,48,110,16.8804,3563.89,900.853
5171,48,111,21.0104,3280.3,919.022
5172,48,112,18.3496,3463.89,934.411
5173,48,113,20.677,3302.52,949.403
5174,48,114,19.4698,3386.63,963.201
5175,48,115,18.2683,3470.73,977.02
5176,48,116,20.1335,3339.55,991.626
5177,48,117,18.8231,3432.15,1005.62
5178,48,118,17.4434,3530.11,1019.72
5179,48,119,18.8307,3431.15,1033.88
5180,48,120,20.0215,3345.8,1047.85
5181,48,121,18.0651,3486.66,1063.06
5182,48,122,17.3353,3539.45,1076.64
5183,48,123,19.6415,3371.87,1092.87
5184,48,124,18.0742,3486.28,1107.6
5185,48,125,19.9911,3345.71,1123.12
5186,48,126,19.0163,3417.52,1137.05
5187,48,127,18.4345,3460.57,1150.61
5188,48,128,20.0866,3337.76,1165.84
5189,48,129,19.0209,3417.34,1180
5190,48,130,18.2433,3475.66,1193.8
5191,48,131,19.6377,3370.61,1208.69
5192,48,132,20.7994,3282.71,1223.16
5193,48,133,19.4581,3384.65,1238.08
5194,49,53,276.84,-9732.71,80.8335
5195,49,54,82.0869,69.8669,93.9031
5196,49,55,-22.0414,5345.7,107.726
5197,49,56,97.3936,-745.485,120.832
5198,49,57,26.177,2910.3,134.654
5199,49,58,-29.1138,5766.99,148.412
5200,49,59,19.9255,3216.95,162.209
5201,49,60,38.8456,2226.8,175.571
5202,49,61,6.54989,3927.7,189.242
5203,49,62,-4.70598,4524.26,201.463
5204,49,63,53.4984,1420.03,217.514
5205,49,64,25.5757,2918.55,231.561
5206,49,65,52.3881,1470.68,245.76
5207,49,66,29.7489,2700.74,259.864
5208,49,67,21.3723,3158.66,273.211
5209,49,68,39.2658,2174.52,287.277
5210,49,69,25.3834,2942.68,301.101
5211,49,70,15.182,3510.56,314.682
5212,49,71,26.3866,2883.1,328.456
5213,49,72,32.1409,2558.94,341.758
5214,49,73,21.1433,3182.14,355.763
5215,49,74,15.5497,3500.97,369.107
5216,49,75,39.8856,2105.71,388.107
5217,49,76,33.4162,2478.78,401.767
5218,49,77,43.3687,1901.54,416.197
5219,49,78,34.8988,2395.62,430.421
5220,49,79,31.3637,2603.01,443.826
5221,49,80,36.1471,2320.79,457.439
5222,49,81,30.0341,2683.5,471.419
5223,49,82,25.6298,2946.28,485.057
5224,49,83,26.9357,2867.93,498.241
5225,49,84,30.7236,2639.39,511.823
5226,49,85,24.9949,2986.94,526.136
5227,49,86,19.9414,3295.19,540.289
5228,49,87,32.8112,2505.85,560.41
5229,49,88,28.267,2786.07,574.565
5230,49,89,32.9159,2497.84,588.858
5231,49,90,29.1932,2729.89,602.85
5232,49,91,27.0407,2864.78,616.371
5233,49,92,29.5371,2707.51,630.013
5234,49,93,27.116,2860.85,643.659
5235,49,94,23.8431,3069.22,657.728
5236,49,95,25.9167,2936.51,671.311
5237,49,96,27.4939,2835.04,684.742
5238,49,97,23.9612,3063.49,699.251
5239,49,98,20.3768,3296.48,713.912
5240,49,99,27.4107,2836.93,732.962
5241,49,100,23.5695,3089.17,748.035
5242,49,101,25.1076,2987.65,761.644
5243,49,102,23.4247,3099.29,775.334
5244,49,103,21.6199,3219.61,789.115
5245,49,104,23.6742,3081.96,803.091
5246,49,105,22.0701,3189.97,816.82
5247,49,106,20.0648,3325.67,830.862
5248,49,107,21.3285,3239.74,844.449
5249,49,108,22.4738,3161.48,857.987
5250,49,109,19.5447,3362.61,873.311
5251,49,110,17.7246,3488.19,887.413
5252,49,111,21.9589,3194.62,905.47
5253,49,112,19.1853,3387.84,920.889
5254,49,113,21.5586,3221.71,935.836
5255,49,114,20.2881,3311.07,949.66
5256,49,115,19.0263,3400.24,963.504
5257,49,116,20.924,3265.5,978.077
5258,49,117,19.5528,3363.31,992.091
5259,49,118,18.1128,3466.51,1006.22
5260,49,119,19.5203,3365.17,1020.36
5261,49,120,20.725,3278.03,1034.32
5262,49,121,18.6958,3425.49,1049.55
5263,49,122,17.9292,3481.45,1063.15
5264,49,123,20.2811,3308.98,1079.32
5265,49,124,18.6557,3428.72,1094.07
5266,49,125,20.6072,3284.3,1109.54
5267,49,126,19.5916,3359.79,1123.5
5268,49,127,18.9806,3405.42,1137.08
5269,49,128,20.6604,3279.43,1152.26
5270,49,129,19.5542,3362.77,1166.45
5271,49,130,18.7446,3424.03,1180.27
5272,49,131,20.1606,3316.41,1195.13
5273,49,132,21.3374,3226.58,1209.58
5274,49,133,19.9519,3332.8,1224.52
5275,50,54,-147.216,12146.5,80.6996
5276,50,55,-209.619,15349.9,93.3888
5277,50,56,-2.46643,4646.95,107.9
5278,50,57,-66.5221,7977.85,120.574
5279,50,58,-113.5,10436.4,134.144
5280,50,59,-37.7756,6448.21,148.23
5281,50,60,-4.92436,4707.09,161.738
5282,50,61,-35.3077,6327.54,175.25
5283,50,62,-41.8556,6678.94,188.418
5284,50,63,29.9707,2800.32,203.827
5285,50,64,1.46207,4349.29,217.72
5286,50,65,34.6402,2535.55,232.101
5287,50,66,11.4256,3812.36,246.062
5288,50,67,4.15418,4214.71,259.367
5289,50,68,25.7436,3012.9,273.592
5290,50,69,11.8252,3792.32,287.307
5291,50,70,1.94353,4348.99,300.798
5292,50,71,15.3702,3588.15,314.704
5293,50,72,22.5828,3177.03,328.086
5294,50,73,11.4652,3814.44,341.968
5295,50,74,6.19846,4118.16,355.249
5296,50,75,33.1256,2556.38,374.461
5297,50,76,26.6778,2932.5,388.07
5298,50,77,37.8225,2278.68,402.599
5299,50,78,29.1509,2790.3,416.737
5300,50,79,25.7634,2991.3,430.116
5301,50,80,31.2167,2665.92,443.799
5302,50,81,25.0297,3037.14,457.705
5303,50,82,20.6618,3300.66,471.289
5304,50,83,22.3368,3199.05,484.505
5305,50,84,26.6039,2938.75,498.155
5306,50,85,20.7858,3295.6,512.375
5307,50,86,15.6867,3610.04,526.438
5308,50,87,29.4578,2756.24,546.703
5309,50,88,24.8526,3043.3,560.795
5310,50,89,29.9046,2726.7,575.158
5311,50,90,26.1472,2963.42,589.098
5312,50,91,24.0372,3097.05,602.594
5313,50,92,26.7894,2921.83,616.286
5314,50,93,24.3831,3075.83,629.897
5315,50,94,21.0863,3287.93,643.907
5316,50,95,23.3699,3140.25,657.537
5317,50,96,25.1226,3026.33,671.008
5318,50,97,21.5415,3260.29,685.442
5319,50,98,17.9095,3498.79,700.021
5320,50,99,25.3235,3009.47,719.178
5321,50,100,21.4135,3268.83,734.171
5322,50,101,23.0937,3156.82,747.817
5323,50,102,21.4232,3268.74,761.478
5324,50,103,19.6257,3389.77,775.224
5325,50,104,21.8273,3240.8,789.25
5326,50,105,20.2319,3349.29,802.946
5327,50,106,18.2207,3486.72,816.941
5328,50,107,19.5915,3392.59,830.564
5329,50,108,20.8345,3306.82,844.137
5330,50,109,17.8625,3512.88,859.379
5331,50,110,16.0378,3640,873.432
5332,50,111,20.4631,3330.23,891.581
5333,50,112,17.649,3528.16,906.922
5334,50,113,20.1445,3351.81,921.927
5335,50,114,18.8784,3441.7,935.722
5336,50,115,17.621,3531.39,949.535
5337,50,116,19.6174,3388.32,964.159
5338,50,117,18.2442,3487.19,978.138
5339,50,118,16.8004,3591.63,992.229
5340,50,119,18.2857,3483.7,1006.41
5341,50,120,19.5591,3390.73,1020.4
5342,50,121,17.5059,3541.31,1035.57
5343,50,122,16.7509,3596.92,1049.15
5344,50,123,19.1982,3415.83,1065.38
5345,50,124,17.5583,3537.72,1080.08
5346,50,125,19.5901,3386.01,1095.61
5347,50,126,18.5746,3462.18,1109.54
5348,50,127,17.9739,3507.43,1123.1
5349,50,128,19.7217,3375.18,1138.34
5350,50,129,18.6113,3459.57,1152.49
5351,50,130,17.805,3521.12,1166.29
5352,50,131,19.2784,3408.15,1181.19
5353,50,132,20.5049,3313.71,1195.68
5354,50,133,19.1062,3421.88,1210.57
5355,51,55,-653.016,39145.5,78.4931
5356,51,56,-229.013,16956,93.2003
5357,51,57,-246.643,17884.5,106.663
5358,51,58,-260.335,18610.2,118.985
5359,51,59,-135.153,11933.8,133.647
5360,51,60,-76.256,8773,147.4
5361,51,61,-99.1942,10011.7,160.715
5362,51,62,-96.1857,9848.2,173.831
5363,51,63,-4.95066,4860.68,190.849
5364,51,64,-32.5432,6378.27,203.561
5365,51,65,9.59271,4046.75,218.2
5366,51,66,-13.3928,5326.28,231.999
5367,51,67,-18.5999,5617.87,245.257
5368,51,68,7.91659,4124.11,259.694
5369,51,69,-5.59032,4889.5,273.288
5370,51,70,-14.7186,5409.82,286.679
5371,51,71,1.57364,4475.73,300.754
5372,51,72,10.6961,3949.66,314.234
5373,51,73,-0.354545,4590.6,327.983
5374,51,74,-5.07522,4865.98,341.197
5375,51,75,24.908,3106.96,360.695
5376,51,76,18.5963,3479.35,374.25
5377,51,77,31.1652,2733.6,388.897
5378,51,78,22.3497,3259.59,402.944
5379,51,79,19.1976,3448.71,416.297
5380,51,80,25.4522,3071.35,430.059
5381,51,81,19.238,3448.35,443.888
5382,51,82,14.9591,3709.36,457.415
5383,51,83,17.0812,3579.21,470.669
5384,51,84,21.9085,3281.52,484.395
5385,51,85,16.0262,3646.23,498.517
5386,51,86,10.9083,3965.24,512.489
5387,51,87,25.682,3039.42,532.927
5388,51,88,21.0331,3332.3,546.955
5389,51,89,26.5401,2983.53,561.395
5390,51,90,22.763,3224,575.283
5391,51,91,20.7152,3355.06,588.753
5392,51,92,23.7567,3159.39,602.499
5393,51,93,21.3795,3313.11,616.075
5394,51,94,18.0693,3528.28,630.024
5395,51,95,20.5886,3363.69,643.706
5396,51,96,22.5384,3235.65,657.219
5397,51,97,18.9148,3474.8,671.579
5398,51,98,15.241,3718.5,686.075
5399,51,99,23.0665,3196.8,705.351
5400,51,100,19.0904,3463.2,720.262
5401,51,101,20.9275,3339.5,733.949
5402,51,102,19.2762,3451.24,747.581
5403,51,103,17.4918,3572.58,761.291
5404,51,104,19.854,3411.16,775.37
5405,51,105,18.2723,3519.77,789.034
5406,51,106,16.2593,3658.67,802.982
5407,51,107,17.747,3555.52,816.645
5408,51,108,19.0965,3461.5,830.253
5409,51,109,16.0826,3672.48,845.412
5410,51,110,14.2565,3800.92,859.416
5411,51,111,18.8853,3473.82,877.664
5412,51,112,16.0313,3676.45,892.928
5413,51,113,18.6573,3489.12,907.994
5414,51,114,17.3981,3579.37,921.76
5415,51,115,16.1476,3669.4,935.543
5416,51,116,18.2492,3517.39,950.22
5417,51,117,16.8758,3617.19,964.164
5418,51,118,15.4298,3722.75,978.214
5419,51,119,16.9978,3607.76,992.442
5420,51,120,18.3445,3508.56,1006.47
5421,51,121,16.2676,3662.24,1021.57
5422,51,122,15.526,3717.37,1035.14
5423,51,123,18.0739,3527.12,1051.44
5424,51,124,16.4201,3651.16,1066.08
5425,51,125,18.5365,3491.73,1081.67
5426,51,126,17.5219,3568.5,1095.57
5427,51,127,16.933,3613.25,1109.12
5428,51,128,18.7523,3474.38,1124.4
5429,51,129,17.6384,3559.78,1138.52
5430,51,130,16.8362,3621.55,1152.29
5431,51,131,18.3699,3502.94,1167.25
5432,51,132,19.6485,3403.64,1181.77
5433,51,133,18.2367,3513.76,1196.61
5434,52,56,400.236,-17443,73.6248
5435,52,57,166.98,-5002.64,86.9372
5436,52,58,31.1979,2284.34,100.616
5437,52,59,114.792,-2229.76,112.921
5438,52,60,131.234,-3123.1,125.41
5439,52,61,62.2102,650.205,139.393
5440,52,62,36.4195,2068.69,152.13
5441,52,63,120.759,-2598.12,169.155
5442,52,64,69.5819,250.767,183.8
5443,52,65,103.148,-1628.93,196.644
5444,52,66,64.6236,541.269,211.281
5445,52,67,49.0136,1425.84,224.473
5446,52,68,70.6951,189.99,238.247
5447,52,69,48.7121,1450.35,252.318
5448,52,70,32.9068,2361.79,265.936
5449,52,71,46.0658,1598.57,279.432
5450,52,72,51.8197,1262.92,292.355
5451,52,73,36.026,2189.49,306.68
5452,52,74,27.7313,2678.88,319.949
5453,52,75,57.4792,913.831,339.885
5454,52,76,48.0569,1476.03,353.618
5455,52,77,59.3264,799.862,367.856
5456,52,78,47.7719,1496.98,382.37
5457,52,79,42.5788,1812.03,395.726
5458,52,80,47.6522,1502.55,409.105
5459,52,81,39.5437,1999.87,423.256
5460,52,82,33.6787,2361.55,436.933
5461,52,83,34.7635,2294.29,449.911
5462,52,84,38.8117,2041.95,463.291
5463,52,85,31.5891,2494.57,477.846
5464,52,86,25.2894,2891.45,492.161
5465,52,87,40.0849,1954.4,512.878
5466,52,88,34.4062,2315.95,527.165
5467,52,89,39.4992,1990,541.333
5468,52,90,34.8639,2288.2,555.42
5469,52,91,32.1086,2466.37,568.925
5470,52,92,34.7427,2295.16,582.424
5471,52,93,31.7292,2492.04,596.087
5472,52,94,27.7836,2751.13,610.247
5473,52,95,29.9758,2606.45,623.701
5474,52,96,31.5951,2499.04,636.996
5475,52,97,27.4202,2777.36,651.671
5476,52,98,23.2281,3058.23,666.495
5477,52,99,31.0469,2531.76,685.821
5478,52,100,26.5828,2833.84,701.087
5479,52,101,28.1937,2724.3,714.595
5480,52,102,26.1926,2861.04,728.291
5481,52,103,24.0737,3006.54,742.086
5482,52,104,26.2766,2854.54,755.98
5483,52,105,24.3985,2984.75,769.719
5484,52,106,22.0894,3145.62,783.806
5485,52,107,23.4221,3052.33,797.305
5486,52,108,24.6198,2968.09,810.753
5487,52,109,21.3115,3201.88,826.259
5488,52,110,19.2462,3348.51,840.402
5489,52,111,23.863,3019.18,858.609
5490,52,112,20.7522,3242.12,874.184
5491,52,113,23.3107,3057.91,889.103
5492,52,114,21.8638,3162.57,902.937
5493,52,115,20.4347,3266.42,916.79
5494,52,116,22.4689,3117.92,931.324
5495,52,117,20.9261,3231.06,945.365
5496,52,118,19.316,3349.67,959.528
5497,52,119,20.8159,3238.68,973.619
5498,52,120,22.0909,3143.9,987.515
5499,52,121,19.8476,3311.4,1002.86
5500,52,122,18.9843,3376.15,1016.45
5501,52,123,21.5069,3186.11,1032.65
5502,52,124,19.7138,3321.8,1047.47
5503,52,125,21.7983,3163.37,1062.94
5504,52,126,20.6697,3249.52,1076.91
5505,52,127,19.9825,3302.21,1090.48
5506,52,128,21.7698,3164.58,1105.65
5507,52,129,20.5499,3258.92,1119.86
5508,52,130,19.6537,3328.52,1133.69
5509,52,131,21.1554,3211.4,1148.53
5510,52,132,22.3967,3114.16,1162.93
5511,52,133,20.8835,3233.2,1177.95
5512,53,57,-78.678,8672.32,73.3931
5513,53,58,-177.835,14059.8,85.0312
5514,53,59,-10.6329,4919.47,99.5484
5515,53,60,41.2757,2064.5,111.24
5516,53,61,-23.096,5626.4,124.511
5517,53,62,-36.9836,6399.48,136.817
5518,53,63,76.0369,70.3265,155.382
5519,53,64,23.7835,3013.94,169.547
5520,53,65,69.5595,419.965,183.798
5521,53,66,30.3301,2656.04,197.033
5522,53,67,17.2112,3408.19,210.015
5523,53,68,45.5782,1772.36,224.129
5524,53,69,23.9638,3025.99,237.897
5525,53,70,9.15226,3890,251.251
5526,53,71,26.1968,2890.05,265.003
5527,53,72,34.5131,2399.39,278.026
5528,53,73,18.8634,3327.94,292.063
5529,53,74,11.3749,3774.76,305.136
5530,53,75,45.1319,1749.33,325.816
5531,53,76,35.9533,2303.11,339.4
5532,53,77,49.0926,1505.99,353.837
5533,53,78,37.4366,2217.01,368.159
5534,53,79,32.6244,2512.16,381.416
5535,53,80,38.7712,2133.1,394.899
5536,53,81,30.716,2632.53,408.885
5537,53,82,25.0485,2985.8,422.426
5538,53,83,26.76,2878.54,435.42
5539,53,84,31.5615,2576.05,448.902
5540,53,85,24.3405,3033.38,463.279
5541,53,86,18.0967,3430.91,477.424
5542,53,87,34.1487,2403.58,498.615
5543,53,88,28.4843,2767.99,512.777
5544,53,89,34.1726,2400.14,527.069
5545,53,90,29.5737,2699.07,541.046
5546,53,91,26.9485,2870.58,554.479
5547,53,92,29.9722,2672.02,568.047
5548,53,93,27.0444,2865.26,581.626
5549,53,94,23.1341,3124.65,595.672
5550,53,95,25.6445,2957.29,609.19
5551,53,96,27.5342,2830.67,622.532
5552,53,97,23.3543,3112.12,637.079
5553,53,98,19.1567,3396.16,651.77
5554,53,99,27.4815,2830.07,671.399
5555,53,100,22.9799,3137.68,686.538
5556,53,101,24.8036,3012.45,700.094
5557,53,102,22.8581,3146.69,713.724
5558,53,103,20.7868,3290.3,727.446
5559,53,104,23.2009,3122.12,741.417
5560,53,105,21.3679,3250.43,755.087
5561,53,106,19.0857,3410.95,769.088
5562,53,107,20.576,3305.63,782.635
5563,53,108,21.9181,3210.34,796.125
5564,53,109,18.5886,3447.85,811.512
5565,53,110,16.5459,3594.24,825.569
5566,53,111,21.4107,3243.97,844.001
5567,53,112,18.2781,3470.57,859.465
5568,53,113,21.0015,3272.67,874.49
5569,53,114,19.5824,3376.26,888.266
5570,53,115,18.1804,3479.08,902.059
5571,53,116,20.3486,3319.35,916.68
5572,53,117,18.8236,3432.2,930.657
5573,53,118,17.2284,3550.77,944.749
5574,53,119,18.8354,3430.79,958.908
5575,53,120,20.2061,3327.98,972.859
5576,53,121,17.9525,3497.76,988.114
5577,53,122,17.1187,3560.85,1001.66
5578,53,123,19.7649,3359.74,1017.99
5579,53,124,17.9703,3496.73,1032.73
5580,53,125,20.1597,3328.87,1048.3
5581,53,126,19.0449,3414.71,1062.22
5582,53,127,18.3826,3465.92,1075.75
5583,53,128,20.2591,3320.18,1091.01
5584,53,129,19.0468,3414.75,1105.17
5585,53,130,18.1662,3483.73,1118.95
5586,53,131,19.7435,3359.64,1133.87
5587,53,132,21.0512,3256.34,1148.33
5588,53,133,19.5338,3376.72,1163.28
5589,54,58,-75.204,8244.1,73.3651
5590,54,59,113.522,-2198.73,86.0531
5591,54,60,144.789,-3939.25,98.4011
5592,54,61,38.4457,2015.95,111.325
5593,54,62,7.796,3742.55,123.802
5594,54,63,134.465,-3435.34,141.405
5595,54,64,62.0875,690.162,156.057
5596,54,65,109.109,-2005.73,169.934
5597,54,66,57.7596,955.411,184.538
5598,54,67,38.8481,2052.28,196.659
5599,54,68,68.1124,345.19,210.517
5600,54,69,40.9795,1936.99,224.509
5601,54,70,22.4235,3031.79,238.015
5602,54,71,39.8874,1995.6,251.608
5603,54,72,47.6379,1533.15,264.553
5604,54,73,29.1107,2644.78,278.776
5605,54,74,19.9331,3198.5,291.951
5606,54,75,55.9809,1011.6,312.123
5607,54,76,45.0608,1677.73,325.825
5608,54,77,58.5361,851.241,340.099
5609,54,78,45.1921,1674.12,354.568
5610,54,79,39.4132,2032.42,367.899
5611,54,80,45.5125,1652.23,381.313
5612,54,81,36.4003,2223.26,395.409
5613,54,82,29.95,2629.63,409.031
5614,54,83,31.4488,2534.7,422.022
5615,54,84,36.2575,2228.54,435.445
5616,54,85,28.2918,2738.35,449.92
5617,54,86,21.43,3179.79,464.146
5618,54,87,38.2302,2093.38,485.003
5619,54,88,32.0089,2497.77,499.241
5620,54,89,37.8174,2118.27,513.454
5621,54,90,32.7729,2449.53,527.5
5622,54,91,29.8411,2643.03,540.981
5623,54,92,32.8716,2442.01,554.515
5624,54,93,29.6524,2656.62,568.146
5625,54,94,25.4241,2939.92,582.25
5626,54,95,27.945,2770.18,595.741
5627,54,96,29.8157,2643.59,609.065
5628,54,97,25.3421,2947.8,623.672
5629,54,98,20.8695,3253.42,638.415
5630,54,99,29.4818,2662.05,657.841
5631,54,100,24.7035,2991.75,673.033
5632,54,101,26.5314,2865.01,686.573
5633,54,102,24.436,3011,700.24
5634,54,103,22.2187,3166.21,714
5635,54,104,24.6713,2993.71,727.938
5636,54,105,22.7113,3132.21,741.644
5637,54,106,20.2922,3303.97,755.681
5638,54,107,21.7931,3196.91,769.215
5639,54,108,23.1398,3100.4,782.693
5640,54,109,19.6476,3351.83,798.116
5641,54,110,17.4962,3507.45,812.205
5642,54,111,22.496,3144.13,830.507
5643,54,112,19.2203,3383.26,846.003
5644,54,113,22.0031,3179.18,860.978
5645,54,114,20.5047,3289.57,874.783
5646,54,115,19.0276,3398.87,888.603
5647,54,116,21.2378,3234.58,903.187
5648,54,117,19.6374,3354.08,917.191
5649,54,118,17.9681,3479.28,931.31
5650,54,119,19.6013,3356.24,945.445
5651,54,120,20.9901,3251.15,959.377
5652,54,121,18.6471,3429.22,974.658
5653,54,122,17.769,3496.25,988.227
5654,54,123,20.4722,3289,1004.48
5655,54,124,18.6072,3432.61,1019.26
5656,54,125,20.8397,3259.96,1034.77
5657,54,126,19.6757,3350.37,1048.72
5658,54,127,18.9785,3404.75,1062.27
5659,54,128,20.8892,3255.08,1077.48
5660,54,129,19.6284,3354.26,1091.67
5661,54,130,18.7097,3426.83,1105.47
5662,54,131,20.3136,3299.6,1120.35
5663,54,132,21.6399,3193.93,1134.79
5664,54,133,20.0699,3319.53,1149.76
5665,55,59,90.102,-848.19,74.6054
5666,55,60,139.598,-3636.45,86.1239
5667,55,61,4.35429,4027.35,99.8234
5668,55,62,-25.435,5725.34,111.286
5669,55,63,136.767,-3574.25,128.712
5670,55,64,49.4538,1460.81,143.225
5671,55,65,107.321,-1895.51,157.145
5672,55,66,47.712,1581.71,171.625
5673,55,67,27.4368,2771.19,184.745
5674,55,68,62.512,701.753,197.678
5675,55,69,32.508,2481.99,211.584
5676,55,70,12.6915,3664.37,225.027
5677,55,71,33.3549,2424.57,238.713
5678,55,72,42.6924,1861.21,251.729
5679,55,73,22.7356,3071.92,265.845
5680,55,74,13.2777,3648.85,278.986
5681,55,75,53.3925,1188.47,299.063
5682,55,76,41.715,1908.59,312.747
5683,55,77,56.653,982.433,327.05
5684,55,78,42.3539,1873.74,341.462
5685,55,79,36.3397,2250.63,354.795
5686,55,80,43.1446,1821.93,368.257
5687,55,81,33.5329,2430.67,382.305
5688,55,82,26.8266,2857.63,395.899
5689,55,83,28.6442,2741.3,408.93
5690,55,84,33.9605,2399.29,422.4
5691,55,85,25.629,2938.06,436.803
5692,55,86,18.5048,3401.13,450.96
5693,55,87,36.5005,2225.42,471.768
5694,55,88,30.0149,2651.3,485.968
5695,55,89,36.2694,2238.51,500.215
5696,55,90,31.0306,2586.02,514.234
5697,55,91,28.0345,2785.75,527.709
5698,55,92,31.3196,2565.65,541.281
5699,55,93,28.0149,2788.17,554.898
5700,55,94,23.657,3083.05,568.963
5701,55,95,26.3871,2897.4,582.492
5702,55,96,28.421,2758.42,595.848
5703,55,97,23.8042,3075.44,610.401
5704,55,98,19.1983,3393.25,625.081
5705,55,99,28.2676,2764.44,644.501
5706,55,100,23.3344,3108.13,659.631
5707,55,101,25.2983,2970.65,673.202
5708,55,102,23.167,3120.56,686.857
5709,55,103,20.911,3279.98,700.599
5710,55,104,23.514,3095.17,714.571
5711,55,105,21.5225,3237.22,728.261
5712,55,106,19.0561,3413.98,742.27
5713,55,107,20.6602,3298.49,755.834
5714,55,108,22.0987,3194.43,769.34
5715,55,109,18.5175,3454.67,784.697
5716,55,110,16.3296,3614.39,798.754
5717,55,111,21.5457,3231.87,817.074
5718,55,112,18.1899,3479.09,832.508
5719,55,113,21.102,3263.59,847.512
5720,55,114,19.5836,3376.46,861.303
5721,55,115,18.0883,3488.1,875.108
5722,55,116,20.4001,3314.72,889.72
5723,55,117,18.7754,3437.11,903.704
5724,55,118,17.0809,3565.33,917.798
5725,55,119,18.7917,3435.31,931.962
5726,55,120,20.2471,3324.21,945.92
5727,55,121,17.8564,3507.51,961.152
5728,55,122,16.9757,3575.32,974.713
5729,55,123,19.7803,3358.43,990.995
5730,55,124,17.8817,3505.89,1005.73
5731,55,125,20.1975,3325.25,1021.27
5732,55,126,19.019,3417.56,1035.2
5733,55,127,18.3207,3472.5,1048.75
5734,55,128,20.3008,3316.07,1063.99
5735,55,129,19.0221,3417.52,1078.15
5736,55,130,18.0952,3491.36,1091.94
5737,55,131,19.7567,3358.44,1106.84
5738,55,132,21.1313,3248.01,1121.31
5739,55,133,19.5344,3376.83,1136.24
5740,56,60,11.004,3907.72,74.1434
5741,56,61,-126.456,11788.8,86.2106
5742,56,62,-127.382,11842.2,98.5
5743,56,63,100.857,-1395.72,115.734
5744,56,64,2.121,4363.89,129.899
5745,56,65,81.0287,-265.36,144.06
5746,56,66,15.3616,3609,158.262
5747,56,67,-2.90098,4692.58,171.304
5748,56,68,42.2377,1999.31,185.462
5749,56,69,10.8438,3882.94,198.182
5750,56,70,-8.72636,5063.67,211.481
5751,56,71,17.1971,3490.98,225.362
5752,56,72,29.5341,2738.42,238.487
5753,56,73,8.82192,4008.77,252.413
5754,56,74,-0.166947,4563.09,265.464
5755,56,75,45.3038,1743.9,285.746
5756,56,76,33.2845,2493.1,299.365
5757,56,77,50.3469,1423.86,313.767
5758,56,78,35.3528,2368.49,328.068
5759,56,79,29.4208,2744.18,341.371
5760,56,80,37.3236,2241.04,354.912
5761,56,81,27.4203,2874.85,368.868
5762,56,82,20.67,3309.11,382.397
5763,56,83,23.0573,3154.74,395.47
5764,56,84,29.1255,2760.31,409.018
5765,56,85,20.5609,3319.86,423.306
5766,56,86,13.3041,3796.39,437.357
5767,56,87,32.7495,2512.99,458.282
5768,56,88,26.0982,2954.19,472.413
5769,56,89,32.9509,2497.35,486.729
5770,56,90,27.6024,2855.7,500.693
5771,56,91,24.6304,3055.81,514.144
5772,56,92,28.277,2809.06,527.769
5773,56,93,24.9585,3034.71,541.35
5774,56,94,20.5339,3337.06,555.352
5775,56,95,23.5567,3129.5,568.933
5776,56,96,25.8279,2972.79,582.333
5777,56,97,21.1147,3299.57,596.804
5778,56,98,16.4196,3626.66,611.395
5779,56,99,26.0275,2954.11,630.903
5780,56,100,20.9746,3309.5,645.947
5781,56,101,23.1265,3157.43,659.559
5782,56,102,20.9969,3308.63,673.186
5783,56,103,18.7373,3469.81,686.894
5784,56,104,21.5353,3269.29,700.917
5785,56,105,19.5433,3412.72,714.577
5786,56,106,17.0578,3592.5,728.538
5787,56,107,18.8005,3465.87,742.142
5788,56,108,20.3634,3351.77,755.686
5789,56,109,16.7138,3619.41,770.955
5790,56,110,14.5119,3781.61,784.963
5791,56,111,19.9793,3377.03,803.364
5792,56,112,16.5606,3631.15,818.717
5793,56,113,19.6293,3402.02,833.777
5794,56,114,18.1094,3516.01,847.541
5795,56,115,16.6134,3628.71,861.317
5796,56,116,19.0494,3444.39,875.979
5797,56,117,17.4159,3568.54,889.929
5798,56,118,15.7107,3698.7,903.985
5799,56,119,17.5178,3560.16,918.192
5800,56,120,19.0572,3441.62,932.188
5801,56,121,16.63,3629.32,947.354
5802,56,122,15.7597,3696.92,960.898
5803,56,123,18.6825,3468.94,977.236
5804,56,124,16.7607,3619.48,991.921
5805,56,125,19.1747,3429.57,1007.51
5806,56,126,17.9919,3523.02,1021.42
5807,56,127,17.3027,3577.69,1034.95
5808,56,128,19.3649,3413.41,1050.23
5809,56,129,18.0769,3516.45,1064.37
5810,56,130,17.1506,3590.86,1078.13
5811,56,131,18.8806,3451.3,1093.08
5812,56,132,20.3137,3335.22,1107.58
5813,56,133,18.6968,3466.73,1122.47
5814,57,61,124.758,-3200.35,72.333
5815,57,62,39.7851,1756.4,83.7187
5816,57,63,285.474,-12657.3,100.827
5817,57,64,115.899,-2652.43,115.286
5818,57,65,187.058,-6874.52,128.798
5819,57,66,87.0516,-907.472,143.808
5820,57,67,52.434,1169.59,157.04
5821,57,68,95.8733,-1451.25,170.755
5822,57,69,51.3979,1246.92,184.888
5823,57,70,23.2386,2964.64,197.428
5824,57,71,48.3566,1424.07,211.007
5825,57,72,58.3407,808.381,223.946
5826,57,73,31.8028,2453.73,238.223
5827,57,74,19.2617,3235.46,251.413
5828,57,75,67.4738,214.171,271.158
5829,57,76,52.0355,1186.78,284.961
5830,57,77,68.9371,116.347,299.113
5831,57,78,50.8899,1265.35,313.677
5832,57,79,43.091,1764.48,327.075
5833,57,80,50.5132,1286.99,340.482
5834,57,81,38.7624,2046.87,354.623
5835,57,82,30.6205,2576.1,368.275
5836,57,83,32.4475,2456.73,381.305
5837,57,84,38.2784,2073.84,394.733
5838,57,85,28.4919,2719.75,409.206
5839,57,86,20.2225,3268.28,423.403
5840,57,87,40.4762,1918.04,443.973
5841,57,88,32.9263,2423.88,458.232
5842,57,89,39.7805,1962.36,472.42
5843,57,90,33.7156,2372.75,486.494
5844,57,91,30.2244,2610.16,500.007
5845,57,92,33.7629,2368.36,513.559
5846,57,93,29.9685,2628.91,527.215
5847,57,94,25.0473,2968.47,541.315
5848,57,95,27.9936,2764.19,554.833
5849,57,96,30.1565,2613.51,568.181
5850,57,97,25.0023,2974.31,582.767
5851,57,98,19.8985,3333.27,597.466
5852,57,99,29.7915,2634.17,616.742
5853,57,100,24.3378,3021.38,631.896
5854,57,101,26.4359,2871.72,645.465
5855,57,102,24.0697,3041.29,659.145
5856,57,103,21.5833,3220.32,672.908
5857,57,104,24.3792,3018.07,686.868
5858,57,105,22.1899,3177.17,700.579
5859,57,106,19.4991,3373.6,714.603
5860,57,107,21.2144,3247.81,728.168
5861,57,108,22.7446,3135.08,741.675
5862,57,109,18.8674,3421.99,757.036
5863,57,110,16.5042,3597.66,771.101
5864,57,111,22.0979,3180,789.342
5865,57,112,18.4815,3451.23,804.775
5866,57,113,21.5905,3217.02,819.756
5867,57,114,19.9505,3341.11,833.562
5868,57,115,18.3414,3463.4,847.38
5869,57,116,20.801,3275.65,861.977
5870,57,117,19.0565,3409.4,875.974
5871,57,118,17.2434,3549,890.076
5872,57,119,19.0592,3408.59,904.235
5873,57,120,20.5985,3289.03,918.19
5874,57,121,18.0493,3487.87,933.421
5875,57,122,17.1095,3561.49,946.994
5876,57,123,20.0793,3327.86,963.239
5877,57,124,18.0599,3487.39,977.978
5878,57,125,20.5063,3293.32,993.493
5879,57,126,19.2516,3393.27,1007.44
5880,57,127,18.5075,3452.8,1020.99
5881,57,128,20.5935,3285.22,1036.21
5882,57,129,19.2366,3394.68,1050.38
5883,57,130,18.2538,3474.28,1064.18
5884,57,131,20.0006,3332.21,1079.07
5885,57,132,21.4419,3214.5,1093.52
5886,57,133,19.7537,3352.94,1108.47
5887,58,62,-46.152,6969.92,72.3249
5888,58,63,310.078,-14166.4,88.1731
5889,58,64,85.0243,-738.184,103.362
5890,58,65,181.691,-6538.21,115.981
5891,58,66,60.654,764.379,130.745
5892,58,67,24.3924,2964.25,143.934
5893,58,68,80.8282,-478.334,157.8
5894,58,69,31.4478,2550.33,171.769
5895,58,70,2.02549,4364.71,185.19
5896,58,71,33.7622,2397.03,197.926
5897,58,72,47.0235,1570.41,210.962
5898,58,73,18.583,3352.68,225.063
5899,58,74,6.12176,4137.74,238.182
5900,58,75,61.1507,652.571,257.974
5901,58,76,44.7529,1696.56,271.728
5902,58,77,64.073,460.081,285.949
5903,58,78,44.7702,1701.89,300.414
5904,58,79,36.8187,2216.09,313.794
5905,58,80,45.4317,1656.25,327.27
5906,58,81,33.1252,2460.27,341.33
5907,58,82,24.7828,3008.09,354.927
5908,58,83,27.1994,2848.59,368.001
5909,58,84,33.851,2407.37,381.499
5910,58,85,23.6817,3085.32,395.865
5911,58,86,15.1738,3655.35,409.965
5912,58,87,37.1142,2178.03,430.583
5913,58,88,29.2942,2707.19,444.781
5914,58,89,36.8038,2196.53,459.028
5915,58,90,30.5517,2623.76,473.054
5916,58,91,27.0413,2864.81,486.549
5917,58,92,30.9638,2594.15,500.151
5918,58,93,27.1141,2861.06,513.778
5919,58,94,22.0813,3211.69,527.821
5920,58,95,25.3387,2983.66,541.387
5921,58,96,27.7487,2814.16,554.777
5922,58,97,22.4571,3188.1,569.288
5923,58,98,17.2286,3559.33,583.904
5924,58,99,27.7197,2810.96,603.234
5925,58,100,22.1088,3213.08,618.307
5926,58,101,24.4035,3047.85,631.915
5927,58,102,22.0226,3220.08,645.573
5928,58,103,19.517,3402.15,659.307
5929,58,104,22.5199,3182.94,673.313
5930,58,105,20.3168,3344.5,686.998
5931,58,106,17.5926,3545.18,700.98
5932,58,107,19.4527,3407.53,714.584
5933,58,108,21.1121,3284.18,728.125
5934,58,109,17.1486,3580.13,743.404
5935,58,110,14.761,3759.19,757.425
5936,58,111,20.6265,3317.33,775.725
5937,58,112,16.9321,3596.87,791.083
5938,58,113,20.2074,3347.95,806.111
5939,58,114,18.5584,3473.82,819.895
5940,58,115,16.9419,3597.76,833.688
5941,58,116,19.5323,3398.3,848.329
5942,58,117,17.7719,3534.43,862.296
5943,58,118,15.9415,3676.59,876.364
5944,58,119,17.8578,3527.12,890.562
5945,58,120,19.4841,3399.72,904.552
5946,58,121,16.8901,3603.79,919.721
5947,58,122,15.9571,3677.5,933.281
5948,58,123,19.0518,3431.98,949.572
5949,58,124,17.0028,3595.22,964.265
5950,58,125,19.5522,3391.27,979.82
5951,58,126,18.2888,3492.76,993.741
5952,58,127,17.5509,3552.28,1007.29
5953,58,128,19.7227,3376.37,1022.54
5954,58,129,18.3522,3487.83,1036.69
5955,58,130,17.3668,3568.31,1050.47
5956,58,131,19.1847,3419.24,1065.4
5957,58,132,20.6863,3295.61,1079.88
5958,58,133,18.9735,3437.2,1094.78
5959,59,63,189.108,-6706.57,76.0576
5960,59,64,-70.6406,8964.93,89.4233
5961,59,65,98.1214,-1273.3,103.541
5962,59,66,-32.2829,6681.36,116.739
5963,59,67,-55.95,8132.94,129.722
5964,59,68,27.8415,2965.8,144.049
5965,59,69,-20.8833,5986.74,157.667
5966,59,70,-46.4874,7582.73,170.817
5967,59,71,-2.40462,4820.21,184.925
5968,59,72,17.9178,3539.89,197.118
5969,59,73,-10.434,5335.51,210.908
5970,59,74,-20.8257,5997.12,223.855
5971,59,75,43.8475,1858.03,244.283
5972,59,76,27.5503,2906.48,257.909
5973,59,77,50.7148,1408.51,272.309
5974,59,78,30.8176,2701.83,286.593
5975,59,79,23.4376,3183.99,299.901
5976,59,80,34.0501,2487.1,313.491
5977,59,81,21.6631,3304.64,327.403
5978,59,82,13.5808,3840.77,340.888
5979,59,83,17.0868,3607.03,354.006
5980,59,84,25.028,3074.98,367.617
5981,59,85,14.759,3766.42,381.816
5982,59,86,6.28069,4340.12,395.762
5983,59,87,30.3476,2703.57,416.72
5984,59,88,22.4573,3242.74,430.813
5985,59,89,30.8925,2663.53,445.17
5986,59,90,24.6191,3096.39,459.108
5987,59,91,21.2555,3329.6,472.554
5988,59,92,25.7491,3016.54,486.23
5989,59,93,21.9774,3280.56,499.794
5990,59,94,16.9503,3634.13,513.743
5991,59,95,20.6612,3371.9,527.379
5992,59,96,23.4442,3174.3,540.824
5993,59,97,18.102,3555.38,555.223
5994,59,98,12.8298,3933.22,569.72
5995,59,99,24.0473,3125.56,589.259
5996,59,100,18.344,3538.1,604.219
5997,59,101,20.9206,3350.87,617.879
5998,59,102,18.5897,3521.02,631.491
5999,59,103,16.1254,3701.74,645.171
6000,59,104,19.4063,3460.05,659.25
6001,59,105,17.2419,3620.21,672.886
6002,59,106,14.5323,3821.62,686.801
6003,59,107,16.5933,3667.74,700.455
6004,59,108,18.4334,3529.73,714.044
6005,59,109,14.4195,3832.11,729.213
6006,59,110,12.0451,4011.77,743.167
6007,59,111,18.2344,3541.39,761.625
6008,59,112,14.4918,3827.08,776.883
6009,59,113,17.9749,3560.03,791.997
6010,59,114,16.3468,3685.4,805.74
6011,59,115,14.7511,3808.8,819.49
6012,59,116,17.5064,3594.81,834.205
6013,59,117,15.755,3731.41,848.123
6014,59,118,13.9308,3874.31,862.138
6015,59,119,15.9759,3713.43,876.396
6016,59,120,17.7154,3576.01,890.436
6017,59,121,15.0951,3783.88,905.525
6018,59,122,14.189,3856.07,919.056
6019,59,123,17.4334,3596.52,935.442
6020,59,124,15.3713,3762.17,950.07
6021,59,125,18.0455,3546.45,965.703
6022,59,126,16.7893,3648.21,979.586
6023,59,127,16.0735,3706.42,993.112
6024,59,128,18.3495,3520.55,1008.44
6025,59,129,16.9791,3632.92,1022.54
6026,59,130,16.0045,3713.17,1036.29
6027,59,131,17.9096,3555.68,1051.28
6028,59,132,19.4861,3424.83,1065.81
6029,59,133,17.7597,3568.69,1080.65
6030,60,64,28.662,2741.96,77.2524
6031,60,65,220.577,-9028.83,89.9734
6032,60,66,17.9271,3467.92,104.545
6033,60,67,-24.2093,6080.38,116.685
6034,60,68,71.149,136.377,130.746
6035,60,69,4.01782,4343.26,144.565
6036,60,70,-30.7691,6534.84,157.848
6037,60,71,18.0411,3443.53,171.792
6038,60,72,38.3446,2150.87,184.922
6039,60,73,3.0244,4411.36,197.869
6040,60,74,-10.5474,5284.48,210.912
6041,60,75,60.9252,662.587,230.706
6042,60,76,40.7016,1977.12,244.456
6043,60,77,64.9787,391.019,258.696
6044,60,78,41.4856,1933.73,273.12
6045,60,79,32.3008,2539.93,286.507
6046,60,80,43.0798,1824.92,300.04
6047,60,81,28.7459,2780.51,314.052
6048,60,82,19.3448,3410.39,327.614
6049,60,83,22.6628,3186.98,340.737
6050,60,84,30.7931,2636.83,354.295
6051,60,85,19.2907,3418.99,368.577
6052,60,86,9.84872,4064.19,382.589
6053,60,87,35.3798,2311.06,403.175
6054,60,88,26.5983,2916.98,417.338
6055,60,89,35.3198,2312.29,431.621
6056,60,90,28.3561,2797.43,445.624
6057,60,91,24.5486,3063.95,459.118
6058,60,92,29.115,2742.78,472.765
6059,60,93,24.9235,3038.98,486.38
6060,60,94,19.4408,3428.26,500.381
6061,60,95,23.2195,3158.71,513.994
6062,60,96,26.0146,2958.39,527.424
6063,60,97,20.256,3373.01,541.875
6064,60,98,14.6029,3781.92,556.415
6065,60,99,26.2926,2932.46,575.74
6066,60,100,20.2016,3377.11,590.744
6067,60,101,22.8125,3185.65,604.391
6068,60,102,20.2852,3371.82,618.039
6069,60,103,17.6317,3568.18,631.755
6070,60,104,20.9915,3318.44,645.803
6071,60,105,18.6641,3492.22,659.474
6072,60,106,15.7787,3708.62,673.422
6073,60,107,17.8736,3550.8,687.066
6074,60,108,19.7366,3409.84,700.644
6075,60,109,15.51,3731.06,715.843
6076,60,110,12.9997,3922.68,729.825
6077,60,111,19.3903,3432.73,748.149
6078,60,112,15.4628,3735.15,763.433
6079,60,113,19.0391,3458.59,778.497
6080,60,114,17.313,3592.64,792.268
6081,60,115,15.6258,3724.24,806.044
6082,60,116,18.4471,3503.24,820.722
6083,60,117,16.6029,3648.32,834.667
6084,60,118,14.6881,3799.59,848.706
6085,60,119,16.7761,3633.94,862.942
6086,60,120,18.5464,3492.91,876.964
6087,60,121,15.8148,3711.44,892.075
6088,60,122,14.8571,3788.37,905.628
6089,60,123,18.182,3520.16,921.946
6090,60,124,16.0334,3694.2,936.597
6091,60,125,18.7686,3471.74,952.178
6092,60,126,17.4533,3579.15,966.085
6093,60,127,16.6969,3641.17,979.63
6094,60,128,19.0208,3449.84,994.911
6095,60,129,17.5921,3567.95,1009.04
6096,60,130,16.5727,3652.55,1022.81
6097,60,131,18.515,3490.7,1037.76
6098,60,132,20.1181,3356.57,1052.26
6099,60,133,18.328,3506.94,1067.13
6100,61,65,430.158,-22372.1,77.1198
6101,61,66,90.0977,-1175.05,91.2298
6102,61,67,15.3021,3512.13,104.559
6103,61,68,124.622,-3375.03,117.406
6104,61,69,30.69,2574.01,131.433
6105,61,70,-16.3887,5571.36,144.848
6106,61,71,38.6815,2046.86,158.677
6107,61,72,58.9288,744.284,171.785
6108,61,73,15.0079,3584.5,185.867
6109,61,74,-2.21459,4703.97,198.003
6110,61,75,77.6766,-515.596,217.209
6111,61,76,52.8311,1115.93,231.077
6112,61,77,78.5374,-580.684,245.194
6113,61,78,50.9274,1250.78,259.736
6114,61,79,39.7819,1993.81,273.2
6115,61,80,50.8907,1249.52,286.704
6116,61,81,34.4478,2356.68,300.797
6117,61,82,23.6737,3085.72,314.423
6118,61,83,26.9037,2866.08,327.568
6119,61,84,35.3582,2288.36,341.098
6120,61,85,22.5704,3166.45,355.437
6121,61,86,12.1498,3885.47,369.492
6122,61,87,39.4016,1996.01,389.741
6123,61,88,29.7056,2671.5,403.957
6124,61,89,38.8143,2033.9,418.19
6125,61,90,31.1533,2572.72,432.243
6126,61,91,26.9198,2871.89,445.781
6127,61,92,31.6234,2537.93,459.416
6128,61,93,27.0258,2865.89,473.074
6129,61,94,21.0969,3290.8,487.111
6130,61,95,24.9969,3010,500.718
6131,61,96,27.8486,2803.73,514.148
6132,61,97,21.6795,3252.01,528.63
6133,61,98,15.654,3691.87,543.191
6134,61,99,27.8893,2794.62,562.33
6135,61,100,21.4139,3271.64,577.355
6136,61,101,24.093,3073.39,591.002
6137,61,102,21.3843,3274.73,604.68
6138,61,103,18.5564,3485.89,618.424
6139,61,104,22.0268,3225.6,632.457
6140,61,105,19.55,3412.19,646.154
6141,61,106,16.5006,3642.93,660.125
6142,61,107,18.654,3479.27,673.769
6143,61,108,20.562,3333.62,687.348
6144,61,109,16.1292,3673.47,702.555
6145,61,110,13.4938,3876.4,716.555
6146,61,111,20.1156,3364.31,734.768
6147,61,112,16.0092,3683.24,750.058
6148,61,113,19.6997,3395.38,765.088
6149,61,114,17.8853,3537.51,778.879
6150,61,115,16.116,3676.7,792.676
6151,61,116,19.0204,3447.25,807.33
6152,61,117,17.0914,3600.28,821.293
6153,61,118,15.0938,3759.43,835.349
6154,61,119,17.2388,3587.83,849.573
6155,61,120,19.0527,3442.11,863.587
6156,61,121,16.2149,3671.02,878.705
6157,61,122,15.2134,3752.14,892.276
6158,61,123,18.6325,3474.06,908.542
6159,61,124,16.4028,3656.15,923.204
6160,61,125,19.2107,3425.9,938.748
6161,61,126,17.8421,3538.58,952.671
6162,61,127,17.0516,3603.93,966.234
6163,61,128,19.4334,3406.24,981.483
6164,61,129,17.9514,3529.75,995.625
6165,61,130,16.8926,3618.33,1009.41
6166,61,131,18.8805,3451.35,1024.34
6167,61,132,20.5181,3313.24,1038.83
6168,61,133,18.6679,3469.89,1053.7
6169,62,66,-121.152,12485.8,78.3111
6170,62,67,-150.463,14342.1,90.4948
6171,62,68,37.4529,2378.15,104.834
6172,62,69,-58.17,8498.01,117.508
6173,62,70,-95.964,10929.4,130.686
6174,62,71,-13.9647,5626.8,144.921
6175,62,72,19.536,3449.26,158.201
6176,62,73,-25.1396,6368.06,171.978
6177,62,74,-38.8352,7267.41,184.974
6178,62,75,57.7006,896.044,203.655
6179,62,76,32.2059,2587.2,217.412
6180,62,77,63.7035,487.353,231.682
6181,62,78,34.5904,2437.93,246.054
6182,62,79,24.0218,3149.55,259.463
6183,62,80,37.9589,2206.47,273.077
6184,62,81,21.1649,3348.47,287.034
6185,62,82,10.6297,4068.37,300.563
6186,62,83,15.3392,3744.98,313.762
6187,62,84,25.5344,3041.51,327.403
6188,62,85,12.4996,3945.26,341.585
6189,62,86,2.05108,4673.18,355.498
6190,62,87,32.176,2564.43,376.004
6191,62,88,22.297,3259.25,390.125
6192,62,89,32.5855,2532.2,404.458
6193,62,90,24.8258,3083.14,418.434
6194,62,91,20.7318,3375.18,431.933
6195,62,92,26.1381,2987.73,445.64
6196,62,93,21.596,3314.76,459.246
6197,62,94,15.6368,3745.8,473.199
6198,62,95,20.0874,3422.39,486.875
6199,62,96,23.3826,3181.84,500.36
6200,62,97,17.1189,3641.18,514.739
6201,62,98,11.0142,4090.89,529.189
6202,62,99,24.1377,3119.76,548.491
6203,62,100,17.5226,3611.48,563.411
6204,62,101,20.5302,3386.91,577.11
6205,62,102,17.8632,3586.93,590.75
6206,62,103,15.0683,3797.49,604.448
6207,62,104,18.8624,3510.4,618.549
6208,62,105,16.4168,3696.27,632.205
6209,62,106,13.3711,3928.75,646.117
6210,62,107,15.7542,3746.05,659.812
6211,62,108,17.8668,3583.38,673.437
6212,62,109,13.3616,3931.78,688.541
6213,62,110,10.7316,4136.05,702.482
6214,62,111,17.7288,3590.27,720.822
6215,62,112,13.5549,3917.22,736.019
6216,62,113,17.4818,3608.3,751.125
6217,62,114,15.6826,3750.44,764.882
6218,62,115,13.9293,3889.53,778.642
6219,62,116,17.0189,3643.39,793.362
6220,62,117,15.0925,3797.51,807.284
6221,62,118,13.0949,3957.98,821.292
6222,62,119,15.3828,3773.42,835.572
6223,62,120,17.3211,3616.42,849.634
6224,62,121,14.4465,3850.23,864.676
6225,62,122,13.4701,3929.96,878.225
6226,62,123,17.0557,3635.94,894.57
6227,62,124,14.8052,3821.23,909.174
6228,62,125,17.7509,3577.72,924.784
6229,62,126,16.3851,3691.08,938.675
6230,62,127,15.6148,3755.28,952.222
6231,62,128,18.1106,3546.46,967.53
6232,62,129,16.6238,3671.35,981.635
6233,62,130,15.5729,3759.98,995.394
6234,62,131,17.6553,3583.67,1010.38
6235,62,132,19.3735,3437.62,1024.91
6236,62,133,17.5037,3597.18,1039.73
6237,63,67,-472.536,35491.6,76.4767
6238,63,68,-114.624,12465.9,90.9151
6239,63,69,-194.117,17606.5,104.23
6240,63,70,-207.373,18468.1,116.208
6241,63,71,-82.394,10302.8,131.064
6242,63,72,-28.5073,6764.24,144.587
6243,63,73,-72.5705,9672.42,158.092
6244,63,74,-80.6436,10207.9,170.996
6245,63,75,37.1759,2353.3,191.127
6246,63,76,10.9712,4109.02,203.808
6247,63,77,49.4998,1514.75,218.221
6248,63,78,18.5231,3610.85,232.458
6249,63,79,8.60132,4285.52,245.839
6250,63,80,25.8004,3110.25,259.565
6251,63,81,8.51842,4296.95,273.418
6252,63,82,-1.80559,5009.31,286.881
6253,63,83,4.5367,4569.58,300.148
6254,63,84,16.6408,3726.32,313.897
6255,63,85,3.24593,4663.96,327.953
6256,63,86,-7.30221,5405.85,341.753
6257,63,87,25.981,3053.84,362.411
6258,63,88,15.8186,3775.37,376.464
6259,63,89,27.349,2952.86,390.879
6260,63,90,19.4091,3521.89,404.802
6261,63,91,15.4064,3810.09,418.282
6262,63,92,21.5281,3367.28,432.055
6263,63,93,16.9904,3697.02,445.63
6264,63,94,10.9466,4138.22,459.522
6265,63,95,15.9512,3771.22,473.262
6266,63,96,19.6835,3496.27,486.8
6267,63,97,13.2733,3970.62,501.098
6268,63,98,7.0431,4433.74,515.461
6269,63,99,21.0906,3384.86,534.851
6270,63,100,14.2877,3895.07,549.686
6271,63,101,17.6154,3644.38,563.433
6272,63,102,14.9609,3845.25,577.051
6273,63,103,12.1711,4057.27,590.72
6274,63,104,16.2839,3743.33,604.879
6275,63,105,13.8445,3930.35,618.51
6276,63,106,10.7773,4166.52,632.38
6277,63,107,13.3816,3965.12,646.121
6278,63,108,15.6892,3785.9,659.788
6279,63,109,11.085,4145.03,674.808
6280,63,110,8.44019,4352.2,688.705
6281,63,111,15.8165,3771.93,707.12
6282,63,112,11.5522,4108.81,722.239
6283,63,113,15.7116,3778.83,737.401
6284,63,114,13.9113,3922.26,751.137
6285,63,115,12.1587,4062.47,764.874
6286,63,116,15.4283,3799.81,779.644
6287,63,117,13.4896,3956.19,793.538
6288,63,118,11.4779,4119.14,807.513
6289,63,119,13.9029,3921.91,821.837
6290,63,120,15.9591,3753.99,835.938
6291,63,121,13.0331,3993.92,850.919
6292,63,122,12.0714,4073.1,864.456
6293,63,123,15.8204,3763.18,880.853
6294,63,124,13.5372,3952.69,895.411
6295,63,125,16.6166,3696.07,911.065
6296,63,126,15.2436,3810.95,924.936
6297,63,127,14.4847,3874.69,938.476
6298,63,128,17.0903,3654.95,953.825
6299,63,129,15.5896,3782.01,967.903
6300,63,130,14.5382,3871.38,981.646
6301,63,131,16.7109,3685.97,996.666
6302,63,132,18.5052,3532.26,1011.23
6303,63,133,16.6073,3695.49,1026.01
6304,64,68,278.784,-13761.3,75.8664
6305,64,69,41.6571,1731,88.9974
6306,64,70,-42.75,7273.74,102.122
6307,64,71,72.3179,-320.743,115.061
6308,64,72,103.799,-2408.99,127.922
6309,64,73,24.4618,2880.15,142.183
6310,64,74,-2.72127,4701.42,155.144
6311,64,75,121.748,-3679.49,174.754
6312,64,76,78.5004,-753.092,188.796
6313,64,77,112.886,-3091.32,201.712
6314,64,78,69.3276,-114.823,216.512
6315,64,79,51.8151,1087.7,230.008
6316,64,80,65.9537,112.144,243.418
6317,64,81,42.29,1752.83,257.608
6318,64,82,27.3243,2795.43,271.242
6319,64,83,31.3878,2510.99,284.335
6320,64,84,42.0875,1758.44,297.802
6321,64,85,25.1615,2954.55,312.208
6322,64,86,11.7905,3903.89,326.261
6323,64,87,46.2562,1445.33,346.597
6324,64,88,33.6588,2348.15,360.87
6325,64,89,44.7039,1552.9,375.047
6326,64,90,34.8903,2262.75,389.151
6327,64,91,29.4958,2654.75,402.701
6328,64,92,35.068,2247.98,416.304
6329,64,93,29.3252,2669.13,429.98
6330,64,94,22.0957,3201.7,444.032
6331,64,95,26.7162,2859.78,457.62
6332,64,96,30.0224,2614.02,471.022
6333,64,97,22.6269,3166.22,485.536
6334,64,98,15.5062,3700.27,500.103
6335,64,99,29.8639,2618.65,519.257
6336,64,100,22.2191,3197.11,534.311
6337,64,101,25.3045,2962.62,547.949
6338,64,102,22.1195,3205.74,561.633
6339,64,103,18.8323,3457.76,575.378
6340,64,104,22.8208,3150.65,589.404
6341,64,105,19.9539,3372.35,603.104
6342,64,106,16.4599,3643.72,617.073
6343,64,107,18.9243,3451.5,630.714
6344,64,108,21.0881,3282,644.284
6345,64,109,16.049,3678.41,659.5
6346,64,110,13.0804,3912.93,673.49
6347,64,111,20.5707,3318.69,691.724
6348,64,112,15.9383,3687.74,707.017
6349,64,113,20.0887,3355.72,722.045
6350,64,114,18.0461,3519.8,735.84
6351,64,115,16.067,3679.45,749.635
6352,64,116,19.3126,3416.56,764.288
6353,64,117,17.1582,3591.78,778.254
6354,64,118,14.94,3772.94,792.305
6355,64,119,17.3279,3577.13,806.533
6356,64,120,19.336,3411.79,820.544
6357,64,121,16.1928,3671.63,835.665
6358,64,122,15.0913,3763.06,849.232
6359,64,123,18.8646,3448.61,865.5
6360,64,124,16.4067,3654.26,880.163
6361,64,125,19.4929,3395.02,895.702
6362,64,126,17.985,3522.18,909.629
6363,64,127,17.1167,3595.7,923.194
6364,64,128,19.7216,3374.29,938.437
6365,64,129,18.0957,3513.03,952.584
6366,64,130,16.938,3612.2,966.37
6367,64,131,19.1041,3425.92,981.295
6368,64,132,20.881,3272.51,995.773
6369,64,133,18.861,3447.58,1010.66
6370,65,69,-204.03,18355.8,75.7647
6371,65,70,-234.677,20388.8,87.4517
6372,65,71,-31.8964,6870.04,102.336
6373,65,72,33.5086,2487.91,114.452
6374,65,73,-47.839,7965.31,128.193
6375,65,74,-65.9985,9194.11,140.919
6376,65,75,92.6062,-1591.01,161.295
6377,65,76,47.0079,1524.87,175.168
6378,65,77,91.5287,-1532.23,189.266
6379,65,78,44.7986,1692.15,202.823
6380,65,79,28.2216,2841.49,216.231
6381,65,80,47.0767,1527.92,229.772
6382,65,81,22.8499,3223.8,243.774
6383,65,82,8.38136,4241.41,257.274
6384,65,83,14.8666,3783.12,270.428
6385,65,84,28.2884,2830.18,284.03
6386,65,85,11.0646,4058.8,298.232
6387,65,86,-2.24046,5012.34,312.102
6388,65,87,36.4424,2227.17,332.803
6389,65,88,23.613,3155.16,346.958
6390,65,89,36.3454,2229.94,361.253
6391,65,90,26.4198,2954.51,375.259
6392,65,91,21.2532,3333.39,388.756
6393,65,92,27.8122,2850.21,402.441
6394,65,93,22.1737,3267.47,416.048
6395,65,94,14.939,3805.24,429.997
6396,65,95,20.3194,3403.51,443.665
6397,65,96,24.2319,3110.07,457.129
6398,65,97,16.7392,3674.52,471.518
6399,65,98,9.54593,4218.81,485.955
6400,65,99,25.0647,3039.38,505.325
6401,65,100,17.2618,3635.01,520.256
6402,65,101,20.7819,3365.13,533.952
6403,65,102,17.6673,3604.95,547.589
6404,65,103,14.4399,3854.54,561.278
6405,65,104,18.8474,3512.23,575.384
6406,65,105,16.0345,3731.63,589.033
6407,65,106,12.5608,4003.74,602.931
6408,65,107,15.3211,3786.59,616.63
6409,65,108,17.7471,3594.94,630.252
6410,65,109,12.6325,4000.7,645.351
6411,65,110,9.68339,4235.64,659.27
6412,65,111,17.637,3599.35,677.667
6413,65,112,12.9338,3977.18,692.855
6414,65,113,17.3762,3618.83,707.973
6415,65,114,15.3604,3782.1,721.726
6416,65,115,13.4091,3940.81,735.478
6417,65,116,16.8817,3657.22,750.209
6418,65,117,14.7378,3833.02,764.125
6419,65,118,12.527,4015.04,778.122
6420,65,119,15.0895,3803.21,792.414
6421,65,120,17.2493,3623.94,806.479
6422,65,121,14.0689,3888.97,821.515
6423,65,122,13.0027,3978.18,835.055
6424,65,123,16.9748,3644.53,851.419
6425,65,124,14.4979,3853.41,866.016
6426,65,125,17.7479,3578.24,881.633
6427,65,126,16.2476,3705.77,895.523
6428,65,127,15.4069,3777.5,909.067
6429,65,128,18.1466,3542.8,924.38
6430,65,129,16.5191,3682.77,938.483
6431,65,130,15.3742,3781.62,952.239
6432,65,131,17.6516,3584.24,967.225
6433,65,132,19.5235,3421.38,981.754
6434,65,133,17.4842,3599.48,996.578
6435,66,70,9.42,3627.42,74.0428
6436,66,71,198.429,-9099.16,86.6984
6437,66,72,216.714,-10336.4,99.0953
6438,66,73,69.2279,-307.414,113.229
6439,66,74,21.018,2986.93,126.172
6440,66,75,193.94,-8887.08,145.708
6441,66,76,121.627,-3897.46,160.111
6442,66,77,161.131,-6636.43,173.763
6443,66,78,96.5041,-2134.05,188.951
6444,66,79,70.1724,-290.84,201.542
6445,66,80,85.9481,-1400.39,214.856
6446,66,81,53.8339,869.005,229.196
6447,66,82,34.0181,2275.93,242.884
6448,66,83,38.3754,1965.11,255.948
6449,66,84,50.7354,1079.31,269.348
6450,66,85,29.5445,2605.05,283.848
6451,66,86,13.2123,3786.42,297.93
6452,66,87,54.007,822.001,318.153
6453,66,88,38.5346,1951.48,332.499
6454,66,89,51.0846,1031.16,346.613
6455,66,90,39.1859,1907.69,360.779
6456,66,91,32.6398,2392.1,374.359
6457,66,92,38.8412,1931.13,387.937
6458,66,93,32.0121,2441.04,401.645
6459,66,94,23.6,3071.94,415.726
6460,66,95,28.7617,2683.1,429.298
6461,66,96,32.382,2409.16,442.684
6462,66,97,23.9116,3052.92,457.232
6463,66,98,15.8477,3668.46,471.812
6464,66,99,31.9086,2437.12,490.895
6465,66,100,23.2687,3102.39,505.976
6466,66,101,26.6507,2840.85,519.609
6467,66,102,23.0505,3120.46,533.31
6468,66,103,19.3699,3407.55,547.067
6469,66,104,23.7506,3064.4,561.084
6470,66,105,20.5519,3316.03,574.796
6471,66,106,16.6884,3621.25,588.772
6472,66,107,19.3836,3407.43,602.412
6473,66,108,21.7335,3220.22,615.979
6474,66,109,16.2052,3662.49,631.202
6475,66,110,12.9662,3922.68,645.191
6476,66,111,21.1229,3264.71,663.395
6477,66,112,16.0712,3673.89,678.689
6478,66,113,20.568,3308.16,693.705
6479,66,114,18.3397,3490.14,707.509
6480,66,115,16.1911,3666.32,721.311
6481,66,116,19.6908,3378.18,735.956
6482,66,117,17.3564,3571.16,749.929
6483,66,118,14.9634,3769.78,763.984
6484,66,119,17.5305,3555.85,778.211
6485,66,120,19.6801,3376,792.219
6486,66,121,16.2994,3659.98,807.341
6487,66,122,15.1175,3759.65,820.914
6488,66,123,19.1536,3417.93,837.163
6489,66,124,16.5189,3641.88,851.83
6490,66,125,19.8098,3361.05,867.353
6491,66,126,18.1928,3499.58,881.288
6492,66,127,17.2622,3579.61,894.86
6493,66,128,20.03,3340.66,910.089
6494,66,129,18.2928,3491.21,924.244
6495,66,130,17.058,3598.64,938.037
6496,66,131,19.3534,3398.17,952.951
6497,66,132,21.2304,3233.62,967.419
6498,66,133,19.081,3422.77,982.312
6499,67,71,90.648,-1590.44,74.8236
6500,67,72,150.955,-5711.41,86.4238
6501,67,73,-19.8814,6019.35,100.811
6502,67,74,-57.8664,8640.31,112.467
6503,67,75,171.013,-7228.66,132.505
6504,67,76,88.8225,-1502.73,146.717
6505,67,77,141.474,-5188.33,160.524
6506,67,78,69.3516,-115.722,175.432
6507,67,79,43.1463,1736.12,188.927
6508,67,80,65.0364,181.92,201.37
6509,67,81,31.4286,2579.28,215.501
6510,67,82,11.9365,3976.22,229.046
6511,67,83,19.4043,3438.53,242.174
6512,67,84,35.2454,2292.69,255.712
6513,67,85,13.4545,3876.16,269.99
6514,67,86,-2.90192,5070.18,283.877
6515,67,87,43.3127,1681.11,304.441
6516,67,88,27.4059,2852.91,318.662
6517,67,89,42.0149,1771.85,332.893
6518,67,90,29.8804,2673.84,346.957
6519,67,91,23.5551,3146.13,360.483
6520,67,92,30.9324,2592.84,374.144
6521,67,93,24.1833,3101.27,387.782
6522,67,94,15.7295,3740.94,401.755
6523,67,95,21.7899,3280.35,415.409
6524,67,96,26.1164,2950.09,428.858
6525,67,97,17.5037,3610.4,443.276
6526,67,98,9.3363,4239.29,457.722
6527,67,99,26.7653,2891.45,477.014
6528,67,100,17.9197,3578.46,491.969
6529,67,101,21.8006,3275.74,505.66
6530,67,102,18.2699,3552.32,519.314
6531,67,103,14.6487,3837.18,533.015
6532,67,104,19.5085,3453.26,547.112
6533,67,105,16.3633,3702.78,560.774
6534,67,106,12.516,4009.28,574.678
6535,67,107,15.5462,3766.86,588.378
6536,67,108,18.1907,3554.42,601.998
6537,67,109,12.5701,4007.82,617.101
6538,67,110,9.34912,4268.72,631.019
6539,67,111,18.0291,3562.74,649.382
6540,67,112,12.8923,3982.25,664.569
6541,67,113,17.7157,3586.73,679.674
6542,67,114,15.5133,3768.06,693.437
6543,67,115,13.3924,3943.39,707.196
6544,67,116,17.144,3632,721.919
6545,67,117,14.818,3825.84,735.843
6546,67,118,12.4306,4025.59,749.843
6547,67,119,15.1902,3793.78,764.134
6548,67,120,17.506,3598.48,778.195
6549,67,121,14.0814,3888.43,793.233
6550,67,122,12.9365,3985.74,806.779
6551,67,123,17.1908,3622.72,823.122
6552,67,124,14.5329,3850.4,837.723
6553,67,125,18.0027,3552,853.323
6554,67,126,16.392,3691.06,867.221
6555,67,127,15.49,3769.23,880.773
6556,67,128,18.4042,3515.7,896.07
6557,67,129,16.6635,3667.72,910.182
6558,67,130,15.4411,3774.89,923.945
6559,67,131,17.8568,3562.3,938.92
6560,67,132,19.8361,3387.47,953.438
6561,67,133,17.6641,3580.05,968.27
6562,68,72,79.206,-641.16,74.7781
6563,68,73,-124.659,13493.5,87.5859
6564,68,74,-143.561,14810.3,100.129
6565,68,75,163.962,-6716.3,119.275
6566,68,76,65.074,238.832,133.415
6567,68,77,133.005,-4561.66,147.323
6568,68,78,49.3096,1380.75,162.067
6569,68,79,22.0771,3323.34,175.541
6570,68,80,50.5764,1280.89,189.102
6571,68,81,14.2332,3897.59,202.113
6572,68,82,-5.56521,5329.68,215.589
6573,68,83,5.02376,4560.21,228.804
6574,68,84,24.4204,3144.26,242.456
6575,68,85,1.41108,4831.61,256.59
6576,68,86,-15.3994,6069.98,270.356
6577,68,87,36.6864,2215.63,290.985
6578,68,88,19.8958,3463.73,305.139
6579,68,89,36.5156,2222.79,319.445
6580,68,90,23.8042,3176.15,333.459
6581,68,91,17.4581,3654.21,346.974
6582,68,92,25.9133,3014.44,360.702
6583,68,93,19.0311,3537.49,374.314
6584,68,94,10.3328,4201.46,388.228
6585,68,95,17.2116,3674.09,401.949
6586,68,96,22.1521,3293.66,415.453
6587,68,97,13.2296,3983.67,429.791
6588,68,98,4.81101,4637.51,444.149
6589,68,99,23.6121,3171.03,463.487
6590,68,100,14.4215,3890.96,478.358
6591,68,101,18.7365,3551.51,492.099
6592,68,102,15.1791,3832.55,505.737
6593,68,103,11.5285,4122.16,519.415
6594,68,104,16.8196,3700.64,533.566
6595,68,105,13.6504,3954.17,547.208
6596,68,106,9.74494,4267.91,561.076
6597,68,107,13.0652,4000.08,574.822
6598,68,108,15.9598,3765.62,588.485
6599,68,109,10.1777,4235.89,603.505
6600,68,110,6.9182,4502.08,617.385
6601,68,111,16.1032,3748.91,635.795
6602,68,112,10.8237,4183.59,650.909
6603,68,113,15.9468,3760.09,666.06
6604,68,114,13.726,3944.41,679.808
6605,68,115,11.5912,4122.31,693.549
6606,68,116,15.5694,3789.47,708.314
6607,68,117,13.2133,3987.38,722.215
6608,68,118,10.7952,4191.31,736.188
6609,68,119,13.7238,3943.35,750.519
6610,68,120,16.1824,3734.37,764.617
6611,68,121,12.68,4033.24,779.596
6612,68,122,11.5444,4130.52,793.136
6613,68,123,16.0003,3747.32,809.517
6614,68,124,13.291,3981.22,824.076
6615,68,125,16.9233,3666.42,839.71
6616,68,126,15.2945,3808.12,853.593
6617,68,127,14.399,3886.33,867.142
6618,68,128,17.4446,3619.34,882.471
6619,68,129,15.6786,3774.74,896.561
6620,68,130,14.4487,3883.39,910.312
6621,68,131,16.971,3659.74,925.318
6622,68,132,19.0383,3475.75,939.863
6623,68,133,16.8247,3673.5,954.659
6624,69,73,129.696,-4735.3,74.0239
6625,69,74,19.7091,3000.45,85.8249
6626,69,75,368.447,-21643.7,104.677
6627,69,76,193.716,-9237.77,118.659
6628,69,77,248.156,-13121.2,132.117
6629,69,78,124.691,-4272.85,147.606
6630,69,79,78.8013,-968.796,161.298
6631,69,80,102.596,-2689.98,174.66
6632,69,81,52.6589,938.815,189.001
6633,69,82,24.5428,2991.29,201.659
6634,69,83,32.5292,2405.62,214.804
6635,69,84,50.9123,1051.4,228.27
6636,69,85,22.0793,3185.04,242.669
6637,69,86,1.10452,4744.17,256.617
6638,69,87,56.9358,575.432,276.676
6639,69,88,36.4412,2112.53,291.008
6640,69,89,53.0681,859.97,305.147
6641,69,90,37.6963,2023.1,319.312
6642,69,91,29.5904,2639.15,332.911
6643,69,92,37.7391,2017.13,346.547
6644,69,93,29.3603,2659.5,360.256
6645,69,94,19.1983,3441.98,374.288
6646,69,95,25.9299,2921.4,387.927
6647,69,96,30.6007,2558.64,401.366
6648,69,97,20.4801,3348.04,415.841
6649,69,98,11.0169,4089.33,430.318
6650,69,99,30.6306,2546.38,449.347
6651,69,100,20.427,3352.47,464.344
6652,69,101,24.6395,3018.27,478.033
6653,69,102,20.5256,3346.01,491.732
6654,69,103,16.3609,3679.19,505.473
6655,69,104,21.6774,3252.1,519.546
6656,69,105,18.0743,3542.75,533.247
6657,69,106,13.7305,3894.6,547.184
6658,69,107,17.0167,3627.32,560.881
6659,69,108,19.8584,3395.25,574.498
6660,69,109,13.604,3908.1,589.618
6661,69,110,10.0262,4202.68,603.56
6662,69,111,19.4939,3420.02,621.772
6663,69,112,13.8203,3890.93,636.973
6664,69,113,19.0378,3456.13,652.028
6665,69,114,16.5861,3661.26,665.823
6666,69,115,14.2387,3858.44,679.61
6667,69,116,18.2724,3518.26,694.297
6668,69,117,15.7098,3735.23,708.249
6669,69,118,13.0951,3957.48,722.273
6670,69,119,16.0484,3705.47,736.547
6671,69,120,18.5122,3494.4,750.595
6672,69,121,14.7897,3814.54,765.647
6673,69,122,13.5339,3922.95,779.217
6674,69,123,18.0795,3529,795.487
6675,69,124,15.1991,3779.59,810.106
6676,69,125,18.8919,3457.09,825.65
6677,69,126,17.1391,3610.75,839.575
6678,69,127,16.1507,3697.73,853.152
6679,69,128,19.2394,3424.9,868.402
6680,69,129,17.3567,3591.83,882.538
6681,69,130,16.0329,3709.65,896.324
6682,69,131,18.585,3481.66,911.263
6683,69,132,20.6666,3295.02,925.753
6684,69,133,18.3347,3504.88,940.607
6685,70,74,-143.928,14891.4,73.4787
6686,70,75,375.602,-22168.4,91.504
6687,70,76,148.903,-5921.62,106.286
6688,70,77,228.156,-11627.9,118.898
6689,70,78,81.699,-1034.13,134.056
6690,70,79,35.2298,2342.63,147.65
6691,70,80,71.2735,-288.551,161.163
6692,70,81,18.2335,3601.05,175.276
6693,70,82,-8.91198,5600.76,188.786
6694,70,83,4.99464,4571.67,201.023
6695,70,84,29.5001,2750.1,214.653
6696,70,85,-0.260559,4972.23,228.814
6697,70,86,-21.0747,6533.29,242.561
6698,70,87,43.4244,1674.36,262.968
6699,70,88,22.1947,3280.74,277.176
6700,70,89,41.9089,1782.46,291.438
6701,70,90,26.1359,2986.46,305.503
6702,70,91,18.3441,3583.84,319.054
6703,70,92,28.1794,2826.52,332.781
6704,70,93,19.8989,3466.87,346.425
6705,70,94,9.68091,4260.47,360.352
6706,70,95,17.6624,3637.91,374.082
6707,70,96,23.2916,3196.97,387.591
6708,70,97,12.9702,4008.92,401.938
6709,70,98,3.3723,4767.15,416.281
6710,70,99,24.8032,3066.96,435.507
6711,70,100,14.3172,3902.35,450.38
6712,70,101,19.1749,3513.73,464.132
6713,70,102,15.1429,3837.64,477.789
6714,70,103,11.0498,4167.81,491.48
6715,70,104,16.9736,3687.98,505.635
6716,70,105,13.4317,3976.06,519.29
6717,70,106,9.10401,4329.49,533.161
6718,70,107,12.8066,4025.87,546.922
6719,70,108,16.01,3762.13,560.594
6720,70,109,9.63534,4289.1,575.598
6721,70,110,6.07657,4584.48,589.474
6722,70,111,16.1832,3742.26,607.831
6723,70,112,10.3996,4226.15,622.929
6724,70,113,16.0098,3754.89,638.07
6725,70,114,13.5837,3959.5,651.829
6726,70,115,11.2649,4155.83,665.578
6727,70,116,15.5967,3787.62,680.34
6728,70,117,13.0388,4005.89,694.248
6729,70,118,10.4264,4229.69,708.222
6730,70,119,13.6046,3956.36,722.559
6731,70,120,16.2608,3727.04,736.66
6732,70,121,12.4817,4054.57,751.63
6733,70,122,11.2657,4160.36,765.179
6734,70,123,16.0636,3741.34,781.534
6735,70,124,13.1518,3996.61,796.091
6736,70,125,17.0496,3653.6,811.706
6737,70,126,15.3,3808.16,825.599
6738,70,127,14.3409,3893.19,839.16
6739,70,128,17.5956,3603.52,854.473
6740,70,129,15.705,3772.42,868.57
6741,70,130,14.392,3890.15,882.33
6742,70,131,17.0793,3648.29,897.326
6743,70,132,19.2747,3449.97,911.863
6744,70,133,16.9135,3664.06,926.66
6745,71,75,296.238,-16321.9,79.085
6746,71,76,20.4274,3628.38,92.4747
6747,71,77,159.032,-6443.56,106.361
6748,71,78,-6.75857,5659.16,120.061
6749,71,79,-43.897,8382.65,133.505
6750,71,80,15.1807,4030.59,147.253
6751,71,81,-37.3042,7914.47,161.075
6752,71,82,-59.7176,9580.54,174.398
6753,71,83,-35.8553,7798.82,187.775
6754,71,84,-2.01336,5260.67,200.65
6755,71,85,-31.5403,7485.03,214.535
6756,71,86,-51.0462,8960.98,228.047
6757,71,87,24.5671,3214.37,249.056
6758,71,88,3.07381,4855.03,263.123
6759,71,89,26.8759,3030.2,277.543
6760,71,90,11.0289,4250.42,291.495
6761,71,91,3.93374,4799.11,304.992
6762,71,92,15.9732,3864.05,318.829
6763,71,93,8.03413,4483.29,332.4
6764,71,94,-2.04668,5272.96,346.214
6765,71,95,7.51158,4521.04,360.053
6766,71,96,14.3546,3980.44,373.645
6767,71,97,3.93062,4807.41,387.855
6768,71,98,-5.70714,5575.22,402.056
6769,71,99,17.828,3692.41,421.542
6770,71,100,7.10791,4553.59,436.284
6771,71,101,12.7441,4098.93,450.109
6772,71,102,8.862,4413.39,463.721
6773,71,103,4.90151,4735.5,477.359
6774,71,104,11.5355,4193.73,491.608
6775,71,105,8.10188,4475.29,505.216
6776,71,106,3.82988,4827.01,519.018
6777,71,107,8.01771,4480.82,532.849
6778,71,108,11.6417,4180.03,546.585
6779,71,109,5.16419,4719.82,561.468
6780,71,110,1.65104,5013.76,575.275
6781,71,111,12.4665,4105.26,593.804
6782,71,112,6.58456,4601.3,608.795
6783,71,113,12.6332,4089.18,624.033
6784,71,114,10.2502,4291.73,637.755
6785,71,115,7.97647,4485.76,651.466
6786,71,116,12.6397,4086.28,666.31
6787,71,117,10.0988,4304.8,680.173
6788,71,118,7.5,4529.16,694.096
6789,71,119,10.9274,4232.12,708.502
6790,71,120,13.7969,3982.47,722.661
6791,71,121,9.96623,4317.02,737.547
6792,71,122,8.80016,4419.24,751.074
6793,71,123,13.8722,3972.9,767.525
6794,71,124,10.9337,4232.47,782.018
6795,71,125,15.0539,3867.15,797.71
6796,71,126,13.313,4022.08,811.569
6797,71,127,12.3901,4104.53,825.115
6798,71,128,15.8243,3796.6,840.496
6799,71,129,13.9296,3967.12,854.553
6800,71,130,12.632,4084.34,868.287
6801,71,131,15.4651,3827.47,883.344
6802,71,132,17.7834,3616.5,897.931
6803,71,133,15.3946,3834.68,912.671
6804,72,76,182.598,-8480.35,79.6841
6805,72,77,313.347,-18068.6,92.3553
6806,72,78,56.0979,882.075,107.446
6807,72,79,-6.03929,5480.22,120.056
6808,72,80,57.754,738.256,133.735
6809,72,81,-13.7425,6076.66,147.724
6810,72,82,-44.5151,8384.61,161.163
6811,72,83,-19.2094,6478.25,174.541
6812,72,84,17.278,3717.36,188.315
6813,72,85,-19.2229,6491.44,201.327
6814,72,86,-42.972,8304.28,214.931
6815,72,87,41.0837,1860.01,235.32
6816,72,88,15.1187,3859.32,249.499
6817,72,89,40.2271,1917.6,263.811
6818,72,90,21.3066,3387.09,277.865
6819,72,91,12.4742,4076.02,291.432
6820,72,92,24.8469,3106.83,305.224
6821,72,93,15.3794,3851.6,318.869
6822,72,94,3.78326,4767.69,332.757
6823,72,95,13.6522,3984.76,346.554
6824,72,96,20.5514,3435.12,360.118
6825,72,97,8.84892,4371.32,374.406
6826,72,98,-1.86707,5232.17,388.671
6827,72,99,23.0748,3220.19,407.854
6828,72,100,11.2536,4177.71,422.665
6829,72,101,16.9892,3711.22,436.465
6830,72,102,12.5827,4071.08,450.127
6831,72,103,8.14216,4435.2,463.813
6832,72,104,14.9818,3872.08,478.013
6833,72,105,11.1435,4189.37,491.667
6834,72,106,6.45356,4578.64,505.517
6835,72,107,10.7283,4222.41,519.323
6836,72,108,14.4017,3915.07,533.036
6837,72,109,7.43796,4500.02,547.97
6838,72,110,3.62804,4821.33,561.819
6839,72,111,14.8854,3868.2,580.165
6840,72,112,8.59857,4402.58,595.201
6841,72,113,14.8393,3870.04,610.366
6842,72,114,12.2429,4092.46,624.125
6843,72,115,9.77523,4304.69,637.872
6844,72,116,14.5657,3891.11,652.659
6845,72,117,11.8306,4128.15,666.56
6846,72,118,9.04757,4370.27,680.519
6847,72,119,12.5532,4064.11,694.886
6848,72,120,15.4736,3808.1,709.014
6849,72,121,11.4226,4164.58,723.941
6850,72,122,10.1537,4276.67,737.495
6851,72,123,15.3687,3814.27,753.852
6852,72,124,12.2629,4090.69,768.383
6853,72,125,16.4864,3713.38,784.003
6854,72,126,14.6302,3879.83,797.894
6855,72,127,13.6272,3970.1,811.465
6856,72,128,17.1385,3652.91,826.784
6857,72,129,15.1332,3834.73,840.874
6858,72,130,13.7508,3960.52,854.636
6859,72,131,16.6411,3696.54,869.642
6860,72,132,18.9968,3480.6,884.189
6861,72,133,16.4918,3711.06,898.966
6862,73,77,573.144,-37726.6,79.077
6863,73,78,143.546,-5793.11,93.7212
6864,73,79,38.67,2037.61,107.525
6865,73,80,107.234,-3104.71,120.184
6866,73,81,8.854,4306.6,134.336
6867,73,82,-32.5924,7442.71,147.891
6868,73,83,-4.85345,5334.55,161.304
6869,73,84,35.3226,2267.78,175.022
6870,73,85,-9.57,5709.55,189.136
6871,73,86,-38.0908,7905.65,201.814
6872,73,87,56.5215,588.964,221.643
6873,73,88,25.3811,3007.53,235.92
6874,73,89,52.2362,912.839,250.158
6875,73,90,29.8791,2664.15,264.3
6876,73,91,19.2145,3503.09,277.936
6877,73,92,32.1504,2481.15,291.709
6878,73,93,21.0857,3358.95,305.421
6879,73,94,7.91665,4408.09,319.369
6880,73,95,18.2843,3578.67,333.15
6881,73,96,25.3724,3009.26,346.708
6882,73,97,12.3481,4059.89,361.05
6883,73,98,0.538626,5016.46,375.355
6884,73,99,27.1499,2852.08,394.274
6885,73,100,14.1932,3910.21,409.129
6886,73,101,20.1216,3424.08,422.924
6887,73,102,15.2126,3828.26,436.63
6888,73,103,10.3158,4233.05,450.357
6889,73,104,17.4471,3641.16,464.529
6890,73,105,13.2268,3992.85,478.222
6891,73,106,8.1384,4418.58,492.108
6892,73,107,12.5611,4047.07,505.907
6893,73,108,16.3367,3728.66,519.613
6894,73,109,8.89203,4358.98,534.573
6895,73,110,4.80506,4706.37,548.452
6896,73,111,16.5794,3701.63,566.643
6897,73,112,9.89349,4274.39,581.703
6898,73,113,16.3755,3716.94,596.815
6899,73,114,13.5823,3958.08,610.605
6900,73,115,10.9375,4187.29,624.381
6901,73,116,15.893,3756.17,639.13
6902,73,117,12.9773,4010.81,653.06
6903,73,118,10.0234,4269.76,667.046
6904,73,119,13.6367,3951.79,681.391
6905,73,120,16.6336,3687.07,695.501
6906,73,121,12.3699,4065.11,710.45
6907,73,122,11.0123,4185.94,724.029
6908,73,123,16.3982,3704.8,740.311
6909,73,124,13.1334,3997.55,754.865
6910,73,125,17.4834,3606.04,770.43
6911,73,126,15.5215,3783.27,784.348
6912,73,127,14.4496,3880.45,797.941
6913,73,128,18.057,3552.19,813.214
6914,73,129,15.9491,3744.71,827.329
6915,73,130,14.4909,3878.38,841.114
6916,73,131,17.454,3605.76,856.084
6917,73,132,19.8612,3383.5,870.603
6918,73,133,17.2457,3625.87,885.403
6919,74,78,-148.026,16560.7,80.2126
6920,74,79,-190.67,19773.2,92.7834
6921,74,80,-36.99,8144.78,106.81
6922,74,81,-123.909,14750.6,119.537
6923,74,82,-145.063,16365.4,132.837
6924,74,83,-89.2822,12088.9,146.49
6925,74,84,-26.4507,7250.83,160.572
6926,74,85,-68.5299,10504.9,174.317
6927,74,86,-92.3677,12356.4,187.689
6928,74,87,23.5145,3317.55,207.469
6929,74,88,-7.377,5737.38,221.561
6930,74,89,26.9297,3038.59,236.003
6931,74,90,4.91956,4777.38,249.994
6932,74,91,-4.15666,5497.43,263.552
6933,74,92,12.6011,4162.4,277.461
6934,74,93,2.3848,4979.7,291.072
6935,74,94,-10.2574,5995.29,304.873
6936,74,95,2.70498,4949.66,318.792
6937,74,96,11.7642,4215.87,332.446
6938,74,97,-1.21153,5271.22,346.618
6939,74,98,-12.881,6224.23,360.75
6940,74,99,16.8095,3789.6,380.048
6941,74,100,3.65908,4872.32,394.745
6942,74,101,10.7634,4285.04,408.626
6943,74,102,6.16117,4667.02,422.27
6944,74,103,1.54143,5052,435.928
6945,74,104,9.69885,4369.49,450.216
6946,74,105,5.69901,4705.48,463.846
6947,74,106,0.758503,5122.13,477.645
6948,74,107,5.8755,4688.89,491.528
6949,74,108,10.2489,4317.15,505.308
6950,74,109,2.72881,4958.87,520.127
6951,74,110,-1.24593,5299.37,533.921
6952,74,111,11.4666,4206.09,552.352
6953,74,112,4.7,4790.27,567.287
6954,74,113,11.7658,4177.91,582.522
6955,74,114,9.06121,4413.2,596.264
6956,74,115,6.50579,4636.38,609.99
6957,74,116,11.8978,4163.67,624.842
6958,74,117,9.03122,4415.94,638.714
6959,74,118,6.12142,4672.97,652.637
6960,74,119,10.0615,4323.62,667.066
6961,74,120,13.338,4032.01,681.245
6962,74,121,9.03401,4416.5,696.097
6963,74,122,7.7572,4530.98,709.645
6964,74,123,13.4887,4015.15,726.053
6965,74,124,10.2099,4311.33,740.532
6966,74,125,14.8397,3891.56,756.196
6967,74,126,12.9035,4067.76,770.071
6968,74,127,11.8889,4160.42,783.641
6969,74,128,15.7206,3809.19,799.001
6970,74,129,13.6208,4002.37,813.067
6971,74,130,12.1931,4134.19,826.817
6972,74,131,15.3377,3842.79,841.863
6973,74,132,17.8983,3604.66,856.443
6974,74,133,15.261,3850.81,871.176
6975,75,79,-662.076,56385.8,77.2247
6976,75,80,-300.034,28749.9,91.5534
6977,75,81,-336.632,31555.8,104.78
6978,75,82,-309.894,29496.9,116.874
6979,75,83,-205.088,21391.9,131.152
6980,75,84,-106.529,13737.2,145.89
6981,75,85,-141.699,16480.5,159.267
6982,75,86,-157.315,17703.7,172.349
6983,75,87,-13.6131,6399.13,194.318
6984,75,88,-43.6137,8769.18,207.255
6985,75,89,0.0987857,5301.32,221.921
6986,75,90,-21.3087,7006.79,235.792
6987,75,91,-28.3671,7571.46,249.304
6988,75,92,-7.05734,5859.57,263.365
6989,75,93,-16.2797,6603.51,276.906
6990,75,94,-28.3197,7578.75,290.592
6991,75,95,-12.4025,6284.16,304.659
6992,75,96,-1.1464,5364.9,318.422
6993,75,97,-14.1277,6429.37,332.454
6994,75,98,-25.6933,7381.61,346.442
6995,75,99,7.39745,4646.1,366.038
6996,75,100,-6.04057,5761.46,380.605
6997,75,101,2.30846,5065.71,394.572
6998,75,102,-2.01856,5427.73,408.18
6999,75,103,-6.39278,5795.17,421.791
7000,75,104,2.83742,5016.75,436.187
7001,75,105,-0.977806,5339.78,449.776
7002,75,106,-5.80979,5750.5,463.512
7003,75,107,0.0154011,5253.41,477.478
7004,75,108,4.99078,4827.19,491.33
7005,75,109,-2.65857,5485.03,506.03
7006,75,110,-6.55483,5821.41,519.763
7007,75,111,7.13181,4635.23,538.362
7008,75,112,0.237243,5235.06,553.195
7009,75,113,7.8942,4566.35,568.527
7010,75,114,5.24801,4798.34,582.239
7011,75,115,2.75394,5017.82,595.932
7012,75,116,8.58141,4503.06,610.867
7013,75,117,5.73572,4755.37,624.701
7014,75,118,2.84345,5012.79,638.579
7015,75,119,7.10433,4632.15,653.078
7016,75,120,10.6519,4314.05,667.316
7017,75,121,6.27903,4707.61,682.09
7018,75,122,5.0638,4817.38,695.622
7019,75,123,11.1392,4266.54,712.117
7020,75,124,7.82324,4568.3,726.538
7021,75,125,12.7282,4120.31,742.273
7022,75,126,10.7988,4297.18,756.121
7023,75,127,9.82529,4386.74,769.682
7024,75,128,13.8752,4012.79,785.103
7025,75,129,11.7663,4208.22,799.135
7026,75,130,10.3538,4339.58,812.864
7027,75,131,13.6733,4029.76,827.967
7028,75,132,16.3795,3776.28,842.594
7029,75,133,13.7043,4027.75,857.275
7030,76,80,145.818,-6323.8,75.7783
7031,76,81,-51.5966,8942.93,88.4993
7032,76,82,-98.6571,12598,101.298
7033,76,83,-20.4593,6498.54,113.531
7034,76,84,58.973,276.34,127.23
7035,76,85,-16.3316,6200.3,141.372
7036,76,86,-57.5809,9459,154.675
7037,76,87,93.4492,-2522.72,176.796
7038,76,88,42.362,1547.22,191.168
7039,76,89,80.0368,-1466.76,204.266
7040,76,90,45.1166,1338.5,218.478
7041,76,91,28.8728,2648.83,232.017
7042,76,92,45.9554,1265.13,245.642
7043,76,93,29.8181,2577.64,259.299
7044,76,94,11.6583,4060.69,273.218
7045,76,95,25.1694,2952.78,286.892
7046,76,96,33.9192,2232.37,300.293
7047,76,97,16.57,3666.58,314.724
7048,76,98,1.32937,4931.55,329.056
7049,76,99,34.9258,2131.85,348.488
7050,76,100,18.2105,3530.36,363.46
7051,76,101,25.3363,2931.8,377.168
7052,76,102,18.983,3467.59,390.834
7053,76,103,12.7962,3991.41,404.518
7054,76,104,21.3396,3265.22,418.639
7055,76,105,16.0365,3717.74,432.294
7056,76,106,9.7951,4252.43,446.157
7057,76,107,15.0091,3804.03,459.89
7058,76,108,19.3773,3426.9,473.514
7059,76,109,10.4317,4202.19,488.581
7060,76,110,5.56477,4625.61,502.432
7061,76,111,19.3385,3422.71,520.876
7062,76,112,11.4114,4117.65,536.024
7063,76,113,18.8833,3460.12,551.138
7064,76,114,15.5378,3755.64,564.912
7065,76,115,12.4045,4033.45,578.666
7066,76,116,18.0455,3531.41,593.399
7067,76,117,14.6137,3837.99,607.326
7068,76,118,11.1739,4146.41,621.307
7069,76,119,15.2498,3779.58,635.624
7070,76,120,18.593,3477.58,649.687
7071,76,121,13.6848,3922.6,664.712
7072,76,122,12.1027,4066.56,678.256
7073,76,123,18.138,3515.34,694.587
7074,76,124,14.401,3857.9,709.184
7075,76,125,19.2391,3412.8,724.754
7076,76,126,16.9786,3621.51,738.673
7077,76,127,15.73,3737.22,752.24
7078,76,128,19.71,3367.08,767.504
7079,76,129,17.3068,3591.38,781.637
7080,76,130,15.6415,3747.36,795.412
7081,76,131,18.8907,3441.94,810.365
7082,76,132,21.5088,3194.96,824.846
7083,76,133,18.5645,3473.69,839.709
7084,77,81,-279.624,27109.1,75.4448
7085,77,82,-266.362,26070.3,87.0454
7086,77,83,-117.906,14391.8,100.941
7087,77,84,5.74571,4623.24,114.132
7088,77,85,-74.465,10986.6,127.845
7089,77,86,-112.337,14003.8,140.847
7090,77,87,76.1084,-1071.87,163.357
7091,77,88,19.3968,3483.96,177.61
7092,77,89,66.4009,-307.708,191.828
7093,77,90,28.44,2767.12,204.949
7094,77,91,12.2539,4083.59,218.466
7095,77,92,33.5493,2344.47,232.198
7096,77,93,16.9729,3703.73,245.806
7097,77,94,-1.77734,5247.5,259.63
7098,77,95,14.5702,3896.11,273.413
7099,77,96,25.255,3009.27,286.898
7100,77,97,7.0786,4523.97,301.201
7101,77,98,-8.68469,5842.83,315.401
7102,77,99,28.704,2702.18,334.93
7103,77,100,11.1142,4185.59,349.785
7104,77,101,19.3777,3485.94,363.562
7105,77,102,12.9941,4028.55,377.204
7106,77,103,6.79264,4557.74,390.856
7107,77,104,16.3751,3736.84,405.054
7108,77,105,11.0487,4194.91,418.681
7109,77,106,4.72369,4740.97,432.494
7110,77,107,10.6012,4231.59,446.292
7111,77,108,15.5179,3803.83,459.974
7112,77,109,6.2641,4612,474.931
7113,77,110,1.35605,5042.27,488.732
7114,77,111,16.1573,3739.76,507.252
7115,77,112,7.96659,4463.28,522.306
7116,77,113,16.0285,3748.45,537.483
7117,77,114,12.6573,4048.49,551.236
7118,77,115,9.51103,4329.56,564.968
7119,77,116,15.5787,3785.49,579.757
7120,77,117,12.0998,4098.59,593.655
7121,77,118,8.61598,4413.3,607.601
7122,77,119,13.0004,4015.77,621.97
7123,77,120,16.5978,3688.41,636.078
7124,77,121,11.5601,4148.52,651.033
7125,77,122,10.0016,4291.38,664.568
7126,77,123,16.3831,3704.28,680.948
7127,77,124,12.5636,4056.96,695.496
7128,77,125,17.6741,3583.38,711.109
7129,77,126,15.3858,3796.19,725.008
7130,77,127,14.1507,3911.46,738.572
7131,77,128,18.3445,3518.65,753.875
7132,77,129,15.9021,3748.23,767.981
7133,77,130,14.2272,3906.23,781.742
7134,77,131,17.646,3582.59,796.733
7135,77,132,20.402,3320.76,811.246
7136,77,133,17.3933,3607.6,826.066
7137,78,82,14.004,3454.07,72.7609
7138,78,83,118.49,-4835.13,84.385
7139,78,84,209.929,-12119.8,97.2741
7140,78,85,58.62,-15.075,111.991
7141,78,86,-17.243,6079.25,125.614
7142,78,87,189.873,-10628.1,147.464
7143,78,88,102.166,-3523.82,162.342
7144,78,89,143.209,-6862.01,176.128
7145,78,90,87.5914,-2319.9,190.707
7146,78,91,60.6429,-110.117,203.393
7147,78,92,78.3257,-1566.01,216.863
7148,78,93,54.0803,438.282,230.691
7149,78,94,28.7585,2539.99,244.778
7150,78,95,43.5296,1309.07,258.329
7151,78,96,52.2907,576.051,271.622
7152,78,97,29.5931,2482.65,286.268
7153,78,98,10.1843,4119.46,300.743
7154,78,99,49.2566,811.342,319.843
7155,78,100,28.3501,2588.4,334.989
7156,78,101,35.8659,1947.04,348.636
7157,78,102,27.6525,2650.66,362.379
7158,78,103,19.8465,3321.98,376.131
7159,78,104,29.1718,2516.89,390.164
7160,78,105,22.5509,3090.7,403.887
7161,78,106,14.9964,3747.94,417.821
7162,78,107,20.5809,3260.23,431.501
7163,78,108,25.171,2857.83,445.07
7164,78,109,14.7355,3776.16,460.251
7165,78,110,9.01656,4281.33,474.156
7166,78,111,24.2379,2931.71,492.41
7167,78,112,15.1174,3743.43,507.65
7168,78,113,23.2299,3018.71,522.666
7169,78,114,19.2872,3372.24,536.492
7170,78,115,15.6264,3701.71,550.292
7171,78,116,21.6917,3153.82,564.946
7172,78,117,17.7331,3512.73,578.927
7173,78,118,13.8046,3870.22,592.958
7174,78,119,18.1507,3473.27,607.22
7175,78,120,21.6759,3150.13,621.232
7176,78,121,16.1784,3655.9,636.332
7177,78,122,14.3454,3825.15,649.906
7178,78,123,20.8155,3225.59,666.127
7179,78,124,16.6447,3613.47,680.786
7180,78,125,21.7982,3132.48,696.265
7181,78,126,19.2482,3371.33,710.229
7182,78,127,17.8092,3506.6,723.825
7183,78,128,22.024,3109,739.009
7184,78,129,19.3461,3362.5,753.191
7185,78,130,17.478,3539.97,767.003
7186,78,131,20.903,3213.46,781.889
7187,78,132,23.6409,2951.54,796.312
7188,78,133,20.409,3261.8,811.24
7189,79,83,-12.192,5837.21,72.4737
7190,79,84,153.288,-7456.35,84.8742
7191,79,85,-25.0693,6931.14,99.7014
7192,79,86,-98.9757,12917.6,111.787
7193,79,87,172.329,-9148.56,134.126
7194,79,88,70.5891,-839.801,148.806
7195,79,89,124.836,-5288.05,162.729
7196,79,90,63.0109,-197.782,177.147
7197,79,91,35.698,2060.08,190.766
7198,79,92,59.4705,86.9637,203.359
7199,79,93,34.5064,2167.31,217.085
7200,79,94,8.46618,4346.01,231.016
7201,79,95,27.3624,2758.73,244.699
7202,79,96,38.8933,1786.29,258.085
7203,79,97,15.2167,3790.9,272.539
7204,79,98,-4.69529,5483.42,286.823
7205,79,99,39.5152,1710.79,306.15
7206,79,100,17.5937,3588.74,321.13
7207,79,101,26.6985,2805.73,334.858
7208,79,102,18.5645,3507.96,348.548
7209,79,103,10.8611,4175.59,362.24
7210,79,104,21.5949,3241.75,376.375
7211,79,105,15.0448,3813.79,390.043
7212,79,106,7.48688,4476.37,403.895
7213,79,107,13.9744,3905.46,417.655
7214,79,108,19.3109,3434.07,431.294
7215,79,109,8.58024,4385.53,446.327
7216,79,110,2.88858,4892.08,460.154
7217,79,111,19.4038,3416.73,478.57
7218,79,112,10.0311,4257.14,493.685
7219,79,113,18.8979,3459.13,508.797
7220,79,114,14.9768,3813.34,522.583
7221,79,115,11.3511,4142.07,536.341
7222,79,116,17.9606,3540.6,551.079
7223,79,117,13.9904,3903.21,565.01
7224,79,118,10.0526,4264.18,578.985
7225,79,119,14.7938,3827.99,593.319
7226,79,120,18.6466,3472.24,607.39
7227,79,121,13.0343,3992.32,622.395
7228,79,122,11.2609,4157.24,635.946
7229,79,123,18.1557,3513.74,652.259
7230,79,124,13.9192,3910.55,666.847
7231,79,125,19.4079,3394.61,682.4
7232,79,126,16.8513,3635.79,696.328
7233,79,127,15.4514,3768.31,709.908
7234,79,128,19.9291,3342.93,725.158
7235,79,129,17.2284,3600.4,739.297
7236,79,130,15.3699,3778.19,753.08
7237,79,131,19.0037,3429.35,768.026
7238,79,132,21.9133,3149.06,782.498
7239,79,133,18.6267,3466.76,797.363
7240,80,84,127.716,-5342.4,73.6152
7241,80,85,-101.57,13306.2,86.8694
7242,80,86,-174.735,19281.3,99.6655
7243,80,87,183.336,-10080.5,120.712
7244,80,88,56.541,358.969,135.352
7245,80,89,124.447,-5254.59,149.343
7246,80,90,51.4516,804.022,163.725
7247,80,91,21.5131,3298.9,177.359
7248,80,92,51.1253,821.348,191.044
7249,80,93,23.787,3117.76,203.757
7250,80,94,-4.296,5486.1,217.628
7251,80,95,18.5575,3551.17,231.404
7252,80,96,32.4809,2367.68,244.867
7253,80,97,6.88607,4551.77,259.223
7254,80,98,-14.2451,6362,273.405
7255,80,99,35.3415,2097.56,292.692
7256,80,100,11.7297,4136.05,307.586
7257,80,101,22.1953,3229.03,321.373
7258,80,102,13.7456,3964.15,335.062
7259,80,103,5.80177,4657.91,348.744
7260,80,104,17.799,3606.15,362.936
7261,80,105,11.0371,4201.2,376.595
7262,80,106,3.21619,4892.05,390.42
7263,80,107,10.4722,4248.68,404.235
7264,80,108,16.4183,3719.48,417.923
7265,80,109,5.16503,4724.77,432.869
7266,80,110,-0.6735,5248.29,446.667
7267,80,111,17.0965,3648.99,465.083
7268,80,112,7.29568,4534.33,480.126
7269,80,113,16.8449,3668.53,495.272
7270,80,114,12.817,4035.07,509.053
7271,80,115,9.10996,4373.65,522.804
7272,80,116,16.1979,3723.93,537.576
7273,80,117,12.1115,4099.88,551.493
7274,80,118,8.06806,4473.22,565.45
7275,80,119,13.1455,4002.7,579.82
7276,80,120,17.2668,3619.43,593.924
7277,80,121,11.4529,4162.06,608.876
7278,80,122,9.67056,4329,622.43
7279,80,123,16.951,3644.64,638.756
7280,80,124,12.5798,4056.99,653.311
7281,80,125,18.3654,3509.29,668.88
7282,80,126,15.7443,3758.29,682.802
7283,80,127,14.3322,3892.91,696.387
7284,80,128,19.0383,3442.69,711.654
7285,80,129,16.2653,3708.91,725.78
7286,80,130,14.3717,3891.33,739.559
7287,80,131,18.1836,3522.84,754.525
7288,80,132,21.2339,3226.96,769.015
7289,80,133,17.8508,3556.25,783.85
7290,81,85,130.446,-6105.81,73.5669
7291,81,86,-44.4463,8293.65,86.0569
7292,81,87,378.705,-26686.9,106.537
7293,81,88,171.369,-9477.99,120.921
7294,81,89,228.848,-14267.9,134.613
7295,81,90,120.373,-5192.18,149.446
7296,81,91,72.4604,-1167.48,163.277
7297,81,92,98.5166,-3364.89,176.819
7298,81,93,59.6815,-76.8508,190.74
7299,81,94,22.4589,3087.08,203.813
7300,81,95,44.7921,1181.3,217.455
7301,81,96,57.1766,120.364,230.823
7302,81,97,25.6653,2830.34,245.407
7303,81,98,0.0996904,5037.5,259.756
7304,81,99,53.3959,418.5,278.555
7305,81,100,25.6175,2835.22,293.627
7306,81,101,35.7571,1949.69,307.353
7307,81,102,25.3064,2865.87,321.132
7308,81,103,15.6665,3714.18,334.899
7309,81,104,27.8415,2638.73,348.99
7310,81,105,19.7352,3357.48,362.731
7311,81,106,10.6436,4166.64,376.644
7312,81,107,17.8869,3519.57,390.398
7313,81,108,23.7281,2995.81,404.03
7314,81,109,11.1946,4123.82,419.097
7315,81,110,4.5649,4722.71,432.968
7316,81,111,23.1434,3038.25,451.12
7317,81,112,12.3521,4020.27,466.265
7318,81,113,22.1736,3123.23,481.294
7319,81,114,17.5954,3542.91,495.134
7320,81,115,13.4034,3928.57,508.941
7321,81,116,20.6465,3259.78,523.62
7322,81,117,16.0988,3681.21,537.6
7323,81,118,11.6327,4096.55,551.616
7324,81,119,16.7878,3615.41,565.919
7325,81,120,20.9329,3227.15,579.967
7326,81,121,14.6567,3817.12,595.001
7327,81,122,12.6369,4007.65,608.592
7328,81,123,20.1179,3299.44,624.786
7329,81,124,15.4042,3747.25,639.409
7330,81,125,21.3213,3183.15,654.875
7331,81,126,18.4578,3457.1,668.847
7332,81,127,16.8701,3609.51,682.465
7333,81,128,21.6666,3147.45,697.643
7334,81,129,18.673,3436.83,711.822
7335,81,130,16.6074,3637.2,725.642
7336,81,131,20.4811,3260.15,740.534
7337,81,132,23.5604,2959.41,754.965
7338,81,133,19.9618,3312.08,769.865
7339,82,86,-220.83,23227.5,73.5467
7340,82,87,402.166,-28688.9,93.087
7341,82,88,128.889,-5824.65,108.298
7342,82,89,211.357,-12752,121.132
7343,82,90,82.664,-1898.88,135.798
7344,82,91,32.7102,2330.54,149.571
7345,82,92,70.7313,-901.253,163.252
7346,82,93,30.0545,2569.83,177.071
7347,82,94,-8.3367,5858.68,190.986
7348,82,95,21.5864,3285.29,203.782
7349,82,96,38.7163,1806.41,217.257
7350,82,97,5.57356,4678.78,231.64
7351,82,98,-20.636,6959.01,245.796
7352,82,99,40.8859,1586.1,264.822
7353,82,100,11.5003,4162.24,279.728
7354,82,101,24.0656,3056.49,293.542
7355,82,102,13.7331,3969.19,307.275
7356,82,103,4.26898,4808.35,320.988
7357,82,104,18.4938,3542.34,335.187
7358,82,105,10.4909,4257.26,348.878
7359,82,106,1.41152,5071.38,362.714
7360,82,107,9.92217,4305.42,376.555
7361,82,108,16.786,3685.39,390.261
7362,82,109,3.85317,4857.97,405.182
7363,82,110,-2.72749,5456.81,418.979
7364,82,111,17.5758,3602.44,437.286
7365,82,112,6.44741,4622.54,452.309
7366,82,113,17.2518,3628.53,467.433
7367,82,114,12.6944,4049.34,481.238
7368,82,115,8.54414,4433.93,495.007
7369,82,116,16.4789,3696,509.77
7370,82,117,11.91,4122.43,523.703
7371,82,118,7.42892,4542.15,537.668
7372,82,119,13.0765,4011.28,552.044
7373,82,120,17.6246,3582.24,566.152
7374,82,121,11.1999,4190.45,581.094
7375,82,122,9.25024,4375.67,594.666
7376,82,123,17.2488,3613.14,610.945
7377,82,124,12.4492,4072.3,625.5
7378,82,125,18.7697,3465.53,641.037
7379,82,126,15.8923,3742.72,654.976
7380,82,127,14.3471,3892.09,668.582
7381,82,128,19.4551,3396.62,683.822
7382,82,129,16.4289,3691.16,697.961
7383,82,130,14.3706,3892.2,711.757
7384,82,131,18.4887,3488.62,726.705
7385,82,132,21.7669,3166.26,741.183
7386,82,133,18.0988,3528.18,756.023
7387,83,87,397.374,-28278.3,80.4838
7388,83,88,34.6011,2315.5,94.4467
7389,83,89,167.571,-8942.65,108.48
7390,83,90,17.6514,3800.55,121.946
7391,83,91,-28.956,7777.72,135.656
7392,83,92,29.0025,2812.6,149.519
7393,83,93,-11.4829,6294.35,163.233
7394,83,94,-49.3498,9563.53,176.988
7395,83,95,-8.51341,6024.37,190.98
7396,83,96,15.3636,3947.08,203.587
7397,83,97,-19.0845,6955.54,217.769
7398,83,98,-45.488,9270.25,231.734
7399,83,99,26.1956,2962.09,251.033
7400,83,100,-4.82285,5702.05,265.779
7401,83,101,10.7834,4318.3,279.692
7402,83,102,0.74585,5211.64,293.386
7403,83,103,-8.38278,6027.13,307.051
7404,83,104,8.28532,4532.56,321.368
7405,83,105,0.474249,5235.56,335.016
7406,83,106,-8.52702,6048.67,348.784
7407,83,107,1.45957,5143.22,362.719
7408,83,108,9.50236,4411.33,376.506
7409,83,109,-3.84894,5630.74,391.288
7410,83,110,-10.3495,6226.63,405.02
7411,83,111,11.8796,4181.55,423.473
7412,83,112,0.389139,5242.5,438.381
7413,83,113,12.2815,4140.48,453.598
7414,83,114,7.74984,4561.92,467.374
7415,83,115,3.64773,4944.79,481.114
7416,83,116,12.3372,4130.87,495.956
7417,83,117,7.74395,4562.64,509.852
7418,83,118,3.24537,4987.01,523.772
7419,83,119,9.42441,4402.06,538.218
7420,83,120,14.4041,3928.99,552.385
7421,83,121,7.81506,4557.14,567.243
7422,83,122,5.93714,4736.8,580.802
7423,83,123,14.4875,3915.96,597.156
7424,83,124,9.59086,4387.67,611.652
7425,83,125,16.3382,3735.42,627.25
7426,83,126,13.4405,4016.5,641.164
7427,83,127,11.9357,4162.97,654.763
7428,83,128,17.3706,3632.17,670.058
7429,83,129,14.3044,3932.65,684.164
7430,83,130,12.2487,4134.79,697.94
7431,83,131,16.6216,3703.33,712.94
7432,83,132,20.1056,3358.42,727.461
7433,83,133,16.3588,3730.6,742.247
7434,84,88,82.722,-1854.97,81.5993
7435,84,89,243.975,-15615.3,94.6618
7436,84,90,29.3914,2767.43,109.258
7437,84,91,-31.8029,8030.14,122.081
7438,84,92,39.668,1859.82,136.004
7439,84,93,-11.0476,6255.18,149.801
7440,84,94,-55.8785,10155.5,163.602
7441,84,95,-7.14797,5899.66,177.634
7442,84,96,20.1923,3502.83,191.281
7443,84,97,-19.8667,7028.03,204.484
7444,84,98,-49.6864,9662.1,218.451
7445,84,99,31.4824,2465.13,237.446
7446,84,100,-3.80721,5605.91,252.206
7447,84,101,13.4202,4066.93,266.144
7448,84,102,2.04853,5086.58,279.888
7449,84,103,-8.12323,6002.04,293.596
7450,84,104,10.1076,4355.19,307.909
7451,84,105,1.42076,5142.8,321.598
7452,84,106,-8.44553,6040.63,335.397
7453,84,107,2.36648,5053.13,349.346
7454,84,108,10.9801,4263.55,363.145
7455,84,109,-3.51186,5596.81,377.925
7456,84,110,-10.5189,6243.8,391.679
7457,84,111,13.3101,4035.64,409.972
7458,84,112,0.928522,5187.13,424.882
7459,84,113,13.5777,4006.53,440.058
7460,84,114,8.6701,4466.22,453.866
7461,84,115,4.25408,4881.32,467.635
7462,84,116,13.4335,4015.4,482.451
7463,84,117,8.50552,4481.91,496.373
7464,84,118,3.70635,4937.83,510.315
7465,84,119,10.2031,4318.48,524.75
7466,84,120,15.4098,3820.37,538.911
7467,84,121,8.42107,4491.29,553.776
7468,84,122,6.41577,4684.46,567.361
7469,84,123,15.3697,3818.92,583.647
7470,84,124,10.1912,4321.23,598.157
7471,84,125,17.2313,3636,613.709
7472,84,126,14.1573,3936.23,627.646
7473,84,127,12.5514,4093.6,641.269
7474,84,128,18.2005,3538.11,656.526
7475,84,129,14.9649,3857.35,670.653
7476,84,130,12.7937,4072.3,684.451
7477,84,131,17.3261,3622.09,699.422
7478,84,132,20.9235,3263.54,713.925
7479,84,133,16.9942,3656.48,728.724
7480,85,89,571.806,-44355.1,80.9259
7481,85,90,176.417,-10219.8,95.0826
7482,85,91,55.7314,239.589,109.128
7483,85,92,123.186,-5629,121.965
7484,85,93,42.641,1405.3,135.971
7485,85,94,-21.8938,7062.86,149.945
7486,85,95,29.5178,2538.63,163.868
7487,85,96,55.3038,260.867,177.449
7488,85,97,3.68011,4838.17,191.841
7489,85,98,-33.7634,8170.64,204.942
7490,85,99,56.1049,142.407,223.402
7491,85,100,13.3263,3978.23,238.316
7492,85,101,30.5647,2426.77,252.209
7493,85,102,16.0246,3740.22,266.043
7494,85,103,3.31095,4892.93,279.834
7495,85,104,22.2214,3172.07,294.057
7496,85,105,11.5536,4146.4,307.826
7497,85,106,-0.130807,5217.47,321.706
7498,85,107,10.8984,4202.79,335.601
7499,85,108,19.5188,3406.83,349.353
7500,85,109,3.18438,4920.49,364.235
7501,85,110,-4.87676,5670.18,378.058
7502,85,111,20.2995,3320.4,396.076
7503,85,112,6.5342,4609.74,411.074
7504,85,113,19.6692,3375.06,426.138
7505,85,114,14.0283,3907.18,440.004
7506,85,115,8.98166,4384.93,453.828
7507,85,116,18.4393,3486.45,468.555
7508,85,117,12.9093,4013.65,482.537
7509,85,118,7.56877,4524.55,496.536
7510,85,119,14.216,3886.42,510.909
7511,85,120,19.4891,3378.45,525.018
7512,85,121,11.9021,4111.86,539.956
7513,85,122,9.60802,4334.38,553.58
7514,85,123,18.8575,3434.1,569.734
7515,85,124,13.2456,3982.19,584.306
7516,85,125,20.4801,3273.21,599.757
7517,85,126,17.105,3605.1,613.743
7518,85,127,15.2874,3784.44,627.4
7519,85,128,21.0688,3212.07,642.571
7520,85,129,17.562,3560.42,656.749
7521,85,130,15.1835,3797.48,670.587
7522,85,131,19.807,3335.13,685.487
7523,85,132,23.4509,2969.52,699.933
7524,85,133,19.2581,3391.6,714.794
7525,86,90,-83.73,12846.5,81.6546
7526,86,91,-157.929,19326.5,94.5419
7527,86,92,-10.155,6371.73,108.669
7528,86,93,-77.5014,12298.2,121.451
7529,86,94,-129.679,16907.2,135.15
7530,86,95,-46.428,9525.65,149.408
7531,86,96,-2.14527,5584.49,163.175
7532,86,97,-52.7981,10109.5,177.247
7533,86,98,-87.3132,13204.3,191.053
7534,86,99,23.0434,3272.23,209.18
7535,86,100,-21.0309,7253.61,223.853
7536,86,101,2.65703,5105.9,237.882
7537,86,102,-10.3104,6285.94,251.631
7538,86,103,-21.5106,7308.89,265.33
7539,86,104,2.00326,5153.45,279.733
7540,86,105,-7.70955,6047.03,293.415
7541,86,106,-18.6722,7059.25,307.179
7542,86,107,-4.95476,5788.1,321.209
7543,86,108,5.79385,4788.48,335.068
7544,86,109,-10.7581,6333.33,349.756
7545,86,110,-18.3487,7044.32,363.471
7546,86,111,9.80045,4398.3,381.81
7547,86,112,-4.20674,5719.64,396.649
7548,86,113,10.6337,4314.75,411.869
7549,86,114,5.22686,4828.4,425.678
7550,86,115,0.430572,5285.64,439.442
7551,86,116,11.05,4269.71,454.298
7552,86,117,5.63625,4789.44,468.211
7553,86,118,0.412861,5292.62,482.135
7554,86,119,7.87206,4571.57,496.615
7555,86,120,13.8089,3995.69,510.808
7556,86,121,6.11601,4744.47,525.627
7557,86,122,4.01071,4950.09,539.217
7558,86,123,14.0415,3967.06,555.518
7559,86,124,8.38887,4522.91,570.001
7560,86,125,16.228,3749.45,585.565
7561,86,126,12.8956,4079.35,599.502
7562,86,127,11.1919,4248.59,613.134
7563,86,128,17.4328,3626.59,628.403
7564,86,129,13.9318,3976.69,642.523
7565,86,130,11.6089,4209.75,656.322
7566,86,131,16.5888,3708.43,671.309
7567,86,132,20.5248,3310.9,685.822
7568,86,133,16.2791,3741.13,700.604
7569,87,91,-714.846,69263.5,78.5177
7570,87,92,-332.175,35460.9,92.8291
7571,87,93,-326.758,34980.6,106.222
7572,87,94,-329.666,35239.4,118.472
7573,87,95,-183.473,22179.5,133.667
7574,87,96,-102.925,14957,147.845
7575,87,97,-144.464,18695.5,161.466
7576,87,98,-169.454,20952.9,174.86
7577,87,99,-29.4821,8262.15,195.441
7578,87,100,-72.3491,12163,208.814
7579,87,101,-38.6604,9086.15,223.048
7580,87,102,-48.0841,9949.99,236.687
7581,87,103,-56.1579,10692.8,250.267
7582,87,104,-26.1817,7924.98,264.94
7583,87,105,-33.9501,8644.85,278.513
7584,87,106,-43.3849,9522.29,292.133
7585,87,107,-26.0075,7900.39,306.354
7586,87,108,-12.3679,6622.81,320.362
7587,87,109,-28.7798,8165.53,334.827
7588,87,110,-35.5012,8799.58,348.413
7589,87,111,-3.72789,5791.71,367.232
7590,87,112,-17.7719,7125.9,381.891
7591,87,113,-0.827399,5510.52,397.321
7592,87,114,-5.80176,5986.4,411.061
7593,87,115,-10.1682,6405.58,424.756
7594,87,116,1.86579,5246.3,439.779
7595,87,117,-3.30474,5746.12,453.612
7596,87,118,-8.29578,6230.25,467.45
7597,87,119,0.143282,5408.85,482.063
7598,87,120,6.88403,4750.5,496.359
7599,87,121,-0.85279,5508.71,511.048
7600,87,122,-2.68789,5689.16,524.599
7601,87,123,8.24724,4610.23,541.089
7602,87,124,2.60202,5169.11,555.472
7603,87,125,11.1399,4321.02,571.178
7604,87,126,7.89533,4644.39,585.059
7605,87,127,6.35242,4798.68,598.662
7606,87,128,13.1209,4119.57,614.05
7607,87,129,9.65761,4468.21,628.107
7608,87,130,7.42342,4693.87,641.861
7609,87,131,12.8107,4147.95,656.951
7610,87,132,17.0821,3713.7,671.545
7611,87,133,12.8023,4150.24,686.24
7612,88,92,212.202,-13896,75.7122
7613,88,93,37.9663,1669.08,88.2118
7614,88,94,-69.9793,11348.2,101.512
7615,88,95,47.84,744.465,114.531
7616,88,96,94.885,-3505.27,127.548
7617,88,97,5.47636,4601.12,142.25
7618,88,98,-51.3191,9769.5,156.139
7619,88,99,92.292,-3346.97,176.934
7620,88,100,24.0956,2904.36,192.094
7621,88,101,48.8192,629.792,204.781
7622,88,102,26.475,2692.9,218.466
7623,88,103,8.07203,4398.24,232.081
7624,88,104,34.0184,1985.23,246.221
7625,88,105,18.698,3415.14,259.852
7626,88,106,2.72811,4910.98,273.614
7627,88,107,17.232,3547.62,287.376
7628,88,108,28.0526,2526.88,300.938
7629,88,109,6.47407,4569.64,316.043
7630,88,110,-3.89733,5554.92,329.749
7631,88,111,27.8901,2524.53,348.471
7632,88,112,10.1931,4217.54,363.634
7633,88,113,26.2899,2672.25,378.724
7634,88,114,18.9384,3380.44,392.536
7635,88,115,12.4928,4003.51,406.29
7636,88,116,23.794,2907.3,420.999
7637,88,117,16.8168,3586.41,434.956
7638,88,118,10.2056,4232.1,448.924
7639,88,119,18.0158,3466.7,463.249
7640,88,120,24.0819,2870.2,477.264
7641,88,121,14.8783,3778.29,492.345
7642,88,122,12.0394,4059.34,505.881
7643,88,123,22.7639,2994.04,522.166
7644,88,124,16.0288,3665.3,536.811
7645,88,125,24.3094,2837.25,552.291
7646,88,126,20.2231,3247.24,566.268
7647,88,127,17.9867,3472.38,579.862
7648,88,128,24.5178,2812.73,595.031
7649,88,129,20.3469,3235.39,609.232
7650,88,130,17.5116,3523.64,623.039
7651,88,131,22.6852,2995.93,637.92
7652,88,132,26.7076,2584.31,652.302
7653,88,133,21.8232,3085.77,667.275
7654,89,93,-219.72,25290.3,74.7141
7655,89,94,-277.752,30532.5,86.2855
7656,89,95,-66.9064,11415.9,101.582
7657,89,96,20.5864,3454.03,113.989
7658,89,97,-72.18,11926.7,128.06
7659,89,98,-124.803,16750.5,141.432
7660,89,99,58.2796,-93.1276,163.256
7661,89,100,-15.6141,6729.72,178.104
7662,89,101,19.0223,3520.09,191.952
7663,89,102,-2.25719,5499.08,204.545
7664,89,103,-19.2829,7088.15,218.059
7665,89,104,13.3261,4033.77,232.4
7666,89,105,-1.36235,5414.48,245.937
7667,89,106,-16.8777,6878.1,259.569
7668,89,107,1.21663,5165.17,273.487
7669,89,108,14.7208,3882.27,287.168
7670,89,109,-7.64306,6014.29,302.045
7671,89,110,-17.6739,6973.92,315.637
7672,89,111,18.0755,3541.97,334.637
7673,89,112,-0.278322,5310.05,349.628
7674,89,113,17.9439,3548.57,364.857
7675,89,114,10.6689,4254.25,378.616
7676,89,115,4.3585,4868.46,392.316
7677,89,116,17.0479,3629.13,407.141
7678,89,117,10.0548,4314.45,421.034
7679,89,118,3.45366,4963.56,434.93
7680,89,119,12.2033,4100.26,449.355
7681,89,120,19.0118,3426.22,463.449
7682,89,121,9.55775,4365.33,478.408
7683,89,122,6.86484,4633.72,491.917
7684,89,123,18.4978,3470.42,508.319
7685,89,124,11.6256,4159.94,522.876
7686,89,125,20.5917,3257.34,538.447
7687,89,126,16.4861,3672.02,552.381
7688,89,127,14.3266,3890.85,565.956
7689,89,128,21.3672,3175.04,581.205
7690,89,129,17.1466,3605.55,595.353
7691,89,130,14.3287,3893.92,609.127
7692,89,131,19.891,3322.85,624.08
7693,89,132,24.2232,2876.64,638.519
7694,89,133,19.2321,3392.38,653.416
7695,90,94,-30.72,7640.92,72.5338
7696,90,95,168.063,-10514.6,85.4556
7697,90,96,213.42,-14672.3,97.815
7698,90,97,49.2536,430.989,112.873
7699,90,98,-42.049,8861.26,126.962
7700,90,99,161.1,-9963.85,147.849
7701,90,100,55.0762,-103.666,163.38
7702,90,101,83.7036,-2775.56,176.97
7703,90,102,49.1993,456.34,190.764
7704,90,103,22.3904,2976.38,203.448
7705,90,104,53.7909,14.2709,217.47
7706,90,105,32.2083,2057.42,231.181
7707,90,106,10.9181,4079.99,245.006
7708,90,107,27.9345,2457.76,258.697
7709,90,108,40.0478,1298.92,272.175
7710,90,109,12.9148,3903.69,287.434
7711,90,110,-0.0292987,5150.64,301.174
7712,90,111,37.3661,1535.75,319.75
7713,90,112,15.7388,3633.6,335.021
7714,90,113,34.1448,1842.08,350.011
7715,90,114,24.9917,2736.03,363.879
7716,90,115,17.0941,3509.99,377.676
7717,90,116,29.7801,2262.54,392.306
7718,90,117,21.3781,3091.54,406.32
7719,90,118,13.5408,3867.43,420.332
7720,90,119,22.2013,3007.16,434.604
7721,90,120,28.804,2349.08,448.566
7722,90,121,18.147,3414.78,463.728
7723,90,122,14.7703,3753.57,477.288
7724,90,123,26.6226,2560.45,493.475
7725,90,124,18.8934,3341.1,508.183
7726,90,125,27.9539,2422.97,523.578
7727,90,126,23.2283,2903.4,537.601
7728,90,127,20.6003,3171.46,551.221
7729,90,128,27.6803,2446.93,566.317
7730,90,129,22.933,2934.33,580.568
7731,90,130,19.6953,3267.81,594.408
7732,90,131,25.267,2692.07,609.229
7733,90,132,29.5506,2248,623.555
7734,90,133,24.0905,2815.85,638.596
7735,91,95,86.664,-2890.22,73.8907
7736,91,96,174.273,-10979.4,85.4989
7737,91,97,-25.6136,7543.37,100.724
7738,91,98,-121.025,16416.6,113.272
7739,91,99,144.818,-8395.38,134.479
7740,91,100,20.8462,3216.64,149.737
7741,91,101,60.9022,-548.62,163.459
7742,91,102,24.4475,2890.27,177.198
7743,91,103,-2.67791,5458.14,190.815
7744,91,104,36.7895,1708.74,203.987
7745,91,105,14.5961,3824.51,217.632
7746,91,106,-7.15385,5905.26,231.356
7747,91,107,13.9906,3875.39,245.176
7748,91,108,28.9991,2429.57,258.754
7749,91,109,0.173053,5216.09,273.801
7750,91,110,-12.7913,6473.63,287.45
7751,91,111,29.381,2368.86,306.164
7752,91,112,6.51351,4602.25,321.28
7753,91,113,27.3222,2563,336.365
7754,91,114,17.9749,3482.15,350.198
7755,91,115,10.0069,4268.33,363.959
7756,91,116,24.2138,2861.84,378.674
7757,91,117,15.6018,3717.3,392.639
7758,91,118,7.61726,4513.09,406.595
7759,91,119,17.2835,3546.47,420.946
7760,91,120,24.6543,2806.93,434.971
7761,91,121,13.5775,3922,450.026
7762,91,122,10.2754,4255.51,463.571
7763,91,123,23.1184,2954.09,479.83
7764,91,124,15.1407,3765.16,494.464
7765,91,125,24.9333,2766.3,509.92
7766,91,126,20.113,3259.58,523.912
7767,91,127,17.5114,3526.68,537.523
7768,91,128,25.1266,2742.32,552.673
7769,91,129,20.2667,3244.5,566.883
7770,91,130,17.0005,3583.1,580.7
7771,91,131,22.9754,2961.71,595.574
7772,91,132,27.5721,2482.12,609.944
7773,91,133,21.9501,3070.56,624.919
7774,92,96,122.772,-6104.03,74.069
7775,92,97,-126.576,17168.5,87.55
7776,92,98,-220.401,25956.8,100.638
7777,92,99,136.746,-7615.13,121.03
7778,92,100,-12.981,6509.16,136.093
7779,92,101,41.8516,1318.33,149.947
7780,92,102,2.23255,5082.15,163.678
7781,92,103,-25.7113,7746.12,177.278
7782,92,104,23.3716,3050.52,191.57
7783,92,105,-0.0754286,5301.44,204.196
7784,92,106,-22.7691,7487.61,217.868
7785,92,107,2.97026,4999.46,231.798
7786,92,108,21.041,3246.6,245.462
7787,92,109,-10.1037,6278.02,260.353
7788,92,110,-23.3509,7571.83,273.954
7789,92,111,24.0945,2922.18,292.677
7790,92,112,-0.447351,5335.46,307.686
7791,92,113,22.8859,3033.25,322.822
7792,92,114,13.1115,4000.91,336.648
7793,92,115,4.88478,4818.1,350.4
7794,92,116,20.6381,3248.02,365.164
7795,92,117,11.6386,4147.97,379.11
7796,92,118,3.35619,4978.97,393.041
7797,92,119,14.0173,3905.75,407.444
7798,92,120,22.1216,3087.21,421.514
7799,92,121,10.4752,4267.38,436.495
7800,92,122,7.16023,4604.41,450.044
7801,92,123,21.0006,3192.69,466.322
7802,92,124,12.6677,4045.42,480.911
7803,92,125,23.1819,2965.97,496.389
7804,92,126,18.1863,3480.52,510.371
7805,92,127,15.5471,3753.23,523.988
7806,92,128,23.6801,2910.11,539.161
7807,92,129,18.6406,3434.22,553.352
7808,92,130,15.2903,3783.77,567.164
7809,92,131,21.6494,3118.18,582.063
7810,92,132,26.5351,2605.18,596.458
7811,92,133,20.6947,3220.37,611.393
7812,93,97,69.288,-1569.2,74.8372
7813,93,98,-121.101,16390.8,87.4879
7814,93,99,309.718,-24393.4,107.259
7815,93,100,79.3157,-2505.16,121.953
7816,93,101,125.823,-6938.85,135.663
7817,93,102,61.4858,-783.927,149.616
7818,93,103,17.688,3420.66,163.389
7819,93,104,67.7182,-1398.91,177.449
7820,93,105,33.8413,1875.85,191.246
7821,93,106,3.0604,4861.6,204.082
7822,93,107,28.7878,2357.47,217.864
7823,93,108,45.8902,687.133,231.404
7824,93,109,8.15794,4384.89,246.543
7825,93,110,-8.59028,6031.8,260.263
7826,93,111,42.2957,1011.05,278.529
7827,93,112,13.4795,3863.86,293.723
7828,93,113,37.7086,1457.1,308.668
7829,93,114,25.6982,2654.14,322.594
7830,93,115,15.6615,3657.8,336.433
7831,93,116,31.8295,2035.61,351.051
7832,93,117,21.2148,3104.16,365.097
7833,93,118,11.5586,4079.44,379.12
7834,93,119,22.4019,2980.66,393.417
7835,93,120,30.4862,2158.75,407.4
7836,93,121,17.4597,3487.45,422.515
7837,93,122,13.4581,3896.95,436.116
7838,93,123,27.7851,2426.05,452.206
7839,93,124,18.5074,3381.65,466.898
7840,93,125,29.3048,2265.91,482.233
7841,93,126,23.6552,2851.59,496.289
7842,93,127,20.5527,3174.25,509.953
7843,93,128,28.8595,2307.58,525.006
7844,93,129,23.2676,2892.86,539.275
7845,93,130,19.4974,3288.73,553.144
7846,93,131,25.9669,2607.27,567.944
7847,93,132,30.881,2088.02,582.26
7848,93,133,24.5437,2759.77,597.291
7849,94,98,-273.882,31159.7,75.2089
7850,94,99,351.47,-28457.2,93.6815
7851,94,100,43.3093,1023.47,109.225
7852,94,101,110.445,-5421.55,122.072
7853,94,102,35.228,1824.35,136.031
7854,94,103,-12.0778,6397.25,149.793
7855,94,104,52.4607,137.006,163.976
7856,94,105,15.4806,3736.4,177.755
7857,94,106,-17.2111,6929.29,191.536
7858,94,107,15.0876,3764.03,204.435
7859,94,108,36.297,1678.43,218.067
7860,94,109,-4.95265,5748.4,233.034
7861,94,110,-22.1288,7448.84,246.702
7862,94,111,35.9154,1683.11,264.987
7863,94,112,4.73758,4790.5,280.062
7864,94,113,32.2638,2037.88,295.066
7865,94,114,19.628,3305.67,308.983
7866,94,115,9.23082,4352.32,322.809
7867,94,116,27.3639,2520.88,337.485
7868,94,117,16.2368,3648.43,351.506
7869,94,118,6.20635,4668.19,365.497
7870,94,119,18.2954,3435.11,379.855
7871,94,120,27.2827,2515.4,393.888
7872,94,121,13.5546,3924.82,408.92
7873,94,122,9.54633,4337.67,422.523
7874,94,123,25.0892,2731.58,438.642
7875,94,124,15.3869,3737.39,453.282
7876,94,125,27.0542,2523.98,468.649
7877,94,126,21.1985,3134.92,482.69
7878,94,127,18.0581,3463.63,496.358
7879,94,128,26.9821,2526.61,511.441
7880,94,129,21.1838,3137.36,525.686
7881,94,130,17.3225,3545.37,539.546
7882,94,131,24.247,2811.37,554.379
7883,94,132,29.5012,2252.67,568.724
7884,94,133,22.9161,2955.09,583.708
7885,95,99,246.312,-18186.8,80.8817
7886,95,100,-129.516,18018,94.9135
7887,95,101,6.18,4900.68,109.012
7888,95,102,-61.775,11492.3,121.837
7889,95,103,-98.037,15021.8,135.476
7890,95,104,-3.39891,5778.83,149.969
7891,95,105,-36.9464,9066.48,163.623
7892,95,106,-66.3489,11957.7,177.242
7893,95,107,-21.5215,7534.76,191.376
7894,95,108,7.94769,4617.31,204.172
7895,95,109,-35.022,8885.63,218.848
7896,95,110,-50.5865,10436.9,232.384
7897,95,111,17.6344,3614.8,251.043
7898,95,112,-14.9764,6886.75,265.914
7899,95,113,17.5224,3615.21,281.09
7900,95,114,5.09725,4870.15,294.946
7901,95,115,-4.90629,5883.84,308.714
7902,95,116,16.1605,3742.05,323.53
7903,95,117,5.03994,4876.35,337.478
7904,95,118,-4.89326,5892.84,351.39
7905,95,119,9.05086,4461.25,365.867
7906,95,120,19.4407,3391.1,379.993
7907,95,121,5.27656,4854.72,394.886
7908,95,122,1.57323,5238.63,408.461
7909,95,123,18.7379,3453.51,424.717
7910,95,124,8.81218,4489.09,439.259
7911,95,125,21.6564,3144.73,454.73
7912,95,126,15.7721,3762.58,468.723
7913,95,127,12.7702,4078.78,482.371
7914,95,128,22.5302,3047.47,497.544
7915,95,129,16.655,3670.25,511.731
7916,95,130,12.8308,4076.89,525.554
7917,95,131,20.3723,3272.46,540.469
7918,95,132,26.1071,2658.84,554.878
7919,95,133,19.3583,3383.21,569.777
7920,96,100,-9.498,6176.18,81.9024
7921,96,101,131.424,-7540.22,94.9599
7922,96,102,8.26929,4487.89,109.002
7923,96,103,-54.5693,10646.1,121.801
7924,96,104,51.44,221.82,136.114
7925,96,105,0.215273,5275.99,149.927
7926,96,106,-41.2898,9385,163.684
7927,96,107,6.83224,4604.87,177.703
7928,96,108,36.4731,1650.67,191.406
7929,96,109,-16.7102,6969,205.26
7930,96,110,-36.7916,8983.83,218.898
7931,96,111,38.2326,1431.39,237.078
7932,96,112,-0.638088,5357.33,252.093
7933,96,113,33.8786,1859.65,267.095
7934,96,114,18.4238,3430.88,281.047
7935,96,115,6.08725,4689.21,294.897
7936,96,116,28.1134,2435.2,309.583
7937,96,117,14.8952,3792.26,323.622
7938,96,118,3.2413,4992.62,337.616
7939,96,119,17.6696,3501.7,352.002
7940,96,120,28.2011,2409.93,366.055
7941,96,121,12.2735,4066.4,381.056
7942,96,122,7.77758,4535.47,394.683
7943,96,123,25.7251,2656.96,410.757
7944,96,124,14.633,3821.64,425.388
7945,96,125,27.9455,2419.39,440.726
7946,96,126,21.2758,3124.15,454.787
7947,96,127,17.7423,3498.71,468.482
7948,96,128,27.7925,2430.04,483.544
7949,96,129,21.2621,3126.61,497.802
7950,96,130,16.9561,3587.35,511.679
7951,96,131,24.6875,2757.52,526.503
7952,96,132,30.4989,2131.82,540.843
7953,96,133,23.1638,2924.01,555.824
7954,97,101,421.314,-36432.6,81.412
7955,97,102,160.478,-10783.7,94.8225
7956,97,103,36.1971,1478.66,108.853
7957,97,104,146.017,-9393.52,121.946
7958,97,105,62.392,-1086.76,135.985
7959,97,106,0.150545,5116.64,149.927
7960,97,107,49.4875,182.949,163.812
7961,97,108,76.9592,-2573.39,177.414
7962,97,109,9.36527,4231.07,192.516
7963,97,110,-17.3099,6925.27,205.277
7964,97,111,65.1199,-1427.62,222.963
7965,97,112,18.0295,3359.91,238.159
7966,97,113,54.4107,-350.984,252.983
7967,97,114,34.9574,1639.74,267.045
7968,97,115,19.5819,3218.29,280.991
7969,97,116,42.4611,861.73,295.543
7970,97,117,26.6177,2498.88,309.688
7971,97,118,12.8386,3927.31,323.774
7972,97,119,27.687,2383.09,338.068
7973,97,120,38.2613,1279.83,352.051
7974,97,121,20.2548,3164.52,367.171
7975,97,122,14.799,3737.37,380.856
7976,97,123,33.5559,1761.64,396.749
7977,97,124,21.1122,3076.54,411.475
7978,97,125,34.8959,1615.46,426.681
7979,97,126,27.3182,2421.22,440.817
7980,97,127,23.1669,2864.03,454.563
7981,97,128,33.5062,1757.72,469.516
7982,97,129,26.2338,2538.3,483.849
7983,97,130,21.382,3060.67,497.782
7984,97,131,29.3022,2205.28,512.519
7985,97,132,35.1802,1568.51,526.792
7986,97,133,27.1955,2436.17,541.858
7987,98,102,-56.49,11057.7,81.5775
7988,98,103,-149.875,20334,94.4798
7989,98,104,44.4857,962.683,108.914
7990,98,105,-34.6629,8877.54,121.792
7991,98,106,-89.168,14346.2,135.542
7992,98,107,-12.1,6588.04,149.697
7993,98,108,31.5644,2177.94,163.472
7994,98,109,-39.7294,9402.38,178.216
7995,98,110,-62.9555,11763.7,191.818
7996,98,111,37.7709,1489.61,208.938
7997,98,112,-11.9518,6577.89,223.891
7998,98,113,32.7248,1991.1,238.908
7999,98,114,13.5341,3967.74,252.892
8000,98,115,-1.16941,5487.1,266.761
8001,98,116,26.3025,2639.18,281.473
8002,98,117,10.4906,4283.62,295.523
8003,98,118,-3.06483,5697.9,309.51
8004,98,119,14.5791,3851.17,323.941
8005,98,120,27.2128,2524.63,338.025
8006,98,121,8.62638,4482.4,352.98
8007,98,122,3.66448,5006.71,366.624
8008,98,123,24.7207,2774.75,382.685
8009,98,124,12.0096,4126.36,397.292
8010,98,125,27.4281,2481.72,412.625
8011,98,126,19.8429,3293.34,426.696
8012,98,127,15.9131,3715.13,440.411
8013,98,128,27.3874,2479.73,455.473
8014,98,129,20.0429,3272.94,469.731
8015,98,130,15.2723,3789.76,483.615
8016,98,131,24.0178,2839.41,498.449
8017,98,132,30.5336,2129.19,512.797
8018,98,133,22.3635,3022.45,527.76
8019,99,103,-677.25,73950.4,78.8668
8020,99,104,-242.311,30311.5,93.6004
8021,99,105,-262.131,32306.8,107.131
8022,99,106,-273.396,33444.5,119.517
8023,99,107,-138.262,19750.9,134.367
8024,99,108,-60.6324,11858.6,148.497
8025,99,109,-128.126,18742.9,162.727
8026,99,110,-140.49,20008.2,176.068
8027,99,111,-12.3389,6851.35,195.296
8028,99,112,-62.0062,11967.1,208.921
8029,99,113,-4.69886,6045.33,224.292
8030,99,114,-21.6104,7798.49,238.147
8031,99,115,-33.9091,9077.56,251.894
8032,99,116,0.253003,5513.31,266.873
8033,99,117,-14.4813,7055.5,280.783
8034,99,118,-26.8951,8358.94,294.628
8035,99,119,-5.30119,6084.39,309.27
8036,99,120,10.2883,4437.1,323.502
8037,99,121,-8.44263,6422.58,338.249
8038,99,122,-12.3956,6842.91,351.827
8039,99,123,11.6299,4280.19,368.172
8040,99,124,-1.05194,5637.15,382.627
8041,99,125,16.4762,3755.8,398.158
8042,99,126,9.1314,4546.59,412.14
8043,99,127,5.66938,4920.48,425.805
8044,99,128,18.5916,3520.58,441.031
8045,99,129,11.3407,4308.51,455.19
8046,99,130,6.81581,4801.72,469.003
8047,99,131,16.6039,3731.56,483.979
8048,99,132,23.9391,2927.13,498.43
8049,99,133,15.6789,3835.75,513.266
8050,100,104,387.702,-34369.8,74.8189
8051,100,105,151.27,-10411.4,88.0248
8052,100,106,18.6729,3069.36,101.644
8053,100,107,114.573,-6712.44,114.206
8054,100,108,153.268,-10672.2,127.07
8055,100,109,29.496,2035.02,143.513
8056,100,110,-13.7749,6491.92,156.953
8057,100,111,114.616,-6775.09,176.199
8058,100,112,37.7756,1190.65,191.894
8059,100,113,89.0152,-4138.27,205.629
8060,100,114,57.3536,-834.904,219.704
8061,100,115,33.647,1646.38,233.584
8062,100,116,63.8804,-1528.13,248.026
8063,100,117,40.4393,941.004,262.208
8064,100,118,20.9377,3001.68,276.274
8065,100,119,39.9077,990.858,290.462
8066,100,120,52.6763,-366.869,304.257
8067,100,121,28.3891,2223.76,319.676
8068,100,122,20.8896,3026.21,333.245
8069,100,123,44.1435,530.288,349.266
8070,100,124,27.846,2284.99,364.143
8071,100,125,44.4995,486.406,379.335
8072,100,126,34.5349,1565.91,393.498
8073,100,127,29.011,2166.17,407.177
8074,100,128,41.2146,835.977,422.089
8075,100,129,31.9722,1846.49,436.488
8076,100,130,25.8243,2520.7,450.397
8077,100,131,35.0361,1507.4,465.086
8078,100,132,41.6987,772.294,479.253
8079,100,133,31.908,1855.8,494.506
8080,101,105,-119.346,17642.5,74.2696
8081,101,106,-205.937,26503.7,85.9236
8082,101,107,-18.4629,7256.31,100.758
8083,101,108,63.165,-1151.35,113.031
8084,101,109,-68.089,12411.6,128.578
8085,101,110,-100.497,15771.2,141.531
8086,101,111,67.0047,-1648.99,162.24
8087,101,112,-14.7067,6876.23,177.468
8088,101,113,52.4901,-157.033,192.548
8089,101,114,21.5233,3094.49,205.438
8090,101,115,-0.566786,5421.3,219.145
8091,101,116,37.7225,1375.4,233.856
8092,101,117,14.601,3826.28,247.847
8093,101,118,-4.19653,5825.09,261.723
8094,101,119,19.416,3306.42,276.131
8095,101,120,35.5106,1584.29,290.072
8096,101,121,10.5452,4263.91,305.224
8097,101,122,3.98612,4970.11,318.701
8098,101,123,30.732,2081.56,335.022
8099,101,124,14.194,3873.17,349.708
8100,101,125,33.2719,1800.03,365.105
8101,101,126,23.4044,2875.59,379.154
8102,101,127,18.2959,3434.13,392.764
8103,101,128,32.1365,1916.27,407.847
8104,101,129,22.8827,2934.19,422.122
8105,101,130,16.931,3590.86,435.94
8106,101,131,27.3108,2442.16,450.778
8107,101,132,34.8727,1602.79,465.049
8108,101,133,24.9023,2712.83,480.149
8109,102,106,-56.142,10825.1,73.7422
8110,102,107,143.892,-9845.06,86.5612
8111,102,108,202.455,-15916.1,99.1792
8112,102,109,3.565,4768.47,115.062
8113,102,110,-51.968,10562.4,128.26
8114,102,111,139.328,-9459.94,147.876
8115,102,112,29.6105,2060.43,163.55
8116,102,113,100.621,-5419.3,178.281
8117,102,114,57.4849,-861.299,192.382
8118,102,115,27.1018,2359.31,205.247
8119,102,116,66.8072,-1862.69,219.715
8120,102,117,37.1599,1299.68,233.886
8121,102,118,13.4969,3831.63,247.908
8122,102,119,37.7671,1226.62,262.15
8123,102,120,53.6242,-480.657,275.964
8124,102,121,24.3509,2680.86,291.327
8125,102,122,15.8523,3601.54,304.881
8126,102,123,43.9509,548.165,320.932
8127,102,124,24.8253,2632.85,335.77
8128,102,125,44.6072,470.035,350.976
8129,102,126,33.0434,1738.19,365.133
8130,102,127,26.8005,2424.92,378.81
8131,102,128,41.0364,854.221,393.739
8132,102,129,30.4859,2021.81,408.122
8133,102,130,23.5993,2786.22,422.018
8134,102,131,34.2266,1603.05,436.732
8135,102,132,41.8302,753.983,450.909
8136,102,133,30.8018,1989.16,466.135
8137,103,107,108.99,-6157.09,75.0109
8138,103,108,198.708,-15517.7,86.7918
8139,103,109,-55.9371,11135.2,102.957
8140,103,110,-110.478,16862,115.011
8141,103,111,136.331,-9135.23,134.535
8142,103,112,5.26909,4713.64,149.991
8143,103,113,93.6158,-4651.11,164.787
8144,103,114,44.4583,575.972,178.871
8145,103,115,11.4049,4101.67,192.716
8146,103,116,59.025,-993.677,206.26
8147,103,117,26.4624,2501.38,220.388
8148,103,118,1.17865,5223.59,234.359
8149,103,119,29.7534,2137.52,248.687
8150,103,120,48.2628,132.333,262.57
8151,103,121,16.4724,3586.89,277.799
8152,103,122,7.91183,4519.99,291.353
8153,103,123,39.4427,1072.62,307.439
8154,103,124,18.9883,3315.79,322.197
8155,103,125,40.9978,894.731,337.442
8156,103,126,28.7713,2243.73,351.574
8157,103,127,22.3706,2952.07,365.253
8158,103,128,38.0424,1212.51,380.222
8159,103,129,26.9321,2449.44,394.567
8160,103,130,19.8075,3245.03,408.446
8161,103,131,31.4292,1943.4,423.204
8162,103,132,39.7262,1011.37,437.42
8163,103,133,28.122,2318.77,452.576
8164,104,108,89.598,-3879.26,74.8983
8165,104,109,-213.559,28053.3,88.9862
8166,104,110,-238.648,30704.3,101.772
8167,104,111,101.906,-5394.35,121.002
8168,104,112,-50.631,10825.4,136.122
8169,104,113,66.5651,-1675.53,151.105
8170,104,114,13.3882,4014.4,165.121
8171,104,115,-19.9957,7597.61,178.907
8172,104,116,39.7813,1161.61,193.609
8173,104,117,5.316,4883.87,206.651
8174,104,118,-20.5194,7682.7,220.533
8175,104,119,14.3395,3894.7,235.005
8176,104,120,36.8399,1442.16,248.992
8177,104,121,2.78644,5165.34,264.043
8178,104,122,-5.23463,6044.98,277.579
8179,104,123,30.7639,2085.14,293.779
8180,104,124,9.18803,4465.68,308.425
8181,104,125,34.0894,1709.93,323.758
8182,104,126,21.4004,3118.41,337.844
8183,104,127,15.0806,3822.01,351.512
8184,104,128,32.5893,1866.88,366.558
8185,104,129,21.0439,3159.96,380.844
8186,104,130,13.8277,3970.58,394.691
8187,104,131,26.7066,2519.55,409.523
8188,104,132,35.9015,1480.53,423.798
8189,104,133,23.7787,2854.45,438.861
8190,105,109,1.8,4866.29,76.0893
8191,105,110,-103.438,16056.6,88.1148
8192,105,111,295.785,-26527.2,106.883
8193,105,112,56.6443,-939.135,121.791
8194,105,113,176.045,-13754.8,136.302
8195,105,114,90.3367,-4526.89,150.633
8196,105,115,36.8924,1245.1,164.628
8197,105,116,97.1509,-5282.91,179.002
8198,105,117,48.5571,-2.38286,193.295
8199,105,118,12.8537,3889.29,206.368
8200,105,119,47.9106,56.4,220.608
8201,105,120,69.0272,-2259.38,234.415
8202,105,121,27.1807,2343.73,249.777
8203,105,122,15.558,3626.11,263.399
8204,105,123,53.1572,-534.87,279.27
8205,105,124,27.1843,2348.11,294.128
8206,105,125,52.7434,-497.457,309.223
8207,105,126,37.2049,1237.67,323.45
8208,105,127,28.9613,2160.95,337.195
8209,105,128,46.7723,160.182,352.047
8210,105,129,33.1686,1692.86,366.477
8211,105,130,24.4647,2676.41,380.417
8212,105,131,37.5097,1197.97,395.092
8213,105,132,46.5897,165.883,409.244
8214,105,133,32.8937,1727.22,424.482
8215,106,110,-256.95,32738.2,75.7897
8216,106,111,326.518,-29887.4,93.375
8217,106,112,10.2707,4161.96,109.055
8218,106,113,171.115,-13209.2,122.654
8219,106,114,67.456,-1979.5,136.969
8220,106,115,7.89891,4492.37,150.943
8221,106,116,84.3851,-3844.62,165.423
8222,106,117,29.82,2121.16,179.66
8223,106,118,-8.49363,6322.89,193.672
8224,106,119,34.6211,1580.27,207.026
8225,106,120,60.3251,-1255.74,220.919
8226,106,121,14.3356,3833.77,236.122
8227,106,122,2.85662,5107.93,249.742
8228,106,123,46.0448,299.651,265.676
8229,106,124,18.0866,3421.64,280.439
8230,106,125,47.1113,170.877,295.592
8231,106,126,30.6295,2022.34,309.786
8232,106,127,22.2342,2968.21,323.529
8233,106,128,42.1789,714.451,338.437
8234,106,129,27.8244,2341.3,352.819
8235,106,130,18.8516,3361.2,366.737
8236,106,131,33.3319,1710.45,381.471
8237,106,132,43.394,560.024,395.672
8238,106,133,28.948,2216.49,410.826
8239,107,111,225.156,-18771.3,80.6285
8240,107,112,-162.72,23248.6,94.7534
8241,107,113,93.5057,-4594.59,109.698
8242,107,114,-16.6657,7414.09,122.862
8243,107,115,-70.764,13328.8,136.717
8244,107,116,36.752,1537.92,151.471
8245,107,117,-19.0735,7678.72,165.552
8246,107,118,-55.6238,11711.4,179.418
8247,107,119,1.37473,5403.6,194.008
8248,107,120,35.5002,1615.67,207.053
8249,107,121,-13.3112,7050.01,222.002
8250,107,122,-22.7692,8106.15,235.577
8251,107,123,28.5147,2362.35,251.742
8252,107,124,-0.602105,5633.14,266.342
8253,107,125,33.4451,1797.16,281.655
8254,107,126,16.6816,3691.43,295.767
8255,107,127,8.81517,4582.96,309.476
8256,107,128,31.793,1971.15,324.518
8257,107,129,17.0934,3646.91,338.806
8258,107,130,8.26711,4656.04,352.665
8259,107,131,24.7526,2765.71,367.52
8260,107,132,36.2486,1443.67,381.808
8261,107,133,21.2618,3172.14,396.834
8262,108,112,-48.54,10612.7,81.7764
8263,108,113,255.034,-22578.1,95.4112
8264,108,114,67.2343,-1982.71,109.854
8265,108,115,-21.3636,7763.06,122.889
8266,108,116,99.067,-5524.45,137.431
8267,108,117,19.6135,3268.41,151.701
8268,108,118,-30.6164,8843.92,165.706
8269,108,119,31.714,1904.47,180.152
8270,108,120,66.422,-1971.25,194.1
8271,108,121,6.22009,4771.36,208.223
8272,108,122,-7.10314,6268,221.881
8273,108,123,48.633,-11.604,237.77
8274,108,124,13.7238,3933.13,252.503
8275,108,125,49.9622,-173.886,267.635
8276,108,126,29.6956,2129.76,281.854
8277,108,127,19.7411,3264.57,295.637
8278,108,128,43.8667,506.206,310.536
8279,108,129,26.7331,2470.86,324.925
8280,108,130,16.3011,3670.53,338.859
8281,108,131,33.4909,1687.98,353.602
8282,108,132,45.2075,332.761,367.812
8283,108,133,28.3788,2284.89,382.944
8284,109,113,637.914,-65333,81.3526
8285,109,114,259.887,-23624.1,95.382
8286,109,115,90.9321,-4926.36,109.708
8287,109,116,213.396,-18519.9,122.968
8288,109,117,90.88,-4879.73,137.541
8289,109,118,16.3509,3442.68,151.746
8290,109,119,81.4745,-3851.17,166.006
8291,109,120,113.674,-7468.21,179.833
8292,109,121,36.9405,1177.06,195.225
8293,109,122,17.3254,3393.58,207.985
8294,109,123,77.2359,-3396.28,223.568
8295,109,124,34.3877,1474.13,238.483
8296,109,125,72.4584,-2865.93,253.413
8297,109,126,47.4403,-5.52638,267.769
8298,109,127,34.5701,1470.26,281.638
8299,109,128,59.6254,-1411.1,296.379
8300,109,129,39.3592,926.264,310.895
8301,109,130,26.831,2375.36,324.918
8302,109,131,44.5999,314.167,339.539
8303,109,132,56.3672,-1054.75,353.662
8304,109,133,37.2994,1169.82,368.927
8305,110,114,-21.762,8108.42,81.8442
8306,110,115,-153.153,22736.6,94.8697
8307,110,116,74.04,-2633.26,109.57
8308,110,117,-44.2664,10617.1,122.786
8309,110,118,-105.325,17476,136.684
8310,110,119,-2.84145,5929.49,151.337
8311,110,120,50.5424,-102.881,165.369
8312,110,121,-28.4578,8850.47,180.329
8313,110,122,-41.0295,10279.4,193.95
8314,110,123,35.7761,1523.62,209.014
8315,110,124,-7.25721,6443.76,223.639
8316,110,125,40.7779,935.727,238.871
8317,110,126,16.5437,3722.67,253.048
8318,110,127,5.67641,4976.03,266.809
8319,110,128,36.4105,1421.11,281.797
8320,110,129,16.4392,3737.78,296.127
8321,110,130,4.90075,5080.09,310.016
8322,110,131,26.2786,2586.01,324.853
8323,110,132,40.6623,903.121,339.114
8324,110,133,21.3142,3173.29,354.164
8325,111,115,-621.804,76006.6,80.0748
8326,111,116,-162.663,24429.8,94.7932
8327,111,117,-247.142,33947.8,108.657
8328,111,118,-272.746,36841,121.281
8329,111,119,-110.284,18428.6,136.582
8330,111,120,-24.7349,8704.56,150.918
8331,111,121,-104.412,17787.7,165.474
8332,111,122,-106.42,18017.3,179.019
8333,111,123,-7.73802,6701.8,195.615
8334,111,124,-50.7026,11642.7,208.995
8335,111,125,9.52993,4695.9,224.535
8336,111,126,-13.8276,7397.59,238.581
8337,111,127,-22.4003,8392.02,252.28
8338,111,128,14.8684,4056.44,267.504
8339,111,129,-4.93758,6367.13,281.694
8340,111,130,-15.4922,7602.02,295.492
8341,111,131,9.86384,4626.91,310.529
8342,111,132,27.0473,2604.99,324.923
8343,111,133,7.20077,4946.88,339.798
8344,112,116,415.398,-41854.5,78.5775
8345,112,117,110.073,-7251,92.2041
8346,112,118,-24.9086,8091.86,106.042
8347,112,119,116.21,-7995.66,119.372
8348,112,120,170.438,-14195.7,132.891
8349,112,121,35.7909,1243.81,148.661
8350,112,122,7.92655,4448.21,162.14
8351,112,123,103.998,-6631.99,178.059
8352,112,124,37.233,1090.45,193.088
8353,112,125,93.508,-5437.44,207.048
8354,112,126,55.839,-1055.29,221.416
8355,112,127,37.4864,1085.85,235.165
8356,112,128,72.0941,-2963.26,249.908
8357,112,129,43.7291,364.907,264.459
8358,112,130,26.9406,2340.35,278.394
8359,112,131,50.589,-450.16,293.028
8360,112,132,65.5304,-2218.23,307.052
8361,112,133,40.3812,766.15,322.477
8362,113,117,-293.754,39458.3,77.476
8363,113,118,-339.12,44645.1,89.5207
8364,113,119,-67.9071,13546,105.271
8365,113,120,45.9071,457.403,118.203
8366,113,121,-90.988,16246,133.19
8367,113,122,-99.0695,17180.7,146.391
8368,113,123,33.9229,1753.62,163.357
8369,113,124,-32.2901,9456.39,177.921
8370,113,125,43.3385,633.065,193.393
8371,113,126,7.4553,4831.39,206.474
8372,113,127,-6.89314,6514.95,220.041
8373,113,128,37.588,1281,235.172
8374,113,129,9.94544,4542.82,249.448
8375,113,130,-4.95467,6306,263.18
8376,113,131,24.5404,2805.91,278.138
8377,113,132,43.5808,540.105,292.349
8378,113,133,18.1269,3577.61,307.485
8379,114,118,-60.684,12160.9,75.928
8380,114,119,208.121,-18841.3,89.4089
8381,114,120,275.589,-26645,102.455
8382,114,121,47.0493,-134.449,118.172
8383,114,122,6.497,4583.13,131.442
8384,114,123,144.975,-11572.6,147.594
8385,114,124,46.5316,-54.7593,162.858
8386,114,125,121.628,-8866.06,177.769
8387,114,126,68.1798,-2576.99,192.232
8388,114,127,43.1066,381.639,204.935
8389,114,128,86.8519,-4794.89,219.641
8390,114,129,49.5961,-373.861,234.272
8391,114,130,28.2782,2162.96,248.178
8392,114,131,57.358,-1307.22,262.803
8393,114,132,74.9482,-3412.18,276.745
8394,114,133,43.8121,324.151,292.318
8395,115,119,165.66,-13845,77.3867
8396,115,120,269.77,-25956.5,89.5993
8397,115,121,-22.4036,8130.44,105.701
8398,115,122,-55.7307,12029.7,117.945
8399,115,123,127.348,-9451.52,134.243
8400,115,124,12.7418,4033.81,149.257
8401,115,125,107.636,-7163.66,164.281
8402,115,126,47.6115,-60.802,178.644
8403,115,127,21.8453,2996.79,192.321
8404,115,128,74.8772,-3314.02,206.137
8405,115,129,34.2506,1534.1,220.65
8406,115,130,12.1862,4174.47,234.494
8407,115,131,46.5803,47.1768,249.234
8408,115,132,67.3225,-2448.8,263.259
8409,115,133,33.7116,1606.92,278.663
8410,116,120,155.466,-12392.4,77.3466
8411,116,121,-195.998,28846,91.5399
8412,116,122,-189.249,28051.9,104.719
8413,116,123,72.9793,-2891.03,120.609
8414,116,124,-55.013,12254.7,135.272
8415,116,125,72.4105,-2866.2,150.561
8416,116,126,7.87745,4813.24,164.766
8417,116,127,-15.5608,7610.2,178.386
8418,116,128,51.3847,-400.946,193.41
8419,116,129,8.31033,4767.98,206.76
8420,116,130,-13.2373,7360.88,220.514
8421,116,131,28.634,2308.41,235.439
8422,116,132,53.9278,-752.139,249.583
8423,116,133,18.0707,3598.53,264.781
8424,117,121,98.322,-6374.25,77.9736
8425,117,122,9.21429,4170.16,90.2247
8426,117,123,289.661,-29109.5,105.974
8427,117,124,75.5,-3624.35,120.56
8428,117,125,202.237,-18748.3,135.201
8429,117,126,98.832,-6374.17,149.892
8430,117,127,54.5951,-1065.74,163.689
8431,117,128,121.006,-9057.13,178.256
8432,117,129,60.5934,-1767.4,192.998
8433,117,130,28.4985,2116.07,205.941
8434,117,131,70.3879,-2966.5,220.522
8435,117,132,93.6242,-5793.58,234.409
8436,117,133,48.8784,-334.593,250.04
8437,118,122,-182.334,27283.7,77.492
8438,118,123,255.444,-24957.9,92.5878
8439,118,124,-10.1293,6822.42,107.757
8440,118,125,169.699,-14757,121.608
8441,118,126,50.546,-418.899,136.113
8442,118,127,7.11891,4821.3,149.842
8443,118,128,94.236,-5719.86,164.606
8444,118,129,28.2168,2290.47,179.153
8445,118,130,-3.83473,6190.07,192.99
8446,118,131,48.6579,-214.032,206.763
8447,118,132,77.8896,-3790.05,220.77
8448,118,133,29.5174,2143.61,236.159
8449,119,123,43.404,840.348,79.572
8450,119,124,-240.014,34944.9,93.0178
8451,119,125,56.8757,-879.711,108.515
8452,119,126,-63.86,13729.3,121.68
8453,119,127,-91.514,17084.7,135.261
8454,119,128,32.7531,1965.5,150.466
8455,119,129,-34.0909,10120.5,164.719
8456,119,130,-61.0997,13424.5,178.381
8457,119,131,8.27868,4914.13,193.516
8458,119,132,47.4549,95.4583,206.718
8459,119,133,-3.309,6356.33,221.795
8460,120,124,-108.66,18832.2,80.2548
8461,120,125,243.408,-23885.4,94.1548
8462,120,126,34.8814,1485.37,108.69
8463,120,127,-24.3714,8714.22,121.434
8464,120,128,112.59,-8040.73,136.239
8465,120,129,16.4098,3757.38,150.766
8466,120,130,-24.6916,8812.85,164.577
8467,120,131,50.1818,-421.538,179.418
8468,120,132,88.9385,-5214.44,193.431
8469,120,133,24.9964,2714.37,207.785
8470,121,125,675.216,-77285.6,79.5785
8471,121,126,253.245,-25664.4,94.0727
8472,121,127,114.673,-8666.31,108.1
8473,121,128,251.114,-25448.5,121.405
8474,121,129,102.777,-7153.68,136.42
8475,121,130,36.1818,1081.93,150.451
8476,121,131,113.601,-8518.02,164.949
8477,121,132,148.247,-12825.7,178.744
8478,121,133,65.3433,-2490.38,194.519
8479,122,126,-52.578,12461.4,80.4728
8480,122,127,-135.399,22676.1,93.1527
8481,122,128,111.474,-7853.88,108.066
8482,122,129,-39.0371,10809.4,121.531
8483,122,130,-88.917,17011.2,135.22
8484,122,131,29.0055,2310.18,150.264
8485,122,132,85.332,-4730.64,164.294
8486,122,133,-0.903147,6077.5,179.57
8487,123,127,-483.42,66410.7,79.2217
8488,123,128,-38.2491,11061.1,93.9774
8489,123,129,-188.985,29852.8,108.072
8490,123,130,-213.848,32960.7,120.613
8491,123,131,-41.958,11417.2,136.182
8492,123,132,39.8265,1139.56,150.441
8493,123,133,-53.814,12938.3,165.375
8494,124,128,431.124,-48392.8,78.9385
8495,124,129,73.6851,-3593.84,92.9723
8496,124,130,-33.33,9854.4,106.698
8497,124,131,136.403,-11531.9,120.444
8498,124,132,196.726,-19152.8,134.119
8499,124,133,52.9775,-944.619,150.012
8500,125,129,-317.694,46372.2,78.5921
8501,125,130,-329.921,47916.9,90.8191
8502,125,131,-26.9529,9540.94,106.798
8503,125,132,89.29,-5221.9,119.822
8504,125,133,-62.528,14109.6,135.019
8505,126,130,-18.696,7872.62,76.9984
8506,126,131,281.52,-30354.9,90.7041
8507,126,132,342.84,-38183.4,103.892
8508,126,133,89.68,-5778.92,119.812
8509,127,131,197.868,-19508,78.3967
8510,127,132,307.512,-33579,90.7902
8511,127,133,-7.88571,7002.19,106.973
8512,128,132,226.284,-22965.2,78.4757
8513,128,133,-167.17,27921.6,92.8946
8514,129,133,170.43,-16529.1,79.0332
