id,low,hi,m,q,cost
0,0,4,992,3424,72.8245
1,0,5,1028.57,3375.24,83.9668
2,0,6,1102.86,3251.43,96.5338
3,0,7,991.905,3473.33,109.841
4,0,8,826,3860.44,128.034
5,0,9,633.212,4374.55,147.831
6,0,10,381.091,5130.91,170.295
7,0,11,124.056,5987.69,191.677
8,0,12,8.13187,6412.75,207.794
9,0,13,-61.5385,6691.43,222.133
10,0,14,-106.286,6885.33,237.118
11,0,15,-101.235,6861.76,251.634
12,0,16,-47.1569,6591.37,267.243
13,0,17,21.7957,6223.63,283.996
14,0,18,66.386,5970.95,299.679
15,0,19,101.925,5757.71,315.119
16,0,20,119.636,5645.54,329.93
17,0,21,105.906,5737.08,344.638
18,0,22,80.83,5912.61,359.962
19,0,23,36.713,6236.13,377.468
20,0,24,4.98462,6479.38,393.769
21,0,25,-14.8786,6638.29,409.141
22,0,26,-32.4298,6784.55,424.44
23,0,27,-25.5501,6724.93,439.128
24,0,28,-8.51232,6571.59,454.613
25,0,29,4.87653,6446.62,469.821
26,0,30,27.4194,6228.71,486.525
27,0,31,41.9721,6083.18,502.095
28,0,32,49.3182,6007.27,516.942
29,0,33,47.1261,6030.66,531.502
30,0,34,32.8739,6187.43,547.472
31,0,35,18.3784,6351.71,563.663
32,0,36,3.30014,6527.62,580.178
33,0,37,-5.1603,6629.15,595.427
34,0,38,-6.67206,6647.79,610.002
35,0,39,-7.65103,6660.2,624.54
36,0,40,-4.42509,6618.26,639.187
37,0,41,0.901062,6547.24,654.111
38,0,42,10.7158,6413.11,670.238
39,0,43,17.6434,6316.12,685.621
40,0,44,19.3465,6291.71,700.162
41,0,45,18.119,6309.71,714.656
42,0,46,12.8446,6388.83,729.809
43,0,47,5.51672,6501.19,745.739
44,0,48,-2.33469,6624.2,762.026
45,0,49,-8.8048,6727.72,777.828
46,0,50,-11.4462,6770.86,792.538
47,0,51,-12.4631,6787.81,807.029
48,0,52,-8.98242,6728.64,821.972
49,0,53,-2.62398,6618.42,838.222
50,0,54,3.3824,6512.31,854.391
51,0,55,10.7163,6380.3,871.557
52,0,56,14.7446,6306.45,886.908
53,0,57,13.9961,6320.42,901.421
54,0,58,10.2466,6391.66,916.765
55,0,59,5.20367,6489.16,932.922
56,0,60,2.40931,6544.11,947.951
57,0,61,-0.925688,6610.81,963.266
58,0,62,-2.70161,6646.92,977.988
59,0,63,-2.52381,6643.25,992.444
60,0,64,-1.12762,6613.93,1007.07
61,0,65,2.10082,6545.06,1022.56
62,0,66,5.67803,6467.55,1038.37
63,0,67,9.55529,6382.25,1054.51
64,0,68,10.8571,6353.18,1069.16
65,0,69,8.99519,6395.38,1084.04
66,0,70,7.13481,6438.17,1098.94
67,0,71,5.37141,6479.32,1113.81
68,0,72,3.38763,6526.26,1128.83
69,0,73,1.25405,6577.47,1143.99
70,0,74,-1.05149,6633.57,1159.32
71,0,75,-1.41517,6642.54,1173.74
72,0,76,-0.790788,6626.93,1188.21
73,0,77,1.42339,6570.84,1203.61
74,0,78,4.68744,6487.06,1220.33
75,0,79,8.30098,6393.11,1237.69
76,0,80,9.87534,6351.65,1252.69
77,0,81,9.07173,6373.08,1267.26
78,0,82,7.21548,6423.2,1282.57
79,0,83,4.20533,6505.48,1299.45
80,0,84,2.05589,6564.95,1315.19
81,0,85,0.0513232,6621.07,1330.81
82,0,86,-1.41066,6662.5,1345.9
83,0,87,-1.67095,6669.96,1360.34
84,0,88,-0.234934,6628.31,1375.46
85,0,89,2.74865,6540.8,1393.06
86,0,90,5.73849,6452.1,1410.77
87,0,91,8.11276,6380.87,1427.34
88,0,92,8.9314,6356.04,1442.07
89,0,93,9.04786,6352.47,1456.53
90,0,94,7.65118,6395.76,1471.83
91,0,95,5.20103,6472.53,1488.97
92,1,5,1348,2204,61.2765
93,1,6,1340.57,2221.33,70.0676
94,1,7,1130,2782.86,95.0069
95,1,8,888.095,3508.57,114.731
96,1,9,638.667,4340,134.493
97,1,10,335.03,5453.33,156.03
98,1,11,39.6364,6634.91,176.518
99,1,12,-81.5385,7160,192.293
100,1,13,-148.132,7470.77,207.383
101,1,14,-186.901,7664.62,221.167
102,1,15,-170.429,7576.76,235.708
103,1,16,-100.941,7183,251.646
104,1,17,-17.549,6682.65,268.736
105,1,18,36.3674,6341.18,284.603
106,1,19,78.807,6058.25,300.179
107,1,20,100.602,5905.68,315.078
108,1,21,87.3766,6002.67,329.764
109,1,22,61.7053,6199.48,344.987
110,1,23,15.415,6569.8,362.236
111,1,24,-17.1826,6841.45,378.348
112,1,25,-36.8615,7012,393.592
113,1,26,-54.0718,7166.89,408.764
114,1,27,-45.0794,7082.96,423.511
115,1,28,-25.4297,6893.02,439.141
116,1,29,-9.95074,6738.23,454.461
117,1,30,15.0834,6479.54,471.323
118,1,31,31.371,6305.81,486.993
119,1,32,39.8387,6212.66,501.901
120,1,33,38.0882,6232.5,516.462
121,1,34,23.5294,6402.35,532.323
122,1,35,8.7395,6579.83,548.391
123,1,36,-6.64093,6769.52,564.766
124,1,37,-15.0213,6875.68,579.935
125,1,38,-16.0937,6889.62,594.498
126,1,39,-16.6397,6896.9,609.028
127,1,40,-12.803,6844.46,623.715
128,1,41,-6.80836,6760.54,638.706
129,1,42,3.84086,6607.9,654.945
130,1,43,11.4105,6496.88,670.407
131,1,44,13.4743,6465.92,684.973
132,1,45,12.4532,6481.58,699.461
133,1,46,7.19581,6563.94,714.552
134,1,47,-0.203515,6682.33,730.387
135,1,48,-8.14373,6812.02,746.565
136,1,49,-14.6408,6920.31,762.273
137,1,50,-17.1544,6963.04,776.942
138,1,51,-17.9873,6977.47,791.416
139,1,52,-14.1603,6909.86,806.417
140,1,53,-7.36655,6787.58,822.774
141,1,54,-0.962074,6670.16,839.038
142,1,55,6.79654,6525.33,856.308
143,1,56,11.1087,6443.4,871.716
144,1,57,10.4615,6455.91,886.225
145,1,58,6.7046,6529.8,901.515
146,1,59,1.61075,6631.68,917.592
147,1,60,-1.15699,6687.95,932.576
148,1,61,-4.4844,6756.72,947.834
149,1,62,-6.20282,6792.81,962.526
150,1,63,-5.90822,6786.52,976.985
151,1,64,-4.36264,6753.04,991.636
152,1,65,-0.935315,6677.63,1007.19
153,1,66,2.84229,6593.27,1023.07
154,1,67,6.91995,6500.84,1039.28
155,1,68,8.3376,6468.24,1053.95
156,1,69,6.4947,6511.24,1068.8
157,1,70,4.65261,6554.83,1083.67
158,1,71,2.90946,6596.67,1098.5
159,1,72,0.938967,6644.62,1113.49
160,1,73,-1.18598,6697.03,1128.6
161,1,74,-3.48789,6754.58,1143.88
162,1,75,-3.7963,6762.39,1158.3
163,1,76,-3.09282,6744.34,1172.77
164,1,77,-0.761344,6683.72,1188.23
165,1,78,2.64242,6594.09,1205.03
166,1,79,6.39922,6493.9,1222.46
167,1,80,8.06048,6449.05,1237.49
168,1,81,7.28184,6470.33,1252.05
169,1,82,5.42397,6521.73,1267.32
170,1,83,2.38445,6606.84,1284.13
171,1,84,0.227194,6667.96,1299.82
172,1,85,-1.78151,6725.55,1315.38
173,1,86,-3.23487,6767.69,1330.44
174,1,87,-3.45921,6774.27,1344.87
175,1,88,-1.94991,6729.5,1360.03
176,1,89,1.13926,6636.82,1377.71
177,1,90,4.2313,6543.03,1395.49
178,1,91,6.69087,6467.6,1412.12
179,1,92,7.55822,6440.72,1426.87
180,1,93,7.70672,6436.06,1441.34
181,1,94,6.30885,6480.33,1456.6
182,1,95,3.83539,6559.48,1473.67
183,2,6,1268,2560,58.1075
184,2,7,1011.43,3415.24,81.2318
185,2,8,734.286,4431.43,100.705
186,2,9,460.952,5524.76,118.451
187,2,10,129.333,6961.78,139.204
188,2,11,-184,8424,158.951
189,2,12,-286.545,8936.73,174.057
190,2,13,-330.07,9168.86,188.588
191,2,14,-346.813,9263.74,202.893
192,2,15,-305.143,9013.71,216.488
193,2,16,-208.429,8401.19,233.461
194,2,17,-101.176,7686.18,251.631
195,2,18,-31.0784,7195.49,267.988
196,2,19,23.5707,6794.73,283.904
197,2,20,53.4737,6565.47,298.957
198,2,21,43.6391,6644.15,313.529
199,2,22,19.6883,6843.74,328.532
200,2,23,-26.9904,7248.29,345.436
201,2,24,-58.7352,7533.99,361.252
202,2,25,-76.5913,7700.65,376.262
203,2,26,-92,7849.6,391.201
204,2,27,-79.3983,7723.58,406.029
205,2,28,-55.7509,7479.23,421.958
206,2,29,-37.0005,7279.22,437.492
207,2,30,-8.37438,6964.33,454.747
208,2,31,10.5628,6749.71,470.625
209,2,32,20.9194,6628.89,485.626
210,2,33,20.2419,6637.02,500.149
211,2,34,5.88235,6814.12,515.83
212,2,35,-8.7395,6999.33,531.709
213,2,36,-24,7197.71,547.886
214,2,37,-31.8816,7302.8,562.909
215,2,38,-32.1005,7305.79,577.421
216,2,39,-31.8328,7302.05,591.907
217,2,40,-27.0202,7233.07,606.64
218,2,41,-20.015,7130.32,621.736
219,2,42,-8.20209,6953.13,638.211
220,2,43,0.301434,6822.74,653.818
221,2,44,2.97795,6780.81,668.405
222,2,45,2.3876,6790.26,682.851
223,2,46,-2.65613,6872.64,697.829
224,2,47,-9.94881,6994.18,713.52
225,2,48,-17.8122,7127.86,729.545
226,2,49,-24.1772,7238.18,745.113
227,2,50,-26.4041,7277.53,759.695
228,2,51,-26.9004,7286.46,774.116
229,2,52,-22.5738,7207.14,789.209
230,2,53,-15.1951,7069.4,805.779
231,2,54,-8.25351,6937.51,822.232
232,2,55,0.0625119,6776.74,839.733
233,2,56,4.77633,6684.03,855.243
234,2,57,4.33219,6692.91,869.722
235,2,58,0.658543,6767.61,884.918
236,2,59,-4.40247,6872.21,900.879
237,2,60,-7.0602,6928.02,915.782
238,2,61,-10.3018,6997.17,930.945
239,2,62,-11.8858,7031.49,945.571
240,2,63,-11.3984,7020.77,960.017
241,2,64,-9.62942,6981.26,974.699
242,2,65,-5.9304,6897.42,990.363
243,2,66,-1.88287,6804.33,1006.37
244,2,67,2.46154,6702.96,1022.72
245,2,68,4.05459,6665.25,1037.42
246,2,69,2.28347,6707.76,1052.21
247,2,70,0.510047,6750.91,1067.01
248,2,71,-1.16455,6792.22,1081.78
249,2,72,-3.07579,6840,1096.69
250,2,73,-5.14824,6892.5,1111.72
251,2,74,-7.40466,6950.42,1126.92
252,2,75,-7.61555,6955.9,1141.31
253,2,76,-6.79147,6934.2,1155.79
254,2,77,-4.3013,6867.8,1171.35
255,2,78,-0.717178,6771.02,1188.3
256,2,79,3.22209,6663.35,1205.9
257,2,80,5.00584,6614,1220.99
258,2,81,4.28411,6634.21,1235.5
259,2,82,2.45438,6686.05,1250.7
260,2,83,-0.586846,6773.23,1267.43
261,2,84,-2.72449,6835.23,1283.03
262,2,85,-4.71074,6893.49,1298.52
263,2,86,-6.12937,6935.57,1313.51
264,2,87,-6.29162,6940.44,1327.92
265,2,88,-4.68251,6891.63,1343.14
266,2,89,-1.46103,6792.84,1360.99
267,2,90,1.75894,6693.02,1378.92
268,2,91,4.32811,6612.52,1395.66
269,2,92,5.26644,6582.81,1410.44
270,2,93,5.468,6576.36,1424.9
271,2,94,4.08821,6620.97,1440.1
272,2,95,1.60936,6701.95,1457.1
273,3,7,892,4092,69.4961
274,3,8,562.286,5520.76,86.2733
275,3,9,260,6931.43,103.766
276,3,10,-104.286,8752.86,122.565
277,3,11,-435.333,10518.4,141.467
278,3,12,-508.121,10930.9,155.908
279,3,13,-519.273,10997.8,169.963
280,3,14,-507.273,10921.8,183.938
281,3,15,-434.505,10436.7,199.03
282,3,16,-305.495,9533.63,216.467
283,3,17,-171,8547.33,235.678
284,3,18,-83.4118,7875.82,252.452
285,3,19,-16.1765,7337.94,268.631
286,3,20,21.4654,7024.26,283.829
287,3,21,13.9649,7089.26,298.382
288,3,22,-9.41353,7299.67,313.274
289,3,23,-57.7662,7750.96,329.899
290,3,24,-89.5991,8058.68,345.507
291,3,25,-106.324,8225.93,360.38
292,3,26,-120.539,8372.82,375.183
293,3,27,-104.646,8203.29,390.126
294,3,28,-77.2376,7901.8,406.284
295,3,29,-55.5067,7655.51,421.985
296,3,30,-23.514,7282.27,439.459
297,3,31,-2.2266,7026.82,455.465
298,3,32,9.67297,6880.06,470.544
299,3,33,9.67742,6880,485.079
300,3,34,-4.91935,7069.76,500.656
301,3,35,-19.7727,7267.8,516.416
302,3,36,-35.2819,7479.76,532.455
303,3,37,-42.9692,7587.38,547.405
304,3,38,-42.5843,7581.87,561.918
305,3,39,-41.7354,7569.42,576.409
306,3,40,-36.1484,7485.61,591.2
307,3,41,-28.3158,7365.51,606.379
308,3,42,-15.4972,7164.69,622.981
309,3,43,-6.223,7016.3,638.677
310,3,44,-3.10834,6965.43,653.299
311,3,45,-3.44307,6971.01,667.749
312,3,46,-8.45102,7056.14,682.674
313,3,47,-15.8103,7183.7,698.277
314,3,48,-23.7607,7324.16,714.201
315,3,49,-30.1434,7439.05,729.682
316,3,50,-32.2145,7477.02,744.234
317,3,51,-32.4939,7482.23,758.647
318,3,52,-27.7705,7392.49,773.809
319,3,53,-19.8986,7240.3,790.491
320,3,54,-12.5092,7094.97,807.04
321,3,55,-3.71876,6919.16,824.638
322,3,56,1.3097,6816.92,840.206
323,3,57,0.975469,6823.83,854.687
324,3,58,-2.7095,6901.21,869.839
325,3,59,-7.82992,7010.45,885.729
326,3,60,-10.4611,7067.46,900.597
327,3,61,-13.6973,7138.65,915.713
328,3,62,-15.2209,7172.68,930.317
329,3,63,-14.6081,7158.79,944.775
330,3,64,-12.6786,7114.41,959.49
331,3,65,-8.76536,7023.1,975.216
332,3,66,-4.50275,6922.22,991.283
333,3,67,0.0559441,6812.81,1007.7
334,3,68,1.77017,6771.1,1022.43
335,3,69,0.0143667,6814.41,1037.19
336,3,70,-1.74447,6858.38,1051.97
337,3,71,-3.40227,6900.38,1066.71
338,3,72,-5.30417,6949.19,1081.59
339,3,73,-7.37223,7002.96,1096.59
340,3,74,-9.62956,7062.4,1111.75
341,3,75,-9.78526,7066.56,1126.13
342,3,76,-8.88027,7042.12,1140.64
343,3,77,-6.26799,6970.72,1156.24
344,3,78,-2.5378,6867.52,1173.26
345,3,79,1.55108,6753.03,1190.92
346,3,80,3.42341,6699.98,1206.04
347,3,81,2.72347,6720.04,1220.55
348,3,82,0.887014,6773.3,1235.72
349,3,83,-2.19061,6863.58,1252.38
350,3,84,-4.34127,6927.38,1267.94
351,3,85,-6.33643,6987.24,1283.39
352,3,86,-7.75013,7030.12,1298.34
353,3,87,-7.87805,7034.04,1312.75
354,3,88,-6.19463,6981.86,1328.01
355,3,89,-2.86433,6877.51,1345.92
356,3,90,0.460709,6772.21,1363.91
357,3,91,3.11679,6687.22,1380.69
358,3,92,4.10289,6655.33,1395.49
359,3,93,4.33445,6647.77,1409.96
360,3,94,2.94931,6693.48,1425.14
361,3,95,0.441646,6777.07,1442.08
362,4,8,308,7216,72.3416
363,4,9,-10.2857,8913.52,87.469
364,4,10,-401.429,11130,106.406
365,4,11,-740.952,13167.1,123.453
366,4,12,-762,13300.4,137.226
367,4,13,-724.606,13051.2,151.005
368,4,14,-673.091,12690.5,164.988
369,4,15,-560.559,11865.3,181.307
370,4,16,-392.308,10575.4,201.509
371,4,17,-226.198,9246.51,220.506
372,4,18,-119.571,8357.95,237.537
373,4,19,-39.4118,7663.24,253.854
374,4,20,5.39216,7260,269.143
375,4,21,-1.15583,7321.11,283.731
376,4,22,-25.4035,7555.51,298.598
377,4,23,-76.9925,8071.4,315.041
378,4,24,-110.026,8412.74,330.53
379,4,25,-126.414,8587.56,345.347
380,4,26,-140.119,8738.3,360.093
381,4,27,-121.27,8524.68,375.137
382,4,28,-90.3385,8163.82,391.422
383,4,29,-65.9282,7870.89,407.214
384,4,30,-30.7937,7437.57,424.745
385,4,31,-7.46579,7142.08,440.796
386,4,32,5.61576,6972.02,455.917
387,4,33,5.89099,6968.35,470.483
388,4,34,-9.40323,7177.37,486.023
389,4,35,-24.9047,7394.39,501.73
390,4,36,-41.0428,7625.7,517.697
391,4,37,-48.8434,7740.11,532.626
392,4,38,-48.1008,7728.97,547.163
393,4,39,-46.8983,7710.54,561.68
394,4,40,-40.7302,7613.9,576.516
395,4,41,-32.2442,7478.13,591.741
396,4,42,-18.5668,7254.73,608.376
397,4,43,-8.67542,7089.87,624.101
398,4,44,-5.2892,7032.31,638.754
399,4,45,-5.53602,7036.58,653.224
400,4,46,-10.6796,7127.45,668.142
401,4,47,-18.272,7264.12,683.709
402,4,48,-26.4664,7414.35,699.583
403,4,49,-33.0089,7536.48,715.026
404,4,50,-35.0463,7575.19,729.579
405,4,51,-35.2193,7578.53,744.007
406,4,52,-30.1918,7479.66,759.205
407,4,53,-21.9083,7313.99,775.916
408,4,54,-14.1502,7156.24,792.485
409,4,55,-4.95859,6966.28,810.085
410,4,56,0.306402,6855.71,825.669
411,4,57,-0.00304936,6862.32,840.167
412,4,58,-3.78644,6944.29,855.311
413,4,59,-9.05126,7060.11,871.172
414,4,60,-11.7319,7119.98,886.036
415,4,61,-15.0358,7194.87,901.14
416,4,62,-16.5658,7230.06,915.747
417,4,63,-15.8877,7214.24,930.224
418,4,64,-13.853,7166.08,944.961
419,4,65,-9.77563,7068.23,960.706
420,4,66,-5.34562,6960.43,976.786
421,4,67,-0.618132,6843.82,993.205
422,4,68,1.16958,6799.13,1007.95
423,4,69,-0.62123,6844.49,1022.72
424,4,70,-2.4136,6890.5,1037.5
425,4,71,-4.10047,6934.36,1052.24
426,4,72,-6.03727,6985.36,1067.12
427,4,73,-8.14347,7041.52,1082.11
428,4,74,-10.4427,7103.6,1097.26
429,4,75,-10.5801,7107.36,1111.65
430,4,76,-9.62853,7081.03,1126.17
431,4,77,-6.92544,7005.34,1141.79
432,4,78,-3.07824,6896.34,1158.81
433,4,79,1.13247,6775.63,1176.46
434,4,80,3.0643,6719.61,1191.6
435,4,81,2.35562,6740.4,1206.12
436,4,82,0.481986,6795.98,1221.28
437,4,83,-2.66245,6890.32,1237.91
438,4,84,-4.85456,6956.81,1253.45
439,4,85,-6.88586,7019.1,1268.89
440,4,86,-8.32039,7063.57,1283.84
441,4,87,-8.43778,7067.25,1298.26
442,4,88,-6.70158,7012.27,1313.54
443,4,89,-3.28204,6902.85,1331.44
444,4,90,0.129037,6792.56,1349.42
445,4,91,2.85302,6703.57,1366.19
446,4,92,3.86721,6670.1,1381
447,4,93,4.10915,6662.04,1395.49
448,4,94,2.69852,6709.53,1410.67
449,4,95,0.141794,6796.46,1427.57
450,5,9,-308,11196,72.9298
451,5,10,-730.286,13870.5,89.6661
452,5,11,-1072.86,16154.3,106.655
453,5,12,-1016.19,15757.6,119.14
454,5,13,-914,15008.2,133.338
455,5,14,-814.303,14243.9,147.992
456,5,15,-655.636,12974.5,165.792
457,5,16,-443.497,11206.7,186.906
458,5,17,-243.956,9477.36,206.953
459,5,18,-119.56,8357.8,222.934
460,5,19,-28.7143,7509.9,239.178
461,5,20,20.3529,7035.59,254.444
462,5,21,11.2745,7126.37,269.094
463,5,22,-17.0485,7419.04,284.026
464,5,23,-74.9474,8036.63,300.46
465,5,24,-111.489,8438.59,315.955
466,5,25,-129.299,8640.43,330.8
467,5,26,-143.986,8811.79,345.569
468,5,27,-123.162,8561.9,360.646
469,5,28,-89.4957,8146.68,376.903
470,5,29,-63.2,7813.6,392.671
471,5,30,-25.5726,7324.44,410.082
472,5,31,-0.903541,6995.52,426.067
473,5,32,12.6437,6810.38,441.167
474,5,33,12.4532,6813.04,455.762
475,5,34,-4.29811,7053.15,471.351
476,5,35,-21.129,7300,487.094
477,5,36,-38.5117,7560.74,503.081
478,5,37,-46.9385,7689.95,518.041
479,5,38,-46.2643,7679.39,532.606
480,5,39,-45.098,7660.73,547.149
481,5,40,-38.6873,7556.02,561.99
482,5,41,-29.853,7408.78,577.202
483,5,42,-15.5816,7166.17,593.767
484,5,43,-5.33603,6988.58,609.45
485,5,44,-1.94747,6928.71,624.106
486,5,45,-2.36934,6936.31,638.598
487,5,46,-7.9086,7037.86,653.552
488,5,47,-15.9831,7188.58,669.15
489,5,48,-24.654,7353.33,685.047
490,5,49,-31.5679,7487,700.511
491,5,50,-33.7564,7530.04,715.088
492,5,51,-33.9917,7534.75,729.537
493,5,52,-28.8059,7429.3,744.724
494,5,53,-20.2408,7252.29,761.378
495,5,54,-12.2391,7084.25,777.89
496,5,55,-2.76199,6882.08,795.402
497,5,56,2.62102,6765.44,810.951
498,5,57,2.21255,6774.43,825.466
499,5,58,-1.79302,6863.89,840.642
500,5,59,-7.32179,6989.21,856.532
501,5,60,-10.1599,7054.48,871.422
502,5,61,-13.6349,7135.57,886.551
503,5,62,-15.2659,7174.17,901.181
504,5,63,-14.609,7158.4,915.668
505,5,64,-12.549,7108.28,930.403
506,5,65,-8.38075,7005.46,946.115
507,5,66,-3.85284,6892.26,962.154
508,5,67,0.977343,6769.9,978.521
509,5,68,2.77106,6723.86,993.264
510,5,69,0.875874,6773.13,1008.05
511,5,70,-1.01618,6822.96,1022.85
512,5,71,-2.79512,6870.39,1037.63
513,5,72,-4.82727,6925.26,1052.53
514,5,73,-7.02959,6985.46,1067.54
515,5,74,-9.4263,7051.77,1082.71
516,5,75,-9.59624,7056.53,1097.11
517,5,76,-8.64557,7029.59,1111.64
518,5,77,-5.89535,6950.75,1127.23
519,5,78,-1.97201,6836.97,1144.19
520,5,79,2.32148,6711.03,1161.78
521,5,80,4.27286,6653.14,1176.89
522,5,81,3.51438,6675.89,1191.43
523,5,82,1.56299,6735.09,1206.62
524,5,83,-1.68841,6834.8,1223.27
525,5,84,-3.95968,6905.21,1238.84
526,5,85,-6.06323,6971.12,1254.29
527,5,86,-7.55281,7018.29,1269.27
528,5,87,-7.69153,7022.73,1283.69
529,5,88,-5.93176,6965.83,1298.95
530,5,89,-2.44987,6852.09,1316.8
531,5,90,1.02118,6737.54,1334.71
532,5,91,3.78727,6645.34,1351.44
533,5,92,4.80328,6611.13,1366.24
534,5,93,5.02962,6603.44,1380.74
535,5,94,3.56719,6653.65,1395.93
536,5,95,0.935181,6744.89,1412.86
537,6,10,-1204,17976,70.3458
538,6,11,-1502.86,20167.6,85.9485
539,6,12,-1307.14,18667.1,100.97
540,6,13,-1106.67,17063.3,116.32
541,6,14,-942,15691.1,132.391
542,6,15,-726.061,13819.6,151.437
543,6,16,-462.545,11448,172.662
544,6,17,-226.573,9245.59,192.345
545,6,18,-85.7143,7883.96,209.102
546,6,19,13.2747,6894.07,224.152
547,6,20,63.2857,6377.29,239.316
548,6,21,47.7059,6543.47,254.034
549,6,22,11.7647,6938.82,269.082
550,6,23,-55.7688,7704.2,285.641
551,6,24,-98.1754,8198.95,301.218
552,6,25,-119.098,8450.02,316.129
553,6,26,-136.156,8660.4,330.958
554,6,27,-114.15,8381.66,346.016
555,6,28,-78.3399,7916.13,362.164
556,6,29,-50.7826,7548.7,377.841
557,6,30,-11.1385,7006.89,395.055
558,6,31,14.3179,6650.5,410.917
559,6,32,27.7411,6458.1,425.953
560,6,33,26.4587,6476.91,440.567
561,6,34,7.58621,6760,456.26
562,6,35,-11.1591,7047.43,472.097
563,6,36,-30.3065,7347.4,488.168
564,6,37,-39.7727,7498.86,503.184
565,6,38,-39.492,7494.28,517.768
566,6,39,-38.6555,7480.34,532.326
567,6,40,-32.2465,7371.38,547.146
568,6,41,-23.2793,7215.95,562.307
569,6,42,-8.59175,6956.47,578.757
570,6,43,1.82514,6768.97,594.358
571,6,44,5.02024,6710.39,608.994
572,6,45,4.22889,6725.16,623.502
573,6,46,-1.90244,6841.66,638.514
574,6,47,-10.6474,7010.73,654.185
575,6,48,-19.9698,7194.07,670.151
576,6,49,-27.4109,7342.89,685.672
577,6,50,-29.8814,7393.12,700.28
578,6,51,-30.2954,7401.68,714.746
579,6,52,-25.0463,7291.45,729.892
580,6,53,-16.2809,7104.45,746.452
581,6,54,-8.11429,6927.51,762.872
582,6,55,1.57695,6714.3,780.264
583,6,56,7.0009,6593.17,795.749
584,6,57,6.40826,6606.6,810.277
585,6,58,2.09321,6705.85,825.506
586,6,59,-3.78426,6842.99,841.461
587,6,60,-6.85426,6915.65,856.391
588,6,61,-10.5714,7004.86,871.565
589,6,62,-12.3671,7048.55,886.221
590,6,63,-11.7875,7034.26,900.71
591,6,64,-9.75336,6983.4,915.425
592,6,65,-5.53932,6876.65,931.081
593,6,66,-0.956108,6759.01,947.051
594,6,67,3.93644,6631.8,963.342
595,6,68,5.69316,6585.54,978.059
596,6,69,3.64744,6640.1,992.882
597,6,70,1.61189,6695.06,1007.72
598,6,71,-0.300595,6747.33,1022.52
599,6,72,-2.46787,6807.29,1037.46
600,6,73,-4.80437,6872.71,1052.51
601,6,74,-7.33504,6944.42,1067.72
602,6,75,-7.56959,6951.14,1082.14
603,6,76,-6.64923,6924.45,1096.65
604,6,77,-3.87806,6843.16,1112.2
605,6,78,0.0974948,6725.22,1129.08
606,6,79,4.45109,6594.61,1146.57
607,6,80,6.39772,6535.56,1161.65
608,6,81,5.56336,6561.15,1176.21
609,6,82,3.50807,6624.87,1191.43
610,6,83,0.123421,6730.92,1208.15
611,6,84,-2.25122,6806.11,1223.76
612,6,85,-4.45007,6876.48,1239.26
613,6,86,-6.01626,6927.12,1254.26
614,6,87,-6.19584,6932.98,1268.7
615,6,88,-4.4297,6874.7,1283.92
616,6,89,-0.900678,6757.07,1301.69
617,6,90,2.6156,6638.69,1319.52
618,6,91,5.40893,6543.71,1336.19
619,6,92,6.41102,6509.31,1350.97
620,6,93,6.60597,6502.55,1365.46
621,6,94,5.07525,6556.13,1380.69
622,6,95,2.35124,6652.37,1397.68
623,7,11,-1776,22808,71.3236
624,7,12,-1424,19874.7,87.5832
625,7,13,-1132.86,17351.4,104.294
626,7,14,-920.476,15440,119.138
627,7,15,-661.333,13021.3,137.371
628,7,16,-358.061,10089.7,157.554
629,7,17,-98.1818,7490.91,176.426
630,7,18,44.7552,6013.89,192.653
631,7,19,138.901,5009.67,208.247
632,7,20,178.11,4578.37,222.086
633,7,21,145.143,4952,236.87
634,7,22,92.5294,5565.82,252.188
635,7,23,7.54902,6585.59,269.321
636,7,24,-46.6047,7253.48,285.19
637,7,25,-75.1579,7615.16,300.235
638,7,26,-98.3158,7916.21,315.179
639,7,27,-77.8182,7642.91,330.086
640,7,28,-42.0553,7154.15,345.973
641,7,29,-15.2569,6778.97,361.42
642,7,30,24.7304,6205.82,378.325
643,7,31,49.3538,5844.68,393.939
644,7,32,61.1145,5668.27,408.799
645,7,33,57.265,5727.29,423.385
646,7,34,34.844,6078.56,439.344
647,7,35,12.9261,6429.24,455.439
648,7,36,-9.10345,6789.06,471.763
649,7,37,-20.5484,6979.81,486.883
650,7,38,-21.4516,6995.16,501.448
651,7,39,-21.6578,6998.73,515.978
652,7,40,-15.8717,6896.51,530.697
653,7,41,-7.32773,6742.72,545.721
654,7,42,7.28958,6474.74,561.975
655,7,43,17.4111,6285.8,577.411
656,7,44,19.954,6237.49,591.962
657,7,45,18.3563,6268.38,606.452
658,7,46,11.212,6408.88,621.572
659,7,47,1.4007,6605.11,637.426
660,7,48,-8.93931,6815.35,653.586
661,7,49,-17.2395,6986.89,669.248
662,7,50,-20.2847,7050.84,683.887
663,7,51,-21.1436,7069.16,698.344
664,7,52,-16.0641,6959.11,713.383
665,7,53,-7.30805,6766.48,729.79
666,7,54,0.825011,6584.84,746.061
667,7,55,10.5469,6364.47,763.292
668,7,56,15.8291,6242.98,778.654
669,7,57,14.867,6265.43,793.169
670,7,58,10.0606,6379.18,808.501
671,7,59,3.6607,6532.78,824.618
672,7,60,0.201258,6616.96,839.612
673,7,61,-3.90765,6718.31,854.873
674,7,62,-6.00547,6770.76,869.559
675,7,63,-5.62873,6761.22,884.015
676,7,64,-3.73681,6712.66,898.663
677,7,65,0.416131,6604.68,914.209
678,7,66,4.9536,6485.19,930.064
679,7,67,9.8128,6355.62,946.233
680,7,68,11.4366,6311.77,960.88
681,7,69,9.14363,6374.45,975.752
682,7,70,6.87271,6437.28,990.64
683,7,71,4.73951,6497.01,1005.5
684,7,72,2.35383,6564.6,1020.49
685,7,73,-0.196344,6637.7,1035.62
686,7,74,-2.93698,6717.18,1050.9
687,7,75,-3.30581,6728,1065.31
688,7,76,-2.48097,6703.53,1079.78
689,7,77,0.250838,6621.58,1095.23
690,7,78,4.22214,6501.11,1112
691,7,79,8.58201,6367.41,1129.39
692,7,80,10.4696,6308.9,1144.39
693,7,81,9.50441,6339.14,1158.95
694,7,82,7.29132,6409.22,1174.26
695,7,83,3.72049,6523.49,1191.13
696,7,84,1.19273,6605.22,1206.84
697,7,85,-1.14898,6681.71,1222.42
698,7,86,-2.83685,6737.41,1237.48
699,7,87,-3.09937,6746.16,1251.91
700,7,88,-1.36568,6687.8,1267.06
701,7,89,2.17455,6567.43,1284.73
702,7,90,5.70133,6446.34,1302.47
703,7,91,8.48779,6349.75,1319.05
704,7,92,9.44158,6316.36,1333.77
705,7,93,9.57133,6311.78,1348.23
706,7,94,7.93843,6370.02,1363.53
707,7,95,5.08887,6472.6,1380.66
708,8,12,-1504,20728,75.7404
709,8,13,-1089.14,16856,91.1154
710,8,14,-828.571,14337.1,106.398
711,8,15,-527.619,11327.6,122.638
712,8,16,-186.667,7804.44,141.751
713,8,17,90.9091,4843.64,159.774
714,8,18,225.455,3363.64,175.384
715,8,19,305.175,2460.14,190.434
716,8,20,324.835,2230.77,204.9
717,8,21,266.198,2934.42,218.929
718,8,22,190.429,3868.9,234.772
719,8,23,82.5882,5234.88,252.772
720,8,24,13.2353,6136.47,269.04
721,8,25,-25.1393,6648.13,284.272
722,8,26,-56,7069.89,299.368
723,8,27,-37.6842,6813.47,314.136
724,8,28,-2.33766,6306.84,329.766
725,8,29,23.2863,5931.02,344.986
726,8,30,63.3992,5329.33,361.576
727,8,31,86.8522,4969.72,376.943
728,8,32,96.5538,4817.72,391.636
729,8,33,89.6821,4927.67,406.227
730,8,34,63.199,5360.23,422.515
731,8,35,37.6902,5785.37,438.911
732,8,36,12.4335,6214.74,455.517
733,8,37,-1.21023,6451.23,470.761
734,8,38,-3.41935,6490.26,485.324
735,8,39,-4.7654,6514.49,499.844
736,8,40,0.347594,6420.75,514.479
737,8,41,8.44003,6269.69,529.38
738,8,42,22.9916,5993.21,545.445
739,8,43,32.8031,5803.52,560.725
740,8,44,34.6515,5767.17,575.209
741,8,45,32.1961,5816.28,589.701
742,8,46,23.9757,5983.43,604.947
743,8,47,13.0356,6209.52,620.993
744,8,48,1.62369,6449.17,637.351
745,8,49,-7.57475,6645.4,653.158
746,8,50,-11.2111,6724.19,667.839
747,8,51,-12.5215,6753.02,682.3
748,8,52,-7.59947,6643.1,697.246
749,8,53,1.16929,6444.34,713.508
750,8,54,9.2877,6257.61,729.638
751,8,55,19.0621,6029.54,746.71
752,8,56,24.2122,5907.66,761.959
753,8,57,22.8764,5939.72,776.475
754,8,58,17.5674,6068.9,791.917
755,8,59,10.6326,6239.96,808.192
756,8,60,6.77955,6336.29,823.257
757,8,61,2.27482,6450.41,838.608
758,8,62,-0.124098,6511.98,853.332
759,8,63,0.0560492,6507.3,867.767
760,8,64,1.81488,6460.98,882.361
761,8,65,5.91959,6351.52,897.809
762,8,66,10.4243,6229.89,913.557
763,8,67,15.2631,6097.63,929.613
764,8,68,16.7615,6056.18,944.201
765,8,69,14.2228,6127.26,959.13
766,8,70,11.7185,6198.22,974.075
767,8,71,9.36722,6265.62,988.984
768,8,72,6.76573,6341.06,1004.05
769,8,73,4.00459,6422.06,1019.24
770,8,74,1.05675,6509.51,1034.61
771,8,75,0.559606,6524.42,1049.01
772,8,76,1.29631,6502.08,1063.45
773,8,77,3.99825,6419.22,1078.82
774,8,78,7.97586,6295.91,1095.49
775,8,79,12.3526,6158.77,1112.76
776,8,80,14.1886,6100.63,1127.69
777,8,81,13.0968,6135.57,1142.28
778,8,82,10.7289,6212.13,1157.66
779,8,83,6.97362,6334.81,1174.68
780,8,84,4.2957,6423.18,1190.48
781,8,85,1.81439,6505.89,1206.14
782,8,86,0.00876339,6566.68,1221.25
783,8,87,-0.331458,6578.24,1235.68
784,8,88,1.37669,6519.6,1250.77
785,8,89,4.93639,6396.2,1268.34
786,8,90,8.48159,6272.11,1285.99
787,8,91,11.2682,6173.65,1302.48
788,8,92,12.179,6141.17,1317.16
789,8,93,12.2481,6138.68,1331.6
790,8,94,10.5161,6201.61,1346.96
791,8,95,7.54324,6310.61,1364.22
792,9,13,-856,14136,78.0522
793,9,14,-586.286,11349,91.4046
794,9,15,-268.571,7960,107.475
795,9,16,92.8571,3984.29,124.576
796,9,17,370,843.333,141.704
797,9,18,475.636,-389.091,156.508
798,9,19,524.364,-973.818,170.835
799,9,20,510.769,-806.154,184.894
800,9,21,414.505,413.187,200.763
801,9,22,306.725,1814.33,216.734
802,9,23,169,3650.67,236.087
803,9,24,80.1765,4864.59,252.89
804,9,25,29.4118,5575.29,268.369
805,9,26,-10.9391,6153.66,283.659
806,9,27,4.5614,5926.32,298.315
807,9,28,39.218,5406.47,313.703
808,9,29,63.3247,5036.83,328.716
809,9,30,103.444,4408.29,344.994
810,9,31,125.455,4056.13,360.127
811,9,32,132.748,3937,374.678
812,9,33,122.431,4108.95,389.318
813,9,34,91.3915,4636.62,405.982
814,9,35,61.9048,5147.72,422.703
815,9,36,33.1144,5656.35,439.593
816,9,37,17.1034,5944.55,454.97
817,9,38,13.5261,6010.14,469.553
818,9,39,11,6057.29,484.083
819,9,40,15.4472,5972.79,498.659
820,9,41,23.115,5824.55,513.462
821,9,42,37.6593,5538.51,529.354
822,9,43,47.1933,5347.83,544.5
823,9,44,48.3449,5324.42,558.94
824,9,45,45.0166,5393.2,573.455
825,9,46,35.6888,5589.08,588.833
826,9,47,23.587,5847.26,605.061
827,9,48,11.0769,6118.31,621.598
828,9,49,0.968641,6340.69,637.537
829,9,50,-3.24771,6434.86,652.268
830,9,51,-4.98943,6474.33,666.747
831,9,52,-0.186047,6363.86,681.62
832,9,53,8.64295,6157.85,697.753
833,9,54,16.7894,5965.05,713.757
834,9,55,26.6605,5728.14,730.679
835,9,56,31.7086,5605.3,745.834
836,9,57,30.0122,5647.15,760.366
837,9,58,24.2055,5792.32,775.913
838,9,59,16.7385,5981.48,792.328
839,9,60,12.5023,6090.21,807.462
840,9,61,7.61168,6217.36,822.896
841,9,62,4.92624,6288.08,837.662
842,9,63,4.92929,6288,852.091
843,9,64,6.5769,6243.51,866.648
844,9,65,10.6585,6131.95,882.014
845,9,66,15.1552,6007.54,897.671
846,9,67,19.9977,5871.95,913.627
847,9,68,21.3882,5832.56,928.173
848,9,69,18.6145,5912.07,943.16
849,9,70,15.8878,5991.14,958.163
850,9,71,13.3295,6066.19,973.125
851,9,72,10.5229,6149.45,988.249
852,9,73,7.56119,6238.3,1003.51
853,9,74,4.41624,6333.7,1018.95
854,9,75,3.80397,6352.47,1033.36
855,9,76,4.46692,6331.92,1047.77
856,9,77,7.15528,6247.69,1063.07
857,9,78,11.1563,6120.99,1079.65
858,9,79,15.5667,5979.85,1096.82
859,9,80,17.3645,5921.73,1111.7
860,9,81,16.1557,5961.21,1126.31
861,9,82,13.6412,6044.19,1141.76
862,9,83,9.70811,6175.29,1158.9
863,9,84,6.88776,6270.25,1174.77
864,9,85,4.27467,6359.09,1190.5
865,9,86,2.35967,6424.84,1205.65
866,9,87,1.95131,6439,1220.09
867,9,88,3.6451,6379.71,1235.14
868,9,89,7.23668,6252.81,1252.62
869,9,90,10.8122,6125.28,1270.17
870,9,91,13.6098,6024.57,1286.59
871,9,92,14.4866,5992.71,1301.24
872,9,93,14.503,5992.11,1315.67
873,9,94,12.6783,6059.62,1331.09
874,9,95,9.58737,6175.02,1348.45
875,10,14,-80,4936,73.7482
876,10,15,174.857,2047.62,87.3682
877,10,16,512.857,-1895.71,105.195
878,10,17,754.286,-4792.86,120.489
879,10,18,798,-5332,134.026
880,10,19,792,-5256,147.314
881,10,20,727.273,-4414.55,161.457
882,10,21,578.881,-2435.99,180.533
883,10,22,429.231,-390.769,199.841
884,10,23,254.33,2057.85,219.913
885,10,24,142.286,3663.81,237.26
886,10,25,77.4118,4615.29,252.988
887,10,26,26.6667,5376.47,268.466
888,10,27,39.711,5176.46,283.075
889,10,28,74.3158,4634.32,298.292
890,10,29,97.3233,4266.2,313.168
891,10,30,138.026,3601.39,329.181
892,10,31,158.893,3253.6,344.144
893,10,32,163.913,3168.26,358.619
894,10,33,150.139,3407.01,373.35
895,10,34,114.4,4038.4,390.326
896,10,35,80.8752,4641.85,407.291
897,10,36,48.547,5234.53,424.373
898,10,37,30.2901,5575.33,439.856
899,10,38,25.5567,5665.26,454.478
900,10,39,22.0601,5732.86,469.042
901,10,40,26.0806,5653.79,483.601
902,10,41,33.563,5504.14,498.356
903,10,42,48.3556,5203.36,514.124
904,10,43,57.8212,5007.74,529.185
905,10,44,58.4314,4994.92,543.62
906,10,45,54.3578,5081.83,558.175
907,10,46,44.0209,5305.79,573.654
908,10,47,30.8436,5595.69,589.998
909,10,48,17.3198,5897.72,606.637
910,10,49,6.394,6145.38,622.654
911,10,50,1.70732,6253.17,637.429
912,10,51,-0.353294,6301.25,651.936
913,10,52,4.45787,6187.39,666.777
914,10,53,13.4771,5970.93,682.821
915,10,54,21.7708,5769.11,698.738
916,10,55,31.8545,5520.38,715.542
917,10,56,36.8964,5394.33,730.64
918,10,57,34.9132,5444.58,745.199
919,10,58,28.6694,5604.83,760.818
920,10,59,20.7251,5811.38,777.313
921,10,60,16.1665,5931.43,792.498
922,10,61,10.9468,6070.62,807.985
923,10,62,8.03419,6149.26,822.787
924,10,63,7.92224,6152.32,837.227
925,10,64,9.52092,6108.09,851.775
926,10,65,13.6432,5992.67,867.094
927,10,66,18.1929,5863.76,882.691
928,10,67,23.0976,5723.16,898.579
929,10,68,24.4302,5684.51,913.111
930,10,69,21.4626,5771.56,928.142
931,10,70,18.5531,5857.87,943.187
932,10,71,15.8263,5939.68,958.19
933,10,72,12.8514,6029.92,973.356
934,10,73,9.72436,6125.81,988.66
935,10,74,6.41608,6228.37,1004.14
936,10,75,5.72466,6250.04,1018.57
937,10,76,6.35007,6230.23,1032.98
938,10,77,9.06211,6143.45,1048.24
939,10,78,13.1239,6012.12,1064.75
940,10,79,17.6041,5865.76,1081.84
941,10,80,19.395,5806.66,1096.69
942,10,81,18.0963,5849.95,1111.33
943,10,82,15.4597,5938.72,1126.82
944,10,83,11.3712,6077.73,1144.01
945,10,84,8.43129,6178.66,1159.92
946,10,85,5.70882,6273.04,1175.69
947,10,86,3.70682,6343.11,1190.88
948,10,87,3.25346,6359.13,1205.33
949,10,88,4.95716,6298.37,1220.35
950,10,89,8.60572,6167.02,1237.76
951,10,90,12.2358,6035.12,1255.24
952,10,91,15.0669,5931.32,1271.6
953,10,92,15.9296,5899.4,1286.24
954,10,93,15.9121,5900.05,1300.68
955,10,94,14.0113,5971.65,1316.13
956,10,95,10.8175,6093.01,1333.54
957,11,15,584,-3544,66.5754
958,11,16,898.286,-7420.19,84.8378
959,11,17,1098.57,-9957.14,100.246
960,11,18,1067.14,-9548.57,111.776
961,11,19,1000,-8653.33,125.131
962,11,20,880.727,-7023.27,141.84
963,11,21,677.455,-4177.45,164.795
964,11,22,486.434,-1439.49,185.173
965,11,23,275.824,1649.45,206.375
966,11,24,144.703,3616.26,222.674
967,11,25,70.8571,4748.57,238.383
968,11,26,14.5882,5630.12,253.83
969,11,27,30.5882,5374.12,268.505
970,11,28,70.0516,4729.55,283.765
971,11,29,95.9298,4298.25,298.682
972,11,30,140.842,3534.74,314.665
973,11,31,163.429,3143.24,329.638
974,11,32,168.492,3053.78,344.15
975,11,33,153.123,3330.43,358.924
976,11,34,114.157,4044.81,375.852
977,11,35,77.9692,4720.31,392.743
978,11,36,43.3778,5377.55,409.724
979,11,37,24.1514,5749.26,425.171
980,11,38,19.5183,5840.37,439.811
981,11,39,16.197,5906.8,454.394
982,11,40,20.8765,5811.65,468.994
983,11,41,29.1774,5640.1,483.792
984,11,42,45.1686,5304.28,499.592
985,11,43,55.4011,5085.99,514.685
986,11,44,56.1895,5068.91,529.15
987,11,45,52.0112,5160.83,543.719
988,11,46,41.2304,5401.6,559.167
989,11,47,27.4917,5713.01,575.443
990,11,48,13.4325,6036.37,591.997
991,11,49,2.14575,6299.73,607.946
992,11,50,-2.56285,6411.17,622.707
993,11,51,-4.51568,6458.03,637.218
994,11,52,0.722794,6330.57,652.102
995,11,53,10.3352,6093.46,668.19
996,11,54,19.1487,5873.12,684.144
997,11,55,29.7971,5603.36,700.968
998,11,56,35.1477,5466.03,716.094
999,11,57,33.1545,5517.85,730.663
1000,11,58,26.7238,5687.19,746.251
1001,11,59,18.5347,5905.57,762.686
1002,11,60,13.8814,6031.21,777.849
1003,11,61,8.54661,6177.03,793.301
1004,11,62,5.61427,6258.16,808.092
1005,11,63,5.58942,6258.85,822.546
1006,11,64,7.33371,6209.43,837.119
1007,11,65,11.6854,6084.68,852.471
1008,11,66,16.4675,5946,868.1
1009,11,67,21.6049,5795.3,884.013
1010,11,68,23.0349,5752.88,898.568
1011,11,69,20.014,5843.51,913.584
1012,11,70,17.0558,5933.24,928.613
1013,11,71,14.2887,6018.1,943.6
1014,11,72,11.2674,6111.76,958.744
1015,11,73,8.0914,6211.27,974.019
1016,11,74,4.73077,6317.69,989.465
1017,11,75,4.06993,6338.84,1003.9
1018,11,76,4.76443,6316.38,1018.33
1019,11,77,7.60476,6223.6,1033.62
1020,11,78,11.8288,6084.21,1050.16
1021,11,79,16.4764,5929.29,1067.27
1022,11,80,18.3508,5866.18,1082.14
1023,11,81,17.0449,5910.58,1096.78
1024,11,82,14.3643,6002.62,1112.25
1025,11,83,10.1938,6147.19,1129.37
1026,11,84,7.20622,6251.76,1145.25
1027,11,85,4.44381,6349.36,1160.98
1028,11,86,2.42242,6421.46,1176.14
1029,11,87,1.99064,6437,1190.59
1030,11,88,3.77041,6372.34,1205.65
1031,11,89,7.54138,6234.07,1223.08
1032,11,90,11.2888,6095.42,1240.58
1033,11,91,14.2132,5986.24,1256.97
1034,11,92,15.1178,5952.16,1271.62
1035,11,93,15.1194,5952.1,1286.08
1036,11,94,13.1923,6025.98,1301.5
1037,11,95,9.94254,6151.63,1318.85
1038,12,16,952,-8208,73.4983
1039,12,17,1201.14,-11529.9,87.0774
1040,12,18,1131.43,-10577.1,99.8605
1041,12,19,1031.43,-9177.14,112.527
1042,12,20,878.667,-6987.56,129.104
1043,12,21,635.152,-3416,150.954
1044,12,22,417.091,-145.091,170.463
1045,12,23,182.937,3445.27,190.806
1046,12,24,45.9341,5591.65,207.585
1047,12,25,-24.3516,6716.22,221.934
1048,12,26,-75.4286,7550.48,237.043
1049,12,27,-46.1765,7062.94,251.804
1050,12,28,6.96078,6159.61,267.373
1051,12,29,42.7245,5539.7,282.479
1052,12,30,97.9649,4563.79,298.813
1053,12,31,127.098,4039.4,313.944
1054,12,32,136.104,3874.29,328.494
1055,12,33,122.281,4132.31,343.151
1056,12,34,82.6087,4886.09,359.784
1057,12,35,46.0348,5593.18,376.385
1058,12,36,11.2308,6277.66,393.077
1059,12,37,-7.00171,6642.31,408.316
1060,12,38,-9.67033,6696.57,422.865
1061,12,39,-11.144,6727.03,437.367
1062,12,40,-4.25616,6582.38,451.997
1063,12,41,6.27364,6357.75,466.894
1064,12,42,24.7742,5956.9,482.951
1065,12,43,36.9208,5689.68,498.185
1066,12,44,38.877,5645.99,512.637
1067,12,45,35.4714,5723.18,527.12
1068,12,46,25.0196,5963.57,542.398
1069,12,47,11.4183,6280.94,558.473
1070,12,48,-2.53201,6611.1,574.822
1071,12,49,-13.5726,6876.07,590.582
1072,12,50,-17.7166,6976.91,605.217
1073,12,51,-19.0094,7008.8,619.643
1074,12,52,-12.8084,6853.77,634.626
1075,12,53,-2.09383,6582.34,650.97
1076,12,54,7.70764,6330.76,667.142
1077,12,55,19.3601,6027.8,684.238
1078,12,56,25.4124,5868.42,699.467
1079,12,57,23.7558,5912.6,713.975
1080,12,58,17.4514,6082.82,729.431
1081,12,59,9.30743,6305.42,745.714
1082,12,60,4.84082,6429,760.76
1083,12,61,-0.345738,6574.22,776.084
1084,12,62,-3.04434,6650.68,790.778
1085,12,63,-2.73713,6641.87,805.199
1086,12,64,-0.612804,6580.27,819.795
1087,12,65,4.1944,6439.26,835.272
1088,12,66,9.4228,6284.15,851.046
1089,12,67,14.9952,6116.97,867.118
1090,12,68,16.7073,6065.04,881.693
1091,12,69,13.8005,6154.18,896.616
1092,12,70,10.9527,6242.47,911.55
1093,12,71,8.29675,6325.68,926.442
1094,12,72,5.37282,6418.28,941.484
1095,12,73,2.28451,6517.1,956.654
1096,12,74,-0.998464,6623.25,971.989
1097,12,75,-1.50092,6639.66,986.37
1098,12,76,-0.613636,6610.38,1000.79
1099,12,77,2.47573,6507.41,1016.2
1100,12,78,6.97901,6355.8,1032.92
1101,12,79,11.9059,6188.28,1050.25
1102,12,80,13.9671,6117.51,1065.17
1103,12,81,12.7492,6159.73,1079.75
1104,12,82,10.114,6251.97,1095.12
1105,12,83,5.94572,6399.24,1112.14
1106,12,84,2.99272,6504.57,1127.92
1107,12,85,0.26953,6602.6,1143.55
1108,12,86,-1.69445,6673.96,1158.63
1109,12,87,-2.02925,6686.24,1173.03
1110,12,88,-0.0988485,6614.81,1188.16
1111,12,89,3.86803,6466.72,1205.8
1112,12,90,7.80331,6318.49,1223.5
1113,12,91,10.888,6201.27,1240.02
1114,12,92,11.897,6162.59,1254.69
1115,12,93,11.9772,6159.49,1269.13
1116,12,94,10.0793,6233.51,1284.48
1117,12,95,6.82636,6361.46,1301.74
1118,13,17,1524,-16588,71.4989
1119,13,18,1323.43,-13713.1,84.6125
1120,13,19,1140,-11022.9,99.6312
1121,13,20,921.905,-7751.43,116.014
1122,13,21,614.667,-3040.44,137.269
1123,13,22,357.091,994.909,156.052
1124,13,23,91.2727,5248,175.564
1125,13,24,-53.2867,7609.14,191.88
1126,13,25,-119.121,8706.37,206.942
1127,13,26,-163.956,9468.57,220.787
1128,13,27,-119,8689.33,235.724
1129,13,28,-50.1176,7472.41,251.636
1130,13,29,-3.43137,6632.06,266.957
1131,13,30,63.0753,5412.77,283.577
1132,13,31,98.9474,4743.16,298.854
1133,13,32,111.669,4501.44,313.47
1134,13,33,98.8571,4749.14,328.079
1135,13,34,57.7075,5558.42,344.474
1136,13,35,20.1186,6310.2,360.835
1137,13,36,-15.4261,7032.94,377.28
1138,13,37,-32.9846,7395.82,392.369
1139,13,38,-33.8598,7414.19,406.886
1140,13,39,-33.6508,7409.74,421.363
1141,13,40,-24.6634,7215.01,436.058
1142,13,41,-12,6936.41,451.068
1143,13,42,8.95217,6468.48,467.33
1144,13,43,22.9032,6152.26,482.689
1145,13,44,25.8578,6084.3,497.163
1146,13,45,23.0348,6150.17,511.611
1147,13,46,12.6998,6394.77,526.77
1148,13,47,-0.97479,6722.96,542.685
1149,13,48,-15.0116,7064.52,558.862
1150,13,49,-25.9744,7334.94,574.472
1151,13,50,-29.6838,7427.67,589.032
1152,13,51,-30.4291,7446.55,603.422
1153,13,52,-23.3471,7264.78,618.506
1154,13,53,-11.5958,6959.25,635.045
1155,13,54,-0.875132,6676.94,651.382
1156,13,55,11.7185,6341.11,668.657
1157,13,56,18.3932,6160.89,683.971
1158,13,57,16.975,6199.65,698.457
1159,13,58,10.6913,6373.5,713.822
1160,13,59,2.48844,6603.18,729.982
1161,13,60,-1.88016,6726.96,744.954
1162,13,61,-7.00408,6873.84,760.187
1163,13,62,-9.5443,6947.51,774.827
1164,13,63,-8.97014,6930.67,789.246
1165,13,64,-6.52437,6858.11,803.877
1166,13,65,-1.31269,6701.76,819.454
1167,13,66,4.31332,6531.11,835.335
1168,13,67,10.2742,6348.31,851.517
1169,13,68,12.216,6288.11,866.122
1170,13,69,9.36479,6377.45,880.989
1171,13,70,6.57172,6465.89,895.864
1172,13,71,3.97428,6549.01,910.699
1173,13,72,1.09697,6642.05,925.676
1174,13,73,-1.95241,6741.66,940.773
1175,13,74,-5.2046,6848.98,956.029
1176,13,75,-5.58948,6861.81,970.39
1177,13,76,-4.5467,6826.7,984.83
1178,13,77,-1.24126,6714.32,1000.32
1179,13,78,3.51112,6551.15,1017.17
1180,13,79,8.68864,6371.67,1034.62
1181,13,80,10.9051,6294.09,1049.59
1182,13,81,9.74059,6335.24,1064.14
1183,13,82,7.11609,6428.84,1079.45
1184,13,83,2.91482,6580.09,1096.37
1185,13,84,-0.0360152,6687.3,1112.07
1186,13,85,-2.75083,6786.85,1127.63
1187,13,86,-4.68626,6858.46,1142.65
1188,13,87,-4.95021,6868.31,1157.04
1189,13,88,-2.89214,6790.79,1172.22
1190,13,89,1.25033,6633.38,1190
1191,13,90,5.35363,6476.08,1207.81
1192,13,91,8.57838,6351.39,1224.41
1193,13,92,9.67042,6308.8,1239.11
1194,13,93,9.80759,6303.41,1253.55
1195,13,94,7.91633,6378.43,1268.85
1196,13,95,4.63708,6509.6,1286.03
1197,14,18,1500,-16656,72.0006
1198,14,19,1196.57,-12003.4,86.9782
1199,14,20,900,-7357.14,104.039
1200,14,21,521.429,-1300,123.053
1201,14,22,227.333,3503.56,140.927
1202,14,23,-65.697,8387.39,159.546
1203,14,24,-208,10806.5,175.294
1204,14,25,-259.021,11690.9,189.984
1205,14,26,-289.231,12224.6,204.492
1206,14,27,-219.956,10977.7,218.783
1207,14,28,-128.429,9299.67,235.287
1208,14,29,-66.1176,8136.53,250.944
1209,14,30,15.5882,6584.12,267.998
1210,14,31,60.7224,5711.52,283.475
1211,14,32,78.807,5355.86,298.175
1212,14,33,68,5572,312.724
1213,14,34,25.8701,6428.64,328.86
1214,14,35,-12.2417,7216.28,344.961
1215,14,36,-48.0632,7968.54,361.139
1216,14,37,-64.3652,8316.31,376.063
1217,14,38,-62.8,8282.4,390.55
1218,14,39,-60.3487,8228.47,405.006
1219,14,40,-48.7179,7968.72,419.792
1220,14,41,-33.4319,7622.23,434.95
1221,14,42,-9.55665,7073.1,451.473
1222,14,43,6.5584,6697.09,466.987
1223,14,44,10.7581,6597.69,481.49
1224,14,45,8.70235,6647.03,495.901
1225,14,46,-1.39037,6892.62,510.936
1226,14,47,-15.0405,7229.32,526.681
1227,14,48,-29.0756,7580.2,542.678
1228,14,49,-39.8662,7853.56,558.13
1229,14,50,-43.0251,7934.64,572.612
1230,14,51,-43.1076,7936.79,586.967
1231,14,52,-35.0121,7723.61,602.176
1232,14,53,-22.0901,7379.02,618.948
1233,14,54,-10.3345,7061.62,635.476
1234,14,55,3.30929,6688.69,652.96
1235,14,56,10.6856,6484.61,668.371
1236,14,57,9.55321,6516.32,682.835
1237,14,58,3.32016,6692.92,698.106
1238,14,59,-4.9189,6929.11,714.141
1239,14,60,-9.15819,7052.04,729.036
1240,14,61,-14.1924,7199.71,744.176
1241,14,62,-16.5429,7269.44,758.76
1242,14,63,-15.6658,7243.13,773.18
1243,14,64,-12.8615,7158.07,787.854
1244,14,65,-7.20567,6984.62,803.543
1245,14,66,-1.14498,6796.74,819.542
1246,14,67,5.2388,6596.72,835.846
1247,14,68,7.43434,6527.19,850.486
1248,14,69,4.65208,6616.22,865.295
1249,14,70,1.92637,6704.36,880.112
1250,14,71,-0.600449,6786.9,894.889
1251,14,72,-3.42022,6879.95,909.799
1252,14,73,-6.42067,6979.97,924.824
1253,14,74,-9.633,7088.11,940.001
1254,14,75,-9.88744,7096.77,954.342
1255,14,76,-8.67512,7055.14,968.802
1256,14,77,-5.13736,6932.5,984.377
1257,14,78,-0.118881,6756.85,1001.37
1258,14,79,5.32554,6564.48,1018.96
1259,14,80,7.70852,6479.49,1033.98
1260,14,81,6.60381,6519.26,1048.5
1261,14,82,3.99415,6614.08,1063.74
1262,14,83,-0.237949,6769.25,1080.57
1263,14,84,-3.1831,6878.23,1096.19
1264,14,85,-5.88591,6979.13,1111.68
1265,14,86,-7.78847,7050.79,1126.64
1266,14,87,-7.97571,7057.91,1141.02
1267,14,88,-5.78208,6973.82,1156.26
1268,14,89,-1.45455,6806.49,1174.17
1269,14,90,2.8256,6639.56,1192.11
1270,14,91,6.19785,6506.92,1208.8
1271,14,92,7.3778,6460.12,1223.53
1272,14,93,7.57571,6452.2,1237.96
1273,14,94,5.69286,6528.14,1253.22
1274,14,95,2.38787,6662.54,1270.3
1275,15,19,984,-8248,74.0094
1276,15,20,659.429,-2946.67,88.6526
1277,15,21,241.429,4020,107.52
1278,15,22,-56.1905,9079.52,123.38
1279,15,23,-351.333,14195.3,141.183
1280,15,24,-464.97,16202.9,156.074
1281,15,25,-478.545,16447.3,170.151
1282,15,26,-477.203,16422.7,184.121
1283,15,27,-368.352,14390.8,200.559
1284,15,28,-242.549,12000.5,217.5
1285,15,29,-156.714,10341,233.839
1286,15,30,-53.4706,8310.59,251.697
1287,15,31,5.09804,7139.22,267.498
1288,15,32,31.3725,6604.97,282.316
1289,15,33,24.4211,6748.63,296.783
1290,15,34,-17.5639,7630.32,312.616
1291,15,35,-55.1688,8432.55,328.415
1292,15,36,-90.3444,9194.69,344.286
1293,15,37,-104.387,9503.64,359.01
1294,15,38,-99.3565,9391.28,373.468
1295,15,39,-93.7846,9264.98,387.908
1296,15,40,-78.6872,8917.74,402.832
1297,15,41,-60.0488,8482.85,418.204
1298,15,42,-32.567,7832.45,435.103
1299,15,43,-13.7537,7380.93,450.828
1300,15,44,-7.91991,7238.97,465.369
1301,15,45,-8.90323,7263.23,479.736
1302,15,46,-18.5264,7503.8,494.626
1303,15,47,-31.9652,7844.26,510.182
1304,15,48,-45.8304,8200.13,525.981
1305,15,49,-56.2801,8471.82,541.255
1306,15,50,-58.7027,8535.62,555.649
1307,15,51,-57.9422,8515.33,569.965
1308,15,52,-48.6399,8264.17,585.34
1309,15,53,-34.3563,7873.75,602.419
1310,15,54,-21.3996,7515.29,619.195
1311,15,55,-6.55052,7099.51,636.947
1312,15,56,1.64654,6867.26,652.476
1313,15,57,0.881909,6889.18,666.915
1314,15,58,-5.24031,7066.73,682.082
1315,15,59,-13.4651,7307.99,697.983
1316,15,60,-17.5171,7428.2,712.792
1317,15,61,-22.4098,7574.98,727.831
1318,15,62,-24.5158,7638.86,742.352
1319,15,63,-23.2776,7600.89,756.774
1320,15,64,-20.0567,7501.04,771.5
1321,15,65,-13.8968,7308.03,787.324
1322,15,66,-7.34568,7100.58,803.467
1323,15,67,-0.487018,6881.1,819.917
1324,15,68,2.00191,6800.62,834.597
1325,15,69,-0.683983,6888.36,849.344
1326,15,70,-3.31647,6975.24,864.096
1327,15,71,-5.74799,7056.29,878.809
1328,15,72,-8.4875,7148.52,893.646
1329,15,73,-11.4179,7248.15,908.592
1330,15,74,-14.5707,7356.4,923.683
1331,15,75,-14.6716,7359.89,938.003
1332,15,76,-13.2658,7310.69,952.485
1333,15,77,-9.47005,7176.57,968.168
1334,15,78,-4.15934,6987.16,985.318
1335,15,79,1.57692,6780.65,1003.07
1336,15,80,4.14571,6687.32,1018.15
1337,15,81,3.11437,6725.14,1032.64
1338,15,82,0.530595,6820.74,1047.82
1339,15,83,-3.72379,6979.57,1064.54
1340,15,84,-6.65349,7089.92,1080.08
1341,15,85,-9.33467,7191.8,1095.49
1342,15,86,-11.1943,7263.09,1110.39
1343,15,87,-11.2933,7266.92,1124.75
1344,15,88,-8.95076,7175.56,1140.06
1345,15,89,-4.42333,6997.48,1158.14
1346,15,90,0.0475735,6820.13,1176.22
1347,15,91,3.57958,6678.85,1193
1348,15,92,4.85692,6627.33,1207.76
1349,15,93,5.12366,6616.49,1222.21
1350,15,94,3.25504,6693.1,1237.4
1351,15,95,-0.071364,6830.59,1254.41
1352,16,20,232,5032,70.0625
1353,16,21,-182.857,12222.9,88.3898
1354,16,22,-444.286,16841.4,104.236
1355,16,23,-716.19,21735.7,120.509
1356,16,24,-774,22795.6,134.165
1357,16,25,-728.485,21945.9,147.755
1358,16,26,-681.455,21052.4,161.478
1359,16,27,-520.42,17939,181.346
1360,16,28,-351.868,14624.2,201.553
1361,16,29,-238.154,12349.9,217.711
1362,16,30,-110.286,9749.9,236.247
1363,16,31,-37.2941,8241.41,252.315
1364,16,32,-2.94118,7520,267.263
1365,16,33,-6.85243,7603.44,281.728
1366,16,34,-49.9649,8537.54,297.352
1367,16,35,-88.0902,9376.3,312.934
1368,16,36,-123.481,10166.7,328.575
1369,16,37,-135.788,10445.6,343.189
1370,16,38,-127.589,10257.1,357.684
1371,16,39,-119.2,10061.3,372.17
1372,16,40,-100.862,9627.32,387.238
1373,16,41,-79.0838,9104.66,402.787
1374,16,42,-48.1563,8352.09,419.913
1375,16,43,-26.8856,7827.41,435.777
1376,16,44,-19.7438,7648.87,450.373
1377,16,45,-20.0044,7655.47,464.748
1378,16,46,-29.5323,7900.02,479.567
1379,16,47,-43.1232,8253.38,495.004
1380,16,48,-57.1524,8622.82,510.666
1381,16,49,-67.5508,8900.11,525.83
1382,16,50,-69.4678,8951.87,540.195
1383,16,51,-68.0669,8913.58,554.521
1384,16,52,-57.7146,8627.16,570.017
1385,16,53,-42.2016,8192.8,587.261
1386,16,54,-28.1781,7795.47,604.164
1387,16,55,-12.2477,7338.79,622.028
1388,16,56,-3.37282,7081.42,637.624
1389,16,57,-3.93485,7097.91,652.071
1390,16,58,-10.1178,7281.33,667.188
1391,16,59,-18.4947,7532.64,683.006
1392,16,60,-22.5033,7654.24,697.781
1393,16,61,-27.3919,7804.15,712.769
1394,16,62,-29.3756,7865.65,727.272
1395,16,63,-27.8832,7818.89,741.717
1396,16,64,-24.3429,7706.78,756.489
1397,16,65,-17.7652,7496.29,772.386
1398,16,66,-10.8054,7271.26,788.599
1399,16,67,-3.5499,7034.24,805.111
1400,16,68,-0.851476,6945.2,819.826
1401,16,69,-3.53116,7034.52,834.552
1402,16,70,-6.15584,7122.88,849.281
1403,16,71,-8.5728,7205.06,863.971
1404,16,72,-11.3093,7299.01,878.779
1405,16,73,-14.2434,7400.73,893.689
1406,16,74,-17.4074,7511.47,908.736
1407,16,75,-17.4171,7511.81,923.063
1408,16,76,-15.8752,7456.82,937.572
1409,16,77,-11.8728,7312.73,953.31
1410,16,78,-6.3172,7110.88,970.521
1411,16,79,-0.334249,6891.5,988.327
1412,16,80,2.37238,6791.36,1003.44
1413,16,81,1.36353,6829.02,1017.92
1414,16,82,-1.24511,6927.28,1033.07
1415,16,83,-5.57239,7091.72,1049.72
1416,16,84,-8.53343,7205.22,1065.22
1417,16,85,-11.2375,7309.78,1080.59
1418,16,86,-13.0959,7382.26,1095.47
1419,16,87,-13.1449,7384.18,1109.83
1420,16,88,-10.6874,7286.7,1125.18
1421,16,89,-5.99067,7098.83,1143.31
1422,16,90,-1.35875,6912.01,1161.43
1423,16,91,2.30321,6763.09,1178.25
1424,16,92,3.64688,6708,1193.04
1425,16,93,3.95149,6695.41,1207.49
1426,16,94,2.06524,6774.01,1222.67
1427,16,95,-1.31458,6915.96,1239.61
1428,17,21,-572,19876,71.4555
1429,17,22,-790.857,23888.4,84.9338
1430,17,23,-1041.43,28565.7,101.666
1431,17,24,-1032.38,28393.8,113.274
1432,17,25,-919.333,26208.2,128.083
1433,17,26,-824.727,24347.6,142.95
1434,17,27,-608.364,20020.4,166.109
1435,17,28,-397.063,15723.9,187.048
1436,17,29,-258.901,12868.6,204.324
1437,17,30,-109.802,9737.49,221.73
1438,17,31,-27.1429,7974.1,237.735
1439,17,32,10.2353,7164.24,252.684
1440,17,33,4.31373,7294.51,267.21
1441,17,34,-44.8297,8392.05,282.87
1442,17,35,-87.5088,9359.44,298.462
1443,17,36,-126.496,10256.2,314.087
1444,17,37,-139.688,10564,328.731
1445,17,38,-130.39,10343.9,343.273
1446,17,39,-121.028,10119.2,357.802
1447,17,40,-101.009,9632.08,372.888
1448,17,41,-77.4769,9051.63,388.424
1449,17,42,-44.294,8222.06,405.45
1450,17,43,-21.7338,7650.53,421.257
1451,17,44,-14.4499,7463.58,435.861
1452,17,45,-15.0936,7480.32,450.268
1453,17,46,-25.584,7756.56,465.131
1454,17,47,-40.3065,8149.16,480.599
1455,17,48,-55.3886,8556.38,496.277
1456,17,49,-66.5241,8860.75,511.459
1457,17,50,-68.6142,8918.58,525.855
1458,17,51,-67.1821,8878.48,540.207
1459,17,52,-56.3037,8570.26,555.684
1460,17,53,-40.0284,8103.7,572.845
1461,17,54,-25.3813,7678.93,589.666
1462,17,55,-8.77733,7191.88,607.41
1463,17,56,0.36773,6920.58,622.959
1464,17,57,-0.404181,6943.74,637.429
1465,17,58,-7.04967,7145.32,652.587
1466,17,59,-15.9589,7418.53,668.439
1467,17,60,-20.265,7552.02,683.245
1468,17,61,-25.4704,7715.12,698.262
1469,17,62,-27.6238,7783.31,712.792
1470,17,63,-26.1425,7735.91,727.249
1471,17,64,-22.5271,7619.02,742.016
1472,17,65,-15.7551,7397.8,757.869
1473,17,66,-8.59736,7161.59,774.024
1474,17,67,-1.14389,6913.14,790.469
1475,17,68,1.56578,6821.92,805.173
1476,17,69,-1.30624,6919.56,819.93
1477,17,70,-4.11054,7015.85,834.69
1478,17,71,-6.68975,7105.26,849.409
1479,17,72,-9.59125,7206.81,864.245
1480,17,73,-12.6886,7316.25,879.183
1481,17,74,-16.0153,7434.9,894.258
1482,17,75,-16.0725,7436.96,908.599
1483,17,76,-14.524,7380.7,923.108
1484,17,77,-10.4347,7230.76,938.809
1485,17,78,-4.74629,7020.29,955.948
1486,17,79,1.37673,6791.69,973.667
1487,17,80,4.11447,6688.57,988.757
1488,17,81,3.02098,6730.13,1003.26
1489,17,82,0.28306,6835.08,1018.44
1490,17,83,-4.21901,7009.16,1035.12
1491,17,84,-7.30694,7129.59,1050.65
1492,17,85,-10.125,7240.43,1066.04
1493,17,86,-12.0682,7317.51,1080.94
1494,17,87,-12.1476,7320.69,1095.32
1495,17,88,-9.6495,7219.93,1110.64
1496,17,89,-4.85252,7024.85,1128.69
1497,17,90,-0.126175,6831.07,1146.74
1498,17,91,3.60057,6677.04,1163.5
1499,17,92,4.94545,6621,1178.28
1500,17,93,5.22425,6609.29,1192.74
1501,17,94,3.257,6692.57,1207.94
1502,17,95,-0.238559,6841.71,1224.91
1503,18,22,-1008,28376,71.4993
1504,18,23,-1269.71,33435.8,85.8272
1505,18,24,-1192.86,31924.3,98.5693
1506,18,25,-1011.43,28295.7,114.034
1507,18,26,-875.333,25528.4,129.57
1508,18,27,-605.576,19953.5,152.415
1509,18,28,-356.364,14720,172.646
1510,18,29,-201.958,11426,189.505
1511,18,30,-38.6813,7888.35,207.366
1512,18,31,45.6264,6033.58,222.055
1513,18,32,78.2857,5304.19,236.832
1514,18,33,63.1176,5648,251.392
1515,18,34,1.27451,7070.39,267.35
1516,18,35,-51.2693,8296.42,283.174
1517,18,36,-98.1754,9406.53,298.987
1518,18,37,-115.519,9822.77,313.714
1519,18,38,-107.636,9630.96,328.235
1520,18,39,-99.4918,9430.06,342.732
1521,18,40,-79.6047,8932.89,357.701
1522,18,41,-55.8957,8332.26,373.073
1523,18,42,-21.7846,7456.74,389.842
1524,18,43,0.779487,6870.07,405.456
1525,18,44,6.93529,6707.97,419.983
1526,18,45,4.71812,6767.09,434.388
1527,18,46,-7.86207,7106.76,449.367
1528,18,47,-24.7475,7568.29,465.003
1529,18,48,-41.8065,8040.26,480.845
1530,18,49,-54.4868,8395.31,496.142
1531,18,50,-57.4332,8478.79,510.564
1532,18,51,-56.5745,8454.17,524.905
1533,18,52,-45.6807,8138.25,540.261
1534,18,53,-29.0914,7651.63,557.231
1535,18,54,-14.2437,7211.15,573.874
1536,18,55,2.64799,6704.4,591.417
1537,18,56,11.6761,6430.55,606.835
1538,18,57,10.3002,6472.74,621.305
1539,18,58,2.80836,6704.99,636.569
1540,18,59,-6.99457,7012.15,652.569
1541,18,60,-11.9178,7168.05,667.439
1542,18,61,-17.7393,7354.34,682.537
1543,18,62,-20.332,7438.17,697.097
1544,18,63,-19.1033,7398.03,711.526
1545,18,64,-15.6337,7283.53,726.228
1546,18,65,-8.8667,7057.97,741.965
1547,18,66,-1.69796,6816.62,757.994
1548,18,67,5.77767,6562.45,774.306
1549,18,68,8.32217,6475.09,788.945
1550,18,69,5.07983,6587.49,803.757
1551,18,70,1.92872,6697.78,818.572
1552,18,71,-0.969697,6800.19,833.342
1553,18,72,-4.1847,6914.86,848.24
1554,18,73,-7.58578,7037.3,863.245
1555,18,74,-11.2082,7168.91,878.394
1556,18,75,-11.4331,7177.16,892.728
1557,18,76,-9.98948,7123.74,907.195
1558,18,77,-5.91498,6971.63,922.801
1559,18,78,-0.18826,6755.92,939.817
1560,18,79,5.98524,6521.33,957.409
1561,18,80,8.66359,6418.66,972.422
1562,18,81,7.39377,6467.76,986.942
1563,18,82,4.43706,6583.07,1002.2
1564,18,83,-0.327314,6770.47,1019.02
1565,18,84,-3.62359,6901.22,1034.64
1566,18,85,-6.63282,7021.59,1050.11
1567,18,86,-8.73365,7106.32,1065.05
1568,18,87,-8.91051,7113.52,1079.43
1569,18,88,-6.43327,7011.95,1094.69
1570,18,89,-1.59239,6811.86,1112.62
1571,18,90,3.17413,6613.25,1130.56
1572,18,91,6.9124,6456.25,1147.23
1573,18,92,8.20484,6401.53,1161.95
1574,18,93,8.40519,6392.99,1176.39
1575,18,94,6.30422,6483.33,1191.66
1576,18,95,2.6409,6642.07,1208.75
1577,19,23,-1612,40852,67.3096
1578,19,24,-1395.43,36448.4,82.1807
1579,19,25,-1104.29,30431.4,101.531
1580,19,26,-910.952,26371.4,116.516
1581,19,27,-573.333,19168.9,138.539
1582,19,28,-280.727,12829.1,157.937
1583,19,29,-112,9117.09,174.318
1584,19,30,63.4965,5197.67,191.588
1585,19,31,145.055,3349.01,206.92
1586,19,32,168.176,2817.23,220.508
1587,19,33,139,3498,235.149
1588,19,34,59.9412,5369.06,251.542
1589,19,35,-5.68627,6944.12,267.678
1590,19,36,-62.8689,8335.56,283.731
1591,19,37,-85.7544,8900.07,298.56
1592,19,38,-80.0602,8757.71,313.062
1593,19,39,-73.7662,8598.27,327.53
1594,19,40,-54.4099,8101.46,342.38
1595,19,41,-30.83,7488.38,357.584
1596,19,42,4.03478,6570.27,374.089
1597,19,43,26.3385,5975.51,389.505
1598,19,44,31.0017,5849.6,403.959
1599,19,45,26.8376,5963.42,418.374
1600,19,46,11.7789,6380.04,433.497
1601,19,47,-7.62562,6923.37,449.331
1602,19,48,-26.9633,7471.27,465.36
1603,19,49,-41.4194,7885.68,480.788
1604,19,50,-45.3666,8000.15,495.244
1605,19,51,-45.1872,7994.88,509.58
1606,19,52,-34.3224,7672.56,524.815
1607,19,53,-17.4342,7165.92,541.595
1608,19,54,-2.40927,6710.16,558.059
1609,19,55,14.7558,6183.76,575.399
1610,19,56,23.6218,5908.92,590.688
1611,19,57,21.5628,5973.44,605.167
1612,19,58,13.1332,6240.37,620.551
1613,19,59,2.34843,6585.48,636.713
1614,19,60,-3.25419,6766.64,651.655
1615,19,61,-9.74932,6978.81,666.842
1616,19,62,-12.8231,7080.25,681.439
1617,19,63,-11.8735,7048.59,695.845
1618,19,64,-8.56738,6937.29,710.487
1619,19,65,-1.81314,6707.64,726.109
1620,19,66,5.3604,6461.35,742.015
1621,19,67,12.8531,6201.6,758.195
1622,19,68,15.2163,6118.89,772.773
1623,19,69,11.5765,6247.5,787.649
1624,19,70,8.0543,6373.12,802.526
1625,19,71,4.81535,6489.72,817.353
1626,19,72,1.26701,6618.65,832.318
1627,19,73,-2.45599,6755.16,847.396
1628,19,74,-6.39098,6900.75,862.623
1629,19,75,-6.79284,6915.75,876.957
1630,19,76,-5.45941,6865.53,891.385
1631,19,77,-1.40035,6711.28,906.899
1632,19,78,4.36677,6490.21,923.794
1633,19,79,10.5933,6249.45,941.258
1634,19,80,13.2094,6147.42,956.198
1635,19,81,11.755,6204.63,970.743
1636,19,82,8.5696,6330.99,986.08
1637,19,83,3.53147,6532.51,1003.05
1638,19,84,0.0183697,6674.21,1018.75
1639,19,85,-3.1894,6804.65,1034.3
1640,19,86,-5.4533,6897.47,1049.29
1641,19,87,-5.73036,6908.93,1063.67
1642,19,88,-3.2732,6806.55,1078.86
1643,19,89,1.61502,6601.24,1096.69
1644,19,90,6.42485,6397.62,1114.51
1645,19,91,10.1765,6237.55,1131.09
1646,19,92,11.4156,6184.27,1145.77
1647,19,93,11.5357,6179.07,1160.2
1648,19,94,9.29706,6276.82,1175.52
1649,19,95,5.46085,6445.61,1192.75
1650,20,24,-1460,37912,71.141
1651,20,25,-1050.29,29171.4,88.6687
1652,20,26,-817.143,24120,103.915
1653,20,27,-418.571,15351.4,123.492
1654,20,28,-95.3333,8132.44,141.888
1655,20,29,70.0606,4383.52,157.579
1656,20,30,244.364,374.545,174.127
1657,20,31,309.371,-1142.28,188.912
1658,20,32,310.769,-1175.38,203.198
1659,20,33,257.055,113.758,217.067
1660,20,34,151.714,2677.05,234.433
1661,20,35,66.4118,4781.18,251.191
1662,20,36,-5.98039,6590.98,267.693
1663,20,37,-37.7296,7395.29,282.675
1664,20,38,-36.4912,7363.51,297.131
1665,20,39,-33.9248,7296.78,311.538
1666,20,40,-16.5195,6838.44,326.213
1667,20,41,5.75946,6244.34,341.19
1668,20,42,40.4743,5307.04,357.383
1669,20,43,61.6,4729.6,372.547
1670,20,44,63.8154,4668.31,386.893
1671,20,45,56.8068,4864.55,401.322
1672,20,46,38.4127,5385.71,416.67
1673,20,47,15.7198,6036.25,432.818
1674,20,48,-6.56158,6682.4,449.14
1675,20,49,-23.3415,7174.61,464.762
1676,20,50,-28.7097,7333.87,479.257
1677,20,51,-29.5601,7359.38,493.576
1678,20,52,-18.984,7038.57,508.659
1679,20,53,-2.00458,6517.87,525.225
1680,20,54,12.9972,6052.82,541.486
1681,20,55,30.26,5511.92,558.608
1682,20,56,38.7672,5242.52,573.739
1683,20,57,35.8026,5337.39,588.225
1684,20,58,26.2105,5647.53,603.779
1685,20,59,14.2326,6038.81,620.173
1686,20,60,7.777,6251.85,635.211
1687,20,61,0.44729,6496.17,650.516
1688,20,62,-3.24373,6620.43,665.158
1689,20,63,-2.6864,6601.49,679.528
1690,20,64,0.358366,6496.95,694.091
1691,20,65,7.01819,6266.07,709.58
1692,20,66,14.1212,6017.47,725.344
1693,20,67,21.561,5754.6,741.376
1694,20,68,23.6653,5679.54,755.875
1695,20,69,19.5419,5827.99,770.832
1696,20,70,15.5692,5972.33,785.789
1697,20,71,11.9167,6106.25,800.69
1698,20,72,7.96646,6252.41,815.74
1699,20,73,3.85744,6405.81,830.912
1700,20,74,-0.450216,6568.07,846.242
1701,20,75,-1.07861,6591.95,860.57
1702,20,76,0.101115,6546.73,874.948
1703,20,77,4.1084,6391.78,890.354
1704,20,78,9.88428,6166.52,907.12
1705,20,79,16.1345,5920.68,924.451
1706,20,80,18.6547,5820.71,939.303
1707,20,81,16.9777,5887.79,953.876
1708,20,82,13.5253,6027.03,969.318
1709,20,83,8.17491,6244.62,986.477
1710,20,84,4.41084,6398.94,1002.29
1711,20,85,0.972759,6541.05,1017.94
1712,20,86,-1.48296,6643.37,1033
1713,20,87,-1.88495,6660.26,1047.37
1714,20,88,0.531969,6557.94,1062.49
1715,20,89,5.45114,6348.06,1080.2
1716,20,90,10.2884,6140.05,1097.91
1717,20,91,14.0369,5977.62,1114.39
1718,20,92,15.2042,5926.64,1129.01
1719,20,93,15.2252,5925.72,1143.42
1720,20,94,12.8284,6031.98,1158.83
1721,20,95,8.79836,6211.99,1176.21
1722,21,25,-752,22112,74.577
1723,21,26,-540.571,17390.1,87.4872
1724,21,27,-107.143,7565.71,107.313
1725,21,28,219.048,63.3333,123.779
1726,21,29,351.333,-3023.33,138.499
1727,21,30,504.242,-6642.18,154.156
1728,21,31,533.818,-7352,168.129
1729,21,32,498.042,-6481.45,182.153
1730,21,33,407.253,-4241.98,198.003
1731,21,34,265.407,-695.824,216.51
1732,21,35,153.571,2137.33,234.324
1733,21,36,61.2353,4507.29,251.476
1734,21,37,17.8431,5635.49,266.678
1735,21,38,13.0444,5761.86,281.113
1736,21,39,10.6667,5825.26,295.485
1737,21,40,25.3534,5428.72,309.996
1738,21,41,45.7662,4870.77,324.749
1739,21,42,80,3923.64,340.624
1740,21,43,99.5257,3376.92,355.533
1741,21,44,98.7652,3398.46,369.797
1742,21,45,88.4,3695.6,384.285
1743,21,46,66.1607,4340.54,399.926
1744,21,47,39.7314,5115.8,416.444
1745,21,48,14.1434,5874.91,433.093
1746,21,49,-5.22167,6455.86,448.928
1747,21,50,-12.1557,6666.2,463.479
1748,21,51,-14.129,6726.71,477.8
1749,21,52,-3.8563,6408.26,492.745
1750,21,53,13.2353,5872.72,509.102
1751,21,54,28.2231,5398.11,525.166
1752,21,55,45.6022,4841.97,542.071
1753,21,56,53.7297,4579.18,557.055
1754,21,57,49.7961,4707.68,571.57
1755,21,58,38.9627,5065.18,587.309
1756,21,59,25.7166,5506.72,603.942
1757,21,60,18.364,5754.26,619.086
1758,21,61,10.1603,6033.18,634.516
1759,21,62,5.83097,6181.82,649.212
1760,21,63,5.99215,6176.24,663.563
1761,21,64,8.78083,6078.63,678.062
1762,21,65,15.3623,5846.09,693.429
1763,21,66,22.4113,5594.67,709.06
1764,21,67,29.815,5328.14,724.952
1765,21,68,31.663,5260.99,739.388
1766,21,69,27.0449,5430.33,754.435
1767,21,70,22.6132,5594.3,769.48
1768,21,71,18.5412,5746.32,784.46
1769,21,72,14.1842,5910.43,799.6
1770,21,73,9.68553,6081.38,814.867
1771,21,74,5.00248,6260.9,830.297
1772,21,75,4.15296,6293.75,844.63
1773,21,76,5.18797,6253.38,858.971
1774,21,77,9.15738,6097.25,874.282
1775,21,78,14.9583,5867.15,890.923
1776,21,79,21.2484,5615.55,908.122
1777,21,80,23.6821,5517.39,922.9
1778,21,81,21.7853,5594.52,937.509
1779,21,82,18.0665,5746.99,953.053
1780,21,83,12.4021,5981.12,970.385
1781,21,84,8.38828,6148.37,986.306
1782,21,85,4.72203,6302.35,1002.05
1783,21,86,2.07828,6414.27,1017.17
1784,21,87,1.55799,6436.47,1031.54
1785,21,88,3.94473,6333.84,1046.6
1786,21,89,8.90756,6118.78,1064.19
1787,21,90,13.7843,5905.83,1081.79
1788,21,91,17.5399,5740.58,1098.17
1789,21,92,18.6424,5691.71,1112.76
1790,21,93,18.5697,5694.95,1127.15
1791,21,94,16.0178,5809.79,1142.64
1792,21,95,11.7952,6001.21,1160.16
1793,22,26,-252,10272,73.185
1794,22,27,229.714,-968,90.7806
1795,22,28,552.857,-8615.71,107.091
1796,22,29,634.762,-10581.4,119.801
1797,22,30,758.667,-13596.4,134.407
1798,22,31,743.273,-13216.7,147.765
1799,22,32,662.909,-11207.6,162.38
1800,22,33,529.51,-7828.21,180.279
1801,22,34,347.033,-3144.62,201.769
1802,22,35,207.56,481.67,219.209
1803,22,36,95.7143,3426.95,236.634
1804,22,37,42.5882,4843.65,251.965
1805,22,38,34.3137,5067.06,266.46
1806,22,39,29.3086,5203.87,280.884
1807,22,40,43.5789,4809.05,295.383
1808,22,41,64.2105,4231.37,310.08
1809,22,42,99.9481,3218.81,325.786
1810,22,43,119.435,2660.17,340.6
1811,22,44,116.877,2734.35,354.889
1812,22,45,104.139,3108.01,369.459
1813,22,46,78.8615,3857.91,385.232
1814,22,47,49.4222,4741.09,401.862
1815,22,48,21.221,5596.52,418.581
1816,22,49,-0.0328407,6248.31,434.465
1817,22,50,-7.80296,6489.18,449.06
1818,22,51,-10.198,6564.23,463.417
1819,22,52,0.483871,6225.97,478.34
1820,22,53,18.3724,5653.53,494.602
1821,22,54,33.9572,5149.63,510.577
1822,22,55,52.0214,4559.53,527.351
1823,22,56,60.2465,4288.1,542.289
1824,22,57,55.7323,4438.57,556.847
1825,22,58,43.9924,4833.82,572.653
1826,22,59,29.7844,5316.89,589.341
1827,22,60,21.8462,5589.44,604.528
1828,22,61,13.0582,5894.09,619.997
1829,22,62,8.37631,6057.95,634.727
1830,22,63,8.42395,6056.27,649.099
1831,22,64,11.2292,5956.21,663.602
1832,22,65,17.9986,5712.52,678.933
1833,22,66,25.2437,5449.28,694.516
1834,22,67,32.8461,5170.52,710.347
1835,22,68,34.6438,5104.01,724.783
1836,22,69,29.7091,5288.24,739.871
1837,22,70,24.9878,5466.07,754.953
1838,22,71,20.6579,5630.61,769.967
1839,22,72,16.0471,5807.36,785.139
1840,22,73,11.3037,5990.77,800.435
1841,22,74,6.38284,6182.68,815.889
1842,22,75,5.45073,6219.34,830.243
1843,22,76,6.47619,6178.67,844.594
1844,22,77,10.5414,6016.06,859.881
1845,22,78,16.4973,5775.84,876.461
1846,22,79,22.9512,5513.38,893.584
1847,22,80,25.4097,5412.58,908.348
1848,22,81,23.3921,5495.98,922.984
1849,22,82,19.4987,5658.2,938.557
1850,22,83,13.6053,5905.72,955.906
1851,22,84,9.42588,6082.65,971.846
1852,22,85,5.61264,6245.35,987.604
1853,22,86,2.86014,6363.71,1002.74
1854,22,87,2.30039,6387.96,1017.13
1855,22,88,4.73621,6281.6,1032.18
1856,22,89,9.82174,6057.83,1049.72
1857,22,90,14.8133,5836.54,1067.25
1858,22,91,18.6468,5665.31,1083.59
1859,22,92,19.7492,5615.71,1098.17
1860,22,93,19.6437,5620.49,1112.58
1861,22,94,16.9925,5741.56,1128.08
1862,22,95,12.6294,5942.26,1145.62
1863,23,27,732,-13860,72.2626
1864,23,28,995.429,-20270.1,86.3857
1865,23,29,974.286,-19748.6,98.7411
1866,23,30,1044.29,-21498.6,110.71
1867,23,31,962,-19414,124.626
1868,23,32,821.818,-15816,142.803
1869,23,33,635.273,-10965.8,164.156
1870,23,34,404.755,-4895.52,187.032
1871,23,35,234.945,-367.253,205.666
1872,23,36,103.209,3189.63,222.079
1873,23,37,42,4862.67,237.436
1874,23,38,32.7647,5118.18,251.99
1875,23,39,27.3529,5269.71,266.471
1876,23,40,43.4262,4814.3,281.02
1877,23,41,66.2456,4160.14,295.747
1878,23,42,105.353,3026.02,311.409
1879,23,43,126.182,2415.05,326.219
1880,23,44,122.778,2516.02,340.555
1881,23,45,108.419,2946.8,355.174
1882,23,46,80.6783,3788.27,370.955
1883,23,47,48.7385,4767.75,387.539
1884,23,48,18.4205,5707.61,404.185
1885,23,49,-4.20024,6416.39,420.017
1886,23,50,-12.2277,6670.6,434.621
1887,23,51,-14.4828,6742.76,449.003
1888,23,52,-2.80311,6365.12,463.966
1889,23,53,16.4516,5736.13,480.234
1890,23,54,33.1305,5185.73,496.206
1891,23,55,52.3396,4545.42,512.942
1892,23,56,61.0298,4252.85,527.89
1893,23,57,56.2129,4416.63,542.474
1894,23,58,43.7941,4843.01,558.27
1895,23,59,28.8288,5361.8,574.914
1896,23,60,20.523,5652.5,590.096
1897,23,61,11.3522,5976.54,605.545
1898,23,62,6.52158,6148.83,620.279
1899,23,63,6.66202,6143.78,634.674
1900,23,64,9.68479,6033.95,649.205
1901,23,65,16.8408,5771.56,664.554
1902,23,66,24.4679,5489.36,680.146
1903,23,67,32.4427,5191.63,695.977
1904,23,68,34.3361,5120.32,710.434
1905,23,69,29.2044,5315.32,725.522
1906,23,70,24.3074,5503.04,740.602
1907,23,71,19.8286,5676.22,755.613
1908,23,72,15.0665,5861.94,770.775
1909,23,73,10.1756,6054.32,786.055
1910,23,74,5.10885,6255.3,801.487
1911,23,75,4.18965,6292.07,815.853
1912,23,76,5.29979,6247.29,830.225
1913,23,77,9.55556,6074.22,845.53
1914,23,78,15.7594,5819.86,862.111
1915,23,79,22.4656,5542.67,879.223
1916,23,80,25.0257,5436,894.001
1917,23,81,22.9527,5523.07,908.644
1918,23,82,18.9442,5692.77,924.203
1919,23,83,12.8757,5951.68,941.499
1920,23,84,8.58503,6136.18,957.412
1921,23,85,4.67742,6305.51,973.145
1922,23,86,1.86813,6428.19,988.271
1923,23,87,1.32168,6452.23,1002.67
1924,23,88,3.86097,6339.66,1017.74
1925,23,89,9.12443,6104.55,1035.27
1926,23,90,14.2833,5872.4,1052.8
1927,23,91,18.2433,5692.88,1069.14
1928,23,92,19.3887,5640.58,1083.74
1929,23,93,19.2904,5645.1,1098.16
1930,23,94,16.5753,5770.9,1113.65
1931,23,95,12.1042,5979.55,1131.14
1932,24,28,1216,-26152,73.2058
1933,24,29,1114.29,-23575.2,84.8466
1934,24,30,1164.29,-24858.6,97.1709
1935,24,31,1031.43,-21404.3,111.194
1936,24,32,844.667,-16486.2,129.863
1937,24,33,616.242,-10394.9,150.583
1938,24,34,347.273,-3132.73,172.441
1939,24,35,158.741,2020.47,190.461
1940,24,36,18.4615,5901.54,207.379
1941,24,37,-39.3846,7521.23,221.466
1942,24,38,-39,7510.33,235.965
1943,24,39,-36.1176,7427.71,250.399
1944,24,40,-10.6863,6690.2,265.054
1945,24,41,20.6811,5770.09,279.949
1946,24,42,68.7018,4345.47,295.906
1947,24,43,95.2782,3548.18,310.865
1948,24,44,94.4935,3571.98,325.184
1949,24,45,81.4003,3973.51,339.695
1950,24,46,53.5968,4835.42,355.245
1951,24,47,21.2522,5848.88,371.551
1952,24,48,-9.29231,6816.12,387.92
1953,24,49,-31.5214,7527.45,403.514
1954,24,50,-38.1197,7740.8,417.991
1955,24,51,-38.6864,7759.31,432.307
1956,24,52,-24.532,7292.22,447.436
1957,24,53,-2.54505,6559.32,464.017
1958,24,54,16.4355,5920.31,480.231
1959,24,55,37.8886,5190.9,497.224
1960,24,56,47.9813,4844.39,512.273
1961,24,57,43.6486,4994.59,526.798
1962,24,58,31.2381,5428.95,542.443
1963,24,59,16.139,5962.45,558.902
1964,24,60,8.07018,6250.24,573.962
1965,24,61,-0.927891,6574.17,589.273
1966,24,62,-5.37652,6735.81,603.914
1967,24,63,-4.63415,6708.59,618.292
1968,24,64,-0.912892,6570.9,632.863
1969,24,65,7.08857,6272.18,648.35
1970,24,66,15.524,5954.44,664.089
1971,24,67,24.2678,5622.18,680.071
1972,24,68,26.6087,5532.44,694.554
1973,24,69,21.5899,5726.51,709.547
1974,24,70,16.8085,5912.98,724.531
1975,24,71,12.4555,6084.2,739.448
1976,24,72,7.8,6268.87,754.507
1977,24,73,3.00408,6460.7,769.677
1978,24,74,-1.98009,6661.73,784.993
1979,24,75,-2.662,6689.46,799.318
1980,24,76,-1.25141,6631.63,813.7
1981,24,77,3.40461,6439.18,829.12
1982,24,78,10.0577,6161.97,845.885
1983,24,79,17.2071,5861.69,863.186
1984,24,80,20.0415,5741.7,878.019
1985,24,81,18.0688,5825.87,892.607
1986,24,82,14.09,5996.96,908.07
1987,24,83,7.98111,6261.68,925.239
1988,24,84,3.71021,6448.17,941.048
1989,24,85,-0.166201,6618.74,956.681
1990,24,86,-2.91091,6740.42,971.723
1991,24,87,-3.32509,6758.92,986.092
1992,24,88,-0.564685,6634.7,1001.23
1993,24,89,4.99238,6382.78,1018.96
1994,24,90,10.4286,6134.52,1036.66
1995,24,91,14.6185,5941.79,1053.11
1996,24,92,15.9021,5882.32,1067.73
1997,24,93,15.9006,5882.39,1082.14
1998,24,94,13.2046,6009.1,1097.57
1999,24,95,8.70281,6222.18,1114.95
2000,25,29,1268,-27828,72.6227
2001,25,30,1283.43,-28234.3,83.6666
2002,25,31,1078.57,-22771.4,99.568
2003,25,32,833.333,-16150,116.917
2004,25,33,556.667,-8587.78,136.632
2005,25,34,245.818,12.3636,157.385
2006,25,35,41.4545,5734.55,174.73
2007,25,36,-102.657,9817.72,191.093
2008,25,37,-150.769,11196.9,205.864
2009,25,38,-134.418,10722.7,219.329
2010,25,39,-118.429,10253.7,233.744
2011,25,40,-79.5294,9099.71,248.589
2012,25,41,-36.3725,7805,263.747
2013,25,42,23.323,5994.23,280.123
2014,25,43,57.4737,4946.95,295.282
2015,25,44,60.391,4856.51,309.595
2016,25,45,49.2987,5204.07,323.995
2017,25,46,21.8859,6072.14,339.303
2018,25,47,-10.5138,7108.93,355.318
2019,25,48,-40.9565,8093.25,371.396
2020,25,49,-62.4308,8794.74,386.737
2021,25,50,-67.159,8950.77,401.088
2022,25,51,-65.6166,8899.36,415.349
2023,25,52,-48.5276,8324.03,430.702
2024,25,53,-23.3695,7468.65,447.673
2025,25,54,-1.73526,6725.88,464.175
2026,25,55,22.2742,5893.55,481.463
2027,25,56,33.9736,5484.07,496.628
2028,25,57,30.2273,5616.44,511.1
2029,25,58,17.8762,6056.96,526.595
2030,25,59,2.67787,6604.1,542.869
2031,25,60,-5.09138,6886.38,557.81
2032,25,61,-13.8644,7208.06,572.982
2033,25,62,-17.8663,7356.13,587.535
2034,25,63,-16.4453,7303.08,601.906
2035,25,64,-11.9475,7133.66,616.53
2036,25,65,-3.01742,6794.32,632.173
2037,25,66,6.30095,6437.12,648.075
2038,25,67,15.8804,6066.71,664.22
2039,25,68,18.7089,5956.4,678.736
2040,25,69,13.8182,6148.77,693.639
2041,25,70,9.16682,6333.27,708.53
2042,25,71,4.95375,6501.79,723.357
2043,25,72,0.416848,6684.78,738.317
2044,25,73,-4.27347,6875.52,753.381
2045,25,74,-9.16591,7076.11,768.584
2046,25,75,-9.59276,7093.76,782.874
2047,25,76,-7.86135,7021.61,797.275
2048,25,77,-2.7802,6808.21,812.819
2049,25,78,4.34839,6506.43,829.776
2050,25,79,11.9654,6181.44,847.269
2051,25,80,15.0882,6047.16,862.163
2052,25,81,13.2201,6128.11,876.7
2053,25,82,9.27128,6300.54,892.071
2054,25,83,3.11864,6571.25,909.114
2055,25,84,-1.13254,6759.72,924.822
2056,25,85,-4.97726,6931.45,940.357
2057,25,86,-7.65531,7051.97,955.32
2058,25,87,-7.93203,7064.51,969.663
2059,25,88,-4.94139,6927.94,984.88
2060,25,89,0.921329,6658.25,1002.8
2061,25,90,6.64565,6393.03,1020.67
2062,25,91,11.0735,6186.39,1037.24
2063,25,92,12.4991,6119.39,1051.89
2064,25,93,12.5963,6114.79,1066.29
2065,25,94,9.91759,6242.47,1081.65
2066,25,95,5.38162,6460.2,1098.92
2067,26,30,1412,-31920,71.7999
2068,26,31,1096,-23282.7,87.107
2069,26,32,775.714,-14421.4,104.654
2070,26,33,444.286,-5141.43,122.217
2071,26,34,89.3333,4915.56,141.843
2072,26,35,-124.606,11048.5,158.454
2073,26,36,-264.727,15112,174.196
2074,26,37,-293.846,15966.2,188.625
2075,26,38,-252.967,14753.4,203.156
2076,26,39,-217.758,13697.1,216.65
2077,26,40,-160.429,11958.1,231.849
2078,26,41,-101.765,10159.1,247.416
2079,26,42,-27.3529,7852.35,264.332
2080,26,43,16.2229,6486.98,279.743
2081,26,44,23.7895,6247.37,294.078
2082,26,45,15.2481,6520.69,308.391
2083,26,46,-11.5325,7386.6,323.469
2084,26,47,-43.8396,8441.96,339.199
2085,26,48,-74.0316,9438.3,354.988
2086,26,49,-94.5391,10121.9,370.084
2087,26,50,-97.0769,10207.3,384.333
2088,26,51,-93.1145,10072.6,398.574
2089,26,52,-72.7228,9372.49,414.202
2090,26,53,-44.0394,8378.13,431.593
2091,26,54,-19.4877,7518.82,448.392
2092,26,55,7.3059,6572.11,465.962
2093,26,56,20.7258,6093.47,481.247
2094,26,57,17.5733,6206.96,495.683
2095,26,58,5.24064,6655.04,511.047
2096,26,59,-10.1085,7217.85,527.15
2097,26,60,-17.591,7494.7,541.99
2098,26,61,-26.157,7814.5,557.041
2099,26,62,-29.7108,7948.35,571.525
2100,26,63,-27.5916,7867.83,585.906
2101,26,64,-22.2915,7664.66,600.597
2102,26,65,-12.3977,7282.1,616.393
2103,26,66,-2.16725,6883.11,632.448
2104,26,67,8.27161,6472.51,648.741
2105,26,68,11.5856,6341.06,663.298
2106,26,69,6.79634,6532.63,678.128
2107,26,70,2.25033,6715.98,692.945
2108,26,71,-1.84521,6882.54,707.699
2109,26,72,-6.28585,7064.6,722.576
2110,26,73,-10.8923,7255,737.551
2111,26,74,-15.7143,7455.92,752.656
2112,26,75,-15.8963,7463.56,766.926
2113,26,76,-13.8498,7376.93,781.356
2114,26,77,-8.34287,7141.97,797.018
2115,26,78,-0.735365,6814.84,814.141
2116,26,79,7.35201,6464.39,831.793
2117,26,80,10.7561,6315.74,846.745
2118,26,81,8.97608,6394.07,861.247
2119,26,82,5.03759,6568.67,876.541
2120,26,83,-1.18121,6846.44,893.465
2121,26,84,-5.43074,7037.67,909.084
2122,26,85,-9.26035,7211.28,924.534
2123,26,86,-11.8858,7331.18,939.432
2124,26,87,-12.035,7338.04,953.761
2125,26,88,-8.81912,7189.04,969.054
2126,26,89,-2.65201,6901.24,987.131
2127,26,90,3.35839,6618.75,1005.14
2128,26,91,8.02004,6398.1,1021.8
2129,26,92,9.57938,6323.77,1036.48
2130,26,93,9.76524,6314.85,1050.89
2131,26,94,7.09098,6444.11,1066.18
2132,26,95,2.50617,6667.23,1083.36
2133,27,31,744,-12840,70.2671
2134,27,32,434.286,-4064.76,86.1562
2135,27,33,105.714,5354.29,104.343
2136,27,34,-253.333,15766.7,122.721
2137,27,35,-438.667,21203.1,138.345
2138,27,36,-544,24328,153.058
2139,27,37,-527.636,23837.1,166.851
2140,27,38,-440.979,21208.5,182.014
2141,27,39,-371.429,19075.6,197.029
2142,27,40,-283.956,16364,212.384
2143,27,41,-201,13764.7,229.028
2144,27,42,-104.882,10720.9,247.175
2145,27,43,-47.0588,8870.59,263.07
2146,27,44,-31.6202,8371.41,277.437
2147,27,45,-35.2281,8489.26,291.612
2148,27,46,-59.6391,9294.83,306.38
2149,27,47,-90.4416,10321.6,321.754
2150,27,48,-119.142,11287.8,337.188
2151,27,49,-137.51,11912.3,351.962
2152,27,50,-136.678,11883.8,366.071
2153,27,51,-129.231,11625.6,380.298
2154,27,52,-104.492,10759.8,396.408
2155,27,53,-71.3309,9588.05,414.512
2156,27,54,-43.0761,8580.3,431.79
2157,27,55,-12.8079,7490.64,449.811
2158,27,56,2.84761,6921.82,465.267
2159,27,57,0.645161,7002.58,479.651
2160,27,58,-11.4003,7448.26,494.853
2161,27,59,-26.6711,8018.37,510.759
2162,27,60,-33.6196,8280.1,525.47
2163,27,61,-41.7591,8589.4,540.373
2164,27,62,-44.6435,8699.97,554.766
2165,27,63,-41.6027,8582.39,569.158
2166,27,64,-35.2861,8336.05,583.938
2167,27,65,-24.2186,7900.72,599.949
2168,27,66,-12.8856,7451.18,616.221
2169,27,67,-1.41463,6992.34,632.722
2170,27,68,2.51843,6833.71,647.329
2171,27,69,-2.07188,7020.38,662.067
2172,27,70,-6.42142,7198.71,676.791
2173,27,71,-10.3136,7359.59,691.455
2174,27,72,-14.5791,7537.32,706.231
2175,27,73,-19.0287,7724.2,721.097
2176,27,74,-23.7125,7922.48,736.086
2177,27,75,-23.5755,7916.64,750.329
2178,27,76,-21.14,7811.91,764.794
2179,27,77,-15.1312,7551.53,780.612
2180,27,78,-6.97003,7195.16,797.964
2181,27,79,1.6578,6815.53,815.837
2182,27,80,5.39889,6649.68,830.863
2183,27,81,3.74892,6723.38,845.318
2184,27,82,-0.143541,6898.54,860.522
2185,27,83,-6.39876,7182.11,877.317
2186,27,84,-10.6149,7374.64,892.835
2187,27,85,-14.3986,7548.69,908.188
2188,27,86,-16.9403,7666.46,923.008
2189,27,87,-16.9286,7665.91,937.317
2190,27,88,-13.4512,7502.48,952.705
2191,27,89,-6.94124,7194.34,970.996
2192,27,90,-0.608974,6892.5,989.185
2193,27,91,4.31818,6656,1005.97
2194,27,92,6.03695,6572.92,1020.69
2195,27,93,6.3341,6558.46,1035.09
2196,27,94,3.6821,6688.41,1050.32
2197,27,95,-0.936792,6916.27,1067.4
2198,28,32,188,3488,72.3806
2199,28,33,-168,13930.7,88.1986
2200,28,34,-551.429,25305.7,106.6
2201,28,35,-708.571,30020,120.159
2202,28,36,-777.333,32105.8,133.902
2203,28,37,-711.03,30072.5,147.798
2204,28,38,-575.273,25864,164.59
2205,28,39,-471.748,22620.2,180.561
2206,28,40,-355.385,18935.4,197.892
2207,28,41,-250.374,15575,214.123
2208,28,42,-134.857,11840,232.606
2209,28,43,-66.0588,9592.59,248.633
2210,28,44,-46.5686,8949.41,263.08
2211,28,45,-48.9164,9027.67,277.294
2212,28,46,-74.4561,9887.51,292.008
2213,28,47,-106.857,10989.1,307.26
2214,28,48,-136.727,12014.7,322.554
2215,28,49,-155.167,12653.9,337.236
2216,28,50,-152.727,12568.5,351.372
2217,28,51,-143.322,12236.2,365.668
2218,28,52,-115.477,11243.1,381.914
2219,28,53,-78.9197,9927.02,400.099
2220,28,54,-48.0098,8803.96,417.407
2221,28,55,-15.2271,7601.93,435.399
2222,28,56,1.67488,6976.55,450.869
2223,28,57,-0.596218,7061.34,465.284
2224,28,58,-13.3387,7541.31,480.477
2225,28,59,-29.4428,8153.26,496.338
2226,28,60,-36.6444,8429.32,511.05
2227,28,61,-45.0848,8755.69,525.94
2228,28,62,-47.944,8867.19,540.347
2229,28,63,-44.5508,8733.73,554.773
2230,28,64,-37.7335,8463.31,569.587
2231,28,65,-25.9547,7992.16,585.614
2232,28,66,-13.9514,7508.02,601.886
2233,28,67,-1.85366,7016.05,618.372
2234,28,68,2.29268,6846.05,632.999
2235,28,69,-2.50547,7044.37,647.748
2236,28,70,-7.03715,7233.19,662.481
2237,28,71,-11.0782,7402.92,677.152
2238,28,72,-15.4993,7590.08,691.931
2239,28,73,-20.1024,7786.47,706.794
2240,28,74,-24.9399,7994.49,721.775
2241,28,75,-24.746,7986.08,736.037
2242,28,76,-22.1633,7873.31,750.526
2243,28,77,-15.8732,7596.54,766.351
2244,28,78,-7.3629,7219.25,783.679
2245,28,79,1.61188,6818.38,801.51
2246,28,80,5.49589,6643.6,816.541
2247,28,81,3.78121,6721.33,831.012
2248,28,82,-0.253968,6905.6,846.217
2249,28,83,-6.72864,7203.44,862.98
2250,28,84,-11.0812,7405.11,878.487
2251,28,85,-14.9792,7587.02,893.831
2252,28,86,-17.5874,7709.6,908.651
2253,28,87,-17.5538,7708.01,922.976
2254,28,88,-13.9418,7535.84,938.374
2255,28,89,-7.20606,7212.52,956.632
2256,28,90,-0.664363,6896.34,974.784
2257,28,91,4.4185,6648.97,991.548
2258,28,92,6.18706,6562.31,1006.27
2259,28,93,6.48868,6547.44,1020.69
2260,28,94,3.75289,6683.31,1035.93
2261,28,95,-1.00393,6921.15,1052.98
2262,29,33,-392,21024,75.1741
2263,29,34,-828.571,34266.7,91.0675
2264,29,35,-951.429,38034.3,104.716
2265,29,36,-976.667,38816.7,116.796
2266,29,37,-851.333,34889.6,131.606
2267,29,38,-660.364,28842.2,149.885
2268,29,39,-522.545,24432,166.377
2269,29,40,-378.322,19768.8,183.897
2270,29,41,-253.626,15695.4,201.075
2271,29,42,-121.143,11323.4,218.28
2272,29,43,-45,8785.33,234.16
2273,29,44,-25.7059,8135.76,248.607
2274,29,45,-30.7843,8308.43,262.877
2275,29,46,-61.1765,9351.9,277.682
2276,29,47,-98.386,10641.8,293.001
2277,29,48,-132.09,11821.5,308.334
2278,29,49,-152.727,12550.6,323.057
2279,29,50,-150.288,12463.6,337.236
2280,29,51,-140.277,12103.2,351.556
2281,29,52,-110.365,11016.5,367.709
2282,29,53,-71.2923,9583.78,385.686
2283,29,54,-38.5915,8373.85,402.815
2284,29,55,-4.07814,7085.36,420.585
2285,29,56,13.2348,6433.23,435.959
2286,29,57,10.0099,6555.78,450.408
2287,29,58,-4.28921,7103.91,465.686
2288,29,59,-22.0161,7789.35,481.632
2289,29,60,-30.132,8105.87,496.398
2290,29,61,-39.4786,8473.51,511.344
2291,29,62,-42.8358,8606.67,525.788
2292,29,63,-39.5406,8474.87,540.215
2293,29,64,-32.6229,8195.85,554.999
2294,29,65,-20.4836,7702.19,570.934
2295,29,66,-8.13656,7195.96,587.099
2296,29,67,4.2834,6682.6,603.467
2297,29,68,8.33021,6513.98,618.064
2298,29,69,3.00348,6737.71,632.867
2299,29,70,-2.00632,6949.79,647.652
2300,29,71,-6.46934,7140.21,662.372
2301,29,72,-11.3009,7347.97,677.2
2302,29,73,-16.2951,7564.38,692.113
2303,29,74,-21.5085,7792.03,707.142
2304,29,75,-21.4524,7789.57,721.417
2305,29,76,-18.8993,7676.38,735.891
2306,29,77,-12.4857,7389.91,751.644
2307,29,78,-3.77047,6997.72,768.854
2308,29,79,5.41538,6581.29,786.555
2309,29,80,9.30248,6403.78,801.538
2310,29,81,7.37945,6492.24,816.039
2311,29,82,3.06156,6692.31,831.3
2312,29,83,-3.76912,7011.07,848.136
2313,29,84,-8.38278,7227.91,863.695
2314,29,85,-12.5123,7423.38,879.084
2315,29,86,-15.2955,7556.04,893.94
2316,29,87,-15.3384,7558.1,908.275
2317,29,88,-11.6799,7381.27,923.63
2318,29,89,-4.79746,7046.33,941.776
2319,29,90,1.87757,6719.25,959.817
2320,29,91,7.04109,6464.52,976.499
2321,29,92,8.78297,6378.01,991.202
2322,29,93,9.01399,6366.45,1005.62
2323,29,94,6.11878,6512.18,1020.9
2324,29,95,1.14933,6763.97,1038.02
2325,30,34,-1380,52280,70.1423
2326,30,35,-1360,51653.3,80.7134
2327,30,36,-1275.71,48984.3,93.4555
2328,30,37,-1044.29,41578.6,113.696
2329,30,38,-768,32645.3,135.091
2330,30,39,-581.091,26539.6,152.213
2331,30,40,-400,20563.6,169.877
2332,30,41,-250.909,15593.9,186.951
2333,30,42,-98.4615,10461.5,204.839
2334,30,43,-14.6813,7613.01,219.554
2335,30,44,3.14286,7001.05,234.001
2336,30,45,-6.17647,7324.12,248.334
2337,30,46,-43.0392,8614.31,263.247
2338,30,47,-86.3983,10146.3,278.654
2339,30,48,-124.912,11520,294.044
2340,30,49,-148.331,12363.1,308.817
2341,30,50,-146.078,12281.2,323.039
2342,30,51,-135.539,11894.8,337.381
2343,30,52,-103.439,10707.1,353.432
2344,30,53,-61.687,9148.34,371.191
2345,30,54,-27.1385,7847.02,388.132
2346,30,55,9.14872,6468.1,405.675
2347,30,56,26.7643,5792.84,420.95
2348,30,57,22.3426,5963.81,435.437
2349,30,58,6.2069,6593.1,450.813
2350,30,59,-13.4016,7364.37,466.855
2351,30,60,-22.5968,7729.11,481.682
2352,30,61,-32.9985,8145.18,496.688
2353,30,62,-36.9519,8304.63,511.172
2354,30,63,-33.809,8176.83,525.601
2355,30,64,-26.8235,7890.42,540.354
2356,30,65,-14.332,7374.11,556.194
2357,30,66,-1.65007,6845.69,572.251
2358,30,67,11.0822,6310.94,588.499
2359,30,68,14.9879,6145.6,603.066
2360,30,69,9.06191,6398.44,617.93
2361,30,70,3.5122,6637.07,632.771
2362,30,71,-1.42614,6851.07,647.542
2363,30,72,-6.717,7082.1,662.423
2364,30,73,-12.1466,7321,677.39
2365,30,74,-17.776,7570.58,692.472
2366,30,75,-17.8797,7575.21,706.76
2367,30,76,-15.37,7462.27,721.22
2368,30,77,-8.8363,7166.08,736.9
2369,30,78,0.0857143,6758.64,753.992
2370,30,79,9.48475,6326.28,771.562
2371,30,80,13.3647,6146.51,786.496
2372,30,81,11.2115,6246.99,801.029
2373,30,82,6.58603,6464.39,816.351
2374,30,83,-0.628168,6805.86,833.264
2375,30,84,-5.52381,7039.22,848.877
2376,30,85,-9.90294,7249.42,864.315
2377,30,86,-12.8753,7393.08,879.208
2378,30,87,-13.0032,7399.31,893.554
2379,30,88,-9.29982,7217.84,908.865
2380,30,89,-2.2673,6870.9,926.899
2381,30,90,4.54363,6532.63,944.83
2382,30,91,9.78772,6270.42,961.429
2383,30,92,11.4977,6184.35,976.111
2384,30,93,11.6511,6176.58,990.535
2385,30,94,8.58566,6332.92,1005.86
2386,30,95,3.39088,6599.59,1023.04
2387,31,35,-1520,57040,67.7082
2388,31,36,-1354.29,51681.9,80.8808
2389,31,37,-1034.29,41228.6,102.034
2390,31,38,-691.429,29914.3,121.184
2391,31,39,-480,22866.7,137.582
2392,31,40,-282.909,16231.3,154.481
2393,31,41,-128,10964.4,170.88
2394,31,42,29.3706,5561.31,188.092
2395,31,43,106.374,2891.87,203.285
2396,31,44,109.451,2784.18,216.503
2397,31,45,84.7143,3658.19,230.849
2398,31,46,31.8824,5542.53,246.169
2399,31,47,-25.3922,7604.41,262.074
2400,31,48,-74.9639,9405.52,277.865
2401,31,49,-106.105,10547.4,292.852
2402,31,50,-107.85,10611.9,307.032
2403,31,51,-99.9481,10316.9,321.243
2404,31,52,-68.1649,9119.75,336.98
2405,31,53,-25.8498,7511.78,354.388
2406,31,54,8.5913,6191.54,371.003
2407,31,55,44.9231,4786.71,388.224
2408,31,56,61.1419,4154.17,403.242
2409,31,57,53.8462,4441.14,417.739
2410,31,58,34.3076,5216.17,433.399
2411,31,59,11.4089,6132.12,449.809
2412,31,60,-0.0533927,6594.43,464.76
2413,31,61,-12.5806,7103.87,479.922
2414,31,62,-18.0572,7328.41,494.439
2415,31,63,-15.869,7237.96,508.784
2416,31,64,-9.52788,6973.75,523.392
2417,31,65,2.68908,6460.64,539.027
2418,31,66,15.13,5933.97,554.875
2419,31,67,27.6434,5400.07,570.912
2420,31,68,30.883,5260.76,585.351
2421,31,69,23.8381,5566.05,600.335
2422,31,70,17.272,5852.76,615.29
2423,31,71,11.4216,6110.18,630.159
2424,31,72,5.267,6383.04,645.157
2425,31,73,-0.972516,6661.73,660.248
2426,31,74,-7.36575,6949.43,675.466
2427,31,75,-7.93676,6975.31,689.724
2428,31,76,-5.75023,6875.46,704.091
2429,31,77,0.652174,6580.95,719.616
2430,31,78,9.55059,6168.66,736.541
2431,31,79,18.9469,5730.16,753.947
2432,31,80,22.6036,5558.3,768.752
2433,31,81,20.0036,5681.37,783.32
2434,31,82,14.8621,5926.44,798.793
2435,31,83,7.06338,6300.78,815.993
2436,31,84,1.70154,6559.94,831.763
2437,31,85,-3.09957,6793.59,847.334
2438,31,86,-6.42105,6956.35,862.303
2439,31,87,-6.77988,6974.05,876.629
2440,31,88,-3.16343,6794.43,891.83
2441,31,89,3.89947,6441.29,909.727
2442,31,90,10.7319,6097.39,927.524
2443,31,91,15.945,5833.26,943.996
2444,31,92,17.5115,5753.36,958.598
2445,31,93,17.4789,5755.04,972.987
2446,31,94,14.1355,5927.78,988.422
2447,31,95,8.61014,6215.1,1005.84
2448,32,36,-1372,52296,70.2891
2449,32,37,-939.429,37877,88.8299
2450,32,38,-525.714,23948.6,107.523
2451,32,39,-302.857,16371.4,122.054
2452,32,40,-101.333,9452.44,138.085
2453,32,41,48.2424,4267.15,153.7
2454,32,42,202.182,-1120.73,170.172
2455,32,43,263.217,-3277.3,184.713
2456,32,44,242.637,-2543.3,198.744
2457,32,45,195.341,-840.615,212.329
2458,32,46,120.714,1870.81,228.483
2459,32,47,45.1765,4640.53,245.214
2460,32,48,-18.5294,6997.65,261.587
2461,32,49,-59.4014,8523.54,276.873
2462,32,50,-66.2456,8781.33,291.047
2463,32,51,-61.7143,8609.14,305.152
2464,32,52,-30.5455,7414.34,320.575
2465,32,53,12.1965,5761.65,337.62
2466,32,54,46.3241,4430.67,353.898
2467,32,55,82.5391,3006.21,370.785
2468,32,56,97.0462,2430.77,385.546
2469,32,57,86.4274,2855.52,400.11
2470,32,58,63.0281,3799.29,416.14
2471,32,59,36.4423,4880.45,432.987
2472,32,60,22.4631,5453.6,448.1
2473,32,61,7.59956,6067.95,463.449
2474,32,62,0.467742,6365.11,478.028
2475,32,63,1.6349,6316.09,492.312
2476,32,64,7.29947,6076.29,506.796
2477,32,65,19.2452,5566.61,522.235
2478,32,66,31.451,5041.76,537.88
2479,32,67,43.7529,4508.68,553.71
2480,32,68,46.2968,4397.59,568.043
2481,32,69,38.0698,4759.58,583.176
2482,32,70,30.4372,5097.96,598.27
2483,32,71,23.636,5401.74,613.26
2484,32,72,16.5854,5719.02,628.392
2485,32,73,9.50976,6039.78,643.623
2486,32,74,2.33162,6367.59,658.986
2487,32,75,1.29387,6415.32,673.234
2488,32,76,3.16733,6328.52,687.529
2489,32,77,9.46038,6034.84,702.91
2490,32,78,18.3626,5616.44,719.668
2491,32,79,27.7833,5170.53,736.908
2492,32,80,31.2286,5006.3,751.6
2493,32,81,28.1796,5152.65,766.219
2494,32,82,22.5158,5426.4,781.849
2495,32,83,14.1228,5834.86,799.323
2496,32,84,8.29221,6120.56,815.247
2497,32,85,3.06918,6378.23,830.948
2498,32,86,-0.597403,6560.34,845.997
2499,32,87,-1.17703,6589.32,860.318
2500,32,88,2.36972,6410.8,875.422
2501,32,89,9.48537,6050.27,893.18
2502,32,90,16.36,5699.67,910.841
2503,32,91,21.5593,5432.77,927.19
2504,32,92,22.9931,5358.69,941.729
2505,32,93,22.7826,5369.64,956.097
2506,32,94,19.1647,5558.97,971.641
2507,32,95,13.3095,5867.35,989.264
2508,33,37,-644,27340,74.8361
2509,33,38,-190.857,11782.1,91.1168
2510,33,39,0,5165.71,105.474
2511,33,40,176.19,-1000.95,119.408
2512,33,41,297.333,-5281.33,133.969
2513,33,42,432.242,-10093.1,149.604
2514,33,43,462.545,-11184,163.19
2515,33,44,405.315,-9104.62,177.457
2516,33,45,325.714,-6185.93,193.181
2517,33,46,221.802,-2341.19,210.236
2518,33,47,122.714,1358.1,228.329
2519,33,48,41.3529,4422.71,245.485
2520,33,49,-11.3725,6426.27,261.15
2521,33,50,-24.3137,6922.35,275.37
2522,33,51,-23.7193,6899.37,289.419
2523,33,52,6.76692,5710.41,304.551
2524,33,53,50.026,4008.88,321.228
2525,33,54,83.8171,2668.5,337.172
2526,33,55,119.921,1224.35,353.718
2527,33,56,132.522,716.116,368.247
2528,33,57,118.215,1297.91,382.943
2529,33,58,90.5709,2431.33,399.403
2530,33,59,59.9756,3695.94,416.703
2531,33,60,43.3169,4390.05,431.999
2532,33,61,25.9901,5117.77,447.544
2533,33,62,17.1568,5491.72,462.205
2534,33,63,17.3226,5484.65,476.462
2535,33,64,22.3607,5268.01,490.859
2536,33,65,34.1176,4758.54,506.128
2537,33,66,46.1665,4232.4,521.592
2538,33,67,58.3305,3697.19,537.235
2539,33,68,60.2059,3614.05,551.494
2540,33,69,50.7824,4034.96,566.788
2541,33,70,42.079,4426.62,582.028
2542,33,71,34.332,4777.81,597.144
2543,33,72,26.394,5140.32,612.409
2544,33,73,18.4948,5503.68,627.774
2545,33,74,10.547,5871.93,643.27
2546,33,75,9.07883,5940.44,657.528
2547,33,76,10.6836,5865.02,671.78
2548,33,77,16.9223,5569.72,687.042
2549,33,78,25.8871,5142.39,703.644
2550,33,79,35.3885,4686.33,720.721
2551,33,80,38.6604,4528.18,735.326
2552,33,81,35.1837,4697.39,750.008
2553,33,82,29.0132,4999.74,765.779
2554,33,83,20.0362,5442.61,783.47
2555,33,84,13.7539,5754.62,799.523
2556,33,85,8.12772,6035.94,815.333
2557,33,86,4.13798,6236.75,830.455
2558,33,87,3.36508,6275.91,844.784
2559,33,88,6.87628,6096.84,859.816
2560,33,89,14.0835,5726.87,877.438
2561,33,90,21.0366,5367.63,894.966
2562,33,91,26.2537,5096.34,911.207
2563,33,92,27.5788,5026.99,925.705
2564,33,93,27.211,5046.36,940.069
2565,33,94,23.3336,5251.87,955.707
2566,33,95,17.1601,5581.12,973.489
2567,34,38,324,-7096,72.6252
2568,34,39,406.857,-10023.6,84.028
2569,34,40,517.143,-13957.1,97.3044
2570,34,41,583.333,-16340,109.142
2571,34,42,684.667,-20021.8,124.121
2572,34,43,670.545,-19504,136.39
2573,34,44,565.091,-15602.2,154.458
2574,34,45,445.594,-11141,173.904
2575,34,46,307.253,-5930.11,194.729
2576,34,47,181.802,-1162.99,213.014
2577,34,48,81.7143,2673.71,230.669
2578,34,49,17.3529,5162.35,246.56
2579,34,50,-0.490196,5858.24,260.869
2580,34,51,-2.47678,5936.37,274.953
2581,34,52,28.9825,4688.49,289.933
2582,34,53,74.3459,2873.95,306.327
2583,34,54,109.039,1474.67,322.033
2584,34,55,146.132,-33.7888,338.299
2585,34,56,157.549,-501.897,352.714
2586,34,57,139.965,224.916,367.552
2587,34,58,108.369,1541.42,384.274
2588,34,59,74.0513,2982.77,401.793
2589,34,60,55.116,3784.36,417.202
2590,34,61,35.7088,4612.4,432.85
2591,34,62,25.5961,5047.25,447.577
2592,34,63,25.2102,5063.97,461.856
2593,34,64,30.0645,4852,476.239
2594,34,65,42.0748,4323.55,491.425
2595,34,66,54.3717,3778.39,506.791
2596,34,67,66.7685,3224.66,522.322
2597,34,68,68.2689,3157.14,536.574
2598,34,69,57.8739,3628.38,551.962
2599,34,70,48.3167,4064.83,567.285
2600,34,71,39.8337,4455.05,582.474
2601,34,72,31.2065,4854.77,597.807
2602,34,73,22.6717,5253.07,613.232
2603,34,74,14.1324,5654.41,628.783
2604,34,75,12.4236,5735.29,643.069
2605,34,76,13.9474,5662.66,657.326
2606,34,77,20.3214,5356.71,672.537
2607,34,78,29.5336,4911.45,689.038
2608,34,79,39.2895,4436.66,705.998
2609,34,80,42.5347,4277.65,720.576
2610,34,81,38.7516,4464.28,735.302
2611,34,82,32.1837,4790.49,751.135
2612,34,83,22.7208,5263.64,768.882
2613,34,84,16.0869,5597.54,784.977
2614,34,85,10.1545,5898.11,800.824
2615,34,86,5.93775,6113.17,815.977
2616,34,87,5.06956,6157.74,830.327
2617,34,88,8.64646,5972.93,845.337
2618,34,89,16.0478,5588.06,862.868
2619,34,90,23.176,5215.02,880.304
2620,34,91,28.4992,4934.66,896.482
2621,34,92,29.7931,4866.09,910.976
2622,34,93,29.3393,4890.29,925.356
2623,34,94,25.2649,5108.95,941.034
2624,34,95,18.83,5456.43,958.851
2625,35,39,656,-19408,69.0187
2626,35,40,720,-21733.3,79.7816
2627,35,41,747.143,-22728.6,91.1802
2628,35,42,832.857,-25900,104.295
2629,35,43,782.667,-24026.2,117.132
2630,35,44,633.697,-18415,139.871
2631,35,45,480,-12574.5,160.379
2632,35,46,312.867,-6167.79,181.086
2633,35,47,167.253,-537.363,199.989
2634,35,48,54.9451,3842.64,216.3
2635,35,49,-14.4286,6571.33,231.971
2636,35,50,-30.5294,7210,246.247
2637,35,51,-29.2157,7157.45,260.357
2638,35,52,8.71001,5627.78,275.487
2639,35,53,60.9825,3502.04,292
2640,35,54,100.481,1882.59,307.774
2641,35,55,141.922,169.697,324.056
2642,35,56,154.76,-365.217,338.517
2643,35,57,135.889,427.352,353.347
2644,35,58,102,1862,369.947
2645,35,59,65.4462,3421.63,387.284
2646,35,60,45.7162,4270.02,402.616
2647,35,61,25.5678,5143.12,418.163
2648,35,62,15.457,5584.62,432.848
2649,35,63,15.7438,5572,447.147
2650,35,64,21.5528,5314.47,461.579
2651,35,65,34.8871,4718.87,476.845
2652,35,66,48.4018,4110.71,492.281
2653,35,67,61.9118,3498.26,507.87
2654,35,68,63.7861,3412.66,522.154
2655,35,69,53.0532,3906.38,537.482
2656,35,70,43.2329,4361.38,552.744
2657,35,71,34.5661,4765.83,567.873
2658,35,72,25.7621,5179.62,583.136
2659,35,73,17.0688,5591.1,598.484
2660,35,74,8.38274,6005.14,613.948
2661,35,75,6.87108,6077.7,628.226
2662,35,76,8.73187,5987.76,642.51
2663,35,77,15.6448,5651.33,657.793
2664,35,78,25.4884,5169,674.376
2665,35,79,35.8577,4657.44,691.402
2666,35,80,39.3932,4481.85,706.018
2667,35,81,35.5828,4672.37,720.72
2668,35,82,28.8732,5010.08,736.482
2669,35,83,19.1592,5502.26,754.101
2670,35,84,12.4024,5846.86,770.114
2671,35,85,6.3819,6155.91,785.884
2672,35,86,2.14804,6374.66,800.984
2673,35,87,1.3901,6414.07,815.328
2674,35,88,5.23575,6212.82,830.391
2675,35,89,13.0303,5802.3,848.005
2676,35,90,20.5208,5405.3,865.508
2677,35,91,26.1239,5106.47,881.736
2678,35,92,27.5444,5030.24,896.254
2679,35,93,27.1514,5051.46,910.639
2680,35,94,23.0142,5276.25,926.268
2681,35,95,16.4421,5635.53,943.984
2682,36,40,916,-29312,63.6661
2683,36,41,886.857,-28224,73.1835
2684,36,42,957.143,-30871.4,86.2641
2685,36,43,863.333,-27306.7,101.622
2686,36,44,663.333,-19640,127.087
2687,36,45,472.97,-12279.3,147.196
2688,36,46,276.727,-4625.82,167.125
2689,36,47,112.867,1819.35,185.379
2690,36,48,-8.35165,6627.69,202.189
2691,36,49,-78.5934,9437.36,216.518
2692,36,50,-88.2857,9828.29,230.694
2693,36,51,-79.5882,9474.59,244.809
2694,36,52,-31.2745,7493.73,260.24
2695,36,53,31.2487,4909.43,277.094
2696,36,54,78.0351,2960,293.07
2697,36,55,125.865,951.158,309.501
2698,36,56,141.455,291.186,324.038
2699,36,57,122.078,1117.92,338.807
2700,36,58,86.4427,2650.24,355.206
2701,36,59,48.1391,4310.06,372.295
2702,36,60,28.2154,5180.06,387.497
2703,36,61,7.86325,6075.56,402.892
2704,36,62,-1.68498,6498.86,417.494
2705,36,63,-0.153257,6430.44,431.799
2706,36,64,7.15271,6101.67,446.293
2707,36,65,22.3359,5413.37,461.694
2708,36,66,37.5323,4719.4,477.26
2709,36,67,52.566,4027.85,492.968
2710,36,68,55.1203,3909.5,507.281
2711,36,69,44.2659,4416.04,522.511
2712,36,70,34.3866,4880.37,537.674
2713,36,71,25.7297,5290.13,552.709
2714,36,72,16.9275,5709.7,567.866
2715,36,73,8.2416,6126.62,583.102
2716,36,74,-0.437247,6546.1,598.446
2717,36,75,-1.58349,6601.88,612.697
2718,36,76,0.780488,6486.05,627.007
2719,36,77,8.40126,6110.09,642.404
2720,36,78,19.0396,5581.72,659.142
2721,36,79,30.1734,5025.03,676.31
2722,36,80,34.1186,4826.46,690.977
2723,36,81,30.3719,5016.29,705.63
2724,36,82,23.5985,5361.73,721.295
2725,36,83,13.6995,5869.88,738.765
2726,36,84,6.8898,6221.71,754.67
2727,36,85,0.84898,6535.84,770.339
2728,36,86,-3.33394,6754.74,785.362
2729,36,87,-3.91019,6785.09,799.687
2730,36,88,0.2806,6562.98,814.827
2731,36,89,8.54736,6122.09,832.594
2732,36,90,16.4733,5696.73,850.225
2733,36,91,22.4211,5375.55,866.54
2734,36,92,24.0213,5288.6,881.085
2735,36,93,23.7362,5304.19,895.469
2736,36,94,19.5745,5533.08,911.028
2737,36,95,12.898,5902.51,928.625
2738,37,41,820,-25572,62.5365
2739,37,42,936,-30018.7,75.5324
2740,37,43,821.429,-25588.6,90.704
2741,37,44,581.905,-16247.1,113.327
2742,37,45,367.333,-7807.33,132.314
2743,37,46,152.97,695.758,151.324
2744,37,47,-18.1818,7541.82,168.82
2745,37,48,-137.762,12364.9,184.966
2746,37,49,-198.901,14851.2,199.726
2747,37,50,-192.791,14600.7,212.679
2748,37,51,-169,13617.3,226.795
2749,37,52,-103.471,10886.9,243.003
2750,37,53,-25.098,7595.29,260.771
2751,37,54,33.1476,5129.56,277.239
2752,37,55,90.7368,2672.42,294.081
2753,37,56,111.398,1783.97,308.738
2754,37,57,93.039,2579.55,323.363
2755,37,58,56.8041,4161.81,339.478
2756,37,59,17.747,5880.32,356.252
2757,37,60,-1.30435,6724.93,371.249
2758,37,61,-20.9231,7601.23,386.418
2759,37,62,-28.9915,7964.31,400.874
2760,37,63,-25.3236,7798.03,415.164
2761,37,64,-15.6979,7358.46,429.742
2762,37,65,2.10837,6539.37,445.388
2763,37,66,19.6663,5725.85,461.189
2764,37,67,36.8226,4925.23,477.12
2765,37,68,40.5205,4751.42,491.456
2766,37,69,29.893,5254.46,506.535
2767,37,70,20.2781,5712.77,521.548
2768,37,71,11.9328,6113.34,536.439
2769,37,72,3.40798,6525.38,551.442
2770,37,73,-5.0166,6935.37,566.518
2771,37,74,-13.4544,7348.83,581.695
2772,37,75,-13.9919,7375.34,595.889
2773,37,76,-10.8893,7221.25,610.224
2774,37,77,-2.32753,6793.16,625.809
2775,37,78,9.32826,6206.48,642.83
2776,37,79,21.4316,5593.25,660.268
2777,37,80,25.9535,5362.63,675.005
2778,37,81,22.4032,5544.88,689.577
2779,37,82,15.6818,5892.15,705.11
2780,37,83,5.69843,6411.29,722.412
2781,37,84,-1.06166,6765.06,738.179
2782,37,85,-7.02449,7079.11,753.717
2783,37,86,-11.0598,7292.98,768.63
2784,37,87,-11.3557,7308.76,782.916
2785,37,88,-6.71732,7059.83,798.167
2786,37,89,2.12546,6582.32,816.207
2787,37,90,10.5828,6122.81,834.067
2788,37,91,16.961,5774.13,850.529
2789,37,92,18.8134,5672.25,865.101
2790,37,93,18.7011,5678.47,879.47
2791,37,94,14.5695,5908.46,894.935
2792,37,95,7.83635,6285.51,912.401
2793,38,42,920,-29368,65.8089
2794,38,43,772.571,-23569.1,78.9729
2795,38,44,478.571,-11907.1,100.604
2796,38,45,236.19,-2211.9,117.402
2797,38,46,3.33333,7180,135.431
2798,38,47,-172.121,14315.2,152.108
2799,38,48,-285.455,18961.8,167.527
2800,38,49,-332.168,20892.6,181.685
2801,38,50,-304.615,19744.6,195.588
2802,38,51,-261.451,17931.7,208.974
2803,38,52,-174.857,14265.9,226.337
2804,38,53,-77.7647,10123.3,245.097
2805,38,54,-6.47059,7057.65,262.022
2806,38,55,61.9195,4094.08,279.182
2807,38,56,87.7895,2964.42,293.959
2808,38,57,69.9549,3749.14,308.506
2809,38,58,32.4675,5411.08,324.394
2810,38,59,-7.92772,7215.4,340.895
2811,38,60,-26.4032,8046.8,355.744
2812,38,61,-45.5652,8915.48,370.742
2813,38,62,-52.3077,9223.38,385.111
2814,38,63,-46.5641,8959.18,399.432
2815,38,64,-34.652,8407.25,414.117
2816,38,65,-14.22,7453.76,429.971
2817,38,66,5.67488,6518.7,445.961
2818,38,67,24.9077,5608.35,462.056
2819,38,68,29.6129,5384.06,476.436
2820,38,69,19.0029,5893.34,491.414
2821,38,70,9.46524,6354.33,506.326
2822,38,71,1.26509,6753.41,521.121
2823,38,72,-7.13725,7165.12,536.017
2824,38,73,-15.444,7574.92,550.977
2825,38,74,-23.7743,7988.66,566.031
2826,38,75,-23.7969,7989.79,580.208
2827,38,76,-20.0324,7800.31,594.588
2828,38,77,-10.5854,7321.66,610.324
2829,38,78,2.04181,6677.67,627.537
2830,38,79,15.0685,6008.97,645.143
2831,38,80,20.0966,5749.18,659.943
2832,38,81,16.6512,5928.35,674.471
2833,38,82,9.88669,6282.35,689.909
2834,38,83,-0.278754,6817.73,707.061
2835,38,84,-7.07216,7177.78,722.722
2836,38,85,-13.033,7495.7,738.16
2837,38,86,-16.9878,7707.93,753
2838,38,87,-17.0583,7711.75,767.276
2839,38,88,-12.0145,7437.7,782.618
2840,38,89,-2.62785,6924.56,800.829
2841,38,90,6.32801,6431.99,818.826
2842,38,91,13.1001,6057.27,835.382
2843,38,92,15.1602,5942.59,849.986
2844,38,93,15.1743,5941.8,864.359
2845,38,94,11.0215,6175.74,879.759
2846,38,95,4.17854,6563.51,897.109
2847,39,43,848,-26712,68.1082
2848,39,44,430.857,-9887.24,87.8895
2849,39,45,132.857,2231.43,104.637
2850,39,46,-132.381,13106.2,120.622
2851,39,47,-316.667,20723.3,136.474
2852,39,48,-423.758,25185.5,151.223
2853,39,49,-453.818,26448,164.942
2854,39,50,-401.399,24228.9,179.111
2855,39,51,-336.703,21468.6,194.011
2856,39,52,-226.989,16750.9,211.309
2857,39,53,-110,11681.3,230.549
2858,39,54,-25.7647,8003.06,247.63
2859,39,55,52.9412,4540,264.82
2860,39,56,82.6832,3221.44,279.652
2861,39,57,63.5088,4077.89,294.217
2862,39,58,22.9173,5904.51,310.013
2863,39,59,-20.4156,7868.94,326.361
2864,39,60,-39.4353,8737.5,341.165
2865,39,61,-59.1304,9643.48,356.094
2866,39,62,-65.3043,9929.54,370.456
2867,39,63,-58.0615,9591.54,384.832
2868,39,64,-44.3487,8947.04,399.594
2869,39,65,-21.685,7874.29,415.529
2870,39,66,0.164204,6832.81,431.574
2871,39,67,21.1034,5827.72,447.702
2872,39,68,26.376,5572.89,462.121
2873,39,69,15.2903,6112.39,477.078
2874,39,70,5.38856,6597.57,491.967
2875,39,71,-3.0615,7014.44,506.739
2876,39,72,-11.7036,7443.67,521.602
2877,39,73,-20.2241,7869.69,536.522
2878,39,74,-28.7516,8298.91,551.526
2879,39,75,-28.5064,8286.49,565.722
2880,39,76,-24.2959,8071.75,580.144
2881,39,77,-14.1457,7550.71,595.934
2882,39,78,-0.709193,6856.49,613.179
2883,39,79,13.0871,6139.08,630.792
2884,39,80,18.4491,5858.47,645.62
2885,39,81,14.92,6044.34,660.151
2886,39,82,7.92671,6414.98,675.557
2887,39,83,-2.60343,6976.59,692.621
2888,39,84,-9.59112,7351.59,708.235
2889,39,85,-15.6984,7681.39,723.63
2890,39,86,-19.7069,7899.18,738.447
2891,39,87,-19.6694,7897.13,752.738
2892,39,88,-14.3193,7602.88,768.12
2893,39,89,-4.47421,7058.11,786.351
2894,39,90,4.89712,6536.44,804.354
2895,39,91,11.9787,6139.87,820.919
2896,39,92,14.1567,6017.18,835.545
2897,39,93,14.2078,6014.29,849.935
2898,39,94,9.94122,6257.48,865.318
2899,39,95,2.89603,6661.4,882.601
2900,40,44,192,304,74.632
2901,40,45,-125.714,13436.2,88.9922
2902,40,46,-392.857,24567.1,104.795
2903,40,47,-558.095,31507.1,118.582
2904,40,48,-635.333,34776.9,132.339
2905,40,49,-629.091,34510.5,145.44
2906,40,50,-535.273,30476.4,160.723
2907,40,51,-437.483,26238.8,176.934
2908,40,52,-295.385,20033.8,196.909
2909,40,53,-151.912,13721.1,215.851
2910,40,54,-50.8571,9240.95,233.142
2911,40,55,40.8235,5145.88,250.387
2912,40,56,75.4902,3585.88,265.282
2913,40,57,54.9845,4515.47,279.864
2914,40,58,11.0175,6523.3,295.565
2915,40,59,-35.4586,8661.2,311.758
2916,40,60,-54.8571,9560,326.518
2917,40,61,-74.9407,10497.2,341.379
2918,40,62,-80.2767,10748,355.739
2919,40,63,-71.1826,10317.6,370.176
2920,40,64,-55.3231,9561.6,385.023
2921,40,65,-30.0718,8349.54,401.045
2922,40,66,-5.98291,7185.24,417.151
2923,40,67,16.8911,6072.04,433.313
2924,40,68,22.8177,5781.64,447.774
2925,40,69,11.2303,6353.28,462.711
2926,40,70,0.951613,6863.79,477.578
2927,40,71,-7.74927,7298.83,492.329
2928,40,72,-16.631,7745.88,507.162
2929,40,73,-25.3629,8188.3,522.043
2930,40,74,-34.084,8633.08,537
2931,40,75,-33.529,8604.58,551.217
2932,40,76,-28.8193,8361.25,565.684
2933,40,77,-17.8969,7793.29,581.529
2934,40,78,-3.57895,7043.98,598.805
2935,40,79,11.0507,6273.49,616.422
2936,40,80,16.7735,5970.17,631.279
2937,40,81,13.1561,6163.1,645.815
2938,40,82,5.91966,6551.46,661.191
2939,40,83,-4.99789,7141.01,678.169
2940,40,84,-12.1897,7531.76,693.738
2941,40,85,-18.4496,7873.97,709.092
2942,40,86,-22.5116,8097.38,723.889
2943,40,87,-22.3556,8088.75,738.196
2944,40,88,-16.6776,7772.67,753.618
2945,40,89,-6.3443,7194.01,771.866
2946,40,90,3.46787,6641.25,789.872
2947,40,91,10.8768,6221.42,806.445
2948,40,92,13.1785,6090.22,821.093
2949,40,93,13.2678,6085.1,835.5
2950,40,94,8.88023,6338.12,850.867
2951,40,95,1.62133,6759.13,868.087
2952,41,45,-464,28208,74.1928
2953,41,46,-707.429,38513.1,87.5697
2954,41,47,-830,43742.9,101.038
2955,41,48,-858.571,44971.4,112.645
2956,41,49,-801.333,42491.1,125.751
2957,41,50,-654.303,36070.8,143.922
2958,41,51,-517.091,30033.5,161.765
2959,41,52,-338.042,22095.6,182.665
2960,41,53,-165.934,14408.1,202.638
2961,41,54,-48.4396,9120.88,218.83
2962,41,55,55.1429,4425.14,235.893
2963,41,56,92.3529,2725.88,250.766
2964,41,57,67.451,3871.37,265.426
2965,41,58,17.2136,6199.04,281.167
2966,41,59,-34.807,8626.67,297.345
2967,41,60,-56.2105,9632.63,312.134
2968,41,61,-78.0779,10667.7,327.009
2969,41,62,-83.6138,10931.6,341.406
2970,41,63,-73.4387,10443.2,355.887
2971,41,64,-56.0696,9603.65,370.76
2972,41,65,-28.7385,8273.54,386.75
2973,41,66,-2.89915,7007.41,402.802
2974,41,67,21.4408,5806.64,418.893
2975,41,68,27.4658,5507.4,433.367
2976,41,69,14.7586,6142.76,448.346
2977,41,70,3.55951,6706.45,463.248
2978,41,71,-5.87097,7184.26,478.031
2979,41,72,-15.4252,7671.52,492.889
2980,41,73,-24.7594,8150.68,507.789
2981,41,74,-34.029,8629.61,522.757
2982,41,75,-33.4454,8599.26,537.003
2983,41,76,-28.4788,8339.34,551.488
2984,41,77,-16.9844,7733.97,567.306
2985,41,78,-1.96083,6937.72,584.504
2986,41,79,13.336,6121.89,602.022
2987,41,80,19.2308,5805.54,616.867
2988,41,81,15.3171,6016.88,631.435
2989,41,82,7.63309,6434.37,646.836
2990,41,83,-3.87194,7063.32,663.808
2991,41,84,-11.4419,7479.66,679.386
2992,41,85,-18.0132,7843.27,694.748
2993,41,86,-22.2707,8080.28,709.56
2994,41,87,-22.1184,8071.75,723.888
2995,41,88,-16.2136,7739.11,739.302
2996,41,89,-5.47755,7130.73,757.472
2997,41,90,4.69244,6551.05,775.399
2998,41,91,12.3439,6112.36,791.922
2999,41,92,14.6777,5977.78,806.572
3000,41,93,14.7138,5975.69,820.997
3001,41,94,10.1102,6244.23,836.385
3002,41,95,2.54257,6688.2,853.604
3003,42,46,-1148,58192,61.7252
3004,42,47,-1164.57,58910.1,70.7105
3005,42,48,-1105.71,56340,83.5198
3006,42,49,-972.381,50473.3,104.21
3007,42,50,-754.667,40821.3,128.91
3008,42,51,-569.939,32570.2,147.91
3009,42,52,-348.727,22615.6,168.798
3010,42,53,-146.154,13432.3,188.335
3011,42,54,-13.6264,7380.22,205.224
3012,42,55,99.7802,2163.52,220.956
3013,42,56,136,485.333,235.733
3014,42,57,102.529,2047.29,250.515
3015,42,58,42.2549,4880.2,266.423
3016,42,59,-18.3282,7747.79,282.714
3017,42,60,-43.7193,8958.11,297.581
3018,42,61,-69.0226,10172.7,312.524
3019,42,62,-75.9481,10507.4,326.974
3020,42,63,-65.5449,10001.1,341.47
3021,42,64,-47.3518,9109.64,356.315
3022,42,65,-18.4696,7684.79,372.192
3023,42,66,8.61538,6339.57,388.117
3024,42,67,33.9419,5073.24,404.069
3025,42,68,39.4872,4794.13,418.527
3026,42,69,25.0137,5527.45,433.592
3027,42,70,12.335,6174.07,448.57
3028,42,71,1.69077,6720.47,463.419
3029,42,72,-8.96774,7271.16,478.339
3030,42,73,-19.2889,7807.86,493.296
3031,42,74,-29.4519,8339.72,508.316
3032,42,75,-29.1031,8321.36,522.584
3033,42,76,-24.1008,8056.24,537.062
3034,42,77,-12.2111,7422.11,552.801
3035,42,78,3.36652,6586.12,569.861
3036,42,79,19.1881,5731.75,587.227
3037,42,80,25.085,5411.35,602.029
3038,42,81,20.6829,5652,616.643
3039,42,82,12.3624,6109.63,632.111
3040,42,83,0.0842719,6789.02,649.151
3041,42,84,-8.02175,7240.25,664.779
3042,42,85,-15.0472,7633.68,680.185
3043,42,86,-19.6258,7891.61,695.033
3044,42,87,-19.5819,7889.12,709.378
3045,42,88,-13.5338,7544.38,724.751
3046,42,89,-2.46201,6909.59,742.797
3047,42,90,8,6306.29,760.603
3048,42,91,15.8252,5852.42,777.042
3049,42,92,18.114,5718.91,791.679
3050,42,93,18.0193,5724.47,806.114
3051,42,94,13.1172,6013.69,821.552
3052,42,95,5.158,6485.94,838.825
3053,43,47,-1260,63268,55.2288
3054,43,48,-1149.71,58378.7,72.0306
3055,43,49,-965.714,50160,93.7297
3056,43,50,-695.238,37988.6,115.61
3057,43,51,-482.667,28352,133.577
3058,43,52,-234.667,17026.7,153.431
3059,43,53,-16,6968,172.15
3060,43,54,116.923,809.231,188.415
3061,43,55,227.692,-4360,204.556
3062,43,56,250.813,-5446.68,217.981
3063,43,57,197.571,-2926.57,233.056
3064,43,58,117.882,871.941,249.624
3065,43,59,41.2745,4549.12,266.483
3066,43,60,6.43963,6232.8,281.537
3067,43,61,-26.807,7850.81,296.672
3068,43,62,-38.6466,8430.95,311.17
3069,43,63,-30.8052,8044.1,325.571
3070,43,64,-14.1163,7215.22,340.243
3071,43,65,14.3874,5790.04,355.85
3072,43,66,40.9913,4450.97,371.501
3073,43,67,65.7538,3196.34,387.178
3074,43,68,69.2786,3016.57,401.519
3075,43,69,51.5263,3927.86,416.794
3076,43,70,36.0482,4727.56,431.951
3077,43,71,23.0345,5404.28,446.946
3078,43,72,10.2425,6073.72,462.018
3079,43,73,-1.98387,6717.65,477.124
3080,43,74,-13.8636,7347.27,492.292
3081,43,75,-14.4385,7377.93,506.538
3082,43,76,-10.0046,7139.98,520.923
3083,43,77,1.7591,6504.74,536.481
3084,43,78,17.426,5653.5,553.327
3085,43,79,33.3428,4783.39,570.48
3086,43,80,38.8051,4482.96,585.152
3087,43,81,33.4737,4777.96,599.836
3088,43,82,24.0976,5299.9,615.487
3089,43,83,10.6481,6053.07,632.821
3090,43,84,1.65303,6559.79,648.609
3091,43,85,-6.1492,7001.92,664.147
3092,43,86,-11.3404,7297.82,679.073
3093,43,87,-11.6627,7316.3,693.406
3094,43,88,-5.69596,6972.22,708.667
3095,43,89,5.51341,6322.07,726.54
3096,43,90,16.079,5705.74,744.18
3097,43,91,23.8939,5247.27,760.476
3098,43,92,25.9515,5125.87,775.046
3099,43,93,25.5457,5149.95,789.463
3100,43,94,20.1656,5470.96,805.021
3101,43,95,11.6401,5982.5,822.513
3102,44,48,-1084,55312,61.3011
3103,44,49,-860.571,45183.2,80.2681
3104,44,50,-542.857,30674.3,101.786
3105,44,51,-315.238,20203.8,117.69
3106,44,52,-49.3333,7883.56,136.698
3107,44,53,176,-2632,154.647
3108,44,54,298.182,-8374.55,170.159
3109,44,55,397.203,-13061.5,185.576
3110,44,56,397.802,-13090.1,199.584
3111,44,57,315.956,-9161.49,214.448
3112,44,58,209.857,-4033.38,232.253
3113,44,59,112.176,720.412,249.989
3114,44,60,64.902,3036.86,265.323
3115,44,61,21.4654,5179.73,280.723
3116,44,62,3.29825,6082.04,295.304
3117,44,63,7.72932,5860.48,309.628
3118,44,64,22.3377,5125.19,324.136
3119,44,65,50.1186,3717.63,339.472
3120,44,66,75.9289,2401.3,354.846
3121,44,67,99.8435,1173.69,370.244
3122,44,68,100.923,1117.91,384.486
3123,44,69,79.3709,2238.62,400.039
3124,44,70,60.6838,3216.58,415.426
3125,44,71,44.9808,4043.6,430.606
3126,44,72,29.7931,4848.55,445.86
3127,44,73,15.4483,5613.61,461.139
3128,44,74,1.67742,6352.65,476.473
3129,44,75,0.0953079,6438.08,490.715
3130,44,76,3.91711,6230.43,505.024
3131,44,77,15.5539,5594.29,520.411
3132,44,78,31.3277,4726.72,537.045
3133,44,79,47.3565,3839.8,553.983
3134,44,80,52.3566,3561.46,568.539
3135,44,81,46.0313,3915.68,583.312
3136,44,82,35.5304,4507.23,599.161
3137,44,83,20.8368,5339.86,616.786
3138,44,84,10.9059,5905.92,632.736
3139,44,85,2.29155,6399.81,648.406
3140,44,86,-3.53368,6735.74,663.414
3141,44,87,-4.22551,6775.86,677.749
3142,44,88,1.67589,6431.61,692.909
3143,44,89,13.0521,5764.21,710.61
3144,44,90,23.7465,5133.24,728.086
3145,44,91,31.5675,4669.19,744.247
3146,44,92,33.3959,4560.1,758.764
3147,44,93,32.6761,4603.29,773.175
3148,44,94,26.8054,4957.48,788.854
3149,44,95,17.6966,5510.09,806.549
3150,45,49,-752,40008,68.7295
3151,45,50,-364.571,22057.1,87.3669
3152,45,51,-122.857,10777.1,103.078
3153,45,52,161.429,-2584.29,120.096
3154,45,53,390,-13403.3,137.17
3155,45,54,493.818,-18352,151.848
3156,45,55,575.273,-22261.8,166.451
3157,45,56,546.294,-20861.2,180.267
3158,45,57,429.011,-15153.4,197.706
3159,45,58,291.604,-8420.48,216.002
3160,45,59,170,-2421.33,234.498
3161,45,60,109.588,579.118,250.091
3162,45,61,55.7843,3269.31,265.705
3163,45,62,31.7853,4477.26,280.392
3164,45,63,33.6842,4381.05,294.723
3165,45,64,47.1579,3693.89,309.17
3166,45,65,75.2208,2253.33,324.335
3167,45,66,101.095,916.477,339.527
3168,45,67,124.901,-321.423,354.734
3169,45,68,123.983,-273.351,368.963
3170,45,69,98.8615,1049.69,384.728
3171,45,70,77.2376,2195.76,400.286
3172,45,71,59.1453,3160.68,415.601
3173,45,72,41.861,4088.28,430.979
3174,45,73,25.6946,4961.26,446.366
3175,45,74,10.3226,5796.47,461.795
3176,45,75,8.08065,5919.03,476.068
3177,45,76,11.6422,5723.15,490.367
3178,45,77,23.516,5066.13,505.659
3179,45,78,39.7494,4162.47,522.136
3180,45,79,56.2129,3240.52,538.905
3181,45,80,60.9987,2970.91,553.412
3182,45,81,53.8644,3375.19,568.261
3183,45,82,42.3985,4028.75,584.221
3184,45,83,26.5992,4934.57,601.965
3185,45,84,15.8837,5552.5,617.992
3186,45,85,6.60627,6090.59,633.725
3187,45,86,0.298193,6458.56,648.782
3188,45,87,-0.604047,6511.5,663.139
3189,45,88,5.40099,6157.2,678.256
3190,45,89,17.1173,5462.03,695.827
3191,45,90,28.0999,4806.73,713.176
3192,45,91,36.0685,4328.62,729.249
3193,45,92,37.7855,4225.03,743.754
3194,45,93,36.8571,4281.35,758.183
3195,45,94,30.5844,4663.98,773.928
3196,45,95,20.9701,5253.66,791.697
3197,46,50,-44,6456,72.0951
3198,46,51,171.429,-3740.95,85.3737
3199,46,52,452.857,-17155.7,102.742
3200,46,53,665.714,-27372.9,117.954
3201,46,54,731.333,-30544.4,131.5
3202,46,55,781.576,-32989.6,144.976
3203,46,56,709.818,-29473.5,159.383
3204,46,57,545.734,-21378.6,180.307
3205,46,58,369.231,-12612.3,201.397
3206,46,59,219.165,-5109.01,219.505
3207,46,60,144.143,-1332.9,235.302
3208,46,61,79.2941,1952.76,251.06
3209,46,62,49.7059,3461.76,265.84
3210,46,63,49.8246,3455.67,280.213
3211,46,64,63.0175,2774.04,294.659
3212,46,65,92.3008,1251.31,309.733
3213,46,66,119.013,-146.632,324.818
3214,46,67,143.354,-1428.59,339.905
3215,46,68,140.751,-1290.63,354.163
3216,46,69,112.139,235.333,370.065
3217,46,70,87.7231,1545.66,385.726
3218,46,71,67.4325,2641.35,401.121
3219,46,72,48.254,3683.39,416.562
3220,46,73,30.4762,4655.24,431.999
3221,46,74,13.7143,5577.14,447.464
3222,46,75,11.0968,5721.98,461.772
3223,46,76,14.6935,5521.76,476.091
3224,46,77,27.1188,4825.95,491.344
3225,46,78,44.1176,3868.34,507.726
3226,46,79,61.2926,2895.1,524.379
3227,46,80,66.0616,2623.26,538.877
3228,46,81,58.2497,3071.15,553.777
3229,46,82,45.927,3781.75,569.783
3230,46,83,29.1104,4757.12,587.538
3231,46,84,17.7166,5421.75,603.582
3232,46,85,7.88368,5998.62,619.328
3233,46,86,1.20557,6392.63,634.404
3234,46,87,0.217162,6451.27,648.785
3235,46,88,6.4633,6078.59,663.896
3236,46,89,18.6638,5346.55,681.388
3237,46,90,30.0659,4658.63,698.658
3238,46,91,38.2954,4159.37,714.682
3239,46,92,39.9907,4055.96,729.195
3240,46,93,38.9318,4120.9,743.647
3241,46,94,32.3184,4528.73,759.419
3242,46,95,22.2502,5152.96,777.185
3243,47,51,476,-18868,68.828
3244,47,52,749.714,-32097.5,84.5742
3245,47,53,938.571,-41288.6,99.7476
3246,47,54,952.381,-41965.2,111.1
3247,47,55,964.667,-42571.3,123.343
3248,47,56,841.939,-36475.9,140.844
3249,47,57,624,-25578.9,165.372
3250,47,58,405.035,-14557.7,187.032
3251,47,59,226.374,-5505.49,206.066
3252,47,60,139.604,-1080.26,220.844
3253,47,61,66.7143,2661.43,236.54
3254,47,62,35,4300,251.322
3255,47,63,36.8627,4203.14,265.751
3256,47,64,52.9618,3360.62,280.264
3257,47,65,86.386,1600.28,295.391
3258,47,66,116.361,11.609,310.509
3259,47,67,143.273,-1423.69,325.614
3260,47,68,140.44,-1271.69,339.916
3261,47,69,109.368,406.245,355.776
3262,47,70,83.1478,1830.85,371.39
3263,47,71,61.6,3008.8,386.738
3264,47,72,41.3949,4120.08,402.12
3265,47,73,22.8083,5148.54,417.488
3266,47,74,5.39683,6117.78,432.874
3267,47,75,3.17241,6242.34,447.194
3268,47,76,7.53726,5996.46,461.555
3269,47,77,21.2258,5220.77,476.875
3270,47,78,39.6554,4170.29,493.306
3271,47,79,58.1417,3110.41,509.983
3272,47,80,63.3766,2808.53,524.517
3273,47,81,55.2717,3278.61,539.403
3274,47,82,42.4299,4027.72,555.344
3275,47,83,24.8933,5056.53,572.964
3276,47,84,13.1218,5751.05,588.931
3277,47,85,3.02024,6350.41,604.606
3278,47,86,-3.74859,6754.28,619.639
3279,47,87,-4.54355,6801.98,634.028
3280,47,88,2.22672,6393.51,649.193
3281,47,89,15.1918,5606.96,666.74
3282,47,90,27.2699,4870.19,684.045
3283,47,91,35.9895,4335.39,700.101
3284,47,92,37.8588,4220.12,714.64
3285,47,93,36.8455,4282.94,729.104
3286,47,94,30.0434,4706.94,744.835
3287,47,95,19.6571,5357.81,762.5
3288,48,52,1044,-47008,67.5053
3289,48,53,1197.71,-54591.2,80.3787
3290,48,54,1141.43,-51795.7,92.375
3291,48,55,1109.52,-50200.5,103.063
3292,48,56,927.333,-41030.2,126.175
3293,48,57,648.727,-26914.2,151.66
3294,48,58,385.455,-13487.3,172.776
3295,48,59,180.28,-2954.97,191.306
3296,48,60,87.2527,1851.43,206.876
3297,48,61,11.4286,5794.29,221.348
3298,48,62,-17.1429,7289.52,236.029
3299,48,63,-8.52941,6835.88,250.489
3300,48,64,14.8039,5599.22,265.103
3301,48,65,56.1816,3392.4,280.407
3302,48,66,92.4912,1443.79,295.675
3303,48,67,124.481,-283.669,310.905
3304,48,68,123.169,-212.364,325.228
3305,48,69,90.8413,1554.87,340.923
3306,48,70,63.9526,3033.75,356.381
3307,48,71,42.2087,4236.92,371.587
3308,48,72,21.9385,5365.29,386.816
3309,48,73,3.4188,6402.39,402.026
3310,48,74,-13.8462,7374.99,417.249
3311,48,75,-14.855,7432.15,431.54
3312,48,76,-8.94581,7095.33,445.946
3313,48,77,6.75417,6195.2,461.429
3314,48,78,27.3065,5010.02,478.063
3315,48,79,47.7199,3826.03,494.913
3316,48,80,53.9037,3465.31,509.503
3317,48,81,45.8793,3936.08,524.318
3318,48,82,32.8403,4705.38,540.125
3319,48,83,14.8623,5772.08,557.548
3320,48,84,2.99668,6480.06,573.376
3321,48,85,-7.10362,7086.08,588.925
3322,48,86,-13.7004,7484.08,603.863
3323,48,87,-14.0375,7504.53,618.233
3324,48,88,-6.47387,7043.15,633.503
3325,48,89,7.52289,6184.68,651.249
3326,48,90,20.5195,5383.23,668.711
3327,48,91,29.9422,4799.02,684.87
3328,48,92,32.1634,4660.56,699.437
3329,48,93,31.3537,4711.3,713.896
3330,48,94,24.4958,5143.35,729.539
3331,48,95,13.9079,5813.92,747.059
3332,49,53,1396,-64836,64.8958
3333,49,54,1254.86,-57731.8,78.1369
3334,49,55,1181.43,-54011.4,90.653
3335,49,56,935.714,-41480,113.641
3336,49,57,593.333,-23904.4,137.679
3337,49,58,288.485,-8153.94,157.783
3338,49,59,63.6364,3538.18,175.606
3339,49,60,-25.4545,8200.61,190.807
3340,49,61,-95.6044,11895.2,205.905
3341,49,62,-112.967,12815.4,219.379
3342,49,63,-90.4286,11613.3,233.865
3343,49,64,-53.9412,9655.18,248.647
3344,49,65,0.392157,6721.18,264.312
3345,49,66,46.935,4192.35,279.875
3346,49,67,87.0877,1997.33,295.35
3347,49,68,89.3835,1871.07,309.663
3348,49,69,57.1948,3652.17,325.11
3349,49,70,30.9204,5114.78,340.333
3350,49,71,10.1581,6277.47,355.32
3351,49,72,-9.13043,7364.06,370.322
3352,49,73,-26.6462,8356.62,385.303
3353,49,74,-42.9265,9284.59,400.291
3354,49,75,-41.8559,9223.22,414.517
3355,49,76,-33.5961,8746.9,428.982
3356,49,77,-15.1133,7674.9,444.751
3357,49,78,8.26696,6311.05,461.77
3358,49,79,31.2258,4964.13,478.952
3359,49,80,38.827,4515.66,493.616
3360,49,81,31.2299,4966.42,508.315
3361,49,82,18.2857,5738.76,523.945
3362,49,83,0.112045,6829.18,541.146
3363,49,84,-11.5933,7535.4,556.796
3364,49,85,-21.4509,8133.43,572.176
3365,49,86,-27.6398,8510.95,586.978
3366,49,87,-27.2794,8488.84,601.309
3367,49,88,-18.6754,7958.27,616.739
3368,49,89,-3.4007,7011.23,634.835
3369,49,90,10.7349,6130.11,652.572
3370,49,91,21.051,5483.64,668.898
3371,49,92,23.7773,5311.88,683.494
3372,49,93,23.3043,5341.84,697.931
3373,49,94,16.4983,5775.15,713.458
3374,49,95,5.80019,6459.83,730.816
3375,50,54,1256,-57792,68.0256
3376,50,55,1157.71,-52746.7,79.3574
3377,50,56,848.571,-36774.3,101.251
3378,50,57,442.381,-15652.4,122.67
3379,50,58,103.333,2091.11,141.725
3380,50,59,-129.455,14351.3,158.749
3381,50,60,-199.636,18070.9,173.445
3382,50,61,-252.448,20887.5,188.034
3383,50,62,-248.352,20667.7,202.249
3384,50,63,-203.253,18232.4,215.889
3385,50,64,-146.857,15168.2,231.055
3386,50,65,-74.1176,11191.8,247.386
3387,50,66,-13.3333,7848.63,263.442
3388,50,67,37.9773,5009.44,279.296
3389,50,68,45.6842,4580.42,293.609
3390,50,69,14.6466,6318.53,308.774
3391,50,70,-10.0779,7711.34,323.729
3392,50,71,-29.0006,8783.63,338.465
3393,50,72,-46.5613,9784.58,353.209
3394,50,73,-62.4174,10693.7,367.927
3395,50,74,-77.1385,11542.6,382.648
3396,50,75,-73.3538,11323.1,396.82
3397,50,76,-62.149,10669.5,411.394
3398,50,77,-40.3065,9388.04,427.576
3399,50,78,-13.5764,7810.96,445.115
3400,50,79,12.3693,6271.51,462.726
3401,50,80,21.6774,5716.13,477.487
3402,50,81,14.6774,6136.13,492.064
3403,50,82,1.95187,6903.9,507.506
3404,50,83,-16.33,8013.01,524.478
3405,50,84,-27.7647,8710.52,539.94
3406,50,85,-37.2716,9293.61,555.143
3407,50,86,-42.9398,9643.15,569.801
3408,50,87,-41.7551,9569.7,584.098
3409,50,88,-31.9676,8959.61,599.731
3410,50,89,-15.2645,7912.89,618.247
3411,50,90,0.139373,6942.44,636.305
3412,50,91,11.4513,6226.02,652.825
3413,50,92,14.7508,6015.95,667.458
3414,50,93,14.6667,6021.33,681.875
3415,50,94,7.94203,6453.95,697.284
3416,50,95,-2.84921,7151.79,714.477
3417,51,55,1152,-52440,69.0397
3418,51,56,741.714,-30968.4,87.9782
3419,51,57,250,-5071.43,108.683
3420,51,58,-125.714,14841.4,125.629
3421,51,59,-359.333,27301.1,141.8
3422,51,60,-397.576,29353.5,156.035
3423,51,61,-424,30780.4,170.16
3424,51,62,-390.629,28967.2,184.303
3425,51,63,-316.703,24925.9,199.426
3426,51,64,-236.044,20489.7,214.248
3427,51,65,-141.714,15270.1,231.357
3428,51,66,-64.8824,10993.1,247.901
3429,51,67,-1.47059,7442.06,264.085
3430,51,68,11.4757,6712.75,278.459
3431,51,69,-19.2281,8452.63,293.432
3432,51,70,-43.0376,9809.77,308.208
3433,51,71,-60.6234,10818,322.782
3434,51,72,-76.9057,11757,337.354
3435,51,73,-91.502,12603.6,351.895
3436,51,74,-105.026,13392.5,366.429
3437,51,75,-98.7077,13021.8,380.624
3438,51,76,-84.6906,12194.8,395.346
3439,51,77,-59.5604,10703.7,411.861
3440,51,78,-29.5457,8912.84,429.749
3441,51,79,-0.70936,7182.66,447.614
3442,51,80,10.0912,6531.03,462.463
3443,51,81,3.3871,6937.74,476.985
3444,51,82,-9.42815,7719.47,492.302
3445,51,83,-28.1283,8866.42,509.077
3446,51,84,-39.5416,9570.24,524.408
3447,51,85,-48.9188,10151.6,539.491
3448,51,86,-54.2548,10484.2,554.068
3449,51,87,-52.3945,10367.7,568.374
3450,51,88,-41.5319,9683.31,584.16
3451,51,89,-23.4818,8540.13,602.914
3452,51,90,-6.89681,7484.23,621.142
3453,51,91,5.3101,6702.98,637.768
3454,51,92,9.05923,6461.79,652.443
3455,51,93,9.23588,6450.37,666.87
3456,51,94,2.45243,6891.29,682.209
3457,51,95,-8.57444,7611.71,699.267
3458,52,56,400,-12288,72.4634
3459,52,57,-141.714,16603.4,91.5059
3460,52,58,-512.857,36521.4,108.364
3461,52,59,-708.095,47064.3,122.404
3462,52,60,-677.333,45392.9,136.082
3463,52,61,-653.091,44067.6,149.661
3464,52,62,-572,39607.6,164.258
3465,52,63,-455.524,33162.7,180.869
3466,52,64,-341.099,26793,198.037
3467,52,65,-218.286,19915.4,215.313
3468,52,66,-121,14435,232.458
3469,52,67,-42.6471,9995,249
3470,52,68,-23.3333,8894.12,263.462
3471,52,69,-53.581,10628.3,278.275
3472,52,70,-76.2807,11937.3,292.904
3473,52,71,-92.3008,12866.5,307.35
3474,52,72,-107.117,13730.8,321.782
3475,52,73,-120.294,14503.8,336.177
3476,52,74,-132.49,15223.4,350.557
3477,52,75,-123.357,14681.5,364.812
3478,52,76,-106.246,13660.6,379.708
3479,52,77,-77.5248,11937.3,396.543
3480,52,78,-43.956,9911.96,414.724
3481,52,79,-12.0307,7975.15,432.78
3482,52,80,0.295567,7223.25,447.712
3483,52,81,-6.20245,7621.8,462.202
3484,52,82,-19.2258,8424.9,477.422
3485,52,83,-38.4824,9618.81,494.024
3486,52,84,-49.9599,10334.2,509.248
3487,52,85,-59.2758,10918,524.236
3488,52,86,-64.3249,11236.1,538.755
3489,52,87,-61.8018,11076.3,553.086
3490,52,88,-49.8435,10315,569.005
3491,52,89,-30.406,9070.99,587.93
3492,52,90,-12.6154,7926.46,606.269
3493,52,91,0.487805,7079.12,622.969
3494,52,92,4.65505,6808.25,637.683
3495,52,93,5.04983,6782.46,652.129
3496,52,94,-1.85442,7235.84,667.418
3497,52,95,-13.1868,7983.77,684.362
3498,53,57,-572,40556,76.0314
3499,53,58,-923.429,59650.3,90.4947
3500,53,59,-1057.14,66960,104.206
3501,53,60,-931.429,60045.7,117.307
3502,53,61,-845.333,55281.8,131.175
3503,53,62,-709.576,47724.6,147.27
3504,53,63,-546.909,38615.3,165.47
3505,53,64,-398.182,30237,183.412
3506,53,65,-247.692,21709.2,201.977
3507,53,66,-132.308,15132.3,218.158
3508,53,67,-42,9954.67,234.655
3509,53,68,-20.3529,8706.35,249.165
3510,53,69,-54.5098,10687.5,264.008
3511,53,70,-79.6285,12152.7,278.663
3512,53,71,-96.9825,13170.8,293.136
3513,53,72,-112.812,14104.8,307.585
3514,53,73,-126.701,14928.8,321.991
3515,53,74,-139.424,15688,336.374
3516,53,75,-128.893,15056.1,350.684
3517,53,76,-109.896,13909.9,365.622
3518,53,77,-78.5846,12010.4,382.422
3519,53,78,-42.3521,9800.22,400.485
3520,53,79,-8.18071,7704.37,418.398
3521,53,80,4.75096,6906.92,433.315
3522,53,81,-2.50246,7356.63,447.847
3523,53,82,-16.6407,8237.91,463.098
3524,53,83,-37.3065,9532.97,479.687
3525,53,84,-49.5748,10305.9,494.921
3526,53,85,-59.4786,10933.1,509.92
3527,53,86,-64.8128,11272.7,524.46
3528,53,87,-62.1176,11100.2,538.819
3529,53,88,-49.4775,10287.1,554.72
3530,53,89,-29.009,8963.42,573.528
3531,53,90,-10.3556,7750.95,591.754
3532,53,91,3.30364,6858.55,608.383
3533,53,92,7.53846,6580.46,623.098
3534,53,93,7.81185,6562.42,637.564
3535,53,94,0.44729,7050.93,652.884
3536,53,95,-11.5192,7848.7,669.836
3537,54,58,-1316,81896,75.253
3538,54,59,-1363.43,84520.4,86.8835
3539,54,60,-1114.29,70651.4,102.895
3540,54,61,-960.952,62064.8,116.611
3541,54,62,-769.333,51270.2,133.51
3542,54,63,-562.182,39531.6,151.803
3543,54,64,-383.636,29354.5,169.469
3544,54,65,-210.49,19427.5,187.56
3545,54,66,-83.0769,12080,204.351
3546,54,67,13.0989,6501.8,219.503
3547,54,68,30.2857,5499.24,233.941
3548,54,69,-14.4706,8124.94,248.967
3549,54,70,-47.2549,10059.2,263.761
3550,54,71,-70.1342,11416.7,278.34
3551,54,72,-90.4561,12629.3,292.89
3552,54,73,-107.97,13680.1,307.387
3553,54,74,-123.688,14628.4,321.856
3554,54,75,-113.631,14018.3,336.135
3555,54,76,-94.3083,12839.6,350.965
3556,54,77,-61.687,10838.8,367.525
3557,54,78,-23.9077,8509.11,385.287
3558,54,79,11.4735,6315.47,402.911
3559,54,80,23.9072,5540.44,417.706
3560,54,81,14.7674,6113.2,432.313
3561,54,82,-1.53695,7140.37,447.714
3562,54,83,-24.5873,8600.23,464.501
3563,54,84,-38.4677,9483.95,479.847
3564,54,85,-49.6848,10201.8,494.936
3565,54,86,-55.9358,10604,509.532
3566,54,87,-53.6043,10453.2,523.879
3567,54,88,-40.7283,9616.28,539.656
3568,54,89,-19.6088,8236.47,558.237
3569,54,90,-0.455192,6978.72,576.256
3570,54,91,13.4019,6064.15,592.729
3571,54,92,17.336,5803.19,607.39
3572,54,93,17.1332,5816.71,621.849
3573,54,94,8.9547,6364.67,637.272
3574,54,95,-3.98671,7236.06,654.384
3575,55,59,-1764,107620,65.0259
3576,55,60,-1298.29,81384.8,88.4888
3577,55,61,-1048.57,67234.3,104.083
3578,55,62,-787.143,52332.9,120.148
3579,55,63,-530,37590,137.984
3580,55,64,-322.182,25605.8,155.1
3581,55,65,-128.727,14385.5,172.557
3582,55,66,6.29371,6509.23,188.848
3583,55,67,103.516,805.495,204.563
3584,55,68,110.242,408.703,217.886
3585,55,69,48.8571,4050.86,233.223
3586,55,70,4.05882,6723.82,248.237
3587,55,71,-27.549,8620.29,262.972
3588,55,72,-54.8607,10268.1,277.665
3589,55,73,-77.9649,11669.8,292.29
3590,55,74,-98.2556,12907.5,306.877
3591,55,75,-89.6623,12380.4,321.096
3592,55,76,-70.7623,11214.9,335.776
3593,55,77,-37.3518,9143.48,352.056
3594,55,78,1.54783,6718.74,369.493
3595,55,79,37.7231,4451.75,386.806
3596,55,80,49.094,3735.38,401.448
3597,55,81,37.4115,4475.28,416.157
3598,55,82,18.3251,5690.44,431.773
3599,55,83,-7.68473,7355.07,448.858
3600,55,84,-23.6174,8380.07,464.357
3601,55,85,-36.5161,9214.19,479.566
3602,55,86,-43.9809,9699.41,494.23
3603,55,87,-42.2326,9585.18,508.556
3604,55,88,-29.2681,8733.85,524.187
3605,55,89,-7.59664,7303.53,542.532
3606,55,90,11.9537,6006.69,560.333
3607,55,91,25.889,5077.67,576.634
3608,55,92,29.373,4844.24,591.227
3609,55,93,28.5425,4900.16,605.675
3610,55,94,19.3846,5519.85,621.232
3611,55,95,5.30314,6477.39,638.56
3612,56,60,-1112,70456,75.8728
3613,56,61,-841.143,54926.9,89.3836
3614,56,62,-564.286,38961.4,105.267
3615,56,63,-298.571,23550,121.079
3616,56,64,-96,11733.3,137.287
3617,56,65,90.9091,768,153.956
3618,56,66,210.545,-6290.55,169.439
3619,56,67,289.93,-11000.7,184.355
3620,56,68,269.011,-9752.53,198.363
3621,56,69,176.176,-4182.42,213.86
3622,56,70,108.429,-95,229.554
3623,56,71,59.8235,2853.71,244.696
3624,56,72,19.0196,5342.75,259.734
3625,56,73,-14.8607,7420.74,274.646
3626,56,74,-43.9298,9213.33,289.486
3627,56,75,-39.9098,8964.09,303.506
3628,56,76,-23.9481,7969.14,317.862
3629,56,77,8.24393,5951.78,333.762
3630,56,78,46.5613,3537.79,350.867
3631,56,79,82,1293.33,367.858
3632,56,80,90.7385,736.985,382.204
3633,56,81,74.9538,1747.2,397.115
3634,56,82,51.6728,3244.95,413.224
3635,56,83,21.4231,5201.09,431.041
3636,56,84,2.38424,6438.62,446.862
3637,56,85,-13.1079,7450.77,462.307
3638,56,86,-22.5645,8071.76,477.077
3639,56,87,-22.0455,8037.5,491.323
3640,56,88,-9.51872,7206.56,506.732
3641,56,89,12.2659,5754.26,524.85
3642,56,90,31.7983,4445.58,542.425
3643,56,91,45.4054,3529.37,558.502
3644,56,92,48.0228,3352.26,572.961
3645,56,93,46.167,3478.45,587.366
3646,56,94,35.6356,4198.1,603.169
3647,56,95,20.0375,5269.17,620.952
3648,57,61,-428,30276,72.6685
3649,57,62,-196.571,16776,86.118
3650,57,63,40,2897.14,102.07
3651,57,64,208.571,-7048.57,116.266
3652,57,65,369.333,-16587.1,132.22
3653,57,66,457.212,-21830.5,146.587
3654,57,67,506.182,-24768.7,160.298
3655,57,68,445.734,-21121.7,174.7
3656,57,69,311.429,-12973.8,194.881
3657,57,70,214.681,-7072.26,211.092
3658,57,71,145.429,-2824.76,227.03
3659,57,72,88.8235,665.882,242.654
3660,57,73,42.7451,3522.75,258.006
3661,57,74,4.04541,5935.03,273.201
3662,57,75,3.4386,5973.05,287.129
3663,57,76,16.6617,5140,301.251
3664,57,77,48.0519,3151.95,316.79
3665,57,78,86.2338,721.039,333.53
3666,57,79,121.304,-1523.48,350.17
3667,57,80,127.496,-1921.79,364.297
3668,57,81,107.508,-629.231,379.512
3669,57,82,79.9316,1163.21,396.147
3670,57,83,45.348,3422.68,414.608
3671,57,84,23.2403,4874.42,430.724
3672,57,85,5.24138,6062.34,446.385
3673,57,86,-6.06897,6812.6,461.274
3674,57,87,-6.58065,6846.71,475.501
3675,57,88,5.76246,6019.72,490.742
3676,57,89,27.9412,4526.35,508.611
3677,57,90,47.7005,3189.3,525.955
3678,57,91,61.1765,2272.94,541.837
3679,57,92,63.0631,2144.02,556.224
3680,57,93,60.294,2334.17,570.634
3681,57,94,48.4648,3150.38,586.656
3682,57,95,31.4089,4332.92,604.773
3683,58,62,148,-4128,68.0694
3684,58,63,348.571,-16028.6,82.1387
3685,58,64,477.143,-23700,96.0863
3686,58,65,610.952,-31728.6,110.411
3687,58,66,664.667,-34969.3,123.35
3688,58,67,681.939,-36017.2,135.587
3689,58,68,578.545,-29710.2,153.765
3690,58,69,399.72,-18742.2,178.832
3691,58,70,274.505,-11020.7,197.071
3692,58,71,186.813,-5583.74,212.434
3693,58,72,117.143,-1240.95,228.304
3694,58,73,61.7647,2229.41,243.807
3695,58,74,16.2745,5095.29,259.1
3696,58,75,14.2415,5224.05,273.08
3697,58,76,27.7193,4365.96,287.2
3698,58,77,61.1429,2226.86,302.598
3699,58,78,101.714,-383.238,319.102
3700,58,79,138.566,-2766.3,335.502
3701,58,80,143.794,-3106.17,349.605
3702,58,81,120.783,-1602.72,364.96
3703,58,82,89.9385,422.708,381.726
3704,58,83,51.9248,2931.61,400.24
3705,58,84,27.6923,4539.03,416.393
3706,58,85,8.08976,5845.87,432.079
3707,58,86,-4.19704,6669.08,446.997
3708,58,87,-4.86763,6714.24,461.258
3709,58,88,8.16129,5832.61,476.478
3710,58,89,31.5762,4240.4,494.214
3711,58,90,52.3128,2823.4,511.433
3712,58,91,66.3102,1862.25,527.242
3713,58,92,68.0112,1744.87,541.641
3714,58,93,64.8134,1966.59,556.087
3715,58,94,52.1005,2852.25,572.154
3716,58,95,33.9556,4122.4,590.277
3717,59,63,568,-29560,67.0566
3718,59,64,666.286,-35489.9,78.4263
3719,59,65,784.286,-42648.6,92.7943
3720,59,66,808.095,-44101,103.346
3721,59,67,797.333,-43440.9,114.663
3722,59,68,650.182,-34366.5,138.887
3723,59,69,425.818,-20456,165.15
3724,59,70,275.385,-11079,183.257
3725,59,71,174.066,-4729.67,199.462
3726,59,72,96.2637,171.868,214.157
3727,59,73,36.2857,3970.48,229.486
3728,59,74,-11.7059,7025.94,244.6
3729,59,75,-10.6863,6960.69,258.608
3730,59,76,7.05882,5819.08,272.823
3731,59,77,46.1754,3289.54,288.362
3732,59,78,92.3008,291.398,304.947
3733,59,79,133.558,-2404.1,321.37
3734,59,80,139.718,-2808.56,335.523
3735,59,81,115.059,-1181.11,350.821
3736,59,82,82.1217,1003.75,367.436
3737,59,83,41.6923,3699.05,385.695
3738,59,84,16.3829,5394.78,401.706
3739,59,85,-3.83394,6756.04,417.27
3740,59,86,-16.1467,7589.21,432.113
3741,59,87,-16.0394,7581.91,446.385
3742,59,88,-1.39711,6581.35,461.706
3743,59,89,24.1452,4827.45,479.553
3744,59,90,46.6422,3275.15,496.838
3745,59,91,61.8316,2222.03,512.697
3746,59,92,63.8961,2078.2,527.128
3747,59,93,60.7507,2298.38,541.582
3748,59,94,47.5573,3226.31,557.573
3749,59,95,28.6771,4560.51,575.538
3750,60,64,696,-37352,68.1677
3751,60,65,843.429,-46394.3,80.7137
3752,60,66,857.143,-47240,92.1268
3753,60,67,831.429,-45645.7,102.645
3754,60,68,644,-33962.7,126.435
3755,60,69,376,-17168,151.184
3756,60,70,207.273,-6538.18,168.618
3757,60,71,100.42,229.184,184.349
3758,60,72,21.978,5223.3,199.617
3759,60,73,-35.956,8931.08,213.549
3760,60,74,-80.7143,11810.5,228.283
3761,60,75,-70.9412,11178.5,242.255
3762,60,76,-44.0196,9428.63,256.642
3763,60,77,5.11868,6218.26,272.658
3764,60,78,60.4211,2586.74,289.715
3765,60,79,108.992,-618.977,306.452
3766,60,80,118.078,-1221.65,320.664
3767,60,81,93.1451,440.542,335.78
3768,60,82,59.249,2711.58,352.122
3769,60,83,17.3565,5532.34,370.043
3770,60,84,-8.03077,7250.22,385.817
3771,60,85,-27.9248,8603.01,401.168
3772,60,86,-39.3651,9384.76,415.852
3773,60,87,-37.5917,9262.99,430.099
3774,60,88,-20.4532,8080.43,445.636
3775,60,89,8.06229,6103.36,463.86
3776,60,90,33.0484,4362.66,481.404
3777,60,91,50.0367,3173.48,497.412
3778,60,92,52.9412,2969.2,511.87
3779,60,93,50.2552,3159.01,526.299
3780,60,94,36.9076,4106.69,542.148
3781,60,95,17.5701,5486.09,559.902
3782,61,65,1092,-62220,56.1696
3783,61,66,1027.43,-58195,68.196
3784,61,67,945.714,-53074.3,84.2655
3785,61,68,682.857,-36514.3,113.621
3786,61,69,346.667,-15222.2,137.437
3787,61,70,150.061,-2704.97,154.35
3788,61,71,34.1818,4711.27,169.723
3789,61,72,-46.2937,9888.53,184.666
3790,61,73,-102.637,13532.1,199.3
3791,61,74,-144.264,16237.8,212.747
3792,61,75,-124.714,14960.6,226.787
3793,61,76,-87.7059,12530.4,241.409
3794,61,77,-27.6471,8566.47,257.819
3795,61,78,37.4407,4248.99,275.169
3796,61,79,93.5439,508.772,292.058
3797,61,80,105.083,-264.331,306.338
3798,61,81,79.013,1491.03,321.356
3799,61,82,43.3202,3906.25,337.5
3800,61,83,-0.83004,6908.46,355.125
3801,61,84,-26.8174,8684.26,370.724
3802,61,85,-46.8,10056.4,385.924
3803,61,86,-57.6684,10806.3,400.512
3804,61,87,-54.4078,10580.3,414.78
3805,61,88,-34.844,9217.31,430.486
3806,61,89,-3.36946,7014.09,448.925
3807,61,90,24.0445,5085.97,466.599
3808,61,91,42.7097,3766.97,482.691
3809,61,92,46.2537,3515.34,497.186
3810,61,93,43.8102,3689.65,511.621
3811,61,94,30.0565,4675.32,527.379
3812,61,95,10.0056,6118.99,544.961
3813,62,66,1040,-59008,59.6439
3814,62,67,926.857,-51842.3,73.808
3815,62,68,594.286,-30668.6,101.205
3816,62,69,196.19,-5190.48,122.427
3817,62,70,-10.6667,8117.33,138.516
3818,62,71,-117.576,15030.8,153.258
3819,62,72,-185.091,19419.3,167.622
3820,62,73,-227.692,22202.6,181.715
3821,62,74,-256.484,24093.2,195.639
3822,62,75,-218.11,21560.5,208.871
3823,62,76,-163.714,17952.3,224.077
3824,62,77,-86.6471,12814.5,241.501
3825,62,78,-6.96078,7475.49,259.637
3826,62,79,60.3096,2945.95,276.967
3827,62,80,76.5614,1846.25,291.337
3828,62,81,50.7368,3602.32,306.178
3829,62,82,14.3377,6089.59,322.045
3830,62,83,-31.1914,9215.92,339.322
3831,62,84,-56.7984,10982.8,354.679
3832,62,85,-75.9478,12310.5,369.664
3833,62,86,-85.3538,12965.8,384.1
3834,62,87,-79.7128,12570.9,398.381
3835,62,88,-56.8254,10961.2,414.384
3836,62,89,-21.5326,8467.14,433.272
3837,62,90,9.02463,6297.58,451.228
3838,62,91,29.9355,4805.94,467.479
3839,62,92,34.5323,4476.5,482.014
3840,62,93,32.6686,4610.68,496.437
3841,62,94,18.7567,5616.98,512.066
3842,62,95,-1.80901,7111.42,529.443
3843,63,67,848,-46664,62.6434
3844,63,68,430.857,-19827.8,87.033
3845,63,69,-34.2857,10251.4,107.805
3846,63,70,-235.238,23313.3,121.962
3847,63,71,-316,28589.8,135.971
3848,63,72,-357.333,31304,149.667
3849,63,73,-376.364,32560,163.154
3850,63,74,-385.175,33144.5,176.51
3851,63,75,-321.099,28872.7,191.485
3852,63,76,-244.22,23721.8,206.845
3853,63,77,-146.143,17118,225.613
3854,63,78,-49.0588,10548.6,244.534
3855,63,79,31.0784,5099.31,262.224
3856,63,80,52.3839,3643.44,276.697
3857,63,81,26.386,5428.63,291.417
3858,63,82,-11.218,8023.31,307.057
3859,63,83,-58.6494,11311.9,324.011
3860,63,84,-84.0881,13084.1,339.17
3861,63,85,-102.53,14375,353.984
3862,63,86,-110.504,14935.9,368.316
3863,63,87,-102.4,14363.2,382.649
3864,63,88,-76.0068,12489.3,398.925
3865,63,89,-36.6789,9683.89,418.142
3866,63,90,-2.85714,7260,436.285
3867,63,91,20.3153,5591.59,452.644
3868,63,92,25.8598,5190.53,467.225
3869,63,93,24.4355,5294.03,481.659
3870,63,94,10.1686,6335.51,497.196
3871,63,95,-11.123,7896.9,514.398
3872,64,68,216,-5504,74.0355
3873,64,69,-332.571,30336,92.1617
3874,64,70,-505.714,41705.7,106.331
3875,64,71,-539.048,43905.7,118.659
3876,64,72,-540,43968.9,131.806
3877,64,73,-526.303,43055.8,144.877
3878,64,74,-509.455,41926.9,157.903
3879,64,75,-413.986,35498.7,174.474
3880,64,76,-310.989,28529.2,192.241
3881,64,77,-189.363,20258.6,210.969
3882,64,78,-73.5714,12346.2,230.202
3883,64,79,19.6471,5945.24,247.941
3884,64,80,44.8039,4209.41,262.482
3885,64,81,16.7595,6153.82,277.186
3886,64,82,-23.7895,8978.74,292.721
3887,64,83,-74.7068,12542.9,309.457
3888,64,84,-101.039,14395,324.517
3889,64,85,-119.616,15707.8,339.252
3890,64,86,-126.798,16217.7,353.56
3891,64,87,-116.661,15494.6,367.963
3892,64,88,-87.0154,13370,384.369
3893,64,89,-43.8154,10259.6,403.639
3894,64,90,-6.95971,7593.68,421.777
3895,64,91,18.1609,5768.24,438.14
3896,64,92,24.2365,5324.73,452.756
3897,64,93,22.8254,5428.21,467.222
3898,64,94,7.74194,6539.35,482.736
3899,64,95,-14.7287,8202.18,499.841
3900,65,69,-804,62236,76.2346
3901,65,70,-877.714,67125.7,88.1332
3902,65,71,-814.286,62897.1,100.987
3903,65,72,-746.667,58366.7,113.031
3904,65,73,-684,54147.1,126.282
3905,65,74,-632.242,50644.8,139.584
3906,65,75,-497.091,41454.5,158.829
3907,65,76,-363.077,32296.9,177.832
3908,65,77,-214.725,22110.1,197.941
3909,65,78,-78.7692,12729.1,216.079
3910,65,79,27.5714,5356.19,233.641
3911,65,80,54.8824,3453.53,248.198
3912,65,81,22.3529,5730.59,262.961
3913,65,82,-23.323,8943.13,278.498
3914,65,83,-79.6491,12923.5,295.138
3915,65,84,-108.12,14945,310.175
3916,65,85,-127.792,16348.2,324.899
3917,65,86,-134.884,16856.5,339.229
3918,65,87,-123.162,16012.5,353.688
3919,65,88,-90.5043,13650.2,370.105
3920,65,89,-43.5692,10239.6,389.248
3921,65,90,-3.89744,7343.59,407.262
3922,65,91,22.8571,5381.59,423.555
3923,65,92,29.0312,4926.77,438.187
3924,65,93,27.1921,5062.86,452.688
3925,65,94,10.812,6280.44,468.234
3926,65,95,-13.3065,8081.29,485.32
3927,66,70,-1224,90904,72.5884
3928,66,71,-1024,77437.3,85.5232
3929,66,72,-877.143,67500,99.503
3930,66,73,-766.19,59955.2,112.471
3931,66,74,-684.667,54384.4,126.261
3932,66,75,-512,42528,145.742
3933,66,76,-350.909,31412.7,164.35
3934,66,77,-179.86,19553.3,183.789
3935,66,78,-28.3516,8998.24,202.315
3936,66,79,85.978,995.165,218.402
3937,66,80,109.143,-634.095,232.836
3938,66,81,65.7647,2431.29,247.797
3939,66,82,9.60784,6418.43,263.577
3940,66,83,-56.6357,11143.8,280.425
3941,66,84,-90.5263,13572.6,295.575
3942,66,85,-113.925,15257.3,310.387
3943,66,86,-123.013,15914.7,324.775
3944,66,87,-111.304,15063.9,339.223
3945,66,88,-76.8379,12547.8,355.468
3946,66,89,-27.1304,8902.61,374.287
3947,66,90,14.4,5843.2,392.031
3948,66,91,41.8051,3815.22,408.141
3949,66,92,47.033,3426.62,422.735
3950,66,93,43.7767,3669.75,437.257
3951,66,94,25.1232,5068.77,452.941
3952,66,95,-1.55729,7078.69,470.193
3953,67,71,-1160,86912,73.5069
3954,67,72,-918.857,70433.9,86.9593
3955,67,73,-764.286,59820,100.972
3956,67,74,-662.857,52821.4,113.646
3957,67,75,-456.667,38525.6,132.135
3958,67,76,-274.424,25829.3,149.877
3959,67,77,-86.1818,12652.4,168.466
3960,67,78,74.965,1318.37,186.284
3961,67,79,190.989,-6880.66,202.782
3962,67,80,202.462,-7695.21,215.991
3963,67,81,140.857,-3300.76,231.353
3964,67,82,68.2941,1899.59,247.653
3965,67,83,-12.6471,7727.35,264.998
3966,67,84,-55.1909,10804.7,280.356
3967,67,85,-84.7719,12954.2,295.312
3968,67,86,-97.6842,13896.8,309.772
3969,67,87,-87.2727,13133.3,324.163
3970,67,88,-51.8577,10524.4,340.166
3971,67,89,0,6686.96,358.62
3972,67,90,42.7304,3510.66,376.052
3973,67,91,70.0615,1469.94,391.93
3974,67,92,73.5179,1210.71,406.454
3975,67,93,68.0586,1621.98,420.994
3976,67,94,46.3383,3265.48,436.9
3977,67,95,16.3547,5544.24,454.453
3978,68,72,-616,49032,71.9879
3979,68,73,-510.857,41742.1,83.5549
3980,68,74,-452.857,37701.4,95.8338
3981,68,75,-247.619,23334.8,113.433
3982,68,76,-71.3333,10936,130.736
3983,68,77,113.939,-2156.61,149.068
3984,68,78,268,-13094.9,166.388
3985,68,79,371.189,-20455.7,182.164
3986,68,80,356.703,-19417.6,195.945
3987,68,81,264.264,-12761.9,211.719
3988,68,82,165.571,-5623.19,229.502
3989,68,83,62.3529,1877.35,248.107
3990,68,84,5.98039,5992.55,263.889
3991,68,85,-33.6842,8901.29,279.109
3992,68,86,-53.3333,10348.8,293.667
3993,68,87,-46.3158,9829.47,307.936
3994,68,88,-11.4286,7236.19,323.618
3995,68,89,41.4681,3286.57,341.699
3996,68,90,84.3083,73.5573,358.785
3997,68,91,110.452,-1895.95,374.362
3998,68,92,110.954,-1933.91,388.774
3999,68,93,102.195,-1268.23,403.337
4000,68,94,76.337,705.592,419.63
4001,68,95,42.069,3332.81,437.726
4002,69,73,-188,18604,50.8947
4003,69,74,-218.286,20734.1,60.6167
4004,69,75,-21.4286,6822.86,93.44
4005,69,76,142.381,-4807.62,110.208
4006,69,77,321.333,-17572.9,128.93
4007,69,78,464.727,-27849.5,145.873
4008,69,79,550.909,-34054.5,160.796
4009,69,80,504.056,-30665.5,174.695
4010,69,81,374.725,-21267.5,194.475
4011,69,82,246.154,-11881.8,213.07
4012,69,83,118.429,-2515.24,232.668
4013,69,84,48,2673,248.774
4014,69,85,-1.27451,6319.31,264.196
4015,69,86,-26.7079,8209.87,278.868
4016,69,87,-21.7544,7840,293.13
4017,69,88,14.1654,5146.02,308.613
4018,69,89,69.6623,965.247,326.338
4019,69,90,113.834,-2377.08,343.124
4020,69,91,139.684,-4341.66,358.495
4021,69,92,137.791,-4197.2,372.893
4022,69,93,126.185,-3307.35,387.536
4023,69,94,96.4923,-1021.05,404.091
4024,69,95,58.1929,1940.77,422.463
4025,70,74,-252,23184,50.037
4026,70,75,21.7143,3659.05,81.5869
4027,70,76,220,-10551.4,98.0737
4028,70,77,424.286,-25260,114.587
4029,70,78,576.667,-36282.2,130.612
4030,70,79,657.697,-42170.4,144.82
4031,70,80,582.909,-36710.9,159.35
4032,70,81,418.881,-24682.2,180.285
4033,70,82,263.736,-13253.2,200.014
4034,70,83,115.253,-2265.41,218.387
4035,70,84,35.8571,3636.33,234.394
4036,70,85,-18.0588,7662.06,249.738
4037,70,86,-44.5098,9645.88,264.387
4038,70,87,-37.0279,9082.24,278.71
4039,70,88,4.2807,5956.56,294.267
4040,70,89,66.3158,1241.89,311.953
4041,70,90,115.013,-2475.32,328.684
4042,70,91,143.106,-4629.09,344.044
4043,70,92,140.751,-4447.79,358.486
4044,70,93,127.93,-3456.33,373.168
4045,70,94,95.7231,-954.892,389.682
4046,70,95,54.5368,2257.64,407.913
4047,71,75,100,-2108,70.4809
4048,71,76,338.286,-19344,84.6483
4049,71,77,567.143,-35974.3,100.894
4050,71,78,721.905,-47271.9,114.915
4051,71,79,788.667,-52167.8,128.322
4052,71,80,672.727,-43626.9,144.103
4053,71,81,462.545,-28073.5,166.251
4054,71,82,274.266,-14078,185.953
4055,71,83,101.319,-1164.62,205
4056,71,84,12.5714,5491.43,219.869
4057,71,85,-45.4286,9860.76,235.108
4058,71,86,-71.7647,11853.5,249.72
4059,71,87,-60.1961,10974.3,264.108
4060,71,88,-11.7234,7274.23,279.78
4061,71,89,58.5263,1888.42,297.483
4062,71,90,112.872,-2296.21,314.195
4063,71,91,143.844,-4691.38,329.564
4064,71,92,141.208,-4486.66,344.051
4065,71,93,127.233,-3396.6,358.764
4066,71,94,92.4,-668,375.214
4067,71,95,48.1846,2810.28,393.277
4068,72,76,556,-35600,71.11
4069,72,77,788.571,-52655.2,84.9569
4070,72,78,924.286,-62652.9,98.7438
4071,72,79,957.143,-65084.3,110.105
4072,72,80,778,-51768,128.885
4073,72,81,504.727,-31363.6,152.312
4074,72,82,274.545,-14100,171.831
4075,72,83,72.7273,1103.64,190.471
4076,72,84,-25.2747,8519.12,206.167
4077,72,85,-86.1538,13145.9,220.279
4078,72,86,-110.571,15009.8,234.843
4079,72,87,-92.7059,13640.1,249.312
4080,72,88,-34.7059,9174.12,265.142
4081,72,89,45.903,2940.36,282.914
4082,72,90,107.298,-1828,299.638
4083,72,91,141.925,-4528.87,315.033
4084,72,92,139.221,-4317.06,329.567
4085,72,93,124.156,-3131.95,344.305
4086,72,94,86.5613,-161.976,360.673
4087,72,95,39.1478,3599.49,378.55
4088,73,77,1076,-74404,68.8823
4089,73,78,1161.14,-80733,79.9649
4090,73,79,1135.71,-78834.3,91.3675
4091,73,80,867.143,-58691.4,114.948
4092,73,81,513.333,-32037.8,138.523
4093,73,82,235.394,-11007,157.497
4094,73,83,4,6578.91,175.564
4095,73,84,-98.8811,14432.2,191
4096,73,85,-157.802,18949.5,205.917
4097,73,86,-175.473,20310.1,219.394
4098,73,87,-146.571,18075,233.969
4099,73,88,-74.5882,12484.4,250.087
4100,73,89,20.1961,5091.18,268.087
4101,73,90,91.2693,-476.23,284.913
4102,73,91,131.228,-3619.65,300.38
4103,73,92,129.323,-3469.17,314.955
4104,73,93,113.766,-2234.98,329.696
4105,73,94,73.6985,957.086,345.936
4106,73,95,23.2806,4990.51,363.581
4107,74,78,1392,-98432,57.0554
4108,74,79,1281.14,-90080.8,72.6164
4109,74,80,894.286,-60808.6,103.081
4110,74,81,445.238,-26681,124.419
4111,74,82,120.667,-1905.33,142.552
4112,74,83,-134.061,17623.8,159.897
4113,74,84,-230.545,25053.1,174.954
4114,74,85,-277.343,28672.1,189.58
4115,74,86,-279.341,28827.3,203.922
4116,74,87,-231.473,25093.5,217.685
4117,74,88,-138.571,17816.3,234.343
4118,74,89,-23.9412,8798.71,252.837
4119,74,90,60.6863,2113.14,269.894
4120,74,91,108.483,-1678.73,285.486
4121,74,92,108.772,-1701.75,300.097
4122,74,93,93.7143,-497.143,314.817
4123,74,94,51.7403,2874.77,330.881
4124,74,95,-1.26482,7150.51,348.252
4125,75,79,1208,-84400,61.5441
4126,75,80,716.571,-46887.6,88.8007
4127,75,81,190,-6517.14,109.642
4128,75,82,-151.905,19809.5,125.735
4129,75,83,-402.667,39201.8,142.177
4130,75,84,-464.727,44021.8,156.589
4131,75,85,-477.455,45014.5,170.714
4132,75,86,-446.434,42584.6,184.878
4133,75,87,-365.495,36217.4,200.214
4134,75,88,-240.176,26317.2,217.194
4135,75,89,-96.7143,14935.9,236.798
4136,75,90,7.58824,6626.47,254.326
4137,75,91,67.2549,1853.14,270.135
4138,75,92,72.1569,1459.35,284.772
4139,75,93,59.3684,2490.95,299.437
4140,75,94,16.6316,5952.63,315.271
4141,75,95,-38.0779,10402.3,332.322
4142,76,80,520,-31424,76.0843
4143,76,81,-116.571,17804.2,94.1716
4144,76,82,-468.571,45142.9,110.142
4145,76,83,-702.857,63417.1,124.593
4146,76,84,-712,64133.3,138.486
4147,76,85,-677.818,61444.4,152.367
4148,76,86,-604.727,55670.2,166.802
4149,76,87,-483.916,46085.8,183.228
4150,76,88,-321.099,33114.7,202.507
4151,76,89,-145.582,19073.4,221.743
4152,76,90,-20.8571,9053.81,239.454
4153,76,91,49.8235,3352.24,255.357
4154,76,92,57.3529,2742.35,270.055
4155,76,93,44.7884,3764.27,284.745
4156,76,94,-0.912281,7496.49,300.478
4157,76,95,-59.3383,12287.4,317.32
4158,77,81,-652,60460,78.2834
4159,77,82,-942.857,83243.8,91.804
4160,77,83,-1108.57,96280,105.89
4161,77,84,-1018.57,89170,118.571
4162,77,85,-908.667,80450.9,132.922
4163,77,86,-774.788,69785.2,148.661
4164,77,87,-601.091,55889.5,166.969
4165,77,88,-391.608,39061,187.476
4166,77,89,-178.242,21849.5,207.994
4167,77,90,-31.033,9925.54,224.705
4168,77,91,50.4286,3300,240.616
4169,77,92,58.8235,2614.41,255.374
4170,77,93,44.6078,3780.1,270.12
4171,77,94,-6.15067,7959.22,285.833
4172,77,95,-70.1754,13251.9,302.559
4173,78,82,-1484,126896,73.3776
4174,78,83,-1524.57,130115,84.6377
4175,78,84,-1290,111427,101.046
4176,78,85,-1084.76,95008.1,116.518
4177,78,86,-882,78719.6,133.825
4178,78,87,-652.121,60176,152.878
4179,78,88,-395.273,39371.3,173.225
4180,78,89,-145.734,19075.5,193.231
4181,78,90,19.1209,5612.31,210.598
4182,78,91,105.055,-1434.29,225.322
4183,78,92,107.286,-1617.95,240.097
4184,78,93,85.2353,204.882,254.924
4185,78,94,23.7255,5310.2,270.798
4186,78,95,-50.7327,11515,287.644
4187,79,83,-1848,156528,64.677
4188,79,84,-1427.43,122742,87.3489
4189,79,85,-1124.29,98288.6,104.411
4190,79,86,-860.952,76958.6,120.42
4191,79,87,-584.667,54487.3,138.691
4192,79,88,-289.939,30417.9,158.095
4193,79,89,-14.1818,7805.82,177.271
4194,79,90,156.224,-6224.24,194.063
4195,79,91,234.286,-12677.4,209.396
4196,79,92,218.374,-11356.7,223.118
4197,79,93,178.571,-8039.81,238.06
4198,79,94,97.7059,-1274.06,254.382
4199,79,95,5.78431,6447.35,271.702
4200,80,84,-1192,103280,74.0681
4201,80,85,-866.286,76788.6,88.711
4202,80,86,-601.429,55158.6,104.541
4203,80,87,-320.952,32159.5,120.919
4204,80,88,-19.3333,7326.22,139.694
4205,80,89,257.455,-15554.9,158.261
4206,80,90,409.455,-28170.9,174.25
4207,80,91,458.322,-32243.2,188.847
4208,80,92,405.495,-27823.3,203.568
4209,80,93,333.275,-21756.8,217.945
4210,80,94,221,-12288.3,235.565
4211,80,95,102.176,-2227.94,254.105
4212,81,85,-472,43800,71.9574
4213,81,86,-250.286,25545.5,85.3788
4214,81,87,10,4028.57,102.192
4215,81,88,304.286,-20397.1,119.872
4216,81,89,570.667,-42595.6,138.058
4217,81,90,690.424,-52615.3,153.038
4218,81,91,697.091,-53175.3,166.799
4219,81,92,595.664,-44621.6,182.475
4220,81,93,483.077,-35089.2,199.292
4221,81,94,333.363,-22363.5,217.94
4222,81,95,183.714,-9593.52,237.74
4223,82,86,40,968,69.6193
4224,82,87,290.286,-19889.1,84.3963
4225,82,88,588.571,-44845.7,102.696
4226,82,89,850.476,-66845.7,119.253
4227,82,90,934.667,-73945.8,133.149
4228,82,91,893.818,-70487.3,146.598
4229,82,92,738.182,-57258.2,164.646
4230,82,93,583.077,-44022.6,183.131
4231,82,94,394.945,-27905.9,203.86
4232,82,95,215.121,-12441.1,222.931
4233,83,87,604,-46764,64.9435
4234,83,88,897.143,-71485.7,83.746
4235,83,89,1145.71,-92531.4,100.928
4236,83,90,1177.14,-95202.9,112.542
4237,83,91,1073.33,-86344.4,127.103
4238,83,92,850.667,-67269.3,148.992
4239,83,93,646.909,-49746.2,168.588
4240,83,94,416.783,-29878.6,189.457
4241,83,95,205.934,-11605.1,209.245
4242,84,88,1036,-83520,71.7271
4243,84,89,1321.14,-107852,86.4478
4244,84,90,1311.43,-107020,98.7845
4245,84,91,1148.1,-92973.3,113.533
4246,84,92,859.333,-68043.6,135.533
4247,84,93,613.091,-46702.5,154.55
4248,84,94,347.273,-23576.4,174.588
4249,84,95,112.867,-3104.94,193.665
4250,85,89,1656,-137208,69.6239
4251,85,90,1531.43,-126453,81.457
4252,85,91,1258.57,-102806,100.644
4253,85,92,870,-69000,121.965
4254,85,93,566.667,-42508.9,140.405
4255,85,94,256.97,-15358.8,159.618
4256,85,95,-3.63636,7574.55,177.981
4257,86,90,1688,-140336,68.7959
4258,86,91,1272,-104005,88.0384
4259,86,92,768.571,-59871.4,108.932
4260,86,93,414.762,-28736.2,125.415
4261,86,94,70,1717.78,143.66
4262,86,95,-205.333,26130.7,161.216
4263,87,91,1084,-87148,75.4141
4264,87,92,475.429,-33390.9,93.5416
4265,87,93,104.286,-482.857,109.862
4266,87,94,-249.048,30963.8,126.081
4267,87,95,-514.667,54692.4,142.722
4268,88,92,-56,14792,77.3358
4269,88,93,-373.714,43174.5,91.1815
4270,88,94,-691.429,71662.9,107.304
4271,88,95,-912.857,91591.4,121.839
4272,89,93,-928,93984,70.4341
4273,89,94,-1166.86,115561,84.6303
4274,89,95,-1315.71,129057,98.7607
4275,90,94,-1476,144208,66.3778
4276,90,95,-1571.43,152924,77.7138
4277,91,95,-1732,167964,62.4786
