id,low,hi,m,q,cost
0,0,9,-205.837,2631.44,145.444
1,0,10,-122.545,2381.57,160.444
2,0,11,-116.817,2362.47,173.736
3,0,12,-72.8279,2201.18,187.967
4,0,13,-12.8541,1961.28,203.652
5,0,14,-10.3748,1950.54,216.93
6,0,15,40.9248,1711.14,233.167
7,0,16,15.0436,1840.55,247.421
8,0,17,45.7052,1677.02,262.365
9,0,18,32.186,1753.63,276.098
10,0,19,17.1337,1843.94,290.021
11,0,20,44.7556,1669,305.796
12,0,21,31.2512,1759.03,319.841
13,0,22,56.7179,1580.77,336.062
14,0,23,99.3901,1267.84,357.465
15,0,24,102.919,1240.78,371.213
16,0,25,117.063,1127.63,385.96
17,0,26,126.398,1049.84,400.172
18,0,27,133.078,991.95,414.144
19,0,28,167.808,679.378,437.016
20,0,29,215.999,229.59,465.092
21,0,30,232.868,66.527,481.011
22,0,31,221.019,185.017,496.242
23,0,32,233.35,57.598,511.669
24,0,33,244.154,-57.6483,526.952
25,0,34,234.68,46.5683,542.106
26,0,35,207.816,351.03,563.259
27,0,36,189.594,563.613,580.894
28,0,37,178.246,699.796,596.755
29,0,38,186.668,595.914,612.111
30,0,39,194.6,495.445,627.451
31,0,40,185.837,609.362,643.063
32,0,41,175.513,747.023,659.232
33,0,42,154.906,1028.65,680.416
34,0,43,144.745,1170.9,696.746
35,0,44,142.211,1207.22,711.556
36,0,45,129.514,1393.45,729.279
37,0,46,122.065,1505.18,745.117
38,0,47,108.53,1712.71,763.732
39,0,48,97.8929,1879.37,781.011
40,0,49,88.0267,2037.22,798.089
41,0,50,86.5673,2061.06,812.978
42,0,51,76.6551,2226.26,830.449
43,0,52,73.9804,2271.73,845.503
44,0,53,67.4336,2385.21,861.677
45,0,54,60.5172,2507.4,878.115
46,0,55,52.0908,2659.08,895.47
47,0,56,46.5896,2759.93,911.475
48,0,57,40.0223,2882.52,928.067
49,0,58,33.565,3005.21,944.711
50,0,59,25.4379,3162.34,962.521
51,0,60,21.5644,3238.51,978.149
52,0,61,21.0744,3248.31,993.086
53,0,62,15.669,3358.22,1009.56
54,0,63,12.1327,3431.31,1025.19
55,0,64,7.94836,3519.18,1041.17
56,0,65,3.67858,3610.27,1057.26
57,0,66,1.21319,3663.68,1072.6
58,0,67,-2.41209,3743.44,1088.47
59,0,68,-5.19459,3805.58,1103.98
60,0,69,-5.42235,3810.75,1118.88
61,0,70,-8.90437,3890.83,1134.84
62,0,71,-4.17905,3780.57,1151.82
63,0,72,-1.25922,3711.47,1167.55
64,0,73,1.77099,3638.75,1183.41
65,0,74,-0.619323,3696.91,1198.93
66,0,75,-0.869968,3703.09,1213.83
67,0,76,-0.733081,3699.67,1228.71
68,0,77,-0.589677,3696.04,1243.57
69,0,78,3.25996,3597.23,1260.5
70,0,79,8.51203,3460.68,1279.34
71,0,80,9.94957,3422.82,1294.55
72,0,81,11.4886,3381.78,1309.81
73,0,82,12.0864,3365.64,1324.76
74,0,83,14.9193,3288.21,1341.04
75,0,84,15.5075,3271.94,1355.99
76,0,85,15.1009,3283.32,1370.88
77,0,86,17.7067,3209.49,1387.14
78,0,87,23.6933,3037.87,1409.46
79,0,88,25.9705,2971.83,1425.48
80,0,89,24.7718,3006.99,1440.73
81,0,90,23.4206,3047.08,1456.07
82,0,91,21.8369,3094.59,1471.6
83,0,92,23.4713,3045.01,1487.2
84,0,93,24.6305,3009.47,1502.47
85,0,94,26.544,2950.15,1518.4
86,0,95,28.2399,2897.01,1534.14
87,0,96,28.1194,2900.83,1549.05
88,0,97,27.0359,2935.5,1564.32
89,0,98,26.7559,2944.55,1579.23
90,0,99,25.4318,2987.8,1594.72
91,0,100,22.9487,3069.75,1611.86
92,0,101,22.2445,3093.22,1626.94
93,0,102,22.3839,3088.53,1641.82
94,0,103,21.9731,3102.49,1656.75
95,1,10,-197.582,2906.83,145.768
96,1,11,-177.17,2825.18,159.138
97,1,12,-115.791,2559.2,173.782
98,1,13,-39.9804,2205.42,189.853
99,1,14,-33.2717,2171.88,203.203
100,1,15,27.9207,1845.52,219.612
101,1,16,0.429912,2001.3,233.773
102,1,17,36.418,1785.37,248.832
103,1,18,22.4286,1873.97,262.547
104,1,19,6.81891,1978.04,276.415
105,1,20,38.2344,1758.13,292.277
106,1,21,24.065,1862.04,306.279
107,1,22,52.5002,1644.03,322.541
108,1,23,99.2498,1270.04,343.73
109,1,24,103.084,1238.08,357.52
110,1,25,118.347,1105.81,372.26
111,1,26,128.301,1016.21,386.479
112,1,27,135.334,950.574,400.463
113,1,28,172.384,592.427,422.958
114,1,29,223.584,80.4313,450.459
115,1,30,241.071,-100.273,466.277
116,1,31,227.928,39.9165,481.582
117,1,32,240.598,-99.4507,496.938
118,1,33,251.618,-224.342,512.152
119,1,34,241.147,-102.185,527.38
120,1,35,212.378,243.042,548.567
121,1,36,192.891,483.384,566.225
122,1,37,180.751,637.16,582.115
123,1,38,189.485,523.614,597.452
124,1,39,197.679,414.36,612.77
125,1,40,188.324,542.212,628.415
126,1,41,177.375,695.505,644.603
127,1,42,155.698,1006.21,665.7
128,1,43,145.028,1162.71,682.025
129,1,44,142.366,1202.63,696.856
130,1,45,129.097,1406.08,714.534
131,1,46,121.343,1527.57,730.363
132,1,47,107.263,1752.85,748.897
133,1,48,96.235,1932.97,766.121
134,1,49,86.0338,2102.99,783.145
135,1,50,84.5957,2127.44,798.046
136,1,51,74.3721,2304.65,815.447
137,1,52,71.6824,2352.17,830.502
138,1,53,64.9752,2472.9,846.637
139,1,54,57.8938,2602.72,863.026
140,1,55,49.2563,2763.95,880.305
141,1,56,43.6599,2870.29,896.269
142,1,57,36.965,2999.72,912.801
143,1,58,30.3904,3129.02,929.381
144,1,59,22.0954,3294.92,947.099
145,1,60,18.2042,3374.04,962.692
146,1,61,17.8084,3382.22,977.632
147,1,62,12.3339,3497.19,994.047
148,1,63,8.7912,3572.76,1009.64
149,1,64,4.58053,3664,1025.57
150,1,65,0.283005,3758.54,1041.6
151,1,66,-2.1542,3812.97,1056.9
152,1,67,-5.78718,3895.32,1072.72
153,1,68,-8.55225,3958.92,1088.19
154,1,69,-8.68929,3962.11,1103.1
155,1,70,-12.1775,4044.67,1119
156,1,71,-7.22683,3925.85,1136.05
157,1,72,-4.14123,3850.77,1151.84
158,1,73,-0.949038,3772.03,1167.74
159,1,74,-3.33044,3831.56,1183.23
160,1,75,-3.51547,3836.25,1198.12
161,1,76,-3.30537,3830.86,1213.01
162,1,77,-3.09143,3825.3,1227.88
163,1,78,0.921072,3719.63,1244.87
164,1,79,6.36531,3574.45,1263.78
165,1,80,7.89246,3533.22,1279.02
166,1,81,9.52028,3488.73,1294.31
167,1,82,10.1807,3470.46,1309.27
168,1,83,13.1278,3387.94,1325.6
169,1,84,13.7726,3369.67,1340.56
170,1,85,13.3972,3380.43,1355.45
171,1,86,16.1032,3301.95,1371.75
172,1,87,22.2643,3121.23,1394.11
173,1,88,24.6258,3051.17,1410.16
174,1,89,23.4304,3087.03,1425.4
175,1,90,22.0789,3128.03,1440.73
176,1,91,20.4899,3176.76,1456.24
177,1,92,22.1892,3124.08,1471.86
178,1,93,23.4008,3086.12,1487.15
179,1,94,25.3812,3023.4,1503.11
180,1,95,27.1374,2967.21,1518.88
181,1,96,27.0372,2970.44,1533.79
182,1,97,25.9538,3005.84,1549.05
183,1,98,25.6901,3014.54,1563.96
184,1,99,24.3608,3058.85,1579.44
185,1,100,21.8495,3143.4,1596.54
186,1,101,21.1531,3167.07,1611.6
187,1,102,21.3166,3161.46,1626.49
188,1,103,20.9186,3175.26,1641.42
189,2,11,-148.704,2597.45,145.671
190,2,12,-81.3404,2260.63,160.087
191,2,13,1.36315,1819.55,175.712
192,2,14,2.74341,1811.73,189.061
193,2,15,67.5326,1422.99,204.996
194,2,16,31.0948,1653.76,219.427
195,2,17,67.7483,1409.41,234.176
196,2,18,48.4272,1544.66,248.053
197,2,19,28.1943,1693.03,262.102
198,2,20,60.6667,1444.07,277.64
199,2,21,42.8371,1586.71,291.823
200,2,22,72.1925,1342.08,307.764
201,2,23,121.402,915.602,328.487
202,2,24,123.644,895.425,342.22
203,2,25,138.465,757.095,356.751
204,2,26,147.606,668.728,370.805
205,2,27,153.695,607.838,384.649
206,2,28,192.129,210.686,406.836
207,2,29,245.576,-359.408,434.069
208,2,30,262.752,-548.353,449.668
209,2,31,247.288,-373.09,465.176
210,2,32,259.526,-515.868,480.351
211,2,33,270.052,-642.176,495.39
212,2,34,257.829,-491.433,510.801
213,2,35,226.387,-93.1611,532.562
214,2,36,204.986,185.055,550.478
215,2,37,191.499,364.877,566.506
216,2,38,200.125,246.995,581.751
217,2,39,208.19,134.08,596.974
218,2,40,197.816,282.77,612.738
219,2,41,185.845,458.353,629.059
220,2,42,162.697,805.566,650.349
221,2,43,151.185,982.079,666.76
222,2,44,148.113,1030.21,681.626
223,2,45,133.98,1256.33,699.385
224,2,46,125.664,1392.17,715.27
225,2,47,110.784,1640.16,733.85
226,2,48,99.1373,1838.16,751.108
227,2,49,88.3901,2024.45,768.157
228,2,50,86.7972,2052.59,783.082
229,2,51,76.0766,2245.56,800.494
230,2,52,73.2145,2298.03,815.574
231,2,53,66.1904,2429.15,831.724
232,2,54,58.7959,2569.64,848.121
233,2,55,49.8052,2743.46,865.39
234,2,56,43.9852,2857.92,881.359
235,2,57,37.0396,2996.84,897.885
236,2,58,30.2317,3135.26,914.453
237,2,59,21.6562,3312.49,932.134
238,2,60,17.6479,3396.66,947.728
239,2,61,17.2575,3404.99,962.685
240,2,62,11.6216,3527.1,979.082
241,2,63,7.98757,3607.05,994.671
242,2,64,3.66874,3703.51,1010.59
243,2,65,-0.73459,3803.32,1026.6
244,2,66,-3.21547,3860.38,1041.91
245,2,67,-6.92638,3946.96,1057.71
246,2,68,-9.73999,4013.55,1073.18
247,2,69,-9.84612,4016.1,1088.09
248,2,70,-13.4019,4102.62,1103.98
249,2,71,-8.27481,3976.16,1121.04
250,2,72,-5.07278,3896.1,1136.85
251,2,73,-1.76603,3812.33,1152.76
252,2,74,-4.1903,3874.56,1168.24
253,2,75,-4.35709,3878.89,1183.15
254,2,76,-4.11894,3872.62,1198.05
255,2,77,-3.87796,3866.2,1212.94
256,2,78,0.259191,3754.49,1229.94
257,2,79,5.86,3601.4,1248.83
258,2,80,7.43861,3557.73,1264.08
259,2,81,9.11846,3510.69,1279.39
260,2,82,9.80509,3491.24,1294.36
261,2,83,12.8332,3404.43,1310.69
262,2,84,13.5007,3385.08,1325.66
263,2,85,13.1228,3396.16,1340.57
264,2,86,15.899,3313.8,1356.86
265,2,87,22.2081,3124.53,1379.16
266,2,88,24.6252,3051.21,1395.21
267,2,89,23.4026,3088.7,1410.45
268,2,90,22.0214,3131.52,1425.79
269,2,91,20.3983,3182.37,1441.31
270,2,92,22.137,3127.32,1456.93
271,2,93,23.3761,3087.67,1472.23
272,2,94,25.3996,3022.24,1488.19
273,2,95,27.1927,2963.66,1503.96
274,2,96,27.0893,2967.08,1518.88
275,2,97,25.9822,3003.98,1534.15
276,2,98,25.7125,3013.06,1549.07
277,2,99,24.3556,3059.19,1564.56
278,2,100,21.7937,3147.15,1581.64
279,2,101,21.0845,3171.74,1596.71
280,2,102,21.2526,3165.86,1611.61
281,2,103,20.848,3180.15,1626.55
282,3,12,-13.8905,1653.59,145.669
283,3,13,71.5864,1140.72,160.74
284,3,14,61.4928,1204.65,174.084
285,3,15,127.211,766.527,189.47
286,3,16,77.0425,1117.71,204.377
287,3,17,112.457,858.004,218.75
288,3,18,85.1319,1067.49,232.889
289,3,19,58.2005,1282.94,247.217
290,3,20,90.9469,1010.06,262.39
291,3,21,68.0531,1208.47,276.844
292,3,22,97.8225,940.546,292.434
293,3,23,149.278,460.3,312.729
294,3,24,149.189,461.155,326.401
295,3,25,163.078,322.269,340.694
296,3,26,170.93,241.131,354.56
297,3,27,175.64,190.889,368.244
298,3,28,215.342,-245.839,390.197
299,3,29,271.028,-876.944,417.285
300,3,30,287.614,-1070.44,432.647
301,3,31,269.368,-851.499,448.43
302,3,32,280.95,-994.343,463.41
303,3,33,290.773,-1118.76,478.26
304,3,34,276.492,-933.103,493.913
305,3,35,242.012,-473.381,516.387
306,3,36,218.433,-151.131,534.609
307,3,37,203.407,59.2288,550.796
308,3,38,211.851,-61.7891,565.947
309,3,39,219.718,-177.179,581.074
310,3,40,208.192,-4.28193,596.974
311,3,41,195.074,196.854,613.443
312,3,42,170.308,584.86,634.948
313,3,43,157.863,783.973,651.454
314,3,44,154.327,841.734,666.356
315,3,45,139.248,1093.05,684.203
316,3,46,130.314,1244.93,700.146
317,3,47,114.566,1517.89,718.776
318,3,48,102.248,1735.5,736.071
319,3,49,90.9113,1939.57,753.147
320,3,50,89.1469,1971.91,768.097
321,3,51,77.8929,2181.99,785.52
322,3,52,74.8437,2239.92,800.624
323,3,53,67.4802,2382.28,816.791
324,3,54,59.7517,2534.28,833.196
325,3,55,50.3856,2721.6,850.456
326,3,56,44.3287,2844.76,866.431
327,3,57,37.118,2993.78,882.949
328,3,58,30.0642,3141.91,899.507
329,3,59,21.1936,3331.15,917.152
330,3,60,17.0631,3420.64,932.747
331,3,61,16.6792,3429.09,947.721
332,3,62,10.8748,3558.72,964.1
333,3,63,7.14605,3643.24,979.686
334,3,64,2.71505,3745.15,995.59
335,3,65,-1.79779,3850.45,1011.59
336,3,66,-4.32298,3910.21,1026.9
337,3,67,-8.11399,4001.2,1042.69
338,3,68,-10.9769,4070.86,1058.14
339,3,69,-11.0493,4072.65,1073.07
340,3,70,-14.6742,4163.27,1088.94
341,3,71,-9.36164,4028.69,1106.02
342,3,72,-6.03707,3943.35,1121.84
343,3,73,-2.61002,3854.25,1137.77
344,3,74,-5.07818,3919.25,1153.25
345,3,75,-5.22522,3923.17,1168.17
346,3,76,-4.95716,3915.93,1183.08
347,3,77,-4.6874,3908.56,1197.98
348,3,78,-0.420083,3790.49,1214.99
349,3,79,5.34385,3629.1,1233.87
350,3,80,6.97616,3582.85,1249.13
351,3,81,8.71025,3533.14,1264.45
352,3,82,9.42425,3512.44,1279.43
353,3,83,12.5366,3421.14,1295.77
354,3,84,13.2275,3400.64,1310.75
355,3,85,12.8472,3412.06,1325.67
356,3,86,15.696,3325.64,1341.97
357,3,87,22.1583,3127.46,1364.2
358,3,88,24.6328,3050.76,1380.24
359,3,89,23.3819,3089.95,1395.5
360,3,90,21.9698,3134.67,1410.85
361,3,91,20.3114,3187.73,1426.36
362,3,92,22.0906,3130.21,1441.99
363,3,93,23.358,3088.81,1457.3
364,3,94,25.4258,3020.57,1473.26
365,3,95,27.257,2959.53,1489.03
366,3,96,27.15,2963.13,1503.96
367,3,97,26.0183,3001.61,1519.24
368,3,98,25.7423,3011.08,1534.17
369,3,99,24.3568,3059.12,1549.66
370,3,100,21.7425,3150.61,1566.73
371,3,101,21.02,3176.14,1581.81
372,3,102,21.1928,3169.98,1596.72
373,3,103,20.7814,3184.79,1611.67
374,4,13,202.388,-167.288,142.9
375,4,14,166.677,82.6876,156.319
376,4,15,225.818,-351.012,170.982
377,4,16,152.76,209.094,187.259
378,4,17,182.417,-28.1591,201.072
379,4,18,142.121,307.642,215.844
380,4,19,104.699,631.961,230.778
381,4,20,135.828,351.805,245.49
382,4,21,105.403,635.766,260.482
383,4,22,134.375,355.708,275.658
384,4,23,187.32,-173.744,295.682
385,4,24,183.6,-135.304,309.276
386,4,25,195.623,-263.549,323.258
387,4,26,201.328,-326.302,336.869
388,4,27,203.897,-355.423,350.34
389,4,28,244.516,-829.301,372.297
390,4,29,302.241,-1522,399.596
391,4,30,317.743,-1713.2,414.681
392,4,31,296.042,-1438.32,430.884
393,4,32,306.583,-1575.36,445.636
394,4,33,315.352,-1692.27,460.264
395,4,34,298.563,-1462.83,476.275
396,4,35,260.55,-930.636,499.769
397,4,36,234.418,-556.08,518.399
398,4,37,217.568,-308.949,534.79
399,4,38,225.684,-430.695,549.835
400,4,39,233.221,-546.248,564.855
401,4,40,220.341,-344.47,580.925
402,4,41,205.894,-113.311,597.58
403,4,42,179.302,321.012,619.369
404,4,43,165.786,546.288,635.989
405,4,44,161.691,615.909,650.933
406,4,45,145.543,895.804,668.891
407,4,46,135.901,1066.15,684.904
408,4,47,119.183,1367.06,703.604
409,4,48,106.113,1606.69,720.95
410,4,49,94.1148,1830.65,738.063
411,4,50,92.139,1868.19,753.04
412,4,51,80.2914,2097.24,770.486
413,4,52,77.0198,2161.58,785.617
414,4,53,69.2748,2316.48,801.807
415,4,54,61.1728,2481.22,818.227
416,4,55,51.3918,2683.36,835.486
417,4,56,45.0683,2816.16,851.472
418,4,57,37.5632,2976.27,867.99
419,4,58,30.2367,3135.01,884.542
420,4,59,21.0431,3337.27,902.159
421,4,60,16.773,3432.63,917.759
422,4,61,16.3859,3441.41,932.75
423,4,62,10.3946,3579.21,949.116
424,4,63,6.55762,3668.74,964.704
425,4,64,2.00063,3776.59,980.6
426,4,65,-2.63474,3887.83,996.592
427,4,66,-5.21353,3950.58,1011.9
428,4,67,-9.09518,4046.33,1027.68
429,4,68,-12.016,4119.35,1043.13
430,4,69,-12.059,4120.44,1058.08
431,4,70,-15.762,4215.49,1073.93
432,4,71,-10.2613,4072.47,1091.02
433,4,72,-6.81424,3981.7,1106.85
434,4,73,-3.26706,3887.1,1122.79
435,4,74,-5.78624,3955.12,1138.27
436,4,75,-5.9177,3958.71,1153.2
437,4,76,-5.62333,3950.57,1168.13
438,4,77,-5.32827,3942.31,1183.05
439,4,78,-0.930065,3817.69,1200.05
440,4,79,4.99897,3647.73,1218.91
441,4,80,6.68264,3598.9,1234.18
442,4,81,8.46872,3546.51,1249.51
443,4,82,9.20691,3524.61,1264.51
444,4,83,12.4025,3428.74,1280.85
445,4,84,13.1138,3407.17,1295.84
446,4,85,12.7269,3419.03,1310.77
447,4,86,15.6473,3328.5,1327.07
448,4,87,22.2647,3121.15,1349.22
449,4,88,24.7948,3041.03,1365.26
450,4,89,23.5111,3082.11,1380.53
451,4,90,22.0635,3128.92,1395.89
452,4,91,20.3654,3184.39,1411.41
453,4,92,22.1833,3124.4,1427.04
454,4,93,23.4768,3081.28,1442.36
455,4,94,25.5875,3010.22,1458.31
456,4,95,27.4549,2946.73,1474.08
457,4,96,27.3414,2950.63,1489.02
458,4,97,26.1816,2990.83,1504.31
459,4,98,25.8963,3000.82,1519.25
460,4,99,24.4787,3050.91,1534.75
461,4,100,21.808,3146.16,1551.81
462,4,101,21.0695,3172.75,1566.9
463,4,102,21.2447,3166.38,1581.82
464,4,103,20.8241,3181.81,1596.78
465,5,14,118.65,610.977,142.558
466,5,15,197.276,-18.0291,157.576
467,5,16,116.8,652.609,173.375
468,5,17,156.551,308.095,187.416
469,5,18,114.194,689.314,201.911
470,5,19,75.5063,1050.4,216.531
471,5,20,114.175,676.598,231.545
472,5,21,82.7186,991.161,246.266
473,5,22,117.43,632.481,261.715
474,5,23,177.732,-10.7424,281.891
475,5,24,174.599,23.7224,295.514
476,5,25,188.624,-135.23,309.577
477,5,26,195.484,-215.261,323.252
478,5,27,198.785,-254.874,336.775
479,5,28,243.214,-802.832,358.553
480,5,29,305.661,-1593.83,385.344
481,5,30,322.093,-1807.44,400.405
482,5,31,298.462,-1492.37,416.619
483,5,32,309.584,-1644.36,431.371
484,5,33,318.75,-1772.69,446
485,5,34,300.616,-1512.76,462.025
486,5,35,260.017,-917.32,485.287
487,5,36,232.285,-501.343,503.8
488,5,37,214.544,-229.302,520.137
489,5,38,223.315,-366.726,535.217
490,5,39,231.417,-496.359,550.267
491,5,40,217.923,-275.945,566.299
492,5,41,202.825,-24.3175,582.888
493,5,42,174.996,448.78,604.442
494,5,43,161.007,691.253,620.985
495,5,44,156.946,763,635.925
496,5,45,140.242,1063.67,653.755
497,5,46,130.393,1244.24,669.704
498,5,47,113.154,1566.03,688.249
499,5,48,99.7633,1820.45,705.479
500,5,49,87.5145,2057.26,722.481
501,5,50,85.7398,2092.16,737.449
502,5,51,73.6603,2333.75,754.773
503,5,52,70.5287,2397.43,769.876
504,5,53,62.7325,2558.55,785.981
505,5,54,54.5681,2730,802.309
506,5,55,44.6626,2941.32,819.449
507,5,56,38.3547,3077.99,835.354
508,5,57,30.8197,3243.76,851.773
509,5,58,23.4716,3407.87,868.224
510,5,59,14.1897,3618.26,885.715
511,5,60,10.0118,3714.35,901.246
512,5,61,9.84835,3718.16,916.224
513,5,62,3.87595,3859.51,932.493
514,5,63,0.129856,3949.42,948.01
515,5,64,-4.36478,4058.79,963.821
516,5,65,-8.94343,4171.73,979.725
517,5,66,-11.4019,4233.19,994.971
518,5,67,-15.2103,4329.67,1010.67
519,5,68,-18.0313,4402.07,1026.05
520,5,69,-17.8906,4398.41,1040.98
521,5,70,-21.5291,4494.23,1056.75
522,5,71,-15.6919,4338.57,1073.99
523,5,72,-11.9838,4238.45,1089.9
524,5,73,-8.18399,4134.59,1105.93
525,5,74,-10.6347,4202.39,1121.34
526,5,75,-10.6332,4202.35,1136.26
527,5,76,-10.1997,4190.07,1151.18
528,5,77,-9.77119,4177.78,1166.09
529,5,78,-5.13403,4043.31,1183.23
530,5,79,1.06521,3861.46,1202.26
531,5,80,2.89671,3807.13,1217.57
532,5,81,4.82752,3749.2,1232.94
533,5,82,5.678,3723.4,1247.95
534,5,83,9.04381,3620.19,1264.36
535,5,84,9.85689,3594.98,1279.37
536,5,85,9.54089,3604.88,1294.29
537,5,86,12.6102,3507.69,1310.66
538,5,87,19.4602,3288.49,1332.99
539,5,88,22.1174,3202.57,1349.09
540,5,89,20.8665,3243.44,1364.33
541,5,90,19.4467,3290.29,1379.65
542,5,91,17.7696,3346.19,1395.13
543,5,92,19.6879,3281.61,1410.81
544,5,93,21.0665,3234.73,1426.15
545,5,94,23.2777,3158.82,1442.16
546,5,95,25.2369,3090.9,1457.97
547,5,96,25.1692,3093.27,1472.91
548,5,97,24.0311,3133.48,1488.16
549,5,98,23.7855,3142.24,1503.1
550,5,99,22.3825,3192.75,1518.56
551,5,100,19.6999,3290.22,1535.55
552,5,101,18.9895,3316.26,1550.62
553,5,102,19.2108,3308.08,1565.55
554,5,103,18.8228,3322.56,1580.49
555,6,15,195.719,0.652364,144.449
556,6,16,100.894,854.083,160.035
557,6,17,149.922,396.49,174.172
558,6,18,102.067,859.081,188.581
559,6,19,59.5856,1283.9,203.061
560,6,20,105.533,809.11,218.177
561,6,21,71.2248,1175.06,232.779
562,6,22,111.372,733.447,248.294
563,6,23,179.047,-33.5419,268.227
564,6,24,175.446,8.47474,281.908
565,6,25,190.789,-175.642,295.992
566,6,26,198.096,-265.76,309.702
567,6,27,201.459,-308.368,323.266
568,6,28,249.519,-933.145,344.636
569,6,29,316.645,-1828.16,370.782
570,6,30,333.513,-2058.68,385.768
571,6,31,307.186,-1690.11,402.084
572,6,32,318.485,-1852.06,416.797
573,6,33,327.67,-1986.77,431.392
574,6,34,307.67,-1686.77,447.506
575,6,35,263.895,-1015.55,470.703
576,6,36,234.123,-549.135,489.177
577,6,37,215.158,-245.687,505.508
578,6,38,224.424,-397.034,520.6
579,6,39,232.937,-538.924,535.66
580,6,40,218.585,-294.927,551.694
581,6,41,202.612,-18.0587,568.261
582,6,42,173.29,499.964,589.637
583,6,43,158.654,763.399,606.137
584,6,44,154.505,839.46,621.089
585,6,45,137.088,1164.58,638.826
586,6,46,126.913,1357.92,654.738
587,6,47,109.019,1703.87,673.158
588,6,48,95.1976,1975.68,690.297
589,6,49,82.5996,2227.64,707.214
590,6,50,80.9644,2260.89,722.186
591,6,51,68.5674,2517.1,739.411
592,6,52,65.5192,2581.11,754.502
593,6,53,57.6069,2749.9,770.545
594,6,54,49.3185,2929.49,786.8
595,6,55,39.2267,3151.5,803.84
596,6,56,32.8847,3293.14,819.685
597,6,57,25.2702,3465.74,836.023
598,6,58,17.8542,3636.31,852.39
599,6,59,8.43666,3856.05,869.769
600,6,60,4.31604,3953.57,885.25
601,6,61,4.35016,3952.75,900.226
602,6,62,-1.63888,4098.49,916.416
603,6,63,-5.32398,4189.38,931.878
604,6,64,-9.7861,4300.94,947.623
605,6,65,-14.3367,4416.22,963.455
606,6,66,-16.6989,4476.85,978.657
607,6,67,-20.4593,4574.62,994.29
608,6,68,-23.2032,4646.88,1009.62
609,6,69,-22.8965,4638.7,1024.54
610,6,70,-26.4929,4735.8,1040.24
611,6,71,-20.3285,4567.31,1057.6
612,6,72,-16.3712,4457.82,1073.59
613,6,73,-12.3306,4344.68,1089.69
614,6,74,-14.7321,4412.73,1105.06
615,6,75,-14.6136,4409.33,1119.97
616,6,76,-14.0557,4393.15,1134.9
617,6,77,-13.5082,4377.09,1149.81
618,6,78,-8.64161,4232.71,1167.05
619,6,79,-2.18002,4038.87,1186.22
620,6,80,-0.213139,3979.21,1201.56
621,6,81,1.85032,3915.93,1216.96
622,6,82,2.80022,3886.48,1231.99
623,6,83,6.32612,3776,1248.47
624,6,84,7.22859,3747.42,1263.49
625,6,85,6.9704,3755.68,1278.4
626,6,86,10.1789,3651.94,1294.84
627,6,87,17.2553,3420.78,1317.28
628,6,88,20.0296,3329.23,1333.42
629,6,89,18.7987,3370.26,1348.64
630,6,90,17.3942,3417.54,1363.94
631,6,91,15.7258,3474.27,1379.4
632,6,92,17.7352,3405.28,1395.11
633,6,93,19.1895,3354.86,1410.48
634,6,94,21.4926,3274.26,1426.52
635,6,95,23.535,3202.09,1442.37
636,6,96,23.5032,3203.23,1457.31
637,6,97,22.3766,3243.78,1472.55
638,6,98,22.1613,3251.61,1487.48
639,6,99,20.763,3302.88,1502.92
640,6,100,18.058,3402.96,1519.86
641,6,101,17.367,3428.76,1534.92
642,6,102,17.6263,3418.99,1549.85
643,6,103,17.2627,3432.81,1564.79
644,7,16,231.431,-842.898,141.909
645,7,17,265.639,-1184.98,155.234
646,7,18,190.523,-408.777,171.012
647,7,19,127.897,259.232,186.484
648,7,20,170.649,-211.044,201.029
649,7,21,123.084,328.022,216.418
650,7,22,161.767,-123.277,231.439
651,7,23,231.476,-959.779,251.054
652,7,24,221.649,-838.579,264.716
653,7,25,233.743,-991.778,278.462
654,7,26,237.485,-1040.43,291.919
655,7,27,237.418,-1039.53,305.289
656,7,28,286.578,-1711.38,326.643
657,7,29,356.318,-2687.75,353.004
658,7,30,371.285,-2902.27,367.696
659,7,31,339.831,-2440.94,384.62
660,7,32,349.488,-2585.79,399.11
661,7,33,357.057,-2701.85,413.49
662,7,34,333.529,-2333.25,430.094
663,7,35,284.951,-1556.01,454.371
664,7,36,251.792,-1014.4,473.242
665,7,37,230.463,-658.916,489.77
666,7,38,239.351,-810.024,504.775
667,7,39,247.476,-950.852,519.745
668,7,40,231.424,-667.262,535.944
669,7,41,213.804,-350.109,552.679
670,7,42,182.231,228.726,574.265
671,7,43,166.322,525.708,590.859
672,7,44,161.551,616.351,605.853
673,7,45,142.879,977.337,623.668
674,7,46,131.905,1193.16,639.635
675,7,47,112.895,1573.36,658.09
676,7,48,98.2312,1871.53,675.257
677,7,49,84.9061,2146.92,692.191
678,7,50,83.0918,2185.02,707.189
679,7,51,70.0492,2463.26,724.416
680,7,52,66.8041,2533.57,739.533
681,7,53,58.5004,2716.25,755.587
682,7,54,49.8294,2909.9,771.845
683,7,55,39.3049,3148.46,788.869
684,7,56,32.706,3300.23,804.716
685,7,57,24.7999,3484.71,821.044
686,7,58,17.1168,3666.54,837.396
687,7,59,7.3717,3900.42,854.733
688,7,60,3.13791,4003.45,870.215
689,7,61,3.21611,4001.52,885.21
690,7,62,-2.94632,4155.58,901.379
691,7,63,-6.71485,4251.05,916.838
692,7,64,-11.2829,4368.29,932.57
693,7,65,-15.9369,4489.3,948.385
694,7,66,-18.3246,4552.17,963.588
695,7,67,-22.155,4654.32,979.206
696,7,68,-24.9327,4729.31,994.527
697,7,69,-24.5613,4719.16,1009.47
698,7,70,-28.2181,4820.34,1025.15
699,7,71,-21.8109,4640.93,1042.53
700,7,72,-17.6889,4524.14,1058.54
701,7,73,-13.4883,4403.73,1074.66
702,7,74,-15.9264,4474.43,1090.02
703,7,75,-15.7698,4469.84,1104.95
704,7,76,-15.163,4451.83,1119.89
705,7,77,-14.5688,4434.01,1134.82
706,7,78,-9.53758,4281.4,1152.07
707,7,79,-2.87441,4077.06,1171.22
708,7,80,-0.835605,4013.86,1186.58
709,7,81,1.29948,3946.96,1202
710,7,82,2.28887,3915.63,1217.04
711,7,83,5.91964,3799.44,1233.52
712,7,84,6.85567,3769.18,1248.56
713,7,85,6.60038,3777.52,1263.48
714,7,86,9.89839,3668.68,1279.92
715,7,87,17.1564,3426.75,1302.29
716,7,88,20.0008,3330.99,1318.43
717,7,89,18.7409,3373.82,1333.66
718,7,90,17.3043,3423.15,1348.97
719,7,91,15.5988,3482.27,1364.43
720,7,92,17.6579,3410.2,1380.15
721,7,93,19.1474,3357.57,1395.52
722,7,94,21.5038,3273.53,1411.56
723,7,95,23.5919,3198.36,1427.41
724,7,96,23.558,3199.59,1442.37
725,7,97,22.4055,3241.85,1457.61
726,7,98,22.1849,3250.01,1472.56
727,7,99,20.756,3303.35,1488
728,7,100,17.9936,3407.41,1504.93
729,7,101,17.2895,3434.16,1519.99
730,7,102,17.5558,3423.95,1534.93
731,7,103,17.1861,3438.25,1549.89
732,8,17,254.006,-1022.12,142.274
733,8,18,167.347,-68.8727,157.727
734,8,19,98.1463,715.405,172.848
735,8,20,152.053,86.4938,187.612
736,8,21,100.35,706.93,202.716
737,8,22,147.222,128.845,217.925
738,8,23,227.462,-887.531,237.452
739,8,24,216.951,-750.889,251.157
740,8,25,230.911,-937.028,264.967
741,8,26,235.346,-997.629,278.484
742,8,27,235.486,-999.588,291.908
743,8,28,289.511,-1773.96,312.938
744,8,29,365.325,-2885.89,338.661
745,8,30,380.81,-3118.17,353.321
746,8,31,345.941,-2583.51,370.295
747,8,32,355.881,-2739.24,384.785
748,8,33,363.541,-2861.79,399.168
749,8,34,337.79,-2441.2,415.806
750,8,35,285.438,-1568.67,439.847
751,8,36,249.958,-965.504,458.597
752,8,37,227.329,-573.273,475.072
753,8,38,236.994,-744.009,490.113
754,8,39,245.774,-902.047,505.115
755,8,40,228.852,-591.811,521.275
756,8,41,210.347,-246.389,537.942
757,8,42,177.168,384.02,559.283
758,8,43,160.655,703.257,575.799
759,8,44,155.933,796.129,590.791
760,8,45,136.574,1183.3,608.475
761,8,46,125.361,1411.31,624.379
762,8,47,105.727,1817.07,642.676
763,8,48,90.6977,2132.69,659.726
764,8,49,77.0968,2422.84,676.549
765,8,50,75.5613,2456.11,691.541
766,8,51,62.2682,2748.56,708.646
767,8,52,59.2247,2816.53,723.737
768,8,53,50.8895,3005.46,739.708
769,8,54,42.1734,3205.93,755.874
770,8,55,31.5294,3454.29,772.779
771,8,56,24.9785,3609.33,788.546
772,8,57,17.0653,3799.25,804.774
773,8,58,9.38424,3986.15,821.026
774,8,59,-0.438308,4228.44,838.235
775,8,60,-4.53714,4330.91,853.65
776,8,61,-4.17179,4321.66,868.638
777,8,62,-10.2897,4478.68,884.71
778,8,63,-13.9305,4573.35,900.1
779,8,64,-18.4056,4691.19,915.748
780,8,65,-22.9746,4813.03,931.475
781,8,66,-25.2046,4873.24,946.621
782,8,67,-28.9333,4975.16,962.157
783,8,68,-31.5799,5048.38,977.41
784,8,69,-30.9821,5031.64,992.341
785,8,70,-34.5512,5132.77,1007.93
786,8,71,-27.7458,4937.68,1025.5
787,8,72,-23.3143,4809.17,1041.6
788,8,73,-18.816,4677.21,1057.82
789,8,74,-21.1678,4746.99,1073.12
790,8,75,-20.8525,4737.53,1088.04
791,8,76,-20.0807,4714.12,1102.99
792,8,77,-19.3291,4691.07,1117.92
793,8,78,-14.022,4526.55,1135.31
794,8,79,-7.04922,4308.06,1154.64
795,8,80,-4.84018,4238.11,1170.04
796,8,81,-2.53916,4164.48,1185.51
797,8,82,-1.42102,4128.33,1200.57
798,8,83,2.40292,4003.41,1217.14
799,8,84,3.45461,3968.7,1232.19
800,8,85,3.27998,3974.53,1247.1
801,8,86,6.74555,3857.85,1263.61
802,8,87,14.2639,3602.23,1286.16
803,8,88,17.2499,3499.71,1302.36
804,8,89,16.0263,3542.13,1317.56
805,8,90,14.6206,3591.33,1332.84
806,8,91,12.9384,3650.76,1348.27
807,8,92,15.1085,3573.36,1364.03
808,8,93,16.6919,3516.36,1379.44
809,8,94,19.1589,3426.73,1395.53
810,8,95,21.3477,3346.47,1411.43
811,8,96,21.3636,3345.88,1426.38
812,8,97,20.2342,3388.05,1441.6
813,8,98,20.0564,3394.74,1456.54
814,8,99,18.6428,3448.46,1471.95
815,8,100,15.8664,3554.89,1488.82
816,8,101,15.1925,3580.95,1503.86
817,8,102,15.5086,3568.62,1518.81
818,8,103,15.1739,3581.78,1533.75
819,9,18,146.691,240.973,144.468
820,9,19,68.6636,1177.3,159.318
821,9,20,136.469,341.04,174.255
822,9,21,79.2088,1066.33,189.142
823,9,22,135.797,330.687,204.481
824,9,23,228.259,-902.143,223.796
825,9,24,216.335,-739.176,237.565
826,9,25,232.01,-958.631,251.423
827,9,26,236.815,-1027.5,264.998
828,9,27,236.815,-1027.5,278.48
829,9,28,296.11,-1916.93,299.113
830,9,29,378.516,-3180.49,324.163
831,9,30,394.21,-3426.36,338.777
832,9,31,355.143,-2801.29,355.846
833,9,32,365.145,-2964.66,370.328
834,9,33,372.676,-3090.17,384.707
835,9,34,344.242,-2606.79,401.412
836,9,35,287.534,-1623.86,425.272
837,9,36,249.37,-949.625,443.927
838,9,37,225.221,-514.948,460.363
839,9,38,235.67,-706.515,475.435
840,9,39,245.102,-882.573,490.466
841,9,40,227.165,-541.759,506.599
842,9,41,207.641,-164.295,523.212
843,9,42,172.669,523.487,544.326
844,9,43,155.47,867.462,560.774
845,9,44,150.773,962.958,575.77
846,9,45,130.647,1378.9,593.334
847,9,46,119.155,1620.22,609.183
848,9,47,98.8332,2053.76,627.332
849,9,48,83.3969,2388.22,644.274
850,9,49,69.4887,2694.2,660.994
851,9,50,68.2424,2722.03,675.986
852,9,51,54.6714,3029.64,692.976
853,9,52,51.8348,3094.88,708.049
854,9,53,43.4576,3290.35,723.945
855,9,54,34.6857,3497.95,740.024
856,9,55,23.9074,3756.63,756.816
857,9,56,17.4011,3914.95,772.511
858,9,57,9.47422,4110.48,788.646
859,9,58,1.78954,4302.6,804.803
860,9,59,-8.12037,4553.65,821.889
861,9,60,-12.0814,4655.32,837.243
862,9,61,-11.4176,4638.06,852.232
863,9,62,-17.4937,4798.06,868.212
864,9,63,-21.0049,4891.7,883.54
865,9,64,-25.3872,5010.02,899.11
866,9,65,-29.8715,5132.59,914.756
867,9,66,-31.9406,5189.83,929.852
868,9,67,-35.5674,5291.38,945.312
869,9,68,-38.081,5362.6,960.503
870,9,69,-37.2505,5338.79,975.433
871,9,70,-40.7325,5439.77,990.946
872,9,71,-33.5149,5228.05,1008.69
873,9,72,-28.7646,5087.13,1024.89
874,9,73,-23.9602,4943,1041.2
875,9,74,-26.2274,5011.77,1056.45
876,9,75,-25.7516,4997.18,1071.37
877,9,76,-24.813,4968.08,1086.32
878,9,77,-23.9025,4939.55,1101.26
879,9,78,-18.3131,4762.56,1118.79
880,9,79,-11.023,4529.27,1138.3
881,9,80,-8.64221,4452.29,1153.74
882,9,81,-6.17398,4371.66,1169.25
883,9,82,-4.92739,4330.53,1184.33
884,9,83,-0.907969,4196.55,1200.98
885,9,84,0.258528,4157.27,1216.05
886,9,85,0.162375,4160.54,1230.96
887,9,86,3.79674,4035.76,1247.55
888,9,87,11.5801,3765.94,1270.24
889,9,88,14.7078,3656.47,1286.49
890,9,89,13.5168,3698.55,1301.68
891,9,90,12.138,3747.73,1316.93
892,9,91,10.4751,3807.6,1332.33
893,9,92,12.7555,3724.74,1348.13
894,9,93,14.4316,3663.28,1363.57
895,9,94,17.0085,3567.94,1379.71
896,9,95,19.2971,3482.5,1395.65
897,9,96,19.3599,3480.13,1410.6
898,9,97,18.2501,3522.3,1425.8
899,9,98,18.1125,3527.58,1440.74
900,9,99,16.7105,3581.79,1456.12
901,9,100,13.9158,3690.78,1472.93
902,9,101,13.2694,3716.21,1487.96
903,9,102,13.6331,3701.78,1502.92
904,9,103,13.3308,3713.87,1517.85
905,10,19,-21.5545,2620.79,143.881
906,10,20,74.9818,1365.82,159.622
907,10,21,18.4266,2119.89,174.046
908,10,22,93.0714,1099.74,190.005
909,10,23,204.846,-465.104,209.767
910,10,24,194.454,-316.144,223.54
911,10,25,214.823,-614.902,237.514
912,10,26,222.215,-725.783,251.162
913,10,27,223.838,-750.656,264.693
914,10,28,290.741,-1798.81,285.282
915,10,29,381.924,-3257.74,309.88
916,10,30,398.788,-3533.18,324.511
917,10,31,355.753,-2815.94,341.536
918,10,32,366.572,-2999.86,356.052
919,10,33,374.612,-3139.21,370.465
920,10,34,343.748,-2593.95,387.125
921,10,35,282.716,-1495.38,410.615
922,10,36,242.082,-750.417,429.085
923,10,37,216.729,-277.16,445.428
924,10,38,228.484,-500.514,460.557
925,10,39,239.024,-704.278,475.639
926,10,40,220.321,-336.458,491.7
927,10,41,200.005,69.8724,508.21
928,10,42,163.376,814.656,529.045
929,10,43,145.712,1179.71,545.389
930,10,44,141.305,1272.26,560.37
931,10,45,120.586,1714.25,577.779
932,10,46,109.018,1964.91,593.545
933,10,47,88.1593,2423.8,611.517
934,10,48,72.4787,2773.99,628.322
935,10,49,58.421,3092.64,644.912
936,10,50,57.6538,3110.28,659.893
937,10,51,43.9407,3430.25,676.743
938,10,52,41.4714,3488.69,691.781
939,10,53,33.1845,3687.58,707.578
940,10,54,24.4793,3899.41,723.548
941,10,55,13.6761,4165.89,740.205
942,10,56,7.32833,4324.58,755.806
943,10,57,-0.509159,4523.13,771.826
944,10,58,-8.10001,4717.96,787.866
945,10,59,-18.0107,4975.64,804.811
946,10,60,-21.7392,5073.82,820.085
947,10,61,-20.6784,5045.53,835.068
948,10,62,-26.6343,5206.34,850.936
949,10,63,-29.9371,5296.62,866.182
950,10,64,-34.154,5413.29,881.655
951,10,65,-38.4853,5534.56,897.198
952,10,66,-40.3248,5586.68,912.226
953,10,67,-43.7875,5685.95,927.59
954,10,68,-46.1077,5753.23,942.7
955,10,69,-44.9819,5720.21,957.624
956,10,70,-48.3246,5819.38,973.037
957,10,71,-40.6292,5588.52,991.028
958,10,72,-35.5023,5433,1007.36
959,10,73,-30.3372,5274.6,1023.81
960,10,74,-32.4779,5340.97,1038.99
961,10,75,-31.7983,5319.67,1053.9
962,10,76,-30.6513,5283.35,1068.86
963,10,77,-29.5422,5247.86,1083.8
964,10,78,-23.6274,5056.61,1101.52
965,10,79,-15.9771,4806.7,1121.28
966,10,80,-13.3897,4721.32,1136.78
967,10,81,-10.721,4632.36,1152.34
968,10,82,-9.31572,4585.05,1167.44
969,10,83,-5.06907,4440.66,1184.2
970,10,84,-3.7605,4395.74,1199.3
971,10,85,-3.75342,4395.49,1214.19
972,10,86,0.0770535,4261.42,1230.88
973,10,87,8.15531,3975.99,1253.81
974,10,88,11.449,3858.52,1270.13
975,10,89,10.3097,3899.53,1285.29
976,10,90,8.97596,3947.99,1300.51
977,10,91,7.34963,4007.62,1315.86
978,10,92,9.76031,3918.43,1331.72
979,10,93,11.5476,3851.7,1347.2
980,10,94,14.253,3749.8,1363.4
981,10,95,16.6589,3658.38,1379.39
982,10,96,16.7838,3653.59,1394.35
983,10,97,15.7073,3695.21,1409.52
984,10,98,15.6238,3698.47,1424.45
985,10,99,14.246,3752.66,1439.8
986,10,100,11.444,3863.81,1456.53
987,10,101,10.8373,3888.08,1471.55
988,10,102,11.2611,3870.98,1486.51
989,10,103,11.0028,3881.49,1501.43
990,11,20,94.3061,1037.31,146.223
991,11,21,23.9545,2022.23,160.729
992,11,22,110.119,787.205,176.464
993,11,23,236.467,-1065.9,195.587
994,11,24,220.073,-819.984,209.462
995,11,25,239.743,-1121.59,223.381
996,11,26,244.944,-1203.07,237.031
997,11,27,244.083,-1189.3,250.59
998,11,28,316.17,-2366.73,270.61
999,11,29,414.275,-4001.81,294.531
1000,11,30,429.59,-4262.16,309.047
1001,11,31,379.523,-3394.34,326.398
1002,11,32,389.165,-3564.67,340.857
1003,11,33,395.939,-3686.61,355.22
1004,11,34,360.726,-3041.04,372.114
1005,11,35,293.453,-1785.28,395.743
1006,11,36,248.867,-938.15,414.246
1007,11,37,221.134,-401.965,430.62
1008,11,38,233.414,-643.482,445.752
1009,11,39,244.341,-862.009,460.833
1010,11,40,224.037,-449.162,476.926
1011,11,41,202.17,2.75614,493.446
1012,11,42,163.116,822.876,514.148
1013,11,43,144.398,1222.21,530.474
1014,11,44,139.808,1321.64,545.479
1015,11,45,117.992,1801.61,562.821
1016,11,46,105.924,2071.12,578.57
1017,11,47,84.1057,2565.67,596.44
1018,11,48,67.8132,2940.4,613.177
1019,11,49,53.2738,3279.65,629.701
1020,11,50,52.7256,3292.62,644.7
1021,11,51,38.5841,3632.02,661.471
1022,11,52,36.2522,3688.76,676.513
1023,11,53,27.8226,3896.69,692.266
1024,11,54,18.9654,4118.12,708.182
1025,11,55,7.92712,4397.76,724.757
1026,11,56,1.55336,4561.35,740.314
1027,11,57,-6.37189,4767.41,756.271
1028,11,58,-14.0347,4969.2,772.244
1029,11,59,-24.1078,5237.81,789.09
1030,11,60,-27.7415,5335.92,804.331
1031,11,61,-26.4037,5299.36,819.331
1032,11,62,-32.3685,5464.38,835.135
1033,11,63,-35.5795,5554.29,850.344
1034,11,64,-39.7436,5672.27,865.767
1035,11,65,-44.0292,5795.13,881.255
1036,11,66,-45.7363,5844.63,896.258
1037,11,67,-49.1307,5944.2,911.573
1038,11,68,-51.3466,6009.94,926.647
1039,11,69,-50.0051,5969.7,941.588
1040,11,70,-53.2918,6069.39,956.947
1041,11,71,-45.1812,5820.67,975.07
1042,11,72,-39.7421,5652.05,991.486
1043,11,73,-34.2784,5480.86,1008.01
1044,11,74,-36.3629,5546.87,1023.16
1045,11,75,-35.5428,5520.63,1038.08
1046,11,76,-34.2475,5478.74,1053.06
1047,11,77,-32.998,5437.93,1068.03
1048,11,78,-26.8076,5233.64,1085.83
1049,11,79,-18.8434,4968.17,1105.69
1050,11,80,-16.1002,4875.81,1121.22
1051,11,81,-13.28,4779.93,1136.83
1052,11,82,-11.7645,4727.9,1151.95
1053,11,83,-7.33445,4574.32,1168.77
1054,11,84,-5.92929,4525.14,1183.88
1055,11,85,-5.86418,4522.84,1198.78
1056,11,86,-1.87736,4380.64,1215.51
1057,11,87,6.46149,4080.45,1238.48
1058,11,88,9.88305,3956.13,1254.83
1059,11,89,8.75452,3997.51,1269.99
1060,11,90,7.42636,4046.65,1285.2
1061,11,91,5.79813,4107.44,1300.54
1062,11,92,8.30545,4012.99,1316.43
1063,11,93,10.1708,3942.11,1331.93
1064,11,94,12.9734,3834.68,1348.16
1065,11,95,15.4661,3738.3,1364.17
1066,11,96,15.6216,3732.23,1379.14
1067,11,97,14.5471,3774.49,1394.31
1068,11,98,14.4881,3776.83,1409.25
1069,11,99,13.1048,3832.17,1424.58
1070,11,100,10.2659,3946.67,1441.28
1071,11,101,9.67173,3970.83,1456.3
1072,11,102,10.1301,3952.04,1471.27
1073,11,103,9.89062,3961.94,1486.19
1074,12,21,-49.5939,3346.1,146.115
1075,12,22,65.6091,1618.05,162.405
1076,12,23,220.434,-755.921,181.668
1077,12,24,203.984,-498.203,195.591
1078,12,25,228.762,-894.658,209.611
1079,12,26,236.121,-1014.85,223.341
1080,12,27,236.255,-1017.09,236.966
1081,12,28,317.744,-2402.41,256.752
1082,12,29,426.574,-4288.8,280.087
1083,12,30,442.207,-4564.97,294.607
1084,12,31,385.872,-3550.94,311.979
1085,12,32,395.827,-3733.45,326.466
1086,12,33,402.612,-3860.1,340.859
1087,12,34,363.756,-3121.84,357.75
1088,12,35,290.625,-1707.97,381.056
1089,12,36,242.699,-765.42,399.4
1090,12,37,213.306,-177.57,415.699
1091,12,38,227.076,-457.56,430.884
1092,12,39,239.236,-708.857,446.014
1093,12,40,217.883,-260.462,462.051
1094,12,41,194.969,228.383,478.484
1095,12,42,153.861,1119.06,498.921
1096,12,43,134.551,1543.88,515.156
1097,12,44,130.28,1639.26,530.158
1098,12,45,107.74,2150.16,547.357
1099,12,46,95.569,2430.1,563.035
1100,12,47,73.1137,2954.06,580.738
1101,12,48,56.5347,3346.43,597.349
1102,12,49,41.8236,3699.49,613.754
1103,12,50,41.8345,3699.23,628.753
1104,12,51,27.5304,4052.06,645.393
1105,12,52,25.624,4099.72,660.413
1106,12,53,17.2991,4310.62,676.077
1107,12,54,8.51946,4535.96,691.894
1108,12,55,-2.54579,4823.66,708.342
1109,12,56,-8.73736,4986.7,723.816
1110,12,57,-16.5598,5195.3,739.666
1111,12,58,-24.1152,5399.3,755.531
1112,12,59,-34.1879,5674.62,772.241
1113,12,60,-37.5585,5767.87,787.414
1114,12,61,-35.7745,5717.92,802.422
1115,12,62,-41.6057,5883.14,818.122
1116,12,63,-44.585,5968.54,833.261
1117,12,64,-48.5664,6084,848.595
1118,12,65,-52.6839,6204.78,863.99
1119,12,66,-54.1384,6247.93,878.939
1120,12,67,-57.3539,6344.4,894.167
1121,12,68,-59.3591,6405.22,909.173
1122,12,69,-57.695,6354.19,924.124
1123,12,70,-60.8324,6451.45,939.391
1124,12,71,-52.2002,6180.97,957.775
1125,12,72,-46.3526,5995.8,974.332
1126,12,73,-40.4994,5808.5,990.998
1127,12,74,-42.4526,5871.65,1006.09
1128,12,75,-41.4166,5837.81,1021.01
1129,12,76,-39.9007,5787.78,1036.01
1130,12,77,-38.442,5739.16,1050.99
1131,12,78,-31.9042,5519.06,1068.98
1132,12,79,-23.5559,5235.21,1089.07
1133,12,80,-20.5966,5133.61,1104.66
1134,12,81,-17.5674,5028.6,1120.33
1135,12,82,-15.8885,4969.83,1135.48
1136,12,83,-11.2208,4804.91,1152.39
1137,12,84,-9.67063,4749.62,1167.53
1138,12,85,-9.50265,4743.57,1182.43
1139,12,86,-5.31249,4591.33,1199.26
1140,12,87,3.3362,4274.21,1222.41
1141,12,88,6.92781,4141.32,1238.82
1142,12,89,5.84612,4181.71,1253.96
1143,12,90,4.55796,4230.23,1269.15
1144,12,91,2.96074,4290.92,1284.46
1145,12,92,5.60003,4189.75,1300.39
1146,12,93,7.57691,4113.31,1315.93
1147,12,94,10.5095,3998.94,1332.22
1148,12,95,13.1202,3896.25,1348.28
1149,12,96,13.3346,3887.75,1363.25
1150,12,97,12.2883,3929.6,1378.4
1151,12,98,12.2798,3929.94,1393.34
1152,12,99,10.9153,3985.43,1408.65
1153,12,100,8.06176,4102.43,1425.29
1154,12,101,7.5034,4125.5,1440.29
1155,12,102,8.01951,4104,1455.27
1156,12,103,7.8207,4112.35,1470.19
1157,13,22,58.2515,1757.85,148.829
1158,13,23,242.564,-1191.15,167.64
1159,13,24,219.684,-817.438,181.674
1160,13,25,245.859,-1253.69,195.717
1161,13,26,251.826,-1355.14,209.503
1162,13,27,249.884,-1321.48,223.196
1163,13,28,339.856,-2910.98,242.465
1164,13,29,458.889,-5053.56,265.081
1165,13,30,472.668,-5306.18,279.548
1166,13,31,407.196,-4084.05,297.157
1167,13,32,416.014,-4251.59,311.635
1168,13,33,421.522,-4358.08,326.026
1169,13,34,377.416,-3490.65,343.063
1170,13,35,296.737,-1877.08,366.287
1171,13,36,244.308,-811.012,384.576
1172,13,37,212.435,-152.31,400.862
1173,13,38,227.331,-465.131,416.075
1174,13,39,240.373,-743.347,431.229
1175,13,40,217.414,-245.911,447.262
1176,13,41,192.952,292.264,463.664
1177,13,42,149.237,1268.55,483.903
1178,13,43,128.98,1727.72,500.091
1179,13,44,124.79,1824.08,515.11
1180,13,45,101.217,2374.11,532.21
1181,13,46,88.7138,2670.03,547.852
1182,13,47,65.367,3230.35,565.425
1183,13,48,48.2973,3645.71,581.944
1184,13,49,33.2364,4017.22,598.263
1185,13,50,33.6998,4005.63,613.279
1186,13,51,19.0793,4376.02,629.819
1187,13,52,17.5001,4416.55,644.839
1188,13,53,9.16544,4633.25,660.444
1189,13,54,0.355017,4865.26,676.192
1190,13,55,-10.8452,5163.93,692.541
1191,13,56,-16.9409,5328.52,707.959
1192,13,57,-24.7464,5541.87,723.731
1193,13,58,-32.2743,5750.14,739.515
1194,13,59,-42.4285,6034.46,756.111
1195,13,60,-45.5962,6124.21,771.241
1196,13,61,-43.4113,6061.58,786.271
1197,13,62,-49.1703,6228.59,801.894
1198,13,63,-51.9698,6310.7,816.987
1199,13,64,-55.8202,6424.93,832.26
1200,13,65,-59.8194,6544.91,847.588
1201,13,66,-61.0635,6582.65,862.505
1202,13,67,-64.1441,6677.12,877.674
1203,13,68,-65.9784,6733.98,892.635
1204,13,69,-64.0237,6672.73,907.61
1205,13,70,-67.051,6768.6,922.812
1206,13,71,-57.9154,6476.26,941.391
1207,13,72,-51.6824,6274.72,958.062
1208,13,73,-45.4625,6071.54,974.836
1209,13,74,-47.3186,6132.79,989.889
1210,13,75,-46.0952,6092.01,1004.83
1211,13,76,-44.3858,6034.46,1019.85
1212,13,77,-42.7442,5978.65,1034.86
1213,13,78,-35.878,5742.91,1052.98
1214,13,79,-27.1618,5440.75,1073.21
1215,13,80,-24.0094,5330.41,1088.85
1216,13,81,-20.7934,5216.78,1104.56
1217,13,82,-18.9744,5151.9,1119.74
1218,13,83,-14.0883,4976,1136.73
1219,13,84,-12.4154,4915.22,1151.89
1220,13,85,-12.1677,4906.14,1166.8
1221,13,86,-7.79222,4744.25,1183.68
1222,13,87,1.15323,4410.28,1206.91
1223,13,88,4.8968,4269.28,1223.37
1224,13,89,3.83977,4309.44,1238.49
1225,13,90,2.57003,4358.12,1253.67
1226,13,91,0.982695,4419.49,1268.97
1227,13,92,3.73742,4312.06,1284.94
1228,13,93,5.8091,4230.57,1300.51
1229,13,94,8.85638,4109.7,1316.83
1230,13,95,11.5698,4001.16,1332.92
1231,13,96,11.8262,3990.82,1347.9
1232,13,97,10.7908,4032.93,1363.04
1233,13,98,10.8169,4031.86,1377.99
1234,13,99,9.45465,4088.16,1393.29
1235,13,100,6.56947,4208.38,1409.88
1236,13,101,6.03209,4230.95,1424.88
1237,13,102,6.59237,4207.23,1439.88
1238,13,103,6.42055,4214.56,1454.8
1239,14,23,335.318,-3046.24,152.588
1240,14,24,291.414,-2299.86,166.787
1241,14,25,309.996,-2621.96,180.716
1242,14,26,307.015,-2569.28,194.484
1243,14,27,296.911,-2387.42,208.207
1244,14,28,392.609,-4141.88,226.877
1245,14,29,519.926,-6518.47,248.886
1246,14,30,528.146,-6674.64,263.222
1247,14,31,449.235,-5149.04,281.462
1248,14,32,454.557,-5253.69,295.88
1249,14,33,456.761,-5297.78,310.224
1250,14,34,405.098,-4247.29,327.645
1251,14,35,314.568,-2376.35,351.177
1252,14,36,256.029,-1147.03,369.551
1253,14,37,220.524,-389.577,385.895
1254,14,38,235.964,-724.128,401.104
1255,14,39,249.345,-1018.5,416.251
1256,14,40,224.021,-452.933,432.338
1257,14,41,197.339,151.854,448.772
1258,14,42,150.308,1233.58,468.912
1259,14,43,128.628,1739.44,485.098
1260,14,44,124.191,1844.45,500.149
1261,14,45,99.1824,2444.66,517.202
1262,14,46,86.0444,2764.35,532.841
1263,14,47,61.4813,3370.24,550.332
1264,14,48,43.6583,3815.81,566.8
1265,14,49,28.0183,4212.03,583.07
1266,14,50,28.7888,4192.25,598.112
1267,14,51,13.6573,4585.67,614.588
1268,14,52,12.2752,4622.06,629.623
1269,14,53,3.78504,4848.47,645.199
1270,14,54,-5.1927,5090.87,660.908
1271,14,55,-16.662,5404.36,677.189
1272,14,56,-22.7708,5573.37,692.579
1273,14,57,-30.666,5794.44,708.302
1274,14,58,-38.2655,6009.76,724.033
1275,14,59,-48.6006,6306.03,740.542
1276,14,60,-51.6405,6394.19,755.654
1277,14,61,-49.1127,6320.04,770.712
1278,14,62,-54.8741,6490.96,786.284
1279,14,63,-57.5574,6571.46,801.356
1280,14,64,-61.3397,6686.19,816.593
1281,14,65,-65.2804,6807.04,831.879
1282,14,66,-66.3654,6840.67,846.786
1283,14,67,-69.3637,6934.62,861.919
1284,14,68,-71.0749,6988.81,876.859
1285,14,69,-68.8684,6918.2,891.863
1286,14,70,-71.8319,7014.02,907.025
1287,14,71,-62.2164,6699.91,925.727
1288,14,72,-55.6263,6482.44,942.476
1289,14,73,-49.0676,6263.82,959.322
1290,14,74,-50.8664,6324.37,974.358
1291,14,75,-49.4891,6277.55,989.322
1292,14,76,-47.6176,6213.29,1004.37
1293,14,77,-45.8237,6151.1,1019.41
1294,14,78,-38.6515,5900.08,1037.6
1295,14,79,-29.5872,5579.8,1057.88
1296,14,80,-26.2683,5461.43,1073.56
1297,14,81,-22.8913,5339.86,1089.3
1298,14,82,-20.9587,5269.64,1104.51
1299,14,83,-15.8763,5083.29,1121.53
1300,14,84,-14.106,5017.78,1136.72
1301,14,85,-13.8043,5006.52,1151.64
1302,14,86,-9.26419,4835.51,1168.55
1303,14,87,-0.0371919,4484.88,1191.76
1304,14,88,3.83795,4336.34,1208.24
1305,14,89,2.78097,4377.21,1223.37
1306,14,90,1.50575,4426.94,1238.55
1307,14,91,-0.0949964,4489.9,1253.84
1308,14,92,2.75675,4376.78,1269.83
1309,14,93,4.90475,4290.86,1285.42
1310,14,94,8.04959,4164.02,1301.75
1311,14,95,10.8488,4050.19,1317.86
1312,14,96,11.1288,4038.71,1332.85
1313,14,97,10.0853,4081.84,1348
1314,14,98,10.1287,4080.03,1362.96
1315,14,99,8.75076,4137.9,1378.25
1316,14,100,5.81543,4262.17,1394.82
1317,14,101,5.28298,4284.88,1409.83
1318,14,102,5.87268,4259.53,1424.84
1319,14,103,5.71304,4266.45,1439.77
1320,15,24,298.118,-2440.65,152.818
1321,15,25,318.86,-2814.02,166.839
1322,15,26,313.904,-2723.16,180.705
1323,15,27,301.187,-2485.76,194.52
1324,15,28,409.945,-4552.16,212.809
1325,15,29,551.926,-7297.14,234.133
1326,15,30,557.173,-7400.32,248.489
1327,15,31,465.564,-5568.15,266.858
1328,15,32,469.662,-5651.48,281.317
1329,15,33,470.509,-5668.97,295.706
1330,15,34,412.304,-4446.67,313.157
1331,15,35,312.467,-2316.81,336.376
1332,15,36,248.797,-937.293,354.596
1333,15,37,210.833,-102.084,370.872
1334,15,38,228.368,-493.702,386.138
1335,15,39,243.427,-835.031,401.337
1336,15,40,216.61,-218.25,417.372
1337,15,41,188.501,437.632,433.725
1338,15,42,138.741,1615.28,453.603
1339,15,43,116.364,2152.33,469.705
1340,15,44,112.449,2247.6,484.759
1341,15,45,86.5843,2885.59,501.675
1342,15,46,73.4126,3214.88,517.25
1343,15,47,48.1263,3855.47,534.577
1344,15,48,30.0405,4319.67,550.924
1345,15,49,14.285,4729.32,567.079
1346,15,50,15.8613,4687.81,582.133
1347,15,51,0.610624,5094.49,598.483
1348,15,52,-0.157565,5115.23,613.507
1349,15,53,-8.44557,5341.77,629.003
1350,15,54,-17.2607,5585.65,644.619
1351,15,55,-28.7008,5905.98,660.776
1352,15,56,-34.5272,6071.06,676.09
1353,15,57,-42.2428,6292.24,691.712
1354,15,58,-49.6615,6507.38,707.34
1355,15,59,-59.9495,6809.16,723.714
1356,15,60,-62.6281,6888.63,738.767
1357,15,61,-59.5252,6795.54,753.852
1358,15,62,-65.0928,6964.42,769.326
1359,15,63,-67.4685,7037.28,784.337
1360,15,64,-71.0056,7146.93,799.493
1361,15,65,-74.7218,7263.37,814.693
1362,15,66,-75.4854,7287.55,829.558
1363,15,67,-78.2528,7376.11,844.613
1364,15,68,-79.6981,7422.84,859.494
1365,15,69,-77.0977,7337.9,874.529
1366,15,70,-79.8732,7429.49,889.607
1367,15,71,-69.6382,7088.32,908.607
1368,15,72,-62.5649,6850.18,925.52
1369,15,73,-55.5487,6611.63,942.522
1370,15,74,-57.1914,6668.03,957.511
1371,15,75,-55.5616,6611.53,972.492
1372,15,76,-53.4338,6537.06,987.573
1373,15,77,-51.3984,6465.14,1002.64
1374,15,78,-43.8278,6195.12,1021.02
1375,15,79,-34.3253,5853.04,1041.53
1376,15,80,-30.7622,5723.58,1057.26
1377,15,81,-27.1503,5591.14,1073.07
1378,15,82,-25.0356,5512.9,1088.31
1379,15,83,-19.6877,5313.24,1105.43
1380,15,84,-17.7579,5240.55,1120.65
1381,15,85,-17.3449,5224.86,1135.58
1382,15,86,-12.5803,5042.21,1152.57
1383,15,87,-3.00964,4672.15,1175.93
1384,15,88,1.05058,4513.8,1192.46
1385,15,89,0.0397331,4553.56,1207.58
1386,15,90,-1.19691,4602.61,1222.75
1387,15,91,-2.76903,4665.5,1238.02
1388,15,92,0.2244,4544.76,1254.05
1389,15,93,2.49089,4452.59,1269.67
1390,15,94,5.7747,4317.96,1286.06
1391,15,95,8.69922,4197.08,1302.21
1392,15,96,9.03845,4182.94,1317.21
1393,15,97,8.02023,4225.71,1332.35
1394,15,98,8.11377,4221.75,1347.31
1395,15,99,6.75083,4279.9,1362.58
1396,15,100,3.79375,4407.05,1379.1
1397,15,101,3.29553,4428.64,1394.1
1398,15,102,3.94381,4400.34,1409.12
1399,15,103,3.82392,4405.61,1424.05
1400,16,25,462.301,-5969.71,150.032
1401,16,26,430.364,-5362.9,163.895
1402,16,27,396.117,-4700.79,177.803
1403,16,28,507.002,-6881.54,195.513
1404,16,29,655.401,-9849.52,216.47
1405,16,30,647.551,-9689.9,230.681
1406,16,31,533.194,-7326.52,250.358
1407,16,32,529.818,-7255.62,264.755
1408,16,33,524.074,-7133.09,279.102
1409,16,34,454.104,-5617.08,297.2
1410,16,35,340.103,-3109.05,320.995
1411,16,36,267.737,-1492.88,339.374
1412,16,37,224.6,-515.106,355.74
1413,16,38,242.463,-925.95,370.991
1414,16,39,257.602,-1279.19,386.173
1415,16,40,227.506,-566.922,402.288
1416,16,41,196.396,179.709,418.7
1417,16,42,142.366,1494.45,438.527
1418,16,43,118.132,2092.23,454.646
1419,16,44,113.825,2199.91,469.738
1420,16,45,86.1439,2901.15,486.631
1421,16,46,72.1508,3260.31,502.218
1422,16,47,45.3631,3956.79,519.487
1423,16,48,26.3485,4457.5,535.801
1424,16,49,9.88341,4896.57,551.924
1425,16,50,11.8013,4844.79,567.01
1426,16,51,-4.07104,5278.64,583.314
1427,16,52,-4.62769,5294.04,598.361
1428,16,53,-13.1166,5531.73,613.842
1429,16,54,-22.1442,5787.51,629.435
1430,16,55,-33.9122,6124.86,645.541
1431,16,56,-39.7686,6294.69,660.84
1432,16,57,-47.6021,6524.47,676.428
1433,16,58,-55.1165,6747.4,692.02
1434,16,59,-65.6242,7062.63,708.322
1435,16,60,-68.1696,7139.84,723.369
1436,16,61,-64.6909,7033.16,738.489
1437,16,62,-70.2755,7206.29,753.926
1438,16,63,-72.5343,7277.06,768.929
1439,16,64,-76.0091,7387.1,784.062
1440,16,65,-79.6738,7504.37,799.235
1441,16,66,-80.2731,7523.75,814.102
1442,16,67,-82.9628,7611.61,829.135
1443,16,68,-84.2849,7655.24,844.009
1444,16,69,-81.4184,7559.69,859.079
1445,16,70,-84.1376,7651.24,874.131
1446,16,71,-73.3848,7285.64,893.225
1447,16,72,-65.9318,7029.75,910.201
1448,16,73,-58.5576,6774.11,927.258
1449,16,74,-60.154,6829.99,942.241
1450,16,75,-58.3711,6766.99,957.248
1451,16,76,-56.0815,6685.33,972.358
1452,16,77,-53.8949,6606.61,987.451
1453,16,78,-46.0048,6319.94,1005.87
1454,16,79,-36.1373,5958.13,1026.4
1455,16,80,-32.4088,5820.18,1042.16
1456,16,81,-28.6375,5679.38,1057.99
1457,16,82,-26.4153,5595.68,1073.26
1458,16,83,-20.8696,5384.94,1090.39
1459,16,84,-18.8496,5307.51,1105.63
1460,16,85,-18.3936,5289.88,1120.57
1461,16,86,-13.4652,5097.67,1137.58
1462,16,87,-3.60413,4709.8,1160.87
1463,16,88,0.583615,4543.69,1177.41
1464,16,89,-0.441928,4584.71,1192.54
1465,16,90,-1.6987,4635.4,1207.71
1466,16,91,-3.29899,4700.48,1222.99
1467,16,92,-0.214044,4573.99,1239.03
1468,16,93,2.1218,4477.44,1254.66
1469,16,94,5.49809,4336.77,1271.05
1470,16,95,8.50264,4210.57,1287.21
1471,16,96,8.8551,4195.65,1302.22
1472,16,97,7.81652,4239.97,1317.36
1473,16,98,7.91722,4235.64,1332.34
1474,16,99,6.52651,4295.9,1347.62
1475,16,100,3.50513,4427.83,1364.13
1476,16,101,3.00204,4449.97,1379.13
1477,16,102,3.67196,4420.27,1394.17
1478,16,103,3.55553,4425.47,1409.11
1479,17,26,398.569,-4631.62,150.034
1480,17,27,363.876,-3937.77,163.928
1481,17,28,498.616,-6677.47,181.65
1482,17,29,671.136,-10242.9,202.141
1483,17,30,659.916,-10007.3,216.439
1484,17,31,528.663,-7207.2,235.889
1485,17,32,525.431,-7137.18,250.354
1486,17,33,519.528,-7007.31,264.762
1487,17,34,442.289,-5282.3,282.639
1488,17,35,317.531,-2454.47,305.836
1489,17,36,240.186,-675.527,323.924
1490,17,37,195.565,365.643,340.129
1491,17,38,217.691,-158.012,355.476
1492,17,39,236.3,-604.639,370.744
1493,17,40,205.472,145.527,386.727
1494,17,41,173.636,930.807,402.978
1495,17,42,117.2,2341.71,422.479
1496,17,43,93.0348,2953.89,438.451
1497,17,44,90.2127,3026.32,453.515
1498,17,45,62.2514,3753.32,470.211
1499,17,46,48.9183,4104.42,485.683
1500,17,47,21.9011,4824.88,502.738
1501,17,48,3.16458,5330.77,518.879
1502,17,49,-12.8933,5769.68,534.838
1503,17,50,-9.52284,5676.43,549.924
1504,17,51,-25.0836,6112.14,566.055
1505,17,52,-24.5038,6095.71,581.068
1506,17,53,-32.3773,6321.41,596.423
1507,17,54,-40.8663,6567.59,611.877
1508,17,55,-52.2776,6902.33,627.816
1509,17,56,-57.5085,7057.51,642.996
1510,17,57,-64.8588,7278.02,658.439
1511,17,58,-71.9093,7491.88,673.883
1512,17,59,-82.1247,7805.15,690.011
1513,17,60,-84.0358,7864.4,704.964
1514,17,61,-79.6973,7728.46,720.121
1515,17,62,-84.8723,7892.34,735.418
1516,17,63,-86.606,7947.81,750.325
1517,17,64,-89.6393,8045.89,765.339
1518,17,65,-92.8972,8152.32,780.385
1519,17,66,-92.9916,8155.43,795.183
1520,17,67,-95.2879,8231.98,810.1
1521,17,68,-96.1868,8262.24,824.883
1522,17,69,-92.763,8145.83,840
1523,17,70,-95.1629,8228.22,854.929
1524,17,71,-83.6181,7828,874.545
1525,17,72,-75.5335,7545.04,891.792
1526,17,73,-67.5636,7263.44,909.105
1527,17,74,-68.9045,7311.26,924.014
1528,17,75,-66.7645,7234.23,939.041
1529,17,76,-64.1188,7138.1,954.191
1530,17,77,-61.597,7045.63,969.323
1531,17,78,-53.2039,6735.09,988.059
1532,17,79,-42.7946,6346.48,1008.97
1533,17,80,-38.7416,6193.81,1024.82
1534,17,81,-34.6594,6038.69,1040.75
1535,17,82,-32.1874,5943.93,1056.06
1536,17,83,-26.3038,5716.43,1073.35
1537,17,84,-24.0645,5629.1,1088.63
1538,17,85,-23.4442,5604.7,1103.57
1539,17,86,-18.2307,5397.89,1120.71
1540,17,87,-7.95761,4986.97,1144.3
1541,17,88,-3.53261,4808.5,1160.93
1542,17,89,-4.47348,4846.76,1176.03
1543,17,90,-5.65526,4895.21,1191.17
1544,17,91,-7.19271,4958.76,1206.41
1545,17,92,-3.92412,4822.57,1222.52
1546,17,93,-1.43123,4717.87,1238.2
1547,17,94,2.12273,4567.42,1254.67
1548,17,95,5.2888,4432.33,1270.88
1549,17,96,5.73041,4413.34,1285.91
1550,17,97,4.74334,4456.11,1301.02
1551,17,98,4.92145,4448.34,1316
1552,17,99,3.56942,4507.83,1331.24
1553,17,100,0.546507,4641.84,1347.68
1554,17,101,0.101195,4661.73,1362.67
1555,17,102,0.854159,4627.85,1377.72
1556,17,103,0.799828,4630.31,1392.65
1557,18,27,470.268,-6491.16,148.275
1558,18,28,610.161,-9428.93,165.263
1559,18,29,792.844,-13326.2,185.12
1560,18,30,761.174,-12640,199.47
1561,18,31,596.705,-9021.65,220.192
1562,18,32,583.97,-8737.23,234.691
1563,18,33,570.012,-8420.85,249.148
1564,18,34,477.746,-6298.74,267.461
1565,18,35,335.187,-2972.36,290.781
1566,18,36,247.842,-905.191,308.872
1567,18,37,197.992,291.191,325.097
1568,18,38,221.995,-292.865,340.47
1569,18,39,241.905,-783.977,355.759
1570,18,40,207.908,65.9436,371.766
1571,18,41,173.216,944.798,388.014
1572,18,42,112.299,2508.34,407.352
1573,18,43,86.6519,3175.16,423.301
1574,18,44,84.0936,3242.53,438.398
1575,18,45,54.5721,4029.77,455.022
1576,18,46,40.849,4400.29,470.481
1577,18,47,12.5687,5173.29,487.431
1578,18,48,-6.77455,5708.45,503.506
1579,18,49,-23.2149,6168.78,519.402
1580,18,50,-19.0146,6049.77,534.525
1581,18,51,-34.9324,6506.08,550.58
1582,18,52,-33.7567,6471.99,565.616
1583,18,53,-41.5535,6700.7,580.938
1584,18,54,-50.0053,6951.43,596.347
1585,18,55,-61.5363,7297.36,612.209
1586,18,56,-66.5606,7449.77,627.359
1587,18,57,-73.8258,7672.57,642.748
1588,18,58,-80.7828,7888.23,658.135
1589,18,59,-91.0621,8210.32,674.167
1590,18,60,-92.6464,8260.49,689.105
1591,18,61,-87.7193,8102.82,704.312
1592,18,62,-92.7678,8266.05,719.555
1593,18,63,-94.2336,8313.94,734.444
1594,18,64,-97.0713,8407.58,749.423
1595,18,65,-100.155,8510.38,764.427
1596,18,66,-99.9573,8503.72,779.223
1597,18,67,-102.067,8575.44,794.107
1598,18,68,-102.735,8598.39,808.875
1599,18,69,-98.9279,8466.4,824.044
1600,18,70,-101.186,8545.42,838.934
1601,18,71,-88.9902,8114.52,858.737
1602,18,72,-80.4162,7808.71,876.095
1603,18,73,-71.9873,7505.27,893.506
1604,18,74,-73.22,7550.06,908.404
1605,18,75,-70.8575,7463.43,923.463
1606,18,76,-67.9833,7357.09,938.651
1607,18,77,-65.2487,7255,953.821
1608,18,78,-56.4607,6923.98,972.645
1609,18,79,-45.6106,6511.68,993.629
1610,18,80,-41.3395,6347.95,1009.52
1611,18,81,-37.0485,6182.04,1025.49
1612,18,82,-34.4269,6079.79,1040.82
1613,18,83,-28.2972,5838.69,1058.15
1614,18,84,-25.9316,5744.85,1073.46
1615,18,85,-25.2381,5717.11,1088.41
1616,18,86,-19.8215,5498.64,1105.58
1617,18,87,-9.2094,5067.09,1129.15
1618,18,88,-4.62449,4879.1,1145.79
1619,18,89,-5.56116,4917.82,1160.9
1620,18,90,-6.74552,4967.17,1176.05
1621,18,91,-8.29506,5032.25,1191.28
1622,18,92,-4.90991,4888.94,1207.42
1623,18,93,-2.32548,4778.68,1223.11
1624,18,94,1.34402,4620.89,1239.59
1625,18,95,4.61123,4479.31,1255.82
1626,18,96,5.08118,4458.79,1270.86
1627,18,97,4.08566,4502.59,1285.98
1628,18,98,4.28441,4493.78,1300.97
1629,18,99,2.91494,4554.95,1316.21
1630,18,100,-0.16504,4693.55,1332.63
1631,18,101,-0.604013,4713.45,1347.63
1632,18,102,0.183261,4677.5,1362.69
1633,18,103,0.143268,4679.33,1377.64
1634,19,28,616.13,-9578.13,151.433
1635,19,29,830.942,-14304,170.698
1636,19,30,787.644,-13337,185.181
1637,19,31,593.799,-8943.21,205.654
1638,19,32,579.66,-8618,220.229
1639,19,33,564.416,-8262.3,234.751
1640,19,34,461.316,-5822.28,252.804
1641,19,35,303.918,-2044.73,275.485
1642,19,36,210.342,232.284,293.272
1643,19,37,159.193,1493.97,309.33
1644,19,38,189.476,736.905,324.819
1645,19,39,214.379,106.024,340.209
1646,19,40,179.794,993.708,356.081
1647,19,41,144.53,1910.56,372.165
1648,19,42,80.9269,3585.45,391.169
1649,19,43,55.7379,4257.15,406.971
1650,19,44,55.3608,4267.34,422.051
1651,19,45,25.7809,5075.85,438.474
1652,19,46,13.1341,5425.75,453.82
1653,19,47,-15.1852,6218.69,470.551
1654,19,48,-33.9677,6750.86,486.45
1655,19,49,-49.7144,7202.26,502.179
1656,19,50,-43.5953,7024.81,517.325
1657,19,51,-58.9881,7476.33,533.203
1658,19,52,-56.3282,7397.42,548.224
1659,19,53,-63.2807,7606,563.422
1660,19,54,-70.995,7840,578.694
1661,19,55,-82.0147,8177.93,594.386
1662,19,56,-86.2257,8308.47,609.423
1663,19,57,-92.8549,8516.19,624.667
1664,19,58,-99.2084,8717.38,639.905
1665,19,59,-109.09,9033.6,655.756
1666,19,60,-109.892,9059.51,670.613
1667,19,61,-103.933,8864.87,685.892
1668,19,62,-108.474,9014.72,700.996
1669,19,63,-109.307,9042.49,715.801
1670,19,64,-111.613,9120.11,730.666
1671,19,65,-114.209,9208.39,745.549
1672,19,66,-113.417,9181.21,760.293
1673,19,67,-115.064,9238.28,775.068
1674,19,68,-115.239,9244.41,789.758
1675,19,69,-110.792,9087.28,805.011
1676,19,70,-112.68,9154.63,819.785
1677,19,71,-99.5907,8683.41,840.201
1678,19,72,-90.3066,8346.09,857.875
1679,19,73,-81.2116,8012.61,875.576
1680,19,74,-82.1589,8047.65,890.411
1681,19,75,-79.3998,7944.65,905.507
1682,19,76,-76.132,7821.56,920.755
1683,19,77,-73.0284,7703.63,935.981
1684,19,78,-63.6881,7345.58,955.135
1685,19,79,-52.2453,6903.13,976.502
1686,19,80,-47.6224,6722.83,992.492
1687,19,81,-42.9958,6540.85,1008.55
1688,19,82,-40.1064,6426.24,1023.94
1689,19,83,-33.6133,6166.52,1041.42
1690,19,84,-31.0149,6061.71,1056.77
1691,19,85,-30.1489,6026.5,1071.73
1692,19,86,-24.4286,5791.96,1089.03
1693,19,87,-13.3754,5335.1,1112.86
1694,19,88,-8.54047,5133.64,1129.58
1695,19,89,-9.39322,5169.46,1144.67
1696,19,90,-10.504,5216.48,1159.8
1697,19,91,-11.9931,5280.01,1175
1698,19,92,-8.41646,5126.22,1191.2
1699,19,93,-5.66961,5007.19,1206.95
1700,19,94,-1.81554,4838.9,1223.49
1701,19,95,1.61861,4687.79,1239.79
1702,19,96,2.17734,4663.02,1254.83
1703,19,97,1.23013,4705.33,1269.94
1704,19,98,1.50524,4692.95,1284.93
1705,19,99,0.170577,4753.46,1300.15
1706,19,100,-2.91759,4894.48,1316.51
1707,19,101,-3.30082,4912.11,1331.49
1708,19,102,-2.43059,4871.79,1346.57
1709,19,103,-2.41002,4870.83,1361.51
1710,20,29,819.449,-14005.2,156.367
1711,20,30,770.368,-12876.3,170.907
1712,20,31,547.096,-7666.64,190.758
1713,20,32,537.966,-7450.58,205.371
1714,20,33,526.5,-7175.39,219.911
1715,20,34,414.71,-4455.16,237.548
1716,20,35,243.463,-231.069,259.538
1717,20,36,145.99,2205.75,276.946
1718,20,37,96.3081,3464.36,292.765
1719,20,38,136.398,2435.4,308.431
1720,20,39,169.099,1585.16,323.969
1721,20,40,135.532,2469.08,339.647
1722,20,41,101.087,3387.63,355.509
1723,20,42,35.7305,5152.25,374.159
1724,20,43,12.2088,5795.18,389.762
1725,20,44,15.2839,5710.1,404.81
1726,20,45,-13.4886,6515.73,420.986
1727,20,46,-24.1632,6818.18,436.176
1728,20,47,-51.8413,7611.62,452.648
1729,20,48,-69.3912,8120.57,468.325
1730,20,49,-83.826,8543.99,483.84
1731,20,50,-75.1114,8285.45,499.023
1732,20,51,-89.4965,8717.01,514.681
1733,20,52,-84.8264,8575.35,529.683
1734,20,53,-90.5115,8749.69,544.72
1735,20,54,-97.1106,8954.26,559.815
1736,20,55,-107.292,9273.27,575.294
1737,20,56,-110.364,9370.56,590.183
1738,20,57,-116.072,9553.2,605.241
1739,20,58,-121.56,9730.67,620.291
1740,20,59,-130.819,10033.1,635.923
1741,20,60,-130.599,10025.9,650.674
1742,20,61,-123.371,9784.93,666.07
1743,20,62,-127.219,9914.48,680.998
1744,20,63,-127.238,9915.12,695.695
1745,20,64,-128.849,9970.44,710.414
1746,20,65,-130.809,10038.4,725.142
1747,20,66,-129.277,9984.76,739.824
1748,20,67,-130.331,10022,754.46
1749,20,68,-129.89,10006.3,769.053
1750,20,69,-124.679,9818.69,784.439
1751,20,70,-126.097,9870.2,799.067
1752,20,71,-111.988,9352.88,820.398
1753,20,72,-101.886,8979.09,838.526
1754,20,73,-92.0252,8610.96,856.636
1755,20,74,-92.6137,8633.12,871.393
1756,20,75,-89.3827,8510.35,886.542
1757,20,76,-85.6499,8367.26,901.87
1758,20,77,-82.1111,8230.42,917.172
1759,20,78,-72.1463,7841.8,936.784
1760,20,79,-60.0401,7365.62,958.679
1761,20,80,-55.0101,7166.1,974.794
1762,20,81,-49.996,6965.53,990.983
1763,20,82,-46.7926,6836.33,1006.43
1764,20,83,-39.8876,6555.52,1024.11
1765,20,84,-37.0163,6437.8,1039.52
1766,20,85,-35.9422,6393.4,1054.48
1767,20,86,-29.8782,6140.74,1071.96
1768,20,87,-18.3396,5656.12,1096.13
1769,20,88,-13.2206,5439.41,1112.96
1770,20,89,-13.964,5471.13,1128.03
1771,20,90,-14.9774,5514.7,1143.13
1772,20,91,-16.3835,5575.64,1158.3
1773,20,92,-12.5886,5409.93,1174.57
1774,20,93,-9.65476,5280.84,1190.38
1775,20,94,-5.59165,5100.71,1207.01
1776,20,95,-1.96776,4938.84,1223.38
1777,20,96,-1.30136,4908.85,1238.43
1778,20,97,-2.18366,4948.85,1253.51
1779,20,98,-1.81516,4932.02,1268.51
1780,20,99,-3.10018,4991.13,1283.69
1781,20,100,-6.18384,5134.01,1299.98
1782,20,101,-6.49675,5148.61,1314.96
1783,20,102,-5.52854,5103.11,1330.05
1784,20,103,-5.43372,5098.62,1344.99
1785,21,30,889.199,-16084.8,155.323
1786,21,31,603.726,-9233.41,175.791
1787,21,32,583.637,-8744.57,190.503
1788,21,33,563.38,-8244.92,205.141
1789,21,34,430.351,-4919.19,222.847
1790,21,35,234.186,50.331,244.486
1791,21,36,125.689,2835.09,261.744
1792,21,37,72.5502,4216.7,277.514
1793,21,38,119.734,2974.19,293.269
1794,21,39,157.632,1963.59,308.88
1795,21,40,121.855,2929.56,324.532
1796,21,41,85.4315,3925.13,340.338
1797,21,42,15.5569,5858.33,358.739
1798,21,43,-8.25586,6525.09,374.287
1799,21,44,-3.21916,6382.38,389.376
1800,21,45,-32.8132,7230.74,405.441
1801,21,46,-42.8225,7521.01,420.602
1802,21,47,-71.1686,8352.5,436.93
1803,21,48,-88.5915,8869.38,452.513
1804,21,49,-102.698,9292.56,467.943
1805,21,50,-92.144,8972.44,483.196
1806,21,51,-106.358,9408.34,498.753
1807,21,52,-100.342,9221.85,513.799
1808,21,53,-105.432,9381.31,528.793
1809,21,54,-111.541,9574.79,543.832
1810,21,55,-121.48,9892.81,559.214
1811,21,56,-123.934,9972.18,574.069
1812,21,57,-129.217,10144.7,589.062
1813,21,58,-134.303,10312.6,604.042
1814,21,59,-143.382,10615.2,619.557
1815,21,60,-142.524,10586.3,634.301
1816,21,61,-134.361,10308.8,649.799
1817,21,62,-137.869,10429.2,664.665
1818,21,63,-137.393,10412.7,679.351
1819,21,64,-138.616,10455.5,694.034
1820,21,65,-140.229,10512.5,708.718
1821,21,66,-138.221,10440.9,723.415
1822,21,67,-138.94,10466.8,738.019
1823,21,68,-138.122,10437.1,752.606
1824,21,69,-132.362,10225.9,768.094
1825,21,70,-133.529,10269.1,782.683
1826,21,71,-118.576,9710.79,804.346
1827,21,72,-107.831,9306.09,822.651
1828,21,73,-97.3741,8908.72,840.911
1829,21,74,-97.7863,8924.52,855.661
1830,21,75,-94.2497,8787.77,870.859
1831,21,76,-90.2098,8630.21,886.243
1832,21,77,-86.3869,8479.84,901.598
1833,21,78,-75.931,8065.09,921.329
1834,21,79,-63.2862,7559.3,943.319
1835,21,80,-57.9803,7345.3,959.482
1836,21,81,-52.7043,7130.74,975.716
1837,21,82,-49.3103,6991.58,991.2
1838,21,83,-42.1062,6693.81,1008.92
1839,21,84,-39.0757,6567.55,1024.36
1840,21,85,-37.9053,6518.39,1039.34
1841,21,86,-31.598,6251.38,1056.84
1842,21,87,-19.6636,5742.18,1080.99
1843,21,88,-14.3552,5513.91,1097.83
1844,21,89,-15.0872,5545.64,1112.91
1845,21,90,-16.0974,5589.75,1128.01
1846,21,91,-17.5116,5651.97,1143.19
1847,21,92,-13.58,5477.67,1159.48
1848,21,93,-10.5386,5341.82,1175.3
1849,21,94,-6.34179,5152.97,1191.94
1850,21,95,-2.60126,4983.4,1208.32
1851,21,96,-1.90065,4951.4,1223.39
1852,21,97,-2.7903,4992.33,1238.48
1853,21,98,-2.3968,4974.09,1253.49
1854,21,99,-3.69962,5034.89,1268.68
1855,21,100,-6.84539,5182.74,1284.95
1856,21,101,-7.14969,5197.15,1299.93
1857,21,102,-6.14194,5149.11,1315.04
1858,21,103,-6.03006,5143.74,1329.99
1859,22,31,472.07,-5547.05,160.041
1860,22,32,472.266,-5551.94,174.726
1861,22,33,467.195,-5423.48,189.307
1862,22,34,328.498,-1863.58,206.458
1863,22,35,118.86,3587.01,227.445
1864,22,36,11.2731,6420.12,244.233
1865,22,37,-34.2061,7632.9,259.671
1866,22,38,31.0882,5869.95,275.776
1867,22,39,83.0462,4449.77,291.656
1868,22,40,51.3549,5326.56,307.047
1869,22,41,18.339,6251.01,322.564
1870,22,42,-51.8006,8238.29,340.586
1871,22,43,-71.6548,8807.45,355.877
1872,22,44,-60.6671,8488.81,370.95
1873,22,45,-87.94,9288.81,386.706
1874,22,46,-94.3399,9478.67,401.671
1875,22,47,-120.904,10275.6,417.682
1876,22,48,-135.933,10731.5,432.983
1877,22,49,-147.665,11091.3,448.141
1878,22,50,-133.283,10645.4,463.512
1879,22,51,-145.702,11034.5,478.793
1880,22,52,-136.76,10751.4,493.865
1881,22,53,-139.891,10851.6,508.663
1882,22,54,-144.282,10993.6,523.484
1883,22,55,-152.879,11274.4,538.601
1884,22,56,-153.68,11300.8,553.283
1885,22,57,-157.604,11431.6,568.046
1886,22,58,-161.43,11560.4,582.793
1887,22,59,-169.56,11836.8,598.037
1888,22,60,-167.314,11759.7,612.678
1889,22,61,-157.504,11419.7,628.429
1890,22,62,-160.054,11508.9,643.083
1891,22,63,-158.5,11454,657.66
1892,22,64,-158.798,11464.6,672.178
1893,22,65,-159.567,11492.3,686.681
1894,22,66,-156.61,11384.9,701.341
1895,22,67,-156.56,11383,715.79
1896,22,68,-154.957,11323.7,730.287
1897,22,69,-148.256,11073.6,746.036
1898,22,70,-148.822,11094.9,760.459
1899,22,71,-132.659,10480.7,783.524
1900,22,72,-120.941,10031.5,802.495
1901,22,73,-109.577,9592.1,821.327
1902,22,74,-109.545,9590.82,835.998
1903,22,75,-105.442,9429.43,851.285
1904,22,76,-100.848,9247.22,866.792
1905,22,77,-96.5084,9073.64,882.262
1906,22,78,-85.3305,8622.8,902.58
1907,22,79,-71.9255,8077.66,925.221
1908,22,80,-66.1469,7840.74,941.539
1909,22,81,-60.4229,7604.14,957.926
1910,22,82,-56.6645,7447.55,973.489
1911,22,83,-48.9908,7125.25,991.447
1912,22,84,-45.6456,6983.63,1006.95
1913,22,85,-44.2332,6923.37,1021.95
1914,22,86,-37.5371,6635.44,1039.64
1915,22,87,-25.0612,6094.82,1064.18
1916,22,88,-19.4331,5849.06,1081.14
1917,22,89,-20.0374,5875.65,1096.2
1918,22,90,-20.9334,5915.37,1111.27
1919,22,91,-22.2498,5974.17,1126.41
1920,22,92,-18.0739,5786.26,1142.79
1921,22,93,-14.8232,5638.89,1158.68
1922,22,94,-10.3941,5436.63,1175.41
1923,22,95,-6.44291,5254.87,1191.87
1924,22,96,-5.62118,5216.8,1206.95
1925,22,97,-6.43633,5254.84,1222.01
1926,22,98,-5.93791,5231.41,1237.03
1927,22,99,-7.18334,5290.36,1252.18
1928,22,100,-10.3206,5439.9,1268.39
1929,22,101,-10.5456,5450.71,1283.36
1930,22,102,-9.4291,5396.74,1298.49
1931,22,103,-9.23431,5387.26,1313.43
1932,23,32,469.038,-5458.35,160.04
1933,23,33,463.633,-5317.8,174.728
1934,23,34,302.413,-1072.34,191.693
1935,23,35,64.5356,5271.05,212.067
1936,23,36,-50.6597,8381.33,228.601
1937,23,37,-93.9452,9564.46,243.94
1938,23,38,-13.0217,7325.58,260.259
1939,23,39,50.2384,5554.3,276.295
1940,23,40,18.6712,6448.7,291.629
1941,23,41,-14.3797,7396.16,307.057
1942,23,42,-88.2613,9538.73,324.776
1943,23,43,-106.534,10074.7,339.991
1944,23,44,-91.3766,9625.06,355.137
1945,23,45,-118.351,10434.3,370.751
1946,23,46,-122.75,10567.7,385.684
1947,23,47,-149.166,11377.8,401.522
1948,23,48,-163.177,11812.2,416.709
1949,23,49,-173.76,12143.8,431.765
1950,23,50,-156.486,11596.8,447.267
1951,23,51,-168.162,11970.4,462.431
1952,23,52,-157.126,11613.6,477.589
1953,23,53,-159.146,11679.5,492.347
1954,23,54,-162.608,11793.8,507.108
1955,23,55,-170.615,12060.7,522.116
1956,23,56,-170.42,12054.1,536.771
1957,23,57,-173.611,12162.6,551.465
1958,23,58,-176.761,12270.7,566.139
1959,23,59,-184.501,12539.1,581.25
1960,23,60,-181.351,12428.8,595.906
1961,23,61,-170.318,12039,611.836
1962,23,62,-172.355,12111.7,626.427
1963,23,63,-170.125,12031.4,641.013
1964,23,64,-169.883,12022.6,655.503
1965,23,65,-170.172,12033.2,669.969
1966,23,66,-166.599,11901,684.673
1967,23,67,-166.103,11882.5,699.101
1968,23,68,-164.016,11803.8,713.613
1969,23,69,-156.644,11523.7,729.524
1970,23,70,-156.884,11532.9,743.915
1971,23,71,-139.732,10869.7,767.442
1972,23,72,-127.263,10383.4,786.64
1973,23,73,-115.205,9909.14,805.65
1974,23,74,-114.955,9899.21,820.324
1975,23,75,-110.493,9720.73,835.673
1976,23,76,-105.542,9521.04,851.248
1977,23,77,-100.874,9331.21,866.782
1978,23,78,-89.141,8850.15,887.223
1979,23,79,-75.1319,8271.11,909.947
1980,23,80,-69.0435,8017.43,926.314
1981,23,81,-63.0272,7764.75,942.745
1982,23,82,-59.0568,7596.66,958.342
1983,23,83,-51.053,7255.17,976.333
1984,23,84,-47.5333,7103.82,991.865
1985,23,85,-46.0162,7038.08,1006.88
1986,23,86,-39.0552,6734.12,1024.59
1987,23,87,-26.1486,6166.23,1049.08
1988,23,88,-20.3171,5907.7,1066.05
1989,23,89,-20.913,5934.31,1081.11
1990,23,90,-21.8096,5974.66,1096.2
1991,23,91,-23.1388,6034.92,1111.34
1992,23,92,-18.8182,5837.61,1127.74
1993,23,93,-15.455,5682.9,1143.64
1994,23,94,-10.8852,5471.17,1160.37
1995,23,95,-6.81235,5281.1,1176.83
1996,23,96,-5.95842,5240.97,1191.92
1997,23,97,-6.78632,5280.16,1207
1998,23,98,-6.26557,5255.33,1222.03
1999,23,99,-7.53484,5316.26,1237.2
2000,23,100,-10.7435,5471.34,1253.39
2001,23,101,-10.9635,5482.05,1268.37
2002,23,102,-9.80866,5425.46,1283.51
2003,23,103,-9.59969,5415.15,1298.47
2004,24,33,584.082,-8931.28,159.153
2005,24,34,371.65,-3195.61,176.543
2006,24,35,82.5868,4705.45,196.925
2007,24,36,-53.108,8459.67,213.464
2008,24,37,-102.227,9835.01,228.857
2009,24,38,-9.40971,7205.18,245.176
2010,24,39,61.3064,5177.99,261.196
2011,24,40,24.7232,6238.9,276.595
2012,24,41,-12.6724,7335.84,292.07
2013,24,42,-94.5108,9763.71,309.691
2014,24,43,-113.986,10348,324.937
2015,24,44,-96.6751,9822.87,340.139
2016,24,45,-125.62,10710.5,355.746
2017,24,46,-129.769,10839.1,370.718
2018,24,47,-157.801,11717.5,386.519
2019,24,48,-172.243,12174.8,401.704
2020,24,49,-182.943,12517.2,416.762
2021,24,50,-163.709,11895.3,432.324
2022,24,51,-175.703,12287.1,447.479
2023,24,52,-163.386,11880.6,462.69
2024,24,53,-165.123,11938.5,477.473
2025,24,54,-168.423,12049.6,492.253
2026,24,55,-176.567,12326.5,507.252
2027,24,56,-175.999,12307,521.935
2028,24,57,-179.05,12412.8,536.64
2029,24,58,-182.069,12518.5,551.323
2030,24,59,-189.944,12796.7,566.407
2031,24,60,-186.33,12667.8,581.101
2032,24,61,-174.454,12240.3,597.082
2033,24,62,-176.384,12310.4,611.684
2034,24,63,-173.84,12217.1,626.302
2035,24,64,-173.406,12201.1,640.815
2036,24,65,-173.541,12206.1,655.3
2037,24,66,-169.645,12059.3,670.04
2038,24,67,-168.988,12034.4,684.491
2039,24,68,-166.68,11945.9,699.032
2040,24,69,-158.872,11644,714.978
2041,24,70,-159.027,11650.1,729.387
2042,24,71,-141.071,10943.8,752.837
2043,24,72,-128.038,10426.8,771.996
2044,24,73,-115.467,9923.98,790.956
2045,24,74,-115.197,9913.07,805.651
2046,24,75,-110.554,9724.25,821.008
2047,24,76,-105.414,9513.51,836.584
2048,24,77,-100.578,9313.62,852.118
2049,24,78,-88.4287,8807.42,872.458
2050,24,79,-73.9447,8199.09,895.028
2051,24,80,-67.6843,7934.07,911.366
2052,24,81,-61.5075,7670.52,927.764
2053,24,82,-57.4539,7496.22,943.348
2054,24,83,-49.2368,7140.14,961.266
2055,24,84,-45.6613,6984.01,976.783
2056,24,85,-44.1556,6917.76,991.802
2057,24,86,-37.0327,6601.98,1009.44
2058,24,87,-23.786,6010.29,1033.73
2059,24,88,-17.8477,5743.07,1050.64
2060,24,89,-18.5365,5774.3,1065.73
2061,24,90,-19.5308,5819.7,1080.83
2062,24,91,-20.9661,5885.73,1096
2063,24,92,-16.5833,5682.66,1112.35
2064,24,93,-13.1878,5524.2,1128.22
2065,24,94,-8.55318,5306.37,1144.9
2066,24,95,-4.43197,5111.3,1161.31
2067,24,96,-3.61986,5072.59,1176.4
2068,24,97,-4.53334,5116.44,1191.5
2069,24,98,-4.05878,5093.5,1206.52
2070,24,99,-5.41953,5159.73,1221.71
2071,24,100,-8.76646,5323.72,1237.95
2072,24,101,-9.04281,5337.36,1252.94
2073,24,102,-7.90736,5280.96,1268.07
2074,24,103,-7.74069,5272.63,1283.03
2075,25,34,259.084,293.94,161.042
2076,25,35,-62.0695,9286.23,180.627
2077,25,36,-196.271,13088.6,196.767
2078,25,37,-230.922,14081.9,211.969
2079,25,38,-106.46,10472.5,228.743
2080,25,39,-13.3748,7742.04,245.071
2081,25,40,-45.1957,8686.06,260.34
2082,25,41,-78.765,9693.14,275.649
2083,25,42,-162.353,12228.6,292.889
2084,25,43,-176.737,12669.7,308.003
2085,25,44,-151.42,11884.9,323.313
2086,25,45,-177.907,12714.9,338.709
2087,25,46,-177.68,12707.7,353.618
2088,25,47,-203.984,13549.4,369.175
2089,25,48,-215.781,13930.8,384.189
2090,25,49,-223.854,14194.5,399.091
2091,25,50,-199.993,13407.1,414.882
2092,25,51,-210.188,13747,429.866
2093,25,52,-194.528,13219.7,445.216
2094,25,53,-194.237,13209.8,459.932
2095,25,54,-195.816,13264.1,474.619
2096,25,55,-202.718,13503.3,489.46
2097,25,56,-200.48,13425,504.1
2098,25,57,-202.232,13486.9,518.7
2099,25,58,-204.065,13552.3,533.273
2100,25,59,-211.134,13806.8,548.175
2101,25,60,-206.142,13625.4,562.894
2102,25,61,-192.553,13127.1,579.173
2103,25,62,-193.631,13167,593.684
2104,25,63,-190.073,13034.2,608.311
2105,25,64,-188.805,12986.4,622.782
2106,25,65,-188.196,12963.3,637.21
2107,25,66,-183.416,12780,652.015
2108,25,67,-182.088,12728.7,666.432
2109,25,68,-179.079,12611.4,680.993
2110,25,69,-170.373,12268.9,697.194
2111,25,70,-170.035,12255.5,711.554
2112,25,71,-150.847,11488,735.802
2113,25,72,-136.863,10924,755.332
2114,25,73,-123.419,10377.3,774.587
2115,25,74,-122.82,10352.7,789.276
2116,25,75,-117.696,10140.9,804.717
2117,25,76,-112.083,9907.03,820.388
2118,25,77,-106.813,9685.68,836.01
2119,25,78,-93.9834,9142.55,856.576
2120,25,79,-78.7708,8493.48,879.342
2121,25,80,-72.1145,8207.26,895.755
2122,25,81,-65.5655,7923.47,912.223
2123,25,82,-61.2322,7734.25,927.855
2124,25,83,-52.6084,7354.8,945.846
2125,25,84,-48.8014,7186.02,961.403
2126,25,85,-47.1434,7111.97,976.446
2127,25,86,-39.6943,6776.76,994.142
2128,25,87,-25.9426,6153.35,1018.44
2129,25,88,-19.7513,5870.61,1035.38
2130,25,89,-20.4027,5900.58,1050.48
2131,25,90,-21.3706,5945.42,1065.59
2132,25,91,-22.7938,6011.84,1080.75
2133,25,92,-18.2284,5797.26,1097.13
2134,25,93,-14.6868,5629.63,1113.02
2135,25,94,-9.8769,5400.36,1129.73
2136,25,95,-5.60232,5195.18,1146.16
2137,25,96,-4.73514,5153.26,1161.26
2138,25,97,-5.64309,5197.45,1176.37
2139,25,98,-5.12571,5172.1,1191.41
2140,25,99,-6.4943,5239.62,1206.6
2141,25,100,-9.90101,5408.82,1222.81
2142,25,101,-10.1551,5421.52,1237.81
2143,25,102,-8.96199,5361.47,1252.96
2144,25,103,-8.76441,5351.46,1267.94
2145,26,35,-213.127,14120.1,164.591
2146,26,36,-344.264,17923,180.413
2147,26,37,-360.024,18385.4,195.523
2148,26,38,-196.552,13535.7,212.769
2149,26,39,-77.2992,9958.09,229.378
2150,26,40,-104.84,10793.5,244.598
2151,26,41,-135.15,11723,259.824
2152,26,42,-221.938,14413.4,276.739
2153,26,43,-231.299,14706.7,291.798
2154,26,44,-197.574,13638.8,307.25
2155,26,45,-222.095,14423.4,322.512
2156,26,46,-217.638,14279.3,337.424
2157,26,47,-242.701,15098.1,352.811
2158,26,48,-252.156,15410.1,367.728
2159,26,49,-257.871,15600.6,382.551
2160,26,50,-229.38,14641.4,398.566
2161,26,51,-238.098,14937.8,413.452
2162,26,52,-219.211,14289.3,428.955
2163,26,53,-217.136,14217.4,443.663
2164,26,54,-217.245,14221.2,458.323
2165,26,55,-223.179,14430.9,473.078
2166,26,56,-219.476,14298.8,487.729
2167,26,57,-220.151,14323.1,502.291
2168,26,58,-221.008,14354.3,516.821
2169,26,59,-227.496,14592.2,531.61
2170,26,60,-221.284,14362.3,546.391
2171,26,61,-206.099,13795.4,562.905
2172,26,62,-206.503,13810.6,577.385
2173,26,63,-202.08,13642.5,592.058
2174,26,64,-200.132,13567.9,606.535
2175,26,65,-198.925,13521.2,620.958
2176,26,66,-193.389,13305.3,635.842
2177,26,67,-191.523,13231.9,650.27
2178,26,68,-187.936,13089.6,664.878
2179,26,69,-178.431,12709.4,681.258
2180,26,70,-177.72,12680.8,695.616
2181,26,71,-157.363,11852.9,720.236
2182,26,72,-142.507,11243.8,739.94
2183,26,73,-128.268,10655.3,759.318
2184,26,74,-127.446,10621,774.024
2185,26,75,-121.932,10389.4,789.52
2186,26,76,-115.934,10135.5,805.248
2187,26,77,-110.313,9895.64,820.921
2188,26,78,-96.8666,9317.47,841.536
2189,26,79,-80.9838,8629.21,864.299
2190,26,80,-74.0049,8324.47,880.738
2191,26,81,-67.1545,8023.05,897.226
2192,26,82,-62.6134,7821.73,912.88
2193,26,83,-53.6447,7421.12,930.868
2194,26,84,-49.6734,7242.42,946.442
2195,26,85,-47.9311,7163.43,961.503
2196,26,86,-40.2119,6810.92,979.187
2197,26,87,-25.9999,6157.17,1003.37
2198,26,88,-19.6103,5861.12,1020.3
2199,26,89,-20.2865,5892.67,1035.4
2200,26,90,-21.2877,5939.73,1050.53
2201,26,91,-22.7566,6009.26,1065.71
2202,26,92,-18.0559,5785.19,1082.08
2203,26,93,-14.4153,5610.44,1097.97
2204,26,94,-9.47384,5371.61,1114.66
2205,26,95,-5.08864,5158.19,1131.08
2206,26,96,-4.21151,5115.21,1146.2
2207,26,97,-5.15922,5161.97,1161.31
2208,26,98,-4.64093,5136.22,1176.37
2209,26,99,-6.0596,5207.16,1191.57
2210,26,100,-9.56876,5383.79,1207.79
2211,26,101,-9.83824,5397.44,1222.8
2212,26,102,-8.6224,5335.43,1237.96
2213,26,103,-8.42846,5325.48,1252.95
2214,27,36,-585.909,25897.3,162.928
2215,27,37,-560.6,25138.1,177.933
2216,27,38,-336.453,18338.9,196.114
2217,27,39,-177.33,13459.2,213.206
2218,27,40,-194.515,13991.9,228.354
2219,27,41,-216.91,14693.6,243.47
2220,27,42,-304.326,17461.8,260.013
2221,27,43,-305.096,17486.4,275.008
2222,27,44,-259.424,16009.7,290.673
2223,27,45,-280.016,16682.4,305.774
2224,27,46,-269.321,16329.4,320.701
2225,27,47,-291.848,17080.3,335.887
2226,27,48,-297.696,17277.2,350.693
2227,27,49,-299.947,17353.7,365.425
2228,27,50,-265.576,16173.7,381.764
2229,27,51,-272.096,16399.7,396.538
2230,27,52,-249.14,15596.3,412.251
2231,27,53,-244.694,15439.2,426.96
2232,27,54,-242.843,15373.1,441.593
2233,27,55,-247.421,15537.9,456.25
2234,27,56,-241.855,15335.7,470.926
2235,27,57,-241.129,15309.1,485.448
2236,27,58,-240.729,15294.3,499.934
2237,27,59,-246.415,15506.6,514.596
2238,27,60,-238.724,15216.9,529.464
2239,27,61,-221.675,14569,546.283
2240,27,62,-221.237,14552.2,560.732
2241,27,63,-215.778,14341.1,575.465
2242,27,64,-213.006,14233,589.955
2243,27,65,-211.078,14157.2,604.378
2244,27,66,-204.657,13902.5,619.361
2245,27,67,-202.15,13802.2,633.807
2246,27,68,-197.886,13630.2,648.474
2247,27,69,-187.477,13206.9,665.072
2248,27,70,-186.322,13159.6,679.429
2249,27,71,-164.678,12265,704.51
2250,27,72,-148.858,11605.8,724.421
2251,27,73,-133.743,10971,743.946
2252,27,74,-132.659,10925.1,758.669
2253,27,75,-126.707,10671.1,774.228
2254,27,76,-120.277,10394.7,790.019
2255,27,77,-114.266,10134.1,805.751
2256,27,78,-100.15,9517.78,826.43
2257,27,79,-83.5443,8787.11,849.204
2258,27,80,-76.2121,8462.05,865.673
2259,27,81,-69.0323,8141.35,882.187
2260,27,82,-64.262,7926.69,897.866
2261,27,83,-54.9207,7503.22,915.855
2262,27,84,-50.7685,7313.6,931.448
2263,27,85,-48.93,7229.03,946.53
2264,27,86,-40.9203,6857.91,964.205
2265,27,87,-26.2191,6171.85,988.275
2266,27,88,-19.6163,5861.52,1005.19
2267,27,89,-20.3137,5894.53,1020.32
2268,27,90,-21.3454,5943.71,1035.46
2269,27,91,-22.8577,6016.3,1050.65
2270,27,92,-18.0115,5782.07,1067.02
2271,27,93,-14.2635,5599.67,1082.91
2272,27,94,-9.1812,5350.63,1099.59
2273,27,95,-4.67737,5128.44,1116
2274,27,96,-3.78693,5084.22,1131.12
2275,27,97,-4.7733,5133.54,1146.26
2276,27,98,-4.25133,5107.26,1161.32
2277,27,99,-5.71954,5181.65,1176.54
2278,27,100,-9.33273,5365.93,1192.76
2279,27,101,-9.6157,5380.45,1207.79
2280,27,102,-8.37371,5316.28,1222.96
2281,27,103,-8.1812,5306.27,1237.96
2282,28,37,-869.624,35644.9,157.539
2283,28,38,-548.537,25691.2,178.293
2284,28,39,-327.546,18766.8,196.335
2285,28,40,-324.265,18662.9,211.402
2286,28,41,-331.323,18888.8,226.386
2287,28,42,-415.14,21598.8,242.496
2288,28,43,-402.155,21174.6,257.437
2289,28,44,-339.691,19113.3,273.458
2290,28,45,-353.651,19578.7,288.373
2291,28,46,-334.08,18919.8,303.351
2292,28,47,-352.384,19542.1,318.306
2293,28,48,-353.023,19564.1,332.995
2294,28,49,-350.449,19474.8,347.638
2295,28,50,-308.698,18013.5,364.46
2296,28,51,-312.167,18136.1,379.115
2297,28,52,-284.17,17137.6,395.129
2298,28,53,-276.687,16868.2,409.856
2299,28,54,-272.329,16709.8,424.475
2300,28,55,-275.127,16812.4,439.031
2301,28,56,-267.268,16521.6,453.754
2302,28,57,-264.799,16429.5,468.246
2303,28,58,-262.846,16355.9,482.696
2304,28,59,-267.505,16533,497.225
2305,28,60,-258.07,16171.3,512.216
2306,28,61,-238.88,15429.3,529.42
2307,28,62,-237.433,15372.8,543.845
2308,28,63,-230.771,15110.8,558.659
2309,28,64,-227.039,14962.8,573.176
2310,28,65,-224.271,14852,587.61
2311,28,66,-216.845,14552.5,602.716
2312,28,67,-213.603,14420.7,617.191
2313,28,68,-208.572,14214.4,631.934
2314,28,69,-197.158,13742.6,648.784
2315,28,70,-195.5,13673.5,663.148
2316,28,71,-172.455,12705.6,688.74
2317,28,72,-155.586,11991.5,708.875
2318,28,73,-139.521,11306.1,728.556
2319,28,74,-138.145,11246.9,743.299
2320,28,75,-131.716,10968.4,758.923
2321,28,76,-124.82,10667.2,774.78
2322,28,77,-118.386,10384.1,790.572
2323,28,78,-103.556,9726.63,811.316
2324,28,79,-86.1799,8950.51,834.1
2325,28,80,-78.4715,8603.64,850.599
2326,28,81,-70.9421,8262.31,867.137
2327,28,82,-65.9289,8033.37,882.841
2328,28,83,-56.1945,7585.58,900.83
2329,28,84,-51.8519,7384.38,916.443
2330,28,85,-49.9126,7293.88,931.544
2331,28,86,-41.598,6903.09,949.211
2332,28,87,-26.3842,6182.97,973.166
2333,28,88,-19.5595,5857.66,990.071
2334,28,89,-20.2813,5892.31,1005.21
2335,28,90,-21.3467,5943.8,1020.37
2336,28,91,-22.9062,6019.7,1035.57
2337,28,92,-17.9095,5774.86,1051.94
2338,28,93,-14.051,5584.51,1067.83
2339,28,94,-8.82331,5324.87,1084.5
2340,28,95,-4.19755,5093.58,1100.89
2341,28,96,-3.2952,5048.16,1116.03
2342,28,97,-4.3238,5100.27,1131.18
2343,28,98,-3.79979,5073.55,1146.26
2344,28,99,-5.32133,5151.66,1161.49
2345,28,100,-9.04442,5344.02,1177.72
2346,28,101,-9.34283,5359.53,1192.76
2347,28,102,-8.075,5293.18,1207.94
2348,28,103,-7.88528,5283.19,1222.95
2349,29,38,-587.08,27040.2,163.22
2350,29,39,-318.902,18458.5,181.167
2351,29,40,-316.514,18381.3,196.331
2352,29,41,-325.85,18686.3,211.404
2353,29,42,-422.423,21873.2,227.51
2354,29,43,-406.735,21350.2,242.528
2355,29,44,-335.891,18965.1,258.551
2356,29,45,-351.941,19510.9,273.53
2357,29,46,-330.385,18770.8,288.553
2358,29,47,-351.005,19485.6,303.561
2359,29,48,-351.846,19515,318.305
2360,29,49,-349.139,19419.4,333
2361,29,50,-303.711,17799.1,349.746
2362,29,51,-307.916,17950.5,364.451
2363,29,52,-277.94,16861.3,380.414
2364,29,53,-270.357,16583.3,395.162
2365,29,54,-266.15,16427.7,409.808
2366,29,55,-269.614,16557,424.407
2367,29,56,-261.586,16254.6,439.137
2368,29,57,-259.339,16169.2,453.653
2369,29,58,-257.62,16103.3,468.128
2370,29,59,-262.917,16308.1,482.7
2371,29,60,-253.179,15928.3,497.668
2372,29,61,-233.122,15139.5,514.742
2373,29,62,-231.929,15092.1,529.183
2374,29,63,-225.201,14823,543.973
2375,29,64,-221.571,14676.6,558.484
2376,29,65,-218.949,14569.9,572.917
2377,29,66,-211.412,14260.9,587.972
2378,29,67,-208.282,14131.6,602.434
2379,29,68,-203.266,13922.6,617.14
2380,29,69,-191.554,13430.7,633.861
2381,29,70,-190.084,13368.4,648.218
2382,29,71,-166.218,12350.2,673.482
2383,29,72,-148.867,11604,693.408
2384,29,73,-132.386,10889.9,712.894
2385,29,74,-131.26,10840.7,727.624
2386,29,75,-124.851,10558.7,743.168
2387,29,76,-117.954,10252.9,758.933
2388,29,77,-111.537,9966.34,774.634
2389,29,78,-96.3876,9284.61,795.186
2390,29,79,-78.6116,8478.76,817.764
2391,29,80,-70.8979,8126.5,834.154
2392,29,81,-63.3701,7780.22,850.581
2393,29,82,-58.4517,7552.33,866.201
2394,29,83,-48.6352,7094.23,884.052
2395,29,84,-44.4075,6895.53,899.584
2396,29,85,-42.6614,6812.88,914.637
2397,29,86,-34.3101,6414.8,932.175
2398,29,87,-18.8276,5671.64,955.983
2399,29,88,-12.0273,5342.96,972.774
2400,29,89,-13.0197,5391.26,987.914
2401,29,90,-14.3538,5456.63,1003.07
2402,29,91,-16.1848,5546.96,1018.3
2403,29,92,-11.2419,5301.46,1034.56
2404,29,93,-7.46984,5112.86,1050.37
2405,29,94,-2.28319,4851.8,1066.93
2406,29,95,2.28543,4620.32,1083.23
2407,29,96,3.02364,4582.67,1098.33
2408,29,97,1.78207,4646.4,1113.48
2409,29,98,2.1466,4627.57,1128.53
2410,29,99,0.414694,4717.63,1143.78
2411,29,100,-3.57115,4926.22,1160.11
2412,29,101,-4.02769,4950.27,1175.14
2413,29,102,-2.86925,4888.87,1190.27
2414,29,103,-2.81329,4885.88,1205.26
2415,30,39,-65.2239,9326.08,163.538
2416,30,40,-108.525,10755,178.658
2417,30,41,-154.083,12273.6,193.74
2418,30,42,-291.939,16914.8,210.471
2419,30,43,-292.65,16938.9,225.378
2420,30,44,-227.571,14704.6,240.999
2421,30,45,-259.168,15799.9,256.054
2422,30,46,-245.99,15338.7,270.861
2423,30,47,-278.278,16479.5,286.019
2424,30,48,-286.863,16785.7,300.712
2425,30,49,-290.384,16912.5,315.316
2426,30,50,-246.225,15308.1,331.689
2427,30,51,-256.038,15667.9,346.373
2428,30,52,-227.966,14629.2,361.999
2429,30,53,-223.916,14478,376.557
2430,30,54,-223.088,14446.8,391.045
2431,30,55,-230.131,14714.4,405.613
2432,30,56,-224.433,14496,420.118
2433,30,57,-224.679,14505.5,434.489
2434,30,58,-225.232,14527.1,448.822
2435,30,59,-233.041,14834.3,463.433
2436,30,60,-224.602,14499.5,478.133
2437,30,61,-205.078,13718.6,494.958
2438,30,62,-205.513,13736.1,509.257
2439,30,63,-199.943,13509.6,523.794
2440,30,64,-197.549,13411.4,538.094
2441,30,65,-196.115,13352.2,552.331
2442,30,66,-189.405,13072.6,567.114
2443,30,67,-187.269,12982.9,581.355
2444,30,68,-183.073,12805.2,595.803
2445,30,69,-171.785,12323.6,612.326
2446,30,70,-171.207,12298.8,626.493
2447,30,71,-147.105,11254.3,652.382
2448,30,72,-129.835,10500.2,672.326
2449,30,73,-113.47,9780.17,691.783
2450,30,74,-113.135,9765.31,706.37
2451,30,75,-107.236,9501.79,721.688
2452,30,76,-100.794,9211.91,737.23
2453,30,77,-94.8251,8941.33,752.707
2454,30,78,-79.7393,8252.41,773.349
2455,30,79,-61.9182,7432.64,796.153
2456,30,80,-54.5566,7091.55,812.348
2457,30,81,-47.3678,6756.08,828.582
2458,30,82,-42.8677,6544.57,843.998
2459,30,83,-33.2647,6090.03,861.731
2460,30,84,-29.4422,5907.82,877.063
2461,30,85,-28.1682,5846.67,891.95
2462,30,86,-20.0325,5453.44,909.362
2463,30,87,-4.50844,4697.94,933.517
2464,30,88,2.03699,4377.21,950.142
2465,30,89,0.542715,4450.93,965.225
2466,30,90,-1.27977,4541.45,980.348
2467,30,91,-3.59158,4657.04,995.567
2468,30,92,1.1084,4420.47,1011.66
2469,30,93,4.61241,4242.94,1027.29
2470,30,94,9.58688,3989.24,1043.69
2471,30,95,13.9342,3766.07,1059.81
2472,30,96,14.3468,3744.76,1074.78
2473,30,97,12.7356,3828.54,1089.9
2474,30,98,12.7932,3825.52,1104.83
2475,30,99,10.7077,3935.36,1120.1
2476,30,100,6.3196,4167.93,1136.68
2477,30,101,5.57564,4207.61,1151.64
2478,30,102,6.50272,4157.86,1166.62
2479,30,103,6.30689,4168.43,1181.51
2480,31,40,24.757,5823.59,162.859
2481,31,41,-53.3167,8478.09,178.119
2482,31,42,-230.943,14576.6,195.156
2483,31,43,-241.148,14930.4,210.134
2484,31,44,-174.129,12584.7,225.624
2485,31,45,-217.064,14101.7,240.812
2486,31,46,-207.503,13760.7,255.626
2487,31,47,-248.117,15222.8,270.919
2488,31,48,-261.007,15691.2,285.683
2489,31,49,-267.62,15933.6,300.341
2490,31,50,-221.322,14220.6,316.523
2491,31,51,-234.442,14710.4,331.281
2492,31,52,-205.781,13630.9,346.772
2493,31,53,-203.308,13536.9,361.329
2494,31,54,-204.128,13568.3,375.831
2495,31,55,-213.251,13921.1,390.464
2496,31,56,-208.413,13732.4,404.945
2497,31,57,-209.865,13789.5,419.332
2498,31,58,-211.515,13855,433.684
2499,31,59,-220.809,14226.7,448.373
2500,31,60,-212.623,13896.5,463.005
2501,31,61,-192.612,13082.8,479.635
2502,31,62,-193.853,13133.6,493.943
2503,31,63,-188.652,12918.7,508.42
2504,31,64,-186.781,12840.7,522.691
2505,31,65,-185.881,12802.9,536.909
2506,31,66,-179.366,12527.1,551.597
2507,31,67,-177.658,12454.2,565.801
2508,31,68,-173.747,12286.1,580.176
2509,31,69,-162.358,11792.6,596.524
2510,31,70,-162.223,11786.7,610.67
2511,31,71,-137.383,10693.7,636.306
2512,31,72,-119.753,9912.12,656.036
2513,31,73,-103.097,9168.13,675.292
2514,31,74,-103.218,9173.57,689.856
2515,31,75,-97.4969,8914.22,705.063
2516,31,76,-91.1984,8626.59,720.482
2517,31,77,-85.3841,8359.13,735.837
2518,31,78,-70.0631,7649.26,756.308
2519,31,79,-51.9095,6802.09,778.954
2520,31,80,-44.6538,6461.07,795.015
2521,31,81,-37.5715,6125.84,811.113
2522,31,82,-33.275,5921.04,826.421
2523,31,83,-23.6717,5460.08,844.004
2524,31,84,-20.0629,5285.66,859.231
2525,31,85,-19.0836,5238,874.056
2526,31,86,-10.9818,4841.01,891.326
2527,31,87,4.7694,4063.95,915.414
2528,31,88,11.2206,3743.54,931.907
2529,31,89,9.36438,3836.35,946.997
2530,31,90,7.18708,3945.95,962.141
2531,31,91,4.52188,4080.98,977.398
2532,31,92,9.11174,3846.9,993.372
2533,31,93,12.4729,3674.36,1008.89
2534,31,94,17.3572,3422,1025.17
2535,31,95,21.5992,3201.42,1041.18
2536,31,96,21.792,3191.33,1056.09
2537,31,97,19.9105,3290.42,1071.24
2538,31,98,19.7588,3298.46,1086.12
2539,31,99,17.4109,3423.69,1101.44
2540,31,100,12.7059,3676.19,1118.2
2541,31,101,11.7611,3727.21,1133.15
2542,31,102,12.5421,3684.77,1148.07
2543,31,103,12.1755,3704.81,1162.93
2544,32,41,-161.668,12595.4,162.606
2545,32,42,-351.89,19253.2,179.22
2546,32,43,-343.638,18961.6,194.211
2547,32,44,-250.541,15641.2,209.959
2548,32,45,-288.694,17014.7,225.029
2549,32,46,-268.307,16273.9,239.911
2550,32,47,-306.397,17670.6,255.034
2551,32,48,-313.947,17949.9,269.739
2552,32,49,-315.413,18004.7,284.359
2553,32,50,-259.211,15887.7,300.859
2554,32,51,-269.853,16292.1,315.546
2555,32,52,-235.09,14959.6,331.239
2556,32,53,-229.728,14752.2,345.826
2557,32,54,-228.322,14697.4,360.334
2558,32,55,-236.189,15006.8,374.903
2559,32,56,-229.129,14726.8,389.431
2560,32,57,-229.099,14725.6,403.81
2561,32,58,-229.447,14739.6,418.147
2562,32,59,-238.123,15092.4,432.739
2563,32,60,-228.179,14684.7,447.466
2564,32,61,-205.797,13759.6,464.326
2565,32,62,-206.267,13779.2,478.628
2566,32,63,-199.965,13514.5,493.167
2567,32,64,-197.295,13401.5,507.465
2568,32,65,-195.724,13334.4,521.699
2569,32,66,-188.274,13014.1,536.472
2570,32,67,-185.976,12914.5,550.704
2571,32,68,-181.404,12714.9,565.135
2572,32,69,-169.013,12169.7,581.623
2573,32,70,-168.53,12148.2,595.78
2574,32,71,-142.132,10969.1,621.546
2575,32,72,-123.411,10126.7,641.322
2576,32,73,-105.787,9327.75,660.588
2577,32,74,-105.789,9327.82,675.174
2578,32,75,-99.6908,9047.32,690.412
2579,32,76,-93.0149,8738,705.859
2580,32,77,-86.8688,8451.18,721.239
2581,32,78,-70.8327,7697.48,741.647
2582,32,79,-51.8906,6800.89,764.165
2583,32,80,-44.3395,6440.96,780.218
2584,32,81,-36.9865,6088.01,796.305
2585,32,82,-32.5444,5873.31,811.616
2586,32,83,-22.5999,5389.34,829.148
2587,32,84,-18.8954,5207.82,844.377
2588,32,85,-17.9231,5159.86,859.217
2589,32,86,-9.56881,4744.93,876.435
2590,32,87,6.69446,3931.77,900.326
2591,32,88,13.3045,3599.06,916.779
2592,32,89,11.3124,3699.99,931.893
2593,32,90,8.99525,3818.17,947.06
2594,32,91,6.18092,3962.64,962.342
2595,32,92,10.8669,3720.53,978.29
2596,32,93,14.2799,3543.05,993.798
2597,32,94,19.2618,3282.33,1010.04
2598,32,95,23.5769,3055.07,1026.01
2599,32,96,23.7148,3047.76,1040.94
2600,32,97,21.718,3154.26,1056.11
2601,32,98,21.5078,3165.54,1071.01
2602,32,99,19.0394,3298.83,1086.35
2603,32,100,14.1508,3564.44,1103.13
2604,32,101,13.1377,3619.83,1118.11
2605,32,102,13.902,3577.79,1133.03
2606,32,103,13.4874,3600.74,1147.91
2607,33,42,-247.172,15169.2,163.689
2608,33,43,-256.459,15503.5,178.743
2609,33,44,-162.376,12085.2,194.295
2610,33,45,-219.962,14196.7,209.524
2611,33,46,-206.481,13697.9,224.384
2612,33,47,-257.894,15617.3,239.677
2613,33,48,-272.451,16165.6,254.449
2614,33,49,-278.971,16413.4,269.113
2615,33,50,-220.573,14174.8,285.353
2616,33,51,-236.403,14786.9,300.118
2617,33,52,-201.509,13426,315.621
2618,33,53,-198.834,13320.8,330.182
2619,33,54,-200.109,13371.4,344.687
2620,33,55,-211.113,13811.5,359.326
2621,33,56,-205.555,13587.4,373.798
2622,33,57,-207.408,13662.7,388.177
2623,33,58,-209.451,13746.5,402.517
2624,33,59,-220.251,14192.9,417.203
2625,33,60,-210.873,13802.1,431.822
2626,33,61,-188.141,12847.4,448.446
2627,33,62,-189.82,12918.4,462.743
2628,33,63,-184.172,12677.5,477.188
2629,33,64,-182.323,12598,491.432
2630,33,65,-181.563,12565,505.623
2631,33,66,-174.509,12257,520.265
2632,33,67,-172.865,12184.7,534.433
2633,33,68,-168.768,12003,548.759
2634,33,69,-156.39,11450.2,565.045
2635,33,70,-156.546,11457.2,579.161
2636,33,71,-129.409,10227,604.771
2637,33,72,-110.388,9358.35,624.343
2638,33,73,-92.5398,8537.33,643.412
2639,33,74,-93.1723,8566.63,657.966
2640,33,75,-87.3775,8296.21,673.07
2641,33,76,-80.9579,7994.48,688.37
2642,33,77,-75.0745,7716,703.605
2643,33,78,-58.8539,6942.82,723.864
2644,33,79,-39.6155,6019.38,746.269
2645,33,80,-32.2613,5663.93,762.17
2646,33,81,-25.1011,5315.46,778.103
2647,33,82,-20.9568,5112.39,793.287
2648,33,83,-11.0767,4624.97,810.661
2649,33,84,-7.67291,4455.92,825.766
2650,33,85,-7.08742,4426.65,840.534
2651,33,86,1.17495,4010.77,857.6
2652,33,87,17.6389,3176.6,881.489
2653,33,88,24.0941,2847.38,897.795
2654,33,89,21.6536,2972.66,912.926
2655,33,90,18.8999,3114.94,928.124
2656,33,91,15.6545,3283.7,943.46
2657,33,92,20.1808,3046.82,959.276
2658,33,93,23.4003,2877.26,974.661
2659,33,94,28.2488,2620.29,990.766
2660,33,95,32.4156,2398.06,1006.61
2661,33,96,32.2815,2405.26,1021.48
2662,33,97,29.9598,2530.63,1036.68
2663,33,98,29.4934,2555.97,1051.54
2664,33,99,26.7129,2707.97,1066.95
2665,33,100,21.4549,2997.16,1083.96
2666,33,101,20.2007,3066.56,1098.93
2667,33,102,20.785,3034.03,1113.79
2668,33,103,20.1648,3068.76,1128.64
2669,34,43,-65.752,7875.26,162.091
2670,34,44,10.7629,5044.21,177.285
2671,34,45,-85.2771,8629.7,192.816
2672,34,46,-90.4432,8824.29,207.593
2673,34,47,-165.778,11687,223.204
2674,34,48,-194.557,12790.2,238.059
2675,34,49,-211.629,13450.3,252.756
2676,34,50,-154.283,11213.8,268.633
2677,34,51,-179.238,12195.4,283.51
2678,34,52,-146.688,10904.2,298.726
2679,34,53,-149.228,11005.8,313.221
2680,34,54,-155.348,11252.7,327.696
2681,34,55,-171.422,11906.4,342.434
2682,34,56,-168.832,11800.2,356.797
2683,34,57,-173.9,12009.6,371.155
2684,34,58,-178.787,12213.3,385.478
2685,34,59,-192.777,12800.9,400.311
2686,34,60,-184.739,12460.6,414.754
2687,34,61,-162.25,11501.1,431.099
2688,34,62,-165.83,11655,445.373
2689,34,63,-161.405,11463.3,459.664
2690,34,64,-160.905,11441.4,473.81
2691,34,65,-161.437,11464.8,487.922
2692,34,66,-155.175,11187.2,502.368
2693,34,67,-154.572,11160.3,516.428
2694,34,68,-151.286,11012.4,530.589
2695,34,69,-139.192,10464.1,546.644
2696,34,70,-140.285,10514.1,560.689
2697,34,71,-112.576,9239.43,586.45
2698,34,72,-93.4431,8352.94,605.876
2699,34,73,-75.5495,7517.91,624.787
2700,34,74,-77.0416,7588.04,639.293
2701,34,75,-71.739,7337.05,654.218
2702,34,76,-65.7482,7051.48,669.33
2703,34,77,-60.2887,6789.43,684.377
2704,34,78,-44.0044,6002.35,704.566
2705,34,79,-24.5752,5056.8,726.986
2706,34,80,-17.548,4712.47,742.702
2707,34,81,-10.7025,4374.76,758.452
2708,34,82,-6.97677,4189.71,773.472
2709,34,83,2.73937,3703.9,790.687
2710,34,84,5.73483,3553.13,805.635
2711,34,85,5.82715,3548.45,820.307
2712,34,86,13.914,3136.03,837.215
2713,34,87,30.5159,2283.79,861.258
2714,34,88,36.7376,1962.34,877.397
2715,34,89,33.7583,2117.26,892.555
2716,34,90,30.4833,2288.65,907.801
2717,34,91,26.7265,2486.51,923.217
2718,34,92,31.031,2258.37,938.875
2719,34,93,33.9962,2100.23,954.112
2720,34,94,38.6562,1850.14,970.059
2721,34,95,42.6217,1636.01,985.746
2722,34,96,42.1593,1661.13,1000.55
2723,34,97,39.4563,1808.89,1015.8
2724,34,98,38.6834,1851.4,1030.61
2725,34,99,35.5402,2025.33,1046.12
2726,34,100,29.8617,2341.43,1063.45
2727,34,101,28.3234,2427.57,1078.42
2728,34,102,28.6892,2406.97,1093.19
2729,34,103,27.8255,2455.91,1108
2730,35,44,67.0198,2737.68,162.218
2731,35,45,-56.7105,7439.43,177.889
2732,35,46,-67.4988,7852.98,192.763
2733,35,47,-157.953,11350.6,208.444
2734,35,48,-191.962,12676.9,223.376
2735,35,49,-211.656,13451.5,238.144
2736,35,50,-147.139,10892.3,253.994
2737,35,51,-175.869,12041.6,268.933
2738,35,52,-140.077,10597.9,284.152
2739,35,53,-143.58,10740.4,298.706
2740,35,54,-150.878,11039.6,313.239
2741,35,55,-168.908,11784.8,328.026
2742,35,56,-166.311,11676.6,342.435
2743,35,57,-172.038,11917.2,356.842
2744,35,58,-177.488,12147.9,371.21
2745,35,59,-192.701,12797,386.067
2746,35,60,-184.051,12425,400.541
2747,35,61,-159.947,11380.5,416.829
2748,35,62,-163.947,11555.2,431.143
2749,35,63,-159.347,11352.8,445.46
2750,35,64,-158.951,11335.2,459.64
2751,35,65,-159.643,11366.1,473.787
2752,35,66,-153.102,11071.8,488.241
2753,35,67,-152.588,11048.5,502.33
2754,35,68,-149.225,10894.9,516.508
2755,35,69,-136.558,10312.2,532.496
2756,35,70,-137.858,10372.5,546.572
2757,35,71,-108.782,9015.61,571.957
2758,35,72,-88.8422,8078.42,591.191
2759,35,73,-70.267,7199.2,609.923
2760,35,74,-72.0979,7286.47,624.458
2761,35,75,-66.7778,7031.1,639.351
2762,35,76,-60.7379,6739.17,654.418
2763,35,77,-55.2575,6472.46,669.422
2764,35,78,-38.4617,5649.47,689.404
2765,35,79,-18.4153,4660.51,711.574
2766,35,80,-11.3504,4309.62,727.215
2767,35,81,-4.47738,3965.97,742.887
2768,35,82,-0.85576,3783.68,757.864
2769,35,83,9.00712,3283.96,774.951
2770,35,84,11.8717,3137.87,789.859
2771,35,85,11.727,3145.3,804.53
2772,35,86,19.8979,2723.14,821.32
2773,35,87,36.9005,1839,845.147
2774,35,88,43.1162,1513.71,861.192
2775,35,89,39.7966,1688.54,876.396
2776,35,90,36.189,1879.75,891.695
2777,35,91,32.1002,2097.82,907.172
2778,35,92,36.3678,1868.79,922.76
2779,35,93,39.2526,1713.01,937.944
2780,35,94,43.8927,1460.9,953.809
2781,35,95,47.8165,1246.4,969.421
2782,35,96,47.1717,1281.86,984.227
2783,35,97,44.2237,1444.98,999.535
2784,35,98,43.2777,1497.64,1014.35
2785,35,99,39.8964,1687,1029.92
2786,35,100,33.9139,2024.01,1047.38
2787,35,101,32.2087,2120.64,1062.38
2788,35,102,32.4709,2105.69,1077.14
2789,35,103,31.4725,2162.93,1091.97
2790,36,45,-267.248,16282,160.747
2791,36,46,-241.718,15286.3,175.543
2792,36,47,-318.212,18295.1,190.735
2793,36,48,-332.797,18873.6,205.364
2794,36,49,-335.185,18969.2,219.878
2795,36,50,-245.595,15355.7,236.448
2796,36,51,-265.61,16169.6,251.085
2797,36,52,-215.05,14096.7,266.68
2798,36,53,-210.611,13913.2,281.131
2799,36,54,-211.621,13955.3,295.51
2800,36,55,-225.38,14533.2,310.02
2801,36,56,-217.158,14185.1,324.38
2802,36,57,-218.783,14254.4,338.611
2803,36,58,-220.642,14334.4,352.795
2804,36,59,-233.527,14892.7,367.34
2805,36,60,-220.918,14342.1,381.922
2806,36,61,-192.125,13075.2,398.863
2807,36,62,-194.037,13160,413.024
2808,36,63,-186.96,12843.9,427.369
2809,36,64,-184.632,12739.1,441.478
2810,36,65,-183.658,12695,455.526
2811,36,66,-175.145,12306.2,470.1
2812,36,67,-173.222,12217.7,484.124
2813,36,68,-168.404,11994.5,498.329
2814,36,69,-153.864,11316,514.767
2815,36,70,-154.25,11334.1,528.745
2816,36,71,-122.648,9838.29,555.394
2817,36,72,-100.88,8800.71,575.08
2818,36,73,-80.6938,7831.76,594.129
2819,36,74,-82.0839,7898.94,608.635
2820,36,75,-75.9985,7602.79,623.604
2821,36,76,-69.2141,7270.35,638.758
2822,36,77,-63.0692,6967.2,653.841
2823,36,78,-45.1288,6076.16,674.039
2824,36,79,-23.8682,5013.13,696.363
2825,36,80,-16.2469,4629.53,712.067
2826,36,81,-8.8622,4255.37,727.796
2827,36,82,-4.89988,4053.29,742.813
2828,36,83,5.54246,3517.25,759.956
2829,36,84,8.66536,3355.9,774.897
2830,36,85,8.6431,3357.06,789.582
2831,36,86,17.2554,2906.35,806.413
2832,36,87,35.0136,1971.08,830.201
2833,36,88,41.535,1625.45,846.268
2834,36,89,38.1511,1805.93,861.471
2835,36,90,34.4721,2003.36,876.763
2836,36,91,30.2986,2228.73,892.227
2837,36,92,34.7791,1985.29,907.84
2838,36,93,37.8182,1819.16,923.048
2839,36,94,42.6642,1552.62,938.933
2840,36,95,46.7598,1326,954.564
2841,36,96,46.1285,1361.15,969.383
2842,36,97,43.1191,1529.67,984.686
2843,36,98,42.1781,1582.68,999.514
2844,36,99,38.7255,1778.33,1015.07
2845,36,100,32.5949,2127.77,1032.47
2846,36,101,30.878,2226.21,1047.47
2847,36,102,31.1878,2208.34,1062.24
2848,36,103,30.1978,2265.76,1077.08
2849,37,46,-443.184,23949.4,158.287
2850,37,47,-496.955,26100.2,173.017
2851,37,48,-484.181,25585,187.459
2852,37,49,-463.646,24749.9,201.862
2853,37,50,-342.906,19799.6,219.487
2854,37,51,-352.615,20200.9,233.919
2855,37,52,-284.859,17377.7,250.028
2856,37,53,-271.686,16824.4,264.485
2857,37,54,-266.022,16584.6,278.817
2858,37,55,-275.502,16989.2,293.146
2859,37,56,-261.446,16384.7,307.565
2860,37,57,-259.008,16279.1,321.725
2861,37,58,-257.379,16208,335.83
2862,37,59,-268.19,16683.6,350.148
2863,37,60,-251.642,15950,364.925
2864,37,61,-218.087,14451.2,382.46
2865,37,62,-218.149,14454,396.56
2866,37,63,-208.761,14028.4,410.997
2867,37,64,-204.71,13843.4,425.113
2868,37,65,-202.284,13731.8,439.146
2869,37,66,-191.962,13253.6,453.871
2870,37,67,-188.83,13107.4,467.905
2871,37,68,-182.736,12821,482.186
2872,37,69,-166.446,12049.9,498.957
2873,37,70,-166.114,12034.1,512.911
2874,37,71,-132.028,10398,540.166
2875,37,72,-108.53,9262.26,560.053
2876,37,73,-86.8392,8206.63,579.22
2877,37,74,-87.979,8262.47,593.734
2878,37,75,-81.2792,7931.95,608.759
2879,37,76,-73.8916,7565.03,623.97
2880,37,77,-67.2187,7231.39,639.104
2881,37,78,-48.2265,6275.45,659.322
2882,37,79,-25.8329,5140.84,681.591
2883,37,80,-17.7759,4729.93,697.317
2884,37,81,-9.99502,4330.51,713.062
2885,37,82,-5.81117,4114.35,728.102
2886,37,83,5.1143,3546.22,745.228
2887,37,84,8.38516,3375.05,760.188
2888,37,85,8.37343,3375.67,774.895
2889,37,86,17.341,2900.38,791.706
2890,37,87,35.7922,1916.32,815.323
2891,37,88,42.5345,1554.48,831.375
2892,37,89,38.9852,1746.15,846.598
2893,37,90,35.1391,1955.12,861.907
2894,37,91,30.7895,2192.9,877.384
2895,37,92,35.4126,1938.63,892.995
2896,37,93,38.536,1765.8,908.208
2897,37,94,43.5244,1488.11,924.081
2898,37,95,47.7296,1252.62,939.703
2899,37,96,47.0449,1291.19,954.541
2900,37,97,43.9068,1469.01,969.862
2901,37,98,42.9101,1525.83,984.708
2902,37,99,39.3246,1731.39,1000.28
2903,37,100,32.9837,2097.05,1017.67
2904,37,101,31.202,2200.39,1032.68
2905,37,102,31.5114,2182.34,1047.47
2906,37,103,30.4822,2242.73,1062.32
2907,38,47,-692.78,34716.5,155.441
2908,38,48,-642.079,32637.8,169.926
2909,38,49,-591.806,30559.8,184.458
2910,38,50,-432.773,23933.5,203.356
2911,38,51,-431.031,23860.3,217.716
2912,38,52,-343.785,20166.9,234.343
2913,38,53,-321.6,19220.3,248.896
2914,38,54,-309.397,18695.6,263.276
2915,38,55,-315.112,18943.2,277.538
2916,38,56,-295.406,18082.7,292.08
2917,38,57,-289.328,17815.3,306.264
2918,38,58,-284.657,17608.2,320.385
2919,38,59,-293.97,18024.2,334.59
2920,38,60,-273.742,17113.9,349.56
2921,38,61,-235.549,15382.5,367.445
2922,38,62,-234.219,15321.8,381.557
2923,38,63,-222.873,14799.9,396.093
2924,38,64,-217.476,14549.8,410.261
2925,38,65,-213.965,14386,424.331
2926,38,66,-202.126,13829.5,439.169
2927,38,67,-198.107,13639.3,453.248
2928,38,68,-191.021,13301.6,467.604
2929,38,69,-173.195,12445.9,484.511
2930,38,70,-172.434,12409.1,498.487
2931,38,71,-135.972,10634.6,525.719
2932,38,72,-110.906,9406.37,545.573
2933,38,73,-87.8777,8270.32,564.683
2934,38,74,-89.0229,8327.2,579.223
2935,38,75,-81.9155,7971.83,594.268
2936,38,76,-74.1165,7579.28,609.491
2937,38,77,-67.0987,7223.71,624.635
2938,38,78,-47.1859,6208.15,644.726
2939,38,79,-23.7755,5006.42,666.798
2940,38,80,-15.4395,4575.73,682.501
2941,38,81,-7.41108,4158.25,698.219
2942,38,82,-3.15613,3935.58,713.255
2943,38,83,8.12893,3341.23,730.306
2944,38,84,11.4107,3167.3,745.262
2945,38,85,11.2724,3174.67,759.987
2946,38,86,20.4877,2680.12,776.726
2947,38,87,39.5511,1650.69,800.108
2948,38,88,46.4104,1278,816.108
2949,38,89,42.5754,1487.65,831.367
2950,38,90,38.4487,1714.62,846.715
2951,38,91,33.8155,1970.99,862.23
2952,38,92,38.4966,1710.41,877.809
2953,38,93,41.6215,1535.42,893.004
2954,38,94,46.6767,1250.64,908.833
2955,38,95,50.9182,1010.29,924.418
2956,38,96,50.1022,1056.8,939.273
2957,38,97,46.7576,1248.56,954.631
2958,38,98,45.6347,1313.31,969.497
2959,38,99,41.8457,1533.07,985.105
2960,38,100,35.2234,1919.37,1002.54
2961,38,101,33.3161,2031.27,1017.58
2962,38,102,33.5699,2016.29,1032.38
2963,38,103,32.4471,2082.91,1047.25
2964,39,48,-547.124,28364.8,154.823
2965,39,49,-504.975,26594.5,169.179
2966,39,50,-333.909,19352.7,187.378
2967,39,51,-347.109,19915.9,201.73
2968,39,52,-259.388,16143.9,217.868
2969,39,53,-245.497,15542,232.219
2970,39,54,-241.282,15357.9,246.444
2971,39,55,-255.683,15991.6,260.721
2972,39,56,-240.39,15313.6,275.003
2973,39,57,-239.464,15272.3,289.042
2974,39,58,-239.312,15265.4,303.021
2975,39,59,-253.831,15923.6,317.326
2976,39,60,-235.413,15082.5,331.971
2977,39,61,-197.231,13326.1,349.533
2978,39,62,-198.984,13407.4,363.53
2979,39,63,-189.549,12967.1,377.79
2980,39,64,-186.301,12814.4,391.748
2981,39,65,-184.839,12745.2,405.632
2982,39,66,-174.234,12239.7,420.161
2983,39,67,-171.862,12125.8,434.023
2984,39,68,-166.054,11845.1,448.098
2985,39,69,-148.688,11000,464.771
2986,39,70,-149.411,11035.4,478.595
2987,39,71,-112.134,9196.41,506.477
2988,39,72,-86.9961,7947.88,526.242
2989,39,73,-64.0183,6798.99,545.214
2990,39,74,-66.5527,6926.55,559.692
2991,39,75,-60.2757,6608.52,574.509
2992,39,76,-53.2051,6247.92,589.494
2993,39,77,-46.8998,5924.25,604.402
2994,39,78,-27.0013,4896.16,624.473
2995,39,79,-3.43354,3670.63,646.642
2996,39,80,4.33075,3264.3,662.121
2997,39,81,11.813,2870.24,677.617
2998,39,82,15.3875,2680.79,692.456
2999,39,83,26.35,2096.12,709.32
3000,39,84,28.9822,1954.86,724.089
3001,39,85,28.0903,2003.02,738.714
3002,39,86,36.9888,1519.54,755.267
3003,39,87,56.1568,471.686,778.911
3004,39,88,62.6263,115.866,794.71
3005,39,89,58.005,371.577,810.049
3006,39,90,53.1261,643.167,825.501
3007,39,91,47.7642,943.436,841.162
3008,39,92,52.1021,699.068,856.556
3009,39,93,54.8458,543.591,871.578
3010,39,94,59.6092,272.075,887.222
3011,39,95,63.5458,46.3781,902.622
3012,39,96,62.2662,120.166,917.419
3013,39,97,58.3959,344.645,932.887
3014,39,98,56.8477,434.961,947.718
3015,39,99,52.5668,686.106,963.488
3016,39,100,45.3851,1109.83,981.379
3017,39,101,43.0946,1245.73,996.442
3018,39,102,43.0508,1248.34,1011.15
3019,39,103,41.6017,1335.29,1026
3020,40,49,-295.409,16954.5,149.441
3021,40,50,-131.343,9899.67,167.195
3022,40,51,-180.503,12030,181.566
3023,40,52,-104.919,8729.43,196.98
3024,40,53,-111.111,9001.88,210.863
3025,40,54,-124.252,9584.45,224.744
3026,40,55,-155.081,10961.5,239.165
3027,40,56,-149.825,10725,252.884
3028,40,57,-158.859,11134.5,266.62
3029,40,58,-167.175,11514.3,280.311
3030,40,59,-190.36,12580.8,295.001
3031,40,60,-176.233,11926.2,309.06
3032,40,61,-139.96,10233.5,326.579
3033,40,62,-146.846,10557.1,340.375
3034,40,63,-140.969,10279,354.113
3035,40,64,-141.347,10297,367.665
3036,40,65,-143.231,10387.4,381.196
3037,40,66,-134.923,9985.84,395.197
3038,40,67,-135.189,9998.79,408.645
3039,40,68,-131.509,9818.49,422.203
3040,40,69,-115.289,9018.29,438.823
3041,40,70,-118.214,9163.55,452.391
3042,40,71,-80.5568,7280.71,483.081
3043,40,72,-55.8087,6035.05,503.138
3044,40,73,-33.3139,4895.31,522.209
3045,40,74,-37.7476,5121.44,536.613
3046,40,75,-32.7222,4863.47,551.09
3047,40,76,-26.7588,4555.36,565.73
3048,40,77,-21.5136,4282.6,580.293
3049,40,78,-1.89646,3255.97,600.679
3050,40,79,21.5944,2018.79,623.403
3051,40,80,28.5166,1651.91,638.584
3052,40,81,35.2034,1295.28,653.785
3053,40,82,37.8563,1152.91,668.343
3054,40,83,48.2958,589.18,685.031
3055,40,84,50.0696,492.802,699.533
3056,40,85,48.2221,593.798,714.029
3057,40,86,56.6426,130.672,730.389
3058,40,87,75.7903,-928.838,754.786
3059,40,88,81.7225,-1259.06,770.332
3060,40,89,76.1525,-947.141,785.836
3061,40,90,70.3706,-621.429,801.489
3062,40,91,64.1392,-268.316,817.411
3063,40,92,68.0229,-489.685,832.567
3064,40,93,70.2785,-619.01,847.359
3065,40,94,74.654,-871.329,862.772
3066,40,95,78.1939,-1076.64,877.935
3067,40,96,76.3554,-969.398,892.67
3068,40,97,71.8658,-706.007,908.337
3069,40,98,69.8085,-584.623,923.137
3070,40,99,64.9529,-296.524,939.186
3071,40,100,57.1296,170.264,957.811
3072,40,101,54.3864,334.859,972.927
3073,40,102,53.9827,359.214,987.522
3074,40,103,52.1467,470.595,1002.36
3075,41,50,-56.7727,6394.86,152.526
3076,41,51,-128.43,9547.76,167.14
3077,41,52,-48.9266,6023.13,182.245
3078,41,53,-64.6854,6727.02,196.206
3079,41,54,-86.3357,7701.29,210.204
3080,41,55,-126.331,9514.42,224.832
3081,41,56,-124.012,9408.51,238.56
3082,41,57,-137.146,10012.7,252.39
3083,41,58,-148.799,10552.6,266.173
3084,41,59,-176.358,11838.7,281.025
3085,41,60,-162.218,11174.1,295.01
3086,41,61,-123.826,9356.87,312.193
3087,41,62,-132.804,9784.84,326.071
3088,41,63,-127.638,9536.84,339.774
3089,41,64,-129.158,9610.32,353.348
3090,41,65,-132.168,9756.8,366.916
3091,41,66,-124.071,9360.08,380.826
3092,41,67,-125.161,9413.83,394.289
3093,41,68,-121.935,9253.6,407.802
3094,41,69,-105.256,8419.67,424.178
3095,41,70,-109.045,8610.36,437.798
3096,41,71,-69.5499,6609.29,467.997
3097,41,72,-43.943,5303.34,487.754
3098,41,73,-20.804,4115.53,506.559
3099,41,74,-26.2344,4396.1,521.023
3100,41,75,-21.5798,4154.06,535.421
3101,41,76,-15.9041,3857.03,549.962
3102,41,77,-10.9621,3596.76,564.428
3103,41,78,9.13221,2531.76,584.574
3104,41,79,33.2622,1244.83,607.058
3105,41,80,39.9471,886.071,622.117
3106,41,81,46.4025,537.476,637.191
3107,41,82,48.6484,415.449,651.678
3108,41,83,59.0715,-154.344,668.193
3109,41,84,60.4361,-229.4,682.632
3110,41,85,58.0458,-97.1344,697.146
3111,41,86,66.4053,-562.478,713.346
3112,41,87,85.9524,-1657.12,737.615
3113,41,88,91.7083,-1981.37,753.029
3114,41,89,85.5034,-1629.75,768.665
3115,41,90,79.1162,-1265.69,784.459
3116,41,91,72.2974,-874.744,800.536
3117,41,92,76.0167,-1089.22,815.595
3118,41,93,78.0558,-1207.49,830.316
3119,41,94,82.3053,-1455.38,845.619
3120,41,95,85.6957,-1654.28,860.681
3121,41,96,83.5237,-1526.13,875.445
3122,41,97,78.625,-1235.47,891.242
3123,41,98,76.2636,-1094.58,906.082
3124,41,99,71.0246,-780.238,922.28
3125,41,100,62.7382,-280.291,941.172
3126,41,101,59.7211,-97.2545,956.351
3127,41,102,59.1323,-61.3389,970.943
3128,41,103,57.0746,64.868,985.823
3129,42,51,-72.5061,6863.43,152.772
3130,42,52,11.2841,3092.88,167.63
3131,42,53,-17.1364,4381.27,181.718
3132,42,54,-49.4327,5856.13,195.866
3133,42,55,-100.414,8201.26,210.69
3134,42,56,-101.241,8239.6,224.466
3135,42,57,-118.863,9061.95,238.403
3136,42,58,-134.037,9775.15,252.284
3137,42,59,-166.3,11302.2,267.249
3138,42,60,-151.73,10607.7,281.209
3139,42,61,-110.547,8630.97,298.109
3140,42,62,-121.645,9167.37,312.072
3141,42,63,-117.023,8942.44,325.774
3142,42,64,-119.599,9068.64,339.392
3143,42,65,-123.656,9268.79,353.013
3144,42,66,-115.593,8868.33,366.876
3145,42,67,-117.419,8959.61,380.374
3146,42,68,-114.527,8814.06,393.877
3147,42,69,-97.186,7935.46,410.045
3148,42,70,-101.792,8170.39,423.725
3149,42,71,-60.1481,6032.64,453.321
3150,42,72,-33.4958,4655.61,472.777
3151,42,73,-9.56346,3411.13,491.319
3152,42,74,-16.0043,3748.19,505.853
3153,42,75,-11.6776,3520.32,520.197
3154,42,76,-6.24342,3232.31,534.664
3155,42,77,-1.56355,2982.72,549.06
3156,42,78,19.1089,1873.3,568.949
3157,42,79,43.9838,530.054,591.157
3158,42,80,50.4616,178.09,606.114
3159,42,81,56.7141,-163.713,621.083
3160,42,82,58.5666,-265.598,635.519
3161,42,83,69.0137,-843.67,651.871
3162,42,84,69.9794,-897.428,666.268
3163,42,85,67.0466,-733.192,680.816
3164,42,86,75.3776,-1202.5,696.866
3165,42,87,95.3845,-2336.23,720.951
3166,42,88,100.984,-2655.4,736.25
3167,42,89,94.134,-2262.67,752.021
3168,42,90,87.1339,-1858.99,767.954
3169,42,91,79.7216,-1429.08,784.179
3170,42,92,83.2956,-1637.57,799.159
3171,42,93,85.1332,-1745.37,813.826
3172,42,94,89.276,-1989.8,829.034
3173,42,95,92.5337,-2183.09,844.012
3174,42,96,90.0341,-2033.94,858.815
3175,42,97,84.7279,-1715.57,874.738
3176,42,98,82.0696,-1555.19,889.626
3177,42,99,76.4497,-1214.25,905.96
3178,42,100,67.6985,-680.422,925.075
3179,42,101,64.4155,-479.065,940.317
3180,42,102,63.6535,-432.075,954.916
3181,42,103,61.3835,-291.338,969.837
3182,43,52,-118.47,9450.81,151.505
3183,43,53,-128.466,9910.64,165.352
3184,43,54,-147.59,10796.7,179.165
3185,43,55,-191.313,12837.1,193.469
3186,43,56,-179.273,12271.2,207.14
3187,43,57,-188.84,12724.1,220.727
3188,43,58,-197.164,13120.9,234.245
3189,43,59,-225.795,14495.2,248.697
3190,43,60,-202.996,13393.2,262.937
3191,43,61,-152.082,10915.4,281.149
3192,43,62,-160.136,11310,294.852
3193,43,63,-151.408,10879.5,308.575
3194,43,64,-151.092,10863.8,322.049
3195,43,65,-152.764,10947.3,335.486
3196,43,66,-141.603,10385.6,349.52
3197,43,67,-141.494,10380.1,362.88
3198,43,68,-136.528,10126.8,376.388
3199,43,69,-116.273,9087.02,393.277
3200,43,70,-119.845,9271.58,406.779
3201,43,71,-74.0835,6891.99,437.967
3202,43,72,-44.7253,5355.58,457.784
3203,43,73,-18.5245,3975.67,476.531
3204,43,74,-24.8078,4308.68,491.02
3205,43,75,-19.6853,4035.49,505.418
3206,43,76,-13.4605,3701.42,519.949
3207,43,77,-8.10077,3412,534.402
3208,43,78,14.0833,2206.66,554.389
3209,43,79,40.5744,758.479,576.593
3210,43,80,47.5727,373.576,591.589
3211,43,81,54.294,1.66441,606.593
3212,43,82,56.3601,-113.348,621.059
3213,43,83,67.4244,-732.95,637.424
3214,43,84,68.5118,-794.206,651.847
3215,43,85,65.5108,-624.153,666.405
3216,43,86,74.2903,-1124.58,682.465
3217,43,87,95.2347,-2325.4,706.39
3218,43,88,101.084,-2662.71,721.695
3219,43,89,93.9385,-2248.26,737.462
3220,43,90,86.6548,-1823.38,753.383
3221,43,91,78.9596,-1371.93,769.584
3222,43,92,82.707,-1593.03,784.582
3223,43,93,84.6398,-1707.7,799.27
3224,43,94,88.9608,-1965.53,814.49
3225,43,95,92.3534,-2169.08,829.482
3226,43,96,89.7678,-2013.09,844.297
3227,43,97,84.2784,-1680.06,860.206
3228,43,98,81.5412,-1513.09,875.101
3229,43,99,75.7427,-1157.45,891.409
3230,43,100,66.714,-600.684,910.436
3231,43,101,63.3531,-392.308,925.67
3232,43,102,62.6012,-345.434,940.281
3233,43,103,60.2913,-200.682,955.201
3234,44,53,-131.806,10077.6,151.517
3235,44,54,-153.8,11111.4,165.423
3236,44,55,-203.775,13476.9,179.733
3237,44,56,-187.966,12723.3,193.501
3238,44,57,-197.658,13188.5,207.149
3239,44,58,-205.916,13587.6,220.72
3240,44,59,-237.032,15101.9,235.099
3241,44,60,-210.229,13788.6,249.428
3242,44,61,-152.854,10958.1,267.526
3243,44,62,-161.675,11396.2,281.276
3244,44,63,-151.92,10908.5,295.049
3245,44,64,-151.525,10888.6,308.575
3246,44,65,-153.309,10979,322.06
3247,44,66,-141.13,10357.9,336.114
3248,44,67,-141.052,10353.8,349.519
3249,44,68,-135.724,10078.5,363.059
3250,44,69,-113.972,8947.47,379.819
3251,44,70,-117.98,9157.18,393.365
3252,44,71,-69.0827,6581.94,423.855
3253,44,72,-38.0447,4936.93,443.397
3254,44,73,-10.5425,3470.15,461.907
3255,44,74,-17.7462,3856.74,476.456
3256,44,75,-12.7449,3586.67,490.837
3257,44,76,-6.56342,3250.81,505.333
3258,44,77,-1.29416,2962.76,519.754
3259,44,78,21.7686,1694.31,539.479
3260,44,79,49.3045,170.653,561.371
3261,44,80,56.2092,-213.705,576.3
3262,44,81,62.8297,-584.452,591.233
3263,44,82,64.564,-682.152,605.679
3264,44,83,75.7713,-1317.23,621.906
3265,44,84,76.5046,-1359.03,636.315
3266,44,85,72.9801,-1156.96,650.917
3267,44,86,81.8205,-1666.76,666.851
3268,44,87,103.375,-2916.9,690.515
3269,44,88,109.122,-3252.18,705.733
3270,44,89,101.316,-2794.23,721.615
3271,44,90,93.4089,-2327.69,737.651
3272,44,91,85.1116,-1835.38,753.967
3273,44,92,88.7609,-2053.12,768.913
3274,44,93,90.5288,-2159.2,783.572
3275,44,94,94.7884,-2416.19,798.723
3276,44,95,98.0873,-2616.33,813.657
3277,44,96,95.1878,-2439.46,828.517
3278,44,97,89.2944,-2077.99,844.525
3279,44,98,86.2752,-1891.81,859.468
3280,44,99,80.1005,-1508.98,875.877
3281,44,100,70.6022,-916.918,895.04
3282,44,101,66.9913,-690.636,910.325
3283,44,102,66.0905,-633.885,924.953
3284,44,103,63.5873,-475.351,939.912
3285,45,54,0.956061,3218.8,147.623
3286,45,55,-86.2432,7404.36,162.645
3287,45,56,-87.3872,7459.66,176.125
3288,45,57,-114.044,8756.95,189.832
3289,45,58,-135.427,9804.72,203.45
3290,45,59,-180.09,12008.1,218.45
3291,45,60,-157.054,10864,232.347
3292,45,61,-99.185,7970.53,250.047
3293,45,62,-114.949,8763.99,263.892
3294,45,63,-109.086,8466.94,277.382
3295,45,64,-112.935,8663.23,290.786
3296,45,65,-118.564,8952.19,304.205
3297,45,66,-108.437,8428.96,317.9
3298,45,67,-111.194,8572.33,331.175
3299,45,68,-107.911,8400.48,344.434
3300,45,69,-86.6442,7280.45,360.928
3301,45,70,-93.0618,7620.58,374.512
3302,45,71,-42.3887,4918.02,405.909
3303,45,72,-11.0404,3235.66,425.266
3304,45,73,16.4961,1748.69,443.55
3305,45,74,7.00962,2264.12,458.219
3306,45,75,10.7364,2060.39,472.416
3307,45,76,15.8366,1779.88,486.7
3308,45,77,20.0677,1545.76,500.915
3309,45,78,43.2305,256.36,520.536
3310,45,79,71.1135,-1305.09,542.434
3311,45,80,77.1901,-1647.4,557.15
3312,45,81,83.0344,-1978.58,571.867
3313,45,82,83.7966,-2022.02,586.175
3314,45,83,94.5924,-2640.98,602.174
3315,45,84,94.4212,-2631.11,616.464
3316,45,85,89.8509,-2366.03,631.116
3317,45,86,98.3089,-2859.42,646.83
3318,45,87,120.099,-4137.75,670.7
3319,45,88,125.347,-4447.42,685.715
3320,45,89,116.473,-3920.9,701.901
3321,45,90,107.563,-3389.25,718.247
3322,45,91,98.3104,-2834.09,734.894
3323,45,92,101.562,-3030.26,749.688
3324,45,93,102.879,-3110.19,764.229
3325,45,94,106.815,-3350.29,779.214
3326,45,95,109.772,-3531.63,793.991
3327,45,96,106.312,-3318.23,808.914
3328,45,97,99.7759,-2913.03,825.189
3329,45,98,96.2567,-2693.66,840.211
3330,45,99,89.4945,-2269.9,856.914
3331,45,100,79.3215,-1629,876.619
3332,45,101,75.278,-1372.91,892.013
3333,45,102,74.0604,-1295.39,906.631
3334,45,103,71.2022,-1112.46,921.652
3335,46,55,-119.038,9109.69,148.867
3336,46,56,-114.427,8883.77,162.439
3337,46,57,-141.02,10195.7,176.118
3338,46,58,-161.543,11215,189.693
3339,46,59,-208.855,13580.6,204.424
3340,46,60,-178.912,12073.5,218.506
3341,46,61,-111.078,8636.51,236.364
3342,46,62,-127.297,9463.71,250.188
3343,46,63,-119.411,9058.89,263.753
3344,46,64,-122.578,9222.52,277.186
3345,46,65,-127.806,9494.36,290.614
3346,46,66,-115.834,8867.84,304.397
3347,46,67,-118.17,8990.84,317.694
3348,46,68,-113.994,8769.51,331.012
3349,46,69,-90.4482,7513.76,347.55
3350,46,70,-97.0748,7869.39,361.131
3351,46,71,-42.1951,4905.89,392.025
3352,46,72,-8.53907,3077.24,411.194
3353,46,73,20.7856,1474.16,429.306
3354,46,74,10.3491,2048.16,444.021
3355,46,75,14.1017,1840.52,458.237
3356,46,76,19.3139,1550.38,472.53
3357,46,77,23.5921,1310.8,486.753
3358,46,78,47.9451,-61.0888,506.15
3359,46,79,77.1909,-1718.35,527.744
3360,46,80,83.2675,-2064.72,542.434
3361,46,81,89.0988,-2399.05,557.12
3362,46,82,89.5744,-2426.47,571.441
3363,46,83,100.634,-3067.94,587.338
3364,46,84,100.145,-3039.38,601.645
3365,46,85,95.0595,-2741.05,616.351
3366,46,86,103.676,-3249.43,631.977
3367,46,87,126.248,-4588.69,655.543
3368,46,88,131.455,-4899.36,670.505
3369,46,89,121.9,-4326.07,686.788
3370,46,90,112.352,-3750.03,703.219
3371,46,91,102.489,-3151.67,719.943
3372,46,92,105.701,-3347.6,734.717
3373,46,93,106.901,-3421.2,749.257
3374,46,94,110.833,-3663.7,764.207
3375,46,95,113.748,-3844.38,778.959
3376,46,96,109.996,-3610.5,793.928
3377,46,97,103.067,-3176.3,810.269
3378,46,98,99.2907,-2938.4,825.334
3379,46,99,92.1657,-2487.15,842.092
3380,46,100,81.5256,-1809.73,861.832
3381,46,101,77.259,-1536.67,877.261
3382,46,102,75.9291,-1451.11,891.901
3383,46,103,72.9079,-1255.74,906.95
3384,47,56,-52.4182,5597.29,148.157
3385,47,57,-95.1205,7732.4,162.033
3386,47,58,-126.713,9322.57,175.775
3387,47,59,-186.663,12360,190.735
3388,47,60,-155.613,10776.5,204.706
3389,47,61,-81.8402,6989.47,222.07
3390,47,62,-103.742,8121.06,236.038
3391,47,63,-97.6991,7806.84,249.578
3392,47,64,-103.631,8117.25,263.068
3393,47,65,-111.403,8526.6,276.57
3394,47,66,-99.8744,7915.58,290.252
3395,47,67,-103.952,8133.07,303.595
3396,47,68,-100.689,7957.94,316.878
3397,47,69,-76.2532,6638.4,333.11
3398,47,70,-84.615,7092.73,346.795
3399,47,71,-26.3417,3907.12,377.05
3400,47,72,8.68376,1980.72,395.875
3401,47,73,38.9049,308.483,413.688
3402,47,74,26.4287,1002.99,428.535
3403,47,75,29.3312,840.455,442.7
3404,47,76,33.8755,584.455,456.916
3405,47,77,37.4902,379.622,471.067
3406,47,78,62.4967,-1045.75,490.188
3407,47,79,92.6331,-2773.57,511.5
3408,47,80,98.1587,-3092.21,526.083
3409,47,81,103.472,-3400.4,540.659
3410,47,82,103.176,-3383.1,554.946
3411,47,83,114.098,-4023.89,570.662
3412,47,84,112.874,-3951.67,584.95
3413,47,85,106.876,-3595.75,599.749
3414,47,86,115.332,-4100.32,615.211
3415,47,87,138.436,-5486.58,638.607
3416,47,88,143.311,-5780.66,653.449
3417,47,89,132.76,-5140.59,669.969
3418,47,90,122.285,-4501.6,686.626
3419,47,91,111.542,-3842.7,703.571
3420,47,92,114.5,-4025.11,718.273
3421,47,93,115.376,-4079.46,732.773
3422,47,94,119.12,-4312.78,747.634
3423,47,95,121.815,-4481.66,762.308
3424,47,96,117.59,-4215.5,777.357
3425,47,97,110.092,-3740.62,793.875
3426,47,98,105.9,-3473.75,809.02
3427,47,99,98.2567,-2984.58,825.954
3428,47,100,86.9969,-2260.2,845.943
3429,47,101,82.3761,-1961.39,861.45
3430,47,102,80.816,-1859.99,876.113
3431,47,103,77.5174,-1644.47,891.219
3432,48,57,-183.453,12502.4,146.935
3433,48,58,-204.73,13587.5,160.418
3434,48,59,-261.669,16510.3,174.848
3435,48,60,-214.302,14063.1,189.229
3436,48,61,-121.606,9242.87,207.465
3437,48,62,-141.126,10264.4,221.272
3438,48,63,-129.655,9660.26,234.884
3439,48,64,-132.525,9812.36,248.319
3440,48,65,-137.95,10101.7,261.729
3441,48,66,-122.414,9267.93,275.571
3442,48,67,-124.645,9388.44,288.856
3443,48,68,-119.101,9087.18,302.185
3444,48,69,-90.7695,7538.41,318.805
3445,48,70,-98.5961,7968.88,332.385
3446,48,71,-34.3016,4411.25,362.902
3447,48,72,4.16269,2270.07,381.73
3448,48,73,37.0563,428.025,399.504
3449,48,74,23.7929,1175.2,414.347
3450,48,75,27.0909,988.31,428.553
3451,48,76,32.1032,702.61,442.808
3452,48,77,36.077,474.777,456.997
3453,48,78,62.788,-1065.56,476.006
3454,48,79,94.7897,-2921.66,497.103
3455,48,80,100.52,-3255.9,511.699
3456,48,81,106.007,-3577.82,526.284
3457,48,82,105.549,-3550.78,540.601
3458,48,83,116.946,-4227.03,556.27
3459,48,84,115.502,-4140.85,570.589
3460,48,85,109.049,-3753.7,585.423
3461,48,86,117.828,-4283.35,600.848
3462,48,87,141.963,-5747.52,623.964
3463,48,88,146.903,-6048.87,638.791
3464,48,89,135.679,-5360.45,655.351
3465,48,90,124.58,-4676.06,672.034
3466,48,91,113.245,-3973.26,688.99
3467,48,92,116.258,-4161.11,703.7
3468,48,93,117.097,-4213.65,718.217
3469,48,94,120.926,-4454.89,733.075
3470,48,95,123.658,-4627.91,747.753
3471,48,96,119.186,-4343.16,762.829
3472,48,97,111.324,-3840,779.359
3473,48,98,106.919,-3556.65,794.525
3474,48,99,98.9428,-3040.84,811.452
3475,48,100,87.2322,-2279.66,831.376
3476,48,101,82.4316,-1966.02,846.887
3477,48,102,80.8128,-1859.71,861.567
3478,48,103,77.3964,-1634.23,876.68
3479,49,58,-283.526,17921.3,145.598
3480,49,59,-336.491,20675.4,159.581
3481,49,60,-268.76,17130.8,174.5
3482,49,61,-153.424,11056.5,193.373
3483,49,62,-171.187,11998,207.122
3484,49,63,-154.179,11090.8,220.847
3485,49,64,-154.342,11099.6,234.305
3486,49,65,-157.839,11288.4,247.71
3487,49,66,-138.366,10230.4,261.701
3488,49,67,-139.154,10273.4,275.001
3489,49,68,-131.604,9858.2,288.41
3490,49,69,-99.3834,8075.35,305.195
3491,49,70,-107.138,8507.05,318.749
3492,49,71,-36.5104,4551.87,348.926
3493,49,72,5.34337,2194.11,367.612
3494,49,73,40.774,186.374,385.249
3495,49,74,26.2044,1016.85,400.129
3496,49,75,29.5681,823.993,414.368
3497,49,76,34.7614,524.509,428.647
3498,49,77,38.826,288.765,442.859
3499,49,78,67.1344,-1362.56,461.673
3500,49,79,100.92,-3344.67,482.484
3501,49,80,106.625,-3681.25,497.072
3502,49,81,112.075,-4004.61,511.645
3503,49,82,111.233,-3954.35,525.988
3504,49,83,122.957,-4657.79,541.578
3505,49,84,121.098,-4545.67,555.927
3506,49,85,113.994,-4114.7,570.818
3507,49,86,122.975,-4662.51,586.176
3508,49,87,148.083,-6202.49,608.984
3509,49,88,152.964,-6503.49,623.777
3510,49,89,140.897,-5755.31,640.425
3511,49,90,129.022,-5015.1,657.181
3512,49,91,116.952,-4258.75,674.194
3513,49,92,119.935,-4446.62,688.899
3514,49,93,120.647,-4491.73,703.428
3515,49,94,124.488,-4736.3,718.268
3516,49,95,127.185,-4908.88,732.936
3517,49,96,122.379,-4599.71,748.056
3518,49,97,114.066,-4062.12,764.634
3519,49,98,109.376,-3757.26,779.837
3520,49,99,100.99,-3209.4,796.795
3521,49,100,88.7503,-2405.66,816.707
3522,49,101,83.7113,-2073.08,832.24
3523,49,102,81.9851,-1958.58,846.942
3524,49,103,78.4019,-1719.7,862.076
3525,50,59,-450.117,27038.5,142.707
3526,50,60,-349.411,21701.1,158.849
3527,50,61,-201.412,13807.8,178.94
3528,50,62,-214.525,14511.5,192.62
3529,50,63,-188.895,13127.5,206.499
3530,50,64,-184.451,12886.1,219.99
3531,50,65,-184.622,12895.4,233.392
3532,50,66,-159.707,11525.1,247.58
3533,50,67,-158.211,11442.3,260.9
3534,50,68,-147.86,10866.1,274.408
3535,50,69,-110.792,8790.3,291.432
3536,50,70,-118.199,9207.57,304.954
3537,50,71,-40.145,4784.49,334.886
3538,50,72,5.66428,2173.36,353.453
3539,50,73,44.0208,-25.7455,370.968
3540,50,74,28.0258,896.632,385.883
3541,50,75,31.5081,694.656,400.157
3542,50,76,36.9425,377.653,414.464
3543,50,77,41.1416,131.306,428.705
3544,50,78,71.2426,-1644.66,447.337
3545,50,79,107.007,-3766.68,467.872
3546,50,80,112.687,-4105.6,482.459
3547,50,81,118.099,-4430.29,497.027
3548,50,82,116.84,-4354.37,511.4
3549,50,83,128.924,-5087.45,526.916
3550,50,84,126.619,-4946.81,541.299
3551,50,85,118.813,-4468.08,556.247
3552,50,86,128.019,-5035.75,571.545
3553,50,87,154.183,-6657.95,594.049
3554,50,88,159.002,-6958.31,608.814
3555,50,89,146.029,-6145.36,625.545
3556,50,90,133.324,-5344.96,642.366
3557,50,91,120.475,-4531.18,659.428
3558,50,92,123.432,-4719.45,674.132
3559,50,93,124.018,-4756.93,688.676
3560,50,94,127.88,-5005.4,703.502
3561,50,95,130.547,-5177.82,718.165
3562,50,96,125.393,-4842.86,733.328
3563,50,97,116.608,-4268.89,749.945
3564,50,98,111.623,-3941.52,765.183
3565,50,99,102.812,-3360,782.164
3566,50,100,90.0207,-2511.52,802.05
3567,50,101,84.739,-2159.41,817.601
3568,50,102,82.9088,-2036.79,832.325
3569,50,103,79.1587,-1784.28,847.477
3570,51,60,-245.214,15761.8,142.466
3571,51,61,-89.25,7339.8,162.022
3572,51,62,-123.242,9186.7,175.812
3573,51,63,-107.713,8337.77,189.283
3574,51,64,-114.231,8696.28,202.588
3575,51,65,-123.787,9225.06,215.874
3576,51,66,-103.363,8088.09,229.561
3577,51,67,-108.319,8365.64,242.697
3578,51,68,-102.362,8030.05,255.81
3579,51,69,-66.1816,5979.83,272.528
3580,51,70,-78.7904,6698.53,286.168
3581,51,71,2.94448,2012.4,317.126
3582,51,72,49.001,-643.527,335.387
3583,51,73,86.9244,-2843.08,352.569
3584,51,74,66.0212,-1623.73,367.776
3585,51,75,66.7425,-1666.05,381.898
3586,51,76,69.8845,-1851.43,396.011
3587,51,77,71.9545,-1974.25,410.067
3588,51,78,102.005,-3767.24,428.495
3589,51,79,138.114,-5933.81,448.94
3590,51,80,142.099,-6174.24,463.321
3591,51,81,145.962,-6408.6,477.678
3592,51,82,142.884,-6220.81,491.981
3593,51,83,154.122,-6910.06,507.22
3594,51,84,150.198,-6668.12,521.567
3595,51,85,140.599,-6073,536.727
3596,51,86,149.106,-6603.24,551.769
3597,51,87,175.545,-8260.08,574.408
3598,51,88,179.493,-8508.79,588.97
3599,51,89,164.804,-7578.51,606.238
3600,51,90,150.525,-6669.43,623.547
3601,51,91,136.21,-5753.27,641.069
3602,51,92,138.559,-5904.37,655.65
3603,51,93,138.468,-5898.5,670.118
3604,51,94,141.849,-6118.26,684.798
3605,51,95,144.013,-6259.64,699.33
3606,51,96,138.05,-5868.08,714.638
3607,51,97,128.353,-5228.04,731.604
3608,51,98,122.67,-4851.1,746.981
3609,51,99,113.049,-4209.67,764.299
3610,51,100,99.3366,-3290.95,784.705
3611,51,101,93.4824,-2896.77,800.387
3612,51,102,91.2456,-2745.41,815.133
3613,51,103,87.0393,-2459.39,830.37
3614,52,61,-146.92,10684.6,147.853
3615,52,62,-176.607,12317.4,161.51
3616,52,63,-149.595,10822.8,175.131
3617,52,64,-150.673,10882.8,188.431
3618,52,65,-156.388,11202.9,201.666
3619,52,66,-128.894,9653.98,215.571
3620,52,67,-131.278,9789.11,228.686
3621,52,68,-121.919,9255.63,241.889
3622,52,69,-79.5457,6826.22,258.914
3623,52,70,-92.075,7548.75,272.471
3624,52,71,-0.838158,2257.01,303.169
3625,52,72,49.9649,-706.505,321.306
3626,52,73,91.2483,-3128.46,338.365
3627,52,74,68.1514,-1765.75,353.6
3628,52,75,68.7553,-1801.58,367.766
3629,52,76,71.9877,-1994.44,381.917
3630,52,77,74.0551,-2118.49,396.011
3631,52,78,106.176,-4056.43,414.263
3632,52,79,144.566,-6385.47,434.428
3633,52,80,148.381,-6618.17,448.821
3634,52,81,152.083,-6845.22,463.188
3635,52,82,148.411,-6618.78,477.532
3636,52,83,160.006,-7337.65,492.713
3637,52,84,155.488,-7056.04,507.105
3638,52,85,145.013,-6399.64,522.323
3639,52,86,153.754,-6950.28,537.321
3640,52,87,181.403,-8701.42,559.646
3641,52,88,185.248,-8946.19,574.195
3642,52,89,169.483,-7937.25,591.537
3643,52,90,154.232,-6956.1,608.894
3644,52,91,139.016,-5972.14,626.442
3645,52,92,141.343,-6123.34,641.034
3646,52,93,141.115,-6108.47,655.524
3647,52,94,144.53,-6332.73,670.204
3648,52,95,146.671,-6474.01,684.744
3649,52,96,140.325,-6053.06,700.086
3650,52,97,130.107,-5371.85,717.068
3651,52,98,124.108,-4969.92,732.469
3652,52,99,114.025,-4291.05,749.78
3653,52,100,99.7136,-3322.62,770.112
3654,52,101,93.6102,-2907.59,785.797
3655,52,102,91.2806,-2748.4,800.561
3656,52,103,86.9113,-2448.37,815.804
3657,53,62,-56.4318,5227.1,144.72
3658,53,63,-46.3591,4663.03,157.904
3659,53,64,-64.8226,5703.14,171.112
3660,53,65,-84.625,6825.28,184.349
3661,53,66,-63.4544,5618.55,197.691
3662,53,67,-74.8821,6273.75,210.719
3663,53,68,-71.4026,6073.09,223.525
3664,53,69,-29.9871,3670.99,240.235
3665,53,70,-49.4151,4804.29,254.14
3666,53,71,46.9351,-848.252,285.86
3667,53,72,98.0412,-3863.51,303.627
3668,53,73,138.678,-6274.61,320.308
3669,53,74,109.169,-4513.94,335.987
3670,53,75,106.259,-4339.32,350.064
3671,53,76,106.635,-4362.03,364.075
3672,53,77,106.096,-4329.33,378.042
3673,53,78,138.223,-6289.06,396.031
3674,53,79,177.084,-8672.51,416.031
3675,53,80,178.848,-8781.33,430.263
3676,53,81,180.704,-8896.4,444.461
3677,53,82,174.879,-8533.32,458.81
3678,53,83,185.515,-9199.79,473.718
3679,53,84,179.12,-8796.93,488.155
3680,53,85,166.578,-8002.63,503.684
3681,53,86,174.564,-8511.07,518.44
3682,53,87,202.605,-10305.7,540.799
3683,53,88,205.485,-10491,555.179
3684,53,89,187.774,-9345.66,573.136
3685,53,90,170.758,-8239.6,591.015
3686,53,91,153.914,-7139.14,609.023
3687,53,92,155.612,-7250.62,623.529
3688,53,93,154.677,-7188.92,637.983
3689,53,94,157.609,-7383.41,652.55
3690,53,95,159.241,-7492.2,666.997
3691,53,96,152.035,-7009.4,682.506
3692,53,97,140.842,-6255.76,699.818
3693,53,98,134.116,-5800.6,715.367
3694,53,99,123.179,-5056.88,732.974
3695,53,100,107.889,-4012.09,753.71
3696,53,101,101.203,-3552.97,769.514
3697,53,102,98.4765,-3364.85,784.313
3698,53,103,93.6536,-3030.46,799.638
3699,54,63,3.37424,1679.03,144.055
3700,54,64,-27.4886,3438.22,157.442
3701,54,65,-56.8138,5119.53,170.862
3702,54,66,-36.6648,3957.6,184.094
3703,54,67,-53.5522,4937.07,197.261
3704,54,68,-52.4527,4872.93,210.079
3705,54,69,-8.22904,2278.48,226.333
3706,54,70,-32.5025,3710.61,240.474
3707,54,71,72.6741,-2529.87,271.163
3708,54,72,126.45,-5738.52,288.533
3709,54,73,168.31,-8250.07,304.885
3710,54,74,133.169,-6129.91,320.853
3711,54,75,127.812,-5804.94,334.966
3712,54,76,126.347,-5715.57,348.983
3713,54,77,124.121,-5579.01,362.962
3714,54,78,157.375,-7629.73,380.631
3715,54,79,197.752,-10133.1,400.272
3716,54,80,198.116,-10155.8,414.474
3717,54,81,198.729,-10194.2,428.637
3718,54,82,191.259,-9723.58,443.059
3719,54,83,201.511,-10372.9,457.815
3720,54,84,193.672,-9873.78,472.345
3721,54,85,179.437,-8962.75,488.082
3722,54,86,187.128,-9457.52,502.716
3723,54,87,216.079,-11329.7,524.784
3724,54,88,218.354,-11477.5,539.105
3725,54,89,198.944,-10209.4,557.386
3726,54,90,180.404,-8991.99,575.512
3727,54,91,162.166,-7788.29,593.716
3728,54,92,163.528,-7878.6,608.21
3729,54,93,162.15,-7786.78,622.682
3730,54,94,164.861,-7968.38,637.219
3731,54,95,166.225,-8060.23,651.649
3732,54,96,158.359,-7527.98,667.255
3733,54,97,146.37,-6712.73,684.696
3734,54,98,139.099,-6215.87,700.322
3735,54,99,127.47,-5417.32,718.022
3736,54,100,111.347,-4304.85,738.821
3737,54,101,104.238,-3811.97,754.67
3738,54,102,101.276,-3605.65,769.502
3739,54,103,96.1486,-3246.7,784.864
3740,55,64,7.33939,1313.71,143.979
3741,55,65,-33.65,3691.09,157.586
3742,55,66,-14.0035,2545.04,170.791
3743,55,67,-36.9753,3892.72,184.104
3744,55,68,-38.0868,3958.3,196.983
3745,55,69,10.1179,1098.16,212.855
3746,55,70,-19.4831,2864.35,227.18
3747,55,71,96.5355,-4096.77,256.719
3748,55,72,153.636,-7541.81,273.722
3749,55,73,197.039,-10175,289.772
3750,55,74,155.512,-7641.78,306.012
3751,55,75,147.517,-7151.43,320.186
3752,55,76,144.127,-6942.41,334.235
3753,55,77,140.161,-6696.5,348.252
3754,55,78,174.85,-8858.8,365.62
3755,55,79,217.059,-11503.9,384.894
3756,55,80,215.966,-11435,399.095
3757,55,81,215.302,-11393,413.253
3758,55,82,206.115,-10808.1,427.764
3759,55,83,216.05,-11443.9,442.4
3760,55,84,206.719,-10843.6,457.034
3761,55,85,190.724,-9809.23,472.957
3762,55,86,198.19,-10294.5,487.5
3763,55,87,228.224,-12256.8,509.241
3764,55,88,229.919,-12368.1,523.53
3765,55,89,208.739,-10970.2,542.073
3766,55,90,188.625,-9635.98,560.387
3767,55,91,168.957,-8324.76,578.724
3768,55,92,170.033,-8396.84,593.223
3769,55,93,168.251,-8276.88,607.722
3770,55,94,170.792,-8448.82,622.246
3771,55,95,171.933,-8526.43,636.676
3772,55,96,163.421,-7944.76,652.359
3773,55,97,150.639,-7067.06,669.881
3774,55,98,142.844,-6529.16,685.563
3775,55,99,130.531,-5675.49,703.309
3776,55,100,113.574,-4494.16,724.1
3777,55,101,106.068,-3968.73,739.976
3778,55,102,102.907,-3746.39,754.834
3779,55,103,97.503,-3364.53,770.219
3780,56,65,-66.1394,5705.43,144.16
3781,56,66,-37.0136,3987.01,157.522
3782,56,67,-59.979,5349.63,170.79
3783,56,68,-57.7225,5214.99,183.731
3784,56,69,0.173626,1741.22,199.743
3785,56,70,-32.0482,3685.27,213.939
3786,56,71,100.043,-4328.29,242.79
3787,56,72,163.449,-8196,259.613
3788,56,73,210.585,-11087,275.513
3789,56,74,163.26,-8168.64,291.813
3790,56,75,153.691,-7575.36,306.05
3791,56,76,149.39,-7307.3,320.155
3792,56,77,144.585,-7006.17,334.226
3793,56,78,181.906,-9357.41,351.417
3794,56,79,227.044,-12216.2,370.399
3795,56,80,225.065,-12090.2,384.639
3796,56,81,223.65,-11999.6,398.832
3797,56,82,213.164,-11325,413.41
3798,56,83,223.305,-11980.7,428.011
3799,56,84,212.83,-11299.9,442.71
3800,56,85,195.361,-10158.6,458.692
3801,56,86,203.009,-10660.8,473.218
3802,56,87,234.62,-12747.2,494.642
3803,56,88,236.03,-12840.6,508.944
3804,56,89,213.245,-11321.6,527.537
3805,56,90,191.724,-9879.75,545.862
3806,56,91,170.791,-8470.26,564.178
3807,56,92,171.826,-8540.28,578.702
3808,56,93,169.856,-8406.34,593.231
3809,56,94,172.445,-8583.25,607.773
3810,56,95,173.561,-8659.87,622.225
3811,56,96,164.554,-8038.4,637.922
3812,56,97,151.109,-7106.24,655.414
3813,56,98,142.929,-6536.35,671.097
3814,56,99,130.053,-5635.02,688.789
3815,56,100,112.364,-4390.88,709.441
3816,56,101,104.584,-3841.1,725.294
3817,56,102,101.351,-3611.59,740.159
3818,56,103,95.7872,-3214.69,755.53
3819,57,66,5.03636,1337.86,143.893
3820,57,67,-29.75,3425.05,157.349
3821,57,68,-32.1556,3570.18,170.35
3822,57,69,30.7143,-243.923,185.915
3823,57,70,-10.4736,2268.54,200.373
3824,57,71,136.354,-6736.86,228.072
3825,57,72,203.146,-10855.7,244.507
3826,57,73,251.157,-13832.4,260.09
3827,57,74,194.066,-10273.7,276.763
3828,57,75,180.246,-9407.72,291.086
3829,57,76,172.861,-8942.4,305.243
3830,57,77,165.362,-8467.51,319.369
3831,57,78,204.187,-10939.4,336.253
3832,57,79,251.313,-13955.4,354.859
3833,57,80,247.147,-13687.4,369.119
3834,57,81,243.852,-13474.3,383.326
3835,57,82,231.005,-12639.3,398.024
3836,57,83,240.575,-13264.5,412.51
3837,57,84,228.119,-12446.6,427.342
3838,57,85,208.391,-11144.5,443.538
3839,57,86,215.681,-11628.1,457.981
3840,57,87,248.513,-13816.9,479.07
3841,57,88,249.143,-13859.1,493.353
3842,57,89,224.182,-12178.4,512.231
3843,57,90,200.752,-10592.9,530.749
3844,57,91,178.107,-9053.08,549.196
3845,57,92,178.793,-9099.95,563.73
3846,57,93,176.34,-8931.53,578.29
3847,57,94,178.724,-9096.02,592.828
3848,57,95,179.575,-9155.02,607.285
3849,57,96,169.817,-8475.22,623.058
3850,57,97,155.46,-7470.22,640.623
3851,57,98,146.683,-6852.92,656.358
3852,57,99,133.033,-5888.34,674.086
3853,57,100,114.404,-4565.7,694.714
3854,57,101,106.188,-3979.6,710.588
3855,57,102,102.745,-3732.86,725.479
3856,57,103,96.8851,-3310.93,740.87
3857,58,67,-33.703,3678.04,144.238
3858,58,68,-35.8273,3807.62,157.345
3859,58,69,38.1329,-728.604,172.778
3860,58,70,-10.533,2272.46,187.253
3861,58,71,157.278,-8131.83,213.877
3862,58,72,230.186,-12676.4,230.052
3863,58,73,280.818,-15849.4,245.429
3864,58,74,213.521,-11609.6,262.296
3865,58,75,196.005,-10500.3,276.709
3866,58,76,186.182,-9874.94,290.937
3867,58,77,176.602,-9261.8,305.134
3868,58,78,218.055,-11928.6,321.801
3869,58,79,268.204,-15171.6,340.081
3870,58,80,262.207,-14781.7,354.392
3871,58,81,257.382,-14466.5,368.647
3872,58,82,242.425,-13484.4,383.441
3873,58,83,251.853,-14106.6,397.883
3874,58,84,237.638,-13163.7,412.811
3875,58,85,215.821,-11709.2,429.107
3876,58,86,223.101,-12197,443.527
3877,58,87,257.628,-14521.8,464.285
3878,58,88,257.71,-14527.3,478.583
3879,58,89,230.654,-12687.5,497.561
3880,58,90,205.411,-10962.6,516.12
3881,58,91,181.16,-9297.36,534.569
3882,58,92,181.711,-9335.35,549.129
3883,58,93,178.96,-9144.61,563.722
3884,58,94,181.331,-9309.8,578.278
3885,58,95,182.089,-9362.9,592.758
3886,58,96,171.702,-8632.33,608.554
3887,58,97,156.533,-7560.37,626.101
3888,58,98,147.276,-6903.09,641.842
3889,58,99,132.948,-5881.04,659.525
3890,58,100,113.456,-4484.17,680.026
3891,58,101,104.91,-3868.8,695.882
3892,58,102,101.371,-3612.81,710.782
3893,58,103,95.3155,-3172.8,726.164
3894,59,68,-58.203,5262.04,144.096
3895,59,69,33.2727,-409.455,159.568
3896,59,70,-22.6941,3079.14,173.969
3897,59,71,172.805,-9172.13,199.723
3898,59,72,253.91,-14281.7,215.703
3899,59,73,308.13,-17715.7,230.929
3900,59,74,229.007,-12678.2,247.921
3901,59,75,207.608,-11308.6,262.419
3902,59,76,195.405,-10523.6,276.72
3903,59,77,183.846,-9776.08,290.985
3904,59,78,228.719,-12692.8,307.488
3905,59,79,282.629,-16214.9,325.485
3906,59,80,274.775,-15699.2,339.858
3907,59,81,268.437,-15280.9,354.168
3908,59,82,251.313,-14145,369.044
3909,59,83,260.784,-14776.4,383.471
3910,59,84,244.789,-13704.8,398.474
3911,59,85,220.826,-12091.3,414.822
3912,59,86,228.269,-12594.9,429.242
3913,59,87,264.82,-15080.4,449.7
3914,59,88,264.428,-15053.6,464.026
3915,59,89,235.193,-13046.1,483.029
3916,59,90,208.089,-11176,501.573
3917,59,91,182.206,-9381.38,519.972
3918,59,92,182.728,-9417.71,534.563
3919,59,93,179.761,-9210.06,549.187
3920,59,94,182.219,-9382.96,563.768
3921,59,95,182.971,-9436.07,578.276
3922,59,96,171.991,-8656.47,594.072
3923,59,97,156.029,-7517.84,611.566
3924,59,98,146.334,-6823.04,627.295
3925,59,99,131.353,-5744.42,644.903
3926,59,100,111.009,-4272.91,665.242
3927,59,101,102.179,-3631.23,681.064
3928,59,102,98.6031,-3370.19,695.967
3929,59,103,92.4019,-2915.44,711.327
3930,60,69,-68.4364,6303.35,143.509
3931,60,70,-116.086,9305.3,157.28
3932,60,71,127.561,-6125.72,185.15
3933,60,72,228.104,-12527,201.319
3934,60,73,293.757,-16728.7,216.654
3935,60,74,206,-11083,233.402
3936,60,75,184.802,-9712.24,247.887
3937,60,76,173.847,-9000.14,262.193
3938,60,77,163.398,-8317.51,276.451
3939,60,78,215.147,-11715.7,293.086
3940,60,79,275.805,-15719.1,311.1
3941,60,80,267.853,-15191.6,325.505
3942,60,81,261.569,-14772.7,339.845
3943,60,82,243.553,-13565.6,354.692
3944,60,83,254.46,-14300,369.179
3945,60,84,237.691,-13165.3,384.14
3946,60,85,212.431,-11447.6,400.355
3947,60,86,221.047,-12036.4,414.836
3948,60,87,260.725,-14761,435.269
3949,60,88,260.588,-14751.5,449.628
3950,60,89,229.66,-12607.2,468.435
3951,60,90,201.165,-10622,486.789
3952,60,91,174.096,-8727.21,504.999
3953,60,92,175.141,-8800.67,519.615
3954,60,93,172.446,-8610.25,534.241
3955,60,94,175.463,-8824.45,548.858
3956,60,95,176.632,-8907.81,563.39
3957,60,96,165.401,-8102.91,579.105
3958,60,97,148.945,-6918.13,596.447
3959,60,98,139.116,-6207.17,612.091
3960,60,99,123.747,-5090.35,629.542
3961,60,100,102.783,-3559.92,649.653
3962,60,101,93.9234,-2910.25,665.382
3963,60,102,90.5653,-2662.86,680.246
3964,60,103,84.4475,-2210.15,695.531
3965,61,70,-122.294,9721.2,144.17
3966,61,71,166.782,-8779.65,170.714
3967,61,72,277.545,-15905.4,186.6
3968,61,73,345.692,-20312.3,201.723
3969,61,74,237.979,-13310.9,218.738
3970,61,75,209.691,-11462.8,233.334
3971,61,76,194.255,-10449.1,247.726
3972,61,77,180.176,-9519.94,262.068
3973,61,78,235.811,-13210.4,278.476
3974,61,79,300.679,-17534.9,296.152
3975,61,80,289.444,-16782.2,310.629
3976,61,81,280.505,-16180.3,325.033
3977,61,82,259.13,-14733.9,339.995
3978,61,83,269.631,-15447.9,354.444
3979,61,84,250.2,-14120.2,369.515
3980,61,85,221.919,-12178.2,385.841
3981,61,86,230.467,-12768,400.303
3982,61,87,272.387,-15674.5,420.399
3983,61,88,271.407,-15606.2,434.783
3984,61,89,237.6,-13239.7,453.696
3985,61,90,206.676,-11064.7,472.093
3986,61,91,177.506,-9003.35,490.301
3987,61,92,178.402,-9067.02,504.947
3988,61,93,175.347,-8849.05,519.608
3989,61,94,178.37,-9065.75,534.246
3990,61,95,179.44,-9142.74,548.803
3991,61,96,167.429,-8273.93,564.542
3992,61,97,149.974,-7005.58,581.866
3993,61,98,139.574,-6246.35,597.517
3994,61,99,123.393,-5059.77,614.923
3995,61,100,101.398,-3439.45,634.905
3996,61,101,92.1741,-2756.89,650.619
3997,61,102,88.7393,-2501.57,665.495
3998,61,103,82.4219,-2029.87,680.774
3999,62,71,356.179,-21658.6,152.786
4000,62,72,452.645,-27929,167.921
4001,62,73,502.967,-31216.6,182.348
4002,62,74,354.486,-21466.4,201.228
4003,62,75,305.513,-18234.2,216.069
4004,62,76,275.243,-16226.3,230.569
4005,62,77,249.281,-14495.5,245.017
4006,62,78,303.331,-18116.8,260.967
4007,62,79,367.904,-22464.7,278.209
4008,62,80,348.411,-21145.7,292.768
4009,62,81,332.681,-20076.1,307.229
4010,62,82,304.301,-18136.7,322.518
4011,62,83,311.65,-18641.4,336.751
4012,62,84,286.876,-16932,352.16
4013,62,85,253.181,-14595.8,369.036
4014,62,86,259.913,-15064.8,383.337
4015,62,87,302.792,-18066.3,403.148
4016,62,88,299.487,-17833.9,417.496
4017,62,89,261.26,-15132.5,437.122
4018,62,90,226.571,-12669.6,455.985
4019,62,91,194.13,-10355.4,474.523
4020,62,92,194.012,-10347,489.162
4021,62,93,189.79,-10043,503.856
4022,62,94,192.121,-10211.7,518.462
4023,62,95,192.445,-10235.1,533.006
4024,62,96,179.004,-9253.98,548.889
4025,62,97,159.937,-7855.72,566.401
4026,62,98,148.436,-7008.47,582.157
4027,62,99,130.937,-5713.58,599.695
4028,62,100,107.427,-3965.99,619.784
4029,62,101,97.4405,-3220.33,635.557
4030,62,102,93.5813,-2930.89,650.471
4031,62,103,86.7325,-2414.95,665.797
4032,63,72,505.142,-31551.3,153.549
4033,63,73,555.068,-34846.4,167.889
4034,63,74,373.157,-22779.6,186.883
4035,63,75,313.777,-18821,201.811
4036,63,76,278.002,-16424,216.384
4037,63,77,248.211,-14418,230.889
4038,63,78,309.151,-18541.7,246.779
4039,63,79,380.636,-23402.7,263.825
4040,63,80,357.562,-21825.9,278.463
4041,63,81,339.213,-20566,292.993
4042,63,82,307.342,-18366.9,308.316
4043,63,83,315.101,-18904.8,322.589
4044,63,84,287.761,-17000.2,338.009
4045,63,85,251.06,-14431.1,354.808
4046,63,86,258.529,-14956.4,369.154
4047,63,87,304.949,-18236.8,388.782
4048,63,88,301.225,-17972.3,403.173
4049,63,89,260.037,-15034.2,422.653
4050,63,90,222.957,-12376.9,441.363
4051,63,91,188.528,-9897.97,459.739
4052,63,92,188.776,-9915.89,474.411
4053,63,93,184.619,-9613.83,489.12
4054,63,94,187.419,-9818.27,503.763
4055,63,95,188.047,-9864.31,518.337
4056,63,96,174.075,-8834.99,534.161
4057,63,97,154.2,-7364.24,551.543
4058,63,98,142.378,-6485.52,567.235
4059,63,99,124.261,-5132.78,584.633
4060,63,100,99.8652,-3303.07,604.498
4061,63,101,89.7544,-2541.39,620.197
4062,63,102,86.0865,-2263.85,635.089
4063,63,103,79.2692,-1745.74,650.359
4064,64,73,673.106,-43109,152.175
4065,64,74,436.659,-27267.1,172.038
4066,64,75,356.799,-21889.8,187.171
4067,64,76,308.901,-18648.7,201.89
4068,64,77,270.44,-16033.3,216.518
4069,64,78,336.541,-20550.3,232.221
4070,64,79,413.538,-25837.4,248.951
4071,64,80,383.879,-23790.9,263.72
4072,64,81,360.567,-22174.6,278.361
4073,64,82,323.093,-19563.9,293.814
4074,64,83,330.053,-20051.2,308.098
4075,64,84,298.686,-17845,323.619
4076,64,85,257.654,-14945.4,340.466
4077,64,86,265.2,-15481.1,354.833
4078,64,87,314.932,-19028.7,374.168
4079,64,88,310.111,-18683.2,388.608
4080,64,89,265.071,-15440.4,408.081
4081,64,90,224.872,-12532.6,426.737
4082,64,91,187.847,-9842.14,445.029
4083,64,92,188.159,-9864.89,459.738
4084,64,93,183.766,-9542.75,474.478
4085,64,94,186.802,-9766.42,489.155
4086,64,95,187.508,-9818.65,503.763
4087,64,96,172.721,-8719.5,519.572
4088,64,97,151.757,-7154.14,536.876
4089,64,98,139.4,-6227.35,552.54
4090,64,99,120.441,-4799.18,569.842
4091,64,100,94.933,-2869.04,589.521
4092,64,101,84.5496,-2079.91,605.176
4093,64,102,80.9606,-1805.94,620.067
4094,64,103,74.0587,-1276.8,635.309
4095,65,74,472.452,-29808.3,157.5
4096,65,75,371.564,-22948,172.747
4097,65,76,313.222,-18961.3,187.552
4098,65,77,268.179,-15868.3,202.244
4099,65,78,344.046,-21103.2,217.912
4100,65,79,430.309,-27084,234.474
4101,65,80,394.846,-24613.4,249.33
4102,65,81,367.501,-22699.3,264.044
4103,65,82,325.093,-19716.6,279.522
4104,65,83,332.575,-20245.4,293.858
4105,65,84,297.819,-17777.7,309.376
4106,65,85,252.962,-14577.9,326.124
4107,65,86,261.62,-15198.4,340.544
4108,65,87,315.989,-19112.9,359.734
4109,65,88,310.678,-18728.7,374.218
4110,65,89,261.989,-15190.7,393.517
4111,65,90,218.935,-12047.8,412.001
4112,65,91,179.607,-9163.71,430.118
4113,65,92,180.53,-9231.67,444.86
4114,65,93,176.36,-8923.12,459.615
4115,65,94,180.092,-9200.56,474.332
4116,65,95,181.277,-9288.98,488.972
4117,65,96,165.955,-8139.87,504.715
4118,65,97,144.13,-6495.71,521.88
4119,65,98,131.495,-5539.63,537.475
4120,65,99,111.905,-4050.81,554.63
4121,65,100,85.4536,-2031.7,574.079
4122,65,101,75.0214,-1231.89,589.657
4123,65,102,71.7449,-979.601,604.526
4124,65,103,64.9617,-455.036,619.71
4125,66,75,350.585,-21437.5,158.21
4126,66,76,285.45,-16943.2,173.036
4127,66,77,237.528,-13620.6,187.73
4128,66,78,329.783,-20047.7,203.495
4129,66,79,430.407,-27091.3,220.031
4130,66,80,390.202,-24263.6,234.925
4131,66,81,360.02,-22130.7,249.667
4132,66,82,313.502,-18828,265.09
4133,66,83,323.104,-19512.9,279.495
4134,66,84,285.686,-16831.3,294.934
4135,66,85,237.557,-13366,311.495
4136,66,86,248.506,-14158,325.985
4137,66,87,309.01,-18554.6,345.185
4138,66,88,303.844,-18177.5,359.701
4139,66,89,251.668,-14351.2,378.739
4140,66,90,205.995,-10986.7,396.987
4141,66,91,164.637,-7926.18,414.879
4142,66,92,166.737,-8082.27,429.652
4143,66,93,163.255,-7822.26,444.406
4144,66,94,168.148,-8189.28,459.166
4145,66,95,170.208,-8344.42,473.833
4146,66,96,154.612,-7164.34,489.477
4147,66,97,132.132,-5455.85,506.469
4148,66,98,119.458,-4488.39,521.966
4149,66,99,99.4236,-2952.45,538.945
4150,66,100,72.174,-854.236,558.151
4151,66,101,61.9,-59.7098,573.625
4152,66,102,59.1556,153.433,588.457
4153,66,103,52.6781,658.685,603.56
4154,67,76,291.082,-17354.3,158.502
4155,67,77,233.423,-13318.2,173.281
4156,67,78,341.738,-20936.3,189.016
4157,67,79,456.003,-29011,205.386
4158,67,80,406.398,-25489.1,220.385
4159,67,81,370.032,-22895,235.213
4160,67,82,316.449,-19054.9,250.674
4161,67,83,326.833,-19802.6,265.137
4162,67,84,284.843,-16765.3,280.586
4163,67,85,231.737,-12906.2,297.062
4164,67,86,244.363,-13827.9,311.611
4165,67,87,311.023,-18716.3,330.655
4166,67,88,305.205,-18287.7,345.221
4167,67,89,248.373,-14082.2,364.101
4168,67,90,199.169,-10424.7,382.19
4169,67,91,155.048,-7130.33,399.919
4170,67,92,158.047,-7355.25,414.733
4171,67,93,154.951,-7121.98,429.51
4172,67,94,160.787,-7563.59,444.316
4173,67,95,163.496,-7769.48,459.022
4174,67,96,147.308,-6533.78,474.612
4175,67,97,123.849,-4735.24,491.477
4176,67,98,110.9,-3738.2,506.915
4177,67,99,90.1707,-2135.12,523.757
4178,67,100,61.8625,63.4862,542.739
4179,67,101,51.5906,864.695,558.146
4180,67,102,49.2666,1046.75,572.968
4181,67,103,42.9734,1541.81,588.023
4182,68,77,139.345,-6356.45,158.117
4183,68,78,284.459,-16659.5,174.144
4184,68,79,427.315,-26849.9,190.678
4185,68,80,374.492,-23064.2,205.651
4186,68,81,337.489,-20400,220.452
4187,68,82,281.1,-16321.2,235.774
4188,68,83,297.201,-17491.3,250.322
4189,68,84,253.757,-14319.9,265.615
4190,68,85,198.204,-10246,281.825
4191,68,86,215.689,-11534,296.468
4192,68,87,291.883,-17172.4,315.745
4193,68,88,287.333,-16834.1,330.326
4194,68,89,226.96,-12326.3,348.881
4195,68,90,175.339,-8454.71,366.687
4196,68,91,129.528,-5003.59,384.15
4197,68,92,134.808,-5403.15,398.994
4198,68,93,133.261,-5285.57,413.76
4199,68,94,141.136,-5886.72,428.617
4200,68,95,145.442,-6216.86,443.352
4201,68,96,129.383,-4980.28,458.812
4202,68,97,105.555,-3137.56,475.473
4203,68,98,92.9511,-2158.68,490.784
4204,68,99,72.0478,-528.217,507.424
4205,68,100,43.1223,1737.61,526.154
4206,68,101,33.3485,2506.48,541.432
4207,68,102,31.9341,2618.22,556.205
4208,68,103,26.2542,3068.83,571.159
4209,69,78,194.845,-9938.49,159.002
4210,69,79,379.968,-23267.3,175.797
4211,69,80,326.233,-19380.4,190.736
4212,69,81,290.962,-16817.4,205.505
4213,69,82,233.164,-12598.2,220.677
4214,69,83,257.804,-14405.1,235.329
4215,69,84,213.854,-11167.5,250.458
4216,69,85,156.46,-6920.3,266.39
4217,69,86,180.526,-8709.22,281.156
4218,69,87,268.441,-15273.6,300.734
4219,69,88,265.78,-15074,315.335
4220,69,89,201.71,-10247.4,333.561
4221,69,90,147.692,-6159.99,351.08
4222,69,91,100.301,-2558.29,368.273
4223,69,92,108.457,-3180.87,383.161
4224,69,93,108.894,-3214.39,397.923
4225,69,94,119.25,-4011.76,412.847
4226,69,95,125.496,-4494.81,427.621
4227,69,96,109.714,-3269.09,442.952
4228,69,97,85.5991,-1388.12,459.409
4229,69,98,73.4856,-439.222,474.594
4230,69,99,52.4895,1212.47,491.03
4231,69,100,22.9786,3543.83,509.503
4232,69,101,13.8333,4269.36,524.655
4233,69,102,13.4836,4297.22,539.387
4234,69,103,8.53347,4693.23,554.244
4235,70,79,400.503,-24828,160.992
4236,70,80,333.264,-19919.5,176.035
4237,70,81,290.942,-16815.9,190.892
4238,70,82,224.255,-11903.3,206.092
4239,70,83,253.688,-14081.3,220.825
4240,70,84,204.427,-10419.6,235.96
4241,70,85,141.037,-5686.47,251.802
4242,70,86,169.749,-7839.88,266.65
4243,70,87,268.63,-15288.9,286.081
4244,70,88,265.669,-15064.9,300.739
4245,70,89,195.203,-9709.43,318.813
4246,70,90,136.66,-5240.66,336.179
4247,70,91,85.9636,-1353.95,353.219
4248,70,92,96.0756,-2132.58,368.166
4249,70,93,97.5811,-2249,382.967
4250,70,94,109.67,-3187.91,397.952
4251,70,95,117.134,-3770.08,412.778
4252,70,96,100.802,-2490.79,428.071
4253,70,97,75.6013,-508.309,444.417
4254,70,98,63.3419,460.188,459.562
4255,70,99,41.6223,2183.27,475.875
4256,70,100,10.9086,4630.13,494.131
4257,70,101,1.94607,5347.13,509.232
4258,70,102,2.29562,5319.05,523.976
4259,70,103,-2.28759,5688.77,538.805
4260,71,80,136.967,-4804.63,158.992
4261,71,81,122.641,-3744.53,173.587
4262,71,82,72.8899,-46.366,188.338
4263,71,83,130.137,-4320.85,203.274
4264,71,84,91.489,-1422.22,217.974
4265,71,85,34.7054,2855.48,233.291
4266,71,86,80.2978,-594.346,248.444
4267,71,87,201.336,-9793.23,269.343
4268,71,88,205.523,-10112.9,283.948
4269,71,89,133.97,-4627.14,301.603
4270,71,90,75.6962,-140.047,318.584
4271,71,91,25.9779,3704.84,335.254
4272,71,92,42.4625,2424.54,350.259
4273,71,93,48.7609,1933.26,365.013
4274,71,94,65.9255,588.695,380.106
4275,71,95,77.486,-320.725,394.978
4276,71,96,62.9481,827.765,410.032
4277,71,97,38.6844,2752.69,426.086
4278,71,98,28.1862,3589.05,440.999
4279,71,99,7.39323,5252.48,457.025
4280,71,100,-23.0862,7700.99,475.039
4281,71,101,-30.4337,8293.69,489.918
4282,71,102,-28.0385,8099.68,504.575
4283,71,103,-31.0611,8345.52,519.224
4284,72,81,284.976,-16406.6,157.126
4285,72,82,196.664,-9783.24,172.173
4286,72,83,242.823,-13260.6,186.789
4287,72,84,180.893,-8574.53,201.77
4288,72,85,103.225,-2671.79,217.516
4289,72,86,145.761,-5918.66,232.38
4290,72,87,273.746,-15730.8,252.717
4291,72,88,269.907,-15435.3,267.262
4292,72,89,183.25,-8733.77,285.562
4293,72,90,113.654,-3328.53,302.915
4294,72,91,55.1684,1233.37,319.832
4295,72,92,70.4429,36.8762,334.779
4296,72,93,74.7702,-303.54,349.519
4297,72,94,91.1658,-1598.79,364.521
4298,72,95,101.586,-2425.48,379.325
4299,72,96,83.9573,-1021.04,394.495
4300,72,97,56.211,1198.66,410.722
4301,72,98,43.6369,2208.78,425.719
4302,72,99,20.2551,4094.91,441.879
4303,72,100,-13.2133,6805.85,460.015
4304,72,101,-21.7088,7496.82,474.95
4305,72,102,-19.7221,7334.57,489.621
4306,72,103,-23.4533,7640.53,504.308
4307,73,82,312.127,-18904.9,156.682
4308,73,83,345.686,-21455.4,171.133
4309,73,84,256.29,-14631.4,186.46
4310,73,85,155.074,-6871.55,202.565
4311,73,86,196.279,-10044.3,217.279
4312,73,87,334.593,-20740.6,236.991
4313,73,88,322.668,-19814.5,251.573
4314,73,89,219.609,-11775.8,270.293
4315,73,90,138.241,-5402,287.844
4316,73,91,71.0105,-113.205,304.865
4317,73,92,86.2282,-1315.4,319.82
4318,73,93,89.4643,-1572.13,334.592
4319,73,94,106.015,-2890.63,349.576
4320,73,95,116.05,-3693.46,364.375
4321,73,96,95.7466,-2062.43,379.628
4322,73,97,64.8375,430.902,395.929
4323,73,98,50.6326,1581.5,410.985
4324,73,99,25.0006,3666.23,427.183
4325,73,100,-11.1974,6622.4,445.285
4326,73,101,-20.4179,7378.48,460.255
4327,73,102,-18.3847,7211.09,474.959
4328,73,103,-22.4429,7546.57,489.681
4329,74,83,521.87,-35550,153.867
4330,74,84,384.186,-24948.4,169.996
4331,74,85,244.785,-14168,186.85
4332,74,86,278.527,-16788.7,201.34
4333,74,87,424.851,-28201.9,220.43
4334,74,88,399.302,-26200.6,235.08
4335,74,89,273.781,-16326.3,254.566
4336,74,90,176.467,-8638.46,272.464
4337,74,91,97.5191,-2375.27,289.677
4338,74,92,111.548,-3492.93,304.624
4339,74,93,112.576,-3575.14,319.425
4340,74,94,128.501,-4854.48,334.371
4341,74,95,137.405,-5572.69,349.153
4342,74,96,113.479,-3634.7,364.517
4343,74,97,78.5164,-791.08,380.939
4344,74,98,62.0808,551.164,396.07
4345,74,99,33.5965,2886.87,412.344
4346,74,100,-5.91957,6140.36,430.463
4347,74,101,-16.1756,6988.2,445.477
4348,74,102,-14.2948,6832.09,460.212
4349,74,103,-18.8963,7215.55,474.974
4350,75,84,252.027,-14243.5,154.028
4351,75,85,111.309,-3267.5,170.225
4352,75,86,172.921,-8093.79,184.961
4353,75,87,358.003,-22653.5,205.052
4354,75,88,338.354,-21101.3,219.621
4355,75,89,204.223,-10460.2,238.533
4356,75,90,103.44,-2431.15,255.972
4357,75,91,23.7953,3940.4,272.776
4358,75,92,47.5748,2030.11,287.804
4359,75,93,55.4447,1395.27,302.586
4360,75,94,78.6758,-486.439,317.649
4361,75,95,93.1724,-1665.5,332.488
4362,75,96,71.0927,137.673,347.63
4363,75,97,36.7757,2951.67,363.75
4364,75,98,22.4488,4131.25,378.676
4365,75,99,-5.14365,6412.23,394.657
4366,75,100,-44.7194,9697.01,412.471
4367,75,101,-52.8611,10375.5,427.297
4368,75,102,-48.2256,9987.65,441.993
4369,75,103,-50.8043,10204.3,456.615
4370,76,85,-0.336364,5887.43,154.783
4371,76,86,92.7773,-1468.55,169.85
4372,76,87,322.063,-19658.5,190.306
4373,76,88,304.92,-18292.9,204.912
4374,76,89,156.404,-6411.58,223.351
4375,76,90,48.5589,2252.01,240.427
4376,76,91,-34.1809,8926.35,256.913
4377,76,92,-0.783088,6221.13,272.074
4378,76,93,13.3344,5072.91,286.915
4379,76,94,43.4434,2614.01,302.118
4380,76,95,62.913,1017.5,317.053
4381,76,96,41.6123,2771.26,332.084
4382,76,97,6.85559,5644.48,347.991
4383,76,98,-6.11537,6721.07,362.816
4384,76,99,-33.6268,9013.69,378.584
4385,76,100,-74.09,12399.1,396.099
4386,76,101,-80.5987,12945.8,410.831
4387,76,102,-73.5652,12352.7,425.562
4388,76,103,-74.5181,12433.4,440.136
4389,77,86,-27.7909,8538.61,154.184
4390,77,87,265.105,-14893,175.363
4391,77,88,254.598,-14049,190.01
4392,77,89,90.9753,-850.102,207.952
4393,77,90,-22.9297,8376.2,224.648
4394,77,91,-107.17,15227.7,240.8
4395,77,92,-60.4735,11414.2,256.144
4396,77,93,-37.6728,9544.54,271.074
4397,77,94,1.44917,6323.5,286.453
4398,77,95,27.3886,4179.17,301.511
4399,77,96,7.51034,5829.07,316.435
4400,77,97,-27.3088,8730.66,332.128
4401,77,98,-38.353,9654.7,346.859
4402,77,99,-65.4536,11931.1,362.413
4403,77,100,-106.636,15404.2,379.62
4404,77,101,-111.062,15778.9,394.27
4405,77,102,-101.144,14935.9,409.06
4406,77,103,-100.125,14848.9,423.602
4407,78,87,149.803,-5207.7,159.856
4408,78,88,158.35,-5900,174.528
4409,78,89,-16.5017,8321.27,191.895
4410,78,90,-131.396,17704.3,208.136
4411,78,91,-212.175,24328.2,223.881
4412,78,92,-145.252,18818.2,239.532
4413,78,93,-109.004,15821.7,254.603
4414,78,94,-56.8873,11496,270.252
4415,78,95,-21.5838,8554.04,285.486
4416,78,96,-38.3996,9960.96,300.277
4417,78,97,-72.1096,12792.6,315.719
4418,78,98,-79.939,13452.9,330.337
4419,78,99,-105.723,15635.9,345.643
4420,78,100,-146.985,19143.2,362.521
4421,78,101,-148.417,19265.4,377.077
4422,78,102,-134.717,18091.8,391.963
4423,78,103,-131.037,17775.3,406.476
4424,79,88,241.93,-13004.3,159.434
4425,79,89,20.0909,5186.5,177
4426,79,90,-120.051,16724.8,193.307
4427,79,91,-215.003,24574.2,209.081
4428,79,92,-138.115,18192.5,224.743
4429,79,93,-97.9857,14848.4,239.844
4430,79,94,-40.732,10058.2,255.45
4431,79,95,-3.17586,6903.46,270.656
4432,79,96,-23.9053,8651.65,285.527
4433,79,97,-62.6895,11935.4,301.041
4434,79,98,-72.2438,12747.5,315.721
4435,79,99,-101.216,15219.8,331.074
4436,79,100,-146.639,19111,347.92
4437,79,101,-148.226,19247.5,362.524
4438,79,102,-133.4,17967.6,377.437
4439,79,103,-129.531,17632.2,391.989
4440,80,89,203.645,-10599.2,160.357
4441,80,90,4.65,5917.43,177.306
4442,80,91,-126.911,16880.8,193.434
4443,80,92,-51.7473,10592.1,208.862
4444,80,93,-18.2231,7776.12,223.816
4445,80,94,36.0295,3200.82,239.152
4446,80,95,68.6849,435.991,254.136
4447,80,96,37.0625,3123.9,269.147
4448,80,97,-12.8052,7379.28,284.952
4449,80,98,-28.6162,8733.75,299.699
4450,80,99,-64.8483,11849.7,315.273
4451,80,100,-118.061,16443.7,332.428
4452,80,101,-122.39,16818.9,347.058
4453,80,102,-108.522,15612.4,361.884
4454,80,103,-106.403,15427.4,376.416
4455,81,90,-32.4455,9144.74,162.321
4456,81,91,-181.182,21638.6,178.316
4457,81,92,-84.4458,13480.5,193.888
4458,81,93,-40.7335,9779.55,208.95
4459,81,94,24.4852,4235.96,224.371
4460,81,95,63.0339,946.464,239.429
4461,81,96,28.1651,3933.56,254.468
4462,81,97,-26.5227,8636.71,270.216
4463,81,98,-42.5663,10021.8,284.985
4464,81,99,-81.1439,13365.2,300.486
4465,81,100,-138.048,18315.9,317.433
4466,81,101,-140.886,18563.7,332.085
4467,81,102,-124.076,17090,346.993
4468,81,103,-120.42,16768.3,361.569
4469,82,91,-247.073,27437,163.119
4470,82,92,-120.768,16701.1,178.843
4471,82,93,-63.7168,11832.7,194.021
4472,82,94,15.0714,5083.2,209.525
4473,82,95,60.472,1178.75,224.655
4474,82,96,21.2955,4560.98,239.737
4475,82,97,-39.3695,9818.62,255.447
4476,82,98,-55.7892,11247.1,270.253
4477,82,99,-97.184,14862.3,285.7
4478,82,100,-158.39,20228,302.46
4479,82,101,-159.477,20323.7,317.147
4480,82,102,-139.295,18541,332.14
4481,82,103,-133.924,18064.7,346.768
4482,83,92,-239.409,27260.1,163.199
4483,83,93,-150.414,19606.5,178.567
4484,83,94,-44.0446,10423.3,194.279
4485,83,95,17.4354,5095.07,209.553
4486,83,96,-21.1896,8455.45,224.604
4487,83,97,-84.2786,13965.2,240.165
4488,83,98,-97.1371,15092.5,254.956
4489,83,99,-138.537,18735.7,270.254
4490,83,100,-201.949,24337.1,286.723
4491,83,101,-198.566,24037.1,301.419
4492,83,102,-172.457,21713.4,316.547
4493,83,103,-163.416,20905.7,331.223
4494,84,93,-109.227,15899.8,163.462
4495,84,94,8.99318,5614.58,179.112
4496,84,95,71.8802,122.447,194.355
4497,84,96,18.9368,4763.82,209.537
4498,84,97,-58.8973,11613.2,225.226
4499,84,98,-76.8545,13199.4,240.102
4500,84,99,-125.965,17553.9,255.486
4501,84,100,-198.316,23993.2,271.967
4502,84,101,-194.961,23693.4,286.723
4503,84,102,-166.483,21139.9,301.866
4504,84,103,-157.135,20298.6,316.584
4505,85,94,-65.1409,12360.8,163.809
4506,85,95,22.6591,4634.39,179.207
4507,85,96,-30.9047,9365.86,194.385
4508,85,97,-113.045,16649,209.953
4509,85,98,-125.832,17787,224.842
4510,85,99,-174.961,22175.8,240.105
4511,85,100,-250.231,28925.1,256.316
4512,85,101,-240.373,28037.9,271.112
4513,85,102,-203.686,24723.7,286.412
4514,85,103,-189.438,23431.9,301.2
4515,86,95,-142.502,19829.2,162.989
4516,86,96,-175.775,22790.5,178.023
4517,86,97,-247.461,29194.4,193.281
4518,86,98,-241.536,28663.2,208.097
4519,86,99,-281.153,32228.7,223.073
4520,86,100,-352.301,38655.7,238.845
4521,86,101,-328.452,36493.4,253.67
4522,86,102,-277.086,31819.1,269.29
4523,86,103,-253.099,29628.3,284.17
4524,87,96,-160.232,21345,163.027
4525,87,97,-247.777,29224.1,178.372
4526,87,98,-240.812,28594.9,193.285
4527,87,99,-286.636,32749.6,208.327
4528,87,100,-367.164,40077.7,224.067
4529,87,101,-338.154,37428,238.975
4530,87,102,-279.154,32019.7,254.63
4531,87,103,-252.102,29531,269.561
4532,88,97,78.6924,-1464.07,157.403
4533,88,98,27.5659,3188.44,172.042
4534,88,99,-70.625,12156.5,187.565
4535,88,100,-196.775,23720.3,204.466
4536,88,101,-187.961,22909.4,218.926
4537,88,102,-141.121,18584.5,233.948
4538,88,103,-127.942,17363.2,248.351
4539,89,98,197.483,-12953.7,155.166
4540,89,99,50.5455,564.568,171.426
4541,89,100,-116.824,16018.4,189.037
4542,89,101,-118.955,16215.8,203.496
4543,89,102,-75.2808,12154.1,218.3
4544,89,103,-69.1232,11579.4,232.632
4545,90,99,-43.8621,9627.7,156.309
4546,90,100,-224.498,26426.8,173.318
4547,90,101,-209.038,24983.9,187.795
4548,90,102,-144.786,18965.6,202.852
4549,90,103,-127.819,17370.8,217.242
4550,91,100,-415.898,44992.7,155.962
4551,91,101,-362.827,40004,170.509
4552,91,102,-262.235,30514.8,186.125
4553,91,103,-224.589,26951,200.622
4554,92,101,-633.941,66573.1,146.205
4555,92,102,-465.766,50596.5,165.091
4556,92,103,-387.924,43175.6,180.188
4557,93,102,-483.168,52319.3,151.239
4558,93,103,-388.009,43184,166.369
4559,94,103,-397.756,44158.7,152.431
