id, low, hi, m, q, cost
0,0,20,-0.08903759398496258,27.792857142857148
1,20,40,-0.14564661654135297,30.488075187969905
2,40,60,-0.18078195488721802,31.412706766917296
3,60,90,0.02575973303670748,17.10523322209862
4,90,115,-0.03080000000000003,20.945999999999998
5,115,135,0.09285714285714335,2.315285714285649
6,135,160,0.00013846153846157683,15.934846153846147
7,160,194,0.040635599694423354,14.42840488922839
