,0,1,2,3,4,5
0,0,8,134.2123977413714,"(1, 0, 0)","(0, 0, 0, 0)","(-4.285714285714331, 2880.0)"
1,0,9,151.3087546196426,"(1, 0, 0)","(0, 0, 0, 0)","(86.00000000000017, 2669.333333333331)"
2,0,10,167.80439154246253,"(1, 0, 0)","(0, 0, 0, 0)","(146.909090909091, 2506.9090909090896)"
3,0,11,192.27511109916946,"(1, 0, 0)","(0, 0, 0, 0)","(-12.000000000000034, 2983.636363636364)"
4,0,12,208.59534296157983,"(1, 0, 0)","(0, 0, 0, 0)","(21.398601398601375, 2872.307692307692)"
5,0,13,221.06356780898375,"(2, 0, 0)","(0, 0, 0, 0)","{'const': 3094.429617462663, 'ar.L1': -0.6541563221820522, 'ar.L2': -0.7938564300666425, 'sigma2': 651881.5356581819}"
6,0,14,239.50334747908397,"(2, 0, 0)","(0, 0, 0, 0)","{'const': 3171.4274040362734, 'ar.L1': -0.4069172106783163, 'ar.L2': -0.6663862220881819, 'sigma2': 896174.1308906636}"
7,0,15,254.86713804052573,"(2, 0, 0)","(0, 0, 0, 0)","{'const': 3162.1916466671814, 'ar.L1': -0.4088352125896242, 'ar.L2': -0.6638830316772337, 'sigma2': 757890.805726029}"
8,0,16,270.9551036267188,"(2, 0, 0)","(0, 0, 0, 0)","{'const': 3141.492238333134, 'ar.L1': -0.35967958474463135, 'ar.L2': -0.6420657981780495, 'sigma2': 790799.1688638676}"
9,0,17,289.145321974688,"(2, 0, 0)","(0, 0, 0, 0)","{'const': 3087.9827507931195, 'ar.L1': -0.34061078488929564, 'ar.L2': -0.557740755978151, 'sigma2': 880007.0301758009}"
10,0,18,305.275703431511,"(2, 0, 0)","(0, 0, 0, 0)","{'const': 3062.4066847669264, 'ar.L1': -0.31845141538421157, 'ar.L2': -0.5540136649106708, 'sigma2': 863959.3450349311}"
11,0,19,340.3864600148785,"(2, 0, 0)","(0, 0, 0, 0)","{'const': 3200.404250159637, 'ar.L1': -0.43534538604310696, 'ar.L2': -0.6098333860516109, 'sigma2': 2333056.053910923}"
12,0,20,357.2244895522257,"(2, 0, 0)","(0, 0, 0, 0)","{'const': 3230.9988983450553, 'ar.L1': -0.2862540308236726, 'ar.L2': -0.6058055325658803, 'sigma2': 2202361.0349709876}"
13,0,21,375.2818331236615,"(0, 0, 0)","(0, 0, 0, 0)","{'const': 3285.7113517527423, 'sigma2': 2834637.434044478}"
14,0,22,391.99479625192345,"(0, 0, 0)","(0, 0, 0, 0)","{'const': 3267.279095643512, 'sigma2': 2672743.572374557}"
15,0,23,417.79563367330655,"(0, 0, 0)","(0, 0, 0, 0)","{'const': 3506.090741983598, 'sigma2': 3832034.1211547577}"
16,0,24,435.4746649811765,"(0, 0, 0)","(0, 0, 0, 0)","{'const': 3575.000000000001, 'sigma2': 3814020.3604696323}"
17,0,25,444.83691277355416,"(2, 1, 0)","(0, 0, 0, 0)","{'ar.L1': -0.6552098520267547, 'ar.L2': -0.5440754128136158, 'sigma2': 5392931.696664036}"
18,0,26,462.8783964266552,"(2, 1, 0)","(0, 0, 0, 0)","{'ar.L1': -0.7121942424690811, 'ar.L2': -0.603200475899169, 'sigma2': 5292241.235465177}"
19,0,27,480.22215357142227,"(2, 1, 0)","(0, 0, 0, 0)","{'ar.L1': -0.7328897699169727, 'ar.L2': -0.6023252801377426, 'sigma2': 5094191.761283578}"
20,0,28,497.47446359074405,"(2, 1, 0)","(0, 0, 0, 0)","{'ar.L1': -0.7317290177508671, 'ar.L2': -0.6161105139773541, 'sigma2': 4895470.389159179}"
21,0,29,514.6337752772865,"(2, 1, 0)","(0, 0, 0, 0)","{'ar.L1': -0.7336267254318416, 'ar.L2': -0.6187658586305782, 'sigma2': 4707411.10101418}"
22,0,30,532.0148181399853,"(2, 1, 0)","(0, 0, 0, 0)","{'ar.L1': -0.7477901851001578, 'ar.L2': -0.6183671633141874, 'sigma2': 4573792.4734105235}"
23,0,31,550.0763381022167,"(2, 1, 0)","(0, 0, 0, 0)","{'ar.L1': -0.7571898734939327, 'ar.L2': -0.5974090000379126, 'sigma2': 4565309.839830913}"
24,0,32,571.2947691148057,"(2, 1, 0)","(0, 0, 0, 0)","{'ar.L1': -0.769413162529874, 'ar.L2': -0.5638288005896566, 'sigma2': 5054264.613031988}"
25,0,33,590.0705805765182,"(2, 1, 0)","(0, 0, 0, 0)","{'ar.L1': -0.8115545174835541, 'ar.L2': -0.5664873756071286, 'sigma2': 5130247.7717869505}"
26,0,34,608.9448497133916,"(2, 1, 0)","(0, 0, 0, 0)","{'ar.L1': -0.8480029423129493, 'ar.L2': -0.5451963618303319, 'sigma2': 5226771.602880745}"
27,0,35,628.0866870398646,"(2, 1, 0)","(0, 0, 0, 0)","{'ar.L1': -0.8736465546057353, 'ar.L2': -0.5108341442932078, 'sigma2': 5364944.216286491}"
28,0,36,647.0745714954472,"(2, 1, 0)","(0, 0, 0, 0)","{'ar.L1': -0.8957526262825535, 'ar.L2': -0.48323706767173674, 'sigma2': 5470894.901020591}"
29,0,37,664.3757098708652,"(2, 1, 0)","(0, 0, 0, 0)","{'ar.L1': -0.894027205969212, 'ar.L2': -0.48551343089841026, 'sigma2': 5311693.637446094}"
30,0,38,682.6138555147996,"(2, 1, 0)","(0, 0, 0, 0)","{'ar.L1': -0.8843795697659728, 'ar.L2': -0.45367731207603035, 'sigma2': 5305938.863523643}"
31,0,39,699.8777851392845,"(2, 1, 0)","(0, 0, 0, 0)","{'ar.L1': -0.8848605186614993, 'ar.L2': -0.45373874664243635, 'sigma2': 5158857.190161511}"
32,0,40,717.3229167718835,"(2, 1, 0)","(0, 0, 0, 0)","{'ar.L1': -0.8859002193982657, 'ar.L2': -0.45842302551965886, 'sigma2': 5046035.86478461}"
33,0,41,735.066505639624,"(2, 1, 0)","(0, 0, 0, 0)","{'ar.L1': -0.8958798179816962, 'ar.L2': -0.4673215189036228, 'sigma2': 4976977.311680696}"
34,0,42,752.3894919704292,"(2, 1, 0)","(0, 0, 0, 0)","{'ar.L1': -0.8893116951223162, 'ar.L2': -0.4655747259993993, 'sigma2': 4864707.584547475}"
35,0,43,769.8436176758473,"(2, 1, 0)","(0, 0, 0, 0)","{'ar.L1': -0.8876454190662706, 'ar.L2': -0.45679772048701217, 'sigma2': 4775559.29556483}"
36,0,44,787.0855936143678,"(2, 1, 0)","(0, 0, 0, 0)","{'ar.L1': -0.888228643825931, 'ar.L2': -0.4554007280591742, 'sigma2': 4667714.515573417}"
37,0,45,806.1622242986357,"(2, 1, 0)","(0, 0, 0, 0)","{'ar.L1': -0.8849362215304581, 'ar.L2': -0.4601536653274245, 'sigma2': 4762854.76015999}"
38,0,46,823.5093933733983,"(2, 1, 0)","(0, 0, 0, 0)","{'ar.L1': -0.873900689129932, 'ar.L2': -0.45185684748034916, 'sigma2': 4673254.349122927}"
39,0,47,840.6706141596994,"(2, 1, 0)","(0, 0, 0, 0)","{'ar.L1': -0.8738388116842396, 'ar.L2': -0.45359348150033035, 'sigma2': 4568419.548401429}"
40,0,48,858.7472467287853,"(2, 1, 0)","(0, 0, 0, 0)","{'ar.L1': -0.8812899794842646, 'ar.L2': -0.46671791477329583, 'sigma2': 4557005.617708813}"
41,0,49,875.9971015064285,"(2, 1, 0)","(0, 0, 0, 0)","{'ar.L1': -0.8893733637715691, 'ar.L2': -0.471819921607256, 'sigma2': 4468626.160309315}"
42,0,50,893.8579691176315,"(2, 1, 0)","(0, 0, 0, 0)","{'ar.L1': -0.8787608601290002, 'ar.L2': -0.4771375413086714, 'sigma2': 4442409.598566765}"
43,0,51,911.7562877262096,"(2, 1, 0)","(0, 0, 0, 0)","{'ar.L1': -0.8642444797770101, 'ar.L2': -0.45490399440137286, 'sigma2': 4423893.231887406}"
44,0,52,929.8094711588587,"(2, 1, 0)","(0, 0, 0, 0)","{'ar.L1': -0.8623514399297231, 'ar.L2': -0.4527111769416274, 'sigma2': 4416635.242351082}"
45,0,53,948.9195617111368,"(2, 1, 0)","(0, 0, 0, 0)","{'ar.L1': -0.8820467644461849, 'ar.L2': -0.4649071062404012, 'sigma2': 4497770.370496685}"
46,0,54,966.0354729789412,"(2, 1, 0)","(0, 0, 0, 0)","{'ar.L1': -0.8813972648612345, 'ar.L2': -0.46489844330553703, 'sigma2': 4409763.428555633}"
47,0,55,983.7924544150533,"(2, 1, 0)","(0, 0, 0, 0)","{'ar.L1': -0.8792284239324963, 'ar.L2': -0.48038496860396196, 'sigma2': 4377318.198030259}"
48,0,56,1001.017276334757,"(2, 1, 0)","(0, 0, 0, 0)","{'ar.L1': -0.8719093037051657, 'ar.L2': -0.4711715882380341, 'sigma2': 4306863.432261018}"
49,0,57,1018.0911283562766,"(2, 1, 0)","(0, 0, 0, 0)","{'ar.L1': -0.8720412368342878, 'ar.L2': -0.4713400315816004, 'sigma2': 4227106.807763543}"
50,0,58,1035.153765361057,"(2, 1, 0)","(0, 0, 0, 0)","{'ar.L1': -0.8721672183303566, 'ar.L2': -0.47208976516466566, 'sigma2': 4150692.41609353}"
51,0,59,1052.964588287719,"(2, 1, 0)","(0, 0, 0, 0)","{'ar.L1': -0.8682231875177808, 'ar.L2': -0.46629075258655794, 'sigma2': 4132341.1905577593}"
52,0,60,1070.0529003726097,"(2, 1, 0)","(0, 0, 0, 0)","{'ar.L1': -0.8702638635925792, 'ar.L2': -0.4676821348954281, 'sigma2': 4063337.5769853517}"
53,0,61,1027.2439478606864,"(0, 1, 2)","(0, 0, 0, 0)","{'ma1': -1.204798979245211, 'ma2': 0.451325836486137}"
54,0,62,1044.5721347917631,"(0, 1, 2)","(0, 0, 0, 0)","{'ma1': -1.178027414554279, 'ma2': 0.4143535622285932}"
55,0,63,1061.4742704817445,"(0, 1, 2)","(0, 0, 0, 0)","{'ma1': -1.179979423803606, 'ma2': 0.4162117624314766}"
56,0,64,1078.8982103279654,"(0, 1, 2)","(0, 0, 0, 0)","{'ma1': -1.1798745109143245, 'ma2': 0.42671578765680573}"
57,0,65,1095.7709203682869,"(0, 1, 2)","(0, 0, 0, 0)","{'ma1': -1.179765550423591, 'ma2': 0.4274450074962621}"
58,0,66,1113.959536982059,"(0, 1, 2)","(0, 0, 0, 0)","{'ma1': -1.1725325416168761, 'ma2': 0.4011433877740193}"
59,0,67,1131.0575884664443,"(0, 1, 2)","(0, 0, 0, 0)","{'ma1': -1.1610615480934028, 'ma2': 0.3833921768588699}"
60,0,68,1148.1044845591962,"(0, 1, 2)","(0, 0, 0, 0)","{'ma1': -1.1540294217750384, 'ma2': 0.3757380775689071}"
61,1,9,136.103558627815,"(1, 0, 0)","(0, 0, 0, 0)","(82.85714285714288, 2769.9999999999995)"
62,1,10,152.53302797361326,"(1, 0, 0)","(0, 0, 0, 0)","(158.00000000000003, 2594.6666666666665)"
63,1,11,176.1744875045783,"(1, 0, 0)","(0, 0, 0, 0)","(-34.90909090909075, 3109.090909090906)"
64,1,12,192.6136143245551,"(1, 0, 0)","(0, 0, 0, 0)","(8.727272727272645, 2978.181818181819)"
65,1,13,211.7661128278663,"(1, 0, 0)","(0, 0, 0, 0)","(107.41258741258744, 2649.2307692307695)"
66,1,14,220.90650266518173,"(2, 0, 0)","(0, 0, 0, 0)","{'const': 3212.307903805047, 'ar.L1': -0.47607007061718953, 'ar.L2': -0.7651650632887445, 'sigma2': 700791.988788538}"
67,1,15,236.18851263925058,"(2, 0, 0)","(0, 0, 0, 0)","{'const': 3224.704616336856, 'ar.L1': -0.47867111113857924, 'ar.L2': -0.7546009223015103, 'sigma2': 618725.078149229}"
68,1,16,252.80500642743493,"(2, 0, 0)","(0, 0, 0, 0)","{'const': 3188.35081062791, 'ar.L1': -0.40930842594006756, 'ar.L2': -0.7211172480926976, 'sigma2': 647369.4432222337}"
69,1,17,272.00453525176675,"(2, 0, 0)","(0, 0, 0, 0)","{'const': 3127.2536002296642, 'ar.L1': -0.37790944048492736, 'ar.L2': -0.6103702968067108, 'sigma2': 842451.844668676}"
70,1,18,288.3192734775094,"(2, 0, 0)","(0, 0, 0, 0)","{'const': 3098.058748276762, 'ar.L1': -0.350269680697151, 'ar.L2': -0.6022193739912904, 'sigma2': 838173.7320374076}"
71,1,19,322.87525230701493,"(2, 0, 0)","(0, 0, 0, 0)","{'const': 3241.1079165968254, 'ar.L1': -0.46977119429122327, 'ar.L2': -0.6521087148399991, 'sigma2': 2302457.0122680557}"
72,1,20,339.7588064209572,"(2, 0, 0)","(0, 0, 0, 0)","{'const': 3274.291629738044, 'ar.L1': -0.31201936620369036, 'ar.L2': -0.6480817369152334, 'sigma2': 2174232.267229013}"
73,1,21,358.42557790672896,"(0, 0, 0)","(0, 0, 0, 0)","{'const': 3318.002994714714, 'sigma2': 2924927.9446074604}"
74,1,22,375.18948455802916,"(0, 0, 0)","(0, 0, 0, 0)","{'const': 3297.145454911566, 'sigma2': 2814875.4719818705}"
75,1,23,400.5853269016663,"(0, 0, 0)","(0, 0, 0, 0)","{'const': 3545.4545454545455, 'sigma2': 3985209.414105683}"
76,1,24,418.2429805160728,"(0, 0, 0)","(0, 0, 0, 0)","{'const': 3615.635239088537, 'sigma2': 3952784.5583723714}"
77,1,25,435.77211004898766,"(0, 0, 0)","(0, 0, 0, 0)","{'const': 3555.002687250976, 'sigma2': 3879915.1437146715}"
78,1,26,446.4873716822216,"(2, 1, 0)","(0, 0, 0, 0)","{'ar.L1': -0.7062568548480581, 'ar.L2': -0.5759753527471067, 'sigma2': 5403282.603874928}"
79,1,27,463.8883907514272,"(2, 1, 0)","(0, 0, 0, 0)","{'ar.L1': -0.7258466319311585, 'ar.L2': -0.5753706297918253, 'sigma2': 5193213.256363389}"
80,1,28,481.2430775614089,"(2, 1, 0)","(0, 0, 0, 0)","{'ar.L1': -0.7244184465745092, 'ar.L2': -0.5926835031109489, 'sigma2': 4982039.369988183}"
81,1,29,498.479831772121,"(2, 1, 0)","(0, 0, 0, 0)","{'ar.L1': -0.7278284543115139, 'ar.L2': -0.5973165723608154, 'sigma2': 4782916.503941924}"
82,1,30,515.9069070496643,"(2, 1, 0)","(0, 0, 0, 0)","{'ar.L1': -0.7417761287010858, 'ar.L2': -0.5970399451525551, 'sigma2': 4642107.639759258}"
83,1,31,533.9230433929715,"(2, 1, 0)","(0, 0, 0, 0)","{'ar.L1': -0.7508286580737151, 'ar.L2': -0.5765115754301251, 'sigma2': 4631305.737796126}"
84,1,32,554.8887138874276,"(2, 1, 0)","(0, 0, 0, 0)","{'ar.L1': -0.7626754488943641, 'ar.L2': -0.5425215479403579, 'sigma2': 5136067.255004349}"
85,1,33,573.6282254634416,"(2, 1, 0)","(0, 0, 0, 0)","{'ar.L1': -0.8046383227001275, 'ar.L2': -0.5451155347064259, 'sigma2': 5214153.377811767}"
86,1,34,592.4155950852677,"(2, 1, 0)","(0, 0, 0, 0)","{'ar.L1': -0.8402848981139908, 'ar.L2': -0.5239605820033911, 'sigma2': 5312990.562506636}"
87,1,35,611.439233276803,"(2, 1, 0)","(0, 0, 0, 0)","{'ar.L1': -0.8651894924810242, 'ar.L2': -0.49002462838593835, 'sigma2': 5454093.24305176}"
88,1,36,630.3356956241097,"(2, 1, 0)","(0, 0, 0, 0)","{'ar.L1': -0.8867370760153115, 'ar.L2': -0.4627359395438337, 'sigma2': 5561607.25288275}"
89,1,37,647.6864368589986,"(2, 1, 0)","(0, 0, 0, 0)","{'ar.L1': -0.8846813962107893, 'ar.L2': -0.4654840318762303, 'sigma2': 5394746.336040987}"
90,1,38,665.8673214005647,"(2, 1, 0)","(0, 0, 0, 0)","{'ar.L1': -0.875274262603466, 'ar.L2': -0.4345688789309029, 'sigma2': 5385885.176697814}"
91,1,39,683.1721979683557,"(2, 1, 0)","(0, 0, 0, 0)","{'ar.L1': -0.8757592833922865, 'ar.L2': -0.4347752471255929, 'sigma2': 5232327.38164145}"
92,1,40,700.6592310313166,"(2, 1, 0)","(0, 0, 0, 0)","{'ar.L1': -0.8769001538581216, 'ar.L2': -0.4396984572462003, 'sigma2': 5114375.623448238}"
93,1,41,718.4378799524594,"(2, 1, 0)","(0, 0, 0, 0)","{'ar.L1': -0.8870446172315646, 'ar.L2': -0.4487825958962913, 'sigma2': 5042015.180514525}"
94,1,42,735.7940494311333,"(2, 1, 0)","(0, 0, 0, 0)","{'ar.L1': -0.8805521917379626, 'ar.L2': -0.4471142652498769, 'sigma2': 4924793.95828501}"
95,1,43,753.2579502951237,"(2, 1, 0)","(0, 0, 0, 0)","{'ar.L1': -0.8789624696872472, 'ar.L2': -0.4386951482282998, 'sigma2': 4831736.10734723}"
96,1,44,770.5308775293342,"(2, 1, 0)","(0, 0, 0, 0)","{'ar.L1': -0.8795695235570797, 'ar.L2': -0.43741463625146415, 'sigma2': 4719804.791139875}"
97,1,45,789.5889173547035,"(2, 1, 0)","(0, 0, 0, 0)","{'ar.L1': -0.8762526226583979, 'ar.L2': -0.44214619648199943, 'sigma2': 4815882.145186921}"
98,1,46,806.9513249728451,"(2, 1, 0)","(0, 0, 0, 0)","{'ar.L1': -0.8656941731120461, 'ar.L2': -0.43423486167784214, 'sigma2': 4722445.605404641}"
99,1,47,824.1508530446896,"(2, 1, 0)","(0, 0, 0, 0)","{'ar.L1': -0.8656459823871896, 'ar.L2': -0.4362407277634455, 'sigma2': 4614022.113283306}"
100,1,48,842.257857281607,"(2, 1, 0)","(0, 0, 0, 0)","{'ar.L1': -0.8732423816839705, 'ar.L2': -0.44962579028240435, 'sigma2': 4601581.851486628}"
101,1,49,859.5460930972263,"(2, 1, 0)","(0, 0, 0, 0)","{'ar.L1': -0.8816208898899076, 'ar.L2': -0.45497160022873545, 'sigma2': 4510511.163092161}"
102,1,50,877.433125699596,"(2, 1, 0)","(0, 0, 0, 0)","{'ar.L1': -0.8709141358930903, 'ar.L2': -0.4604049145580264, 'sigma2': 4482460.175527841}"
103,1,51,895.2936399332345,"(2, 1, 0)","(0, 0, 0, 0)","{'ar.L1': -0.8567969050829538, 'ar.L2': -0.4387680812093588, 'sigma2': 4462189.422198996}"
104,1,52,913.3450504817657,"(2, 1, 0)","(0, 0, 0, 0)","{'ar.L1': -0.8549081871003206, 'ar.L2': -0.436579902176984, 'sigma2': 4453919.064196161}"
105,1,53,932.4465397290242,"(2, 1, 0)","(0, 0, 0, 0)","{'ar.L1': -0.8746992391178996, 'ar.L2': -0.4488247640553401, 'sigma2': 4536580.160118157}"
106,1,54,949.593191393757,"(2, 1, 0)","(0, 0, 0, 0)","{'ar.L1': -0.8741332690070449, 'ar.L2': -0.44889503398989145, 'sigma2': 4446001.659817516}"
107,1,55,967.3992295184897,"(2, 1, 0)","(0, 0, 0, 0)","{'ar.L1': -0.8719503903754827, 'ar.L2': -0.46492927126424377, 'sigma2': 4412153.3955844985}"
108,1,56,984.6319727535421,"(2, 1, 0)","(0, 0, 0, 0)","{'ar.L1': -0.8651813506845497, 'ar.L2': -0.45642011547613914, 'sigma2': 4339432.035920376}"
109,1,57,1001.7355887677936,"(2, 1, 0)","(0, 0, 0, 0)","{'ar.L1': -0.8653244613697157, 'ar.L2': -0.4566496307600352, 'sigma2': 4257555.966899365}"
110,1,58,1018.8289091117247,"(2, 1, 0)","(0, 0, 0, 0)","{'ar.L1': -0.8654803226100707, 'ar.L2': -0.457525899478585, 'sigma2': 4179163.268281159}"
111,1,59,1036.63449218043,"(2, 1, 0)","(0, 0, 0, 0)","{'ar.L1': -0.8615666719809978, 'ar.L2': -0.4517708949904848, 'sigma2': 4159844.7503097192}"
112,1,60,1053.7519215058792,"(2, 1, 0)","(0, 0, 0, 0)","{'ar.L1': -0.8636747788695678, 'ar.L2': -0.45324728491414656, 'sigma2': 4089170.686242536}"
113,1,61,1074.0840639101275,"(2, 1, 0)","(0, 0, 0, 0)","{'ar.L1': -0.8530666769480761, 'ar.L2': -0.4559314914440458, 'sigma2': 4253450.666160846}"
114,1,62,1046.4957379272992,"(2, 1, 1)","(0, 0, 0, 0)","{'ar1': -0.46419324932571837, 'ar2': -0.27195352811644274, 'ma1': -0.6588270145843279}"
115,1,63,1063.3927308090992,"(2, 1, 1)","(0, 0, 0, 0)","{'ar1': -0.4642709099436773, 'ar2': -0.27304444069161743, 'ma1': -0.6589366732452149}"
116,1,64,1080.6529250443293,"(2, 1, 1)","(0, 0, 0, 0)","{'ar1': -0.4782118811130741, 'ar2': -0.28586914799605007, 'ma1': -0.6468064487598899}"
117,1,65,1097.5209297535937,"(2, 1, 1)","(0, 0, 0, 0)","{'ar1': -0.47798119813611917, 'ar2': -0.286209456713682, 'ma1': -0.6462881322252804}"
118,1,66,1115.3300916368764,"(2, 1, 1)","(0, 0, 0, 0)","{'ar1': -0.4741455701936469, 'ar2': -0.29399180182130796, 'ma1': -0.652315693917895}"
119,1,67,1132.3721961497024,"(2, 1, 1)","(0, 0, 0, 0)","{'ar1': -0.4630144329634675, 'ar2': -0.28693709373622434, 'ma1': -0.6563938574067286}"
120,1,68,1149.4404280875754,"(2, 1, 1)","(0, 0, 0, 0)","{'ar1': -0.462423381168416, 'ar2': -0.28040742223116505, 'ma1': -0.6547900843734945}"
121,2,10,137.18958495334198,"(1, 0, 0)","(0, 0, 0, 0)","(162.8571428571427, 2730.0)"
122,2,11,159.89255300841978,"(1, 0, 0)","(0, 0, 0, 0)","(-73.99999999999976, 3282.6666666666642)"
123,2,12,176.48953716675612,"(1, 0, 0)","(0, 0, 0, 0)","(-13.818181818181763, 3122.181818181816)"
124,2,13,195.5759943019993,"(1, 0, 0)","(0, 0, 0, 0)","(106.90909090909098, 2760.0000000000005)"
125,2,14,212.2365896178646,"(1, 0, 0)","(0, 0, 0, 0)","(66.29370629370625, 2895.3846153846143)"
126,2,15,220.8114280121895,"(2, 0, 0)","(0, 0, 0, 0)","{'const': 3242.3794158129003, 'ar.L1': -0.49384612947139683, 'ar.L2': -0.7343798170611779, 'sigma2': 729442.7736770166}"
127,2,16,237.47068708249355,"(2, 0, 0)","(0, 0, 0, 0)","{'const': 3199.9113230104435, 'ar.L1': -0.41700966938104556, 'ar.L2': -0.7062048157581691, 'sigma2': 727177.190525498}"
128,2,17,256.5685598544911,"(2, 0, 0)","(0, 0, 0, 0)","{'const': 3096.000649836327, 'ar.L1': -0.37822701681893567, 'ar.L2': -0.5961647859996251, 'sigma2': 915176.1806747051}"
129,2,18,272.8267857187386,"(2, 0, 0)","(0, 0, 0, 0)","{'const': 3100.9615399549657, 'ar.L1': -0.35381080456004976, 'ar.L2': -0.5953761779325683, 'sigma2': 874611.7559457795}"
130,2,19,306.32401016335814,"(2, 0, 0)","(0, 0, 0, 0)","{'const': 3254.447451060373, 'ar.L1': -0.48409387781825897, 'ar.L2': -0.6323215243856279, 'sigma2': 2477058.530010673}"
131,2,20,323.42762254825027,"(2, 0, 0)","(0, 0, 0, 0)","{'const': 3366.6653086836955, 'ar.L1': -0.32025651618537576, 'ar.L2': -0.6089144182006486, 'sigma2': 2434902.951842932}"
132,2,21,341.51994034782206,"(0, 0, 0)","(0, 0, 0, 0)","{'const': 3353.6868942232795, 'sigma2': 3040779.8788082204}"
133,2,22,358.3322003826826,"(0, 0, 0)","(0, 0, 0, 0)","{'const': 3329.997259188942, 'sigma2': 2908204.8510749904}"
134,2,23,383.32601139076496,"(0, 0, 0)","(0, 0, 0, 0)","{'const': 3588.5749816225525, 'sigma2': 4094095.6483327253}"
135,2,24,400.96404413726384,"(0, 0, 0)","(0, 0, 0, 0)","{'const': 3660.000784725741, 'sigma2': 4087565.0171438367}"
136,2,25,418.53624925138615,"(0, 0, 0)","(0, 0, 0, 0)","{'const': 3594.798211317248, 'sigma2': 3902355.416039323}"
137,2,26,440.5555890192409,"(0, 0, 0)","(0, 0, 0, 0)","{'const': 3790.000000000001, 'sigma2': 4713562.794691892}"
138,2,27,446.3561444850994,"(2, 1, 0)","(0, 0, 0, 0)","{'ar.L1': -0.7167070563389433, 'ar.L2': -0.6092973323965156, 'sigma2': 5422442.163736878}"
139,2,28,463.6905792346572,"(2, 1, 0)","(0, 0, 0, 0)","{'ar.L1': -0.7160735811367052, 'ar.L2': -0.6213898900441542, 'sigma2': 5192327.841798202}"
140,2,29,480.949546037568,"(2, 1, 0)","(0, 0, 0, 0)","{'ar.L1': -0.7183539026866734, 'ar.L2': -0.6244579600875129, 'sigma2': 4976200.156192813}"
141,2,30,498.4316201827058,"(2, 1, 0)","(0, 0, 0, 0)","{'ar.L1': -0.7335120700379452, 'ar.L2': -0.6239779989361097, 'sigma2': 4821111.311375721}"
142,2,31,516.5465920711463,"(2, 1, 0)","(0, 0, 0, 0)","{'ar.L1': -0.7431887261132442, 'ar.L2': -0.601990144101286, 'sigma2': 4802033.852521975}"
143,2,32,537.5622172331772,"(2, 1, 0)","(0, 0, 0, 0)","{'ar.L1': -0.7550962355999551, 'ar.L2': -0.5671278394808521, 'sigma2': 5317722.234576891}"
144,2,33,556.363161615749,"(2, 1, 0)","(0, 0, 0, 0)","{'ar.L1': -0.7982695916949624, 'ar.L2': -0.5696005728610145, 'sigma2': 5388918.362800588}"
145,2,34,575.2672108404666,"(2, 1, 0)","(0, 0, 0, 0)","{'ar.L1': -0.8356267560070114, 'ar.L2': -0.5469608775205183, 'sigma2': 5481527.847230221}"
146,2,35,594.4080589495246,"(2, 1, 0)","(0, 0, 0, 0)","{'ar.L1': -0.8615899842983856, 'ar.L2': -0.5108885777789874, 'sigma2': 5618522.20591529}"
147,2,36,613.3952767571445,"(2, 1, 0)","(0, 0, 0, 0)","{'ar.L1': -0.8838966978162269, 'ar.L2': -0.48200053569293866, 'sigma2': 5721350.238754951}"
148,2,37,630.7771374988251,"(2, 1, 0)","(0, 0, 0, 0)","{'ar.L1': -0.8826767803391787, 'ar.L2': -0.4840626294740371, 'sigma2': 5544518.143712426}"
149,2,38,649.0295328412919,"(2, 1, 0)","(0, 0, 0, 0)","{'ar.L1': -0.8728154218286168, 'ar.L2': -0.45146103699936097, 'sigma2': 5531108.017588813}"
150,2,39,666.375340903256,"(2, 1, 0)","(0, 0, 0, 0)","{'ar.L1': -0.8734359012594874, 'ar.L2': -0.4515430618427977, 'sigma2': 5368733.886814173}"
151,2,40,683.8828442218867,"(2, 1, 0)","(0, 0, 0, 0)","{'ar.L1': -0.8746163403117315, 'ar.L2': -0.4563905832373176, 'sigma2': 5243524.648911454}"
152,2,41,701.6745792397035,"(2, 1, 0)","(0, 0, 0, 0)","{'ar.L1': -0.8847705142344849, 'ar.L2': -0.46549318975327236, 'sigma2': 5164874.813802254}"
153,2,42,719.0563630910189,"(2, 1, 0)","(0, 0, 0, 0)","{'ar.L1': -0.8785360843131245, 'ar.L2': -0.46387467937033683, 'sigma2': 5041732.823536849}"
154,2,43,736.5695538352222,"(2, 1, 0)","(0, 0, 0, 0)","{'ar.L1': -0.8768765000860033, 'ar.L2': -0.45489192116969585, 'sigma2': 4943132.138236914}"
155,2,44,753.8811618124042,"(2, 1, 0)","(0, 0, 0, 0)","{'ar.L1': -0.8775429701580473, 'ar.L2': -0.453486988079444, 'sigma2': 4825410.7791629555}"
156,2,45,772.8902499311704,"(2, 1, 0)","(0, 0, 0, 0)","{'ar.L1': -0.8742258391831894, 'ar.L2': -0.4583273084535867, 'sigma2': 4921586.888131718}"
157,2,46,790.28352570127,"(2, 1, 0)","(0, 0, 0, 0)","{'ar.L1': -0.8635708567404624, 'ar.L2': -0.45024722234058673, 'sigma2': 4824035.118089717}"
158,2,47,807.5103838084077,"(2, 1, 0)","(0, 0, 0, 0)","{'ar.L1': -0.8636109428560346, 'ar.L2': -0.4519776624880755, 'sigma2': 4710651.113785578}"
159,2,48,825.5954915152021,"(2, 1, 0)","(0, 0, 0, 0)","{'ar.L1': -0.8711581487875799, 'ar.L2': -0.46534215398327483, 'sigma2': 4695355.784049022}"
160,2,49,842.9122841690652,"(2, 1, 0)","(0, 0, 0, 0)","{'ar.L1': -0.8796389469926436, 'ar.L2': -0.4707153363863811, 'sigma2': 4599622.096595032}"
161,2,50,860.7691204075907,"(2, 1, 0)","(0, 0, 0, 0)","{'ar.L1': -0.869240400681468, 'ar.L2': -0.4761342251224687, 'sigma2': 4569788.00492914}"
162,2,51,878.6764485806025,"(2, 1, 0)","(0, 0, 0, 0)","{'ar.L1': -0.8546672621220865, 'ar.L2': -0.45364223533403614, 'sigma2': 4547817.794864984}"
163,2,52,896.7336852632548,"(2, 1, 0)","(0, 0, 0, 0)","{'ar.L1': -0.8527739081836179, 'ar.L2': -0.4514286855445109, 'sigma2': 4537638.543533313}"
164,2,53,915.8116416649883,"(2, 1, 0)","(0, 0, 0, 0)","{'ar.L1': -0.8726106705375896, 'ar.L2': -0.463796771357848, 'sigma2': 4619209.2791541945}"
165,2,54,932.9857946779675,"(2, 1, 0)","(0, 0, 0, 0)","{'ar.L1': -0.8725141154604232, 'ar.L2': -0.46394908078619784, 'sigma2': 4525166.523086877}"
166,2,55,950.7473945724363,"(2, 1, 0)","(0, 0, 0, 0)","{'ar.L1': -0.8704790989040124, 'ar.L2': -0.4795339109325429, 'sigma2': 4489404.446717592}"
167,2,56,968.017138104725,"(2, 1, 0)","(0, 0, 0, 0)","{'ar.L1': -0.863281780851421, 'ar.L2': -0.47037201506560167, 'sigma2': 4414078.101108932}"
168,2,57,985.1469984372837,"(2, 1, 0)","(0, 0, 0, 0)","{'ar.L1': -0.8635193079003194, 'ar.L2': -0.47056611296222195, 'sigma2': 4329192.470535443}"
169,2,58,1002.2639020552684,"(2, 1, 0)","(0, 0, 0, 0)","{'ar.L1': -0.8637045215344981, 'ar.L2': -0.4713297036895893, 'sigma2': 4247975.550824589}"
170,2,59,1020.0870644640343,"(2, 1, 0)","(0, 0, 0, 0)","{'ar.L1': -0.8597514067503931, 'ar.L2': -0.46546516151388767, 'sigma2': 4227172.292254295}"
171,2,60,1037.2283971424915,"(2, 1, 0)","(0, 0, 0, 0)","{'ar.L1': -0.8618951151160512, 'ar.L2': -0.4669216582846615, 'sigma2': 4153902.019337706}"
172,2,61,1057.473287839862,"(2, 1, 0)","(0, 0, 0, 0)","{'ar.L1': -0.8511999210227555, 'ar.L2': -0.46972682315354497, 'sigma2': 4320543.453808603}"
173,2,62,1074.603182278087,"(2, 1, 0)","(0, 0, 0, 0)","{'ar.L1': -0.8477160330840847, 'ar.L2': -0.4668049745163395, 'sigma2': 4247214.563732696}"
174,2,63,1027.415328448697,"(0, 1, 2)","(0, 0, 0, 0)","{'ma1': -1.1687216444682447, 'ma2': 0.409970136613538}"
175,2,64,1044.851509511828,"(0, 1, 2)","(0, 0, 0, 0)","{'ma1': -1.1690997064971111, 'ma2': 0.4204833396678168}"
176,2,65,1080.2391257621289,"(2, 1, 1)","(0, 0, 0, 0)","{'ar1': -0.4687576617585366, 'ar2': -0.2823518887135008, 'ma1': -0.6509962925760284}"
177,2,66,1098.0532440397992,"(2, 1, 1)","(0, 0, 0, 0)","{'ar1': -0.4647455971761673, 'ar2': -0.28998509571202963, 'ma1': -0.6571098065652994}"
178,2,67,1115.1153344575548,"(2, 1, 1)","(0, 0, 0, 0)","{'ar1': -0.45314164015560837, 'ar2': -0.28260812280664727, 'ma1': -0.6616293025558594}"
179,2,68,1132.1910307754563,"(2, 1, 1)","(0, 0, 0, 0)","{'ar1': -0.4523307446408167, 'ar2': -0.2759190051113316, 'ma1': -0.6602592864656535}"
180,3,11,142.4906828999182,"(1, 0, 0)","(0, 0, 0, 0)","(-194.2857142857144, 3770.0000000000005)"
181,3,12,159.4881388943769,"(1, 0, 0)","(0, 0, 0, 0)","(-93.99999999999976, 3535.999999999997)"
182,3,13,179.0227052891826,"(1, 0, 0)","(0, 0, 0, 0)","(66.90909090909082, 3106.90909090909)"
183,3,14,195.58682813531,"(1, 0, 0)","(0, 0, 0, 0)","(26.181818181818393, 3229.090909090909)"
184,3,15,212.98287180254135,"(1, 0, 0)","(0, 0, 0, 0)","(-39.86013986013987, 3449.230769230769)"
185,3,16,221.73508098912322,"(2, 0, 0)","(0, 0, 0, 0)","{'const': 3216.6040989158796, 'ar.L1': -0.3903125487615228, 'ar.L2': -0.6990440376252577, 'sigma2': 727363.0493575407}"
186,3,17,240.7137997946314,"(2, 0, 0)","(0, 0, 0, 0)","{'const': 3141.5935913681346, 'ar.L1': -0.3606321805747944, 'ar.L2': -0.5900697258778148, 'sigma2': 921501.1337778429}"
187,3,18,257.13995163777906,"(2, 0, 0)","(0, 0, 0, 0)","{'const': 3119.9997933278783, 'ar.L1': -0.3292494293913617, 'ar.L2': -0.5807546367010477, 'sigma2': 968202.4344059482}"
188,3,19,289.5974041953134,"(2, 0, 0)","(0, 0, 0, 0)","{'const': 3285.414015416391, 'ar.L1': -0.4526355998284496, 'ar.L2': -0.6269976106466807, 'sigma2': 2408470.3759217304}"
189,3,20,306.48553931165213,"(2, 0, 0)","(0, 0, 0, 0)","{'const': 3313.5549917983767, 'ar.L1': -0.30489977617460384, 'ar.L2': -0.615762673637578, 'sigma2': 2460218.0760287833}"
190,3,21,324.25353683603834,"(0, 0, 0)","(0, 0, 0, 0)","{'const': 3420.0040472987384, 'sigma2': 3127782.5523617435}"
191,3,22,341.11187379782984,"(0, 0, 0)","(0, 0, 0, 0)","{'const': 3391.5786813388067, 'sigma2': 2996181.8787242165}"
192,3,23,365.7351101821849,"(0, 0, 0)","(0, 0, 0, 0)","{'const': 3660.0204715383175, 'sigma2': 4237388.652199724}"
193,3,24,383.32601326161017,"(0, 0, 0)","(0, 0, 0, 0)","{'const': 3731.42857142857, 'sigma2': 4093025.232359907}"
194,3,25,400.96404418833436,"(0, 0, 0)","(0, 0, 0, 0)","{'const': 3660.000063780078, 'sigma2': 4087565.558874469}"
195,3,26,422.7646799723019,"(0, 0, 0)","(0, 0, 0, 0)","{'const': 3860.8535843122577, 'sigma2': 4778167.937804466}"
196,3,27,440.1897018078075,"(0, 0, 0)","(0, 0, 0, 0)","{'const': 3905.000000000001, 'sigma2': 4666846.579751751}"
197,3,28,445.0607285689558,"(2, 1, 0)","(0, 0, 0, 0)","{'ar.L1': -0.7289012187859896, 'ar.L2': -0.6069135724600248, 'sigma2': 5425242.343614655}"
198,3,29,462.3069578753095,"(2, 1, 0)","(0, 0, 0, 0)","{'ar.L1': -0.7314924482316609, 'ar.L2': -0.6104442498965084, 'sigma2': 5189542.907444738}"
199,3,30,479.74614137614583,"(2, 1, 0)","(0, 0, 0, 0)","{'ar.L1': -0.7458469520332249, 'ar.L2': -0.6104423132094943, 'sigma2': 5018775.125870033}"
200,3,31,497.7968718023303,"(2, 1, 0)","(0, 0, 0, 0)","{'ar.L1': -0.7554549556400221, 'ar.L2': -0.5905770215626849, 'sigma2': 4989622.509964772}"
201,3,32,518.7702796961219,"(2, 1, 0)","(0, 0, 0, 0)","{'ar.L1': -0.7678938057500366, 'ar.L2': -0.5580141139677732, 'sigma2': 5515517.014871484}"
202,3,33,537.502875780271,"(2, 1, 0)","(0, 0, 0, 0)","{'ar.L1': -0.8105482913539778, 'ar.L2': -0.5613201741515199, 'sigma2': 5581052.90140484}"
203,3,34,556.3188776099537,"(2, 1, 0)","(0, 0, 0, 0)","{'ar.L1': -0.8474061042343148, 'ar.L2': -0.5414575105668273, 'sigma2': 5667339.337157887}"
204,3,35,575.3878189914992,"(2, 1, 0)","(0, 0, 0, 0)","{'ar.L1': -0.8734420634100054, 'ar.L2': -0.5087437654346672, 'sigma2': 5798719.348000401}"
205,3,36,594.3231822272752,"(2, 1, 0)","(0, 0, 0, 0)","{'ar.L1': -0.8959552518296747, 'ar.L2': -0.48244987333111766, 'sigma2': 5895421.736413596}"
206,3,37,611.6900134856263,"(2, 1, 0)","(0, 0, 0, 0)","{'ar.L1': -0.8942200384082802, 'ar.L2': -0.48473692793127776, 'sigma2': 5707542.016637691}"
207,3,38,629.9297197834751,"(2, 1, 0)","(0, 0, 0, 0)","{'ar.L1': -0.8845752345465197, 'ar.L2': -0.4535826407258879, 'sigma2': 5685772.483502798}"
208,3,39,647.2551841773292,"(2, 1, 0)","(0, 0, 0, 0)","{'ar.L1': -0.8851121440151537, 'ar.L2': -0.45371078230027895, 'sigma2': 5513753.587258705}"
209,3,40,664.7480272316475,"(2, 1, 0)","(0, 0, 0, 0)","{'ar.L1': -0.8862271140152185, 'ar.L2': -0.4583906744358057, 'sigma2': 5380989.873765753}"
210,3,41,682.5195991532928,"(2, 1, 0)","(0, 0, 0, 0)","{'ar.L1': -0.8963311480461988, 'ar.L2': -0.46728478038920096, 'sigma2': 5296598.06943299}"
211,3,42,699.8923659538993,"(2, 1, 0)","(0, 0, 0, 0)","{'ar.L1': -0.8896925398929071, 'ar.L2': -0.4654780851444028, 'sigma2': 5166441.0910910675}"
212,3,43,717.3857742771257,"(2, 1, 0)","(0, 0, 0, 0)","{'ar.L1': -0.8880610423972745, 'ar.L2': -0.45691207161997727, 'sigma2': 5061066.809998952}"
213,3,44,734.6759009871992,"(2, 1, 0)","(0, 0, 0, 0)","{'ar.L1': -0.8887069564411461, 'ar.L2': -0.4556119398874203, 'sigma2': 4936985.646331285}"
214,3,45,753.708756281108,"(2, 1, 0)","(0, 0, 0, 0)","{'ar.L1': -0.8853342570945334, 'ar.L2': -0.46017785300549413, 'sigma2': 5033292.453825212}"
215,3,46,771.097295782886,"(2, 1, 0)","(0, 0, 0, 0)","{'ar.L1': -0.8741909991952586, 'ar.L2': -0.4518783087276058, 'sigma2': 4930164.198086673}"
216,3,47,788.3061791584272,"(2, 1, 0)","(0, 0, 0, 0)","{'ar.L1': -0.8741559221796291, 'ar.L2': -0.45361119756028573, 'sigma2': 4811551.25624403}"
217,3,48,806.3866945140007,"(2, 1, 0)","(0, 0, 0, 0)","{'ar.L1': -0.8816855778352938, 'ar.L2': -0.4666089294540806, 'sigma2': 4794255.711283756}"
218,3,49,823.6761739573125,"(2, 1, 0)","(0, 0, 0, 0)","{'ar.L1': -0.8898734749976174, 'ar.L2': -0.4717680170331627, 'sigma2': 4694112.608493339}"
219,3,50,841.5507784009474,"(2, 1, 0)","(0, 0, 0, 0)","{'ar.L1': -0.8791173289000145, 'ar.L2': -0.47681103033601074, 'sigma2': 4662134.330283764}"
220,3,51,859.4581376655018,"(2, 1, 0)","(0, 0, 0, 0)","{'ar.L1': -0.8644939359164338, 'ar.L2': -0.454799088022017, 'sigma2': 4636454.637898103}"
221,3,52,877.5142873608133,"(2, 1, 0)","(0, 0, 0, 0)","{'ar.L1': -0.862591892180349, 'ar.L2': -0.45262855929466855, 'sigma2': 4624026.468934069}"
222,3,53,896.5832757109017,"(2, 1, 0)","(0, 0, 0, 0)","{'ar.L1': -0.8824826539112567, 'ar.L2': -0.46490893422246843, 'sigma2': 4705788.844121613}"
223,3,54,913.7402429801238,"(2, 1, 0)","(0, 0, 0, 0)","{'ar.L1': -0.8818232110394109, 'ar.L2': -0.4649051710743247, 'sigma2': 4607995.730256965}"
224,3,55,931.5133202911056,"(2, 1, 0)","(0, 0, 0, 0)","{'ar.L1': -0.8796043504685978, 'ar.L2': -0.4800900398896992, 'sigma2': 4570842.361722983}"
225,3,56,948.7718764873058,"(2, 1, 0)","(0, 0, 0, 0)","{'ar.L1': -0.8722461495626527, 'ar.L2': -0.4709574012170096, 'sigma2': 4491966.361391873}"
226,3,57,965.8837944651852,"(2, 1, 0)","(0, 0, 0, 0)","{'ar.L1': -0.8723962106997485, 'ar.L2': -0.47114474566075376, 'sigma2': 4403889.706750096}"
227,3,58,982.9833172085147,"(2, 1, 0)","(0, 0, 0, 0)","{'ar.L1': -0.8725415165473172, 'ar.L2': -0.4719044353352842, 'sigma2': 4319707.882023267}"
228,3,59,1000.8029096177105,"(2, 1, 0)","(0, 0, 0, 0)","{'ar.L1': -0.8685743054936201, 'ar.L2': -0.4661575901135737, 'sigma2': 4296910.323896628}"
229,3,60,1017.924663584118,"(2, 1, 0)","(0, 0, 0, 0)","{'ar.L1': -0.8706497031208305, 'ar.L2': -0.46757014379743234, 'sigma2': 4221017.360653914}"
230,3,61,1038.228726475224,"(2, 1, 0)","(0, 0, 0, 0)","{'ar.L1': -0.8598809061758288, 'ar.L2': -0.4701047943902948, 'sigma2': 4389877.602691184}"
231,3,62,1055.346399342939,"(2, 1, 0)","(0, 0, 0, 0)","{'ar.L1': -0.8560443917371924, 'ar.L2': -0.4669531743860342, 'sigma2': 4313892.948555562}"
232,3,63,1072.7874060871318,"(2, 1, 0)","(0, 0, 0, 0)","{'ar.L1': -0.8513700312531263, 'ar.L2': -0.4714618612460477, 'sigma2': 4264999.14148327}"
233,3,64,1049.095717062723,"(0, 1, 1)","(0, 0, 0, 0)","{'ma1': -1.1655774206741911, 'drift': -126.94887761199897}"
234,3,65,1066.1134432294061,"(0, 1, 1)","(0, 0, 0, 0)","{'ma1': -1.1641896192270693, 'drift': -125.62488812097361}"
235,3,66,1084.015767315488,"(0, 1, 1)","(0, 0, 0, 0)","{'ma1': -1.1663648311925474, 'drift': -127.69596992493092}"
236,3,67,1101.0351898095234,"(0, 1, 1)","(0, 0, 0, 0)","{'ma1': -1.1669366743790461, 'drift': -128.23539907644528}"
237,3,68,1117.9454318365645,"(0, 1, 1)","(0, 0, 0, 0)","{'ma1': -1.1521566696510777, 'drift': -114.1726711659899}"
238,4,12,142.94279310974446,"(1, 0, 0)","(0, 0, 0, 0)","(-22.857142857142787, 3109.9999999999986)"
239,4,13,161.76627801471287,"(1, 0, 0)","(0, 0, 0, 0)","(158.00000000000006, 2687.999999999999)"
240,4,14,178.5763920763425,"(1, 0, 0)","(0, 0, 0, 0)","(90.909090909091, 2866.9090909090896)"
241,4,15,196.27973229269008,"(1, 0, 0)","(0, 0, 0, 0)","(1.09090909090911, 3136.363636363637)"
242,4,16,212.53407800403465,"(1, 0, 0)","(0, 0, 0, 0)","(-1.1641605262111626e-14, 3139.999999999999)"
243,4,17,224.58034226648863,"(2, 0, 0)","(0, 0, 0, 0)","{'const': 3128.0921319833465, 'ar.L1': -0.3623565174348976, 'ar.L2': -0.5667166124567057, 'sigma2': 974661.1559565599}"
244,4,18,240.86941953423906,"(2, 0, 0)","(0, 0, 0, 0)","{'const': 3091.3835168822716, 'ar.L1': -0.33505988122076996, 'ar.L2': -0.5610050333222503, 'sigma2': 957152.2882466724}"
245,4,19,273.0176049525928,"(2, 0, 0)","(0, 0, 0, 0)","{'const': 3260.9377087867624, 'ar.L1': -0.45309598452357713, 'ar.L2': -0.6019644937937624, 'sigma2': 2793035.9659839314}"
246,4,20,290.0773962357539,"(2, 0, 0)","(0, 0, 0, 0)","{'const': 3389.998184633398, 'ar.L1': -0.3008674453533787, 'ar.L2': -0.5786750246325852, 'sigma2': 2759676.9142311653}"
247,4,21,307.24001976356703,"(0, 0, 0)","(0, 0, 0, 0)","{'const': 3374.117647058824, 'sigma2': 3326501.898601216}"
248,4,22,324.12055317132524,"(0, 0, 0)","(0, 0, 0, 0)","{'const': 3346.670200578546, 'sigma2': 3103188.9337936663}"
249,4,23,348.552223830959,"(0, 0, 0)","(0, 0, 0, 0)","{'const': 3631.588397564063, 'sigma2': 4406836.942769036}"
250,4,24,366.1850876194922,"(0, 0, 0)","(0, 0, 0, 0)","{'const': 3707.999550802236, 'sigma2': 4302152.953252635}"
251,4,25,383.821521124206,"(0, 0, 0)","(0, 0, 0, 0)","{'const': 3634.287148592794, 'sigma2': 4217736.334065917}"
252,4,26,405.51084024785655,"(0, 0, 0)","(0, 0, 0, 0)","{'const': 3845.454545454545, 'sigma2': 4983115.3358151745}"
253,4,27,422.97175304357063,"(0, 0, 0)","(0, 0, 0, 0)","{'const': 3892.1739130434785, 'sigma2': 4819072.058175247}"
254,4,28,440.2937380605497,"(0, 0, 0)","(0, 0, 0, 0)","{'const': 3859.9863763101803, 'sigma2': 4679417.821143215}"
255,4,29,445.8485255172866,"(2, 1, 0)","(0, 0, 0, 0)","{'ar.L1': -0.7328876212506086, 'ar.L2': -0.5928162696552323, 'sigma2': 5425210.379133811}"
256,4,30,463.33031805795497,"(2, 1, 0)","(0, 0, 0, 0)","{'ar.L1': -0.7468531964624661, 'ar.L2': -0.5928692129350687, 'sigma2': 5236690.8353535915}"
257,4,31,481.34474577967774,"(2, 1, 0)","(0, 0, 0, 0)","{'ar.L1': -0.7560567828056521, 'ar.L2': -0.5729527775754052, 'sigma2': 5197320.2598855}"
258,4,32,502.084295659447,"(2, 1, 0)","(0, 0, 0, 0)","{'ar.L1': -0.768172824401428, 'ar.L2': -0.539451252705155, 'sigma2': 5736032.110869013}"
259,4,33,520.7639011868237,"(2, 1, 0)","(0, 0, 0, 0)","{'ar.L1': -0.8105566399429218, 'ar.L2': -0.5425677093139054, 'sigma2': 5795361.9093388915}"
260,4,34,539.4829402855639,"(2, 1, 0)","(0, 0, 0, 0)","{'ar.L1': -0.8464383508787339, 'ar.L2': -0.5223322811114487, 'sigma2': 5876794.90229287}"
261,4,35,558.4276105894302,"(2, 1, 0)","(0, 0, 0, 0)","{'ar.L1': -0.8715362742447808, 'ar.L2': -0.4893281100649138, 'sigma2': 6005447.142556776}"
262,4,36,577.2617807730702,"(2, 1, 0)","(0, 0, 0, 0)","{'ar.L1': -0.8932671422648577, 'ar.L2': -0.4627902880422912, 'sigma2': 6098386.395216708}"
263,4,37,594.6770136687953,"(2, 1, 0)","(0, 0, 0, 0)","{'ar.L1': -0.8909760111325082, 'ar.L2': -0.465755686025172, 'sigma2': 5897479.784620606}"
264,4,38,612.8624483503814,"(2, 1, 0)","(0, 0, 0, 0)","{'ar.L1': -0.8814460159679288, 'ar.L2': -0.4349703908856559, 'sigma2': 5869080.523493089}"
265,4,39,630.2250348251687,"(2, 1, 0)","(0, 0, 0, 0)","{'ar.L1': -0.8819369535408992, 'ar.L2': -0.4352366840861955, 'sigma2': 5685957.815824183}"
266,4,40,647.7575626417138,"(2, 1, 0)","(0, 0, 0, 0)","{'ar.L1': -0.8831236045788511, 'ar.L2': -0.44020697440490625, 'sigma2': 5543934.651018117}"
267,4,41,665.557626063738,"(2, 1, 0)","(0, 0, 0, 0)","{'ar.L1': -0.893470594196454, 'ar.L2': -0.44941629448202386, 'sigma2': 5452196.149752288}"
268,4,42,682.9652156347756,"(2, 1, 0)","(0, 0, 0, 0)","{'ar.L1': -0.8866670415150885, 'ar.L2': -0.4476185335741318, 'sigma2': 5313912.4968228005}"
269,4,43,700.4651634174645,"(2, 1, 0)","(0, 0, 0, 0)","{'ar.L1': -0.8850874575650625, 'ar.L2': -0.43927089918909895, 'sigma2': 5201551.9960793415}"
270,4,44,717.7820002986398,"(2, 1, 0)","(0, 0, 0, 0)","{'ar.L1': -0.8857053912524528, 'ar.L2': -0.43802638714699116, 'sigma2': 5070324.513664966}"
271,4,45,736.8057956315696,"(2, 1, 0)","(0, 0, 0, 0)","{'ar.L1': -0.882344162938459, 'ar.L2': -0.4427452790033639, 'sigma2': 5165651.265500978}"
272,4,46,754.2132863196337,"(2, 1, 0)","(0, 0, 0, 0)","{'ar.L1': -0.8714225689897097, 'ar.L2': -0.43457608580119433, 'sigma2': 5056536.1610226715}"
273,4,47,771.4577814868736,"(2, 1, 0)","(0, 0, 0, 0)","{'ar.L1': -0.8713639130796342, 'ar.L2': -0.4366301497484852, 'sigma2': 4931796.1674742345}"
274,4,48,789.5670327948754,"(2, 1, 0)","(0, 0, 0, 0)","{'ar.L1': -0.8791168577137972, 'ar.L2': -0.45011522285776434, 'sigma2': 4911097.753034107}"
275,4,49,806.8865502893221,"(2, 1, 0)","(0, 0, 0, 0)","{'ar.L1': -0.8874586907591934, 'ar.L2': -0.4554578898670164, 'sigma2': 4805751.638664129}"
276,4,50,824.7978068178868,"(2, 1, 0)","(0, 0, 0, 0)","{'ar.L1': -0.876448674277329, 'ar.L2': -0.4608372207891026, 'sigma2': 4770451.229228109}"
277,4,51,842.6730899718909,"(2, 1, 0)","(0, 0, 0, 0)","{'ar.L1': -0.8621171221044942, 'ar.L2': -0.43901201530795986, 'sigma2': 4741805.571030766}"
278,4,52,860.7289677375666,"(2, 1, 0)","(0, 0, 0, 0)","{'ar.L1': -0.8602022621317665, 'ar.L2': -0.43681602472907943, 'sigma2': 4726765.2443838585}"
279,4,53,879.7810739317183,"(2, 1, 0)","(0, 0, 0, 0)","{'ar.L1': -0.8802608758112849, 'ar.L2': -0.44927129730620224, 'sigma2': 4808014.82060895}"
280,4,54,896.9661700382686,"(2, 1, 0)","(0, 0, 0, 0)","{'ar.L1': -0.879388962195145, 'ar.L2': -0.44925528280642113, 'sigma2': 4705969.924663877}"
281,4,55,914.7945515735909,"(2, 1, 0)","(0, 0, 0, 0)","{'ar.L1': -0.8771924042657542, 'ar.L2': -0.46540077728661994, 'sigma2': 4665969.920372236}"
282,4,56,932.0619902837163,"(2, 1, 0)","(0, 0, 0, 0)","{'ar.L1': -0.8702514484059201, 'ar.L2': -0.45673688654493655, 'sigma2': 4583583.925637119}"
283,4,57,949.2006490521348,"(2, 1, 0)","(0, 0, 0, 0)","{'ar.L1': -0.8703656378748521, 'ar.L2': -0.4569678248535555, 'sigma2': 4491913.437236405}"
284,4,58,966.3280533321199,"(2, 1, 0)","(0, 0, 0, 0)","{'ar.L1': -0.870499397520667, 'ar.L2': -0.457861923193931, 'sigma2': 4404353.92646154}"
285,4,59,984.1437954391383,"(2, 1, 0)","(0, 0, 0, 0)","{'ar.L1': -0.8665374978077389, 'ar.L2': -0.45206702414548783, 'sigma2': 4379507.1278283065}"
286,4,60,1001.2904707335616,"(2, 1, 0)","(0, 0, 0, 0)","{'ar.L1': -0.8686749672421382, 'ar.L2': -0.45354844853697623, 'sigma2': 4300618.875603132}"
287,4,61,1021.5633197190892,"(2, 1, 0)","(0, 0, 0, 0)","{'ar.L1': -0.8578224664415641, 'ar.L2': -0.4561371815686376, 'sigma2': 4471143.460762973}"
288,4,62,1038.701235260968,"(2, 1, 0)","(0, 0, 0, 0)","{'ar.L1': -0.8543486353959933, 'ar.L2': -0.45327059530094493, 'sigma2': 4392309.644301979}"
289,4,63,1056.1772484137964,"(2, 1, 0)","(0, 0, 0, 0)","{'ar.L1': -0.8495073748702457, 'ar.L2': -0.4580256953755444, 'sigma2': 4341142.875749941}"
290,4,64,1073.355332089045,"(2, 1, 0)","(0, 0, 0, 0)","{'ar.L1': -0.8530593453638666, 'ar.L2': -0.4637424877214191, 'sigma2': 4270231.677748341}"
291,4,65,1027.705762329666,"(0, 1, 2)","(0, 0, 0, 0)","{'ma1': -1.176697164088933, 'ma2': 0.422272191842425}"
292,4,66,1045.869405719753,"(0, 1, 2)","(0, 0, 0, 0)","{'ma1': -1.1703435953260288, 'ma2': 0.3968921308335956}"
293,4,67,1063.0056613281886,"(0, 1, 2)","(0, 0, 0, 0)","{'ma1': -1.1592046970796022, 'ma2': 0.3794778933705587}"
294,4,68,1080.1035778058717,"(0, 1, 2)","(0, 0, 0, 0)","{'ma1': -1.1526329100257038, 'ma2': 0.3667678075132766, 'drift': -23.270959451259763}"
295,5,13,145.0584967704727,"(1, 0, 0)","(0, 0, 0, 0)","(229.99999999999986, 2510.0)"
296,5,14,162.08241976094885,"(1, 0, 0)","(0, 0, 0, 0)","(132.00000000000014, 2738.6666666666656)"
297,5,15,179.8996204285821,"(1, 0, 0)","(0, 0, 0, 0)","(16.00000000000013, 3047.999999999998)"
298,5,16,196.24395072866378,"(1, 0, 0)","(0, 0, 0, 0)","(11.999999999999924, 3060.000000000001)"
299,5,17,212.74610579769748,"(1, 0, 0)","(0, 0, 0, 0)","(-18.461538461538364, 3161.53846153846)"
300,5,18,225.12747771566038,"(2, 0, 0)","(0, 0, 0, 0)","{'const': 3075.820776831586, 'ar.L1': -0.32387737278519374, 'ar.L2': -0.5607494522643306, 'sigma2': 1024361.6642730894}"
301,5,19,256.2719018708626,"(0, 0, 0)","(0, 0, 0, 0)","{'const': 3445.7142857142862, 'sigma2': 3936346.273166929}"
302,5,20,273.3054889223191,"(2, 0, 0)","(0, 0, 0, 0)","{'const': 3303.375974810116, 'ar.L1': -0.30131447278354506, 'ar.L2': -0.5948702945166533, 'sigma2': 2742380.4775311444}"
303,5,21,290.3711716888156,"(0, 0, 0)","(0, 0, 0, 0)","{'const': 3375.0006587386865, 'sigma2': 3518181.783384773}"
304,5,22,307.30811497793735,"(0, 0, 0)","(0, 0, 0, 0)","{'const': 3345.882352941177, 'sigma2': 3258440.066497722}"
305,5,23,331.3747176017754,"(0, 0, 0)","(0, 0, 0, 0)","{'const': 3646.66602281475, 'sigma2': 4604852.703845006}"
306,5,24,349.0227718820166,"(0, 0, 0)","(0, 0, 0, 0)","{'const': 3726.3055083809804, 'sigma2': 4546872.301927712}"
307,5,25,366.6923255454521,"(0, 0, 0)","(0, 0, 0, 0)","{'const': 3647.99938881542, 'sigma2': 4388783.455685769}"
308,5,26,388.18910070837603,"(0, 0, 0)","(0, 0, 0, 0)","{'const': 3868.571428571427, 'sigma2': 5195994.271127333}"
309,5,27,405.6739050807399,"(0, 0, 0)","(0, 0, 0, 0)","{'const': 3916.347614053816, 'sigma2': 5019812.412389139}"
310,5,28,423.0367020118324,"(0, 0, 0)","(0, 0, 0, 0)","{'const': 3881.7553029994174, 'sigma2': 4831910.379711872}"
311,5,29,441.7298285780122,"(0, 0, 0)","(0, 0, 0, 0)","{'const': 3995.000000000001, 'sigma2': 4903128.463763068}"
312,5,30,445.294255919246,"(2, 1, 0)","(0, 0, 0, 0)","{'ar.L1': -0.741434423459447, 'ar.L2': -0.6278657384447359, 'sigma2': 5387253.250849144}"
313,5,31,463.4115603879014,"(2, 1, 0)","(0, 0, 0, 0)","{'ar.L1': -0.7515120399038638, 'ar.L2': -0.6061953754016693, 'sigma2': 5343756.387097315}"
314,5,32,484.2482459465663,"(2, 1, 0)","(0, 0, 0, 0)","{'ar.L1': -0.7640952550264757, 'ar.L2': -0.5714915975941133, 'sigma2': 5904321.1030641915}"
315,5,33,502.9881772509648,"(2, 1, 0)","(0, 0, 0, 0)","{'ar.L1': -0.8077215962866306, 'ar.L2': -0.5741776792637783, 'sigma2': 5964307.071258168}"
316,5,34,521.8295187931432,"(2, 1, 0)","(0, 0, 0, 0)","{'ar.L1': -0.8456308589516546, 'ar.L2': -0.5520684931467514, 'sigma2': 6048703.091139169}"
317,5,35,540.9031407816049,"(2, 1, 0)","(0, 0, 0, 0)","{'ar.L1': -0.8721987486258524, 'ar.L2': -0.5165222976051032, 'sigma2': 6181502.545831165}"
318,5,36,559.8358586588356,"(2, 1, 0)","(0, 0, 0, 0)","{'ar.L1': -0.8949638899068921, 'ar.L2': -0.4880706701480887, 'sigma2': 6275794.394490731}"
319,5,37,577.273557532058,"(2, 1, 0)","(0, 0, 0, 0)","{'ar.L1': -0.8935197605146, 'ar.L2': -0.49034476147313744, 'sigma2': 6061513.822275788}"
320,5,38,595.5403676629089,"(2, 1, 0)","(0, 0, 0, 0)","{'ar.L1': -0.8835650029683783, 'ar.L2': -0.45760140699426943, 'sigma2': 6028150.54162627}"
321,5,39,612.9364900660786,"(2, 1, 0)","(0, 0, 0, 0)","{'ar.L1': -0.88415938942683, 'ar.L2': -0.4577299374714156, 'sigma2': 5834027.458485216}"
322,5,40,630.4826290398374,"(2, 1, 0)","(0, 0, 0, 0)","{'ar.L1': -0.8853267834573453, 'ar.L2': -0.4625971977577592, 'sigma2': 5682718.741430787}"
323,5,41,648.2884057936894,"(2, 1, 0)","(0, 0, 0, 0)","{'ar.L1': -0.8955239867971008, 'ar.L2': -0.47170534097721334, 'sigma2': 5584206.4124513045}"
324,5,42,665.7171006648483,"(2, 1, 0)","(0, 0, 0, 0)","{'ar.L1': -0.8889711157342, 'ar.L2': -0.46994820151753836, 'sigma2': 5437561.1134475125}"
325,5,43,683.2641274085896,"(2, 1, 0)","(0, 0, 0, 0)","{'ar.L1': -0.8872604526380589, 'ar.L2': -0.46096969894616396, 'sigma2': 5318876.313820027}"
326,5,44,700.6134933590762,"(2, 1, 0)","(0, 0, 0, 0)","{'ar.L1': -0.88791161923619, 'ar.L2': -0.45957583343985026, 'sigma2': 5180869.761004161}"
327,5,45,719.5956023783614,"(2, 1, 0)","(0, 0, 0, 0)","{'ar.L1': -0.8845820696430915, 'ar.L2': -0.46442985051851626, 'sigma2': 5275281.741432238}"
328,5,46,737.0335720118576,"(2, 1, 0)","(0, 0, 0, 0)","{'ar.L1': -0.8733555640637369, 'ar.L2': -0.45594115318821193, 'sigma2': 5160099.040867673}"
329,5,47,754.2981647357661,"(2, 1, 0)","(0, 0, 0, 0)","{'ar.L1': -0.8733566227519569, 'ar.L2': -0.4576910438130639, 'sigma2': 5029409.41197512}"
330,5,48,772.3646564357005,"(2, 1, 0)","(0, 0, 0, 0)","{'ar.L1': -0.8811939125892414, 'ar.L2': -0.4714100994968765, 'sigma2': 4871496.280600885}"
331,5,49,789.7042716342522,"(2, 1, 0)","(0, 0, 0, 0)","{'ar.L1': -0.889454364121032, 'ar.L2': -0.4766393035610475, 'sigma2': 4769397.028302826}"
332,5,50,807.5983661248821,"(2, 1, 0)","(0, 0, 0, 0)","{'ar.L1': -0.8785649771278605, 'ar.L2': -0.4818102054909513, 'sigma2': 4856343.37784724}"
333,5,51,825.5169784087574,"(2, 1, 0)","(0, 0, 0, 0)","{'ar.L1': -0.863854909736368, 'ar.L2': -0.459160434671248, 'sigma2': 4706551.217423944}"
334,5,52,843.580489488087,"(2, 1, 0)","(0, 0, 0, 0)","{'ar.L1': -0.8619358189252897, 'ar.L2': -0.4569327917556845, 'sigma2': 4692559.4571439}"
335,5,53,862.6081366904729,"(2, 1, 0)","(0, 0, 0, 0)","{'ar.L1': -0.881967419705028, 'ar.L2': -0.46939148727727026, 'sigma2': 4774607.162287509}"
336,5,54,879.8148714788297,"(2, 1, 0)","(0, 0, 0, 0)","{'ar.L1': -0.8814370704266254, 'ar.L2': -0.4694261699581529, 'sigma2': 4674486.63136923}"
337,5,55,897.6036817321699,"(2, 1, 0)","(0, 0, 0, 0)","{'ar.L1': -0.8791597198305523, 'ar.L2': -0.48484787178413624, 'sigma2': 4740366.9279936105}"
338,5,56,914.9080098228613,"(2, 1, 0)","(0, 0, 0, 0)","{'ar.L1': -0.8716065192131452, 'ar.L2': -0.47529253263512733, 'sigma2': 4654726.433161146}"
339,5,57,932.066640639437,"(2, 1, 0)","(0, 0, 0, 0)","{'ar.L1': -0.8717868826017088, 'ar.L2': -0.4754791281737877, 'sigma2': 4559732.181452095}"
340,5,58,949.2112199792402,"(2, 1, 0)","(0, 0, 0, 0)","{'ar.L1': -0.8719435405982376, 'ar.L2': -0.47623191270765347, 'sigma2': 4469041.102641396}"
341,5,59,967.0466708033989,"(2, 1, 0)","(0, 0, 0, 0)","{'ar.L1': -0.8679299478131579, 'ar.L2': -0.4703181910911863, 'sigma2': 4442478.763144842}"
342,5,60,984.2107098207298,"(2, 1, 0)","(0, 0, 0, 0)","{'ar.L1': -0.8700277860461039, 'ar.L2': -0.4717474346826611, 'sigma2': 4360908.240787116}"
343,5,61,1004.4116150922183,"(2, 1, 0)","(0, 0, 0, 0)","{'ar.L1': -0.8592462097196696, 'ar.L2': -0.47456432812994437, 'sigma2': 4532862.380877122}"
344,5,62,1021.5714263668808,"(2, 1, 0)","(0, 0, 0, 0)","{'ar.L1': -0.8553250230124183, 'ar.L2': -0.47129524197627665, 'sigma2': 4451356.125543087}"
345,5,63,1039.0312327851123,"(2, 1, 0)","(0, 0, 0, 0)","{'ar.L1': -0.8507130909661778, 'ar.L2': -0.47597700769440565, 'sigma2': 4397772.187802316}"
346,5,64,1056.2109929314693,"(2, 1, 0)","(0, 0, 0, 0)","{'ar.L1': -0.8539735299507814, 'ar.L2': -0.4812405642382008, 'sigma2': 4324536.81224145}"
347,5,65,1073.3046751591403,"(2, 1, 0)","(0, 0, 0, 0)","{'ar.L1': -0.8533231241419872, 'ar.L2': -0.4809767610692965, 'sigma2': 4249021.530561589}"
348,5,66,1028.6267981277751,"(0, 1, 2)","(0, 0, 0, 0)","{'ma1': -1.1636901571972735, 'ma2': 0.3983092572908111}"
349,5,67,1045.7718880195396,"(0, 1, 2)","(0, 0, 0, 0)","{'ma1': -1.15271493761182, 'ma2': 0.3817169292158465}"
350,5,68,1062.8689184547582,"(0, 1, 2)","(0, 0, 0, 0)","{'ma1': -1.145977994047549, 'ma2': 0.3748239967341435}"
351,6,14,145.59951011941538,"(1, 0, 0)","(0, 0, 0, 0)","(95.71428571428575, 3039.999999999999)"
352,6,15,163.17715373680514,"(1, 0, 0)","(0, 0, 0, 0)","(-37.999999999999815, 3351.999999999997)"
353,6,16,179.59158786118934,"(1, 0, 0)","(0, 0, 0, 0)","(-31.999999999999947, 3335.9999999999977)"
354,6,17,196.0419557642433,"(1, 0, 0)","(0, 0, 0, 0)","(-59.99999999999998, 3420.000000000001)"
355,6,18,212.2980972057974,"(1, 0, 0)","(0, 0, 0, 0)","(-69.23076923076921, 3450.7692307692296)"
356,6,19,238.71777582279765,"(2, 0, 0)","(0, 0, 0, 0)","{'const': 3334.2588484341672, 'ar.L1': -0.4224968205232554, 'ar.L2': -0.6386594896983988, 'sigma2': 2966054.321074332}"
357,6,20,255.4964639469139,"(2, 0, 0)","(0, 0, 0, 0)","{'const': 3371.303057080666, 'ar.L1': -0.3072843594759325, 'ar.L2': -0.6506131061472725, 'sigma2': 2679784.9592724065}"
358,6,21,273.16581333302315,"(0, 0, 0)","(0, 0, 0, 0)","{'const': 3439.9923170280904, 'sigma2': 3701613.1712839715}"
359,6,22,290.16276116513507,"(0, 0, 0)","(0, 0, 0, 0)","{'const': 3405.000000000002, 'sigma2': 3377327.6093425862}"
360,6,23,313.8229704597021,"(0, 0, 0)","(0, 0, 0, 0)","{'const': 3720.011673216945, 'sigma2': 4904124.595777736}"
361,6,24,331.4423405919785,"(0, 0, 0)","(0, 0, 0, 0)","{'const': 3799.9999999999986, 'sigma2': 4612754.965224064}"
362,6,25,349.17512488367856,"(0, 0, 0)","(0, 0, 0, 0)","{'const': 3713.687722228396, 'sigma2': 4570890.599755176}"
363,6,26,370.4482004370716,"(0, 0, 0)","(0, 0, 0, 0)","{'const': 3941.999999999999, 'sigma2': 5350885.829070224}"
364,6,27,387.92510891839277,"(0, 0, 0)","(0, 0, 0, 0)","{'const': 3988.5714285714275, 'sigma2': 5126596.270969733}"
365,6,28,405.33184275398435,"(0, 0, 0)","(0, 0, 0, 0)","{'const': 3949.0909090909086, 'sigma2': 4942573.740731698}"
366,6,29,423.94377278224283,"(0, 0, 0)","(0, 0, 0, 0)","{'const': 4064.347826086957, 'sigma2': 5030249.200586181}"
367,6,30,441.1802358272157,"(0, 0, 0)","(0, 0, 0, 0)","{'const': 4064.986268799002, 'sigma2': 4807899.714590343}"
368,6,31,446.4499929905496,"(2, 1, 0)","(0, 0, 0, 0)","{'ar.L1': -0.751002372560496, 'ar.L2': -0.5712139473888307, 'sigma2': 5447862.310458334}"
369,6,32,467.0391738835847,"(2, 1, 0)","(0, 0, 0, 0)","{'ar.L1': -0.7633989136308996, 'ar.L2': -0.5370671706402842, 'sigma2': 6038023.215770243}"
370,6,33,485.71600911188125,"(2, 1, 0)","(0, 0, 0, 0)","{'ar.L1': -0.8061631956173495, 'ar.L2': -0.5398743735551023, 'sigma2': 6104611.884981149}"
371,6,34,504.4255356583206,"(2, 1, 0)","(0, 0, 0, 0)","{'ar.L1': -0.8424027144109452, 'ar.L2': -0.5191915030805802, 'sigma2': 6198408.573480242}"
372,6,35,523.3418773376,"(2, 1, 0)","(0, 0, 0, 0)","{'ar.L1': -0.8677657883172771, 'ar.L2': -0.4858491265037296, 'sigma2': 6340804.2166860895}"
373,6,36,542.154102302364,"(2, 1, 0)","(0, 0, 0, 0)","{'ar.L1': -0.8896803298555872, 'ar.L2': -0.4590931488541352, 'sigma2': 6440355.024035583}"
374,6,37,559.6271537701315,"(2, 1, 0)","(0, 0, 0, 0)","{'ar.L1': -0.8874172795699851, 'ar.L2': -0.46218849114421195, 'sigma2': 6212019.598780848}"
375,6,38,577.818423946669,"(2, 1, 0)","(0, 0, 0, 0)","{'ar.L1': -0.8780284470602044, 'ar.L2': -0.4315328258071765, 'sigma2': 6174538.974554586}"
376,6,39,595.2359958988279,"(2, 1, 0)","(0, 0, 0, 0)","{'ar.L1': -0.8785593267823412, 'ar.L2': -0.431888068445784, 'sigma2': 5969137.661886264}"
377,6,40,612.812449642888,"(2, 1, 0)","(0, 0, 0, 0)","{'ar.L1': -0.8797709586626459, 'ar.L2': -0.43695783300235586, 'sigma2': 5808243.085667942}"
378,6,41,630.6434081710591,"(2, 1, 0)","(0, 0, 0, 0)","{'ar.L1': -0.8901392664022483, 'ar.L2': -0.4462251099883529, 'sigma2': 5703233.749949169}"
379,6,42,648.0937210773981,"(2, 1, 0)","(0, 0, 0, 0)","{'ar.L1': -0.8834586084841403, 'ar.L2': -0.44455465162774166, 'sigma2': 5547782.125035411}"
380,6,43,665.6298112203127,"(2, 1, 0)","(0, 0, 0, 0)","{'ar.L1': -0.881906527180766, 'ar.L2': -0.43627094711671527, 'sigma2': 5423012.288363987}"
381,6,44,682.990541331966,"(2, 1, 0)","(0, 0, 0, 0)","{'ar.L1': -0.8825580238167224, 'ar.L2': -0.4350860071654512, 'sigma2': 5278300.36426208}"
382,6,45,701.9810180392429,"(2, 1, 0)","(0, 0, 0, 0)","{'ar.L1': -0.8791894766964536, 'ar.L2': -0.43982987576838745, 'sigma2': 5371763.92576124}"
383,6,46,719.4223600959284,"(2, 1, 0)","(0, 0, 0, 0)","{'ar.L1': -0.8684014135929825, 'ar.L2': -0.43182154134634765, 'sigma2': 5250206.134136984}"
384,6,47,736.7095436248765,"(2, 1, 0)","(0, 0, 0, 0)","{'ar.L1': -0.8683671418289038, 'ar.L2': -0.43396271004383874, 'sigma2': 5113551.628575888}"
385,6,48,754.8278056655378,"(2, 1, 0)","(0, 0, 0, 0)","{'ar.L1': -0.876127234777107, 'ar.L2': -0.4475177325671501, 'sigma2': 5086672.815231221}"
386,6,49,772.1864679703867,"(2, 1, 0)","(0, 0, 0, 0)","{'ar.L1': -0.88459084361921, 'ar.L2': -0.4529489651053509, 'sigma2': 4972409.663435876}"
387,6,50,790.1071983627827,"(2, 1, 0)","(0, 0, 0, 0)","{'ar.L1': -0.8736153056301139, 'ar.L2': -0.4584048659771174, 'sigma2': 4928697.148682681}"
388,6,51,807.9887050644343,"(2, 1, 0)","(0, 0, 0, 0)","{'ar.L1': -0.8593425141142053, 'ar.L2': -0.43669995743876594, 'sigma2': 4895330.76520901}"
389,6,52,826.0492171018478,"(2, 1, 0)","(0, 0, 0, 0)","{'ar.L1': -0.8574403653622034, 'ar.L2': -0.4345203226906558, 'sigma2': 4875979.907678272}"
390,6,53,845.0772897759415,"(2, 1, 0)","(0, 0, 0, 0)","{'ar.L1': -0.8775465647361659, 'ar.L2': -0.44694429630074023, 'sigma2': 4959266.766292274}"
391,6,54,862.2986971753458,"(2, 1, 0)","(0, 0, 0, 0)","{'ar.L1': -0.8767884196002607, 'ar.L2': -0.44700326101875654, 'sigma2': 4849179.668820391}"
392,6,55,880.1409643047039,"(2, 1, 0)","(0, 0, 0, 0)","{'ar.L1': -0.8745434550131763, 'ar.L2': -0.4632649145270256, 'sigma2': 4802133.779157269}"
393,6,56,897.4366776975127,"(2, 1, 0)","(0, 0, 0, 0)","{'ar.L1': -0.8677130143155978, 'ar.L2': -0.45475026767286064, 'sigma2': 4713286.035333211}"
394,6,57,914.609465477158,"(2, 1, 0)","(0, 0, 0, 0)","{'ar.L1': -0.8678485723350718, 'ar.L2': -0.4550201978970586, 'sigma2': 4615093.303488738}"
395,6,58,931.7700360697263,"(2, 1, 0)","(0, 0, 0, 0)","{'ar.L1': -0.8680171273415241, 'ar.L2': -0.4559546744230405, 'sigma2': 4521383.746109762}"
396,6,59,949.5940247718258,"(2, 1, 0)","(0, 0, 0, 0)","{'ar.L1': -0.8640609439052159, 'ar.L2': -0.4501798048653775, 'sigma2': 4493266.966884409}"
397,6,60,966.7717941986966,"(2, 1, 0)","(0, 0, 0, 0)","{'ar.L1': -0.8661983527866652, 'ar.L2': -0.45169815205959424, 'sigma2': 4409195.831113396}"
398,6,61,986.9756103231002,"(2, 1, 0)","(0, 0, 0, 0)","{'ar.L1': -0.85533421146863, 'ar.L2': -0.45429439016893397, 'sigma2': 4582365.483786277}"
399,6,62,1004.1423774764094,"(2, 1, 0)","(0, 0, 0, 0)","{'ar.L1': -0.8519422238210517, 'ar.L2': -0.45154848192253805, 'sigma2': 4498233.152350119}"
400,6,63,1021.6362875321006,"(2, 1, 0)","(0, 0, 0, 0)","{'ar.L1': -0.8471441660431593, 'ar.L2': -0.45637910806700405, 'sigma2': 4442075.889499015}"
401,6,64,1038.8428179189477,"(2, 1, 0)","(0, 0, 0, 0)","{'ar.L1': -0.850720588603183, 'ar.L2': -0.46217792721094736, 'sigma2': 4366656.849827325}"
402,6,65,1055.9487112594227,"(2, 1, 0)","(0, 0, 0, 0)","{'ar.L1': -0.8501052156725326, 'ar.L2': -0.4619983029893489, 'sigma2': 4288996.043522181}"
403,6,66,1074.0415906255025,"(2, 1, 0)","(0, 0, 0, 0)","{'ar.L1': -0.8475944476268923, 'ar.L2': -0.46898864338579266, 'sigma2': 4285118.835982025}"
404,6,67,1028.3459760791516,"(0, 1, 2)","(0, 0, 0, 0)","{'ma1': -1.1593634287987602, 'ma2': 0.3756631862217048, 'drift': -24.836191326758325}"
405,6,68,1045.4610512748125,"(0, 1, 2)","(0, 0, 0, 0)","{'ma1': -1.1533349158560857, 'ma2': 0.36765839782508275, 'drift': -27.392499509578933}"
406,7,15,146.61613660907463,"(1, 0, 0)","(0, 0, 0, 0)","(-11.428571428571555, 3190.0)"
407,7,16,163.13323399472918,"(1, 0, 0)","(0, 0, 0, 0)","(-9.99999999999981, 3186.6666666666647)"
408,7,17,179.69532323126265,"(1, 0, 0)","(0, 0, 0, 0)","(-47.99999999999988, 3287.9999999999973)"
409,7,18,196.0467985029253,"(1, 0, 0)","(0, 0, 0, 0)","(-61.090909090909065, 3327.2727272727275)"
410,7,19,222.7008589579476,"(1, 0, 0)","(0, 0, 0, 0)","(182.93706293706288, 2513.8461538461534)"
411,7,20,238.82603221389695,"(2, 0, 0)","(0, 0, 0, 0)","{'const': 3354.828377818595, 'ar.L1': -0.29552746609403724, 'ar.L2': -0.6469668609836121, 'sigma2': 2879691.8402755703}"
412,7,21,256.17906455142804,"(0, 0, 0)","(0, 0, 0, 0)","{'const': 3428.5711018333973, 'sigma2': 3940917.866659573}"
413,7,22,273.23296209435455,"(0, 0, 0)","(0, 0, 0, 0)","{'const': 3392.0003818919727, 'sigma2': 3653761.7724108314}"
414,7,23,296.5643891769374,"(0, 0, 0)","(0, 0, 0, 0)","{'const': 3727.4992329708593, 'sigma2': 5030988.067186388}"
415,7,24,314.2167302062127,"(0, 0, 0)","(0, 0, 0, 0)","{'const': 3811.766325421044, 'sigma2': 5022864.565584891}"
416,7,25,331.97814358222854,"(0, 0, 0)","(0, 0, 0, 0)","{'const': 3719.9999999999986, 'sigma2': 4810296.222731599}"
417,7,26,353.07797970781513,"(0, 0, 0)","(0, 0, 0, 0)","{'const': 3960.0015462815245, 'sigma2': 5612051.164553567}"
418,7,27,370.58929019644705,"(0, 0, 0)","(0, 0, 0, 0)","{'const': 4008.0034627177083, 'sigma2': 5382085.246992712}"
419,7,28,388.0410692535206,"(0, 0, 0)","(0, 0, 0, 0)","{'const': 3965.698588619151, 'sigma2': 5157259.466325919}"
420,7,29,406.6208363993991,"(0, 0, 0)","(0, 0, 0, 0)","{'const': 4085.4687934937706, 'sigma2': 5266465.898068985}"
421,7,30,423.89855307197246,"(0, 0, 0)","(0, 0, 0, 0)","{'const': 4085.2173913043475, 'sigma2': 5022489.227684751}"
422,7,31,441.7721804421101,"(0, 0, 0)","(0, 0, 0, 0)","{'const': 4160.000000000001, 'sigma2': 4910854.851053872}"
423,7,32,450.5616388171147,"(2, 1, 0)","(0, 0, 0, 0)","{'ar.L1': -0.730571791346822, 'ar.L2': -0.5513173073100154, 'sigma2': 6253388.821176954}"
424,7,33,469.36009082957844,"(2, 1, 0)","(0, 0, 0, 0)","{'ar.L1': -0.7762250859085806, 'ar.L2': -0.5533785250734008, 'sigma2': 6303471.103708236}"
425,7,34,488.21766510850983,"(2, 1, 0)","(0, 0, 0, 0)","{'ar.L1': -0.8154372977339062, 'ar.L2': -0.5292822206972165, 'sigma2': 6378877.98968071}"
426,7,35,507.2451609125331,"(2, 1, 0)","(0, 0, 0, 0)","{'ar.L1': -0.8424538692648365, 'ar.L2': -0.4918173285176888, 'sigma2': 6505331.605315028}"
427,7,36,526.143405342343,"(2, 1, 0)","(0, 0, 0, 0)","{'ar.L1': -0.865521314811854, 'ar.L2': -0.4619740689841012, 'sigma2': 6590084.408115426}"
428,7,37,543.6916680738359,"(2, 1, 0)","(0, 0, 0, 0)","{'ar.L1': -0.8643909313879699, 'ar.L2': -0.464382366621965, 'sigma2': 6348673.334251377}"
429,7,38,561.9308179776151,"(2, 1, 0)","(0, 0, 0, 0)","{'ar.L1': -0.8548204860172485, 'ar.L2': -0.43195444088623214, 'sigma2': 6301002.235033095}"
430,7,39,579.4320626246707,"(2, 1, 0)","(0, 0, 0, 0)","{'ar.L1': -0.8555865597306861, 'ar.L2': -0.43223974115753194, 'sigma2': 6084034.993965219}"
431,7,40,597.0699888319256,"(2, 1, 0)","(0, 0, 0, 0)","{'ar.L1': -0.8569050905344162, 'ar.L2': -0.4374473459219996, 'sigma2': 5914571.4286102485}"
432,7,41,614.9599123541723,"(2, 1, 0)","(0, 0, 0, 0)","{'ar.L1': -0.8675515761383544, 'ar.L2': -0.4470292250729234, 'sigma2': 5801928.31338625}"
433,7,42,632.4636602906136,"(2, 1, 0)","(0, 0, 0, 0)","{'ar.L1': -0.8615687586022932, 'ar.L2': -0.44564462887743284, 'sigma2': 5639838.682003791}"
434,7,43,650.0708983460801,"(2, 1, 0)","(0, 0, 0, 0)","{'ar.L1': -0.8600626596372629, 'ar.L2': -0.4368137330301338, 'sigma2': 5507332.572967837}"
435,7,44,667.5067382615929,"(2, 1, 0)","(0, 0, 0, 0)","{'ar.L1': -0.8608530760248645, 'ar.L2': -0.4355289146201058, 'sigma2': 5355509.532547729}"
436,7,45,686.4313072107544,"(2, 1, 0)","(0, 0, 0, 0)","{'ar.L1': -0.8574182930546501, 'ar.L2': -0.4404984304195219, 'sigma2': 5450946.406426807}"
437,7,46,703.9145211782737,"(2, 1, 0)","(0, 0, 0, 0)","{'ar.L1': -0.8473840690297125, 'ar.L2': -0.4329546021646325, 'sigma2': 5324881.411484814}"
438,7,47,721.2659664057278,"(2, 1, 0)","(0, 0, 0, 0)","{'ar.L1': -0.8474969817801967, 'ar.L2': -0.43495317350669227, 'sigma2': 5182783.398466186}"
439,7,48,739.39404077034,"(2, 1, 0)","(0, 0, 0, 0)","{'ar.L1': -0.855299929962418, 'ar.L2': -0.44885746145424865, 'sigma2': 5153840.804353305}"
440,7,49,756.830156417846,"(2, 1, 0)","(0, 0, 0, 0)","{'ar.L1': -0.8645192724877919, 'ar.L2': -0.4547267675664396, 'sigma2': 5034130.334595128}"
441,7,50,774.7236545442345,"(2, 1, 0)","(0, 0, 0, 0)","{'ar.L1': -0.8539560496206526, 'ar.L2': -0.4603944078462439, 'sigma2': 4990528.691039871}"
442,7,51,792.6249548453675,"(2, 1, 0)","(0, 0, 0, 0)","{'ar.L1': -0.8396341345064418, 'ar.L2': -0.4381489535071609, 'sigma2': 4954451.807296835}"
443,7,52,810.6946833892982,"(2, 1, 0)","(0, 0, 0, 0)","{'ar.L1': -0.8377437809621655, 'ar.L2': -0.4359324317079136, 'sigma2': 4933277.9082677085}"
444,7,53,829.7202576240612,"(2, 1, 0)","(0, 0, 0, 0)","{'ar.L1': -0.8581267632728854, 'ar.L2': -0.4485762346824853, 'sigma2': 5015334.208310688}"
445,7,54,847.0005273005543,"(2, 1, 0)","(0, 0, 0, 0)","{'ar.L1': -0.8585819171674691, 'ar.L2': -0.44893484539411993, 'sigma2': 4901627.937378443}"
446,7,55,864.8219779589567,"(2, 1, 0)","(0, 0, 0, 0)","{'ar.L1': -0.8564568489213765, 'ar.L2': -0.46520706233826564, 'sigma2': 4854625.625393788}"
447,7,56,882.1640744547556,"(2, 1, 0)","(0, 0, 0, 0)","{'ar.L1': -0.8498100392303483, 'ar.L2': -0.45669382163796163, 'sigma2': 4762779.5374989165}"
448,7,57,899.3936750582452,"(2, 1, 0)","(0, 0, 0, 0)","{'ar.L1': -0.8501445572943133, 'ar.L2': -0.4569712560372934, 'sigma2': 4661445.101288799}"
449,7,58,916.6084034117495,"(2, 1, 0)","(0, 0, 0, 0)","{'ar.L1': -0.8503932699834627, 'ar.L2': -0.45786729802221576, 'sigma2': 4564880.15992939}"
450,7,59,934.4496092809115,"(2, 1, 0)","(0, 0, 0, 0)","{'ar.L1': -0.8464397008432191, 'ar.L2': -0.45196689831981274, 'sigma2': 4535243.992000381}"
451,7,60,951.6838314013708,"(2, 1, 0)","(0, 0, 0, 0)","{'ar.L1': -0.8487532348279351, 'ar.L2': -0.45356678750679175, 'sigma2': 4448506.73014307}"
452,7,61,971.7348588823016,"(2, 1, 0)","(0, 0, 0, 0)","{'ar.L1': -0.8377651846596603, 'ar.L2': -0.4563985281450373, 'sigma2': 4626122.153152877}"
453,7,62,988.9461495004336,"(2, 1, 0)","(0, 0, 0, 0)","{'ar.L1': -0.8349976532602276, 'ar.L2': -0.45410983785476067, 'sigma2': 4539755.374130345}"
454,7,63,1006.4428685753162,"(2, 1, 0)","(0, 0, 0, 0)","{'ar.L1': -0.8304400377249747, 'ar.L2': -0.45895756332642507, 'sigma2': 4482845.640417482}"
455,7,64,1023.6938140452429,"(2, 1, 0)","(0, 0, 0, 0)","{'ar.L1': -0.8340657001760199, 'ar.L2': -0.46483590136138797, 'sigma2': 4405359.30824583}"
456,7,65,1040.846790631854,"(2, 1, 0)","(0, 0, 0, 0)","{'ar.L1': -0.833724765264486, 'ar.L2': -0.4647740649042166, 'sigma2': 4325649.023917641}"
457,7,66,1058.9121816398247,"(2, 1, 0)","(0, 0, 0, 0)","{'ar.L1': -0.8312313626706658, 'ar.L2': -0.4719008358851143, 'sigma2': 4321999.695375569}"
458,7,67,1076.1174885982587,"(2, 1, 0)","(0, 0, 0, 0)","{'ar.L1': -0.8269052628349147, 'ar.L2': -0.46772315190587754, 'sigma2': 4253518.407584266}"
459,7,68,1026.552080337305,"(0, 1, 2)","(0, 0, 0, 0)","{'ma1': -1.1269601521850672, 'ma2': 0.3625153388890237}"
460,8,16,145.52066955453122,"(1, 0, 0)","(0, 0, 0, 0)","(-145.71428571428598, 3810.0000000000014)"
461,8,17,161.91970699061216,"(1, 0, 0)","(0, 0, 0, 0)","(-161.9999999999998, 3847.9999999999977)"
462,8,18,178.19679467389193,"(1, 0, 0)","(0, 0, 0, 0)","(-154.9090909090909, 3829.0909090909067)"
463,8,19,205.48651370192385,"(1, 0, 0)","(0, 0, 0, 0)","(150.5454545454547, 2912.727272727273)"
464,8,20,223.21076168926956,"(1, 0, 0)","(0, 0, 0, 0)","(76.36363636363627, 3159.9999999999995)"
465,8,21,238.53196559156586,"(0, 0, 0)","(0, 0, 0, 0)","{'const': 3544.613642323591, 'sigma2': 3948943.984349539}"
466,8,22,255.64398715577423,"(0, 0, 0)","(0, 0, 0, 0)","{'const': 3497.141024212584, 'sigma2': 3732464.251721567}"
467,8,23,278.59234850616036,"(0, 0, 0)","(0, 0, 0, 0)","{'const': 3848.0, 'sigma2': 5200579.838943713}"
468,8,24,296.1931797350101,"(0, 0, 0)","(0, 0, 0, 0)","{'const': 3930.000000000002, 'sigma2': 5054849.023228764}"
469,8,25,314.04341686475925,"(0, 0, 0)","(0, 0, 0, 0)","{'const': 3825.871242456921, 'sigma2': 4984700.571499945}"
470,8,26,334.9168699116027,"(0, 0, 0)","(0, 0, 0, 0)","{'const': 4073.335938258618, 'sigma2': 5615452.176714739}"
471,8,27,352.4006058304643,"(0, 0, 0)","(0, 0, 0, 0)","{'const': 4117.893201330651, 'sigma2': 5421886.768215599}"
472,8,28,369.8968986325943,"(0, 0, 0)","(0, 0, 0, 0)","{'const': 4067.9864031721368, 'sigma2': 5229592.13420487}"
473,8,29,388.37246747627137,"(0, 0, 0)","(0, 0, 0, 0)","{'const': 4188.555524428837, 'sigma2': 5243472.7578326715}"
474,8,30,405.65508652882517,"(0, 0, 0)","(0, 0, 0, 0)","{'const': 4183.652331421065, 'sigma2': 5015586.135027531}"
475,8,31,423.4634362955762,"(0, 0, 0)","(0, 0, 0, 0)","{'const': 4257.391200172096, 'sigma2': 4952552.619763916}"
476,8,32,442.00217395641056,"(0, 0, 0)","(0, 0, 0, 0)","{'const': 4149.986353480233, 'sigma2': 4953646.8909546}"
477,8,33,449.3532180283637,"(2, 1, 0)","(0, 0, 0, 0)","{'ar.L1': -0.8062930501847421, 'ar.L2': -0.581823500139505, 'sigma2': 6313543.722629472}"
478,8,34,468.2003009067979,"(2, 1, 0)","(0, 0, 0, 0)","{'ar.L1': -0.846105303990665, 'ar.L2': -0.5608083171338872, 'sigma2': 6382464.862431155}"
479,8,35,487.2715069865911,"(2, 1, 0)","(0, 0, 0, 0)","{'ar.L1': -0.8740832973741604, 'ar.L2': -0.5262896822888907, 'sigma2': 6497134.67942609}"
480,8,36,506.20730335341665,"(2, 1, 0)","(0, 0, 0, 0)","{'ar.L1': -0.8980132382082207, 'ar.L2': -0.49876143000077755, 'sigma2': 6572534.078091767}"
481,8,37,523.7079031520389,"(2, 1, 0)","(0, 0, 0, 0)","{'ar.L1': -0.896846282926989, 'ar.L2': -0.5007788157603015, 'sigma2': 6323463.751167207}"
482,8,38,542.0141154699973,"(2, 1, 0)","(0, 0, 0, 0)","{'ar.L1': -0.8865688103711693, 'ar.L2': -0.4678018102309147, 'sigma2': 6258249.568806412}"
483,8,39,559.4718607125571,"(2, 1, 0)","(0, 0, 0, 0)","{'ar.L1': -0.8872498090696038, 'ar.L2': -0.46792713788824386, 'sigma2': 6034952.945232264}"
484,8,40,577.0619596247309,"(2, 1, 0)","(0, 0, 0, 0)","{'ar.L1': -0.8884560685836542, 'ar.L2': -0.4726968190921497, 'sigma2': 5863534.6820191955}"
485,8,41,594.8935189039353,"(2, 1, 0)","(0, 0, 0, 0)","{'ar.L1': -0.8988894614527834, 'ar.L2': -0.48186799003309766, 'sigma2': 5753413.613656798}"
486,8,42,612.3697030525967,"(2, 1, 0)","(0, 0, 0, 0)","{'ar.L1': -0.8921598029198637, 'ar.L2': -0.4800274017621098, 'sigma2': 5586310.49099984}"
487,8,43,629.9659302424936,"(2, 1, 0)","(0, 0, 0, 0)","{'ar.L1': -0.8904209850250924, 'ar.L2': -0.47091458554003757, 'sigma2': 5447446.941045145}"
488,8,44,647.3637230668671,"(2, 1, 0)","(0, 0, 0, 0)","{'ar.L1': -0.8911177106152082, 'ar.L2': -0.46952346062338607, 'sigma2': 5292187.161823198}"
489,8,45,666.3071092566747,"(2, 1, 0)","(0, 0, 0, 0)","{'ar.L1': -0.8876870078145225, 'ar.L2': -0.47424306711112035, 'sigma2': 5394128.018666649}"
490,8,46,683.7892578445751,"(2, 1, 0)","(0, 0, 0, 0)","{'ar.L1': -0.8759651690349816, 'ar.L2': -0.46547279840726985, 'sigma2': 5262084.217519569}"
491,8,47,701.0963476911244,"(2, 1, 0)","(0, 0, 0, 0)","{'ar.L1': -0.8759970822435967, 'ar.L2': -0.4670643627053528, 'sigma2': 5118387.571512294}"
492,8,48,719.1732413566904,"(2, 1, 0)","(0, 0, 0, 0)","{'ar.L1': -0.8837417058926241, 'ar.L2': -0.4803378681341052, 'sigma2': 5095628.147454823}"
493,8,49,736.5466437460589,"(2, 1, 0)","(0, 0, 0, 0)","{'ar.L1': -0.8921452469561844, 'ar.L2': -0.4856443604972764, 'sigma2': 4976384.836902948}"
494,8,50,754.4285171848508,"(2, 1, 0)","(0, 0, 0, 0)","{'ar.L1': -0.8812977955308887, 'ar.L2': -0.4907180009425888, 'sigma2': 4934459.967219079}"
495,8,51,772.3936827469659,"(2, 1, 0)","(0, 0, 0, 0)","{'ar.L1': -0.8657986352949876, 'ar.L2': -0.46744955394520865, 'sigma2': 4890710.138319129}"
496,8,52,790.4647912769807,"(2, 1, 0)","(0, 0, 0, 0)","{'ar.L1': -0.8638389414594683, 'ar.L2': -0.4652099696646385, 'sigma2': 4869750.96199428}"
497,8,53,809.4576748464592,"(2, 1, 0)","(0, 0, 0, 0)","{'ar.L1': -0.8843349402742396, 'ar.L2': -0.47794551564179133, 'sigma2': 4960157.853539908}"
498,8,54,826.7002065790205,"(2, 1, 0)","(0, 0, 0, 0)","{'ar.L1': -0.8838624639083592, 'ar.L2': -0.47797648088094297, 'sigma2': 4844944.641444387}"
499,8,55,844.4705829824056,"(2, 1, 0)","(0, 0, 0, 0)","{'ar.L1': -0.8817380538133535, 'ar.L2': -0.4931107805598916, 'sigma2': 4802831.535529472}"
500,8,56,861.813464006516,"(2, 1, 0)","(0, 0, 0, 0)","{'ar.L1': -0.8737290019643034, 'ar.L2': -0.4831454362860022, 'sigma2': 4707025.101824702}"
501,8,57,879.0050495619965,"(2, 1, 0)","(0, 0, 0, 0)","{'ar.L1': -0.8739376849036392, 'ar.L2': -0.4833194624467066, 'sigma2': 4604699.220527878}"
502,8,58,896.180513705224,"(2, 1, 0)","(0, 0, 0, 0)","{'ar.L1': -0.8741018464492599, 'ar.L2': -0.48401427817662973, 'sigma2': 4507463.199331667}"
503,8,59,914.0314323992474,"(2, 1, 0)","(0, 0, 0, 0)","{'ar.L1': -0.8699816930438282, 'ar.L2': -0.4780558958137261, 'sigma2': 4476629.971225143}"
504,8,60,931.2234858379273,"(2, 1, 0)","(0, 0, 0, 0)","{'ar.L1': -0.8721154749625093, 'ar.L2': -0.47948669692582635, 'sigma2': 4389730.034290756}"
505,8,61,951.3544496406586,"(2, 1, 0)","(0, 0, 0, 0)","{'ar.L1': -0.8610999329883671, 'ar.L2': -0.4821059253074029, 'sigma2': 4572503.244836165}"
506,8,62,968.5451601866919,"(2, 1, 0)","(0, 0, 0, 0)","{'ar.L1': -0.8568956093157409, 'ar.L2': -0.47861124548578116, 'sigma2': 4484464.238660864}"
507,8,63,986.0148893126135,"(2, 1, 0)","(0, 0, 0, 0)","{'ar.L1': -0.8522468060579157, 'ar.L2': -0.4831093440275705, 'sigma2': 4428529.228520472}"
508,8,64,1003.2150312775246,"(2, 1, 0)","(0, 0, 0, 0)","{'ar.L1': -0.8554598597423337, 'ar.L2': -0.48818727715124505, 'sigma2': 4352021.079763566}"
509,8,65,1020.3352521699055,"(2, 1, 0)","(0, 0, 0, 0)","{'ar.L1': -0.854788137017335, 'ar.L2': -0.487896702289898, 'sigma2': 4271689.839308973}"
510,8,66,1038.3857267421797,"(2, 1, 0)","(0, 0, 0, 0)","{'ar.L1': -0.8522867660460456, 'ar.L2': -0.49471992111499125, 'sigma2': 4270517.4329986675}"
511,8,67,1055.5796604243328,"(2, 1, 0)","(0, 0, 0, 0)","{'ar.L1': -0.8472714731362344, 'ar.L2': -0.48993683080187, 'sigma2': 4200480.678707982}"
512,8,68,1072.6644707912815,"(2, 1, 0)","(0, 0, 0, 0)","{'ar.L1': -0.8475711908506212, 'ar.L2': -0.4898244597934682, 'sigma2': 4126869.6669622352}"
513,9,17,145.44656118591047,"(1, 0, 0)","(0, 0, 0, 0)","(-124.28571428571423, 3509.9999999999995)"
514,9,18,161.8173399221831,"(1, 0, 0)","(0, 0, 0, 0)","(-123.99999999999977, 3509.3333333333308)"
515,9,19,187.7893660552656,"(1, 0, 0)","(0, 0, 0, 0)","(236.36363636363626, 2548.363636363636)"
516,9,20,205.73127156393252,"(1, 0, 0)","(0, 0, 0, 0)","(133.09090909090912, 2858.1818181818185)"
517,9,21,223.08908300256908,"(1, 0, 0)","(0, 0, 0, 0)","(86.85314685314682, 3012.307692307693)"
518,9,22,238.5021273751334,"(0, 0, 0)","(0, 0, 0, 0)","{'const': 3443.077880104588, 'sigma2': 4064314.102504028}"
519,9,23,261.22837196202283,"(0, 0, 0)","(0, 0, 0, 0)","{'const': 3822.857142857143, 'sigma2': 5610055.099659728}"
520,9,24,278.8840681725138,"(0, 0, 0)","(0, 0, 0, 0)","{'const': 3911.9887310817016, 'sigma2': 5367980.997321821}"
521,9,25,296.74383018004164,"(0, 0, 0)","(0, 0, 0, 0)","{'const': 3802.500000000002, 'sigma2': 5226112.582034332}"
522,9,26,317.5028919159871,"(0, 0, 0)","(0, 0, 0, 0)","{'const': 4065.883304329614, 'sigma2': 6061595.657850948}"
523,9,27,335.035514569081,"(0, 0, 0)","(0, 0, 0, 0)","{'const': 4113.331529354067, 'sigma2': 5652305.700747037}"
524,9,28,352.572118688589,"(0, 0, 0)","(0, 0, 0, 0)","{'const': 4061.0495354538716, 'sigma2': 5470829.904254526}"
525,9,29,371.0444688220699,"(0, 0, 0)","(0, 0, 0, 0)","{'const': 4187.984159582484, 'sigma2': 5489130.576272696}"
526,9,30,388.3745748292565,"(0, 0, 0)","(0, 0, 0, 0)","{'const': 4182.841237179444, 'sigma2': 5244016.137935191}"
527,9,31,406.20114211221994,"(0, 0, 0)","(0, 0, 0, 0)","{'const': 4260.0, 'sigma2': 5138023.393651498}"
528,9,32,424.7306169781773,"(0, 0, 0)","(0, 0, 0, 0)","{'const': 4147.826086956522, 'sigma2': 5177792.511560475}"
529,9,33,443.2526973290302,"(0, 0, 0)","(0, 0, 0, 0)","{'const': 4255.000000000001, 'sigma2': 5205682.973356492}"
530,9,34,450.490636918512,"(2, 1, 0)","(0, 0, 0, 0)","{'ar.L1': -0.865682567809932, 'ar.L2': -0.5002784953838275, 'sigma2': 6672545.922202679}"
531,9,35,469.20886263044974,"(2, 1, 0)","(0, 0, 0, 0)","{'ar.L1': -0.8892239635101955, 'ar.L2': -0.46799040764801736, 'sigma2': 6778665.140256237}"
532,9,36,487.8584694159202,"(2, 1, 0)","(0, 0, 0, 0)","{'ar.L1': -0.9096878146452025, 'ar.L2': -0.442038417486275, 'sigma2': 6843752.439075767}"
533,9,37,505.3967320318415,"(2, 1, 0)","(0, 0, 0, 0)","{'ar.L1': -0.9061668235898839, 'ar.L2': -0.4465274576845292, 'sigma2': 6574102.491216719}"
534,9,38,523.5307186586385,"(2, 1, 0)","(0, 0, 0, 0)","{'ar.L1': -0.8959971161935443, 'ar.L2': -0.415757080179774, 'sigma2': 6497316.73053716}"
535,9,39,540.9863139873078,"(2, 1, 0)","(0, 0, 0, 0)","{'ar.L1': -0.8964543093391957, 'ar.L2': -0.4163522862510854, 'sigma2': 6256882.79439902}"
536,9,40,558.6054213207022,"(2, 1, 0)","(0, 0, 0, 0)","{'ar.L1': -0.8979379072354227, 'ar.L2': -0.4219209253004673, 'sigma2': 6071374.842505695}"
537,9,41,576.4503912810916,"(2, 1, 0)","(0, 0, 0, 0)","{'ar.L1': -0.9088896119125023, 'ar.L2': -0.4318326486253606, 'sigma2': 5949630.24526105}"
538,9,42,593.9482023538793,"(2, 1, 0)","(0, 0, 0, 0)","{'ar.L1': -0.9013000949678335, 'ar.L2': -0.42975587892559125, 'sigma2': 5770887.385480872}"
539,9,43,611.483260832062,"(2, 1, 0)","(0, 0, 0, 0)","{'ar.L1': -0.8995789462679809, 'ar.L2': -0.42164038241448104, 'sigma2': 5621666.01637896}"
540,9,44,628.8624481499211,"(2, 1, 0)","(0, 0, 0, 0)","{'ar.L1': -0.900197412412924, 'ar.L2': -0.42054139080538644, 'sigma2': 5456080.943653151}"
541,9,45,647.8661037587616,"(2, 1, 0)","(0, 0, 0, 0)","{'ar.L1': -0.8968552202822151, 'ar.L2': -0.4254959915512335, 'sigma2': 5556338.55099943}"
542,9,46,665.3405022062724,"(2, 1, 0)","(0, 0, 0, 0)","{'ar.L1': -0.8850579298518986, 'ar.L2': -0.41656320107570793, 'sigma2': 5416124.922035632}"
543,9,47,682.6614370459339,"(2, 1, 0)","(0, 0, 0, 0)","{'ar.L1': -0.8850420778329392, 'ar.L2': -0.4192529560821763, 'sigma2': 5263936.338028317}"
544,9,48,700.8061525833443,"(2, 1, 0)","(0, 0, 0, 0)","{'ar.L1': -0.8935668839156107, 'ar.L2': -0.4338118089276271, 'sigma2': 5236223.823921199}"
545,9,49,718.1724663456499,"(2, 1, 0)","(0, 0, 0, 0)","{'ar.L1': -0.9019112018989504, 'ar.L2': -0.4393386029259921, 'sigma2': 5109589.900931937}"
546,9,50,736.1691198582029,"(2, 1, 0)","(0, 0, 0, 0)","{'ar.L1': -0.8902263321931267, 'ar.L2': -0.44514125066582294, 'sigma2': 5063557.9419877175}"
547,9,51,754.0287104525523,"(2, 1, 0)","(0, 0, 0, 0)","{'ar.L1': -0.8752814612069497, 'ar.L2': -0.422712736739803, 'sigma2': 5015780.512657579}"
548,9,52,772.09135713277,"(2, 1, 0)","(0, 0, 0, 0)","{'ar.L1': -0.873270776525227, 'ar.L2': -0.4204118925323538, 'sigma2': 4991212.748076212}"
549,9,53,791.0713925555455,"(2, 1, 0)","(0, 0, 0, 0)","{'ar.L1': -0.8940856891639908, 'ar.L2': -0.43361025733555175, 'sigma2': 5080261.991789814}"
550,9,54,808.3174712103478,"(2, 1, 0)","(0, 0, 0, 0)","{'ar.L1': -0.8920575645350417, 'ar.L2': -0.43331783460347306, 'sigma2': 4959484.642506615}"
551,9,55,826.2455520571472,"(2, 1, 0)","(0, 0, 0, 0)","{'ar.L1': -0.8900843805014256, 'ar.L2': -0.45131432091262147, 'sigma2': 4913849.149317737}"
552,9,56,843.5525286353261,"(2, 1, 0)","(0, 0, 0, 0)","{'ar.L1': -0.8830760871392599, 'ar.L2': -0.44262000695013104, 'sigma2': 4813539.94984317}"
553,9,57,860.7442387288951,"(2, 1, 0)","(0, 0, 0, 0)","{'ar.L1': -0.8830784193497396, 'ar.L2': -0.44292191671890335, 'sigma2': 4706573.836458608}"
554,9,58,877.9252139587663,"(2, 1, 0)","(0, 0, 0, 0)","{'ar.L1': -0.883278200812516, 'ar.L2': -0.44404020350553514, 'sigma2': 4605010.183374221}"
555,9,59,895.7468009168028,"(2, 1, 0)","(0, 0, 0, 0)","{'ar.L1': -0.8791010420735783, 'ar.L2': -0.4380040029258907, 'sigma2': 4571533.665565492}"
556,9,60,912.936159041515,"(2, 1, 0)","(0, 0, 0, 0)","{'ar.L1': -0.88125285159666, 'ar.L2': -0.4395778378774491, 'sigma2': 4480801.628416917}"
557,9,61,933.168255168186,"(2, 1, 0)","(0, 0, 0, 0)","{'ar.L1': -0.8700899247842545, 'ar.L2': -0.4421572381753452, 'sigma2': 4665657.902702768}"
558,9,62,950.3544670449531,"(2, 1, 0)","(0, 0, 0, 0)","{'ar.L1': -0.8662530774117636, 'ar.L2': -0.4390117292611889, 'sigma2': 4574042.091372821}"
559,9,63,967.9030375244104,"(2, 1, 0)","(0, 0, 0, 0)","{'ar.L1': -0.8611584970434202, 'ar.L2': -0.4442797579036137, 'sigma2': 4515309.312391086}"
560,9,64,985.1339326878498,"(2, 1, 0)","(0, 0, 0, 0)","{'ar.L1': -0.8651388989440745, 'ar.L2': -0.4506760713338509, 'sigma2': 4435631.750624499}"
561,9,65,1002.2573018076652,"(2, 1, 0)","(0, 0, 0, 0)","{'ar.L1': -0.8643050004772559, 'ar.L2': -0.4503848480549905, 'sigma2': 4352214.554955417}"
562,9,66,1020.3942140263794,"(2, 1, 0)","(0, 0, 0, 0)","{'ar.L1': -0.8618392199539262, 'ar.L2': -0.4577891370823566, 'sigma2': 4349555.89975469}"
563,9,67,1037.5785958540632,"(2, 1, 0)","(0, 0, 0, 0)","{'ar.L1': -0.8570485306043305, 'ar.L2': -0.4532410986281435, 'sigma2': 4276835.64006964}"
564,9,68,1054.6633878180528,"(2, 1, 0)","(0, 0, 0, 0)","{'ar.L1': -0.8572045261353365, 'ar.L2': -0.45339729730105616, 'sigma2': 4200546.011015857}"
565,10,18,144.5865973149352,"(1, 0, 0)","(0, 0, 0, 0)","(-11.428571428571585, 2860.0)"
566,10,19,169.25896702712606,"(1, 0, 0)","(0, 0, 0, 0)","(403.99999999999994, 1890.666666666666)"
567,10,20,187.62971288343732,"(1, 0, 0)","(0, 0, 0, 0)","(246.54545454545467, 2310.5454545454536)"
568,10,21,205.1896779265566,"(1, 0, 0)","(0, 0, 0, 0)","(171.27272727272734, 2536.363636363637)"
569,10,22,222.67239883817905,"(1, 0, 0)","(0, 0, 0, 0)","(112.02797202797207, 2733.846153846153)"
570,10,23,243.7226141964174,"(0, 0, 0)","(0, 0, 0, 0)","{'const': 3766.1533949787718, 'sigma2': 6077682.219237349}"
571,10,24,261.4459314744839,"(0, 0, 0)","(0, 0, 0, 0)","{'const': 3865.719324423824, 'sigma2': 5744955.459474447}"
572,10,25,279.3032900558295,"(0, 0, 0)","(0, 0, 0, 0)","{'const': 3752.001025927094, 'sigma2': 5455308.586298418}"
573,10,26,299.98947508188405,"(0, 0, 0)","(0, 0, 0, 0)","{'const': 4035.002704648322, 'sigma2': 6288028.118540114}"
574,10,27,317.5822068014652,"(0, 0, 0)","(0, 0, 0, 0)","{'const': 4087.058823529412, 'sigma2': 6078241.281928535}"
575,10,28,335.1533832975295,"(0, 0, 0)","(0, 0, 0, 0)","{'const': 4033.33215837801, 'sigma2': 5689104.879506046}"
576,10,29,353.6416157144132,"(0, 0, 0)","(0, 0, 0, 0)","{'const': 4168.42105263158, 'sigma2': 5716980.488166843}"
577,10,30,371.01916052932415,"(0, 0, 0)","(0, 0, 0, 0)","{'const': 4163.999999999999, 'sigma2': 5481589.841046809}"
578,10,31,388.8783641341107,"(0, 0, 0)","(0, 0, 0, 0)","{'const': 4245.697994505477, 'sigma2': 5372850.815237411}"
579,10,32,407.38323547668983,"(0, 0, 0)","(0, 0, 0, 0)","{'const': 4129.104924648683, 'sigma2': 5417560.66132287}"
580,10,33,425.9115047724523,"(0, 0, 0)","(0, 0, 0, 0)","{'const': 4241.724657569574, 'sigma2': 5432277.93443614}"
581,10,34,444.111729974441,"(0, 0, 0)","(0, 0, 0, 0)","{'const': 4150.000000000001, 'sigma2': 5392490.970466585}"
582,10,35,454.4407047975813,"(2, 1, 0)","(0, 0, 0, 0)","{'ar.L1': -0.8168371441565383, 'ar.L2': -0.43087413779044476, 'sigma2': 6730122.59106271}"
583,10,36,473.1760954853761,"(2, 1, 0)","(0, 0, 0, 0)","{'ar.L1': -0.8396014454920347, 'ar.L2': -0.39914040909160964, 'sigma2': 6750465.302413526}"
584,10,37,490.85012476913926,"(2, 1, 0)","(0, 0, 0, 0)","{'ar.L1': -0.8372310300636618, 'ar.L2': -0.40330565561102166, 'sigma2': 6479971.444912776}"
585,10,38,508.9865985663573,"(2, 1, 0)","(0, 0, 0, 0)","{'ar.L1': -0.8275963371267427, 'ar.L2': -0.3712896463841983, 'sigma2': 6378616.087575144}"
586,10,39,526.5902404793923,"(2, 1, 0)","(0, 0, 0, 0)","{'ar.L1': -0.8283926536084444, 'ar.L2': -0.3719257516767003, 'sigma2': 6133288.034599152}"
587,10,40,544.3345782438165,"(2, 1, 0)","(0, 0, 0, 0)","{'ar.L1': -0.830079640720607, 'ar.L2': -0.37816665495686447, 'sigma2': 5949585.8756497}"
588,10,41,562.3189973799297,"(2, 1, 0)","(0, 0, 0, 0)","{'ar.L1': -0.8422008132128636, 'ar.L2': -0.38926953433292427, 'sigma2': 5828819.44909391}"
589,10,42,579.9040537279492,"(2, 1, 0)","(0, 0, 0, 0)","{'ar.L1': -0.8359986254311178, 'ar.L2': -0.38788673977929583, 'sigma2': 5651432.890845648}"
590,10,43,597.5401348233826,"(2, 1, 0)","(0, 0, 0, 0)","{'ar.L1': -0.8345632483143084, 'ar.L2': -0.37945352673903404, 'sigma2': 5494787.68395568}"
591,10,44,615.0493929518076,"(2, 1, 0)","(0, 0, 0, 0)","{'ar.L1': -0.8354478225733025, 'ar.L2': -0.37830765999315535, 'sigma2': 5326314.385402749}"
592,10,45,633.951631508485,"(2, 1, 0)","(0, 0, 0, 0)","{'ar.L1': -0.8317754474287468, 'ar.L2': -0.3837852867912612, 'sigma2': 5440299.415580145}"
593,10,46,651.4735240059568,"(2, 1, 0)","(0, 0, 0, 0)","{'ar.L1': -0.8225832571989182, 'ar.L2': -0.3767887159577585, 'sigma2': 5299593.798734228}"
594,10,47,668.914378148786,"(2, 1, 0)","(0, 0, 0, 0)","{'ar.L1': -0.8227430405111122, 'ar.L2': -0.37977148044005693, 'sigma2': 5148169.9098218065}"
595,10,48,687.1281039195895,"(2, 1, 0)","(0, 0, 0, 0)","{'ar.L1': -0.8316980216800932, 'ar.L2': -0.395745502210611, 'sigma2': 5128769.542040091}"
596,10,49,704.6572030883598,"(2, 1, 0)","(0, 0, 0, 0)","{'ar.L1': -0.8425106682661107, 'ar.L2': -0.40278712408671696, 'sigma2': 5000592.636813488}"
597,10,50,722.6161805963602,"(2, 1, 0)","(0, 0, 0, 0)","{'ar.L1': -0.830958451430573, 'ar.L2': -0.40927343403492045, 'sigma2': 4966663.400842258}"
598,10,51,740.4338482836047,"(2, 1, 0)","(0, 0, 0, 0)","{'ar.L1': -0.8169213230855761, 'ar.L2': -0.3873206524827822, 'sigma2': 4912939.591230137}"
599,10,52,758.5041471467816,"(2, 1, 0)","(0, 0, 0, 0)","{'ar.L1': -0.8149182475810521, 'ar.L2': -0.38495057914211567, 'sigma2': 4889893.877507393}"
600,10,53,777.5344526279374,"(2, 1, 0)","(0, 0, 0, 0)","{'ar.L1': -0.837011952745772, 'ar.L2': -0.3988709364104041, 'sigma2': 4981502.402397296}"
601,10,54,794.8817865673302,"(2, 1, 0)","(0, 0, 0, 0)","{'ar.L1': -0.8376489934123956, 'ar.L2': -0.3993782700180634, 'sigma2': 4860747.86292122}"
602,10,55,812.641937631047,"(2, 1, 0)","(0, 0, 0, 0)","{'ar.L1': -0.8341482217325955, 'ar.L2': -0.41713932163882306, 'sigma2': 5289626.819973815}"
603,10,56,830.1902192210625,"(2, 1, 0)","(0, 0, 0, 0)","{'ar.L1': -0.8301811949188871, 'ar.L2': -0.4118683348911174, 'sigma2': 4725489.418222656}"
604,10,57,847.4837006756486,"(2, 1, 0)","(0, 0, 0, 0)","{'ar.L1': -0.8305482982020733, 'ar.L2': -0.41224844939430344, 'sigma2': 4618142.634645647}"
605,10,58,864.7649508071958,"(2, 1, 0)","(0, 0, 0, 0)","{'ar.L1': -0.8309005924348533, 'ar.L2': -0.41352110888119614, 'sigma2': 4516713.057653716}"
606,10,59,882.5934705813067,"(2, 1, 0)","(0, 0, 0, 0)","{'ar.L1': -0.8267671432826799, 'ar.L2': -0.40730446007594245, 'sigma2': 4482912.144065931}"
607,10,60,899.8908359494238,"(2, 1, 0)","(0, 0, 0, 0)","{'ar.L1': -0.8294682864805373, 'ar.L2': -0.40924628739927693, 'sigma2': 4391975.192469604}"
608,10,61,919.6738537685841,"(2, 1, 0)","(0, 0, 0, 0)","{'ar.L1': -0.8165377323015894, 'ar.L2': -0.410826336347711, 'sigma2': 4991292.061745716}"
609,10,62,937.1110249464333,"(2, 1, 0)","(0, 0, 0, 0)","{'ar.L1': -0.8164172653061289, 'ar.L2': -0.41115051951322795, 'sigma2': 4496693.940508836}"
610,10,63,954.4949265451974,"(2, 1, 0)","(0, 0, 0, 0)","{'ar.L1': -0.8103725347731217, 'ar.L2': -0.41548407377940727, 'sigma2': 4828163.962583301}"
611,10,64,971.826841281684,"(2, 1, 0)","(0, 0, 0, 0)","{'ar.L1': -0.815057281263778, 'ar.L2': -0.42312091831526033, 'sigma2': 4744700.364206618}"
612,10,65,989.0283148821558,"(2, 1, 0)","(0, 0, 0, 0)","{'ar.L1': -0.8149646799742736, 'ar.L2': -0.42322938174969044, 'sigma2': 4655553.1537851095}"
613,10,66,1007.3326851936979,"(2, 1, 0)","(0, 0, 0, 0)","{'ar.L1': -0.8134898822990733, 'ar.L2': -0.43243176796837796, 'sigma2': 4283788.3476685155}"
614,10,67,1024.3765685365847,"(2, 1, 0)","(0, 0, 0, 0)","{'ar.L1': -0.8086389212880876, 'ar.L2': -0.42751294803556367, 'sigma2': 4568965.861709882}"
615,10,68,1041.5409415258403,"(2, 1, 0)","(0, 0, 0, 0)","{'ar.L1': -0.8089749293687565, 'ar.L2': -0.42763344956290983, 'sigma2': 4487623.616167841}"
616,11,19,151.391092711686,"(1, 0, 0)","(0, 0, 0, 0)","(252.8571428571424, 3000.0000000000023)"
617,11,20,169.33436977899666,"(1, 0, 0)","(0, 0, 0, 0)","(94.00000000000013, 3370.6666666666647)"
618,11,21,186.6232975937985,"(1, 0, 0)","(0, 0, 0, 0)","(34.18181818181819, 3530.1818181818157)"
619,11,22,203.81613257106562,"(1, 0, 0)","(0, 0, 0, 0)","(-10.909090909090807, 3665.4545454545455)"
620,11,23,225.3050866230807,"(1, 0, 0)","(0, 0, 0, 0)","(189.65034965034968, 2996.9230769230776)"
621,11,24,241.8227143585952,"(0, 0, 0)","(0, 0, 0, 0)","{'const': 4126.1538461538485, 'sigma2': 5163747.407178616}"
622,11,25,259.81026061751766,"(0, 0, 0)","(0, 0, 0, 0)","{'const': 3985.710058332958, 'sigma2': 4986780.793022104}"
623,11,26,280.31801313462347,"(0, 0, 0)","(0, 0, 0, 0)","{'const': 4272.005535695143, 'sigma2': 5934217.321430248}"
624,11,27,297.77713188661915,"(0, 0, 0)","(0, 0, 0, 0)","{'const': 4312.500616882269, 'sigma2': 5479428.918961413}"
625,11,28,315.36441338331093,"(0, 0, 0)","(0, 0, 0, 0)","{'const': 4242.351925550816, 'sigma2': 5336999.884841442}"
626,11,29,333.6747712259674,"(0, 0, 0)","(0, 0, 0, 0)","{'const': 4373.3344668935615, 'sigma2': 5249031.986000769}"
627,11,30,350.98011990888267,"(0, 0, 0)","(0, 0, 0, 0)","{'const': 4357.894736842107, 'sigma2': 5052154.353576673}"
628,11,31,368.6749711791235,"(0, 0, 0)","(0, 0, 0, 0)","{'const': 4433.993878035319, 'sigma2': 4914665.834847089}"
629,11,32,387.38910546762673,"(0, 0, 0)","(0, 0, 0, 0)","{'const': 4302.84195567909, 'sigma2': 4979576.95525001}"
630,11,33,405.7685402674919,"(0, 0, 0)","(0, 0, 0, 0)","{'const': 4412.727272727272, 'sigma2': 5041048.135200039}"
631,11,34,424.05285027922713,"(1, 0, 0)","(0, 0, 0, 0)","{'const': 4309.565255248398, 'ar.L1': -0.2934718708379345, 'sigma2': 4755552.470022083}"
632,11,35,441.6390639710172,"(1, 0, 0)","(0, 0, 0, 0)","{'const': 4399.999978891681, 'ar.L1': -0.32231470638373005, 'sigma2': 4624758.314346515}"
633,11,36,452.69107999470856,"(2, 1, 0)","(0, 0, 0, 0)","{'ar.L1': -0.8934436641919963, 'ar.L2': -0.450548093363153, 'sigma2': 7048789.489797589}"
634,11,37,470.2843949743605,"(2, 1, 0)","(0, 0, 0, 0)","{'ar.L1': -0.8907367082381449, 'ar.L2': -0.4543278610385018, 'sigma2': 6753339.49345236}"
635,11,38,488.4730492633156,"(2, 1, 0)","(0, 0, 0, 0)","{'ar.L1': -0.8788265702093567, 'ar.L2': -0.4200236469138915, 'sigma2': 6640598.6129508745}"
636,11,39,505.99343897874667,"(2, 1, 0)","(0, 0, 0, 0)","{'ar.L1': -0.8795383704885972, 'ar.L2': -0.4204431035466474, 'sigma2': 6374979.593988811}"
637,11,40,523.6567029416071,"(2, 1, 0)","(0, 0, 0, 0)","{'ar.L1': -0.8813153735502397, 'ar.L2': -0.4262497039217286, 'sigma2': 6174405.037388907}"
638,11,41,541.54257089833,"(2, 1, 0)","(0, 0, 0, 0)","{'ar.L1': -0.8937241565207884, 'ar.L2': -0.43727885675054656, 'sigma2': 6039333.223144547}"
639,11,42,559.077037688869,"(2, 1, 0)","(0, 0, 0, 0)","{'ar.L1': -0.8859271554914218, 'ar.L2': -0.4348416863925897, 'sigma2': 5848785.187087054}"
640,11,43,576.666694731534,"(2, 1, 0)","(0, 0, 0, 0)","{'ar.L1': -0.8839198235275676, 'ar.L2': -0.42567477328105197, 'sigma2': 5680748.127321522}"
641,11,44,594.0977141994777,"(2, 1, 0)","(0, 0, 0, 0)","{'ar.L1': -0.8846824921359875, 'ar.L2': -0.42432863153356076, 'sigma2': 5500565.473187156}"
642,11,45,613.0539954105109,"(2, 1, 0)","(0, 0, 0, 0)","{'ar.L1': -0.8810464284456907, 'ar.L2': -0.42957821958423525, 'sigma2': 5612343.420108167}"
643,11,46,630.5559325091252,"(2, 1, 0)","(0, 0, 0, 0)","{'ar.L1': -0.8685952119154075, 'ar.L2': -0.4199671644790774, 'sigma2': 5462959.514852178}"
644,11,47,647.9156620891051,"(2, 1, 0)","(0, 0, 0, 0)","{'ar.L1': -0.8687126689631188, 'ar.L2': -0.4224543226203242, 'sigma2': 5301864.497704769}"
645,11,48,666.0612119012031,"(2, 1, 0)","(0, 0, 0, 0)","{'ar.L1': -0.8782230408551466, 'ar.L2': -0.4381618797616169, 'sigma2': 5276080.512556157}"
646,11,49,683.4756621277907,"(2, 1, 0)","(0, 0, 0, 0)","{'ar.L1': -0.8879928701002123, 'ar.L2': -0.44450309661466686, 'sigma2': 5139294.096450554}"
647,11,50,701.4405940701449,"(2, 1, 0)","(0, 0, 0, 0)","{'ar.L1': -0.8757456491258782, 'ar.L2': -0.4501626274194421, 'sigma2': 5100647.220345305}"
648,11,51,719.3206630513838,"(2, 1, 0)","(0, 0, 0, 0)","{'ar.L1': -0.859066752241248, 'ar.L2': -0.42563846739169575, 'sigma2': 5043796.254314988}"
649,11,52,737.3894292488433,"(2, 1, 0)","(0, 0, 0, 0)","{'ar.L1': -0.8568623506948998, 'ar.L2': -0.42311524099910813, 'sigma2': 5016875.393600265}"
650,11,53,756.375272836256,"(2, 1, 0)","(0, 0, 0, 0)","{'ar.L1': -0.8798832851135343, 'ar.L2': -0.43795758348535335, 'sigma2': 5106166.26319245}"
651,11,54,773.6528232622218,"(2, 1, 0)","(0, 0, 0, 0)","{'ar.L1': -0.8787513647864199, 'ar.L2': -0.43781541720511535, 'sigma2': 4979399.490608456}"
652,11,55,791.5476596657527,"(2, 1, 0)","(0, 0, 0, 0)","{'ar.L1': -0.8769159582179423, 'ar.L2': -0.45617523234667595, 'sigma2': 4941933.869977368}"
653,11,56,808.8834453517242,"(2, 1, 0)","(0, 0, 0, 0)","{'ar.L1': -0.8692799803320158, 'ar.L2': -0.4466947037093776, 'sigma2': 4835026.420107237}"
654,11,57,826.10564601365,"(2, 1, 0)","(0, 0, 0, 0)","{'ar.L1': -0.8694469673488112, 'ar.L2': -0.4469061458976068, 'sigma2': 4722641.236286362}"
655,11,58,843.3141189810606,"(2, 1, 0)","(0, 0, 0, 0)","{'ar.L1': -0.8697222531565614, 'ar.L2': -0.447911152420905, 'sigma2': 4616480.71600457}"
656,11,59,861.1468289133134,"(2, 1, 0)","(0, 0, 0, 0)","{'ar.L1': -0.8651505665959098, 'ar.L2': -0.44137873435184033, 'sigma2': 4580172.165447083}"
657,11,60,878.3656449682372,"(2, 1, 0)","(0, 0, 0, 0)","{'ar.L1': -0.8676206030310951, 'ar.L2': -0.44305096946379274, 'sigma2': 4485017.486229202}"
658,11,61,898.5022176555327,"(2, 1, 0)","(0, 0, 0, 0)","{'ar.L1': -0.8555640486856555, 'ar.L2': -0.44566632276211404, 'sigma2': 4684117.524905019}"
659,11,62,915.7097565423636,"(2, 1, 0)","(0, 0, 0, 0)","{'ar.L1': -0.8519438640140903, 'ar.L2': -0.4425852818592184, 'sigma2': 4588447.743822202}"
660,11,63,933.2447612447171,"(2, 1, 0)","(0, 0, 0, 0)","{'ar.L1': -0.8467485288431267, 'ar.L2': -0.4477578014772616, 'sigma2': 4531491.709687001}"
661,11,64,950.4951100419754,"(2, 1, 0)","(0, 0, 0, 0)","{'ar.L1': -0.8510796492206596, 'ar.L2': -0.454416607951539, 'sigma2': 4449401.809481313}"
662,11,65,967.639667547679,"(2, 1, 0)","(0, 0, 0, 0)","{'ar.L1': -0.8504250935013498, 'ar.L2': -0.4541082187849081, 'sigma2': 4362594.262245528}"
663,11,66,985.7487207616517,"(2, 1, 0)","(0, 0, 0, 0)","{'ar.L1': -0.8478792034490876, 'ar.L2': -0.46173684486640604, 'sigma2': 4363685.12118923}"
664,11,67,1002.9479168491915,"(2, 1, 0)","(0, 0, 0, 0)","{'ar.L1': -0.84289075517244, 'ar.L2': -0.45691330086315196, 'sigma2': 4287925.826292937}"
665,11,68,1020.0536149623995,"(2, 1, 0)","(0, 0, 0, 0)","{'ar.L1': -0.8431583512680801, 'ar.L2': -0.456922215487042, 'sigma2': 4208529.724073444}"
666,12,20,152.08917588777618,"(1, 0, 0)","(0, 0, 0, 0)","(131.42857142857113, 3290.000000000001)"
667,12,21,169.49709604114128,"(1, 0, 0)","(0, 0, 0, 0)","(49.9999999999999, 3479.9999999999986)"
668,12,22,186.78490026096597,"(1, 0, 0)","(0, 0, 0, 0)","(-7.272727272727381, 3632.727272727271)"
669,12,23,207.851725488691,"(1, 0, 0)","(0, 0, 0, 0)","(229.09090909090924, 2923.636363636363)"
670,12,24,225.16908229608504,"(1, 0, 0)","(0, 0, 0, 0)","(218.18181818181807, 2960.000000000002)"
671,12,25,242.4873351541892,"(0, 0, 0)","(0, 0, 0, 0)","{'const': 4006.153846153848, 'sigma2': 5370736.119846849}"
672,12,26,262.81063346040077,"(0, 0, 0)","(0, 0, 0, 0)","{'const': 4311.4285714285725, 'sigma2': 6335752.146351249}"
673,12,27,280.32008130839114,"(0, 0, 0)","(0, 0, 0, 0)","{'const': 4352.0, 'sigma2': 5874552.1398163885}"
674,12,28,297.96694408550417,"(0, 0, 0)","(0, 0, 0, 0)","{'const': 4274.999850321188, 'sigma2': 5513596.427165854}"
675,12,29,316.2499928849834,"(0, 0, 0)","(0, 0, 0, 0)","{'const': 4411.765322598411, 'sigma2': 5573440.796812419}"
676,12,30,333.60882678691746,"(0, 0, 0)","(0, 0, 0, 0)","{'const': 4393.333333333333, 'sigma2': 5217048.157963769}"
677,12,31,351.30939217158317,"(0, 0, 0)","(0, 0, 0, 0)","{'const': 4471.577303859525, 'sigma2': 5107719.8832530575}"
678,12,32,370.041162130139,"(0, 0, 0)","(0, 0, 0, 0)","{'const': 4331.999999999999, 'sigma2': 5261850.678634246}"
679,12,33,388.38668791015635,"(0, 0, 0)","(0, 0, 0, 0)","{'const': 4445.714285714284, 'sigma2': 5247136.977089541}"
680,12,34,406.75211397468337,"(0, 0, 0)","(0, 0, 0, 0)","{'const': 4336.349555857208, 'sigma2': 5290715.885144358}"
681,12,35,424.45859452573075,"(1, 0, 0)","(0, 0, 0, 0)","{'const': 4429.5651693373875, 'ar.L1': -0.31780890252232785, 'sigma2': 4793433.207942452}"
682,12,36,442.28234832116925,"(1, 0, 0)","(0, 0, 0, 0)","{'const': 4325.000018768012, 'ar.L1': -0.3498113148778382, 'sigma2': 4700645.678364808}"
683,12,37,449.9552830258798,"(2, 1, 0)","(0, 0, 0, 0)","{'ar.L1': -0.9223106114153041, 'ar.L2': -0.4529255514848029, 'sigma2': 6711675.298697988}"
684,12,38,468.0820515711235,"(2, 1, 0)","(0, 0, 0, 0)","{'ar.L1': -0.9107563745940872, 'ar.L2': -0.42095715084440205, 'sigma2': 6587482.173232836}"
685,12,39,485.5333001639045,"(2, 1, 0)","(0, 0, 0, 0)","{'ar.L1': -0.9112971582057325, 'ar.L2': -0.42160137966973393, 'sigma2': 6313033.972556383}"
686,12,40,503.1481180992359,"(2, 1, 0)","(0, 0, 0, 0)","{'ar.L1': -0.913044241598086, 'ar.L2': -0.4273382355782176, 'sigma2': 6108557.953755159}"
687,12,41,520.9750798206345,"(2, 1, 0)","(0, 0, 0, 0)","{'ar.L1': -0.9252910369076406, 'ar.L2': -0.4380792767490559, 'sigma2': 5968103.953584943}"
688,12,42,538.4750516942827,"(2, 1, 0)","(0, 0, 0, 0)","{'ar.L1': -0.9163841843898323, 'ar.L2': -0.43521082772170133, 'sigma2': 5777295.512377104}"
689,12,43,555.9944342054764,"(2, 1, 0)","(0, 0, 0, 0)","{'ar.L1': -0.914438764861035, 'ar.L2': -0.42682361757524745, 'sigma2': 5603447.766036312}"
690,12,44,573.3550976169148,"(2, 1, 0)","(0, 0, 0, 0)","{'ar.L1': -0.9151511737750112, 'ar.L2': -0.42571879944993934, 'sigma2': 5418904.251924689}"
691,12,45,592.3805306392076,"(2, 1, 0)","(0, 0, 0, 0)","{'ar.L1': -0.9114224789712361, 'ar.L2': -0.43056958356602454, 'sigma2': 5541056.282393984}"
692,12,46,609.8555210818007,"(2, 1, 0)","(0, 0, 0, 0)","{'ar.L1': -0.8976336522602102, 'ar.L2': -0.4201597050013376, 'sigma2': 5392350.243088595}"
693,12,47,627.1611612283175,"(2, 1, 0)","(0, 0, 0, 0)","{'ar.L1': -0.8976516299544797, 'ar.L2': -0.42291131728113085, 'sigma2': 5229497.303534359}"
694,12,48,645.2996717031195,"(2, 1, 0)","(0, 0, 0, 0)","{'ar.L1': -0.9072165869221488, 'ar.L2': -0.4382351328037655, 'sigma2': 5205916.315911407}"
695,12,49,662.6360995870507,"(2, 1, 0)","(0, 0, 0, 0)","{'ar.L1': -0.9160530427639043, 'ar.L2': -0.4440380153267096, 'sigma2': 5065019.477388444}"
696,12,50,680.6559750244448,"(2, 1, 0)","(0, 0, 0, 0)","{'ar.L1': -0.9029378310526393, 'ar.L2': -0.44924063196249353, 'sigma2': 5035111.098277305}"
697,12,51,698.5156592355335,"(2, 1, 0)","(0, 0, 0, 0)","{'ar.L1': -0.8861392009470549, 'ar.L2': -0.42528978262998607, 'sigma2': 4978230.799873224}"
698,12,52,716.5760229758747,"(2, 1, 0)","(0, 0, 0, 0)","{'ar.L1': -0.8839037970838257, 'ar.L2': -0.42281103027915196, 'sigma2': 4952540.103914738}"
699,12,53,735.543190136307,"(2, 1, 0)","(0, 0, 0, 0)","{'ar.L1': -0.9067781611225597, 'ar.L2': -0.43742162439971954, 'sigma2': 5040773.876948609}"
700,12,54,752.7738034864188,"(2, 1, 0)","(0, 0, 0, 0)","{'ar.L1': -0.9038627219333162, 'ar.L2': -0.43672932444326773, 'sigma2': 4913468.655762039}"
701,12,55,770.7153022167328,"(2, 1, 0)","(0, 0, 0, 0)","{'ar.L1': -0.9017993270304178, 'ar.L2': -0.45509457417699506, 'sigma2': 4882835.0821490865}"
702,12,56,788.0096456886041,"(2, 1, 0)","(0, 0, 0, 0)","{'ar.L1': -0.893812576634622, 'ar.L2': -0.445493223492408, 'sigma2': 4775146.885346537}"
703,12,57,805.1796298875946,"(2, 1, 0)","(0, 0, 0, 0)","{'ar.L1': -0.893776311984131, 'ar.L2': -0.44575027802560896, 'sigma2': 4661606.535935002}"
704,12,58,822.3380860793699,"(2, 1, 0)","(0, 0, 0, 0)","{'ar.L1': -0.894020272500015, 'ar.L2': -0.4468684332994529, 'sigma2': 4554614.486543891}"
705,12,59,840.154221701944,"(2, 1, 0)","(0, 0, 0, 0)","{'ar.L1': -0.8894064920788372, 'ar.L2': -0.44047278324361766, 'sigma2': 4518883.4130030135}"
706,12,60,857.3172369042226,"(2, 1, 0)","(0, 0, 0, 0)","{'ar.L1': -0.8917212720379037, 'ar.L2': -0.442097680378784, 'sigma2': 4422588.0257264385}"
707,12,61,877.6207933447193,"(2, 1, 0)","(0, 0, 0, 0)","{'ar.L1': -0.8794661551889841, 'ar.L2': -0.4442304163850763, 'sigma2': 4631983.975345154}"
708,12,62,894.7903840932124,"(2, 1, 0)","(0, 0, 0, 0)","{'ar.L1': -0.8748760524424325, 'ar.L2': -0.44045131866197934, 'sigma2': 4535973.120959816}"
709,12,63,912.339651204216,"(2, 1, 0)","(0, 0, 0, 0)","{'ar.L1': -0.8693130857705378, 'ar.L2': -0.4456344586247901, 'sigma2': 4481886.50947354}"
710,12,64,929.5490585836112,"(2, 1, 0)","(0, 0, 0, 0)","{'ar.L1': -0.8736521723290163, 'ar.L2': -0.45223523239840346, 'sigma2': 4399269.64605077}"
711,12,65,946.6505455546051,"(2, 1, 0)","(0, 0, 0, 0)","{'ar.L1': -0.8726435170876141, 'ar.L2': -0.45177942037221547, 'sigma2': 4311935.503739305}"
712,12,66,964.7993796713948,"(2, 1, 0)","(0, 0, 0, 0)","{'ar.L1': -0.8699940233146151, 'ar.L2': -0.45922002575017784, 'sigma2': 4316400.41989472}"
713,12,67,981.9666733353205,"(2, 1, 0)","(0, 0, 0, 0)","{'ar.L1': -0.8646598782863222, 'ar.L2': -0.45420937807359063, 'sigma2': 4240581.54300207}"
714,12,68,999.0271313278148,"(2, 1, 0)","(0, 0, 0, 0)","{'ar.L1': -0.8648238345593819, 'ar.L2': -0.4543534089081469, 'sigma2': 4160570.901926591}"
715,13,21,150.6511281204261,"(1, 0, 0)","(0, 0, 0, 0)","(281.4285714285712, 2450.0)"
716,13,22,168.2127864034837,"(1, 0, 0)","(0, 0, 0, 0)","(160.00000000000003, 2733.3333333333317)"
717,13,23,188.46639390517325,"(1, 0, 0)","(0, 0, 0, 0)","(410.1818181818181, 2066.1818181818185)"
718,13,24,205.8184374573458,"(1, 0, 0)","(0, 0, 0, 0)","(364.36363636363643, 2203.6363636363635)"
719,13,25,225.4434239886933,"(1, 0, 0)","(0, 0, 0, 0)","(208.53146853146868, 2723.0769230769224)"
720,13,26,245.00119677425224,"(0, 0, 0)","(0, 0, 0, 0)","{'const': 4209.232254475935, 'sigma2': 6621283.19345505}"
721,13,27,262.5802812886485,"(0, 0, 0)","(0, 0, 0, 0)","{'const': 4260.0031120874655, 'sigma2': 6248478.408339407}"
722,13,28,280.22709251696176,"(0, 0, 0)","(0, 0, 0, 0)","{'const': 4184.016716823049, 'sigma2': 5952829.900885189}"
723,13,29,298.5796603207291,"(0, 0, 0)","(0, 0, 0, 0)","{'const': 4334.999941822606, 'sigma2': 5878318.416164631}"
724,13,30,315.9744220003957,"(0, 0, 0)","(0, 0, 0, 0)","{'const': 4320.000000000001, 'sigma2': 5589309.038531948}"
725,13,31,333.734166165486,"(0, 0, 0)","(0, 0, 0, 0)","{'const': 4406.666666666665, 'sigma2': 5212572.763502869}"
726,13,32,352.3808874914521,"(0, 0, 0)","(0, 0, 0, 0)","{'const': 4263.156361127195, 'sigma2': 5416214.092162493}"
727,13,33,370.7823268641364,"(0, 0, 0)","(0, 0, 0, 0)","{'const': 4385.968645130706, 'sigma2': 5410304.312744941}"
728,13,34,389.0932141743387,"(0, 0, 0)","(0, 0, 0, 0)","{'const': 4274.269255246173, 'sigma2': 5427586.868262944}"
729,13,35,407.10687179756343,"(1, 0, 0)","(0, 0, 0, 0)","{'const': 4374.545445868177, 'ar.L1': -0.3090429953435497, 'sigma2': 4958143.402660282}"
730,13,36,424.961083470221,"(1, 0, 0)","(0, 0, 0, 0)","{'const': 4267.826147464711, 'ar.L1': -0.33756247939722583, 'sigma2': 4880344.034924574}"
731,13,37,442.5982750886244,"(1, 0, 0)","(0, 0, 0, 0)","{'const': 4240.000026353388, 'ar.L1': -0.3106462344584052, 'sigma2': 4763332.481890472}"
732,13,38,450.47270338075623,"(2, 1, 0)","(0, 0, 0, 0)","{'ar.L1': -0.9155430370948805, 'ar.L2': -0.39655281390600783, 'sigma2': 6854295.915498579}"
733,13,39,467.95606767909567,"(2, 1, 0)","(0, 0, 0, 0)","{'ar.L1': -0.9159808856102398, 'ar.L2': -0.3974812869752975, 'sigma2': 6556302.249096107}"
734,13,40,485.60867436669696,"(2, 1, 0)","(0, 0, 0, 0)","{'ar.L1': -0.918011398198758, 'ar.L2': -0.4041133002724418, 'sigma2': 6331816.067246102}"
735,13,41,503.456602462427,"(2, 1, 0)","(0, 0, 0, 0)","{'ar.L1': -0.9310763854271198, 'ar.L2': -0.4159284687753495, 'sigma2': 6173589.034297916}"
736,13,42,520.9927784787989,"(2, 1, 0)","(0, 0, 0, 0)","{'ar.L1': -0.9213342983551367, 'ar.L2': -0.41282536820726895, 'sigma2': 5969010.335320447}"
737,13,43,538.5110555170475,"(2, 1, 0)","(0, 0, 0, 0)","{'ar.L1': -0.9192463614206199, 'ar.L2': -0.4042856355808439, 'sigma2': 5783600.939375592}"
738,13,44,555.8888848461409,"(2, 1, 0)","(0, 0, 0, 0)","{'ar.L1': -0.919910677022496, 'ar.L2': -0.40320826903869184, 'sigma2': 5586313.71068399}"
739,13,45,574.9238665189334,"(2, 1, 0)","(0, 0, 0, 0)","{'ar.L1': -0.9162060107010245, 'ar.L2': -0.4087129729479664, 'sigma2': 5706096.408860881}"
740,13,46,592.4169381599254,"(2, 1, 0)","(0, 0, 0, 0)","{'ar.L1': -0.9017582205726066, 'ar.L2': -0.3975815403164987, 'sigma2': 5549800.221958768}"
741,13,47,609.7544313874589,"(2, 1, 0)","(0, 0, 0, 0)","{'ar.L1': -0.9017903070735311, 'ar.L2': -0.40111928043461126, 'sigma2': 5376185.84697157}"
742,13,48,627.9249165516312,"(2, 1, 0)","(0, 0, 0, 0)","{'ar.L1': -0.912272417800833, 'ar.L2': -0.41817709389535473, 'sigma2': 5344131.966057569}"
743,13,49,645.2776534456119,"(2, 1, 0)","(0, 0, 0, 0)","{'ar.L1': -0.9213607597753364, 'ar.L2': -0.42433365170699355, 'sigma2': 5193454.725335511}"
744,13,50,663.3551944800546,"(2, 1, 0)","(0, 0, 0, 0)","{'ar.L1': -0.9075172056929108, 'ar.L2': -0.4305403474712481, 'sigma2': 5158684.556896398}"
745,13,51,681.1826860207094,"(2, 1, 0)","(0, 0, 0, 0)","{'ar.L1': -0.89020843232571, 'ar.L2': -0.40545758529838816, 'sigma2': 5101307.897703048}"
746,13,52,699.2428885680229,"(2, 1, 0)","(0, 0, 0, 0)","{'ar.L1': -0.8878492319114968, 'ar.L2': -0.40279841919481996, 'sigma2': 5071953.357324425}"
747,13,53,718.1883258789078,"(2, 1, 0)","(0, 0, 0, 0)","{'ar.L1': -0.9117535713246461, 'ar.L2': -0.41836874620386627, 'sigma2': 5156176.099736707}"
748,13,54,735.4429390767075,"(2, 1, 0)","(0, 0, 0, 0)","{'ar.L1': -0.9079068240865948, 'ar.L2': -0.4174366720177986, 'sigma2': 5022857.683130294}"
749,13,55,753.4609836998071,"(2, 1, 0)","(0, 0, 0, 0)","{'ar.L1': -0.9061506004752526, 'ar.L2': -0.4385832187598846, 'sigma2': 4985977.891001886}"
750,13,56,770.7601696695068,"(2, 1, 0)","(0, 0, 0, 0)","{'ar.L1': -0.8982820417808002, 'ar.L2': -0.4289998308902979, 'sigma2': 4874845.2162613915}"
751,13,57,787.9489777220269,"(2, 1, 0)","(0, 0, 0, 0)","{'ar.L1': -0.8981297362192113, 'ar.L2': -0.4293026990816452, 'sigma2': 4756118.232785017}"
752,13,58,805.1278756274162,"(2, 1, 0)","(0, 0, 0, 0)","{'ar.L1': -0.8983980733297574, 'ar.L2': -0.4306664157760272, 'sigma2': 4644203.214896907}"
753,13,59,822.938285735944,"(2, 1, 0)","(0, 0, 0, 0)","{'ar.L1': -0.8935567349758635, 'ar.L2': -0.4238623690020449, 'sigma2': 4606579.86479605}"
754,13,60,840.1159506639807,"(2, 1, 0)","(0, 0, 0, 0)","{'ar.L1': -0.8959386474696276, 'ar.L2': -0.4256016953353482, 'sigma2': 4505851.832136287}"
755,13,61,860.4265436953898,"(2, 1, 0)","(0, 0, 0, 0)","{'ar.L1': -0.883345316161487, 'ar.L2': -0.42807290874300846, 'sigma2': 4718198.634476011}"
756,13,62,877.6104494214121,"(2, 1, 0)","(0, 0, 0, 0)","{'ar.L1': -0.8787383453680053, 'ar.L2': -0.4242447258852983, 'sigma2': 4618932.602284655}"
757,13,63,895.2030429767743,"(2, 1, 0)","(0, 0, 0, 0)","{'ar.L1': -0.8728587345972733, 'ar.L2': -0.43012195545715576, 'sigma2': 4561561.359940544}"
758,13,64,912.4393803487634,"(2, 1, 0)","(0, 0, 0, 0)","{'ar.L1': -0.8777257985626415, 'ar.L2': -0.4376607470097731, 'sigma2': 4474684.669918706}"
759,13,65,929.5573655742503,"(2, 1, 0)","(0, 0, 0, 0)","{'ar.L1': -0.8765931223329388, 'ar.L2': -0.43716660792392387, 'sigma2': 4384157.884691086}"
760,13,66,947.7392522252328,"(2, 1, 0)","(0, 0, 0, 0)","{'ar.L1': -0.8739738051811398, 'ar.L2': -0.4453563016549548, 'sigma2': 4386535.16183206}"
761,13,67,964.9168153076597,"(2, 1, 0)","(0, 0, 0, 0)","{'ar.L1': -0.8685312395710769, 'ar.L2': -0.4401759598755434, 'sigma2': 4308630.031136134}"
762,13,68,981.9923107978282,"(2, 1, 0)","(0, 0, 0, 0)","{'ar.L1': -0.8686277453246627, 'ar.L2': -0.440416443542576, 'sigma2': 4225771.769088087}"
763,14,22,151.12359718963685,"(1, 0, 0)","(0, 0, 0, 0)","(175.7142857142855, 2820.0)"
764,14,23,170.98096458765727,"(1, 0, 0)","(0, 0, 0, 0)","(478.0, 2114.666666666667)"
765,14,24,188.47082776360716,"(1, 0, 0)","(0, 0, 0, 0)","(409.4545454545455, 2297.454545454545)"
766,14,25,208.10734551908234,"(1, 0, 0)","(0, 0, 0, 0)","(217.09090909090907, 2874.5454545454554)"
767,14,26,226.62944991584087,"(1, 0, 0)","(0, 0, 0, 0)","(333.14685314685323, 2487.692307692307)"
768,14,27,244.7617881440574,"(0, 0, 0)","(0, 0, 0, 0)","{'const': 4366.177147098658, 'sigma2': 6609717.852363778}"
769,14,28,262.4793964469808,"(0, 0, 0)","(0, 0, 0, 0)","{'const': 4277.145207470774, 'sigma2': 6140957.925806472}"
770,14,29,280.76948965560973,"(0, 0, 0)","(0, 0, 0, 0)","{'const': 4432.004145743414, 'sigma2': 6175279.0260655545}"
771,14,30,298.20455903516023,"(0, 0, 0)","(0, 0, 0, 0)","{'const': 4409.999499516287, 'sigma2': 5677301.378659956}"
772,14,31,315.9426974750692,"(0, 0, 0)","(0, 0, 0, 0)","{'const': 4496.4705882352955, 'sigma2': 5568955.168569952}"
773,14,32,334.6590811792292,"(0, 0, 0)","(0, 0, 0, 0)","{'const': 4339.999999999999, 'sigma2': 5607359.412436579}"
774,14,33,352.99306030633403,"(0, 0, 0)","(0, 0, 0, 0)","{'const': 4465.258794400168, 'sigma2': 5588498.218690713}"
775,14,34,371.16103889173496,"(1, 0, 0)","(0, 0, 0, 0)","{'const': 4344.000201226769, 'ar.L1': -0.33227295376510113, 'sigma2': 4904276.466601206}"
776,14,35,388.6704576598473,"(1, 0, 0)","(0, 0, 0, 0)","{'const': 4445.714298216937, 'ar.L1': -0.36475507307287786, 'sigma2': 4703801.633998063}"
777,14,36,406.5405486377431,"(1, 0, 0)","(0, 0, 0, 0)","{'const': 4330.909204009699, 'ar.L1': -0.3908374680350705, 'sigma2': 4654877.017262977}"
778,14,37,424.316669198015,"(1, 0, 0)","(0, 0, 0, 0)","{'const': 4299.130491876915, 'ar.L1': -0.35695794187908864, 'sigma2': 4572283.659916022}"
779,14,38,442.85843634645676,"(1, 0, 0)","(0, 0, 0, 0)","{'const': 4205.000559609435, 'ar.L1': -0.33861591968219035, 'sigma2': 4664079.651338924}"
780,14,39,450.9924998752469,"(2, 1, 0)","(0, 0, 0, 0)","{'ar.L1': -0.9099941880356639, 'ar.L2': -0.4063796642628981, 'sigma2': 6854185.637703978}"
781,14,40,468.6881736510883,"(2, 1, 0)","(0, 0, 0, 0)","{'ar.L1': -0.9120531988670273, 'ar.L2': -0.4130514625142456, 'sigma2': 6607007.886333255}"
782,14,41,486.5711823442522,"(2, 1, 0)","(0, 0, 0, 0)","{'ar.L1': -0.9251462023701424, 'ar.L2': -0.424937516644519, 'sigma2': 6430703.800945969}"
783,14,42,504.1490015111059,"(2, 1, 0)","(0, 0, 0, 0)","{'ar.L1': -0.9157723525001368, 'ar.L2': -0.4220454676390335, 'sigma2': 6207695.168399404}"
784,14,43,521.7244035536819,"(2, 1, 0)","(0, 0, 0, 0)","{'ar.L1': -0.9136689487753289, 'ar.L2': -0.41303353124958814, 'sigma2': 6005947.575831136}"
785,14,44,539.1569199343207,"(2, 1, 0)","(0, 0, 0, 0)","{'ar.L1': -0.9144026054634411, 'ar.L2': -0.41187021330408946, 'sigma2': 5793109.45939162}"
786,14,45,558.1452158817511,"(2, 1, 0)","(0, 0, 0, 0)","{'ar.L1': -0.910693095166598, 'ar.L2': -0.4175527079529279, 'sigma2': 5909822.756936813}"
787,14,46,575.6780842799678,"(2, 1, 0)","(0, 0, 0, 0)","{'ar.L1': -0.8964113669828604, 'ar.L2': -0.40647325423648856, 'sigma2': 5741130.976183224}"
788,14,47,593.057952632593,"(2, 1, 0)","(0, 0, 0, 0)","{'ar.L1': -0.8965010748289763, 'ar.L2': -0.40986195120545316, 'sigma2': 5555359.865270797}"
789,14,48,611.223176533255,"(2, 1, 0)","(0, 0, 0, 0)","{'ar.L1': -0.9069009958499414, 'ar.L2': -0.4269974551213595, 'sigma2': 5516501.394610684}"
790,14,49,628.6218276019761,"(2, 1, 0)","(0, 0, 0, 0)","{'ar.L1': -0.9161681987900601, 'ar.L2': -0.4332407258864316, 'sigma2': 5355718.319261336}"
791,14,50,646.677705232459,"(2, 1, 0)","(0, 0, 0, 0)","{'ar.L1': -0.9026436244404653, 'ar.L2': -0.43966248820909687, 'sigma2': 5315007.592679197}"
792,14,51,664.5409253375825,"(2, 1, 0)","(0, 0, 0, 0)","{'ar.L1': -0.8850942099933943, 'ar.L2': -0.4139084597570525, 'sigma2': 5251343.041204445}"
793,14,52,682.6107578549087,"(2, 1, 0)","(0, 0, 0, 0)","{'ar.L1': -0.8827477183043844, 'ar.L2': -0.4112312744346505, 'sigma2': 5216863.193067559}"
794,14,53,701.5385717190713,"(2, 1, 0)","(0, 0, 0, 0)","{'ar.L1': -0.9067129929568085, 'ar.L2': -0.4268592539065343, 'sigma2': 5299385.674640042}"
795,14,54,718.8294555818586,"(2, 1, 0)","(0, 0, 0, 0)","{'ar.L1': -0.9034403611336461, 'ar.L2': -0.4261122949571852, 'sigma2': 5158598.967235261}"
796,14,55,736.8171896950023,"(2, 1, 0)","(0, 0, 0, 0)","{'ar.L1': -0.9017263565929781, 'ar.L2': -0.4471003879967728, 'sigma2': 5117187.627831086}"
797,14,56,754.1563046156916,"(2, 1, 0)","(0, 0, 0, 0)","{'ar.L1': -0.893635632100926, 'ar.L2': -0.43708971079131886, 'sigma2': 4999841.074925537}"
798,14,57,771.3819838342569,"(2, 1, 0)","(0, 0, 0, 0)","{'ar.L1': -0.8935768070708281, 'ar.L2': -0.43737919862399716, 'sigma2': 4875020.923034857}"
799,14,58,788.5953043364887,"(2, 1, 0)","(0, 0, 0, 0)","{'ar.L1': -0.8938625464244833, 'ar.L2': -0.438669727100998, 'sigma2': 4757475.961883858}"
800,14,59,806.4235805763053,"(2, 1, 0)","(0, 0, 0, 0)","{'ar.L1': -0.8890128150822794, 'ar.L2': -0.4317748070291758, 'sigma2': 4716260.1172336545}"
801,14,60,823.6361842367022,"(2, 1, 0)","(0, 0, 0, 0)","{'ar.L1': -0.8914416405871739, 'ar.L2': -0.4335141727545868, 'sigma2': 4610639.087936617}"
802,14,61,843.8488428471894,"(2, 1, 0)","(0, 0, 0, 0)","{'ar.L1': -0.8788432227728391, 'ar.L2': -0.4362189109310355, 'sigma2': 4825418.831900598}"
803,14,62,861.0651227702398,"(2, 1, 0)","(0, 0, 0, 0)","{'ar.L1': -0.8742618812562419, 'ar.L2': -0.43235309676947786, 'sigma2': 4721561.799792417}"
804,14,63,878.6547503279639,"(2, 1, 0)","(0, 0, 0, 0)","{'ar.L1': -0.8685282666679177, 'ar.L2': -0.43823754336839427, 'sigma2': 4660692.5525408415}"
805,14,64,895.9130961448967,"(2, 1, 0)","(0, 0, 0, 0)","{'ar.L1': -0.8732555426870641, 'ar.L2': -0.44558873479087774, 'sigma2': 4569855.391808208}"
806,14,65,913.0612801375528,"(2, 1, 0)","(0, 0, 0, 0)","{'ar.L1': -0.872212204522602, 'ar.L2': -0.4451186690519495, 'sigma2': 4475458.162737587}"
807,14,66,931.2196434369271,"(2, 1, 0)","(0, 0, 0, 0)","{'ar.L1': -0.8696100492550232, 'ar.L2': -0.4533791548901806, 'sigma2': 4475996.100355003}"
808,14,67,948.4257622886429,"(2, 1, 0)","(0, 0, 0, 0)","{'ar.L1': -0.8641332446197587, 'ar.L2': -0.4481053673602341, 'sigma2': 4394740.1522437725}"
809,14,68,965.5305652368786,"(2, 1, 0)","(0, 0, 0, 0)","{'ar.L1': -0.8642865629281596, 'ar.L2': -0.4482763453922368, 'sigma2': 4308568.791973365}"
810,15,23,153.565546983483,"(1, 0, 0)","(0, 0, 0, 0)","(444.2857142857141, 2750.000000000001)"
811,15,24,171.10259116895745,"(1, 0, 0)","(0, 0, 0, 0)","(368.0, 2927.9999999999995)"
812,15,25,190.4075053379018,"(1, 0, 0)","(0, 0, 0, 0)","(145.4545454545456, 3521.454545454542)"
813,15,26,209.0915139500459,"(1, 0, 0)","(0, 0, 0, 0)","(295.6363636363637, 3070.9090909090914)"
814,15,27,226.75561264494422,"(1, 0, 0)","(0, 0, 0, 0)","(241.67832167832168, 3250.7692307692287)"
815,15,28,243.9344428113579,"(0, 0, 0)","(0, 0, 0, 0)","{'const': 4467.692307692309, 'sigma2': 6117762.813388737}"
816,15,29,262.0818762264836,"(2, 0, 0)","(0, 0, 0, 0)","{'const': 4620.000194067823, 'ar.L1': -0.4011387251841553, 'ar.L2': -0.44265581619979283, 'sigma2': 4400208.716273056}"
817,15,30,279.23942766776094,"(2, 0, 0)","(0, 0, 0, 0)","{'const': 4584.000275079622, 'ar.L1': -0.4086311503943711, 'ar.L2': -0.43941128168634375, 'sigma2': 4106225.302572884}"
818,15,31,297.0294908439165,"(2, 0, 0)","(0, 0, 0, 0)","{'const': 4665.000084246682, 'ar.L1': -0.4141807833856236, 'ar.L2': -0.4068620800564834, 'sigma2': 3976133.8839781866}"
819,15,32,315.849296375558,"(2, 0, 0)","(0, 0, 0, 0)","{'const': 4622.656582790851, 'ar.L1': -0.4465489746357415, 'ar.L2': -0.39454923186352825, 'sigma2': 4266258.041672859}"
820,15,33,333.2822669155032,"(2, 0, 0)","(0, 0, 0, 0)","{'const': 4613.333795292439, 'ar.L1': -0.4863882288144338, 'ar.L2': -0.39246619135082983, 'sigma2': 4020052.7632136825}"
821,15,34,351.8371636997581,"(1, 0, 0)","(0, 0, 0, 0)","{'const': 4534.1270878598825, 'ar.L1': -0.3832598490346555, 'sigma2': 4661296.206108834}"
822,15,35,369.2094912444084,"(1, 0, 0)","(0, 0, 0, 0)","{'const': 4577.99990474957, 'ar.L1': -0.4060527045570149, 'sigma2': 4611865.752992704}"
823,15,36,387.07292300969925,"(1, 0, 0)","(0, 0, 0, 0)","{'const': 4510.045807967521, 'ar.L1': -0.437299085552125, 'sigma2': 4410426.402466621}"
824,15,37,405.0758030146827,"(1, 0, 0)","(0, 0, 0, 0)","{'const': 4412.7273214168235, 'ar.L1': -0.3921927153569441, 'sigma2': 4526285.406435409}"
825,15,38,423.82377926487965,"(1, 0, 0)","(0, 0, 0, 0)","{'const': 4309.565287264294, 'ar.L1': -0.371128541279112, 'sigma2': 4656807.397914962}"
826,15,39,442.19469567968594,"(1, 0, 0)","(0, 0, 0, 0)","{'const': 4245.000038663213, 'ar.L1': -0.32680004460749507, 'sigma2': 4703051.598764696}"
827,15,40,450.54795801230546,"(2, 1, 0)","(0, 0, 0, 0)","{'ar.L1': -0.9160167710605086, 'ar.L2': -0.4098483224448518, 'sigma2': 6907310.331098061}"
828,15,41,468.43709024536065,"(2, 1, 0)","(0, 0, 0, 0)","{'ar.L1': -0.9291312738633295, 'ar.L2': -0.42164815759751045, 'sigma2': 6710272.169330771}"
829,15,42,486.03023865836985,"(2, 1, 0)","(0, 0, 0, 0)","{'ar.L1': -0.9195340874540561, 'ar.L2': -0.4186696451006049, 'sigma2': 6466317.367571278}"
830,15,43,503.611279344969,"(2, 1, 0)","(0, 0, 0, 0)","{'ar.L1': -0.9175050131885343, 'ar.L2': -0.4100672332685918, 'sigma2': 6246175.233588594}"
831,15,44,521.0525523278778,"(2, 1, 0)","(0, 0, 0, 0)","{'ar.L1': -0.9182386534170794, 'ar.L2': -0.40901663287901824, 'sigma2': 6015914.40399123}"
832,15,45,540.0386716565744,"(2, 1, 0)","(0, 0, 0, 0)","{'ar.L1': -0.9144885379442442, 'ar.L2': -0.41449783198052403, 'sigma2': 6128683.451613862}"
833,15,46,557.5825616339612,"(2, 1, 0)","(0, 0, 0, 0)","{'ar.L1': -0.9000468288841719, 'ar.L2': -0.40345115198542153, 'sigma2': 5946159.41087453}"
834,15,47,574.9732505159051,"(2, 1, 0)","(0, 0, 0, 0)","{'ar.L1': -0.9001010566425849, 'ar.L2': -0.40686820334103146, 'sigma2': 5746906.1799700055}"
835,15,48,593.1429306848014,"(2, 1, 0)","(0, 0, 0, 0)","{'ar.L1': -0.9105125072937504, 'ar.L2': -0.42377768562332185, 'sigma2': 5700335.712114947}"
836,15,49,610.5462596737799,"(2, 1, 0)","(0, 0, 0, 0)","{'ar.L1': -0.9197075118376287, 'ar.L2': -0.4299700118206364, 'sigma2': 5528434.321394092}"
837,15,50,628.618364527053,"(2, 1, 0)","(0, 0, 0, 0)","{'ar.L1': -0.9058607156376579, 'ar.L2': -0.4360585254428178, 'sigma2': 5480993.937535368}"
838,15,51,646.4788269393978,"(2, 1, 0)","(0, 0, 0, 0)","{'ar.L1': -0.8884640989211602, 'ar.L2': -0.4108790900267079, 'sigma2': 5410437.19129415}"
839,15,52,664.5492963864691,"(2, 1, 0)","(0, 0, 0, 0)","{'ar.L1': -0.8861202893840157, 'ar.L2': -0.40824870286439163, 'sigma2': 5370268.030280099}"
840,15,53,683.464404530088,"(2, 1, 0)","(0, 0, 0, 0)","{'ar.L1': -0.9101207416104632, 'ar.L2': -0.42380775770617607, 'sigma2': 5450757.2571741}"
841,15,54,700.7637417790888,"(2, 1, 0)","(0, 0, 0, 0)","{'ar.L1': -0.906520338923173, 'ar.L2': -0.4229630951979196, 'sigma2': 5301852.221693147}"
842,15,55,718.7701786251264,"(2, 1, 0)","(0, 0, 0, 0)","{'ar.L1': -0.9046417934293101, 'ar.L2': -0.4436836844958465, 'sigma2': 5255363.710863256}"
843,15,56,736.1133589548293,"(2, 1, 0)","(0, 0, 0, 0)","{'ar.L1': -0.8966110496572226, 'ar.L2': -0.4338953287117503, 'sigma2': 5131320.858491014}"
844,15,57,753.3448742327677,"(2, 1, 0)","(0, 0, 0, 0)","{'ar.L1': -0.8965028727206968, 'ar.L2': -0.43420148568756767, 'sigma2': 4999928.139115171}"
845,15,58,770.5640252891097,"(2, 1, 0)","(0, 0, 0, 0)","{'ar.L1': -0.896774377546324, 'ar.L2': -0.43552241862190305, 'sigma2': 4876317.950884753}"
846,15,59,788.3919773252715,"(2, 1, 0)","(0, 0, 0, 0)","{'ar.L1': -0.891976306389086, 'ar.L2': -0.42878220379291454, 'sigma2': 4831217.037361801}"
847,15,60,805.608104555766,"(2, 1, 0)","(0, 0, 0, 0)","{'ar.L1': -0.8943815291575059, 'ar.L2': -0.4305212111812444, 'sigma2': 4720343.113028358}"
848,15,61,825.8228509767772,"(2, 1, 0)","(0, 0, 0, 0)","{'ar.L1': -0.8817119398676053, 'ar.L2': -0.4329916779813221, 'sigma2': 4937527.774110467}"
849,15,62,843.0444053557092,"(2, 1, 0)","(0, 0, 0, 0)","{'ar.L1': -0.8770509442680496, 'ar.L2': -0.4291020468304009, 'sigma2': 4828768.945130197}"
850,15,63,860.6465962376203,"(2, 1, 0)","(0, 0, 0, 0)","{'ar.L1': -0.8712069176548339, 'ar.L2': -0.43491429941809273, 'sigma2': 4764126.904307782}"
851,15,64,877.9112668569276,"(2, 1, 0)","(0, 0, 0, 0)","{'ar.L1': -0.8759795705471116, 'ar.L2': -0.44228406891154975, 'sigma2': 4669045.097734979}"
852,15,65,895.0639533224272,"(2, 1, 0)","(0, 0, 0, 0)","{'ar.L1': -0.874881042385913, 'ar.L2': -0.44180499577560284, 'sigma2': 4570529.171358881}"
853,15,66,913.2319837428951,"(2, 1, 0)","(0, 0, 0, 0)","{'ar.L1': -0.8722193532637714, 'ar.L2': -0.44992191684077093, 'sigma2': 4569047.981923489}"
854,15,67,930.4415457928499,"(2, 1, 0)","(0, 0, 0, 0)","{'ar.L1': -0.8667451881527168, 'ar.L2': -0.4447193571712118, 'sigma2': 4484248.628404147}"
855,15,68,947.5498788003248,"(2, 1, 0)","(0, 0, 0, 0)","{'ar.L1': -0.8668690490558597, 'ar.L2': -0.44492892066849127, 'sigma2': 4394563.690827983}"
856,16,24,153.69041294458097,"(1, 0, 0)","(0, 0, 0, 0)","(388.57142857142844, 3200.0)"
857,16,25,172.87782622385723,"(1, 0, 0)","(0, 0, 0, 0)","(112.00000000000028, 3845.3333333333303)"
858,16,26,191.581224697491,"(1, 0, 0)","(0, 0, 0, 0)","(298.90909090909116, 3346.9090909090874)"
859,16,27,209.3125454478875,"(1, 0, 0)","(0, 0, 0, 0)","(234.54545454545456, 3540.000000000001)"
860,16,28,227.81393590833642,"(1, 0, 0)","(0, 0, 0, 0)","(119.16083916083932, 3924.6153846153834)"
861,16,29,240.75728616109484,"(2, 0, 0)","(0, 0, 0, 0)","{'const': 4856.473373049897, 'ar.L1': -0.5929970389610206, 'ar.L2': -0.642667525542678, 'sigma2': 3156472.382334417}"
862,16,30,257.74590352856546,"(2, 0, 0)","(0, 0, 0, 0)","{'const': 4824.9481867628565, 'ar.L1': -0.6087678882529133, 'ar.L2': -0.6343474774205616, 'sigma2': 2999848.628059428}"
863,16,31,275.3989479121625,"(2, 0, 0)","(0, 0, 0, 0)","{'const': 4883.734827190212, 'ar.L1': -0.61611210409864, 'ar.L2': -0.6103796793050007, 'sigma2': 2926046.280329189}"
864,16,32,294.9229813030427,"(2, 0, 0)","(0, 0, 0, 0)","{'const': 4779.856789472269, 'ar.L1': -0.6347657818167065, 'ar.L2': -0.5741666822200119, 'sigma2': 3519452.2913591177}"
865,16,33,311.84315864259264,"(2, 0, 0)","(0, 0, 0, 0)","{'const': 4802.219492603474, 'ar.L1': -0.6626445848783281, 'ar.L2': -0.5878210438296667, 'sigma2': 3118707.29323962}"
866,16,34,331.41477518653426,"(2, 0, 0)","(0, 0, 0, 0)","{'const': 4703.194772183076, 'ar.L1': -0.677424936876782, 'ar.L2': -0.48157318861121007, 'sigma2': 3584083.465114283}"
867,16,35,348.726698861724,"(2, 0, 0)","(0, 0, 0, 0)","{'const': 4654.737328519138, 'ar.L1': -0.6979630635751898, 'ar.L2': -0.47111464897569805, 'sigma2': 3182790.053378965}"
868,16,36,367.4862481117418,"(2, 0, 0)","(0, 0, 0, 0)","{'const': 4652.878751023317, 'ar.L1': -0.710076611433021, 'ar.L2': -0.4080728998831115, 'sigma2': 3611665.5945189097}"
869,16,37,385.65550055890736,"(2, 0, 0)","(0, 0, 0, 0)","{'const': 4597.978804636102, 'ar.L1': -0.6575174707720978, 'ar.L2': -0.41180292426463405, 'sigma2': 3673740.8698004903}"
870,16,38,405.74370209999404,"(1, 0, 0)","(0, 0, 0, 0)","{'const': 4363.636472394803, 'ar.L1': -0.40639110208562657, 'sigma2': 4581633.457232103}"
871,16,39,424.2826426006046,"(1, 0, 0)","(0, 0, 0, 0)","{'const': 4293.913104789045, 'ar.L1': -0.3557138846988701, 'sigma2': 4670249.49417281}"
872,16,40,441.6684209619027,"(1, 0, 0)","(0, 0, 0, 0)","{'const': 4275.000037698344, 'ar.L1': -0.34344383149588176, 'sigma2': 4514326.405039546}"
873,16,41,453.00008471280375,"(2, 1, 0)","(0, 0, 0, 0)","{'ar.L1': -0.8721896788613137, 'ar.L2': -0.33826311017243654, 'sigma2': 7051200.557340181}"
874,16,42,470.6838728494728,"(2, 1, 0)","(0, 0, 0, 0)","{'ar.L1': -0.8637059933204101, 'ar.L2': -0.3360443925461669, 'sigma2': 6791205.110416527}"
875,16,43,488.32568830512315,"(2, 1, 0)","(0, 0, 0, 0)","{'ar.L1': -0.862273008503331, 'ar.L2': -0.3291846386863831, 'sigma2': 6550918.977882269}"
876,16,44,505.8707858744415,"(2, 1, 0)","(0, 0, 0, 0)","{'ar.L1': -0.8633214653182496, 'ar.L2': -0.3287944794818567, 'sigma2': 6310202.256229786}"
877,16,45,524.8320412538325,"(2, 1, 0)","(0, 0, 0, 0)","{'ar.L1': -0.8595415332970011, 'ar.L2': -0.3344529936918381, 'sigma2': 6416232.622087302}"
878,16,46,542.4128675446517,"(2, 1, 0)","(0, 0, 0, 0)","{'ar.L1': -0.8484776723287225, 'ar.L2': -0.32608239045566517, 'sigma2': 6212594.620362312}"
879,16,47,559.9238466615294,"(2, 1, 0)","(0, 0, 0, 0)","{'ar.L1': -0.8488915397998085, 'ar.L2': -0.33094767394351543, 'sigma2': 6008767.931964965}"
880,16,48,578.212331840533,"(2, 1, 0)","(0, 0, 0, 0)","{'ar.L1': -0.8604412781105313, 'ar.L2': -0.3497888734532347, 'sigma2': 5969695.594276241}"
881,16,49,595.7481459611938,"(2, 1, 0)","(0, 0, 0, 0)","{'ar.L1': -0.8720475544040537, 'ar.L2': -0.35797104494608223, 'sigma2': 5795776.081758015}"
882,16,50,613.8792059497723,"(2, 1, 0)","(0, 0, 0, 0)","{'ar.L1': -0.858194209320901, 'ar.L2': -0.36478594172605033, 'sigma2': 5743256.2190741375}"
883,16,51,631.6511530430112,"(2, 1, 0)","(0, 0, 0, 0)","{'ar.L1': -0.8428529921334246, 'ar.L2': -0.3424591894565369, 'sigma2': 5644911.582029064}"
884,16,52,649.7304646870488,"(2, 1, 0)","(0, 0, 0, 0)","{'ar.L1': -0.8405804028482181, 'ar.L2': -0.33990078332283713, 'sigma2': 5595742.792824946}"
885,16,53,668.6910584927807,"(2, 1, 0)","(0, 0, 0, 0)","{'ar.L1': -0.8655845490054999, 'ar.L2': -0.35632105448803275, 'sigma2': 5682482.045487676}"
886,16,54,686.073667877849,"(2, 1, 0)","(0, 0, 0, 0)","{'ar.L1': -0.8634281112459758, 'ar.L2': -0.35626989235891865, 'sigma2': 5526303.678585383}"
887,16,55,704.2280440953947,"(2, 1, 0)","(0, 0, 0, 0)","{'ar.L1': -0.8620073934125777, 'ar.L2': -0.37993353910121475, 'sigma2': 5487131.813822948}"
888,16,56,721.6043425080485,"(2, 1, 0)","(0, 0, 0, 0)","{'ar.L1': -0.857074040730557, 'ar.L2': -0.373953126778773, 'sigma2': 5349922.042888609}"
889,16,57,738.9228596598143,"(2, 1, 0)","(0, 0, 0, 0)","{'ar.L1': -0.8572562344873846, 'ar.L2': -0.37468766556029054, 'sigma2': 5212854.474921066}"
890,16,58,756.2337344940108,"(2, 1, 0)","(0, 0, 0, 0)","{'ar.L1': -0.8578332418724544, 'ar.L2': -0.3767165308742921, 'sigma2': 5084092.830947478}"
891,16,59,774.0535191147875,"(2, 1, 0)","(0, 0, 0, 0)","{'ar.L1': -0.8531480950549658, 'ar.L2': -0.3700959299464418, 'sigma2': 5029652.624358886}"
892,16,60,791.3589204512272,"(2, 1, 0)","(0, 0, 0, 0)","{'ar.L1': -0.8561152977375843, 'ar.L2': -0.3724613512566111, 'sigma2': 4914676.4243770195}"
893,16,61,811.437209904518,"(2, 1, 0)","(0, 0, 0, 0)","{'ar.L1': -0.8430492825053625, 'ar.L2': -0.37448671186781696, 'sigma2': 5128546.19535963}"
894,16,62,828.7172318139902,"(2, 1, 0)","(0, 0, 0, 0)","{'ar.L1': -0.841507913486885, 'ar.L2': -0.3733987554739619, 'sigma2': 5012534.175630367}"
895,16,63,846.3982662208513,"(2, 1, 0)","(0, 0, 0, 0)","{'ar.L1': -0.8356574749704028, 'ar.L2': -0.37991432339080994, 'sigma2': 4946075.460386491}"
896,16,64,863.7814549944865,"(2, 1, 0)","(0, 0, 0, 0)","{'ar.L1': -0.8419107260102052, 'ar.L2': -0.38963648145287544, 'sigma2': 4850344.548446436}"
897,16,65,881.0056302736133,"(2, 1, 0)","(0, 0, 0, 0)","{'ar.L1': -0.8414768199736641, 'ar.L2': -0.38974490605793644, 'sigma2': 4747037.59357976}"
898,16,66,900.3876843813836,"(2, 1, 0)","(0, 0, 0, 0)","{'ar.L1': -0.8427841382018204, 'ar.L2': -0.4043142831984716, 'sigma2': 3833595.612611509}"
899,16,67,917.6525310687679,"(2, 1, 0)","(0, 0, 0, 0)","{'ar.L1': -0.8385198751198412, 'ar.L2': -0.40031543418958293, 'sigma2': 3761431.4899575384}"
900,16,68,934.8602548319844,"(2, 1, 0)","(0, 0, 0, 0)","{'ar.L1': -0.838822065163248, 'ar.L2': -0.40097971742154653, 'sigma2': 3684670.7404463165}"
901,17,25,154.81339630816368,"(1, 0, 0)","(0, 0, 0, 0)","(-42.8571428571433, 4680.000000000002)"
902,17,26,173.78592130568836,"(1, 0, 0)","(0, 0, 0, 0)","(220.0000000000003, 4066.666666666663)"
903,17,27,191.50066493800563,"(1, 0, 0)","(0, 0, 0, 0)","(158.54545454545453, 4230.545454545451)"
904,17,28,209.79138676810697,"(1, 0, 0)","(0, 0, 0, 0)","(35.99999999999978, 4598.181818181821)"
905,17,29,227.57470356260782,"(1, 0, 0)","(0, 0, 0, 0)","(97.76223776223782, 4392.307692307691)"
906,17,30,240.44944037050612,"(2, 0, 0)","(0, 0, 0, 0)","{'const': 4864.615533610096, 'ar.L1': -0.6334959199482869, 'ar.L2': -0.5746341584065272, 'sigma2': 2771011.9961228683}"
907,17,31,257.72352979247654,"(2, 0, 0)","(0, 0, 0, 0)","{'const': 4938.357782258454, 'ar.L1': -0.6388063776938558, 'ar.L2': -0.5297231065801156, 'sigma2': 3074864.264199718}"
908,17,32,277.27418456759216,"(2, 0, 0)","(0, 0, 0, 0)","{'const': 4841.588636647073, 'ar.L1': -0.6616104683503272, 'ar.L2': -0.5028464895110373, 'sigma2': 3362070.6446968275}"
909,17,33,294.2327911044051,"(2, 0, 0)","(0, 0, 0, 0)","{'const': 4845.000014056433, 'ar.L1': -0.6783027914324216, 'ar.L2': -0.5121547941928977, 'sigma2': 2956452.076991494}"
910,17,34,313.6192483701221,"(2, 0, 0)","(0, 0, 0, 0)","{'const': 4680.000510869118, 'ar.L1': -0.6826681022288217, 'ar.L2': -0.3928000018211853, 'sigma2': 3270439.963432956}"
911,17,35,330.4724314048946,"(2, 0, 0)","(0, 0, 0, 0)","{'const': 4780.0000082175175, 'ar.L1': -0.7083878450832415, 'ar.L2': -0.38860778923613154, 'sigma2': 3103498.954869879}"
912,17,36,348.8486041055794,"(1, 0, 0)","(0, 0, 0, 0)","{'const': 4629.474045138934, 'ar.L1': -0.555754198106131, 'sigma2': 3990141.882157693}"
913,17,37,367.41937109189655,"(1, 0, 0)","(0, 0, 0, 0)","{'const': 4578.000138447737, 'ar.L1': -0.49244769298323576, 'sigma2': 4115143.6031844546}"
914,17,38,386.6810956877881,"(1, 0, 0)","(0, 0, 0, 0)","{'const': 4457.143016753643, 'ar.L1': -0.4598319888274717, 'sigma2': 4385897.851780639}"
915,17,39,405.5337220875754,"(1, 0, 0)","(0, 0, 0, 0)","{'const': 4380.000083762873, 'ar.L1': -0.3997554484210462, 'sigma2': 4552612.742209857}"
916,17,40,422.99229573384247,"(1, 0, 0)","(0, 0, 0, 0)","{'const': 4356.521789506001, 'ar.L1': -0.3838342189962061, 'sigma2': 4414507.062838085}"
917,17,41,442.9682871962667,"(1, 0, 0)","(0, 0, 0, 0)","{'const': 4215.000092547448, 'ar.L1': -0.36246639425839466, 'sigma2': 4795468.689586929}"
918,17,42,452.06921231620834,"(2, 1, 0)","(0, 0, 0, 0)","{'ar.L1': -0.956154845175101, 'ar.L2': -0.5251246825524637, 'sigma2': 6683973.321221701}"
919,17,43,470.60050941202826,"(2, 1, 0)","(0, 0, 0, 0)","{'ar.L1': -0.9584908163995516, 'ar.L2': -0.5154874575833005, 'sigma2': 5065103.646766974}"
920,17,44,487.3797225730275,"(2, 1, 0)","(0, 0, 0, 0)","{'ar.L1': -0.953346939656655, 'ar.L2': -0.509570572893742, 'sigma2': 6224432.9778690925}"
921,17,45,506.2539090842481,"(2, 1, 0)","(0, 0, 0, 0)","{'ar.L1': -0.9502520940429025, 'ar.L2': -0.5164148199026617, 'sigma2': 6319636.536459493}"
922,17,46,523.9342482319821,"(2, 1, 0)","(0, 0, 0, 0)","{'ar.L1': -0.9313445359232899, 'ar.L2': -0.5001736302956741, 'sigma2': 6138066.86619175}"
923,17,47,541.3930973985139,"(2, 1, 0)","(0, 0, 0, 0)","{'ar.L1': -0.9322665031856552, 'ar.L2': -0.5027748153072789, 'sigma2': 5921094.657402107}"
924,17,48,560.2109823864956,"(2, 1, 0)","(0, 0, 0, 0)","{'ar.L1': -0.9494982454416979, 'ar.L2': -0.5252523060289207, 'sigma2': 4694385.285176431}"
925,17,49,577.6847559804622,"(2, 1, 0)","(0, 0, 0, 0)","{'ar.L1': -0.9582807686585253, 'ar.L2': -0.5314185036724897, 'sigma2': 4548332.397066846}"
926,17,50,594.9041818765565,"(2, 1, 0)","(0, 0, 0, 0)","{'ar.L1': -0.9413192193605536, 'ar.L2': -0.5357166800119048, 'sigma2': 5587393.126725978}"
927,17,51,613.0063521664974,"(2, 1, 0)","(0, 0, 0, 0)","{'ar.L1': -0.9166611861194398, 'ar.L2': -0.49912830402336733, 'sigma2': 5546610.818420111}"
928,17,52,631.114332934591,"(2, 1, 0)","(0, 0, 0, 0)","{'ar.L1': -0.9140083959975354, 'ar.L2': -0.49587063695639577, 'sigma2': 5503886.634570579}"
929,17,53,649.9265994759846,"(2, 1, 0)","(0, 0, 0, 0)","{'ar.L1': -0.9395872473116205, 'ar.L2': -0.5142821146642733, 'sigma2': 5571286.109110496}"
930,17,54,667.2930886638226,"(2, 1, 0)","(0, 0, 0, 0)","{'ar.L1': -0.9365706107651698, 'ar.L2': -0.5134067824488353, 'sigma2': 5414092.937447031}"
931,17,55,685.1121621827999,"(2, 1, 0)","(0, 0, 0, 0)","{'ar.L1': -0.9372493813206253, 'ar.L2': -0.5346780342993777, 'sigma2': 5336018.242645126}"
932,17,56,703.3110073086741,"(2, 1, 0)","(0, 0, 0, 0)","{'ar.L1': -0.9274362068845021, 'ar.L2': -0.5190629267483355, 'sigma2': 4317408.750791663}"
933,17,57,720.626414661388,"(2, 1, 0)","(0, 0, 0, 0)","{'ar.L1': -0.9277865689577887, 'ar.L2': -0.5192657512986097, 'sigma2': 4200864.494850692}"
934,17,58,737.1679638720834,"(2, 1, 0)","(0, 0, 0, 0)","{'ar.L1': -0.924838053826655, 'ar.L2': -0.5185940050191576, 'sigma2': 4951196.927714081}"
935,17,59,755.8349494174951,"(2, 1, 0)","(0, 0, 0, 0)","{'ar.L1': -0.9224649678430688, 'ar.L2': -0.5114539987564318, 'sigma2': 4062253.735625842}"
936,17,60,773.1164692336804,"(2, 1, 0)","(0, 0, 0, 0)","{'ar.L1': -0.9250709585955856, 'ar.L2': -0.5131798728833914, 'sigma2': 3965755.963872797}"
937,17,61,793.0288614315434,"(2, 1, 0)","(0, 0, 0, 0)","{'ar.L1': -0.9119858618673347, 'ar.L2': -0.5165929962436827, 'sigma2': 4210739.437374814}"
938,17,62,810.3661151405784,"(2, 1, 0)","(0, 0, 0, 0)","{'ar.L1': -0.9036567113836096, 'ar.L2': -0.5086943297274539, 'sigma2': 4112260.5145459906}"
939,17,63,827.9057964109953,"(2, 1, 0)","(0, 0, 0, 0)","{'ar.L1': -0.8989878483691537, 'ar.L2': -0.514933056759421, 'sigma2': 4061510.3478489644}"
940,17,64,845.1645539480504,"(2, 1, 0)","(0, 0, 0, 0)","{'ar.L1': -0.9028750288713734, 'ar.L2': -0.520645613264157, 'sigma2': 3980494.20875881}"
941,17,65,862.3873089896044,"(2, 1, 0)","(0, 0, 0, 0)","{'ar.L1': -0.9015609037147685, 'ar.L2': -0.5197325842449332, 'sigma2': 3892535.2642725916}"
942,17,66,880.4117660808568,"(2, 1, 0)","(0, 0, 0, 0)","{'ar.L1': -0.8996857212143257, 'ar.L2': -0.5289484941048499, 'sigma2': 3907033.153078182}"
943,17,67,897.7360648821382,"(2, 1, 0)","(0, 0, 0, 0)","{'ar.L1': -0.8920931804329928, 'ar.L2': -0.5209324796823044, 'sigma2': 3830583.1571338377}"
944,17,68,914.9065689244151,"(2, 1, 0)","(0, 0, 0, 0)","{'ar.L1': -0.8925796424001204, 'ar.L2': -0.5207742856232119, 'sigma2': 3750779.5399353746}"
945,18,26,155.60371687947693,"(1, 0, 0)","(0, 0, 0, 0)","(54.285714285714114, 5060.0)"
946,18,27,173.27389202517352,"(1, 0, 0)","(0, 0, 0, 0)","(16.00000000000013, 5149.333333333331)"
947,18,28,191.2916198561103,"(1, 0, 0)","(0, 0, 0, 0)","(-102.54545454545467, 5465.454545454543)"
948,18,29,209.29591507714497,"(1, 0, 0)","(0, 0, 0, 0)","(-4.363636363636312, 5170.909090909092)"
949,18,30,226.86695002394646,"(1, 0, 0)","(0, 0, 0, 0)","(-44.47552447552458, 5304.615384615384)"
950,18,31,240.4284207796489,"(2, 0, 0)","(0, 0, 0, 0)","{'const': 4989.98408109011, 'ar.L1': -0.5614225398537263, 'ar.L2': -0.547618297429577, 'sigma2': 3189996.2968370067}"
951,18,32,260.222111279926,"(2, 0, 0)","(0, 0, 0, 0)","{'const': 4877.142640961053, 'ar.L1': -0.6141170884853688, 'ar.L2': -0.5145323110863879, 'sigma2': 3369394.2930125245}"
952,18,33,277.1290613428699,"(2, 0, 0)","(0, 0, 0, 0)","{'const': 4871.220171018733, 'ar.L1': -0.6336382743210376, 'ar.L2': -0.5138554826465648, 'sigma2': 3373987.1415017964}"
953,18,34,296.5231853911837,"(2, 0, 0)","(0, 0, 0, 0)","{'const': 4814.999706955114, 'ar.L1': -0.6781381913396614, 'ar.L2': -0.38886499918604467, 'sigma2': 3528547.997215342}"
954,18,35,313.4888272443516,"(2, 0, 0)","(0, 0, 0, 0)","{'const': 4783.429628839012, 'ar.L1': -0.6975302664628774, 'ar.L2': -0.38310472986694327, 'sigma2': 3548713.8733526026}"
955,18,36,331.68838317870853,"(1, 0, 0)","(0, 0, 0, 0)","{'const': 4712.364983630751, 'ar.L1': -0.5710569678395402, 'sigma2': 4125203.318102189}"
956,18,37,350.30803838127656,"(1, 0, 0)","(0, 0, 0, 0)","{'const': 4626.44817339949, 'ar.L1': -0.49595381525775073, 'sigma2': 4273987.948278103}"
957,18,38,369.71308357156084,"(1, 0, 0)","(0, 0, 0, 0)","{'const': 4553.999846705519, 'ar.L1': -0.46903968562493653, 'sigma2': 3926362.943590397}"
958,18,39,388.5903282869152,"(1, 0, 0)","(0, 0, 0, 0)","{'const': 4468.571325195754, 'ar.L1': -0.39922146660054364, 'sigma2': 4043523.346783957}"
959,18,40,406.1295726164671,"(1, 0, 0)","(0, 0, 0, 0)","{'const': 4439.999873742435, 'ar.L1': -0.37976963470327213, 'sigma2': 3902257.5194328898}"
960,18,41,425.97405797135076,"(1, 0, 0)","(0, 0, 0, 0)","{'const': 4288.695611454053, 'ar.L1': -0.3665681979175299, 'sigma2': 4231497.956723625}"
961,18,42,444.2956876329365,"(0, 0, 0)","(0, 0, 0, 0)","{'const': 4204.999763034195, 'sigma2': 5433638.261419574}"
962,18,43,443.2395102493984,"(2, 1, 0)","(0, 0, 0, 0)","{'ar.L1': -0.952419816217279, 'ar.L2': -0.41146694366091124, 'sigma2': 4897642.552274214}"
963,18,44,460.4875605571427,"(2, 1, 0)","(0, 0, 0, 0)","{'ar.L1': -0.9535235993328375, 'ar.L2': -0.41077298645034543, 'sigma2': 4691904.418855163}"
964,18,45,479.65805376965267,"(2, 1, 0)","(0, 0, 0, 0)","{'ar.L1': -0.9487865204093914, 'ar.L2': -0.4152327186982067, 'sigma2': 4893288.664646208}"
965,18,46,497.08509667759614,"(2, 1, 0)","(0, 0, 0, 0)","{'ar.L1': -0.9300681743594359, 'ar.L2': -0.40089427267125494, 'sigma2': 4737377.795070561}"
966,18,47,514.3136675602923,"(2, 1, 0)","(0, 0, 0, 0)","{'ar.L1': -0.9304944805144575, 'ar.L2': -0.4048121179565948, 'sigma2': 4569110.4989281995}"
967,18,48,532.4776184817348,"(2, 1, 0)","(0, 0, 0, 0)","{'ar.L1': -0.9431895708078079, 'ar.L2': -0.4230790709339666, 'sigma2': 4578716.68010088}"
968,18,49,549.6937764829165,"(2, 1, 0)","(0, 0, 0, 0)","{'ar.L1': -0.9528831755859374, 'ar.L2': -0.4297008366090558, 'sigma2': 4426783.392634193}"
969,18,50,567.8403476491806,"(2, 1, 0)","(0, 0, 0, 0)","{'ar.L1': -0.9361451019200742, 'ar.L2': -0.43396840993859576, 'sigma2': 4442527.709355632}"
970,18,51,585.6296576514278,"(2, 1, 0)","(0, 0, 0, 0)","{'ar.L1': -0.915426461614653, 'ar.L2': -0.40666388939901776, 'sigma2': 4378443.469398284}"
971,18,52,603.678625220116,"(2, 1, 0)","(0, 0, 0, 0)","{'ar.L1': -0.9126197964836817, 'ar.L2': -0.403680927811611, 'sigma2': 4365973.200958389}"
972,18,53,622.6557239036597,"(2, 1, 0)","(0, 0, 0, 0)","{'ar.L1': -0.9398179269712876, 'ar.L2': -0.4216554161242349, 'sigma2': 4482917.694544363}"
973,18,54,639.8185563072944,"(2, 1, 0)","(0, 0, 0, 0)","{'ar.L1': -0.9335788303504512, 'ar.L2': -0.4195948077015917, 'sigma2': 4353493.936439479}"
974,18,55,657.8882221829523,"(2, 1, 0)","(0, 0, 0, 0)","{'ar.L1': -0.9319216821999079, 'ar.L2': -0.44100005444961776, 'sigma2': 4364227.397715051}"
975,18,56,675.0965725932678,"(2, 1, 0)","(0, 0, 0, 0)","{'ar.L1': -0.9224886295751289, 'ar.L2': -0.4301796062963278, 'sigma2': 4249232.524284006}"
976,18,57,692.1757448359572,"(2, 1, 0)","(0, 0, 0, 0)","{'ar.L1': -0.92233481030026, 'ar.L2': -0.4305695670282379, 'sigma2': 4131845.0468914798}"
977,18,58,709.2453937490452,"(2, 1, 0)","(0, 0, 0, 0)","{'ar.L1': -0.922861635772686, 'ar.L2': -0.432158610293747, 'sigma2': 4023097.381317268}"
978,18,59,727.024745210842,"(2, 1, 0)","(0, 0, 0, 0)","{'ar.L1': -0.9172722348632161, 'ar.L2': -0.4248694774973878, 'sigma2': 3992532.4204051145}"
979,18,60,744.0871120902854,"(2, 1, 0)","(0, 0, 0, 0)","{'ar.L1': -0.9200207507045994, 'ar.L2': -0.42685037838292533, 'sigma2': 3894581.534234233}"
980,18,61,764.7201027677706,"(2, 1, 0)","(0, 0, 0, 0)","{'ar.L1': -0.905114447355114, 'ar.L2': -0.4275976320949464, 'sigma2': 4161966.5094831036}"
981,18,62,781.8144539366893,"(2, 1, 0)","(0, 0, 0, 0)","{'ar.L1': -0.8990526378312089, 'ar.L2': -0.4226203894064803, 'sigma2': 4062939.769261843}"
982,18,63,799.3992626054779,"(2, 1, 0)","(0, 0, 0, 0)","{'ar.L1': -0.8923413285753778, 'ar.L2': -0.42823105026470615, 'sigma2': 4022480.5942872255}"
983,18,64,816.5467581575346,"(2, 1, 0)","(0, 0, 0, 0)","{'ar.L1': -0.8980434318974864, 'ar.L2': -0.436311667267541, 'sigma2': 3942597.204365067}"
984,18,65,833.5663226303452,"(2, 1, 0)","(0, 0, 0, 0)","{'ar.L1': -0.8965870951430122, 'ar.L2': -0.4356375270914381, 'sigma2': 3853965.4617581414}"
985,18,66,851.8024010861359,"(2, 1, 0)","(0, 0, 0, 0)","{'ar.L1': -0.8936662119402647, 'ar.L2': -0.4436836878118438, 'sigma2': 3877871.392649182}"
986,18,67,868.8965796369359,"(2, 1, 0)","(0, 0, 0, 0)","{'ar.L1': -0.8873648863211876, 'ar.L2': -0.43787431098212076, 'sigma2': 3800630.09579068}"
987,18,68,885.8704571203829,"(2, 1, 0)","(0, 0, 0, 0)","{'ar.L1': -0.8875415718602114, 'ar.L2': -0.4383092517961547, 'sigma2': 3719894.2587255375}"
988,19,27,151.7628746733998,"(1, 0, 0)","(0, 0, 0, 0)","(428.5714285714284, 3239.999999999999)"
989,19,28,170.5968605947894,"(1, 0, 0)","(0, 0, 0, 0)","(192.0000000000003, 3791.9999999999986)"
990,19,29,187.99579445577237,"(1, 0, 0)","(0, 0, 0, 0)","(250.90909090909093, 3634.9090909090887)"
991,19,30,205.80746385084495,"(1, 0, 0)","(0, 0, 0, 0)","(157.09090909090935, 3916.363636363637)"
992,19,31,222.93706509623422,"(1, 0, 0)","(0, 0, 0, 0)","(166.15384615384633, 3886.153846153844)"
993,19,32,240.9733467765196,"(0, 0, 0)","(0, 0, 0, 0)","{'const': 4560.0018536429225, 'sigma2': 4907970.852246431}"
994,19,33,259.08635528300647,"(2, 0, 0)","(0, 0, 0, 0)","{'const': 4714.286182967632, 'ar.L1': -0.5294859960651824, 'ar.L2': -0.40062032357259686, 'sigma2': 3383902.039443447}"
995,19,34,277.01572882801617,"(1, 0, 0)","(0, 0, 0, 0)","{'const': 4536.0001991529725, 'ar.L1': -0.41759819502401163, 'sigma2': 4138464.879395396}"
996,19,35,294.0958368683766,"(1, 0, 0)","(0, 0, 0, 0)","{'const': 4657.500010063018, 'ar.L1': -0.4533014388329582, 'sigma2': 3850514.9339356627}"
997,19,36,311.9559246976397,"(1, 0, 0)","(0, 0, 0, 0)","{'const': 4587.236304094345, 'ar.L1': -0.4941608291632797, 'sigma2': 3793970.0506303455}"
998,19,37,330.16713222462755,"(1, 0, 0)","(0, 0, 0, 0)","{'const': 4446.666765829406, 'ar.L1': -0.4212751282372196, 'sigma2': 3905323.625388075}"
999,19,38,349.1094387972946,"(1, 0, 0)","(0, 0, 0, 0)","{'const': 4320.000119631735, 'ar.L1': -0.3880367090912895, 'sigma2': 4130525.30003836}"
1000,19,39,367.55355713693405,"(1, 0, 0)","(0, 0, 0, 0)","{'const': 4242.000060516022, 'ar.L1': -0.32572597951572607, 'sigma2': 4226950.447309783}"
1001,19,40,384.7988646560822,"(1, 0, 0)","(0, 0, 0, 0)","{'const': 4222.857177619571, 'ar.L1': -0.3121624946485482, 'sigma2': 4058483.206115339}"
1002,19,41,404.3979262951849,"(0, 0, 0)","(0, 0, 0, 0)","{'const': 4074.5303275185206, 'sigma2': 4720594.231898562}"
1003,19,42,422.2523919706531,"(0, 0, 0)","(0, 0, 0, 0)","{'const': 3996.506111853042, 'sigma2': 4676263.233242397}"
1004,19,43,440.9166520101775,"(0, 0, 0)","(0, 0, 0, 0)","{'const': 3884.9998805472096, 'sigma2': 4766055.8230971955}"
1005,19,44,441.9257241752837,"(2, 1, 0)","(0, 0, 0, 0)","{'ar.L1': -0.9860064262682875, 'ar.L2': -0.434324466042499, 'sigma2': 4642843.458967924}"
1006,19,45,461.1372076795198,"(2, 1, 0)","(0, 0, 0, 0)","{'ar.L1': -0.9808749527816572, 'ar.L2': -0.4412091154006915, 'sigma2': 4844278.406062607}"
1007,19,46,478.58384510296315,"(2, 1, 0)","(0, 0, 0, 0)","{'ar.L1': -0.9556764640827645, 'ar.L2': -0.42121139032709254, 'sigma2': 4706573.781232592}"
1008,19,47,495.7740933203721,"(2, 1, 0)","(0, 0, 0, 0)","{'ar.L1': -0.956094178130976, 'ar.L2': -0.42639859096524885, 'sigma2': 4526952.208801687}"
1009,19,48,513.8959965376209,"(2, 1, 0)","(0, 0, 0, 0)","{'ar.L1': -0.9715007074178441, 'ar.L2': -0.4499142515003784, 'sigma2': 4512383.1563820345}"
1010,19,49,531.0536624292271,"(2, 1, 0)","(0, 0, 0, 0)","{'ar.L1': -0.9813337916304137, 'ar.L2': -0.45687740966915147, 'sigma2': 4351025.571429495}"
1011,19,50,549.208857487977,"(2, 1, 0)","(0, 0, 0, 0)","{'ar.L1': -0.9619793960408796, 'ar.L2': -0.46437808866570374, 'sigma2': 4359041.715581588}"
1012,19,51,567.062939128499,"(2, 1, 0)","(0, 0, 0, 0)","{'ar.L1': -0.9353548473692517, 'ar.L2': -0.4273509571742306, 'sigma2': 4331814.384475394}"
1013,19,52,585.1167589006736,"(2, 1, 0)","(0, 0, 0, 0)","{'ar.L1': -0.9319485691405418, 'ar.L2': -0.42356184530732677, 'sigma2': 4323940.688287076}"
1014,19,53,604.0656066919801,"(2, 1, 0)","(0, 0, 0, 0)","{'ar.L1': -0.9638744654027739, 'ar.L2': -0.44504130467620834, 'sigma2': 4427555.498045288}"
1015,19,54,621.2078375339202,"(2, 1, 0)","(0, 0, 0, 0)","{'ar.L1': -0.955188726350054, 'ar.L2': -0.44231089340818264, 'sigma2': 4298337.1264945585}"
1016,19,55,639.224502061423,"(2, 1, 0)","(0, 0, 0, 0)","{'ar.L1': -0.9541310247032897, 'ar.L2': -0.47025539677537764, 'sigma2': 4282760.239833579}"
1017,19,56,656.4399135967599,"(2, 1, 0)","(0, 0, 0, 0)","{'ar.L1': -0.9409975125450916, 'ar.L2': -0.4544959278314822, 'sigma2': 4180262.0281282887}"
1018,19,57,673.4821293600602,"(2, 1, 0)","(0, 0, 0, 0)","{'ar.L1': -0.9406356552200712, 'ar.L2': -0.4548801327241591, 'sigma2': 4061449.0978698903}"
1019,19,58,690.5100558201792,"(2, 1, 0)","(0, 0, 0, 0)","{'ar.L1': -0.9411003382027266, 'ar.L2': -0.4566446893622746, 'sigma2': 3950280.5239767754}"
1020,19,59,708.3027849706615,"(2, 1, 0)","(0, 0, 0, 0)","{'ar.L1': -0.9343394811584109, 'ar.L2': -0.44742255050384655, 'sigma2': 3928259.4115035105}"
1021,19,60,725.3219018260199,"(2, 1, 0)","(0, 0, 0, 0)","{'ar.L1': -0.9372148544715846, 'ar.L2': -0.44954758830903885, 'sigma2': 3828130.6723309113}"
1022,19,61,746.04708764056,"(2, 1, 0)","(0, 0, 0, 0)","{'ar.L1': -0.9205665003883339, 'ar.L2': -0.45188282440911665, 'sigma2': 4100272.9740701118}"
1023,19,62,763.1256010599238,"(2, 1, 0)","(0, 0, 0, 0)","{'ar.L1': -0.9118556916419867, 'ar.L2': -0.4444637826487388, 'sigma2': 4005597.795057114}"
1024,19,63,780.6718792629513,"(2, 1, 0)","(0, 0, 0, 0)","{'ar.L1': -0.9043823462052323, 'ar.L2': -0.45186035462605295, 'sigma2': 3959216.8465468395}"
1025,19,64,797.7628443930928,"(2, 1, 0)","(0, 0, 0, 0)","{'ar.L1': -0.9102697365356902, 'ar.L2': -0.4606627394756439, 'sigma2': 3872291.590742943}"
1026,19,65,814.7483091839649,"(2, 1, 0)","(0, 0, 0, 0)","{'ar.L1': -0.9082645622929002, 'ar.L2': -0.45965311775201184, 'sigma2': 3784083.7374022338}"
1027,19,66,832.9546014044482,"(2, 1, 0)","(0, 0, 0, 0)","{'ar.L1': -0.9051567461207142, 'ar.L2': -0.4698330694152924, 'sigma2': 3802102.6160645126}"
1028,19,67,850.0359441552442,"(2, 1, 0)","(0, 0, 0, 0)","{'ar.L1': -0.8970856760327028, 'ar.L2': -0.46211019549236587, 'sigma2': 3730004.845934777}"
1029,19,68,866.9707570942444,"(2, 1, 0)","(0, 0, 0, 0)","{'ar.L1': -0.8972292931403196, 'ar.L2': -0.46243232133590323, 'sigma2': 3648929.6458923887}"
1030,20,28,152.87223059332993,"(1, 0, 0)","(0, 0, 0, 0)","(68.57142857142846, 4560.0)"
1031,20,29,170.44970601480574,"(1, 0, 0)","(0, 0, 0, 0)","(168.0000000000003, 4327.999999999997)"
1032,20,30,188.10497602101262,"(1, 0, 0)","(0, 0, 0, 0)","(72.00000000000001, 4583.999999999999)"
1033,20,31,205.31937695624123,"(1, 0, 0)","(0, 0, 0, 0)","(98.18181818181822, 4505.454545454547)"
1034,20,32,224.83615889279264,"(1, 0, 0)","(0, 0, 0, 0)","(-52.02797202797177, 5006.153846153844)"
1035,20,33,234.16709383522655,"(2, 0, 0)","(0, 0, 0, 0)","{'const': 5003.72598919806, 'ar.L1': -0.811601229926804, 'ar.L2': -0.7497658719470197, 'sigma2': 1867820.7186020322}"
1036,20,34,256.1311515546199,"(2, 0, 0)","(0, 0, 0, 0)","{'const': 4858.158916363419, 'ar.L1': -0.7999279344826004, 'ar.L2': -0.5289977142825812, 'sigma2': 2868693.403603385}"
1037,20,35,272.7680239079676,"(2, 0, 0)","(0, 0, 0, 0)","{'const': 4873.160208927531, 'ar.L1': -0.8229242330918338, 'ar.L2': -0.5411086678531338, 'sigma2': 2474233.5233172206}"
1038,20,36,292.40629888401725,"(2, 0, 0)","(0, 0, 0, 0)","{'const': 4767.831264962736, 'ar.L1': -0.8066608745834803, 'ar.L2': -0.4065057009106719, 'sigma2': 3006807.396614039}"
1039,20,37,311.29167750155756,"(2, 0, 0)","(0, 0, 0, 0)","{'const': 4684.784758226245, 'ar.L1': -0.703181541549037, 'ar.L2': -0.3925739356427069, 'sigma2': 3238164.954545686}"
1040,20,38,330.67839305347684,"(1, 0, 0)","(0, 0, 0, 0)","{'const': 4477.6600357192165, 'ar.L1': -0.43177388409394446, 'sigma2': 3951541.409460211}"
1041,20,39,349.4269064331209,"(1, 0, 0)","(0, 0, 0, 0)","{'const': 4326.315856430769, 'ar.L1': -0.35542201316522676, 'sigma2': 4268885.589742388}"
1042,20,40,366.74201877385036,"(1, 0, 0)","(0, 0, 0, 0)","{'const': 4302.0000349045185, 'ar.L1': -0.33833049359604656, 'sigma2': 4105823.9605017323}"
1043,20,41,386.68027773001506,"(1, 0, 0)","(0, 0, 0, 0)","{'const': 4142.857219717397, 'ar.L1': -0.31521319119131247, 'sigma2': 4512063.7444690885}"
1044,20,42,404.6431264366556,"(0, 0, 0)","(0, 0, 0, 0)","{'const': 4058.181818181817, 'sigma2': 4781357.567668017}"
1045,20,43,423.3620169261471,"(0, 0, 0)","(0, 0, 0, 0)","{'const': 3939.116457067927, 'sigma2': 4937573.357423537}"
1046,20,44,441.2143752856533,"(0, 0, 0)","(0, 0, 0, 0)","{'const': 3865.000000000001, 'sigma2': 4813516.669694142}"
1047,20,45,445.43117235150055,"(2, 1, 0)","(0, 0, 0, 0)","{'ar.L1': -0.9296469355061376, 'ar.L2': -0.3660234479317812, 'sigma2': 5072471.523995373}"
1048,20,46,462.8638133969469,"(2, 1, 0)","(0, 0, 0, 0)","{'ar.L1': -0.9089608293189948, 'ar.L2': -0.3497405683205779, 'sigma2': 4905490.221509958}"
1049,20,47,480.15897092104854,"(2, 1, 0)","(0, 0, 0, 0)","{'ar.L1': -0.9101874091508397, 'ar.L2': -0.3570530231887921, 'sigma2': 4718712.7946212785}"
1050,20,48,498.3935541043559,"(2, 1, 0)","(0, 0, 0, 0)","{'ar.L1': -0.9272290800398932, 'ar.L2': -0.3828393033695165, 'sigma2': 4711103.264632099}"
1051,20,49,515.6606955066876,"(2, 1, 0)","(0, 0, 0, 0)","{'ar.L1': -0.9403237135912548, 'ar.L2': -0.3927341326627575, 'sigma2': 4543861.511080912}"
1052,20,50,533.8546551273201,"(2, 1, 0)","(0, 0, 0, 0)","{'ar.L1': -0.9208312808193009, 'ar.L2': -0.4005044502367324, 'sigma2': 4545160.170835014}"
1053,20,51,551.5690174908797,"(2, 1, 0)","(0, 0, 0, 0)","{'ar.L1': -0.8967137623547963, 'ar.L2': -0.3670815864105985, 'sigma2': 4489899.090303658}"
1054,20,52,569.6105160394067,"(2, 1, 0)","(0, 0, 0, 0)","{'ar.L1': -0.8933124174858323, 'ar.L2': -0.3632987273448593, 'sigma2': 4474386.402624913}"
1055,20,53,588.601912266317,"(2, 1, 0)","(0, 0, 0, 0)","{'ar.L1': -0.9262785360246772, 'ar.L2': -0.3856206686006814, 'sigma2': 4587808.511004275}"
1056,20,54,605.7977701081855,"(2, 1, 0)","(0, 0, 0, 0)","{'ar.L1': -0.9192481769948401, 'ar.L2': -0.3839647012889671, 'sigma2': 4448973.7818231825}"
1057,20,55,623.9587718665654,"(2, 1, 0)","(0, 0, 0, 0)","{'ar.L1': -0.9189136413174559, 'ar.L2': -0.41490097233068846, 'sigma2': 4438246.259043857}"
1058,20,56,641.166772683169,"(2, 1, 0)","(0, 0, 0, 0)","{'ar.L1': -0.9093819726291215, 'ar.L2': -0.4035665627094607, 'sigma2': 4320991.078038349}"
1059,20,57,658.2729559844397,"(2, 1, 0)","(0, 0, 0, 0)","{'ar.L1': -0.9094624094318153, 'ar.L2': -0.4046562049602567, 'sigma2': 4195939.124354096}"
1060,20,58,675.3697341109552,"(2, 1, 0)","(0, 0, 0, 0)","{'ar.L1': -0.9104450117835107, 'ar.L2': -0.4074452379861898, 'sigma2': 4079220.319091853}"
1061,20,59,693.1328205551999,"(2, 1, 0)","(0, 0, 0, 0)","{'ar.L1': -0.903799594151171, 'ar.L2': -0.3984107173556945, 'sigma2': 4049766.0713544153}"
1062,20,60,710.216972657934,"(2, 1, 0)","(0, 0, 0, 0)","{'ar.L1': -0.9074238000588458, 'ar.L2': -0.4014448899425476, 'sigma2': 3945126.3662650026}"
1063,20,61,730.8142488886513,"(2, 1, 0)","(0, 0, 0, 0)","{'ar.L1': -0.8898029760965863, 'ar.L2': -0.4022131936627804, 'sigma2': 4218187.530421699}"
1064,20,62,747.9160792587687,"(2, 1, 0)","(0, 0, 0, 0)","{'ar.L1': -0.8844607792883022, 'ar.L2': -0.3978975401718595, 'sigma2': 4115295.1980356346}"
1065,20,63,765.5273319284863,"(2, 1, 0)","(0, 0, 0, 0)","{'ar.L1': -0.8770431702582401, 'ar.L2': -0.4059998662292085, 'sigma2': 4066512.5378647638}"
1066,20,64,782.7116963167193,"(2, 1, 0)","(0, 0, 0, 0)","{'ar.L1': -0.884664573599965, 'ar.L2': -0.41741811286641894, 'sigma2': 3977734.795038111}"
1067,20,65,799.7434357956145,"(2, 1, 0)","(0, 0, 0, 0)","{'ar.L1': -0.8834053381527969, 'ar.L2': -0.4171714110291601, 'sigma2': 3884711.016939172}"
1068,20,66,817.9923641579959,"(2, 1, 0)","(0, 0, 0, 0)","{'ar.L1': -0.8803893699857801, 'ar.L2': -0.42772484498741165, 'sigma2': 3902722.978955344}"
1069,20,67,835.0830474431455,"(2, 1, 0)","(0, 0, 0, 0)","{'ar.L1': -0.8737496139010665, 'ar.L2': -0.4215051068676173, 'sigma2': 3824193.437453347}"
1070,20,68,852.0673078848702,"(2, 1, 0)","(0, 0, 0, 0)","{'ar.L1': -0.8741250243520373, 'ar.L2': -0.4224295923070633, 'sigma2': 3739308.5445861598}"
1071,21,29,152.69568929312263,"(1, 0, 0)","(0, 0, 0, 0)","(38.57142857142826, 5100.0)"
1072,21,30,170.19918381187082,"(1, 0, 0)","(0, 0, 0, 0)","(-49.99999999999941, 5306.6666666666615)"
1073,21,31,187.5439023824012,"(1, 0, 0)","(0, 0, 0, 0)","(5.818181818182285, 5157.8181818181765)"
1074,21,32,206.56361913120008,"(1, 0, 0)","(0, 0, 0, 0)","(-154.90909090909074, 5640.000000000001)"
1075,21,33,224.92208721258768,"(1, 0, 0)","(0, 0, 0, 0)","(-47.83216783216761, 5283.076923076921)"
1076,21,34,238.64723716849193,"(2, 0, 0)","(0, 0, 0, 0)","{'const': 4920.681496667977, 'ar.L1': -0.8124017053321939, 'ar.L2': -0.43690964391681975, 'sigma2': 2701927.934019919}"
1077,21,35,255.3647788431534,"(2, 0, 0)","(0, 0, 0, 0)","{'const': 4911.428646655747, 'ar.L1': -0.8207638704531038, 'ar.L2': -0.4476054501254219, 'sigma2': 2326107.816077887}"
1078,21,36,273.66910953780905,"(1, 0, 0)","(0, 0, 0, 0)","{'const': 4839.953718310242, 'ar.L1': -0.6334195329119455, 'sigma2': 3239668.859285952}"
1079,21,37,292.89710925071154,"(1, 0, 0)","(0, 0, 0, 0)","{'const': 4706.792065633213, 'ar.L1': -0.5245892730889353, 'sigma2': 3533394.072289444}"
1080,21,38,312.481202572828,"(1, 0, 0)","(0, 0, 0, 0)","{'const': 4571.2961185766235, 'ar.L1': -0.47748008979605433, 'sigma2': 3912137.3370400355}"
1081,21,39,331.52542181272173,"(1, 0, 0)","(0, 0, 0, 0)","{'const': 4393.333427671192, 'ar.L1': -0.3880695138115994, 'sigma2': 4273293.137008405}"
1082,21,40,348.9268338271889,"(1, 0, 0)","(0, 0, 0, 0)","{'const': 4364.210577873827, 'ar.L1': -0.36706672187975165, 'sigma2': 4120329.484143527}"
1083,21,41,369.0071143734563,"(1, 0, 0)","(0, 0, 0, 0)","{'const': 4194.000097313035, 'ar.L1': -0.3386751136696163, 'sigma2': 4590834.065977007}"
1084,21,42,387.2222516025496,"(0, 0, 0)","(0, 0, 0, 0)","{'const': 4102.872213664699, 'sigma2': 4931407.93906622}"
1085,21,43,405.9656733505534,"(0, 0, 0)","(0, 0, 0, 0)","{'const': 3976.3636363636356, 'sigma2': 5085220.462823738}"
1086,21,44,423.86030434605567,"(0, 0, 0)","(0, 0, 0, 0)","{'const': 3897.3772909546988, 'sigma2': 5015993.854982175}"
1087,21,45,441.2564844331098,"(0, 0, 0)","(0, 0, 0, 0)","{'const': 3934.999868167514, 'sigma2': 4820501.512367222}"
1088,21,46,445.7593649589951,"(2, 1, 0)","(0, 0, 0, 0)","{'ar.L1': -0.9949499593338145, 'ar.L2': -0.5430365861418031, 'sigma2': 4968725.597086921}"
1089,21,47,463.00474679915817,"(2, 1, 0)","(0, 0, 0, 0)","{'ar.L1': -0.9973269455217513, 'ar.L2': -0.5473537288579498, 'sigma2': 4752268.899251973}"
1090,21,48,480.952373496888,"(2, 1, 0)","(0, 0, 0, 0)","{'ar.L1': -1.0148090577912332, 'ar.L2': -0.573351593015852, 'sigma2': 4689773.821443599}"
1091,21,49,498.15797918746296,"(2, 1, 0)","(0, 0, 0, 0)","{'ar.L1': -1.0242854359965445, 'ar.L2': -0.5803709379665556, 'sigma2': 4499541.653416242}"
1092,21,50,516.1319862273374,"(2, 1, 0)","(0, 0, 0, 0)","{'ar.L1': -1.0074004363742286, 'ar.L2': -0.5888073688843672, 'sigma2': 4475134.316954891}"
1093,21,51,534.3411949062479,"(2, 1, 0)","(0, 0, 0, 0)","{'ar.L1': -0.9686551666556134, 'ar.L2': -0.5345839934574866, 'sigma2': 4503954.198284994}"
1094,21,52,552.4268529906502,"(2, 1, 0)","(0, 0, 0, 0)","{'ar.L1': -0.9647423042514481, 'ar.L2': -0.5300132861356825, 'sigma2': 4493957.177379715}"
1095,21,53,571.2324268112956,"(2, 1, 0)","(0, 0, 0, 0)","{'ar.L1': -0.9984357762453131, 'ar.L2': -0.5547884265524378, 'sigma2': 4581981.776004621}"
1096,21,54,588.4306952253128,"(2, 1, 0)","(0, 0, 0, 0)","{'ar.L1': -0.990937516214722, 'ar.L2': -0.552269951614825, 'sigma2': 4436466.829556998}"
1097,21,55,606.143358878657,"(2, 1, 0)","(0, 0, 0, 0)","{'ar.L1': -0.9929703875338532, 'ar.L2': -0.5793447214284102, 'sigma2': 4373202.719220251}"
1098,21,56,623.5649169566715,"(2, 1, 0)","(0, 0, 0, 0)","{'ar.L1': -0.9714078327368293, 'ar.L2': -0.5523319183331894, 'sigma2': 4285166.221689756}"
1099,21,57,640.6591102030732,"(2, 1, 0)","(0, 0, 0, 0)","{'ar.L1': -0.972143227459533, 'ar.L2': -0.5530925604467661, 'sigma2': 4153231.0738854255}"
1100,21,58,657.7248348794869,"(2, 1, 0)","(0, 0, 0, 0)","{'ar.L1': -0.9733945418422124, 'ar.L2': -0.5546088072671918, 'sigma2': 4028773.983281019}"
1101,21,59,675.6147295414494,"(2, 1, 0)","(0, 0, 0, 0)","{'ar.L1': -0.9652217273949327, 'ar.L2': -0.5432252617249931, 'sigma2': 4013330.6101905713}"
1102,21,60,692.6717879543896,"(2, 1, 0)","(0, 0, 0, 0)","{'ar.L1': -0.9687143562835893, 'ar.L2': -0.5456864651939893, 'sigma2': 3901488.676579558}"
1103,21,61,713.1477703283272,"(2, 1, 0)","(0, 0, 0, 0)","{'ar.L1': -0.9505951405885664, 'ar.L2': -0.5478645351290325, 'sigma2': 4181219.4895259584}"
1104,21,62,730.3327205249892,"(2, 1, 0)","(0, 0, 0, 0)","{'ar.L1': -0.9367174684452447, 'ar.L2': -0.5349913963490104, 'sigma2': 4086802.9118186883}"
1105,21,63,747.7760539888835,"(2, 1, 0)","(0, 0, 0, 0)","{'ar.L1': -0.9310346250752921, 'ar.L2': -0.5427075828853948, 'sigma2': 4023774.9011218613}"
1106,21,64,764.8409193691615,"(2, 1, 0)","(0, 0, 0, 0)","{'ar.L1': -0.9355766349753273, 'ar.L2': -0.5488710599080622, 'sigma2': 3923664.416105335}"
1107,21,65,781.869418406051,"(2, 1, 0)","(0, 0, 0, 0)","{'ar.L1': -0.9335541373727152, 'ar.L2': -0.5476221275235035, 'sigma2': 3829182.5423170472}"
1108,21,66,799.9165529031278,"(2, 1, 0)","(0, 0, 0, 0)","{'ar.L1': -0.9313595565314089, 'ar.L2': -0.5586253498543448, 'sigma2': 3834819.04947055}"
1109,21,67,817.0986464151689,"(2, 1, 0)","(0, 0, 0, 0)","{'ar.L1': -0.9205461577026551, 'ar.L2': -0.5474891944602167, 'sigma2': 3764731.9527514363}"
1110,21,68,834.067832869216,"(2, 1, 0)","(0, 0, 0, 0)","{'ar.L1': -0.9214323647164644, 'ar.L2': -0.547607824434586, 'sigma2': 3677744.3810881055}"
1111,22,30,150.9683444361274,"(1, 0, 0)","(0, 0, 0, 0)","(-310.0, 6469.999999999999)"
1112,22,31,168.58791366901022,"(1, 0, 0)","(0, 0, 0, 0)","(-183.99999999999983, 6175.999999999996)"
1113,22,32,186.93562548195834,"(1, 0, 0)","(0, 0, 0, 0)","(-338.9090909090911, 6589.090909090907)"
1114,22,33,205.98742743384315,"(1, 0, 0)","(0, 0, 0, 0)","(-178.9090909090906, 6109.090909090907)"
1115,22,34,223.83951793039762,"(1, 0, 0)","(0, 0, 0, 0)","(-259.72027972027973, 6378.461538461536)"
1116,22,35,237.72639373209833,"(2, 0, 0)","(0, 0, 0, 0)","{'const': 4851.303876829301, 'ar.L1': -0.9844753343529784, 'ar.L2': -0.5515989223279436, 'sigma2': 2507436.8292270214}"
1117,22,36,256.71778345789403,"(1, 0, 0)","(0, 0, 0, 0)","{'const': 4805.256735676932, 'ar.L1': -0.6638211045375211, 'sigma2': 3354211.1462607835}"
1118,22,37,275.92338410343115,"(1, 0, 0)","(0, 0, 0, 0)","{'const': 4686.3811410279795, 'ar.L1': -0.5413075342526138, 'sigma2': 3729621.791030505}"
1119,22,38,295.40792637334164,"(1, 0, 0)","(0, 0, 0, 0)","{'const': 4553.741000047125, 'ar.L1': -0.49511929156499773, 'sigma2': 4123595.945229874}"
1120,22,39,314.3897983939998,"(1, 0, 0)","(0, 0, 0, 0)","{'const': 4442.121262057267, 'ar.L1': -0.39728718301979243, 'sigma2': 4383715.019690834}"
1121,22,40,331.8424451524304,"(1, 0, 0)","(0, 0, 0, 0)","{'const': 4396.219289268377, 'ar.L1': -0.37266150719765834, 'sigma2': 4230999.990639213}"
1122,22,41,351.6270652458924,"(0, 0, 0)","(0, 0, 0, 0)","{'const': 4263.157894736843, 'sigma2': 5139401.623254485}"
1123,22,42,369.6457638223528,"(0, 0, 0)","(0, 0, 0, 0)","{'const': 4164.008750768303, 'sigma2': 5171426.663334804}"
1124,22,43,388.4313923241326,"(0, 0, 0)","(0, 0, 0, 0)","{'const': 4028.5714285714266, 'sigma2': 5258639.902340232}"
1125,22,44,406.37547048613885,"(0, 0, 0)","(0, 0, 0, 0)","{'const': 3943.6364670588105, 'sigma2': 5223352.406564327}"
1126,22,45,423.7836339647059,"(0, 0, 0)","(0, 0, 0, 0)","{'const': 3980.8556562651734, 'sigma2': 5003165.939746294}"
1127,22,46,441.2064720136188,"(0, 0, 0)","(0, 0, 0, 0)","{'const': 3940.000000000001, 'sigma2': 4812211.6675894335}"
1128,22,47,431.4576182849711,"(2, 1, 0)","(0, 0, 0, 0)","{'ar.L1': -1.104399011262349, 'ar.L2': -0.5567619385042745, 'sigma2': 2904519.141156865}"
1129,22,48,449.51996305442475,"(2, 1, 0)","(0, 0, 0, 0)","{'ar.L1': -1.125512495979855, 'ar.L2': -0.5816255015960049, 'sigma2': 2638273.662045956}"
1130,22,49,466.24458150568995,"(2, 1, 0)","(0, 0, 0, 0)","{'ar.L1': -1.1281233972468496, 'ar.L2': -0.5835703059822622, 'sigma2': 2528880.818018288}"
1131,22,50,484.6311412247958,"(2, 1, 0)","(0, 0, 0, 0)","{'ar.L1': -1.1000792765516219, 'ar.L2': -0.5835770471286378, 'sigma2': 2677432.9035528908}"
1132,22,51,503.0279149430511,"(2, 1, 0)","(0, 0, 0, 0)","{'ar.L1': -1.05752252554948, 'ar.L2': -0.5341113873762813, 'sigma2': 2704812.1595286615}"
1133,22,52,521.1778542252268,"(2, 1, 0)","(0, 0, 0, 0)","{'ar.L1': -1.0525907636826521, 'ar.L2': -0.5293703136169801, 'sigma2': 2756909.721533164}"
1134,22,53,540.0724540613729,"(2, 1, 0)","(0, 0, 0, 0)","{'ar.L1': -1.0892030418061371, 'ar.L2': -0.5539864615334672, 'sigma2': 2898594.3459478538}"
1135,22,54,557.0654036602368,"(2, 1, 0)","(0, 0, 0, 0)","{'ar.L1': -1.0694212482593275, 'ar.L2': -0.5453113600064438, 'sigma2': 2830453.535740097}"
1136,22,55,574.9396140886378,"(2, 1, 0)","(0, 0, 0, 0)","{'ar.L1': -1.0677070917736124, 'ar.L2': -0.5682422691171954, 'sigma2': 2909799.8399691917}"
1137,22,56,592.1862696320596,"(2, 1, 0)","(0, 0, 0, 0)","{'ar.L1': -1.0429785500450708, 'ar.L2': -0.5420915802770669, 'sigma2': 2842865.2118232483}"
1138,22,57,608.9500644549227,"(2, 1, 0)","(0, 0, 0, 0)","{'ar.L1': -1.0422392071290967, 'ar.L2': -0.5423436071511064, 'sigma2': 2756671.3943377053}"
1139,22,58,625.6853905515226,"(2, 1, 0)","(0, 0, 0, 0)","{'ar.L1': -1.0429876770069821, 'ar.L2': -0.5438762904472926, 'sigma2': 2676783.5830085143}"
1140,22,59,643.5790142104233,"(2, 1, 0)","(0, 0, 0, 0)","{'ar.L1': -1.0340446953160969, 'ar.L2': -0.5333516584545852, 'sigma2': 2689046.3346148343}"
1141,22,60,660.3023915056181,"(2, 1, 0)","(0, 0, 0, 0)","{'ar.L1': -1.0366784862124927, 'ar.L2': -0.5352206057064763, 'sigma2': 2614303.0178234987}"
1142,22,61,681.990070128189,"(2, 1, 0)","(0, 0, 0, 0)","{'ar.L1': -1.014836030480723, 'ar.L2': -0.5330106668970543, 'sigma2': 2971224.997666519}"
1143,22,62,698.9993230655823,"(2, 1, 0)","(0, 0, 0, 0)","{'ar.L1': -0.9956551215588461, 'ar.L2': -0.5174266222711058, 'sigma2': 2904211.4990240433}"
1144,22,63,716.4698385014087,"(2, 1, 0)","(0, 0, 0, 0)","{'ar.L1': -0.9866488489459762, 'ar.L2': -0.5229284426004203, 'sigma2': 2903309.8585733348}"
1145,22,64,733.2740320769961,"(2, 1, 0)","(0, 0, 0, 0)","{'ar.L1': -0.9914998364685482, 'ar.L2': -0.5290885483868533, 'sigma2': 2838649.8780627954}"
1146,22,65,750.0570905893093,"(2, 1, 0)","(0, 0, 0, 0)","{'ar.L1': -0.9876111623710143, 'ar.L2': -0.5268771699015597, 'sigma2': 2771728.4873677394}"
1147,22,66,768.331078986703,"(2, 1, 0)","(0, 0, 0, 0)","{'ar.L1': -0.983817810301741, 'ar.L2': -0.5355196974309817, 'sigma2': 2830315.1328789108}"
1148,22,67,785.3399451141245,"(2, 1, 0)","(0, 0, 0, 0)","{'ar.L1': -0.9712282636305198, 'ar.L2': -0.5242550387162487, 'sigma2': 2778253.8124227426}"
1149,22,68,802.044843851804,"(2, 1, 0)","(0, 0, 0, 0)","{'ar.L1': -0.9715246753219329, 'ar.L2': -0.5246806180792439, 'sigma2': 2714147.3062698217}"
1150,23,31,148.7188826740255,"(1, 0, 0)","(0, 0, 0, 0)","(92.8571428571429, 4700.0)"
1151,23,32,168.10724038324588,"(1, 0, 0)","(0, 0, 0, 0)","(-157.99999999999972, 5285.333333333329)"
1152,23,33,186.48532882307518,"(1, 0, 0)","(0, 0, 0, 0)","(-2.1818181818181475, 4869.818181818179)"
1153,23,34,204.86111288802164,"(1, 0, 0)","(0, 0, 0, 0)","(-129.8181818181818, 5252.727272727275)"
1154,23,35,223.1336254303358,"(1, 0, 0)","(0, 0, 0, 0)","(-27.692307692307597, 4912.3076923076915)"
1155,23,36,233.07959494987008,"(1, 0, 0)","(0, 0, 0, 0)","{'const': 4616.250802381705, 'ar.L1': -0.7154654112082006, 'sigma2': 2183081.241638017}"
1156,23,37,252.64286892346843,"(1, 0, 0)","(0, 0, 0, 0)","{'const': 4474.285810799782, 'ar.L1': -0.5965814735559254, 'sigma2': 2701245.397118389}"
1157,23,38,272.2743710357834,"(1, 0, 0)","(0, 0, 0, 0)","{'const': 4312.000553796812, 'ar.L1': -0.5541926673992262, 'sigma2': 3089857.51131267}"
1158,23,39,291.35894834446026,"(1, 0, 0)","(0, 0, 0, 0)","{'const': 4215.00004227146, 'ar.L1': -0.4635138569768198, 'sigma2': 3371029.134211206}"
1159,23,40,308.4864079160394,"(1, 0, 0)","(0, 0, 0, 0)","{'const': 4192.9411326544405, 'ar.L1': -0.44403482329963817, 'sigma2': 3227278.6393018896}"
1160,23,41,328.0530511193801,"(2, 0, 0)","(0, 0, 0, 0)","{'const': 3986.097795674502, 'ar.L1': -0.25524245157150793, 'ar.L2': 0.37908590593790165, 'sigma2': 2984624.291964215}"
1161,23,42,346.43994958843035,"(2, 0, 0)","(0, 0, 0, 0)","{'const': 3922.1050332359796, 'ar.L1': -0.15243261736280067, 'ar.L2': 0.4269363164063073, 'sigma2': 3294595.3313729647}"
1162,23,43,363.7200201052545,"(2, 0, 0)","(0, 0, 0, 0)","{'const': 3791.9997745997734, 'ar.L1': -0.10692943171358278, 'ar.L2': 0.4961366501596433, 'sigma2': 3181237.607599916}"
1163,23,44,380.7643538192864,"(2, 0, 0)","(0, 0, 0, 0)","{'const': 3714.285510983663, 'ar.L1': -0.07412347588458726, 'ar.L2': 0.5250753659691092, 'sigma2': 3049896.652846839}"
1164,23,45,399.0226630554089,"(2, 0, 0)","(0, 0, 0, 0)","{'const': 3763.636317373807, 'ar.L1': -0.12060822245972701, 'ar.L2': 0.45879593496987775, 'sigma2': 3145550.5996768116}"
1165,23,46,415.74485593207476,"(2, 0, 0)","(0, 0, 0, 0)","{'const': 3730.434783613564, 'ar.L1': -0.12054027816571142, 'ar.L2': 0.4589323992481589, 'sigma2': 2996347.046280962}"
1166,23,47,432.9185725214659,"(2, 0, 0)","(0, 0, 0, 0)","{'const': 3704.9999481131526, 'ar.L1': -0.11494961893228547, 'ar.L2': 0.44809151708221484, 'sigma2': 2922723.8938355027}"
1167,23,48,434.45920360811795,"(1, 1, 0)","(0, 0, 0, 0)","{'ar.L1': -0.7585774001590262, 'sigma2': 3587405.723273206}"
1168,23,49,451.57140299951857,"(2, 1, 0)","(0, 0, 0, 0)","{'ar.L1': -0.9983346970287741, 'ar.L2': -0.28164476429742563, 'sigma2': 3129825.5915572704}"
1169,23,50,470.56416673442476,"(2, 1, 0)","(0, 0, 0, 0)","{'ar.L1': -0.965598721804541, 'ar.L2': -0.28404410606346775, 'sigma2': 3282816.059058124}"
1170,23,51,487.64868311335255,"(1, 1, 0)","(0, 0, 0, 0)","{'ar.L1': -0.7373286015768281, 'sigma2': 3634068.962780254}"
1171,23,52,505.57313743883833,"(1, 1, 0)","(0, 0, 0, 0)","{'ar.L1': -0.7364831465173406, 'sigma2': 3631737.136055269}"
1172,23,53,525.1054413150418,"(2, 1, 0)","(0, 0, 0, 0)","{'ar.L1': -0.9764688633381631, 'ar.L2': -0.27571478641776065, 'sigma2': 3405185.8778454554}"
1173,23,54,542.1583591493755,"(2, 1, 0)","(0, 0, 0, 0)","{'ar.L1': -0.9539331780222793, 'ar.L2': -0.2641089291625644, 'sigma2': 3314179.3398953993}"
1174,23,55,561.6495285063725,"(2, 1, 0)","(0, 0, 0, 0)","{'ar.L1': -0.9679952029270054, 'ar.L2': -0.322072412320775, 'sigma2': 2941359.737306971}"
1175,23,56,578.1672615707308,"(2, 1, 0)","(0, 0, 0, 0)","{'ar.L1': -0.954394613421099, 'ar.L2': -0.30616862807400863, 'sigma2': 3335405.0895700553}"
1176,23,57,595.0392822990051,"(2, 1, 0)","(0, 0, 0, 0)","{'ar.L1': -0.9530851860748077, 'ar.L2': -0.30681233847027023, 'sigma2': 3234407.825979256}"
1177,23,58,611.9357948010108,"(2, 1, 0)","(0, 0, 0, 0)","{'ar.L1': -0.9550419111867469, 'ar.L2': -0.3116104332628194, 'sigma2': 3143320.321605876}"
1178,23,59,629.5557057259172,"(2, 1, 0)","(0, 0, 0, 0)","{'ar.L1': -0.9447099708777774, 'ar.L2': -0.298925251632005, 'sigma2': 3130452.4631502726}"
1179,23,60,646.3848727453033,"(2, 1, 0)","(0, 0, 0, 0)","{'ar.L1': -0.9494110086942711, 'ar.L2': -0.3029623164922841, 'sigma2': 3044353.576160883}"
1180,23,61,668.1287880417065,"(2, 1, 0)","(0, 0, 0, 0)","{'ar.L1': -0.9254308467837297, 'ar.L2': -0.2995366527243692, 'sigma2': 3399990.30518158}"
1181,23,62,685.3522567499016,"(2, 1, 0)","(0, 0, 0, 0)","{'ar.L1': -0.9224989802714009, 'ar.L2': -0.2985721723882541, 'sigma2': 2899119.6716267983}"
1182,23,63,702.9391994828736,"(2, 1, 0)","(0, 0, 0, 0)","{'ar.L1': -0.9086695179694165, 'ar.L2': -0.304330150988957, 'sigma2': 3315954.4572977307}"
1183,23,64,720.1006170740493,"(2, 1, 0)","(0, 0, 0, 0)","{'ar.L1': -0.9239949741464583, 'ar.L2': -0.3249045693605079, 'sigma2': 3252563.2498853523}"
1184,23,65,737.3351057071349,"(2, 1, 0)","(0, 0, 0, 0)","{'ar.L1': -0.9243580742387475, 'ar.L2': -0.3279344678563546, 'sigma2': 2768749.5191209526}"
1185,23,66,756.0070110837772,"(2, 1, 0)","(0, 0, 0, 0)","{'ar.L1': -0.9217641137994887, 'ar.L2': -0.3414365599371333, 'sigma2': 2832199.9122780412}"
1186,23,67,772.9086232629276,"(2, 1, 0)","(0, 0, 0, 0)","{'ar.L1': -0.9135273843377865, 'ar.L2': -0.3335661351351198, 'sigma2': 2772601.1837226483}"
1187,23,68,789.7399408904953,"(2, 1, 0)","(0, 0, 0, 0)","{'ar.L1': -0.9134541078910547, 'ar.L2': -0.33531295338627753, 'sigma2': 2707164.0885050762}"
1188,24,32,151.03181887454633,"(1, 0, 0)","(0, 0, 0, 0)","(-171.42857142857167, 5190.000000000001)"
1189,24,33,169.3563041818095,"(1, 0, 0)","(0, 0, 0, 0)","(22.000000000000686, 4738.6666666666615)"
1190,24,34,187.7331737271041,"(1, 0, 0)","(0, 0, 0, 0)","(-135.99999999999991, 5159.999999999997)"
1191,24,35,205.9773893670835,"(1, 0, 0)","(0, 0, 0, 0)","(-14.181818181818207, 4794.545454545456)"
1192,24,36,224.28894344263603,"(1, 0, 0)","(0, 0, 0, 0)","(-118.74125874125846, 5143.07692307692)"
1193,24,37,235.77782776295214,"(1, 0, 0)","(0, 0, 0, 0)","{'const': 4518.287466959547, 'ar.L1': -0.6256548375888308, 'sigma2': 2693236.095484639}"
1194,24,38,255.41805492214726,"(1, 0, 0)","(0, 0, 0, 0)","{'const': 4369.491868372606, 'ar.L1': -0.5705287197010955, 'sigma2': 3145662.6475974554}"
1195,24,39,274.53725914333603,"(1, 0, 0)","(0, 0, 0, 0)","{'const': 4152.000481255681, 'ar.L1': -0.4580836675791239, 'sigma2': 3454004.6062580952}"
1196,24,40,291.65591529158166,"(1, 0, 0)","(0, 0, 0, 0)","{'const': 4177.633819454654, 'ar.L1': -0.44121542750951387, 'sigma2': 3280301.8094754037}"
1197,24,41,310.9313344818527,"(2, 0, 0)","(0, 0, 0, 0)","{'const': 3967.2148112871937, 'ar.L1': -0.24786422962293855, 'ar.L2': 0.44457788330772297, 'sigma2': 3094497.769621875}"
1198,24,42,329.2420703473418,"(2, 0, 0)","(0, 0, 0, 0)","{'const': 3846.5202717657576, 'ar.L1': -0.14874371805572303, 'ar.L2': 0.49552242096207433, 'sigma2': 3181226.7216156973}"
1199,24,43,346.4499468481992,"(2, 0, 0)","(0, 0, 0, 0)","{'const': 3719.2741515305347, 'ar.L1': -0.10858644078476273, 'ar.L2': 0.5634392866864498, 'sigma2': 3053244.124584596}"
1200,24,44,363.4859805297668,"(2, 0, 0)","(0, 0, 0, 0)","{'const': 3640.208231389982, 'ar.L1': -0.07933916341852817, 'ar.L2': 0.5924681875695808, 'sigma2': 2932222.382823828}"
1201,24,45,381.9242889829181,"(2, 0, 0)","(0, 0, 0, 0)","{'const': 3717.0681488203218, 'ar.L1': -0.1278452370541611, 'ar.L2': 0.5092016002079709, 'sigma2': 3073799.5697430973}"
1202,24,46,398.7047926402561,"(2, 0, 0)","(0, 0, 0, 0)","{'const': 3694.2253744363043, 'ar.L1': -0.12601852833989413, 'ar.L2': 0.507500331273044, 'sigma2': 2946271.137946454}"
1203,24,47,415.941247911849,"(2, 0, 0)","(0, 0, 0, 0)","{'const': 3657.7852911108253, 'ar.L1': -0.11979797990341971, 'ar.L2': 0.49257090122644287, 'sigma2': 2880663.9671838023}"
1204,24,48,434.62804922032063,"(2, 0, 0)","(0, 0, 0, 0)","{'const': 3763.0246789882945, 'ar.L1': -0.13937819770693805, 'ar.L2': 0.46595678088477666, 'sigma2': 3016540.331859728}"
1205,24,49,442.6609120363855,"(2, 1, 0)","(0, 0, 0, 0)","{'ar.L1': -0.9765477134960971, 'ar.L2': -0.398463137844228, 'sigma2': 4335890.696769902}"
1206,24,50,460.94350886345086,"(2, 1, 0)","(0, 0, 0, 0)","{'ar.L1': -0.9515334966710396, 'ar.L2': -0.4109634948038277, 'sigma2': 4383377.8081235085}"
1207,24,51,478.6308534881553,"(2, 1, 0)","(0, 0, 0, 0)","{'ar.L1': -0.9039651663837774, 'ar.L2': -0.3463067168276906, 'sigma2': 4319401.527353962}"
1208,24,52,496.66436768058486,"(2, 1, 0)","(0, 0, 0, 0)","{'ar.L1': -0.8977335268480909, 'ar.L2': -0.3389741759980398, 'sigma2': 4307097.978918731}"
1209,24,53,515.65400763708,"(2, 1, 0)","(0, 0, 0, 0)","{'ar.L1': -0.9509504613760074, 'ar.L2': -0.3828705475801592, 'sigma2': 4435340.558424702}"
1210,24,54,532.8373719898354,"(2, 1, 0)","(0, 0, 0, 0)","{'ar.L1': -0.9378303917875953, 'ar.L2': -0.3765655412234959, 'sigma2': 4283428.095838971}"
1211,24,55,551.0523882034352,"(2, 1, 0)","(0, 0, 0, 0)","{'ar.L1': -0.9485702594627485, 'ar.L2': -0.43143347526874165, 'sigma2': 4300121.796973385}"
1212,24,56,568.2470453244171,"(2, 1, 0)","(0, 0, 0, 0)","{'ar.L1': -0.930768716006279, 'ar.L2': -0.40876793003196094, 'sigma2': 4170433.695018201}"
1213,24,57,585.3176161815946,"(2, 1, 0)","(0, 0, 0, 0)","{'ar.L1': -0.9311734393401923, 'ar.L2': -0.40960338398942026, 'sigma2': 4029759.122207442}"
1214,24,58,602.3746515642239,"(2, 1, 0)","(0, 0, 0, 0)","{'ar.L1': -0.9334413233829459, 'ar.L2': -0.4133981593335806, 'sigma2': 3899736.612198533}"
1215,24,59,620.1297682981777,"(2, 1, 0)","(0, 0, 0, 0)","{'ar.L1': -0.9221873686134361, 'ar.L2': -0.3979929271399453, 'sigma2': 3870745.5200458653}"
1216,24,60,637.1635826789651,"(2, 1, 0)","(0, 0, 0, 0)","{'ar.L1': -0.9277072167363917, 'ar.L2': -0.4021412574005165, 'sigma2': 3753675.388421495}"
1217,24,61,657.9147137195118,"(2, 1, 0)","(0, 0, 0, 0)","{'ar.L1': -0.9041276498056263, 'ar.L2': -0.4040913159444169, 'sigma2': 4089422.505729371}"
1218,24,62,674.9901244565826,"(2, 1, 0)","(0, 0, 0, 0)","{'ar.L1': -0.8952260317443834, 'ar.L2': -0.3951602628980958, 'sigma2': 3976801.3052985696}"
1219,24,63,692.6114461215977,"(2, 1, 0)","(0, 0, 0, 0)","{'ar.L1': -0.8874272019388139, 'ar.L2': -0.40724206456721446, 'sigma2': 3934752.3303127647}"
1220,24,64,709.7613454073535,"(2, 1, 0)","(0, 0, 0, 0)","{'ar.L1': -0.8994785713447705, 'ar.L2': -0.4241386075718805, 'sigma2': 3838740.109360725}"
1221,24,65,726.7595540171744,"(2, 1, 0)","(0, 0, 0, 0)","{'ar.L1': -0.8975782872570803, 'ar.L2': -0.42273498832626044, 'sigma2': 3737973.1942416816}"
1222,24,66,745.025231205675,"(2, 1, 0)","(0, 0, 0, 0)","{'ar.L1': -0.8957578534579707, 'ar.L2': -0.43866483413659324, 'sigma2': 3768528.731769123}"
1223,24,67,762.0945693864364,"(2, 1, 0)","(0, 0, 0, 0)","{'ar.L1': -0.88568873407132, 'ar.L2': -0.4278082832239085, 'sigma2': 3684907.235529763}"
1224,24,68,779.0407017169896,"(2, 1, 0)","(0, 0, 0, 0)","{'ar.L1': -0.8863988150906978, 'ar.L2': -0.4285671375380584, 'sigma2': 3593531.9033410423}"
1225,25,33,149.6775927796745,"(1, 0, 0)","(0, 0, 0, 0)","(-254.28571428571422, 6049.999999999998)"
1226,25,34,167.28837883356215,"(1, 0, 0)","(0, 0, 0, 0)","(-386.0, 6357.333333333329)"
1227,25,35,186.50529123815593,"(1, 0, 0)","(0, 0, 0, 0)","(-189.81818181818184, 5834.181818181815)"
1228,25,36,204.23652782337922,"(1, 0, 0)","(0, 0, 0, 0)","(-281.45454545454527, 6109.090909090909)"
1229,25,37,221.28116294528826,"(1, 0, 0)","(0, 0, 0, 0)","(-258.88111888111894, 6033.8461538461515)"
1230,25,38,238.5931196962261,"(1, 0, 0)","(0, 0, 0, 0)","{'const': 4363.111615505204, 'ar.L1': -0.5690165703967829, 'sigma2': 3341744.362838553}"
1231,25,39,257.55570100626824,"(1, 0, 0)","(0, 0, 0, 0)","{'const': 4240.567466814689, 'ar.L1': -0.44535282776662083, 'sigma2': 3668721.9147766004}"
1232,25,40,274.42057007514956,"(2, 0, 0)","(0, 0, 0, 0)","{'const': 4278.797886559586, 'ar.L1': -0.17293256585749794, 'ar.L2': 0.4532174570229104, 'sigma2': 2918434.3742078827}"
1233,25,41,293.40699962986616,"(2, 0, 0)","(0, 0, 0, 0)","{'const': 4071.646045473948, 'ar.L1': -0.11688240159558616, 'ar.L2': 0.5350711408888625, 'sigma2': 3124091.14526508}"
1234,25,42,311.27579744370826,"(2, 0, 0)","(0, 0, 0, 0)","{'const': 3957.1304949190135, 'ar.L1': -0.010340046719335833, 'ar.L2': 0.5895222438829669, 'sigma2': 3114887.069478802}"
1235,25,43,328.2495582390748,"(2, 0, 0)","(0, 0, 0, 0)","{'const': 3816.0243693488533, 'ar.L1': 0.01903083344320826, 'ar.L2': 0.6361235045219003, 'sigma2': 2947868.1789553007}"
1236,25,44,345.09273207999763,"(2, 0, 0)","(0, 0, 0, 0)","{'const': 3729.7381691808837, 'ar.L1': 0.040480267941494175, 'ar.L2': 0.6560741047167266, 'sigma2': 2798417.8908440988}"
1237,25,45,363.9758199203817,"(2, 0, 0)","(0, 0, 0, 0)","{'const': 3804.278289037003, 'ar.L1': -0.02534053499082662, 'ar.L2': 0.5582951637951366, 'sigma2': 3042913.4748512325}"
1238,25,46,380.74706361775895,"(2, 0, 0)","(0, 0, 0, 0)","{'const': 3772.1576697571404, 'ar.L1': -0.023655176346348842, 'ar.L2': 0.5583072318575291, 'sigma2': 2907520.02775694}"
1239,25,47,398.00734126702565,"(2, 0, 0)","(0, 0, 0, 0)","{'const': 3733.2828237583044, 'ar.L1': -0.014642954630791821, 'ar.L2': 0.5449730540161234, 'sigma2': 2844372.4926504064}"
1240,25,48,416.76984080897086,"(2, 0, 0)","(0, 0, 0, 0)","{'const': 3840.873239249638, 'ar.L1': -0.041259535328540355, 'ar.L2': 0.5125982364653391, 'sigma2': 3004442.079125758}"
1241,25,49,433.72241212959534,"(2, 0, 0)","(0, 0, 0, 0)","{'const': 3790.795769660079, 'ar.L1': -0.059061490180223886, 'ar.L2': 0.5159819853611531, 'sigma2': 2902067.483601838}"
1242,25,50,429.148718667687,"(2, 1, 0)","(0, 0, 0, 0)","{'ar.L1': -1.0578420812213403, 'ar.L2': -0.43824612224371917, 'sigma2': 2616809.710577245}"
1243,25,51,447.02846237135276,"(2, 1, 0)","(0, 0, 0, 0)","{'ar.L1': -1.001939487917927, 'ar.L2': -0.37584853981206917, 'sigma2': 2335394.1302246633}"
1244,25,52,465.16179733594583,"(2, 1, 0)","(0, 0, 0, 0)","{'ar.L1': -0.993932257323745, 'ar.L2': -0.36853949697047456, 'sigma2': 2401042.0246690647}"
1245,25,53,484.3638159707832,"(2, 1, 0)","(0, 0, 0, 0)","{'ar.L1': -1.0548033948002944, 'ar.L2': -0.41439205548105246, 'sigma2': 2594096.1001188206}"
1246,25,54,501.3185995203887,"(2, 1, 0)","(0, 0, 0, 0)","{'ar.L1': -1.0222739748207315, 'ar.L2': -0.396233895503018, 'sigma2': 2540069.6295290976}"
1247,25,55,519.9200999163497,"(2, 1, 0)","(0, 0, 0, 0)","{'ar.L1': -1.026433302919858, 'ar.L2': -0.43743043370577855, 'sigma2': 2750779.6780976667}"
1248,25,56,536.8196384971616,"(2, 1, 0)","(0, 0, 0, 0)","{'ar.L1': -1.0026617162089588, 'ar.L2': -0.412690521172689, 'sigma2': 2659647.745856736}"
1249,25,57,553.5182076400343,"(2, 1, 0)","(0, 0, 0, 0)","{'ar.L1': -1.0008767716708016, 'ar.L2': -0.41226464082216374, 'sigma2': 2572974.1250878796}"
1250,25,58,570.2120946006866,"(2, 1, 0)","(0, 0, 0, 0)","{'ar.L1': -1.0022388288228874, 'ar.L2': -0.41519276051117127, 'sigma2': 2496947.4379479378}"
1251,25,59,587.9497862991143,"(2, 1, 0)","(0, 0, 0, 0)","{'ar.L1': -0.9895538023858508, 'ar.L2': -0.40096752667662405, 'sigma2': 2501632.077469356}"
1252,25,60,604.6054768689315,"(2, 1, 0)","(0, 0, 0, 0)","{'ar.L1': -0.9939292715383821, 'ar.L2': -0.4039785453253496, 'sigma2': 2426834.975953219}"
1253,25,61,626.8338641153414,"(2, 1, 0)","(0, 0, 0, 0)","{'ar.L1': -0.9651889648259826, 'ar.L2': -0.3999563610248772, 'sigma2': 2846938.386380372}"
1254,25,62,643.6382882759168,"(2, 1, 0)","(0, 0, 0, 0)","{'ar.L1': -0.9493914951041039, 'ar.L2': -0.38648100075877934, 'sigma2': 2767364.629537477}"
1255,25,63,661.3569997640585,"(2, 1, 0)","(0, 0, 0, 0)","{'ar.L1': -0.9369580020939401, 'ar.L2': -0.3937672525583629, 'sigma2': 2797749.124345548}"
1256,25,64,678.2606268512944,"(2, 1, 0)","(0, 0, 0, 0)","{'ar.L1': -0.9494795560867244, 'ar.L2': -0.409091402280597, 'sigma2': 2746539.150378129}"
1257,25,65,694.9733761906085,"(2, 1, 0)","(0, 0, 0, 0)","{'ar.L1': -0.945220197236383, 'ar.L2': -0.4063019370906935, 'sigma2': 2675587.6121851634}"
1258,25,66,713.5648739383876,"(2, 1, 0)","(0, 0, 0, 0)","{'ar.L1': -0.9412441531343894, 'ar.L2': -0.41819602092253316, 'sigma2': 2764093.4610026483}"
1259,25,67,730.3953418786102,"(2, 1, 0)","(0, 0, 0, 0)","{'ar.L1': -0.9290522878811591, 'ar.L2': -0.40700233396124386, 'sigma2': 2701528.698962895}"
1260,25,68,747.0589431575592,"(2, 1, 0)","(0, 0, 0, 0)","{'ar.L1': -0.92894546909738, 'ar.L2': -0.40772004252905225, 'sigma2': 2635996.581840907}"
1261,26,34,148.66495171461216,"(1, 0, 0)","(0, 0, 0, 0)","(-180.0000000000002, 5010.000000000001)"
1262,26,35,167.0971791427936,"(1, 0, 0)","(0, 0, 0, 0)","(14.000000000000057, 4557.333333333331)"
1263,26,36,185.42486830238698,"(1, 0, 0)","(0, 0, 0, 0)","(-136.72727272727263, 4959.272727272724)"
1264,26,37,202.31895637967529,"(1, 0, 0)","(0, 0, 0, 0)","(-136.3636363636362, 4958.181818181818)"
1265,26,38,219.58195153736713,"(1, 0, 0)","(0, 0, 0, 0)","(-190.9090909090909, 5139.999999999999)"
1266,26,39,230.40910702492388,"(2, 0, 0)","(0, 0, 0, 0)","{'const': 3936.0209034725035, 'ar.L1': -0.15577266519432365, 'ar.L2': 0.6223713645606179, 'sigma2': 1402963.874525674}"
1267,26,40,246.86958422374332,"(2, 0, 0)","(0, 0, 0, 0)","{'const': 3954.1021723442686, 'ar.L1': -0.21178190488272902, 'ar.L2': 0.5587879259170812, 'sigma2': 1389831.867280742}"
1268,26,41,266.1837059720468,"(2, 0, 0)","(0, 0, 0, 0)","{'const': 3752.6743577324505, 'ar.L1': -0.17257995948795168, 'ar.L2': 0.6162277734782013, 'sigma2': 1603649.2834863013}"
1269,26,42,284.1809530096398,"(2, 0, 0)","(0, 0, 0, 0)","{'const': 3426.3826323467997, 'ar.L1': -0.06969649255958857, 'ar.L2': 0.6683580387989579, 'sigma2': 1701028.193324982}"
1270,26,43,300.59712521619525,"(2, 0, 0)","(0, 0, 0, 0)","{'const': 3543.529033136087, 'ar.L1': -0.05168350621948571, 'ar.L2': 0.6916285109376918, 'sigma2': 1744610.2897295887}"
1271,26,44,316.8395431495436,"(2, 0, 0)","(0, 0, 0, 0)","{'const': 3466.6663074482453, 'ar.L1': -0.03147232498862944, 'ar.L2': 0.7108469927991266, 'sigma2': 1638829.2693518756}"
1272,26,45,337.13484266467316,"(2, 0, 0)","(0, 0, 0, 0)","{'const': 3540.078483452102, 'ar.L1': -0.10457842280688881, 'ar.L2': 0.6046319429604042, 'sigma2': 1854335.5757856243}"
1273,26,46,353.53987727571064,"(2, 0, 0)","(0, 0, 0, 0)","{'const': 3510.0002222625803, 'ar.L1': -0.09921666988617256, 'ar.L2': 0.5970367608058645, 'sigma2': 1900421.473789925}"
1274,26,47,370.5739070443713,"(2, 0, 0)","(0, 0, 0, 0)","{'const': 3491.4285741038607, 'ar.L1': -0.09708041605030132, 'ar.L2': 0.5774297695194512, 'sigma2': 1880306.4439432332}"
1275,26,48,390.36337934386216,"(2, 0, 0)","(0, 0, 0, 0)","{'const': 3614.4876068583385, 'ar.L1': -0.11743798842405209, 'ar.L2': 0.5506989770028144, 'sigma2': 1986671.430135141}"
1276,26,49,406.79332137873047,"(2, 0, 0)","(0, 0, 0, 0)","{'const': 3575.734810713763, 'ar.L1': -0.13035940088702336, 'ar.L2': 0.5510588948057027, 'sigma2': 1903744.852741869}"
1277,26,50,426.18097399671615,"(2, 0, 0)","(0, 0, 0, 0)","{'const': 3509.999961314716, 'ar.L1': -0.12312845658885034, 'ar.L2': 0.4716420037238609, 'sigma2': 2231211.951472263}"
1278,26,51,426.1712866051213,"(1, 1, 0)","(0, 0, 0, 0)","{'ar.L1': -0.7653304275692294, 'sigma2': 2555078.814408076}"
1279,26,52,444.1698841257199,"(1, 1, 0)","(0, 0, 0, 0)","{'ar.L1': -0.7640373423023539, 'sigma2': 2598513.3746427735}"
1280,26,53,464.5347309511797,"(1, 1, 0)","(0, 0, 0, 0)","{'ar.L1': -0.7896976631375383, 'sigma2': 2874640.7700458867}"
1281,26,54,481.2867289495672,"(1, 1, 0)","(0, 0, 0, 0)","{'ar.L1': -0.7806984445642946, 'sigma2': 2780660.7543775085}"
1282,26,55,502.1000752988494,"(1, 1, 0)","(0, 0, 0, 0)","{'ar.L1': -0.7342639801616191, 'sigma2': 3145827.278857233}"
1283,26,56,519.1192691294896,"(1, 1, 0)","(0, 0, 0, 0)","{'ar.L1': -0.7384909680646328, 'sigma2': 3059250.847231529}"
1284,26,57,535.8772011279927,"(1, 1, 0)","(0, 0, 0, 0)","{'ar.L1': -0.7369013539215015, 'sigma2': 2957589.6640752577}"
1285,26,58,552.8184646644874,"(1, 1, 0)","(0, 0, 0, 0)","{'ar.L1': -0.73392785559216, 'sigma2': 2883424.0832785186}"
1286,26,59,570.0937739936219,"(1, 1, 0)","(0, 0, 0, 0)","{'ar.L1': -0.7334386810310024, 'sigma2': 2844234.2983720107}"
1287,26,60,586.9236627132373,"(1, 1, 0)","(0, 0, 0, 0)","{'ar.L1': -0.7370115767985217, 'sigma2': 2768195.812436602}"
1288,26,61,609.1738771878393,"(1, 1, 0)","(0, 0, 0, 0)","{'ar.L1': -0.7104119369294574, 'sigma2': 3182516.4744595084}"
1289,26,62,626.1683821155756,"(1, 1, 0)","(0, 0, 0, 0)","{'ar.L1': -0.7199876937389288, 'sigma2': 3104975.3021639306}"
1290,26,63,644.4643924725386,"(1, 1, 0)","(0, 0, 0, 0)","{'ar.L1': -0.6959798240714462, 'sigma2': 3158895.4775574896}"
1291,26,64,662.1304362656127,"(2, 1, 0)","(0, 0, 0, 0)","{'ar.L1': -0.8818433333769664, 'ar.L2': -0.24151270175024633, 'sigma2': 2883276.157268787}"
1292,26,65,678.8564034557389,"(2, 1, 0)","(0, 0, 0, 0)","{'ar.L1': -0.8796315574156438, 'ar.L2': -0.24044606937824256, 'sigma2': 2736562.9528342444}"
1293,26,66,697.811608339053,"(2, 1, 0)","(0, 0, 0, 0)","{'ar.L1': -0.8762308579473533, 'ar.L2': -0.256679971463582, 'sigma2': 2901399.5267648506}"
1294,26,67,714.5621747309849,"(2, 1, 0)","(0, 0, 0, 0)","{'ar.L1': -0.8705814982808414, 'ar.L2': -0.2513398853292613, 'sigma2': 2759918.595685598}"
1295,26,68,731.2848097351193,"(2, 1, 0)","(0, 0, 0, 0)","{'ar.L1': -0.8702019934433676, 'ar.L2': -0.25332221344233663, 'sigma2': 2691305.192176342}"
1296,27,35,150.0855408830662,"(1, 0, 0)","(0, 0, 0, 0)","(52.85714285714271, 4390.000000000001)"
1297,27,36,168.43004179374643,"(1, 0, 0)","(0, 0, 0, 0)","(-139.99999999999977, 4839.999999999997)"
1298,27,37,185.42429119896505,"(1, 0, 0)","(0, 0, 0, 0)","(-138.90909090909088, 4837.090909090908)"
1299,27,38,202.72054200176626,"(1, 0, 0)","(0, 0, 0, 0)","(-202.90909090909062, 5029.090909090907)"
1300,27,39,219.56040033925257,"(1, 0, 0)","(0, 0, 0, 0)","(-204.33566433566435, 5033.846153846152)"
1301,27,40,230.48752987980689,"(2, 0, 0)","(0, 0, 0, 0)","{'const': 3919.7986063728813, 'ar.L1': -0.1939031371206647, 'ar.L2': 0.6022698699385839, 'sigma2': 1458996.6385657438}"
1302,27,41,249.692242150473,"(2, 0, 0)","(0, 0, 0, 0)","{'const': 3700.2953312990985, 'ar.L1': -0.15052655087889527, 'ar.L2': 0.660677941367829, 'sigma2': 1672637.777133664}"
1303,27,42,267.71616816020304,"(2, 0, 0)","(0, 0, 0, 0)","{'const': 3599.999776124073, 'ar.L1': -0.05857279060616552, 'ar.L2': 0.7085961095692102, 'sigma2': 1693342.9703313916}"
1304,27,43,283.9833226509161,"(2, 0, 0)","(0, 0, 0, 0)","{'const': 3457.499929565614, 'ar.L1': -0.04165383767853098, 'ar.L2': 0.7392355314150207, 'sigma2': 1553070.6019806364}"
1305,27,44,300.2527612495415,"(2, 0, 0)","(0, 0, 0, 0)","{'const': 3381.176420071543, 'ar.L1': -0.024403857634513887, 'ar.L2': 0.7579567302452763, 'sigma2': 1450659.0098542827}"
1306,27,45,320.7705381640685,"(2, 0, 0)","(0, 0, 0, 0)","{'const': 3460.0005451962575, 'ar.L1': -0.10040115495994467, 'ar.L2': 0.6308357512291493, 'sigma2': 1818193.433251713}"
1307,27,46,337.23051429956695,"(2, 0, 0)","(0, 0, 0, 0)","{'const': 3435.7899286300385, 'ar.L1': -0.09301484556789627, 'ar.L2': 0.6271685768050097, 'sigma2': 1719170.7592984294}"
1308,27,47,354.2923576089858,"(2, 0, 0)","(0, 0, 0, 0)","{'const': 3420.0002271264666, 'ar.L1': -0.09271053593286518, 'ar.L2': 0.6032014756661195, 'sigma2': 1692265.383035092}"
1309,27,48,374.01427658711526,"(2, 0, 0)","(0, 0, 0, 0)","{'const': 3537.143498569736, 'ar.L1': -0.11510195256721295, 'ar.L2': 0.5680279079624382, 'sigma2': 1983300.7729106653}"
1310,27,49,390.51268905966765,"(2, 0, 0)","(0, 0, 0, 0)","{'const': 3496.3643918253506, 'ar.L1': -0.1254500850068271, 'ar.L2': 0.5695673376940128, 'sigma2': 1887107.8474126675}"
1311,27,50,409.7768675184793,"(2, 0, 0)","(0, 0, 0, 0)","{'const': 3448.6957454978556, 'ar.L1': -0.12220104996291857, 'ar.L2': 0.4789352135254194, 'sigma2': 2053886.6499328804}"
1312,27,51,426.58990889046436,"(2, 0, 0)","(0, 0, 0, 0)","{'const': 3400.0000483509652, 'ar.L1': -0.10568567098706698, 'ar.L2': 0.49548076062302343, 'sigma2': 1987295.2322170387}"
1313,27,52,434.1913148646112,"(1, 1, 0)","(0, 0, 0, 0)","{'ar.L1': -0.7138060361225406, 'sigma2': 3345095.7281473754}"
1314,27,53,454.1145050313539,"(1, 1, 0)","(0, 0, 0, 0)","{'ar.L1': -0.7430231086844215, 'sigma2': 3650271.352909132}"
1315,27,54,471.06017111657184,"(1, 1, 0)","(0, 0, 0, 0)","{'ar.L1': -0.7381046673848886, 'sigma2': 3501365.5691027152}"
1316,27,55,490.992963259239,"(1, 1, 0)","(0, 0, 0, 0)","{'ar.L1': -0.6877821418202155, 'sigma2': 3817313.1815957692}"
1317,27,56,508.2027817025216,"(1, 1, 0)","(0, 0, 0, 0)","{'ar.L1': -0.6930444982531673, 'sigma2': 3702676.044355274}"
1318,27,57,525.1579156914173,"(1, 1, 0)","(0, 0, 0, 0)","{'ar.L1': -0.6922710335729791, 'sigma2': 3567354.8698906633}"
1319,27,58,542.1174263162244,"(2, 1, 0)","(0, 0, 0, 0)","{'ar.L1': -0.9096609811035887, 'ar.L2': -0.28346517286715467, 'sigma2': 3188983.5877186833}"
1320,27,59,559.6084472509043,"(1, 1, 0)","(0, 0, 0, 0)","{'ar.L1': -0.6892175356922021, 'sigma2': 3399623.553012259}"
1321,27,60,576.5583885956918,"(2, 1, 0)","(0, 0, 0, 0)","{'ar.L1': -0.9023024957539537, 'ar.L2': -0.270745714828149, 'sigma2': 3063746.2234631986}"
1322,27,61,597.967087067307,"(1, 1, 0)","(0, 0, 0, 0)","{'ar.L1': -0.6640101122736459, 'sigma2': 3705470.011349317}"
1323,27,62,615.1642388096571,"(1, 1, 0)","(0, 0, 0, 0)","{'ar.L1': -0.6764076003639798, 'sigma2': 3614638.298084316}"
1324,27,63,633.1817112104087,"(2, 1, 0)","(0, 0, 0, 0)","{'ar.L1': -0.8609716979369653, 'ar.L2': -0.28351701741031543, 'sigma2': 2947654.124844035}"
1325,27,64,650.3899722456747,"(2, 1, 0)","(0, 0, 0, 0)","{'ar.L1': -0.8831479301839015, 'ar.L2': -0.31294337734268235, 'sigma2': 2893966.330056033}"
1326,27,65,667.2410009342218,"(2, 1, 0)","(0, 0, 0, 0)","{'ar.L1': -0.8805223253214826, 'ar.L2': -0.31092512931692984, 'sigma2': 2814033.880131644}"
1327,27,66,685.5251362098884,"(2, 1, 0)","(0, 0, 0, 0)","{'ar.L1': -0.8744228606263864, 'ar.L2': -0.3280238309461398, 'sigma2': 3283824.932944734}"
1328,27,67,702.4055346663541,"(2, 1, 0)","(0, 0, 0, 0)","{'ar.L1': -0.8657735521503335, 'ar.L2': -0.31914209667533966, 'sigma2': 3200414.7895305227}"
1329,27,68,719.2233650847639,"(2, 1, 0)","(0, 0, 0, 0)","{'ar.L1': -0.8658095069693506, 'ar.L2': -0.32046149854479217, 'sigma2': 3117039.7284209924}"
1330,28,36,150.2011719851499,"(1, 0, 0)","(0, 0, 0, 0)","(-324.28571428571445, 5560.0)"
1331,28,37,167.23742571303782,"(1, 0, 0)","(0, 0, 0, 0)","(-281.99999999999966, 5461.333333333331)"
1332,28,38,184.25847695504893,"(1, 0, 0)","(0, 0, 0, 0)","(-330.18181818181796, 5589.818181818178)"
1333,28,39,201.08752258363734,"(1, 0, 0)","(0, 0, 0, 0)","(-308.7272727272725, 5525.454545454546)"
1334,28,40,218.51827956370934,"(1, 0, 0)","(0, 0, 0, 0)","(-242.93706293706288, 5306.153846153844)"
1335,28,41,233.3689802643756,"(2, 0, 0)","(0, 0, 0, 0)","{'const': 3744.365575332791, 'ar.L1': -0.11759244952087428, 'ar.L2': 0.6792189132639876, 'sigma2': 1780792.0032044768}"
1336,28,42,251.19345674421558,"(2, 0, 0)","(0, 0, 0, 0)","{'const': 3629.015167780772, 'ar.L1': -0.02055091477806724, 'ar.L2': 0.7249623960105428, 'sigma2': 1843770.869611451}"
1337,28,43,267.47777286495545,"(2, 0, 0)","(0, 0, 0, 0)","{'const': 3482.2761499103917, 'ar.L1': -0.0069554424183760725, 'ar.L2': 0.7500498495550051, 'sigma2': 1707441.5385854975}"
1338,28,44,283.7369363687142,"(2, 0, 0)","(0, 0, 0, 0)","{'const': 3400.7060213012287, 'ar.L1': 0.008427780805351358, 'ar.L2': 0.7661148013465241, 'sigma2': 1599831.4984832096}"
1339,28,45,304.25137843916605,"(2, 0, 0)","(0, 0, 0, 0)","{'const': 3508.853765634916, 'ar.L1': -0.07736474309204841, 'ar.L2': 0.6340565253708897, 'sigma2': 2057800.9003728982}"
1340,28,46,320.5774760816476,"(2, 0, 0)","(0, 0, 0, 0)","{'const': 3732.7509988601187, 'ar.L1': -0.0644569680033296, 'ar.L2': 0.6401096936274363, 'sigma2': 1918707.8014835657}"
1341,28,47,337.8030853420887,"(2, 0, 0)","(0, 0, 0, 0)","{'const': 3456.438212997771, 'ar.L1': -0.06968113851564496, 'ar.L2': 0.6074901313809871, 'sigma2': 1935881.2908029186}"
1342,28,48,357.5326380171879,"(2, 0, 0)","(0, 0, 0, 0)","{'const': 3558.000456642933, 'ar.L1': -0.09446503001650702, 'ar.L2': 0.576960547875097, 'sigma2': 2017911.709601883}"
1343,28,49,373.97661811890583,"(2, 0, 0)","(0, 0, 0, 0)","{'const': 3555.297814058569, 'ar.L1': -0.10960310031934592, 'ar.L2': 0.5717150837937771, 'sigma2': 2123800.2819919316}"
1344,28,50,393.2183098117989,"(2, 0, 0)","(0, 0, 0, 0)","{'const': 3473.213122691944, 'ar.L1': -0.10813121066643851, 'ar.L2': 0.4814076947104834, 'sigma2': 2297558.646685976}"
1345,28,51,410.04095006803965,"(2, 0, 0)","(0, 0, 0, 0)","{'const': 3420.7024247622594, 'ar.L1': -0.09023596660647681, 'ar.L2': 0.4984852610900085, 'sigma2': 2228741.782646453}"
1346,28,52,429.2397245689033,"(2, 0, 0)","(0, 0, 0, 0)","{'const': 3290.0000168174333, 'ar.L1': -0.03879044932015615, 'ar.L2': 0.5482054663799352, 'sigma2': 2181558.743314411}"
1347,28,53,430.00643987156974,"(1, 1, 0)","(0, 0, 0, 0)","{'ar.L1': -0.7512057655602975, 'sigma2': 2947177.125497828}"
1348,28,54,446.73717934320166,"(1, 1, 0)","(0, 0, 0, 0)","{'ar.L1': -0.7460811184881239, 'sigma2': 2839198.1200477756}"
1349,28,55,467.24464018512015,"(1, 1, 0)","(0, 0, 0, 0)","{'ar.L1': -0.7009413104231228, 'sigma2': 3218074.624911485}"
1350,28,56,484.2566970797068,"(2, 1, 0)","(0, 0, 0, 0)","{'ar.L1': -0.9159742732081009, 'ar.L2': -0.2503778547602273, 'sigma2': 2950968.212820408}"
1351,28,57,500.95238604961315,"(2, 1, 0)","(0, 0, 0, 0)","{'ar.L1': -0.9139036145716506, 'ar.L2': -0.2501062890230834, 'sigma2': 2842789.6148460694}"
1352,28,58,517.7026468538714,"(2, 1, 0)","(0, 0, 0, 0)","{'ar.L1': -0.9168027007184765, 'ar.L2': -0.25596545156917583, 'sigma2': 2749022.2434272612}"
1353,28,59,535.2338946536831,"(2, 1, 0)","(0, 0, 0, 0)","{'ar.L1': -0.9020377175893795, 'ar.L2': -0.23929644402944197, 'sigma2': 2742313.207888647}"
1354,28,60,551.9023124512624,"(2, 1, 0)","(0, 0, 0, 0)","{'ar.L1': -0.9094750714768969, 'ar.L2': -0.24499203520191973, 'sigma2': 2652210.988578823}"
1355,28,61,574.1967418211218,"(1, 1, 0)","(0, 0, 0, 0)","{'ar.L1': -0.6786333502640075, 'sigma2': 3236422.430431927}"
1356,28,62,591.0861934197245,"(2, 1, 0)","(0, 0, 0, 0)","{'ar.L1': -0.875610515486408, 'ar.L2': -0.23808901407832161, 'sigma2': 3006631.3844934283}"
1357,28,63,609.0410789577837,"(2, 1, 0)","(0, 0, 0, 0)","{'ar.L1': -0.8622645598264127, 'ar.L2': -0.24923854450104382, 'sigma2': 2889865.8442000807}"
1358,28,64,626.2284327392227,"(2, 1, 0)","(0, 0, 0, 0)","{'ar.L1': -0.8858614597064152, 'ar.L2': -0.27852481315282873, 'sigma2': 2841456.9039543495}"
1359,28,65,642.9278269109557,"(2, 1, 0)","(0, 0, 0, 0)","{'ar.L1': -0.8829718575589385, 'ar.L2': -0.2766361402779492, 'sigma2': 2762305.98819056}"
1360,28,66,661.825241911426,"(2, 1, 0)","(0, 0, 0, 0)","{'ar.L1': -0.8783734236057604, 'ar.L2': -0.29138843993054764, 'sigma2': 2977799.3429447385}"
1361,28,67,678.5618459884344,"(2, 1, 0)","(0, 0, 0, 0)","{'ar.L1': -0.8707823655871704, 'ar.L2': -0.28420366178860423, 'sigma2': 2902397.369761391}"
1362,28,68,695.2219332624192,"(2, 1, 0)","(0, 0, 0, 0)","{'ar.L1': -0.8713971441038303, 'ar.L2': -0.2865199191798316, 'sigma2': 2712057.449400557}"
1363,29,37,149.72203785284455,"(1, 0, 0)","(0, 0, 0, 0)","(-159.9999999999999, 4609.999999999999)"
1364,29,38,166.93562033280978,"(1, 0, 0)","(0, 0, 0, 0)","(-245.99999999999943, 4810.6666666666615)"
1365,29,39,183.7694295990275,"(1, 0, 0)","(0, 0, 0, 0)","(-237.09090909090915, 4786.90909090909)"
1366,29,40,200.98162541650953,"(1, 0, 0)","(0, 0, 0, 0)","(-172.3636363636363, 4592.727272727273)"
1367,29,41,218.43199997238793,"(1, 0, 0)","(0, 0, 0, 0)","(-239.16083916083923, 4815.384615384614)"
1368,29,42,233.6576619119465,"(2, 0, 0)","(0, 0, 0, 0)","{'const': 3402.038228551942, 'ar.L1': -0.08855069769584062, 'ar.L2': 0.6157403855449041, 'sigma2': 1873512.9337269517}"
1369,29,43,250.07349894428708,"(2, 0, 0)","(0, 0, 0, 0)","{'const': 3262.7559622768117, 'ar.L1': -0.051776333333243094, 'ar.L2': 0.6707580401450506, 'sigma2': 1735315.2303020493}"
1370,29,44,266.40055756137383,"(2, 0, 0)","(0, 0, 0, 0)","{'const': 3189.4209015912274, 'ar.L1': -0.02648081804694801, 'ar.L2': 0.696647637959721, 'sigma2': 1624195.399126928}"
1371,29,45,286.44240466621903,"(2, 0, 0)","(0, 0, 0, 0)","{'const': 3322.070599452085, 'ar.L1': -0.13130282316458072, 'ar.L2': 0.5377941592063862, 'sigma2': 2050320.1726458217}"
1372,29,46,302.8029125181345,"(2, 0, 0)","(0, 0, 0, 0)","{'const': 3483.0933786766955, 'ar.L1': -0.11617333120821749, 'ar.L2': 0.5468247515369227, 'sigma2': 1900594.759682205}"
1373,29,47,319.71227136068615,"(2, 0, 0)","(0, 0, 0, 0)","{'const': 3373.5304050419318, 'ar.L1': -0.1263758784203564, 'ar.L2': 0.5095261598688857, 'sigma2': 1871720.5471132938}"
1374,29,48,339.56342282429205,"(2, 0, 0)","(0, 0, 0, 0)","{'const': 3397.8951467391776, 'ar.L1': -0.14834121591348606, 'ar.L2': 0.4781802672774786, 'sigma2': 2037608.8438232825}"
1375,29,49,356.05643308847766,"(2, 0, 0)","(0, 0, 0, 0)","{'const': 3360.0005596914975, 'ar.L1': -0.15829875905021035, 'ar.L2': 0.47708706093625597, 'sigma2': 1915643.8524305935}"
1376,29,50,374.57758192605917,"(2, 0, 0)","(0, 0, 0, 0)","{'const': 3327.343297106083, 'ar.L1': -0.17361199487557583, 'ar.L2': 0.36879083858011635, 'sigma2': 2198129.748299856}"
1377,29,51,391.48652360408704,"(2, 0, 0)","(0, 0, 0, 0)","{'const': 3267.2728264253187, 'ar.L1': -0.15394411874754654, 'ar.L2': 0.3903258946066214, 'sigma2': 1965509.0617830062}"
1378,29,52,410.7333005479781,"(2, 0, 0)","(0, 0, 0, 0)","{'const': 3149.295682780551, 'ar.L1': -0.09734558494479979, 'ar.L2': 0.44010530560018, 'sigma2': 2309212.8298395593}"
1379,29,53,428.71351582403855,"(2, 0, 0)","(0, 0, 0, 0)","{'const': 3225.000053732122, 'ar.L1': -0.18621848940563834, 'ar.L2': 0.3824777062354157, 'sigma2': 2201003.8584252642}"
1380,29,54,432.73463483931414,"(2, 1, 0)","(0, 0, 0, 0)","{'ar.L1': -1.0578360811061804, 'ar.L2': -0.4245915574441901, 'sigma2': 2941157.9386410997}"
1381,29,55,451.2678614116936,"(2, 1, 0)","(0, 0, 0, 0)","{'ar.L1': -1.0723986527330953, 'ar.L2': -0.4913604571655847, 'sigma2': 3048682.9773488543}"
1382,29,56,468.30141836472694,"(2, 1, 0)","(0, 0, 0, 0)","{'ar.L1': -1.0327834440872423, 'ar.L2': -0.44735653652356605, 'sigma2': 2962522.438301461}"
1383,29,57,485.05055819782103,"(2, 1, 0)","(0, 0, 0, 0)","{'ar.L1': -1.0303616172467736, 'ar.L2': -0.4467327017049793, 'sigma2': 2851188.051426713}"
1384,29,58,501.7787418735336,"(2, 1, 0)","(0, 0, 0, 0)","{'ar.L1': -1.032056488028229, 'ar.L2': -0.450467564133601, 'sigma2': 2749409.996572368}"
1385,29,59,519.5515212606168,"(2, 1, 0)","(0, 0, 0, 0)","{'ar.L1': -1.015150711329834, 'ar.L2': -0.43025108706127013, 'sigma2': 2760527.6896961294}"
1386,29,60,536.2333128846357,"(2, 1, 0)","(0, 0, 0, 0)","{'ar.L1': -1.0198848810004388, 'ar.L2': -0.4335380324611706, 'sigma2': 2666629.123740148}"
1387,29,61,558.2949526087498,"(2, 1, 0)","(0, 0, 0, 0)","{'ar.L1': -0.9873855596028904, 'ar.L2': -0.432889000291699, 'sigma2': 3100480.4980292185}"
1388,29,62,575.1775973944327,"(2, 1, 0)","(0, 0, 0, 0)","{'ar.L1': -0.9634303711509467, 'ar.L2': -0.41118474793266113, 'sigma2': 3012822.064912971}"
1389,29,63,592.9776358101694,"(2, 1, 0)","(0, 0, 0, 0)","{'ar.L1': -0.9513316831063754, 'ar.L2': -0.42361647234945665, 'sigma2': 2768685.003967672}"
1390,29,64,609.8665304955208,"(2, 1, 0)","(0, 0, 0, 0)","{'ar.L1': -0.9651549883124265, 'ar.L2': -0.44171692017808334, 'sigma2': 2708689.070910824}"
1391,29,65,626.6298355051891,"(2, 1, 0)","(0, 0, 0, 0)","{'ar.L1': -0.9594739630846658, 'ar.L2': -0.43770081768655794, 'sigma2': 2629373.5418697293}"
1392,29,66,645.0928531890376,"(2, 1, 0)","(0, 0, 0, 0)","{'ar.L1': -0.9560511423070999, 'ar.L2': -0.4552044079451379, 'sigma2': 2718253.71071491}"
1393,29,67,661.9988340454946,"(2, 1, 0)","(0, 0, 0, 0)","{'ar.L1': -0.9394060673626248, 'ar.L2': -0.4389112399755551, 'sigma2': 2649854.674251401}"
1394,29,68,678.5931696615745,"(2, 1, 0)","(0, 0, 0, 0)","{'ar.L1': -0.9384053766016497, 'ar.L2': -0.4394482912062255, 'sigma2': 2774611.4883141858}"
1395,30,38,149.76968019382107,"(1, 0, 0)","(0, 0, 0, 0)","(-324.2857142857143, 4930.0)"
1396,30,39,166.71451569238678,"(1, 0, 0)","(0, 0, 0, 0)","(-295.99999999999983, 4863.999999999998)"
1397,30,40,184.08843449030022,"(1, 0, 0)","(0, 0, 0, 0)","(-206.54545454545436, 4625.454545454542)"
1398,30,41,201.43746823165696,"(1, 0, 0)","(0, 0, 0, 0)","(-279.27272727272714, 4843.636363636363)"
1399,30,42,218.22547305771087,"(1, 0, 0)","(0, 0, 0, 0)","(-259.7202797202797, 4778.461538461537)"
1400,30,43,230.96630183103179,"(2, 0, 0)","(0, 0, 0, 0)","{'const': 3044.0341500469967, 'ar.L1': -0.13813152032202003, 'ar.L2': 0.6960938562032443, 'sigma2': 1459522.0555216563}"
1401,30,44,247.24305905084836,"(2, 0, 0)","(0, 0, 0, 0)","{'const': 3119.9991419664657, 'ar.L1': -0.10767635575593765, 'ar.L2': 0.7301858558214464, 'sigma2': 1296886.975887378}"
1402,30,45,267.7945023805952,"(2, 0, 0)","(0, 0, 0, 0)","{'const': 3232.0000279052315, 'ar.L1': -0.21738454601954316, 'ar.L2': 0.5660566472147647, 'sigma2': 1790228.7036229447}"
1403,30,46,284.31475223430425,"(2, 0, 0)","(0, 0, 0, 0)","{'const': 3217.500356182341, 'ar.L1': -0.2029483066802562, 'ar.L2': 0.5646004061580479, 'sigma2': 1683610.6992844725}"
1404,30,47,301.10841034847397,"(2, 0, 0)","(0, 0, 0, 0)","{'const': 3211.764685747604, 'ar.L1': -0.21576496561855027, 'ar.L2': 0.5320006689098937, 'sigma2': 1633317.544607548}"
1405,30,48,321.274361712404,"(2, 0, 0)","(0, 0, 0, 0)","{'const': 3360.000165602993, 'ar.L1': -0.22135688602478573, 'ar.L2': 0.5062695460612718, 'sigma2': 2004226.224769641}"
1406,30,49,337.6277920474457,"(2, 0, 0)","(0, 0, 0, 0)","{'const': 3322.1055695842765, 'ar.L1': -0.22487402315775695, 'ar.L2': 0.5075777987202126, 'sigma2': 1888676.5880304126}"
1407,30,50,356.4258954652718,"(2, 0, 0)","(0, 0, 0, 0)","{'const': 3275.999862680551, 'ar.L1': -0.24550131616011656, 'ar.L2': 0.3948767155559233, 'sigma2': 2033995.6267150827}"
1408,30,51,373.20235232685525,"(2, 0, 0)","(0, 0, 0, 0)","{'const': 3228.57127983498, 'ar.L1': -0.22803091891083355, 'ar.L2': 0.41306584868806573, 'sigma2': 1958848.369481027}"
1409,30,52,392.5430578816396,"(2, 0, 0)","(0, 0, 0, 0)","{'const': 3103.6361569922738, 'ar.L1': -0.1744989296569381, 'ar.L2': 0.46218226222253583, 'sigma2': 2143823.320023636}"
1410,30,53,410.3206511986165,"(2, 0, 0)","(0, 0, 0, 0)","{'const': 3187.8258657865294, 'ar.L1': -0.256000465638228, 'ar.L2': 0.4075542449018252, 'sigma2': 2221327.1911681485}"
1411,30,54,426.8042015198683,"(2, 0, 0)","(0, 0, 0, 0)","{'const': 3135.0000793596832, 'ar.L1': -0.2550541369103344, 'ar.L2': 0.39612062217939603, 'sigma2': 2114426.866678654}"
1412,30,55,430.3324031285284,"(1, 1, 0)","(0, 0, 0, 0)","{'ar.L1': -0.7341214577997303, 'sigma2': 3138848.4161425275}"
1413,30,56,447.3445230459275,"(1, 1, 0)","(0, 0, 0, 0)","{'ar.L1': -0.7387557139189468, 'sigma2': 3041475.4946092595}"
1414,30,57,464.07325309348795,"(2, 1, 0)","(0, 0, 0, 0)","{'ar.L1': -0.9422119665456099, 'ar.L2': -0.2556847010591344, 'sigma2': 2535575.6811394906}"
1415,30,58,480.80409735590064,"(2, 1, 0)","(0, 0, 0, 0)","{'ar.L1': -0.9457480534177849, 'ar.L2': -0.2632046199596979, 'sigma2': 2443280.2702330453}"
1416,30,59,498.28363531677985,"(1, 1, 0)","(0, 0, 0, 0)","{'ar.L1': -0.7336986904852093, 'sigma2': 2792042.1278177174}"
1417,30,60,514.9682421272826,"(2, 1, 0)","(0, 0, 0, 0)","{'ar.L1': -0.937100469200414, 'ar.L2': -0.2503042390587745, 'sigma2': 2364748.026809369}"
1418,30,61,537.4009124743814,"(1, 1, 0)","(0, 0, 0, 0)","{'ar.L1': -0.7086373852616239, 'sigma2': 3164258.416516785}"
1419,30,62,554.3739165517117,"(2, 1, 0)","(0, 0, 0, 0)","{'ar.L1': -0.8984805652808783, 'ar.L2': -0.24077705126327417, 'sigma2': 2732084.9463246306}"
1420,30,63,572.4523736747852,"(2, 1, 0)","(0, 0, 0, 0)","{'ar.L1': -0.8840216194989564, 'ar.L2': -0.25500948329161477, 'sigma2': 2742257.595461212}"
1421,30,64,589.6151518744309,"(2, 1, 0)","(0, 0, 0, 0)","{'ar.L1': -0.908536724408011, 'ar.L2': -0.28718395063314345, 'sigma2': 2685663.6352798943}"
1422,30,65,606.2800070047126,"(2, 1, 0)","(0, 0, 0, 0)","{'ar.L1': -0.9038894653382165, 'ar.L2': -0.2839329391679186, 'sigma2': 2701417.0500329523}"
1423,30,66,625.2263368306548,"(2, 1, 0)","(0, 0, 0, 0)","{'ar.L1': -0.9016316226478608, 'ar.L2': -0.30359120856408534, 'sigma2': 2689570.617221909}"
1424,30,67,641.9600948921283,"(2, 1, 0)","(0, 0, 0, 0)","{'ar.L1': -0.8924933781038081, 'ar.L2': -0.2948534169195068, 'sigma2': 2616411.4518855135}"
1425,30,68,658.6397807086367,"(2, 1, 0)","(0, 0, 0, 0)","{'ar.L1': -0.8922297526660719, 'ar.L2': -0.2970731955358036, 'sigma2': 2542408.0575581044}"
1426,31,39,149.3444235789649,"(1, 0, 0)","(0, 0, 0, 0)","(-187.14285714285748, 4060.000000000002)"
1427,31,40,166.5191494027022,"(1, 0, 0)","(0, 0, 0, 0)","(-101.99999999999993, 3861.3333333333317)"
1428,31,41,184.1418840228888,"(1, 0, 0)","(0, 0, 0, 0)","(-210.1818181818179, 4149.818181818178)"
1429,31,42,200.92029786577467,"(1, 0, 0)","(0, 0, 0, 0)","(-199.6363636363636, 4118.181818181819)"
1430,31,43,217.69180756661987,"(1, 0, 0)","(0, 0, 0, 0)","(-222.79720279720252, 4195.3846153846125)"
1431,31,44,231.1655391640044,"(2, 0, 0)","(0, 0, 0, 0)","{'const': 2913.054275625338, 'ar.L1': -0.11235411624201219, 'ar.L2': 0.7119965134435253, 'sigma2': 1479881.8423205942}"
1432,31,45,251.4564236924822,"(2, 0, 0)","(0, 0, 0, 0)","{'const': 3082.847095571468, 'ar.L1': -0.22599120043825877, 'ar.L2': 0.5171022206889125, 'sigma2': 1982128.9929448664}"
1433,31,46,268.05187779788866,"(2, 0, 0)","(0, 0, 0, 0)","{'const': 3094.9064479201747, 'ar.L1': -0.20529993445138867, 'ar.L2': 0.5146050874108381, 'sigma2': 1910294.6218729224}"
1434,31,47,284.7111932569835,"(2, 0, 0)","(0, 0, 0, 0)","{'const': 3076.415250878909, 'ar.L1': -0.21946412452711406, 'ar.L2': 0.4750129252474836, 'sigma2': 1827804.9258778254}"
1435,31,48,304.7996292140111,"(2, 0, 0)","(0, 0, 0, 0)","{'const': 3255.1248146184194, 'ar.L1': -0.22507902861284007, 'ar.L2': 0.45582481582121176, 'sigma2': 2181931.0335750505}"
1436,31,49,321.14884582406984,"(2, 0, 0)","(0, 0, 0, 0)","{'const': 3342.217553586461, 'ar.L1': -0.22235528561045492, 'ar.L2': 0.4703024509139418, 'sigma2': 2024331.039860437}"
1437,31,50,339.2465075430262,"(1, 0, 0)","(0, 0, 0, 0)","{'const': 3138.9474467506016, 'ar.L1': -0.3291821289433871, 'sigma2': 2438841.4808724485}"
1438,31,51,356.2797927609176,"(1, 0, 0)","(0, 0, 0, 0)","{'const': 3096.00007105078, 'ar.L1': -0.3120854470895804, 'sigma2': 2380845.3617563834}"
1439,31,52,375.38680370642817,"(0, 0, 0)","(0, 0, 0, 0)","{'const': 2971.42857142857, 'sigma2': 2796784.0775677697}"
1440,31,53,393.2313859790385,"(1, 0, 0)","(0, 0, 0, 0)","{'const': 3065.4545280847333, 'ar.L1': -0.32169224745344593, 'sigma2': 2607790.3602421517}"
1441,31,54,409.83962358025013,"(2, 0, 0)","(0, 0, 0, 0)","{'const': 3049.953659426219, 'ar.L1': -0.25345596349874655, 'ar.L2': 0.3242513318350908, 'sigma2': 2245911.548065105}"
1442,31,55,428.9545359126531,"(1, 0, 0)","(0, 0, 0, 0)","{'const': 2925.000073927494, 'ar.L1': -0.2891223294487253, 'sigma2': 2679474.7256227126}"
1443,31,56,436.96819999898105,"(2, 1, 0)","(0, 0, 0, 0)","{'ar.L1': -0.9373633594834481, 'ar.L2': -0.42583311815953945, 'sigma2': 3511920.6596520036}"
1444,31,57,453.8629825325289,"(2, 1, 0)","(0, 0, 0, 0)","{'ar.L1': -0.9371741498585231, 'ar.L2': -0.42628193202322445, 'sigma2': 3363650.008313788}"
1445,31,58,470.73637626561845,"(2, 1, 0)","(0, 0, 0, 0)","{'ar.L1': -0.9395881170731912, 'ar.L2': -0.43090727972284393, 'sigma2': 3229542.1782457335}"
1446,31,59,488.47171595560064,"(2, 1, 0)","(0, 0, 0, 0)","{'ar.L1': -0.922562244392462, 'ar.L2': -0.4073824187406653, 'sigma2': 3219898.4724288853}"
1447,31,60,505.32617697692075,"(2, 1, 0)","(0, 0, 0, 0)","{'ar.L1': -0.9297785377529177, 'ar.L2': -0.4125271649665967, 'sigma2': 3102336.2981286654}"
1448,31,61,526.5485523294668,"(2, 1, 0)","(0, 0, 0, 0)","{'ar.L1': -0.8964138922014364, 'ar.L2': -0.41889495495455065, 'sigma2': 3527337.3231284614}"
1449,31,62,543.4758921315654,"(2, 1, 0)","(0, 0, 0, 0)","{'ar.L1': -0.8835364230024674, 'ar.L2': -0.4058955369890702, 'sigma2': 3409674.412620733}"
1450,31,63,560.9731229837507,"(2, 1, 0)","(0, 0, 0, 0)","{'ar.L1': -0.8722597879944862, 'ar.L2': -0.42361772344841125, 'sigma2': 3370940.2357574273}"
1451,31,64,577.967402726935,"(2, 1, 0)","(0, 0, 0, 0)","{'ar.L1': -0.8868446445904715, 'ar.L2': -0.44515503312676385, 'sigma2': 3274739.100917988}"
1452,31,65,594.8027336032235,"(2, 1, 0)","(0, 0, 0, 0)","{'ar.L1': -0.8842312764386184, 'ar.L2': -0.44322797432557554, 'sigma2': 3172887.795918625}"
1453,31,66,613.0369785224117,"(2, 1, 0)","(0, 0, 0, 0)","{'ar.L1': -0.8807787177036615, 'ar.L2': -0.4657733385064044, 'sigma2': 3217990.6550072534}"
1454,31,67,630.6354159850672,"(2, 1, 0)","(0, 0, 0, 0)","{'ar.L1': -0.8713483000354174, 'ar.L2': -0.45160643715754484, 'sigma2': 2584602.4720436013}"
1455,31,68,647.4389683497749,"(2, 1, 0)","(0, 0, 0, 0)","{'ar.L1': -0.8720481860088036, 'ar.L2': -0.4517127747473141, 'sigma2': 2508759.3799439413}"
1456,32,40,147.21118319204368,"(1, 0, 0)","(0, 0, 0, 0)","(-335.71428571428567, 4850.0)"
1457,32,41,164.16918269083257,"(1, 0, 0)","(0, 0, 0, 0)","(-415.99999999999966, 5037.33333333333)"
1458,32,42,180.9679136706221,"(1, 0, 0)","(0, 0, 0, 0)","(-362.18181818181796, 4893.818181818179)"
1459,32,43,197.41703649563686,"(1, 0, 0)","(0, 0, 0, 0)","(-359.9999999999998, 4887.272727272726)"
1460,32,44,214.3152595338202,"(1, 0, 0)","(0, 0, 0, 0)","(-312.58741258741253, 4729.230769230768)"
1461,32,45,235.0500083233173,"(2, 0, 0)","(0, 0, 0, 0)","{'const': 3161.3367832266076, 'ar.L1': -0.213446146046689, 'ar.L2': 0.5176715893708872, 'sigma2': 2113998.0048671514}"
1462,32,46,251.64649541799685,"(2, 0, 0)","(0, 0, 0, 0)","{'const': 3171.4708053511204, 'ar.L1': -0.18999524381326538, 'ar.L2': 0.5150763479820152, 'sigma2': 2017237.965639281}"
1463,32,47,268.38408377507335,"(2, 0, 0)","(0, 0, 0, 0)","{'const': 3145.1601262871072, 'ar.L1': -0.20434909034469773, 'ar.L2': 0.47501783363598166, 'sigma2': 1936820.6685809768}"
1464,32,48,288.1416869844256,"(0, 0, 0)","(0, 0, 0, 0)","{'const': 3307.5003807839257, 'sigma2': 3062841.806221014}"
1465,32,49,304.70448702783125,"(2, 0, 0)","(0, 0, 0, 0)","{'const': 3368.909259755913, 'ar.L1': -0.1990917825944416, 'ar.L2': 0.4666890725103698, 'sigma2': 2142758.9590191217}"
1466,32,50,321.9550014045975,"(0, 0, 0)","(0, 0, 0, 0)","{'const': 3219.999999999999, 'sigma2': 2775624.533054618}"
1467,32,51,338.9100257152148,"(0, 0, 0)","(0, 0, 0, 0)","{'const': 3170.526315789474, 'sigma2': 2659570.152703753}"
1468,32,52,358.07404725331907,"(0, 0, 0)","(0, 0, 0, 0)","{'const': 3036.002639769369, 'sigma2': 2864728.946478802}"
1469,32,53,376.1132277501345,"(0, 0, 0)","(0, 0, 0, 0)","{'const': 3131.4251215539007, 'sigma2': 2891826.906419316}"
1470,32,54,393.3081740842735,"(1, 0, 0)","(0, 0, 0, 0)","{'const': 3052.776487141808, 'ar.L1': -0.32742749724560477, 'sigma2': 2578659.3751276447}"
1471,32,55,411.6827137299031,"(0, 0, 0)","(0, 0, 0, 0)","{'const': 2979.13042442116, 'sigma2': 2953304.5864854283}"
1472,32,56,428.45723233648044,"(0, 0, 0)","(0, 0, 0, 0)","{'const': 2960.000000000001, 'sigma2': 2809996.139107946}"
1473,32,57,427.98858788797,"(2, 1, 0)","(0, 0, 0, 0)","{'ar.L1': -0.8911734579936527, 'ar.L2': -0.29590925132531704, 'sigma2': 2472807.0073524904}"
1474,32,58,444.63917164234545,"(2, 1, 0)","(0, 0, 0, 0)","{'ar.L1': -0.893999693948298, 'ar.L2': -0.3029491593845294, 'sigma2': 2369849.637318378}"
1475,32,59,462.2162244930274,"(2, 1, 0)","(0, 0, 0, 0)","{'ar.L1': -0.8786385663844797, 'ar.L2': -0.28369965679014164, 'sigma2': 2382885.726937353}"
1476,32,60,478.83271211977086,"(2, 1, 0)","(0, 0, 0, 0)","{'ar.L1': -0.8871259109471724, 'ar.L2': -0.2903774959181501, 'sigma2': 2298452.8574952306}"
1477,32,61,501.305041288787,"(2, 1, 0)","(0, 0, 0, 0)","{'ar.L1': -0.8474004483334802, 'ar.L2': -0.28609099748644445, 'sigma2': 2745554.4318752605}"
1478,32,62,517.9742155961314,"(2, 1, 0)","(0, 0, 0, 0)","{'ar.L1': -0.8482674855714177, 'ar.L2': -0.28718670763777526, 'sigma2': 2643944.718578577}"
1479,32,63,535.690662776895,"(2, 1, 0)","(0, 0, 0, 0)","{'ar.L1': -0.832628118472376, 'ar.L2': -0.30316812838708806, 'sigma2': 2614456.8317540246}"
1480,32,64,552.7273399902914,"(2, 1, 0)","(0, 0, 0, 0)","{'ar.L1': -0.852867029447117, 'ar.L2': -0.3321498962186961, 'sigma2': 2549404.2809323655}"
1481,32,65,569.3508368987934,"(2, 1, 0)","(0, 0, 0, 0)","{'ar.L1': -0.8513327565264994, 'ar.L2': -0.3319335005058048, 'sigma2': 2464431.213095319}"
1482,32,66,588.0137112542337,"(2, 1, 0)","(0, 0, 0, 0)","{'ar.L1': -0.8451185032819102, 'ar.L2': -0.3513232266004757, 'sigma2': 2526299.62903894}"
1483,32,67,604.6905458021303,"(2, 1, 0)","(0, 0, 0, 0)","{'ar.L1': -0.8367934601325786, 'ar.L2': -0.34371147549805536, 'sigma2': 2452052.4763606205}"
1484,32,68,621.286612736836,"(2, 1, 0)","(0, 0, 0, 0)","{'ar.L1': -0.837035569736872, 'ar.L2': -0.3455961503641455, 'sigma2': 2377874.7374749444}"
1485,33,41,145.7389625591058,"(1, 0, 0)","(0, 0, 0, 0)","(-235.714285714286, 3780.0000000000014)"
1486,33,42,162.19231230839964,"(1, 0, 0)","(0, 0, 0, 0)","(-209.99999999999963, 3719.9999999999964)"
1487,33,43,178.58678376773875,"(1, 0, 0)","(0, 0, 0, 0)","(-237.81818181818176, 3794.1818181818157)"
1488,33,44,195.02138497127464,"(1, 0, 0)","(0, 0, 0, 0)","(-203.9999999999999, 3692.7272727272725)"
1489,33,45,215.39927896230012,"(1, 0, 0)","(0, 0, 0, 0)","(-75.104895104895, 3263.076923076921)"
1490,33,46,230.20667299630614,"(0, 0, 0)","(0, 0, 0, 0)","{'const': 2861.536968024975, 'sigma2': 2114550.7896175575}"
1491,33,47,246.60239452566753,"(0, 0, 0)","(0, 0, 0, 0)","{'const': 2880.0000577080637, 'sigma2': 1989746.4168700106}"
1492,33,48,266.8928026316195,"(0, 0, 0)","(0, 0, 0, 0)","{'const': 3080.001420643817, 'sigma2': 2396452.428531287}"
1493,33,49,283.46748835760127,"(0, 0, 0)","(0, 0, 0, 0)","{'const': 3052.5000000000014, 'sigma2': 2238550.8738610568}"
1494,33,50,300.09089747800425,"(0, 0, 0)","(0, 0, 0, 0)","{'const': 3014.119487201469, 'sigma2': 2151430.8838231754}"
1495,33,51,316.7286938838459,"(0, 0, 0)","(0, 0, 0, 0)","{'const': 2973.3315578618444, 'sigma2': 2065510.7055001138}"
1496,33,52,335.88182041233534,"(0, 0, 0)","(0, 0, 0, 0)","{'const': 2842.0990604798912, 'sigma2': 2256081.937055201}"
1497,33,53,354.3567178416914,"(0, 0, 0)","(0, 0, 0, 0)","{'const': 2951.999999999999, 'sigma2': 2374311.8097153157}"
1498,33,54,371.29402810847796,"(0, 0, 0)","(0, 0, 0, 0)","{'const': 2902.860535980906, 'sigma2': 2316686.5824183105}"
1499,33,55,389.5305568369987,"(0, 0, 0)","(0, 0, 0, 0)","{'const': 2809.0943824927876, 'sigma2': 2393984.7834107797}"
1500,33,56,406.0674161653591,"(0, 0, 0)","(0, 0, 0, 0)","{'const': 2796.5251281427686, 'sigma2': 2298523.111519883}"
1501,33,57,423.18752993421214,"(0, 0, 0)","(0, 0, 0, 0)","{'const': 2745.000000000001, 'sigma2': 2279696.036111312}"
1502,33,58,430.89973802310533,"(2, 1, 0)","(0, 0, 0, 0)","{'ar.L1': -0.8535637090330764, 'ar.L2': -0.5675985239643817, 'sigma2': 2733726.6315463926}"
1503,33,59,448.7878834461104,"(2, 1, 0)","(0, 0, 0, 0)","{'ar.L1': -0.836857031791369, 'ar.L2': -0.5419007383565007, 'sigma2': 2763341.3131753467}"
1504,33,60,465.5252995479802,"(2, 1, 0)","(0, 0, 0, 0)","{'ar.L1': -0.8458369091237941, 'ar.L2': -0.5477068646176502, 'sigma2': 2660089.2794514834}"
1505,33,61,486.5357848501271,"(2, 1, 0)","(0, 0, 0, 0)","{'ar.L1': -0.8059752398793835, 'ar.L2': -0.5600951017804348, 'sigma2': 3037772.239224163}"
1506,33,62,503.8646097151078,"(2, 1, 0)","(0, 0, 0, 0)","{'ar.L1': -0.8003715821763765, 'ar.L2': -0.5522295076303664, 'sigma2': 2410595.6899761246}"
1507,33,63,520.2430673197605,"(2, 1, 0)","(0, 0, 0, 0)","{'ar.L1': -0.7857350359497625, 'ar.L2': -0.5630736872822878, 'sigma2': 2851770.227565036}"
1508,33,64,536.961137826479,"(2, 1, 0)","(0, 0, 0, 0)","{'ar.L1': -0.7921442190568988, 'ar.L2': -0.573541824372958, 'sigma2': 2756352.5338638485}"
1509,33,65,553.6114622551189,"(2, 1, 0)","(0, 0, 0, 0)","{'ar.L1': -0.7932794833450516, 'ar.L2': -0.5741729883108917, 'sigma2': 2664730.5785034895}"
1510,33,66,571.3528913944979,"(2, 1, 0)","(0, 0, 0, 0)","{'ar.L1': -0.7862225631177147, 'ar.L2': -0.5958020219759377, 'sigma2': 2675033.9087219527}"
1511,33,67,588.1452242626838,"(2, 1, 0)","(0, 0, 0, 0)","{'ar.L1': -0.7714040148286998, 'ar.L2': -0.5803871175067703, 'sigma2': 2608540.164916738}"
1512,33,68,604.7951456617049,"(2, 1, 0)","(0, 0, 0, 0)","{'ar.L1': -0.7742816756380871, 'ar.L2': -0.5775971378499591, 'sigma2': 2533632.6757676452}"
1513,34,42,143.47894762451716,"(1, 0, 0)","(0, 0, 0, 0)","(-390.00000000000006, 4350.0)"
1514,34,43,159.60710059160147,"(1, 0, 0)","(0, 0, 0, 0)","(-383.9999999999997, 4335.999999999997)"
1515,34,44,176.37904663963667,"(1, 0, 0)","(0, 0, 0, 0)","(-314.1818181818181, 4149.81818181818)"
1516,34,45,197.99271768209314,"(1, 0, 0)","(0, 0, 0, 0)","(-141.81818181818164, 3632.727272727273)"
1517,34,46,214.69589163728938,"(1, 0, 0)","(0, 0, 0, 0)","(-106.15384615384625, 3513.8461538461534)"
1518,34,47,229.8718772093066,"(0, 0, 0)","(0, 0, 0, 0)","{'const': 2944.615384615386, 'sigma2': 2064827.2848724853}"
1519,34,48,249.87471039637649,"(0, 0, 0)","(0, 0, 0, 0)","{'const': 3154.2905760733456, 'sigma2': 2518842.3551048418}"
1520,34,49,266.5074859665333,"(0, 0, 0)","(0, 0, 0, 0)","{'const': 3120.0001927448516, 'sigma2': 2354357.3713830584}"
1521,34,50,283.19564581783584,"(0, 0, 0)","(0, 0, 0, 0)","{'const': 3074.9998089695496, 'sigma2': 2230034.9089754485}"
1522,34,51,299.89715229089046,"(0, 0, 0)","(0, 0, 0, 0)","{'const': 3028.233003535319, 'sigma2': 2123043.4181489116}"
1523,34,52,319.1022184446469,"(0, 0, 0)","(0, 0, 0, 0)","{'const': 2886.666666666666, 'sigma2': 2310314.901203221}"
1524,34,53,337.45989823845275,"(0, 0, 0)","(0, 0, 0, 0)","{'const': 2999.9994545406944, 'sigma2': 2461140.0327502866}"
1525,34,54,354.4546025056955,"(0, 0, 0)","(0, 0, 0, 0)","{'const': 2945.9998747190093, 'sigma2': 2376086.9990196344}"
1526,34,55,372.73423366661876,"(0, 0, 0)","(0, 0, 0, 0)","{'const': 2845.9608223879495, 'sigma2': 2476810.2837178996}"
1527,34,56,389.31461308431466,"(0, 0, 0)","(0, 0, 0, 0)","{'const': 2830.9090909090905, 'sigma2': 2331831.464864034}"
1528,34,57,406.4782081710663,"(0, 0, 0)","(0, 0, 0, 0)","{'const': 2775.651737466185, 'sigma2': 2351320.992087544}"
1529,34,58,423.7086919651118,"(0, 0, 0)","(0, 0, 0, 0)","{'const': 2720.000000000001, 'sigma2': 2307492.1959417104}"
1530,34,59,424.4246951001486,"(2, 1, 0)","(0, 0, 0, 0)","{'ar.L1': -0.8225763562448274, 'ar.L2': -0.3938997842196462, 'sigma2': 2256013.437281488}"
1531,34,60,440.97835824819873,"(2, 1, 0)","(0, 0, 0, 0)","{'ar.L1': -0.8321370864828949, 'ar.L2': -0.4005130644808078, 'sigma2': 2173212.1849027877}"
1532,34,61,463.2002661180018,"(2, 1, 0)","(0, 0, 0, 0)","{'ar.L1': -0.7858661906524457, 'ar.L2': -0.40382122670478204, 'sigma2': 2608687.287489024}"
1533,34,62,479.77210702486155,"(2, 1, 0)","(0, 0, 0, 0)","{'ar.L1': -0.7862014238844017, 'ar.L2': -0.40488303466753417, 'sigma2': 2505284.844066487}"
1534,34,63,496.8758077418482,"(2, 1, 0)","(0, 0, 0, 0)","{'ar.L1': -0.7697138686514909, 'ar.L2': -0.42130047499190354, 'sigma2': 2443726.348133449}"
1535,34,64,513.6050465179368,"(2, 1, 0)","(0, 0, 0, 0)","{'ar.L1': -0.7819588871753084, 'ar.L2': -0.4423324965631943, 'sigma2': 2369965.622379651}"
1536,34,65,530.0965943403098,"(2, 1, 0)","(0, 0, 0, 0)","{'ar.L1': -0.7829584147871483, 'ar.L2': -0.44382336253188875, 'sigma2': 2286076.3457769617}"
1537,34,66,548.2642885365187,"(2, 1, 0)","(0, 0, 0, 0)","{'ar.L1': -0.7722014659671235, 'ar.L2': -0.46441854491549533, 'sigma2': 2323949.612473127}"
1538,34,67,564.832514955869,"(2, 1, 0)","(0, 0, 0, 0)","{'ar.L1': -0.7623815166574087, 'ar.L2': -0.4560973378540904, 'sigma2': 2250895.0010625334}"
1539,34,68,581.2990850598685,"(2, 1, 0)","(0, 0, 0, 0)","{'ar.L1': -0.7641017117358255, 'ar.L2': -0.45597040351616847, 'sigma2': 2181142.796003837}"
1540,35,43,137.225331806365,"(1, 0, 0)","(0, 0, 0, 0)","(-154.2857142857144, 2880.0000000000005)"
1541,35,44,152.803144833625,"(1, 0, 0)","(0, 0, 0, 0)","(-119.99999999999989, 2799.9999999999986)"
1542,35,45,174.84727890647108,"(1, 0, 0)","(0, 0, 0, 0)","(48.0000000000001, 2351.9999999999986)"
1543,35,46,190.7003781699584,"(1, 0, 0)","(0, 0, 0, 0)","(55.63636363636363, 2329.09090909091)"
1544,35,47,206.46862358278622,"(1, 0, 0)","(0, 0, 0, 0)","(62.51748251748253, 2306.1538461538453)"
1545,35,48,227.817268112853,"(0, 0, 0)","(0, 0, 0, 0)","{'const': 2898.4605005491194, 'sigma2': 1769027.7182561015}"
1546,35,49,244.03460065967013,"(0, 0, 0)","(0, 0, 0, 0)","{'const': 2879.9998625568483, 'sigma2': 1649404.1756397437}"
1547,35,50,260.284878728349,"(0, 0, 0)","(0, 0, 0, 0)","{'const': 2847.9998272277007, 'sigma2': 1547896.6129257667}"
1548,35,51,276.5463628758082,"(0, 0, 0)","(0, 0, 0, 0)","{'const': 2812.500000000001, 'sigma2': 1450997.0378993477}"
1549,35,52,295.91208164758507,"(0, 0, 0)","(0, 0, 0, 0)","{'const': 2675.2941176470586, 'sigma2': 1666095.0675895878}"
1550,35,53,315.110692859578,"(0, 0, 0)","(0, 0, 0, 0)","{'const': 2806.6652683385782, 'sigma2': 1881422.907149635}"
1551,35,54,331.7813732058512,"(0, 0, 0)","(0, 0, 0, 0)","{'const': 2760.0001896532617, 'sigma2': 1825065.9007003487}"
1552,35,55,349.93892611130656,"(0, 0, 0)","(0, 0, 0, 0)","{'const': 2663.999902759686, 'sigma2': 1926196.5555815068}"
1553,35,56,366.220954859771,"(0, 0, 0)","(0, 0, 0, 0)","{'const': 2657.139097775221, 'sigma2': 1823215.5224877829}"
1554,35,57,383.10136884370775,"(0, 0, 0)","(0, 0, 0, 0)","{'const': 2607.272727272727, 'sigma2': 1761969.136771031}"
1555,35,58,400.0608638330217,"(0, 0, 0)","(0, 0, 0, 0)","{'const': 2556.524526431579, 'sigma2': 1762687.8497449963}"
1556,35,59,419.1261841080825,"(0, 0, 0)","(0, 0, 0, 0)","{'const': 2460.000000000001, 'sigma2': 1903692.3963813172}"
1557,35,60,423.1721714875673,"(2, 1, 0)","(0, 0, 0, 0)","{'ar.L1': -0.7682135861603905, 'ar.L2': -0.5208635467549079, 'sigma2': 2023917.4214637773}"
1558,35,61,444.8867177379407,"(2, 1, 0)","(0, 0, 0, 0)","{'ar.L1': -0.71342790494852, 'ar.L2': -0.5350464299786288, 'sigma2': 2450285.4329541014}"
1559,35,62,461.3931860259925,"(2, 1, 0)","(0, 0, 0, 0)","{'ar.L1': -0.7138866292823824, 'ar.L2': -0.5357128486274052, 'sigma2': 2348607.3301278497}"
1560,35,63,478.02223178976755,"(2, 1, 0)","(0, 0, 0, 0)","{'ar.L1': -0.7031174966440223, 'ar.L2': -0.5483070597621482, 'sigma2': 2271705.792027158}"
1561,35,64,494.51631500332564,"(2, 1, 0)","(0, 0, 0, 0)","{'ar.L1': -0.7101853933117115, 'ar.L2': -0.5615149124970643, 'sigma2': 2188731.9319009366}"
1562,35,65,510.93109197395717,"(2, 1, 0)","(0, 0, 0, 0)","{'ar.L1': -0.7149429497054336, 'ar.L2': -0.5639268240205919, 'sigma2': 2108295.830324487}"
1563,35,66,528.5660639102783,"(2, 1, 0)","(0, 0, 0, 0)","{'ar.L1': -0.703110675229942, 'ar.L2': -0.5869163631305913, 'sigma2': 2128343.4155044}"
1564,35,67,545.0723669413496,"(2, 1, 0)","(0, 0, 0, 0)","{'ar.L1': -0.6902103159033666, 'ar.L2': -0.5748149326901544, 'sigma2': 2065672.4344471318}"
1565,35,68,561.5364693815839,"(2, 1, 0)","(0, 0, 0, 0)","{'ar.L1': -0.6949922972409525, 'ar.L2': -0.5705575043865952, 'sigma2': 2003820.7614595355}"
1566,36,44,135.7020332213605,"(1, 0, 0)","(0, 0, 0, 0)","(-214.28571428571428, 3119.999999999999)"
1567,36,45,158.70484653387027,"(1, 0, 0)","(0, 0, 0, 0)","(11.999999999999963, 2591.9999999999986)"
1568,36,46,174.6661570677243,"(1, 0, 0)","(0, 0, 0, 0)","(28.363636363636257, 2548.363636363636)"
1569,36,47,190.53450862516615,"(1, 0, 0)","(0, 0, 0, 0)","(41.454545454545595, 2509.090909090909)"
1570,36,48,210.98593500560366,"(1, 0, 0)","(0, 0, 0, 0)","(153.56643356643352, 2135.384615384616)"
1571,36,49,227.2761185121883,"(0, 0, 0)","(0, 0, 0, 0)","{'const': 2953.846153846155, 'sigma2': 1682528.6978727195}"
1572,36,50,243.59465031168398,"(0, 0, 0)","(0, 0, 0, 0)","{'const': 2914.284945411211, 'sigma2': 1590495.7864717382}"
1573,36,51,259.92624742844697,"(0, 0, 0)","(0, 0, 0, 0)","{'const': 2872.0, 'sigma2': 1487393.655777773}"
1574,36,52,279.3676023018908,"(0, 0, 0)","(0, 0, 0, 0)","{'const': 2722.5000000000014, 'sigma2': 1728145.4984260334}"
1575,36,53,298.37471861857324,"(0, 0, 0)","(0, 0, 0, 0)","{'const': 2858.8244909992673, 'sigma2': 1941184.2103399124}"
1576,36,54,315.11069284785475,"(0, 0, 0)","(0, 0, 0, 0)","{'const': 2806.6634301741624, 'sigma2': 1881422.0781446695}"
1577,36,55,333.32210532827435,"(0, 0, 0)","(0, 0, 0, 0)","{'const': 2703.1575410032037, 'sigma2': 1968649.8694212306}"
1578,36,56,349.6461112593172,"(0, 0, 0)","(0, 0, 0, 0)","{'const': 2693.996366491925, 'sigma2': 1867841.0326458241}"
1579,36,57,366.5783396296278,"(0, 0, 0)","(0, 0, 0, 0)","{'const': 2639.9982373186485, 'sigma2': 1846649.4393351227}"
1580,36,58,383.5880402234268,"(0, 0, 0)","(0, 0, 0, 0)","{'const': 2585.4545454545455, 'sigma2': 1833997.771729632}"
1581,36,59,402.65592393995945,"(0, 0, 0)","(0, 0, 0, 0)","{'const': 2483.480080218131, 'sigma2': 1995588.5037733708}"
1582,36,60,419.2014121576382,"(0, 0, 0)","(0, 0, 0, 0)","{'const': 2455.0000000000005, 'sigma2': 1909344.7858301718}"
1583,36,61,427.0532833919585,"(2, 1, 0)","(0, 0, 0, 0)","{'ar.L1': -0.7208532687217458, 'ar.L2': -0.484996792538163, 'sigma2': 2551023.3039124086}"
1584,36,62,443.55133948828296,"(2, 1, 0)","(0, 0, 0, 0)","{'ar.L1': -0.7236344282313094, 'ar.L2': -0.48812625403550375, 'sigma2': 2440506.8786547147}"
1585,36,63,460.2608655026333,"(2, 1, 0)","(0, 0, 0, 0)","{'ar.L1': -0.7093815919467831, 'ar.L2': -0.5031335626945661, 'sigma2': 2354775.5113874357}"
1586,36,64,476.7912489072194,"(2, 1, 0)","(0, 0, 0, 0)","{'ar.L1': -0.718240333700878, 'ar.L2': -0.5202368463337786, 'sigma2': 2264686.2368416013}"
1587,36,65,493.1941125013591,"(2, 1, 0)","(0, 0, 0, 0)","{'ar.L1': -0.7223331964684728, 'ar.L2': -0.5228696768532838, 'sigma2': 2178352.2698062425}"
1588,36,66,510.9722139717587,"(2, 1, 0)","(0, 0, 0, 0)","{'ar.L1': -0.7093716413445023, 'ar.L2': -0.5457025769412464, 'sigma2': 2193990.5619584657}"
1589,36,67,527.4507796428269,"(2, 1, 0)","(0, 0, 0, 0)","{'ar.L1': -0.6977367567344859, 'ar.L2': -0.5356983653209095, 'sigma2': 2126785.7488340265}"
1590,36,68,543.8760712037844,"(2, 1, 0)","(0, 0, 0, 0)","{'ar.L1': -0.7017894704805803, 'ar.L2': -0.532808030038823, 'sigma2': 2061305.3605628586}"
1591,37,45,141.54214602768786,"(1, 0, 0)","(0, 0, 0, 0)","(119.99999999999989, 2100.0000000000005)"
1592,37,46,157.4267535549449,"(1, 0, 0)","(0, 0, 0, 0)","(116.00000000000013, 2109.333333333332)"
1593,37,47,173.1990237330424,"(1, 0, 0)","(0, 0, 0, 0)","(114.18181818181829, 2114.181818181817)"
1594,37,48,192.87583824715034,"(1, 0, 0)","(0, 0, 0, 0)","(233.45454545454544, 1756.363636363637)"
1595,37,49,210.28757906117596,"(1, 0, 0)","(0, 0, 0, 0)","(168.67132867132864, 1972.307692307693)"
1596,37,50,227.14396527868752,"(0, 0, 0)","(0, 0, 0, 0)","{'const': 2861.5350247456495, 'sigma2': 1665333.4382120294}"
1597,37,51,243.47275828723366,"(0, 0, 0)","(0, 0, 0, 0)","{'const': 2820.000682969322, 'sigma2': 1576646.639381343}"
1598,37,52,262.67673111572685,"(0, 0, 0)","(0, 0, 0, 0)","{'const': 2663.999269440515, 'sigma2': 1810916.6696890446}"
1599,37,53,281.74295697209885,"(0, 0, 0)","(0, 0, 0, 0)","{'const': 2812.500000000001, 'sigma2': 2031528.2902980791}"
1600,37,54,298.46009242786363,"(0, 0, 0)","(0, 0, 0, 0)","{'const': 2759.999791384993, 'sigma2': 1947026.5449934644}"
1601,37,55,316.5504009307091,"(0, 0, 0)","(0, 0, 0, 0)","{'const': 2653.334405189867, 'sigma2': 2023271.6948506697}"
1602,37,56,332.8955611596227,"(0, 0, 0)","(0, 0, 0, 0)","{'const': 2646.315789473685, 'sigma2': 1935426.9292496566}"
1603,37,57,349.78259338430894,"(0, 0, 0)","(0, 0, 0, 0)","{'const': 2592.002377776708, 'sigma2': 1893536.1160382596}"
1604,37,58,366.73942014564494,"(0, 0, 0)","(0, 0, 0, 0)","{'const': 2537.1426858644018, 'sigma2': 1877919.529774848}"
1605,37,59,385.65889345433914,"(0, 0, 0)","(0, 0, 0, 0)","{'const': 2432.728458945128, 'sigma2': 2017205.5424275103}"
1606,37,60,402.18339611968156,"(0, 0, 0)","(0, 0, 0, 0)","{'const': 2405.217246421811, 'sigma2': 1943073.9867949607}"
1607,37,61,421.01252229582036,"(0, 0, 0)","(0, 0, 0, 0)","{'const': 2500.0091787061556, 'sigma2': 2049239.5365393618}"
1608,37,62,428.9562192562465,"(2, 1, 0)","(0, 0, 0, 0)","{'ar.L1': -0.6750454170876542, 'ar.L2': -0.46588558838126387, 'sigma2': 2524784.2917260476}"
1609,37,63,445.7121827568785,"(2, 1, 0)","(0, 0, 0, 0)","{'ar.L1': -0.6622105853398236, 'ar.L2': -0.4811466315657555, 'sigma2': 2433725.6736560157}"
1610,37,64,462.3695843727566,"(2, 1, 0)","(0, 0, 0, 0)","{'ar.L1': -0.6729344784392353, 'ar.L2': -0.5018552600280863, 'sigma2': 2337540.2132300814}"
1611,37,65,478.89076985836857,"(2, 1, 0)","(0, 0, 0, 0)","{'ar.L1': -0.6796227690277247, 'ar.L2': -0.505493024631128, 'sigma2': 2244822.8699099645}"
1612,37,66,496.5968299532625,"(2, 1, 0)","(0, 0, 0, 0)","{'ar.L1': -0.6666363707173457, 'ar.L2': -0.5299833593395804, 'sigma2': 2261148.984610697}"
1613,37,67,513.1239839755799,"(2, 1, 0)","(0, 0, 0, 0)","{'ar.L1': -0.6574063403785055, 'ar.L2': -0.5217296511312157, 'sigma2': 2188352.112841563}"
1614,37,68,529.6484344465306,"(2, 1, 0)","(0, 0, 0, 0)","{'ar.L1': -0.6621953649790708, 'ar.L2': -0.5181753602590092, 'sigma2': 2117780.358223142}"
1615,38,46,141.5380376696569,"(1, 0, 0)","(0, 0, 0, 0)","(108.57142857142858, 2259.9999999999995)"
1616,38,47,157.42028358312214,"(1, 0, 0)","(0, 0, 0, 0)","(107.99999999999994, 2261.333333333333)"
1617,38,48,176.76322516035535,"(1, 0, 0)","(0, 0, 0, 0)","(252.36363636363646, 1876.3636363636351)"
1618,38,49,194.21662624084973,"(1, 0, 0)","(0, 0, 0, 0)","(172.3636363636363, 2116.3636363636365)"
1619,38,50,211.48662015382916,"(1, 0, 0)","(0, 0, 0, 0)","(110.34965034965033, 2323.0769230769233)"
1620,38,51,226.93778790011257,"(0, 0, 0)","(0, 0, 0, 0)","{'const': 2879.99987939898, 'sigma2': 1638660.2096687364}"
1621,38,52,246.18035112930414,"(0, 0, 0)","(0, 0, 0, 0)","{'const': 2708.571428571429, 'sigma2': 1908800.3730531263}"
1622,38,53,265.0544040470024,"(0, 0, 0)","(0, 0, 0, 0)","{'const': 2864.0, 'sigma2': 2114125.5115738288}"
1623,38,54,281.8409367980523,"(0, 0, 0)","(0, 0, 0, 0)","{'const': 2805.0000000000014, 'sigma2': 2045902.6269089354}"
1624,38,55,299.9720472423222,"(0, 0, 0)","(0, 0, 0, 0)","{'const': 2689.4117647058824, 'sigma2': 2134067.5063143102}"
1625,38,56,316.3670403455608,"(0, 0, 0)","(0, 0, 0, 0)","{'const': 2679.999999999999, 'sigma2': 2003241.9876850385}"
1626,38,57,333.3059892211009,"(0, 0, 0)","(0, 0, 0, 0)","{'const': 2621.052236211906, 'sigma2': 1965746.5688323195}"
1627,38,58,350.30755248673336,"(0, 0, 0)","(0, 0, 0, 0)","{'const': 2562.000067152085, 'sigma2': 1945001.3831654976}"
1628,38,59,369.2102325590793,"(0, 0, 0)","(0, 0, 0, 0)","{'const': 2451.4285714285706, 'sigma2': 2100001.023692463}"
1629,38,60,385.77969789863334,"(0, 0, 0)","(0, 0, 0, 0)","{'const': 2421.8179136421504, 'sigma2': 2020926.8828796847}"
1630,38,61,404.5126930456039,"(0, 0, 0)","(0, 0, 0, 0)","{'const': 2519.9999999999995, 'sigma2': 2133097.7472301815}"
1631,38,62,421.1472401104485,"(0, 0, 0)","(0, 0, 0, 0)","{'const': 2489.994704554182, 'sigma2': 2091935.9668764698}"
1632,38,63,426.88801061000015,"(2, 1, 0)","(0, 0, 0, 0)","{'ar.L1': -0.6916825446884242, 'ar.L2': -0.5524696953922024, 'sigma2': 2407445.653615505}"
1633,38,64,443.4372510447567,"(2, 1, 0)","(0, 0, 0, 0)","{'ar.L1': -0.6986890654279063, 'ar.L2': -0.5655284670648545, 'sigma2': 2311169.792888361}"
1634,38,65,459.9127716370003,"(2, 1, 0)","(0, 0, 0, 0)","{'ar.L1': -0.7041826103220991, 'ar.L2': -0.5682835245946872, 'sigma2': 2216511.1042273054}"
1635,38,66,477.4988654047225,"(2, 1, 0)","(0, 0, 0, 0)","{'ar.L1': -0.6917658522123855, 'ar.L2': -0.5910907845269868, 'sigma2': 2235509.69053367}"
1636,38,67,494.04336799346464,"(2, 1, 0)","(0, 0, 0, 0)","{'ar.L1': -0.6788803156001524, 'ar.L2': -0.5793137767069986, 'sigma2': 2157585.965844518}"
1637,38,68,510.5620613024147,"(2, 1, 0)","(0, 0, 0, 0)","{'ar.L1': -0.6841403427657862, 'ar.L2': -0.5748364122831761, 'sigma2': 2085637.439442391}"
1638,39,47,141.23294839292888,"(1, 0, 0)","(0, 0, 0, 0)","(161.42857142857147, 2119.999999999999)"
1639,39,48,159.90279232508288,"(1, 0, 0)","(0, 0, 0, 0)","(325.9999999999999, 1736.0000000000002)"
1640,39,49,177.7031994606508,"(1, 0, 0)","(0, 0, 0, 0)","(215.2727272727272, 2031.2727272727266)"
1641,39,50,195.16372630392078,"(1, 0, 0)","(0, 0, 0, 0)","(134.18181818181822, 2274.5454545454554)"
1642,39,51,212.2455391516246,"(1, 0, 0)","(0, 0, 0, 0)","(77.6223776223776, 2463.076923076923)"
1643,39,52,229.8438501185542,"(0, 0, 0)","(0, 0, 0, 0)","{'const': 2704.6153846153857, 'sigma2': 2060456.4941275946}"
1644,39,53,248.6117666014895,"(0, 0, 0)","(0, 0, 0, 0)","{'const': 2871.427954930262, 'sigma2': 2280570.8966415985}"
1645,39,54,265.4429761898758,"(0, 0, 0)","(0, 0, 0, 0)","{'const': 2808.001554084101, 'sigma2': 2182630.571145289}"
1646,39,55,283.5296206236194,"(0, 0, 0)","(0, 0, 0, 0)","{'const': 2685.000000000001, 'sigma2': 2258447.3922643065}"
1647,39,56,299.98158535927047,"(0, 0, 0)","(0, 0, 0, 0)","{'const': 2675.296627340832, 'sigma2': 2135478.211377684}"
1648,39,57,316.93745380367625,"(0, 0, 0)","(0, 0, 0, 0)","{'const': 2613.3333333333326, 'sigma2': 2077168.0032444675}"
1649,39,58,333.9470701918895,"(0, 0, 0)","(0, 0, 0, 0)","{'const': 2551.580838082012, 'sigma2': 2055556.6152955852}"
1650,39,59,352.7494245926396,"(0, 0, 0)","(0, 0, 0, 0)","{'const': 2435.987291361561, 'sigma2': 2198442.303389418}"
1651,39,60,369.3461348845535,"(0, 0, 0)","(0, 0, 0, 0)","{'const': 2405.714285714285, 'sigma2': 2111318.0430188733}"
1652,39,61,388.0500125933929,"(0, 0, 0)","(0, 0, 0, 0)","{'const': 2509.087280672673, 'sigma2': 2233791.855616953}"
1653,39,62,404.70959410049005,"(0, 0, 0)","(0, 0, 0, 0)","{'const': 2478.262088610195, 'sigma2': 2178199.2272894112}"
1654,39,63,421.4047977332576,"(0, 0, 0)","(0, 0, 0, 0)","{'const': 2444.9925718036916, 'sigma2': 2065751.150388412}"
1655,39,64,426.21972861156013,"(2, 1, 0)","(0, 0, 0, 0)","{'ar.L1': -0.7322420772474637, 'ar.L2': -0.5055839577098449, 'sigma2': 2415646.8986848244}"
1656,39,65,442.70027782713817,"(2, 1, 0)","(0, 0, 0, 0)","{'ar.L1': -0.7357538317279366, 'ar.L2': -0.5083088348756347, 'sigma2': 2312202.80044342}"
1657,39,66,460.5268444850742,"(2, 1, 0)","(0, 0, 0, 0)","{'ar.L1': -0.7219962425602778, 'ar.L2': -0.5337227028674053, 'sigma2': 2328512.198871032}"
1658,39,67,477.0736496837753,"(2, 1, 0)","(0, 0, 0, 0)","{'ar.L1': -0.7097342838239602, 'ar.L2': -0.5232883483864189, 'sigma2': 2243843.084240025}"
1659,39,68,493.55296950735044,"(2, 1, 0)","(0, 0, 0, 0)","{'ar.L1': -0.7135222177821259, 'ar.L2': -0.5207190852070136, 'sigma2': 2165747.952435761}"
1660,40,48,138.10945687182286,"(1, 0, 0)","(0, 0, 0, 0)","(551.4285714285712, 1009.9999999999995)"
1661,40,49,158.29594208126073,"(1, 0, 0)","(0, 0, 0, 0)","(366.0, 1442.666666666666)"
1662,40,50,176.81557383689446,"(1, 0, 0)","(0, 0, 0, 0)","(238.54545454545467, 1782.545454545453)"
1663,40,51,194.46603733362116,"(1, 0, 0)","(0, 0, 0, 0)","(152.72727272727275, 2040.0000000000002)"
1664,40,52,214.73293758086552,"(1, 0, 0)","(0, 0, 0, 0)","(28.111888111888163, 2455.3846153846152)"
1665,40,53,231.6823601122908,"(0, 0, 0)","(0, 0, 0, 0)","{'const': 2796.9227566452278, 'sigma2': 2370145.6435551126}"
1666,40,54,248.48032248272486,"(0, 0, 0)","(0, 0, 0, 0)","{'const': 2734.2857142857147, 'sigma2': 2245740.3474238566}"
1667,40,55,266.4272083774943,"(0, 0, 0)","(0, 0, 0, 0)","{'const': 2608.001695207256, 'sigma2': 2350239.299534487}"
1668,40,56,282.8918337022733,"(0, 0, 0)","(0, 0, 0, 0)","{'const': 2602.500131701364, 'sigma2': 2182162.7608674527}"
1669,40,57,299.78433785326695,"(0, 0, 0)","(0, 0, 0, 0)","{'const': 2541.1762198284478, 'sigma2': 2099519.0956084062}"
1670,40,58,316.72095625624064,"(0, 0, 0)","(0, 0, 0, 0)","{'const': 2479.99884568331, 'sigma2': 2043188.631544948}"
1671,40,59,335.36516440293354,"(0, 0, 0)","(0, 0, 0, 0)","{'const': 2362.105263157895, 'sigma2': 2177472.839043176}"
1672,40,60,351.92224366754147,"(0, 0, 0)","(0, 0, 0, 0)","{'const': 2333.999999999999, 'sigma2': 2108075.4730409733}"
1673,40,61,370.7616377240218,"(0, 0, 0)","(0, 0, 0, 0)","{'const': 2445.714315536857, 'sigma2': 2245337.651091933}"
1674,40,62,387.3892223793167,"(0, 0, 0)","(0, 0, 0, 0)","{'const': 2416.3640437666336, 'sigma2': 2195051.936839836}"
1675,40,63,404.0406326443861,"(0, 0, 0)","(0, 0, 0, 0)","{'const': 2384.344900522746, 'sigma2': 2099321.076670039}"
1676,40,64,421.24890873197774,"(0, 0, 0)","(0, 0, 0, 0)","{'const': 2439.9998557313297, 'sigma2': 2080985.859712621}"
1677,40,65,424.97017052042366,"(2, 1, 0)","(0, 0, 0, 0)","{'ar.L1': -0.6864750581275114, 'ar.L2': -0.569251258301691, 'sigma2': 2293773.850145798}"
1678,40,66,442.5057077661607,"(2, 1, 0)","(0, 0, 0, 0)","{'ar.L1': -0.6725793088754682, 'ar.L2': -0.5950388021886099, 'sigma2': 2297318.7290709964}"
1679,40,67,459.02853624004314,"(2, 1, 0)","(0, 0, 0, 0)","{'ar.L1': -0.659532202183209, 'ar.L2': -0.5831797166105318, 'sigma2': 2213516.017866823}"
1680,40,68,475.55186388611514,"(2, 1, 0)","(0, 0, 0, 0)","{'ar.L1': -0.6656927614709367, 'ar.L2': -0.5776301016494934, 'sigma2': 2136810.044982518}"
1681,41,49,142.05782845032974,"(1, 0, 0)","(0, 0, 0, 0)","(314.2857142857142, 2049.9999999999995)"
1682,41,50,160.05459789604234,"(1, 0, 0)","(0, 0, 0, 0)","(170.0000000000001, 2386.6666666666665)"
1683,41,51,177.2739051861492,"(1, 0, 0)","(0, 0, 0, 0)","(80.72727272727276, 2624.7272727272716)"
1684,41,52,196.81472612313854,"(1, 0, 0)","(0, 0, 0, 0)","(-53.454545454545304, 3027.272727272727)"
1685,41,53,215.47140449339184,"(1, 0, 0)","(0, 0, 0, 0)","(46.573426573426595, 2693.8461538461534)"
1686,41,54,230.4982816458509,"(0, 0, 0)","(0, 0, 0, 0)","{'const': 2870.7692307692314, 'sigma2': 2155307.6020677234}"
1687,41,55,248.67511218462164,"(0, 0, 0)","(0, 0, 0, 0)","{'const': 2725.7150488228463, 'sigma2': 2256119.3094198853}"
1688,41,56,265.1352342721877,"(0, 0, 0)","(0, 0, 0, 0)","{'const': 2711.999670826562, 'sigma2': 2114075.5852959426}"
1689,41,57,282.12278274994276,"(0, 0, 0)","(0, 0, 0, 0)","{'const': 2640.000000000001, 'sigma2': 2074377.8468931457}"
1690,41,58,299.1568730032263,"(0, 0, 0)","(0, 0, 0, 0)","{'const': 2569.4117647058824, 'sigma2': 2057648.334575896}"
1691,41,59,317.9795367137319,"(0, 0, 0)","(0, 0, 0, 0)","{'const': 2439.999804220225, 'sigma2': 2212637.303859028}"
1692,41,60,334.5819026268134,"(0, 0, 0)","(0, 0, 0, 0)","{'const': 2406.3130234514115, 'sigma2': 2134382.735647426}"
1693,41,61,353.2671554531775,"(0, 0, 0)","(0, 0, 0, 0)","{'const': 2519.999999999999, 'sigma2': 2249834.454263433}"
1694,41,62,369.9353190630225,"(0, 0, 0)","(0, 0, 0, 0)","{'const': 2485.7124490895267, 'sigma2': 2168710.6415747595}"
1695,41,63,386.63539796646427,"(0, 0, 0)","(0, 0, 0, 0)","{'const': 2449.0909537414545, 'sigma2': 2086287.251223919}"
1696,41,64,403.7640351061105,"(0, 0, 0)","(0, 0, 0, 0)","{'const': 2504.354830901963, 'sigma2': 2071798.3207139529}"
1697,41,65,420.1808532745332,"(0, 0, 0)","(0, 0, 0, 0)","{'const': 2489.9997450999335, 'sigma2': 1987797.0798946875}"
1698,41,66,425.5107686192186,"(2, 1, 0)","(0, 0, 0, 0)","{'ar.L1': -0.6727531410219199, 'ar.L2': -0.5726378762948643, 'sigma2': 2356403.685413575}"
1699,41,67,442.03359856525606,"(2, 1, 0)","(0, 0, 0, 0)","{'ar.L1': -0.6605925067412096, 'ar.L2': -0.5622689333876079, 'sigma2': 2266856.3265251154}"
1700,41,68,458.5511533329255,"(2, 1, 0)","(0, 0, 0, 0)","{'ar.L1': -0.6663982072061738, 'ar.L2': -0.5576195760614149, 'sigma2': 2185957.9513947503}"
1701,42,50,143.86945605099598,"(1, 0, 0)","(0, 0, 0, 0)","(158.57142857142847, 2609.9999999999995)"
1702,42,51,160.99246229038454,"(1, 0, 0)","(0, 0, 0, 0)","(52.00000000000035, 2858.666666666664)"
1703,42,52,180.0417504207196,"(1, 0, 0)","(0, 0, 0, 0)","(-103.27272727272711, 3272.7272727272707)"
1704,42,53,198.87233720957437,"(1, 0, 0)","(0, 0, 0, 0)","(24.000000000000078, 2890.909090909091)"
1705,42,54,215.8388004209572,"(1, 0, 0)","(0, 0, 0, 0)","(-23.496503496503394, 3049.230769230768)"
1706,42,55,232.0736423702145,"(0, 0, 0)","(0, 0, 0, 0)","{'const': 2760.001204961658, 'sigma2': 2431479.5535297706}"
1707,42,56,248.60384794546076,"(0, 0, 0)","(0, 0, 0, 0)","{'const': 2742.856808829806, 'sigma2': 2264046.184301328}"
1708,42,57,265.64561726822404,"(0, 0, 0)","(0, 0, 0, 0)","{'const': 2663.9979520025945, 'sigma2': 2208981.85636796}"
1709,42,58,282.72255087764313,"(0, 0, 0)","(0, 0, 0, 0)","{'const': 2587.501791158876, 'sigma2': 2169111.594790951}"
1710,42,59,301.4969454235898,"(0, 0, 0)","(0, 0, 0, 0)","{'const': 2449.411638808812, 'sigma2': 2353994.019352883}"
1711,42,60,318.1471186903962,"(0, 0, 0)","(0, 0, 0, 0)","{'const': 2413.3352970770648, 'sigma2': 2228943.415223871}"
1712,42,61,336.75272156620827,"(0, 0, 0)","(0, 0, 0, 0)","{'const': 2532.6315789473692, 'sigma2': 2363577.7904095426}"
1713,42,62,353.4667115406818,"(0, 0, 0)","(0, 0, 0, 0)","{'const': 2496.000509844581, 'sigma2': 2289186.996901693}"
1714,42,63,370.20667066766714,"(0, 0, 0)","(0, 0, 0, 0)","{'const': 2457.1328346315922, 'sigma2': 2174904.1963727693}"
1715,42,64,387.33661227738287,"(0, 0, 0)","(0, 0, 0, 0)","{'const': 2514.547508977632, 'sigma2': 2164502.770696255}"
1716,42,65,403.79709907916947,"(0, 0, 0)","(0, 0, 0, 0)","{'const': 2499.137444574094, 'sigma2': 2085921.8640599889}"
1717,42,66,422.04785522896185,"(0, 0, 0)","(0, 0, 0, 0)","{'const': 2415.000193309122, 'sigma2': 2154726.033392669}"
1718,42,67,427.74566903644825,"(2, 1, 0)","(0, 0, 0, 0)","{'ar.L1': -0.6282945096728525, 'ar.L2': -0.5353862198960451, 'sigma2': 2382397.2602224043}"
1719,42,68,444.359624798127,"(2, 1, 0)","(0, 0, 0, 0)","{'ar.L1': -0.634747405819183, 'ar.L2': -0.5310075071896491, 'sigma2': 2294000.333536622}"
1720,43,51,142.52242649010356,"(1, 0, 0)","(0, 0, 0, 0)","(-112.85714285714307, 3680.0)"
1721,43,52,160.6919773271834,"(1, 0, 0)","(0, 0, 0, 0)","(-265.99999999999943, 4037.333333333329)"
1722,43,53,180.82496333293992,"(1, 0, 0)","(0, 0, 0, 0)","(-80.72727272727258, 3543.272727272725)"
1723,43,54,197.4748702280679,"(1, 0, 0)","(0, 0, 0, 0)","(-117.81818181818183, 3654.545454545456)"
1724,43,55,214.6448062930536,"(1, 0, 0)","(0, 0, 0, 0)","(-176.22377622377599, 3849.2307692307672)"
1725,43,56,231.17040106454343,"(0, 0, 0)","(0, 0, 0, 0)","{'const': 2852.309404551034, 'sigma2': 2285780.117774971}"
1726,43,57,248.32433277908908,"(0, 0, 0)","(0, 0, 0, 0)","{'const': 2760.0041478729995, 'sigma2': 2195387.5134806945}"
1727,43,58,265.50471089889027,"(0, 0, 0)","(0, 0, 0, 0)","{'const': 2672.0, 'sigma2': 2192069.219818305}"
1728,43,59,284.4108250049287,"(0, 0, 0)","(0, 0, 0, 0)","{'const': 2520.000000000001, 'sigma2': 2421837.0460288227}"
1729,43,60,301.11998759069195,"(0, 0, 0)","(0, 0, 0, 0)","{'const': 2477.6470588235297, 'sigma2': 2274483.9078554465}"
1730,43,61,319.57956909693365,"(0, 0, 0)","(0, 0, 0, 0)","{'const': 2599.9937581039812, 'sigma2': 2395243.679179637}"
1731,43,62,336.3481717035893,"(0, 0, 0)","(0, 0, 0, 0)","{'const': 2557.901092212703, 'sigma2': 2315673.047026378}"
1732,43,63,353.14475961409437,"(0, 0, 0)","(0, 0, 0, 0)","{'const': 2514.006491542568, 'sigma2': 2237517.6912792586}"
1733,43,64,370.21984814325026,"(0, 0, 0)","(0, 0, 0, 0)","{'const': 2571.422635245247, 'sigma2': 2169050.310191641}"
1734,43,65,386.711301866094,"(0, 0, 0)","(0, 0, 0, 0)","{'const': 2552.727082170603, 'sigma2': 2111068.762429293}"
1735,43,66,405.0455991599524,"(0, 0, 0)","(0, 0, 0, 0)","{'const': 2462.6031068383463, 'sigma2': 2219681.85721629}"
1736,43,67,421.5416756089297,"(0, 0, 0)","(0, 0, 0, 0)","{'const': 2444.992530358012, 'sigma2': 2080106.7328882182}"
1737,43,68,425.2857232916657,"(2, 1, 0)","(0, 0, 0, 0)","{'ar.L1': -0.6761982940036178, 'ar.L2': -0.6111775653850637, 'sigma2': 2053505.6959618463}"
1738,44,52,140.76598327848683,"(1, 0, 0)","(0, 0, 0, 0)","(-467.142857142857, 4709.999999999999)"
1739,44,53,163.06230463035277,"(1, 0, 0)","(0, 0, 0, 0)","(-196.0, 4077.3333333333317)"
1740,44,54,179.51059824300984,"(1, 0, 0)","(0, 0, 0, 0)","(-217.4545454545456, 4134.545454545454)"
1741,44,55,196.2718290801473,"(1, 0, 0)","(0, 0, 0, 0)","(-268.36363636363615, 4287.272727272727)"
1742,44,56,213.0791467249738,"(1, 0, 0)","(0, 0, 0, 0)","(-222.7972027972028, 4135.384615384615)"
1743,44,57,231.6720490530098,"(0, 0, 0)","(0, 0, 0, 0)","{'const': 2806.153846153847, 'sigma2': 2368154.5644137016}"
1744,44,58,248.91622047295513,"(0, 0, 0)","(0, 0, 0, 0)","{'const': 2708.573305987073, 'sigma2': 2324686.534020929}"
1745,44,59,267.79790180402,"(0, 0, 0)","(0, 0, 0, 0)","{'const': 2544.0053925386474, 'sigma2': 2534070.843073797}"
1746,44,60,284.56805227748526,"(0, 0, 0)","(0, 0, 0, 0)","{'const': 2497.500000000001, 'sigma2': 2423611.3312445404}"
1747,44,61,302.93824158139023,"(0, 0, 0)","(0, 0, 0, 0)","{'const': 2625.879222436627, 'sigma2': 2539950.6969616036}"
1748,44,62,319.76090058957516,"(0, 0, 0)","(0, 0, 0, 0)","{'const': 2579.999999999999, 'sigma2': 2423850.3482310707}"
1749,44,63,336.605901798684,"(0, 0, 0)","(0, 0, 0, 0)","{'const': 2532.6380214999344, 'sigma2': 2346325.0773323667}"
1750,44,64,353.67989876901095,"(0, 0, 0)","(0, 0, 0, 0)","{'const': 2592.0463155871544, 'sigma2': 2263304.224294787}"
1751,44,65,370.2197824358812,"(0, 0, 0)","(0, 0, 0, 0)","{'const': 2571.425486617782, 'sigma2': 2169655.148222113}"
1752,44,66,388.5432603127192,"(0, 0, 0)","(0, 0, 0, 0)","{'const': 2476.3636363636365, 'sigma2': 2299833.0710331905}"
1753,44,67,405.0833129466051,"(0, 0, 0)","(0, 0, 0, 0)","{'const': 2457.3833590233426, 'sigma2': 2177413.5553816315}"
1754,44,68,421.9673160318861,"(0, 0, 0)","(0, 0, 0, 0)","{'const': 2415.0000000000005, 'sigma2': 2146858.3034895207}"
1755,45,53,146.21003812980038,"(1, 0, 0)","(0, 0, 0, 0)","(-118.5714285714288, 3520.0000000000014)"
1756,45,54,162.7994916939183,"(1, 0, 0)","(0, 0, 0, 0)","(-161.99999999999986, 3621.3333333333308)"
1757,45,55,179.74169780755133,"(1, 0, 0)","(0, 0, 0, 0)","(-234.18181818181813, 3813.8181818181793)"
1758,45,56,196.46097009482367,"(1, 0, 0)","(0, 0, 0, 0)","(-186.5454545454543, 3670.90909090909)"
1759,45,57,212.73284512594748,"(1, 0, 0)","(0, 0, 0, 0)","(-188.81118881118857, 3678.4615384615363)"
1760,45,58,230.34653102486183,"(0, 0, 0)","(0, 0, 0, 0)","{'const': 2547.6907629891707, 'sigma2': 2134641.473852524}"
1761,45,59,249.01715029267257,"(0, 0, 0)","(0, 0, 0, 0)","{'const': 2382.858703534209, 'sigma2': 2346303.882636413}"
1762,45,60,265.62818557487526,"(0, 0, 0)","(0, 0, 0, 0)","{'const': 2344.0, 'sigma2': 2207010.0781306755}"
1763,45,61,284.34505683361607,"(0, 0, 0)","(0, 0, 0, 0)","{'const': 2490.0054083065106, 'sigma2': 2418316.9314154875}"
1764,45,62,301.03324445463124,"(0, 0, 0)","(0, 0, 0, 0)","{'const': 2449.411764705883, 'sigma2': 2285314.9902983536}"
1765,45,63,317.73635540265985,"(0, 0, 0)","(0, 0, 0, 0)","{'const': 2406.6665507682574, 'sigma2': 2194437.8333863136}"
1766,45,64,334.91555039785754,"(0, 0, 0)","(0, 0, 0, 0)","{'const': 2475.7892851317365, 'sigma2': 2152344.3947338522}"
1767,45,65,351.35327404654043,"(0, 0, 0)","(0, 0, 0, 0)","{'const': 2459.994056625334, 'sigma2': 2026137.712355991}"
1768,45,66,369.5324066675757,"(0, 0, 0)","(0, 0, 0, 0)","{'const': 2365.71342111031, 'sigma2': 2131919.4393783435}"
1769,45,67,385.9656006462636,"(0, 0, 0)","(0, 0, 0, 0)","{'const': 2350.90933616753, 'sigma2': 2046390.430853995}"
1770,45,68,402.71159383034325,"(0, 0, 0)","(0, 0, 0, 0)","{'const': 2311.304347826087, 'sigma2': 2003996.7132453693}"
1771,46,54,146.05974840095098,"(1, 0, 0)","(0, 0, 0, 0)","(-228.5714285714288, 3770.0000000000005)"
1772,46,55,162.86158206120248,"(1, 0, 0)","(0, 0, 0, 0)","(-301.99999999999983, 3941.3333333333317)"
1773,46,56,179.78473121633078,"(1, 0, 0)","(0, 0, 0, 0)","(-231.27272727272722, 3752.7272727272702)"
1774,46,57,196.12002137522677,"(1, 0, 0)","(0, 0, 0, 0)","(-225.8181818181816, 3736.3636363636365)"
1775,46,58,212.37393486621846,"(1, 0, 0)","(0, 0, 0, 0)","(-218.6013986013986, 3712.3076923076915)"
1776,46,59,232.31513812494964,"(0, 0, 0)","(0, 0, 0, 0)","{'const': 2335.3846153846166, 'sigma2': 2494430.374553753}"
1777,46,60,248.9552787820547,"(0, 0, 0)","(0, 0, 0, 0)","{'const': 2297.143136477164, 'sigma2': 2334023.9161601774}"
1778,46,61,267.6804402526445,"(0, 0, 0)","(0, 0, 0, 0)","{'const': 2456.0053512676004, 'sigma2': 2512092.774566369}"
1779,46,62,284.3973964185278,"(0, 0, 0)","(0, 0, 0, 0)","{'const': 2415.000000000001, 'sigma2': 2421249.218854809}"
1780,46,63,301.1147626418248,"(0, 0, 0)","(0, 0, 0, 0)","{'const': 2371.7702528316277, 'sigma2': 2275212.3718539192}"
1781,46,64,318.3435027997742,"(0, 0, 0)","(0, 0, 0, 0)","{'const': 2446.666613385272, 'sigma2': 2250535.2152915327}"
1782,46,65,334.81651384475487,"(0, 0, 0)","(0, 0, 0, 0)","{'const': 2431.576087073208, 'sigma2': 2145045.8180441153}"
1783,46,66,352.91142201355194,"(0, 0, 0)","(0, 0, 0, 0)","{'const': 2333.993584989069, 'sigma2': 2214430.770858075}"
1784,46,67,369.371522177632,"(0, 0, 0)","(0, 0, 0, 0)","{'const': 2319.999999999999, 'sigma2': 2113454.406435966}"
1785,46,68,386.11124584534934,"(0, 0, 0)","(0, 0, 0, 0)","{'const': 2280.0001511556557, 'sigma2': 2051524.2625791766}"
1786,47,55,145.91832509250384,"(1, 0, 0)","(0, 0, 0, 0)","(-389.9999999999999, 4049.999999999999)"
1787,47,56,163.08389013524757,"(1, 0, 0)","(0, 0, 0, 0)","(-283.9999999999999, 3802.666666666664)"
1788,47,57,179.5160701043174,"(1, 0, 0)","(0, 0, 0, 0)","(-266.90909090909093, 3757.0909090909067)"
1789,47,58,195.8653971884342,"(1, 0, 0)","(0, 0, 0, 0)","(-250.90909090909082, 3709.0909090909086)"
1790,47,59,212.29068703307448,"(1, 0, 0)","(0, 0, 0, 0)","(-278.1818181818182, 3799.9999999999995)"
1791,47,60,232.1271362646157,"(0, 0, 0)","(0, 0, 0, 0)","{'const': 2233.846153846155, 'sigma2': 2446366.169884186}"
1792,47,61,250.89214463397582,"(0, 0, 0)","(0, 0, 0, 0)","{'const': 2408.5714285714284, 'sigma2': 2691748.990215841}"
1793,47,62,267.63019042673125,"(0, 0, 0)","(0, 0, 0, 0)","{'const': 2368.0, 'sigma2': 2501259.1667770934}"
1794,47,63,284.36152800857053,"(0, 0, 0)","(0, 0, 0, 0)","{'const': 2325.000000000001, 'sigma2': 2419349.2711808793}"
1795,47,64,301.6491015900406,"(0, 0, 0)","(0, 0, 0, 0)","{'const': 2407.0588235294126, 'sigma2': 2366469.2575916485}"
1796,47,65,318.1546689485615,"(0, 0, 0)","(0, 0, 0, 0)","{'const': 2393.333270069277, 'sigma2': 2229730.219244461}"
1797,47,66,336.1585030631258,"(0, 0, 0)","(0, 0, 0, 0)","{'const': 2292.631578947369, 'sigma2': 2292319.4321216657}"
1798,47,67,352.6426760528901,"(0, 0, 0)","(0, 0, 0, 0)","{'const': 2279.9999999999995, 'sigma2': 2187796.587603425}"
1799,47,68,369.37152218115136,"(0, 0, 0)","(0, 0, 0, 0)","{'const': 2239.9935447514936, 'sigma2': 2113454.508313668}"
1800,48,56,143.17375756587225,"(1, 0, 0)","(0, 0, 0, 0)","(-61.42857142857147, 2479.9999999999995)"
1801,48,57,159.3385937673165,"(1, 0, 0)","(0, 0, 0, 0)","(-89.99999999999989, 2546.6666666666656)"
1802,48,58,175.36610313995823,"(1, 0, 0)","(0, 0, 0, 0)","(-106.18181818181806, 2589.8181818181797)"
1803,48,59,192.153825448529,"(1, 0, 0)","(0, 0, 0, 0)","(-164.72727272727283, 2765.4545454545464)"
1804,48,60,208.446501679692,"(1, 0, 0)","(0, 0, 0, 0)","(-132.16783216783222, 2656.923076923077)"
1805,48,61,228.67360747236216,"(0, 0, 0)","(0, 0, 0, 0)","{'const': 2141.538948487448, 'sigma2': 1868711.9806145332}"
1806,48,62,244.9807589619373,"(0, 0, 0)","(0, 0, 0, 0)","{'const': 2117.1441183169854, 'sigma2': 1757890.9923527667}"
1807,48,63,261.26748413724664,"(0, 0, 0)","(0, 0, 0, 0)","{'const': 2088.0017083648277, 'sigma2': 1649452.500122081}"
1808,48,64,278.928472758337,"(0, 0, 0)","(0, 0, 0, 0)","{'const': 2189.9999023947917, 'sigma2': 1707373.8717908617}"
1809,48,65,295.08188564263395,"(0, 0, 0)","(0, 0, 0, 0)","{'const': 2188.228176291434, 'sigma2': 1583899.9873109534}"
1810,48,66,312.7102067186574,"(2, 0, 0)","(0, 0, 0, 0)","{'const': 2120.872016346433, 'ar.L1': -0.3017156717052256, 'ar.L2': -0.4165380399449548, 'sigma2': 1295487.5750938887}"
1811,48,67,328.79723946539815,"(2, 0, 0)","(0, 0, 0, 0)","{'const': 2099.2063853439604, 'ar.L1': -0.27232823619136126, 'ar.L2': -0.41293062657138024, 'sigma2': 1233490.7166462163}"
1812,48,68,345.39886679630325,"(0, 0, 0)","(0, 0, 0, 0)","{'const': 2058.0004338302056, 'sigma2': 1510573.8709009534}"
1813,49,57,143.23475771152803,"(1, 0, 0)","(0, 0, 0, 0)","(-80.00000000000003, 2410.0000000000005)"
1814,49,58,159.37512857322784,"(1, 0, 0)","(0, 0, 0, 0)","(-101.99999999999984, 2461.3333333333317)"
1815,49,59,176.1678147310655,"(1, 0, 0)","(0, 0, 0, 0)","(-173.0909090909091, 2650.9090909090896)"
1816,49,60,192.53278538043855,"(1, 0, 0)","(0, 0, 0, 0)","(-133.09090909090898, 2530.909090909091)"
1817,49,61,214.2158130476296,"(1, 0, 0)","(0, 0, 0, 0)","(5.874125874125903, 2067.692307692307)"
1818,49,62,228.5739931438384,"(0, 0, 0)","(0, 0, 0, 0)","{'const': 2076.922533212611, 'sigma2': 1856193.5923532215}"
1819,49,63,244.89609347996168,"(0, 0, 0)","(0, 0, 0, 0)","{'const': 2048.5729634388254, 'sigma2': 1726408.0856221365}"
1820,49,64,262.59362724951677,"(0, 0, 0)","(0, 0, 0, 0)","{'const': 2160.000456733339, 'sigma2': 1793405.4281236187}"
1821,49,65,278.80063890485127,"(0, 0, 0)","(0, 0, 0, 0)","{'const': 2159.9518331952145, 'sigma2': 1679253.182952513}"
1822,49,66,296.41204491300266,"(2, 0, 0)","(0, 0, 0, 0)","{'const': 2097.682549136872, 'ar.L1': -0.3085961838602169, 'ar.L2': -0.4197255532016988, 'sigma2': 1346342.3041072802}"
1823,49,67,312.6078275360269,"(2, 0, 0)","(0, 0, 0, 0)","{'const': 2060.000147525133, 'ar.L1': -0.27969838596333285, 'ar.L2': -0.4114129514574211, 'sigma2': 1416931.0264149674}"
1824,49,68,329.07913993202476,"(0, 0, 0)","(0, 0, 0, 0)","{'const': 2027.3702188780385, 'sigma2': 1588694.1075816494}"
1825,50,58,143.2720663782607,"(1, 0, 0)","(0, 0, 0, 0)","(-108.5714285714286, 2389.9999999999995)"
1826,50,59,160.03888695538313,"(1, 0, 0)","(0, 0, 0, 0)","(-193.99999999999972, 2589.333333333331)"
1827,50,60,176.51148952605823,"(1, 0, 0)","(0, 0, 0, 0)","(-141.81818181818176, 2450.181818181816)"
1828,50,61,197.74995150386098,"(1, 0, 0)","(0, 0, 0, 0)","(24.00000000000006, 1952.7272727272727)"
1829,50,62,214.19880556100233,"(1, 0, 0)","(0, 0, 0, 0)","(7.972027972027997, 2006.1538461538464)"
1830,50,63,228.58126047264412,"(0, 0, 0)","(0, 0, 0, 0)","{'const': 2021.5383670259891, 'sigma2': 1872861.3618396218}"
1831,50,64,246.2880739667533,"(0, 0, 0)","(0, 0, 0, 0)","{'const': 2142.853373311242, 'sigma2': 1932362.7660043454}"
1832,50,65,262.5598842389162,"(0, 0, 0)","(0, 0, 0, 0)","{'const': 2144.001729272544, 'sigma2': 1807981.527921437}"
1833,50,66,280.23875927943993,"(0, 0, 0)","(0, 0, 0, 0)","{'const': 2039.999926892812, 'sigma2': 1857940.2988405772}"
1834,50,67,296.4733580187205,"(0, 0, 0)","(0, 0, 0, 0)","{'const': 2039.9999064406238, 'sigma2': 1752060.8997852749}"
1835,50,68,312.85453747422923,"(0, 0, 0)","(0, 0, 0, 0)","{'const': 2006.6701673689981, 'sigma2': 1666314.6816454923}"
1836,51,59,143.77913484552525,"(1, 0, 0)","(0, 0, 0, 0)","(-227.14285714285737, 2550.000000000001)"
1837,51,60,160.3817916947821,"(1, 0, 0)","(0, 0, 0, 0)","(-155.99999999999963, 2383.999999999997)"
1838,51,61,181.20545558840823,"(1, 0, 0)","(0, 0, 0, 0)","(45.818181818182, 1845.8181818181793)"
1839,51,62,197.7573418169846,"(1, 0, 0)","(0, 0, 0, 0)","(22.909090909090878, 1914.545454545455)"
1840,51,63,214.22895122024045,"(1, 0, 0)","(0, 0, 0, 0)","(4.1958041958042935, 1976.9230769230762)"
1841,51,64,229.93525057903713,"(0, 0, 0)","(0, 0, 0, 0)","{'const': 2132.309342285557, 'sigma2': 2074593.582316229}"
1842,51,65,246.27799555561123,"(0, 0, 0)","(0, 0, 0, 0)","{'const': 2134.281948238513, 'sigma2': 1933079.7596710178}"
1843,51,66,263.32745003774767,"(2, 0, 0)","(0, 0, 0, 0)","{'const': 2063.8809323262158, 'ar.L1': -0.2486576956662921, 'ar.L2': -0.5670245698069206, 'sigma2': 1361742.5882551994}"
1844,51,67,279.33563659487925,"(2, 0, 0)","(0, 0, 0, 0)","{'const': 2045.4562216970105, 'ar.L1': -0.2272184929952624, 'ar.L2': -0.5735507802369787, 'sigma2': 1286654.7116747436}"
1845,51,68,296.62305079071194,"(0, 0, 0)","(0, 0, 0, 0)","{'const': 1990.5882352941178, 'sigma2': 1767171.2029051525}"
1846,52,60,140.1821550511496,"(1, 0, 0)","(0, 0, 0, 0)","(-359.99999999999994, 3179.9999999999995)"
1847,52,61,163.48529946989711,"(1, 0, 0)","(0, 0, 0, 0)","(-68.00000000000023, 2498.666666666667)"
1848,52,62,179.9324072064334,"(1, 0, 0)","(0, 0, 0, 0)","(-72.72727272727285, 2511.2727272727266)"
1849,52,63,196.28110618499124,"(1, 0, 0)","(0, 0, 0, 0)","(-77.45454545454542, 2525.4545454545455)"
1850,52,64,214.11683240007812,"(1, 0, 0)","(0, 0, 0, 0)","(1.2587412587411517, 2263.076923076924)"
1851,52,65,228.42554032999035,"(0, 0, 0)","(0, 0, 0, 0)","{'const': 2261.538461538463, 'sigma2': 1839892.8004187355}"
1852,52,66,246.27799547631662,"(0, 0, 0)","(0, 0, 0, 0)","{'const': 2134.28194823422, 'sigma2': 1933078.179890779}"
1853,52,67,262.3075496869909,"(2, 0, 0)","(0, 0, 0, 0)","{'const': 2090.0719551173115, 'ar.L1': -0.06619057507138458, 'ar.L2': -0.5746564935025459, 'sigma2': 1276208.7325201328}"
1854,52,68,279.0193143984745,"(0, 0, 0)","(0, 0, 0, 0)","{'const': 2085.0012811167967, 'sigma2': 1716035.840340378}"
1855,53,61,141.45711091171717,"(1, 0, 0)","(0, 0, 0, 0)","(204.28571428571433, 1159.9999999999998)"
1856,53,62,157.83820675185305,"(1, 0, 0)","(0, 0, 0, 0)","(138.0, 1314.6666666666665)"
1857,53,63,174.09536928995715,"(1, 0, 0)","(0, 0, 0, 0)","(90.18181818181816, 1442.1818181818178)"
1858,53,64,191.00872389484954,"(1, 0, 0)","(0, 0, 0, 0)","(152.72727272727275, 1254.5454545454545)"
1859,53,65,207.16837968296815,"(1, 0, 0)","(0, 0, 0, 0)","(122.93706293706289, 1353.8461538461545)"
1860,53,66,224.56680145548907,"(0, 0, 0)","(0, 0, 0, 0)","{'const': 1910.7664324662728, 'sigma2': 1365266.2326346464}"
1861,53,67,240.5081994156079,"(0, 0, 0)","(0, 0, 0, 0)","{'const': 1919.9999158531389, 'sigma2': 1274896.5473457596}"
1862,53,68,256.5469825337367,"(0, 0, 0)","(0, 0, 0, 0)","{'const': 1888.0, 'sigma2': 1206264.5002835742}"
1863,54,62,141.47693422882182,"(1, 0, 0)","(0, 0, 0, 0)","(202.85714285714272, 1150.0000000000002)"
1864,54,63,157.96144643859847,"(1, 0, 0)","(0, 0, 0, 0)","(130.00000000000009, 1319.9999999999995)"
1865,54,64,174.62956399369588,"(1, 0, 0)","(0, 0, 0, 0)","(197.0909090909091, 1141.0909090909088)"
1866,54,65,190.98195678366545,"(1, 0, 0)","(0, 0, 0, 0)","(153.8181818181818, 1270.9090909090912)"
1867,54,66,210.22775040273442,"(1, 0, 0)","(0, 0, 0, 0)","(58.32167832167829, 1589.230769230769)"
1868,54,67,224.5782399851661,"(0, 0, 0)","(0, 0, 0, 0)","{'const': 1919.999896600513, 'sigma2': 1362975.9197281518}"
1869,54,68,240.67551356549325,"(0, 0, 0)","(0, 0, 0, 0)","{'const': 1885.71473326446, 'sigma2': 1291171.582083881}"
1870,55,63,141.75354958154745,"(1, 0, 0)","(0, 0, 0, 0)","(78.57142857142844, 1690.0000000000007)"
1871,55,64,158.61319604735397,"(1, 0, 0)","(0, 0, 0, 0)","(171.99999999999991, 1472.0000000000002)"
1872,55,65,174.90596735728928,"(1, 0, 0)","(0, 0, 0, 0)","(125.09090909090904, 1597.0909090909088)"
1873,55,66,193.64758369177838,"(1, 0, 0)","(0, 0, 0, 0)","(17.45454545454545, 1920.0000000000005)"
1874,55,67,209.66497653051348,"(1, 0, 0)","(0, 0, 0, 0)","(14.685314685314685, 1929.2307692307693)"
1875,55,68,223.85445711986515,"(0, 0, 0)","(0, 0, 0, 0)","{'const': 1966.1530023568928, 'sigma2': 1296077.926808383}"
1876,56,64,141.34739311498373,"(1, 0, 0)","(0, 0, 0, 0)","(284.2857142857141, 1120.0000000000002)"
1877,56,65,157.98883040546391,"(1, 0, 0)","(0, 0, 0, 0)","(201.99999999999997, 1311.9999999999995)"
1878,56,66,177.2165884477443,"(1, 0, 0)","(0, 0, 0, 0)","(57.45454545454552, 1697.4545454545444)"
1879,56,67,193.31508007097756,"(1, 0, 0)","(0, 0, 0, 0)","(46.90909090909105, 1729.0909090909083)"
1880,56,68,209.63737813650076,"(1, 0, 0)","(0, 0, 0, 0)","(15.94405594405595, 1832.3076923076924)"
1881,57,65,141.9736298808749,"(1, 0, 0)","(0, 0, 0, 0)","(228.5714285714285, 1390.0)"
1882,57,66,161.02689455760733,"(1, 0, 0)","(0, 0, 0, 0)","(46.00000000000009, 1815.9999999999989)"
1883,57,67,177.21330950834252,"(1, 0, 0)","(0, 0, 0, 0)","(35.636363636363676, 1843.6363636363624)"
1884,57,68,193.5542450710886,"(1, 0, 0)","(0, 0, 0, 0)","(1.0909090909091494, 1947.272727272727)"
1885,58,66,144.62911942521743,"(1, 0, 0)","(0, 0, 0, 0)","(5.71428571428574, 2049.9999999999995)"
1886,58,67,160.89881800957542,"(1, 0, 0)","(0, 0, 0, 0)","(2.0000000000002247, 2058.6666666666647)"
1887,58,68,177.22357992716388,"(1, 0, 0)","(0, 0, 0, 0)","(-32.727272727272606, 2151.2727272727257)"
1888,59,67,141.32790499737195,"(1, 0, 0)","(0, 0, 0, 0)","(-192.85714285714283, 2970.0000000000005)"
1889,59,68,157.18393479065995,"(1, 0, 0)","(0, 0, 0, 0)","(-191.9999999999997, 2967.999999999997)"
