,0,1,2,3,4,5
0,0,8,134.2123977413714,"(1, 0, 0)","(0, 0, 0, 0)",
1,0,9,151.3087546196426,"(1, 0, 0)","(0, 0, 0, 0)",
2,0,10,167.80439154246253,"(1, 0, 0)","(0, 0, 0, 0)",
3,0,11,192.27511109916946,"(1, 0, 0)","(0, 0, 0, 0)",
4,0,12,208.59534296157983,"(1, 0, 0)","(0, 0, 0, 0)",
5,0,13,221.06356779251183,<statsmodels.tsa.arima.model.ARIMA object at 0x000002225E783090>,"(0, 0, 0, 0)","const       3094.427273
ar.L1         -0.654143
ar.L2         -0.793869
sigma2    651862.959730
dtype: float64"
6,0,14,239.5033474790834,<statsmodels.tsa.arima.model.ARIMA object at 0x000002225EA24810>,"(0, 0, 0, 0)","const       3171.427404
ar.L1         -0.406917
ar.L2         -0.666386
sigma2    896174.130891
dtype: float64"
7,0,15,254.86713804052107,<statsmodels.tsa.arima.model.ARIMA object at 0x000002225E349BD0>,"(0, 0, 0, 0)","const       3162.191591
ar.L1         -0.408835
ar.L2         -0.663883
sigma2    757890.801831
dtype: float64"
8,0,16,270.9551036269724,<statsmodels.tsa.arima.model.ARIMA object at 0x000002225E99DF50>,"(0, 0, 0, 0)","const       3141.492205
ar.L1         -0.359680
ar.L2         -0.642066
sigma2    790799.197617
dtype: float64"
9,0,17,289.14532198618787,<statsmodels.tsa.arima.model.ARIMA object at 0x000002225EA6CF50>,"(0, 0, 0, 0)","const       3087.982443
ar.L1         -0.340611
ar.L2         -0.557741
sigma2    880007.487578
dtype: float64"
10,0,18,305.2757034315389,<statsmodels.tsa.arima.model.ARIMA object at 0x000002225CF33C90>,"(0, 0, 0, 0)","const       3062.406632
ar.L1         -0.318451
ar.L2         -0.554014
sigma2    863959.410879
dtype: float64"
11,0,19,340.3864600112495,<statsmodels.tsa.arima.model.ARIMA object at 0x000002225EA96590>,"(0, 0, 0, 0)","const     3.200404e+03
ar.L1    -4.353454e-01
ar.L2    -6.098332e-01
sigma2    2.333056e+06
dtype: float64"
12,0,20,357.2244895522798,<statsmodels.tsa.arima.model.ARIMA object at 0x000002225EA33110>,"(0, 0, 0, 0)","const     3.230999e+03
ar.L1    -2.862540e-01
ar.L2    -6.058056e-01
sigma2    2.202360e+06
dtype: float64"
13,0,21,375.2818331236615,<statsmodels.tsa.arima.model.ARIMA object at 0x000002225E993490>,"(0, 0, 0, 0)","const     3.285711e+03
sigma2    2.834637e+06
dtype: float64"
14,0,22,391.99479625192345,<statsmodels.tsa.arima.model.ARIMA object at 0x000002225EA6DDD0>,"(0, 0, 0, 0)","const     3.267279e+03
sigma2    2.672744e+06
dtype: float64"
15,0,23,417.79563367330655,<statsmodels.tsa.arima.model.ARIMA object at 0x000002225EA42790>,"(0, 0, 0, 0)","const     3.506091e+03
sigma2    3.832034e+06
dtype: float64"
16,0,24,435.4746649811765,<statsmodels.tsa.arima.model.ARIMA object at 0x000002225D0C9950>,"(0, 0, 0, 0)","const     3.575000e+03
sigma2    3.814020e+06
dtype: float64"
17,0,25,444.83691277355416,<statsmodels.tsa.arima.model.ARIMA object at 0x0000022262AE5B10>,"(0, 0, 0, 0)","ar.L1    -6.552099e-01
ar.L2    -5.440754e-01
sigma2    5.392932e+06
dtype: float64"
18,0,26,462.8783964266552,<statsmodels.tsa.arima.model.ARIMA object at 0x000002225CF33DD0>,"(0, 0, 0, 0)","ar.L1    -7.121942e-01
ar.L2    -6.032005e-01
sigma2    5.292241e+06
dtype: float64"
19,0,27,480.22215357142227,<statsmodels.tsa.arima.model.ARIMA object at 0x000002225EA42090>,"(0, 0, 0, 0)","ar.L1    -7.328898e-01
ar.L2    -6.023253e-01
sigma2    5.094192e+06
dtype: float64"
20,0,28,497.47446359074405,<statsmodels.tsa.arima.model.ARIMA object at 0x000002225EA964D0>,"(0, 0, 0, 0)","ar.L1    -7.317290e-01
ar.L2    -6.161105e-01
sigma2    4.895470e+06
dtype: float64"
21,0,29,514.6337752772865,<statsmodels.tsa.arima.model.ARIMA object at 0x0000022262AC1310>,"(0, 0, 0, 0)","ar.L1    -7.336267e-01
ar.L2    -6.187659e-01
sigma2    4.707411e+06
dtype: float64"
22,0,30,532.0148181399853,<statsmodels.tsa.arima.model.ARIMA object at 0x000002225EA830D0>,"(0, 0, 0, 0)","ar.L1    -7.477902e-01
ar.L2    -6.183672e-01
sigma2    4.573792e+06
dtype: float64"
23,0,31,550.0763381022167,<statsmodels.tsa.arima.model.ARIMA object at 0x000002225E9E3350>,"(0, 0, 0, 0)","ar.L1    -7.571899e-01
ar.L2    -5.974090e-01
sigma2    4.565310e+06
dtype: float64"
24,0,32,571.2947691148057,<statsmodels.tsa.arima.model.ARIMA object at 0x0000022262B87F10>,"(0, 0, 0, 0)","ar.L1    -7.694132e-01
ar.L2    -5.638288e-01
sigma2    5.054265e+06
dtype: float64"
25,0,33,590.0705805765182,<statsmodels.tsa.arima.model.ARIMA object at 0x000002225EA31510>,"(0, 0, 0, 0)","ar.L1    -8.115545e-01
ar.L2    -5.664874e-01
sigma2    5.130248e+06
dtype: float64"
26,0,34,608.9448497133918,<statsmodels.tsa.arima.model.ARIMA object at 0x000002225EA94B10>,"(0, 0, 0, 0)","ar.L1    -8.480029e-01
ar.L2    -5.451964e-01
sigma2    5.226772e+06
dtype: float64"
27,0,35,628.0866870398646,<statsmodels.tsa.arima.model.ARIMA object at 0x0000022262B48BD0>,"(0, 0, 0, 0)","ar.L1    -8.736466e-01
ar.L2    -5.108341e-01
sigma2    5.364944e+06
dtype: float64"
28,0,36,647.0745714954472,<statsmodels.tsa.arima.model.ARIMA object at 0x0000022262B9A290>,"(0, 0, 0, 0)","ar.L1    -8.957526e-01
ar.L2    -4.832371e-01
sigma2    5.470895e+06
dtype: float64"
29,0,37,664.3757098708652,<statsmodels.tsa.arima.model.ARIMA object at 0x0000022262C1BD90>,"(0, 0, 0, 0)","ar.L1    -8.940272e-01
ar.L2    -4.855134e-01
sigma2    5.311694e+06
dtype: float64"
30,0,38,682.6138555147996,<statsmodels.tsa.arima.model.ARIMA object at 0x0000022262C37F50>,"(0, 0, 0, 0)","ar.L1    -8.843796e-01
ar.L2    -4.536773e-01
sigma2    5.305939e+06
dtype: float64"
31,0,39,699.8777851392845,<statsmodels.tsa.arima.model.ARIMA object at 0x0000022262C18F90>,"(0, 0, 0, 0)","ar.L1    -8.848605e-01
ar.L2    -4.537387e-01
sigma2    5.158857e+06
dtype: float64"
32,0,40,717.3229167718835,<statsmodels.tsa.arima.model.ARIMA object at 0x0000022262C363D0>,"(0, 0, 0, 0)","ar.L1    -8.859002e-01
ar.L2    -4.584230e-01
sigma2    5.046036e+06
dtype: float64"
33,0,41,735.066505639624,<statsmodels.tsa.arima.model.ARIMA object at 0x000002225EA96AD0>,"(0, 0, 0, 0)","ar.L1    -8.958798e-01
ar.L2    -4.673215e-01
sigma2    4.976977e+06
dtype: float64"
34,0,42,752.3894919704292,<statsmodels.tsa.arima.model.ARIMA object at 0x000002225EA94550>,"(0, 0, 0, 0)","ar.L1    -8.893117e-01
ar.L2    -4.655747e-01
sigma2    4.864708e+06
dtype: float64"
35,0,43,769.8436176758473,<statsmodels.tsa.arima.model.ARIMA object at 0x000002225BDD15D0>,"(0, 0, 0, 0)","ar.L1    -8.876454e-01
ar.L2    -4.567977e-01
sigma2    4.775559e+06
dtype: float64"
36,0,44,787.0855936143678,<statsmodels.tsa.arima.model.ARIMA object at 0x0000022262C36790>,"(0, 0, 0, 0)","ar.L1    -8.882286e-01
ar.L2    -4.554007e-01
sigma2    4.667715e+06
dtype: float64"
37,0,45,806.1622242986357,<statsmodels.tsa.arima.model.ARIMA object at 0x0000022262C7C990>,"(0, 0, 0, 0)","ar.L1    -8.849362e-01
ar.L2    -4.601537e-01
sigma2    4.762855e+06
dtype: float64"
38,0,46,823.5093933733983,<statsmodels.tsa.arima.model.ARIMA object at 0x0000022262C1A550>,"(0, 0, 0, 0)","ar.L1    -8.739007e-01
ar.L2    -4.518568e-01
sigma2    4.673254e+06
dtype: float64"
39,0,47,840.6706141596994,<statsmodels.tsa.arima.model.ARIMA object at 0x0000022262B18CD0>,"(0, 0, 0, 0)","ar.L1    -8.738388e-01
ar.L2    -4.535935e-01
sigma2    4.568420e+06
dtype: float64"
40,0,48,858.7472467287853,<statsmodels.tsa.arima.model.ARIMA object at 0x0000022262AC0190>,"(0, 0, 0, 0)","ar.L1    -8.812900e-01
ar.L2    -4.667179e-01
sigma2    4.557006e+06
dtype: float64"
41,0,49,875.9971015064285,<statsmodels.tsa.arima.model.ARIMA object at 0x000002225EA96F10>,"(0, 0, 0, 0)","ar.L1    -8.893734e-01
ar.L2    -4.718199e-01
sigma2    4.468626e+06
dtype: float64"
42,0,50,893.8579691176315,<statsmodels.tsa.arima.model.ARIMA object at 0x0000022262BE4FD0>,"(0, 0, 0, 0)","ar.L1    -8.787609e-01
ar.L2    -4.771375e-01
sigma2    4.442410e+06
dtype: float64"
43,0,51,911.7562877262096,<statsmodels.tsa.arima.model.ARIMA object at 0x000002225EA829D0>,"(0, 0, 0, 0)","ar.L1    -8.642445e-01
ar.L2    -4.549040e-01
sigma2    4.423893e+06
dtype: float64"
44,0,52,929.8094711588587,<statsmodels.tsa.arima.model.ARIMA object at 0x0000022262AC3510>,"(0, 0, 0, 0)","ar.L1    -8.623514e-01
ar.L2    -4.527112e-01
sigma2    4.416635e+06
dtype: float64"
45,0,53,948.9195617111368,<statsmodels.tsa.arima.model.ARIMA object at 0x0000022262AC0E90>,"(0, 0, 0, 0)","ar.L1    -8.820468e-01
ar.L2    -4.649071e-01
sigma2    4.497770e+06
dtype: float64"
46,0,54,966.0354729789412,<statsmodels.tsa.arima.model.ARIMA object at 0x000002225EA42950>,"(0, 0, 0, 0)","ar.L1    -8.813973e-01
ar.L2    -4.648984e-01
sigma2    4.409763e+06
dtype: float64"
47,0,55,983.7924544150533,<statsmodels.tsa.arima.model.ARIMA object at 0x0000022262C7FD90>,"(0, 0, 0, 0)","ar.L1    -8.792284e-01
ar.L2    -4.803850e-01
sigma2    4.377318e+06
dtype: float64"
48,0,56,1001.017276334757,<statsmodels.tsa.arima.model.ARIMA object at 0x0000022262AE4D90>,"(0, 0, 0, 0)","ar.L1    -8.719093e-01
ar.L2    -4.711716e-01
sigma2    4.306863e+06
dtype: float64"
49,0,57,1018.0911283562766,<statsmodels.tsa.arima.model.ARIMA object at 0x0000022262BCA4D0>,"(0, 0, 0, 0)","ar.L1    -8.720412e-01
ar.L2    -4.713400e-01
sigma2    4.227107e+06
dtype: float64"
50,0,58,1035.153765361057,<statsmodels.tsa.arima.model.ARIMA object at 0x0000022262D58FD0>,"(0, 0, 0, 0)","ar.L1    -8.721672e-01
ar.L2    -4.720898e-01
sigma2    4.150692e+06
dtype: float64"
51,0,59,1052.964588287719,<statsmodels.tsa.arima.model.ARIMA object at 0x0000022262CA1010>,"(0, 0, 0, 0)","ar.L1    -8.682232e-01
ar.L2    -4.662908e-01
sigma2    4.132341e+06
dtype: float64"
52,0,60,1070.0529003726097,<statsmodels.tsa.arima.model.ARIMA object at 0x000002225E99CDD0>,"(0, 0, 0, 0)","ar.L1    -8.702639e-01
ar.L2    -4.676821e-01
sigma2    4.063338e+06
dtype: float64"
53,0,61,1027.2439478606864,"(0, 1, 2)","(0, 0, 0, 0)","{'ma1': -1.204798979245211, 'ma2': 0.451325836486137}"
54,0,62,1044.5721347917631,"(0, 1, 2)","(0, 0, 0, 0)","{'ma1': -1.178027414554279, 'ma2': 0.4143535622285932}"
55,0,63,1061.4742704817445,"(0, 1, 2)","(0, 0, 0, 0)","{'ma1': -1.179979423803606, 'ma2': 0.4162117624314766}"
56,0,64,1078.8982103279654,"(0, 1, 2)","(0, 0, 0, 0)","{'ma1': -1.1798745109143245, 'ma2': 0.42671578765680573}"
57,0,65,1095.7709203682869,"(0, 1, 2)","(0, 0, 0, 0)","{'ma1': -1.179765550423591, 'ma2': 0.4274450074962621}"
58,0,66,1113.9595369775427,"(0, 1, 2)","(0, 0, 0, 0)","{'ma1': -1.172532534489233, 'ma2': 0.4011433819589663}"
59,0,67,1131.0575884664443,"(0, 1, 2)","(0, 0, 0, 0)","{'ma1': -1.1610615480934028, 'ma2': 0.3833921768588699}"
60,0,68,1148.1044845591962,"(0, 1, 2)","(0, 0, 0, 0)","{'ma1': -1.1540294217750384, 'ma2': 0.3757380775689071}"
61,1,9,136.103558627815,"(1, 0, 0)","(0, 0, 0, 0)",
62,1,10,152.53302797361326,"(1, 0, 0)","(0, 0, 0, 0)",
63,1,11,176.1744875045783,"(1, 0, 0)","(0, 0, 0, 0)",
64,1,12,192.6136143245551,"(1, 0, 0)","(0, 0, 0, 0)",
65,1,13,211.7661128278663,"(1, 0, 0)","(0, 0, 0, 0)",
66,1,14,220.90650266518176,<statsmodels.tsa.arima.model.ARIMA object at 0x0000022262DACAD0>,"(0, 0, 0, 0)","const       3212.307904
ar.L1         -0.476070
ar.L2         -0.765165
sigma2    700791.988789
dtype: float64"
67,1,15,236.18851263902792,<statsmodels.tsa.arima.model.ARIMA object at 0x0000022262E5CA90>,"(0, 0, 0, 0)","const       3224.704595
ar.L1         -0.478671
ar.L2         -0.754601
sigma2    618724.475487
dtype: float64"
68,1,16,252.8050064276749,<statsmodels.tsa.arima.model.ARIMA object at 0x0000022262E1A810>,"(0, 0, 0, 0)","const       3188.350807
ar.L1         -0.409308
ar.L2         -0.721117
sigma2    647369.171740
dtype: float64"
69,1,17,272.0045352511037,<statsmodels.tsa.arima.model.ARIMA object at 0x0000022262C667D0>,"(0, 0, 0, 0)","const       3127.253589
ar.L1         -0.377909
ar.L2         -0.610370
sigma2    842451.850873
dtype: float64"
70,1,18,288.31927347747956,<statsmodels.tsa.arima.model.ARIMA object at 0x0000022262DAE0D0>,"(0, 0, 0, 0)","const       3098.058683
ar.L1         -0.350270
ar.L2         -0.602219
sigma2    838173.770162
dtype: float64"
71,1,19,322.87525230695405,<statsmodels.tsa.arima.model.ARIMA object at 0x0000022262D2CE10>,"(0, 0, 0, 0)","const     3.241108e+03
ar.L1    -4.697712e-01
ar.L2    -6.521087e-01
sigma2    2.302457e+06
dtype: float64"
72,1,20,339.7588064180725,<statsmodels.tsa.arima.model.ARIMA object at 0x0000022262E77F10>,"(0, 0, 0, 0)","const     3.274292e+03
ar.L1    -3.120194e-01
ar.L2    -6.480817e-01
sigma2    2.174232e+06
dtype: float64"
73,1,21,358.42557790672896,<statsmodels.tsa.arima.model.ARIMA object at 0x0000022262BB1890>,"(0, 0, 0, 0)","const     3.318003e+03
sigma2    2.924928e+06
dtype: float64"
74,1,22,375.18948455802916,<statsmodels.tsa.arima.model.ARIMA object at 0x0000022262CD6410>,"(0, 0, 0, 0)","const     3.297145e+03
sigma2    2.814875e+06
dtype: float64"
75,1,23,400.5853269016663,<statsmodels.tsa.arima.model.ARIMA object at 0x000002225EA31090>,"(0, 0, 0, 0)","const     3.545455e+03
sigma2    3.985209e+06
dtype: float64"
76,1,24,418.2429805160814,<statsmodels.tsa.arima.model.ARIMA object at 0x0000022262DC6490>,"(0, 0, 0, 0)","const     3.615635e+03
sigma2    3.952785e+06
dtype: float64"
77,1,25,435.77211009339436,<statsmodels.tsa.arima.model.ARIMA object at 0x0000022262C49990>,"(0, 0, 0, 0)","const     3.555003e+03
sigma2    3.879916e+06
dtype: float64"
78,1,26,446.4873716822216,<statsmodels.tsa.arima.model.ARIMA object at 0x0000022262CEC7D0>,"(0, 0, 0, 0)","ar.L1    -7.062569e-01
ar.L2    -5.759754e-01
sigma2    5.403283e+06
dtype: float64"
79,1,27,463.8883907514272,<statsmodels.tsa.arima.model.ARIMA object at 0x0000022262C4B350>,"(0, 0, 0, 0)","ar.L1    -7.258466e-01
ar.L2    -5.753706e-01
sigma2    5.193213e+06
dtype: float64"
80,1,28,481.2430775614089,<statsmodels.tsa.arima.model.ARIMA object at 0x0000022262C65850>,"(0, 0, 0, 0)","ar.L1    -7.244184e-01
ar.L2    -5.926835e-01
sigma2    4.982039e+06
dtype: float64"
81,1,29,498.479831772121,<statsmodels.tsa.arima.model.ARIMA object at 0x0000022262F76110>,"(0, 0, 0, 0)","ar.L1    -7.278285e-01
ar.L2    -5.973166e-01
sigma2    4.782917e+06
dtype: float64"
82,1,30,515.9069070496643,<statsmodels.tsa.arima.model.ARIMA object at 0x0000022262B6D090>,"(0, 0, 0, 0)","ar.L1    -7.417761e-01
ar.L2    -5.970399e-01
sigma2    4.642108e+06
dtype: float64"
83,1,31,533.9230433929715,<statsmodels.tsa.arima.model.ARIMA object at 0x0000022262BE5290>,"(0, 0, 0, 0)","ar.L1    -7.508287e-01
ar.L2    -5.765116e-01
sigma2    4.631306e+06
dtype: float64"
84,1,32,554.8887138874276,<statsmodels.tsa.arima.model.ARIMA object at 0x000002225EA26110>,"(0, 0, 0, 0)","ar.L1    -7.626754e-01
ar.L2    -5.425215e-01
sigma2    5.136067e+06
dtype: float64"
85,1,33,573.6282254634416,<statsmodels.tsa.arima.model.ARIMA object at 0x0000022262D7A990>,"(0, 0, 0, 0)","ar.L1    -8.046383e-01
ar.L2    -5.451155e-01
sigma2    5.214153e+06
dtype: float64"
86,1,34,592.4155950852677,<statsmodels.tsa.arima.model.ARIMA object at 0x0000022262C18A10>,"(0, 0, 0, 0)","ar.L1    -8.402849e-01
ar.L2    -5.239606e-01
sigma2    5.312991e+06
dtype: float64"
87,1,35,611.439233276803,<statsmodels.tsa.arima.model.ARIMA object at 0x000002225E9FCAD0>,"(0, 0, 0, 0)","ar.L1    -8.651895e-01
ar.L2    -4.900246e-01
sigma2    5.454093e+06
dtype: float64"
88,1,36,630.3356956241097,<statsmodels.tsa.arima.model.ARIMA object at 0x0000022262C7D650>,"(0, 0, 0, 0)","ar.L1    -8.867371e-01
ar.L2    -4.627359e-01
sigma2    5.561607e+06
dtype: float64"
89,1,37,647.6864368589986,<statsmodels.tsa.arima.model.ARIMA object at 0x0000022262E0B5D0>,"(0, 0, 0, 0)","ar.L1    -8.846814e-01
ar.L2    -4.654840e-01
sigma2    5.394746e+06
dtype: float64"
90,1,38,665.8673214005647,<statsmodels.tsa.arima.model.ARIMA object at 0x0000022262BC8AD0>,"(0, 0, 0, 0)","ar.L1    -8.752743e-01
ar.L2    -4.345689e-01
sigma2    5.385885e+06
dtype: float64"
91,1,39,683.1721979683557,<statsmodels.tsa.arima.model.ARIMA object at 0x000002225E9FE250>,"(0, 0, 0, 0)","ar.L1    -8.757593e-01
ar.L2    -4.347752e-01
sigma2    5.232327e+06
dtype: float64"
92,1,40,700.6592310313166,<statsmodels.tsa.arima.model.ARIMA object at 0x0000022262C1BD10>,"(0, 0, 0, 0)","ar.L1    -8.769002e-01
ar.L2    -4.396985e-01
sigma2    5.114376e+06
dtype: float64"
93,1,41,718.4378799524594,<statsmodels.tsa.arima.model.ARIMA object at 0x0000022262ED22D0>,"(0, 0, 0, 0)","ar.L1    -8.870446e-01
ar.L2    -4.487826e-01
sigma2    5.042015e+06
dtype: float64"
94,1,42,735.7940494311333,<statsmodels.tsa.arima.model.ARIMA object at 0x0000022262AC2510>,"(0, 0, 0, 0)","ar.L1    -8.805522e-01
ar.L2    -4.471143e-01
sigma2    4.924794e+06
dtype: float64"
95,1,43,753.2579502951237,<statsmodels.tsa.arima.model.ARIMA object at 0x0000022262E0BF50>,"(0, 0, 0, 0)","ar.L1    -8.789625e-01
ar.L2    -4.386951e-01
sigma2    4.831736e+06
dtype: float64"
96,1,44,770.5308775293342,<statsmodels.tsa.arima.model.ARIMA object at 0x000002225EA5E4D0>,"(0, 0, 0, 0)","ar.L1    -8.795695e-01
ar.L2    -4.374146e-01
sigma2    4.719805e+06
dtype: float64"
97,1,45,789.5889173547035,<statsmodels.tsa.arima.model.ARIMA object at 0x0000022262F3BF90>,"(0, 0, 0, 0)","ar.L1    -8.762526e-01
ar.L2    -4.421462e-01
sigma2    4.815882e+06
dtype: float64"
98,1,46,806.9513249728451,<statsmodels.tsa.arima.model.ARIMA object at 0x0000022262D5BF50>,"(0, 0, 0, 0)","ar.L1    -8.656942e-01
ar.L2    -4.342349e-01
sigma2    4.722446e+06
dtype: float64"
99,1,47,824.1508530446896,<statsmodels.tsa.arima.model.ARIMA object at 0x0000022262F3AA50>,"(0, 0, 0, 0)","ar.L1    -8.656460e-01
ar.L2    -4.362407e-01
sigma2    4.614022e+06
dtype: float64"
100,1,48,842.257857281607,<statsmodels.tsa.arima.model.ARIMA object at 0x0000022262D2C050>,"(0, 0, 0, 0)","ar.L1    -8.732424e-01
ar.L2    -4.496258e-01
sigma2    4.601582e+06
dtype: float64"
101,1,49,859.5460930972263,<statsmodels.tsa.arima.model.ARIMA object at 0x0000022262BB2850>,"(0, 0, 0, 0)","ar.L1    -8.816209e-01
ar.L2    -4.549716e-01
sigma2    4.510511e+06
dtype: float64"
102,1,50,877.433125699596,<statsmodels.tsa.arima.model.ARIMA object at 0x0000022262CD7F90>,"(0, 0, 0, 0)","ar.L1    -8.709141e-01
ar.L2    -4.604049e-01
sigma2    4.482460e+06
dtype: float64"
103,1,51,895.2936399332345,<statsmodels.tsa.arima.model.ARIMA object at 0x000002225E7F7690>,"(0, 0, 0, 0)","ar.L1    -8.567969e-01
ar.L2    -4.387681e-01
sigma2    4.462189e+06
dtype: float64"
104,1,52,913.3450504817657,<statsmodels.tsa.arima.model.ARIMA object at 0x0000022262DF1C50>,"(0, 0, 0, 0)","ar.L1    -8.549082e-01
ar.L2    -4.365799e-01
sigma2    4.453919e+06
dtype: float64"
105,1,53,932.4465397290243,<statsmodels.tsa.arima.model.ARIMA object at 0x000002225E99E350>,"(0, 0, 0, 0)","ar.L1    -8.746992e-01
ar.L2    -4.488248e-01
sigma2    4.536580e+06
dtype: float64"
106,1,54,949.593191393757,<statsmodels.tsa.arima.model.ARIMA object at 0x0000022262C04510>,"(0, 0, 0, 0)","ar.L1    -8.741333e-01
ar.L2    -4.488950e-01
sigma2    4.446002e+06
dtype: float64"
107,1,55,967.3992295184897,<statsmodels.tsa.arima.model.ARIMA object at 0x0000022262C36190>,"(0, 0, 0, 0)","ar.L1    -8.719504e-01
ar.L2    -4.649293e-01
sigma2    4.412153e+06
dtype: float64"
108,1,56,984.6319727535421,<statsmodels.tsa.arima.model.ARIMA object at 0x000002225EA30D10>,"(0, 0, 0, 0)","ar.L1    -8.651814e-01
ar.L2    -4.564201e-01
sigma2    4.339432e+06
dtype: float64"
109,1,57,1001.7355887677936,<statsmodels.tsa.arima.model.ARIMA object at 0x0000022262E3AE90>,"(0, 0, 0, 0)","ar.L1    -8.653245e-01
ar.L2    -4.566496e-01
sigma2    4.257556e+06
dtype: float64"
110,1,58,1018.8289091117247,<statsmodels.tsa.arima.model.ARIMA object at 0x000002225EA5C310>,"(0, 0, 0, 0)","ar.L1    -8.654803e-01
ar.L2    -4.575259e-01
sigma2    4.179163e+06
dtype: float64"
111,1,59,1036.63449218043,<statsmodels.tsa.arima.model.ARIMA object at 0x0000022262D2EDD0>,"(0, 0, 0, 0)","ar.L1    -8.615667e-01
ar.L2    -4.517709e-01
sigma2    4.159845e+06
dtype: float64"
112,1,60,1053.7519215058792,<statsmodels.tsa.arima.model.ARIMA object at 0x0000022262C66110>,"(0, 0, 0, 0)","ar.L1    -8.636748e-01
ar.L2    -4.532473e-01
sigma2    4.089171e+06
dtype: float64"
113,1,61,1074.0840639101275,<statsmodels.tsa.arima.model.ARIMA object at 0x0000022262E5EF50>,"(0, 0, 0, 0)","ar.L1    -8.530667e-01
ar.L2    -4.559315e-01
sigma2    4.253451e+06
dtype: float64"
114,1,62,1046.4957379272992,"(2, 1, 1)","(0, 0, 0, 0)","{'ar1': -0.46419324932571837, 'ar2': -0.27195352811644274, 'ma1': -0.6588270145843279}"
115,1,63,1063.3927308090992,"(2, 1, 1)","(0, 0, 0, 0)","{'ar1': -0.4642709099436773, 'ar2': -0.27304444069161743, 'ma1': -0.6589366732452149}"
116,1,64,1080.6529250443293,"(2, 1, 1)","(0, 0, 0, 0)","{'ar1': -0.4782118811130741, 'ar2': -0.28586914799605007, 'ma1': -0.6468064487598899}"
117,1,65,1097.5209297535937,"(2, 1, 1)","(0, 0, 0, 0)","{'ar1': -0.47798119813611917, 'ar2': -0.286209456713682, 'ma1': -0.6462881322252804}"
118,1,66,1115.3300916368764,"(2, 1, 1)","(0, 0, 0, 0)","{'ar1': -0.4741455701936469, 'ar2': -0.29399180182130796, 'ma1': -0.652315693917895}"
119,1,67,1132.3721961497024,"(2, 1, 1)","(0, 0, 0, 0)","{'ar1': -0.4630144329634675, 'ar2': -0.28693709373622434, 'ma1': -0.6563938574067286}"
120,1,68,1149.4404280875754,"(2, 1, 1)","(0, 0, 0, 0)","{'ar1': -0.462423381168416, 'ar2': -0.28040742223116505, 'ma1': -0.6547900843734945}"
121,2,10,137.18958495334198,"(1, 0, 0)","(0, 0, 0, 0)",
122,2,11,159.89255300841978,"(1, 0, 0)","(0, 0, 0, 0)",
123,2,12,176.48953716675612,"(1, 0, 0)","(0, 0, 0, 0)",
124,2,13,195.5759943019993,"(1, 0, 0)","(0, 0, 0, 0)",
125,2,14,212.2365896178646,"(1, 0, 0)","(0, 0, 0, 0)",
126,2,15,220.81142801215938,<statsmodels.tsa.arima.model.ARIMA object at 0x000002225EA978D0>,"(0, 0, 0, 0)","const       3242.379432
ar.L1         -0.493846
ar.L2         -0.734380
sigma2    729442.769028
dtype: float64"
127,2,16,237.47068708247886,<statsmodels.tsa.arima.model.ARIMA object at 0x0000022264105510>,"(0, 0, 0, 0)","const       3199.911357
ar.L1         -0.417010
ar.L2         -0.706205
sigma2    727177.174898
dtype: float64"
128,2,17,256.5685598544911,<statsmodels.tsa.arima.model.ARIMA object at 0x0000022264207550>,"(0, 0, 0, 0)","const       3096.000650
ar.L1         -0.378227
ar.L2         -0.596165
sigma2    915176.180675
dtype: float64"
129,2,18,272.82678571876056,<statsmodels.tsa.arima.model.ARIMA object at 0x0000022264107510>,"(0, 0, 0, 0)","const       3100.961529
ar.L1         -0.353811
ar.L2         -0.595376
sigma2    874611.762971
dtype: float64"
130,2,19,306.32401016392623,<statsmodels.tsa.arima.model.ARIMA object at 0x00000222640983D0>,"(0, 0, 0, 0)","const     3.254447e+03
ar.L1    -4.840939e-01
ar.L2    -6.323215e-01
sigma2    2.477059e+06
dtype: float64"
131,2,20,323.42762254825027,<statsmodels.tsa.arima.model.ARIMA object at 0x00000222640B1510>,"(0, 0, 0, 0)","const     3.366665e+03
ar.L1    -3.202565e-01
ar.L2    -6.089144e-01
sigma2    2.434903e+06
dtype: float64"
132,2,21,341.51994034782206,<statsmodels.tsa.arima.model.ARIMA object at 0x0000022264069BD0>,"(0, 0, 0, 0)","const     3.353687e+03
sigma2    3.040780e+06
dtype: float64"
133,2,22,358.3322003989359,<statsmodels.tsa.arima.model.ARIMA object at 0x0000022262FAB6D0>,"(0, 0, 0, 0)","const     3.329997e+03
sigma2    2.908205e+06
dtype: float64"
134,2,23,383.32601139076496,<statsmodels.tsa.arima.model.ARIMA object at 0x0000022262E75890>,"(0, 0, 0, 0)","const     3.588575e+03
sigma2    4.094096e+06
dtype: float64"
135,2,24,400.96404407914304,<statsmodels.tsa.arima.model.ARIMA object at 0x0000022264204050>,"(0, 0, 0, 0)","const     3.660001e+03
sigma2    4.087564e+06
dtype: float64"
136,2,25,418.5373640362879,<statsmodels.tsa.arima.model.ARIMA object at 0x00000222640EE4D0>,"(0, 0, 0, 0)","const     3.594799e+03
sigma2    3.884629e+06
dtype: float64"
137,2,26,440.5555890192409,<statsmodels.tsa.arima.model.ARIMA object at 0x00000222641C4090>,"(0, 0, 0, 0)","const     3.790000e+03
sigma2    4.713563e+06
dtype: float64"
138,2,27,446.3561444850994,<statsmodels.tsa.arima.model.ARIMA object at 0x000002225E9FF790>,"(0, 0, 0, 0)","ar.L1    -7.167071e-01
ar.L2    -6.092973e-01
sigma2    5.422442e+06
dtype: float64"
139,2,28,463.6905792346572,<statsmodels.tsa.arima.model.ARIMA object at 0x0000022264291650>,"(0, 0, 0, 0)","ar.L1    -7.160736e-01
ar.L2    -6.213899e-01
sigma2    5.192328e+06
dtype: float64"
140,2,29,480.949546037568,<statsmodels.tsa.arima.model.ARIMA object at 0x0000022262D2EB90>,"(0, 0, 0, 0)","ar.L1    -7.183539e-01
ar.L2    -6.244580e-01
sigma2    4.976200e+06
dtype: float64"
141,2,30,498.4316201827058,<statsmodels.tsa.arima.model.ARIMA object at 0x0000022264291D90>,"(0, 0, 0, 0)","ar.L1    -7.335121e-01
ar.L2    -6.239780e-01
sigma2    4.821111e+06
dtype: float64"
142,2,31,516.5465920711463,<statsmodels.tsa.arima.model.ARIMA object at 0x000002226418D850>,"(0, 0, 0, 0)","ar.L1    -7.431887e-01
ar.L2    -6.019901e-01
sigma2    4.802034e+06
dtype: float64"
143,2,32,537.5622172331776,<statsmodels.tsa.arima.model.ARIMA object at 0x0000022264272890>,"(0, 0, 0, 0)","ar.L1    -7.550962e-01
ar.L2    -5.671278e-01
sigma2    5.317722e+06
dtype: float64"
144,2,33,556.363161615749,<statsmodels.tsa.arima.model.ARIMA object at 0x0000022264290250>,"(0, 0, 0, 0)","ar.L1    -7.982696e-01
ar.L2    -5.696006e-01
sigma2    5.388918e+06
dtype: float64"
145,2,34,575.2672108404666,<statsmodels.tsa.arima.model.ARIMA object at 0x0000022264314A10>,"(0, 0, 0, 0)","ar.L1    -8.356268e-01
ar.L2    -5.469609e-01
sigma2    5.481528e+06
dtype: float64"
146,2,35,594.4080589495246,<statsmodels.tsa.arima.model.ARIMA object at 0x0000022262D2C2D0>,"(0, 0, 0, 0)","ar.L1    -8.615900e-01
ar.L2    -5.108886e-01
sigma2    5.618522e+06
dtype: float64"
147,2,36,613.3952767571445,<statsmodels.tsa.arima.model.ARIMA object at 0x0000022264144990>,"(0, 0, 0, 0)","ar.L1    -8.838967e-01
ar.L2    -4.820005e-01
sigma2    5.721350e+06
dtype: float64"
148,2,37,630.7771374988251,<statsmodels.tsa.arima.model.ARIMA object at 0x000002225EA26C50>,"(0, 0, 0, 0)","ar.L1    -8.826768e-01
ar.L2    -4.840626e-01
sigma2    5.544518e+06
dtype: float64"
149,2,38,649.0295328412919,<statsmodels.tsa.arima.model.ARIMA object at 0x0000022264317490>,"(0, 0, 0, 0)","ar.L1    -8.728154e-01
ar.L2    -4.514610e-01
sigma2    5.531108e+06
dtype: float64"
150,2,39,666.375340903256,<statsmodels.tsa.arima.model.ARIMA object at 0x00000222643E4B50>,"(0, 0, 0, 0)","ar.L1    -8.734359e-01
ar.L2    -4.515431e-01
sigma2    5.368734e+06
dtype: float64"
151,2,40,683.8828442218867,<statsmodels.tsa.arima.model.ARIMA object at 0x00000222643E5B10>,"(0, 0, 0, 0)","ar.L1    -8.746163e-01
ar.L2    -4.563906e-01
sigma2    5.243525e+06
dtype: float64"
152,2,41,701.6745792397035,<statsmodels.tsa.arima.model.ARIMA object at 0x00000222643C6110>,"(0, 0, 0, 0)","ar.L1    -8.847705e-01
ar.L2    -4.654932e-01
sigma2    5.164875e+06
dtype: float64"
153,2,42,719.0563630910189,<statsmodels.tsa.arima.model.ARIMA object at 0x00000222643AD690>,"(0, 0, 0, 0)","ar.L1    -8.785361e-01
ar.L2    -4.638747e-01
sigma2    5.041733e+06
dtype: float64"
154,2,43,736.5695538352222,<statsmodels.tsa.arima.model.ARIMA object at 0x00000222641C7010>,"(0, 0, 0, 0)","ar.L1    -8.768765e-01
ar.L2    -4.548919e-01
sigma2    4.943132e+06
dtype: float64"
155,2,44,753.8811618124042,<statsmodels.tsa.arima.model.ARIMA object at 0x0000022262CD5C10>,"(0, 0, 0, 0)","ar.L1    -8.775430e-01
ar.L2    -4.534870e-01
sigma2    4.825411e+06
dtype: float64"
156,2,45,772.8902499311704,<statsmodels.tsa.arima.model.ARIMA object at 0x000002226437DB10>,"(0, 0, 0, 0)","ar.L1    -8.742258e-01
ar.L2    -4.583273e-01
sigma2    4.921587e+06
dtype: float64"
157,2,46,790.28352570127,<statsmodels.tsa.arima.model.ARIMA object at 0x000002226416DB10>,"(0, 0, 0, 0)","ar.L1    -8.635709e-01
ar.L2    -4.502472e-01
sigma2    4.824035e+06
dtype: float64"
158,2,47,807.5103838084077,<statsmodels.tsa.arima.model.ARIMA object at 0x000002226421FAD0>,"(0, 0, 0, 0)","ar.L1    -8.636109e-01
ar.L2    -4.519777e-01
sigma2    4.710651e+06
dtype: float64"
159,2,48,825.5954915152021,<statsmodels.tsa.arima.model.ARIMA object at 0x0000022262CEE390>,"(0, 0, 0, 0)","ar.L1    -8.711581e-01
ar.L2    -4.653422e-01
sigma2    4.695356e+06
dtype: float64"
160,2,49,842.9122841690648,<statsmodels.tsa.arima.model.ARIMA object at 0x000002226418D810>,"(0, 0, 0, 0)","ar.L1    -8.796389e-01
ar.L2    -4.707153e-01
sigma2    4.599622e+06
dtype: float64"
161,2,50,860.7691204075907,<statsmodels.tsa.arima.model.ARIMA object at 0x0000022262CED150>,"(0, 0, 0, 0)","ar.L1    -8.692404e-01
ar.L2    -4.761342e-01
sigma2    4.569788e+06
dtype: float64"
162,2,51,878.6764485806025,<statsmodels.tsa.arima.model.ARIMA object at 0x0000022264335A10>,"(0, 0, 0, 0)","ar.L1    -8.546673e-01
ar.L2    -4.536422e-01
sigma2    4.547818e+06
dtype: float64"
163,2,52,896.7336852632548,<statsmodels.tsa.arima.model.ARIMA object at 0x00000222643AD650>,"(0, 0, 0, 0)","ar.L1    -8.527739e-01
ar.L2    -4.514287e-01
sigma2    4.537639e+06
dtype: float64"
164,2,53,915.8116416649883,<statsmodels.tsa.arima.model.ARIMA object at 0x0000022262CED8D0>,"(0, 0, 0, 0)","ar.L1    -8.726107e-01
ar.L2    -4.637968e-01
sigma2    4.619209e+06
dtype: float64"
165,2,54,932.9857946779675,<statsmodels.tsa.arima.model.ARIMA object at 0x00000222642EF7D0>,"(0, 0, 0, 0)","ar.L1    -8.725141e-01
ar.L2    -4.639491e-01
sigma2    4.525167e+06
dtype: float64"
166,2,55,950.7473945724363,<statsmodels.tsa.arima.model.ARIMA object at 0x00000222643AD1D0>,"(0, 0, 0, 0)","ar.L1    -8.704791e-01
ar.L2    -4.795339e-01
sigma2    4.489404e+06
dtype: float64"
167,2,56,968.017138104725,<statsmodels.tsa.arima.model.ARIMA object at 0x00000222640B2810>,"(0, 0, 0, 0)","ar.L1    -8.632818e-01
ar.L2    -4.703720e-01
sigma2    4.414078e+06
dtype: float64"
168,2,57,985.1469984372837,<statsmodels.tsa.arima.model.ARIMA object at 0x00000222643350D0>,"(0, 0, 0, 0)","ar.L1    -8.635193e-01
ar.L2    -4.705661e-01
sigma2    4.329192e+06
dtype: float64"
169,2,58,1002.2639020552684,<statsmodels.tsa.arima.model.ARIMA object at 0x00000222643E6810>,"(0, 0, 0, 0)","ar.L1    -8.637045e-01
ar.L2    -4.713297e-01
sigma2    4.247976e+06
dtype: float64"
170,2,59,1020.0870644640343,<statsmodels.tsa.arima.model.ARIMA object at 0x0000022264364990>,"(0, 0, 0, 0)","ar.L1    -8.597514e-01
ar.L2    -4.654652e-01
sigma2    4.227172e+06
dtype: float64"
171,2,60,1037.2283971424915,<statsmodels.tsa.arima.model.ARIMA object at 0x000002226450EC10>,"(0, 0, 0, 0)","ar.L1    -8.618951e-01
ar.L2    -4.669217e-01
sigma2    4.153902e+06
dtype: float64"
172,2,61,1057.473287839862,<statsmodels.tsa.arima.model.ARIMA object at 0x00000222641290D0>,"(0, 0, 0, 0)","ar.L1    -8.511999e-01
ar.L2    -4.697268e-01
sigma2    4.320543e+06
dtype: float64"
173,2,62,1074.603182278087,<statsmodels.tsa.arima.model.ARIMA object at 0x0000022262F08090>,"(0, 0, 0, 0)","ar.L1    -8.477160e-01
ar.L2    -4.668050e-01
sigma2    4.247215e+06
dtype: float64"
174,2,63,1027.415328448697,"(0, 1, 2)","(0, 0, 0, 0)","{'ma1': -1.1687216444682447, 'ma2': 0.409970136613538}"
175,2,64,1044.851509511828,"(0, 1, 2)","(0, 0, 0, 0)","{'ma1': -1.1690997064971111, 'ma2': 0.4204833396678168}"
176,2,65,1080.2391257621289,"(2, 1, 1)","(0, 0, 0, 0)","{'ar1': -0.4687576617585366, 'ar2': -0.2823518887135008, 'ma1': -0.6509962925760284}"
177,2,66,1098.0532440397992,"(2, 1, 1)","(0, 0, 0, 0)","{'ar1': -0.4647455971761673, 'ar2': -0.28998509571202963, 'ma1': -0.6571098065652994}"
178,2,67,1115.1153344575548,"(2, 1, 1)","(0, 0, 0, 0)","{'ar1': -0.45314164015560837, 'ar2': -0.28260812280664727, 'ma1': -0.6616293025558594}"
179,2,68,1132.1910307754563,"(2, 1, 1)","(0, 0, 0, 0)","{'ar1': -0.4523307446408167, 'ar2': -0.2759190051113316, 'ma1': -0.6602592864656535}"
180,3,11,142.4906828999182,"(1, 0, 0)","(0, 0, 0, 0)",
181,3,12,159.4881388943769,"(1, 0, 0)","(0, 0, 0, 0)",
182,3,13,179.0227052891826,"(1, 0, 0)","(0, 0, 0, 0)",
183,3,14,195.58682813531,"(1, 0, 0)","(0, 0, 0, 0)",
184,3,15,212.98287180254135,"(1, 0, 0)","(0, 0, 0, 0)",
185,3,16,221.73508095420135,<statsmodels.tsa.arima.model.ARIMA object at 0x00000222644B7790>,"(0, 0, 0, 0)","const       3216.604204
ar.L1         -0.390313
ar.L2         -0.699044
sigma2    727363.053656
dtype: float64"
186,3,17,240.71379979462606,<statsmodels.tsa.arima.model.ARIMA object at 0x00000222645D0C50>,"(0, 0, 0, 0)","const       3141.593535
ar.L1         -0.360632
ar.L2         -0.590070
sigma2    921500.953563
dtype: float64"
187,3,18,257.13995163777906,<statsmodels.tsa.arima.model.ARIMA object at 0x0000022264536190>,"(0, 0, 0, 0)","const       3119.999793
ar.L1         -0.329249
ar.L2         -0.580755
sigma2    968202.434406
dtype: float64"
188,3,19,289.59740419401624,<statsmodels.tsa.arima.model.ARIMA object at 0x0000022264576BD0>,"(0, 0, 0, 0)","const     3.285416e+03
ar.L1    -4.526370e-01
ar.L2    -6.269967e-01
sigma2    2.408469e+06
dtype: float64"
189,3,20,306.48553931162235,<statsmodels.tsa.arima.model.ARIMA object at 0x0000022264494F90>,"(0, 0, 0, 0)","const     3.313555e+03
ar.L1    -3.048998e-01
ar.L2    -6.157627e-01
sigma2    2.460218e+06
dtype: float64"
190,3,21,324.25353683603834,<statsmodels.tsa.arima.model.ARIMA object at 0x00000222641D9A50>,"(0, 0, 0, 0)","const     3.420004e+03
sigma2    3.127783e+06
dtype: float64"
191,3,22,341.11187379782984,<statsmodels.tsa.arima.model.ARIMA object at 0x00000222644E0190>,"(0, 0, 0, 0)","const     3.391579e+03
sigma2    2.996182e+06
dtype: float64"
192,3,23,365.7351101821849,<statsmodels.tsa.arima.model.ARIMA object at 0x00000222644CD590>,"(0, 0, 0, 0)","const     3.660020e+03
sigma2    4.237389e+06
dtype: float64"
193,3,24,383.32601326161017,<statsmodels.tsa.arima.model.ARIMA object at 0x000002226458C310>,"(0, 0, 0, 0)","const     3.731429e+03
sigma2    4.093025e+06
dtype: float64"
194,3,25,400.96404418833436,<statsmodels.tsa.arima.model.ARIMA object at 0x0000022262D41AD0>,"(0, 0, 0, 0)","const     3.660000e+03
sigma2    4.087566e+06
dtype: float64"
195,3,26,422.7646799723019,<statsmodels.tsa.arima.model.ARIMA object at 0x00000222643525D0>,"(0, 0, 0, 0)","const     3.860854e+03
sigma2    4.778168e+06
dtype: float64"
196,3,27,440.1897018078075,<statsmodels.tsa.arima.model.ARIMA object at 0x000002226409B2D0>,"(0, 0, 0, 0)","const     3.905000e+03
sigma2    4.666847e+06
dtype: float64"
197,3,28,445.0607285689558,<statsmodels.tsa.arima.model.ARIMA object at 0x00000222644CE0D0>,"(0, 0, 0, 0)","ar.L1    -7.289012e-01
ar.L2    -6.069136e-01
sigma2    5.425242e+06
dtype: float64"
198,3,29,462.3069578753095,<statsmodels.tsa.arima.model.ARIMA object at 0x00000222645744D0>,"(0, 0, 0, 0)","ar.L1    -7.314924e-01
ar.L2    -6.104442e-01
sigma2    5.189543e+06
dtype: float64"
199,3,30,479.74614137614583,<statsmodels.tsa.arima.model.ARIMA object at 0x00000222645FC290>,"(0, 0, 0, 0)","ar.L1    -7.458470e-01
ar.L2    -6.104423e-01
sigma2    5.018775e+06
dtype: float64"
200,3,31,497.7968718023303,<statsmodels.tsa.arima.model.ARIMA object at 0x00000222645D07D0>,"(0, 0, 0, 0)","ar.L1    -7.554550e-01
ar.L2    -5.905770e-01
sigma2    4.989623e+06
dtype: float64"
201,3,32,518.7702796961219,<statsmodels.tsa.arima.model.ARIMA object at 0x00000222644E33D0>,"(0, 0, 0, 0)","ar.L1    -7.678938e-01
ar.L2    -5.580141e-01
sigma2    5.515517e+06
dtype: float64"
202,3,33,537.502875780271,<statsmodels.tsa.arima.model.ARIMA object at 0x000002226445C1D0>,"(0, 0, 0, 0)","ar.L1    -8.105483e-01
ar.L2    -5.613202e-01
sigma2    5.581053e+06
dtype: float64"
203,3,34,556.3188776099537,<statsmodels.tsa.arima.model.ARIMA object at 0x000002226437E4D0>,"(0, 0, 0, 0)","ar.L1    -8.474061e-01
ar.L2    -5.414575e-01
sigma2    5.667339e+06
dtype: float64"
204,3,35,575.3878189914992,<statsmodels.tsa.arima.model.ARIMA object at 0x0000022262EB1B50>,"(0, 0, 0, 0)","ar.L1    -8.734421e-01
ar.L2    -5.087438e-01
sigma2    5.798719e+06
dtype: float64"
205,3,36,594.3231822272752,<statsmodels.tsa.arima.model.ARIMA object at 0x0000022264575DD0>,"(0, 0, 0, 0)","ar.L1    -8.959553e-01
ar.L2    -4.824499e-01
sigma2    5.895422e+06
dtype: float64"
206,3,37,611.6900134856263,<statsmodels.tsa.arima.model.ARIMA object at 0x00000222642B3410>,"(0, 0, 0, 0)","ar.L1    -8.942200e-01
ar.L2    -4.847369e-01
sigma2    5.707542e+06
dtype: float64"
207,3,38,629.9297197834751,<statsmodels.tsa.arima.model.ARIMA object at 0x00000222644B4090>,"(0, 0, 0, 0)","ar.L1    -8.845752e-01
ar.L2    -4.535826e-01
sigma2    5.685772e+06
dtype: float64"
208,3,39,647.2551841773292,<statsmodels.tsa.arima.model.ARIMA object at 0x00000222645FEFD0>,"(0, 0, 0, 0)","ar.L1    -8.851121e-01
ar.L2    -4.537108e-01
sigma2    5.513754e+06
dtype: float64"
209,3,40,664.7480272316475,<statsmodels.tsa.arima.model.ARIMA object at 0x00000222647F7890>,"(0, 0, 0, 0)","ar.L1    -8.862271e-01
ar.L2    -4.583907e-01
sigma2    5.380990e+06
dtype: float64"
210,3,41,682.5195991532928,<statsmodels.tsa.arima.model.ARIMA object at 0x00000222644CF610>,"(0, 0, 0, 0)","ar.L1    -8.963311e-01
ar.L2    -4.672848e-01
sigma2    5.296598e+06
dtype: float64"
211,3,42,699.8923659538993,<statsmodels.tsa.arima.model.ARIMA object at 0x000002226473C550>,"(0, 0, 0, 0)","ar.L1    -8.896925e-01
ar.L2    -4.654781e-01
sigma2    5.166441e+06
dtype: float64"
212,3,43,717.3857742771257,<statsmodels.tsa.arima.model.ARIMA object at 0x0000022264620DD0>,"(0, 0, 0, 0)","ar.L1    -8.880610e-01
ar.L2    -4.569121e-01
sigma2    5.061067e+06
dtype: float64"
213,3,44,734.6759009871992,<statsmodels.tsa.arima.model.ARIMA object at 0x000002226477C990>,"(0, 0, 0, 0)","ar.L1    -8.887070e-01
ar.L2    -4.556119e-01
sigma2    4.936986e+06
dtype: float64"
214,3,45,753.708756281108,<statsmodels.tsa.arima.model.ARIMA object at 0x0000022264702750>,"(0, 0, 0, 0)","ar.L1    -8.853343e-01
ar.L2    -4.601779e-01
sigma2    5.033292e+06
dtype: float64"
215,3,46,771.097295782886,<statsmodels.tsa.arima.model.ARIMA object at 0x00000222642B3D10>,"(0, 0, 0, 0)","ar.L1    -8.741910e-01
ar.L2    -4.518783e-01
sigma2    4.930164e+06
dtype: float64"
216,3,47,788.3061791584272,<statsmodels.tsa.arima.model.ARIMA object at 0x000002226473C990>,"(0, 0, 0, 0)","ar.L1    -8.741559e-01
ar.L2    -4.536112e-01
sigma2    4.811551e+06
dtype: float64"
217,3,48,806.3866945140007,<statsmodels.tsa.arima.model.ARIMA object at 0x00000222641464D0>,"(0, 0, 0, 0)","ar.L1    -8.816856e-01
ar.L2    -4.666089e-01
sigma2    4.794256e+06
dtype: float64"
218,3,49,823.6761739573125,<statsmodels.tsa.arima.model.ARIMA object at 0x00000222640B1DD0>,"(0, 0, 0, 0)","ar.L1    -8.898735e-01
ar.L2    -4.717680e-01
sigma2    4.694113e+06
dtype: float64"
219,3,50,841.5507784009474,<statsmodels.tsa.arima.model.ARIMA object at 0x00000222645D0650>,"(0, 0, 0, 0)","ar.L1    -8.791173e-01
ar.L2    -4.768110e-01
sigma2    4.662134e+06
dtype: float64"
220,3,51,859.4581376655018,<statsmodels.tsa.arima.model.ARIMA object at 0x0000022262B19510>,"(0, 0, 0, 0)","ar.L1    -8.644939e-01
ar.L2    -4.547991e-01
sigma2    4.636455e+06
dtype: float64"
221,3,52,877.5142873608133,<statsmodels.tsa.arima.model.ARIMA object at 0x0000022262D59510>,"(0, 0, 0, 0)","ar.L1    -8.625919e-01
ar.L2    -4.526286e-01
sigma2    4.624026e+06
dtype: float64"
222,3,53,896.5832757109017,<statsmodels.tsa.arima.model.ARIMA object at 0x0000022264817410>,"(0, 0, 0, 0)","ar.L1    -8.824827e-01
ar.L2    -4.649089e-01
sigma2    4.705789e+06
dtype: float64"
223,3,54,913.7402429801238,<statsmodels.tsa.arima.model.ARIMA object at 0x0000022264620210>,"(0, 0, 0, 0)","ar.L1    -8.818232e-01
ar.L2    -4.649052e-01
sigma2    4.607996e+06
dtype: float64"
224,3,55,931.5133202911056,<statsmodels.tsa.arima.model.ARIMA object at 0x00000222641D89D0>,"(0, 0, 0, 0)","ar.L1    -8.796044e-01
ar.L2    -4.800900e-01
sigma2    4.570842e+06
dtype: float64"
225,3,56,948.7718764873058,<statsmodels.tsa.arima.model.ARIMA object at 0x000002226477D650>,"(0, 0, 0, 0)","ar.L1    -8.722461e-01
ar.L2    -4.709574e-01
sigma2    4.491966e+06
dtype: float64"
226,3,57,965.8837944651852,<statsmodels.tsa.arima.model.ARIMA object at 0x0000022264205F10>,"(0, 0, 0, 0)","ar.L1    -8.723962e-01
ar.L2    -4.711447e-01
sigma2    4.403890e+06
dtype: float64"
227,3,58,982.9833172085147,<statsmodels.tsa.arima.model.ARIMA object at 0x0000022264476A10>,"(0, 0, 0, 0)","ar.L1    -8.725415e-01
ar.L2    -4.719044e-01
sigma2    4.319708e+06
dtype: float64"
228,3,59,1000.8029096177105,<statsmodels.tsa.arima.model.ARIMA object at 0x0000022262E0B410>,"(0, 0, 0, 0)","ar.L1    -8.685743e-01
ar.L2    -4.661576e-01
sigma2    4.296910e+06
dtype: float64"
229,3,60,1017.924663584118,<statsmodels.tsa.arima.model.ARIMA object at 0x00000222645BCB50>,"(0, 0, 0, 0)","ar.L1    -8.706497e-01
ar.L2    -4.675701e-01
sigma2    4.221017e+06
dtype: float64"
230,3,61,1038.228726475224,<statsmodels.tsa.arima.model.ARIMA object at 0x0000022264351ED0>,"(0, 0, 0, 0)","ar.L1    -8.598809e-01
ar.L2    -4.701048e-01
sigma2    4.389878e+06
dtype: float64"
231,3,62,1055.346399342939,<statsmodels.tsa.arima.model.ARIMA object at 0x00000222647BE4D0>,"(0, 0, 0, 0)","ar.L1    -8.560444e-01
ar.L2    -4.669532e-01
sigma2    4.313893e+06
dtype: float64"
232,3,63,1072.7874060871318,<statsmodels.tsa.arima.model.ARIMA object at 0x0000022262BC84D0>,"(0, 0, 0, 0)","ar.L1    -8.513700e-01
ar.L2    -4.714619e-01
sigma2    4.264999e+06
dtype: float64"
233,3,64,1049.095717062723,"(0, 1, 1)","(0, 0, 0, 0)","{'ma1': -1.1655774206741911, 'drift': -126.94887761199897}"
234,3,65,1066.1134432294061,"(0, 1, 1)","(0, 0, 0, 0)","{'ma1': -1.1641896192270693, 'drift': -125.62488812097361}"
235,3,66,1084.015767315488,"(0, 1, 1)","(0, 0, 0, 0)","{'ma1': -1.1663648311925474, 'drift': -127.69596992493092}"
236,3,67,1101.0351898095234,"(0, 1, 1)","(0, 0, 0, 0)","{'ma1': -1.1669366743790461, 'drift': -128.23539907644528}"
237,3,68,1117.9454318365645,"(0, 1, 1)","(0, 0, 0, 0)","{'ma1': -1.1521566696510777, 'drift': -114.1726711659899}"
238,4,12,142.94279310974446,"(1, 0, 0)","(0, 0, 0, 0)",
239,4,13,161.76627801471287,"(1, 0, 0)","(0, 0, 0, 0)",
240,4,14,178.5763920763425,"(1, 0, 0)","(0, 0, 0, 0)",
241,4,15,196.27973229269008,"(1, 0, 0)","(0, 0, 0, 0)",
242,4,16,212.53407800403465,"(1, 0, 0)","(0, 0, 0, 0)",
243,4,17,224.58034226650412,<statsmodels.tsa.arima.model.ARIMA object at 0x000002225EA5D2D0>,"(0, 0, 0, 0)","const       3128.092206
ar.L1         -0.362357
ar.L2         -0.566717
sigma2    974660.980656
dtype: float64"
244,4,18,240.86941953394958,<statsmodels.tsa.arima.model.ARIMA object at 0x00000222647BC090>,"(0, 0, 0, 0)","const       3091.383619
ar.L1         -0.335060
ar.L2         -0.561005
sigma2    957152.088694
dtype: float64"
245,4,19,273.01760478646844,<statsmodels.tsa.arima.model.ARIMA object at 0x00000222646DCB10>,"(0, 0, 0, 0)","const     3.260938e+03
ar.L1    -4.530960e-01
ar.L2    -6.019645e-01
sigma2    2.793036e+06
dtype: float64"
246,4,20,290.0773962357539,<statsmodels.tsa.arima.model.ARIMA object at 0x0000022264A00D50>,"(0, 0, 0, 0)","const     3.389998e+03
ar.L1    -3.008674e-01
ar.L2    -5.786750e-01
sigma2    2.759677e+06
dtype: float64"
247,4,21,307.24001976356703,<statsmodels.tsa.arima.model.ARIMA object at 0x000002225E48F150>,"(0, 0, 0, 0)","const     3.374118e+03
sigma2    3.326502e+06
dtype: float64"
248,4,22,324.120553169098,<statsmodels.tsa.arima.model.ARIMA object at 0x0000022264850A10>,"(0, 0, 0, 0)","const     3.346670e+03
sigma2    3.103189e+06
dtype: float64"
249,4,23,348.552223830959,<statsmodels.tsa.arima.model.ARIMA object at 0x0000022264367450>,"(0, 0, 0, 0)","const     3.631588e+03
sigma2    4.406837e+06
dtype: float64"
250,4,24,366.1850876194922,<statsmodels.tsa.arima.model.ARIMA object at 0x00000222648A9090>,"(0, 0, 0, 0)","const     3.708000e+03
sigma2    4.302153e+06
dtype: float64"
251,4,25,383.821521124206,<statsmodels.tsa.arima.model.ARIMA object at 0x00000222648A9590>,"(0, 0, 0, 0)","const     3.634287e+03
sigma2    4.217736e+06
dtype: float64"
252,4,26,405.51084024785655,<statsmodels.tsa.arima.model.ARIMA object at 0x00000222640994D0>,"(0, 0, 0, 0)","const     3.845455e+03
sigma2    4.983115e+06
dtype: float64"
253,4,27,422.97175304357063,<statsmodels.tsa.arima.model.ARIMA object at 0x00000222649E8610>,"(0, 0, 0, 0)","const     3.892174e+03
sigma2    4.819072e+06
dtype: float64"
254,4,28,440.29373815843144,<statsmodels.tsa.arima.model.ARIMA object at 0x0000022264474F10>,"(0, 0, 0, 0)","const     3.859986e+03
sigma2    4.679419e+06
dtype: float64"
255,4,29,445.8485255172866,<statsmodels.tsa.arima.model.ARIMA object at 0x0000022264352AD0>,"(0, 0, 0, 0)","ar.L1    -7.328876e-01
ar.L2    -5.928163e-01
sigma2    5.425210e+06
dtype: float64"
256,4,30,463.33031805795497,<statsmodels.tsa.arima.model.ARIMA object at 0x0000022264A03D50>,"(0, 0, 0, 0)","ar.L1    -7.468532e-01
ar.L2    -5.928692e-01
sigma2    5.236691e+06
dtype: float64"
257,4,31,481.34474577967774,<statsmodels.tsa.arima.model.ARIMA object at 0x0000022264875110>,"(0, 0, 0, 0)","ar.L1    -7.560568e-01
ar.L2    -5.729528e-01
sigma2    5.197320e+06
dtype: float64"
258,4,32,502.084295659447,<statsmodels.tsa.arima.model.ARIMA object at 0x00000222646BF8D0>,"(0, 0, 0, 0)","ar.L1    -7.681728e-01
ar.L2    -5.394513e-01
sigma2    5.736032e+06
dtype: float64"
259,4,33,520.7639011868237,<statsmodels.tsa.arima.model.ARIMA object at 0x0000022262DF30D0>,"(0, 0, 0, 0)","ar.L1    -8.105566e-01
ar.L2    -5.425677e-01
sigma2    5.795362e+06
dtype: float64"
260,4,34,539.4829402855643,<statsmodels.tsa.arima.model.ARIMA object at 0x000002226477E7D0>,"(0, 0, 0, 0)","ar.L1    -8.464384e-01
ar.L2    -5.223323e-01
sigma2    5.876795e+06
dtype: float64"
261,4,35,558.4276105894302,<statsmodels.tsa.arima.model.ARIMA object at 0x0000022264A00510>,"(0, 0, 0, 0)","ar.L1    -8.715363e-01
ar.L2    -4.893281e-01
sigma2    6.005447e+06
dtype: float64"
262,4,36,577.2617807730702,<statsmodels.tsa.arima.model.ARIMA object at 0x0000022264A43D10>,"(0, 0, 0, 0)","ar.L1    -8.932671e-01
ar.L2    -4.627903e-01
sigma2    6.098386e+06
dtype: float64"
263,4,37,594.6770136687953,<statsmodels.tsa.arima.model.ARIMA object at 0x0000022264A79E50>,"(0, 0, 0, 0)","ar.L1    -8.909760e-01
ar.L2    -4.657557e-01
sigma2    5.897480e+06
dtype: float64"
264,4,38,612.8624483503814,<statsmodels.tsa.arima.model.ARIMA object at 0x0000022264B335D0>,"(0, 0, 0, 0)","ar.L1    -8.814460e-01
ar.L2    -4.349704e-01
sigma2    5.869081e+06
dtype: float64"
265,4,39,630.2250348251687,<statsmodels.tsa.arima.model.ARIMA object at 0x000002226445D010>,"(0, 0, 0, 0)","ar.L1    -8.819370e-01
ar.L2    -4.352367e-01
sigma2    5.685958e+06
dtype: float64"
266,4,40,647.7575626417138,<statsmodels.tsa.arima.model.ARIMA object at 0x00000222643364D0>,"(0, 0, 0, 0)","ar.L1    -8.831236e-01
ar.L2    -4.402070e-01
sigma2    5.543935e+06
dtype: float64"
267,4,41,665.557626063738,<statsmodels.tsa.arima.model.ARIMA object at 0x0000022264ABE190>,"(0, 0, 0, 0)","ar.L1    -8.934706e-01
ar.L2    -4.494163e-01
sigma2    5.452196e+06
dtype: float64"
268,4,42,682.9652156347756,<statsmodels.tsa.arima.model.ARIMA object at 0x0000022264ABFC90>,"(0, 0, 0, 0)","ar.L1    -8.866670e-01
ar.L2    -4.476185e-01
sigma2    5.313912e+06
dtype: float64"
269,4,43,700.4651634174645,<statsmodels.tsa.arima.model.ARIMA object at 0x0000022264B7B2D0>,"(0, 0, 0, 0)","ar.L1    -8.850875e-01
ar.L2    -4.392709e-01
sigma2    5.201552e+06
dtype: float64"
270,4,44,717.7820002986398,<statsmodels.tsa.arima.model.ARIMA object at 0x0000022264B4BF50>,"(0, 0, 0, 0)","ar.L1    -8.857054e-01
ar.L2    -4.380264e-01
sigma2    5.070325e+06
dtype: float64"
271,4,45,736.8057956315696,<statsmodels.tsa.arima.model.ARIMA object at 0x0000022265BA3850>,"(0, 0, 0, 0)","ar.L1    -8.823442e-01
ar.L2    -4.427453e-01
sigma2    5.165651e+06
dtype: float64"
272,4,46,754.2132863196337,<statsmodels.tsa.arima.model.ARIMA object at 0x000002226458DD90>,"(0, 0, 0, 0)","ar.L1    -8.714226e-01
ar.L2    -4.345761e-01
sigma2    5.056536e+06
dtype: float64"
273,4,47,771.4577814868736,<statsmodels.tsa.arima.model.ARIMA object at 0x00000222643C4AD0>,"(0, 0, 0, 0)","ar.L1    -8.713639e-01
ar.L2    -4.366301e-01
sigma2    4.931796e+06
dtype: float64"
274,4,48,789.5670327948754,<statsmodels.tsa.arima.model.ARIMA object at 0x0000022264B7B7D0>,"(0, 0, 0, 0)","ar.L1    -8.791169e-01
ar.L2    -4.501152e-01
sigma2    4.911098e+06
dtype: float64"
275,4,49,806.8865502893221,<statsmodels.tsa.arima.model.ARIMA object at 0x000002226454E7D0>,"(0, 0, 0, 0)","ar.L1    -8.874587e-01
ar.L2    -4.554579e-01
sigma2    4.805752e+06
dtype: float64"
276,4,50,824.7978068178868,<statsmodels.tsa.arima.model.ARIMA object at 0x0000022264129D10>,"(0, 0, 0, 0)","ar.L1    -8.764487e-01
ar.L2    -4.608372e-01
sigma2    4.770451e+06
dtype: float64"
277,4,51,842.6730899718909,<statsmodels.tsa.arima.model.ARIMA object at 0x0000022262FA8650>,"(0, 0, 0, 0)","ar.L1    -8.621171e-01
ar.L2    -4.390120e-01
sigma2    4.741806e+06
dtype: float64"
278,4,52,860.7289677375666,<statsmodels.tsa.arima.model.ARIMA object at 0x0000022265B61490>,"(0, 0, 0, 0)","ar.L1    -8.602023e-01
ar.L2    -4.368160e-01
sigma2    4.726765e+06
dtype: float64"
279,4,53,879.7810739317183,<statsmodels.tsa.arima.model.ARIMA object at 0x0000022264814ED0>,"(0, 0, 0, 0)","ar.L1    -8.802609e-01
ar.L2    -4.492713e-01
sigma2    4.808015e+06
dtype: float64"
280,4,54,896.9661700382686,<statsmodels.tsa.arima.model.ARIMA object at 0x0000022264B5B810>,"(0, 0, 0, 0)","ar.L1    -8.793890e-01
ar.L2    -4.492553e-01
sigma2    4.705970e+06
dtype: float64"
281,4,55,914.7945515735909,<statsmodels.tsa.arima.model.ARIMA object at 0x0000022264A54790>,"(0, 0, 0, 0)","ar.L1    -8.771924e-01
ar.L2    -4.654008e-01
sigma2    4.665970e+06
dtype: float64"
282,4,56,932.0619902837163,<statsmodels.tsa.arima.model.ARIMA object at 0x000002226454DE50>,"(0, 0, 0, 0)","ar.L1    -8.702514e-01
ar.L2    -4.567369e-01
sigma2    4.583584e+06
dtype: float64"
283,4,57,949.2006490521348,<statsmodels.tsa.arima.model.ARIMA object at 0x0000022262CD7950>,"(0, 0, 0, 0)","ar.L1    -8.703656e-01
ar.L2    -4.569678e-01
sigma2    4.491913e+06
dtype: float64"
284,4,58,966.3280533321199,<statsmodels.tsa.arima.model.ARIMA object at 0x0000022264B074D0>,"(0, 0, 0, 0)","ar.L1    -8.704994e-01
ar.L2    -4.578619e-01
sigma2    4.404354e+06
dtype: float64"
285,4,59,984.1437954391383,<statsmodels.tsa.arima.model.ARIMA object at 0x0000022265B8AA90>,"(0, 0, 0, 0)","ar.L1    -8.665375e-01
ar.L2    -4.520670e-01
sigma2    4.379507e+06
dtype: float64"
286,4,60,1001.2904707335616,<statsmodels.tsa.arima.model.ARIMA object at 0x0000022265BA15D0>,"(0, 0, 0, 0)","ar.L1    -8.686750e-01
ar.L2    -4.535484e-01
sigma2    4.300619e+06
dtype: float64"
287,4,61,1021.5633197190892,<statsmodels.tsa.arima.model.ARIMA object at 0x0000022265C0CD90>,"(0, 0, 0, 0)","ar.L1    -8.578225e-01
ar.L2    -4.561372e-01
sigma2    4.471143e+06
dtype: float64"
288,4,62,1038.701235260968,<statsmodels.tsa.arima.model.ARIMA object at 0x0000022265B639D0>,"(0, 0, 0, 0)","ar.L1    -8.543486e-01
ar.L2    -4.532706e-01
sigma2    4.392310e+06
dtype: float64"
289,4,63,1056.1772484137964,<statsmodels.tsa.arima.model.ARIMA object at 0x0000022264A7B0D0>,"(0, 0, 0, 0)","ar.L1    -8.495074e-01
ar.L2    -4.580257e-01
sigma2    4.341143e+06
dtype: float64"
290,4,64,1073.355332089045,<statsmodels.tsa.arima.model.ARIMA object at 0x0000022264574CD0>,"(0, 0, 0, 0)","ar.L1    -8.530593e-01
ar.L2    -4.637425e-01
sigma2    4.270232e+06
dtype: float64"
291,4,65,1027.705762329666,"(0, 1, 2)","(0, 0, 0, 0)","{'ma1': -1.176697164088933, 'ma2': 0.422272191842425}"
292,4,66,1045.869405719753,"(0, 1, 2)","(0, 0, 0, 0)","{'ma1': -1.1703435953260288, 'ma2': 0.3968921308335956}"
293,4,67,1063.0056613281886,"(0, 1, 2)","(0, 0, 0, 0)","{'ma1': -1.1592046970796022, 'ma2': 0.3794778933705587}"
294,4,68,1080.1035778058717,"(0, 1, 2)","(0, 0, 0, 0)","{'ma1': -1.1526329100257038, 'ma2': 0.3667678075132766, 'drift': -23.270959451259763}"
295,5,13,145.0584967704727,"(1, 0, 0)","(0, 0, 0, 0)",
296,5,14,162.08241976094885,"(1, 0, 0)","(0, 0, 0, 0)",
297,5,15,179.8996204285821,"(1, 0, 0)","(0, 0, 0, 0)",
298,5,16,196.24395072866378,"(1, 0, 0)","(0, 0, 0, 0)",
299,5,17,212.74610579769748,"(1, 0, 0)","(0, 0, 0, 0)",
300,5,18,225.12747771565083,<statsmodels.tsa.arima.model.ARIMA object at 0x00000222647BF610>,"(0, 0, 0, 0)","const     3.075821e+03
ar.L1    -3.238774e-01
ar.L2    -5.607495e-01
sigma2    1.024362e+06
dtype: float64"
301,5,19,256.2719018708626,<statsmodels.tsa.arima.model.ARIMA object at 0x0000022264678D10>,"(0, 0, 0, 0)","const     3.445714e+03
sigma2    3.936346e+06
dtype: float64"
302,5,20,273.30548892235356,<statsmodels.tsa.arima.model.ARIMA object at 0x0000022265D940D0>,"(0, 0, 0, 0)","const     3.303376e+03
ar.L1    -3.013145e-01
ar.L2    -5.948703e-01
sigma2    2.742380e+06
dtype: float64"
303,5,21,290.371171685443,<statsmodels.tsa.arima.model.ARIMA object at 0x0000022264725290>,"(0, 0, 0, 0)","const     3.375001e+03
sigma2    3.518182e+06
dtype: float64"
304,5,22,307.30811497793735,<statsmodels.tsa.arima.model.ARIMA object at 0x0000022264A57E10>,"(0, 0, 0, 0)","const     3.345882e+03
sigma2    3.258440e+06
dtype: float64"
305,5,23,331.3747177774075,<statsmodels.tsa.arima.model.ARIMA object at 0x0000022265BA1210>,"(0, 0, 0, 0)","const     3.646665e+03
sigma2    4.604846e+06
dtype: float64"
306,5,24,349.0227718820166,<statsmodels.tsa.arima.model.ARIMA object at 0x0000022265C92910>,"(0, 0, 0, 0)","const     3.726306e+03
sigma2    4.546872e+06
dtype: float64"
307,5,25,366.69232554545215,<statsmodels.tsa.arima.model.ARIMA object at 0x0000022265C0C150>,"(0, 0, 0, 0)","const     3.647999e+03
sigma2    4.388783e+06
dtype: float64"
308,5,26,388.18910070837603,<statsmodels.tsa.arima.model.ARIMA object at 0x0000022265C5F5D0>,"(0, 0, 0, 0)","const     3.868571e+03
sigma2    5.195994e+06
dtype: float64"
309,5,27,405.6739050807399,<statsmodels.tsa.arima.model.ARIMA object at 0x0000022265CD35D0>,"(0, 0, 0, 0)","const     3.916348e+03
sigma2    5.019812e+06
dtype: float64"
310,5,28,423.0367020118324,<statsmodels.tsa.arima.model.ARIMA object at 0x0000022265BF1A10>,"(0, 0, 0, 0)","const     3.881755e+03
sigma2    4.831910e+06
dtype: float64"
311,5,29,441.7298285780122,<statsmodels.tsa.arima.model.ARIMA object at 0x0000022265D42610>,"(0, 0, 0, 0)","const     3.995000e+03
sigma2    4.903128e+06
dtype: float64"
312,5,30,445.294255919246,<statsmodels.tsa.arima.model.ARIMA object at 0x0000022265E0F410>,"(0, 0, 0, 0)","ar.L1    -7.414344e-01
ar.L2    -6.278657e-01
sigma2    5.387253e+06
dtype: float64"
313,5,31,463.4115603879014,<statsmodels.tsa.arima.model.ARIMA object at 0x0000022265D42F10>,"(0, 0, 0, 0)","ar.L1    -7.515120e-01
ar.L2    -6.061954e-01
sigma2    5.343756e+06
dtype: float64"
314,5,32,484.2482459465663,<statsmodels.tsa.arima.model.ARIMA object at 0x0000022265D240D0>,"(0, 0, 0, 0)","ar.L1    -7.640953e-01
ar.L2    -5.714916e-01
sigma2    5.904321e+06
dtype: float64"
315,5,33,502.9881772509648,<statsmodels.tsa.arima.model.ARIMA object at 0x0000022265D420D0>,"(0, 0, 0, 0)","ar.L1    -8.077216e-01
ar.L2    -5.741777e-01
sigma2    5.964307e+06
dtype: float64"
316,5,34,521.8295187931432,<statsmodels.tsa.arima.model.ARIMA object at 0x00000222641AE0D0>,"(0, 0, 0, 0)","ar.L1    -8.456309e-01
ar.L2    -5.520685e-01
sigma2    6.048703e+06
dtype: float64"
317,5,35,540.9031407816049,<statsmodels.tsa.arima.model.ARIMA object at 0x0000022265BB9D50>,"(0, 0, 0, 0)","ar.L1    -8.721987e-01
ar.L2    -5.165223e-01
sigma2    6.181503e+06
dtype: float64"
318,5,36,559.8358586588356,<statsmodels.tsa.arima.model.ARIMA object at 0x0000022265C92E10>,"(0, 0, 0, 0)","ar.L1    -8.949639e-01
ar.L2    -4.880707e-01
sigma2    6.275794e+06
dtype: float64"
319,5,37,577.273557532058,<statsmodels.tsa.arima.model.ARIMA object at 0x0000022265DD9250>,"(0, 0, 0, 0)","ar.L1    -8.935198e-01
ar.L2    -4.903448e-01
sigma2    6.061514e+06
dtype: float64"
320,5,38,595.5403676629089,<statsmodels.tsa.arima.model.ARIMA object at 0x0000022264B1E550>,"(0, 0, 0, 0)","ar.L1    -8.835650e-01
ar.L2    -4.576014e-01
sigma2    6.028151e+06
dtype: float64"
321,5,39,612.9364900660786,<statsmodels.tsa.arima.model.ARIMA object at 0x0000022265C5DF10>,"(0, 0, 0, 0)","ar.L1    -8.841594e-01
ar.L2    -4.577299e-01
sigma2    5.834027e+06
dtype: float64"
322,5,40,630.4826290398374,<statsmodels.tsa.arima.model.ARIMA object at 0x0000022265F0DB10>,"(0, 0, 0, 0)","ar.L1    -8.853268e-01
ar.L2    -4.625972e-01
sigma2    5.682719e+06
dtype: float64"
323,5,41,648.2884057936894,<statsmodels.tsa.arima.model.ARIMA object at 0x0000022264B1D290>,"(0, 0, 0, 0)","ar.L1    -8.955240e-01
ar.L2    -4.717053e-01
sigma2    5.584206e+06
dtype: float64"
324,5,42,665.7171006648483,<statsmodels.tsa.arima.model.ARIMA object at 0x0000022265EF9810>,"(0, 0, 0, 0)","ar.L1    -8.889711e-01
ar.L2    -4.699482e-01
sigma2    5.437561e+06
dtype: float64"
325,5,43,683.2641274085896,<statsmodels.tsa.arima.model.ARIMA object at 0x0000022265D25810>,"(0, 0, 0, 0)","ar.L1    -8.872605e-01
ar.L2    -4.609697e-01
sigma2    5.318876e+06
dtype: float64"
326,5,44,700.6134933590762,<statsmodels.tsa.arima.model.ARIMA object at 0x0000022264ABF0D0>,"(0, 0, 0, 0)","ar.L1    -8.879116e-01
ar.L2    -4.595758e-01
sigma2    5.180870e+06
dtype: float64"
327,5,45,719.5956023783614,<statsmodels.tsa.arima.model.ARIMA object at 0x0000022265E91010>,"(0, 0, 0, 0)","ar.L1    -8.845821e-01
ar.L2    -4.644299e-01
sigma2    5.275282e+06
dtype: float64"
328,5,46,737.0335720118576,<statsmodels.tsa.arima.model.ARIMA object at 0x0000022265E4CB10>,"(0, 0, 0, 0)","ar.L1    -8.733556e-01
ar.L2    -4.559412e-01
sigma2    5.160099e+06
dtype: float64"
329,5,47,754.2981647357661,<statsmodels.tsa.arima.model.ARIMA object at 0x0000022265FB64D0>,"(0, 0, 0, 0)","ar.L1    -8.733566e-01
ar.L2    -4.576910e-01
sigma2    5.029409e+06
dtype: float64"
330,5,48,772.3646564357005,<statsmodels.tsa.arima.model.ARIMA object at 0x0000022265D24C10>,"(0, 0, 0, 0)","ar.L1    -8.811939e-01
ar.L2    -4.714101e-01
sigma2    4.871496e+06
dtype: float64"
331,5,49,789.7042716342976,<statsmodels.tsa.arima.model.ARIMA object at 0x0000022265CD1510>,"(0, 0, 0, 0)","ar.L1    -8.894544e-01
ar.L2    -4.766393e-01
sigma2    4.769399e+06
dtype: float64"
332,5,50,807.5983661248821,<statsmodels.tsa.arima.model.ARIMA object at 0x0000022264B06ED0>,"(0, 0, 0, 0)","ar.L1    -8.785650e-01
ar.L2    -4.818102e-01
sigma2    4.856343e+06
dtype: float64"
333,5,51,825.5169784087574,<statsmodels.tsa.arima.model.ARIMA object at 0x0000022265C45F90>,"(0, 0, 0, 0)","ar.L1    -8.638549e-01
ar.L2    -4.591604e-01
sigma2    4.706551e+06
dtype: float64"
334,5,52,843.580489488087,<statsmodels.tsa.arima.model.ARIMA object at 0x0000022265C5EB50>,"(0, 0, 0, 0)","ar.L1    -8.619358e-01
ar.L2    -4.569328e-01
sigma2    4.692559e+06
dtype: float64"
335,5,53,862.6081366904729,<statsmodels.tsa.arima.model.ARIMA object at 0x0000022265DDAD50>,"(0, 0, 0, 0)","ar.L1    -8.819674e-01
ar.L2    -4.693915e-01
sigma2    4.774607e+06
dtype: float64"
336,5,54,879.8148714788297,<statsmodels.tsa.arima.model.ARIMA object at 0x0000022265FB7650>,"(0, 0, 0, 0)","ar.L1    -8.814371e-01
ar.L2    -4.694262e-01
sigma2    4.674487e+06
dtype: float64"
337,5,55,897.6036817321699,<statsmodels.tsa.arima.model.ARIMA object at 0x0000022265D24090>,"(0, 0, 0, 0)","ar.L1    -8.791597e-01
ar.L2    -4.848479e-01
sigma2    4.740367e+06
dtype: float64"
338,5,56,914.9080098228613,<statsmodels.tsa.arima.model.ARIMA object at 0x0000022265E73250>,"(0, 0, 0, 0)","ar.L1    -8.716065e-01
ar.L2    -4.752925e-01
sigma2    4.654726e+06
dtype: float64"
339,5,57,932.066640639437,<statsmodels.tsa.arima.model.ARIMA object at 0x0000022265E93690>,"(0, 0, 0, 0)","ar.L1    -8.717869e-01
ar.L2    -4.754791e-01
sigma2    4.559732e+06
dtype: float64"
340,5,58,949.2112199792402,<statsmodels.tsa.arima.model.ARIMA object at 0x0000022265E4F550>,"(0, 0, 0, 0)","ar.L1    -8.719435e-01
ar.L2    -4.762319e-01
sigma2    4.469041e+06
dtype: float64"
341,5,59,967.0466708033989,<statsmodels.tsa.arima.model.ARIMA object at 0x0000022265E92A10>,"(0, 0, 0, 0)","ar.L1    -8.679299e-01
ar.L2    -4.703182e-01
sigma2    4.442479e+06
dtype: float64"
342,5,60,984.2107098207298,<statsmodels.tsa.arima.model.ARIMA object at 0x0000022265D960D0>,"(0, 0, 0, 0)","ar.L1    -8.700278e-01
ar.L2    -4.717474e-01
sigma2    4.360908e+06
dtype: float64"
343,5,61,1004.4116150922183,<statsmodels.tsa.arima.model.ARIMA object at 0x0000022265D432D0>,"(0, 0, 0, 0)","ar.L1    -8.592462e-01
ar.L2    -4.745643e-01
sigma2    4.532862e+06
dtype: float64"
344,5,62,1021.5714263668808,<statsmodels.tsa.arima.model.ARIMA object at 0x0000022265C78710>,"(0, 0, 0, 0)","ar.L1    -8.553250e-01
ar.L2    -4.712952e-01
sigma2    4.451356e+06
dtype: float64"
345,5,63,1039.0312327851123,<statsmodels.tsa.arima.model.ARIMA object at 0x0000022265C92110>,"(0, 0, 0, 0)","ar.L1    -8.507131e-01
ar.L2    -4.759770e-01
sigma2    4.397772e+06
dtype: float64"
346,5,64,1056.2109929314693,<statsmodels.tsa.arima.model.ARIMA object at 0x0000022265D43C10>,"(0, 0, 0, 0)","ar.L1    -8.539735e-01
ar.L2    -4.812406e-01
sigma2    4.324537e+06
dtype: float64"
347,5,65,1073.3046751591403,<statsmodels.tsa.arima.model.ARIMA object at 0x0000022265EB5ED0>,"(0, 0, 0, 0)","ar.L1    -8.533231e-01
ar.L2    -4.809768e-01
sigma2    4.249022e+06
dtype: float64"
348,5,66,1028.6267981277751,"(0, 1, 2)","(0, 0, 0, 0)","{'ma1': -1.1636901571972735, 'ma2': 0.3983092572908111}"
349,5,67,1045.7718880195396,"(0, 1, 2)","(0, 0, 0, 0)","{'ma1': -1.15271493761182, 'ma2': 0.3817169292158465}"
350,5,68,1062.8689184547582,"(0, 1, 2)","(0, 0, 0, 0)","{'ma1': -1.145977994047549, 'ma2': 0.3748239967341435}"
351,6,14,145.59951011941538,"(1, 0, 0)","(0, 0, 0, 0)",
352,6,15,163.17715373680514,"(1, 0, 0)","(0, 0, 0, 0)",
353,6,16,179.59158786118934,"(1, 0, 0)","(0, 0, 0, 0)",
354,6,17,196.0419557642433,"(1, 0, 0)","(0, 0, 0, 0)",
355,6,18,212.2980972057974,"(1, 0, 0)","(0, 0, 0, 0)",
356,6,19,238.71777582276331,<statsmodels.tsa.arima.model.ARIMA object at 0x0000022266057550>,"(0, 0, 0, 0)","const     3.334259e+03
ar.L1    -4.224968e-01
ar.L2    -6.386595e-01
sigma2    2.966054e+06
dtype: float64"
357,6,20,255.49646411157045,<statsmodels.tsa.arima.model.ARIMA object at 0x00000222661AE4D0>,"(0, 0, 0, 0)","const     3.371303e+03
ar.L1    -3.072844e-01
ar.L2    -6.506130e-01
sigma2    2.679786e+06
dtype: float64"
358,6,21,273.16581333302315,<statsmodels.tsa.arima.model.ARIMA object at 0x0000022265BDAA90>,"(0, 0, 0, 0)","const     3.439992e+03
sigma2    3.701613e+06
dtype: float64"
359,6,22,290.16276116513507,<statsmodels.tsa.arima.model.ARIMA object at 0x0000022265F752D0>,"(0, 0, 0, 0)","const     3.405000e+03
sigma2    3.377328e+06
dtype: float64"
360,6,23,313.8229704597021,<statsmodels.tsa.arima.model.ARIMA object at 0x0000022266018650>,"(0, 0, 0, 0)","const     3.720012e+03
sigma2    4.904125e+06
dtype: float64"
361,6,24,331.4423405919785,<statsmodels.tsa.arima.model.ARIMA object at 0x0000022265CB4610>,"(0, 0, 0, 0)","const     3.800000e+03
sigma2    4.612755e+06
dtype: float64"
362,6,25,349.17512488367856,<statsmodels.tsa.arima.model.ARIMA object at 0x0000022265EDA950>,"(0, 0, 0, 0)","const     3.713688e+03
sigma2    4.570891e+06
dtype: float64"
363,6,26,370.4482004370716,<statsmodels.tsa.arima.model.ARIMA object at 0x0000022265BB9050>,"(0, 0, 0, 0)","const     3.942000e+03
sigma2    5.350886e+06
dtype: float64"
364,6,27,387.92510891839277,<statsmodels.tsa.arima.model.ARIMA object at 0x00000222660D8990>,"(0, 0, 0, 0)","const     3.988571e+03
sigma2    5.126596e+06
dtype: float64"
365,6,28,405.33184275398435,<statsmodels.tsa.arima.model.ARIMA object at 0x0000022264A79BD0>,"(0, 0, 0, 0)","const     3.949091e+03
sigma2    4.942574e+06
dtype: float64"
366,6,29,423.94377278224283,<statsmodels.tsa.arima.model.ARIMA object at 0x0000022266123C10>,"(0, 0, 0, 0)","const     4.064348e+03
sigma2    5.030249e+06
dtype: float64"
367,6,30,441.1802358272157,<statsmodels.tsa.arima.model.ARIMA object at 0x00000222644CE190>,"(0, 0, 0, 0)","const     4.064986e+03
sigma2    4.807900e+06
dtype: float64"
368,6,31,446.4499929905496,<statsmodels.tsa.arima.model.ARIMA object at 0x0000022266226110>,"(0, 0, 0, 0)","ar.L1    -7.510024e-01
ar.L2    -5.712139e-01
sigma2    5.447862e+06
dtype: float64"
369,6,32,467.0391738835847,<statsmodels.tsa.arima.model.ARIMA object at 0x0000022265B8BD10>,"(0, 0, 0, 0)","ar.L1    -7.633989e-01
ar.L2    -5.370672e-01
sigma2    6.038023e+06
dtype: float64"
370,6,33,485.71600911188125,<statsmodels.tsa.arima.model.ARIMA object at 0x00000222660564D0>,"(0, 0, 0, 0)","ar.L1    -8.061632e-01
ar.L2    -5.398744e-01
sigma2    6.104612e+06
dtype: float64"
371,6,34,504.4255356583206,<statsmodels.tsa.arima.model.ARIMA object at 0x0000022265CB7610>,"(0, 0, 0, 0)","ar.L1    -8.424027e-01
ar.L2    -5.191915e-01
sigma2    6.198409e+06
dtype: float64"
372,6,35,523.3418773376,<statsmodels.tsa.arima.model.ARIMA object at 0x000002226620E4D0>,"(0, 0, 0, 0)","ar.L1    -8.677658e-01
ar.L2    -4.858491e-01
sigma2    6.340804e+06
dtype: float64"
373,6,36,542.154102302364,<statsmodels.tsa.arima.model.ARIMA object at 0x0000022265EB6B90>,"(0, 0, 0, 0)","ar.L1    -8.896803e-01
ar.L2    -4.590931e-01
sigma2    6.440355e+06
dtype: float64"
374,6,37,559.6271537701315,<statsmodels.tsa.arima.model.ARIMA object at 0x0000022265FC92D0>,"(0, 0, 0, 0)","ar.L1    -8.874173e-01
ar.L2    -4.621885e-01
sigma2    6.212020e+06
dtype: float64"
375,6,38,577.818423946669,<statsmodels.tsa.arima.model.ARIMA object at 0x000002226620E510>,"(0, 0, 0, 0)","ar.L1    -8.780284e-01
ar.L2    -4.315328e-01
sigma2    6.174539e+06
dtype: float64"
376,6,39,595.2359958988279,<statsmodels.tsa.arima.model.ARIMA object at 0x0000022266071510>,"(0, 0, 0, 0)","ar.L1    -8.785593e-01
ar.L2    -4.318881e-01
sigma2    5.969138e+06
dtype: float64"
377,6,40,612.812449642888,<statsmodels.tsa.arima.model.ARIMA object at 0x0000022265FECA90>,"(0, 0, 0, 0)","ar.L1    -8.797710e-01
ar.L2    -4.369578e-01
sigma2    5.808243e+06
dtype: float64"
378,6,41,630.6434081710591,<statsmodels.tsa.arima.model.ARIMA object at 0x0000022266250C10>,"(0, 0, 0, 0)","ar.L1    -8.901393e-01
ar.L2    -4.462251e-01
sigma2    5.703234e+06
dtype: float64"
379,6,42,648.0937210773981,<statsmodels.tsa.arima.model.ARIMA object at 0x0000022266159E10>,"(0, 0, 0, 0)","ar.L1    -8.834586e-01
ar.L2    -4.445547e-01
sigma2    5.547782e+06
dtype: float64"
380,6,43,665.6298112203127,<statsmodels.tsa.arima.model.ARIMA object at 0x0000022266225FD0>,"(0, 0, 0, 0)","ar.L1    -8.819065e-01
ar.L2    -4.362709e-01
sigma2    5.423012e+06
dtype: float64"
381,6,44,682.990541331966,<statsmodels.tsa.arima.model.ARIMA object at 0x00000222646DCAD0>,"(0, 0, 0, 0)","ar.L1    -8.825580e-01
ar.L2    -4.350860e-01
sigma2    5.278300e+06
dtype: float64"
382,6,45,701.9810180392429,<statsmodels.tsa.arima.model.ARIMA object at 0x0000022262EF1390>,"(0, 0, 0, 0)","ar.L1    -8.791895e-01
ar.L2    -4.398299e-01
sigma2    5.371764e+06
dtype: float64"
383,6,46,719.4223600959284,<statsmodels.tsa.arima.model.ARIMA object at 0x0000022264577350>,"(0, 0, 0, 0)","ar.L1    -8.684014e-01
ar.L2    -4.318215e-01
sigma2    5.250206e+06
dtype: float64"
384,6,47,736.7095436248765,<statsmodels.tsa.arima.model.ARIMA object at 0x0000022266072610>,"(0, 0, 0, 0)","ar.L1    -8.683671e-01
ar.L2    -4.339627e-01
sigma2    5.113552e+06
dtype: float64"
385,6,48,754.8278056655378,<statsmodels.tsa.arima.model.ARIMA object at 0x0000022265D5B490>,"(0, 0, 0, 0)","ar.L1    -8.761272e-01
ar.L2    -4.475177e-01
sigma2    5.086673e+06
dtype: float64"
386,6,49,772.1864679703867,<statsmodels.tsa.arima.model.ARIMA object at 0x0000022265C27A10>,"(0, 0, 0, 0)","ar.L1    -8.845908e-01
ar.L2    -4.529490e-01
sigma2    4.972410e+06
dtype: float64"
387,6,50,790.1071983627827,<statsmodels.tsa.arima.model.ARIMA object at 0x0000022265BB89D0>,"(0, 0, 0, 0)","ar.L1    -8.736153e-01
ar.L2    -4.584049e-01
sigma2    4.928697e+06
dtype: float64"
388,6,51,807.9887050644343,<statsmodels.tsa.arima.model.ARIMA object at 0x0000022264409190>,"(0, 0, 0, 0)","ar.L1    -8.593425e-01
ar.L2    -4.367000e-01
sigma2    4.895331e+06
dtype: float64"
389,6,52,826.0492171018478,<statsmodels.tsa.arima.model.ARIMA object at 0x0000022266273A50>,"(0, 0, 0, 0)","ar.L1    -8.574404e-01
ar.L2    -4.345203e-01
sigma2    4.875980e+06
dtype: float64"
390,6,53,845.0772897759415,<statsmodels.tsa.arima.model.ARIMA object at 0x0000022264292310>,"(0, 0, 0, 0)","ar.L1    -8.775466e-01
ar.L2    -4.469443e-01
sigma2    4.959267e+06
dtype: float64"
391,6,54,862.2986971753458,<statsmodels.tsa.arima.model.ARIMA object at 0x0000022266071CD0>,"(0, 0, 0, 0)","ar.L1    -8.767884e-01
ar.L2    -4.470033e-01
sigma2    4.849180e+06
dtype: float64"
392,6,55,880.1409643047039,<statsmodels.tsa.arima.model.ARIMA object at 0x0000022264839510>,"(0, 0, 0, 0)","ar.L1    -8.745435e-01
ar.L2    -4.632649e-01
sigma2    4.802134e+06
dtype: float64"
393,6,56,897.4366776975127,<statsmodels.tsa.arima.model.ARIMA object at 0x0000022265C26310>,"(0, 0, 0, 0)","ar.L1    -8.677130e-01
ar.L2    -4.547503e-01
sigma2    4.713286e+06
dtype: float64"
394,6,57,914.609465477158,<statsmodels.tsa.arima.model.ARIMA object at 0x0000022265FC81D0>,"(0, 0, 0, 0)","ar.L1    -8.678486e-01
ar.L2    -4.550202e-01
sigma2    4.615093e+06
dtype: float64"
395,6,58,931.7700360697263,<statsmodels.tsa.arima.model.ARIMA object at 0x00000222662AE4D0>,"(0, 0, 0, 0)","ar.L1    -8.680171e-01
ar.L2    -4.559547e-01
sigma2    4.521384e+06
dtype: float64"
396,6,59,949.5940247718258,<statsmodels.tsa.arima.model.ARIMA object at 0x0000022265CD2ED0>,"(0, 0, 0, 0)","ar.L1    -8.640609e-01
ar.L2    -4.501798e-01
sigma2    4.493267e+06
dtype: float64"
397,6,60,966.7717941986966,<statsmodels.tsa.arima.model.ARIMA object at 0x00000222660D8450>,"(0, 0, 0, 0)","ar.L1    -8.661984e-01
ar.L2    -4.516982e-01
sigma2    4.409196e+06
dtype: float64"
398,6,61,986.9756103231002,<statsmodels.tsa.arima.model.ARIMA object at 0x00000222661AE290>,"(0, 0, 0, 0)","ar.L1    -8.553342e-01
ar.L2    -4.542944e-01
sigma2    4.582365e+06
dtype: float64"
399,6,62,1004.1423774764094,<statsmodels.tsa.arima.model.ARIMA object at 0x0000022262D5A8D0>,"(0, 0, 0, 0)","ar.L1    -8.519422e-01
ar.L2    -4.515485e-01
sigma2    4.498233e+06
dtype: float64"
400,6,63,1021.6362875321006,<statsmodels.tsa.arima.model.ARIMA object at 0x00000222662CE110>,"(0, 0, 0, 0)","ar.L1    -8.471442e-01
ar.L2    -4.563791e-01
sigma2    4.442076e+06
dtype: float64"
401,6,64,1038.8428179189477,<statsmodels.tsa.arima.model.ARIMA object at 0x0000022262EB3850>,"(0, 0, 0, 0)","ar.L1    -8.507206e-01
ar.L2    -4.621779e-01
sigma2    4.366657e+06
dtype: float64"
402,6,65,1055.9487112594227,<statsmodels.tsa.arima.model.ARIMA object at 0x000002226601AB50>,"(0, 0, 0, 0)","ar.L1    -8.501052e-01
ar.L2    -4.619983e-01
sigma2    4.288996e+06
dtype: float64"
403,6,66,1074.0415906255025,<statsmodels.tsa.arima.model.ARIMA object at 0x0000022266323010>,"(0, 0, 0, 0)","ar.L1    -8.475944e-01
ar.L2    -4.689886e-01
sigma2    4.285119e+06
dtype: float64"
404,6,67,1028.3459760791516,"(0, 1, 2)","(0, 0, 0, 0)","{'ma1': -1.1593634287987602, 'ma2': 0.3756631862217048, 'drift': -24.836191326758325}"
405,6,68,1045.4610512748125,"(0, 1, 2)","(0, 0, 0, 0)","{'ma1': -1.1533349158560857, 'ma2': 0.36765839782508275, 'drift': -27.392499509578933}"
406,7,15,146.61613660907463,"(1, 0, 0)","(0, 0, 0, 0)",
407,7,16,163.13323399472918,"(1, 0, 0)","(0, 0, 0, 0)",
408,7,17,179.69532323126265,"(1, 0, 0)","(0, 0, 0, 0)",
409,7,18,196.0467985029253,"(1, 0, 0)","(0, 0, 0, 0)",
410,7,19,222.7008589579476,"(1, 0, 0)","(0, 0, 0, 0)",
411,7,20,238.8260322139515,<statsmodels.tsa.arima.model.ARIMA object at 0x00000222663A1ED0>,"(0, 0, 0, 0)","const     3.354828e+03
ar.L1    -2.955275e-01
ar.L2    -6.469669e-01
sigma2    2.879692e+06
dtype: float64"
412,7,21,256.17906455142804,<statsmodels.tsa.arima.model.ARIMA object at 0x00000222660B70D0>,"(0, 0, 0, 0)","const     3.428571e+03
sigma2    3.940918e+06
dtype: float64"
413,7,22,273.23296209435455,<statsmodels.tsa.arima.model.ARIMA object at 0x0000022265BDBB10>,"(0, 0, 0, 0)","const     3.392000e+03
sigma2    3.653762e+06
dtype: float64"
414,7,23,296.5643891769374,<statsmodels.tsa.arima.model.ARIMA object at 0x0000022266308290>,"(0, 0, 0, 0)","const     3.727499e+03
sigma2    5.030988e+06
dtype: float64"
415,7,24,314.2167302062127,<statsmodels.tsa.arima.model.ARIMA object at 0x000002226653BC10>,"(0, 0, 0, 0)","const     3.811766e+03
sigma2    5.022865e+06
dtype: float64"
416,7,25,331.97814358222854,<statsmodels.tsa.arima.model.ARIMA object at 0x000002226636E950>,"(0, 0, 0, 0)","const     3.720000e+03
sigma2    4.810296e+06
dtype: float64"
417,7,26,353.0779797126477,<statsmodels.tsa.arima.model.ARIMA object at 0x000002226636CA10>,"(0, 0, 0, 0)","const     3.960002e+03
sigma2    5.612051e+06
dtype: float64"
418,7,27,370.5892901971424,<statsmodels.tsa.arima.model.ARIMA object at 0x000002226636F190>,"(0, 0, 0, 0)","const     4.008003e+03
sigma2    5.382085e+06
dtype: float64"
419,7,28,388.0410692535206,<statsmodels.tsa.arima.model.ARIMA object at 0x0000022266500410>,"(0, 0, 0, 0)","const     3.965699e+03
sigma2    5.157259e+06
dtype: float64"
420,7,29,406.6208363993991,<statsmodels.tsa.arima.model.ARIMA object at 0x0000022266572350>,"(0, 0, 0, 0)","const     4.085469e+03
sigma2    5.266466e+06
dtype: float64"
421,7,30,423.89855307197246,<statsmodels.tsa.arima.model.ARIMA object at 0x00000222665731D0>,"(0, 0, 0, 0)","const     4.085217e+03
sigma2    5.022489e+06
dtype: float64"
422,7,31,441.7721804421101,<statsmodels.tsa.arima.model.ARIMA object at 0x000002226636EBD0>,"(0, 0, 0, 0)","const     4.160000e+03
sigma2    4.910855e+06
dtype: float64"
423,7,32,450.5616388171147,<statsmodels.tsa.arima.model.ARIMA object at 0x00000222665EB990>,"(0, 0, 0, 0)","ar.L1    -7.305718e-01
ar.L2    -5.513173e-01
sigma2    6.253389e+06
dtype: float64"
424,7,33,469.36009082957844,<statsmodels.tsa.arima.model.ARIMA object at 0x0000022265E24510>,"(0, 0, 0, 0)","ar.L1    -7.762251e-01
ar.L2    -5.533785e-01
sigma2    6.303471e+06
dtype: float64"
425,7,34,488.21766510850983,<statsmodels.tsa.arima.model.ARIMA object at 0x00000222665CC050>,"(0, 0, 0, 0)","ar.L1    -8.154373e-01
ar.L2    -5.292822e-01
sigma2    6.378878e+06
dtype: float64"
426,7,35,507.2451609125331,<statsmodels.tsa.arima.model.ARIMA object at 0x0000022266558890>,"(0, 0, 0, 0)","ar.L1    -8.424539e-01
ar.L2    -4.918173e-01
sigma2    6.505332e+06
dtype: float64"
427,7,36,526.143405342343,<statsmodels.tsa.arima.model.ARIMA object at 0x00000222664E8F10>,"(0, 0, 0, 0)","ar.L1    -8.655213e-01
ar.L2    -4.619741e-01
sigma2    6.590084e+06
dtype: float64"
428,7,37,543.6916680738359,<statsmodels.tsa.arima.model.ARIMA object at 0x000002226483BE90>,"(0, 0, 0, 0)","ar.L1    -8.643909e-01
ar.L2    -4.643824e-01
sigma2    6.348673e+06
dtype: float64"
429,7,38,561.9308179776151,<statsmodels.tsa.arima.model.ARIMA object at 0x0000022266571CD0>,"(0, 0, 0, 0)","ar.L1    -8.548205e-01
ar.L2    -4.319544e-01
sigma2    6.301002e+06
dtype: float64"
430,7,39,579.4320626246707,<statsmodels.tsa.arima.model.ARIMA object at 0x00000222664E89D0>,"(0, 0, 0, 0)","ar.L1    -8.555866e-01
ar.L2    -4.322397e-01
sigma2    6.084035e+06
dtype: float64"
431,7,40,597.0699888319256,<statsmodels.tsa.arima.model.ARIMA object at 0x000002226668F250>,"(0, 0, 0, 0)","ar.L1    -8.569051e-01
ar.L2    -4.374473e-01
sigma2    5.914571e+06
dtype: float64"
432,7,41,614.9599123541723,<statsmodels.tsa.arima.model.ARIMA object at 0x00000222664E9750>,"(0, 0, 0, 0)","ar.L1    -8.675516e-01
ar.L2    -4.470292e-01
sigma2    5.801928e+06
dtype: float64"
433,7,42,632.4636602906136,<statsmodels.tsa.arima.model.ARIMA object at 0x00000222664954D0>,"(0, 0, 0, 0)","ar.L1    -8.615688e-01
ar.L2    -4.456446e-01
sigma2    5.639839e+06
dtype: float64"
434,7,43,650.07089834608,<statsmodels.tsa.arima.model.ARIMA object at 0x0000022266524990>,"(0, 0, 0, 0)","ar.L1    -8.600627e-01
ar.L2    -4.368137e-01
sigma2    5.507333e+06
dtype: float64"
435,7,44,667.5067382615929,<statsmodels.tsa.arima.model.ARIMA object at 0x0000022266573AD0>,"(0, 0, 0, 0)","ar.L1    -8.608531e-01
ar.L2    -4.355289e-01
sigma2    5.355510e+06
dtype: float64"
436,7,45,686.4313072107544,<statsmodels.tsa.arima.model.ARIMA object at 0x00000222665CD610>,"(0, 0, 0, 0)","ar.L1    -8.574183e-01
ar.L2    -4.404984e-01
sigma2    5.450946e+06
dtype: float64"
437,7,46,703.9145211782737,<statsmodels.tsa.arima.model.ARIMA object at 0x0000022266322CD0>,"(0, 0, 0, 0)","ar.L1    -8.473841e-01
ar.L2    -4.329546e-01
sigma2    5.324881e+06
dtype: float64"
438,7,47,721.2659664057278,<statsmodels.tsa.arima.model.ARIMA object at 0x00000222665E8B50>,"(0, 0, 0, 0)","ar.L1    -8.474970e-01
ar.L2    -4.349532e-01
sigma2    5.182783e+06
dtype: float64"
439,7,48,739.39404077034,<statsmodels.tsa.arima.model.ARIMA object at 0x00000222666A7610>,"(0, 0, 0, 0)","ar.L1    -8.552999e-01
ar.L2    -4.488575e-01
sigma2    5.153841e+06
dtype: float64"
440,7,49,756.830156417846,<statsmodels.tsa.arima.model.ARIMA object at 0x000002226779CA90>,"(0, 0, 0, 0)","ar.L1    -8.645193e-01
ar.L2    -4.547268e-01
sigma2    5.034130e+06
dtype: float64"
441,7,50,774.7236545442345,<statsmodels.tsa.arima.model.ARIMA object at 0x00000222665CDB50>,"(0, 0, 0, 0)","ar.L1    -8.539560e-01
ar.L2    -4.603944e-01
sigma2    4.990529e+06
dtype: float64"
442,7,51,792.6249548453675,<statsmodels.tsa.arima.model.ARIMA object at 0x00000222644755D0>,"(0, 0, 0, 0)","ar.L1    -8.396341e-01
ar.L2    -4.381490e-01
sigma2    4.954452e+06
dtype: float64"
443,7,52,810.6946833892982,<statsmodels.tsa.arima.model.ARIMA object at 0x0000022266646010>,"(0, 0, 0, 0)","ar.L1    -8.377438e-01
ar.L2    -4.359324e-01
sigma2    4.933278e+06
dtype: float64"
444,7,53,829.7202576240612,<statsmodels.tsa.arima.model.ARIMA object at 0x0000022264107550>,"(0, 0, 0, 0)","ar.L1    -8.581268e-01
ar.L2    -4.485762e-01
sigma2    5.015334e+06
dtype: float64"
445,7,54,847.0005273005543,<statsmodels.tsa.arima.model.ARIMA object at 0x0000022266500C10>,"(0, 0, 0, 0)","ar.L1    -8.585819e-01
ar.L2    -4.489348e-01
sigma2    4.901628e+06
dtype: float64"
446,7,55,864.8219779589567,<statsmodels.tsa.arima.model.ARIMA object at 0x000002226668D1D0>,"(0, 0, 0, 0)","ar.L1    -8.564568e-01
ar.L2    -4.652071e-01
sigma2    4.854626e+06
dtype: float64"
447,7,56,882.1640744547556,<statsmodels.tsa.arima.model.ARIMA object at 0x00000222666D9550>,"(0, 0, 0, 0)","ar.L1    -8.498100e-01
ar.L2    -4.566938e-01
sigma2    4.762780e+06
dtype: float64"
448,7,57,899.3936750582452,<statsmodels.tsa.arima.model.ARIMA object at 0x0000022266105910>,"(0, 0, 0, 0)","ar.L1    -8.501446e-01
ar.L2    -4.569713e-01
sigma2    4.661445e+06
dtype: float64"
449,7,58,916.6084034117495,<statsmodels.tsa.arima.model.ARIMA object at 0x00000222665EA4D0>,"(0, 0, 0, 0)","ar.L1    -8.503933e-01
ar.L2    -4.578673e-01
sigma2    4.564880e+06
dtype: float64"
450,7,59,934.4496092809115,<statsmodels.tsa.arima.model.ARIMA object at 0x00000222677D6E10>,"(0, 0, 0, 0)","ar.L1    -8.464397e-01
ar.L2    -4.519669e-01
sigma2    4.535244e+06
dtype: float64"
451,7,60,951.6838314013708,<statsmodels.tsa.arima.model.ARIMA object at 0x000002226780E4D0>,"(0, 0, 0, 0)","ar.L1    -8.487532e-01
ar.L2    -4.535668e-01
sigma2    4.448507e+06
dtype: float64"
452,7,61,971.7348588823016,<statsmodels.tsa.arima.model.ARIMA object at 0x0000022267768050>,"(0, 0, 0, 0)","ar.L1    -8.377652e-01
ar.L2    -4.563985e-01
sigma2    4.626122e+06
dtype: float64"
453,7,62,988.9461495004336,<statsmodels.tsa.arima.model.ARIMA object at 0x0000022266593F10>,"(0, 0, 0, 0)","ar.L1    -8.349977e-01
ar.L2    -4.541098e-01
sigma2    4.539755e+06
dtype: float64"
454,7,63,1006.4428685753162,<statsmodels.tsa.arima.model.ARIMA object at 0x00000222664EA050>,"(0, 0, 0, 0)","ar.L1    -8.304400e-01
ar.L2    -4.589576e-01
sigma2    4.482846e+06
dtype: float64"
455,7,64,1023.6938140452429,<statsmodels.tsa.arima.model.ARIMA object at 0x00000222662F1210>,"(0, 0, 0, 0)","ar.L1    -8.340657e-01
ar.L2    -4.648359e-01
sigma2    4.405359e+06
dtype: float64"
456,7,65,1040.846790631854,<statsmodels.tsa.arima.model.ARIMA object at 0x000002226653BC90>,"(0, 0, 0, 0)","ar.L1    -8.337248e-01
ar.L2    -4.647741e-01
sigma2    4.325649e+06
dtype: float64"
457,7,66,1058.9121816398247,<statsmodels.tsa.arima.model.ARIMA object at 0x00000222678A1FD0>,"(0, 0, 0, 0)","ar.L1    -8.312314e-01
ar.L2    -4.719008e-01
sigma2    4.322000e+06
dtype: float64"
458,7,67,1076.1174885982587,<statsmodels.tsa.arima.model.ARIMA object at 0x000002226780C790>,"(0, 0, 0, 0)","ar.L1    -8.269053e-01
ar.L2    -4.677232e-01
sigma2    4.253518e+06
dtype: float64"
459,7,68,1026.552080337305,"(0, 1, 2)","(0, 0, 0, 0)","{'ma1': -1.1269601521850672, 'ma2': 0.3625153388890237}"
460,8,16,145.52066955453122,"(1, 0, 0)","(0, 0, 0, 0)",
461,8,17,161.91970699061216,"(1, 0, 0)","(0, 0, 0, 0)",
462,8,18,178.19679467389193,"(1, 0, 0)","(0, 0, 0, 0)",
463,8,19,205.48651370192385,"(1, 0, 0)","(0, 0, 0, 0)",
464,8,20,223.21076168926956,"(1, 0, 0)","(0, 0, 0, 0)",
465,8,21,238.53196559156586,<statsmodels.tsa.arima.model.ARIMA object at 0x0000022264350AD0>,"(0, 0, 0, 0)","const     3.544614e+03
sigma2    3.948944e+06
dtype: float64"
466,8,22,255.64398715577423,<statsmodels.tsa.arima.model.ARIMA object at 0x0000022266500310>,"(0, 0, 0, 0)","const     3.497141e+03
sigma2    3.732464e+06
dtype: float64"
467,8,23,278.59234850616036,<statsmodels.tsa.arima.model.ARIMA object at 0x0000022266558E50>,"(0, 0, 0, 0)","const     3.848000e+03
sigma2    5.200580e+06
dtype: float64"
468,8,24,296.1931797350101,<statsmodels.tsa.arima.model.ARIMA object at 0x0000022267840F90>,"(0, 0, 0, 0)","const     3.930000e+03
sigma2    5.054849e+06
dtype: float64"
469,8,25,314.0434168647342,<statsmodels.tsa.arima.model.ARIMA object at 0x0000022267782690>,"(0, 0, 0, 0)","const     3.825871e+03
sigma2    4.984701e+06
dtype: float64"
470,8,26,334.9168699116027,<statsmodels.tsa.arima.model.ARIMA object at 0x000002226668D810>,"(0, 0, 0, 0)","const     4.073336e+03
sigma2    5.615452e+06
dtype: float64"
471,8,27,352.4006058304643,<statsmodels.tsa.arima.model.ARIMA object at 0x00000222677D7610>,"(0, 0, 0, 0)","const     4.117893e+03
sigma2    5.421887e+06
dtype: float64"
472,8,28,369.8968986329534,<statsmodels.tsa.arima.model.ARIMA object at 0x00000222662F1950>,"(0, 0, 0, 0)","const     4.067986e+03
sigma2    5.229592e+06
dtype: float64"
473,8,29,388.37246747627137,<statsmodels.tsa.arima.model.ARIMA object at 0x00000222677F9CD0>,"(0, 0, 0, 0)","const     4.188556e+03
sigma2    5.243473e+06
dtype: float64"
474,8,30,405.65508652882517,<statsmodels.tsa.arima.model.ARIMA object at 0x00000222665EAA50>,"(0, 0, 0, 0)","const     4.183652e+03
sigma2    5.015586e+06
dtype: float64"
475,8,31,423.4634362955762,<statsmodels.tsa.arima.model.ARIMA object at 0x0000022267878950>,"(0, 0, 0, 0)","const     4.257391e+03
sigma2    4.952553e+06
dtype: float64"
476,8,32,442.00217395641056,<statsmodels.tsa.arima.model.ARIMA object at 0x00000222662F2C90>,"(0, 0, 0, 0)","const     4.149986e+03
sigma2    4.953647e+06
dtype: float64"
477,8,33,449.3532180283637,<statsmodels.tsa.arima.model.ARIMA object at 0x00000222679BEF90>,"(0, 0, 0, 0)","ar.L1    -8.062931e-01
ar.L2    -5.818235e-01
sigma2    6.313544e+06
dtype: float64"
478,8,34,468.2003009067979,<statsmodels.tsa.arima.model.ARIMA object at 0x00000222678628D0>,"(0, 0, 0, 0)","ar.L1    -8.461053e-01
ar.L2    -5.608083e-01
sigma2    6.382465e+06
dtype: float64"
479,8,35,487.2715069865911,<statsmodels.tsa.arima.model.ARIMA object at 0x0000022267923CD0>,"(0, 0, 0, 0)","ar.L1    -8.740833e-01
ar.L2    -5.262897e-01
sigma2    6.497135e+06
dtype: float64"
480,8,36,506.20730335341636,<statsmodels.tsa.arima.model.ARIMA object at 0x000002226779E4D0>,"(0, 0, 0, 0)","ar.L1    -8.980132e-01
ar.L2    -4.987614e-01
sigma2    6.572534e+06
dtype: float64"
481,8,37,523.7079031520389,<statsmodels.tsa.arima.model.ARIMA object at 0x0000022267960DD0>,"(0, 0, 0, 0)","ar.L1    -8.968463e-01
ar.L2    -5.007788e-01
sigma2    6.323464e+06
dtype: float64"
482,8,38,542.0141154699973,<statsmodels.tsa.arima.model.ARIMA object at 0x0000022267843550>,"(0, 0, 0, 0)","ar.L1    -8.865688e-01
ar.L2    -4.678018e-01
sigma2    6.258250e+06
dtype: float64"
483,8,39,559.4718607125571,<statsmodels.tsa.arima.model.ARIMA object at 0x00000222677B5F10>,"(0, 0, 0, 0)","ar.L1    -8.872498e-01
ar.L2    -4.679271e-01
sigma2    6.034953e+06
dtype: float64"
484,8,40,577.0619596247309,<statsmodels.tsa.arima.model.ARIMA object at 0x0000022267A9CAD0>,"(0, 0, 0, 0)","ar.L1    -8.884561e-01
ar.L2    -4.726968e-01
sigma2    5.863535e+06
dtype: float64"
485,8,41,594.8935189039353,<statsmodels.tsa.arima.model.ARIMA object at 0x0000022267823490>,"(0, 0, 0, 0)","ar.L1    -8.988895e-01
ar.L2    -4.818680e-01
sigma2    5.753414e+06
dtype: float64"
486,8,42,612.3697030525967,<statsmodels.tsa.arima.model.ARIMA object at 0x000002226670AD50>,"(0, 0, 0, 0)","ar.L1    -8.921598e-01
ar.L2    -4.800274e-01
sigma2    5.586310e+06
dtype: float64"
487,8,43,629.9659302424936,<statsmodels.tsa.arima.model.ARIMA object at 0x00000222678206D0>,"(0, 0, 0, 0)","ar.L1    -8.904210e-01
ar.L2    -4.709146e-01
sigma2    5.447447e+06
dtype: float64"
488,8,44,647.3637230668671,<statsmodels.tsa.arima.model.ARIMA object at 0x0000022267961510>,"(0, 0, 0, 0)","ar.L1    -8.911177e-01
ar.L2    -4.695235e-01
sigma2    5.292187e+06
dtype: float64"
489,8,45,666.3071092566747,<statsmodels.tsa.arima.model.ARIMA object at 0x0000022267843690>,"(0, 0, 0, 0)","ar.L1    -8.876870e-01
ar.L2    -4.742431e-01
sigma2    5.394128e+06
dtype: float64"
490,8,46,683.7892578445751,<statsmodels.tsa.arima.model.ARIMA object at 0x000002226779E610>,"(0, 0, 0, 0)","ar.L1    -8.759652e-01
ar.L2    -4.654728e-01
sigma2    5.262084e+06
dtype: float64"
491,8,47,701.0963476911244,<statsmodels.tsa.arima.model.ARIMA object at 0x0000022266251C50>,"(0, 0, 0, 0)","ar.L1    -8.759971e-01
ar.L2    -4.670644e-01
sigma2    5.118388e+06
dtype: float64"
492,8,48,719.1732413566904,<statsmodels.tsa.arima.model.ARIMA object at 0x0000022267ABE4D0>,"(0, 0, 0, 0)","ar.L1    -8.837417e-01
ar.L2    -4.803379e-01
sigma2    5.095628e+06
dtype: float64"
493,8,49,736.5466437460589,<statsmodels.tsa.arima.model.ARIMA object at 0x0000022267B254D0>,"(0, 0, 0, 0)","ar.L1    -8.921452e-01
ar.L2    -4.856444e-01
sigma2    4.976385e+06
dtype: float64"
494,8,50,754.4285171848508,<statsmodels.tsa.arima.model.ARIMA object at 0x0000022267ABC650>,"(0, 0, 0, 0)","ar.L1    -8.812978e-01
ar.L2    -4.907180e-01
sigma2    4.934460e+06
dtype: float64"
495,8,51,772.3936827469659,<statsmodels.tsa.arima.model.ARIMA object at 0x0000022267AF8510>,"(0, 0, 0, 0)","ar.L1    -8.657986e-01
ar.L2    -4.674496e-01
sigma2    4.890710e+06
dtype: float64"
496,8,52,790.4647912769807,<statsmodels.tsa.arima.model.ARIMA object at 0x000002226779CE10>,"(0, 0, 0, 0)","ar.L1    -8.638389e-01
ar.L2    -4.652100e-01
sigma2    4.869751e+06
dtype: float64"
497,8,53,809.4576748464592,<statsmodels.tsa.arima.model.ARIMA object at 0x0000022267862D50>,"(0, 0, 0, 0)","ar.L1    -8.843349e-01
ar.L2    -4.779455e-01
sigma2    4.960158e+06
dtype: float64"
498,8,54,826.7002065790205,<statsmodels.tsa.arima.model.ARIMA object at 0x0000022267A4BBD0>,"(0, 0, 0, 0)","ar.L1    -8.838625e-01
ar.L2    -4.779765e-01
sigma2    4.844945e+06
dtype: float64"
499,8,55,844.4705829824056,<statsmodels.tsa.arima.model.ARIMA object at 0x0000022267B42650>,"(0, 0, 0, 0)","ar.L1    -8.817381e-01
ar.L2    -4.931108e-01
sigma2    4.802832e+06
dtype: float64"
500,8,56,861.813464006516,<statsmodels.tsa.arima.model.ARIMA object at 0x000002226668C450>,"(0, 0, 0, 0)","ar.L1    -8.737290e-01
ar.L2    -4.831454e-01
sigma2    4.707025e+06
dtype: float64"
501,8,57,879.0050495619965,<statsmodels.tsa.arima.model.ARIMA object at 0x0000022267B64A90>,"(0, 0, 0, 0)","ar.L1    -8.739377e-01
ar.L2    -4.833195e-01
sigma2    4.604699e+06
dtype: float64"
502,8,58,896.180513705224,<statsmodels.tsa.arima.model.ARIMA object at 0x0000022267A9FED0>,"(0, 0, 0, 0)","ar.L1    -8.741018e-01
ar.L2    -4.840143e-01
sigma2    4.507463e+06
dtype: float64"
503,8,59,914.0314323992474,<statsmodels.tsa.arima.model.ARIMA object at 0x0000022267A23510>,"(0, 0, 0, 0)","ar.L1    -8.699817e-01
ar.L2    -4.780559e-01
sigma2    4.476630e+06
dtype: float64"
504,8,60,931.2234858379273,<statsmodels.tsa.arima.model.ARIMA object at 0x00000222679BCB10>,"(0, 0, 0, 0)","ar.L1    -8.721155e-01
ar.L2    -4.794867e-01
sigma2    4.389730e+06
dtype: float64"
505,8,61,951.3544496406586,<statsmodels.tsa.arima.model.ARIMA object at 0x00000222679BCAD0>,"(0, 0, 0, 0)","ar.L1    -8.610999e-01
ar.L2    -4.821059e-01
sigma2    4.572503e+06
dtype: float64"
506,8,62,968.5451601866919,<statsmodels.tsa.arima.model.ARIMA object at 0x00000222677B7E90>,"(0, 0, 0, 0)","ar.L1    -8.568956e-01
ar.L2    -4.786112e-01
sigma2    4.484464e+06
dtype: float64"
507,8,63,986.0148893126135,<statsmodels.tsa.arima.model.ARIMA object at 0x000002226780D910>,"(0, 0, 0, 0)","ar.L1    -8.522468e-01
ar.L2    -4.831093e-01
sigma2    4.428529e+06
dtype: float64"
508,8,64,1003.2150312775246,<statsmodels.tsa.arima.model.ARIMA object at 0x0000022267840490>,"(0, 0, 0, 0)","ar.L1    -8.554599e-01
ar.L2    -4.881873e-01
sigma2    4.352021e+06
dtype: float64"
509,8,65,1020.3352521699055,<statsmodels.tsa.arima.model.ARIMA object at 0x0000022265E91750>,"(0, 0, 0, 0)","ar.L1    -8.547881e-01
ar.L2    -4.878967e-01
sigma2    4.271690e+06
dtype: float64"
510,8,66,1038.3857267421797,<statsmodels.tsa.arima.model.ARIMA object at 0x00000222666F6190>,"(0, 0, 0, 0)","ar.L1    -8.522868e-01
ar.L2    -4.947199e-01
sigma2    4.270517e+06
dtype: float64"
511,8,67,1055.5796604243328,<statsmodels.tsa.arima.model.ARIMA object at 0x000002226636E850>,"(0, 0, 0, 0)","ar.L1    -8.472715e-01
ar.L2    -4.899368e-01
sigma2    4.200481e+06
dtype: float64"
512,8,68,1072.6644707912815,<statsmodels.tsa.arima.model.ARIMA object at 0x0000022267BEEC10>,"(0, 0, 0, 0)","ar.L1    -8.475712e-01
ar.L2    -4.898245e-01
sigma2    4.126870e+06
dtype: float64"
513,9,17,145.44656118591047,"(1, 0, 0)","(0, 0, 0, 0)",
514,9,18,161.8173399221831,"(1, 0, 0)","(0, 0, 0, 0)",
515,9,19,187.7893660552656,"(1, 0, 0)","(0, 0, 0, 0)",
516,9,20,205.73127156393252,"(1, 0, 0)","(0, 0, 0, 0)",
517,9,21,223.08908300256908,"(1, 0, 0)","(0, 0, 0, 0)",
518,9,22,238.5021273751334,<statsmodels.tsa.arima.model.ARIMA object at 0x00000222666F7110>,"(0, 0, 0, 0)","const     3.443078e+03
sigma2    4.064314e+06
dtype: float64"
519,9,23,261.22837196202283,<statsmodels.tsa.arima.model.ARIMA object at 0x0000022267BEC050>,"(0, 0, 0, 0)","const     3.822857e+03
sigma2    5.610055e+06
dtype: float64"
520,9,24,278.8840681725138,<statsmodels.tsa.arima.model.ARIMA object at 0x0000022267BAC250>,"(0, 0, 0, 0)","const     3.911989e+03
sigma2    5.367981e+06
dtype: float64"
521,9,25,296.74383018004164,<statsmodels.tsa.arima.model.ARIMA object at 0x00000222679E1410>,"(0, 0, 0, 0)","const     3.802500e+03
sigma2    5.226113e+06
dtype: float64"
522,9,26,317.5028919159871,<statsmodels.tsa.arima.model.ARIMA object at 0x0000022267A01650>,"(0, 0, 0, 0)","const     4.065883e+03
sigma2    6.061596e+06
dtype: float64"
523,9,27,335.035514569081,<statsmodels.tsa.arima.model.ARIMA object at 0x0000022267B65990>,"(0, 0, 0, 0)","const     4.113332e+03
sigma2    5.652306e+06
dtype: float64"
524,9,28,352.572118688589,<statsmodels.tsa.arima.model.ARIMA object at 0x0000022267BAC450>,"(0, 0, 0, 0)","const     4.061050e+03
sigma2    5.470830e+06
dtype: float64"
525,9,29,371.0444688220699,<statsmodels.tsa.arima.model.ARIMA object at 0x0000022267CB6FD0>,"(0, 0, 0, 0)","const     4.187984e+03
sigma2    5.489131e+06
dtype: float64"
526,9,30,388.3745748292565,<statsmodels.tsa.arima.model.ARIMA object at 0x0000022267C4F210>,"(0, 0, 0, 0)","const     4.182841e+03
sigma2    5.244016e+06
dtype: float64"
527,9,31,406.20114211221994,<statsmodels.tsa.arima.model.ARIMA object at 0x0000022267AFA390>,"(0, 0, 0, 0)","const     4.260000e+03
sigma2    5.138023e+06
dtype: float64"
528,9,32,424.7306169781773,<statsmodels.tsa.arima.model.ARIMA object at 0x0000022267820350>,"(0, 0, 0, 0)","const     4.147826e+03
sigma2    5.177793e+06
dtype: float64"
529,9,33,443.2526973290302,<statsmodels.tsa.arima.model.ARIMA object at 0x0000022267C8CE50>,"(0, 0, 0, 0)","const     4.255000e+03
sigma2    5.205683e+06
dtype: float64"
530,9,34,450.490636918512,<statsmodels.tsa.arima.model.ARIMA object at 0x0000022267D36110>,"(0, 0, 0, 0)","ar.L1    -8.656826e-01
ar.L2    -5.002785e-01
sigma2    6.672546e+06
dtype: float64"
531,9,35,469.20886263044974,<statsmodels.tsa.arima.model.ARIMA object at 0x0000022267C2D410>,"(0, 0, 0, 0)","ar.L1    -8.892240e-01
ar.L2    -4.679904e-01
sigma2    6.778665e+06
dtype: float64"
532,9,36,487.8584694159204,<statsmodels.tsa.arima.model.ARIMA object at 0x0000022267E364D0>,"(0, 0, 0, 0)","ar.L1    -9.096878e-01
ar.L2    -4.420384e-01
sigma2    6.843752e+06
dtype: float64"
533,9,37,505.3967320318415,<statsmodels.tsa.arima.model.ARIMA object at 0x0000022267B82610>,"(0, 0, 0, 0)","ar.L1    -9.061668e-01
ar.L2    -4.465275e-01
sigma2    6.574102e+06
dtype: float64"
534,9,38,523.5307186586385,<statsmodels.tsa.arima.model.ARIMA object at 0x0000022267CF2C90>,"(0, 0, 0, 0)","ar.L1    -8.959971e-01
ar.L2    -4.157571e-01
sigma2    6.497317e+06
dtype: float64"
535,9,39,540.9863139873078,<statsmodels.tsa.arima.model.ARIMA object at 0x0000022267DBFD10>,"(0, 0, 0, 0)","ar.L1    -8.964543e-01
ar.L2    -4.163523e-01
sigma2    6.256883e+06
dtype: float64"
536,9,40,558.6054213207022,<statsmodels.tsa.arima.model.ARIMA object at 0x0000022267CB79D0>,"(0, 0, 0, 0)","ar.L1    -8.979379e-01
ar.L2    -4.219209e-01
sigma2    6.071375e+06
dtype: float64"
537,9,41,576.4503912810916,<statsmodels.tsa.arima.model.ARIMA object at 0x0000022267D34AD0>,"(0, 0, 0, 0)","ar.L1    -9.088896e-01
ar.L2    -4.318326e-01
sigma2    5.949630e+06
dtype: float64"
538,9,42,593.9482023538793,<statsmodels.tsa.arima.model.ARIMA object at 0x0000022267CF3590>,"(0, 0, 0, 0)","ar.L1    -9.013001e-01
ar.L2    -4.297559e-01
sigma2    5.770887e+06
dtype: float64"
539,9,43,611.483260832062,<statsmodels.tsa.arima.model.ARIMA object at 0x0000022267963E90>,"(0, 0, 0, 0)","ar.L1    -8.995789e-01
ar.L2    -4.216404e-01
sigma2    5.621666e+06
dtype: float64"
540,9,44,628.8624481499211,<statsmodels.tsa.arima.model.ARIMA object at 0x0000022267E360D0>,"(0, 0, 0, 0)","ar.L1    -9.001974e-01
ar.L2    -4.205414e-01
sigma2    5.456081e+06
dtype: float64"
541,9,45,647.8661037587616,<statsmodels.tsa.arima.model.ARIMA object at 0x0000022267D4B290>,"(0, 0, 0, 0)","ar.L1    -8.968552e-01
ar.L2    -4.254960e-01
sigma2    5.556339e+06
dtype: float64"
542,9,46,665.3405022062724,<statsmodels.tsa.arima.model.ARIMA object at 0x0000022267CC8510>,"(0, 0, 0, 0)","ar.L1    -8.850579e-01
ar.L2    -4.165632e-01
sigma2    5.416125e+06
dtype: float64"
543,9,47,682.6614370459339,<statsmodels.tsa.arima.model.ARIMA object at 0x0000022267BACB10>,"(0, 0, 0, 0)","ar.L1    -8.850421e-01
ar.L2    -4.192530e-01
sigma2    5.263936e+06
dtype: float64"
544,9,48,700.8061525833443,<statsmodels.tsa.arima.model.ARIMA object at 0x000002226780CB10>,"(0, 0, 0, 0)","ar.L1    -8.935669e-01
ar.L2    -4.338118e-01
sigma2    5.236224e+06
dtype: float64"
545,9,49,718.1724663456499,<statsmodels.tsa.arima.model.ARIMA object at 0x0000022267C2C7D0>,"(0, 0, 0, 0)","ar.L1    -9.019112e-01
ar.L2    -4.393386e-01
sigma2    5.109590e+06
dtype: float64"
546,9,50,736.1691198582029,<statsmodels.tsa.arima.model.ARIMA object at 0x0000022267C65B10>,"(0, 0, 0, 0)","ar.L1    -8.902263e-01
ar.L2    -4.451413e-01
sigma2    5.063558e+06
dtype: float64"
547,9,51,754.0287104525523,<statsmodels.tsa.arima.model.ARIMA object at 0x0000022267C2C650>,"(0, 0, 0, 0)","ar.L1    -8.752815e-01
ar.L2    -4.227127e-01
sigma2    5.015781e+06
dtype: float64"
548,9,52,772.09135713277,<statsmodels.tsa.arima.model.ARIMA object at 0x0000022267E6CED0>,"(0, 0, 0, 0)","ar.L1    -8.732708e-01
ar.L2    -4.204119e-01
sigma2    4.991213e+06
dtype: float64"
549,9,53,791.0713925555455,<statsmodels.tsa.arima.model.ARIMA object at 0x0000022267A49310>,"(0, 0, 0, 0)","ar.L1    -8.940857e-01
ar.L2    -4.336103e-01
sigma2    5.080262e+06
dtype: float64"
550,9,54,808.3174712103478,<statsmodels.tsa.arima.model.ARIMA object at 0x0000022267C2EFD0>,"(0, 0, 0, 0)","ar.L1    -8.920576e-01
ar.L2    -4.333178e-01
sigma2    4.959485e+06
dtype: float64"
551,9,55,826.2455520571472,<statsmodels.tsa.arima.model.ARIMA object at 0x000002225BD316D0>,"(0, 0, 0, 0)","ar.L1    -8.900844e-01
ar.L2    -4.513143e-01
sigma2    4.913849e+06
dtype: float64"
552,9,56,843.5525286353261,<statsmodels.tsa.arima.model.ARIMA object at 0x0000022264876510>,"(0, 0, 0, 0)","ar.L1    -8.830761e-01
ar.L2    -4.426200e-01
sigma2    4.813540e+06
dtype: float64"
553,9,57,860.7442387288951,<statsmodels.tsa.arima.model.ARIMA object at 0x000002226628E390>,"(0, 0, 0, 0)","ar.L1    -8.830784e-01
ar.L2    -4.429219e-01
sigma2    4.706574e+06
dtype: float64"
554,9,58,877.9252139587663,<statsmodels.tsa.arima.model.ARIMA object at 0x0000022267D0ED90>,"(0, 0, 0, 0)","ar.L1    -8.832782e-01
ar.L2    -4.440402e-01
sigma2    4.605010e+06
dtype: float64"
555,9,59,895.7468009168028,<statsmodels.tsa.arima.model.ARIMA object at 0x00000222665CCA90>,"(0, 0, 0, 0)","ar.L1    -8.791010e-01
ar.L2    -4.380040e-01
sigma2    4.571534e+06
dtype: float64"
556,9,60,912.936159041515,<statsmodels.tsa.arima.model.ARIMA object at 0x0000022266571A90>,"(0, 0, 0, 0)","ar.L1    -8.812529e-01
ar.L2    -4.395778e-01
sigma2    4.480802e+06
dtype: float64"
557,9,61,933.168255168186,<statsmodels.tsa.arima.model.ARIMA object at 0x0000022264999ED0>,"(0, 0, 0, 0)","ar.L1    -8.700899e-01
ar.L2    -4.421572e-01
sigma2    4.665658e+06
dtype: float64"
558,9,62,950.3544670449531,<statsmodels.tsa.arima.model.ARIMA object at 0x00000222662CF310>,"(0, 0, 0, 0)","ar.L1    -8.662531e-01
ar.L2    -4.390117e-01
sigma2    4.574042e+06
dtype: float64"
559,9,63,967.9030375244104,<statsmodels.tsa.arima.model.ARIMA object at 0x0000022267D0E5D0>,"(0, 0, 0, 0)","ar.L1    -8.611585e-01
ar.L2    -4.442798e-01
sigma2    4.515309e+06
dtype: float64"
560,9,64,985.1339326878498,<statsmodels.tsa.arima.model.ARIMA object at 0x00000222665CC510>,"(0, 0, 0, 0)","ar.L1    -8.651389e-01
ar.L2    -4.506761e-01
sigma2    4.435632e+06
dtype: float64"
561,9,65,1002.2573018076652,<statsmodels.tsa.arima.model.ARIMA object at 0x0000022267EF60D0>,"(0, 0, 0, 0)","ar.L1    -8.643050e-01
ar.L2    -4.503848e-01
sigma2    4.352215e+06
dtype: float64"
562,9,66,1020.3942140263794,<statsmodels.tsa.arima.model.ARIMA object at 0x0000022267D0FF90>,"(0, 0, 0, 0)","ar.L1    -8.618392e-01
ar.L2    -4.577891e-01
sigma2    4.349556e+06
dtype: float64"
563,9,67,1037.5785958540632,<statsmodels.tsa.arima.model.ARIMA object at 0x0000022267D9CC10>,"(0, 0, 0, 0)","ar.L1    -8.570485e-01
ar.L2    -4.532411e-01
sigma2    4.276836e+06
dtype: float64"
564,9,68,1054.6633878180528,<statsmodels.tsa.arima.model.ARIMA object at 0x0000022267E6C090>,"(0, 0, 0, 0)","ar.L1    -8.572045e-01
ar.L2    -4.533973e-01
sigma2    4.200546e+06
dtype: float64"
565,10,18,144.5865973149352,"(1, 0, 0)","(0, 0, 0, 0)",
566,10,19,169.25896702712606,"(1, 0, 0)","(0, 0, 0, 0)",
567,10,20,187.62971288343732,"(1, 0, 0)","(0, 0, 0, 0)",
568,10,21,205.1896779265566,"(1, 0, 0)","(0, 0, 0, 0)",
569,10,22,222.67239883817905,"(1, 0, 0)","(0, 0, 0, 0)",
570,10,23,243.7226141964174,<statsmodels.tsa.arima.model.ARIMA object at 0x0000022267EF5650>,"(0, 0, 0, 0)","const     3.766153e+03
sigma2    6.077682e+06
dtype: float64"
571,10,24,261.4459314744839,<statsmodels.tsa.arima.model.ARIMA object at 0x0000022267E6D0D0>,"(0, 0, 0, 0)","const     3.865719e+03
sigma2    5.744955e+06
dtype: float64"
572,10,25,279.3032900558295,<statsmodels.tsa.arima.model.ARIMA object at 0x0000022264B4AE10>,"(0, 0, 0, 0)","const     3.752001e+03
sigma2    5.455309e+06
dtype: float64"
573,10,26,299.99225599210064,<statsmodels.tsa.arima.model.ARIMA object at 0x0000022267E10210>,"(0, 0, 0, 0)","const     4.035007e+03
sigma2    6.462484e+06
dtype: float64"
574,10,27,317.5822068014652,<statsmodels.tsa.arima.model.ARIMA object at 0x0000022267F751D0>,"(0, 0, 0, 0)","const     4.087059e+03
sigma2    6.078241e+06
dtype: float64"
575,10,28,335.1533832098623,<statsmodels.tsa.arima.model.ARIMA object at 0x0000022267D9F650>,"(0, 0, 0, 0)","const     4.033331e+03
sigma2    5.689110e+06
dtype: float64"
576,10,29,353.6416157144132,<statsmodels.tsa.arima.model.ARIMA object at 0x0000022267F36D90>,"(0, 0, 0, 0)","const     4.168421e+03
sigma2    5.716980e+06
dtype: float64"
577,10,30,371.01916052932415,<statsmodels.tsa.arima.model.ARIMA object at 0x0000022266497C90>,"(0, 0, 0, 0)","const     4.164000e+03
sigma2    5.481590e+06
dtype: float64"
578,10,31,388.8783641341107,<statsmodels.tsa.arima.model.ARIMA object at 0x000002226675F9D0>,"(0, 0, 0, 0)","const     4.245698e+03
sigma2    5.372851e+06
dtype: float64"
579,10,32,407.38323547668983,<statsmodels.tsa.arima.model.ARIMA object at 0x0000022267F75E50>,"(0, 0, 0, 0)","const     4.129105e+03
sigma2    5.417561e+06
dtype: float64"
580,10,33,425.9115047724523,<statsmodels.tsa.arima.model.ARIMA object at 0x00000222680A8AD0>,"(0, 0, 0, 0)","const     4.241725e+03
sigma2    5.432278e+06
dtype: float64"
581,10,34,444.111729974441,<statsmodels.tsa.arima.model.ARIMA object at 0x00000222680A9850>,"(0, 0, 0, 0)","const     4.150000e+03
sigma2    5.392491e+06
dtype: float64"
582,10,35,454.4407047975813,<statsmodels.tsa.arima.model.ARIMA object at 0x00000222680A87D0>,"(0, 0, 0, 0)","ar.L1    -8.168371e-01
ar.L2    -4.308741e-01
sigma2    6.730123e+06
dtype: float64"
583,10,36,473.1760954853761,<statsmodels.tsa.arima.model.ARIMA object at 0x00000222681FF690>,"(0, 0, 0, 0)","ar.L1    -8.396014e-01
ar.L2    -3.991404e-01
sigma2    6.750465e+06
dtype: float64"
584,10,37,490.85012476913926,<statsmodels.tsa.arima.model.ARIMA object at 0x000002226814C990>,"(0, 0, 0, 0)","ar.L1    -8.372310e-01
ar.L2    -4.033057e-01
sigma2    6.479971e+06
dtype: float64"
585,10,38,508.9865985663574,<statsmodels.tsa.arima.model.ARIMA object at 0x0000022267E530D0>,"(0, 0, 0, 0)","ar.L1    -8.275963e-01
ar.L2    -3.712896e-01
sigma2    6.378616e+06
dtype: float64"
586,10,39,526.5902404793923,<statsmodels.tsa.arima.model.ARIMA object at 0x0000022268189390>,"(0, 0, 0, 0)","ar.L1    -8.283927e-01
ar.L2    -3.719258e-01
sigma2    6.133288e+06
dtype: float64"
587,10,40,544.3345782438165,<statsmodels.tsa.arima.model.ARIMA object at 0x0000022267E11D50>,"(0, 0, 0, 0)","ar.L1    -8.300796e-01
ar.L2    -3.781667e-01
sigma2    5.949586e+06
dtype: float64"
588,10,41,562.3189973799297,<statsmodels.tsa.arima.model.ARIMA object at 0x0000022267EF6C50>,"(0, 0, 0, 0)","ar.L1    -8.422008e-01
ar.L2    -3.892695e-01
sigma2    5.828819e+06
dtype: float64"
589,10,42,579.9040537279492,<statsmodels.tsa.arima.model.ARIMA object at 0x0000022267DBEC90>,"(0, 0, 0, 0)","ar.L1    -8.359986e-01
ar.L2    -3.878867e-01
sigma2    5.651433e+06
dtype: float64"
590,10,43,597.5401348233826,<statsmodels.tsa.arima.model.ARIMA object at 0x0000022267FB5B10>,"(0, 0, 0, 0)","ar.L1    -8.345632e-01
ar.L2    -3.794535e-01
sigma2    5.494788e+06
dtype: float64"
591,10,44,615.0493929518076,<statsmodels.tsa.arima.model.ARIMA object at 0x0000022267BD2010>,"(0, 0, 0, 0)","ar.L1    -8.354478e-01
ar.L2    -3.783077e-01
sigma2    5.326314e+06
dtype: float64"
592,10,45,633.951631508485,<statsmodels.tsa.arima.model.ARIMA object at 0x0000022267E6C990>,"(0, 0, 0, 0)","ar.L1    -8.317754e-01
ar.L2    -3.837853e-01
sigma2    5.440299e+06
dtype: float64"
593,10,46,651.4735240059568,<statsmodels.tsa.arima.model.ARIMA object at 0x000002226779ED90>,"(0, 0, 0, 0)","ar.L1    -8.225833e-01
ar.L2    -3.767887e-01
sigma2    5.299594e+06
dtype: float64"
594,10,47,668.914378148786,<statsmodels.tsa.arima.model.ARIMA object at 0x00000222681DCA50>,"(0, 0, 0, 0)","ar.L1    -8.227430e-01
ar.L2    -3.797715e-01
sigma2    5.148170e+06
dtype: float64"
595,10,48,687.1281039195895,<statsmodels.tsa.arima.model.ARIMA object at 0x00000222680D0090>,"(0, 0, 0, 0)","ar.L1    -8.316980e-01
ar.L2    -3.957455e-01
sigma2    5.128770e+06
dtype: float64"
596,10,49,704.6572030883598,<statsmodels.tsa.arima.model.ARIMA object at 0x000002226821EF10>,"(0, 0, 0, 0)","ar.L1    -8.425107e-01
ar.L2    -4.027871e-01
sigma2    5.000593e+06
dtype: float64"
597,10,50,722.6161805963602,<statsmodels.tsa.arima.model.ARIMA object at 0x00000222682496D0>,"(0, 0, 0, 0)","ar.L1    -8.309585e-01
ar.L2    -4.092734e-01
sigma2    4.966663e+06
dtype: float64"
598,10,51,740.4338482836047,<statsmodels.tsa.arima.model.ARIMA object at 0x0000022267F77510>,"(0, 0, 0, 0)","ar.L1    -8.169213e-01
ar.L2    -3.873207e-01
sigma2    4.912940e+06
dtype: float64"
599,10,52,758.5041471467816,<statsmodels.tsa.arima.model.ARIMA object at 0x000002226822CD10>,"(0, 0, 0, 0)","ar.L1    -8.149182e-01
ar.L2    -3.849506e-01
sigma2    4.889894e+06
dtype: float64"
600,10,53,777.5344526279374,<statsmodels.tsa.arima.model.ARIMA object at 0x0000022268104B90>,"(0, 0, 0, 0)","ar.L1    -8.370120e-01
ar.L2    -3.988709e-01
sigma2    4.981502e+06
dtype: float64"
601,10,54,794.8817865673302,<statsmodels.tsa.arima.model.ARIMA object at 0x000002226812B650>,"(0, 0, 0, 0)","ar.L1    -8.376490e-01
ar.L2    -3.993783e-01
sigma2    4.860748e+06
dtype: float64"
602,10,55,812.6419376310794,<statsmodels.tsa.arima.model.ARIMA object at 0x0000022267860C50>,"(0, 0, 0, 0)","ar.L1    -8.341482e-01
ar.L2    -4.171393e-01
sigma2    5.289624e+06
dtype: float64"
603,10,56,830.1902192210625,<statsmodels.tsa.arima.model.ARIMA object at 0x0000022268104D90>,"(0, 0, 0, 0)","ar.L1    -8.301812e-01
ar.L2    -4.118683e-01
sigma2    4.725489e+06
dtype: float64"
604,10,57,847.4837006756486,<statsmodels.tsa.arima.model.ARIMA object at 0x00000222681B1B90>,"(0, 0, 0, 0)","ar.L1    -8.305483e-01
ar.L2    -4.122484e-01
sigma2    4.618143e+06
dtype: float64"
605,10,58,864.7649508071958,<statsmodels.tsa.arima.model.ARIMA object at 0x0000022266605D90>,"(0, 0, 0, 0)","ar.L1    -8.309006e-01
ar.L2    -4.135211e-01
sigma2    4.516713e+06
dtype: float64"
606,10,59,882.5934705813067,<statsmodels.tsa.arima.model.ARIMA object at 0x00000222682D9150>,"(0, 0, 0, 0)","ar.L1    -8.267671e-01
ar.L2    -4.073045e-01
sigma2    4.482912e+06
dtype: float64"
607,10,60,899.8908359494238,<statsmodels.tsa.arima.model.ARIMA object at 0x0000022268304150>,"(0, 0, 0, 0)","ar.L1    -8.294683e-01
ar.L2    -4.092463e-01
sigma2    4.391975e+06
dtype: float64"
608,10,61,919.6738537686048,<statsmodels.tsa.arima.model.ARIMA object at 0x0000022268306690>,"(0, 0, 0, 0)","ar.L1    -8.165377e-01
ar.L2    -4.108263e-01
sigma2    4.991293e+06
dtype: float64"
609,10,62,937.1110249464333,<statsmodels.tsa.arima.model.ARIMA object at 0x00000222681B1290>,"(0, 0, 0, 0)","ar.L1    -8.164173e-01
ar.L2    -4.111505e-01
sigma2    4.496694e+06
dtype: float64"
610,10,63,954.4949265452121,<statsmodels.tsa.arima.model.ARIMA object at 0x000002226821E4D0>,"(0, 0, 0, 0)","ar.L1    -8.103725e-01
ar.L2    -4.154841e-01
sigma2    4.828168e+06
dtype: float64"
611,10,64,971.826841281684,<statsmodels.tsa.arima.model.ARIMA object at 0x000002226829A650>,"(0, 0, 0, 0)","ar.L1    -8.150573e-01
ar.L2    -4.231209e-01
sigma2    4.744700e+06
dtype: float64"
612,10,65,989.0283148821385,<statsmodels.tsa.arima.model.ARIMA object at 0x000002226932A350>,"(0, 0, 0, 0)","ar.L1    -8.149647e-01
ar.L2    -4.232294e-01
sigma2    4.655551e+06
dtype: float64"
613,10,66,1007.3326851936979,<statsmodels.tsa.arima.model.ARIMA object at 0x000002226821D910>,"(0, 0, 0, 0)","ar.L1    -8.134899e-01
ar.L2    -4.324318e-01
sigma2    4.283788e+06
dtype: float64"
614,10,67,1024.376568536586,<statsmodels.tsa.arima.model.ARIMA object at 0x0000022268266290>,"(0, 0, 0, 0)","ar.L1    -8.086389e-01
ar.L2    -4.275129e-01
sigma2    4.568966e+06
dtype: float64"
615,10,68,1041.5409415258446,<statsmodels.tsa.arima.model.ARIMA object at 0x0000022267F76E10>,"(0, 0, 0, 0)","ar.L1    -8.089749e-01
ar.L2    -4.276334e-01
sigma2    4.487623e+06
dtype: float64"
616,11,19,151.391092711686,"(1, 0, 0)","(0, 0, 0, 0)",
617,11,20,169.33436977899666,"(1, 0, 0)","(0, 0, 0, 0)",
618,11,21,186.6232975937985,"(1, 0, 0)","(0, 0, 0, 0)",
619,11,22,203.81613257106562,"(1, 0, 0)","(0, 0, 0, 0)",
620,11,23,225.3050866230807,"(1, 0, 0)","(0, 0, 0, 0)",
621,11,24,241.8227143585952,<statsmodels.tsa.arima.model.ARIMA object at 0x000002226779DDD0>,"(0, 0, 0, 0)","const     4.126154e+03
sigma2    5.163747e+06
dtype: float64"
622,11,25,259.8102606182009,<statsmodels.tsa.arima.model.ARIMA object at 0x00000222682ECB10>,"(0, 0, 0, 0)","const     3.985710e+03
sigma2    4.986781e+06
dtype: float64"
623,11,26,280.3180133756445,<statsmodels.tsa.arima.model.ARIMA object at 0x0000022267BD2410>,"(0, 0, 0, 0)","const     4.272006e+03
sigma2    5.934225e+06
dtype: float64"
624,11,27,297.77713188661915,<statsmodels.tsa.arima.model.ARIMA object at 0x00000222693D8D90>,"(0, 0, 0, 0)","const     4.312501e+03
sigma2    5.479429e+06
dtype: float64"
625,11,28,315.36441338331093,<statsmodels.tsa.arima.model.ARIMA object at 0x00000222693F1050>,"(0, 0, 0, 0)","const     4.242352e+03
sigma2    5.337000e+06
dtype: float64"
626,11,29,333.67477117112156,<statsmodels.tsa.arima.model.ARIMA object at 0x000002226940AC90>,"(0, 0, 0, 0)","const     4.373334e+03
sigma2    5.249036e+06
dtype: float64"
627,11,30,350.98011990888267,<statsmodels.tsa.arima.model.ARIMA object at 0x0000022267D4B510>,"(0, 0, 0, 0)","const     4.357895e+03
sigma2    5.052154e+06
dtype: float64"
628,11,31,368.6749711791235,<statsmodels.tsa.arima.model.ARIMA object at 0x000002226935F690>,"(0, 0, 0, 0)","const     4.433994e+03
sigma2    4.914666e+06
dtype: float64"
629,11,32,387.38910546762673,<statsmodels.tsa.arima.model.ARIMA object at 0x00000222681DC250>,"(0, 0, 0, 0)","const     4.302842e+03
sigma2    4.979577e+06
dtype: float64"
630,11,33,405.7685402674919,<statsmodels.tsa.arima.model.ARIMA object at 0x0000022269460390>,"(0, 0, 0, 0)","const     4.412727e+03
sigma2    5.041048e+06
dtype: float64"
631,11,34,424.05285027922713,<statsmodels.tsa.arima.model.ARIMA object at 0x00000222694A54D0>,"(0, 0, 0, 0)","const     4.309565e+03
ar.L1    -2.934719e-01
sigma2    4.755552e+06
dtype: float64"
632,11,35,441.6390639710172,<statsmodels.tsa.arima.model.ARIMA object at 0x00000222694BA250>,"(0, 0, 0, 0)","const     4.400000e+03
ar.L1    -3.223147e-01
sigma2    4.624758e+06
dtype: float64"
633,11,36,452.69107999470856,<statsmodels.tsa.arima.model.ARIMA object at 0x00000222695460D0>,"(0, 0, 0, 0)","ar.L1    -8.934437e-01
ar.L2    -4.505481e-01
sigma2    7.048789e+06
dtype: float64"
634,11,37,470.2843949743605,<statsmodels.tsa.arima.model.ARIMA object at 0x00000222694A7610>,"(0, 0, 0, 0)","ar.L1    -8.907367e-01
ar.L2    -4.543279e-01
sigma2    6.753339e+06
dtype: float64"
635,11,38,488.4730492633156,<statsmodels.tsa.arima.model.ARIMA object at 0x00000222694E1850>,"(0, 0, 0, 0)","ar.L1    -8.788266e-01
ar.L2    -4.200236e-01
sigma2    6.640599e+06
dtype: float64"
636,11,39,505.99343897874667,<statsmodels.tsa.arima.model.ARIMA object at 0x0000022269591510>,"(0, 0, 0, 0)","ar.L1    -8.795384e-01
ar.L2    -4.204431e-01
sigma2    6.374980e+06
dtype: float64"
637,11,40,523.6567029416071,<statsmodels.tsa.arima.model.ARIMA object at 0x00000222680A9610>,"(0, 0, 0, 0)","ar.L1    -8.813154e-01
ar.L2    -4.262497e-01
sigma2    6.174405e+06
dtype: float64"
638,11,41,541.54257089833,<statsmodels.tsa.arima.model.ARIMA object at 0x00000222695BE490>,"(0, 0, 0, 0)","ar.L1    -8.937242e-01
ar.L2    -4.372789e-01
sigma2    6.039333e+06
dtype: float64"
639,11,42,559.077037688869,<statsmodels.tsa.arima.model.ARIMA object at 0x000002226944FBD0>,"(0, 0, 0, 0)","ar.L1    -8.859272e-01
ar.L2    -4.348417e-01
sigma2    5.848785e+06
dtype: float64"
640,11,43,576.666694731534,<statsmodels.tsa.arima.model.ARIMA object at 0x0000022269529190>,"(0, 0, 0, 0)","ar.L1    -8.839198e-01
ar.L2    -4.256748e-01
sigma2    5.680748e+06
dtype: float64"
641,11,44,594.0977141994777,<statsmodels.tsa.arima.model.ARIMA object at 0x00000222680AAF90>,"(0, 0, 0, 0)","ar.L1    -8.846825e-01
ar.L2    -4.243286e-01
sigma2    5.500565e+06
dtype: float64"
642,11,45,613.0539954105109,<statsmodels.tsa.arima.model.ARIMA object at 0x0000022269592B90>,"(0, 0, 0, 0)","ar.L1    -8.810464e-01
ar.L2    -4.295782e-01
sigma2    5.612343e+06
dtype: float64"
643,11,46,630.5559325091252,<statsmodels.tsa.arima.model.ARIMA object at 0x000002226947FBD0>,"(0, 0, 0, 0)","ar.L1    -8.685952e-01
ar.L2    -4.199672e-01
sigma2    5.462960e+06
dtype: float64"
644,11,47,647.9156620891051,<statsmodels.tsa.arima.model.ARIMA object at 0x0000022267E51010>,"(0, 0, 0, 0)","ar.L1    -8.687127e-01
ar.L2    -4.224543e-01
sigma2    5.301864e+06
dtype: float64"
645,11,48,666.0612119012031,<statsmodels.tsa.arima.model.ARIMA object at 0x00000222695BFF90>,"(0, 0, 0, 0)","ar.L1    -8.782230e-01
ar.L2    -4.381619e-01
sigma2    5.276081e+06
dtype: float64"
646,11,49,683.4756621277907,<statsmodels.tsa.arima.model.ARIMA object at 0x000002226947CAD0>,"(0, 0, 0, 0)","ar.L1    -8.879929e-01
ar.L2    -4.445031e-01
sigma2    5.139294e+06
dtype: float64"
647,11,50,701.4405940701449,<statsmodels.tsa.arima.model.ARIMA object at 0x0000022269547510>,"(0, 0, 0, 0)","ar.L1    -8.757456e-01
ar.L2    -4.501626e-01
sigma2    5.100647e+06
dtype: float64"
648,11,51,719.3206630513838,<statsmodels.tsa.arima.model.ARIMA object at 0x000002226947C9D0>,"(0, 0, 0, 0)","ar.L1    -8.590668e-01
ar.L2    -4.256385e-01
sigma2    5.043796e+06
dtype: float64"
649,11,52,737.3894292488433,<statsmodels.tsa.arima.model.ARIMA object at 0x0000022269424AD0>,"(0, 0, 0, 0)","ar.L1    -8.568624e-01
ar.L2    -4.231152e-01
sigma2    5.016875e+06
dtype: float64"
650,11,53,756.375272836256,<statsmodels.tsa.arima.model.ARIMA object at 0x000002226947F810>,"(0, 0, 0, 0)","ar.L1    -8.798833e-01
ar.L2    -4.379576e-01
sigma2    5.106166e+06
dtype: float64"
651,11,54,773.6528232622218,<statsmodels.tsa.arima.model.ARIMA object at 0x00000222694BBBD0>,"(0, 0, 0, 0)","ar.L1    -8.787514e-01
ar.L2    -4.378154e-01
sigma2    4.979399e+06
dtype: float64"
652,11,55,791.5476596657527,<statsmodels.tsa.arima.model.ARIMA object at 0x0000022269629210>,"(0, 0, 0, 0)","ar.L1    -8.769160e-01
ar.L2    -4.561752e-01
sigma2    4.941934e+06
dtype: float64"
653,11,56,808.8834453517242,<statsmodels.tsa.arima.model.ARIMA object at 0x00000222695FE910>,"(0, 0, 0, 0)","ar.L1    -8.692800e-01
ar.L2    -4.466947e-01
sigma2    4.835026e+06
dtype: float64"
654,11,57,826.10564601365,<statsmodels.tsa.arima.model.ARIMA object at 0x0000022269408050>,"(0, 0, 0, 0)","ar.L1    -8.694470e-01
ar.L2    -4.469061e-01
sigma2    4.722641e+06
dtype: float64"
655,11,58,843.3141189810606,<statsmodels.tsa.arima.model.ARIMA object at 0x00000222682664D0>,"(0, 0, 0, 0)","ar.L1    -8.697223e-01
ar.L2    -4.479112e-01
sigma2    4.616481e+06
dtype: float64"
656,11,59,861.1468289133134,<statsmodels.tsa.arima.model.ARIMA object at 0x00000222694259D0>,"(0, 0, 0, 0)","ar.L1    -8.651506e-01
ar.L2    -4.413787e-01
sigma2    4.580172e+06
dtype: float64"
657,11,60,878.3656449682372,<statsmodels.tsa.arima.model.ARIMA object at 0x00000222694E1010>,"(0, 0, 0, 0)","ar.L1    -8.676206e-01
ar.L2    -4.430510e-01
sigma2    4.485017e+06
dtype: float64"
658,11,61,898.5022176555327,<statsmodels.tsa.arima.model.ARIMA object at 0x00000222682B78D0>,"(0, 0, 0, 0)","ar.L1    -8.555640e-01
ar.L2    -4.456663e-01
sigma2    4.684118e+06
dtype: float64"
659,11,62,915.7097565423636,<statsmodels.tsa.arima.model.ARIMA object at 0x000002226935DFD0>,"(0, 0, 0, 0)","ar.L1    -8.519439e-01
ar.L2    -4.425853e-01
sigma2    4.588448e+06
dtype: float64"
660,11,63,933.2447612447171,<statsmodels.tsa.arima.model.ARIMA object at 0x00000222695FF850>,"(0, 0, 0, 0)","ar.L1    -8.467485e-01
ar.L2    -4.477578e-01
sigma2    4.531492e+06
dtype: float64"
661,11,64,950.4951100419754,<statsmodels.tsa.arima.model.ARIMA object at 0x00000222693851D0>,"(0, 0, 0, 0)","ar.L1    -8.510796e-01
ar.L2    -4.544166e-01
sigma2    4.449402e+06
dtype: float64"
662,11,65,967.639667547679,<statsmodels.tsa.arima.model.ARIMA object at 0x000002226944E4D0>,"(0, 0, 0, 0)","ar.L1    -8.504251e-01
ar.L2    -4.541082e-01
sigma2    4.362594e+06
dtype: float64"
663,11,66,985.7487207616517,<statsmodels.tsa.arima.model.ARIMA object at 0x0000022269341510>,"(0, 0, 0, 0)","ar.L1    -8.478792e-01
ar.L2    -4.617368e-01
sigma2    4.363685e+06
dtype: float64"
664,11,67,1002.9479168491915,<statsmodels.tsa.arima.model.ARIMA object at 0x00000222696D9AD0>,"(0, 0, 0, 0)","ar.L1    -8.428908e-01
ar.L2    -4.569133e-01
sigma2    4.287926e+06
dtype: float64"
665,11,68,1020.0536149623995,<statsmodels.tsa.arima.model.ARIMA object at 0x000002226956F090>,"(0, 0, 0, 0)","ar.L1    -8.431584e-01
ar.L2    -4.569222e-01
sigma2    4.208530e+06
dtype: float64"
666,12,20,152.08917588777618,"(1, 0, 0)","(0, 0, 0, 0)",
667,12,21,169.49709604114128,"(1, 0, 0)","(0, 0, 0, 0)",
668,12,22,186.78490026096597,"(1, 0, 0)","(0, 0, 0, 0)",
669,12,23,207.851725488691,"(1, 0, 0)","(0, 0, 0, 0)",
670,12,24,225.16908229608504,"(1, 0, 0)","(0, 0, 0, 0)",
671,12,25,242.4873351541892,<statsmodels.tsa.arima.model.ARIMA object at 0x00000222694E3810>,"(0, 0, 0, 0)","const     4.006154e+03
sigma2    5.370736e+06
dtype: float64"
672,12,26,262.81063346040077,<statsmodels.tsa.arima.model.ARIMA object at 0x0000022269425A90>,"(0, 0, 0, 0)","const     4.311429e+03
sigma2    6.335752e+06
dtype: float64"
673,12,27,280.32008130839114,<statsmodels.tsa.arima.model.ARIMA object at 0x0000022269742410>,"(0, 0, 0, 0)","const     4.352000e+03
sigma2    5.874552e+06
dtype: float64"
674,12,28,297.96694408550417,<statsmodels.tsa.arima.model.ARIMA object at 0x000002226962B0D0>,"(0, 0, 0, 0)","const     4.275000e+03
sigma2    5.513596e+06
dtype: float64"
675,12,29,316.2499928849704,<statsmodels.tsa.arima.model.ARIMA object at 0x00000222697FAB90>,"(0, 0, 0, 0)","const     4.411765e+03
sigma2    5.573441e+06
dtype: float64"
676,12,30,333.60882678691746,<statsmodels.tsa.arima.model.ARIMA object at 0x0000022269508DD0>,"(0, 0, 0, 0)","const     4.393333e+03
sigma2    5.217048e+06
dtype: float64"
677,12,31,351.30939217158317,<statsmodels.tsa.arima.model.ARIMA object at 0x000002226966F150>,"(0, 0, 0, 0)","const     4.471577e+03
sigma2    5.107720e+06
dtype: float64"
678,12,32,370.041162130139,<statsmodels.tsa.arima.model.ARIMA object at 0x000002226822F590>,"(0, 0, 0, 0)","const     4.332000e+03
sigma2    5.261851e+06
dtype: float64"
679,12,33,388.38668791015635,<statsmodels.tsa.arima.model.ARIMA object at 0x00000222697DB7D0>,"(0, 0, 0, 0)","const     4.445714e+03
sigma2    5.247137e+06
dtype: float64"
680,12,34,406.7521139746834,<statsmodels.tsa.arima.model.ARIMA object at 0x00000222696DB950>,"(0, 0, 0, 0)","const     4.336350e+03
sigma2    5.290716e+06
dtype: float64"
681,12,35,424.45859452573075,<statsmodels.tsa.arima.model.ARIMA object at 0x000002226981DBD0>,"(0, 0, 0, 0)","const     4.429565e+03
ar.L1    -3.178089e-01
sigma2    4.793433e+06
dtype: float64"
682,12,36,442.28234832116925,<statsmodels.tsa.arima.model.ARIMA object at 0x000002226981DC50>,"(0, 0, 0, 0)","const     4.325000e+03
ar.L1    -3.498113e-01
sigma2    4.700646e+06
dtype: float64"
683,12,37,449.9552830258798,<statsmodels.tsa.arima.model.ARIMA object at 0x00000222698FBE90>,"(0, 0, 0, 0)","ar.L1    -9.223106e-01
ar.L2    -4.529256e-01
sigma2    6.711675e+06
dtype: float64"
684,12,38,468.0820515711235,<statsmodels.tsa.arima.model.ARIMA object at 0x00000222698464D0>,"(0, 0, 0, 0)","ar.L1    -9.107564e-01
ar.L2    -4.209572e-01
sigma2    6.587482e+06
dtype: float64"
685,12,39,485.5333001639045,<statsmodels.tsa.arima.model.ARIMA object at 0x00000222695A99D0>,"(0, 0, 0, 0)","ar.L1    -9.112972e-01
ar.L2    -4.216014e-01
sigma2    6.313034e+06
dtype: float64"
686,12,40,503.1481180992359,<statsmodels.tsa.arima.model.ARIMA object at 0x0000022269845850>,"(0, 0, 0, 0)","ar.L1    -9.130442e-01
ar.L2    -4.273382e-01
sigma2    6.108558e+06
dtype: float64"
687,12,41,520.9750798206345,<statsmodels.tsa.arima.model.ARIMA object at 0x0000022269919810>,"(0, 0, 0, 0)","ar.L1    -9.252910e-01
ar.L2    -4.380793e-01
sigma2    5.968104e+06
dtype: float64"
688,12,42,538.4750516942827,<statsmodels.tsa.arima.model.ARIMA object at 0x00000222697BA150>,"(0, 0, 0, 0)","ar.L1    -9.163842e-01
ar.L2    -4.352108e-01
sigma2    5.777296e+06
dtype: float64"
689,12,43,555.9944342054764,<statsmodels.tsa.arima.model.ARIMA object at 0x0000022269919690>,"(0, 0, 0, 0)","ar.L1    -9.144388e-01
ar.L2    -4.268236e-01
sigma2    5.603448e+06
dtype: float64"
690,12,44,573.3550976169148,<statsmodels.tsa.arima.model.ARIMA object at 0x000002226962A190>,"(0, 0, 0, 0)","ar.L1    -9.151512e-01
ar.L2    -4.257188e-01
sigma2    5.418904e+06
dtype: float64"
691,12,45,592.3805306392076,<statsmodels.tsa.arima.model.ARIMA object at 0x0000022269713C10>,"(0, 0, 0, 0)","ar.L1    -9.114225e-01
ar.L2    -4.305696e-01
sigma2    5.541056e+06
dtype: float64"
692,12,46,609.8555210818007,<statsmodels.tsa.arima.model.ARIMA object at 0x00000222697BBED0>,"(0, 0, 0, 0)","ar.L1    -8.976337e-01
ar.L2    -4.201597e-01
sigma2    5.392350e+06
dtype: float64"
693,12,47,627.1611612283175,<statsmodels.tsa.arima.model.ARIMA object at 0x0000022269757DD0>,"(0, 0, 0, 0)","ar.L1    -8.976516e-01
ar.L2    -4.229113e-01
sigma2    5.229497e+06
dtype: float64"
694,12,48,645.2996717031195,<statsmodels.tsa.arima.model.ARIMA object at 0x00000222696EDC90>,"(0, 0, 0, 0)","ar.L1    -9.072166e-01
ar.L2    -4.382351e-01
sigma2    5.205916e+06
dtype: float64"
695,12,49,662.6360995870507,<statsmodels.tsa.arima.model.ARIMA object at 0x000002226962AED0>,"(0, 0, 0, 0)","ar.L1    -9.160530e-01
ar.L2    -4.440380e-01
sigma2    5.065019e+06
dtype: float64"
696,12,50,680.6559750244448,<statsmodels.tsa.arima.model.ARIMA object at 0x0000022269743890>,"(0, 0, 0, 0)","ar.L1    -9.029378e-01
ar.L2    -4.492406e-01
sigma2    5.035111e+06
dtype: float64"
697,12,51,698.5156592355335,<statsmodels.tsa.arima.model.ARIMA object at 0x0000022269794490>,"(0, 0, 0, 0)","ar.L1    -8.861392e-01
ar.L2    -4.252898e-01
sigma2    4.978231e+06
dtype: float64"
698,12,52,716.5760229758747,<statsmodels.tsa.arima.model.ARIMA object at 0x0000022269938710>,"(0, 0, 0, 0)","ar.L1    -8.839038e-01
ar.L2    -4.228110e-01
sigma2    4.952540e+06
dtype: float64"
699,12,53,735.543190136307,<statsmodels.tsa.arima.model.ARIMA object at 0x00000222698BBF90>,"(0, 0, 0, 0)","ar.L1    -9.067782e-01
ar.L2    -4.374216e-01
sigma2    5.040774e+06
dtype: float64"
700,12,54,752.7738034864188,<statsmodels.tsa.arima.model.ARIMA object at 0x0000022269A012D0>,"(0, 0, 0, 0)","ar.L1    -9.038627e-01
ar.L2    -4.367293e-01
sigma2    4.913469e+06
dtype: float64"
701,12,55,770.7153022167328,<statsmodels.tsa.arima.model.ARIMA object at 0x0000022269864990>,"(0, 0, 0, 0)","ar.L1    -9.017993e-01
ar.L2    -4.550946e-01
sigma2    4.882835e+06
dtype: float64"
702,12,56,788.0096456886041,<statsmodels.tsa.arima.model.ARIMA object at 0x000002226981FF50>,"(0, 0, 0, 0)","ar.L1    -8.938126e-01
ar.L2    -4.454932e-01
sigma2    4.775147e+06
dtype: float64"
703,12,57,805.1796298875946,<statsmodels.tsa.arima.model.ARIMA object at 0x000002226993A490>,"(0, 0, 0, 0)","ar.L1    -8.937763e-01
ar.L2    -4.457503e-01
sigma2    4.661607e+06
dtype: float64"
704,12,58,822.3380860793699,<statsmodels.tsa.arima.model.ARIMA object at 0x0000022269712210>,"(0, 0, 0, 0)","ar.L1    -8.940203e-01
ar.L2    -4.468684e-01
sigma2    4.554614e+06
dtype: float64"
705,12,59,840.154221701944,<statsmodels.tsa.arima.model.ARIMA object at 0x000002226977C450>,"(0, 0, 0, 0)","ar.L1    -8.894065e-01
ar.L2    -4.404728e-01
sigma2    4.518883e+06
dtype: float64"
706,12,60,857.3172369042226,<statsmodels.tsa.arima.model.ARIMA object at 0x00000222698BAED0>,"(0, 0, 0, 0)","ar.L1    -8.917213e-01
ar.L2    -4.420977e-01
sigma2    4.422588e+06
dtype: float64"
707,12,61,877.6207933447193,<statsmodels.tsa.arima.model.ARIMA object at 0x0000022269794190>,"(0, 0, 0, 0)","ar.L1    -8.794662e-01
ar.L2    -4.442304e-01
sigma2    4.631984e+06
dtype: float64"
708,12,62,894.7903840932124,<statsmodels.tsa.arima.model.ARIMA object at 0x0000022269AEF550>,"(0, 0, 0, 0)","ar.L1    -8.748761e-01
ar.L2    -4.404513e-01
sigma2    4.535973e+06
dtype: float64"
709,12,63,912.339651204216,<statsmodels.tsa.arima.model.ARIMA object at 0x00000222695A8850>,"(0, 0, 0, 0)","ar.L1    -8.693131e-01
ar.L2    -4.456345e-01
sigma2    4.481887e+06
dtype: float64"
710,12,64,929.5490585836112,<statsmodels.tsa.arima.model.ARIMA object at 0x00000222699DC110>,"(0, 0, 0, 0)","ar.L1    -8.736522e-01
ar.L2    -4.522352e-01
sigma2    4.399270e+06
dtype: float64"
711,12,65,946.6505455546051,<statsmodels.tsa.arima.model.ARIMA object at 0x0000022269AD4990>,"(0, 0, 0, 0)","ar.L1    -8.726435e-01
ar.L2    -4.517794e-01
sigma2    4.311936e+06
dtype: float64"
712,12,66,964.7993796713948,<statsmodels.tsa.arima.model.ARIMA object at 0x0000022269956450>,"(0, 0, 0, 0)","ar.L1    -8.699940e-01
ar.L2    -4.592200e-01
sigma2    4.316400e+06
dtype: float64"
713,12,67,981.9666733353205,<statsmodels.tsa.arima.model.ARIMA object at 0x00000222697DB950>,"(0, 0, 0, 0)","ar.L1    -8.646599e-01
ar.L2    -4.542094e-01
sigma2    4.240582e+06
dtype: float64"
714,12,68,999.0271313278148,<statsmodels.tsa.arima.model.ARIMA object at 0x0000022269B30DD0>,"(0, 0, 0, 0)","ar.L1    -8.648238e-01
ar.L2    -4.543534e-01
sigma2    4.160571e+06
dtype: float64"
715,13,21,150.6511281204261,"(1, 0, 0)","(0, 0, 0, 0)",
716,13,22,168.2127864034837,"(1, 0, 0)","(0, 0, 0, 0)",
717,13,23,188.46639390517325,"(1, 0, 0)","(0, 0, 0, 0)",
718,13,24,205.8184374573458,"(1, 0, 0)","(0, 0, 0, 0)",
719,13,25,225.4434239886933,"(1, 0, 0)","(0, 0, 0, 0)",
720,13,26,245.0011967742523,<statsmodels.tsa.arima.model.ARIMA object at 0x00000222695A9E50>,"(0, 0, 0, 0)","const     4.209232e+03
sigma2    6.621283e+06
dtype: float64"
721,13,27,262.5802812886485,<statsmodels.tsa.arima.model.ARIMA object at 0x000002226997FA10>,"(0, 0, 0, 0)","const     4.260003e+03
sigma2    6.248478e+06
dtype: float64"
722,13,28,280.22709249883053,<statsmodels.tsa.arima.model.ARIMA object at 0x0000022269B5ECD0>,"(0, 0, 0, 0)","const     4.184017e+03
sigma2    5.952830e+06
dtype: float64"
723,13,29,298.57966032067253,<statsmodels.tsa.arima.model.ARIMA object at 0x0000022269AADE50>,"(0, 0, 0, 0)","const     4.335000e+03
sigma2    5.878318e+06
dtype: float64"
724,13,30,315.9744220003957,<statsmodels.tsa.arima.model.ARIMA object at 0x00000222694613D0>,"(0, 0, 0, 0)","const     4.320000e+03
sigma2    5.589309e+06
dtype: float64"
725,13,31,333.734166165486,<statsmodels.tsa.arima.model.ARIMA object at 0x0000022269754E10>,"(0, 0, 0, 0)","const     4.406667e+03
sigma2    5.212573e+06
dtype: float64"
726,13,32,352.38088749096306,<statsmodels.tsa.arima.model.ARIMA object at 0x0000022269754390>,"(0, 0, 0, 0)","const     4.263156e+03
sigma2    5.416214e+06
dtype: float64"
727,13,33,370.7823268641364,<statsmodels.tsa.arima.model.ARIMA object at 0x0000022269B17A50>,"(0, 0, 0, 0)","const     4.385969e+03
sigma2    5.410304e+06
dtype: float64"
728,13,34,389.0932141743387,<statsmodels.tsa.arima.model.ARIMA object at 0x0000022269AECC90>,"(0, 0, 0, 0)","const     4.274269e+03
sigma2    5.427587e+06
dtype: float64"
729,13,35,407.10687179756343,<statsmodels.tsa.arima.model.ARIMA object at 0x0000022269A8A850>,"(0, 0, 0, 0)","const     4.374545e+03
ar.L1    -3.090430e-01
sigma2    4.958143e+06
dtype: float64"
730,13,36,424.961083470221,<statsmodels.tsa.arima.model.ARIMA object at 0x0000022269BD0FD0>,"(0, 0, 0, 0)","const     4.267826e+03
ar.L1    -3.375625e-01
sigma2    4.880344e+06
dtype: float64"
731,13,37,442.5982750886244,<statsmodels.tsa.arima.model.ARIMA object at 0x0000022269B17E10>,"(0, 0, 0, 0)","const     4.240000e+03
ar.L1    -3.106462e-01
sigma2    4.763332e+06
dtype: float64"
732,13,38,450.47270338075623,<statsmodels.tsa.arima.model.ARIMA object at 0x0000022269BF6110>,"(0, 0, 0, 0)","ar.L1    -9.155430e-01
ar.L2    -3.965528e-01
sigma2    6.854296e+06
dtype: float64"
733,13,39,467.95606767909567,<statsmodels.tsa.arima.model.ARIMA object at 0x0000022269AEEA10>,"(0, 0, 0, 0)","ar.L1    -9.159809e-01
ar.L2    -3.974813e-01
sigma2    6.556302e+06
dtype: float64"
734,13,40,485.60867436669696,<statsmodels.tsa.arima.model.ARIMA object at 0x0000022269955650>,"(0, 0, 0, 0)","ar.L1    -9.180114e-01
ar.L2    -4.041133e-01
sigma2    6.331816e+06
dtype: float64"
735,13,41,503.456602462427,<statsmodels.tsa.arima.model.ARIMA object at 0x0000022269B17590>,"(0, 0, 0, 0)","ar.L1    -9.310764e-01
ar.L2    -4.159285e-01
sigma2    6.173589e+06
dtype: float64"
736,13,42,520.9927784787989,<statsmodels.tsa.arima.model.ARIMA object at 0x0000022269957890>,"(0, 0, 0, 0)","ar.L1    -9.213343e-01
ar.L2    -4.128254e-01
sigma2    5.969010e+06
dtype: float64"
737,13,43,538.5110555170475,<statsmodels.tsa.arima.model.ARIMA object at 0x000002226944C310>,"(0, 0, 0, 0)","ar.L1    -9.192464e-01
ar.L2    -4.042856e-01
sigma2    5.783601e+06
dtype: float64"
738,13,44,555.8888848461409,<statsmodels.tsa.arima.model.ARIMA object at 0x0000022269A01BD0>,"(0, 0, 0, 0)","ar.L1    -9.199107e-01
ar.L2    -4.032083e-01
sigma2    5.586314e+06
dtype: float64"
739,13,45,574.9238665189334,<statsmodels.tsa.arima.model.ARIMA object at 0x0000022269BAE590>,"(0, 0, 0, 0)","ar.L1    -9.162060e-01
ar.L2    -4.087130e-01
sigma2    5.706096e+06
dtype: float64"
740,13,46,592.4169381599254,<statsmodels.tsa.arima.model.ARIMA object at 0x0000022269AD57D0>,"(0, 0, 0, 0)","ar.L1    -9.017582e-01
ar.L2    -3.975815e-01
sigma2    5.549800e+06
dtype: float64"
741,13,47,609.7544313874589,<statsmodels.tsa.arima.model.ARIMA object at 0x0000022269D2DB10>,"(0, 0, 0, 0)","ar.L1    -9.017903e-01
ar.L2    -4.011193e-01
sigma2    5.376186e+06
dtype: float64"
742,13,48,627.9249165516312,<statsmodels.tsa.arima.model.ARIMA object at 0x000002226997C990>,"(0, 0, 0, 0)","ar.L1    -9.122724e-01
ar.L2    -4.181771e-01
sigma2    5.344132e+06
dtype: float64"
743,13,49,645.277653445612,<statsmodels.tsa.arima.model.ARIMA object at 0x0000022267BAE0D0>,"(0, 0, 0, 0)","ar.L1    -9.213608e-01
ar.L2    -4.243337e-01
sigma2    5.193455e+06
dtype: float64"
744,13,50,663.3551944800546,<statsmodels.tsa.arima.model.ARIMA object at 0x0000022265C5CDD0>,"(0, 0, 0, 0)","ar.L1    -9.075172e-01
ar.L2    -4.305403e-01
sigma2    5.158685e+06
dtype: float64"
745,13,51,681.1826860207094,<statsmodels.tsa.arima.model.ARIMA object at 0x0000022268304A50>,"(0, 0, 0, 0)","ar.L1    -8.902084e-01
ar.L2    -4.054576e-01
sigma2    5.101308e+06
dtype: float64"
746,13,52,699.2428885680229,<statsmodels.tsa.arima.model.ARIMA object at 0x0000022267B664D0>,"(0, 0, 0, 0)","ar.L1    -8.878492e-01
ar.L2    -4.027984e-01
sigma2    5.071953e+06
dtype: float64"
747,13,53,718.1883258789078,<statsmodels.tsa.arima.model.ARIMA object at 0x0000022269CF1ED0>,"(0, 0, 0, 0)","ar.L1    -9.117536e-01
ar.L2    -4.183687e-01
sigma2    5.156176e+06
dtype: float64"
748,13,54,735.4429390767075,<statsmodels.tsa.arima.model.ARIMA object at 0x0000022269794AD0>,"(0, 0, 0, 0)","ar.L1    -9.079068e-01
ar.L2    -4.174367e-01
sigma2    5.022858e+06
dtype: float64"
749,13,55,753.4609836998071,<statsmodels.tsa.arima.model.ARIMA object at 0x00000222693AD910>,"(0, 0, 0, 0)","ar.L1    -9.061506e-01
ar.L2    -4.385832e-01
sigma2    4.985978e+06
dtype: float64"
750,13,56,770.7601696695068,<statsmodels.tsa.arima.model.ARIMA object at 0x000002226779DE50>,"(0, 0, 0, 0)","ar.L1    -8.982820e-01
ar.L2    -4.289998e-01
sigma2    4.874845e+06
dtype: float64"
751,13,57,787.9489777220269,<statsmodels.tsa.arima.model.ARIMA object at 0x0000022269B14990>,"(0, 0, 0, 0)","ar.L1    -8.981297e-01
ar.L2    -4.293027e-01
sigma2    4.756118e+06
dtype: float64"
752,13,58,805.1278756274162,<statsmodels.tsa.arima.model.ARIMA object at 0x00000222693860D0>,"(0, 0, 0, 0)","ar.L1    -8.983981e-01
ar.L2    -4.306664e-01
sigma2    4.644203e+06
dtype: float64"
753,13,59,822.938285735944,<statsmodels.tsa.arima.model.ARIMA object at 0x00000222647F6150>,"(0, 0, 0, 0)","ar.L1    -8.935567e-01
ar.L2    -4.238624e-01
sigma2    4.606580e+06
dtype: float64"
754,13,60,840.1159506639807,<statsmodels.tsa.arima.model.ARIMA object at 0x0000022268267CD0>,"(0, 0, 0, 0)","ar.L1    -8.959386e-01
ar.L2    -4.256017e-01
sigma2    4.505852e+06
dtype: float64"
755,13,61,860.4265436953898,<statsmodels.tsa.arima.model.ARIMA object at 0x0000022269BAC990>,"(0, 0, 0, 0)","ar.L1    -8.833453e-01
ar.L2    -4.280729e-01
sigma2    4.718199e+06
dtype: float64"
756,13,62,877.6104494214121,<statsmodels.tsa.arima.model.ARIMA object at 0x00000222682ECC10>,"(0, 0, 0, 0)","ar.L1    -8.787383e-01
ar.L2    -4.242447e-01
sigma2    4.618933e+06
dtype: float64"
757,13,63,895.2030429767743,<statsmodels.tsa.arima.model.ARIMA object at 0x00000222695FE510>,"(0, 0, 0, 0)","ar.L1    -8.728587e-01
ar.L2    -4.301220e-01
sigma2    4.561561e+06
dtype: float64"
758,13,64,912.4393803487634,<statsmodels.tsa.arima.model.ARIMA object at 0x0000022269387610>,"(0, 0, 0, 0)","ar.L1    -8.777258e-01
ar.L2    -4.376607e-01
sigma2    4.474685e+06
dtype: float64"
759,13,65,929.5573655742503,<statsmodels.tsa.arima.model.ARIMA object at 0x00000222681B24D0>,"(0, 0, 0, 0)","ar.L1    -8.765931e-01
ar.L2    -4.371666e-01
sigma2    4.384158e+06
dtype: float64"
760,13,66,947.7392522252328,<statsmodels.tsa.arima.model.ARIMA object at 0x0000022269DBC690>,"(0, 0, 0, 0)","ar.L1    -8.739738e-01
ar.L2    -4.453563e-01
sigma2    4.386535e+06
dtype: float64"
761,13,67,964.9168153076597,<statsmodels.tsa.arima.model.ARIMA object at 0x0000022269BD1510>,"(0, 0, 0, 0)","ar.L1    -8.685312e-01
ar.L2    -4.401760e-01
sigma2    4.308630e+06
dtype: float64"
762,13,68,981.9923107978282,<statsmodels.tsa.arima.model.ARIMA object at 0x0000022269B31090>,"(0, 0, 0, 0)","ar.L1    -8.686277e-01
ar.L2    -4.404164e-01
sigma2    4.225772e+06
dtype: float64"
763,14,22,151.12359718963685,"(1, 0, 0)","(0, 0, 0, 0)",
764,14,23,170.98096458765727,"(1, 0, 0)","(0, 0, 0, 0)",
765,14,24,188.47082776360716,"(1, 0, 0)","(0, 0, 0, 0)",
766,14,25,208.10734551908234,"(1, 0, 0)","(0, 0, 0, 0)",
767,14,26,226.62944991584087,"(1, 0, 0)","(0, 0, 0, 0)",
768,14,27,244.7617881440574,<statsmodels.tsa.arima.model.ARIMA object at 0x00000222681B0D50>,"(0, 0, 0, 0)","const     4.366177e+03
sigma2    6.609718e+06
dtype: float64"
769,14,28,262.4793964469808,<statsmodels.tsa.arima.model.ARIMA object at 0x000002226956DE50>,"(0, 0, 0, 0)","const     4.277145e+03
sigma2    6.140958e+06
dtype: float64"
770,14,29,280.76948965560973,<statsmodels.tsa.arima.model.ARIMA object at 0x0000022266032CD0>,"(0, 0, 0, 0)","const     4.432004e+03
sigma2    6.175279e+06
dtype: float64"
771,14,30,298.2045590351594,<statsmodels.tsa.arima.model.ARIMA object at 0x0000022267FB6750>,"(0, 0, 0, 0)","const     4.410000e+03
sigma2    5.677301e+06
dtype: float64"
772,14,31,315.9426974750692,<statsmodels.tsa.arima.model.ARIMA object at 0x0000022269D9BB90>,"(0, 0, 0, 0)","const     4.496471e+03
sigma2    5.568955e+06
dtype: float64"
773,14,32,334.6590811792292,<statsmodels.tsa.arima.model.ARIMA object at 0x00000222666660D0>,"(0, 0, 0, 0)","const     4.340000e+03
sigma2    5.607359e+06
dtype: float64"
774,14,33,352.99306030633403,<statsmodels.tsa.arima.model.ARIMA object at 0x0000022269D56690>,"(0, 0, 0, 0)","const     4.465259e+03
sigma2    5.588498e+06
dtype: float64"
775,14,34,371.16103889173496,<statsmodels.tsa.arima.model.ARIMA object at 0x0000022269EEA050>,"(0, 0, 0, 0)","const     4.344000e+03
ar.L1    -3.322730e-01
sigma2    4.904276e+06
dtype: float64"
776,14,35,388.6704576598473,<statsmodels.tsa.arima.model.ARIMA object at 0x0000022269697390>,"(0, 0, 0, 0)","const     4.445714e+03
ar.L1    -3.647551e-01
sigma2    4.703802e+06
dtype: float64"
777,14,36,406.5405486377431,<statsmodels.tsa.arima.model.ARIMA object at 0x000002226AF464D0>,"(0, 0, 0, 0)","const     4.330909e+03
ar.L1    -3.908375e-01
sigma2    4.654877e+06
dtype: float64"
778,14,37,424.316669198015,<statsmodels.tsa.arima.model.ARIMA object at 0x000002226821C750>,"(0, 0, 0, 0)","const     4.299130e+03
ar.L1    -3.569579e-01
sigma2    4.572284e+06
dtype: float64"
779,14,38,442.85843634645676,<statsmodels.tsa.arima.model.ARIMA object at 0x000002226AF09450>,"(0, 0, 0, 0)","const     4.205001e+03
ar.L1    -3.386159e-01
sigma2    4.664080e+06
dtype: float64"
780,14,39,450.9924998752469,<statsmodels.tsa.arima.model.ARIMA object at 0x000002226AF8CC50>,"(0, 0, 0, 0)","ar.L1    -9.099942e-01
ar.L2    -4.063797e-01
sigma2    6.854186e+06
dtype: float64"
781,14,40,468.6881736510883,<statsmodels.tsa.arima.model.ARIMA object at 0x0000022269BF6B90>,"(0, 0, 0, 0)","ar.L1    -9.120532e-01
ar.L2    -4.130515e-01
sigma2    6.607008e+06
dtype: float64"
782,14,41,486.5711823442522,<statsmodels.tsa.arima.model.ARIMA object at 0x0000022269C65B10>,"(0, 0, 0, 0)","ar.L1    -9.251462e-01
ar.L2    -4.249375e-01
sigma2    6.430704e+06
dtype: float64"
783,14,42,504.1490015111059,<statsmodels.tsa.arima.model.ARIMA object at 0x0000022269BF4CD0>,"(0, 0, 0, 0)","ar.L1    -9.157724e-01
ar.L2    -4.220455e-01
sigma2    6.207695e+06
dtype: float64"
784,14,43,521.7244035536819,<statsmodels.tsa.arima.model.ARIMA object at 0x0000022269D70190>,"(0, 0, 0, 0)","ar.L1    -9.136689e-01
ar.L2    -4.130335e-01
sigma2    6.005948e+06
dtype: float64"
785,14,44,539.1569199343207,<statsmodels.tsa.arima.model.ARIMA object at 0x0000022269B93A10>,"(0, 0, 0, 0)","ar.L1    -9.144026e-01
ar.L2    -4.118702e-01
sigma2    5.793109e+06
dtype: float64"
786,14,45,558.1452158817511,<statsmodels.tsa.arima.model.ARIMA object at 0x0000022269DBCDD0>,"(0, 0, 0, 0)","ar.L1    -9.106931e-01
ar.L2    -4.175527e-01
sigma2    5.909823e+06
dtype: float64"
787,14,46,575.6780842799678,<statsmodels.tsa.arima.model.ARIMA object at 0x0000022269D57E50>,"(0, 0, 0, 0)","ar.L1    -8.964114e-01
ar.L2    -4.064733e-01
sigma2    5.741131e+06
dtype: float64"
788,14,47,593.057952632593,<statsmodels.tsa.arima.model.ARIMA object at 0x0000022269CF2E10>,"(0, 0, 0, 0)","ar.L1    -8.965011e-01
ar.L2    -4.098620e-01
sigma2    5.555360e+06
dtype: float64"
789,14,48,611.223176533255,<statsmodels.tsa.arima.model.ARIMA object at 0x0000022269D145D0>,"(0, 0, 0, 0)","ar.L1    -9.069010e-01
ar.L2    -4.269975e-01
sigma2    5.516501e+06
dtype: float64"
790,14,49,628.6218276019761,<statsmodels.tsa.arima.model.ARIMA object at 0x00000222699573D0>,"(0, 0, 0, 0)","ar.L1    -9.161682e-01
ar.L2    -4.332407e-01
sigma2    5.355718e+06
dtype: float64"
791,14,50,646.677705232459,<statsmodels.tsa.arima.model.ARIMA object at 0x000002226AFAAC50>,"(0, 0, 0, 0)","ar.L1    -9.026436e-01
ar.L2    -4.396625e-01
sigma2    5.315008e+06
dtype: float64"
792,14,51,664.5409253375825,<statsmodels.tsa.arima.model.ARIMA object at 0x000002226AFF6810>,"(0, 0, 0, 0)","ar.L1    -8.850942e-01
ar.L2    -4.139085e-01
sigma2    5.251343e+06
dtype: float64"
793,14,52,682.6107578549087,<statsmodels.tsa.arima.model.ARIMA object at 0x0000022269845B10>,"(0, 0, 0, 0)","ar.L1    -8.827477e-01
ar.L2    -4.112313e-01
sigma2    5.216863e+06
dtype: float64"
794,14,53,701.5385717190713,<statsmodels.tsa.arima.model.ARIMA object at 0x000002226AF1E0D0>,"(0, 0, 0, 0)","ar.L1    -9.067130e-01
ar.L2    -4.268593e-01
sigma2    5.299386e+06
dtype: float64"
795,14,54,718.8294555818586,<statsmodels.tsa.arima.model.ARIMA object at 0x0000022269D55B10>,"(0, 0, 0, 0)","ar.L1    -9.034404e-01
ar.L2    -4.261123e-01
sigma2    5.158599e+06
dtype: float64"
796,14,55,736.8171896950023,<statsmodels.tsa.arima.model.ARIMA object at 0x000002226962BD10>,"(0, 0, 0, 0)","ar.L1    -9.017264e-01
ar.L2    -4.471004e-01
sigma2    5.117188e+06
dtype: float64"
797,14,56,754.1563046156916,<statsmodels.tsa.arima.model.ARIMA object at 0x000002226AF1DD10>,"(0, 0, 0, 0)","ar.L1    -8.936356e-01
ar.L2    -4.370897e-01
sigma2    4.999841e+06
dtype: float64"
798,14,57,771.3819838342569,<statsmodels.tsa.arima.model.ARIMA object at 0x000002226B015B10>,"(0, 0, 0, 0)","ar.L1    -8.935768e-01
ar.L2    -4.373792e-01
sigma2    4.875021e+06
dtype: float64"
799,14,58,788.5953043364887,<statsmodels.tsa.arima.model.ARIMA object at 0x000002226AEF00D0>,"(0, 0, 0, 0)","ar.L1    -8.938625e-01
ar.L2    -4.386697e-01
sigma2    4.757476e+06
dtype: float64"
800,14,59,806.4235805763053,<statsmodels.tsa.arima.model.ARIMA object at 0x000002226AFAA450>,"(0, 0, 0, 0)","ar.L1    -8.890128e-01
ar.L2    -4.317748e-01
sigma2    4.716260e+06
dtype: float64"
801,14,60,823.6361842367024,<statsmodels.tsa.arima.model.ARIMA object at 0x000002226B121F10>,"(0, 0, 0, 0)","ar.L1    -8.914416e-01
ar.L2    -4.335142e-01
sigma2    4.610639e+06
dtype: float64"
802,14,61,843.8488428471894,<statsmodels.tsa.arima.model.ARIMA object at 0x000002226B1D4990>,"(0, 0, 0, 0)","ar.L1    -8.788432e-01
ar.L2    -4.362189e-01
sigma2    4.825419e+06
dtype: float64"
803,14,62,861.0651227702398,<statsmodels.tsa.arima.model.ARIMA object at 0x000002226B113510>,"(0, 0, 0, 0)","ar.L1    -8.742619e-01
ar.L2    -4.323531e-01
sigma2    4.721562e+06
dtype: float64"
804,14,63,878.6547503279639,<statsmodels.tsa.arima.model.ARIMA object at 0x000002226B1ACAD0>,"(0, 0, 0, 0)","ar.L1    -8.685283e-01
ar.L2    -4.382375e-01
sigma2    4.660693e+06
dtype: float64"
805,14,64,895.9130961448967,<statsmodels.tsa.arima.model.ARIMA object at 0x000002226B1ACCD0>,"(0, 0, 0, 0)","ar.L1    -8.732555e-01
ar.L2    -4.455887e-01
sigma2    4.569855e+06
dtype: float64"
806,14,65,913.0612801375528,<statsmodels.tsa.arima.model.ARIMA object at 0x000002226B121150>,"(0, 0, 0, 0)","ar.L1    -8.722122e-01
ar.L2    -4.451187e-01
sigma2    4.475458e+06
dtype: float64"
807,14,66,931.2196434369271,<statsmodels.tsa.arima.model.ARIMA object at 0x000002226B1964D0>,"(0, 0, 0, 0)","ar.L1    -8.696100e-01
ar.L2    -4.533792e-01
sigma2    4.475996e+06
dtype: float64"
808,14,67,948.4257622886429,<statsmodels.tsa.arima.model.ARIMA object at 0x000002226B16BED0>,"(0, 0, 0, 0)","ar.L1    -8.641332e-01
ar.L2    -4.481054e-01
sigma2    4.394740e+06
dtype: float64"
809,14,68,965.5305652368786,<statsmodels.tsa.arima.model.ARIMA object at 0x000002226B0D6110>,"(0, 0, 0, 0)","ar.L1    -8.642866e-01
ar.L2    -4.482763e-01
sigma2    4.308569e+06
dtype: float64"
810,15,23,153.565546983483,"(1, 0, 0)","(0, 0, 0, 0)",
811,15,24,171.10259116895745,"(1, 0, 0)","(0, 0, 0, 0)",
812,15,25,190.4075053379018,"(1, 0, 0)","(0, 0, 0, 0)",
813,15,26,209.0915139500459,"(1, 0, 0)","(0, 0, 0, 0)",
814,15,27,226.75561264494422,"(1, 0, 0)","(0, 0, 0, 0)",
815,15,28,243.9344428113579,<statsmodels.tsa.arima.model.ARIMA object at 0x000002226B014650>,"(0, 0, 0, 0)","const     4.467692e+03
sigma2    6.117763e+06
dtype: float64"
816,15,29,262.0818762264836,<statsmodels.tsa.arima.model.ARIMA object at 0x000002226B1ADD50>,"(0, 0, 0, 0)","const     4.620000e+03
ar.L1    -4.011387e-01
ar.L2    -4.426558e-01
sigma2    4.400209e+06
dtype: float64"
817,15,30,279.23942766776094,<statsmodels.tsa.arima.model.ARIMA object at 0x000002226B23CF50>,"(0, 0, 0, 0)","const     4.584000e+03
ar.L1    -4.086312e-01
ar.L2    -4.394113e-01
sigma2    4.106225e+06
dtype: float64"
818,15,31,297.0294908439165,<statsmodels.tsa.arima.model.ARIMA object at 0x000002226B1E7C50>,"(0, 0, 0, 0)","const     4.665000e+03
ar.L1    -4.141808e-01
ar.L2    -4.068621e-01
sigma2    3.976134e+06
dtype: float64"
819,15,32,315.8492963747284,<statsmodels.tsa.arima.model.ARIMA object at 0x000002226B2B68D0>,"(0, 0, 0, 0)","const     4.622657e+03
ar.L1    -4.465490e-01
ar.L2    -3.945492e-01
sigma2    4.266258e+06
dtype: float64"
820,15,33,333.2822669155032,<statsmodels.tsa.arima.model.ARIMA object at 0x000002226AF44D10>,"(0, 0, 0, 0)","const     4.613334e+03
ar.L1    -4.863882e-01
ar.L2    -3.924662e-01
sigma2    4.020053e+06
dtype: float64"
821,15,34,351.8371636997581,<statsmodels.tsa.arima.model.ARIMA object at 0x000002226B23E4D0>,"(0, 0, 0, 0)","const     4.534127e+03
ar.L1    -3.832598e-01
sigma2    4.661296e+06
dtype: float64"
822,15,35,369.2094912444084,<statsmodels.tsa.arima.model.ARIMA object at 0x0000022267D83510>,"(0, 0, 0, 0)","const     4.578000e+03
ar.L1    -4.060527e-01
sigma2    4.611866e+06
dtype: float64"
823,15,36,387.0729230089339,<statsmodels.tsa.arima.model.ARIMA object at 0x000002226B226B10>,"(0, 0, 0, 0)","const     4.510046e+03
ar.L1    -4.372992e-01
sigma2    4.410427e+06
dtype: float64"
824,15,37,405.0758030146827,<statsmodels.tsa.arima.model.ARIMA object at 0x000002226B083450>,"(0, 0, 0, 0)","const     4.412727e+03
ar.L1    -3.921927e-01
sigma2    4.526285e+06
dtype: float64"
825,15,38,423.82377926487965,<statsmodels.tsa.arima.model.ARIMA object at 0x000002226B23C450>,"(0, 0, 0, 0)","const     4.309565e+03
ar.L1    -3.711285e-01
sigma2    4.656807e+06
dtype: float64"
826,15,39,442.19469567968594,<statsmodels.tsa.arima.model.ARIMA object at 0x000002226B2B7E90>,"(0, 0, 0, 0)","const     4.245000e+03
ar.L1    -3.268000e-01
sigma2    4.703052e+06
dtype: float64"
827,15,40,450.54795801230546,<statsmodels.tsa.arima.model.ARIMA object at 0x000002226B23E350>,"(0, 0, 0, 0)","ar.L1    -9.160168e-01
ar.L2    -4.098483e-01
sigma2    6.907310e+06
dtype: float64"
828,15,41,468.43709024536065,<statsmodels.tsa.arima.model.ARIMA object at 0x000002226B386610>,"(0, 0, 0, 0)","ar.L1    -9.291313e-01
ar.L2    -4.216482e-01
sigma2    6.710272e+06
dtype: float64"
829,15,42,486.03023865836985,<statsmodels.tsa.arima.model.ARIMA object at 0x000002226B17E4D0>,"(0, 0, 0, 0)","ar.L1    -9.195341e-01
ar.L2    -4.186696e-01
sigma2    6.466317e+06
dtype: float64"
830,15,43,503.611279344969,<statsmodels.tsa.arima.model.ARIMA object at 0x000002226B17E8D0>,"(0, 0, 0, 0)","ar.L1    -9.175050e-01
ar.L2    -4.100672e-01
sigma2    6.246175e+06
dtype: float64"
831,15,44,521.0525523278778,<statsmodels.tsa.arima.model.ARIMA object at 0x000002226B2B6110>,"(0, 0, 0, 0)","ar.L1    -9.182387e-01
ar.L2    -4.090166e-01
sigma2    6.015914e+06
dtype: float64"
832,15,45,540.0386716565744,<statsmodels.tsa.arima.model.ARIMA object at 0x000002226B13CAD0>,"(0, 0, 0, 0)","ar.L1    -9.144885e-01
ar.L2    -4.144978e-01
sigma2    6.128683e+06
dtype: float64"
833,15,46,557.5825616339612,<statsmodels.tsa.arima.model.ARIMA object at 0x000002226B34BE90>,"(0, 0, 0, 0)","ar.L1    -9.000468e-01
ar.L2    -4.034512e-01
sigma2    5.946159e+06
dtype: float64"
834,15,47,574.9732505159051,<statsmodels.tsa.arima.model.ARIMA object at 0x000002226B2D4450>,"(0, 0, 0, 0)","ar.L1    -9.001011e-01
ar.L2    -4.068682e-01
sigma2    5.746906e+06
dtype: float64"
835,15,48,593.1429306848014,<statsmodels.tsa.arima.model.ARIMA object at 0x000002226B083510>,"(0, 0, 0, 0)","ar.L1    -9.105125e-01
ar.L2    -4.237777e-01
sigma2    5.700336e+06
dtype: float64"
836,15,49,610.5462596737799,<statsmodels.tsa.arima.model.ARIMA object at 0x000002226B060050>,"(0, 0, 0, 0)","ar.L1    -9.197075e-01
ar.L2    -4.299700e-01
sigma2    5.528434e+06
dtype: float64"
837,15,50,628.618364527053,<statsmodels.tsa.arima.model.ARIMA object at 0x000002226B1D5D10>,"(0, 0, 0, 0)","ar.L1    -9.058607e-01
ar.L2    -4.360585e-01
sigma2    5.480994e+06
dtype: float64"
838,15,51,646.4788269393978,<statsmodels.tsa.arima.model.ARIMA object at 0x000002226B063010>,"(0, 0, 0, 0)","ar.L1    -8.884641e-01
ar.L2    -4.108791e-01
sigma2    5.410437e+06
dtype: float64"
839,15,52,664.5492963864691,<statsmodels.tsa.arima.model.ARIMA object at 0x000002226B2533D0>,"(0, 0, 0, 0)","ar.L1    -8.861203e-01
ar.L2    -4.082487e-01
sigma2    5.370268e+06
dtype: float64"
840,15,53,683.464404530088,<statsmodels.tsa.arima.model.ARIMA object at 0x000002226B1D46D0>,"(0, 0, 0, 0)","ar.L1    -9.101207e-01
ar.L2    -4.238078e-01
sigma2    5.450757e+06
dtype: float64"
841,15,54,700.7637417790888,<statsmodels.tsa.arima.model.ARIMA object at 0x000002226B0A0210>,"(0, 0, 0, 0)","ar.L1    -9.065203e-01
ar.L2    -4.229631e-01
sigma2    5.301852e+06
dtype: float64"
842,15,55,718.7701786251264,<statsmodels.tsa.arima.model.ARIMA object at 0x000002226B1E5290>,"(0, 0, 0, 0)","ar.L1    -9.046418e-01
ar.L2    -4.436837e-01
sigma2    5.255364e+06
dtype: float64"
843,15,56,736.1133589548293,<statsmodels.tsa.arima.model.ARIMA object at 0x000002226B3BE6D0>,"(0, 0, 0, 0)","ar.L1    -8.966110e-01
ar.L2    -4.338953e-01
sigma2    5.131321e+06
dtype: float64"
844,15,57,753.3448742327677,<statsmodels.tsa.arima.model.ARIMA object at 0x000002226B0A10D0>,"(0, 0, 0, 0)","ar.L1    -8.965029e-01
ar.L2    -4.342015e-01
sigma2    4.999928e+06
dtype: float64"
845,15,58,770.5640252891097,<statsmodels.tsa.arima.model.ARIMA object at 0x000002226B45E650>,"(0, 0, 0, 0)","ar.L1    -8.967744e-01
ar.L2    -4.355224e-01
sigma2    4.876318e+06
dtype: float64"
846,15,59,788.3919773252715,<statsmodels.tsa.arima.model.ARIMA object at 0x000002226AF0A790>,"(0, 0, 0, 0)","ar.L1    -8.919763e-01
ar.L2    -4.287822e-01
sigma2    4.831217e+06
dtype: float64"
847,15,60,805.608104555766,<statsmodels.tsa.arima.model.ARIMA object at 0x000002226B384E50>,"(0, 0, 0, 0)","ar.L1    -8.943815e-01
ar.L2    -4.305212e-01
sigma2    4.720343e+06
dtype: float64"
848,15,61,825.8228509767772,<statsmodels.tsa.arima.model.ARIMA object at 0x000002226B3E00D0>,"(0, 0, 0, 0)","ar.L1    -8.817119e-01
ar.L2    -4.329917e-01
sigma2    4.937528e+06
dtype: float64"
849,15,62,843.0444053557092,<statsmodels.tsa.arima.model.ARIMA object at 0x000002226AEF1FD0>,"(0, 0, 0, 0)","ar.L1    -8.770509e-01
ar.L2    -4.291020e-01
sigma2    4.828769e+06
dtype: float64"
850,15,63,860.6465962376203,<statsmodels.tsa.arima.model.ARIMA object at 0x000002226B41D850>,"(0, 0, 0, 0)","ar.L1    -8.712069e-01
ar.L2    -4.349143e-01
sigma2    4.764127e+06
dtype: float64"
851,15,64,877.9112668569276,<statsmodels.tsa.arima.model.ARIMA object at 0x000002226B196490>,"(0, 0, 0, 0)","ar.L1    -8.759796e-01
ar.L2    -4.422841e-01
sigma2    4.669045e+06
dtype: float64"
852,15,65,895.0639533224272,<statsmodels.tsa.arima.model.ARIMA object at 0x000002226B110ED0>,"(0, 0, 0, 0)","ar.L1    -8.748810e-01
ar.L2    -4.418050e-01
sigma2    4.570529e+06
dtype: float64"
853,15,66,913.2319837428951,<statsmodels.tsa.arima.model.ARIMA object at 0x000002226B40E4D0>,"(0, 0, 0, 0)","ar.L1    -8.722194e-01
ar.L2    -4.499219e-01
sigma2    4.569048e+06
dtype: float64"
854,15,67,930.4415457928499,<statsmodels.tsa.arima.model.ARIMA object at 0x000002226B58DB10>,"(0, 0, 0, 0)","ar.L1    -8.667452e-01
ar.L2    -4.447194e-01
sigma2    4.484249e+06
dtype: float64"
855,15,68,947.5498788003248,<statsmodels.tsa.arima.model.ARIMA object at 0x000002226B5764D0>,"(0, 0, 0, 0)","ar.L1    -8.668690e-01
ar.L2    -4.449289e-01
sigma2    4.394564e+06
dtype: float64"
856,16,24,153.69041294458097,"(1, 0, 0)","(0, 0, 0, 0)",
857,16,25,172.87782622385723,"(1, 0, 0)","(0, 0, 0, 0)",
858,16,26,191.581224697491,"(1, 0, 0)","(0, 0, 0, 0)",
859,16,27,209.3125454478875,"(1, 0, 0)","(0, 0, 0, 0)",
860,16,28,227.81393590833642,"(1, 0, 0)","(0, 0, 0, 0)",
861,16,29,240.75728616065965,<statsmodels.tsa.arima.model.ARIMA object at 0x000002226B5D9990>,"(0, 0, 0, 0)","const     4.856473e+03
ar.L1    -5.929970e-01
ar.L2    -6.426675e-01
sigma2    3.156472e+06
dtype: float64"
862,16,30,257.74590352856234,<statsmodels.tsa.arima.model.ARIMA object at 0x000002226B44B290>,"(0, 0, 0, 0)","const     4.824948e+03
ar.L1    -6.087679e-01
ar.L2    -6.343475e-01
sigma2    2.999849e+06
dtype: float64"
863,16,31,275.3989479123597,<statsmodels.tsa.arima.model.ARIMA object at 0x000002226B58E110>,"(0, 0, 0, 0)","const     4.883734e+03
ar.L1    -6.161121e-01
ar.L2    -6.103797e-01
sigma2    2.926046e+06
dtype: float64"
864,16,32,294.9229813030431,<statsmodels.tsa.arima.model.ARIMA object at 0x00000222693AE610>,"(0, 0, 0, 0)","const     4.779857e+03
ar.L1    -6.347658e-01
ar.L2    -5.741667e-01
sigma2    3.519452e+06
dtype: float64"
865,16,33,311.8431586426113,<statsmodels.tsa.arima.model.ARIMA object at 0x0000022268173ED0>,"(0, 0, 0, 0)","const     4.802220e+03
ar.L1    -6.626446e-01
ar.L2    -5.878211e-01
sigma2    3.118707e+06
dtype: float64"
866,16,34,331.4147751865405,<statsmodels.tsa.arima.model.ARIMA object at 0x000002226B252CD0>,"(0, 0, 0, 0)","const     4.703195e+03
ar.L1    -6.774250e-01
ar.L2    -4.815732e-01
sigma2    3.584084e+06
dtype: float64"
867,16,35,348.726698861724,<statsmodels.tsa.arima.model.ARIMA object at 0x000002226B40CED0>,"(0, 0, 0, 0)","const     4.654737e+03
ar.L1    -6.979631e-01
ar.L2    -4.711146e-01
sigma2    3.182790e+06
dtype: float64"
868,16,36,367.48624811174227,<statsmodels.tsa.arima.model.ARIMA object at 0x000002226B36F3D0>,"(0, 0, 0, 0)","const     4.652879e+03
ar.L1    -7.100766e-01
ar.L2    -4.080729e-01
sigma2    3.611666e+06
dtype: float64"
869,16,37,385.65550055881977,<statsmodels.tsa.arima.model.ARIMA object at 0x000002226B080210>,"(0, 0, 0, 0)","const     4.597978e+03
ar.L1    -6.575175e-01
ar.L2    -4.118029e-01
sigma2    3.673741e+06
dtype: float64"
870,16,38,405.74370209999404,<statsmodels.tsa.arima.model.ARIMA object at 0x000002226B5F36D0>,"(0, 0, 0, 0)","const     4.363636e+03
ar.L1    -4.063911e-01
sigma2    4.581633e+06
dtype: float64"
871,16,39,424.2826426006046,<statsmodels.tsa.arima.model.ARIMA object at 0x000002226B2B6190>,"(0, 0, 0, 0)","const     4.293913e+03
ar.L1    -3.557139e-01
sigma2    4.670249e+06
dtype: float64"
872,16,40,441.6684209619027,<statsmodels.tsa.arima.model.ARIMA object at 0x000002226B64CA90>,"(0, 0, 0, 0)","const     4.275000e+03
ar.L1    -3.434438e-01
sigma2    4.514326e+06
dtype: float64"
873,16,41,453.0000847127476,<statsmodels.tsa.arima.model.ARIMA object at 0x000002226B61BAD0>,"(0, 0, 0, 0)","ar.L1    -8.721897e-01
ar.L2    -3.382631e-01
sigma2    7.051202e+06
dtype: float64"
874,16,42,470.68387284946846,<statsmodels.tsa.arima.model.ARIMA object at 0x000002226B493650>,"(0, 0, 0, 0)","ar.L1    -8.637060e-01
ar.L2    -3.360444e-01
sigma2    6.791207e+06
dtype: float64"
875,16,43,488.32568830512855,<statsmodels.tsa.arima.model.ARIMA object at 0x000002226AEF3410>,"(0, 0, 0, 0)","ar.L1    -8.622730e-01
ar.L2    -3.291846e-01
sigma2    6.550918e+06
dtype: float64"
876,16,44,505.8707858744425,<statsmodels.tsa.arima.model.ARIMA object at 0x000002226B45DB10>,"(0, 0, 0, 0)","ar.L1    -8.633215e-01
ar.L2    -3.287945e-01
sigma2    6.310202e+06
dtype: float64"
877,16,45,524.8320412538352,<statsmodels.tsa.arima.model.ARIMA object at 0x000002226B41EED0>,"(0, 0, 0, 0)","ar.L1    -8.595415e-01
ar.L2    -3.344530e-01
sigma2    6.416232e+06
dtype: float64"
878,16,46,542.4128675446528,<statsmodels.tsa.arima.model.ARIMA object at 0x000002226B5F1E90>,"(0, 0, 0, 0)","ar.L1    -8.484777e-01
ar.L2    -3.260824e-01
sigma2    6.212597e+06
dtype: float64"
879,16,47,559.9238466614725,<statsmodels.tsa.arima.model.ARIMA object at 0x000002226B61B610>,"(0, 0, 0, 0)","ar.L1    -8.488916e-01
ar.L2    -3.309478e-01
sigma2    6.008762e+06
dtype: float64"
880,16,48,578.2123318405236,<statsmodels.tsa.arima.model.ARIMA object at 0x000002226B449BD0>,"(0, 0, 0, 0)","ar.L1    -8.604413e-01
ar.L2    -3.497889e-01
sigma2    5.969692e+06
dtype: float64"
881,16,49,595.7481459612073,<statsmodels.tsa.arima.model.ARIMA object at 0x000002226B5B0B10>,"(0, 0, 0, 0)","ar.L1    -8.720475e-01
ar.L2    -3.579710e-01
sigma2    5.795778e+06
dtype: float64"
882,16,50,613.8792059494305,<statsmodels.tsa.arima.model.ARIMA object at 0x000002226B6D59D0>,"(0, 0, 0, 0)","ar.L1    -8.581942e-01
ar.L2    -3.647859e-01
sigma2    5.743259e+06
dtype: float64"
883,16,51,631.651153042734,<statsmodels.tsa.arima.model.ARIMA object at 0x000002226B50E4D0>,"(0, 0, 0, 0)","ar.L1    -8.428530e-01
ar.L2    -3.424592e-01
sigma2    5.644911e+06
dtype: float64"
884,16,52,649.7304646887808,<statsmodels.tsa.arima.model.ARIMA object at 0x000002226B4F9210>,"(0, 0, 0, 0)","ar.L1    -8.405802e-01
ar.L2    -3.399005e-01
sigma2    5.595744e+06
dtype: float64"
885,16,53,668.6910584927734,<statsmodels.tsa.arima.model.ARIMA object at 0x000002226B6D64D0>,"(0, 0, 0, 0)","ar.L1    -8.655846e-01
ar.L2    -3.563211e-01
sigma2    5.682482e+06
dtype: float64"
886,16,54,686.0736678778367,<statsmodels.tsa.arima.model.ARIMA object at 0x000002226B492A10>,"(0, 0, 0, 0)","ar.L1    -8.634281e-01
ar.L2    -3.562699e-01
sigma2    5.526299e+06
dtype: float64"
887,16,55,704.2280440955543,<statsmodels.tsa.arima.model.ARIMA object at 0x000002226B5768D0>,"(0, 0, 0, 0)","ar.L1    -8.620074e-01
ar.L2    -3.799336e-01
sigma2    5.487128e+06
dtype: float64"
888,16,56,721.6043425080458,<statsmodels.tsa.arima.model.ARIMA object at 0x000002226B490ED0>,"(0, 0, 0, 0)","ar.L1    -8.570740e-01
ar.L2    -3.739531e-01
sigma2    5.349925e+06
dtype: float64"
889,16,57,738.9228596597673,<statsmodels.tsa.arima.model.ARIMA object at 0x000002226B448950>,"(0, 0, 0, 0)","ar.L1    -8.572562e-01
ar.L2    -3.746877e-01
sigma2    5.212854e+06
dtype: float64"
890,16,58,756.2337344935623,<statsmodels.tsa.arima.model.ARIMA object at 0x000002226B58CED0>,"(0, 0, 0, 0)","ar.L1    -8.578333e-01
ar.L2    -3.767165e-01
sigma2    5.084097e+06
dtype: float64"
891,16,59,774.053519114793,<statsmodels.tsa.arima.model.ARIMA object at 0x000002226B78DED0>,"(0, 0, 0, 0)","ar.L1    -8.531481e-01
ar.L2    -3.700959e-01
sigma2    5.029651e+06
dtype: float64"
892,16,60,791.3589204512411,<statsmodels.tsa.arima.model.ARIMA object at 0x000002226B302A50>,"(0, 0, 0, 0)","ar.L1    -8.561153e-01
ar.L2    -3.724614e-01
sigma2    4.914674e+06
dtype: float64"
893,16,61,811.4372099044696,<statsmodels.tsa.arima.model.ARIMA object at 0x000002226B320E50>,"(0, 0, 0, 0)","ar.L1    -8.430493e-01
ar.L2    -3.744867e-01
sigma2    5.128545e+06
dtype: float64"
894,16,62,828.7172318130491,<statsmodels.tsa.arima.model.ARIMA object at 0x000002226B64EF90>,"(0, 0, 0, 0)","ar.L1    -8.415079e-01
ar.L2    -3.733987e-01
sigma2    5.012540e+06
dtype: float64"
895,16,63,846.3982662208487,<statsmodels.tsa.arima.model.ARIMA object at 0x000002226B5B0050>,"(0, 0, 0, 0)","ar.L1    -8.356575e-01
ar.L2    -3.799143e-01
sigma2    4.946075e+06
dtype: float64"
896,16,64,863.781454994421,<statsmodels.tsa.arima.model.ARIMA object at 0x000002226B348C10>,"(0, 0, 0, 0)","ar.L1    -8.419107e-01
ar.L2    -3.896364e-01
sigma2    4.850348e+06
dtype: float64"
897,16,65,881.0056302735851,<statsmodels.tsa.arima.model.ARIMA object at 0x000002226B6D4B10>,"(0, 0, 0, 0)","ar.L1    -8.414768e-01
ar.L2    -3.897449e-01
sigma2    4.747038e+06
dtype: float64"
898,16,66,900.3876843813836,<statsmodels.tsa.arima.model.ARIMA object at 0x000002226B577C50>,"(0, 0, 0, 0)","ar.L1    -8.427841e-01
ar.L2    -4.043143e-01
sigma2    3.833596e+06
dtype: float64"
899,16,67,917.6525310687679,<statsmodels.tsa.arima.model.ARIMA object at 0x000002226B6D7790>,"(0, 0, 0, 0)","ar.L1    -8.385199e-01
ar.L2    -4.003154e-01
sigma2    3.761431e+06
dtype: float64"
900,16,68,934.8602548319844,<statsmodels.tsa.arima.model.ARIMA object at 0x000002226B5778D0>,"(0, 0, 0, 0)","ar.L1    -8.388221e-01
ar.L2    -4.009797e-01
sigma2    3.684671e+06
dtype: float64"
901,17,25,154.81339630816368,"(1, 0, 0)","(0, 0, 0, 0)",
902,17,26,173.78592130568836,"(1, 0, 0)","(0, 0, 0, 0)",
903,17,27,191.50066493800563,"(1, 0, 0)","(0, 0, 0, 0)",
904,17,28,209.79138676810697,"(1, 0, 0)","(0, 0, 0, 0)",
905,17,29,227.57470356260782,"(1, 0, 0)","(0, 0, 0, 0)",
906,17,30,240.44944037050612,<statsmodels.tsa.arima.model.ARIMA object at 0x000002226B619910>,"(0, 0, 0, 0)","const     4.864616e+03
ar.L1    -6.334959e-01
ar.L2    -5.746342e-01
sigma2    2.771012e+06
dtype: float64"
907,17,31,257.72352979247995,<statsmodels.tsa.arima.model.ARIMA object at 0x000002226B64C5D0>,"(0, 0, 0, 0)","const     4.938358e+03
ar.L1    -6.388064e-01
ar.L2    -5.297231e-01
sigma2    3.074864e+06
dtype: float64"
908,17,32,277.2741845676111,<statsmodels.tsa.arima.model.ARIMA object at 0x000002226B74CA10>,"(0, 0, 0, 0)","const     4.841588e+03
ar.L1    -6.616104e-01
ar.L2    -5.028465e-01
sigma2    3.362070e+06
dtype: float64"
909,17,33,294.2327911044051,<statsmodels.tsa.arima.model.ARIMA object at 0x0000022269C46190>,"(0, 0, 0, 0)","const     4.845000e+03
ar.L1    -6.783028e-01
ar.L2    -5.121548e-01
sigma2    2.956452e+06
dtype: float64"
910,17,34,313.6192483701221,<statsmodels.tsa.arima.model.ARIMA object at 0x000002226B58FA10>,"(0, 0, 0, 0)","const     4.680001e+03
ar.L1    -6.826681e-01
ar.L2    -3.928000e-01
sigma2    3.270440e+06
dtype: float64"
911,17,35,330.4724314048946,<statsmodels.tsa.arima.model.ARIMA object at 0x000002226B1E7910>,"(0, 0, 0, 0)","const     4.780000e+03
ar.L1    -7.083878e-01
ar.L2    -3.886078e-01
sigma2    3.103499e+06
dtype: float64"
912,17,36,348.8486041055794,<statsmodels.tsa.arima.model.ARIMA object at 0x000002226B8F4FD0>,"(0, 0, 0, 0)","const     4.629474e+03
ar.L1    -5.557542e-01
sigma2    3.990142e+06
dtype: float64"
913,17,37,367.41937109189655,<statsmodels.tsa.arima.model.ARIMA object at 0x000002226B85E710>,"(0, 0, 0, 0)","const     4.578000e+03
ar.L1    -4.924477e-01
sigma2    4.115144e+06
dtype: float64"
914,17,38,386.6810956877881,<statsmodels.tsa.arima.model.ARIMA object at 0x000002226B8DC1D0>,"(0, 0, 0, 0)","const     4.457143e+03
ar.L1    -4.598320e-01
sigma2    4.385898e+06
dtype: float64"
915,17,39,405.5337220875754,<statsmodels.tsa.arima.model.ARIMA object at 0x000002226B8DC490>,"(0, 0, 0, 0)","const     4.380000e+03
ar.L1    -3.997554e-01
sigma2    4.552613e+06
dtype: float64"
916,17,40,422.99229573384247,<statsmodels.tsa.arima.model.ARIMA object at 0x000002226B83AF90>,"(0, 0, 0, 0)","const     4.356522e+03
ar.L1    -3.838342e-01
sigma2    4.414507e+06
dtype: float64"
917,17,41,442.9682871962667,<statsmodels.tsa.arima.model.ARIMA object at 0x000002226B8B9150>,"(0, 0, 0, 0)","const     4.215000e+03
ar.L1    -3.624664e-01
sigma2    4.795469e+06
dtype: float64"
918,17,42,452.06921231615763,<statsmodels.tsa.arima.model.ARIMA object at 0x000002226B44BD10>,"(0, 0, 0, 0)","ar.L1    -9.561549e-01
ar.L2    -5.251247e-01
sigma2    6.683973e+06
dtype: float64"
919,17,43,470.60050941202826,<statsmodels.tsa.arima.model.ARIMA object at 0x000002226B78E0D0>,"(0, 0, 0, 0)","ar.L1    -9.584908e-01
ar.L2    -5.154875e-01
sigma2    5.065104e+06
dtype: float64"
920,17,44,487.3797225730241,<statsmodels.tsa.arima.model.ARIMA object at 0x000002226B8DC7D0>,"(0, 0, 0, 0)","ar.L1    -9.533470e-01
ar.L2    -5.095706e-01
sigma2    6.224435e+06
dtype: float64"
921,17,45,506.2539090842549,<statsmodels.tsa.arima.model.ARIMA object at 0x000002226B78D390>,"(0, 0, 0, 0)","ar.L1    -9.502521e-01
ar.L2    -5.164148e-01
sigma2    6.319633e+06
dtype: float64"
922,17,46,523.9342482327687,<statsmodels.tsa.arima.model.ARIMA object at 0x000002226B85FB90>,"(0, 0, 0, 0)","ar.L1    -9.313445e-01
ar.L2    -5.001736e-01
sigma2    6.138062e+06
dtype: float64"
923,17,47,541.393097398488,<statsmodels.tsa.arima.model.ARIMA object at 0x000002226B77A2D0>,"(0, 0, 0, 0)","ar.L1    -9.322665e-01
ar.L2    -5.027749e-01
sigma2    5.921092e+06
dtype: float64"
924,17,48,560.2109823864956,<statsmodels.tsa.arima.model.ARIMA object at 0x000002226B970B50>,"(0, 0, 0, 0)","ar.L1    -9.494982e-01
ar.L2    -5.252523e-01
sigma2    4.694385e+06
dtype: float64"
925,17,49,577.6847559804622,<statsmodels.tsa.arima.model.ARIMA object at 0x000002226B9934D0>,"(0, 0, 0, 0)","ar.L1    -9.582808e-01
ar.L2    -5.314185e-01
sigma2    4.548332e+06
dtype: float64"
926,17,50,594.9041818763396,<statsmodels.tsa.arima.model.ARIMA object at 0x000002226B879C90>,"(0, 0, 0, 0)","ar.L1    -9.413191e-01
ar.L2    -5.357166e-01
sigma2    5.587389e+06
dtype: float64"
927,17,51,613.0063521664985,<statsmodels.tsa.arima.model.ARIMA object at 0x000002226B91B410>,"(0, 0, 0, 0)","ar.L1    -9.166612e-01
ar.L2    -4.991283e-01
sigma2    5.546608e+06
dtype: float64"
928,17,52,631.1143329345884,<statsmodels.tsa.arima.model.ARIMA object at 0x000002226B9FF9D0>,"(0, 0, 0, 0)","ar.L1    -9.140084e-01
ar.L2    -4.958706e-01
sigma2    5.503887e+06
dtype: float64"
929,17,53,649.9265994760057,<statsmodels.tsa.arima.model.ARIMA object at 0x000002226BA90F90>,"(0, 0, 0, 0)","ar.L1    -9.395872e-01
ar.L2    -5.142821e-01
sigma2    5.571294e+06
dtype: float64"
930,17,54,667.293088663813,<statsmodels.tsa.arima.model.ARIMA object at 0x000002226BAE1510>,"(0, 0, 0, 0)","ar.L1    -9.365706e-01
ar.L2    -5.134068e-01
sigma2    5.414093e+06
dtype: float64"
931,17,55,685.1121621828355,<statsmodels.tsa.arima.model.ARIMA object at 0x000002226B9FC610>,"(0, 0, 0, 0)","ar.L1    -9.372494e-01
ar.L2    -5.346780e-01
sigma2    5.336021e+06
dtype: float64"
932,17,56,703.3110073086741,<statsmodels.tsa.arima.model.ARIMA object at 0x000002226B6F6750>,"(0, 0, 0, 0)","ar.L1    -9.274362e-01
ar.L2    -5.190629e-01
sigma2    4.317409e+06
dtype: float64"
933,17,57,720.626414661388,<statsmodels.tsa.arima.model.ARIMA object at 0x000002226B8391D0>,"(0, 0, 0, 0)","ar.L1    -9.277866e-01
ar.L2    -5.192658e-01
sigma2    4.200864e+06
dtype: float64"
934,17,58,737.1679638720868,<statsmodels.tsa.arima.model.ARIMA object at 0x000002226B91A310>,"(0, 0, 0, 0)","ar.L1    -9.248380e-01
ar.L2    -5.185940e-01
sigma2    4.951196e+06
dtype: float64"
935,17,59,755.8349494174951,<statsmodels.tsa.arima.model.ARIMA object at 0x000002226B8BB650>,"(0, 0, 0, 0)","ar.L1    -9.224650e-01
ar.L2    -5.114540e-01
sigma2    4.062254e+06
dtype: float64"
936,17,60,773.1164692336804,<statsmodels.tsa.arima.model.ARIMA object at 0x000002226B779850>,"(0, 0, 0, 0)","ar.L1    -9.250710e-01
ar.L2    -5.131799e-01
sigma2    3.965756e+06
dtype: float64"
937,17,61,793.0288614315434,<statsmodels.tsa.arima.model.ARIMA object at 0x000002226BA93B50>,"(0, 0, 0, 0)","ar.L1    -9.119859e-01
ar.L2    -5.165930e-01
sigma2    4.210739e+06
dtype: float64"
938,17,62,810.3661151405798,<statsmodels.tsa.arima.model.ARIMA object at 0x000002226BAB5CD0>,"(0, 0, 0, 0)","ar.L1    -9.036567e-01
ar.L2    -5.086943e-01
sigma2    4.112261e+06
dtype: float64"
939,17,63,827.9057964109953,<statsmodels.tsa.arima.model.ARIMA object at 0x000002226BA21CD0>,"(0, 0, 0, 0)","ar.L1    -8.989878e-01
ar.L2    -5.149331e-01
sigma2    4.061510e+06
dtype: float64"
940,17,64,845.1645539480504,<statsmodels.tsa.arima.model.ARIMA object at 0x000002226B94F2D0>,"(0, 0, 0, 0)","ar.L1    -9.028750e-01
ar.L2    -5.206456e-01
sigma2    3.980494e+06
dtype: float64"
941,17,65,862.3873089896044,<statsmodels.tsa.arima.model.ARIMA object at 0x000002226BA7F290>,"(0, 0, 0, 0)","ar.L1    -9.015609e-01
ar.L2    -5.197326e-01
sigma2    3.892535e+06
dtype: float64"
942,17,66,880.4117660808568,<statsmodels.tsa.arima.model.ARIMA object at 0x000002226B7796D0>,"(0, 0, 0, 0)","ar.L1    -8.996857e-01
ar.L2    -5.289485e-01
sigma2    3.907033e+06
dtype: float64"
943,17,67,897.7360648821382,<statsmodels.tsa.arima.model.ARIMA object at 0x000002226B94E710>,"(0, 0, 0, 0)","ar.L1    -8.920932e-01
ar.L2    -5.209325e-01
sigma2    3.830583e+06
dtype: float64"
944,17,68,914.9065689244151,<statsmodels.tsa.arima.model.ARIMA object at 0x000002226BB60D90>,"(0, 0, 0, 0)","ar.L1    -8.925796e-01
ar.L2    -5.207743e-01
sigma2    3.750780e+06
dtype: float64"
945,18,26,155.60371687947693,"(1, 0, 0)","(0, 0, 0, 0)",
946,18,27,173.27389202517352,"(1, 0, 0)","(0, 0, 0, 0)",
947,18,28,191.2916198561103,"(1, 0, 0)","(0, 0, 0, 0)",
948,18,29,209.29591507714497,"(1, 0, 0)","(0, 0, 0, 0)",
949,18,30,226.86695002394646,"(1, 0, 0)","(0, 0, 0, 0)",
950,18,31,240.42842077967512,<statsmodels.tsa.arima.model.ARIMA object at 0x000002226B533D50>,"(0, 0, 0, 0)","const     4.989984e+03
ar.L1    -5.614225e-01
ar.L2    -5.476183e-01
sigma2    3.189998e+06
dtype: float64"
951,18,32,260.222111279926,<statsmodels.tsa.arima.model.ARIMA object at 0x000002226BAE2290>,"(0, 0, 0, 0)","const     4.877143e+03
ar.L1    -6.141171e-01
ar.L2    -5.145323e-01
sigma2    3.369394e+06
dtype: float64"
952,18,33,277.12906134290756,<statsmodels.tsa.arima.model.ARIMA object at 0x000002226B83A3D0>,"(0, 0, 0, 0)","const     4.871220e+03
ar.L1    -6.336383e-01
ar.L2    -5.138555e-01
sigma2    3.373987e+06
dtype: float64"
953,18,34,296.5231853911837,<statsmodels.tsa.arima.model.ARIMA object at 0x000002226B64C390>,"(0, 0, 0, 0)","const     4.815000e+03
ar.L1    -6.781382e-01
ar.L2    -3.888650e-01
sigma2    3.528548e+06
dtype: float64"
954,18,35,313.48882724444053,<statsmodels.tsa.arima.model.ARIMA object at 0x000002226B973890>,"(0, 0, 0, 0)","const     4.783430e+03
ar.L1    -6.975302e-01
ar.L2    -3.831047e-01
sigma2    3.548714e+06
dtype: float64"
955,18,36,331.68838317876754,<statsmodels.tsa.arima.model.ARIMA object at 0x000002226BB60590>,"(0, 0, 0, 0)","const     4.712365e+03
ar.L1    -5.710570e-01
sigma2    4.125202e+06
dtype: float64"
956,18,37,350.3080383812684,<statsmodels.tsa.arima.model.ARIMA object at 0x000002226BB76010>,"(0, 0, 0, 0)","const     4.626448e+03
ar.L1    -4.959538e-01
sigma2    4.273988e+06
dtype: float64"
957,18,38,369.71308357156084,<statsmodels.tsa.arima.model.ARIMA object at 0x000002226B61B450>,"(0, 0, 0, 0)","const     4.554000e+03
ar.L1    -4.690397e-01
sigma2    3.926363e+06
dtype: float64"
958,18,39,388.5903282869152,<statsmodels.tsa.arima.model.ARIMA object at 0x000002226B9FD0D0>,"(0, 0, 0, 0)","const     4.468571e+03
ar.L1    -3.992215e-01
sigma2    4.043523e+06
dtype: float64"
959,18,40,406.1295726164671,<statsmodels.tsa.arima.model.ARIMA object at 0x000002226BB62810>,"(0, 0, 0, 0)","const     4.440000e+03
ar.L1    -3.797696e-01
sigma2    3.902258e+06
dtype: float64"
960,18,41,425.97405797135076,<statsmodels.tsa.arima.model.ARIMA object at 0x000002226CC8E4D0>,"(0, 0, 0, 0)","const     4.288696e+03
ar.L1    -3.665682e-01
sigma2    4.231498e+06
dtype: float64"
961,18,42,444.2956876329365,<statsmodels.tsa.arima.model.ARIMA object at 0x000002226BB77E50>,"(0, 0, 0, 0)","const     4.205000e+03
sigma2    5.433638e+06
dtype: float64"
962,18,43,443.2395102493984,<statsmodels.tsa.arima.model.ARIMA object at 0x000002226CBAF4D0>,"(0, 0, 0, 0)","ar.L1    -9.524198e-01
ar.L2    -4.114669e-01
sigma2    4.897643e+06
dtype: float64"
963,18,44,460.4875605571427,<statsmodels.tsa.arima.model.ARIMA object at 0x000002226BA7E690>,"(0, 0, 0, 0)","ar.L1    -9.535236e-01
ar.L2    -4.107730e-01
sigma2    4.691904e+06
dtype: float64"
964,18,45,479.65805376965267,<statsmodels.tsa.arima.model.ARIMA object at 0x000002226B8DD950>,"(0, 0, 0, 0)","ar.L1    -9.487865e-01
ar.L2    -4.152327e-01
sigma2    4.893289e+06
dtype: float64"
965,18,46,497.08509667759614,<statsmodels.tsa.arima.model.ARIMA object at 0x000002226B94F410>,"(0, 0, 0, 0)","ar.L1    -9.300682e-01
ar.L2    -4.008943e-01
sigma2    4.737378e+06
dtype: float64"
966,18,47,514.3136675602923,<statsmodels.tsa.arima.model.ARIMA object at 0x000002226CCDE4D0>,"(0, 0, 0, 0)","ar.L1    -9.304945e-01
ar.L2    -4.048121e-01
sigma2    4.569110e+06
dtype: float64"
967,18,48,532.4776184817348,<statsmodels.tsa.arima.model.ARIMA object at 0x000002226BB3FCD0>,"(0, 0, 0, 0)","ar.L1    -9.431896e-01
ar.L2    -4.230791e-01
sigma2    4.578717e+06
dtype: float64"
968,18,49,549.6937764829165,<statsmodels.tsa.arima.model.ARIMA object at 0x000002226B23F290>,"(0, 0, 0, 0)","ar.L1    -9.528832e-01
ar.L2    -4.297008e-01
sigma2    4.426783e+06
dtype: float64"
969,18,50,567.8403476491806,<statsmodels.tsa.arima.model.ARIMA object at 0x000002226BB1D010>,"(0, 0, 0, 0)","ar.L1    -9.361451e-01
ar.L2    -4.339684e-01
sigma2    4.442528e+06
dtype: float64"
970,18,51,585.6296576514278,<statsmodels.tsa.arima.model.ARIMA object at 0x000002226B9DF810>,"(0, 0, 0, 0)","ar.L1    -9.154265e-01
ar.L2    -4.066639e-01
sigma2    4.378443e+06
dtype: float64"
971,18,52,603.678625220116,<statsmodels.tsa.arima.model.ARIMA object at 0x000002226BA7E0D0>,"(0, 0, 0, 0)","ar.L1    -9.126198e-01
ar.L2    -4.036809e-01
sigma2    4.365973e+06
dtype: float64"
972,18,53,622.6557239036597,<statsmodels.tsa.arima.model.ARIMA object at 0x000002226CCF66D0>,"(0, 0, 0, 0)","ar.L1    -9.398179e-01
ar.L2    -4.216554e-01
sigma2    4.482918e+06
dtype: float64"
973,18,54,639.8185563072944,<statsmodels.tsa.arima.model.ARIMA object at 0x000002226B9DE610>,"(0, 0, 0, 0)","ar.L1    -9.335788e-01
ar.L2    -4.195948e-01
sigma2    4.353494e+06
dtype: float64"
974,18,55,657.8882221829523,<statsmodels.tsa.arima.model.ARIMA object at 0x000002226B74E4D0>,"(0, 0, 0, 0)","ar.L1    -9.319217e-01
ar.L2    -4.410001e-01
sigma2    4.364227e+06
dtype: float64"
975,18,56,675.0965725932678,<statsmodels.tsa.arima.model.ARIMA object at 0x0000022267E6F290>,"(0, 0, 0, 0)","ar.L1    -9.224886e-01
ar.L2    -4.301796e-01
sigma2    4.249233e+06
dtype: float64"
976,18,57,692.1757448359572,<statsmodels.tsa.arima.model.ARIMA object at 0x0000022269318750>,"(0, 0, 0, 0)","ar.L1    -9.223348e-01
ar.L2    -4.305696e-01
sigma2    4.131845e+06
dtype: float64"
977,18,58,709.2453937490452,<statsmodels.tsa.arima.model.ARIMA object at 0x000002226BA57850>,"(0, 0, 0, 0)","ar.L1    -9.228616e-01
ar.L2    -4.321586e-01
sigma2    4.023097e+06
dtype: float64"
978,18,59,727.024745210842,<statsmodels.tsa.arima.model.ARIMA object at 0x00000222681B3A90>,"(0, 0, 0, 0)","ar.L1    -9.172722e-01
ar.L2    -4.248695e-01
sigma2    3.992532e+06
dtype: float64"
979,18,60,744.0871120902854,<statsmodels.tsa.arima.model.ARIMA object at 0x0000022268298550>,"(0, 0, 0, 0)","ar.L1    -9.200208e-01
ar.L2    -4.268504e-01
sigma2    3.894582e+06
dtype: float64"
980,18,61,764.7201027677706,<statsmodels.tsa.arima.model.ARIMA object at 0x0000022266349210>,"(0, 0, 0, 0)","ar.L1    -9.051144e-01
ar.L2    -4.275976e-01
sigma2    4.161967e+06
dtype: float64"
981,18,62,781.8144539366893,<statsmodels.tsa.arima.model.ARIMA object at 0x000002226BB63E10>,"(0, 0, 0, 0)","ar.L1    -8.990526e-01
ar.L2    -4.226204e-01
sigma2    4.062940e+06
dtype: float64"
982,18,63,799.3992626054779,<statsmodels.tsa.arima.model.ARIMA object at 0x000002226B4AB310>,"(0, 0, 0, 0)","ar.L1    -8.923413e-01
ar.L2    -4.282311e-01
sigma2    4.022481e+06
dtype: float64"
983,18,64,816.5467581575346,<statsmodels.tsa.arima.model.ARIMA object at 0x000002226B74F3D0>,"(0, 0, 0, 0)","ar.L1    -8.980434e-01
ar.L2    -4.363117e-01
sigma2    3.942597e+06
dtype: float64"
984,18,65,833.5663226303452,<statsmodels.tsa.arima.model.ARIMA object at 0x000002226B0364D0>,"(0, 0, 0, 0)","ar.L1    -8.965871e-01
ar.L2    -4.356375e-01
sigma2    3.853965e+06
dtype: float64"
985,18,66,851.8024010861359,<statsmodels.tsa.arima.model.ARIMA object at 0x000002226BA38350>,"(0, 0, 0, 0)","ar.L1    -8.936662e-01
ar.L2    -4.436837e-01
sigma2    3.877871e+06
dtype: float64"
986,18,67,868.8965796369359,<statsmodels.tsa.arima.model.ARIMA object at 0x000002226CD8CD50>,"(0, 0, 0, 0)","ar.L1    -8.873649e-01
ar.L2    -4.378743e-01
sigma2    3.800630e+06
dtype: float64"
987,18,68,885.8704571203829,<statsmodels.tsa.arima.model.ARIMA object at 0x000002226B1FDED0>,"(0, 0, 0, 0)","ar.L1    -8.875416e-01
ar.L2    -4.383093e-01
sigma2    3.719894e+06
dtype: float64"
988,19,27,151.7628746733998,"(1, 0, 0)","(0, 0, 0, 0)",
989,19,28,170.5968605947894,"(1, 0, 0)","(0, 0, 0, 0)",
990,19,29,187.99579445577237,"(1, 0, 0)","(0, 0, 0, 0)",
991,19,30,205.80746385084495,"(1, 0, 0)","(0, 0, 0, 0)",
992,19,31,222.93706509623422,"(1, 0, 0)","(0, 0, 0, 0)",
993,19,32,240.9733467765196,<statsmodels.tsa.arima.model.ARIMA object at 0x00000222693AEFD0>,"(0, 0, 0, 0)","const     4.560002e+03
sigma2    4.907971e+06
dtype: float64"
994,19,33,259.08635528300647,<statsmodels.tsa.arima.model.ARIMA object at 0x000002226B83A190>,"(0, 0, 0, 0)","const     4.714286e+03
ar.L1    -5.294860e-01
ar.L2    -4.006203e-01
sigma2    3.383902e+06
dtype: float64"
995,19,34,277.01572882801617,<statsmodels.tsa.arima.model.ARIMA object at 0x000002226CD8E250>,"(0, 0, 0, 0)","const     4.536000e+03
ar.L1    -4.175982e-01
sigma2    4.138465e+06
dtype: float64"
996,19,35,294.0958368683766,<statsmodels.tsa.arima.model.ARIMA object at 0x000002226B0FC610>,"(0, 0, 0, 0)","const     4.657500e+03
ar.L1    -4.533014e-01
sigma2    3.850515e+06
dtype: float64"
997,19,36,311.9559246976384,<statsmodels.tsa.arima.model.ARIMA object at 0x000002226B0BB350>,"(0, 0, 0, 0)","const     4.587236e+03
ar.L1    -4.941608e-01
sigma2    3.793970e+06
dtype: float64"
998,19,37,330.16713222462755,<statsmodels.tsa.arima.model.ARIMA object at 0x000002226CEE86D0>,"(0, 0, 0, 0)","const     4.446667e+03
ar.L1    -4.212751e-01
sigma2    3.905324e+06
dtype: float64"
999,19,38,349.1094387972946,<statsmodels.tsa.arima.model.ARIMA object at 0x000002226B015B90>,"(0, 0, 0, 0)","const     4.320000e+03
ar.L1    -3.880367e-01
sigma2    4.130525e+06
dtype: float64"
1000,19,39,367.55355713693405,<statsmodels.tsa.arima.model.ARIMA object at 0x000002226B081010>,"(0, 0, 0, 0)","const     4.242000e+03
ar.L1    -3.257260e-01
sigma2    4.226950e+06
dtype: float64"
1001,19,40,384.7988646560822,<statsmodels.tsa.arima.model.ARIMA object at 0x000002226AFAAC10>,"(0, 0, 0, 0)","const     4.222857e+03
ar.L1    -3.121625e-01
sigma2    4.058483e+06
dtype: float64"
1002,19,41,404.3979262951849,<statsmodels.tsa.arima.model.ARIMA object at 0x000002226B0D59D0>,"(0, 0, 0, 0)","const     4.074530e+03
sigma2    4.720594e+06
dtype: float64"
1003,19,42,422.2523919706531,<statsmodels.tsa.arima.model.ARIMA object at 0x000002226CD8F8D0>,"(0, 0, 0, 0)","const     3.996506e+03
sigma2    4.676263e+06
dtype: float64"
1004,19,43,440.9166520101775,<statsmodels.tsa.arima.model.ARIMA object at 0x000002226BAB6290>,"(0, 0, 0, 0)","const     3.885000e+03
sigma2    4.766056e+06
dtype: float64"
1005,19,44,441.9257241752837,<statsmodels.tsa.arima.model.ARIMA object at 0x000002226CF94A90>,"(0, 0, 0, 0)","ar.L1    -9.860064e-01
ar.L2    -4.343245e-01
sigma2    4.642843e+06
dtype: float64"
1006,19,45,461.1372076795198,<statsmodels.tsa.arima.model.ARIMA object at 0x000002226CF70790>,"(0, 0, 0, 0)","ar.L1    -9.808750e-01
ar.L2    -4.412091e-01
sigma2    4.844278e+06
dtype: float64"
1007,19,46,478.58384510296315,<statsmodels.tsa.arima.model.ARIMA object at 0x000002226CD4D850>,"(0, 0, 0, 0)","ar.L1    -9.556765e-01
ar.L2    -4.212114e-01
sigma2    4.706574e+06
dtype: float64"
1008,19,47,495.7740933203721,<statsmodels.tsa.arima.model.ARIMA object at 0x000002226CD34810>,"(0, 0, 0, 0)","ar.L1    -9.560942e-01
ar.L2    -4.263986e-01
sigma2    4.526952e+06
dtype: float64"
1009,19,48,513.8959965376209,<statsmodels.tsa.arima.model.ARIMA object at 0x000002226CD1ED90>,"(0, 0, 0, 0)","ar.L1    -9.715007e-01
ar.L2    -4.499143e-01
sigma2    4.512383e+06
dtype: float64"
1010,19,49,531.0536624292271,<statsmodels.tsa.arima.model.ARIMA object at 0x000002226AFF6F90>,"(0, 0, 0, 0)","ar.L1    -9.813338e-01
ar.L2    -4.568774e-01
sigma2    4.351026e+06
dtype: float64"
1011,19,50,549.208857487977,<statsmodels.tsa.arima.model.ARIMA object at 0x000002226CFF4990>,"(0, 0, 0, 0)","ar.L1    -9.619794e-01
ar.L2    -4.643781e-01
sigma2    4.359042e+06
dtype: float64"
1012,19,51,567.062939128499,<statsmodels.tsa.arima.model.ARIMA object at 0x000002226B2D6CD0>,"(0, 0, 0, 0)","ar.L1    -9.353548e-01
ar.L2    -4.273510e-01
sigma2    4.331814e+06
dtype: float64"
1013,19,52,585.1167589006736,<statsmodels.tsa.arima.model.ARIMA object at 0x000002226CFF64D0>,"(0, 0, 0, 0)","ar.L1    -9.319486e-01
ar.L2    -4.235618e-01
sigma2    4.323941e+06
dtype: float64"
1014,19,53,604.0656066919801,<statsmodels.tsa.arima.model.ARIMA object at 0x000002226BAB63D0>,"(0, 0, 0, 0)","ar.L1    -9.638745e-01
ar.L2    -4.450413e-01
sigma2    4.427555e+06
dtype: float64"
1015,19,54,621.2078375339202,<statsmodels.tsa.arima.model.ARIMA object at 0x000002226CF94AD0>,"(0, 0, 0, 0)","ar.L1    -9.551887e-01
ar.L2    -4.423109e-01
sigma2    4.298337e+06
dtype: float64"
1016,19,55,639.224502061423,<statsmodels.tsa.arima.model.ARIMA object at 0x000002226CDE35D0>,"(0, 0, 0, 0)","ar.L1    -9.541310e-01
ar.L2    -4.702554e-01
sigma2    4.282760e+06
dtype: float64"
1017,19,56,656.4399135967599,<statsmodels.tsa.arima.model.ARIMA object at 0x000002226D044990>,"(0, 0, 0, 0)","ar.L1    -9.409975e-01
ar.L2    -4.544959e-01
sigma2    4.180262e+06
dtype: float64"
1018,19,57,673.4821293600602,<statsmodels.tsa.arima.model.ARIMA object at 0x000002226CF97810>,"(0, 0, 0, 0)","ar.L1    -9.406357e-01
ar.L2    -4.548801e-01
sigma2    4.061449e+06
dtype: float64"
1019,19,58,690.5100558201792,<statsmodels.tsa.arima.model.ARIMA object at 0x000002226CD4CA90>,"(0, 0, 0, 0)","ar.L1    -9.411003e-01
ar.L2    -4.566447e-01
sigma2    3.950281e+06
dtype: float64"
1020,19,59,708.3027849706615,<statsmodels.tsa.arima.model.ARIMA object at 0x000002226CF706D0>,"(0, 0, 0, 0)","ar.L1    -9.343395e-01
ar.L2    -4.474226e-01
sigma2    3.928259e+06
dtype: float64"
1021,19,60,725.32190182602,<statsmodels.tsa.arima.model.ARIMA object at 0x000002226D0D6110>,"(0, 0, 0, 0)","ar.L1    -9.372149e-01
ar.L2    -4.495476e-01
sigma2    3.828131e+06
dtype: float64"
1022,19,61,746.04708764056,<statsmodels.tsa.arima.model.ARIMA object at 0x000002226BB3E550>,"(0, 0, 0, 0)","ar.L1    -9.205665e-01
ar.L2    -4.518828e-01
sigma2    4.100273e+06
dtype: float64"
1023,19,62,763.1256010599238,<statsmodels.tsa.arima.model.ARIMA object at 0x000002226D0F4990>,"(0, 0, 0, 0)","ar.L1    -9.118557e-01
ar.L2    -4.444638e-01
sigma2    4.005598e+06
dtype: float64"
1024,19,63,780.6718792629513,<statsmodels.tsa.arima.model.ARIMA object at 0x000002226D01C810>,"(0, 0, 0, 0)","ar.L1    -9.043823e-01
ar.L2    -4.518604e-01
sigma2    3.959217e+06
dtype: float64"
1025,19,64,797.7628443930928,<statsmodels.tsa.arima.model.ARIMA object at 0x000002226D0F47D0>,"(0, 0, 0, 0)","ar.L1    -9.102697e-01
ar.L2    -4.606627e-01
sigma2    3.872292e+06
dtype: float64"
1026,19,65,814.7483091839649,<statsmodels.tsa.arima.model.ARIMA object at 0x000002226D0D7810>,"(0, 0, 0, 0)","ar.L1    -9.082646e-01
ar.L2    -4.596531e-01
sigma2    3.784084e+06
dtype: float64"
1027,19,66,832.9546014044482,<statsmodels.tsa.arima.model.ARIMA object at 0x000002226D09A5D0>,"(0, 0, 0, 0)","ar.L1    -9.051567e-01
ar.L2    -4.698331e-01
sigma2    3.802103e+06
dtype: float64"
1028,19,67,850.0359441552442,<statsmodels.tsa.arima.model.ARIMA object at 0x000002226D160BD0>,"(0, 0, 0, 0)","ar.L1    -8.970857e-01
ar.L2    -4.621102e-01
sigma2    3.730005e+06
dtype: float64"
1029,19,68,866.9707570942444,<statsmodels.tsa.arima.model.ARIMA object at 0x000002226D068550>,"(0, 0, 0, 0)","ar.L1    -8.972293e-01
ar.L2    -4.624323e-01
sigma2    3.648930e+06
dtype: float64"
1030,20,28,152.87223059332993,"(1, 0, 0)","(0, 0, 0, 0)",
1031,20,29,170.44970601480574,"(1, 0, 0)","(0, 0, 0, 0)",
1032,20,30,188.10497602101262,"(1, 0, 0)","(0, 0, 0, 0)",
1033,20,31,205.31937695624123,"(1, 0, 0)","(0, 0, 0, 0)",
1034,20,32,224.83615889279264,"(1, 0, 0)","(0, 0, 0, 0)",
1035,20,33,234.16709383521624,<statsmodels.tsa.arima.model.ARIMA object at 0x000002226CBAFB50>,"(0, 0, 0, 0)","const     5.003726e+03
ar.L1    -8.116012e-01
ar.L2    -7.497659e-01
sigma2    1.867821e+06
dtype: float64"
1036,20,34,256.13115155462015,<statsmodels.tsa.arima.model.ARIMA object at 0x000002226CFD4590>,"(0, 0, 0, 0)","const     4.858159e+03
ar.L1    -7.999279e-01
ar.L2    -5.289977e-01
sigma2    2.868693e+06
dtype: float64"
1037,20,35,272.7680239079696,<statsmodels.tsa.arima.model.ARIMA object at 0x0000022269D997D0>,"(0, 0, 0, 0)","const     4.873160e+03
ar.L1    -8.229242e-01
ar.L2    -5.411087e-01
sigma2    2.474234e+06
dtype: float64"
1038,20,36,292.4062988840318,<statsmodels.tsa.arima.model.ARIMA object at 0x000002226CDB1390>,"(0, 0, 0, 0)","const     4.767831e+03
ar.L1    -8.066609e-01
ar.L2    -4.065057e-01
sigma2    3.006807e+06
dtype: float64"
1039,20,37,311.29167750154477,<statsmodels.tsa.arima.model.ARIMA object at 0x000002226D14C290>,"(0, 0, 0, 0)","const     4.684785e+03
ar.L1    -7.031816e-01
ar.L2    -3.925740e-01
sigma2    3.238165e+06
dtype: float64"
1040,20,38,330.67839305347286,<statsmodels.tsa.arima.model.ARIMA object at 0x000002226D06A110>,"(0, 0, 0, 0)","const     4.477660e+03
ar.L1    -4.317739e-01
sigma2    3.951542e+06
dtype: float64"
1041,20,39,349.4269064331209,<statsmodels.tsa.arima.model.ARIMA object at 0x000002226D177A10>,"(0, 0, 0, 0)","const     4.326316e+03
ar.L1    -3.554220e-01
sigma2    4.268886e+06
dtype: float64"
1042,20,40,366.74201877385036,<statsmodels.tsa.arima.model.ARIMA object at 0x000002226D199DD0>,"(0, 0, 0, 0)","const     4.302000e+03
ar.L1    -3.383305e-01
sigma2    4.105824e+06
dtype: float64"
1043,20,41,386.68027773001506,<statsmodels.tsa.arima.model.ARIMA object at 0x000002226D1089D0>,"(0, 0, 0, 0)","const     4.142857e+03
ar.L1    -3.152132e-01
sigma2    4.512064e+06
dtype: float64"
1044,20,42,404.6431264366556,<statsmodels.tsa.arima.model.ARIMA object at 0x000002226D162ED0>,"(0, 0, 0, 0)","const     4.058182e+03
sigma2    4.781358e+06
dtype: float64"
1045,20,43,423.3620169261471,<statsmodels.tsa.arima.model.ARIMA object at 0x00000222680D2690>,"(0, 0, 0, 0)","const     3.939116e+03
sigma2    4.937573e+06
dtype: float64"
1046,20,44,441.2143752856533,<statsmodels.tsa.arima.model.ARIMA object at 0x000002226D175690>,"(0, 0, 0, 0)","const     3.865000e+03
sigma2    4.813517e+06
dtype: float64"
1047,20,45,445.4311723515116,<statsmodels.tsa.arima.model.ARIMA object at 0x000002226D199510>,"(0, 0, 0, 0)","ar.L1    -9.296469e-01
ar.L2    -3.660234e-01
sigma2    5.072471e+06
dtype: float64"
1048,20,46,462.8638133969779,<statsmodels.tsa.arima.model.ARIMA object at 0x000002226D26F610>,"(0, 0, 0, 0)","ar.L1    -9.089608e-01
ar.L2    -3.497406e-01
sigma2    4.905488e+06
dtype: float64"
1049,20,47,480.1589709210494,<statsmodels.tsa.arima.model.ARIMA object at 0x000002226D098450>,"(0, 0, 0, 0)","ar.L1    -9.101874e-01
ar.L2    -3.570530e-01
sigma2    4.718712e+06
dtype: float64"
1050,20,48,498.39355410435564,<statsmodels.tsa.arima.model.ARIMA object at 0x000002226D220D10>,"(0, 0, 0, 0)","ar.L1    -9.272291e-01
ar.L2    -3.828393e-01
sigma2    4.711103e+06
dtype: float64"
1051,20,49,515.6606955066766,<statsmodels.tsa.arima.model.ARIMA object at 0x000002226D2D1D10>,"(0, 0, 0, 0)","ar.L1    -9.403237e-01
ar.L2    -3.927341e-01
sigma2    4.543861e+06
dtype: float64"
1052,20,50,533.8546551273204,<statsmodels.tsa.arima.model.ARIMA object at 0x000002226D160FD0>,"(0, 0, 0, 0)","ar.L1    -9.208313e-01
ar.L2    -4.005045e-01
sigma2    4.545160e+06
dtype: float64"
1053,20,51,551.5690174914439,<statsmodels.tsa.arima.model.ARIMA object at 0x000002226D28CC10>,"(0, 0, 0, 0)","ar.L1    -8.967137e-01
ar.L2    -3.670816e-01
sigma2    4.489901e+06
dtype: float64"
1054,20,52,569.6105160390043,<statsmodels.tsa.arima.model.ARIMA object at 0x000002226D10B410>,"(0, 0, 0, 0)","ar.L1    -8.933125e-01
ar.L2    -3.632989e-01
sigma2    4.474384e+06
dtype: float64"
1055,20,53,588.6019122663021,<statsmodels.tsa.arima.model.ARIMA object at 0x000002226D3651D0>,"(0, 0, 0, 0)","ar.L1    -9.262786e-01
ar.L2    -3.856207e-01
sigma2    4.587806e+06
dtype: float64"
1056,20,54,605.7977701081704,<statsmodels.tsa.arima.model.ARIMA object at 0x000002226D1760D0>,"(0, 0, 0, 0)","ar.L1    -9.192482e-01
ar.L2    -3.839647e-01
sigma2    4.448974e+06
dtype: float64"
1057,20,55,623.9587718665832,<statsmodels.tsa.arima.model.ARIMA object at 0x000002226D2EA190>,"(0, 0, 0, 0)","ar.L1    -9.189137e-01
ar.L2    -4.149011e-01
sigma2    4.438240e+06
dtype: float64"
1058,20,56,641.166772683265,<statsmodels.tsa.arima.model.ARIMA object at 0x000002226D20AF10>,"(0, 0, 0, 0)","ar.L1    -9.093820e-01
ar.L2    -4.035666e-01
sigma2    4.320990e+06
dtype: float64"
1059,20,57,658.272955984469,<statsmodels.tsa.arima.model.ARIMA object at 0x000002226D3964D0>,"(0, 0, 0, 0)","ar.L1    -9.094624e-01
ar.L2    -4.046562e-01
sigma2    4.195939e+06
dtype: float64"
1060,20,58,675.369734111127,<statsmodels.tsa.arima.model.ARIMA object at 0x000002226D3D0690>,"(0, 0, 0, 0)","ar.L1    -9.104450e-01
ar.L2    -4.074453e-01
sigma2    4.079217e+06
dtype: float64"
1061,20,59,693.132820555191,<statsmodels.tsa.arima.model.ARIMA object at 0x000002226D1CF510>,"(0, 0, 0, 0)","ar.L1    -9.037996e-01
ar.L2    -3.984107e-01
sigma2    4.049768e+06
dtype: float64"
1062,20,60,710.2169726582276,<statsmodels.tsa.arima.model.ARIMA object at 0x000002226D14E1D0>,"(0, 0, 0, 0)","ar.L1    -9.074238e-01
ar.L2    -4.014450e-01
sigma2    3.945120e+06
dtype: float64"
1063,20,61,730.8142488886501,<statsmodels.tsa.arima.model.ARIMA object at 0x000002226D199F90>,"(0, 0, 0, 0)","ar.L1    -8.898030e-01
ar.L2    -4.022132e-01
sigma2    4.218188e+06
dtype: float64"
1064,20,62,747.9160792587669,<statsmodels.tsa.arima.model.ARIMA object at 0x000002226D163BD0>,"(0, 0, 0, 0)","ar.L1    -8.844608e-01
ar.L2    -3.978975e-01
sigma2    4.115295e+06
dtype: float64"
1065,20,63,765.5273319285706,<statsmodels.tsa.arima.model.ARIMA object at 0x000002226D3D1990>,"(0, 0, 0, 0)","ar.L1    -8.770432e-01
ar.L2    -4.059998e-01
sigma2    4.066510e+06
dtype: float64"
1066,20,64,782.7116963167792,<statsmodels.tsa.arima.model.ARIMA object at 0x000002226D086790>,"(0, 0, 0, 0)","ar.L1    -8.846646e-01
ar.L2    -4.174181e-01
sigma2    3.977733e+06
dtype: float64"
1067,20,65,799.7434357955464,<statsmodels.tsa.arima.model.ARIMA object at 0x000002226CE1EF10>,"(0, 0, 0, 0)","ar.L1    -8.834053e-01
ar.L2    -4.171714e-01
sigma2    3.884712e+06
dtype: float64"
1068,20,66,817.9923641580268,<statsmodels.tsa.arima.model.ARIMA object at 0x000002226D42DB10>,"(0, 0, 0, 0)","ar.L1    -8.803894e-01
ar.L2    -4.277249e-01
sigma2    3.902720e+06
dtype: float64"
1069,20,67,835.083047443148,<statsmodels.tsa.arima.model.ARIMA object at 0x000002226D1B6590>,"(0, 0, 0, 0)","ar.L1    -8.737496e-01
ar.L2    -4.215051e-01
sigma2    3.824193e+06
dtype: float64"
1070,20,68,852.0673078851823,<statsmodels.tsa.arima.model.ARIMA object at 0x000002226D2D2710>,"(0, 0, 0, 0)","ar.L1    -8.741250e-01
ar.L2    -4.224295e-01
sigma2    3.739308e+06
dtype: float64"
1071,21,29,152.69568929312263,"(1, 0, 0)","(0, 0, 0, 0)",
1072,21,30,170.19918381187082,"(1, 0, 0)","(0, 0, 0, 0)",
1073,21,31,187.5439023824012,"(1, 0, 0)","(0, 0, 0, 0)",
1074,21,32,206.56361913120008,"(1, 0, 0)","(0, 0, 0, 0)",
1075,21,33,224.92208721258768,"(1, 0, 0)","(0, 0, 0, 0)",
1076,21,34,238.64723692042435,<statsmodels.tsa.arima.model.ARIMA object at 0x000002226D01CF90>,"(0, 0, 0, 0)","const     4.920633e+03
ar.L1    -8.124291e-01
ar.L2    -4.369374e-01
sigma2    2.701871e+06
dtype: float64"
1077,21,35,255.3647788431534,<statsmodels.tsa.arima.model.ARIMA object at 0x000002226D06BB10>,"(0, 0, 0, 0)","const     4.911429e+03
ar.L1    -8.207639e-01
ar.L2    -4.476055e-01
sigma2    2.326108e+06
dtype: float64"
1078,21,36,273.6691095377925,<statsmodels.tsa.arima.model.ARIMA object at 0x000002226D313490>,"(0, 0, 0, 0)","const     4.839954e+03
ar.L1    -6.334195e-01
sigma2    3.239669e+06
dtype: float64"
1079,21,37,292.89710925067783,<statsmodels.tsa.arima.model.ARIMA object at 0x000002226D414D10>,"(0, 0, 0, 0)","const     4.706792e+03
ar.L1    -5.245893e-01
sigma2    3.533395e+06
dtype: float64"
1080,21,38,312.48120257202777,<statsmodels.tsa.arima.model.ARIMA object at 0x000002226D473F50>,"(0, 0, 0, 0)","const     4.571296e+03
ar.L1    -4.774801e-01
sigma2    3.912138e+06
dtype: float64"
1081,21,39,331.52542181272173,<statsmodels.tsa.arima.model.ARIMA object at 0x000002226D415DD0>,"(0, 0, 0, 0)","const     4.393333e+03
ar.L1    -3.880695e-01
sigma2    4.273293e+06
dtype: float64"
1082,21,40,348.9268338271889,<statsmodels.tsa.arima.model.ARIMA object at 0x000002226D3D0E50>,"(0, 0, 0, 0)","const     4.364211e+03
ar.L1    -3.670667e-01
sigma2    4.120329e+06
dtype: float64"
1083,21,41,369.0071143734563,<statsmodels.tsa.arima.model.ARIMA object at 0x000002226D2EB190>,"(0, 0, 0, 0)","const     4.194000e+03
ar.L1    -3.386751e-01
sigma2    4.590834e+06
dtype: float64"
1084,21,42,387.2222516025496,<statsmodels.tsa.arima.model.ARIMA object at 0x000002226D4B5AD0>,"(0, 0, 0, 0)","const     4.102872e+03
sigma2    4.931408e+06
dtype: float64"
1085,21,43,405.9656733505534,<statsmodels.tsa.arima.model.ARIMA object at 0x000002226D3D0490>,"(0, 0, 0, 0)","const     3.976364e+03
sigma2    5.085220e+06
dtype: float64"
1086,21,44,423.86030434605567,<statsmodels.tsa.arima.model.ARIMA object at 0x000002226D3EED90>,"(0, 0, 0, 0)","const     3.897377e+03
sigma2    5.015994e+06
dtype: float64"
1087,21,45,441.2564844331098,<statsmodels.tsa.arima.model.ARIMA object at 0x000002226D4570D0>,"(0, 0, 0, 0)","const     3.935000e+03
sigma2    4.820502e+06
dtype: float64"
1088,21,46,445.75936495902533,<statsmodels.tsa.arima.model.ARIMA object at 0x000002226D4158D0>,"(0, 0, 0, 0)","ar.L1    -9.949500e-01
ar.L2    -5.430366e-01
sigma2    4.968723e+06
dtype: float64"
1089,21,47,463.0047467991195,<statsmodels.tsa.arima.model.ARIMA object at 0x000002226D222550>,"(0, 0, 0, 0)","ar.L1    -9.973269e-01
ar.L2    -5.473537e-01
sigma2    4.752271e+06
dtype: float64"
1090,21,48,480.95237349702364,<statsmodels.tsa.arima.model.ARIMA object at 0x000002226D3C3410>,"(0, 0, 0, 0)","ar.L1    -1.014809e+00
ar.L2    -5.733516e-01
sigma2    4.689775e+06
dtype: float64"
1091,21,49,498.1579791872521,<statsmodels.tsa.arima.model.ARIMA object at 0x000002226D3C0F90>,"(0, 0, 0, 0)","ar.L1    -1.024285e+00
ar.L2    -5.803709e-01
sigma2    4.499540e+06
dtype: float64"
1092,21,50,516.1319862273328,<statsmodels.tsa.arima.model.ARIMA object at 0x000002226D3128D0>,"(0, 0, 0, 0)","ar.L1    -1.007400e+00
ar.L2    -5.888074e-01
sigma2    4.475134e+06
dtype: float64"
1093,21,51,534.3411949063666,<statsmodels.tsa.arima.model.ARIMA object at 0x000002226D0863D0>,"(0, 0, 0, 0)","ar.L1    -9.686551e-01
ar.L2    -5.345839e-01
sigma2    4.503953e+06
dtype: float64"
1094,21,52,552.4268529906498,<statsmodels.tsa.arima.model.ARIMA object at 0x000002226D49F610>,"(0, 0, 0, 0)","ar.L1    -9.647423e-01
ar.L2    -5.300133e-01
sigma2    4.493957e+06
dtype: float64"
1095,21,53,571.2324268113053,<statsmodels.tsa.arima.model.ARIMA object at 0x000002226D33B3D0>,"(0, 0, 0, 0)","ar.L1    -9.984358e-01
ar.L2    -5.547884e-01
sigma2    4.581980e+06
dtype: float64"
1096,21,54,588.4306952253046,<statsmodels.tsa.arima.model.ARIMA object at 0x000002226D5EF8D0>,"(0, 0, 0, 0)","ar.L1    -9.909375e-01
ar.L2    -5.522699e-01
sigma2    4.436469e+06
dtype: float64"
1097,21,55,606.1433588786546,<statsmodels.tsa.arima.model.ARIMA object at 0x000002226D4F9150>,"(0, 0, 0, 0)","ar.L1    -9.929704e-01
ar.L2    -5.793447e-01
sigma2    4.373202e+06
dtype: float64"
1098,21,56,623.5649169566517,<statsmodels.tsa.arima.model.ARIMA object at 0x000002226B2D7E10>,"(0, 0, 0, 0)","ar.L1    -9.714078e-01
ar.L2    -5.523319e-01
sigma2    4.285165e+06
dtype: float64"
1099,21,57,640.6591102030641,<statsmodels.tsa.arima.model.ARIMA object at 0x000002226D366790>,"(0, 0, 0, 0)","ar.L1    -9.721432e-01
ar.L2    -5.530926e-01
sigma2    4.153230e+06
dtype: float64"
1100,21,58,657.7248348793327,<statsmodels.tsa.arima.model.ARIMA object at 0x000002226D5EE4D0>,"(0, 0, 0, 0)","ar.L1    -9.733945e-01
ar.L2    -5.546086e-01
sigma2    4.028775e+06
dtype: float64"
1101,21,59,675.6147295413693,<statsmodels.tsa.arima.model.ARIMA object at 0x000002226CF0FE50>,"(0, 0, 0, 0)","ar.L1    -9.652217e-01
ar.L2    -5.432252e-01
sigma2    4.013330e+06
dtype: float64"
1102,21,60,692.6717879543938,<statsmodels.tsa.arima.model.ARIMA object at 0x000002226620F410>,"(0, 0, 0, 0)","ar.L1    -9.687143e-01
ar.L2    -5.456865e-01
sigma2    3.901489e+06
dtype: float64"
1103,21,61,713.1477703283227,<statsmodels.tsa.arima.model.ARIMA object at 0x000002226D365E10>,"(0, 0, 0, 0)","ar.L1    -9.505952e-01
ar.L2    -5.478646e-01
sigma2    4.181217e+06
dtype: float64"
1104,21,62,730.3327205248456,<statsmodels.tsa.arima.model.ARIMA object at 0x000002226D64CC10>,"(0, 0, 0, 0)","ar.L1    -9.367175e-01
ar.L2    -5.349914e-01
sigma2    4.086801e+06
dtype: float64"
1105,21,63,747.7760539895232,<statsmodels.tsa.arima.model.ARIMA object at 0x000002226D5EE350>,"(0, 0, 0, 0)","ar.L1    -9.310347e-01
ar.L2    -5.427078e-01
sigma2    4.023777e+06
dtype: float64"
1106,21,64,764.8409193691919,<statsmodels.tsa.arima.model.ARIMA object at 0x000002226D6DCAD0>,"(0, 0, 0, 0)","ar.L1    -9.355766e-01
ar.L2    -5.488711e-01
sigma2    3.923666e+06
dtype: float64"
1107,21,65,781.8694184055057,<statsmodels.tsa.arima.model.ARIMA object at 0x000002226D699D90>,"(0, 0, 0, 0)","ar.L1    -9.335542e-01
ar.L2    -5.476222e-01
sigma2    3.829181e+06
dtype: float64"
1108,21,66,799.9165529031277,<statsmodels.tsa.arima.model.ARIMA object at 0x000002226D4B73D0>,"(0, 0, 0, 0)","ar.L1    -9.313596e-01
ar.L2    -5.586253e-01
sigma2    3.834819e+06
dtype: float64"
1109,21,67,817.0986464151661,<statsmodels.tsa.arima.model.ARIMA object at 0x000002226D3D3A90>,"(0, 0, 0, 0)","ar.L1    -9.205461e-01
ar.L2    -5.474892e-01
sigma2    3.764733e+06
dtype: float64"
1110,21,68,834.0678328690032,<statsmodels.tsa.arima.model.ARIMA object at 0x000002226D1296D0>,"(0, 0, 0, 0)","ar.L1    -9.214323e-01
ar.L2    -5.476078e-01
sigma2    3.677742e+06
dtype: float64"
1111,22,30,150.9683444361274,"(1, 0, 0)","(0, 0, 0, 0)",
1112,22,31,168.58791366901022,"(1, 0, 0)","(0, 0, 0, 0)",
1113,22,32,186.93562548195834,"(1, 0, 0)","(0, 0, 0, 0)",
1114,22,33,205.98742743384315,"(1, 0, 0)","(0, 0, 0, 0)",
1115,22,34,223.83951793039762,"(1, 0, 0)","(0, 0, 0, 0)",
1116,22,35,237.72639373210038,<statsmodels.tsa.arima.model.ARIMA object at 0x000002226D51BF50>,"(0, 0, 0, 0)","const     4.851304e+03
ar.L1    -9.844753e-01
ar.L2    -5.515989e-01
sigma2    2.507437e+06
dtype: float64"
1117,22,36,256.7177834537548,<statsmodels.tsa.arima.model.ARIMA object at 0x000002226BB1C6D0>,"(0, 0, 0, 0)","const     4.805257e+03
ar.L1    -6.638210e-01
sigma2    3.354212e+06
dtype: float64"
1118,22,37,275.9232155690311,<statsmodels.tsa.arima.model.ARIMA object at 0x000002226D7619D0>,"(0, 0, 0, 0)","const     4.690302e+03
ar.L1    -5.410951e-01
sigma2    3.737682e+06
dtype: float64"
1119,22,38,295.4079263733453,<statsmodels.tsa.arima.model.ARIMA object at 0x000002226D3EE310>,"(0, 0, 0, 0)","const     4.553741e+03
ar.L1    -4.951193e-01
sigma2    4.123595e+06
dtype: float64"
1120,22,39,314.38979839410786,<statsmodels.tsa.arima.model.ARIMA object at 0x000002226D49CB10>,"(0, 0, 0, 0)","const     4.442121e+03
ar.L1    -3.972873e-01
sigma2    4.383715e+06
dtype: float64"
1121,22,40,331.84244515233416,<statsmodels.tsa.arima.model.ARIMA object at 0x000002226D699B10>,"(0, 0, 0, 0)","const     4.396219e+03
ar.L1    -3.726615e-01
sigma2    4.231003e+06
dtype: float64"
1122,22,41,351.6270652458924,<statsmodels.tsa.arima.model.ARIMA object at 0x000002226D6121D0>,"(0, 0, 0, 0)","const     4.263158e+03
sigma2    5.139402e+06
dtype: float64"
1123,22,42,369.6457638225283,<statsmodels.tsa.arima.model.ARIMA object at 0x000002226D774C50>,"(0, 0, 0, 0)","const     4.164009e+03
sigma2    5.171427e+06
dtype: float64"
1124,22,43,388.4313923241326,<statsmodels.tsa.arima.model.ARIMA object at 0x000002226D4D9B50>,"(0, 0, 0, 0)","const     4.028571e+03
sigma2    5.258640e+06
dtype: float64"
1125,22,44,406.3754704850861,<statsmodels.tsa.arima.model.ARIMA object at 0x000002226D777810>,"(0, 0, 0, 0)","const     3.943636e+03
sigma2    5.223352e+06
dtype: float64"
1126,22,45,423.7836339647059,<statsmodels.tsa.arima.model.ARIMA object at 0x000002226D7452D0>,"(0, 0, 0, 0)","const     3.980856e+03
sigma2    5.003166e+06
dtype: float64"
1127,22,46,441.2064720136188,<statsmodels.tsa.arima.model.ARIMA object at 0x000002226D774690>,"(0, 0, 0, 0)","const     3.940000e+03
sigma2    4.812212e+06
dtype: float64"
1128,22,47,431.4576182849168,<statsmodels.tsa.arima.model.ARIMA object at 0x000002226E7AE4D0>,"(0, 0, 0, 0)","ar.L1    -1.104399e+00
ar.L2    -5.567620e-01
sigma2    2.904520e+06
dtype: float64"
1129,22,48,449.51996305442475,<statsmodels.tsa.arima.model.ARIMA object at 0x000002226D1CCB50>,"(0, 0, 0, 0)","ar.L1    -1.125512e+00
ar.L2    -5.816255e-01
sigma2    2.638274e+06
dtype: float64"
1130,22,49,466.24458150568995,<statsmodels.tsa.arima.model.ARIMA object at 0x000002226D777550>,"(0, 0, 0, 0)","ar.L1    -1.128123e+00
ar.L2    -5.835703e-01
sigma2    2.528881e+06
dtype: float64"
1131,22,50,484.6311412247958,<statsmodels.tsa.arima.model.ARIMA object at 0x000002226E85FAD0>,"(0, 0, 0, 0)","ar.L1    -1.100079e+00
ar.L2    -5.835770e-01
sigma2    2.677433e+06
dtype: float64"
1132,22,51,503.0279149430511,<statsmodels.tsa.arima.model.ARIMA object at 0x000002226E8860D0>,"(0, 0, 0, 0)","ar.L1    -1.057523e+00
ar.L2    -5.341114e-01
sigma2    2.704812e+06
dtype: float64"
1133,22,52,521.1778542252268,<statsmodels.tsa.arima.model.ARIMA object at 0x000002226E8264D0>,"(0, 0, 0, 0)","ar.L1    -1.052591e+00
ar.L2    -5.293703e-01
sigma2    2.756910e+06
dtype: float64"
1134,22,53,540.0724540613729,<statsmodels.tsa.arima.model.ARIMA object at 0x000002226E85D990>,"(0, 0, 0, 0)","ar.L1    -1.089203e+00
ar.L2    -5.539865e-01
sigma2    2.898594e+06
dtype: float64"
1135,22,54,557.0654036602368,<statsmodels.tsa.arima.model.ARIMA object at 0x0000022269C67950>,"(0, 0, 0, 0)","ar.L1    -1.069421e+00
ar.L2    -5.453114e-01
sigma2    2.830454e+06
dtype: float64"
1136,22,55,574.9396140886378,<statsmodels.tsa.arima.model.ARIMA object at 0x000002226E7AFDD0>,"(0, 0, 0, 0)","ar.L1    -1.067707e+00
ar.L2    -5.682423e-01
sigma2    2.909800e+06
dtype: float64"
1137,22,56,592.1862696320596,<statsmodels.tsa.arima.model.ARIMA object at 0x000002226D49C990>,"(0, 0, 0, 0)","ar.L1    -1.042979e+00
ar.L2    -5.420916e-01
sigma2    2.842865e+06
dtype: float64"
1138,22,57,608.9500644549227,<statsmodels.tsa.arima.model.ARIMA object at 0x000002226E957590>,"(0, 0, 0, 0)","ar.L1    -1.042239e+00
ar.L2    -5.423436e-01
sigma2    2.756671e+06
dtype: float64"
1139,22,58,625.6853905515226,<statsmodels.tsa.arima.model.ARIMA object at 0x000002226E805B10>,"(0, 0, 0, 0)","ar.L1    -1.042988e+00
ar.L2    -5.438763e-01
sigma2    2.676784e+06
dtype: float64"
1140,22,59,643.5790142104233,<statsmodels.tsa.arima.model.ARIMA object at 0x000002226E8EE810>,"(0, 0, 0, 0)","ar.L1    -1.034045e+00
ar.L2    -5.333517e-01
sigma2    2.689046e+06
dtype: float64"
1141,22,60,660.3023915056181,<statsmodels.tsa.arima.model.ARIMA object at 0x000002226E9AE4D0>,"(0, 0, 0, 0)","ar.L1    -1.036678e+00
ar.L2    -5.352206e-01
sigma2    2.614303e+06
dtype: float64"
1142,22,61,681.990070128189,<statsmodels.tsa.arima.model.ARIMA object at 0x000002226E8A5250>,"(0, 0, 0, 0)","ar.L1    -1.014836e+00
ar.L2    -5.330107e-01
sigma2    2.971225e+06
dtype: float64"
1143,22,62,698.9993230655823,<statsmodels.tsa.arima.model.ARIMA object at 0x000002226E841E50>,"(0, 0, 0, 0)","ar.L1    -9.956551e-01
ar.L2    -5.174266e-01
sigma2    2.904211e+06
dtype: float64"
1144,22,63,716.4698385014087,<statsmodels.tsa.arima.model.ARIMA object at 0x000002226D1ECB10>,"(0, 0, 0, 0)","ar.L1    -9.866488e-01
ar.L2    -5.229284e-01
sigma2    2.903310e+06
dtype: float64"
1145,22,64,733.2740320769961,<statsmodels.tsa.arima.model.ARIMA object at 0x000002226E8D4BD0>,"(0, 0, 0, 0)","ar.L1    -9.914998e-01
ar.L2    -5.290885e-01
sigma2    2.838650e+06
dtype: float64"
1146,22,65,750.0570905893093,<statsmodels.tsa.arima.model.ARIMA object at 0x000002226D6B64D0>,"(0, 0, 0, 0)","ar.L1    -9.876112e-01
ar.L2    -5.268772e-01
sigma2    2.771728e+06
dtype: float64"
1147,22,66,768.331078986703,<statsmodels.tsa.arima.model.ARIMA object at 0x000002226E7D1250>,"(0, 0, 0, 0)","ar.L1    -9.838178e-01
ar.L2    -5.355197e-01
sigma2    2.830315e+06
dtype: float64"
1148,22,67,785.3399451141245,<statsmodels.tsa.arima.model.ARIMA object at 0x000002226E840F10>,"(0, 0, 0, 0)","ar.L1    -9.712283e-01
ar.L2    -5.242550e-01
sigma2    2.778254e+06
dtype: float64"
1149,22,68,802.044843851804,<statsmodels.tsa.arima.model.ARIMA object at 0x000002226E9D7D50>,"(0, 0, 0, 0)","ar.L1    -9.715247e-01
ar.L2    -5.246806e-01
sigma2    2.714147e+06
dtype: float64"
1150,23,31,148.7188826740255,"(1, 0, 0)","(0, 0, 0, 0)",
1151,23,32,168.10724038324588,"(1, 0, 0)","(0, 0, 0, 0)",
1152,23,33,186.48532882307518,"(1, 0, 0)","(0, 0, 0, 0)",
1153,23,34,204.86111288802164,"(1, 0, 0)","(0, 0, 0, 0)",
1154,23,35,223.1336254303358,"(1, 0, 0)","(0, 0, 0, 0)",
1155,23,36,233.07959495191514,<statsmodels.tsa.arima.model.ARIMA object at 0x000002226E9F8C90>,"(0, 0, 0, 0)","const     4.616250e+03
ar.L1    -7.154655e-01
sigma2    2.183083e+06
dtype: float64"
1156,23,37,252.64286892346843,<statsmodels.tsa.arima.model.ARIMA object at 0x000002226E8D5190>,"(0, 0, 0, 0)","const     4.474286e+03
ar.L1    -5.965815e-01
sigma2    2.701245e+06
dtype: float64"
1157,23,38,272.2743710357834,<statsmodels.tsa.arima.model.ARIMA object at 0x000002226D4FBA10>,"(0, 0, 0, 0)","const     4.312001e+03
ar.L1    -5.541927e-01
sigma2    3.089858e+06
dtype: float64"
1158,23,39,291.35894834446026,<statsmodels.tsa.arima.model.ARIMA object at 0x000002226E8D4910>,"(0, 0, 0, 0)","const     4.215000e+03
ar.L1    -4.635139e-01
sigma2    3.371029e+06
dtype: float64"
1159,23,40,308.4864079160394,<statsmodels.tsa.arima.model.ARIMA object at 0x000002226EA3E4D0>,"(0, 0, 0, 0)","const     4.192941e+03
ar.L1    -4.440348e-01
sigma2    3.227279e+06
dtype: float64"
1160,23,41,328.0530511193937,<statsmodels.tsa.arima.model.ARIMA object at 0x000002226D49E610>,"(0, 0, 0, 0)","const     3.986098e+03
ar.L1    -2.552424e-01
ar.L2     3.790859e-01
sigma2    2.984625e+06
dtype: float64"
1161,23,42,346.43994958843035,<statsmodels.tsa.arima.model.ARIMA object at 0x000002226EAC9150>,"(0, 0, 0, 0)","const     3.922105e+03
ar.L1    -1.524326e-01
ar.L2     4.269363e-01
sigma2    3.294595e+06
dtype: float64"
1162,23,43,363.7200201052545,<statsmodels.tsa.arima.model.ARIMA object at 0x000002226EA9BE90>,"(0, 0, 0, 0)","const     3.792000e+03
ar.L1    -1.069294e-01
ar.L2     4.961367e-01
sigma2    3.181238e+06
dtype: float64"
1163,23,44,380.7643538192864,<statsmodels.tsa.arima.model.ARIMA object at 0x000002226E9F82D0>,"(0, 0, 0, 0)","const     3.714286e+03
ar.L1    -7.412348e-02
ar.L2     5.250754e-01
sigma2    3.049897e+06
dtype: float64"
1164,23,45,399.0226630554089,<statsmodels.tsa.arima.model.ARIMA object at 0x000002226EB0EFD0>,"(0, 0, 0, 0)","const     3.763636e+03
ar.L1    -1.206082e-01
ar.L2     4.587959e-01
sigma2    3.145551e+06
dtype: float64"
1165,23,46,415.74485593207476,<statsmodels.tsa.arima.model.ARIMA object at 0x000002226E9D4B10>,"(0, 0, 0, 0)","const     3.730435e+03
ar.L1    -1.205403e-01
ar.L2     4.589324e-01
sigma2    2.996347e+06
dtype: float64"
1166,23,47,432.9185725214659,<statsmodels.tsa.arima.model.ARIMA object at 0x000002226E9D7190>,"(0, 0, 0, 0)","const     3.705000e+03
ar.L1    -1.149496e-01
ar.L2     4.480915e-01
sigma2    2.922724e+06
dtype: float64"
1167,23,48,434.45920360830576,<statsmodels.tsa.arima.model.ARIMA object at 0x000002226E995650>,"(0, 0, 0, 0)","ar.L1    -7.585774e-01
sigma2    3.587405e+06
dtype: float64"
1168,23,49,451.57140299951857,<statsmodels.tsa.arima.model.ARIMA object at 0x000002226E9D5B10>,"(0, 0, 0, 0)","ar.L1    -9.983347e-01
ar.L2    -2.816448e-01
sigma2    3.129826e+06
dtype: float64"
1169,23,50,470.56416673442686,<statsmodels.tsa.arima.model.ARIMA object at 0x000002226D62E4D0>,"(0, 0, 0, 0)","ar.L1    -9.655987e-01
ar.L2    -2.840441e-01
sigma2    3.282816e+06
dtype: float64"
1170,23,51,487.64868311335255,<statsmodels.tsa.arima.model.ARIMA object at 0x000002226D56B610>,"(0, 0, 0, 0)","ar.L1    -7.373286e-01
sigma2    3.634069e+06
dtype: float64"
1171,23,52,505.57313743883833,<statsmodels.tsa.arima.model.ARIMA object at 0x000002226D6F8E50>,"(0, 0, 0, 0)","ar.L1    -7.364831e-01
sigma2    3.631737e+06
dtype: float64"
1172,23,53,525.1054413150545,<statsmodels.tsa.arima.model.ARIMA object at 0x000002226EB32490>,"(0, 0, 0, 0)","ar.L1    -9.764689e-01
ar.L2    -2.757148e-01
sigma2    3.405185e+06
dtype: float64"
1173,23,54,542.1583591494024,<statsmodels.tsa.arima.model.ARIMA object at 0x000002226E9FAF50>,"(0, 0, 0, 0)","ar.L1    -9.539332e-01
ar.L2    -2.641089e-01
sigma2    3.314179e+06
dtype: float64"
1174,23,55,561.6495285063725,<statsmodels.tsa.arima.model.ARIMA object at 0x000002226E9FA390>,"(0, 0, 0, 0)","ar.L1    -9.679952e-01
ar.L2    -3.220724e-01
sigma2    2.941360e+06
dtype: float64"
1175,23,56,578.1672615707308,<statsmodels.tsa.arima.model.ARIMA object at 0x000002226EB30350>,"(0, 0, 0, 0)","ar.L1    -9.543946e-01
ar.L2    -3.061686e-01
sigma2    3.335405e+06
dtype: float64"
1176,23,57,595.0392822989335,<statsmodels.tsa.arima.model.ARIMA object at 0x000002226EAC8E50>,"(0, 0, 0, 0)","ar.L1    -9.530852e-01
ar.L2    -3.068123e-01
sigma2    3.234407e+06
dtype: float64"
1177,23,58,611.9357948009678,<statsmodels.tsa.arima.model.ARIMA object at 0x000002226EB0E4D0>,"(0, 0, 0, 0)","ar.L1    -9.550419e-01
ar.L2    -3.116104e-01
sigma2    3.143320e+06
dtype: float64"
1178,23,59,629.5557057257238,<statsmodels.tsa.arima.model.ARIMA object at 0x000002226EA7B310>,"(0, 0, 0, 0)","ar.L1    -9.447100e-01
ar.L2    -2.989253e-01
sigma2    3.130451e+06
dtype: float64"
1179,23,60,646.3848727452255,<statsmodels.tsa.arima.model.ARIMA object at 0x000002226EBD4A90>,"(0, 0, 0, 0)","ar.L1    -9.494110e-01
ar.L2    -3.029623e-01
sigma2    3.044351e+06
dtype: float64"
1180,23,61,668.1287880417083,<statsmodels.tsa.arima.model.ARIMA object at 0x000002226EA3CB10>,"(0, 0, 0, 0)","ar.L1    -9.254308e-01
ar.L2    -2.995366e-01
sigma2    3.399992e+06
dtype: float64"
1181,23,62,685.3522567499016,<statsmodels.tsa.arima.model.ARIMA object at 0x000002226EB6F690>,"(0, 0, 0, 0)","ar.L1    -9.224990e-01
ar.L2    -2.985722e-01
sigma2    2.899120e+06
dtype: float64"
1182,23,63,702.9391994828719,<statsmodels.tsa.arima.model.ARIMA object at 0x000002226EBD5B10>,"(0, 0, 0, 0)","ar.L1    -9.086695e-01
ar.L2    -3.043301e-01
sigma2    3.315958e+06
dtype: float64"
1183,23,64,720.1006170740486,<statsmodels.tsa.arima.model.ARIMA object at 0x000002226E911ED0>,"(0, 0, 0, 0)","ar.L1    -9.239950e-01
ar.L2    -3.249046e-01
sigma2    3.252563e+06
dtype: float64"
1184,23,65,737.3351057071349,<statsmodels.tsa.arima.model.ARIMA object at 0x000002226EA9A490>,"(0, 0, 0, 0)","ar.L1    -9.243581e-01
ar.L2    -3.279345e-01
sigma2    2.768750e+06
dtype: float64"
1185,23,66,756.0070110837772,<statsmodels.tsa.arima.model.ARIMA object at 0x000002226E911810>,"(0, 0, 0, 0)","ar.L1    -9.217641e-01
ar.L2    -3.414366e-01
sigma2    2.832200e+06
dtype: float64"
1186,23,67,772.9086232629276,<statsmodels.tsa.arima.model.ARIMA object at 0x000002226EC16710>,"(0, 0, 0, 0)","ar.L1    -9.135274e-01
ar.L2    -3.335661e-01
sigma2    2.772601e+06
dtype: float64"
1187,23,68,789.7399408904953,<statsmodels.tsa.arima.model.ARIMA object at 0x000002226EC17610>,"(0, 0, 0, 0)","ar.L1    -9.134541e-01
ar.L2    -3.353130e-01
sigma2    2.707164e+06
dtype: float64"
1188,24,32,151.03181887454633,"(1, 0, 0)","(0, 0, 0, 0)",
1189,24,33,169.3563041818095,"(1, 0, 0)","(0, 0, 0, 0)",
1190,24,34,187.7331737271041,"(1, 0, 0)","(0, 0, 0, 0)",
1191,24,35,205.9773893670835,"(1, 0, 0)","(0, 0, 0, 0)",
1192,24,36,224.28894344263603,"(1, 0, 0)","(0, 0, 0, 0)",
1193,24,37,235.77782776297116,<statsmodels.tsa.arima.model.ARIMA object at 0x000002226E92B4D0>,"(0, 0, 0, 0)","const     4.518287e+03
ar.L1    -6.256549e-01
sigma2    2.693236e+06
dtype: float64"
1194,24,38,255.41805492215906,<statsmodels.tsa.arima.model.ARIMA object at 0x000002226EC9CA50>,"(0, 0, 0, 0)","const     4.369492e+03
ar.L1    -5.705287e-01
sigma2    3.145663e+06
dtype: float64"
1195,24,39,274.53725914333603,<statsmodels.tsa.arima.model.ARIMA object at 0x000002226D6F9CD0>,"(0, 0, 0, 0)","const     4.152000e+03
ar.L1    -4.580837e-01
sigma2    3.454005e+06
dtype: float64"
1196,24,40,291.65591529158166,<statsmodels.tsa.arima.model.ARIMA object at 0x000002226E96F7D0>,"(0, 0, 0, 0)","const     4.177634e+03
ar.L1    -4.412154e-01
sigma2    3.280302e+06
dtype: float64"
1197,24,41,310.93133448184307,<statsmodels.tsa.arima.model.ARIMA object at 0x000002226EB6FE10>,"(0, 0, 0, 0)","const     3.967215e+03
ar.L1    -2.478642e-01
ar.L2     4.445779e-01
sigma2    3.094497e+06
dtype: float64"
1198,24,42,329.2420703475785,<statsmodels.tsa.arima.model.ARIMA object at 0x000002226EB51B10>,"(0, 0, 0, 0)","const     3.846520e+03
ar.L1    -1.487435e-01
ar.L2     4.955225e-01
sigma2    3.181224e+06
dtype: float64"
1199,24,43,346.44994684819613,<statsmodels.tsa.arima.model.ARIMA object at 0x000002226EAEE710>,"(0, 0, 0, 0)","const     3.719274e+03
ar.L1    -1.085864e-01
ar.L2     5.634393e-01
sigma2    3.053245e+06
dtype: float64"
1200,24,44,363.4859805297704,<statsmodels.tsa.arima.model.ARIMA object at 0x000002226ECC02D0>,"(0, 0, 0, 0)","const     3.640208e+03
ar.L1    -7.933914e-02
ar.L2     5.924682e-01
sigma2    2.932222e+06
dtype: float64"
1201,24,45,381.92428898512276,<statsmodels.tsa.arima.model.ARIMA object at 0x000002226ED00B90>,"(0, 0, 0, 0)","const     3.717068e+03
ar.L1    -1.278453e-01
ar.L2     5.092017e-01
sigma2    3.073800e+06
dtype: float64"
1202,24,46,398.7047926401202,<statsmodels.tsa.arima.model.ARIMA object at 0x000002226E913590>,"(0, 0, 0, 0)","const     3.694225e+03
ar.L1    -1.260185e-01
ar.L2     5.075004e-01
sigma2    2.946270e+06
dtype: float64"
1203,24,47,415.94124791210385,<statsmodels.tsa.arima.model.ARIMA object at 0x000002226EBD5590>,"(0, 0, 0, 0)","const     3.657785e+03
ar.L1    -1.197980e-01
ar.L2     4.925709e-01
sigma2    2.880663e+06
dtype: float64"
1204,24,48,434.6280492201854,<statsmodels.tsa.arima.model.ARIMA object at 0x000002226ED3C3D0>,"(0, 0, 0, 0)","const     3.763025e+03
ar.L1    -1.393782e-01
ar.L2     4.659568e-01
sigma2    3.016540e+06
dtype: float64"
1205,24,49,442.6609120364184,<statsmodels.tsa.arima.model.ARIMA object at 0x000002226EDB2550>,"(0, 0, 0, 0)","ar.L1    -9.765477e-01
ar.L2    -3.984631e-01
sigma2    4.335892e+06
dtype: float64"
1206,24,50,460.9435088634445,<statsmodels.tsa.arima.model.ARIMA object at 0x000002226EC9E0D0>,"(0, 0, 0, 0)","ar.L1    -9.515335e-01
ar.L2    -4.109635e-01
sigma2    4.383376e+06
dtype: float64"
1207,24,51,478.63085348817907,<statsmodels.tsa.arima.model.ARIMA object at 0x000002226EA789D0>,"(0, 0, 0, 0)","ar.L1    -9.039652e-01
ar.L2    -3.463067e-01
sigma2    4.319400e+06
dtype: float64"
1208,24,52,496.6643676806582,<statsmodels.tsa.arima.model.ARIMA object at 0x000002226D6F96D0>,"(0, 0, 0, 0)","ar.L1    -8.977334e-01
ar.L2    -3.389740e-01
sigma2    4.307103e+06
dtype: float64"
1209,24,53,515.6540076370715,<statsmodels.tsa.arima.model.ARIMA object at 0x000002226EC39290>,"(0, 0, 0, 0)","ar.L1    -9.509505e-01
ar.L2    -3.828706e-01
sigma2    4.435338e+06
dtype: float64"
1210,24,54,532.837371989843,<statsmodels.tsa.arima.model.ARIMA object at 0x000002226ED9F2D0>,"(0, 0, 0, 0)","ar.L1    -9.378304e-01
ar.L2    -3.765655e-01
sigma2    4.283429e+06
dtype: float64"
1211,24,55,551.0523882022954,<statsmodels.tsa.arima.model.ARIMA object at 0x000002226ED03CD0>,"(0, 0, 0, 0)","ar.L1    -9.485702e-01
ar.L2    -4.314334e-01
sigma2    4.300125e+06
dtype: float64"
1212,24,56,568.2470453243704,<statsmodels.tsa.arima.model.ARIMA object at 0x000002226EDF2250>,"(0, 0, 0, 0)","ar.L1    -9.307687e-01
ar.L2    -4.087679e-01
sigma2    4.170435e+06
dtype: float64"
1213,24,57,585.3176161814902,<statsmodels.tsa.arima.model.ARIMA object at 0x000002226EE71FD0>,"(0, 0, 0, 0)","ar.L1    -9.311735e-01
ar.L2    -4.096034e-01
sigma2    4.029758e+06
dtype: float64"
1214,24,58,602.3746515641782,<statsmodels.tsa.arima.model.ARIMA object at 0x000002226E9AC7D0>,"(0, 0, 0, 0)","ar.L1    -9.334413e-01
ar.L2    -4.133981e-01
sigma2    3.899735e+06
dtype: float64"
1215,24,59,620.1297682982241,<statsmodels.tsa.arima.model.ARIMA object at 0x000002226EDCEF10>,"(0, 0, 0, 0)","ar.L1    -9.221874e-01
ar.L2    -3.979929e-01
sigma2    3.870744e+06
dtype: float64"
1216,24,60,637.1635826789725,<statsmodels.tsa.arima.model.ARIMA object at 0x000002226EAED990>,"(0, 0, 0, 0)","ar.L1    -9.277072e-01
ar.L2    -4.021413e-01
sigma2    3.753676e+06
dtype: float64"
1217,24,61,657.9147137198282,<statsmodels.tsa.arima.model.ARIMA object at 0x000002226EC16110>,"(0, 0, 0, 0)","ar.L1    -9.041276e-01
ar.L2    -4.040913e-01
sigma2    4.089426e+06
dtype: float64"
1218,24,62,674.9901244565762,<statsmodels.tsa.arima.model.ARIMA object at 0x000002226EDF2B10>,"(0, 0, 0, 0)","ar.L1    -8.952261e-01
ar.L2    -3.951603e-01
sigma2    3.976798e+06
dtype: float64"
1219,24,63,692.6114461215932,<statsmodels.tsa.arima.model.ARIMA object at 0x000002226ED9F1D0>,"(0, 0, 0, 0)","ar.L1    -8.874272e-01
ar.L2    -4.072421e-01
sigma2    3.934751e+06
dtype: float64"
1220,24,64,709.7613454073473,<statsmodels.tsa.arima.model.ARIMA object at 0x000002226EE396D0>,"(0, 0, 0, 0)","ar.L1    -8.994786e-01
ar.L2    -4.241386e-01
sigma2    3.838736e+06
dtype: float64"
1221,24,65,726.7595540171592,<statsmodels.tsa.arima.model.ARIMA object at 0x000002226EE3A810>,"(0, 0, 0, 0)","ar.L1    -8.975783e-01
ar.L2    -4.227350e-01
sigma2    3.737972e+06
dtype: float64"
1222,24,66,745.0252312054996,<statsmodels.tsa.arima.model.ARIMA object at 0x000002226EC39210>,"(0, 0, 0, 0)","ar.L1    -8.957579e-01
ar.L2    -4.386649e-01
sigma2    3.768525e+06
dtype: float64"
1223,24,67,762.0945693867577,<statsmodels.tsa.arima.model.ARIMA object at 0x000002226EC5B210>,"(0, 0, 0, 0)","ar.L1    -8.856888e-01
ar.L2    -4.278083e-01
sigma2    3.684906e+06
dtype: float64"
1224,24,68,779.0407017170727,<statsmodels.tsa.arima.model.ARIMA object at 0x000002226AED1DD0>,"(0, 0, 0, 0)","ar.L1    -8.863989e-01
ar.L2    -4.285672e-01
sigma2    3.593531e+06
dtype: float64"
1225,25,33,149.6775927796745,"(1, 0, 0)","(0, 0, 0, 0)",
1226,25,34,167.28837883356215,"(1, 0, 0)","(0, 0, 0, 0)",
1227,25,35,186.50529123815593,"(1, 0, 0)","(0, 0, 0, 0)",
1228,25,36,204.23652782337922,"(1, 0, 0)","(0, 0, 0, 0)",
1229,25,37,221.28116294528826,"(1, 0, 0)","(0, 0, 0, 0)",
1230,25,38,238.59311969622962,<statsmodels.tsa.arima.model.ARIMA object at 0x000002226D774550>,"(0, 0, 0, 0)","const     4.363112e+03
ar.L1    -5.690166e-01
sigma2    3.341744e+06
dtype: float64"
1231,25,39,257.5557010062699,<statsmodels.tsa.arima.model.ARIMA object at 0x000002226E9960D0>,"(0, 0, 0, 0)","const     4.240567e+03
ar.L1    -4.453528e-01
sigma2    3.668721e+06
dtype: float64"
1232,25,40,274.4205700751442,<statsmodels.tsa.arima.model.ARIMA object at 0x0000022267EBA710>,"(0, 0, 0, 0)","const     4.278798e+03
ar.L1    -1.729326e-01
ar.L2     4.532175e-01
sigma2    2.918434e+06
dtype: float64"
1233,25,41,293.4069996227644,<statsmodels.tsa.arima.model.ARIMA object at 0x000002226CF0E510>,"(0, 0, 0, 0)","const     4.071646e+03
ar.L1    -1.168824e-01
ar.L2     5.350712e-01
sigma2    3.124091e+06
dtype: float64"
1234,25,42,311.275797435793,<statsmodels.tsa.arima.model.ARIMA object at 0x000002226CE1CF10>,"(0, 0, 0, 0)","const     3.957131e+03
ar.L1    -1.034003e-02
ar.L2     5.895223e-01
sigma2    3.114887e+06
dtype: float64"
1235,25,43,328.2495583031687,<statsmodels.tsa.arima.model.ARIMA object at 0x000002226EED7290>,"(0, 0, 0, 0)","const     3.816024e+03
ar.L1     1.903085e-02
ar.L2     6.361235e-01
sigma2    2.947869e+06
dtype: float64"
1236,25,44,345.09273207970267,<statsmodels.tsa.arima.model.ARIMA object at 0x000002226D0D7DD0>,"(0, 0, 0, 0)","const     3.729738e+03
ar.L1     4.048030e-02
ar.L2     6.560741e-01
sigma2    2.798417e+06
dtype: float64"
1237,25,45,363.97582003927664,<statsmodels.tsa.arima.model.ARIMA object at 0x000002226CF72610>,"(0, 0, 0, 0)","const     3.804278e+03
ar.L1    -2.534049e-02
ar.L2     5.582952e-01
sigma2    3.042913e+06
dtype: float64"
1238,25,46,380.74706361861155,<statsmodels.tsa.arima.model.ARIMA object at 0x000002226ED9D850>,"(0, 0, 0, 0)","const     3.772158e+03
ar.L1    -2.365513e-02
ar.L2     5.583072e-01
sigma2    2.907520e+06
dtype: float64"
1239,25,47,398.00734126743475,<statsmodels.tsa.arima.model.ARIMA object at 0x000002226D23BD50>,"(0, 0, 0, 0)","const     3.733283e+03
ar.L1    -1.464295e-02
ar.L2     5.449731e-01
sigma2    2.844372e+06
dtype: float64"
1240,25,48,416.76984080930714,<statsmodels.tsa.arima.model.ARIMA object at 0x000002226D2D1950>,"(0, 0, 0, 0)","const     3.840873e+03
ar.L1    -4.125947e-02
ar.L2     5.125981e-01
sigma2    3.004446e+06
dtype: float64"
1241,25,49,433.7224121294269,<statsmodels.tsa.arima.model.ARIMA object at 0x000002226D357610>,"(0, 0, 0, 0)","const     3.790796e+03
ar.L1    -5.906151e-02
ar.L2     5.159820e-01
sigma2    2.902069e+06
dtype: float64"
1242,25,50,429.1487186676778,<statsmodels.tsa.arima.model.ARIMA object at 0x000002226818ADD0>,"(0, 0, 0, 0)","ar.L1    -1.057842e+00
ar.L2    -4.382461e-01
sigma2    2.616810e+06
dtype: float64"
1243,25,51,447.02846237135276,<statsmodels.tsa.arima.model.ARIMA object at 0x000002226CFF7C90>,"(0, 0, 0, 0)","ar.L1    -1.001939e+00
ar.L2    -3.758485e-01
sigma2    2.335394e+06
dtype: float64"
1244,25,52,465.16179733594583,<statsmodels.tsa.arima.model.ARIMA object at 0x000002226EF1D1D0>,"(0, 0, 0, 0)","ar.L1    -9.939323e-01
ar.L2    -3.685395e-01
sigma2    2.401042e+06
dtype: float64"
1245,25,53,484.3638159707832,<statsmodels.tsa.arima.model.ARIMA object at 0x000002226D23A550>,"(0, 0, 0, 0)","ar.L1    -1.054803e+00
ar.L2    -4.143921e-01
sigma2    2.594096e+06
dtype: float64"
1246,25,54,501.3185995203887,<statsmodels.tsa.arima.model.ARIMA object at 0x000002226D23A290>,"(0, 0, 0, 0)","ar.L1    -1.022274e+00
ar.L2    -3.962339e-01
sigma2    2.540070e+06
dtype: float64"
1247,25,55,519.9200999163497,<statsmodels.tsa.arima.model.ARIMA object at 0x000002226EE700D0>,"(0, 0, 0, 0)","ar.L1    -1.026433e+00
ar.L2    -4.374304e-01
sigma2    2.750780e+06
dtype: float64"
1248,25,56,536.8196384971616,<statsmodels.tsa.arima.model.ARIMA object at 0x000002226B384BD0>,"(0, 0, 0, 0)","ar.L1    -1.002662e+00
ar.L2    -4.126905e-01
sigma2    2.659648e+06
dtype: float64"
1249,25,57,553.5182076400343,<statsmodels.tsa.arima.model.ARIMA object at 0x000002226EF41550>,"(0, 0, 0, 0)","ar.L1    -1.000877e+00
ar.L2    -4.122646e-01
sigma2    2.572974e+06
dtype: float64"
1250,25,58,570.2120946006866,<statsmodels.tsa.arima.model.ARIMA object at 0x000002226EF1D850>,"(0, 0, 0, 0)","ar.L1    -1.002239e+00
ar.L2    -4.151928e-01
sigma2    2.496947e+06
dtype: float64"
1251,25,59,587.9497862991134,<statsmodels.tsa.arima.model.ARIMA object at 0x000002226D3396D0>,"(0, 0, 0, 0)","ar.L1    -9.895538e-01
ar.L2    -4.009675e-01
sigma2    2.501632e+06
dtype: float64"
1252,25,60,604.6054768689315,<statsmodels.tsa.arima.model.ARIMA object at 0x000002226EBAAB10>,"(0, 0, 0, 0)","ar.L1    -9.939293e-01
ar.L2    -4.039785e-01
sigma2    2.426835e+06
dtype: float64"
1253,25,61,626.8338641153414,<statsmodels.tsa.arima.model.ARIMA object at 0x000002226B492D50>,"(0, 0, 0, 0)","ar.L1    -9.651890e-01
ar.L2    -3.999564e-01
sigma2    2.846938e+06
dtype: float64"
1254,25,62,643.6382882759168,<statsmodels.tsa.arima.model.ARIMA object at 0x000002226CF52890>,"(0, 0, 0, 0)","ar.L1    -9.493915e-01
ar.L2    -3.864810e-01
sigma2    2.767365e+06
dtype: float64"
1255,25,63,661.3569997640585,<statsmodels.tsa.arima.model.ARIMA object at 0x000002226EE39E90>,"(0, 0, 0, 0)","ar.L1    -9.369580e-01
ar.L2    -3.937673e-01
sigma2    2.797749e+06
dtype: float64"
1256,25,64,678.2606268512944,<statsmodels.tsa.arima.model.ARIMA object at 0x000002226F1A5B10>,"(0, 0, 0, 0)","ar.L1    -9.494796e-01
ar.L2    -4.090914e-01
sigma2    2.746539e+06
dtype: float64"
1257,25,65,694.9733761906085,<statsmodels.tsa.arima.model.ARIMA object at 0x000002226EF1D590>,"(0, 0, 0, 0)","ar.L1    -9.452202e-01
ar.L2    -4.063019e-01
sigma2    2.675588e+06
dtype: float64"
1258,25,66,713.5648739383876,<statsmodels.tsa.arima.model.ARIMA object at 0x000002226F180AD0>,"(0, 0, 0, 0)","ar.L1    -9.412442e-01
ar.L2    -4.181960e-01
sigma2    2.764093e+06
dtype: float64"
1259,25,67,730.3953418786102,<statsmodels.tsa.arima.model.ARIMA object at 0x000002226F137D90>,"(0, 0, 0, 0)","ar.L1    -9.290523e-01
ar.L2    -4.070023e-01
sigma2    2.701529e+06
dtype: float64"
1260,25,68,747.0589431575592,<statsmodels.tsa.arima.model.ARIMA object at 0x000002226F134AD0>,"(0, 0, 0, 0)","ar.L1    -9.289455e-01
ar.L2    -4.077200e-01
sigma2    2.635997e+06
dtype: float64"
1261,26,34,148.66495171461216,"(1, 0, 0)","(0, 0, 0, 0)",
1262,26,35,167.0971791427936,"(1, 0, 0)","(0, 0, 0, 0)",
1263,26,36,185.42486830238698,"(1, 0, 0)","(0, 0, 0, 0)",
1264,26,37,202.31895637967529,"(1, 0, 0)","(0, 0, 0, 0)",
1265,26,38,219.58195153736713,"(1, 0, 0)","(0, 0, 0, 0)",
1266,26,39,230.40910702478644,<statsmodels.tsa.arima.model.ARIMA object at 0x000002226D0BC050>,"(0, 0, 0, 0)","const     3.936021e+03
ar.L1    -1.557727e-01
ar.L2     6.223714e-01
sigma2    1.402964e+06
dtype: float64"
1267,26,40,246.8695842226354,<statsmodels.tsa.arima.model.ARIMA object at 0x000002226EBD5810>,"(0, 0, 0, 0)","const     3.954102e+03
ar.L1    -2.117819e-01
ar.L2     5.587880e-01
sigma2    1.389830e+06
dtype: float64"
1268,26,41,266.1837059718901,<statsmodels.tsa.arima.model.ARIMA object at 0x000002226EED6B10>,"(0, 0, 0, 0)","const     3.752674e+03
ar.L1    -1.725800e-01
ar.L2     6.162278e-01
sigma2    1.603649e+06
dtype: float64"
1269,26,42,284.18095311748095,<statsmodels.tsa.arima.model.ARIMA object at 0x0000022269740D90>,"(0, 0, 0, 0)","const     3.426401e+03
ar.L1    -6.970776e-02
ar.L2     6.683476e-01
sigma2    1.701054e+06
dtype: float64"
1270,26,43,300.59712521619826,<statsmodels.tsa.arima.model.ARIMA object at 0x000002226F240910>,"(0, 0, 0, 0)","const     3.543529e+03
ar.L1    -5.168351e-02
ar.L2     6.916285e-01
sigma2    1.744610e+06
dtype: float64"
1271,26,44,316.83954314954366,<statsmodels.tsa.arima.model.ARIMA object at 0x000002226F1A4B10>,"(0, 0, 0, 0)","const     3.466666e+03
ar.L1    -3.147232e-02
ar.L2     7.108470e-01
sigma2    1.638829e+06
dtype: float64"
1272,26,45,337.1348426646758,<statsmodels.tsa.arima.model.ARIMA object at 0x000002226F22FE10>,"(0, 0, 0, 0)","const     3.540078e+03
ar.L1    -1.045784e-01
ar.L2     6.046319e-01
sigma2    1.854336e+06
dtype: float64"
1273,26,46,353.53987727571064,<statsmodels.tsa.arima.model.ARIMA object at 0x000002226D5CA2D0>,"(0, 0, 0, 0)","const     3.510000e+03
ar.L1    -9.921667e-02
ar.L2     5.970368e-01
sigma2    1.900421e+06
dtype: float64"
1274,26,47,370.5739070443713,<statsmodels.tsa.arima.model.ARIMA object at 0x000002226F28E4D0>,"(0, 0, 0, 0)","const     3.491429e+03
ar.L1    -9.708042e-02
ar.L2     5.774298e-01
sigma2    1.880306e+06
dtype: float64"
1275,26,48,390.36337934384784,<statsmodels.tsa.arima.model.ARIMA object at 0x000002226F2CD290>,"(0, 0, 0, 0)","const     3.614488e+03
ar.L1    -1.174380e-01
ar.L2     5.506990e-01
sigma2    1.986672e+06
dtype: float64"
1276,26,49,406.7933213787549,<statsmodels.tsa.arima.model.ARIMA object at 0x000002226F136C10>,"(0, 0, 0, 0)","const     3.575735e+03
ar.L1    -1.303594e-01
ar.L2     5.510589e-01
sigma2    1.903745e+06
dtype: float64"
1277,26,50,426.18097399671615,<statsmodels.tsa.arima.model.ARIMA object at 0x000002226F2CFED0>,"(0, 0, 0, 0)","const     3.510000e+03
ar.L1    -1.231285e-01
ar.L2     4.716420e-01
sigma2    2.231212e+06
dtype: float64"
1278,26,51,426.1712866051213,<statsmodels.tsa.arima.model.ARIMA object at 0x000002226D3392D0>,"(0, 0, 0, 0)","ar.L1    -7.653304e-01
sigma2    2.555079e+06
dtype: float64"
1279,26,52,444.1698841257199,<statsmodels.tsa.arima.model.ARIMA object at 0x000002226EDF0550>,"(0, 0, 0, 0)","ar.L1    -7.640373e-01
sigma2    2.598513e+06
dtype: float64"
1280,26,53,464.5347309511797,<statsmodels.tsa.arima.model.ARIMA object at 0x000002226EE73C90>,"(0, 0, 0, 0)","ar.L1    -7.896977e-01
sigma2    2.874641e+06
dtype: float64"
1281,26,54,481.2867289495672,<statsmodels.tsa.arima.model.ARIMA object at 0x000002226EF43B90>,"(0, 0, 0, 0)","ar.L1    -7.806984e-01
sigma2    2.780661e+06
dtype: float64"
1282,26,55,502.1000752988494,<statsmodels.tsa.arima.model.ARIMA object at 0x000002226D0D6450>,"(0, 0, 0, 0)","ar.L1    -7.342640e-01
sigma2    3.145827e+06
dtype: float64"
1283,26,56,519.1192691294896,<statsmodels.tsa.arima.model.ARIMA object at 0x000002226F16BAD0>,"(0, 0, 0, 0)","ar.L1    -7.384910e-01
sigma2    3.059251e+06
dtype: float64"
1284,26,57,535.8772011279927,<statsmodels.tsa.arima.model.ARIMA object at 0x000002226F2CF790>,"(0, 0, 0, 0)","ar.L1    -7.369014e-01
sigma2    2.957590e+06
dtype: float64"
1285,26,58,552.8184646644874,<statsmodels.tsa.arima.model.ARIMA object at 0x000002226B1E7990>,"(0, 0, 0, 0)","ar.L1    -7.339279e-01
sigma2    2.883424e+06
dtype: float64"
1286,26,59,570.0937739936219,<statsmodels.tsa.arima.model.ARIMA object at 0x000002226ED3C990>,"(0, 0, 0, 0)","ar.L1    -7.334387e-01
sigma2    2.844234e+06
dtype: float64"
1287,26,60,586.9236627132373,<statsmodels.tsa.arima.model.ARIMA object at 0x000002226EF86910>,"(0, 0, 0, 0)","ar.L1    -7.370116e-01
sigma2    2.768196e+06
dtype: float64"
1288,26,61,609.1738771878393,<statsmodels.tsa.arima.model.ARIMA object at 0x000002226F112550>,"(0, 0, 0, 0)","ar.L1    -7.104119e-01
sigma2    3.182516e+06
dtype: float64"
1289,26,62,626.1683821155756,<statsmodels.tsa.arima.model.ARIMA object at 0x000002226F181ED0>,"(0, 0, 0, 0)","ar.L1    -7.199877e-01
sigma2    3.104975e+06
dtype: float64"
1290,26,63,644.4643924725386,<statsmodels.tsa.arima.model.ARIMA object at 0x0000022270352F90>,"(0, 0, 0, 0)","ar.L1    -6.959798e-01
sigma2    3.158895e+06
dtype: float64"
1291,26,64,662.1304362656357,<statsmodels.tsa.arima.model.ARIMA object at 0x000002227036F990>,"(0, 0, 0, 0)","ar.L1    -8.818433e-01
ar.L2    -2.415127e-01
sigma2    2.883277e+06
dtype: float64"
1292,26,65,678.8564034557389,<statsmodels.tsa.arima.model.ARIMA object at 0x000002226AF8E650>,"(0, 0, 0, 0)","ar.L1    -8.796316e-01
ar.L2    -2.404461e-01
sigma2    2.736563e+06
dtype: float64"
1293,26,66,697.811608339053,<statsmodels.tsa.arima.model.ARIMA object at 0x000002226BBA0F90>,"(0, 0, 0, 0)","ar.L1    -8.762309e-01
ar.L2    -2.566800e-01
sigma2    2.901400e+06
dtype: float64"
1294,26,67,714.5621747309849,<statsmodels.tsa.arima.model.ARIMA object at 0x000002226F1F7150>,"(0, 0, 0, 0)","ar.L1    -8.705815e-01
ar.L2    -2.513399e-01
sigma2    2.759919e+06
dtype: float64"
1295,26,68,731.2848097351193,<statsmodels.tsa.arima.model.ARIMA object at 0x000002226F1F5610>,"(0, 0, 0, 0)","ar.L1    -8.702020e-01
ar.L2    -2.533222e-01
sigma2    2.691305e+06
dtype: float64"
1296,27,35,150.0855408830662,"(1, 0, 0)","(0, 0, 0, 0)",
1297,27,36,168.43004179374643,"(1, 0, 0)","(0, 0, 0, 0)",
1298,27,37,185.42429119896505,"(1, 0, 0)","(0, 0, 0, 0)",
1299,27,38,202.72054200176626,"(1, 0, 0)","(0, 0, 0, 0)",
1300,27,39,219.56040033925257,"(1, 0, 0)","(0, 0, 0, 0)",
1301,27,40,230.4875298800382,<statsmodels.tsa.arima.model.ARIMA object at 0x000002226D33A8D0>,"(0, 0, 0, 0)","const     3.919799e+03
ar.L1    -1.939031e-01
ar.L2     6.022699e-01
sigma2    1.458996e+06
dtype: float64"
1302,27,41,249.6922421504818,<statsmodels.tsa.arima.model.ARIMA object at 0x000002226F22FC10>,"(0, 0, 0, 0)","const     3.700295e+03
ar.L1    -1.505266e-01
ar.L2     6.606779e-01
sigma2    1.672639e+06
dtype: float64"
1303,27,42,267.71616816020304,<statsmodels.tsa.arima.model.ARIMA object at 0x000002226F31A110>,"(0, 0, 0, 0)","const     3.600000e+03
ar.L1    -5.857279e-02
ar.L2     7.085961e-01
sigma2    1.693343e+06
dtype: float64"
1304,27,43,283.9833226509161,<statsmodels.tsa.arima.model.ARIMA object at 0x0000022270486D10>,"(0, 0, 0, 0)","const     3.457500e+03
ar.L1    -4.165384e-02
ar.L2     7.392355e-01
sigma2    1.553071e+06
dtype: float64"
1305,27,44,300.2527612495415,<statsmodels.tsa.arima.model.ARIMA object at 0x0000022270457190>,"(0, 0, 0, 0)","const     3.381176e+03
ar.L1    -2.440386e-02
ar.L2     7.579567e-01
sigma2    1.450659e+06
dtype: float64"
1306,27,45,320.7705381640685,<statsmodels.tsa.arima.model.ARIMA object at 0x00000222704B64D0>,"(0, 0, 0, 0)","const     3.460001e+03
ar.L1    -1.004012e-01
ar.L2     6.308358e-01
sigma2    1.818193e+06
dtype: float64"
1307,27,46,337.23051429956695,<statsmodels.tsa.arima.model.ARIMA object at 0x0000022270454A90>,"(0, 0, 0, 0)","const     3.435790e+03
ar.L1    -9.301485e-02
ar.L2     6.271686e-01
sigma2    1.719171e+06
dtype: float64"
1308,27,47,354.2923576089858,<statsmodels.tsa.arima.model.ARIMA object at 0x0000022270486450>,"(0, 0, 0, 0)","const     3.420000e+03
ar.L1    -9.271054e-02
ar.L2     6.032015e-01
sigma2    1.692265e+06
dtype: float64"
1309,27,48,374.01427658711526,<statsmodels.tsa.arima.model.ARIMA object at 0x000002226F2EEF50>,"(0, 0, 0, 0)","const     3.537143e+03
ar.L1    -1.151020e-01
ar.L2     5.680279e-01
sigma2    1.983301e+06
dtype: float64"
1310,27,49,390.51268905966765,<statsmodels.tsa.arima.model.ARIMA object at 0x000002226EE963D0>,"(0, 0, 0, 0)","const     3.496364e+03
ar.L1    -1.254501e-01
ar.L2     5.695673e-01
sigma2    1.887108e+06
dtype: float64"
1311,27,50,409.7768675184793,<statsmodels.tsa.arima.model.ARIMA object at 0x0000022270397A10>,"(0, 0, 0, 0)","const     3.448696e+03
ar.L1    -1.222010e-01
ar.L2     4.789352e-01
sigma2    2.053887e+06
dtype: float64"
1312,27,51,426.58990889046436,<statsmodels.tsa.arima.model.ARIMA object at 0x000002226D084B10>,"(0, 0, 0, 0)","const     3.400000e+03
ar.L1    -1.056857e-01
ar.L2     4.954808e-01
sigma2    1.987295e+06
dtype: float64"
1313,27,52,434.1913148636037,<statsmodels.tsa.arima.model.ARIMA object at 0x000002226CF511D0>,"(0, 0, 0, 0)","ar.L1    -7.138060e-01
sigma2    3.345097e+06
dtype: float64"
1314,27,53,454.11450503135535,<statsmodels.tsa.arima.model.ARIMA object at 0x0000022270353850>,"(0, 0, 0, 0)","ar.L1    -7.430231e-01
sigma2    3.650271e+06
dtype: float64"
1315,27,54,471.0601711165715,<statsmodels.tsa.arima.model.ARIMA object at 0x0000022270353090>,"(0, 0, 0, 0)","ar.L1    -7.381047e-01
sigma2    3.501365e+06
dtype: float64"
1316,27,55,490.99296325920994,<statsmodels.tsa.arima.model.ARIMA object at 0x000002226F101010>,"(0, 0, 0, 0)","ar.L1    -6.877822e-01
sigma2    3.817312e+06
dtype: float64"
1317,27,56,508.20278170249804,<statsmodels.tsa.arima.model.ARIMA object at 0x000002227053D4D0>,"(0, 0, 0, 0)","ar.L1    -6.930445e-01
sigma2    3.702676e+06
dtype: float64"
1318,27,57,525.1579156912971,<statsmodels.tsa.arima.model.ARIMA object at 0x0000022270455BD0>,"(0, 0, 0, 0)","ar.L1    -6.922712e-01
sigma2    3.567354e+06
dtype: float64"
1319,27,58,542.1174263162372,<statsmodels.tsa.arima.model.ARIMA object at 0x0000022270571850>,"(0, 0, 0, 0)","ar.L1    -9.096610e-01
ar.L2    -2.834651e-01
sigma2    3.188982e+06
dtype: float64"
1320,27,59,559.6084472509069,<statsmodels.tsa.arima.model.ARIMA object at 0x000002226EC83CD0>,"(0, 0, 0, 0)","ar.L1    -6.892175e-01
sigma2    3.399624e+06
dtype: float64"
1321,27,60,576.5583885956937,<statsmodels.tsa.arima.model.ARIMA object at 0x00000222705BCA90>,"(0, 0, 0, 0)","ar.L1    -9.023025e-01
ar.L2    -2.707457e-01
sigma2    3.063747e+06
dtype: float64"
1322,27,61,597.9670870671855,<statsmodels.tsa.arima.model.ARIMA object at 0x000002226F153710>,"(0, 0, 0, 0)","ar.L1    -6.640102e-01
sigma2    3.705465e+06
dtype: float64"
1323,27,62,615.164238809703,<statsmodels.tsa.arima.model.ARIMA object at 0x000002226F1C0710>,"(0, 0, 0, 0)","ar.L1    -6.764076e-01
sigma2    3.614639e+06
dtype: float64"
1324,27,63,633.1817112104087,<statsmodels.tsa.arima.model.ARIMA object at 0x000002226EBD64D0>,"(0, 0, 0, 0)","ar.L1    -8.609717e-01
ar.L2    -2.835170e-01
sigma2    2.947654e+06
dtype: float64"
1325,27,64,650.3899722456747,<statsmodels.tsa.arima.model.ARIMA object at 0x0000022270573AD0>,"(0, 0, 0, 0)","ar.L1    -8.831479e-01
ar.L2    -3.129434e-01
sigma2    2.893966e+06
dtype: float64"
1326,27,65,667.2410009342218,<statsmodels.tsa.arima.model.ARIMA object at 0x0000022270350110>,"(0, 0, 0, 0)","ar.L1    -8.805223e-01
ar.L2    -3.109251e-01
sigma2    2.814034e+06
dtype: float64"
1327,27,66,685.5251362096984,<statsmodels.tsa.arima.model.ARIMA object at 0x000002226BA56910>,"(0, 0, 0, 0)","ar.L1    -8.744228e-01
ar.L2    -3.280239e-01
sigma2    3.283825e+06
dtype: float64"
1328,27,67,702.4055346664314,<statsmodels.tsa.arima.model.ARIMA object at 0x00000222705BDF90>,"(0, 0, 0, 0)","ar.L1    -8.657735e-01
ar.L2    -3.191421e-01
sigma2    3.200416e+06
dtype: float64"
1329,27,68,719.2233650847639,<statsmodels.tsa.arima.model.ARIMA object at 0x00000222706C64D0>,"(0, 0, 0, 0)","ar.L1    -8.658095e-01
ar.L2    -3.204615e-01
sigma2    3.117040e+06
dtype: float64"
1330,28,36,150.2011719851499,"(1, 0, 0)","(0, 0, 0, 0)",
1331,28,37,167.23742571303782,"(1, 0, 0)","(0, 0, 0, 0)",
1332,28,38,184.25847695504893,"(1, 0, 0)","(0, 0, 0, 0)",
1333,28,39,201.08752258363734,"(1, 0, 0)","(0, 0, 0, 0)",
1334,28,40,218.51827956370934,"(1, 0, 0)","(0, 0, 0, 0)",
1335,28,41,233.3689802644975,<statsmodels.tsa.arima.model.ARIMA object at 0x000002226EB94390>,"(0, 0, 0, 0)","const     3.744366e+03
ar.L1    -1.175925e-01
ar.L2     6.792189e-01
sigma2    1.780792e+06
dtype: float64"
1336,28,42,251.19345674427265,<statsmodels.tsa.arima.model.ARIMA object at 0x000002227065B450>,"(0, 0, 0, 0)","const     3.629015e+03
ar.L1    -2.055094e-02
ar.L2     7.249623e-01
sigma2    1.843771e+06
dtype: float64"
1337,28,43,267.4777728650415,<statsmodels.tsa.arima.model.ARIMA object at 0x000002226F180F90>,"(0, 0, 0, 0)","const     3.482276e+03
ar.L1    -6.955437e-03
ar.L2     7.500499e-01
sigma2    1.707441e+06
dtype: float64"
1338,28,44,283.7369363687162,<statsmodels.tsa.arima.model.ARIMA object at 0x00000222706C42D0>,"(0, 0, 0, 0)","const     3.400706e+03
ar.L1     8.427786e-03
ar.L2     7.661148e-01
sigma2    1.599831e+06
dtype: float64"
1339,28,45,304.25137852683713,<statsmodels.tsa.arima.model.ARIMA object at 0x00000222706EC310>,"(0, 0, 0, 0)","const     3.508854e+03
ar.L1    -7.736474e-02
ar.L2     6.340565e-01
sigma2    2.057800e+06
dtype: float64"
1340,28,46,320.5774760837144,<statsmodels.tsa.arima.model.ARIMA object at 0x000002227063DB50>,"(0, 0, 0, 0)","const     3.732760e+03
ar.L1    -6.445796e-02
ar.L2     6.401109e-01
sigma2    1.918715e+06
dtype: float64"
1341,28,47,337.80308533926876,<statsmodels.tsa.arima.model.ARIMA object at 0x00000222705EB2D0>,"(0, 0, 0, 0)","const     3.456438e+03
ar.L1    -6.968116e-02
ar.L2     6.074901e-01
sigma2    1.935882e+06
dtype: float64"
1342,28,48,357.5326380171879,<statsmodels.tsa.arima.model.ARIMA object at 0x00000222706C5BD0>,"(0, 0, 0, 0)","const     3.558000e+03
ar.L1    -9.446503e-02
ar.L2     5.769605e-01
sigma2    2.017912e+06
dtype: float64"
1343,28,49,373.9766181187666,<statsmodels.tsa.arima.model.ARIMA object at 0x00000222706C5210>,"(0, 0, 0, 0)","const     3.555298e+03
ar.L1    -1.096031e-01
ar.L2     5.717151e-01
sigma2    2.123801e+06
dtype: float64"
1344,28,50,393.21830981175725,<statsmodels.tsa.arima.model.ARIMA object at 0x0000022270628F50>,"(0, 0, 0, 0)","const     3.473213e+03
ar.L1    -1.081312e-01
ar.L2     4.814077e-01
sigma2    2.297557e+06
dtype: float64"
1345,28,51,410.04095005594024,<statsmodels.tsa.arima.model.ARIMA object at 0x00000222707906D0>,"(0, 0, 0, 0)","const     3.420702e+03
ar.L1    -9.023597e-02
ar.L2     4.984853e-01
sigma2    2.228741e+06
dtype: float64"
1346,28,52,429.2397245689033,<statsmodels.tsa.arima.model.ARIMA object at 0x000002227055AE10>,"(0, 0, 0, 0)","const     3.290000e+03
ar.L1    -3.879045e-02
ar.L2     5.482055e-01
sigma2    2.181559e+06
dtype: float64"
1347,28,53,430.00643987156974,<statsmodels.tsa.arima.model.ARIMA object at 0x00000222705D0110>,"(0, 0, 0, 0)","ar.L1    -7.512058e-01
sigma2    2.947177e+06
dtype: float64"
1348,28,54,446.73717934320166,<statsmodels.tsa.arima.model.ARIMA object at 0x00000222706EECD0>,"(0, 0, 0, 0)","ar.L1    -7.460811e-01
sigma2    2.839198e+06
dtype: float64"
1349,28,55,467.24464018512015,<statsmodels.tsa.arima.model.ARIMA object at 0x000002227063E750>,"(0, 0, 0, 0)","ar.L1    -7.009413e-01
sigma2    3.218075e+06
dtype: float64"
1350,28,56,484.2566970797068,<statsmodels.tsa.arima.model.ARIMA object at 0x000002226F1C3A90>,"(0, 0, 0, 0)","ar.L1    -9.159743e-01
ar.L2    -2.503779e-01
sigma2    2.950968e+06
dtype: float64"
1351,28,57,500.95238604961315,<statsmodels.tsa.arima.model.ARIMA object at 0x000002227067CF90>,"(0, 0, 0, 0)","ar.L1    -9.139036e-01
ar.L2    -2.501063e-01
sigma2    2.842790e+06
dtype: float64"
1352,28,58,517.7026468538714,<statsmodels.tsa.arima.model.ARIMA object at 0x00000222705E8210>,"(0, 0, 0, 0)","ar.L1    -9.168027e-01
ar.L2    -2.559655e-01
sigma2    2.749022e+06
dtype: float64"
1353,28,59,535.2338946536831,<statsmodels.tsa.arima.model.ARIMA object at 0x0000022270429010>,"(0, 0, 0, 0)","ar.L1    -9.020377e-01
ar.L2    -2.392964e-01
sigma2    2.742313e+06
dtype: float64"
1354,28,60,551.9023124512624,<statsmodels.tsa.arima.model.ARIMA object at 0x000002226F36B690>,"(0, 0, 0, 0)","ar.L1    -9.094751e-01
ar.L2    -2.449920e-01
sigma2    2.652211e+06
dtype: float64"
1355,28,61,574.1967418211218,<statsmodels.tsa.arima.model.ARIMA object at 0x00000222706C5F50>,"(0, 0, 0, 0)","ar.L1    -6.786334e-01
sigma2    3.236422e+06
dtype: float64"
1356,28,62,591.0861934197245,<statsmodels.tsa.arima.model.ARIMA object at 0x00000222705BF290>,"(0, 0, 0, 0)","ar.L1    -8.756105e-01
ar.L2    -2.380890e-01
sigma2    3.006631e+06
dtype: float64"
1357,28,63,609.0410789577837,<statsmodels.tsa.arima.model.ARIMA object at 0x000002227042A490>,"(0, 0, 0, 0)","ar.L1    -8.622646e-01
ar.L2    -2.492385e-01
sigma2    2.889866e+06
dtype: float64"
1358,28,64,626.2284327393064,<statsmodels.tsa.arima.model.ARIMA object at 0x000002226F36B8D0>,"(0, 0, 0, 0)","ar.L1    -8.858614e-01
ar.L2    -2.785248e-01
sigma2    2.841458e+06
dtype: float64"
1359,28,65,642.9278269109541,<statsmodels.tsa.arima.model.ARIMA object at 0x0000022270732DD0>,"(0, 0, 0, 0)","ar.L1    -8.829719e-01
ar.L2    -2.766361e-01
sigma2    2.762306e+06
dtype: float64"
1360,28,66,661.825241911426,<statsmodels.tsa.arima.model.ARIMA object at 0x0000022270772090>,"(0, 0, 0, 0)","ar.L1    -8.783734e-01
ar.L2    -2.913884e-01
sigma2    2.977799e+06
dtype: float64"
1361,28,67,678.5618459884344,<statsmodels.tsa.arima.model.ARIMA object at 0x000002226B2276D0>,"(0, 0, 0, 0)","ar.L1    -8.707824e-01
ar.L2    -2.842037e-01
sigma2    2.902397e+06
dtype: float64"
1362,28,68,695.2219332624497,<statsmodels.tsa.arima.model.ARIMA object at 0x000002227081BF90>,"(0, 0, 0, 0)","ar.L1    -8.713971e-01
ar.L2    -2.865199e-01
sigma2    2.712059e+06
dtype: float64"
1363,29,37,149.72203785284455,"(1, 0, 0)","(0, 0, 0, 0)",
1364,29,38,166.93562033280978,"(1, 0, 0)","(0, 0, 0, 0)",
1365,29,39,183.7694295990275,"(1, 0, 0)","(0, 0, 0, 0)",
1366,29,40,200.98162541650953,"(1, 0, 0)","(0, 0, 0, 0)",
1367,29,41,218.43199997238793,"(1, 0, 0)","(0, 0, 0, 0)",
1368,29,42,233.65766191194086,<statsmodels.tsa.arima.model.ARIMA object at 0x00000222705D3650>,"(0, 0, 0, 0)","const     3.402038e+03
ar.L1    -8.855070e-02
ar.L2     6.157404e-01
sigma2    1.873513e+06
dtype: float64"
1369,29,43,250.07349894476397,<statsmodels.tsa.arima.model.ARIMA object at 0x000002226D470FD0>,"(0, 0, 0, 0)","const     3.262756e+03
ar.L1    -5.177624e-02
ar.L2     6.707581e-01
sigma2    1.735315e+06
dtype: float64"
1370,29,44,266.4005575727187,<statsmodels.tsa.arima.model.ARIMA object at 0x000002227091C950>,"(0, 0, 0, 0)","const     3.189421e+03
ar.L1    -2.648083e-02
ar.L2     6.966476e-01
sigma2    1.624196e+06
dtype: float64"
1371,29,45,286.44240466615736,<statsmodels.tsa.arima.model.ARIMA object at 0x0000022270905290>,"(0, 0, 0, 0)","const     3.322071e+03
ar.L1    -1.313028e-01
ar.L2     5.377941e-01
sigma2    2.050321e+06
dtype: float64"
1372,29,46,302.8029125285631,<statsmodels.tsa.arima.model.ARIMA object at 0x000002227063EF10>,"(0, 0, 0, 0)","const     3.483079e+03
ar.L1    -1.161748e-01
ar.L2     5.468323e-01
sigma2    1.900636e+06
dtype: float64"
1373,29,47,319.71227142771045,<statsmodels.tsa.arima.model.ARIMA object at 0x00000222703CAAD0>,"(0, 0, 0, 0)","const     3.373533e+03
ar.L1    -1.263673e-01
ar.L2     5.095258e-01
sigma2    1.871767e+06
dtype: float64"
1374,29,48,339.56342282429205,<statsmodels.tsa.arima.model.ARIMA object at 0x000002227063ED50>,"(0, 0, 0, 0)","const     3.397895e+03
ar.L1    -1.483412e-01
ar.L2     4.781803e-01
sigma2    2.037609e+06
dtype: float64"
1375,29,49,356.05643308847766,<statsmodels.tsa.arima.model.ARIMA object at 0x0000022270485390>,"(0, 0, 0, 0)","const     3.360001e+03
ar.L1    -1.582988e-01
ar.L2     4.770871e-01
sigma2    1.915644e+06
dtype: float64"
1376,29,50,374.5775819613236,<statsmodels.tsa.arima.model.ARIMA object at 0x000002226D338C50>,"(0, 0, 0, 0)","const     3.327343e+03
ar.L1    -1.736120e-01
ar.L2     3.687908e-01
sigma2    2.198131e+06
dtype: float64"
1377,29,51,391.4865236040872,<statsmodels.tsa.arima.model.ARIMA object at 0x00000222705711D0>,"(0, 0, 0, 0)","const     3.267273e+03
ar.L1    -1.539441e-01
ar.L2     3.903259e-01
sigma2    1.965509e+06
dtype: float64"
1378,29,52,410.7333005479609,<statsmodels.tsa.arima.model.ARIMA object at 0x000002227096B990>,"(0, 0, 0, 0)","const     3.149296e+03
ar.L1    -9.734566e-02
ar.L2     4.401053e-01
sigma2    2.309213e+06
dtype: float64"
1379,29,53,428.71351582403855,<statsmodels.tsa.arima.model.ARIMA object at 0x0000022270415AD0>,"(0, 0, 0, 0)","const     3.225000e+03
ar.L1    -1.862185e-01
ar.L2     3.824777e-01
sigma2    2.201004e+06
dtype: float64"
1380,29,54,432.7346348392365,<statsmodels.tsa.arima.model.ARIMA object at 0x000002227091DCD0>,"(0, 0, 0, 0)","ar.L1    -1.057836e+00
ar.L2    -4.245916e-01
sigma2    2.941158e+06
dtype: float64"
1381,29,55,451.2678614115919,<statsmodels.tsa.arima.model.ARIMA object at 0x0000022270904850>,"(0, 0, 0, 0)","ar.L1    -1.072399e+00
ar.L2    -4.913605e-01
sigma2    3.048683e+06
dtype: float64"
1382,29,56,468.3014183647251,<statsmodels.tsa.arima.model.ARIMA object at 0x0000022270819010>,"(0, 0, 0, 0)","ar.L1    -1.032783e+00
ar.L2    -4.473565e-01
sigma2    2.962522e+06
dtype: float64"
1383,29,57,485.0505581978283,<statsmodels.tsa.arima.model.ARIMA object at 0x00000222708E2590>,"(0, 0, 0, 0)","ar.L1    -1.030362e+00
ar.L2    -4.467327e-01
sigma2    2.851188e+06
dtype: float64"
1384,29,58,501.77874187353564,<statsmodels.tsa.arima.model.ARIMA object at 0x0000022270994510>,"(0, 0, 0, 0)","ar.L1    -1.032056e+00
ar.L2    -4.504676e-01
sigma2    2.749410e+06
dtype: float64"
1385,29,59,519.5515212606148,<statsmodels.tsa.arima.model.ARIMA object at 0x0000022270A764D0>,"(0, 0, 0, 0)","ar.L1    -1.015151e+00
ar.L2    -4.302511e-01
sigma2    2.760527e+06
dtype: float64"
1386,29,60,536.2333128846534,<statsmodels.tsa.arima.model.ARIMA object at 0x0000022270833590>,"(0, 0, 0, 0)","ar.L1    -1.019885e+00
ar.L2    -4.335380e-01
sigma2    2.666630e+06
dtype: float64"
1387,29,61,558.2949526087215,<statsmodels.tsa.arima.model.ARIMA object at 0x000002227091C990>,"(0, 0, 0, 0)","ar.L1    -9.873856e-01
ar.L2    -4.328890e-01
sigma2    3.100480e+06
dtype: float64"
1388,29,62,575.1775973944818,<statsmodels.tsa.arima.model.ARIMA object at 0x00000222708BF210>,"(0, 0, 0, 0)","ar.L1    -9.634304e-01
ar.L2    -4.111848e-01
sigma2    3.012821e+06
dtype: float64"
1389,29,63,592.9776358101694,<statsmodels.tsa.arima.model.ARIMA object at 0x000002227067EDD0>,"(0, 0, 0, 0)","ar.L1    -9.513317e-01
ar.L2    -4.236165e-01
sigma2    2.768685e+06
dtype: float64"
1390,29,64,609.8665304955208,<statsmodels.tsa.arima.model.ARIMA object at 0x000002227085D250>,"(0, 0, 0, 0)","ar.L1    -9.651550e-01
ar.L2    -4.417169e-01
sigma2    2.708689e+06
dtype: float64"
1391,29,65,626.6298355051891,<statsmodels.tsa.arima.model.ARIMA object at 0x00000222707F1A10>,"(0, 0, 0, 0)","ar.L1    -9.594740e-01
ar.L2    -4.377008e-01
sigma2    2.629374e+06
dtype: float64"
1392,29,66,645.0928531890376,<statsmodels.tsa.arima.model.ARIMA object at 0x0000022270A59510>,"(0, 0, 0, 0)","ar.L1    -9.560511e-01
ar.L2    -4.552044e-01
sigma2    2.718254e+06
dtype: float64"
1393,29,67,661.9988340454946,<statsmodels.tsa.arima.model.ARIMA object at 0x00000222708BF390>,"(0, 0, 0, 0)","ar.L1    -9.394061e-01
ar.L2    -4.389112e-01
sigma2    2.649855e+06
dtype: float64"
1394,29,68,678.5931696615062,<statsmodels.tsa.arima.model.ARIMA object at 0x00000222703C8650>,"(0, 0, 0, 0)","ar.L1    -9.384054e-01
ar.L2    -4.394483e-01
sigma2    2.774612e+06
dtype: float64"
1395,30,38,149.76968019382107,"(1, 0, 0)","(0, 0, 0, 0)",
1396,30,39,166.71451569238678,"(1, 0, 0)","(0, 0, 0, 0)",
1397,30,40,184.08843449030022,"(1, 0, 0)","(0, 0, 0, 0)",
1398,30,41,201.43746823165696,"(1, 0, 0)","(0, 0, 0, 0)",
1399,30,42,218.22547305771087,"(1, 0, 0)","(0, 0, 0, 0)",
1400,30,43,230.96630183088712,<statsmodels.tsa.arima.model.ARIMA object at 0x00000222707F1210>,"(0, 0, 0, 0)","const     3.044037e+03
ar.L1    -1.381338e-01
ar.L2     6.960932e-01
sigma2    1.459528e+06
dtype: float64"
1401,30,44,247.24305905084663,<statsmodels.tsa.arima.model.ARIMA object at 0x000002227055A0D0>,"(0, 0, 0, 0)","const     3.119999e+03
ar.L1    -1.076764e-01
ar.L2     7.301859e-01
sigma2    1.296887e+06
dtype: float64"
1402,30,45,267.7945023805952,<statsmodels.tsa.arima.model.ARIMA object at 0x000002226F1F53D0>,"(0, 0, 0, 0)","const     3.232000e+03
ar.L1    -2.173845e-01
ar.L2     5.660566e-01
sigma2    1.790229e+06
dtype: float64"
1403,30,46,284.31475223430425,<statsmodels.tsa.arima.model.ARIMA object at 0x000002227091E6D0>,"(0, 0, 0, 0)","const     3.217500e+03
ar.L1    -2.029483e-01
ar.L2     5.646004e-01
sigma2    1.683611e+06
dtype: float64"
1404,30,47,301.10841034847397,<statsmodels.tsa.arima.model.ARIMA object at 0x000002226F20F190>,"(0, 0, 0, 0)","const     3.211765e+03
ar.L1    -2.157650e-01
ar.L2     5.320007e-01
sigma2    1.633318e+06
dtype: float64"
1405,30,48,321.274361712404,<statsmodels.tsa.arima.model.ARIMA object at 0x000002227067D490>,"(0, 0, 0, 0)","const     3.360000e+03
ar.L1    -2.213569e-01
ar.L2     5.062695e-01
sigma2    2.004226e+06
dtype: float64"
1406,30,49,337.6277920474457,<statsmodels.tsa.arima.model.ARIMA object at 0x0000022270A14A10>,"(0, 0, 0, 0)","const     3.322106e+03
ar.L1    -2.248740e-01
ar.L2     5.075778e-01
sigma2    1.888677e+06
dtype: float64"
1407,30,50,356.4258954652718,<statsmodels.tsa.arima.model.ARIMA object at 0x000002226EAEEDD0>,"(0, 0, 0, 0)","const     3.276000e+03
ar.L1    -2.455013e-01
ar.L2     3.948767e-01
sigma2    2.033996e+06
dtype: float64"
1408,30,51,373.20235232685525,<statsmodels.tsa.arima.model.ARIMA object at 0x000002227053FF90>,"(0, 0, 0, 0)","const     3.228571e+03
ar.L1    -2.280309e-01
ar.L2     4.130658e-01
sigma2    1.958848e+06
dtype: float64"
1409,30,52,392.5430578816396,<statsmodels.tsa.arima.model.ARIMA object at 0x000002227085C710>,"(0, 0, 0, 0)","const     3.103636e+03
ar.L1    -1.744989e-01
ar.L2     4.621823e-01
sigma2    2.143823e+06
dtype: float64"
1410,30,53,410.3206511986165,<statsmodels.tsa.arima.model.ARIMA object at 0x0000022270A9D2D0>,"(0, 0, 0, 0)","const     3.187826e+03
ar.L1    -2.560005e-01
ar.L2     4.075542e-01
sigma2    2.221327e+06
dtype: float64"
1411,30,54,426.8042015198683,<statsmodels.tsa.arima.model.ARIMA object at 0x000002227085EF10>,"(0, 0, 0, 0)","const     3.135000e+03
ar.L1    -2.550541e-01
ar.L2     3.961206e-01
sigma2    2.114427e+06
dtype: float64"
1412,30,55,430.3324031285284,<statsmodels.tsa.arima.model.ARIMA object at 0x0000022270A76ED0>,"(0, 0, 0, 0)","ar.L1    -7.341215e-01
sigma2    3.138848e+06
dtype: float64"
1413,30,56,447.3445230459275,<statsmodels.tsa.arima.model.ARIMA object at 0x00000222709DA0D0>,"(0, 0, 0, 0)","ar.L1    -7.387557e-01
sigma2    3.041475e+06
dtype: float64"
1414,30,57,464.07325309348795,<statsmodels.tsa.arima.model.ARIMA object at 0x000002226F2CF290>,"(0, 0, 0, 0)","ar.L1    -9.422120e-01
ar.L2    -2.556847e-01
sigma2    2.535576e+06
dtype: float64"
1415,30,58,480.80409735590064,<statsmodels.tsa.arima.model.ARIMA object at 0x0000022270B5E4D0>,"(0, 0, 0, 0)","ar.L1    -9.457481e-01
ar.L2    -2.632046e-01
sigma2    2.443280e+06
dtype: float64"
1416,30,59,498.28363531677985,<statsmodels.tsa.arima.model.ARIMA object at 0x000002226E85FC90>,"(0, 0, 0, 0)","ar.L1    -7.336987e-01
sigma2    2.792042e+06
dtype: float64"
1417,30,60,514.9682421272826,<statsmodels.tsa.arima.model.ARIMA object at 0x0000022270A332D0>,"(0, 0, 0, 0)","ar.L1    -9.371005e-01
ar.L2    -2.503042e-01
sigma2    2.364748e+06
dtype: float64"
1418,30,61,537.4009124743814,<statsmodels.tsa.arima.model.ARIMA object at 0x00000222708BE790>,"(0, 0, 0, 0)","ar.L1    -7.086374e-01
sigma2    3.164258e+06
dtype: float64"
1419,30,62,554.3739165517117,<statsmodels.tsa.arima.model.ARIMA object at 0x0000022270C75F50>,"(0, 0, 0, 0)","ar.L1    -8.984806e-01
ar.L2    -2.407771e-01
sigma2    2.732085e+06
dtype: float64"
1420,30,63,572.4523736747851,<statsmodels.tsa.arima.model.ARIMA object at 0x0000022270B94B10>,"(0, 0, 0, 0)","ar.L1    -8.840216e-01
ar.L2    -2.550095e-01
sigma2    2.742258e+06
dtype: float64"
1421,30,64,589.6151518744309,<statsmodels.tsa.arima.model.ARIMA object at 0x0000022270ADA150>,"(0, 0, 0, 0)","ar.L1    -9.085367e-01
ar.L2    -2.871840e-01
sigma2    2.685664e+06
dtype: float64"
1422,30,65,606.280007004742,<statsmodels.tsa.arima.model.ARIMA object at 0x0000022270B95B90>,"(0, 0, 0, 0)","ar.L1    -9.038894e-01
ar.L2    -2.839329e-01
sigma2    2.701420e+06
dtype: float64"
1423,30,66,625.2263368306548,<statsmodels.tsa.arima.model.ARIMA object at 0x00000222707F2890>,"(0, 0, 0, 0)","ar.L1    -9.016316e-01
ar.L2    -3.035912e-01
sigma2    2.689571e+06
dtype: float64"
1424,30,67,641.9600948921283,<statsmodels.tsa.arima.model.ARIMA object at 0x0000022270AD9950>,"(0, 0, 0, 0)","ar.L1    -8.924934e-01
ar.L2    -2.948534e-01
sigma2    2.616411e+06
dtype: float64"
1425,30,68,658.6397807086367,<statsmodels.tsa.arima.model.ARIMA object at 0x000002227046D9D0>,"(0, 0, 0, 0)","ar.L1    -8.922298e-01
ar.L2    -2.970732e-01
sigma2    2.542408e+06
dtype: float64"
1426,31,39,149.3444235789649,"(1, 0, 0)","(0, 0, 0, 0)",
1427,31,40,166.5191494027022,"(1, 0, 0)","(0, 0, 0, 0)",
1428,31,41,184.1418840228888,"(1, 0, 0)","(0, 0, 0, 0)",
1429,31,42,200.92029786577467,"(1, 0, 0)","(0, 0, 0, 0)",
1430,31,43,217.69180756661987,"(1, 0, 0)","(0, 0, 0, 0)",
1431,31,44,231.1655391631425,<statsmodels.tsa.arima.model.ARIMA object at 0x00000222707F28D0>,"(0, 0, 0, 0)","const     2.913054e+03
ar.L1    -1.123541e-01
ar.L2     7.119965e-01
sigma2    1.479882e+06
dtype: float64"
1432,31,45,251.4564236924765,<statsmodels.tsa.arima.model.ARIMA object at 0x0000022270B1EB90>,"(0, 0, 0, 0)","const     3.082847e+03
ar.L1    -2.259912e-01
ar.L2     5.171022e-01
sigma2    1.982128e+06
dtype: float64"
1433,31,46,268.0518777982493,<statsmodels.tsa.arima.model.ARIMA object at 0x0000022270BBE150>,"(0, 0, 0, 0)","const     3.094907e+03
ar.L1    -2.053000e-01
ar.L2     5.146050e-01
sigma2    1.910295e+06
dtype: float64"
1434,31,47,284.7111932569983,<statsmodels.tsa.arima.model.ARIMA object at 0x0000022270A15090>,"(0, 0, 0, 0)","const     3.076415e+03
ar.L1    -2.194641e-01
ar.L2     4.750129e-01
sigma2    1.827805e+06
dtype: float64"
1435,31,48,304.7996292140646,<statsmodels.tsa.arima.model.ARIMA object at 0x0000022270BF7350>,"(0, 0, 0, 0)","const     3.255125e+03
ar.L1    -2.250790e-01
ar.L2     4.558248e-01
sigma2    2.181932e+06
dtype: float64"
1436,31,49,321.1488459390376,<statsmodels.tsa.arima.model.ARIMA object at 0x0000022270A75F10>,"(0, 0, 0, 0)","const     3.342356e+03
ar.L1    -2.223574e-01
ar.L2     4.703129e-01
sigma2    2.024359e+06
dtype: float64"
1437,31,50,339.2465075430262,<statsmodels.tsa.arima.model.ARIMA object at 0x0000022270C1D350>,"(0, 0, 0, 0)","const     3.138947e+03
ar.L1    -3.291821e-01
sigma2    2.438841e+06
dtype: float64"
1438,31,51,356.2797927609176,<statsmodels.tsa.arima.model.ARIMA object at 0x0000022270C74A10>,"(0, 0, 0, 0)","const     3.096000e+03
ar.L1    -3.120854e-01
sigma2    2.380845e+06
dtype: float64"
1439,31,52,375.38680370642817,<statsmodels.tsa.arima.model.ARIMA object at 0x0000022270BCD2D0>,"(0, 0, 0, 0)","const     2.971429e+03
sigma2    2.796784e+06
dtype: float64"
1440,31,53,393.2313859790385,<statsmodels.tsa.arima.model.ARIMA object at 0x0000022270DA4450>,"(0, 0, 0, 0)","const     3.065455e+03
ar.L1    -3.216922e-01
sigma2    2.607790e+06
dtype: float64"
1441,31,54,409.83962357996427,<statsmodels.tsa.arima.model.ARIMA object at 0x00000222709DA010>,"(0, 0, 0, 0)","const     3.049954e+03
ar.L1    -2.534560e-01
ar.L2     3.242513e-01
sigma2    2.245914e+06
dtype: float64"
1442,31,55,428.9545359126531,<statsmodels.tsa.arima.model.ARIMA object at 0x0000022270BCC490>,"(0, 0, 0, 0)","const     2.925000e+03
ar.L1    -2.891223e-01
sigma2    2.679475e+06
dtype: float64"
1443,31,56,436.96819999898094,<statsmodels.tsa.arima.model.ARIMA object at 0x0000022270BF4B10>,"(0, 0, 0, 0)","ar.L1    -9.373634e-01
ar.L2    -4.258331e-01
sigma2    3.511921e+06
dtype: float64"
1444,31,57,453.86298253251977,<statsmodels.tsa.arima.model.ARIMA object at 0x0000022270D8F3D0>,"(0, 0, 0, 0)","ar.L1    -9.371741e-01
ar.L2    -4.262819e-01
sigma2    3.363652e+06
dtype: float64"
1445,31,58,470.73637626561026,<statsmodels.tsa.arima.model.ARIMA object at 0x0000022270E599D0>,"(0, 0, 0, 0)","ar.L1    -9.395881e-01
ar.L2    -4.309073e-01
sigma2    3.229544e+06
dtype: float64"
1446,31,59,488.4717159556056,<statsmodels.tsa.arima.model.ARIMA object at 0x0000022270C760D0>,"(0, 0, 0, 0)","ar.L1    -9.225623e-01
ar.L2    -4.073824e-01
sigma2    3.219896e+06
dtype: float64"
1447,31,60,505.32617697665717,<statsmodels.tsa.arima.model.ARIMA object at 0x0000022270D8F390>,"(0, 0, 0, 0)","ar.L1    -9.297785e-01
ar.L2    -4.125272e-01
sigma2    3.102336e+06
dtype: float64"
1448,31,61,526.5485523297765,<statsmodels.tsa.arima.model.ARIMA object at 0x0000022270E58F90>,"(0, 0, 0, 0)","ar.L1    -8.964139e-01
ar.L2    -4.188949e-01
sigma2    3.527338e+06
dtype: float64"
1449,31,62,543.4758921315192,<statsmodels.tsa.arima.model.ARIMA object at 0x0000022270882890>,"(0, 0, 0, 0)","ar.L1    -8.835364e-01
ar.L2    -4.058955e-01
sigma2    3.409674e+06
dtype: float64"
1450,31,63,560.9731229837887,<statsmodels.tsa.arima.model.ARIMA object at 0x0000022270C77610>,"(0, 0, 0, 0)","ar.L1    -8.722598e-01
ar.L2    -4.236177e-01
sigma2    3.370942e+06
dtype: float64"
1451,31,64,577.967402727053,<statsmodels.tsa.arima.model.ARIMA object at 0x00000222708316D0>,"(0, 0, 0, 0)","ar.L1    -8.868446e-01
ar.L2    -4.451550e-01
sigma2    3.274738e+06
dtype: float64"
1452,31,65,594.8027336032112,<statsmodels.tsa.arima.model.ARIMA object at 0x0000022270D60C10>,"(0, 0, 0, 0)","ar.L1    -8.842313e-01
ar.L2    -4.432280e-01
sigma2    3.172887e+06
dtype: float64"
1453,31,66,613.0369785205974,<statsmodels.tsa.arima.model.ARIMA object at 0x0000022270CDC3D0>,"(0, 0, 0, 0)","ar.L1    -8.807787e-01
ar.L2    -4.657734e-01
sigma2    3.217989e+06
dtype: float64"
1454,31,67,630.6354159850672,<statsmodels.tsa.arima.model.ARIMA object at 0x0000022270C434D0>,"(0, 0, 0, 0)","ar.L1    -8.713483e-01
ar.L2    -4.516064e-01
sigma2    2.584602e+06
dtype: float64"
1455,31,68,647.4389683497749,<statsmodels.tsa.arima.model.ARIMA object at 0x0000022270C5A110>,"(0, 0, 0, 0)","ar.L1    -8.720482e-01
ar.L2    -4.517128e-01
sigma2    2.508759e+06
dtype: float64"
1456,32,40,147.21118319204368,"(1, 0, 0)","(0, 0, 0, 0)",
1457,32,41,164.16918269083257,"(1, 0, 0)","(0, 0, 0, 0)",
1458,32,42,180.9679136706221,"(1, 0, 0)","(0, 0, 0, 0)",
1459,32,43,197.41703649563686,"(1, 0, 0)","(0, 0, 0, 0)",
1460,32,44,214.3152595338202,"(1, 0, 0)","(0, 0, 0, 0)",
1461,32,45,235.0500083233173,<statsmodels.tsa.arima.model.ARIMA object at 0x0000022270EB6D50>,"(0, 0, 0, 0)","const     3.161337e+03
ar.L1    -2.134461e-01
ar.L2     5.176716e-01
sigma2    2.113998e+06
dtype: float64"
1462,32,46,251.64649541798988,<statsmodels.tsa.arima.model.ARIMA object at 0x0000022270D8CD50>,"(0, 0, 0, 0)","const     3.171471e+03
ar.L1    -1.899952e-01
ar.L2     5.150763e-01
sigma2    2.017238e+06
dtype: float64"
1463,32,47,268.38408371934094,<statsmodels.tsa.arima.model.ARIMA object at 0x0000022270F381D0>,"(0, 0, 0, 0)","const     3.145160e+03
ar.L1    -2.043491e-01
ar.L2     4.750178e-01
sigma2    1.936821e+06
dtype: float64"
1464,32,48,288.1416869844256,<statsmodels.tsa.arima.model.ARIMA object at 0x0000022270D1EE50>,"(0, 0, 0, 0)","const     3.307500e+03
sigma2    3.062842e+06
dtype: float64"
1465,32,49,304.7044870278492,<statsmodels.tsa.arima.model.ARIMA object at 0x0000022270E58890>,"(0, 0, 0, 0)","const     3.368909e+03
ar.L1    -1.990918e-01
ar.L2     4.666892e-01
sigma2    2.142759e+06
dtype: float64"
1466,32,50,321.9550014045975,<statsmodels.tsa.arima.model.ARIMA object at 0x0000022270996E90>,"(0, 0, 0, 0)","const     3.220000e+03
sigma2    2.775625e+06
dtype: float64"
1467,32,51,338.9100257152148,<statsmodels.tsa.arima.model.ARIMA object at 0x0000022270E0C9D0>,"(0, 0, 0, 0)","const     3.170526e+03
sigma2    2.659570e+06
dtype: float64"
1468,32,52,358.07404725331907,<statsmodels.tsa.arima.model.ARIMA object at 0x0000022270E58150>,"(0, 0, 0, 0)","const     3.036003e+03
sigma2    2.864729e+06
dtype: float64"
1469,32,53,376.1132278264509,<statsmodels.tsa.arima.model.ARIMA object at 0x00000222703AFF10>,"(0, 0, 0, 0)","const     3.131425e+03
sigma2    2.891825e+06
dtype: float64"
1470,32,54,393.3081740839723,<statsmodels.tsa.arima.model.ARIMA object at 0x0000022270AB8D90>,"(0, 0, 0, 0)","const     3.052777e+03
ar.L1    -3.274274e-01
sigma2    2.578658e+06
dtype: float64"
1471,32,55,411.6827137299031,<statsmodels.tsa.arima.model.ARIMA object at 0x0000022270E736D0>,"(0, 0, 0, 0)","const     2.979130e+03
sigma2    2.953305e+06
dtype: float64"
1472,32,56,428.45723233648044,<statsmodels.tsa.arima.model.ARIMA object at 0x0000022270C74B10>,"(0, 0, 0, 0)","const     2.960000e+03
sigma2    2.809996e+06
dtype: float64"
1473,32,57,427.98858788797,<statsmodels.tsa.arima.model.ARIMA object at 0x0000022270FC9CD0>,"(0, 0, 0, 0)","ar.L1    -8.911735e-01
ar.L2    -2.959093e-01
sigma2    2.472807e+06
dtype: float64"
1474,32,58,444.63917164234545,<statsmodels.tsa.arima.model.ARIMA object at 0x0000022270E5A750>,"(0, 0, 0, 0)","ar.L1    -8.939997e-01
ar.L2    -3.029492e-01
sigma2    2.369850e+06
dtype: float64"
1475,32,59,462.2162244930274,<statsmodels.tsa.arima.model.ARIMA object at 0x0000022270FAA590>,"(0, 0, 0, 0)","ar.L1    -8.786386e-01
ar.L2    -2.836997e-01
sigma2    2.382886e+06
dtype: float64"
1476,32,60,478.83271211977086,<statsmodels.tsa.arima.model.ARIMA object at 0x0000022271075B10>,"(0, 0, 0, 0)","ar.L1    -8.871259e-01
ar.L2    -2.903775e-01
sigma2    2.298453e+06
dtype: float64"
1477,32,61,501.305041288787,<statsmodels.tsa.arima.model.ARIMA object at 0x0000022270EB60D0>,"(0, 0, 0, 0)","ar.L1    -8.474004e-01
ar.L2    -2.860910e-01
sigma2    2.745554e+06
dtype: float64"
1478,32,62,517.9742155961314,<statsmodels.tsa.arima.model.ARIMA object at 0x0000022270F77490>,"(0, 0, 0, 0)","ar.L1    -8.482675e-01
ar.L2    -2.871867e-01
sigma2    2.643945e+06
dtype: float64"
1479,32,63,535.690662776895,<statsmodels.tsa.arima.model.ARIMA object at 0x0000022270F3A8D0>,"(0, 0, 0, 0)","ar.L1    -8.326281e-01
ar.L2    -3.031681e-01
sigma2    2.614457e+06
dtype: float64"
1480,32,64,552.7273399902914,<statsmodels.tsa.arima.model.ARIMA object at 0x0000022270E39210>,"(0, 0, 0, 0)","ar.L1    -8.528670e-01
ar.L2    -3.321499e-01
sigma2    2.549404e+06
dtype: float64"
1481,32,65,569.3508368987934,<statsmodels.tsa.arima.model.ARIMA object at 0x00000222708BD110>,"(0, 0, 0, 0)","ar.L1    -8.513328e-01
ar.L2    -3.319335e-01
sigma2    2.464431e+06
dtype: float64"
1482,32,66,588.0137112542337,<statsmodels.tsa.arima.model.ARIMA object at 0x0000022270FA8ED0>,"(0, 0, 0, 0)","ar.L1    -8.451185e-01
ar.L2    -3.513232e-01
sigma2    2.526300e+06
dtype: float64"
1483,32,67,604.6905458021303,<statsmodels.tsa.arima.model.ARIMA object at 0x0000022270DD2910>,"(0, 0, 0, 0)","ar.L1    -8.367935e-01
ar.L2    -3.437115e-01
sigma2    2.452052e+06
dtype: float64"
1484,32,68,621.286612736836,<statsmodels.tsa.arima.model.ARIMA object at 0x0000022271099050>,"(0, 0, 0, 0)","ar.L1    -8.370356e-01
ar.L2    -3.455962e-01
sigma2    2.377875e+06
dtype: float64"
1485,33,41,145.7389625591058,"(1, 0, 0)","(0, 0, 0, 0)",
1486,33,42,162.19231230839964,"(1, 0, 0)","(0, 0, 0, 0)",
1487,33,43,178.58678376773875,"(1, 0, 0)","(0, 0, 0, 0)",
1488,33,44,195.02138497127464,"(1, 0, 0)","(0, 0, 0, 0)",
1489,33,45,215.39927896230012,"(1, 0, 0)","(0, 0, 0, 0)",
1490,33,46,230.20667299630614,<statsmodels.tsa.arima.model.ARIMA object at 0x000002226F20F150>,"(0, 0, 0, 0)","const     2.861537e+03
sigma2    2.114551e+06
dtype: float64"
1491,33,47,246.60239452566753,<statsmodels.tsa.arima.model.ARIMA object at 0x00000222710BA5D0>,"(0, 0, 0, 0)","const     2.880000e+03
sigma2    1.989746e+06
dtype: float64"
1492,33,48,266.8928026316195,<statsmodels.tsa.arima.model.ARIMA object at 0x00000222710766D0>,"(0, 0, 0, 0)","const     3.080001e+03
sigma2    2.396452e+06
dtype: float64"
1493,33,49,283.46748835760127,<statsmodels.tsa.arima.model.ARIMA object at 0x0000022271011C90>,"(0, 0, 0, 0)","const     3.052500e+03
sigma2    2.238551e+06
dtype: float64"
1494,33,50,300.09089747800425,<statsmodels.tsa.arima.model.ARIMA object at 0x0000022270ED1BD0>,"(0, 0, 0, 0)","const     3.014119e+03
sigma2    2.151431e+06
dtype: float64"
1495,33,51,316.7285467055471,<statsmodels.tsa.arima.model.ARIMA object at 0x0000022270C74190>,"(0, 0, 0, 0)","const     2.973333e+03
sigma2    2.049408e+06
dtype: float64"
1496,33,52,335.88182041233534,<statsmodels.tsa.arima.model.ARIMA object at 0x0000022271012910>,"(0, 0, 0, 0)","const     2.842099e+03
sigma2    2.256082e+06
dtype: float64"
1497,33,53,354.3567178416914,<statsmodels.tsa.arima.model.ARIMA object at 0x0000022270607890>,"(0, 0, 0, 0)","const     2.952000e+03
sigma2    2.374312e+06
dtype: float64"
1498,33,54,371.29402810847796,<statsmodels.tsa.arima.model.ARIMA object at 0x0000022270C5AB90>,"(0, 0, 0, 0)","const     2.902861e+03
sigma2    2.316687e+06
dtype: float64"
1499,33,55,389.5305568369987,<statsmodels.tsa.arima.model.ARIMA object at 0x0000022270F14BD0>,"(0, 0, 0, 0)","const     2.809094e+03
sigma2    2.393985e+06
dtype: float64"
1500,33,56,406.0674161653591,<statsmodels.tsa.arima.model.ARIMA object at 0x000002227113A390>,"(0, 0, 0, 0)","const     2.796525e+03
sigma2    2.298523e+06
dtype: float64"
1501,33,57,423.18752993421214,<statsmodels.tsa.arima.model.ARIMA object at 0x0000022270ED0D10>,"(0, 0, 0, 0)","const     2.745000e+03
sigma2    2.279696e+06
dtype: float64"
1502,33,58,430.8997380231153,<statsmodels.tsa.arima.model.ARIMA object at 0x00000222711A6D90>,"(0, 0, 0, 0)","ar.L1    -8.535637e-01
ar.L2    -5.675985e-01
sigma2    2.733728e+06
dtype: float64"
1503,33,59,448.7878834461596,<statsmodels.tsa.arima.model.ARIMA object at 0x00000222709F1B90>,"(0, 0, 0, 0)","ar.L1    -8.368570e-01
ar.L2    -5.419007e-01
sigma2    2.763342e+06
dtype: float64"
1504,33,60,465.52529954796796,<statsmodels.tsa.arima.model.ARIMA object at 0x000002227103C990>,"(0, 0, 0, 0)","ar.L1    -8.458369e-01
ar.L2    -5.477069e-01
sigma2    2.660089e+06
dtype: float64"
1505,33,61,486.53578485012355,<statsmodels.tsa.arima.model.ARIMA object at 0x0000022270D34890>,"(0, 0, 0, 0)","ar.L1    -8.059753e-01
ar.L2    -5.600951e-01
sigma2    3.037772e+06
dtype: float64"
1506,33,62,503.8646097151078,<statsmodels.tsa.arima.model.ARIMA object at 0x00000222711C6110>,"(0, 0, 0, 0)","ar.L1    -8.003716e-01
ar.L2    -5.522295e-01
sigma2    2.410596e+06
dtype: float64"
1507,33,63,520.2430673197682,<statsmodels.tsa.arima.model.ARIMA object at 0x0000022270CBAFD0>,"(0, 0, 0, 0)","ar.L1    -7.857351e-01
ar.L2    -5.630737e-01
sigma2    2.851768e+06
dtype: float64"
1508,33,64,536.9611378264793,<statsmodels.tsa.arima.model.ARIMA object at 0x000002227222E350>,"(0, 0, 0, 0)","ar.L1    -7.921442e-01
ar.L2    -5.735418e-01
sigma2    2.756353e+06
dtype: float64"
1509,33,65,553.6114622551335,<statsmodels.tsa.arima.model.ARIMA object at 0x00000222711A7710>,"(0, 0, 0, 0)","ar.L1    -7.932795e-01
ar.L2    -5.741730e-01
sigma2    2.664730e+06
dtype: float64"
1510,33,66,571.352891394494,<statsmodels.tsa.arima.model.ARIMA object at 0x0000022271164410>,"(0, 0, 0, 0)","ar.L1    -7.862226e-01
ar.L2    -5.958020e-01
sigma2    2.675034e+06
dtype: float64"
1511,33,67,588.1452242626696,<statsmodels.tsa.arima.model.ARIMA object at 0x0000022270DA4390>,"(0, 0, 0, 0)","ar.L1    -7.714040e-01
ar.L2    -5.803871e-01
sigma2    2.608540e+06
dtype: float64"
1512,33,68,604.7951456613546,<statsmodels.tsa.arima.model.ARIMA object at 0x0000022270EB6350>,"(0, 0, 0, 0)","ar.L1    -7.742817e-01
ar.L2    -5.775972e-01
sigma2    2.533631e+06
dtype: float64"
1513,34,42,143.47894762451716,"(1, 0, 0)","(0, 0, 0, 0)",
1514,34,43,159.60710059160147,"(1, 0, 0)","(0, 0, 0, 0)",
1515,34,44,176.37904663963667,"(1, 0, 0)","(0, 0, 0, 0)",
1516,34,45,197.99271768209314,"(1, 0, 0)","(0, 0, 0, 0)",
1517,34,46,214.69589163728938,"(1, 0, 0)","(0, 0, 0, 0)",
1518,34,47,229.8718772093066,<statsmodels.tsa.arima.model.ARIMA object at 0x000002227111B490>,"(0, 0, 0, 0)","const     2.944615e+03
sigma2    2.064827e+06
dtype: float64"
1519,34,48,249.87471039637649,<statsmodels.tsa.arima.model.ARIMA object at 0x0000022272267810>,"(0, 0, 0, 0)","const     3.154291e+03
sigma2    2.518842e+06
dtype: float64"
1520,34,49,266.5074859665333,<statsmodels.tsa.arima.model.ARIMA object at 0x00000222710D11D0>,"(0, 0, 0, 0)","const     3.120000e+03
sigma2    2.354357e+06
dtype: float64"
1521,34,50,283.19564581783584,<statsmodels.tsa.arima.model.ARIMA object at 0x00000222710F9F90>,"(0, 0, 0, 0)","const     3.075000e+03
sigma2    2.230035e+06
dtype: float64"
1522,34,51,299.89715229089046,<statsmodels.tsa.arima.model.ARIMA object at 0x0000022270E38050>,"(0, 0, 0, 0)","const     3.028233e+03
sigma2    2.123043e+06
dtype: float64"
1523,34,52,319.1022184446469,<statsmodels.tsa.arima.model.ARIMA object at 0x00000222711A6D50>,"(0, 0, 0, 0)","const     2.886667e+03
sigma2    2.310315e+06
dtype: float64"
1524,34,53,337.45989823845275,<statsmodels.tsa.arima.model.ARIMA object at 0x00000222710FAB10>,"(0, 0, 0, 0)","const     2.999999e+03
sigma2    2.461140e+06
dtype: float64"
1525,34,54,354.4546025056955,<statsmodels.tsa.arima.model.ARIMA object at 0x000002227222D190>,"(0, 0, 0, 0)","const     2.946000e+03
sigma2    2.376087e+06
dtype: float64"
1526,34,55,372.7342336650838,<statsmodels.tsa.arima.model.ARIMA object at 0x0000022270DA51D0>,"(0, 0, 0, 0)","const     2.845961e+03
sigma2    2.476810e+06
dtype: float64"
1527,34,56,389.31461308431466,<statsmodels.tsa.arima.model.ARIMA object at 0x0000022271164290>,"(0, 0, 0, 0)","const     2.830909e+03
sigma2    2.331831e+06
dtype: float64"
1528,34,57,406.4782081710663,<statsmodels.tsa.arima.model.ARIMA object at 0x00000222722F5910>,"(0, 0, 0, 0)","const     2.775652e+03
sigma2    2.351321e+06
dtype: float64"
1529,34,58,423.7086919651118,<statsmodels.tsa.arima.model.ARIMA object at 0x000002227222E010>,"(0, 0, 0, 0)","const     2.720000e+03
sigma2    2.307492e+06
dtype: float64"
1530,34,59,424.4246951001486,<statsmodels.tsa.arima.model.ARIMA object at 0x00000222705BE0D0>,"(0, 0, 0, 0)","ar.L1    -8.225764e-01
ar.L2    -3.938998e-01
sigma2    2.256013e+06
dtype: float64"
1531,34,60,440.97835824819873,<statsmodels.tsa.arima.model.ARIMA object at 0x00000222710D1050>,"(0, 0, 0, 0)","ar.L1    -8.321371e-01
ar.L2    -4.005131e-01
sigma2    2.173212e+06
dtype: float64"
1532,34,61,463.2002661180018,<statsmodels.tsa.arima.model.ARIMA object at 0x00000222723A64D0>,"(0, 0, 0, 0)","ar.L1    -7.858662e-01
ar.L2    -4.038212e-01
sigma2    2.608687e+06
dtype: float64"
1533,34,62,479.77210702486155,<statsmodels.tsa.arima.model.ARIMA object at 0x0000022271164650>,"(0, 0, 0, 0)","ar.L1    -7.862014e-01
ar.L2    -4.048830e-01
sigma2    2.505285e+06
dtype: float64"
1534,34,63,496.8758077418482,<statsmodels.tsa.arima.model.ARIMA object at 0x000002226EED64D0>,"(0, 0, 0, 0)","ar.L1    -7.697139e-01
ar.L2    -4.213005e-01
sigma2    2.443726e+06
dtype: float64"
1535,34,64,513.6050465179368,<statsmodels.tsa.arima.model.ARIMA object at 0x000002226D01EA90>,"(0, 0, 0, 0)","ar.L1    -7.819589e-01
ar.L2    -4.423325e-01
sigma2    2.369966e+06
dtype: float64"
1536,34,65,530.0965943403098,<statsmodels.tsa.arima.model.ARIMA object at 0x000002227120F310>,"(0, 0, 0, 0)","ar.L1    -7.829584e-01
ar.L2    -4.438234e-01
sigma2    2.286076e+06
dtype: float64"
1537,34,66,548.2642885365187,<statsmodels.tsa.arima.model.ARIMA object at 0x000002226F28DB90>,"(0, 0, 0, 0)","ar.L1    -7.722015e-01
ar.L2    -4.644185e-01
sigma2    2.323950e+06
dtype: float64"
1538,34,67,564.832514955869,<statsmodels.tsa.arima.model.ARIMA object at 0x000002226D0D5B90>,"(0, 0, 0, 0)","ar.L1    -7.623815e-01
ar.L2    -4.560973e-01
sigma2    2.250895e+06
dtype: float64"
1539,34,68,581.2990850598685,<statsmodels.tsa.arima.model.ARIMA object at 0x0000022270456110>,"(0, 0, 0, 0)","ar.L1    -7.641017e-01
ar.L2    -4.559704e-01
sigma2    2.181143e+06
dtype: float64"
1540,35,43,137.225331806365,"(1, 0, 0)","(0, 0, 0, 0)",
1541,35,44,152.803144833625,"(1, 0, 0)","(0, 0, 0, 0)",
1542,35,45,174.84727890647108,"(1, 0, 0)","(0, 0, 0, 0)",
1543,35,46,190.7003781699584,"(1, 0, 0)","(0, 0, 0, 0)",
1544,35,47,206.46862358278622,"(1, 0, 0)","(0, 0, 0, 0)",
1545,35,48,227.817268112853,<statsmodels.tsa.arima.model.ARIMA object at 0x00000222703AD050>,"(0, 0, 0, 0)","const     2.898461e+03
sigma2    1.769028e+06
dtype: float64"
1546,35,49,244.03460065967013,<statsmodels.tsa.arima.model.ARIMA object at 0x000002227103FE10>,"(0, 0, 0, 0)","const     2.880000e+03
sigma2    1.649404e+06
dtype: float64"
1547,35,50,260.28487872836223,<statsmodels.tsa.arima.model.ARIMA object at 0x000002227113B290>,"(0, 0, 0, 0)","const     2.848000e+03
sigma2    1.547897e+06
dtype: float64"
1548,35,51,276.5463629583343,<statsmodels.tsa.arima.model.ARIMA object at 0x000002226EB0DB10>,"(0, 0, 0, 0)","const     2.812500e+03
sigma2    1.450996e+06
dtype: float64"
1549,35,52,295.91208164758507,<statsmodels.tsa.arima.model.ARIMA object at 0x000002226F16A8D0>,"(0, 0, 0, 0)","const     2.675294e+03
sigma2    1.666095e+06
dtype: float64"
1550,35,53,315.110692859578,<statsmodels.tsa.arima.model.ARIMA object at 0x00000222722F5850>,"(0, 0, 0, 0)","const     2.806665e+03
sigma2    1.881423e+06
dtype: float64"
1551,35,54,331.7813732058512,<statsmodels.tsa.arima.model.ARIMA object at 0x0000022270350050>,"(0, 0, 0, 0)","const     2.760000e+03
sigma2    1.825066e+06
dtype: float64"
1552,35,55,349.93892611130656,<statsmodels.tsa.arima.model.ARIMA object at 0x000002226F3692D0>,"(0, 0, 0, 0)","const     2.664000e+03
sigma2    1.926197e+06
dtype: float64"
1553,35,56,366.220954859771,<statsmodels.tsa.arima.model.ARIMA object at 0x00000222704EF0D0>,"(0, 0, 0, 0)","const     2.657139e+03
sigma2    1.823216e+06
dtype: float64"
1554,35,57,383.10136884370775,<statsmodels.tsa.arima.model.ARIMA object at 0x000002226F2B5850>,"(0, 0, 0, 0)","const     2.607273e+03
sigma2    1.761969e+06
dtype: float64"
1555,35,58,400.0608638330217,<statsmodels.tsa.arima.model.ARIMA object at 0x000002226F180690>,"(0, 0, 0, 0)","const     2.556525e+03
sigma2    1.762688e+06
dtype: float64"
1556,35,59,419.1261841080825,<statsmodels.tsa.arima.model.ARIMA object at 0x000002226EED5B50>,"(0, 0, 0, 0)","const     2.460000e+03
sigma2    1.903692e+06
dtype: float64"
1557,35,60,423.1721714875673,<statsmodels.tsa.arima.model.ARIMA object at 0x00000222711A64D0>,"(0, 0, 0, 0)","ar.L1    -7.682136e-01
ar.L2    -5.208635e-01
sigma2    2.023917e+06
dtype: float64"
1558,35,61,444.8867177379407,<statsmodels.tsa.arima.model.ARIMA object at 0x0000022270604D90>,"(0, 0, 0, 0)","ar.L1    -7.134279e-01
ar.L2    -5.350464e-01
sigma2    2.450285e+06
dtype: float64"
1559,35,62,461.3931860259925,<statsmodels.tsa.arima.model.ARIMA object at 0x0000022270EB47D0>,"(0, 0, 0, 0)","ar.L1    -7.138866e-01
ar.L2    -5.357128e-01
sigma2    2.348607e+06
dtype: float64"
1560,35,63,478.02223178976755,<statsmodels.tsa.arima.model.ARIMA object at 0x00000222703959D0>,"(0, 0, 0, 0)","ar.L1    -7.031175e-01
ar.L2    -5.483071e-01
sigma2    2.271706e+06
dtype: float64"
1561,35,64,494.51631500332564,<statsmodels.tsa.arima.model.ARIMA object at 0x00000222723E7410>,"(0, 0, 0, 0)","ar.L1    -7.101854e-01
ar.L2    -5.615149e-01
sigma2    2.188732e+06
dtype: float64"
1562,35,65,510.93109197395717,<statsmodels.tsa.arima.model.ARIMA object at 0x0000022270D1C990>,"(0, 0, 0, 0)","ar.L1    -7.149429e-01
ar.L2    -5.639268e-01
sigma2    2.108296e+06
dtype: float64"
1563,35,66,528.5660639102783,<statsmodels.tsa.arima.model.ARIMA object at 0x00000222723E7550>,"(0, 0, 0, 0)","ar.L1    -7.031107e-01
ar.L2    -5.869164e-01
sigma2    2.128343e+06
dtype: float64"
1564,35,67,545.0723669413496,<statsmodels.tsa.arima.model.ARIMA object at 0x000002226F319810>,"(0, 0, 0, 0)","ar.L1    -6.902103e-01
ar.L2    -5.748149e-01
sigma2    2.065672e+06
dtype: float64"
1565,35,68,561.5364693815839,<statsmodels.tsa.arima.model.ARIMA object at 0x000002226F1A6590>,"(0, 0, 0, 0)","ar.L1    -6.949923e-01
ar.L2    -5.705575e-01
sigma2    2.003821e+06
dtype: float64"
1566,36,44,135.7020332213605,"(1, 0, 0)","(0, 0, 0, 0)",
1567,36,45,158.70484653387027,"(1, 0, 0)","(0, 0, 0, 0)",
1568,36,46,174.6661570677243,"(1, 0, 0)","(0, 0, 0, 0)",
1569,36,47,190.53450862516615,"(1, 0, 0)","(0, 0, 0, 0)",
1570,36,48,210.98593500560366,"(1, 0, 0)","(0, 0, 0, 0)",
1571,36,49,227.2761185121883,<statsmodels.tsa.arima.model.ARIMA object at 0x000002226D1EEA10>,"(0, 0, 0, 0)","const     2.953846e+03
sigma2    1.682529e+06
dtype: float64"
1572,36,50,243.59465031168398,<statsmodels.tsa.arima.model.ARIMA object at 0x000002227230B410>,"(0, 0, 0, 0)","const     2.914285e+03
sigma2    1.590496e+06
dtype: float64"
1573,36,51,259.92624742844697,<statsmodels.tsa.arima.model.ARIMA object at 0x00000222710BB610>,"(0, 0, 0, 0)","const     2.872000e+03
sigma2    1.487394e+06
dtype: float64"
1574,36,52,279.3675753212615,<statsmodels.tsa.arima.model.ARIMA object at 0x0000022272544B90>,"(0, 0, 0, 0)","const     2.722500e+03
sigma2    1.728438e+06
dtype: float64"
1575,36,53,298.37471861857324,<statsmodels.tsa.arima.model.ARIMA object at 0x00000222725B3850>,"(0, 0, 0, 0)","const     2.858824e+03
sigma2    1.941184e+06
dtype: float64"
1576,36,54,315.11069285181094,<statsmodels.tsa.arima.model.ARIMA object at 0x0000022271139D10>,"(0, 0, 0, 0)","const     2.806663e+03
sigma2    1.881422e+06
dtype: float64"
1577,36,55,333.32210532827435,<statsmodels.tsa.arima.model.ARIMA object at 0x00000222725C8410>,"(0, 0, 0, 0)","const     2.703158e+03
sigma2    1.968650e+06
dtype: float64"
1578,36,56,349.6461112593172,<statsmodels.tsa.arima.model.ARIMA object at 0x000002227224A690>,"(0, 0, 0, 0)","const     2.693996e+03
sigma2    1.867841e+06
dtype: float64"
1579,36,57,366.5783396296278,<statsmodels.tsa.arima.model.ARIMA object at 0x0000022272404D50>,"(0, 0, 0, 0)","const     2.639998e+03
sigma2    1.846649e+06
dtype: float64"
1580,36,58,383.5880402234268,<statsmodels.tsa.arima.model.ARIMA object at 0x000002227109A950>,"(0, 0, 0, 0)","const     2.585455e+03
sigma2    1.833998e+06
dtype: float64"
1581,36,59,402.65592393995945,<statsmodels.tsa.arima.model.ARIMA object at 0x0000022272405650>,"(0, 0, 0, 0)","const     2.483480e+03
sigma2    1.995589e+06
dtype: float64"
1582,36,60,419.2014121576382,<statsmodels.tsa.arima.model.ARIMA object at 0x0000022270EB5D10>,"(0, 0, 0, 0)","const     2.455000e+03
sigma2    1.909345e+06
dtype: float64"
1583,36,61,427.0532833919585,<statsmodels.tsa.arima.model.ARIMA object at 0x000002227271FD50>,"(0, 0, 0, 0)","ar.L1    -7.208533e-01
ar.L2    -4.849968e-01
sigma2    2.551023e+06
dtype: float64"
1584,36,62,443.55133948828296,<statsmodels.tsa.arima.model.ARIMA object at 0x0000022272732190>,"(0, 0, 0, 0)","ar.L1    -7.236344e-01
ar.L2    -4.881263e-01
sigma2    2.440507e+06
dtype: float64"
1585,36,63,460.2608655026333,<statsmodels.tsa.arima.model.ARIMA object at 0x00000222726342D0>,"(0, 0, 0, 0)","ar.L1    -7.093816e-01
ar.L2    -5.031336e-01
sigma2    2.354776e+06
dtype: float64"
1586,36,64,476.7912489072194,<statsmodels.tsa.arima.model.ARIMA object at 0x0000022272670150>,"(0, 0, 0, 0)","ar.L1    -7.182403e-01
ar.L2    -5.202368e-01
sigma2    2.264686e+06
dtype: float64"
1587,36,65,493.19411250135903,<statsmodels.tsa.arima.model.ARIMA object at 0x0000022272691E50>,"(0, 0, 0, 0)","ar.L1    -7.223332e-01
ar.L2    -5.228697e-01
sigma2    2.178352e+06
dtype: float64"
1588,36,66,510.9722139717587,<statsmodels.tsa.arima.model.ARIMA object at 0x00000222722C6110>,"(0, 0, 0, 0)","ar.L1    -7.093716e-01
ar.L2    -5.457026e-01
sigma2    2.193991e+06
dtype: float64"
1589,36,67,527.4507796428269,<statsmodels.tsa.arima.model.ARIMA object at 0x00000222710D34D0>,"(0, 0, 0, 0)","ar.L1    -6.977368e-01
ar.L2    -5.356984e-01
sigma2    2.126786e+06
dtype: float64"
1590,36,68,543.8760712037844,<statsmodels.tsa.arima.model.ARIMA object at 0x00000222726351D0>,"(0, 0, 0, 0)","ar.L1    -7.017895e-01
ar.L2    -5.328080e-01
sigma2    2.061305e+06
dtype: float64"
1591,37,45,141.54214602768786,"(1, 0, 0)","(0, 0, 0, 0)",
1592,37,46,157.4267535549449,"(1, 0, 0)","(0, 0, 0, 0)",
1593,37,47,173.1990237330424,"(1, 0, 0)","(0, 0, 0, 0)",
1594,37,48,192.87583824715034,"(1, 0, 0)","(0, 0, 0, 0)",
1595,37,49,210.28757906117596,"(1, 0, 0)","(0, 0, 0, 0)",
1596,37,50,227.14396527868752,<statsmodels.tsa.arima.model.ARIMA object at 0x0000022272404390>,"(0, 0, 0, 0)","const     2.861535e+03
sigma2    1.665333e+06
dtype: float64"
1597,37,51,243.47275828723366,<statsmodels.tsa.arima.model.ARIMA object at 0x0000022272637550>,"(0, 0, 0, 0)","const     2.820001e+03
sigma2    1.576647e+06
dtype: float64"
1598,37,52,262.67673112100545,<statsmodels.tsa.arima.model.ARIMA object at 0x0000022272758BD0>,"(0, 0, 0, 0)","const     2.663999e+03
sigma2    1.810917e+06
dtype: float64"
1599,37,53,281.74295697209885,<statsmodels.tsa.arima.model.ARIMA object at 0x000002226EFC5390>,"(0, 0, 0, 0)","const     2.812500e+03
sigma2    2.031528e+06
dtype: float64"
1600,37,54,298.46009242786363,<statsmodels.tsa.arima.model.ARIMA object at 0x00000222726B3890>,"(0, 0, 0, 0)","const     2.760000e+03
sigma2    1.947027e+06
dtype: float64"
1601,37,55,316.55039085159194,<statsmodels.tsa.arima.model.ARIMA object at 0x0000022272586B10>,"(0, 0, 0, 0)","const     2.653334e+03
sigma2    2.023468e+06
dtype: float64"
1602,37,56,332.8955611596227,<statsmodels.tsa.arima.model.ARIMA object at 0x0000022270CDC550>,"(0, 0, 0, 0)","const     2.646316e+03
sigma2    1.935427e+06
dtype: float64"
1603,37,57,349.78259338430894,<statsmodels.tsa.arima.model.ARIMA object at 0x0000022270D60150>,"(0, 0, 0, 0)","const     2.592002e+03
sigma2    1.893536e+06
dtype: float64"
1604,37,58,366.73942014564494,<statsmodels.tsa.arima.model.ARIMA object at 0x0000022272786650>,"(0, 0, 0, 0)","const     2.537143e+03
sigma2    1.877920e+06
dtype: float64"
1605,37,59,385.65889345433914,<statsmodels.tsa.arima.model.ARIMA object at 0x0000022270605E50>,"(0, 0, 0, 0)","const     2.432728e+03
sigma2    2.017206e+06
dtype: float64"
1606,37,60,402.18339611968156,<statsmodels.tsa.arima.model.ARIMA object at 0x00000222723A6250>,"(0, 0, 0, 0)","const     2.405217e+03
sigma2    1.943074e+06
dtype: float64"
1607,37,61,421.01252229582036,<statsmodels.tsa.arima.model.ARIMA object at 0x00000222723C55D0>,"(0, 0, 0, 0)","const     2.500009e+03
sigma2    2.049240e+06
dtype: float64"
1608,37,62,428.9562192562465,<statsmodels.tsa.arima.model.ARIMA object at 0x000002227276C250>,"(0, 0, 0, 0)","ar.L1    -6.750454e-01
ar.L2    -4.658856e-01
sigma2    2.524784e+06
dtype: float64"
1609,37,63,445.7121827568785,<statsmodels.tsa.arima.model.ARIMA object at 0x00000222710FB5D0>,"(0, 0, 0, 0)","ar.L1    -6.622106e-01
ar.L2    -4.811466e-01
sigma2    2.433726e+06
dtype: float64"
1610,37,64,462.3695843727566,<statsmodels.tsa.arima.model.ARIMA object at 0x000002227235AC10>,"(0, 0, 0, 0)","ar.L1    -6.729345e-01
ar.L2    -5.018553e-01
sigma2    2.337540e+06
dtype: float64"
1611,37,65,478.89076985836857,<statsmodels.tsa.arima.model.ARIMA object at 0x000002227271DB10>,"(0, 0, 0, 0)","ar.L1    -6.796228e-01
ar.L2    -5.054930e-01
sigma2    2.244823e+06
dtype: float64"
1612,37,66,496.5968299532625,<statsmodels.tsa.arima.model.ARIMA object at 0x0000022272844990>,"(0, 0, 0, 0)","ar.L1    -6.666364e-01
ar.L2    -5.299834e-01
sigma2    2.261149e+06
dtype: float64"
1613,37,67,513.1239839755799,<statsmodels.tsa.arima.model.ARIMA object at 0x00000222726F5050>,"(0, 0, 0, 0)","ar.L1    -6.574063e-01
ar.L2    -5.217297e-01
sigma2    2.188352e+06
dtype: float64"
1614,37,68,529.6484344465306,<statsmodels.tsa.arima.model.ARIMA object at 0x00000222727FE590>,"(0, 0, 0, 0)","ar.L1    -6.621954e-01
ar.L2    -5.181754e-01
sigma2    2.117780e+06
dtype: float64"
1615,38,46,141.5380376696569,"(1, 0, 0)","(0, 0, 0, 0)",
1616,38,47,157.42028358312214,"(1, 0, 0)","(0, 0, 0, 0)",
1617,38,48,176.76322516035535,"(1, 0, 0)","(0, 0, 0, 0)",
1618,38,49,194.21662624084973,"(1, 0, 0)","(0, 0, 0, 0)",
1619,38,50,211.48662015382916,"(1, 0, 0)","(0, 0, 0, 0)",
1620,38,51,226.93778790011257,<statsmodels.tsa.arima.model.ARIMA object at 0x00000222710F8F10>,"(0, 0, 0, 0)","const     2.880000e+03
sigma2    1.638660e+06
dtype: float64"
1621,38,52,246.18035112930414,<statsmodels.tsa.arima.model.ARIMA object at 0x00000222724483D0>,"(0, 0, 0, 0)","const     2.708571e+03
sigma2    1.908800e+06
dtype: float64"
1622,38,53,265.0544040470024,<statsmodels.tsa.arima.model.ARIMA object at 0x00000222727E2550>,"(0, 0, 0, 0)","const     2.864000e+03
sigma2    2.114126e+06
dtype: float64"
1623,38,54,281.8409367980523,<statsmodels.tsa.arima.model.ARIMA object at 0x000002227271F9D0>,"(0, 0, 0, 0)","const     2.805000e+03
sigma2    2.045903e+06
dtype: float64"
1624,38,55,299.9720472423222,<statsmodels.tsa.arima.model.ARIMA object at 0x0000022270570090>,"(0, 0, 0, 0)","const     2.689412e+03
sigma2    2.134068e+06
dtype: float64"
1625,38,56,316.3670403455608,<statsmodels.tsa.arima.model.ARIMA object at 0x00000222728EC250>,"(0, 0, 0, 0)","const     2.680000e+03
sigma2    2.003242e+06
dtype: float64"
1626,38,57,333.3059892211009,<statsmodels.tsa.arima.model.ARIMA object at 0x000002227281DE50>,"(0, 0, 0, 0)","const     2.621052e+03
sigma2    1.965747e+06
dtype: float64"
1627,38,58,350.30755248673336,<statsmodels.tsa.arima.model.ARIMA object at 0x00000222728A48D0>,"(0, 0, 0, 0)","const     2.562000e+03
sigma2    1.945001e+06
dtype: float64"
1628,38,59,369.2102325590793,<statsmodels.tsa.arima.model.ARIMA object at 0x00000222729639D0>,"(0, 0, 0, 0)","const     2.451429e+03
sigma2    2.100001e+06
dtype: float64"
1629,38,60,385.77969789863334,<statsmodels.tsa.arima.model.ARIMA object at 0x0000022272759310>,"(0, 0, 0, 0)","const     2.421818e+03
sigma2    2.020927e+06
dtype: float64"
1630,38,61,404.5126930456039,<statsmodels.tsa.arima.model.ARIMA object at 0x0000022272733790>,"(0, 0, 0, 0)","const     2.520000e+03
sigma2    2.133098e+06
dtype: float64"
1631,38,62,421.1472401104485,<statsmodels.tsa.arima.model.ARIMA object at 0x0000022272939ED0>,"(0, 0, 0, 0)","const     2.489995e+03
sigma2    2.091936e+06
dtype: float64"
1632,38,63,426.88801061000015,<statsmodels.tsa.arima.model.ARIMA object at 0x00000222728EE010>,"(0, 0, 0, 0)","ar.L1    -6.916825e-01
ar.L2    -5.524697e-01
sigma2    2.407446e+06
dtype: float64"
1633,38,64,443.4372510447567,<statsmodels.tsa.arima.model.ARIMA object at 0x0000022272A60210>,"(0, 0, 0, 0)","ar.L1    -6.986891e-01
ar.L2    -5.655285e-01
sigma2    2.311170e+06
dtype: float64"
1634,38,65,459.9127716370001,<statsmodels.tsa.arima.model.ARIMA object at 0x00000222729DDE10>,"(0, 0, 0, 0)","ar.L1    -7.041826e-01
ar.L2    -5.682835e-01
sigma2    2.216511e+06
dtype: float64"
1635,38,66,477.4988654047225,<statsmodels.tsa.arima.model.ARIMA object at 0x00000222727E2C90>,"(0, 0, 0, 0)","ar.L1    -6.917659e-01
ar.L2    -5.910908e-01
sigma2    2.235510e+06
dtype: float64"
1636,38,67,494.04336799346464,<statsmodels.tsa.arima.model.ARIMA object at 0x00000222728ECE10>,"(0, 0, 0, 0)","ar.L1    -6.788803e-01
ar.L2    -5.793138e-01
sigma2    2.157586e+06
dtype: float64"
1637,38,68,510.5620613024147,<statsmodels.tsa.arima.model.ARIMA object at 0x00000222727E1210>,"(0, 0, 0, 0)","ar.L1    -6.841403e-01
ar.L2    -5.748364e-01
sigma2    2.085637e+06
dtype: float64"
1638,39,47,141.23294839292888,"(1, 0, 0)","(0, 0, 0, 0)",
1639,39,48,159.90279232508288,"(1, 0, 0)","(0, 0, 0, 0)",
1640,39,49,177.7031994606508,"(1, 0, 0)","(0, 0, 0, 0)",
1641,39,50,195.16372630392078,"(1, 0, 0)","(0, 0, 0, 0)",
1642,39,51,212.2455391516246,"(1, 0, 0)","(0, 0, 0, 0)",
1643,39,52,229.8438501185542,<statsmodels.tsa.arima.model.ARIMA object at 0x00000222729DCE50>,"(0, 0, 0, 0)","const     2.704615e+03
sigma2    2.060456e+06
dtype: float64"
1644,39,53,248.6117666014895,<statsmodels.tsa.arima.model.ARIMA object at 0x00000222729DFF50>,"(0, 0, 0, 0)","const     2.871428e+03
sigma2    2.280571e+06
dtype: float64"
1645,39,54,265.4429761898758,<statsmodels.tsa.arima.model.ARIMA object at 0x00000222727CEC50>,"(0, 0, 0, 0)","const     2.808002e+03
sigma2    2.182631e+06
dtype: float64"
1646,39,55,283.5296206236194,<statsmodels.tsa.arima.model.ARIMA object at 0x0000022272928510>,"(0, 0, 0, 0)","const     2.685000e+03
sigma2    2.258447e+06
dtype: float64"
1647,39,56,299.98158535927047,<statsmodels.tsa.arima.model.ARIMA object at 0x0000022272634190>,"(0, 0, 0, 0)","const     2.675297e+03
sigma2    2.135478e+06
dtype: float64"
1648,39,57,316.93745380367625,<statsmodels.tsa.arima.model.ARIMA object at 0x00000222728A6790>,"(0, 0, 0, 0)","const     2.613333e+03
sigma2    2.077168e+06
dtype: float64"
1649,39,58,333.9470701918895,<statsmodels.tsa.arima.model.ARIMA object at 0x0000022272586C10>,"(0, 0, 0, 0)","const     2.551581e+03
sigma2    2.055557e+06
dtype: float64"
1650,39,59,352.7494245926396,<statsmodels.tsa.arima.model.ARIMA object at 0x000002227288D850>,"(0, 0, 0, 0)","const     2.435987e+03
sigma2    2.198442e+06
dtype: float64"
1651,39,60,369.3461348845535,<statsmodels.tsa.arima.model.ARIMA object at 0x00000222726D17D0>,"(0, 0, 0, 0)","const     2.405714e+03
sigma2    2.111318e+06
dtype: float64"
1652,39,61,388.0500125933929,<statsmodels.tsa.arima.model.ARIMA object at 0x0000022272A4B650>,"(0, 0, 0, 0)","const     2.509087e+03
sigma2    2.233792e+06
dtype: float64"
1653,39,62,404.7095941094531,<statsmodels.tsa.arima.model.ARIMA object at 0x000002227055A010>,"(0, 0, 0, 0)","const     2.478262e+03
sigma2    2.178199e+06
dtype: float64"
1654,39,63,421.4047977332576,<statsmodels.tsa.arima.model.ARIMA object at 0x0000022272B3DB10>,"(0, 0, 0, 0)","const     2.444993e+03
sigma2    2.065751e+06
dtype: float64"
1655,39,64,426.21972861156013,<statsmodels.tsa.arima.model.ARIMA object at 0x0000022272B8B310>,"(0, 0, 0, 0)","ar.L1    -7.322421e-01
ar.L2    -5.055840e-01
sigma2    2.415647e+06
dtype: float64"
1656,39,65,442.70027782713817,<statsmodels.tsa.arima.model.ARIMA object at 0x00000222727E0150>,"(0, 0, 0, 0)","ar.L1    -7.357538e-01
ar.L2    -5.083088e-01
sigma2    2.312203e+06
dtype: float64"
1657,39,66,460.5268444850742,<statsmodels.tsa.arima.model.ARIMA object at 0x0000022272B63810>,"(0, 0, 0, 0)","ar.L1    -7.219962e-01
ar.L2    -5.337227e-01
sigma2    2.328512e+06
dtype: float64"
1658,39,67,477.0736496837753,<statsmodels.tsa.arima.model.ARIMA object at 0x00000222725864D0>,"(0, 0, 0, 0)","ar.L1    -7.097343e-01
ar.L2    -5.232883e-01
sigma2    2.243843e+06
dtype: float64"
1659,39,68,493.55296950735044,<statsmodels.tsa.arima.model.ARIMA object at 0x0000022272A2A310>,"(0, 0, 0, 0)","ar.L1    -7.135222e-01
ar.L2    -5.207191e-01
sigma2    2.165748e+06
dtype: float64"
1660,40,48,138.10945687182286,"(1, 0, 0)","(0, 0, 0, 0)",
1661,40,49,158.29594208126073,"(1, 0, 0)","(0, 0, 0, 0)",
1662,40,50,176.81557383689446,"(1, 0, 0)","(0, 0, 0, 0)",
1663,40,51,194.46603733362116,"(1, 0, 0)","(0, 0, 0, 0)",
1664,40,52,214.73293758086552,"(1, 0, 0)","(0, 0, 0, 0)",
1665,40,53,231.68234932117593,<statsmodels.tsa.arima.model.ARIMA object at 0x0000022272308790>,"(0, 0, 0, 0)","const     2.796923e+03
sigma2    2.360131e+06
dtype: float64"
1666,40,54,248.48032248272486,<statsmodels.tsa.arima.model.ARIMA object at 0x000002227120FB10>,"(0, 0, 0, 0)","const     2.734286e+03
sigma2    2.245740e+06
dtype: float64"
1667,40,55,266.42720834590625,<statsmodels.tsa.arima.model.ARIMA object at 0x0000022272868C90>,"(0, 0, 0, 0)","const     2.608002e+03
sigma2    2.350239e+06
dtype: float64"
1668,40,56,282.8918337022733,<statsmodels.tsa.arima.model.ARIMA object at 0x0000022272B88C10>,"(0, 0, 0, 0)","const     2.602500e+03
sigma2    2.182163e+06
dtype: float64"
1669,40,57,299.78433785326695,<statsmodels.tsa.arima.model.ARIMA object at 0x0000022272AC54D0>,"(0, 0, 0, 0)","const     2.541176e+03
sigma2    2.099519e+06
dtype: float64"
1670,40,58,316.72095625624064,<statsmodels.tsa.arima.model.ARIMA object at 0x0000022272929F90>,"(0, 0, 0, 0)","const     2.479999e+03
sigma2    2.043189e+06
dtype: float64"
1671,40,59,335.36516440293354,<statsmodels.tsa.arima.model.ARIMA object at 0x0000022272B18510>,"(0, 0, 0, 0)","const     2.362105e+03
sigma2    2.177473e+06
dtype: float64"
1672,40,60,351.92224366754147,<statsmodels.tsa.arima.model.ARIMA object at 0x0000022272BF2010>,"(0, 0, 0, 0)","const     2.334000e+03
sigma2    2.108075e+06
dtype: float64"
1673,40,61,370.7616377240218,<statsmodels.tsa.arima.model.ARIMA object at 0x0000022272AC5850>,"(0, 0, 0, 0)","const     2.445714e+03
sigma2    2.245338e+06
dtype: float64"
1674,40,62,387.3892223793167,<statsmodels.tsa.arima.model.ARIMA object at 0x0000022272BF3510>,"(0, 0, 0, 0)","const     2.416364e+03
sigma2    2.195052e+06
dtype: float64"
1675,40,63,404.0406326443861,<statsmodels.tsa.arima.model.ARIMA object at 0x00000222729782D0>,"(0, 0, 0, 0)","const     2.384345e+03
sigma2    2.099321e+06
dtype: float64"
1676,40,64,421.24890873197774,<statsmodels.tsa.arima.model.ARIMA object at 0x00000222727CD610>,"(0, 0, 0, 0)","const     2.440000e+03
sigma2    2.080986e+06
dtype: float64"
1677,40,65,424.97017052042366,<statsmodels.tsa.arima.model.ARIMA object at 0x0000022272B61510>,"(0, 0, 0, 0)","ar.L1    -6.864751e-01
ar.L2    -5.692513e-01
sigma2    2.293774e+06
dtype: float64"
1678,40,66,442.5057077661607,<statsmodels.tsa.arima.model.ARIMA object at 0x000002227271F610>,"(0, 0, 0, 0)","ar.L1    -6.725793e-01
ar.L2    -5.950388e-01
sigma2    2.297319e+06
dtype: float64"
1679,40,67,459.02853624004314,<statsmodels.tsa.arima.model.ARIMA object at 0x0000022272B8A750>,"(0, 0, 0, 0)","ar.L1    -6.595322e-01
ar.L2    -5.831797e-01
sigma2    2.213516e+06
dtype: float64"
1680,40,68,475.55186388611514,<statsmodels.tsa.arima.model.ARIMA object at 0x0000022272CE93D0>,"(0, 0, 0, 0)","ar.L1    -6.656928e-01
ar.L2    -5.776301e-01
sigma2    2.136810e+06
dtype: float64"
1681,41,49,142.05782845032974,"(1, 0, 0)","(0, 0, 0, 0)",
1682,41,50,160.05459789604234,"(1, 0, 0)","(0, 0, 0, 0)",
1683,41,51,177.2739051861492,"(1, 0, 0)","(0, 0, 0, 0)",
1684,41,52,196.81472612313854,"(1, 0, 0)","(0, 0, 0, 0)",
1685,41,53,215.47140449339184,"(1, 0, 0)","(0, 0, 0, 0)",
1686,41,54,230.4982816458509,<statsmodels.tsa.arima.model.ARIMA object at 0x0000022272C37C10>,"(0, 0, 0, 0)","const     2.870769e+03
sigma2    2.155308e+06
dtype: float64"
1687,41,55,248.67511218462164,<statsmodels.tsa.arima.model.ARIMA object at 0x0000022272C04B90>,"(0, 0, 0, 0)","const     2.725715e+03
sigma2    2.256119e+06
dtype: float64"
1688,41,56,265.13548076034135,<statsmodels.tsa.arima.model.ARIMA object at 0x0000022272B895D0>,"(0, 0, 0, 0)","const     2.712000e+03
sigma2    2.109759e+06
dtype: float64"
1689,41,57,282.12278274994276,<statsmodels.tsa.arima.model.ARIMA object at 0x0000022272B8AE10>,"(0, 0, 0, 0)","const     2.640000e+03
sigma2    2.074378e+06
dtype: float64"
1690,41,58,299.1568730032263,<statsmodels.tsa.arima.model.ARIMA object at 0x0000022272C35E10>,"(0, 0, 0, 0)","const     2.569412e+03
sigma2    2.057648e+06
dtype: float64"
1691,41,59,317.9795367137319,<statsmodels.tsa.arima.model.ARIMA object at 0x00000222729DD590>,"(0, 0, 0, 0)","const     2.440000e+03
sigma2    2.212637e+06
dtype: float64"
1692,41,60,334.5819026268134,<statsmodels.tsa.arima.model.ARIMA object at 0x0000022272C8A3D0>,"(0, 0, 0, 0)","const     2.406313e+03
sigma2    2.134383e+06
dtype: float64"
1693,41,61,353.2671554531775,<statsmodels.tsa.arima.model.ARIMA object at 0x0000022272B19CD0>,"(0, 0, 0, 0)","const     2.520000e+03
sigma2    2.249834e+06
dtype: float64"
1694,41,62,369.9353190630225,<statsmodels.tsa.arima.model.ARIMA object at 0x000002227224A210>,"(0, 0, 0, 0)","const     2.485712e+03
sigma2    2.168711e+06
dtype: float64"
1695,41,63,386.63539796646427,<statsmodels.tsa.arima.model.ARIMA object at 0x0000022272C1C110>,"(0, 0, 0, 0)","const     2.449091e+03
sigma2    2.086287e+06
dtype: float64"
1696,41,64,403.7640351061105,<statsmodels.tsa.arima.model.ARIMA object at 0x0000022272C37190>,"(0, 0, 0, 0)","const     2.504355e+03
sigma2    2.071798e+06
dtype: float64"
1697,41,65,420.18085327477684,<statsmodels.tsa.arima.model.ARIMA object at 0x0000022272CC93D0>,"(0, 0, 0, 0)","const     2.490000e+03
sigma2    1.987797e+06
dtype: float64"
1698,41,66,425.5107686192186,<statsmodels.tsa.arima.model.ARIMA object at 0x0000022272D10850>,"(0, 0, 0, 0)","ar.L1    -6.727531e-01
ar.L2    -5.726379e-01
sigma2    2.356404e+06
dtype: float64"
1699,41,67,442.03359856525606,<statsmodels.tsa.arima.model.ARIMA object at 0x0000022272C5CDD0>,"(0, 0, 0, 0)","ar.L1    -6.605925e-01
ar.L2    -5.622689e-01
sigma2    2.266856e+06
dtype: float64"
1700,41,68,458.5511533329255,<statsmodels.tsa.arima.model.ARIMA object at 0x0000022272C36C90>,"(0, 0, 0, 0)","ar.L1    -6.663982e-01
ar.L2    -5.576196e-01
sigma2    2.185958e+06
dtype: float64"
1701,42,50,143.86945605099598,"(1, 0, 0)","(0, 0, 0, 0)",
1702,42,51,160.99246229038454,"(1, 0, 0)","(0, 0, 0, 0)",
1703,42,52,180.0417504207196,"(1, 0, 0)","(0, 0, 0, 0)",
1704,42,53,198.87233720957437,"(1, 0, 0)","(0, 0, 0, 0)",
1705,42,54,215.8388004209572,"(1, 0, 0)","(0, 0, 0, 0)",
1706,42,55,232.0736423702145,<statsmodels.tsa.arima.model.ARIMA object at 0x0000022272B8AA10>,"(0, 0, 0, 0)","const     2.760001e+03
sigma2    2.431480e+06
dtype: float64"
1707,42,56,248.60446310123396,<statsmodels.tsa.arima.model.ARIMA object at 0x0000022272CEA510>,"(0, 0, 0, 0)","const     2.742857e+03
sigma2    2.245400e+06
dtype: float64"
1708,42,57,265.6456172666552,<statsmodels.tsa.arima.model.ARIMA object at 0x0000022272DB9550>,"(0, 0, 0, 0)","const     2.663998e+03
sigma2    2.208982e+06
dtype: float64"
1709,42,58,282.72255087764313,<statsmodels.tsa.arima.model.ARIMA object at 0x0000022272D8DB90>,"(0, 0, 0, 0)","const     2.587502e+03
sigma2    2.169112e+06
dtype: float64"
1710,42,59,301.4969454235898,<statsmodels.tsa.arima.model.ARIMA object at 0x0000022272CE9350>,"(0, 0, 0, 0)","const     2.449412e+03
sigma2    2.353994e+06
dtype: float64"
1711,42,60,318.1471186903962,<statsmodels.tsa.arima.model.ARIMA object at 0x0000022272ADA190>,"(0, 0, 0, 0)","const     2.413335e+03
sigma2    2.228943e+06
dtype: float64"
1712,42,61,336.75272156620827,<statsmodels.tsa.arima.model.ARIMA object at 0x0000022272D686D0>,"(0, 0, 0, 0)","const     2.532632e+03
sigma2    2.363578e+06
dtype: float64"
1713,42,62,353.4667115406818,<statsmodels.tsa.arima.model.ARIMA object at 0x0000022272CEA850>,"(0, 0, 0, 0)","const     2.496001e+03
sigma2    2.289187e+06
dtype: float64"
1714,42,63,370.20731970783584,<statsmodels.tsa.arima.model.ARIMA object at 0x0000022272DD4710>,"(0, 0, 0, 0)","const     2.457133e+03
sigma2    2.167954e+06
dtype: float64"
1715,42,64,387.33661227738287,<statsmodels.tsa.arima.model.ARIMA object at 0x0000022272DFBC10>,"(0, 0, 0, 0)","const     2.514548e+03
sigma2    2.164503e+06
dtype: float64"
1716,42,65,403.79709907916947,<statsmodels.tsa.arima.model.ARIMA object at 0x0000022272E45350>,"(0, 0, 0, 0)","const     2.499137e+03
sigma2    2.085922e+06
dtype: float64"
1717,42,66,422.04785522799136,<statsmodels.tsa.arima.model.ARIMA object at 0x0000022272E8ECD0>,"(0, 0, 0, 0)","const     2.415000e+03
sigma2    2.154726e+06
dtype: float64"
1718,42,67,427.7456690364164,<statsmodels.tsa.arima.model.ARIMA object at 0x0000022272C5C990>,"(0, 0, 0, 0)","ar.L1    -6.282945e-01
ar.L2    -5.353862e-01
sigma2    2.382397e+06
dtype: float64"
1719,42,68,444.35962479812366,<statsmodels.tsa.arima.model.ARIMA object at 0x0000022272DB9DD0>,"(0, 0, 0, 0)","ar.L1    -6.347474e-01
ar.L2    -5.310075e-01
sigma2    2.294001e+06
dtype: float64"
1720,43,51,142.52242649010356,"(1, 0, 0)","(0, 0, 0, 0)",
1721,43,52,160.6919773271834,"(1, 0, 0)","(0, 0, 0, 0)",
1722,43,53,180.82496333293992,"(1, 0, 0)","(0, 0, 0, 0)",
1723,43,54,197.4748702280679,"(1, 0, 0)","(0, 0, 0, 0)",
1724,43,55,214.6448062930536,"(1, 0, 0)","(0, 0, 0, 0)",
1725,43,56,231.17040106454343,<statsmodels.tsa.arima.model.ARIMA object at 0x0000022272AA9350>,"(0, 0, 0, 0)","const     2.852309e+03
sigma2    2.285780e+06
dtype: float64"
1726,43,57,248.32433169575737,<statsmodels.tsa.arima.model.ARIMA object at 0x0000022272EBD950>,"(0, 0, 0, 0)","const     2.760002e+03
sigma2    2.195402e+06
dtype: float64"
1727,43,58,265.50471089889027,<statsmodels.tsa.arima.model.ARIMA object at 0x0000022272AF92D0>,"(0, 0, 0, 0)","const     2.672000e+03
sigma2    2.192069e+06
dtype: float64"
1728,43,59,284.4108250049287,<statsmodels.tsa.arima.model.ARIMA object at 0x0000022272A61390>,"(0, 0, 0, 0)","const     2.520000e+03
sigma2    2.421837e+06
dtype: float64"
1729,43,60,301.11998759069195,<statsmodels.tsa.arima.model.ARIMA object at 0x0000022272E247D0>,"(0, 0, 0, 0)","const     2.477647e+03
sigma2    2.274484e+06
dtype: float64"
1730,43,61,319.57956909693365,<statsmodels.tsa.arima.model.ARIMA object at 0x0000022272F58A50>,"(0, 0, 0, 0)","const     2.599994e+03
sigma2    2.395244e+06
dtype: float64"
1731,43,62,336.3481717035893,<statsmodels.tsa.arima.model.ARIMA object at 0x0000022272E44250>,"(0, 0, 0, 0)","const     2.557901e+03
sigma2    2.315673e+06
dtype: float64"
1732,43,63,353.14475961409437,<statsmodels.tsa.arima.model.ARIMA object at 0x0000022272C1E3D0>,"(0, 0, 0, 0)","const     2.514006e+03
sigma2    2.237518e+06
dtype: float64"
1733,43,64,370.2197888117087,<statsmodels.tsa.arima.model.ARIMA object at 0x0000022272D50410>,"(0, 0, 0, 0)","const     2.571423e+03
sigma2    2.169596e+06
dtype: float64"
1734,43,65,386.711301866094,<statsmodels.tsa.arima.model.ARIMA object at 0x0000022272D10A50>,"(0, 0, 0, 0)","const     2.552727e+03
sigma2    2.111069e+06
dtype: float64"
1735,43,66,405.0455991599524,<statsmodels.tsa.arima.model.ARIMA object at 0x0000022272F33950>,"(0, 0, 0, 0)","const     2.462603e+03
sigma2    2.219682e+06
dtype: float64"
1736,43,67,421.5416756089297,<statsmodels.tsa.arima.model.ARIMA object at 0x0000022272FA0CD0>,"(0, 0, 0, 0)","const     2.444993e+03
sigma2    2.080107e+06
dtype: float64"
1737,43,68,425.2857232916657,<statsmodels.tsa.arima.model.ARIMA object at 0x0000022272F09690>,"(0, 0, 0, 0)","ar.L1    -6.761983e-01
ar.L2    -6.111776e-01
sigma2    2.053506e+06
dtype: float64"
1738,44,52,140.76598327848683,"(1, 0, 0)","(0, 0, 0, 0)",
1739,44,53,163.06230463035277,"(1, 0, 0)","(0, 0, 0, 0)",
1740,44,54,179.51059824300984,"(1, 0, 0)","(0, 0, 0, 0)",
1741,44,55,196.2718290801473,"(1, 0, 0)","(0, 0, 0, 0)",
1742,44,56,213.0791467249738,"(1, 0, 0)","(0, 0, 0, 0)",
1743,44,57,231.6720490530098,<statsmodels.tsa.arima.model.ARIMA object at 0x00000222726F4E50>,"(0, 0, 0, 0)","const     2.806154e+03
sigma2    2.368155e+06
dtype: float64"
1744,44,58,248.91622047295513,<statsmodels.tsa.arima.model.ARIMA object at 0x0000022272E26B90>,"(0, 0, 0, 0)","const     2.708573e+03
sigma2    2.324687e+06
dtype: float64"
1745,44,59,267.79790180402,<statsmodels.tsa.arima.model.ARIMA object at 0x0000022272C1C2D0>,"(0, 0, 0, 0)","const     2.544005e+03
sigma2    2.534071e+06
dtype: float64"
1746,44,60,284.56805227748526,<statsmodels.tsa.arima.model.ARIMA object at 0x0000022272F338D0>,"(0, 0, 0, 0)","const     2.497500e+03
sigma2    2.423611e+06
dtype: float64"
1747,44,61,302.93824158103234,<statsmodels.tsa.arima.model.ARIMA object at 0x0000022272EA4150>,"(0, 0, 0, 0)","const     2.625879e+03
sigma2    2.539951e+06
dtype: float64"
1748,44,62,319.76090058957516,<statsmodels.tsa.arima.model.ARIMA object at 0x0000022272FA2B10>,"(0, 0, 0, 0)","const     2.580000e+03
sigma2    2.423850e+06
dtype: float64"
1749,44,63,336.605901798684,<statsmodels.tsa.arima.model.ARIMA object at 0x0000022272D10E10>,"(0, 0, 0, 0)","const     2.532638e+03
sigma2    2.346325e+06
dtype: float64"
1750,44,64,353.67989876901095,<statsmodels.tsa.arima.model.ARIMA object at 0x0000022272F86010>,"(0, 0, 0, 0)","const     2.592046e+03
sigma2    2.263304e+06
dtype: float64"
1751,44,65,370.2187861503782,<statsmodels.tsa.arima.model.ARIMA object at 0x0000022272EEC550>,"(0, 0, 0, 0)","const     2.571426e+03
sigma2    2.182336e+06
dtype: float64"
1752,44,66,388.5432603127192,<statsmodels.tsa.arima.model.ARIMA object at 0x0000022272E8E550>,"(0, 0, 0, 0)","const     2.476364e+03
sigma2    2.299833e+06
dtype: float64"
1753,44,67,405.08331287543166,<statsmodels.tsa.arima.model.ARIMA object at 0x0000022272CE8A10>,"(0, 0, 0, 0)","const     2.457384e+03
sigma2    2.177415e+06
dtype: float64"
1754,44,68,421.9673160318861,<statsmodels.tsa.arima.model.ARIMA object at 0x0000022272EEE3D0>,"(0, 0, 0, 0)","const     2.415000e+03
sigma2    2.146858e+06
dtype: float64"
1755,45,53,146.21003812980038,"(1, 0, 0)","(0, 0, 0, 0)",
1756,45,54,162.7994916939183,"(1, 0, 0)","(0, 0, 0, 0)",
1757,45,55,179.74169780755133,"(1, 0, 0)","(0, 0, 0, 0)",
1758,45,56,196.46097009482367,"(1, 0, 0)","(0, 0, 0, 0)",
1759,45,57,212.73284512594748,"(1, 0, 0)","(0, 0, 0, 0)",
1760,45,58,230.34653102486183,<statsmodels.tsa.arima.model.ARIMA object at 0x000002227276CC10>,"(0, 0, 0, 0)","const     2.547691e+03
sigma2    2.134641e+06
dtype: float64"
1761,45,59,249.01715029037445,<statsmodels.tsa.arima.model.ARIMA object at 0x0000022272FC0490>,"(0, 0, 0, 0)","const     2.382859e+03
sigma2    2.346304e+06
dtype: float64"
1762,45,60,265.62818557487526,<statsmodels.tsa.arima.model.ARIMA object at 0x0000022272F86AD0>,"(0, 0, 0, 0)","const     2.344000e+03
sigma2    2.207010e+06
dtype: float64"
1763,45,61,284.34505683361607,<statsmodels.tsa.arima.model.ARIMA object at 0x0000022272F87950>,"(0, 0, 0, 0)","const     2.490005e+03
sigma2    2.418317e+06
dtype: float64"
1764,45,62,301.03324445463124,<statsmodels.tsa.arima.model.ARIMA object at 0x0000022272A03090>,"(0, 0, 0, 0)","const     2.449412e+03
sigma2    2.285315e+06
dtype: float64"
1765,45,63,317.73635540265985,<statsmodels.tsa.arima.model.ARIMA object at 0x0000022273011C90>,"(0, 0, 0, 0)","const     2.406667e+03
sigma2    2.194438e+06
dtype: float64"
1766,45,64,334.91555039785754,<statsmodels.tsa.arima.model.ARIMA object at 0x0000022272D536D0>,"(0, 0, 0, 0)","const     2.475789e+03
sigma2    2.152344e+06
dtype: float64"
1767,45,65,351.35327404654043,<statsmodels.tsa.arima.model.ARIMA object at 0x000002227281DB50>,"(0, 0, 0, 0)","const     2.459994e+03
sigma2    2.026138e+06
dtype: float64"
1768,45,66,369.53240672500226,<statsmodels.tsa.arima.model.ARIMA object at 0x000002227303BB50>,"(0, 0, 0, 0)","const     2.365714e+03
sigma2    2.131921e+06
dtype: float64"
1769,45,67,385.9656006462636,<statsmodels.tsa.arima.model.ARIMA object at 0x0000022272F86210>,"(0, 0, 0, 0)","const     2.350909e+03
sigma2    2.046390e+06
dtype: float64"
1770,45,68,402.71159383034325,<statsmodels.tsa.arima.model.ARIMA object at 0x0000022272A7C890>,"(0, 0, 0, 0)","const     2.311304e+03
sigma2    2.003997e+06
dtype: float64"
1771,46,54,146.05974840095098,"(1, 0, 0)","(0, 0, 0, 0)",
1772,46,55,162.86158206120248,"(1, 0, 0)","(0, 0, 0, 0)",
1773,46,56,179.78473121633078,"(1, 0, 0)","(0, 0, 0, 0)",
1774,46,57,196.12002137522677,"(1, 0, 0)","(0, 0, 0, 0)",
1775,46,58,212.37393486621846,"(1, 0, 0)","(0, 0, 0, 0)",
1776,46,59,232.31513812494964,<statsmodels.tsa.arima.model.ARIMA object at 0x0000022273107690>,"(0, 0, 0, 0)","const     2.335385e+03
sigma2    2.494430e+06
dtype: float64"
1777,46,60,248.9552787820547,<statsmodels.tsa.arima.model.ARIMA object at 0x0000022272FC1950>,"(0, 0, 0, 0)","const     2.297143e+03
sigma2    2.334024e+06
dtype: float64"
1778,46,61,267.6804402526445,<statsmodels.tsa.arima.model.ARIMA object at 0x0000022272BF08D0>,"(0, 0, 0, 0)","const     2.456005e+03
sigma2    2.512093e+06
dtype: float64"
1779,46,62,284.3973964185278,<statsmodels.tsa.arima.model.ARIMA object at 0x0000022272B3D290>,"(0, 0, 0, 0)","const     2.415000e+03
sigma2    2.421249e+06
dtype: float64"
1780,46,63,301.1147626418248,<statsmodels.tsa.arima.model.ARIMA object at 0x000002226EC9CB90>,"(0, 0, 0, 0)","const     2.371770e+03
sigma2    2.275212e+06
dtype: float64"
1781,46,64,318.3435027997742,<statsmodels.tsa.arima.model.ARIMA object at 0x0000022272F5BC10>,"(0, 0, 0, 0)","const     2.446667e+03
sigma2    2.250535e+06
dtype: float64"
1782,46,65,334.81651384475487,<statsmodels.tsa.arima.model.ARIMA object at 0x00000222741D1910>,"(0, 0, 0, 0)","const     2.431576e+03
sigma2    2.145046e+06
dtype: float64"
1783,46,66,352.91142201355194,<statsmodels.tsa.arima.model.ARIMA object at 0x0000022272FA2250>,"(0, 0, 0, 0)","const     2.333994e+03
sigma2    2.214431e+06
dtype: float64"
1784,46,67,369.371522177632,<statsmodels.tsa.arima.model.ARIMA object at 0x0000022272FC2F10>,"(0, 0, 0, 0)","const     2.320000e+03
sigma2    2.113454e+06
dtype: float64"
1785,46,68,386.11124584534934,<statsmodels.tsa.arima.model.ARIMA object at 0x00000222742B7FD0>,"(0, 0, 0, 0)","const     2.280000e+03
sigma2    2.051524e+06
dtype: float64"
1786,47,55,145.91832509250384,"(1, 0, 0)","(0, 0, 0, 0)",
1787,47,56,163.08389013524757,"(1, 0, 0)","(0, 0, 0, 0)",
1788,47,57,179.5160701043174,"(1, 0, 0)","(0, 0, 0, 0)",
1789,47,58,195.8653971884342,"(1, 0, 0)","(0, 0, 0, 0)",
1790,47,59,212.29068703307448,"(1, 0, 0)","(0, 0, 0, 0)",
1791,47,60,232.1271362646157,<statsmodels.tsa.arima.model.ARIMA object at 0x0000022273055C10>,"(0, 0, 0, 0)","const     2.233846e+03
sigma2    2.446366e+06
dtype: float64"
1792,47,61,250.89214463397582,<statsmodels.tsa.arima.model.ARIMA object at 0x0000022272D53A50>,"(0, 0, 0, 0)","const     2.408571e+03
sigma2    2.691749e+06
dtype: float64"
1793,47,62,267.63019042673125,<statsmodels.tsa.arima.model.ARIMA object at 0x0000022272CA2550>,"(0, 0, 0, 0)","const     2.368000e+03
sigma2    2.501259e+06
dtype: float64"
1794,47,63,284.36152800857053,<statsmodels.tsa.arima.model.ARIMA object at 0x00000222741AF5D0>,"(0, 0, 0, 0)","const     2.325000e+03
sigma2    2.419349e+06
dtype: float64"
1795,47,64,301.6491015900406,<statsmodels.tsa.arima.model.ARIMA object at 0x000002227421DB50>,"(0, 0, 0, 0)","const     2.407059e+03
sigma2    2.366469e+06
dtype: float64"
1796,47,65,318.1546689485615,<statsmodels.tsa.arima.model.ARIMA object at 0x00000222742B7910>,"(0, 0, 0, 0)","const     2.393333e+03
sigma2    2.229730e+06
dtype: float64"
1797,47,66,336.1585030631258,<statsmodels.tsa.arima.model.ARIMA object at 0x0000022272D69ED0>,"(0, 0, 0, 0)","const     2.292632e+03
sigma2    2.292319e+06
dtype: float64"
1798,47,67,352.6426760528901,<statsmodels.tsa.arima.model.ARIMA object at 0x0000022272EEC110>,"(0, 0, 0, 0)","const     2.280000e+03
sigma2    2.187797e+06
dtype: float64"
1799,47,68,369.37152218115136,<statsmodels.tsa.arima.model.ARIMA object at 0x0000022272AF9550>,"(0, 0, 0, 0)","const     2.239994e+03
sigma2    2.113455e+06
dtype: float64"
1800,48,56,143.17375756587225,"(1, 0, 0)","(0, 0, 0, 0)",
1801,48,57,159.3385937673165,"(1, 0, 0)","(0, 0, 0, 0)",
1802,48,58,175.36610313995823,"(1, 0, 0)","(0, 0, 0, 0)",
1803,48,59,192.153825448529,"(1, 0, 0)","(0, 0, 0, 0)",
1804,48,60,208.446501679692,"(1, 0, 0)","(0, 0, 0, 0)",
1805,48,61,228.67360747236216,<statsmodels.tsa.arima.model.ARIMA object at 0x00000222741448D0>,"(0, 0, 0, 0)","const     2.141539e+03
sigma2    1.868712e+06
dtype: float64"
1806,48,62,244.98076003839117,<statsmodels.tsa.arima.model.ARIMA object at 0x0000022274144550>,"(0, 0, 0, 0)","const     2.117144e+03
sigma2    1.757920e+06
dtype: float64"
1807,48,63,261.26748413724664,<statsmodels.tsa.arima.model.ARIMA object at 0x0000022272EEF550>,"(0, 0, 0, 0)","const     2.088002e+03
sigma2    1.649453e+06
dtype: float64"
1808,48,64,278.928472758337,<statsmodels.tsa.arima.model.ARIMA object at 0x0000022274312650>,"(0, 0, 0, 0)","const     2.190000e+03
sigma2    1.707374e+06
dtype: float64"
1809,48,65,295.08191542584495,<statsmodels.tsa.arima.model.ARIMA object at 0x0000022273010E90>,"(0, 0, 0, 0)","const     2.188228e+03
sigma2    1.583601e+06
dtype: float64"
1810,48,66,312.7102067186732,<statsmodels.tsa.arima.model.ARIMA object at 0x00000222743A3410>,"(0, 0, 0, 0)","const     2.120872e+03
ar.L1    -3.017157e-01
ar.L2    -4.165380e-01
sigma2    1.295488e+06
dtype: float64"
1811,48,67,328.79723946539815,<statsmodels.tsa.arima.model.ARIMA object at 0x00000222743EEB90>,"(0, 0, 0, 0)","const     2.099206e+03
ar.L1    -2.723282e-01
ar.L2    -4.129306e-01
sigma2    1.233491e+06
dtype: float64"
1812,48,68,345.39886679630325,<statsmodels.tsa.arima.model.ARIMA object at 0x00000222741606D0>,"(0, 0, 0, 0)","const     2.058000e+03
sigma2    1.510574e+06
dtype: float64"
1813,49,57,143.23475771152803,"(1, 0, 0)","(0, 0, 0, 0)",
1814,49,58,159.37512857322784,"(1, 0, 0)","(0, 0, 0, 0)",
1815,49,59,176.1678147310655,"(1, 0, 0)","(0, 0, 0, 0)",
1816,49,60,192.53278538043855,"(1, 0, 0)","(0, 0, 0, 0)",
1817,49,61,214.2158130476296,"(1, 0, 0)","(0, 0, 0, 0)",
1818,49,62,228.5739931438384,<statsmodels.tsa.arima.model.ARIMA object at 0x0000022274338110>,"(0, 0, 0, 0)","const     2.076923e+03
sigma2    1.856194e+06
dtype: float64"
1819,49,63,244.89609347996168,<statsmodels.tsa.arima.model.ARIMA object at 0x00000222743A1F50>,"(0, 0, 0, 0)","const     2.048573e+03
sigma2    1.726408e+06
dtype: float64"
1820,49,64,262.59362724951677,<statsmodels.tsa.arima.model.ARIMA object at 0x00000222742B72D0>,"(0, 0, 0, 0)","const     2.160000e+03
sigma2    1.793405e+06
dtype: float64"
1821,49,65,278.80063890485127,<statsmodels.tsa.arima.model.ARIMA object at 0x00000222730DDE50>,"(0, 0, 0, 0)","const     2.159952e+03
sigma2    1.679253e+06
dtype: float64"
1822,49,66,296.41204491298697,<statsmodels.tsa.arima.model.ARIMA object at 0x000002227449EA90>,"(0, 0, 0, 0)","const     2.097683e+03
ar.L1    -3.085962e-01
ar.L2    -4.197256e-01
sigma2    1.346342e+06
dtype: float64"
1823,49,67,312.6078275360269,<statsmodels.tsa.arima.model.ARIMA object at 0x00000222743C5A50>,"(0, 0, 0, 0)","const     2.060000e+03
ar.L1    -2.796984e-01
ar.L2    -4.114130e-01
sigma2    1.416931e+06
dtype: float64"
1824,49,68,329.0791399396381,<statsmodels.tsa.arima.model.ARIMA object at 0x00000222740F81D0>,"(0, 0, 0, 0)","const     2.027370e+03
sigma2    1.588694e+06
dtype: float64"
1825,50,58,143.2720663782607,"(1, 0, 0)","(0, 0, 0, 0)",
1826,50,59,160.03888695538313,"(1, 0, 0)","(0, 0, 0, 0)",
1827,50,60,176.51148952605823,"(1, 0, 0)","(0, 0, 0, 0)",
1828,50,61,197.74995150386098,"(1, 0, 0)","(0, 0, 0, 0)",
1829,50,62,214.19880556100233,"(1, 0, 0)","(0, 0, 0, 0)",
1830,50,63,228.58126047264412,<statsmodels.tsa.arima.model.ARIMA object at 0x0000022274146390>,"(0, 0, 0, 0)","const     2.021538e+03
sigma2    1.872861e+06
dtype: float64"
1831,50,64,246.2880739667533,<statsmodels.tsa.arima.model.ARIMA object at 0x0000022274161390>,"(0, 0, 0, 0)","const     2.142853e+03
sigma2    1.932363e+06
dtype: float64"
1832,50,65,262.5598842389162,<statsmodels.tsa.arima.model.ARIMA object at 0x0000022274451310>,"(0, 0, 0, 0)","const     2.144002e+03
sigma2    1.807982e+06
dtype: float64"
1833,50,66,280.2387592794399,<statsmodels.tsa.arima.model.ARIMA object at 0x000002227437DB90>,"(0, 0, 0, 0)","const     2.040000e+03
sigma2    1.857940e+06
dtype: float64"
1834,50,67,296.4733580187205,<statsmodels.tsa.arima.model.ARIMA object at 0x000002227421F610>,"(0, 0, 0, 0)","const     2.040000e+03
sigma2    1.752061e+06
dtype: float64"
1835,50,68,312.85453747422923,<statsmodels.tsa.arima.model.ARIMA object at 0x0000022274478DD0>,"(0, 0, 0, 0)","const     2.006670e+03
sigma2    1.666315e+06
dtype: float64"
1836,51,59,143.77913484552525,"(1, 0, 0)","(0, 0, 0, 0)",
1837,51,60,160.3817916947821,"(1, 0, 0)","(0, 0, 0, 0)",
1838,51,61,181.20545558840823,"(1, 0, 0)","(0, 0, 0, 0)",
1839,51,62,197.7573418169846,"(1, 0, 0)","(0, 0, 0, 0)",
1840,51,63,214.22895122024045,"(1, 0, 0)","(0, 0, 0, 0)",
1841,51,64,229.93525057922187,<statsmodels.tsa.arima.model.ARIMA object at 0x0000022273055A90>,"(0, 0, 0, 0)","const     2.132309e+03
sigma2    2.074594e+06
dtype: float64"
1842,51,65,246.27799555561123,<statsmodels.tsa.arima.model.ARIMA object at 0x00000222744EA090>,"(0, 0, 0, 0)","const     2.134282e+03
sigma2    1.933080e+06
dtype: float64"
1843,51,66,263.32745003685807,<statsmodels.tsa.arima.model.ARIMA object at 0x000002227433B710>,"(0, 0, 0, 0)","const     2.063881e+03
ar.L1    -2.486577e-01
ar.L2    -5.670246e-01
sigma2    1.361743e+06
dtype: float64"
1844,51,67,279.33563661823666,<statsmodels.tsa.arima.model.ARIMA object at 0x00000222743EDA50>,"(0, 0, 0, 0)","const     2.045456e+03
ar.L1    -2.272185e-01
ar.L2    -5.735508e-01
sigma2    1.286654e+06
dtype: float64"
1845,51,68,296.62305079071194,<statsmodels.tsa.arima.model.ARIMA object at 0x00000222742B70D0>,"(0, 0, 0, 0)","const     1.990588e+03
sigma2    1.767171e+06
dtype: float64"
1846,52,60,140.1821550511496,"(1, 0, 0)","(0, 0, 0, 0)",
1847,52,61,163.48529946989711,"(1, 0, 0)","(0, 0, 0, 0)",
1848,52,62,179.9324072064334,"(1, 0, 0)","(0, 0, 0, 0)",
1849,52,63,196.28110618499124,"(1, 0, 0)","(0, 0, 0, 0)",
1850,52,64,214.11683240007812,"(1, 0, 0)","(0, 0, 0, 0)",
1851,52,65,228.42554032999035,<statsmodels.tsa.arima.model.ARIMA object at 0x00000222743C5C50>,"(0, 0, 0, 0)","const     2.261538e+03
sigma2    1.839893e+06
dtype: float64"
1852,52,66,246.27799547631662,<statsmodels.tsa.arima.model.ARIMA object at 0x000002227437D2D0>,"(0, 0, 0, 0)","const     2.134282e+03
sigma2    1.933078e+06
dtype: float64"
1853,52,67,262.30754968696624,<statsmodels.tsa.arima.model.ARIMA object at 0x00000222743EEE90>,"(0, 0, 0, 0)","const     2.090072e+03
ar.L1    -6.619057e-02
ar.L2    -5.746565e-01
sigma2    1.276208e+06
dtype: float64"
1854,52,68,279.0193143984745,<statsmodels.tsa.arima.model.ARIMA object at 0x000002227433AA50>,"(0, 0, 0, 0)","const     2.085001e+03
sigma2    1.716036e+06
dtype: float64"
1855,53,61,141.45711091171717,"(1, 0, 0)","(0, 0, 0, 0)",
1856,53,62,157.83820675185305,"(1, 0, 0)","(0, 0, 0, 0)",
1857,53,63,174.09536928995715,"(1, 0, 0)","(0, 0, 0, 0)",
1858,53,64,191.00872389484954,"(1, 0, 0)","(0, 0, 0, 0)",
1859,53,65,207.16837968296815,"(1, 0, 0)","(0, 0, 0, 0)",
1860,53,66,224.56680145548907,<statsmodels.tsa.arima.model.ARIMA object at 0x000002227437F590>,"(0, 0, 0, 0)","const     1.910766e+03
sigma2    1.365266e+06
dtype: float64"
1861,53,67,240.5081994156079,<statsmodels.tsa.arima.model.ARIMA object at 0x0000022274605BD0>,"(0, 0, 0, 0)","const     1.920000e+03
sigma2    1.274897e+06
dtype: float64"
1862,53,68,256.54698253809295,<statsmodels.tsa.arima.model.ARIMA object at 0x0000022274188690>,"(0, 0, 0, 0)","const     1.888000e+03
sigma2    1.206265e+06
dtype: float64"
1863,54,62,141.47693422882182,"(1, 0, 0)","(0, 0, 0, 0)",
1864,54,63,157.96144643859847,"(1, 0, 0)","(0, 0, 0, 0)",
1865,54,64,174.62956399369588,"(1, 0, 0)","(0, 0, 0, 0)",
1866,54,65,190.98195678366545,"(1, 0, 0)","(0, 0, 0, 0)",
1867,54,66,210.22775040273442,"(1, 0, 0)","(0, 0, 0, 0)",
1868,54,67,224.57816434922842,<statsmodels.tsa.arima.model.ARIMA object at 0x000002227271E610>,"(0, 0, 0, 0)","const     1.920000e+03
sigma2    1.365114e+06
dtype: float64"
1869,54,68,240.67551355669386,<statsmodels.tsa.arima.model.ARIMA object at 0x00000222743A1810>,"(0, 0, 0, 0)","const     1.885715e+03
sigma2    1.291171e+06
dtype: float64"
1870,55,63,141.75354958154745,"(1, 0, 0)","(0, 0, 0, 0)",
1871,55,64,158.61319604735397,"(1, 0, 0)","(0, 0, 0, 0)",
1872,55,65,174.90596735728928,"(1, 0, 0)","(0, 0, 0, 0)",
1873,55,66,193.64758369177838,"(1, 0, 0)","(0, 0, 0, 0)",
1874,55,67,209.66497653051348,"(1, 0, 0)","(0, 0, 0, 0)",
1875,55,68,223.85445711986515,<statsmodels.tsa.arima.model.ARIMA object at 0x00000222744E8A90>,"(0, 0, 0, 0)","const     1.966153e+03
sigma2    1.296078e+06
dtype: float64"
1876,56,64,141.34739311498373,"(1, 0, 0)","(0, 0, 0, 0)",
1877,56,65,157.98883040546391,"(1, 0, 0)","(0, 0, 0, 0)",
1878,56,66,177.2165884477443,"(1, 0, 0)","(0, 0, 0, 0)",
1879,56,67,193.31508007097756,"(1, 0, 0)","(0, 0, 0, 0)",
1880,56,68,209.63737813650076,"(1, 0, 0)","(0, 0, 0, 0)",
1881,57,65,141.9736298808749,"(1, 0, 0)","(0, 0, 0, 0)",
1882,57,66,161.02689455760733,"(1, 0, 0)","(0, 0, 0, 0)",
1883,57,67,177.21330950834252,"(1, 0, 0)","(0, 0, 0, 0)",
1884,57,68,193.5542450710886,"(1, 0, 0)","(0, 0, 0, 0)",
1885,58,66,144.62911942521743,"(1, 0, 0)","(0, 0, 0, 0)",
1886,58,67,160.89881800957542,"(1, 0, 0)","(0, 0, 0, 0)",
1887,58,68,177.22357992716388,"(1, 0, 0)","(0, 0, 0, 0)",
1888,59,67,141.32790499737195,"(1, 0, 0)","(0, 0, 0, 0)",
1889,59,68,157.18393479065995,"(1, 0, 0)","(0, 0, 0, 0)",
