id,low,hi,m,q,cost
0,0,4,-11.12,1798.6,56.4841
1,0,5,137.994,1599.78,75.2564
2,0,6,69.8357,1713.38,87.8245
3,0,7,52.9167,1747.22,97.6726
4,0,8,-4.37333,1880.89,112.053
5,0,9,0.0484848,1869.1,122.927
6,0,10,12.0036,1833.24,134.056
7,0,11,70.5469,1638.09,154.165
8,0,12,51.1473,1709.22,166.599
9,0,13,44.029,1737.7,177.189
10,0,14,35.5114,1774.61,188.92
11,0,15,35.2671,1775.75,200.215
12,0,16,32.7294,1788.44,211.514
13,0,17,53.4341,1678.01,227.765
14,0,18,45.1821,1724.77,240.074
15,0,19,42.0702,1743.44,251.636
16,0,20,36.1553,1780.9,263.731
17,0,21,34.1494,1794.28,275.182
18,0,22,33.4259,1799.34,286.503
19,0,23,50.1485,1676.71,307.09
20,0,24,45.6654,1711.08,319.372
21,0,25,42.6456,1735.24,331.334
22,0,26,38.1883,1772.38,343.847
23,0,27,36.6316,1785.87,355.551
24,0,28,35.1326,1799.36,367.239
25,0,29,45.6616,1701.09,386.417
26,0,30,41.5164,1741.16,399.362
27,0,31,39.0722,1765.61,411.583
28,0,32,34.2256,1815.69,425.436
29,0,33,30.9174,1850.98,438.293
30,0,34,30.1728,1859.17,450.115
31,0,35,38.8718,1760.58,470.66
32,0,36,36.3713,1789.75,483.343
33,0,37,34.9215,1807.15,495.564
34,0,38,32.6232,1835.49,508.275
35,0,39,30.952,1856.66,520.658
36,0,40,29.6818,1873.17,532.864
37,0,41,35.706,1792.85,551.777
38,0,42,33.2822,1825.98,564.971
39,0,43,31.6091,1849.4,577.615
40,0,44,27.8526,1903.24,592.938
41,0,45,23.5133,1966.89,609.526
42,0,46,22.9103,1975.93,621.771
43,0,47,28.1621,1895.4,641.12
44,0,48,26.5713,1920.33,654.061
45,0,49,25.4571,1938.15,666.681
46,0,50,23.5847,1968.74,680.044
47,0,51,21.9254,1996.39,693.241
48,0,52,21.303,2006.97,705.632
49,0,53,25.5542,1933.28,724.845
50,0,54,23.9011,1962.49,738.261
51,0,55,22.954,1979.54,750.984
52,0,56,21.0731,2014.02,764.931
53,0,57,19.5723,2042.04,778.37
54,0,58,19.581,2041.87,790.713
55,0,59,23.8755,1958.84,812.765
56,0,60,22.9063,1977.9,825.732
57,0,61,22.3865,1988.3,838.348
58,0,62,21.4992,2006.34,851.28
59,0,63,20.8934,2018.86,863.964
60,0,64,20.8657,2019.44,876.393
61,0,65,24.4457,1943.07,897.998
62,0,66,23.2627,1968.7,911.539
63,0,67,22.5631,1984.09,924.451
64,0,68,21.4334,2009.32,938.019
65,0,69,20.548,2029.39,951.226
66,0,70,20.4342,2032.01,963.762
67,0,71,24.3527,1940.58,990.077
68,0,72,23.6912,1956.23,1003.15
69,0,73,23.2684,1966.38,1016
70,0,74,22.8344,1976.94,1028.85
71,0,75,22.4234,1987.08,1041.69
72,0,76,22.5774,1983.23,1054.36
73,0,77,25.8978,1899.11,1079.3
74,0,78,24.8971,1924.8,1093.17
75,0,79,24.4207,1937.18,1106.21
76,0,80,23.5224,1960.84,1119.97
77,0,81,22.7258,1982.08,1133.55
78,0,82,22.7652,1981.02,1146.32
79,0,83,26.3463,1883.13,1175.77
80,0,84,25.4983,1906.6,1189.61
81,0,85,25.0794,1918.32,1202.78
82,0,86,24.7407,1927.92,1215.88
83,0,87,24.0447,1947.87,1229.51
84,0,88,24.0751,1946.99,1242.43
85,0,89,26.9656,1862.2,1268.03
86,0,90,26.3301,1881.06,1281.67
87,0,91,25.9295,1893.07,1294.96
88,0,92,25.2278,1914.36,1308.8
89,0,93,24.4562,1938.02,1322.85
90,0,94,24.2141,1945.52,1335.98
91,0,95,27.4763,1843.31,1367.35
92,0,96,26.8148,1864.26,1381.27
93,0,97,26.373,1878.4,1394.8
94,0,98,26.0754,1888.02,1408.15
95,0,99,25.5249,1906,1421.9
96,0,100,25.5865,1903.97,1435.08
97,0,101,28.4256,1809.33,1463.84
98,0,102,27.6528,1835.35,1478.26
99,0,103,27.1823,1851.35,1492
100,0,104,26.3901,1878.54,1506.58
101,0,105,25.7775,1899.78,1520.68
102,0,106,25.6035,1905.87,1534.05
103,0,107,28.3254,1809.7,1563.21
104,0,108,27.7201,1831.29,1577.41
105,0,109,27.3192,1845.72,1591.18
106,0,110,27.0413,1855.82,1604.78
107,0,111,26.6117,1871.57,1618.64
108,0,112,26.4758,1876.6,1632.09
109,0,113,28.7539,1791.55,1658.12
110,0,114,28.0512,1818.02,1672.8
111,0,115,27.4485,1840.92,1687.21
112,0,116,26.702,1869.54,1702.14
113,0,117,26.1164,1892.18,1716.56
114,0,118,25.842,1902.88,1730.27
115,0,119,28.1003,1814.05,1757.55
116,0,120,27.5073,1837.57,1772.09
117,0,121,27.1183,1853.14,1786.11
118,0,122,26.6798,1870.82,1800.26
119,0,123,26.184,1890.98,1814.59
120,0,124,26.0501,1896.47,1828.24
121,0,125,27.9916,1816.23,1853.31
122,0,126,27.3501,1842.96,1868.22
123,0,127,26.7584,1867.81,1882.99
124,0,128,26.0172,1899.18,1898.42
125,0,129,25.4013,1925.46,1913.34
126,0,130,25.1374,1936.81,1927.26
127,0,131,27.0203,1855.22,1952.87
128,0,132,26.4398,1880.56,1967.75
129,0,133,26.052,1897.63,1982.03
130,1,5,210.96,1332.24,64.5035
131,1,6,95.76,1601.04,76.8305
132,1,7,66.6,1678.8,87.8939
133,1,8,-8.43333,1903.9,101.086
134,1,9,-2.12667,1882.88,112.075
135,1,10,12.6545,1828.68,123.276
136,1,11,81.7236,1552.4,142.472
137,1,12,57.228,1658.55,155.037
138,1,13,48.0791,1701.25,166.723
139,1,14,37.7662,1752.81,177.532
140,1,15,37.1886,1755.89,188.894
141,1,16,34.0935,1773.43,200.259
142,1,17,57.0735,1635.55,216.176
143,1,18,47.5003,1696.18,228.556
144,1,19,43.8168,1720.74,240.18
145,1,20,37.1358,1767.5,252.32
146,1,21,34.8455,1784.3,263.82
147,1,22,33.9929,1790.84,275.188
148,1,23,52.1204,1645.82,295.337
149,1,24,47.0993,1687.66,307.672
150,1,25,43.7232,1716.92,319.68
151,1,26,38.8401,1760.87,332.222
152,1,27,37.1199,1776.92,343.965
153,1,28,35.4789,1792.78,355.688
154,1,29,46.7101,1680.47,374.588
155,1,30,42.2187,1726.88,387.559
156,1,31,39.5715,1755.12,399.811
157,1,32,34.3908,1812.11,413.648
158,1,33,30.8721,1851.99,426.504
159,1,34,30.0863,1861.15,438.354
160,1,35,39.2874,1750.74,458.666
161,1,36,36.6248,1783.58,471.367
162,1,37,35.083,1803.11,483.611
163,1,38,32.6552,1834.67,496.332
164,1,39,30.8967,1858.12,508.729
165,1,40,29.5658,1876.31,520.95
166,1,41,35.8894,1787.78,539.717
167,1,42,33.3415,1824.3,552.913
168,1,43,31.5879,1850.02,565.567
169,1,44,27.6616,1908.91,580.831
170,1,45,23.1378,1978.27,597.319
171,1,46,22.525,1987.87,609.579
172,1,47,28.0167,1900.01,628.831
173,1,48,26.3656,1926.98,641.773
174,1,49,25.2144,1946.16,654.4
175,1,50,23.2768,1979.1,667.749
176,1,51,21.5645,2008.78,680.933
177,1,52,20.932,2019.96,693.333
178,1,53,25.3577,1940.29,712.473
179,1,54,23.6506,1971.59,725.878
180,1,55,22.6782,1989.74,738.605
181,1,56,20.74,2026.57,752.524
182,1,57,19.1981,2056.38,765.944
183,1,58,19.2201,2055.94,778.303
184,1,59,23.6724,1966.9,800.258
185,1,60,22.6776,1987.13,813.225
186,1,61,22.1483,1998.07,825.851
187,1,62,21.24,2017.14,838.783
188,1,63,20.6233,2030.3,851.471
189,1,64,20.6031,2030.73,863.916
190,1,65,24.3014,1949.37,885.431
191,1,66,23.0869,1976.49,898.965
192,1,67,22.3717,1992.71,911.88
193,1,68,21.2144,2019.32,925.437
194,1,69,20.3097,2040.43,938.639
195,1,70,20.1994,2043.04,951.187
196,1,71,24.2349,1946.19,977.364
197,1,72,23.5583,1962.66,990.44
198,1,73,23.1275,1973.28,1003.3
199,1,74,22.6857,1984.33,1016.16
200,1,75,22.2676,1994.92,1029
201,1,76,22.4297,1990.76,1041.69
202,1,77,25.8403,1902.08,1066.5
203,1,78,24.8153,1929.07,1080.37
204,1,79,24.329,1942.04,1093.42
205,1,80,23.4105,1966.84,1107.17
206,1,81,22.5971,1989.08,1120.75
207,1,82,22.6406,1987.87,1133.53
208,1,83,26.3109,1885.1,1162.81
209,1,84,25.4435,1909.68,1176.65
210,1,85,25.0161,1921.93,1189.83
211,1,86,24.671,1931.94,1202.93
212,1,87,23.9606,1952.78,1216.57
213,1,88,23.9936,1951.8,1229.5
214,1,89,26.9509,1863.08,1254.98
215,1,90,26.3016,1882.78,1268.63
216,1,91,25.8928,1895.31,1281.92
217,1,92,25.1766,1917.51,1295.76
218,1,93,24.3896,1942.17,1309.8
219,1,94,24.1438,1949.96,1322.94
220,1,95,27.4761,1843.32,1354.14
221,1,96,26.8009,1865.16,1368.06
222,1,97,26.3502,1879.88,1381.6
223,1,98,26.047,1889.88,1394.96
224,1,99,25.486,1908.58,1408.71
225,1,100,25.5495,1906.44,1421.9
226,1,101,28.4456,1807.98,1450.52
227,1,102,27.6573,1835.04,1464.94
228,1,103,27.1775,1851.67,1478.69
229,1,104,26.3702,1879.93,1493.27
230,1,105,25.7463,1901.98,1507.36
231,1,106,25.5696,1908.28,1520.74
232,1,107,28.343,1808.43,1549.77
233,1,108,27.7262,1830.85,1563.97
234,1,109,27.3178,1845.82,1577.75
235,1,110,27.0349,1856.29,1591.36
236,1,111,26.5977,1872.61,1605.21
237,1,112,26.4595,1877.81,1618.68
238,1,113,28.7782,1789.7,1644.6
239,1,114,28.0628,1817.13,1659.29
240,1,115,27.4494,1840.85,1673.69
241,1,116,26.69,1870.46,1688.62
242,1,117,26.0946,1893.88,1703.04
243,1,118,25.816,1904.93,1716.76
244,1,119,28.1126,1813.07,1743.93
245,1,120,27.5096,1837.39,1758.47
246,1,121,27.1141,1853.48,1772.5
247,1,122,26.6685,1871.74,1786.66
248,1,123,26.1648,1892.56,1800.98
249,1,124,26.0291,1898.22,1814.64
250,1,125,28.002,1815.36,1839.63
251,1,126,27.3501,1842.95,1854.54
252,1,127,26.7491,1868.6,1869.3
253,1,128,25.9965,1900.96,1884.73
254,1,129,25.3713,1928.05,1899.65
255,1,130,25.1039,1939.73,1913.58
256,1,131,27.0159,1855.6,1939.1
257,1,132,26.4268,1881.72,1953.98
258,1,133,26.0333,1899.29,1968.26
259,2,6,156.12,1319.36,66.3779
260,2,7,97.12,1516.03,76.8021
261,2,8,-8.07143,1901.73,91.0103
262,2,9,-0.278571,1870.56,101.117
263,2,10,17.3767,1794.05,112.364
264,2,11,99.3152,1411.67,130.574
265,2,12,67.1673,1572.41,143.33
266,2,13,54.8371,1638.17,155.131
267,2,14,41.8978,1711.49,167.04
268,2,15,40.6475,1719,177.474
269,2,16,36.6786,1744.13,188.914
270,2,17,62.2079,1573.94,204.472
271,2,18,50.9044,1653.06,216.944
272,2,19,46.4334,1685.85,228.639
273,2,20,38.7737,1744.57,240.837
274,2,21,36.0905,1766.04,252.393
275,2,22,35.0382,1774.81,263.811
276,2,23,54.7186,1604.25,283.503
277,2,24,49.035,1655.4,295.901
278,2,25,45.2163,1691.04,307.962
279,2,26,39.8231,1743.17,320.543
280,2,27,37.8949,1762.45,332.328
281,2,28,36.075,1781.26,344.091
282,2,29,48.0658,1653.36,362.7
283,2,30,43.1711,1707.2,375.706
284,2,31,40.284,1739.92,387.993
285,2,32,34.7231,1804.8,401.822
286,2,33,30.9636,1849.91,414.685
287,2,34,30.1247,1860.26,426.564
288,2,35,39.8648,1736.88,446.632
289,2,36,37.0171,1773.9,459.356
290,2,37,35.3678,1795.89,471.626
291,2,38,32.7934,1831.08,484.36
292,2,39,30.935,1857.1,496.774
293,2,40,29.5339,1877.18,509.014
294,2,41,36.1753,1779.77,527.625
295,2,42,33.4892,1820.06,540.827
296,2,43,31.645,1848.34,553.495
297,2,44,27.5334,1912.75,568.706
298,2,45,22.8099,1988.33,585.102
299,2,46,22.1844,1998.55,597.377
300,2,47,27.9296,1902.79,616.525
301,2,48,26.212,1931.99,629.47
302,2,49,25.0192,1952.67,642.107
303,2,50,23.0105,1988.16,655.444
304,2,51,21.2404,2020.02,668.618
305,2,52,20.5958,2031.84,681.029
306,2,53,25.2046,1945.8,700.089
307,2,54,23.4389,1979.35,713.485
308,2,55,22.4383,1998.7,726.217
309,2,56,20.4383,2038.03,740.111
310,2,57,18.8522,2069.75,753.515
311,2,58,18.8871,2069.04,765.891
312,2,59,23.5044,1973.62,787.741
313,2,60,22.4816,1995.1,800.712
314,2,61,21.9411,2006.63,813.348
315,2,62,21.0099,2026.8,826.281
316,2,63,20.3807,2040.65,838.976
317,2,64,20.3676,2040.94,851.436
318,2,65,24.1888,1954.33,872.856
319,2,66,22.9404,1983.04,886.383
320,2,67,22.2079,2000.13,899.303
321,2,68,21.021,2028.22,912.851
322,2,69,20.0953,2050.44,926.049
323,2,70,19.9881,2053.05,938.611
324,2,71,24.1449,1950.51,964.641
325,2,72,23.4518,1967.84,977.723
326,2,73,23.012,1978.98,990.588
327,2,74,22.5612,1990.55,1003.46
328,2,75,22.1352,2001.63,1016.31
329,2,76,22.3052,1997.15,1029.02
330,2,77,25.8088,1903.72,1053.69
331,2,78,24.758,1932.09,1067.56
332,2,79,24.2607,1945.69,1080.62
333,2,80,23.3207,1971.69,1094.36
334,2,81,22.4891,1994.98,1107.94
335,2,82,22.5364,1993.64,1120.74
336,2,83,26.2988,1885.78,1149.85
337,2,84,25.4108,1911.53,1163.68
338,2,85,24.9739,1924.35,1176.87
339,2,86,24.6217,1934.8,1189.98
340,2,87,23.8959,1956.57,1203.62
341,2,88,23.9312,1955.5,1216.56
342,2,89,26.9571,1862.71,1241.92
343,2,90,26.2931,1883.29,1255.57
344,2,91,25.8754,1896.38,1268.87
345,2,92,25.1439,1919.54,1282.71
346,2,93,24.3404,1945.25,1296.75
347,2,94,24.0904,1953.34,1309.9
348,2,95,27.4948,1842.13,1340.93
349,2,96,26.8049,1864.89,1354.85
350,2,97,26.3448,1880.23,1368.39
351,2,98,26.0355,1890.65,1381.76
352,2,99,25.4632,1910.1,1395.52
353,2,100,25.5285,1907.86,1408.72
354,2,101,28.4829,1805.44,1437.19
355,2,102,27.6783,1833.6,1451.62
356,2,103,27.1887,1850.9,1465.37
357,2,104,26.3655,1880.26,1479.94
358,2,105,25.7296,1903.15,1494.04
359,2,106,25.55,1909.68,1507.43
360,2,107,28.3761,1806.06,1536.32
361,2,108,27.747,1829.33,1550.52
362,2,109,27.3308,1844.87,1564.31
363,2,110,27.0424,1855.73,1577.92
364,2,111,26.5971,1872.66,1591.78
365,2,112,26.4565,1878.05,1605.26
366,2,113,28.8166,1786.79,1631.07
367,2,114,28.0878,1815.21,1645.76
368,2,115,27.4633,1839.78,1660.17
369,2,116,26.6904,1870.43,1675.1
370,2,117,26.0847,1894.66,1689.51
371,2,118,25.8015,1906.08,1703.24
372,2,119,28.1373,1811.09,1730.3
373,2,120,27.5237,1836.25,1744.85
374,2,121,27.1214,1852.88,1758.88
375,2,122,26.6683,1871.76,1773.04
376,2,123,26.1564,1893.26,1787.37
377,2,124,26.0186,1899.09,1801.04
378,2,125,28.0235,1813.55,1825.94
379,2,126,27.3608,1842.05,1840.85
380,2,127,26.7501,1868.51,1855.61
381,2,128,25.9856,1901.89,1871.03
382,2,129,25.3508,1929.82,1885.95
383,2,130,25.0796,1941.85,1899.88
384,2,131,27.0215,1855.11,1925.32
385,2,132,26.4232,1882.03,1940.2
386,2,133,26.0239,1900.14,1954.49
387,3,7,63.02,1709.26,66.7408
388,3,8,-65.8686,2267.78,79.0345
389,3,9,-39.3357,2143.96,90.3233
390,3,10,-7.50238,1984.79,100.853
391,3,11,98.1733,1421.19,118.964
392,3,12,59.8242,1638.5,131.652
393,3,13,46.5873,1717.92,143.467
394,3,14,32.8664,1804.82,155.341
395,3,15,32.8132,1805.17,166.829
396,3,16,29.3965,1829.09,177.284
397,3,17,59.3007,1609.79,192.865
398,3,18,46.9476,1704.5,205.279
399,3,19,42.4162,1740.75,216.98
400,3,20,34.3517,1807.96,229.113
401,3,21,31.8516,1829.62,240.671
402,3,22,31.1179,1836.23,252.11
403,3,23,53.046,1631.56,271.727
404,3,24,46.9977,1690.03,284.1
405,3,25,43.0241,1729.77,296.153
406,3,26,37.3642,1788.25,308.677
407,3,27,35.4785,1808.37,320.464
408,3,28,33.7044,1827.88,332.225
409,3,29,46.7591,1679.93,350.8
410,3,30,41.6081,1740.02,363.754
411,3,31,38.6297,1775.76,376.022
412,3,32,32.8083,1847.56,389.745
413,3,33,28.9298,1896.69,402.542
414,3,34,28.1656,1906.62,414.426
415,3,35,38.6147,1767.3,434.481
416,3,36,35.673,1807.51,447.176
417,3,37,34.0063,1830.84,459.441
418,3,38,31.3645,1868.7,472.138
419,3,39,29.4829,1896.3,484.529
420,3,40,28.0845,1917.28,496.754
421,3,41,35.1409,1809.08,515.376
422,3,42,32.3721,1852.46,528.534
423,3,43,30.4924,1882.53,541.177
424,3,44,26.2399,1951.99,556.268
425,3,45,21.3569,2033.37,572.505
426,3,46,20.769,2043.37,584.778
427,3,47,26.8325,1938.27,603.967
428,3,48,25.0879,1969.09,616.884
429,3,49,23.8922,1990.61,629.506
430,3,50,21.8467,2028.11,642.795
431,3,51,20.0519,2061.62,655.925
432,3,52,19.429,2073.45,668.329
433,3,53,24.2643,1979.97,687.432
434,3,54,22.4669,2015.32,700.788
435,3,55,21.4652,2035.35,713.504
436,3,56,19.4272,2076.79,727.339
437,3,57,17.8202,2110,740.697
438,3,58,17.8932,2108.47,753.084
439,3,59,22.7074,2005.77,774.962
440,3,60,21.6767,2028.1,787.916
441,3,61,21.1453,2039.79,800.549
442,3,62,20.2095,2060.69,813.464
443,3,63,19.5859,2074.82,826.15
444,3,64,19.598,2074.54,838.62
445,3,65,23.565,1981.98,860.052
446,3,66,22.2971,2011.99,873.551
447,3,67,21.5618,2029.63,886.46
448,3,68,20.3585,2058.91,899.976
449,3,69,19.425,2081.94,913.152
450,3,70,19.3344,2084.21,925.72
451,3,71,23.6306,1975.37,951.725
452,3,72,22.9323,1993.29,964.799
453,3,73,22.4948,2004.67,977.664
454,3,74,22.0459,2016.49,990.534
455,3,75,21.6223,2027.78,1003.39
456,3,76,21.8108,2022.7,1016.1
457,3,77,25.421,1924.02,1040.74
458,3,78,24.3528,1953.57,1054.59
459,3,79,23.853,1967.56,1067.64
460,3,80,22.8994,1994.58,1081.37
461,3,81,22.0574,2018.72,1094.93
462,3,82,22.1167,2017,1107.74
463,3,83,25.9824,1903.61,1136.76
464,3,84,25.0804,1930.37,1150.59
465,3,85,24.641,1943.55,1163.78
466,3,86,24.2883,1954.25,1176.89
467,3,87,23.5533,1976.79,1190.51
468,3,88,23.5973,1975.42,1203.47
469,3,89,26.7005,1878.19,1228.76
470,3,90,26.0272,1899.51,1242.41
471,3,91,25.6061,1912.99,1255.71
472,3,92,24.8643,1936.97,1269.54
473,3,93,24.0493,1963.59,1283.57
474,3,94,23.8002,1971.81,1296.72
475,3,95,27.2841,1855.68,1327.64
476,3,96,26.584,1879.25,1341.55
477,3,97,26.1188,1895.07,1355.1
478,3,98,25.8078,1905.75,1368.46
479,3,99,25.2284,1925.83,1382.22
480,3,100,25.2998,1923.33,1395.43
481,3,101,28.3185,1816.67,1423.81
482,3,102,27.5011,1845.83,1438.23
483,3,103,27.0053,1863.68,1451.98
484,3,104,26.1695,1894.04,1466.54
485,3,105,25.5252,1917.67,1480.63
486,3,106,25.346,1924.3,1494.02
487,3,107,28.2298,1816.64,1522.82
488,3,108,27.5917,1840.67,1537.01
489,3,109,27.1705,1856.68,1550.81
490,3,110,26.8798,1867.82,1564.42
491,3,111,26.4292,1885.24,1578.29
492,3,112,26.2891,1890.71,1591.77
493,3,113,28.6948,1796.08,1617.51
494,3,114,27.9552,1825.42,1632.19
495,3,115,27.3219,1850.75,1646.59
496,3,116,26.538,1882.37,1661.51
497,3,117,25.9245,1907.32,1675.92
498,3,118,25.6391,1919.02,1689.65
499,3,119,28.0176,1820.71,1716.64
500,3,120,27.3957,1846.62,1731.17
501,3,121,26.9887,1863.72,1745.21
502,3,122,26.5303,1883.12,1759.37
503,3,123,26.0122,1905.23,1773.69
504,3,124,25.8745,1911.15,1787.36
505,3,125,27.9143,1822.76,1812.21
506,3,126,27.2427,1852.08,1827.11
507,3,127,26.6241,1879.3,1841.87
508,3,128,25.8495,1913.64,1857.27
509,3,129,25.2069,1942.35,1872.18
510,3,130,24.9336,1954.64,1886.11
511,3,131,26.9079,1865.14,1911.5
512,3,132,26.3022,1892.8,1926.37
513,3,133,25.8986,1911.37,1940.66
514,4,8,-202.24,3176.92,66.4317
515,4,9,-121.406,2745.8,77.3674
516,4,10,-57.0286,2381,89.5753
517,4,11,87.4476,1514.14,107.198
518,4,12,42.96,1795.9,119.755
519,4,13,30.4485,1879.31,131.562
520,4,14,17.1673,1972.28,143.372
521,4,15,19.7217,1953.54,154.919
522,4,16,17.7934,1968.33,166.382
523,4,17,53.6273,1681.66,181.115
524,4,18,40.3836,1792.02,193.445
525,4,19,36.1062,1829.09,205.143
526,4,20,27.8353,1903.53,217.19
527,4,21,25.7814,1922.7,228.743
528,4,22,25.6095,1924.36,240.202
529,4,23,50.2812,1677.64,259.851
530,4,24,43.9203,1743.37,272.187
531,4,25,39.8652,1786.63,284.222
532,4,26,33.9877,1851.28,296.677
533,4,27,32.2263,1871.24,308.461
534,4,28,30.5705,1890.56,320.215
535,4,29,44.8704,1718.96,338.813
536,4,30,39.4778,1785.47,351.704
537,4,31,36.4388,1823.96,363.949
538,4,32,30.367,1902.9,377.553
539,4,33,26.3927,1955.89,390.278
540,4,34,25.7429,1964.77,402.164
541,4,35,36.9965,1807.22,422.25
542,4,36,33.9746,1850.53,434.913
543,4,37,32.3098,1874.95,447.168
544,4,38,29.6139,1915.39,459.823
545,4,39,27.7251,1944.35,472.188
546,4,40,26.346,1965.95,484.395
547,4,41,33.8653,1845.65,503.056
548,4,42,31.02,1892.12,516.165
549,4,43,29.1139,1923.89,528.779
550,4,44,24.7213,1998.56,543.745
551,4,45,19.678,2085.98,559.819
552,4,46,19.1409,2095.47,572.088
553,4,47,25.554,1980.03,591.34
554,4,48,23.7887,2012.4,604.227
555,4,49,22.5974,2034.63,616.832
556,4,50,20.52,2074.1,630.071
557,4,51,18.7057,2109.18,643.153
558,4,52,18.1123,2120.85,655.55
559,4,53,23.1937,2019.22,674.714
560,4,54,21.3678,2056.35,688.027
561,4,55,20.3698,2076.97,700.725
562,4,56,18.2963,2120.52,714.498
563,4,57,16.6716,2155.18,727.808
564,4,58,16.789,2152.63,740.207
565,4,59,21.8146,2042.07,762.131
566,4,60,20.7791,2065.2,775.066
567,4,61,20.2603,2076.96,787.696
568,4,62,19.3228,2098.52,800.592
569,4,63,18.708,2112.87,813.268
570,4,64,18.7493,2111.89,825.748
571,4,65,22.8716,2012.95,847.203
572,4,66,21.5854,2044.25,860.672
573,4,67,20.8495,2062.4,873.571
574,4,68,19.631,2092.86,887.054
575,4,69,18.6913,2116.67,900.206
576,4,70,18.6198,2118.51,912.781
577,4,71,23.0634,2002.97,938.772
578,4,72,22.3614,2021.46,951.839
579,4,73,21.9277,2033.02,964.702
580,4,74,21.4821,2045.06,977.57
581,4,75,21.0624,2056.53,990.419
582,4,76,21.2714,2050.75,1003.15
583,4,77,24.9937,1946.52,1027.76
584,4,78,23.9084,1977.27,1041.58
585,4,79,23.4072,1991.64,1054.63
586,4,80,22.4404,2019.68,1068.34
587,4,81,21.5886,2044.66,1081.88
588,4,82,21.6612,2042.51,1094.7
589,4,83,25.6349,1923.3,1123.65
590,4,84,24.7193,1951.07,1137.47
591,4,85,24.278,1964.6,1150.65
592,4,86,23.9255,1975.53,1163.77
593,4,87,23.1816,1998.84,1177.38
594,4,88,23.2355,1997.13,1190.35
595,4,89,26.4192,1895.25,1215.59
596,4,90,25.7369,1917.31,1229.22
597,4,91,25.3128,1931.17,1242.53
598,4,92,24.561,1955.98,1256.34
599,4,93,23.7346,1983.52,1270.36
600,4,94,23.487,1991.86,1283.51
601,4,95,27.0533,1870.61,1314.33
602,4,96,26.3432,1894.99,1328.24
603,4,97,25.8732,1911.28,1341.78
604,4,98,25.5608,1922.21,1355.15
605,4,99,24.9745,1942.93,1368.9
606,4,100,25.0526,1940.14,1382.12
607,4,101,28.138,1829.07,1410.41
608,4,102,27.3077,1859.24,1424.82
609,4,103,26.8059,1877.64,1438.57
610,4,104,25.9575,1909.03,1453.11
611,4,105,25.3046,1933.4,1467.2
612,4,106,25.1262,1940.12,1480.6
613,4,107,28.0697,1828.27,1509.3
614,4,108,27.4225,1853.08,1523.49
615,4,109,26.9966,1869.55,1537.29
616,4,110,26.7037,1880.97,1550.91
617,4,111,26.2481,1898.89,1564.77
618,4,112,26.1087,1904.42,1578.26
619,4,113,28.5614,1806.31,1603.93
620,4,114,27.8109,1836.58,1618.6
621,4,115,27.1689,1862.69,1633
622,4,116,26.3738,1895.29,1647.9
623,4,117,25.7524,1920.98,1662.31
624,4,118,25.4651,1932.95,1676.04
625,4,119,27.8876,1831.2,1702.96
626,4,120,27.2572,1857.89,1717.49
627,4,121,26.8457,1875.44,1731.52
628,4,122,26.382,1895.38,1745.68
629,4,123,25.8577,1918.1,1760
630,4,124,25.7203,1924.1,1773.68
631,4,125,27.7961,1832.77,1798.47
632,4,126,27.1155,1862.94,1813.36
633,4,127,26.489,1890.92,1828.11
634,4,128,25.7041,1926.24,1843.5
635,4,129,25.0536,1955.73,1858.4
636,4,130,24.7785,1968.3,1872.33
637,4,131,26.786,1875.95,1897.67
638,4,132,26.1728,1904.36,1912.53
639,4,133,25.765,1923.4,1926.81
640,5,9,-220.88,3508.44,65.8605
641,5,10,-101.886,2754.81,78.011
642,5,11,96.6857,1431,96.3404
643,5,12,38.7667,1836.43,107.94
644,5,13,24.4067,1941.74,119.831
645,5,14,9.67758,2054.66,131.688
646,5,15,14.0582,2019.62,143.33
647,5,16,12.7524,2030.5,154.865
648,5,17,54.8747,1665.44,170.423
649,5,18,39.5609,1803.26,181.778
650,5,19,34.8229,1847.49,193.531
651,5,20,25.6785,1935.88,205.588
652,5,21,23.6368,1956.3,217.187
653,5,22,23.684,1955.81,228.698
654,5,23,51.1554,1662.78,248.025
655,5,24,44.071,1740.71,260.392
656,5,25,39.6153,1791.21,272.46
657,5,26,33.2263,1865.75,284.918
658,5,27,31.3779,1887.93,296.736
659,5,28,29.6548,1909.18,308.52
660,5,29,45.172,1712.63,326.913
661,5,30,39.3413,1788.43,339.807
662,5,31,36.0873,1831.81,352.07
663,5,32,29.607,1920.38,365.629
664,5,33,25.411,1979.12,378.335
665,5,34,24.7833,1988.12,390.247
666,5,35,36.8248,1811.51,410.162
667,5,36,33.6248,1859.51,422.832
668,5,37,31.8803,1886.26,435.105
669,5,38,29.0512,1930.58,447.759
670,5,39,27.0865,1962.02,460.129
671,5,40,25.6663,1985.21,472.347
672,5,41,33.6288,1852.51,490.903
673,5,42,30.6461,1903.21,504.003
674,5,43,28.6615,1937.61,516.62
675,5,44,24.0718,2018.69,531.509
676,5,45,18.8143,2113.33,547.465
677,5,46,18.2927,2122.89,559.749
678,5,47,25.0435,1996.88,578.94
679,5,48,23.2212,2031.5,591.822
680,5,49,22.0022,2055.07,604.431
681,5,50,19.8604,2097.19,617.648
682,5,51,17.9969,2134.46,630.712
683,5,52,17.4084,2146.43,643.117
684,5,53,22.7259,2036.53,662.236
685,5,54,20.8456,2076.02,675.532
686,5,55,19.829,2097.71,688.232
687,5,56,17.6965,2143.91,701.97
688,5,57,16.0332,2180.5,715.257
689,5,58,16.1786,2177.26,727.675
690,5,59,21.4091,2058.7,749.528
691,5,60,20.3511,2083.03,762.462
692,5,61,19.8291,2095.21,775.1
693,5,62,18.8742,2117.81,787.993
694,5,63,18.2537,2132.7,800.673
695,5,64,18.3115,2131.3,813.169
696,5,65,22.5833,2025.93,834.555
697,5,66,21.265,2058.88,848.013
698,5,67,20.5158,2077.86,860.913
699,5,68,19.2697,2109.84,874.383
700,5,69,18.3122,2134.74,887.528
701,5,70,18.25,2136.38,900.115
702,5,71,22.8373,2014.05,925.987
703,5,72,22.1213,2033.38,939.057
704,5,73,21.682,2045.39,951.928
705,5,74,21.2306,2057.88,964.803
706,5,75,20.8063,2069.76,977.659
707,5,76,21.0281,2063.47,990.406
708,5,77,24.8591,1953.65,1014.9
709,5,78,23.7481,1985.87,1028.72
710,5,79,23.2378,2000.84,1041.78
711,5,80,22.25,2030.15,1055.48
712,5,81,21.3811,2056.21,1069.01
713,5,82,21.4609,2053.79,1081.85
714,5,83,25.5403,1928.69,1110.64
715,5,84,24.6041,1957.71,1124.45
716,5,85,24.1547,1971.79,1137.65
717,5,86,23.7967,1983.13,1150.77
718,5,87,23.038,2007.41,1164.38
719,5,88,23.0965,2005.52,1177.36
720,5,89,26.3584,1898.96,1202.49
721,5,90,25.6617,1921.95,1216.13
722,5,91,25.2296,1936.36,1229.44
723,5,92,24.4625,1962.18,1243.26
724,5,93,23.6198,1990.83,1257.26
725,5,94,23.3692,1999.44,1270.43
726,5,95,27.0166,1873,1301.08
727,5,96,26.2917,1898.37,1314.99
728,5,97,25.8128,1915.29,1328.54
729,5,98,25.495,1926.62,1341.92
730,5,99,24.8977,1948.12,1355.67
731,5,100,24.9791,1945.17,1368.9
732,5,101,28.1296,1829.65,1397.06
733,5,102,27.2825,1860.99,1411.46
734,5,103,26.7711,1880.09,1425.22
735,5,104,25.9064,1912.65,1439.76
736,5,105,25.2417,1937.92,1453.84
737,5,106,25.061,1944.84,1467.25
738,5,107,28.0629,1828.77,1495.82
739,5,108,27.4034,1854.49,1510.02
740,5,109,26.9697,1871.55,1523.82
741,5,110,26.6718,1883.36,1537.45
742,5,111,26.2083,1901.9,1551.31
743,5,112,26.0671,1907.6,1564.81
744,5,113,28.5655,1805.99,1590.39
745,5,114,27.8013,1837.33,1605.05
746,5,115,27.1479,1864.34,1619.45
747,5,116,26.3389,1898.04,1634.35
748,5,117,25.7071,1924.58,1648.75
749,5,118,25.4156,1936.92,1662.49
750,5,119,27.8811,1831.73,1689.31
751,5,120,27.24,1859.29,1703.84
752,5,121,26.8217,1877.42,1717.88
753,5,122,26.3506,1897.99,1732.04
754,5,123,25.818,1921.42,1746.36
755,5,124,25.679,1927.59,1760.04
756,5,125,27.7897,1833.31,1784.76
757,5,126,27.0981,1864.43,1799.65
758,5,127,26.4617,1893.28,1814.39
759,5,128,25.6646,1929.68,1829.78
760,5,129,25.0043,1960.05,1844.67
761,5,130,24.7256,1972.97,1858.61
762,5,131,26.7655,1877.77,1883.87
763,5,132,26.1431,1907.03,1898.73
764,5,133,25.7294,1926.61,1913.02
765,6,10,60.54,1347.12,62.96
766,6,11,271.16,-197.427,80.152
767,6,12,146.843,755.671,94.344
768,6,13,101.874,1115.42,105.513
769,6,14,66.6567,1408.9,117.675
770,6,15,60.5176,1462.11,129.175
771,6,16,50.5273,1552.02,140.69
772,6,17,93.3741,1152.11,155.578
773,6,18,69.7813,1380.18,168.441
774,6,19,60.0492,1477.5,179.294
775,6,20,46.3221,1619.35,191.649
776,6,21,41.4447,1671.37,203.274
777,6,22,39.4025,1693.84,214.733
778,6,23,68.1798,1367.69,233.643
779,6,24,58.5575,1479.95,246.261
780,6,25,52.2077,1556.15,258.471
781,6,26,44.0109,1657.24,271.171
782,6,27,41.014,1695.21,283.035
783,6,28,38.3032,1730.45,294.864
784,6,29,54.3928,1515.92,312.889
785,6,30,47.358,1612.06,326.027
786,6,31,43.237,1669.75,338.41
787,6,32,35.747,1777.11,352.241
788,6,33,30.8128,1849.48,365.104
789,6,34,29.7693,1865.13,377.034
790,6,35,42.2812,1673.28,396.6
791,6,36,38.5227,1732.17,409.387
792,6,37,36.363,1766.72,421.722
793,6,38,33.0907,1820.17,434.484
794,6,39,30.7729,1858.8,446.929
795,6,40,29.0609,1887.9,459.201
796,6,41,37.2771,1745.49,477.481
797,6,42,33.936,1804.51,490.699
798,6,43,31.6738,1845.23,503.394
799,6,44,26.6943,1936.52,518.451
800,6,45,21.0427,2042.02,534.56
801,6,46,20.387,2054.48,546.868
802,6,47,27.3595,1919.68,565.811
803,6,48,25.3447,1959.3,578.755
804,6,49,23.9738,1986.72,591.408
805,6,50,21.6492,2033.99,604.695
806,6,51,19.6269,2075.78,617.818
807,6,52,18.944,2090.12,630.25
808,6,53,24.4191,1973.32,649.156
809,6,54,22.3929,2017.22,662.514
810,6,55,21.2738,2041.84,675.252
811,6,56,19.001,2092.6,689.053
812,6,57,17.2235,2132.89,702.39
813,6,58,17.3295,2130.45,714.815
814,6,59,22.7111,2004.88,736.432
815,6,60,21.5673,2031.95,749.405
816,6,61,20.9832,2045.97,762.068
817,6,62,19.9543,2071.01,774.997
818,6,63,19.2752,2087.76,787.704
819,6,64,19.3003,2087.13,800.208
820,6,65,23.6815,1976.14,821.39
821,6,66,22.284,2012.01,834.893
822,6,67,21.4778,2032.97,847.824
823,6,68,20.1616,2067.63,861.335
824,6,69,19.1463,2094.71,874.515
825,6,70,19.0565,2097.13,887.114
826,6,71,23.7584,1968.61,912.738
827,6,72,22.9935,1989.77,925.836
828,6,73,22.5156,2003.15,938.729
829,6,74,22.027,2017,951.626
830,6,75,21.5678,2030.16,964.503
831,6,76,21.7744,2024.17,977.25
832,6,77,25.6911,1909.28,1001.54
833,6,78,24.5269,1943.82,1015.39
834,6,79,23.9818,1960.17,1028.47
835,6,80,22.9477,1991.54,1042.21
836,6,81,22.0376,2019.45,1055.78
837,6,82,22.1024,2017.44,1068.61
838,6,83,26.2699,1886.86,1097.17
839,6,84,25.2916,1917.84,1111.01
840,6,85,24.8138,1933.13,1124.23
841,6,86,24.4307,1945.52,1137.37
842,6,87,23.638,1971.41,1151.01
843,6,88,23.6834,1969.91,1163.99
844,6,89,27.009,1859.06,1188.93
845,6,90,26.2806,1883.58,1202.6
846,6,91,25.8241,1899.1,1215.93
847,6,92,25.0257,1926.51,1229.78
848,6,93,24.1511,1956.83,1243.81
849,6,94,23.8829,1966.22,1256.99
850,6,95,27.5999,1834.89,1287.41
851,6,96,26.8463,1861.76,1301.35
852,6,97,26.3449,1879.82,1314.92
853,6,98,26.0088,1892.03,1328.31
854,6,99,25.3879,1914.79,1342.09
855,6,100,25.4607,1912.1,1355.32
856,6,101,28.6667,1792.41,1383.29
857,6,102,27.7912,1825.39,1397.72
858,6,103,27.2589,1845.61,1411.5
859,6,104,26.3669,1879.81,1426.06
860,6,105,25.6796,1906.38,1440.17
861,6,106,25.4867,1913.9,1453.59
862,6,107,28.5392,1793.84,1481.98
863,6,108,27.8576,1820.88,1496.2
864,6,109,27.4068,1838.91,1510.01
865,6,110,27.0949,1851.49,1523.66
866,6,111,26.6146,1871.02,1537.54
867,6,112,26.4632,1877.23,1551.04
868,6,113,29.0006,1772.35,1576.48
869,6,114,28.2144,1805.11,1591.17
870,6,115,27.5416,1833.37,1605.59
871,6,116,26.711,1868.53,1620.51
872,6,117,26.0612,1896.25,1634.93
873,6,118,25.7583,1909.28,1648.68
874,6,119,28.261,1800.83,1675.35
875,6,120,27.6021,1829.6,1689.9
876,6,121,27.1704,1848.59,1703.96
877,6,122,26.6853,1870.1,1718.13
878,6,123,26.138,1894.55,1732.47
879,6,124,25.9912,1901.15,1746.16
880,6,125,28.132,1804.1,1770.76
881,6,126,27.4232,1836.47,1785.67
882,6,127,26.7711,1866.47,1800.43
883,6,128,25.956,1904.23,1815.83
884,6,129,25.2804,1935.76,1830.74
885,6,130,24.9927,1949.28,1844.69
886,6,131,27.0609,1851.39,1869.83
887,6,132,26.4239,1881.75,1884.71
888,6,133,25.9994,1902.13,1899.01
889,7,11,379.78,-1247.42,68.6083
890,7,12,177.817,435.604,82.5202
891,7,13,111.15,1013.39,94.8616
892,7,14,64.8095,1430.45,106.097
893,7,15,57.7167,1496.65,117.699
894,7,16,46.2885,1607.12,129.284
895,7,17,97.6964,1093.04,143.958
896,7,18,69.451,1384.91,156.829
897,7,19,58.2725,1504.15,168.727
898,7,20,42.8382,1673.93,180.054
899,7,21,37.775,1731.31,191.709
900,7,22,35.9362,1752.76,203.211
901,7,23,68.5069,1361.91,221.856
902,7,24,57.7792,1494.22,234.478
903,7,25,50.8428,1582.08,246.701
904,7,26,41.9629,1697.52,259.366
905,7,27,38.8756,1738.69,271.249
906,7,28,36.1127,1776.45,283.091
907,7,29,53.7919,1528.94,300.99
908,7,30,46.221,1637.45,314.094
909,7,31,41.8612,1701.4,326.473
910,7,32,33.9009,1820.8,340.212
911,7,33,28.738,1899.97,353.024
912,7,34,27.7681,1915.16,364.97
913,7,35,41.2809,1698.96,384.455
914,7,36,37.3385,1763.35,397.226
915,7,37,35.1159,1800.39,409.564
916,7,38,31.717,1858.17,422.301
917,7,39,29.342,1899.34,434.734
918,7,40,27.6135,1929.88,447.001
919,7,41,36.3819,1772.05,465.248
920,7,42,32.9049,1835.79,478.433
921,7,43,30.5762,1879.26,491.113
922,7,44,25.3923,1977.75,506.059
923,7,45,19.5177,2091.33,522.017
924,7,46,18.9055,2103.37,534.33
925,7,47,26.2904,1955.67,553.28
926,7,48,24.2305,1997.56,566.205
927,7,49,22.8477,2026.13,578.85
928,7,50,20.4686,2076.1,592.098
929,7,51,18.4089,2120.04,605.186
930,7,52,17.7492,2134.33,617.618
931,7,53,23.5082,2007.63,636.538
932,7,54,21.4355,2053.92,649.863
933,7,55,20.3098,2079.44,662.592
934,7,56,17.9847,2132.92,676.342
935,7,57,16.1773,2175.09,689.641
936,7,58,16.3276,2171.53,702.082
937,7,59,21.9501,2036.59,723.693
938,7,60,20.7921,2064.77,736.655
939,7,61,20.215,2079,749.32
940,7,62,19.1767,2104.96,762.237
941,7,63,18.5011,2122.08,774.941
942,7,64,18.5538,2120.72,787.459
943,7,65,23.1088,2002.29,808.622
944,7,66,21.6838,2039.82,822.104
945,7,67,20.8708,2061.5,835.029
946,7,68,19.5318,2097.65,848.515
947,7,69,18.5042,2125.74,861.678
948,7,70,18.4317,2127.74,874.287
949,7,71,23.2975,1991.5,899.849
950,7,72,22.5234,2013.44,912.945
951,7,73,22.0453,2027.14,925.841
952,7,74,21.5561,2041.33,938.74
953,7,75,21.0972,2054.79,951.619
954,7,76,21.3232,2048.08,964.381
955,7,77,25.3629,1926.89,988.603
956,7,78,24.1755,1962.91,1002.44
957,7,79,23.6251,1979.79,1015.53
958,7,80,22.5727,2012.41,1029.24
959,7,81,21.6483,2041.38,1042.8
960,7,82,21.7251,2038.95,1055.65
961,7,83,26.0107,1901.81,1084.09
962,7,84,25.0139,1934.04,1097.93
963,7,85,24.531,1949.81,1111.15
964,7,86,24.1454,1962.54,1124.29
965,7,87,23.3401,1989.38,1137.92
966,7,88,23.394,1987.57,1150.92
967,7,89,26.8067,1871.53,1175.78
968,7,90,26.0658,1896.97,1189.45
969,7,91,25.6035,1913,1202.78
970,7,92,24.7917,1941.41,1216.62
971,7,93,23.9023,1972.83,1230.64
972,7,94,23.6337,1982.42,1243.82
973,7,95,27.4398,1845.4,1274.12
974,7,96,26.6731,1873.25,1288.05
975,7,97,26.1644,1891.9,1301.62
976,7,98,25.825,1904.46,1315.02
977,7,99,25.1947,1927.99,1328.8
978,7,100,25.2731,1925.04,1342.04
979,7,101,28.5506,1800.5,1369.9
980,7,102,27.6592,1834.67,1384.32
981,7,103,27.1187,1855.57,1398.1
982,7,104,26.2114,1890.95,1412.66
983,7,105,25.5134,1918.41,1426.76
984,7,106,25.3199,1926.08,1440.18
985,7,107,28.4361,1801.43,1468.47
986,7,108,27.7432,1829.38,1482.68
987,7,109,27.2859,1847.98,1496.5
988,7,110,26.9703,1860.92,1510.15
989,7,111,26.4833,1881.05,1524.04
990,7,112,26.3315,1887.37,1537.55
991,7,113,28.9188,1778.71,1562.9
992,7,114,28.1195,1812.54,1577.59
993,7,115,27.4361,1841.7,1592
994,7,116,26.5923,1877.98,1606.91
995,7,117,25.933,1906.55,1621.33
996,7,118,25.6269,1919.92,1635.08
997,7,119,28.1762,1807.75,1661.67
998,7,120,27.5073,1837.41,1676.22
999,7,121,27.0697,1856.95,1690.28
1000,7,122,26.5779,1879.08,1704.45
1001,7,123,26.0231,1904.23,1718.79
1002,7,124,25.8759,1910.96,1732.49
1003,7,125,28.0545,1810.74,1757.02
1004,7,126,27.3352,1844.06,1771.92
1005,7,127,26.6738,1874.93,1786.68
1006,7,128,25.8469,1913.8,1802.06
1007,7,129,25.1621,1946.21,1816.97
1008,7,130,24.8717,1960.05,1830.92
1009,7,131,26.9749,1859.1,1856
1010,7,132,26.3292,1890.31,1870.87
1011,7,133,25.8995,1911.22,1885.17
1012,8,12,273.48,-584.8,71.1352
1013,8,13,152.703,542.453,82.8763
1014,8,14,81.25,1233.16,95.3294
1015,8,15,68.2738,1362.93,106.069
1016,8,16,51.96,1531.5,117.778
1017,8,17,112.515,885.581,132.061
1018,8,18,76.44,1282.41,145.065
1019,8,19,62.2336,1443.41,157.06
1020,8,20,43.8154,1658.29,169.439
1021,8,21,37.8892,1729.41,180.161
1022,8,22,35.79,1755.3,191.729
1023,8,23,72.4503,1290.93,209.929
1024,8,24,59.9966,1452.83,222.613
1025,8,25,52.0431,1558.88,234.888
1026,8,26,42.1021,1694.74,247.572
1027,8,27,38.6922,1742.48,259.498
1028,8,28,35.6836,1785.6,271.379
1029,8,29,55.009,1502.16,289.031
1030,8,30,46.6739,1627.19,302.149
1031,8,31,41.9131,1700.19,314.554
1032,8,32,33.3118,1834.94,328.252
1033,8,33,27.7971,1923.18,341.05
1034,8,34,26.825,1939.05,353.026
1035,8,35,41.3704,1696.63,372.318
1036,8,36,37.15,1768.38,385.1
1037,8,37,34.7917,1809.25,397.46
1038,8,38,31.1945,1872.8,410.198
1039,8,39,28.7037,1917.64,422.639
1040,8,40,26.9091,1950.54,434.92
1041,8,41,36.2347,1776.46,453.053
1042,8,42,32.5675,1846.14,466.231
1043,8,43,30.1281,1893.3,478.915
1044,8,44,24.6883,2000.28,493.785
1045,8,45,18.5415,2123.22,509.625
1046,8,46,17.9479,2135.29,521.954
1047,8,47,25.75,1974.05,540.838
1048,8,48,23.616,2018.86,553.76
1049,8,49,22.1966,2049.14,566.411
1050,8,50,19.7371,2102.43,579.639
1051,8,51,17.617,2149.07,592.71
1052,8,52,16.9632,2163.67,605.152
1053,8,53,23.0067,2026.69,624.023
1054,8,54,20.8673,2075.89,637.333
1055,8,55,19.7183,2102.7,650.065
1056,8,56,17.3224,2159.41,663.782
1057,8,57,15.4693,2203.88,677.059
1058,8,58,15.6532,2199.41,689.519
1059,8,59,21.5179,2054.74,711.055
1060,8,60,20.3325,2084.38,724.017
1061,8,61,19.751,2099.11,736.692
1062,8,62,18.6919,2126.29,749.608
1063,8,63,18.0094,2144.04,762.317
1064,8,64,18.0812,2142.15,774.851
1065,8,65,22.8096,2016.06,795.942
1066,8,66,21.3464,2055.56,809.414
1067,8,67,20.5176,2078.22,822.342
1068,8,68,19.1463,2116.16,835.815
1069,8,69,18.098,2145.51,848.972
1070,8,70,18.0361,2147.26,861.594
1071,8,71,23.0663,2003.06,887.033
1072,8,72,22.2754,2026,900.133
1073,8,73,21.7904,2040.23,913.037
1074,8,74,21.2942,2054.94,925.945
1075,8,75,20.8295,2068.89,938.831
1076,8,76,21.0699,2061.6,951.609
1077,8,77,25.2322,1933.95,975.717
1078,8,78,24.015,1971.68,989.55
1079,8,79,23.4537,1989.27,1002.64
1080,8,80,22.3773,2023.36,1016.35
1081,8,81,21.4332,2053.57,1029.9
1082,8,82,21.5177,2050.84,1042.77
1083,8,83,25.9215,1906.98,1071.05
1084,8,84,24.9012,1940.65,1084.89
1085,8,85,24.4088,1957.06,1098.11
1086,8,86,24.0165,1970.27,1111.27
1087,8,87,23.1944,1998.22,1124.9
1088,8,88,23.2531,1996.2,1137.9
1089,8,89,26.7525,1874.89,1162.66
1090,8,90,25.995,1901.41,1176.32
1091,8,91,25.5235,1918.07,1189.66
1092,8,92,24.6944,1947.64,1203.5
1093,8,93,23.7867,1980.32,1217.52
1094,8,94,23.5145,1990.2,1230.71
1095,8,95,27.4098,1847.37,1260.84
1096,8,96,26.6265,1876.36,1274.78
1097,8,97,26.1076,1895.73,1288.36
1098,8,98,25.762,1908.75,1301.76
1099,8,99,25.1193,1933.17,1315.54
1100,8,100,25.2011,1930.04,1328.8
1101,8,101,28.5498,1800.55,1356.52
1102,8,102,27.6397,1836.05,1370.94
1103,8,103,27.0883,1857.73,1384.72
1104,8,104,26.1629,1894.44,1399.27
1105,8,105,25.4516,1922.89,1413.38
1106,8,106,25.2555,1930.8,1426.81
1107,8,107,28.4353,1801.49,1454.97
1108,8,108,27.7287,1830.46,1469.18
1109,8,109,27.2627,1849.72,1483.01
1110,8,110,26.9414,1863.11,1496.66
1111,8,111,26.4456,1883.93,1510.55
1112,8,112,26.2916,1890.45,1524.07
1113,8,113,28.9285,1777.95,1549.33
1114,8,114,28.1141,1812.97,1564.01
1115,8,115,27.4181,1843.13,1578.43
1116,8,116,26.5592,1880.63,1593.33
1117,8,117,25.8885,1910.14,1607.75
1118,8,118,25.5777,1923.92,1621.51
1119,8,119,28.1735,1807.98,1648
1120,8,120,27.4927,1838.61,1662.55
1121,8,121,27.0477,1858.78,1676.61
1122,8,122,26.5478,1881.61,1690.79
1123,8,123,25.9839,1907.55,1705.12
1124,8,124,25.8348,1914.46,1718.83
1125,8,125,28.0511,1811.04,1743.28
1126,8,126,27.3198,1845.41,1758.19
1127,8,127,26.6475,1877.22,1772.94
1128,8,128,25.8074,1917.27,1788.32
1129,8,129,25.112,1950.65,1803.22
1130,8,130,24.8178,1964.87,1817.18
1131,8,131,26.9557,1860.83,1842.18
1132,8,132,26.3,1892.95,1857.05
1133,8,133,25.8639,1914.47,1871.35
1134,9,13,16.84,2127.52,70.8864
1135,9,14,-33.1429,2644.01,81.7641
1136,9,15,-17.1429,2473.34,93.358
1137,9,16,-16.181,2462.76,103.77
1138,9,17,72.9733,1452.35,119.312
1139,9,18,37.5915,1865.13,131.851
1140,9,19,27.8655,1981.85,143.593
1141,9,20,12.1056,2176.22,155.577
1142,9,21,10.1462,2201.04,167.094
1143,9,22,11.7103,2180.7,177.534
1144,9,23,56.4693,1583.92,197.016
1145,9,24,44.4565,1748.09,209.469
1146,9,25,37.3956,1846.95,221.564
1147,9,26,27.9775,1981.94,233.992
1148,9,27,25.6954,2015.41,245.793
1149,9,28,23.6857,2045.55,257.543
1150,9,29,45.9943,1703.49,275.941
1151,9,30,37.7209,1833.11,288.851
1152,9,31,33.3247,1903.45,301.115
1153,9,32,24.7223,2043.95,314.558
1154,9,33,19.4535,2131.76,327.16
1155,9,34,19.0485,2138.65,339.072
1156,9,35,35.2474,1857.87,359.013
1157,9,36,31.1628,1930.03,371.672
1158,9,37,29.0549,1967.97,383.952
1159,9,38,25.6003,2031.31,396.561
1160,9,39,23.3097,2074.06,408.898
1161,9,40,21.7401,2103.89,421.09
1162,9,41,31.9442,1906.61,439.665
1163,9,42,28.3136,1978.01,452.716
1164,9,43,25.9779,2024.72,465.306
1165,9,44,20.4664,2136.79,479.98
1166,9,45,14.2156,2265.97,495.604
1167,9,46,13.8185,2274.31,507.892
1168,9,47,22.2324,2094.82,527.177
1169,9,48,20.1676,2139.55,540.017
1170,9,49,18.8472,2168.6,552.607
1171,9,50,16.43,2222.59,565.729
1172,9,51,14.3652,2269.39,578.702
1173,9,52,13.8295,2281.71,591.101
1174,9,53,20.2809,2131.18,610.306
1175,9,54,18.1669,2181.21,623.527
1176,9,55,17.0839,2207.2,636.204
1177,9,56,14.698,2265.26,649.813
1178,9,57,12.8763,2310.19,662.997
1179,9,58,13.1713,2302.82,675.457
1180,9,59,19.3633,2145.95,697.331
1181,9,60,18.2153,2175.42,710.242
1182,9,61,17.6917,2189.03,722.888
1183,9,62,16.6696,2215.95,735.753
1184,9,63,16.0359,2232.85,748.425
1185,9,64,16.1807,2228.94,760.959
1186,9,65,21.1417,2093.34,782.296
1187,9,66,19.6856,2133.62,795.705
1188,9,67,18.885,2156.04,808.597
1189,9,68,17.5223,2194.65,822.005
1190,9,69,16.4929,2224.16,835.109
1191,9,70,16.4808,2224.51,847.726
1192,9,71,21.72,2070.82,873.403
1193,9,72,20.9466,2093.77,886.473
1194,9,73,20.4874,2107.54,899.359
1195,9,74,20.0158,2121.85,912.246
1196,9,75,19.5754,2135.36,925.113
1197,9,76,19.8596,2126.54,937.904
1198,9,77,24.1777,1991.24,962.16
1199,9,78,22.9559,2029.94,975.947
1200,9,79,22.4086,2047.45,989.019
1201,9,80,21.3313,2082.28,1002.69
1202,9,81,20.39,2113.03,1016.2
1203,9,82,20.505,2109.24,1029.07
1204,9,83,25.0532,1957.63,1057.47
1205,9,84,24.0289,1992.12,1071.27
1206,9,85,23.5464,2008.52,1084.48
1207,9,86,23.1661,2021.57,1097.63
1208,9,87,22.3447,2050.05,1111.23
1209,9,88,22.4262,2047.2,1124.24
1210,9,89,26.0324,1919.78,1149.06
1211,9,90,25.274,1946.83,1162.71
1212,9,91,24.8085,1963.59,1176.04
1213,9,92,23.9767,1993.81,1189.84
1214,9,93,23.0645,2027.26,1203.83
1215,9,94,22.8028,2036.94,1217.02
1216,9,95,26.804,1887.56,1247.18
1217,9,96,26.0167,1917.22,1261.1
1218,9,97,25.4998,1936.86,1274.67
1219,9,98,25.16,1949.88,1288.07
1220,9,99,24.5165,1974.77,1301.82
1221,9,100,24.6131,1971,1315.09
1222,9,101,28.0465,1835.95,1342.82
1223,9,102,27.1277,1872.4,1357.22
1224,9,103,26.5755,1894.49,1370.99
1225,9,104,25.6415,1932.16,1385.52
1226,9,105,24.9263,1961.24,1399.6
1227,9,106,24.7369,1969.01,1413.03
1228,9,107,27.9914,1834.49,1441.19
1229,9,108,27.2795,1864.15,1455.39
1230,9,109,26.8133,1883.73,1469.2
1231,9,110,26.4945,1897.23,1482.86
1232,9,111,25.9977,1918.42,1496.74
1233,9,112,25.8494,1924.8,1510.26
1234,9,113,28.5449,1808,1535.51
1235,9,114,27.7223,1843.91,1550.18
1236,9,115,27.0207,1874.79,1564.58
1237,9,116,26.1532,1913.24,1579.45
1238,9,117,25.4777,1943.42,1593.85
1239,9,118,25.1687,1957.32,1607.61
1240,9,119,27.8186,1837.19,1634.09
1241,9,120,27.132,1868.55,1648.62
1242,9,121,26.6856,1889.08,1662.68
1243,9,122,26.1832,1912.36,1676.84
1244,9,123,25.6159,1938.84,1691.17
1245,9,124,25.4705,1945.67,1704.88
1246,9,125,27.7309,1838.68,1729.33
1247,9,126,26.9926,1873.87,1744.21
1248,9,127,26.3146,1906.41,1758.95
1249,9,128,25.466,1947.43,1774.3
1250,9,129,24.7648,1981.55,1789.18
1251,9,130,24.4714,1995.93,1803.14
1252,9,131,26.6497,1888.47,1828.13
1253,9,132,25.9884,1921.31,1842.99
1254,9,133,25.5503,1943.22,1857.28
1255,10,14,-160.08,4251.88,69.8976
1256,10,15,-96.4343,3530.56,80.7614
1257,10,16,-72.5429,3251.83,92.262
1258,10,17,52.9905,1745.43,107.4
1259,10,18,14.1867,2224.01,119.772
1260,10,19,7.19636,2312.55,131.505
1261,10,20,-7.67091,2505.83,143.361
1262,10,21,-6.66084,2492.36,154.897
1263,10,22,-2.27033,2432.36,166.4
1264,10,23,50.88,1688.25,185.023
1265,10,24,38.0107,1872.71,197.431
1266,10,25,30.8729,1977.4,209.509
1267,10,26,21.1142,2123.78,221.859
1268,10,27,19.3412,2150.97,233.669
1269,10,28,17.7888,2175.29,245.424
1270,10,29,42.9179,1773.22,263.863
1271,10,30,34.1496,1916.44,276.709
1272,10,31,29.6784,1990.96,288.953
1273,10,32,20.6451,2144.52,302.273
1274,10,33,15.277,2237.57,314.804
1275,10,34,15.1737,2239.39,326.734
1276,10,35,32.9166,1920.02,346.706
1277,10,36,28.7022,1997.29,359.339
1278,10,37,26.6194,2036.16,371.618
1279,10,38,23.0946,2103.14,384.193
1280,10,39,20.8183,2147.15,396.513
1281,10,40,19.3081,2176.84,408.697
1282,10,41,30.302,1956.97,427.298
1283,10,42,26.5509,2033.24,440.308
1284,10,43,24.1815,2082.21,452.878
1285,10,44,18.4578,2202.41,467.43
1286,10,45,11.9712,2340.79,482.892
1287,10,46,11.674,2347.23,495.188
1288,10,47,20.6436,2149.89,514.525
1289,10,48,18.5544,2196.55,527.344
1290,10,49,17.2486,2226.15,539.925
1291,10,50,14.7915,2282.66,553.006
1292,10,51,12.7064,2331.32,565.941
1293,10,52,12.2229,2342.76,578.343
1294,10,53,19.0406,2179.14,597.591
1295,10,54,16.8877,2231.52,610.778
1296,10,55,15.8133,2258.02,623.446
1297,10,56,13.3799,2318.86,637.002
1298,10,57,11.5373,2365.54,650.147
1299,10,58,11.899,2356.26,662.628
1300,10,59,18.3896,2187.5,684.517
1301,10,60,17.2347,2217.91,697.418
1302,10,61,16.7287,2231.41,710.068
1303,10,62,15.7044,2259.06,722.921
1304,10,63,15.0829,2276.05,735.591
1305,10,64,15.2676,2270.94,748.141
1306,10,65,20.4384,2126.15,769.471
1307,10,66,18.9559,2168.16,782.859
1308,10,67,18.1528,2191.18,795.746
1309,10,68,16.7688,2231.32,809.13
1310,10,69,15.7302,2261.78,822.218
1311,10,70,15.7427,2261.41,834.847
1312,10,71,21.1748,2098.45,860.469
1313,10,72,20.394,2122.13,873.537
1314,10,73,19.9378,2136.12,886.428
1315,10,74,19.4686,2150.67,899.318
1316,10,75,19.0314,2164.37,912.188
1317,10,76,19.3404,2154.58,924.996
1318,10,77,23.8008,2011.85,949.187
1319,10,78,22.5544,2052.15,962.959
1320,10,79,22.003,2070.16,976.034
1321,10,80,20.9068,2106.34,989.688
1322,10,81,19.9511,2138.2,1003.19
1323,10,82,20.0813,2133.81,1016.07
1324,10,83,24.7639,1974.6,1044.36
1325,10,84,23.7199,2010.45,1058.15
1326,10,85,23.2329,2027.33,1071.37
1327,10,86,22.8509,2040.7,1084.52
1328,10,87,22.0165,2070.18,1098.11
1329,10,88,22.1084,2066.91,1111.14
1330,10,89,25.8127,1933.55,1135.88
1331,10,90,25.041,1961.59,1149.52
1332,10,91,24.5697,1978.87,1162.86
1333,10,92,23.7237,2010.17,1176.66
1334,10,93,22.7958,2044.81,1190.64
1335,10,94,22.5342,2054.66,1203.83
1336,10,95,26.6348,1898.84,1233.86
1337,10,96,25.8332,1929.57,1247.77
1338,10,97,25.3088,1949.85,1261.34
1339,10,98,24.9656,1963.23,1274.75
1340,10,99,24.3121,1988.94,1288.51
1341,10,100,24.4154,1984.84,1301.79
1342,10,101,27.9277,1844.35,1329.41
1343,10,102,26.9917,1882.1,1343.8
1344,10,103,26.4306,1904.92,1357.57
1345,10,104,25.48,1943.89,1372.09
1346,10,105,24.7533,1973.93,1386.17
1347,10,106,24.5636,1981.83,1399.61
1348,10,107,27.888,1842.21,1427.65
1349,10,108,27.1639,1872.86,1441.85
1350,10,109,26.6906,1893.06,1455.67
1351,10,110,26.3679,1906.93,1469.33
1352,10,111,25.8639,1928.77,1483.21
1353,10,112,25.7152,1935.26,1496.74
1354,10,113,28.4652,1814.27,1521.91
1355,10,114,27.6285,1851.36,1536.57
1356,10,115,26.9154,1883.21,1550.97
1357,10,116,26.0336,1922.89,1565.84
1358,10,117,25.3478,1953.98,1580.23
1359,10,118,25.0355,1968.24,1594
1360,10,119,27.736,1844.02,1620.39
1361,10,120,27.0386,1876.33,1634.92
1362,10,121,26.5858,1897.46,1648.97
1363,10,122,26.0763,1921.41,1663.14
1364,10,123,25.5009,1948.64,1677.47
1365,10,124,25.355,1955.6,1691.19
1366,10,125,27.6564,1845.13,1715.56
1367,10,126,26.9068,1881.37,1730.44
1368,10,127,26.2187,1914.85,1745.18
1369,10,128,25.3575,1957.05,1760.52
1370,10,129,24.6464,1992.13,1775.39
1371,10,130,24.3501,2006.85,1789.35
1372,10,131,26.5661,1896.05,1814.28
1373,10,132,25.8954,1929.81,1829.13
1374,10,133,25.4517,1952.29,1843.43
1375,11,15,-226.52,5308.4,68.7395
1376,11,16,-151.303,4380.72,79.6443
1377,11,17,32.6,2051.29,96.4495
1378,11,18,-10.8071,2615.58,107.733
1379,11,19,-13.7967,2655.44,119.518
1380,11,20,-27.4388,2841.88,131.324
1381,11,21,-22.6509,2774.85,142.935
1382,11,22,-14.8636,2663.23,154.543
1383,11,23,48.4011,1735.35,174.043
1384,11,24,34.0475,1950.65,185.457
1385,11,25,26.4864,2066.59,197.557
1386,11,26,16.0562,2230,209.88
1387,11,27,14.6696,2252.18,221.727
1388,11,28,13.4638,2271.88,233.517
1389,11,29,41.6933,1801.39,251.831
1390,11,30,32.1707,1963.27,264.657
1391,11,31,27.4621,2044.89,276.912
1392,11,32,17.809,2215.42,290.155
1393,11,33,12.2208,2316.01,302.653
1394,11,34,12.3636,2313.39,314.616
1395,11,35,31.7508,1951.5,334.477
1396,11,36,27.3018,2036.03,347.11
1397,11,37,25.1685,2077.27,359.407
1398,11,38,21.4955,2149.51,371.974
1399,11,39,19.1725,2195.97,384.298
1400,11,40,17.6714,2226.49,396.493
1401,11,41,29.4802,1982.44,415.022
1402,11,42,25.546,2065.06,428.017
1403,11,43,23.0939,2117.37,440.587
1404,11,44,17.0974,2247.3,455.049
1405,11,45,10.318,2396.45,470.379
1406,11,46,10.096,2401.4,482.694
1407,11,47,19.6358,2185.17,501.997
1408,11,48,17.4897,2234.53,514.812
1409,11,49,16.1715,2265.28,527.399
1410,11,50,13.6455,2325.07,540.457
1411,11,51,11.5145,2376.21,553.373
1412,11,52,11.0648,2387.15,565.786
1413,11,53,18.2534,2209.84,585.005
1414,11,54,16.0385,2265.21,598.176
1415,11,55,14.9541,2292.68,610.847
1416,11,56,12.4522,2356.89,624.368
1417,11,57,10.5706,2405.82,637.491
1418,11,58,10.9877,2394.83,649.994
1419,11,59,17.7804,2213.69,671.822
1420,11,60,16.6037,2245.47,684.723
1421,11,61,16.1026,2259.16,697.384
1422,11,62,15.063,2287.93,710.238
1423,11,63,14.4422,2305.31,722.914
1424,11,64,14.6576,2299.2,735.483
1425,11,65,20.0386,2144.95,756.745
1426,11,66,18.5173,2189.06,770.124
1427,11,67,17.7015,2213,783.015
1428,11,68,16.2853,2255.01,796.387
1429,11,69,15.2279,2286.73,809.47
1430,11,70,15.2576,2285.83,822.114
1431,11,71,20.8836,2113.3,847.613
1432,11,72,20.0871,2137.99,860.687
1433,11,73,19.6262,2152.43,873.588
1434,11,74,19.152,2167.45,886.487
1435,11,75,18.7111,2181.56,899.365
1436,11,76,19.0392,2170.95,912.191
1437,11,77,23.6417,2020.6,936.266
1438,11,78,22.3633,2062.79,950.034
1439,11,79,21.8015,2081.52,963.116
1440,11,80,20.6797,2119.28,976.765
1441,11,81,19.7035,2152.47,990.263
1442,11,82,19.8441,2147.64,1003.16
1443,11,83,24.6616,1980.64,1031.29
1444,11,84,23.5922,2018.07,1045.08
1445,11,85,23.0955,2035.62,1058.3
1446,11,86,22.7071,2049.47,1071.46
1447,11,87,21.8548,2080.16,1085.06
1448,11,88,21.9531,2076.58,1098.1
1449,11,89,25.7552,1937.17,1122.72
1450,11,90,24.9656,1966.39,1136.37
1451,11,91,24.4846,1984.35,1149.71
1452,11,92,23.62,2016.91,1163.51
1453,11,93,22.6722,2052.93,1177.49
1454,11,94,22.4074,2063.08,1190.69
1455,11,95,26.6074,1900.68,1220.55
1456,11,96,25.7878,1932.64,1234.47
1457,11,97,25.2524,1953.7,1248.05
1458,11,98,24.9027,1967.57,1261.46
1459,11,99,24.2359,1994.24,1275.22
1460,11,100,24.3432,1989.92,1288.51
1461,11,101,27.9343,1843.88,1315.99
1462,11,102,26.9778,1883.1,1330.39
1463,11,103,26.4049,1906.77,1344.17
1464,11,104,25.4347,1947.2,1358.68
1465,11,105,24.6936,1978.33,1372.76
1466,11,106,24.5012,1986.47,1386.21
1467,11,107,27.8955,1841.65,1414.12
1468,11,108,27.1563,1873.43,1428.32
1469,11,109,26.6736,1894.35,1442.15
1470,11,110,26.3449,1908.71,1455.82
1471,11,111,25.8313,1931.3,1469.7
1472,11,112,25.6804,1937.99,1483.24
1473,11,113,28.4844,1812.75,1508.31
1474,11,114,27.6313,1851.14,1522.97
1475,11,115,26.9045,1884.09,1537.37
1476,11,116,26.0063,1925.1,1552.24
1477,11,117,25.3082,1957.22,1566.63
1478,11,118,24.9909,1971.92,1580.4
1479,11,119,27.7417,1843.54,1606.69
1480,11,120,27.0315,1876.93,1621.22
1481,11,121,26.5707,1898.74,1635.28
1482,11,122,26.0524,1923.44,1649.46
1483,11,123,25.4672,1951.53,1663.78
1484,11,124,25.3194,1958.68,1677.51
1485,11,125,27.6614,1844.7,1701.8
1486,11,126,26.8987,1882.07,1716.68
1487,11,127,26.199,1916.59,1731.42
1488,11,128,25.3236,1960.07,1746.75
1489,11,129,24.6011,1996.19,1761.62
1490,11,130,24.3006,2011.32,1775.58
1491,11,131,26.5541,1897.14,1800.44
1492,11,132,25.8726,1931.9,1815.29
1493,11,133,25.4221,1955.02,1829.59
1494,12,16,80,988.28,51.4152
1495,12,17,248.103,-1253.09,75.963
1496,12,18,130.721,351.121,91.1275
1497,12,19,91.6024,898.788,101.954
1498,12,20,51.5067,1473.49,114.298
1499,12,21,41.463,1620.8,125.519
1500,12,22,39.0091,1657.61,136.535
1501,12,23,103.839,663.548,156.731
1502,12,24,78.7484,1056.64,169.725
1503,12,25,63.7213,1297.07,181.037
1504,12,26,46.9357,1571.23,193.784
1505,12,27,41.5159,1661.57,205.562
1506,12,28,37.0098,1738.17,217.277
1507,12,29,65.7598,1239.84,235.448
1508,12,30,52.7014,1470.53,248.736
1509,12,31,45.4689,1600.72,261.143
1510,12,32,33.1816,1825.99,274.9
1511,12,33,25.6877,1965.87,287.628
1512,12,34,24.6719,1985.17,299.517
1513,12,35,44.649,1598.95,319.158
1514,12,36,38.8123,1713.74,331.96
1515,12,37,35.6295,1777.39,344.305
1516,12,38,30.9095,1873.37,357.02
1517,12,39,27.7482,1938.7,369.419
1518,12,40,25.5521,1984.82,381.647
1519,12,41,37.6227,1727.31,399.935
1520,12,42,32.9094,1829.43,413.121
1521,12,43,29.8439,1896.87,425.789
1522,12,44,23.0749,2048.05,440.601
1523,12,45,15.545,2218.73,456.294
1524,12,46,15.0117,2230.99,468.601
1525,12,47,24.8084,2002.4,487.647
1526,12,48,22.2667,2062.56,500.543
1527,12,49,20.6277,2101.89,513.174
1528,12,50,17.7436,2172.07,526.341
1529,12,51,15.3011,2232.32,539.347
1530,12,52,14.6448,2248.73,551.769
1531,12,53,22.0052,2062.26,570.761
1532,12,54,19.5128,2126.24,584.03
1533,12,55,18.2212,2159.82,596.742
1534,12,56,15.4629,2232.45,610.381
1535,12,57,13.3686,2288.3,623.588
1536,12,58,13.6844,2279.77,636.065
1537,12,59,20.6478,2089.44,657.669
1538,12,60,19.3059,2126.57,670.619
1539,12,61,18.6767,2144.18,683.296
1540,12,62,17.4954,2177.66,696.195
1541,12,63,16.7572,2198.82,708.895
1542,12,64,16.8933,2194.87,721.447
1543,12,65,22.3908,2033.61,742.514
1544,12,66,20.7287,2082.92,755.967
1545,12,67,19.8048,2110.64,768.894
1546,12,68,18.2651,2157.34,782.337
1547,12,69,17.1029,2192.98,795.471
1548,12,70,17.0701,2194,808.109
1549,12,71,22.8232,2013.73,833.403
1550,12,72,21.937,2041.8,846.512
1551,12,73,21.4015,2058.93,859.432
1552,12,74,20.8559,2076.57,872.351
1553,12,75,20.348,2093.16,885.249
1554,12,76,20.6358,2083.67,898.053
1555,12,77,25.3294,1927.21,921.95
1556,12,78,23.9625,1973.23,935.783
1557,12,79,23.3371,1994.5,948.891
1558,12,80,22.1383,2035.66,962.597
1559,12,81,21.0925,2071.91,976.145
1560,12,82,21.198,2068.22,989.033
1561,12,83,26.1117,1894.6,1016.97
1562,12,84,24.9732,1935.21,1030.81
1563,12,85,24.4258,1954.91,1044.06
1564,12,86,23.9916,1970.69,1057.24
1565,12,87,23.083,2004,1070.87
1566,12,88,23.152,2001.45,1083.91
1567,12,89,27.0208,1857.02,1108.36
1568,12,90,26.1792,1888.72,1122.05
1569,12,91,25.6558,1908.6,1135.41
1570,12,92,24.741,1943.67,1149.26
1571,12,93,23.7427,1982.27,1163.28
1572,12,94,23.4457,1993.86,1176.5
1573,12,95,27.721,1825.69,1206.17
1574,12,96,26.856,1860.01,1220.13
1575,12,97,26.2832,1882.92,1233.73
1576,12,98,25.9018,1898.3,1247.16
1577,12,99,25.1972,1926.96,1260.95
1578,12,100,25.2852,1923.35,1274.24
1579,12,101,28.9352,1772.48,1301.55
1580,12,102,27.9357,1814.13,1315.99
1581,12,103,27.3296,1839.58,1329.8
1582,12,104,26.3186,1882.38,1344.35
1583,12,105,25.5429,1915.48,1358.47
1584,12,106,25.3285,1924.7,1371.93
1585,12,107,28.7763,1775.29,1399.67
1586,12,108,28.0038,1809.03,1413.91
1587,12,109,27.4939,1831.46,1427.76
1588,12,110,27.1419,1847.06,1441.44
1589,12,111,26.6022,1871.17,1455.35
1590,12,112,26.433,1878.79,1468.9
1591,12,113,29.2773,1749.85,1493.83
1592,12,114,28.3921,1790.27,1508.53
1593,12,115,27.6368,1825.01,1522.96
1594,12,116,26.7076,1868.07,1537.86
1595,12,117,25.983,1901.88,1552.29
1596,12,118,25.6472,1917.67,1566.07
1597,12,119,28.4368,1785.62,1592.22
1598,12,120,27.7008,1820.71,1606.78
1599,12,121,27.2195,1843.81,1620.86
1600,12,122,26.6801,1869.88,1635.06
1601,12,123,26.0733,1899.41,1649.41
1602,12,124,25.9121,1907.31,1663.14
1603,12,125,28.2848,1790.26,1687.32
1604,12,126,27.498,1829.33,1702.23
1605,12,127,26.7759,1865.44,1716.99
1606,12,128,25.8757,1910.75,1732.36
1607,12,129,25.1315,1948.45,1747.26
1608,12,130,24.8171,1964.49,1761.24
1609,12,131,27.0995,1847.32,1785.97
1610,12,132,26.3977,1883.58,1800.85
1611,12,133,25.9312,1907.84,1815.17
1612,13,17,299.72,-2061.76,65.7458
1613,13,18,126.006,428.145,79.8867
1614,13,19,77.0571,1146.06,91.6842
1615,13,20,30.5738,1843.31,102.801
1616,13,21,22.95,1960.21,114.01
1617,13,22,23.7079,1948.33,125.07
1618,13,23,103.107,677.942,145.043
1619,13,24,73.9566,1154.07,157.97
1620,13,25,57.3549,1430.76,170.244
1621,13,26,39.0809,1741.42,181.872
1622,13,27,33.9857,1829.74,193.645
1623,13,28,29.8576,1902.67,205.348
1624,13,29,62.8314,1309.14,223.507
1625,13,30,48.6475,1569.18,236.7
1626,13,31,41.0804,1710.43,249.069
1627,13,32,28.0032,1958.9,262.663
1628,13,33,20.2888,2108.04,275.295
1629,13,34,19.6715,2120.18,287.196
1630,13,35,41.8206,1677.2,306.877
1631,13,36,35.7331,1800.98,319.639
1632,13,37,32.542,1866.93,331.974
1633,13,38,27.6965,1968.69,344.641
1634,13,39,24.5389,2036.05,357.01
1635,13,40,22.4153,2082.06,369.221
1636,13,41,35.5347,1793.43,387.556
1637,13,42,30.6464,1902.61,400.686
1638,13,43,27.529,1973.26,413.324
1639,13,44,20.4816,2135.35,427.992
1640,13,45,12.6526,2318.03,443.499
1641,13,46,12.2581,2327.37,455.812
1642,13,47,22.7719,2075.04,474.938
1643,13,48,20.2021,2137.57,487.805
1644,13,49,18.5862,2177.43,500.422
1645,13,50,15.6577,2250.64,513.538
1646,13,51,13.197,2312.98,526.499
1647,13,52,12.613,2327.97,538.919
1648,13,53,20.4316,2124.68,557.98
1649,13,54,17.8954,2191.47,571.208
1650,13,55,16.6189,2225.51,583.906
1651,13,56,13.8081,2301.4,597.483
1652,13,57,11.6943,2359.18,610.644
1653,13,58,12.0966,2348.05,623.142
1654,13,59,19.4238,2142.89,644.787
1655,13,60,18.0771,2181.04,657.723
1656,13,61,17.4723,2198.38,670.402
1657,13,62,16.292,2232.61,683.284
1658,13,63,15.572,2253.73,695.98
1659,13,64,15.759,2248.18,708.548
1660,13,65,21.5067,2075.75,729.628
1661,13,66,19.8158,2127.04,743.054
1662,13,67,18.8915,2155.39,755.973
1663,13,68,17.3294,2203.81,769.387
1664,13,69,16.1593,2240.48,782.5
1665,13,70,16.1578,2240.52,795.15
1666,13,71,22.1369,2049.19,820.411
1667,13,72,21.2441,2078.06,833.516
1668,13,73,20.7138,2095.38,846.438
1669,13,74,20.1727,2113.24,859.359
1670,13,75,19.6704,2129.98,872.257
1671,13,76,19.9884,2119.28,885.079
1672,13,77,24.8463,1954.11,908.927
1673,13,78,23.4526,2001.96,922.741
1674,13,79,22.8238,2023.76,935.85
1675,13,80,21.6048,2066.42,949.538
1676,13,81,20.5441,2103.9,963.071
1677,13,82,20.6683,2099.47,975.973
1678,13,83,25.7353,1917.06,1003.81
1679,13,84,24.5757,1959.19,1017.64
1680,13,85,24.0242,1979.41,1030.9
1681,13,86,23.5891,1995.51,1044.08
1682,13,87,22.667,2029.93,1057.7
1683,13,88,22.7488,2026.85,1070.75
1684,13,89,26.7285,1875.62,1095.14
1685,13,90,25.8728,1908.43,1108.82
1686,13,91,25.344,1928.87,1122.19
1687,13,92,24.4141,1965.14,1136.03
1688,13,93,23.3992,2005.06,1150.04
1689,13,94,23.1034,2016.79,1163.26
1690,13,95,27.4899,1841.33,1192.81
1691,13,96,26.6098,1876.83,1206.76
1692,13,97,26.0293,1900.44,1220.37
1693,13,98,25.645,1916.2,1233.81
1694,13,99,24.93,1945.75,1247.59
1695,13,100,25.0261,1941.74,1260.89
1696,13,101,28.764,1784.75,1288.1
1697,13,102,27.7461,1827.84,1302.53
1698,13,103,27.1308,1854.1,1316.34
1699,13,104,26.1021,1898.33,1330.88
1700,13,105,25.3144,1932.46,1344.99
1701,13,106,25.1004,1941.81,1358.46
1702,13,107,28.6255,1786.7,1386.1
1703,13,108,27.8401,1821.52,1400.34
1704,13,109,27.3231,1844.62,1414.19
1705,13,110,26.9674,1860.62,1427.88
1706,13,111,26.4202,1885.43,1441.79
1707,13,112,26.2513,1893.14,1455.35
1708,13,113,29.1555,1759.55,1480.2
1709,13,114,28.2554,1801.25,1494.89
1710,13,115,27.488,1837.06,1509.32
1711,13,116,26.5438,1881.44,1524.21
1712,13,117,25.8086,1916.24,1538.63
1713,13,118,25.4697,1932.4,1552.42
1714,13,119,28.3148,1795.83,1578.49
1715,13,120,27.5674,1831.96,1593.04
1716,13,121,27.0797,1855.69,1607.13
1717,13,122,26.533,1882.48,1621.32
1718,13,123,25.918,1912.82,1635.67
1719,13,124,25.7567,1920.83,1649.41
1720,13,125,28.1741,1799.96,1673.53
1721,13,126,27.3755,1840.16,1688.43
1722,13,127,26.643,1877.27,1703.19
1723,13,128,25.7295,1923.86,1718.54
1724,13,129,24.9751,1962.58,1733.43
1725,13,130,24.658,1978.97,1747.41
1726,13,131,26.9815,1858.15,1772.09
1727,13,132,26.2699,1895.38,1786.96
1728,13,133,25.7978,1920.25,1801.28
1729,14,18,143.64,134.24,69.4567
1730,14,19,72.4971,1225.1,80.3645
1731,14,20,14.0357,2140.99,92.4108
1732,14,21,8.64048,2227.32,102.699
1733,14,22,12.7467,2160.25,113.865
1734,14,23,110.218,535.724,133.22
1735,14,24,74.4745,1143.37,146.18
1736,14,25,55.0196,1480.58,158.484
1737,14,26,34.2934,1846.75,171.072
1738,14,27,29.1543,1939.25,181.882
1739,14,28,25.12,2013.21,193.617
1740,14,29,62.8076,1309.71,211.565
1741,14,30,46.9578,1610.86,224.727
1742,14,31,38.7377,1769.78,237.102
1743,14,32,24.5305,2049.19,250.593
1744,14,33,16.392,2211.96,263.178
1745,14,34,16.087,2218.16,275.114
1746,14,35,40.5755,1712.06,294.666
1747,14,36,34.067,1848.74,307.422
1748,14,37,30.7488,1919.53,319.773
1749,14,38,25.6591,2029.81,332.424
1750,14,39,22.4154,2101.17,344.792
1751,14,40,20.2917,2148.6,357.01
1752,14,41,34.4999,1826.55,375.278
1753,14,42,29.3458,1945.09,388.384
1754,14,43,26.1074,2020.65,401.018
1755,14,44,18.697,2196.03,415.578
1756,14,45,10.4902,2392.99,430.934
1757,14,46,10.2028,2399.99,443.265
1758,14,47,21.456,2122.41,462.373
1759,14,48,18.8146,2188.45,475.232
1760,14,49,17.1859,2229.7,487.852
1761,14,50,14.1748,2306.99,500.94
1762,14,51,11.6627,2372.31,513.876
1763,14,52,11.1274,2386.4,526.307
1764,14,53,19.4112,2165.5,545.353
1765,14,54,16.8011,2235.97,558.559
1766,14,55,15.516,2271.1,571.258
1767,14,56,12.6257,2351.06,584.795
1768,14,57,10.4696,2411.44,597.929
1769,14,58,10.9441,2397.99,610.45
1770,14,59,18.6401,2177.37,632.049
1771,14,60,17.2694,2217.12,644.983
1772,14,61,16.6731,2234.61,657.672
1773,14,62,15.4771,2270.09,670.552
1774,14,63,14.761,2291.58,683.253
1775,14,64,14.9871,2284.72,695.84
1776,14,65,20.9856,2100.77,716.864
1777,14,66,19.2506,2154.55,730.278
1778,14,67,18.3129,2183.93,743.199
1779,14,68,16.7151,2234.53,756.597
1780,14,69,15.5251,2272.61,769.703
1781,14,70,15.5459,2271.94,782.367
1782,14,71,21.7522,2069.2,807.519
1783,14,72,20.8422,2099.23,820.627
1784,14,73,20.3076,2117.05,833.558
1785,14,74,19.7621,2135.41,846.487
1786,14,75,19.2568,2152.59,859.394
1787,14,76,19.598,2140.88,872.233
1788,14,77,24.6199,1966.78,895.975
1789,14,78,23.1904,2016.82,909.782
1790,14,79,22.5504,2039.43,922.898
1791,14,80,21.3032,2083.92,936.578
1792,14,81,20.2202,2122.9,950.106
1793,14,82,20.3574,2117.92,963.022
1794,14,83,25.578,1926.49,990.712
1795,14,84,24.3902,1970.44,1004.54
1796,14,85,23.8285,1991.41,1017.8
1797,14,86,23.3868,2008.05,1030.99
1798,14,87,22.4453,2043.83,1044.61
1799,14,88,22.5352,2040.38,1057.67
1800,14,89,26.6253,1882.23,1081.95
1801,14,90,25.75,1916.37,1095.64
1802,14,91,25.2108,1937.58,1109.02
1803,14,92,24.2607,1975.26,1122.85
1804,14,93,23.2243,2016.72,1136.86
1805,14,94,22.9255,2028.77,1150.08
1806,14,95,27.4233,1845.86,1179.48
1807,14,96,26.5236,1882.75,1193.43
1808,14,97,25.9314,1907.23,1207.04
1809,14,98,25.5403,1923.52,1220.49
1810,14,99,24.8112,1954.15,1234.28
1811,14,100,24.9122,1949.87,1247.59
1812,14,101,28.7376,1786.65,1274.67
1813,14,102,27.6974,1831.38,1289.1
1814,14,103,27.0695,1858.59,1302.91
1815,14,104,26.0196,1904.44,1317.45
1816,14,105,25.2166,1939.77,1331.56
1817,14,106,25,1949.37,1345.04
1818,14,107,28.6023,1788.47,1372.55
1819,14,108,27.8008,1824.53,1386.79
1820,14,109,27.2739,1848.42,1400.64
1821,14,110,26.9118,1864.95,1414.34
1822,14,111,26.3547,1890.59,1428.26
1823,14,112,26.1837,1898.51,1441.82
1824,14,113,29.1473,1760.21,1466.58
1825,14,114,28.2295,1803.34,1481.27
1826,14,115,27.4476,1840.35,1495.69
1827,14,116,26.4858,1886.19,1510.58
1828,14,117,25.7376,1922.11,1525
1829,14,118,25.3936,1938.74,1538.8
1830,14,119,28.2938,1797.59,1564.77
1831,14,120,27.5328,1834.88,1579.32
1832,14,121,27.0367,1859.36,1593.41
1833,14,122,26.4808,1886.97,1607.61
1834,14,123,25.8555,1918.23,1621.96
1835,14,124,25.6924,1926.44,1635.71
1836,14,125,28.1542,1801.71,1659.75
1837,14,126,27.3418,1843.14,1674.65
1838,14,127,26.597,1881.37,1689.4
1839,14,128,25.6684,1929.35,1704.75
1840,14,129,24.9021,1969.2,1719.63
1841,14,130,24.5808,1986.01,1733.62
1842,14,131,26.945,1861.5,1758.23
1843,14,132,26.2221,1899.81,1773.09
1844,14,133,25.743,1925.37,1787.41
1845,15,19,4.5,2426.38,69.4949
1846,15,20,-50.7829,3329.33,80.211
1847,15,21,-39.2,3136.29,91.5314
1848,15,22,-22.1071,2845.71,101.819
1849,15,23,104.77,646.503,121.33
1850,15,24,62.9673,1385.02,134.192
1851,15,25,42.0673,1761.22,146.444
1852,15,26,20.0455,2164.95,158.898
1853,15,27,16.3077,2234.72,170.709
1854,15,28,13.5323,2287.46,181.441
1855,15,29,57.79,1431.81,199.473
1856,15,30,40.5862,1770.15,212.533
1857,15,31,32.1485,1938.9,224.87
1858,15,32,17.0949,2244.99,238.193
1859,15,33,8.88246,2414.72,250.684
1860,15,34,9.29789,2405.99,262.643
1861,15,35,36.7652,1820.02,282.281
1862,15,36,30.0114,1966.35,294.999
1863,15,37,26.7573,2037.94,307.345
1864,15,38,21.5761,2153.66,319.95
1865,15,39,18.3995,2225.66,332.294
1866,15,40,16.4214,2271.16,344.501
1867,15,41,31.9687,1908.39,362.829
1868,15,42,26.6273,2034.8,375.882
1869,15,43,23.353,2113.38,388.49
1870,15,44,15.6323,2301.26,402.909
1871,15,45,7.09371,2511.87,418.083
1872,15,46,7.00062,2514.2,430.425
1873,15,47,19.1299,2206.93,449.62
1874,15,48,16.4699,2275.2,462.454
1875,15,49,14.8822,2316.48,475.065
1876,15,50,11.8318,2396.81,488.107
1877,15,51,9.31048,2464.04,501.002
1878,15,52,8.87086,2475.91,513.437
1879,15,53,17.6952,2234.71,532.549
1880,15,54,15.0404,2308.16,545.718
1881,15,55,13.7784,2343.5,558.409
1882,15,56,10.8333,2426.94,571.888
1883,15,57,8.66022,2489.24,584.98
1884,15,58,9.23862,2472.46,597.526
1885,15,59,17.3524,2234.46,619.157
1886,15,60,15.9781,2275.23,632.081
1887,15,61,15.4114,2292.23,644.774
1888,15,62,14.2182,2328.43,657.643
1889,15,63,13.5242,2349.71,670.342
1890,15,64,13.8088,2340.89,682.948
1891,15,65,20.0887,2144.11,703.973
1892,15,66,18.3215,2200.08,717.365
1893,15,67,17.3835,2230.09,730.282
1894,15,68,15.7609,2282.56,743.654
1895,15,69,14.5624,2321.71,756.743
1896,15,70,14.6182,2319.86,769.422
1897,15,71,21.0749,2104.64,794.525
1898,15,72,20.1568,2135.55,807.631
1899,15,73,19.6273,2153.55,820.567
1900,15,74,19.0864,2172.13,833.5
1901,15,75,18.5866,2189.45,846.41
1902,15,76,18.9605,2176.37,859.268
1903,15,77,24.1621,1992.58,882.948
1904,15,78,22.7021,2044.65,896.739
1905,15,79,22.0575,2067.85,909.857
1906,15,80,20.7874,2114,923.524
1907,15,81,19.6875,2154.33,937.039
1908,15,82,19.8444,2148.52,949.97
1909,15,83,25.2312,1947.42,977.551
1910,15,84,24.0194,1993.06,991.368
1911,15,85,23.4523,2014.61,1004.63
1912,15,86,23.0088,2031.61,1017.83
1913,15,87,22.0519,2068.61,1031.45
1914,15,88,22.1548,2064.6,1044.52
1915,15,89,26.3641,1899.03,1068.72
1916,15,90,25.4727,1934.39,1082.41
1917,15,91,24.9266,1956.24,1095.79
1918,15,92,23.9595,1995.25,1109.62
1919,15,93,22.9045,2038.15,1123.61
1920,15,94,22.6062,2050.38,1136.85
1921,15,95,27.223,1859.55,1166.11
1922,15,96,26.3062,1897.75,1180.06
1923,15,97,25.7049,1923,1193.67
1924,15,98,25.3099,1939.73,1207.13
1925,15,99,24.5691,1971.34,1220.92
1926,15,100,24.6781,1966.65,1234.24
1927,15,101,28.5968,1796.84,1261.21
1928,15,102,27.5361,1843.15,1275.63
1929,15,103,26.8978,1871.24,1289.44
1930,15,104,25.8283,1918.65,1303.97
1931,15,105,25.0119,1955.12,1318.08
1932,15,106,24.7951,1964.88,1331.56
1933,15,107,28.4793,1797.86,1358.97
1934,15,108,27.6633,1835.12,1373.2
1935,15,109,27.1281,1859.74,1387.07
1936,15,110,26.7616,1876.72,1400.77
1937,15,111,26.1961,1903.11,1414.69
1938,15,112,26.0248,1911.16,1428.26
1939,15,113,29.0515,1767.9,1452.94
1940,15,114,28.1173,1812.43,1467.62
1941,15,115,27.3221,1850.6,1482.05
1942,15,116,26.344,1897.88,1496.92
1943,15,117,25.5839,1934.86,1511.34
1944,15,118,25.2363,1951.9,1525.14
1945,15,119,28.1947,1805.95,1551.02
1946,15,120,27.4213,1844.36,1565.58
1947,15,121,26.918,1869.53,1579.67
1948,15,122,26.354,1897.92,1593.87
1949,15,123,25.7195,1930.06,1608.22
1950,15,124,25.556,1938.4,1621.97
1951,15,125,28.0645,1809.63,1645.95
1952,15,126,27.2392,1852.27,1660.84
1953,15,127,26.4831,1891.59,1675.59
1954,15,128,25.5402,1940.94,1690.93
1955,15,129,24.7628,1981.88,1705.8
1956,15,130,24.4384,1999.07,1719.79
1957,15,131,26.8454,1870.7,1744.34
1958,15,132,26.1119,1910.06,1759.2
1959,15,133,25.6266,1936.27,1773.52
1960,16,20,-132.2,4849.12,69.1738
1961,16,21,-89.6171,4111.02,79.7133
1962,16,22,-53.2357,3468.28,91.2449
1963,16,23,113.143,473.464,109.326
1964,16,24,60.19,1444.27,122.217
1965,16,25,35.6655,1902.06,134.507
1966,16,26,10.8036,2374.43,146.929
1967,16,27,7.98322,2428.96,158.798
1968,16,28,6.06154,2466.75,170.581
1969,16,29,57.709,1433.8,187.407
1970,16,30,38.2221,1830.04,200.45
1971,16,31,29.0253,2020.11,212.805
1972,16,32,12.5681,2365.71,226.042
1973,16,33,3.94613,2549.64,238.501
1974,16,34,4.92491,2528.44,250.509
1975,16,35,35.5762,1854.11,269.994
1976,16,36,28.2925,2016.78,282.719
1977,16,37,24.8988,2093.7,295.09
1978,16,38,19.4287,2219.51,307.693
1979,16,39,16.1663,2295.63,320.048
1980,16,40,14.2086,2341.97,332.272
1981,16,41,31.1221,1936.04,350.505
1982,16,42,25.4477,2074.12,363.547
1983,16,43,22.0238,2158.58,376.16
1984,16,44,13.8623,2362.61,390.488
1985,16,45,4.87248,2590.36,405.528
1986,16,46,4.91669,2589.22,417.896
1987,16,47,17.9343,2250.76,437.042
1988,16,48,15.1856,2323.15,449.877
1989,16,49,13.58,2365.96,462.499
1990,16,50,10.4297,2451.02,475.524
1991,16,51,7.8462,2521.64,488.405
1992,16,52,7.46197,2532.27,500.858
1993,16,53,16.8249,2270.1,519.925
1994,16,54,14.0786,2347.92,533.083
1995,16,55,12.8016,2384.52,545.781
1996,16,56,9.76045,2472.72,559.23
1997,16,57,7.535,2538,572.305
1998,16,58,8.19263,2518.49,584.878
1999,16,59,16.7228,2262.58,606.427
2000,16,60,15.3154,2305.27,619.356
2001,16,61,14.7528,2322.53,632.064
2002,16,62,13.5369,2360.22,644.937
2003,16,63,12.8424,2381.98,657.646
2004,16,64,13.1664,2371.72,670.273
2005,16,65,19.7232,2161.9,691.213
2006,16,66,17.901,2220.82,704.599
2007,16,67,16.9431,2252.11,717.524
2008,16,68,15.2759,2307.13,730.888
2009,16,69,14.051,2347.96,743.976
2010,16,70,14.1275,2345.38,756.672
2011,16,71,20.8323,2117.42,781.631
2012,16,72,19.8905,2149.76,794.746
2013,16,73,19.3519,2168.43,807.695
2014,16,74,18.802,2187.67,820.639
2015,16,75,18.295,2205.59,833.56
2016,16,76,18.6907,2191.47,846.437
2017,16,77,24.0688,1997.86,869.985
2018,16,78,22.5655,2052.48,883.775
2019,16,79,21.905,2076.7,896.904
2020,16,80,20.6005,2124.97,910.568
2021,16,81,19.4729,2167.06,924.083
2022,16,82,19.6409,2160.74,937.03
2023,16,83,25.1922,1949.79,964.433
2024,16,84,23.9463,1997.55,978.253
2025,16,85,23.3651,2020.02,991.529
2026,16,86,22.9116,2037.71,1004.74
2027,16,87,21.9308,2076.29,1018.36
2028,16,88,22.0398,2071.96,1031.45
2029,16,89,26.366,1898.91,1055.52
2030,16,90,25.4508,1935.83,1069.21
2031,16,91,24.8909,1958.59,1082.6
2032,16,92,23.8996,1999.24,1096.43
2033,16,93,22.819,2043.9,1110.43
2034,16,94,22.5153,2056.56,1123.67
2035,16,95,27.2499,1857.71,1152.75
2036,16,96,26.3098,1897.5,1166.71
2037,16,97,25.6938,1923.79,1180.33
2038,16,98,25.2895,1941.17,1193.8
2039,16,99,24.5315,1974.02,1207.59
2040,16,100,24.644,1969.1,1220.93
2041,16,101,28.6546,1792.64,1247.75
2042,16,102,27.5682,1840.8,1262.17
2043,16,103,26.9146,1869.99,1275.99
2044,16,104,25.8208,1919.22,1290.52
2045,16,105,24.9863,1957.04,1304.63
2046,16,106,24.7653,1967.14,1318.13
2047,16,107,28.5302,1793.95,1345.39
2048,16,108,27.6956,1832.62,1359.63
2049,16,109,27.1484,1858.16,1373.5
2050,16,110,26.7738,1875.77,1387.21
2051,16,111,26.1961,1903.11,1401.14
2052,16,112,26.0214,1911.44,1414.72
2053,16,113,29.1099,1763.19,1439.29
2054,16,114,28.1557,1809.31,1453.98
2055,16,115,27.3438,1848.82,1468.41
2056,16,116,26.3458,1897.72,1483.28
2057,16,117,25.5709,1935.95,1497.7
2058,16,118,25.2167,1953.54,1511.51
2059,16,119,28.2325,1802.76,1537.28
2060,16,120,27.4435,1842.46,1551.84
2061,16,121,26.9303,1868.47,1565.94
2062,16,122,26.3556,1897.78,1580.14
2063,16,123,25.7093,1930.95,1594.49
2064,16,124,25.5429,1939.55,1608.26
2065,16,125,28.0973,1806.72,1632.15
2066,16,126,27.2566,1850.72,1647.04
2067,16,127,26.4866,1891.27,1661.79
2068,16,128,25.527,1942.13,1677.12
2069,16,129,24.7362,1984.31,1692
2070,16,130,24.4066,2002,1706
2071,16,131,26.8556,1869.75,1730.46
2072,16,132,26.1095,1910.29,1745.32
2073,16,133,25.6159,1937.27,1759.65
2074,17,21,-229.58,6863.62,67.1716
2075,17,22,-134.417,5118.97,78.4551
2076,17,23,102.693,692.914,98.2022
2077,17,24,39.1143,1900.91,110.012
2078,17,25,13.8233,2389.87,122.277
2079,17,26,-11.6424,2890.69,134.596
2080,17,27,-10.8945,2875.73,146.508
2081,17,28,-9.99021,2857.35,158.329
2082,17,29,52.0725,1574.72,176.215
2083,17,30,30.607,2025.49,188.184
2084,17,31,21.1993,2226.19,200.525
2085,17,32,3.66324,2606.14,213.623
2086,17,33,-4.92549,2795.09,226.018
2087,17,34,-2.85222,2748.79,238.074
2088,17,35,31.8442,1962.33,257.58
2089,17,36,24.2053,2138.03,270.288
2090,17,37,20.8777,2215.67,282.672
2091,17,38,15.2758,2348.25,295.25
2092,17,39,12.0909,2424.69,307.6
2093,17,40,10.3097,2468.03,319.83
2094,17,41,28.8882,2009.76,338.066
2095,17,42,22.9491,2158.24,351.076
2096,17,43,19.4567,2246.72,363.68
2097,17,44,10.8955,2466.45,377.889
2098,17,45,1.49034,2710.99,392.768
2099,17,46,1.76298,2703.81,405.159
2100,17,47,15.8239,2328.85,424.337
2101,17,48,13.0353,2404.14,437.162
2102,17,49,11.4627,2447.12,449.787
2103,17,50,8.25164,2535.96,462.781
2104,17,51,5.64499,2608.95,475.637
2105,17,52,5.3617,2616.98,488.103
2106,17,53,15.3443,2330.81,507.186
2107,17,54,12.5313,2412.39,520.321
2108,17,55,11.2682,2449.44,533.02
2109,17,56,8.15167,2541.89,546.427
2110,17,57,5.89613,2609.56,559.475
2111,17,58,6.66312,2586.29,572.075
2112,17,59,15.6612,2310.35,593.6
2113,17,60,14.2381,2354.47,606.528
2114,17,61,13.6984,2371.38,619.247
2115,17,62,12.4754,2410.11,632.118
2116,17,63,11.7965,2431.83,644.833
2117,17,64,12.1776,2419.51,657.483
2118,17,65,19.0424,2195.26,678.377
2119,17,66,17.1745,2256.9,691.751
2120,17,67,16.2076,2289.13,704.679
2121,17,68,14.5046,2346.47,718.027
2122,17,69,13.2625,2388.7,731.108
2123,17,70,13.371,2384.97,743.821
2124,17,71,20.3472,2143.13,768.679
2125,17,72,19.389,2176.67,781.799
2126,17,73,18.8492,2195.74,794.757
2127,17,74,18.2976,2215.42,807.71
2128,17,75,17.7906,2233.67,820.64
2129,17,76,18.2162,2218.2,833.535
2130,17,77,23.7862,2013.97,856.983
2131,17,78,22.2435,2071.05,870.765
2132,17,79,21.5723,2096.11,883.901
2133,17,80,20.2374,2146.39,897.558
2134,17,81,19.0863,2190.13,911.069
2135,17,82,19.2711,2183.05,924.031
2136,17,83,24.9991,1961.56,951.286
2137,17,84,23.7223,2011.36,965.104
2138,17,85,23.1308,2034.63,978.388
2139,17,86,22.671,2052.86,991.605
2140,17,87,21.6693,2092.93,1005.23
2141,17,88,21.7887,2088.12,1018.33
2142,17,89,26.2402,1907.09,1042.29
2143,17,90,25.3037,1945.49,1055.99
2144,17,91,24.7328,1969.08,1069.39
2145,17,92,23.7195,2011.3,1083.22
2146,17,93,22.6156,2057.67,1097.21
2147,17,94,22.3093,2070.63,1110.46
2148,17,95,27.1689,1863.29,1139.38
2149,17,96,26.2074,1904.64,1153.34
2150,17,97,25.5787,1931.88,1166.97
2151,17,98,25.1673,1949.84,1180.45
2152,17,99,24.394,1983.87,1194.24
2153,17,100,24.5124,1978.62,1207.59
2154,17,101,28.6205,1795.12,1234.28
2155,17,102,27.5097,1845.11,1248.7
2156,17,103,26.8425,1875.36,1262.53
2157,17,104,25.7254,1926.37,1277.05
2158,17,105,24.8743,1965.52,1291.16
2159,17,106,24.6509,1975.87,1304.67
2160,17,107,28.5011,1796.2,1331.81
2161,17,108,27.6489,1836.25,1346.05
2162,17,109,27.091,1862.66,1359.93
2163,17,110,26.7096,1880.84,1373.64
2164,17,111,26.1211,1909.08,1387.57
2165,17,112,25.9443,1917.63,1401.17
2166,17,113,29.0981,1764.15,1425.64
2167,17,114,28.1246,1811.85,1440.33
2168,17,115,27.297,1852.68,1454.75
2169,17,116,26.28,1903.19,1469.62
2170,17,117,25.491,1942.64,1484.04
2171,17,118,25.1314,1960.73,1497.86
2172,17,119,28.2074,1804.89,1523.53
2173,17,120,27.4038,1845.87,1538.09
2174,17,121,26.8816,1872.68,1552.2
2175,17,122,26.2969,1902.89,1566.4
2176,17,123,25.6397,1937.06,1580.76
2177,17,124,25.4715,1945.86,1594.53
2178,17,125,28.0741,1808.79,1618.34
2179,17,126,27.2185,1854.14,1633.24
2180,17,127,26.4353,1895.91,1647.98
2181,17,128,25.4594,1948.28,1663.31
2182,17,129,24.6558,1991.67,1678.18
2183,17,130,24.3219,2009.82,1692.18
2184,17,131,26.815,1873.53,1716.57
2185,17,132,26.0567,1915.24,1731.43
2186,17,133,25.5556,1942.96,1745.76
2187,18,22,72.92,834,53.0933
2188,18,23,319.954,-3942,80.4718
2189,18,24,176.136,-1113.56,95.33
2190,18,25,110.267,203.817,107.137
2191,18,26,57.71,1272.47,120.007
2192,18,27,44.737,1540.58,131.847
2193,18,28,35.6909,1730.55,143.575
2194,18,29,100.484,348.295,160.879
2195,18,30,68.2681,1046.3,174.438
2196,18,31,52.1363,1401.2,185.981
2197,18,32,28.1371,1937.18,199.55
2198,18,33,15.4156,2225.54,212.14
2199,18,34,15.3397,2227.29,224.118
2200,18,35,51.87,1374.91,243.129
2201,18,36,41.3189,1624.62,256.022
2202,18,37,35.9472,1753.54,268.469
2203,18,38,28.3766,1937.76,281.192
2204,18,39,23.7112,2052.84,293.616
2205,18,40,20.7646,2126.5,305.881
2206,18,41,40.0201,1638.7,323.742
2207,18,42,32.7154,1826.19,336.935
2208,18,43,28.203,1943.51,349.637
2209,18,44,18.3598,2202.71,364.132
2210,18,45,7.7497,2485.65,379.284
2211,18,46,7.60946,2489.44,391.669
2212,18,47,22.218,2090.14,410.51
2213,18,48,18.8369,2183.68,423.411
2214,18,49,16.8035,2240.61,436.079
2215,18,50,13.0741,2346.28,449.167
2216,18,51,10.0305,2433.53,462.1
2217,18,52,9.48039,2449.48,474.576
2218,18,53,19.7888,2147.1,493.379
2219,18,54,16.5835,2242.19,506.602
2220,18,55,15.0406,2288.48,519.341
2221,18,56,11.5708,2393.73,532.848
2222,18,57,9.03154,2471.6,545.968
2223,18,58,9.683,2451.41,558.547
2224,18,59,18.9657,2160.55,579.792
2225,18,60,17.3227,2212.58,592.767
2226,18,61,16.6183,2235.12,605.504
2227,18,62,15.2112,2280.62,618.418
2228,18,63,14.3838,2307.64,631.158
2229,18,64,14.671,2298.16,643.794
2230,18,65,21.718,2063.26,664.455
2231,18,66,19.6647,2132.39,677.898
2232,18,67,18.5594,2169.97,690.862
2233,18,68,16.6974,2233.9,704.275
2234,18,69,15.3232,2281.54,717.403
2235,18,70,15.3581,2280.32,730.113
2236,18,71,22.519,2027.3,754.718
2237,18,72,21.447,2065.53,767.873
2238,18,73,20.8144,2088.31,780.853
2239,18,74,20.1745,2111.56,793.827
2240,18,75,19.5853,2133.16,806.778
2241,18,76,19.9645,2119.13,819.657
2242,18,77,25.6619,1906.43,842.893
2243,18,78,24.0071,1968.76,856.737
2244,18,79,23.2573,1997.25,869.9
2245,18,80,21.8266,2052.1,883.612
2246,18,81,20.5899,2099.91,897.169
2247,18,82,20.7341,2094.29,910.126
2248,18,83,26.5914,1863.91,937.151
2249,18,84,25.2289,1917.95,951.019
2250,18,85,24.5757,1944.08,964.327
2251,18,86,24.0607,1964.85,977.563
2252,18,87,22.9906,2008.37,991.224
2253,18,88,23.0762,2004.86,1004.32
2254,18,89,27.6156,1817.23,1028.1
2255,18,90,26.6157,1858.89,1041.84
2256,18,91,25.994,1885,1055.26
2257,18,92,24.92,1930.47,1069.13
2258,18,93,23.7555,1980.16,1083.16
2259,18,94,23.4116,1994.94,1096.44
2260,18,95,28.3676,1780.18,1125.14
2261,18,96,27.3513,1824.56,1139.14
2262,18,97,26.6783,1854.17,1152.79
2263,18,98,26.2297,1874.06,1166.29
2264,18,99,25.4116,1910.6,1180.11
2265,18,100,25.5083,1906.25,1193.46
2266,18,101,29.6905,1716.66,1219.96
2267,18,102,28.5284,1769.73,1234.43
2268,18,103,27.8219,1802.23,1248.28
2269,18,104,26.6566,1856.22,1262.85
2270,18,105,25.7651,1897.82,1276.99
2271,18,106,25.5166,1909.5,1290.51
2272,18,107,29.4331,1724.12,1317.47
2273,18,108,28.5418,1766.61,1331.74
2274,18,109,27.9523,1794.9,1345.64
2275,18,110,27.5441,1814.63,1359.38
2276,18,111,26.9254,1844.74,1373.33
2277,18,112,26.7279,1854.42,1386.93
2278,18,113,29.9311,1696.39,1411.27
2279,18,114,28.9204,1746.59,1425.98
2280,18,115,28.0596,1789.63,1440.44
2281,18,116,27.0067,1842.63,1455.35
2282,18,117,26.1874,1884.14,1469.79
2283,18,118,25.8069,1903.55,1483.62
2284,18,119,28.9299,1743.23,1509.15
2285,18,120,28.0967,1786.28,1523.74
2286,18,121,27.5511,1814.65,1537.87
2287,18,122,26.9425,1846.5,1552.1
2288,18,123,26.2607,1882.41,1566.47
2289,18,124,26.0778,1892.1,1580.25
2290,18,125,28.7173,1751.33,1603.94
2291,18,126,27.8342,1798.72,1618.86
2292,18,127,27.0257,1842.38,1633.64
2293,18,128,26.0216,1896.94,1648.99
2294,18,129,25.1936,1942.2,1663.89
2295,18,130,24.8442,1961.42,1677.9
2296,18,131,27.3719,1821.55,1702.17
2297,18,132,26.5907,1865.04,1717.06
2298,18,133,26.0717,1894.1,1731.4
2299,19,23,409.96,-5892.12,69.2854
2300,19,24,188.2,-1383,83.4768
2301,19,25,100.064,438.471,96.2828
2302,19,26,36.919,1764.52,108.017
2303,19,27,25.6833,2004.22,119.885
2304,19,28,18.6388,2156.85,131.631
2305,19,29,98.3127,404.022,148.842
2306,19,30,61.0895,1235.34,162.295
2307,19,31,43.5802,1632.22,174.805
2308,19,32,17.3749,2234.94,187.191
2309,19,33,4.39214,2537.87,199.689
2310,19,34,5.68471,2507.28,211.708
2311,19,35,47.6485,1500.15,230.742
2312,19,36,36.3942,1774,243.601
2313,19,37,30.9754,1907.67,256.05
2314,19,38,23.145,2103.43,268.732
2315,19,39,18.5335,2220.25,281.137
2316,19,40,15.7897,2290.68,293.397
2317,19,41,37.1522,1735.25,311.289
2318,19,42,29.4777,1937.35,324.432
2319,19,43,24.8634,2060.4,337.112
2320,19,44,14.5199,2339.67,351.461
2321,19,45,3.4083,2643.39,366.424
2322,19,46,3.56814,2638.96,378.83
2323,19,47,19.4629,2193.91,397.742
2324,19,48,16.0401,2290.89,410.623
2325,19,49,14.0559,2347.77,423.287
2326,19,50,10.2652,2457.7,436.333
2327,19,51,7.20729,2547.4,449.23
2328,19,52,6.79092,2559.75,461.715
2329,19,53,17.842,2228.22,480.568
2330,19,54,14.5668,2327.57,493.758
2331,19,55,13.0496,2374.09,506.492
2332,19,56,9.50194,2484.07,519.946
2333,19,57,6.93854,2564.39,533.028
2334,19,58,7.72722,2539.42,545.635
2335,19,59,17.5582,2224.83,566.893
2336,19,60,15.9039,2278.31,579.861
2337,19,61,15.2327,2300.24,592.606
2338,19,62,13.8247,2346.71,605.512
2339,19,63,13.0222,2373.46,618.254
2340,19,64,13.3811,2361.37,630.911
2341,19,65,20.7828,2109.71,651.557
2342,19,66,18.6829,2181.81,664.981
2343,19,67,17.5726,2220.3,677.942
2344,19,68,15.6756,2286.7,691.333
2345,19,69,14.2875,2335.74,704.448
2346,19,70,14.3636,2333.03,717.174
2347,19,71,21.8323,2064.16,741.71
2348,19,72,20.746,2103.62,754.866
2349,19,73,20.1159,2126.73,767.852
2350,19,74,19.4781,2150.33,780.832
2351,19,75,18.8926,2172.18,793.789
2352,19,76,19.3088,2156.51,806.687
2353,19,77,25.2216,1931.82,829.847
2354,19,78,23.5263,1996.81,843.678
2355,19,79,22.7677,2026.14,856.846
2356,19,80,21.3066,2083.12,870.544
2357,19,81,20.0472,2132.66,884.091
2358,19,82,20.2128,2126.09,897.064
2359,19,83,26.2663,1883.95,923.966
2360,19,84,24.8724,1940.17,937.827
2361,19,85,24.2104,1967.09,951.142
2362,19,86,23.6909,1988.39,964.385
2363,19,87,22.6006,2033.46,978.041
2364,19,88,22.6997,2029.33,991.155
2365,19,89,27.3777,1832.85,1014.85
2366,19,90,26.3566,1876.08,1028.58
2367,19,91,25.7249,1903.03,1042.01
2368,19,92,24.6292,1950.15,1055.87
2369,19,93,23.4414,2001.62,1069.9
2370,19,94,23.0967,2016.67,1083.18
2371,19,95,28.1896,1792.58,1111.75
2372,19,96,27.1518,1838.59,1125.74
2373,19,97,26.4668,1869.19,1139.4
2374,19,98,26.0123,1889.64,1152.9
2375,19,99,25.1793,1927.4,1166.73
2376,19,100,25.2841,1922.62,1180.08
2377,19,101,29.5725,1725.35,1206.47
2378,19,102,28.3855,1780.35,1220.93
2379,19,103,27.6658,1813.94,1234.79
2380,19,104,26.477,1869.81,1249.35
2381,19,105,25.5691,1912.78,1263.49
2382,19,106,25.3194,1924.68,1277.01
2383,19,107,29.3284,1732.25,1303.86
2384,19,108,28.4196,1776.18,1318.13
2385,19,109,27.8198,1805.37,1332.04
2386,19,110,27.4056,1825.66,1345.78
2387,19,111,26.7766,1856.69,1359.74
2388,19,112,26.5781,1866.55,1373.35
2389,19,113,29.8519,1702.87,1397.6
2390,19,114,28.8217,1754.72,1412.31
2391,19,115,27.9453,1799.12,1426.76
2392,19,116,26.8732,1853.8,1441.66
2393,19,117,26.04,1896.57,1456.1
2394,19,118,25.6549,1916.47,1469.94
2395,19,119,28.8427,1750.7,1495.38
2396,19,120,27.9949,1795.07,1509.97
2397,19,121,27.4407,1824.26,1524.1
2398,19,122,26.8225,1857.02,1538.33
2399,19,123,26.13,1893.95,1552.7
2400,19,124,25.9461,1903.82,1566.49
2401,19,125,28.6374,1758.49,1590.12
2402,19,126,27.7395,1807.28,1605.03
2403,19,127,26.9178,1852.2,1619.8
2404,19,128,25.8974,1908.32,1635.14
2405,19,129,25.0567,1954.84,1650.03
2406,19,130,24.7035,1974.5,1664.05
2407,19,131,27.2784,1830.3,1688.26
2408,19,132,26.4852,1874.99,1703.14
2409,19,133,25.9591,1904.8,1717.49
2410,20,24,239.98,-2556.68,72.3453
2411,20,25,105.206,318.505,84.3075
2412,20,26,22.55,2109.38,97.0361
2413,20,27,12.0976,2339.33,107.997
2414,20,28,6.50667,2464.2,119.824
2415,20,29,104.542,242.065,136.694
2416,20,30,59.4182,1279.91,150.142
2417,20,31,39.2692,1750.05,162.679
2418,20,32,9.6956,2449.96,175.965
2419,20,33,-4.04484,2779.73,187.434
2420,20,34,-1.455,2716.71,199.519
2421,20,35,46.6468,1530.2,218.371
2422,20,36,34.1863,1841.71,231.242
2423,20,37,28.4107,1988.03,243.723
2424,20,38,20.026,2203.24,256.404
2425,20,39,15.2653,2327.01,268.823
2426,20,40,12.5714,2397.95,281.106
2427,20,41,36.1685,1768.7,298.897
2428,20,42,27.9123,1991.62,312.028
2429,20,43,23.0438,2124.69,324.715
2430,20,44,12.0185,2429.72,338.967
2431,20,45,0.244513,2759.39,353.787
2432,20,46,0.650549,2747.89,366.225
2433,20,47,17.889,2253.72,385.091
2434,20,48,14.3387,2356.68,397.976
2435,20,49,12.3357,2415.43,410.653
2436,20,50,8.41137,2531.85,423.683
2437,20,51,5.27823,2625.85,436.568
2438,20,52,4.95354,2635.7,449.075
2439,20,53,16.7628,2273.55,467.883
2440,20,54,13.3621,2378.97,481.063
2441,20,55,11.8275,2427.05,493.807
2442,20,56,8.15415,2543.37,507.232
2443,20,57,5.52678,2627.45,520.298
2444,20,58,6.4283,2598.3,532.936
2445,20,59,16.8157,2258.98,554.108
2446,20,60,15.117,2315.04,567.083
2447,20,61,14.4513,2337.23,579.845
2448,20,62,13.0141,2385.61,592.756
2449,20,63,12.212,2412.88,605.51
2450,20,64,12.6228,2398.78,618.191
2451,20,65,20.3794,2129.89,638.747
2452,20,66,18.2072,2205.91,652.167
2453,20,67,17.0705,2246.07,665.138
2454,20,68,15.1166,2315.77,678.521
2455,20,69,13.6954,2366.93,691.636
2456,20,70,13.7976,2363.21,704.381
2457,20,71,21.5753,2078.03,728.769
2458,20,72,20.4578,2119.38,741.934
2459,20,73,19.815,2143.38,754.934
2460,20,74,19.1649,2167.86,767.927
2461,20,75,18.5698,2190.48,780.896
2462,20,76,19.0119,2173.53,793.813
2463,20,77,25.1388,1936.63,816.839
2464,20,78,23.3888,2004.87,830.669
2465,20,79,22.6095,2035.53,843.848
2466,20,80,21.1057,2095.18,857.546
2467,20,81,19.8121,2146.92,871.094
2468,20,82,19.9905,2139.72,884.083
2469,20,83,26.2401,1885.57,910.805
2470,20,84,24.8041,1944.45,924.669
2471,20,85,24.1241,1972.56,937.995
2472,20,86,23.5917,1994.74,951.25
2473,20,87,22.4723,2041.76,964.91
2474,20,88,22.578,2037.28,978.038
2475,20,89,27.393,1831.84,1001.6
2476,20,90,26.3428,1877,1015.34
2477,20,91,25.6939,1905.12,1028.78
2478,20,92,24.569,1954.24,1042.65
2479,20,93,23.3507,2007.84,1056.68
2480,20,94,22.9993,2023.42,1069.97
2481,20,95,28.2288,1789.84,1098.35
2482,20,96,27.163,1837.8,1112.35
2483,20,97,26.4602,1869.66,1126.02
2484,20,98,25.9943,1890.94,1139.53
2485,20,99,25.141,1930.19,1153.36
2486,20,100,25.2493,1925.17,1166.73
2487,20,101,29.6431,1720.13,1192.98
2488,20,102,28.4258,1777.34,1207.44
2489,20,103,27.688,1812.26,1221.31
2490,20,104,26.4707,1870.28,1235.86
2491,20,105,25.5419,1914.87,1250.01
2492,20,106,25.2871,1927.19,1263.54
2493,20,107,29.3879,1727.61,1290.25
2494,20,108,28.4573,1773.21,1304.53
2495,20,109,27.8433,1803.5,1318.44
2496,20,110,27.4196,1824.55,1332.19
2497,20,111,26.7766,1856.7,1346.15
2498,20,112,26.5738,1866.9,1359.78
2499,20,113,29.9173,1697.5,1383.92
2500,20,114,28.8641,1751.21,1398.63
2501,20,115,27.9685,1797.19,1413.09
2502,20,116,26.8738,1853.75,1427.99
2503,20,117,26.0236,1897.96,1442.43
2504,20,118,25.631,1918.5,1456.28
2505,20,119,28.8832,1747.22,1481.61
2506,20,120,28.0177,1793.09,1496.2
2507,20,121,27.4522,1823.25,1510.33
2508,20,122,26.8218,1857.08,1524.57
2509,20,123,26.116,1895.2,1538.95
2510,20,124,25.9288,1905.37,1552.75
2511,20,125,28.6713,1755.45,1576.29
2512,20,126,27.7559,1805.79,1591.2
2513,20,127,26.9187,1852.12,1605.97
2514,20,128,25.8796,1909.96,1621.31
2515,20,129,25.0239,1957.88,1636.2
2516,20,130,24.665,1978.1,1650.23
2517,20,131,27.2865,1829.54,1674.35
2518,20,132,26.4791,1875.57,1689.23
2519,20,133,25.9439,1906.25,1703.58
2520,21,25,17.24,2400.36,72.8339
2521,21,26,-63.6457,4206.81,84.2473
2522,21,27,-52.4571,3953.2,96.2242
2523,21,28,-43.3071,3742.75,107.065
2524,21,29,87.5833,688.639,124.364
2525,21,30,36.8267,1889.88,137.611
2526,21,31,17.1218,2362.8,150.067
2527,21,32,-13.6895,3112.54,163.101
2528,21,33,-25.9462,3414.87,175.44
2529,21,34,-19.8576,3262.65,186.587
2530,21,35,37.1114,1819.44,205.734
2531,21,36,24.2853,2148.64,218.547
2532,21,37,18.9951,2286.19,231.017
2533,21,38,10.7249,2503.97,243.636
2534,21,39,6.44211,2618.18,256.025
2535,21,40,4.3612,2674.36,268.296
2536,21,41,30.9875,1946.58,286.24
2537,21,42,22.4517,2182.73,299.303
2538,21,43,17.6348,2317.61,311.956
2539,21,44,6.14139,2643.25,326.041
2540,21,45,-6.10431,2994.3,340.654
2541,21,46,-5.17867,2967.45,353.115
2542,21,47,13.7685,2411.67,372.143
2543,21,48,10.2589,2515.79,385.001
2544,21,49,8.39911,2571.58,397.671
2545,21,50,4.47564,2690.59,410.65
2546,21,51,1.39427,2785.09,423.493
2547,21,52,1.29205,2788.26,436.009
2548,21,53,14.0389,2388.86,454.925
2549,21,54,10.5984,2497.81,468.066
2550,21,55,9.13406,2544.67,480.802
2551,21,56,5.40625,2665.2,494.166
2552,21,57,2.7854,2750.81,507.19
2553,21,58,3.87865,2714.74,519.86
2554,21,59,14.9295,2346.37,541.093
2555,21,60,13.2402,2403.25,554.057
2556,21,61,12.6336,2423.87,566.827
2557,21,62,11.2145,2472.59,579.727
2558,21,63,10.4587,2498.79,592.482
2559,21,64,10.968,2480.97,605.186
2560,21,65,19.1428,2192.13,625.756
2561,21,66,16.93,2271.05,639.153
2562,21,67,15.7992,2311.76,652.12
2563,21,68,13.8168,2383.78,665.477
2564,21,69,12.3907,2436.08,678.577
2565,21,70,12.5492,2430.21,691.338
2566,21,71,20.6809,2126.63,715.686
2567,21,72,19.5548,2169.05,728.85
2568,21,73,18.9218,2193.1,741.856
2569,21,74,18.2807,2217.67,754.854
2570,21,75,17.6961,2240.28,767.827
2571,21,76,18.1852,2221.2,780.766
2572,21,77,24.5561,1970.62,803.733
2573,21,78,22.7659,2041.63,817.547
2574,21,79,21.9813,2073.01,830.73
2575,21,80,20.4483,2134.84,844.413
2576,21,81,19.1338,2188.3,857.949
2577,21,82,19.3399,2179.85,870.954
2578,21,83,25.8085,1912.48,897.57
2579,21,84,24.3411,1973.62,911.426
2580,21,85,23.6544,2002.46,924.756
2581,21,86,23.1202,2025.08,938.018
2582,21,87,21.9813,2073.67,951.671
2583,21,88,22.1046,2068.37,964.815
2584,21,89,27.0729,1853.07,988.301
2585,21,90,26.0018,1899.84,1002.04
2586,21,91,25.3443,1928.78,1015.48
2587,21,92,24.1979,1979.6,1029.35
2588,21,93,22.9564,2035.05,1043.36
2589,21,94,22.6061,2050.81,1056.66
2590,21,95,27.9855,1806.95,1084.92
2591,21,96,26.8981,1856.61,1098.92
2592,21,97,26.1839,1889.46,1112.59
2593,21,98,25.7131,1911.27,1126.1
2594,21,99,24.8454,1951.77,1139.94
2595,21,100,24.9638,1946.2,1153.32
2596,21,101,29.4731,1732.76,1179.45
2597,21,102,28.2303,1792,1193.91
2598,21,103,27.4794,1828.05,1207.78
2599,21,104,26.2381,1888.04,1222.33
2600,21,105,25.2929,1934.04,1236.47
2601,21,106,25.0379,1946.54,1250.01
2602,21,107,29.2387,1739.3,1276.61
2603,21,108,28.2904,1786.4,1290.89
2604,21,109,27.6664,1817.6,1304.8
2605,21,110,27.2372,1839.2,1318.56
2606,21,111,26.584,1872.29,1332.53
2607,21,112,26.381,1882.65,1346.16
2608,21,113,29.8006,1707.11,1370.22
2609,21,114,28.7274,1762.55,1384.93
2610,21,115,27.8159,1809.96,1399.39
2611,21,116,26.7016,1868.27,1414.27
2612,21,117,25.8374,1913.79,1428.71
2613,21,118,25.4406,1934.82,1442.56
2614,21,119,28.7623,1757.66,1467.82
2615,21,120,27.8819,1804.91,1482.4
2616,21,121,27.3079,1835.9,1496.54
2617,21,122,26.668,1870.67,1510.77
2618,21,123,25.9515,1909.84,1525.15
2619,21,124,25.7639,1920.16,1538.96
2620,21,125,28.5617,1765.35,1562.43
2621,21,126,27.6311,1817.15,1577.34
2622,21,127,26.7806,1864.78,1592.11
2623,21,128,25.7248,1924.25,1607.43
2624,21,129,24.8563,1973.47,1622.32
2625,21,130,24.4938,1994.13,1636.35
2626,21,131,27.1657,1840.94,1660.41
2627,21,132,26.346,1888.21,1675.28
2628,21,133,25.8037,1919.67,1689.64
2629,22,26,-213.42,7901.24,72.0689
2630,22,27,-148.577,6388.24,83.2456
2631,22,28,-109.35,5459.86,95.2524
2632,22,29,70.7738,1136.89,111.982
2633,22,30,12.4733,2555.54,125.092
2634,22,31,-6.30182,3018.66,137.519
2635,22,32,-38.4564,3822.52,150.363
2636,22,33,-48.628,4080.2,162.631
2637,22,34,-38.1132,3810.32,174.883
2638,22,35,29.6022,2049.72,193.159
2639,22,36,16.0671,2406.15,205.955
2640,22,37,11.1429,2537.46,218.444
2641,22,38,2.82353,2762.08,231.041
2642,22,39,-1.05717,2868.15,243.433
2643,22,40,-2.56772,2909.95,255.721
2644,22,41,27.4141,2070.45,273.689
2645,22,42,18.4057,2325.69,286.72
2646,22,43,13.5187,2465.79,299.368
2647,22,44,1.38379,2817.7,313.328
2648,22,45,-11.4859,3195.21,327.771
2649,22,46,-10.0557,3152.78,340.271
2650,22,47,10.7241,2529.39,359.343
2651,22,48,7.1801,2636.89,372.197
2652,22,49,5.40733,2691.25,384.877
2653,22,50,1.41961,2814.87,397.832
2654,22,51,-1.66345,2911.48,410.655
2655,22,52,-1.575,2908.68,423.194
2656,22,53,12.1477,2469.55,442.12
2657,22,54,8.61337,2583.83,455.244
2658,22,55,7.17962,2630.66,467.988
2659,22,56,3.35048,2757.02,481.315
2660,22,57,0.698224,2845.43,494.317
2661,22,58,1.96339,2802.84,507.021
2662,22,59,13.6967,2403.91,528.214
2663,22,60,11.984,2462.71,541.183
2664,22,61,11.4098,2482.61,553.968
2665,22,62,9.98118,2532.61,566.871
2666,22,63,9.2482,2558.51,579.637
2667,22,64,9.83742,2537.5,592.366
2668,22,65,18.4352,2227.98,612.875
2669,22,66,16.1555,2310.81,626.264
2670,22,67,15.0093,2352.84,639.238
2671,22,68,12.9761,2428.06,652.585
2672,22,69,11.5256,2482.22,665.681
2673,22,70,11.7259,2474.67,678.462
2674,22,71,20.2157,2152.06,702.688
2675,22,72,19.0637,2196.22,715.86
2676,22,73,18.4253,2220.9,728.879
2677,22,74,17.7788,2246.12,741.888
2678,22,75,17.1911,2269.23,754.873
2679,22,76,17.7163,2248.4,767.832
2680,22,77,24.3315,1983.79,790.682
2681,22,78,22.4864,2058.21,804.493
2682,22,79,21.6843,2090.83,817.686
2683,22,80,20.1094,2155.4,831.365
2684,22,81,18.7625,2211.07,844.899
2685,22,82,18.9874,2201.7,857.922
2686,22,83,25.6761,1920.77,884.374
2687,22,84,24.1663,1984.69,898.23
2688,22,85,23.4636,2014.67,911.571
2689,22,86,22.9188,2038.1,924.844
2690,22,87,21.7516,2088.68,938.499
2691,22,88,21.8854,2082.84,951.658
2692,22,89,27.0063,1857.52,975.027
2693,22,90,25.9061,1906.29,988.77
2694,22,91,25.2325,1936.38,1002.22
2695,22,92,24.0569,1989.28,1016.09
2696,22,93,22.7848,2046.95,1030.1
2697,22,94,22.4297,2063.16,1043.41
2698,22,95,27.9592,1808.81,1071.5
2699,22,96,26.8436,1860.5,1085.5
2700,22,97,26.112,1894.64,1099.18
2701,22,98,25.6309,1917.25,1112.71
2702,22,99,24.7429,1959.28,1126.54
2703,22,100,24.8669,1953.37,1139.94
2704,22,101,29.4915,1731.39,1165.93
2705,22,102,28.2174,1792.97,1180.39
2706,22,103,27.4486,1830.39,1194.27
2707,22,104,26.1781,1892.64,1208.81
2708,22,105,25.2118,1940.31,1222.96
2709,22,106,24.9528,1953.18,1236.51
2710,22,107,29.2532,1738.15,1262.98
2711,22,108,28.2828,1787,1277.26
2712,22,109,27.6448,1819.33,1291.18
2713,22,110,27.2064,1841.68,1304.95
2714,22,111,26.5394,1875.92,1318.92
2715,22,112,26.3329,1886.59,1332.56
2716,22,113,29.8279,1704.85,1356.52
2717,22,114,28.7311,1762.25,1371.23
2718,22,115,27.8,1811.29,1385.69
2719,22,116,26.6626,1871.57,1400.58
2720,22,117,25.7812,1918.58,1415.02
2721,22,118,25.3774,1940.25,1428.87
2722,22,119,28.7682,1757.15,1454.02
2723,22,120,27.8699,1805.95,1468.61
2724,22,121,27.2846,1837.95,1482.75
2725,22,122,26.6325,1873.82,1497
2726,22,123,25.9026,1914.2,1511.37
2727,22,124,25.7123,1924.79,1525.19
2728,22,125,28.565,1765.05,1548.59
2729,22,126,27.6166,1818.47,1563.5
2730,22,127,26.7503,1867.56,1578.26
2731,22,128,25.6753,1928.84,1593.58
2732,22,129,24.7917,1979.5,1608.46
2733,22,130,24.4237,2000.72,1622.5
2734,22,131,27.1455,1842.86,1646.48
2735,22,132,26.3114,1891.51,1661.36
2736,22,133,25.76,1923.86,1675.71
2737,23,27,-340.74,11320.4,69.988
2738,23,28,-224.383,8489.06,81.6531
2739,23,29,40.0714,1965.86,100.435
2740,23,30,-25.1286,3595.86,112.403
2741,23,31,-39.72,3965.51,124.818
2742,23,32,-71.6218,4784.32,137.481
2743,23,33,-77.6127,4940.08,149.703
2744,23,34,-60.5147,4489.84,162.105
2745,23,35,21.0648,2314.38,181.527
2746,23,36,6.81582,2699.1,193.319
2747,23,37,2.46857,2817.93,205.839
2748,23,38,-5.80647,3046.87,218.428
2749,23,39,-9.12843,3139.89,230.835
2750,23,40,-9.91001,3162.03,243.152
2751,23,41,24.0007,2189.92,261.118
2752,23,42,14.4328,2467.39,274.128
2753,23,43,9.4587,2613.3,286.782
2754,23,44,-3.41028,2995.08,300.631
2755,23,45,-16.9822,3402.24,314.919
2756,23,46,-14.9748,3341.35,327.464
2757,23,47,7.86092,2641.05,346.549
2758,23,48,4.26455,2752.54,359.407
2759,23,49,2.57643,2805.43,372.104
2760,23,50,-1.49392,2934.33,385.044
2761,23,51,-4.58867,3033.36,397.857
2762,23,52,-4.29931,3024,410.423
2763,23,53,10.4845,2541.07,429.33
2764,23,54,6.83321,2661.56,442.445
2765,23,55,5.42045,2708.65,455.202
2766,23,56,1.46955,2841.66,468.501
2767,23,57,-1.22678,2933.34,481.49
2768,23,58,0.215624,2883.82,494.23
2769,23,59,12.6776,2451.8,515.349
2770,23,60,10.9284,2513.02,528.327
2771,23,61,10.3789,2532.44,541.131
2772,23,62,8.93041,2584.1,554.042
2773,23,63,8.21293,2609.93,566.823
2774,23,64,8.87951,2585.71,579.579
2775,23,65,17.9217,2254.16,600
2776,23,66,15.5617,2341.48,613.387
2777,23,67,14.391,2385.19,626.373
2778,23,68,12.2963,2464.09,639.715
2779,23,69,10.813,2520.46,652.813
2780,23,70,11.0513,2511.32,665.616
2781,23,71,19.9152,2168.58,689.692
2782,23,72,18.7292,2214.84,702.875
2783,23,73,18.0788,2240.42,715.909
2784,23,74,17.4207,2266.52,728.933
2785,23,75,16.8244,2290.38,741.931
2786,23,76,17.3827,2267.86,754.91
2787,23,77,24.2505,1988.57,777.624
2788,23,78,22.3424,2066.8,791.436
2789,23,79,21.5172,2100.91,804.641
2790,23,80,19.8938,2168.55,818.321
2791,23,81,18.5085,2226.73,831.858
2792,23,82,18.7494,2216.54,844.897
2793,23,83,25.6652,1921.46,871.166
2794,23,84,24.1071,1988.46,885.027
2795,23,85,23.3839,2019.8,898.38
2796,23,86,22.8246,2044.22,911.667
2797,23,87,21.6244,2097.03,925.327
2798,23,88,21.766,2090.75,938.501
2799,23,89,27.0434,1855.03,961.74
2800,23,90,25.9097,1906.04,975.491
2801,23,91,25.2165,1937.47,988.956
2802,23,92,24.0078,1992.67,1002.83
2803,23,93,22.7013,2052.77,1016.84
2804,23,94,22.3386,2069.57,1030.16
2805,23,95,28.0221,1804.34,1058.06
2806,23,96,26.8746,1858.27,1072.07
2807,23,97,26.1227,1893.86,1085.76
2808,23,98,25.6286,1917.42,1099.3
2809,23,99,24.7177,1961.14,1113.15
2810,23,100,24.8455,1954.96,1126.55
2811,23,101,29.5876,1724.18,1152.4
2812,23,102,28.2794,1788.28,1166.86
2813,23,103,27.49,1827.23,1180.75
2814,23,104,26.1876,1891.91,1195.29
2815,23,105,25.1977,1941.41,1209.44
2816,23,106,24.9329,1954.74,1223
2817,23,107,29.335,1731.7,1249.33
2818,23,108,28.3401,1782.44,1263.61
2819,23,109,27.6861,1816.01,1277.55
2820,23,110,27.2368,1839.22,1291.33
2821,23,111,26.5541,1874.72,1305.3
2822,23,112,26.3427,1885.78,1318.96
2823,23,113,29.9143,1697.68,1342.81
2824,23,114,28.7917,1757.18,1357.52
2825,23,115,27.8394,1807.97,1371.99
2826,23,116,26.6769,1870.36,1386.87
2827,23,117,25.7767,1918.97,1401.31
2828,23,118,25.3645,1941.36,1415.18
2829,23,119,28.8255,1752.16,1440.22
2830,23,120,27.9077,1802.64,1454.81
2831,23,121,27.3098,1835.72,1468.96
2832,23,122,26.6442,1872.78,1483.21
2833,23,123,25.8996,1914.47,1497.59
2834,23,124,25.7057,1925.4,1511.42
2835,23,125,28.6138,1760.6,1534.73
2836,23,126,27.6463,1815.75,1549.64
2837,23,127,26.7629,1866.4,1564.41
2838,23,128,25.6674,1929.57,1579.72
2839,23,129,24.7674,1981.78,1594.6
2840,23,130,24.3931,2003.61,1608.64
2841,23,131,27.1653,1840.97,1632.54
2842,23,132,26.3157,1891.1,1647.42
2843,23,133,25.7543,1924.41,1661.78
2844,24,28,49.26,1191.92,52.8421
2845,24,29,310.651,-5430,81.1188
2846,24,30,149.514,-1294.14,96.428
2847,24,31,87.6143,315.257,108.133
2848,24,32,20.3267,2087.16,121.602
2849,24,33,-5.25212,2769.27,133.875
2850,24,34,1.79818,2578.91,145.76
2851,24,35,86.5888,261.297,164.98
2852,24,36,60.067,995.066,178.071
2853,24,37,47.4914,1347.18,189.6
2854,24,38,32.11,1782.99,202.351
2855,24,39,23.6332,2025.99,214.76
2856,24,40,18.9054,2163.1,226.994
2857,24,41,53.3822,1151.78,244.659
2858,24,42,39.7144,1557.26,257.971
2859,24,43,31.7147,1797.25,270.729
2860,24,44,15.5005,2289.08,285.109
2861,24,45,-1.02439,2795.84,299.924
2862,24,46,-0.23004,2771.22,312.36
2863,24,47,23.2799,2034.57,331.133
2864,24,48,18.1623,2196.63,344.068
2865,24,49,15.2753,2289.01,356.776
2866,24,50,9.96276,2460.79,369.833
2867,24,51,5.82863,2595.83,382.728
2868,24,52,5.41951,2609.33,395.24
2869,24,53,20.541,2105.28,413.895
2870,24,54,16.0053,2257.99,427.13
2871,24,55,13.931,2328.51,439.906
2872,24,56,9.22487,2490.09,453.358
2873,24,57,5.91374,2604.88,466.438
2874,24,58,7.03053,2565.79,479.087
2875,24,59,19.8063,2114.38,500.008
2876,24,60,17.5771,2193.88,513.032
2877,24,61,16.6488,2227.3,525.828
2878,24,62,14.8045,2294.31,538.777
2879,24,63,13.7574,2332.71,551.561
2880,24,64,14.1861,2316.85,564.254
2881,24,65,23.4062,1972.63,584.506
2882,24,66,20.6813,2075.27,597.994
2883,24,67,19.2246,2130.62,611.012
2884,24,68,16.822,2222.72,624.447
2885,24,69,15.0774,2290.18,637.602
2886,24,70,15.1444,2287.56,650.366
2887,24,71,24.2072,1931.1,674.312
2888,24,72,22.7975,1987.01,687.534
2889,24,73,21.9584,2020.58,700.578
2890,24,74,21.1224,2054.3,713.614
2891,24,75,20.3607,2085.27,726.623
2892,24,76,20.8066,2066.99,739.549
2893,24,77,27.802,1777.85,762.135
2894,24,78,25.6954,1865.62,776.043
2895,24,79,24.721,1906.55,789.275
2896,24,80,22.9282,1982.44,803.036
2897,24,81,21.3905,2048.05,816.639
2898,24,82,21.5419,2041.54,829.647
2899,24,83,28.5951,1735.9,855.8
2900,24,84,26.8898,1810.36,869.735
2901,24,85,26.0536,1847.16,883.112
2902,24,86,25.3917,1876.5,896.414
2903,24,87,24.0738,1935.37,910.131
2904,24,88,24.1445,1932.19,923.283
2905,24,89,29.5097,1688.97,946.391
2906,24,90,28.2685,1745.65,960.195
2907,24,91,27.4856,1781.66,973.686
2908,24,92,26.1761,1842.34,987.617
2909,24,93,24.7702,1907.94,1001.7
2910,24,94,24.3391,1928.21,1015.03
2911,24,95,30.1249,1654.34,1042.8
2912,24,96,28.8883,1713.29,1056.86
2913,24,97,28.0617,1752.97,1070.59
2914,24,98,27.5027,1779.98,1084.14
2915,24,99,26.5185,1827.88,1098.03
2916,24,100,26.6029,1823.75,1111.42
2917,24,101,31.4215,1586.03,1137.14
2918,24,102,30.0337,1654.95,1151.66
2919,24,103,29.1807,1697.6,1165.58
2920,24,104,27.8044,1766.88,1180.19
2921,24,105,26.751,1820.25,1194.38
2922,24,106,26.4423,1835.99,1207.96
2923,24,107,30.9133,1606.48,1234.14
2924,24,108,29.8578,1661.02,1248.48
2925,24,109,29.1533,1697.65,1262.44
2926,24,110,28.66,1723.47,1276.23
2927,24,111,27.9295,1761.94,1290.24
2928,24,112,27.6824,1775.04,1303.9
2929,24,113,31.3035,1581.91,1327.63
2930,24,114,30.1258,1645.11,1342.4
2931,24,115,29.1237,1699.23,1356.9
2932,24,116,27.9086,1765.25,1371.84
2933,24,117,26.9631,1816.94,1386.33
2934,24,118,26.5173,1841.46,1400.21
2935,24,119,30.0263,1647.29,1425.12
2936,24,120,29.0648,1700.81,1439.76
2937,24,121,28.4312,1736.3,1453.93
2938,24,122,27.7294,1775.83,1468.21
2939,24,123,26.9483,1820.1,1482.63
2940,24,124,26.7297,1832.55,1496.46
2941,24,125,29.6748,1663.7,1519.65
2942,24,126,28.6678,1721.77,1534.61
2943,24,127,27.7478,1775.13,1549.42
2944,24,128,26.6127,1841.34,1564.78
2945,24,129,25.6779,1896.19,1579.69
2946,24,130,25.2796,1919.69,1593.76
2947,24,131,28.0868,1753.13,1617.54
2948,24,132,27.2046,1805.76,1632.46
2949,24,133,26.6168,1841.03,1646.84
2950,25,29,421.34,-8492.38,69.5543
2951,25,30,169.594,-1863.08,84.395
2952,25,31,84.2714,412.2,97.174
2953,25,32,0.997619,2660.59,109.478
2954,25,33,-25.97,3397.71,121.719
2955,25,34,-13.3661,3049,133.724
2956,25,35,89.5982,166,152.599
2957,25,36,58.1545,1056.9,165.715
2958,25,37,43.9385,1464.43,178.288
2959,25,38,26.8673,1959.5,190.037
2960,25,39,17.9593,2220.8,202.464
2961,25,40,13.3497,2357.55,214.727
2962,25,41,52.5363,1181.95,232.258
2963,25,42,37.4438,1639.76,245.553
2964,25,43,28.8411,1903.57,258.316
2965,25,44,11.2928,2447.57,272.572
2966,25,45,-6.40519,3002.11,287.214
2967,25,46,-5.04946,2959.17,299.692
2968,25,47,20.9239,2128.03,318.427
2969,25,48,15.5762,2300.94,331.366
2970,25,49,12.6651,2396.03,344.09
2971,25,50,7.14468,2578.21,357.128
2972,25,51,2.91306,2719.26,370.01
2973,25,52,2.68298,2727.01,382.548
2974,25,53,19.0361,2171,401.162
2975,25,54,14.2983,2333.66,414.384
2976,25,55,12.2003,2406.39,427.172
2977,25,56,7.30821,2577.62,440.592
2978,25,57,3.91257,2697.6,453.653
2979,25,58,5.21277,2651.22,466.338
2980,25,59,18.8224,2161.28,487.173
2981,25,60,16.5241,2244.78,500.205
2982,25,61,15.6026,2278.57,513.019
2983,25,62,13.7162,2348.37,525.974
2984,25,63,12.6713,2387.38,538.771
2985,25,64,13.1756,2368.38,551.49
2986,25,65,22.8948,1999.05,571.652
2987,25,66,20.0645,2107.54,585.135
2988,25,67,18.5688,2165.38,598.162
2989,25,68,16.0868,2262.18,611.589
2990,25,69,14.2973,2332.56,624.744
2991,25,70,14.4012,2328.44,637.528
2992,25,71,23.8812,1949.25,661.324
2993,25,72,22.4263,2007.92,674.556
2994,25,73,21.5681,2042.82,687.614
2995,25,74,20.7143,2077.83,700.663
2996,25,75,19.9387,2109.89,713.685
2997,25,76,20.4181,2089.92,726.632
2998,25,77,27.692,1784.41,749.084
2999,25,78,25.5115,1876.72,762.99
3000,25,79,24.5084,1919.52,776.234
3001,25,80,22.6591,1999.03,789.993
3002,25,81,21.0769,2067.6,803.595
3003,25,82,21.2443,2060.29,816.621
3004,25,83,28.5468,1738.98,842.594
3005,25,84,26.7863,1817.03,856.531
3006,25,85,25.926,1855.45,869.92
3007,25,86,25.2469,1886.01,883.235
3008,25,87,23.8917,1947.45,896.954
3009,25,88,23.9703,1943.86,910.122
3010,25,89,29.5059,1689.22,933.105
3011,25,90,28.2273,1748.47,946.915
3012,25,91,27.4222,1786.04,960.417
3013,25,92,26.076,1849.31,974.35
3014,25,93,24.6323,1917.64,988.429
3015,25,94,24.1928,1938.59,1001.77
3016,25,95,30.1457,1652.85,1029.37
3017,25,96,28.8742,1714.31,1043.43
3018,25,97,28.0253,1755.62,1057.16
3019,25,98,27.4522,1783.7,1070.73
3020,25,99,26.4431,1833.49,1084.62
3021,25,100,26.5317,1829.09,1098.03
3022,25,101,31.4774,1581.8,1123.6
3023,25,102,30.0525,1653.52,1138.13
3024,25,103,29.1775,1697.85,1152.05
3025,25,104,27.7668,1769.8,1166.66
3026,25,105,26.6883,1825.16,1180.86
3027,25,106,26.3736,1841.42,1194.44
3028,25,107,30.954,1603.24,1220.49
3029,25,108,29.8725,1659.84,1234.83
3030,25,109,29.151,1697.84,1248.8
3031,25,110,28.6463,1724.59,1262.6
3032,25,111,27.8993,1764.43,1276.62
3033,25,112,27.6473,1777.95,1290.29
3034,25,113,31.3506,1577.97,1313.92
3035,25,114,30.1457,1643.44,1328.68
3036,25,115,29.1211,1699.45,1343.19
3037,25,116,27.8797,1767.73,1358.13
3038,25,117,26.9144,1821.14,1372.61
3039,25,118,26.4601,1846.43,1386.51
3040,25,119,30.0442,1645.72,1411.32
3041,25,120,29.0624,1701.03,1425.95
3042,25,121,28.4157,1737.68,1440.13
3043,25,122,27.6999,1778.47,1454.41
3044,25,123,26.9036,1824.13,1468.83
3045,25,124,26.6815,1836.94,1482.67
3046,25,125,29.6859,1662.68,1505.79
3047,25,126,28.659,1722.59,1520.74
3048,25,127,27.7213,1777.6,1535.55
3049,25,128,26.5649,1845.83,1550.9
3050,25,129,25.6131,1902.3,1565.82
3051,25,130,25.2085,1926.44,1579.89
3052,25,131,28.0695,1754.78,1603.6
3053,25,132,27.1714,1808.97,1618.51
3054,25,133,26.5734,1845.24,1632.9
3055,26,30,206.38,-2917.6,73.1848
3056,26,31,80.3543,527.103,85.0727
3057,26,32,-25.5929,3458.31,98.2416
3058,26,33,-52.6548,4216.04,109.483
3059,26,34,-31.32,3611.56,121.634
3060,26,35,95.8279,-33.3503,140.117
3061,26,36,57.5345,1077.16,153.279
3062,26,37,41.0524,1560.63,165.91
3063,26,38,21.7989,2131.82,178.675
3064,26,39,12.3424,2415.51,190.135
3065,26,40,7.86714,2551.26,202.439
3066,26,41,52.6374,1178.31,219.801
3067,26,42,35.7574,1701.59,233.095
3068,26,43,26.3862,1995.22,245.876
3069,26,44,7.24912,2601.23,260.026
3070,26,45,-11.8143,3211.26,274.513
3071,26,46,-9.81429,3146.59,287.042
3072,26,47,18.9535,2206.84,305.704
3073,26,48,13.3121,2393.01,318.655
3074,26,49,10.347,2491.84,331.402
3075,26,50,4.57046,2686.32,344.432
3076,26,51,0.21135,2834.53,357.31
3077,26,52,0.164347,2836.15,369.88
3078,26,53,17.8654,2222.51,388.422
3079,26,54,12.8817,2396.94,401.641
3080,26,55,10.7382,2472.67,414.446
3081,26,56,5.62484,2655.05,427.843
3082,26,57,2.12218,2781.15,440.896
3083,26,58,3.60969,2727.1,453.616
3084,26,59,18.1142,2195.27,474.334
3085,26,60,15.725,2283.67,487.379
3086,26,61,14.7967,2318.33,500.215
3087,26,62,12.8519,2391.58,513.182
3088,26,63,11.7975,2431.65,525.996
3089,26,64,12.3725,2409.61,538.742
3090,26,65,22.6178,2013.45,558.789
3091,26,66,19.663,2128.69,572.274
3092,26,67,18.1151,2189.58,585.315
3093,26,68,15.5388,2291.77,598.739
3094,26,69,13.6929,2365.61,611.898
3095,26,70,13.8282,2360.15,624.705
3096,26,71,23.7453,1956.85,648.325
3097,26,72,22.2343,2018.8,661.571
3098,26,73,21.3483,2055.42,674.646
3099,26,74,20.4687,2092.08,687.711
3100,26,75,19.6719,2125.54,700.748
3101,26,76,20.1805,2104.01,713.716
3102,26,77,27.7434,1781.33,736.016
3103,26,78,25.4786,1878.71,749.926
3104,26,79,24.4396,1923.74,763.183
3105,26,80,22.5256,2007.31,776.944
3106,26,81,20.8916,2079.21,790.55
3107,26,82,21.0714,2071.24,803.594
3108,26,83,28.6316,1733.55,829.371
3109,26,84,26.8085,1815.59,843.314
3110,26,85,25.9188,1855.92,856.717
3111,26,86,25.2177,1887.94,870.045
3112,26,87,23.8198,1952.25,883.771
3113,26,88,23.9031,1948.38,896.955
3114,26,89,29.6138,1681.88,919.8
3115,26,90,28.2925,1743.98,933.619
3116,26,91,27.4611,1783.34,947.134
3117,26,92,26.0736,1849.48,961.073
3118,26,93,24.5875,1920.81,975.154
3119,26,94,24.1365,1942.61,988.507
3120,26,95,30.2611,1644.54,1015.91
3121,26,96,28.9506,1708.76,1029.99
3122,26,97,28.0759,1751.91,1043.73
3123,26,98,27.4858,1781.22,1057.31
3124,26,99,26.4485,1833.08,1071.21
3125,26,100,26.5393,1828.51,1084.63
3126,26,101,31.6149,1571.35,1110.04
3127,26,102,30.1495,1646.08,1124.57
3128,26,103,29.2495,1692.28,1138.51
3129,26,104,27.8013,1767.11,1153.12
3130,26,105,26.695,1824.64,1167.32
3131,26,106,26.3724,1841.52,1180.92
3132,26,107,31.0645,1594.4,1206.82
3133,26,108,29.9542,1653.25,1221.17
3134,26,109,29.2137,1692.74,1235.15
3135,26,110,28.6955,1720.55,1248.96
3136,26,111,27.9301,1761.88,1262.99
3137,26,112,27.6716,1775.93,1276.67
3138,26,113,31.4585,1568.91,1300.18
3139,26,114,30.224,1636.81,1314.95
3140,26,115,29.175,1694.85,1329.47
3141,26,116,27.9051,1765.55,1344.4
3142,26,117,26.9182,1820.81,1358.89
3143,26,118,26.4541,1846.95,1372.79
3144,26,119,30.1146,1639.52,1397.49
3145,26,120,29.1106,1696.75,1412.13
3146,26,121,28.4494,1734.66,1426.32
3147,26,122,27.7182,1776.83,1440.61
3148,26,123,26.9053,1823.98,1455.03
3149,26,124,26.6787,1837.19,1468.88
3150,26,125,29.7432,1657.41,1491.91
3151,26,126,28.6948,1719.26,1506.87
3152,26,127,27.7381,1776.03,1521.68
3153,26,128,26.5588,1846.39,1537.03
3154,26,129,25.5889,1904.59,1551.94
3155,26,130,25.1771,1929.44,1566.01
3156,26,131,28.0926,1752.56,1589.64
3157,26,132,27.1773,1808.4,1604.56
3158,26,133,26.5681,1845.76,1618.95
3159,27,31,-19.82,3498.94,73.4224
3160,27,32,-127.691,6555.3,85.1429
3161,27,33,-133.314,6716.49,97.2575
3162,27,34,-86.481,5358.32,108.672
3163,27,35,81.18,440.264,127.496
3164,27,36,38.1576,1716.6,140.593
3165,27,37,22.2018,2195.27,153.223
3166,27,38,2.88112,2781.33,165.923
3167,27,39,-5.11978,3026.69,178.362
3168,27,40,-7.73978,3107.91,189.671
3169,27,41,45.0807,1452.87,207.163
3170,27,42,27.0353,2024.31,220.382
3171,27,43,17.5877,2326.63,233.132
3172,27,44,-2.69804,2982.54,247.094
3173,27,45,-22.7211,3636.62,261.35
3174,27,46,-19.4304,3528.03,273.928
3175,27,47,12.993,2447.25,292.744
3176,27,48,7.38058,2636.2,305.678
3177,27,49,4.67352,2728.24,318.428
3178,27,50,-1.11165,2926.87,331.415
3179,27,51,-5.36492,3074.31,344.259
3180,27,52,-4.9866,3061.07,356.852
3181,27,53,14.4072,2375.82,375.475
3182,27,54,9.3145,2557.46,388.662
3183,27,55,7.26926,2631.09,401.468
3184,27,56,2.04623,2820.86,414.81
3185,27,57,-1.45153,2949.11,427.827
3186,27,58,0.352309,2882.37,440.589
3187,27,59,15.9333,2300.68,461.327
3188,27,60,13.5319,2391.13,474.369
3189,27,61,12.6758,2423.66,487.218
3190,27,62,10.7408,2497.84,500.18
3191,27,63,9.74348,2536.4,513.001
3192,27,64,10.4569,2508.58,525.775
3193,27,65,21.3258,2081.07,545.802
3194,27,66,18.2879,2201.57,559.269
3195,27,67,16.7316,2263.83,572.312
3196,27,68,14.0984,2370.03,585.715
3197,27,69,12.2337,2445.86,598.864
3198,27,70,12.4415,2437.34,611.691
3199,27,71,22.8609,2006.67,635.232
3200,27,72,21.3228,2070.76,648.481
3201,27,73,20.4379,2107.93,661.566
3202,27,74,19.5595,2145.11,674.639
3203,27,75,18.7673,2178.91,687.685
3204,27,76,19.3324,2154.61,700.674
3205,27,77,27.2251,1812.59,722.89
3206,27,78,24.8932,1914.42,736.787
3207,27,79,23.837,1960.9,750.051
3208,27,80,21.8745,2047.9,763.801
3209,27,81,20.2047,2122.48,777.399
3210,27,82,20.4155,2113,790.461
3211,27,83,28.264,1757.2,816.105
3212,27,84,26.3907,1842.74,830.043
3213,27,85,25.485,1884.41,843.453
3214,27,86,24.775,1917.3,856.791
3215,27,87,23.3457,1984.01,870.512
3216,27,88,23.4471,1979.24,883.712
3217,27,89,29.3536,1699.67,906.464
3218,27,90,27.9991,1764.23,920.285
3219,27,91,27.1511,1804.94,933.806
3220,27,92,25.7309,1873.58,947.742
3221,27,93,24.2107,1947.56,961.814
3222,27,94,23.7576,1969.76,975.177
3223,27,95,30.0707,1658.32,1002.44
3224,27,96,28.7281,1725,1016.51
3225,27,97,27.8351,1769.65,1030.26
3226,27,98,27.2352,1799.84,1043.85
3227,27,99,26.1764,1853.49,1057.75
3228,27,100,26.277,1848.36,1071.18
3229,27,101,31.495,1580.5,1096.48
3230,27,102,29.9942,1658.05,1111
3231,27,103,29.0748,1705.85,1124.95
3232,27,104,27.594,1783.35,1139.55
3233,27,105,26.4649,1842.81,1153.75
3234,27,106,26.14,1860.03,1167.35
3235,27,107,30.9537,1603.3,1193.14
3236,27,108,29.819,1664.2,1207.49
3237,27,109,29.0639,1704.97,1221.47
3238,27,110,28.537,1733.6,1235.29
3239,27,111,27.7572,1776.23,1249.32
3240,27,112,27.4967,1790.56,1263.01
3241,27,113,31.3747,1575.97,1286.44
3242,27,114,30.1141,1646.15,1301.21
3243,27,115,29.044,1706.08,1315.72
3244,27,116,27.7487,1779.04,1330.65
3245,27,117,26.7437,1836,1345.14
3246,27,118,26.2733,1862.81,1359.04
3247,27,119,30.0164,1648.2,1383.65
3248,27,120,28.9931,1707.21,1398.29
3249,27,121,28.3205,1746.22,1412.48
3250,27,122,27.5767,1789.61,1426.77
3251,27,123,26.7499,1838.12,1441.2
3252,27,124,26.5219,1851.57,1455.06
3253,27,125,29.6515,1665.88,1478.02
3254,27,126,28.584,1729.58,1492.97
3255,27,127,27.6104,1787.99,1507.78
3256,27,128,26.4106,1860.38,1523.11
3257,27,129,25.4247,1920.19,1538.02
3258,27,130,25.0081,1945.6,1552.1
3259,27,131,27.9824,1763.18,1575.67
3260,27,132,27.0519,1820.56,1590.57
3261,27,133,26.4337,1858.89,1604.97
3262,28,32,-282.14,11291.7,72.9124
3263,28,33,-238.154,10001.5,84.1021
3264,28,34,-147.986,7326.47,96.9604
3265,28,35,76.9667,577.9,114.825
3266,28,36,25.32,2144.52,127.94
3267,28,37,8.74061,2652.95,140.624
3268,28,38,-11.6455,3284.92,153.331
3269,28,39,-18.5587,3501.53,165.806
3270,28,40,-19.5143,3531.79,178.167
3271,28,41,42.5341,1546.25,194.575
3272,28,42,22.4221,2196.53,207.784
3273,28,43,12.3703,2524.89,220.55
3274,28,44,-9.68824,3252.82,234.397
3275,28,45,-31.1593,3968.53,248.491
3276,28,46,-26.634,3816.18,261.134
3277,28,47,9.75203,2579.05,279.918
3278,28,48,3.91377,2779.5,292.867
3279,28,49,1.27578,2870.95,305.644
3280,28,50,-4.717,3080.69,318.627
3281,28,51,-9.02426,3232.88,331.471
3282,28,52,-8.32292,3207.87,344.101
3283,28,53,12.8194,2446.75,362.662
3284,28,54,7.46703,2641.21,375.85
3285,28,55,5.40766,2716.72,388.676
3286,28,56,-0.0471921,2918.55,401.999
3287,28,57,-3.63858,3052.63,415.011
3288,28,58,-1.57726,2974.99,427.813
3289,28,59,15.0981,2341.33,448.433
3290,28,60,12.6018,2437.02,461.491
3291,28,61,11.7501,2469.95,474.364
3292,28,62,9.75742,2547.66,487.341
3293,28,63,8.75931,2586.92,500.182
3294,28,64,9.56449,2554.99,512.985
3295,28,65,21.0524,2095.47,532.893
3296,28,66,17.8727,2223.72,546.364
3297,28,67,16.2593,2289.33,559.423
3298,28,68,13.5208,2401.61,572.827
3299,28,69,11.5947,2481.22,585.983
3300,28,70,11.842,2470.92,598.833
3301,28,71,22.7623,2012.26,622.193
3302,28,72,21.1601,2080.09,635.457
3303,28,73,20.2438,2119.18,648.56
3304,28,74,19.3363,2158.21,661.651
3305,28,75,18.5204,2193.56,674.713
3306,28,76,19.1187,2167.44,687.724
3307,28,77,27.3357,1805.89,709.782
3308,28,78,24.9079,1913.52,723.685
3309,28,79,23.8106,1962.54,736.965
3310,28,80,21.775,2054.14,750.72
3311,28,81,20.0471,2132.47,764.323
3312,28,82,20.2712,2122.23,777.404
3313,28,83,28.4052,1748.07,802.845
3314,28,84,26.4612,1838.14,816.791
3315,28,85,25.5219,1881.98,830.216
3316,28,86,24.7865,1916.54,843.569
3317,28,87,23.3092,1986.46,857.299
3318,28,88,23.4151,1981.42,870.515
3319,28,89,29.5131,1688.71,893.125
3320,28,90,28.1106,1756.5,906.957
3321,28,91,27.2326,1799.23,920.492
3322,28,92,25.7663,1871.08,934.435
3323,28,93,24.1989,1948.4,948.511
3324,28,94,23.7326,1971.56,961.887
3325,28,95,30.2321,1646.59,988.952
3326,28,96,28.8459,1716.36,1003.04
3327,28,97,27.9241,1763.07,1016.8
3328,28,98,27.3048,1794.65,1030.4
3329,28,99,26.2146,1850.61,1044.3
3330,28,100,26.3169,1845.33,1057.75
3331,28,101,31.6748,1566.71,1082.89
3332,28,102,30.1292,1647.6,1097.42
3333,28,103,29.1821,1697.48,1111.38
3334,28,104,27.66,1778.15,1125.98
3335,28,105,26.5003,1840.01,1140.19
3336,28,106,26.1663,1857.93,1153.8
3337,28,107,31.0997,1591.53,1179.45
3338,28,108,29.9334,1654.9,1193.8
3339,28,109,29.157,1697.34,1207.79
3340,28,110,28.6152,1727.14,1221.63
3341,28,111,27.815,1771.41,1235.66
3342,28,112,27.547,1786.33,1249.36
3343,28,113,31.514,1564.18,1272.69
3344,28,114,30.2213,1637.01,1287.46
3345,28,115,29.1243,1699.17,1301.98
3346,28,116,27.7982,1774.75,1316.9
3347,28,117,26.7697,1833.72,1331.39
3348,28,118,26.2884,1861.48,1345.31
3349,28,119,30.1125,1639.68,1369.81
3350,28,120,29.0652,1700.77,1384.45
3351,28,121,28.3767,1741.16,1398.65
3352,28,122,27.6161,1786.04,1412.95
3353,28,123,26.7712,1836.17,1427.37
3354,28,124,26.5381,1850.08,1441.24
3355,28,125,29.7312,1658.49,1464.12
3356,28,126,28.6405,1724.3,1479.07
3357,28,127,27.6464,1784.61,1493.88
3358,28,128,26.4221,1859.29,1509.22
3359,28,129,25.4166,1920.96,1524.12
3360,28,130,24.9921,1947.14,1538.21
3361,28,131,28.0239,1759.16,1561.69
3362,28,132,27.0749,1818.32,1576.6
3363,28,133,26.4446,1857.82,1591.01
3364,29,33,-459.84,17021.5,70.2323
3365,29,34,-265.72,11133.2,83.4762
3366,29,35,57.1429,1232.09,103
3367,29,36,-2.45952,3079.76,115.109
3368,29,37,-16.55,3521.26,127.845
3369,29,38,-35.9552,4135.76,140.549
3370,29,39,-39.7055,4255.77,153.063
3371,29,40,-37.2958,4177.86,165.483
3372,29,41,37.0341,1749.75,182.895
3373,29,42,14.8347,2482.32,195.082
3374,29,43,4.45429,2828.34,207.86
3375,29,44,-19.3721,3630.49,221.578
3376,29,45,-42.2299,4407.66,235.498
3377,29,46,-35.9717,4192.8,248.217
3378,29,47,5.22737,2764.56,267.017
3379,29,48,-0.742256,2973.5,279.98
3380,29,49,-3.18805,3059.91,292.785
3381,29,50,-9.31982,3278.61,305.76
3382,29,51,-13.6014,3432.75,318.603
3383,29,52,-12.4602,3391.29,331.273
3384,29,53,10.7045,2541.92,349.797
3385,29,54,5.10311,2749.17,362.982
3386,29,55,3.0663,2825.21,375.829
3387,29,56,-2.61095,3039.05,389.13
3388,29,57,-6.2732,3178.22,402.135
3389,29,58,-3.89882,3087.2,414.98
3390,29,59,14.0022,2395.03,435.5
3391,29,60,11.4183,2495.8,448.572
3392,29,61,10.5867,2528.51,461.47
3393,29,62,8.54527,2609.48,474.46
3394,29,63,7.55938,2648.92,487.321
3395,29,64,8.47596,2611.95,500.154
3396,29,65,20.6437,2117.13,519.953
3397,29,66,17.3182,2253.48,533.428
3398,29,67,15.6505,2322.41,546.502
3399,29,68,12.8055,2440.95,559.906
3400,29,69,10.8203,2524.32,573.068
3401,29,70,11.1162,2511.8,585.942
3402,29,71,22.5782,2022.76,609.129
3403,29,72,20.9116,2094.42,622.408
3404,29,73,19.9656,2135.41,635.53
3405,29,74,19.0307,2176.24,648.638
3406,29,75,18.1931,2213.09,661.717
3407,29,76,18.8299,2184.86,674.749
3408,29,77,27.3941,1802.32,696.656
3409,29,78,24.8669,1916.05,710.564
3410,29,79,23.7281,1967.67,723.859
3411,29,80,21.6174,2064.06,737.617
3412,29,81,19.8303,2146.27,751.226
3413,29,82,20.0708,2135.13,764.325
3414,29,83,28.5078,1741.4,789.569
3415,29,84,26.4907,1836.2,803.523
3416,29,85,25.5174,1882.27,816.962
3417,29,86,24.7568,1918.53,830.33
3418,29,87,23.2305,1991.79,844.067
3419,29,88,23.3425,1986.38,857.3
3420,29,89,29.6428,1679.76,879.772
3421,29,90,28.1909,1750.91,893.614
3422,29,91,27.2825,1795.72,907.163
3423,29,92,25.7687,1870.9,921.113
3424,29,93,24.1531,1951.69,935.192
3425,29,94,23.674,1975.8,948.582
3426,29,95,30.3693,1636.57,975.455
3427,29,96,28.9383,1709.55,989.548
3428,29,97,27.9871,1758.38,1003.32
3429,29,98,27.3483,1791.39,1016.93
3430,29,99,26.2262,1849.74,1030.85
3431,29,100,26.331,1844.25,1044.31
3432,29,101,31.8353,1554.36,1069.3
3433,29,102,30.2436,1638.72,1083.83
3434,29,103,29.2682,1690.74,1097.8
3435,29,104,27.7038,1774.7,1112.4
3436,29,105,26.5128,1839.01,1126.61
3437,29,106,26.1699,1857.64,1140.24
3438,29,107,31.2281,1581.13,1165.74
3439,29,108,30.0294,1647.05,1180.1
3440,29,109,29.2315,1691.2,1194.1
3441,29,110,28.6747,1722.2,1207.95
3442,29,111,27.8538,1768.17,1221.99
3443,29,112,27.5785,1783.68,1235.71
3444,29,113,31.6381,1553.64,1258.92
3445,29,114,30.3124,1629.2,1273.69
3446,29,115,29.1881,1693.66,1288.22
3447,29,116,27.8304,1771.95,1303.14
3448,29,117,26.778,1832.99,1317.64
3449,29,118,26.2859,1861.7,1331.56
3450,29,119,30.1941,1632.42,1355.95
3451,29,120,29.1222,1695.66,1370.6
3452,29,121,28.4177,1737.46,1384.81
3453,29,122,27.6401,1783.86,1399.11
3454,29,123,26.7769,1835.65,1413.54
3455,29,124,26.5388,1850.01,1427.42
3456,29,125,29.7977,1652.31,1450.21
3457,29,126,28.6834,1720.28,1465.17
3458,29,127,27.6683,1782.54,1479.98
3459,29,128,26.4191,1859.57,1495.31
3460,29,129,25.3938,1923.14,1510.21
3461,29,130,24.9614,1950.09,1524.31
3462,29,131,28.0527,1756.37,1547.71
3463,29,132,27.0848,1817.35,1562.62
3464,29,133,26.4423,1858.04,1577.03
3465,30,34,41.14,1109.12,60.7989
3466,30,35,369.337,-9174.39,84.2094
3467,30,36,203.507,-3923.11,98.8472
3468,30,37,134.402,-1711.75,110.802
3469,30,38,77.14,139.729,123.853
3470,30,39,50.0206,1025.63,136.331
3471,30,40,36.5545,1470.01,148.545
3472,30,41,110.964,-1010.32,165.544
3473,30,42,73.9758,234.963,179.33
3474,30,43,53.6637,925.574,191.296
3475,30,44,20.0993,2077.95,205.751
3476,30,45,-10.5497,3140.45,220.31
3477,30,46,-7.28235,3026.09,232.83
3478,30,47,35.3067,1521.28,251.23
3479,30,48,25.5425,1869.54,264.287
3480,30,49,20.2236,2061.02,277.093
3481,30,50,11.2782,2386.03,290.199
3482,30,51,4.73484,2625.96,303.121
3483,30,52,4.38083,2639.06,315.696
3484,30,53,28.0724,1754.57,333.923
3485,30,54,20.6335,2034.77,347.257
3486,30,55,17.2454,2163.52,360.119
3487,30,56,10.0973,2437.53,373.6
3488,30,57,5.26574,2624.35,386.703
3489,30,58,7.00808,2556.4,399.42
3490,30,59,25.3754,1833.95,419.729
3491,30,60,21.891,1972.16,432.857
3492,30,61,20.3529,2033.69,445.741
3493,30,62,17.5959,2144.89,458.774
3494,30,63,16.0196,2208.99,471.632
3495,30,64,16.5051,2189.08,484.382
3496,30,65,28.9028,1676.65,504.004
3497,30,66,24.951,1841.3,517.606
3498,30,67,22.7939,1931.9,530.718
3499,30,68,19.4366,2074.03,544.234
3500,30,69,17.0207,2177.11,557.461
3501,30,70,17.0285,2176.77,570.285
3502,30,71,28.7548,1668.63,593.353
3503,30,72,26.7233,1757.34,606.68
3504,30,73,25.4702,1812.48,619.814
3505,30,74,24.2491,1866.61,632.937
3506,30,75,23.1482,1915.78,646.028
3507,30,76,23.6013,1895.4,658.998
3508,30,77,32.3235,1499.99,680.781
3509,30,78,29.4919,1629.3,694.807
3510,30,79,28.1226,1692.29,708.135
3511,30,80,25.7568,1801.9,721.99
3512,30,81,23.7417,1895.94,735.677
3513,30,82,23.8437,1891.15,748.74
3514,30,83,32.4534,1483.62,773.88
3515,30,84,30.2196,1590.1,787.922
3516,30,85,29.0783,1644.88,801.391
3517,30,86,28.1661,1688.97,814.778
3518,30,87,26.4695,1771.54,828.581
3519,30,88,26.4755,1771.24,841.789
3520,30,89,32.8815,1455.22,864.132
3521,30,90,31.2757,1534.97,878.036
3522,30,91,30.2385,1586.83,891.616
3523,30,92,28.5829,1670.16,905.635
3524,30,93,26.8288,1759.04,919.792
3525,30,94,26.2526,1788.42,933.192
3526,30,95,33.0727,1438.32,959.945
3527,30,96,31.5183,1518.63,974.101
3528,30,97,30.4632,1573.5,987.907
3529,30,98,29.7341,1611.65,1001.54
3530,30,99,28.5117,1676.03,1015.5
3531,30,100,28.5552,1673.73,1028.95
3532,30,101,34.1506,1375.31,1053.81
3533,30,102,32.4518,1466.48,1068.42
3534,30,103,31.3904,1523.79,1082.42
3535,30,104,29.7277,1614.13,1097.1
3536,30,105,28.4521,1683.87,1111.37
3537,30,106,28.0499,1705.99,1125
3538,30,107,33.1896,1421.59,1150.36
3539,30,108,31.9109,1492.77,1164.77
3540,30,109,31.046,1541.2,1178.81
3541,30,110,30.4306,1575.87,1192.68
3542,30,111,29.5469,1625.95,1206.75
3543,30,112,29.2242,1644.35,1220.47
3544,30,113,33.3412,1408.3,1243.56
3545,30,114,31.9442,1488.86,1258.4
3546,30,115,30.7559,1557.78,1272.97
3547,30,116,29.3309,1640.91,1287.96
3548,30,117,28.2205,1706.05,1302.5
3549,30,118,27.6849,1737.65,1316.44
3550,30,119,31.6489,1502.45,1340.7
3551,30,120,30.5215,1569.72,1355.39
3552,30,121,29.7713,1614.74,1369.63
3553,30,122,28.9478,1664.42,1383.97
3554,30,123,28.0384,1719.59,1398.44
3555,30,124,27.7687,1736.04,1412.32
3556,30,125,31.0699,1533.57,1435
3557,30,126,29.9064,1605.32,1450
3558,30,127,28.8457,1671.08,1464.85
3559,30,128,27.5474,1752.01,1480.24
3560,30,129,26.479,1818.96,1495.19
3561,30,130,26.0166,1848.09,1509.3
3562,30,131,29.1478,1649.78,1532.58
3563,30,132,28.1399,1713.95,1547.53
3564,30,133,27.4647,1757.16,1561.97
3565,31,35,513.3,-14021.1,72.1186
3566,31,36,244.206,-5320.42,86.392
3567,31,37,143.729,-2038.17,99.4995
3568,31,38,69.819,400.843,111.578
3569,31,39,38.3,1451.48,124.092
3570,31,40,24.4848,1916.59,136.354
3571,31,41,114.618,-1147.95,153.114
3572,31,42,70.8559,354.558,166.871
3573,31,43,47.8989,1150.4,179.838
3574,31,44,10.3631,2464.16,193.111
3575,31,45,-23.0743,3645.61,207.442
3576,31,46,-17.8329,3458.67,220.031
3577,31,47,31.0078,1700.4,238.418
3578,31,48,20.6363,2077.23,251.478
3579,31,49,15.274,2273.85,264.304
3580,31,50,5.92902,2619.61,277.386
3581,31,51,-0.728052,2868.15,290.291
3582,31,52,-0.617617,2863.99,302.901
3583,31,53,25.5688,1868.9,321.101
3584,31,54,17.7186,2169.83,334.418
3585,31,55,14.2926,2302.3,347.292
3586,31,56,6.82181,2593.66,360.732
3587,31,57,1.87497,2788.23,373.813
3588,31,58,3.98396,2704.58,386.573
3589,31,59,23.8265,1910.88,406.808
3590,31,60,20.2132,2056.61,419.943
3591,31,61,18.684,2118.8,432.846
3592,31,62,15.859,2234.63,445.884
3593,31,63,14.2924,2299.38,458.756
3594,31,64,14.9081,2273.72,471.536
3595,31,65,28.1055,1719.43,491.075
3596,31,66,23.9785,1894.14,504.668
3597,31,67,21.7573,1988.91,517.789
3598,31,68,18.2779,2138.53,531.292
3599,31,69,15.7975,2246.01,544.515
3600,31,70,15.8669,2242.98,557.362
3601,31,71,28.2218,1699.37,580.29
3602,31,72,26.119,1792.59,593.626
3603,31,73,24.8357,1849.91,606.775
3604,31,74,23.588,1906.06,619.91
3605,31,75,22.4675,1956.85,633.013
3606,31,76,22.9699,1933.91,646.006
3607,31,77,32.0901,1514.38,667.665
3608,31,78,29.1503,1650.59,681.686
3609,31,79,27.739,1716.45,695.024
3610,31,80,25.2939,1831.37,708.873
3611,31,81,23.2179,1929.63,722.556
3612,31,82,23.344,1923.63,735.638
3613,31,83,32.2975,1493.86,760.61
3614,31,84,29.9867,1605.55,774.651
3615,31,85,28.8124,1662.7,788.131
3616,31,86,27.8771,1708.53,801.53
3617,31,87,26.1311,1794.66,815.333
3618,31,88,26.149,1793.77,828.558
3619,31,89,32.7832,1462.06,850.786
3620,31,90,31.1272,1545.41,864.695
3621,31,91,30.0608,1599.45,878.284
3622,31,92,28.3575,1686.31,892.303
3623,31,93,26.5549,1778.85,906.455
3624,31,94,25.9693,1809.1,919.866
3625,31,95,33.0079,1443.09,946.452
3626,31,96,31.4084,1526.8,960.611
3627,31,97,30.3251,1583.86,974.424
3628,31,98,29.5786,1623.42,988.068
3629,31,99,28.3253,1690.26,1002.04
3630,31,100,28.3753,1687.58,1015.49
3631,31,101,34.1334,1376.64,1040.22
3632,31,102,32.3879,1471.48,1054.83
3633,31,103,31.2992,1531,1068.84
3634,31,104,29.594,1624.79,1083.52
3635,31,105,28.2879,1697.05,1097.78
3636,31,106,27.8795,1719.79,1111.42
3637,31,107,33.1571,1424.24,1136.66
3638,31,108,31.8465,1498.07,1151.07
3639,31,109,30.9613,1548.23,1165.12
3640,31,110,30.3327,1584.07,1178.99
3641,31,111,29.4295,1635.85,1193.07
3642,31,112,29.1018,1654.75,1206.8
3643,31,113,33.321,1410.03,1229.8
3644,31,114,31.8912,1493.44,1244.63
3645,31,115,30.6762,1564.72,1259.21
3646,31,116,29.2199,1650.64,1274.19
3647,31,117,28.0866,1717.88,1288.73
3648,31,118,27.5418,1750.39,1302.68
3649,31,119,31.5981,1507.01,1326.84
3650,31,120,30.4468,1576.47,1341.53
3651,31,121,29.6817,1622.89,1355.78
3652,31,122,28.8422,1674.1,1370.12
3653,31,123,27.9156,1730.93,1384.58
3654,31,124,27.6428,1747.75,1398.48
3655,31,125,31.0161,1538.6,1421.08
3656,31,126,29.8295,1612.57,1436.08
3657,31,127,28.7485,1680.32,1450.93
3658,31,128,27.4257,1763.65,1466.31
3659,31,129,26.3382,1832.53,1481.25
3660,31,130,25.8693,1862.38,1495.37
3661,31,131,29.0654,1657.83,1518.58
3662,31,132,28.0394,1723.84,1533.53
3663,31,133,27.3531,1768.22,1547.97
3664,32,36,348.62,-8940.12,74.5725
3665,32,37,179.846,-3314.31,86.9843
3666,32,38,74.5,232.329,100.187
3667,32,39,33.931,1611.68,111.798
3668,32,40,18.0167,2158.07,124.151
3669,32,41,127.47,-1636.33,140.531
3670,32,42,73.4145,255.625,154.335
3671,32,43,46.2049,1217.03,167.347
3672,32,44,3.15495,2752.48,181.507
3673,32,45,-34.0295,4091.12,194.669
3674,32,46,-26.6286,3822.22,207.339
3675,32,47,29.4168,1767.23,225.594
3676,32,48,18.0123,2189.19,238.683
3677,32,49,12.3457,2400.74,251.547
3678,32,50,2.32526,2778.18,264.634
3679,32,51,-4.63714,3042.75,277.549
3680,32,52,-4.1439,3023.84,290.203
3681,32,53,24.7436,1906.86,308.287
3682,32,54,16.2826,2236.84,321.612
3683,32,55,12.6908,2378.12,334.513
3684,32,56,4.75046,2693.08,347.939
3685,32,57,-0.417573,2899.81,361.019
3686,32,58,2.01746,2801.59,373.823
3687,32,59,23.4178,1931.31,393.898
3688,32,60,19.5834,2088.52,407.054
3689,32,61,17.9943,2154.2,419.985
3690,32,62,15.0315,2277.65,433.041
3691,32,63,13.4188,2345.39,445.936
3692,32,64,14.1247,2315.5,458.747
3693,32,65,28.1445,1717.33,478.145
3694,32,66,23.7794,1905.02,491.745
3695,32,67,21.4459,2006.14,504.885
3696,32,68,17.7953,2165.56,518.391
3697,32,69,15.2097,2279.32,531.623
3698,32,70,15.3128,2274.75,544.496
3699,32,71,28.3132,1694.07,567.221
3700,32,72,26.1034,1793.51,580.575
3701,32,73,24.7597,1854.42,593.744
3702,32,74,23.4574,1913.89,606.899
3703,32,75,22.292,1967.5,620.021
3704,32,76,22.8245,1942.83,633.036
3705,32,77,32.3476,1498.42,654.528
3706,32,78,29.2717,1642.98,668.555
3707,32,79,27.7966,1712.81,681.91
3708,32,80,25.2493,1834.23,695.765
3709,32,81,23.0921,1937.77,709.454
3710,32,82,23.228,1931.2,722.556
3711,32,83,32.5303,1478.49,747.318
3712,32,84,30.1235,1596.42,761.368
3713,32,85,28.9007,1656.75,774.864
3714,32,86,27.9282,1705.05,788.278
3715,32,87,26.118,1795.56,802.09
3716,32,88,26.137,1794.6,815.333
3717,32,89,33.0004,1446.86,837.416
3718,32,90,31.2809,1534.55,851.337
3719,32,91,30.1738,1591.38,864.94
3720,32,92,28.411,1682.46,878.966
3721,32,93,26.5485,1779.31,893.122
3722,32,94,25.9445,1810.92,906.548
3723,32,95,33.2039,1428.6,932.936
3724,32,96,31.5491,1516.3,947.104
3725,32,97,30.4286,1576.06,960.93
3726,32,98,29.6568,1617.48,974.587
3727,32,99,28.3644,1687.27,988.564
3728,32,100,28.4147,1684.54,1002.04
3729,32,101,34.3362,1360.83,1026.61
3730,32,102,32.5358,1459.85,1041.22
3731,32,103,31.4127,1521.99,1055.24
3732,32,104,29.6577,1619.69,1069.92
3733,32,105,28.3146,1694.9,1084.19
3734,32,106,27.8945,1718.56,1097.85
3735,32,107,33.3107,1411.65,1122.94
3736,32,108,31.962,1488.52,1137.36
3737,32,109,31.0512,1540.74,1151.41
3738,32,110,30.4043,1578.05,1165.29
3739,32,111,29.4768,1631.84,1179.39
3740,32,112,29.1398,1651.5,1193.13
3741,32,113,33.461,1397.99,1216.02
3742,32,114,31.9934,1484.58,1230.85
3743,32,115,30.747,1558.53,1245.43
3744,32,116,29.2548,1647.56,1260.41
3745,32,117,28.0943,1717.2,1274.95
3746,32,118,27.5369,1750.83,1288.91
3747,32,119,31.6854,1499.15,1312.97
3748,32,120,30.5063,1571.08,1327.67
3749,32,121,29.7229,1619.13,1341.92
3750,32,122,28.8641,1672.09,1356.26
3751,32,123,27.9168,1730.82,1370.73
3752,32,124,27.6381,1748.19,1384.64
3753,32,125,31.0833,1532.29,1407.16
3754,32,126,29.8703,1608.71,1422.16
3755,32,127,28.7659,1678.65,1437.01
3756,32,128,27.4155,1764.63,1452.38
3757,32,129,26.306,1835.64,1467.33
3758,32,130,25.8283,1866.37,1481.45
3759,32,131,29.0892,1655.5,1504.58
3760,32,132,28.0423,1723.55,1519.53
3761,32,133,27.3425,1769.27,1533.98
3762,33,37,80.5,229.02,75.1275
3763,33,38,-26.8457,3914.56,87.0371
3764,33,39,-50.05,4718.97,99.504
3765,33,40,-48.9476,4680.39,110.794
3766,33,41,99.71,-572.181,127.726
3767,33,42,40.3952,1543.38,141.288
3768,33,43,14.2418,2484.9,154.164
3769,33,44,-30.6559,4116.19,167.962
3770,33,45,-68.3593,5498.65,181.741
3771,33,46,-54.9969,5004.24,193.515
3772,33,47,12.3036,2491.68,212.285
3773,33,48,1.61265,2894.38,225.317
3774,33,49,-2.79118,3061.72,238.16
3775,33,50,-12.2431,3424.05,251.159
3776,33,51,-18.4049,3662.3,264.003
3777,33,52,-16.4856,3587.45,276.679
3778,33,53,16.3286,2296.76,295.036
3779,33,54,7.86335,2632.54,308.292
3780,33,55,4.6913,2759.43,321.174
3781,33,56,-3.24409,3079.49,334.504
3782,33,57,-8.186,3280.46,347.519
3783,33,58,-4.96609,3148.44,360.375
3784,33,59,18.5368,2176.99,380.627
3785,33,60,14.7772,2333.64,393.76
3786,33,61,13.41,2391.06,406.694
3787,33,62,10.5552,2511.91,419.728
3788,33,63,9.12726,2572.84,432.617
3789,33,64,10.1455,2529.05,445.456
3790,33,65,25.2561,1874.26,464.935
3791,33,66,20.8042,2068.66,478.495
3792,33,67,18.5073,2169.72,491.621
3793,33,68,14.8171,2333.32,505.083
3794,33,69,12.2528,2447.86,518.287
3795,33,70,12.5169,2435.98,531.177
3796,33,71,26.3274,1809.9,553.929
3797,33,72,24.1064,1911.33,567.273
3798,33,73,22.7946,1971.67,580.443
3799,33,74,21.5239,2030.55,593.597
3800,33,75,20.3942,2083.27,606.717
3801,33,76,21.0371,2053.05,619.757
3802,33,77,31.0629,1578.5,641.236
3803,33,78,27.9091,1728.83,655.234
3804,33,79,26.4292,1799.86,668.586
3805,33,80,23.8328,1925.35,682.414
3806,33,81,21.6453,2031.81,696.08
3807,33,82,21.8446,2022.05,709.199
3808,33,83,31.566,1542.46,733.903
3809,33,84,29.1037,1664.75,747.934
3810,33,85,27.8731,1726.28,761.43
3811,33,86,26.9027,1775.13,774.847
3812,33,87,25.064,1868.29,788.643
3813,33,88,25.1213,1865.36,801.901
3814,33,89,32.2611,1498.85,823.945
3815,33,90,30.5078,1589.44,837.856
3816,33,91,29.3894,1647.6,851.459
3817,33,92,27.594,1741.56,865.47
3818,33,93,25.6972,1841.46,879.606
3819,33,94,25.1012,1873.04,893.035
3820,33,95,32.6178,1472.16,919.338
3821,33,96,30.9296,1562.76,933.496
3822,33,97,29.7938,1624.09,947.321
3823,33,98,29.0178,1666.25,960.981
3824,33,99,27.7059,1737.98,974.951
3825,33,100,27.777,1734.06,988.436
3826,33,101,33.8886,1395.88,1012.93
3827,33,102,32.0496,1498.26,1027.53
3828,33,103,30.9086,1562.16,1041.55
3829,33,104,29.1188,1662.98,1056.21
3830,33,105,27.7537,1740.34,1070.47
3831,33,106,27.3374,1764.06,1084.13
3832,33,107,32.9128,1444.41,1109.15
3833,33,108,31.5392,1523.62,1123.56
3834,33,109,30.6157,1577.18,1137.61
3835,33,110,29.9634,1615.23,1151.5
3836,33,111,29.0236,1670.37,1165.59
3837,33,112,28.6895,1690.08,1179.34
3838,33,113,33.1285,1426.7,1202.18
3839,33,114,31.6332,1515.92,1217
3840,33,115,30.3655,1591.98,1231.57
3841,33,116,28.8468,1683.61,1246.54
3842,33,117,27.6686,1755.09,1261.07
3843,33,118,27.1081,1789.28,1275.03
3844,33,119,31.3619,1528.38,1299.03
3845,33,120,30.1632,1602.29,1313.72
3846,33,121,29.37,1651.48,1327.97
3847,33,122,28.4999,1705.71,1342.31
3848,33,123,27.5399,1765.87,1356.78
3849,33,124,27.2633,1783.3,1370.69
3850,33,125,30.7906,1559.9,1393.17
3851,33,126,29.558,1638.37,1408.15
3852,33,127,28.437,1710.12,1423
3853,33,128,27.0653,1798.37,1438.35
3854,33,129,25.9401,1871.13,1453.28
3855,33,130,25.4602,1902.33,1467.41
3856,33,131,28.7943,1684.49,1490.5
3857,33,132,27.7324,1754.23,1505.44
3858,33,133,27.0249,1800.92,1519.88
3859,34,38,-248.74,12050.7,73.9309
3860,34,39,-205.714,10530.4,85.3023
3861,34,40,-159.821,8893.59,97.6459
3862,34,41,53.719,1206.14,114.711
3863,34,42,-8.55667,3468.82,128.016
3864,34,43,-30.1503,4260.59,140.763
3865,34,44,-75.14,5925.21,154.186
3866,34,45,-111.713,7290.61,167.569
3867,34,46,-89.6253,6458.63,180.529
3868,34,47,-7.76352,3347.88,198.933
3869,34,48,-17.2043,3709.78,211.926
3870,34,49,-19.8065,3810.39,224.766
3871,34,50,-28.3686,4144.32,237.694
3872,34,51,-33.4233,4343.14,250.487
3873,34,52,-29.7211,4196.28,263.206
3874,34,53,7.69805,2699.52,281.819
3875,34,54,-0.751429,3040.31,295.021
3876,34,55,-3.42868,3149.19,307.899
3877,34,56,-11.348,3473.88,321.151
3878,34,57,-16.0264,3667.25,334.115
3879,34,58,-11.9217,3496.22,347.035
3880,34,59,13.9241,2410.7,367.413
3881,34,60,10.2277,2567.18,380.536
3882,34,61,9.08779,2615.82,393.482
3883,34,62,6.33429,2734.22,406.505
3884,34,63,5.0925,2788.03,419.398
3885,34,64,6.43677,2729.33,432.272
3886,34,65,22.7236,2012.71,451.787
3887,34,66,18.1553,2215.23,465.317
3888,34,67,15.8792,2316.9,478.439
3889,34,68,12.1283,2485.69,491.87
3890,34,69,9.57089,2601.63,505.056
3891,34,70,9.99426,2582.29,517.968
3892,34,71,24.6644,1907.47,540.691
3893,34,72,22.4147,2011.7,554.034
3894,34,73,21.1219,2072.03,567.211
3895,34,74,19.8708,2130.83,580.371
3896,34,75,18.766,2183.13,593.497
3897,34,76,19.5146,2147.44,606.562
3898,34,77,30.0653,1641.01,627.989
3899,34,78,26.8157,1798.07,641.967
3900,34,79,25.319,1870.91,655.322
3901,34,80,22.6593,2001.24,669.131
3902,34,81,20.4296,2111.24,682.782
3903,34,82,20.6866,2098.47,695.92
3904,34,83,30.8432,1590.65,720.525
3905,34,84,28.3127,1718.01,734.545
3906,34,85,27.0652,1781.22,748.046
3907,34,86,26.0887,1831.02,761.47
3908,34,87,24.212,1927.36,775.256
3909,34,88,24.3024,1922.69,788.531
3910,34,89,31.7264,1536.64,810.506
3911,34,90,29.9304,1630.63,824.413
3912,34,91,28.7933,1690.52,838.021
3913,34,92,26.9572,1787.83,852.023
3914,34,93,25.0185,1891.23,866.145
3915,34,94,24.4252,1923.07,879.582
3916,34,95,32.206,1502.9,905.766
3917,34,96,30.4773,1596.83,919.92
3918,34,97,29.3201,1660.09,933.748
3919,34,98,28.5349,1703.28,947.415
3920,34,99,27.1978,1777.27,961.381
3921,34,100,27.2862,1772.34,974.881
3922,34,101,33.592,1419.22,999.279
3923,34,102,31.7083,1525.33,1013.87
3924,34,103,30.5444,1591.29,1027.89
3925,34,104,28.7145,1695.59,1042.54
3926,34,105,27.3227,1775.39,1056.79
3927,34,106,26.9068,1799.37,1070.46
3928,34,107,32.6446,1466.58,1095.38
3929,34,108,31.2414,1548.43,1109.79
3930,34,109,30.3015,1603.58,1123.85
3931,34,110,29.6404,1642.58,1137.74
3932,34,111,28.6847,1699.28,1151.83
3933,34,112,28.3508,1719.21,1165.59
3934,34,113,32.9093,1445.7,1188.36
3935,34,114,31.3825,1537.82,1203.17
3936,34,115,30.0899,1616.23,1217.74
3937,34,116,28.5413,1710.7,1232.69
3938,34,117,27.3423,1784.23,1247.22
3939,34,118,26.7763,1819.14,1261.18
3940,34,119,31.1367,1548.79,1285.11
3941,34,120,29.9157,1624.9,1299.8
3942,34,121,29.11,1675.39,1314.05
3943,34,122,28.2263,1731.07,1328.39
3944,34,123,27.2509,1792.84,1342.85
3945,34,124,26.9746,1810.43,1356.77
3946,34,125,30.585,1579.37,1379.2
3947,34,126,29.3303,1660.09,1394.18
3948,34,127,28.1902,1733.81,1409.01
3949,34,128,26.7948,1824.51,1424.35
3950,34,129,25.6519,1899.18,1439.27
3951,34,130,25.1679,1930.96,1453.4
3952,34,131,28.5761,1706.02,1476.44
3953,34,132,27.4972,1777.59,1491.38
3954,34,133,26.7802,1825.39,1505.82
3955,35,39,-442.82,19461.4,71.4614
3956,35,40,-302.594,14366.6,83.5067
3957,35,41,12.75,2803.93,102.794
3958,35,42,-54.8524,5305.22,114.975
3959,35,43,-70.9567,5906.44,127.706
3960,35,44,-116.783,7632.57,140.883
3961,35,45,-152.435,8987.33,153.988
3962,35,46,-119.878,7739.34,167.19
3963,35,47,-20.7681,3907.08,186.844
3964,35,48,-29.6998,4255.41,198.86
3965,35,49,-30.9829,4305.88,211.746
3966,35,50,-39.2182,4632.55,224.674
3967,35,51,-43.5912,4807.47,237.477
3968,35,52,-38.3478,4595.98,250.264
3969,35,53,3.91825,2877.17,268.852
3970,35,54,-4.9982,3242.74,282.059
3971,35,55,-7.52597,3347.22,294.967
3972,35,56,-15.7928,3691.67,308.201
3973,35,57,-20.4915,3889.02,321.167
3974,35,58,-15.6726,3685.02,334.145
3975,35,59,12.5409,2481.24,354.398
3976,35,60,8.6666,2647.84,367.543
3977,35,61,7.55788,2695.88,380.521
3978,35,62,4.71697,2819.93,393.564
3979,35,63,3.50108,2873.43,406.485
3980,35,64,5.04107,2805.16,419.395
3981,35,65,22.4687,2026.73,438.776
3982,35,66,17.6309,2244.43,452.315
3983,35,67,15.2485,2352.43,465.458
3984,35,68,11.3141,2532.1,478.894
3985,35,69,8.65709,2654.32,492.091
3986,35,70,9.15475,2631.26,505.032
3987,35,71,24.6632,1907.54,527.555
3988,35,72,22.2952,2018.83,540.917
3989,35,73,20.9422,2082.87,554.116
3990,35,74,19.6376,2145.06,567.297
3991,35,75,18.4903,2200.13,580.444
3992,35,76,19.2876,2161.59,593.534
3993,35,77,30.3396,1623.73,614.791
3994,35,78,26.9299,1790.81,628.778
3995,35,79,25.3616,1868.18,642.152
3996,35,80,22.5844,2006.11,655.968
3997,35,81,20.263,2122.18,669.627
3998,35,82,20.5376,2108.36,682.787
3999,35,83,31.1148,1572.45,707.177
4000,35,84,28.4722,1707.22,721.208
4001,35,85,27.1696,1774.09,734.726
4002,35,86,26.1515,1826.69,748.168
4003,35,87,24.2016,1928.08,761.965
4004,35,88,24.2957,1923.16,775.258
4005,35,89,31.99,1517.93,797.085
4006,35,90,30.1204,1617.01,811.006
4007,35,91,28.9368,1680.14,824.63
4008,35,92,27.0324,1782.34,838.641
4009,35,93,25.0254,1890.72,852.767
4010,35,94,24.4121,1924.04,866.22
4011,35,95,32.4485,1484.72,892.202
4012,35,96,30.6562,1583.3,906.367
4013,35,97,29.4566,1649.68,920.209
4014,35,98,28.6425,1694.99,933.89
4015,35,99,27.261,1772.36,947.867
4016,35,100,27.3502,1767.33,961.382
4017,35,101,33.8423,1399.44,985.62
4018,35,102,31.8958,1510.4,1000.22
4019,35,103,30.6928,1579.37,1014.25
4020,35,104,28.8063,1688.16,1028.9
4021,35,105,27.3727,1771.3,1043.16
4022,35,106,26.9439,1796.32,1056.85
4023,35,107,32.8378,1450.54,1081.62
4024,35,108,31.3915,1535.87,1096.03
4025,35,109,30.4225,1593.37,1110.1
4026,35,110,29.7409,1634.04,1124.01
4027,35,111,28.7578,1693.02,1138.11
4028,35,112,28.4134,1713.8,1151.88
4029,35,113,33.0857,1430.35,1174.53
4030,35,114,31.5163,1526.08,1189.35
4031,35,115,30.1885,1607.52,1203.93
4032,35,116,28.5998,1705.49,1218.88
4033,35,117,27.3704,1781.71,1233.41
4034,35,118,26.7903,1817.88,1247.39
4035,35,119,31.253,1538.21,1271.2
4036,35,120,30.0009,1617.09,1285.89
4037,35,121,29.1747,1669.42,1300.15
4038,35,122,28.2694,1727.06,1314.5
4039,35,123,27.2712,1790.94,1328.97
4040,35,124,26.9883,1809.14,1342.9
4041,35,125,30.6777,1570.56,1365.24
4042,35,126,29.3937,1654.02,1380.22
4043,35,127,28.2277,1730.2,1395.06
4044,35,128,26.8019,1823.83,1410.39
4045,35,129,25.6347,1900.86,1425.31
4046,35,130,25.1411,1933.61,1439.45
4047,35,131,28.6201,1701.67,1462.41
4048,35,132,27.5182,1775.5,1477.35
4049,35,133,26.7863,1824.78,1491.79
4050,36,40,18.6,1947.04,51.6486
4051,36,41,331.994,-9753.01,83.2164
4052,36,42,153.864,-3043.45,98.451
4053,36,43,81.5548,-295.688,110.463
4054,36,44,-8.34667,3150.53,124.71
4055,36,45,-72.8158,5643.34,138.527
4056,36,46,-48.8164,4707.36,151.159
4057,36,47,54.9685,625.156,170.4
4058,36,48,33.011,1496.14,183.498
4059,36,49,22.5859,1913.14,195.306
4060,36,50,6.11,2577.67,208.341
4061,36,51,-4.47559,3008.15,221.159
4062,36,52,-3.21716,2956.55,233.705
4063,36,53,39.8417,1176.79,252.009
4064,36,54,26.2053,1744.97,265.406
4065,36,55,20.3044,1992.81,278.293
4066,36,56,8.59974,2488.31,291.745
4067,36,57,1.25635,2801.63,304.794
4068,36,58,4.60316,2657.71,317.54
4069,36,59,33.4782,1406.46,337.657
4070,36,60,27.6189,1662.32,350.864
4071,36,61,24.967,1779,363.799
4072,36,62,20.6261,1971.45,376.879
4073,36,63,18.187,2080.39,389.769
4074,36,64,18.8204,2051.89,402.536
4075,36,65,36.4913,1250.81,421.786
4076,36,66,30.4366,1527.31,435.499
4077,36,67,27.105,1680.56,448.682
4078,36,68,22.2136,1907.2,462.259
4079,36,69,18.7591,2068.41,475.528
4080,36,70,18.708,2070.81,488.383
4081,36,71,34.5473,1321.08,510.877
4082,36,72,31.517,1465.52,524.298
4083,36,73,29.6074,1557.18,537.507
4084,36,74,27.7915,1644.95,550.698
4085,36,75,26.1792,1723.42,563.85
4086,36,76,26.6403,1700.82,576.848
4087,36,77,37.8685,1146.9,598.034
4088,36,78,33.95,1341.52,612.178
4089,36,79,31.9913,1439.46,625.59
4090,36,80,28.796,1600.28,639.53
4091,36,81,26.1036,1736.7,653.286
4092,36,82,26.1414,1734.77,666.39
4093,36,83,36.9258,1181.17,690.746
4094,36,84,33.9382,1335.53,704.891
4095,36,85,32.3648,1417.35,718.442
4096,36,86,31.103,1483.38,731.903
4097,36,87,28.8878,1600.05,745.781
4098,36,88,28.8086,1604.25,759.037
4099,36,89,36.6207,1187.61,780.763
4100,36,90,34.5147,1300.63,794.761
4101,36,91,33.1319,1375.3,808.421
4102,36,92,31.0135,1490.4,822.518
4103,36,93,28.8,1611.4,836.74
4104,36,94,28.0379,1653.31,850.201
4105,36,95,36.2213,1200.5,876.109
4106,36,96,34.2466,1310.43,890.35
4107,36,97,32.8924,1386.26,904.233
4108,36,98,31.9435,1439.72,917.937
4109,36,99,30.4156,1526.3,931.969
4110,36,100,30.4105,1526.59,945.461
4111,36,101,37.0066,1148.41,969.597
4112,36,102,34.9076,1269.46,984.287
4113,36,103,33.5805,1346.42,998.365
4114,36,104,31.5557,1464.54,1013.11
4115,36,105,30.0026,1555.65,1027.42
4116,36,106,29.4876,1586.04,1041.12
4117,36,107,35.4746,1230.81,1065.78
4118,36,108,33.9165,1323.78,1080.26
4119,36,109,32.853,1387.59,1094.36
4120,36,110,32.0884,1433.72,1108.29
4121,36,111,31.0176,1498.68,1122.43
4122,36,112,30.6056,1523.81,1136.2
4123,36,113,35.3415,1233.34,1158.74
4124,36,114,33.6753,1336.09,1173.63
4125,36,115,32.2603,1423.82,1188.26
4126,36,116,30.5812,1528.49,1203.29
4127,36,117,29.2735,1610.43,1217.88
4128,36,118,28.6335,1650.75,1231.87
4129,36,119,33.1586,1364.17,1255.57
4130,36,120,31.8322,1448.61,1270.31
4131,36,121,30.9442,1505.44,1284.6
4132,36,122,29.9774,1567.64,1298.99
4133,36,123,28.9177,1636.17,1313.5
4134,36,124,28.5915,1657.38,1327.44
4135,36,125,32.3272,1413.31,1349.66
4136,36,126,30.9788,1501.86,1364.7
4137,36,127,29.753,1582.76,1379.59
4138,36,128,28.2637,1681.55,1394.99
4139,36,129,27.0406,1763.09,1409.96
4140,36,130,26.5069,1798.84,1424.11
4141,36,131,30.0299,1561.62,1446.96
4142,36,132,28.8763,1639.69,1461.94
4143,36,133,28.1017,1692.36,1476.42
4144,37,41,444.56,-14218.1,71.5799
4145,37,42,169.531,-3675.36,86.1506
4146,37,43,72.0857,92.5429,99.2023
4147,37,44,-37.9238,4382.91,112.167
4148,37,45,-110.147,7223.68,125.673
4149,37,46,-73.8812,5785.15,138.5
4150,37,47,53.3309,696.665,157.572
4151,37,48,27.9867,1718.88,170.711
4152,37,49,16.7308,2176.62,183.571
4153,37,50,-1.26242,2914.34,195.609
4154,37,51,-12.2764,3369.59,208.439
4155,37,52,-9.88559,3269.97,221.047
4156,37,53,39.0235,1215.79,239.2
4157,37,54,23.9628,1853.36,252.605
4158,37,55,17.6768,2121.56,265.524
4159,37,56,5.06451,2663.89,278.954
4160,37,57,-2.64156,2997.82,292
4161,37,58,1.36386,2822.92,304.8
4162,37,59,33.0314,1429.54,324.732
4163,37,60,26.7211,1709.3,337.962
4164,37,61,23.9289,1834.02,350.929
4165,37,62,19.3339,2040.79,364.027
4166,37,63,16.8099,2155.22,376.943
4167,37,64,17.5869,2119.73,389.747
4168,37,65,36.5615,1246.9,408.843
4169,37,66,30.0985,1546.35,422.561
4170,37,67,26.5738,1710.84,435.763
4171,37,68,21.4098,1953.55,449.339
4172,37,69,17.7947,2124.66,462.615
4173,37,70,17.7973,2124.54,475.498
4174,37,71,34.5937,1318.31,497.783
4175,37,72,31.3926,1473.03,511.222
4176,37,73,29.3865,1570.66,524.452
4177,37,74,27.4866,1663.75,537.663
4178,37,75,25.8072,1746.61,550.834
4179,37,76,26.3101,1721.63,563.857
4180,37,77,38.102,1132.03,584.875
4181,37,78,33.9858,1339.22,599.023
4182,37,79,31.9343,1443.16,612.452
4183,37,80,28.5964,1613.39,626.393
4184,37,81,25.7932,1757.29,640.152
4185,37,82,25.8461,1754.55,653.277
4186,37,83,37.102,1169.25,677.426
4187,37,84,33.9826,1332.5,691.577
4188,37,85,32.3432,1418.84,705.143
4189,37,86,31.0318,1488.35,718.62
4190,37,87,28.7324,1610.98,732.503
4191,37,88,28.6562,1615.07,745.779
4192,37,89,36.7688,1176.99,767.366
4193,37,90,34.5794,1295.95,781.374
4194,37,91,33.1439,1374.42,795.047
4195,37,92,30.9494,1495.12,809.148
4196,37,93,28.6605,1621.77,823.37
4197,37,94,27.877,1665.39,836.845
4198,37,95,36.3432,1191.27,862.563
4199,37,96,34.2986,1306.46,876.811
4200,37,97,32.8984,1385.8,890.705
4201,37,98,31.9186,1441.65,904.422
4202,37,99,30.343,1531.98,918.461
4203,37,100,30.34,1532.16,931.968
4204,37,101,37.1413,1137.68,955.955
4205,37,102,34.9745,1264.08,970.647
4206,37,103,33.6059,1344.37,984.734
4207,37,104,31.5207,1467.39,999.473
4208,37,105,29.9236,1562.16,1013.8
4209,37,106,29.3962,1593.62,1027.5
4210,37,107,35.5544,1224.13,1052.02
4211,37,108,33.9508,1320.89,1066.51
4212,37,109,32.8573,1387.23,1080.62
4213,37,110,32.0718,1435.14,1094.56
4214,37,111,30.973,1502.53,1108.7
4215,37,112,30.5513,1528.54,1122.49
4216,37,113,35.4116,1227.2,1144.93
4217,37,114,33.7008,1333.84,1159.82
4218,37,115,32.2494,1424.79,1174.45
4219,37,116,30.5286,1533.21,1189.48
4220,37,117,29.1899,1617.98,1204.06
4221,37,118,28.5363,1659.6,1218.07
4222,37,119,33.1728,1362.86,1241.66
4223,37,120,31.8145,1450.25,1256.41
4224,37,121,30.906,1508.99,1270.71
4225,37,122,29.9176,1573.24,1285.1
4226,37,123,28.835,1643.98,1299.61
4227,37,124,28.5032,1665.76,1313.56
4228,37,125,32.3248,1413.53,1335.7
4229,37,126,30.9465,1504.96,1350.74
4230,37,127,29.6945,1588.43,1365.63
4231,37,128,28.174,1690.3,1381.02
4232,37,129,26.9266,1774.3,1395.99
4233,37,130,26.384,1811.01,1410.15
4234,37,131,29.9838,1566.22,1432.92
4235,37,132,28.8071,1646.63,1447.9
4236,37,133,28.018,1700.82,1462.38
4237,38,42,223.56,-5872.52,74.6133
4238,38,43,75.6229,-53.659,86.8117
4239,38,44,-66.8286,5596.91,100.612
4240,38,45,-149.881,8919.01,112.907
4241,38,46,-96.7267,6775.12,125.932
4242,38,47,60.497,381.359,144.641
4243,38,48,29.2418,1662.82,157.858
4244,38,49,15.9007,2214.25,170.795
4245,38,50,-4.73297,3073.99,183.874
4246,38,51,-16.8246,3581.84,195.747
4247,38,52,-13.5086,3441.46,208.425
4248,38,53,41.9671,1074.5,226.319
4249,38,54,24.7882,1813.19,239.764
4250,38,55,17.7121,2119.82,252.733
4251,38,56,3.76842,2728.69,266.174
4252,38,57,-4.57865,3095.97,279.242
4253,38,58,-0.00727273,2893.3,292.092
4254,38,59,34.6638,1344.66,311.75
4255,38,60,27.6628,1659.7,325.019
4256,38,61,24.5595,1800.39,338.028
4257,38,62,19.5465,2029.32,351.16
4258,38,63,16.8119,2155.11,364.111
4259,38,64,17.6463,2116.45,376.952
4260,38,65,37.972,1167.91,395.835
4261,38,66,30.966,1497.2,409.578
4262,38,67,27.1485,1677.89,422.812
4263,38,68,21.6143,1941.69,436.406
4264,38,69,17.7604,2126.67,449.702
4265,38,70,17.7652,2126.44,462.615
4266,38,71,35.5516,1260.84,484.635
4267,38,72,32.1128,1429.34,498.102
4268,38,73,29.9552,1535.78,511.36
4269,38,74,27.922,1636.77,524.598
4270,38,75,26.1312,1726.3,537.794
4271,38,76,26.6432,1700.53,550.842
4272,38,77,39.0081,1074.04,571.653
4273,38,78,34.6469,1296.47,585.819
4274,38,79,32.4663,1408.4,599.272
4275,38,80,28.9484,1590.16,613.228
4276,38,81,26.0018,1743.39,627
4277,38,82,26.0478,1740.98,640.148
4278,38,83,37.7843,1122.86,664.051
4279,38,84,34.5031,1296.76,678.219
4280,38,85,32.7737,1388.99,691.807
4281,38,86,31.3912,1463.19,705.305
4282,38,87,28.9855,1593.1,719.202
4283,38,88,28.8963,1597.94,732.497
4284,38,89,37.3117,1137.9,753.92
4285,38,90,35.0192,1263.99,767.944
4286,38,91,33.5142,1347.26,781.637
4287,38,92,31.2265,1474.61,795.75
4288,38,93,28.8459,1607.92,809.981
4289,38,94,28.0284,1653.98,823.473
4290,38,95,36.7814,1157.97,848.974
4291,38,96,34.6526,1279.32,863.235
4292,38,97,33.1939,1362.95,877.145
4293,38,98,32.1723,1421.86,890.878
4294,38,99,30.5377,1516.67,904.93
4295,38,100,30.5284,1517.21,918.453
4296,38,101,37.5363,1106.08,942.27
4297,38,102,35.2908,1238.57,956.971
4298,38,103,33.8711,1322.8,971.072
4299,38,104,31.7158,1451.4,985.817
4300,38,105,30.0659,1550.39,1000.15
4301,38,106,29.5191,1583.38,1013.87
4302,38,107,35.8498,1199.32,1038.23
4303,38,108,34.1926,1300.41,1052.72
4304,38,109,33.062,1369.75,1066.85
4305,38,110,32.2495,1419.86,1080.8
4306,38,111,31.1161,1490.13,1094.96
4307,38,112,30.6793,1517.35,1108.76
4308,38,113,35.6642,1204.97,1131.08
4309,38,114,33.9024,1315.96,1145.98
4310,38,115,32.4086,1410.57,1160.62
4311,38,116,30.6402,1523.16,1175.65
4312,38,117,29.2653,1611.15,1190.24
4313,38,118,28.5937,1654.36,1204.25
4314,38,119,33.3419,1347.31,1227.73
4315,38,120,31.9467,1437.99,1242.48
4316,38,121,31.0135,1498.96,1256.79
4317,38,122,29.9993,1565.56,1271.19
4318,38,123,28.8896,1638.81,1285.71
4319,38,124,28.5489,1661.41,1299.67
4320,38,125,32.4564,1400.91,1321.73
4321,38,126,31.0441,1495.53,1336.77
4322,38,127,29.7621,1581.85,1351.66
4323,38,128,28.2068,1687.09,1367.05
4324,38,129,26.9315,1773.81,1382.02
4325,38,130,26.3771,1811.69,1396.19
4326,38,131,30.0536,1559.24,1418.87
4327,38,132,28.8507,1642.24,1433.86
4328,38,133,28.0442,1698.16,1448.34
4329,39,43,-9.4,3488.96,75.0518
4330,39,44,-170.994,10006.6,87.4048
4331,39,45,-248.014,13138.7,100.295
4332,39,46,-157.038,9408.72,112.747
4333,39,47,48.5267,912.042,131.6
4334,39,48,13.4145,2375.05,144.845
4335,39,49,0.525455,2916.39,157.832
4336,39,50,-20.9846,3826.98,170.902
4337,39,51,-32.4363,4315.59,183.78
4338,39,52,-26.4163,4056.73,195.533
4339,39,53,38.1771,1257.68,213.372
4340,39,54,19.3247,2080.9,226.811
4341,39,55,12.0588,2400.6,239.808
4342,39,56,-2.80599,3059.61,253.213
4343,39,57,-11.3396,3440.78,266.271
4344,39,58,-5.63504,3184.07,279.186
4345,39,59,32.874,1438.33,298.723
4346,39,60,25.3993,1779.67,312.01
4347,39,61,22.2229,1925.78,325.05
4348,39,62,16.9869,2168.39,338.195
4349,39,63,14.2383,2296.65,351.169
4350,39,64,15.3348,2245.12,364.05
4351,39,65,37.3374,1203.66,382.818
4352,39,66,29.8763,1559.31,396.558
4353,39,67,25.8706,1751.58,409.806
4354,39,68,20.0527,2032.78,423.391
4355,39,69,16.051,2227.53,436.689
4356,39,70,16.1629,2222.05,449.631
4357,39,71,35.1243,1286.62,471.479
4358,39,72,31.5084,1466.21,484.96
4359,39,73,29.2621,1578.52,498.237
4360,39,74,27.1543,1684.61,511.492
4361,39,75,25.3083,1778.15,524.705
4362,39,76,25.8906,1748.45,537.78
4363,39,77,38.9282,1079.19,558.449
4364,39,78,34.3529,1315.58,572.612
4365,39,79,32.0802,1433.76,586.078
4366,39,80,28.4132,1625.66,600.03
4367,39,81,25.3544,1786.76,613.801
4368,39,82,25.4319,1782.65,626.971
4369,39,83,37.7174,1127.42,650.691
4370,39,84,34.2965,1311.01,664.86
4371,39,85,32.5023,1407.9,678.461
4372,39,86,31.0735,1485.53,691.973
4373,39,87,28.5826,1621.7,705.872
4374,39,88,28.5059,1625.92,719.186
4375,39,89,37.2667,1141.16,740.488
4376,39,90,34.8877,1273.59,754.519
4377,39,91,33.3309,1360.76,768.222
4378,39,92,30.9653,1494.03,782.337
4379,39,93,28.5076,1633.3,796.563
4380,39,94,27.673,1680.87,810.067
4381,39,95,36.7456,1160.71,835.396
4382,39,96,34.5446,1287.63,849.662
4383,39,97,33.0401,1374.89,863.581
4384,39,98,31.9896,1436.17,877.325
4385,39,99,30.3074,1534.86,891.38
4386,39,100,30.3052,1534.99,904.92
4387,39,101,37.5427,1105.57,928.602
4388,39,102,35.2267,1243.75,943.302
4389,39,103,33.7653,1331.44,957.409
4390,39,104,31.5479,1465.22,972.149
4391,39,105,29.8539,1567.99,986.48
4392,39,106,29.2972,1601.95,1000.21
4393,39,107,35.8178,1202.02,1024.45
4394,39,108,34.1142,1307.08,1038.95
4395,39,109,32.954,1379.01,1053.08
4396,39,110,32.1218,1430.88,1067.04
4397,39,111,30.9609,1503.63,1081.2
4398,39,112,30.5165,1531.63,1095.02
4399,39,113,35.6386,1207.23,1117.25
4400,39,114,33.8312,1322.3,1132.14
4401,39,115,32.3005,1420.27,1146.78
4402,39,116,30.4894,1536.78,1161.8
4403,39,117,29.0836,1627.69,1176.39
4404,39,118,28.3997,1672.14,1190.41
4405,39,119,33.2699,1353.95,1213.8
4406,39,120,31.8425,1447.68,1228.55
4407,39,121,30.8893,1510.6,1242.86
4408,39,122,29.8539,1579.28,1257.27
4409,39,123,28.7215,1654.77,1271.79
4410,39,124,28.3768,1677.87,1285.75
4411,39,125,32.3781,1408.45,1307.74
4412,39,126,30.9355,1506.07,1322.78
4413,39,127,29.6271,1595.03,1337.67
4414,39,128,28.0402,1703.47,1353.05
4415,39,129,26.7405,1792.71,1368.01
4416,39,130,26.1783,1831.51,1382.19
4417,39,131,29.9382,1570.83,1404.81
4418,39,132,28.712,1656.25,1419.79
4419,39,133,27.8916,1713.68,1434.28
4420,40,44,-377.04,18797.9,74.5603
4421,40,45,-411.051,20203.7,86.0221
4422,40,46,-247.5,13389,100.306
4423,40,47,32.0714,1647.04,118.45
4424,40,48,-7.18667,3308.97,131.738
4425,40,49,-18.5333,3793.09,144.79
4426,40,50,-40.4891,4737.19,157.868
4427,40,51,-50.5986,5175.27,170.77
4428,40,52,-40.8582,4749.94,183.612
4429,40,53,35.0259,1411.04,200.37
4430,40,54,14.08,2339.64,213.817
4431,40,55,6.56147,2675.47,226.852
4432,40,56,-9.40539,3393.98,240.236
4433,40,57,-18.154,3790.58,253.296
4434,40,58,-11.1316,3469.89,266.28
4435,40,59,31.778,1496.05,285.66
4436,40,60,23.6958,1870.52,298.972
4437,40,61,20.3855,2025,312.049
4438,40,62,14.854,2284.99,325.216
4439,40,63,12.0541,2417.51,338.22
4440,40,64,13.4131,2352.74,351.142
4441,40,65,37.2559,1208.28,369.769
4442,40,66,29.2482,1595.32,383.515
4443,40,67,25.0013,1802,396.785
4444,40,68,18.8421,2103.8,410.37
4445,40,69,14.6543,2310.4,423.676
4446,40,70,14.8635,2300.01,436.65
4447,40,71,35.0913,1288.62,458.298
4448,40,72,31.2582,1481.56,471.797
4449,40,73,28.8945,1601.32,485.098
4450,40,74,26.6873,1713.88,498.374
4451,40,75,24.7646,1812.58,511.608
4452,40,76,25.4078,1779.35,524.71
4453,40,77,39.157,1064.39,545.217
4454,40,78,34.3353,1316.72,559.384
4455,40,79,31.9499,1442.36,572.868
4456,40,80,28.1103,1645.85,586.822
4457,40,81,24.9203,1815.99,600.596
4458,40,82,25.0217,1810.55,613.79
4459,40,83,37.8842,1115.97,637.307
4460,40,84,34.3038,1310.51,651.483
4461,40,85,32.4313,1412.87,665.1
4462,40,86,30.9447,1494.63,678.628
4463,40,87,28.3554,1637.91,692.533
4464,40,88,28.2849,1641.83,705.867
4465,40,89,37.4049,1131.11,727.036
4466,40,90,34.9272,1270.69,741.076
4467,40,91,33.309,1362.38,754.794
4468,40,92,30.8549,1502.27,768.912
4469,40,93,28.3103,1648.16,783.139
4470,40,94,27.4525,1697.63,796.657
4471,40,95,36.857,1152.17,821.8
4472,40,96,34.5749,1285.29,836.072
4473,40,97,33.0175,1376.66,850.003
4474,40,98,31.9321,1440.69,863.761
4475,40,99,30.1958,1543.72,877.823
4476,40,100,30.1972,1543.63,891.378
4477,40,101,37.6716,1095.17,914.915
4478,40,102,35.2781,1239.58,929.617
4479,40,103,33.7694,1331.1,943.734
4480,40,104,31.4836,1470.54,958.471
4481,40,105,29.7402,1577.47,972.806
4482,40,106,29.1703,1612.61,986.553
4483,40,107,35.8864,1196.21,1010.65
4484,40,108,34.1314,1305.61,1025.15
4485,40,109,32.9375,1380.42,1039.29
4486,40,110,32.0824,1434.29,1053.27
4487,40,111,30.8904,1509.79,1067.44
4488,40,112,30.4357,1538.74,1081.26
4489,40,113,35.6985,1201.92,1103.39
4490,40,114,33.8413,1321.4,1118.29
4491,40,115,32.27,1423.01,1132.94
4492,40,116,30.4127,1543.73,1147.95
4493,40,117,28.9728,1637.81,1162.54
4494,40,118,28.2744,1683.67,1176.57
4495,40,119,33.2695,1353.99,1199.86
4496,40,120,31.8068,1451.02,1214.61
4497,40,121,30.8313,1516.05,1228.93
4498,40,122,29.7723,1587,1243.34
4499,40,123,28.6149,1664.94,1257.86
4500,40,124,28.2646,1688.64,1271.84
4501,40,125,32.3615,1410.05,1293.75
4502,40,126,30.8861,1510.87,1308.79
4503,40,127,29.5491,1602.68,1323.68
4504,40,128,27.9283,1714.51,1339.05
4505,40,129,26.6023,1806.45,1354
4506,40,130,26.0307,1846.27,1368.19
4507,40,131,29.8755,1577.13,1390.74
4508,40,132,28.6244,1665.13,1405.72
4509,40,133,27.7883,1724.21,1420.21
4510,41,45,-720.48,33715.4,70.0049
4511,41,46,-399.269,20117.4,86.2956
4512,41,47,3.54286,2930.83,106.161
4513,41,48,-38.3976,4734.27,118.504
4514,41,49,-45.33,5034.67,131.638
4515,41,50,-66.3176,5951.13,144.738
4516,41,51,-73.5691,6270.2,157.68
4517,41,52,-58.3769,5596.68,170.628
4518,41,53,31.8769,1565.34,188.3
4519,41,54,8.38857,2622.31,200.764
4520,41,55,0.626429,2974.2,213.845
4521,41,56,-16.5944,3760.62,227.218
4522,41,57,-25.5265,4171.49,240.289
4523,41,58,-16.9046,3772.01,253.346
4524,41,59,31.1295,1530.42,272.55
4525,41,60,22.3039,1945.22,285.895
4526,41,61,18.8109,2110.56,299.012
4527,41,62,12.9196,2391.38,312.206
4528,41,63,10.0445,2529.38,325.244
4529,41,64,11.6842,2450.13,338.21
4530,41,65,37.5728,1190.22,356.68
4531,41,66,28.9247,1613.97,370.439
4532,41,67,24.3872,1837.83,383.734
4533,41,68,17.8319,2163.41,397.325
4534,41,69,13.4249,2383.75,410.644
4535,41,70,13.7301,2368.39,423.651
4536,41,71,35.336,1273.7,445.084
4537,41,72,31.248,1482.18,458.606
4538,41,73,28.7416,1610.84,471.933
4539,41,74,26.4136,1731.12,485.233
4540,41,75,24.3968,1836,498.489
4541,41,76,25.0961,1799.4,511.619
4542,41,77,39.6053,1035.25,531.954
4543,41,78,34.5063,1305.5,546.129
4544,41,79,31.9898,1439.71,559.634
4545,41,80,27.9562,1656.18,573.593
4546,41,81,24.6182,1836.43,587.375
4547,41,82,24.7387,1829.89,600.592
4548,41,83,38.2127,1093.31,623.897
4549,41,84,34.4546,1300,638.082
4550,41,85,32.4921,1408.59,651.717
4551,41,86,30.9383,1495.09,665.264
4552,41,87,28.239,1646.25,679.177
4553,41,88,28.1704,1650.11,692.532
4554,41,89,37.6674,1111.95,713.559
4555,41,90,35.0801,1259.43,727.611
4556,41,91,33.3925,1356.18,741.345
4557,41,92,30.8407,1503.33,755.47
4558,41,93,28.2007,1656.46,769.699
4559,41,94,27.3152,1708.11,783.234
4560,41,95,37.0666,1136.03,808.182
4561,41,96,34.6955,1275.92,822.464
4562,41,97,33.0792,1371.82,836.407
4563,41,98,31.9543,1438.94,850.18
4564,41,99,30.1583,1546.7,864.25
4565,41,100,30.1611,1546.54,877.823
4566,41,101,37.8817,1078.15,901.207
4567,41,102,35.4042,1229.28,915.914
4568,41,103,33.8436,1324.99,930.042
4569,41,104,31.4841,1470.5,944.779
4570,41,105,29.687,1581.92,959.119
4571,41,106,29.1015,1618.42,972.879
4572,41,107,36.0201,1184.85,996.835
4573,41,108,34.2096,1298.91,1011.35
4574,41,109,32.9788,1376.86,1025.5
4575,41,110,32.0981,1432.93,1039.48
4576,41,111,30.872,1511.4,1053.66
4577,41,112,30.4053,1541.43,1067.5
4578,41,113,35.813,1191.73,1089.53
4579,41,114,33.9025,1315.91,1104.43
4580,41,115,32.2877,1421.41,1119.07
4581,41,116,30.3811,1546.61,1134.09
4582,41,117,28.9045,1644.06,1148.68
4583,41,118,28.19,1691.46,1162.72
4584,41,119,33.3137,1349.88,1185.9
4585,41,120,31.8134,1450.4,1200.66
4586,41,121,30.8136,1517.72,1214.99
4587,41,122,29.7292,1591.1,1229.4
4588,41,123,28.5449,1671.63,1243.92
4589,41,124,28.1879,1696.02,1257.91
4590,41,125,32.3831,1407.96,1279.75
4591,41,126,30.8729,1512.16,1294.78
4592,41,127,29.5055,1606.97,1309.67
4593,41,128,27.8488,1722.38,1325.04
4594,41,129,26.4948,1817.17,1339.99
4595,41,130,25.9129,1858.09,1354.18
4596,41,131,29.8448,1580.24,1376.66
4597,41,132,28.5671,1670.95,1391.64
4598,41,133,27.7143,1731.79,1406.14
4599,42,46,-52.48,4627.56,68.4409
4600,42,47,369.006,-13636.8,88.0698
4601,42,48,210.664,-6722.58,102.082
4602,42,49,139.733,-3601.62,114.251
4603,42,50,72.9567,-641.184,127.636
4604,42,51,36.4,991.68,140.595
4605,42,52,34.36,1083.48,153.109
4606,42,53,124.2,-2989.27,170.369
4607,42,54,82.8945,-1102.98,184.328
4608,42,55,63.3798,-205.305,196.461
4609,42,56,35.4957,1086.66,210.218
4610,42,57,18.9359,1859.45,223.422
4611,42,58,23.3412,1652.4,236.152
4612,42,59,72.2407,-662.176,255.171
4613,42,60,58.1586,9.06947,268.677
4614,42,61,50.7308,365.602,281.787
4615,42,62,41.2384,824.401,295.076
4616,42,63,35.5275,1102.33,308.106
4617,42,64,35.0939,1123.58,320.907
4618,42,65,61.189,-163.78,339.194
4619,42,66,49.9598,393.936,353.241
4620,42,67,43.4552,719.17,366.628
4621,42,68,35.0018,1144.65,380.43
4622,42,69,29.0537,1446.03,393.861
4623,42,70,28.3021,1484.36,406.777
4624,42,71,50.3769,351.187,428.149
4625,42,72,45.0548,626.163,441.774
4626,42,73,41.5288,809.51,455.137
4627,42,74,38.2848,979.284,468.471
4628,42,75,35.4509,1128.53,481.753
4629,42,76,35.5585,1122.83,494.791
4630,42,77,50.2926,337.012,515.017
4631,42,78,44.3403,656.455,529.405
4632,42,79,41.1737,827.448,542.974
4633,42,80,36.4624,1083.43,557.093
4634,42,81,32.5321,1298.29,570.997
4635,42,82,32.2724,1312.57,584.163
4636,42,83,46.0293,551.353,607.397
4637,42,84,41.7329,790.523,621.726
4638,42,85,39.3504,923.941,635.412
4639,42,86,37.4226,1032.54,648.993
4640,42,87,34.3241,1208.12,663.005
4641,42,88,33.9937,1226.96,676.329
4642,42,89,43.6437,673.689,697.224
4643,42,90,40.7068,843.048,711.373
4644,42,91,38.7267,957.897,725.156
4645,42,92,35.8657,1124.79,739.383
4646,42,93,32.9308,1296.97,753.722
4647,42,94,31.8334,1361.71,767.271
4648,42,95,41.7787,771.628,792.113
4649,42,96,39.15,928.472,806.484
4650,42,97,37.3169,1038.46,820.479
4651,42,98,36.0038,1117.68,834.281
4652,42,99,34.0063,1238.87,848.417
4653,42,100,33.8786,1246.65,861.97
4654,42,101,41.7328,764.931,885.227
4655,42,102,39.0477,930.509,900.035
4656,42,103,37.3193,1037.67,914.218
4657,42,104,34.7745,1196.3,929.053
4658,42,105,32.8184,1318.88,943.461
4659,42,106,32.1185,1362.97,957.233
4660,42,107,39.1553,917.305,981.052
4661,42,108,37.1972,1041.97,995.63
4662,42,109,35.8424,1128.68,1009.82
4663,42,110,34.8531,1192.32,1023.84
4664,42,111,33.5133,1278.97,1038.06
4665,42,112,32.959,1314.99,1051.9
4666,42,113,38.446,956.509,1073.8
4667,42,114,36.4111,1090.14,1088.78
4668,42,115,34.6848,1204.07,1103.49
4669,42,116,32.6634,1338.16,1118.58
4670,42,117,31.088,1443.19,1133.22
4671,42,118,30.2982,1496.1,1147.29
4672,42,119,35.4992,1145.9,1170.34
4673,42,120,33.9056,1253.74,1185.15
4674,42,121,32.8284,1326.98,1199.51
4675,42,122,31.6676,1406.31,1213.96
4676,42,123,30.4071,1492.86,1228.53
4677,42,124,29.9966,1521.18,1242.53
4678,42,125,34.2486,1226.38,1264.24
4679,42,126,32.659,1337.12,1279.34
4680,42,127,31.2182,1437.98,1294.28
4681,42,128,29.4841,1559.94,1309.71
4682,42,129,28.0621,1660.43,1324.71
4683,42,130,27.4319,1705.17,1338.92
4684,42,131,31.4175,1420.87,1361.28
4685,42,132,30.0771,1516.93,1376.3
4686,42,133,29.1729,1582.03,1390.83
4687,43,47,569.04,-22771.7,75.3201
4688,43,48,291.24,-10455.9,88.9901
4689,43,49,177.021,-5354.16,102.409
4690,43,50,84.2286,-1178.48,114.933
4691,43,51,37.0433,960.586,127.984
4692,43,52,34.4667,1078.25,140.597
4693,43,53,140.622,-3804.88,157.423
4694,43,54,89.6951,-1445.28,171.465
4695,43,55,66.1319,-345.662,184.67
4696,43,56,33.8712,1170.59,197.433
4697,43,57,15.32,2048.68,210.655
4698,43,58,20.7279,1790.9,223.451
4699,43,59,75.6877,-847.169,242.163
4700,43,60,59.658,-72.398,255.714
4701,43,61,51.2905,334.819,268.871
4702,43,62,40.7929,849.201,282.19
4703,43,63,34.5805,1155.68,295.254
4704,43,64,34.1936,1174.9,308.101
4705,43,65,62.6362,-247.231,326.192
4706,43,66,50.3506,371.142,340.25
4707,43,67,43.2943,728.661,353.661
4708,43,68,34.2031,1192.31,367.462
4709,43,69,27.8735,1517.23,380.9
4710,43,70,27.1525,1554.48,393.849
4711,43,71,50.829,323.308,414.99
4712,43,72,45.1219,621.977,428.636
4713,43,73,41.3642,819.883,442.022
4714,43,74,37.9276,1002.02,455.378
4715,43,75,34.9437,1161.16,468.68
4716,43,76,35.0875,1153.45,481.747
4717,43,77,50.6904,310.889,501.804
4718,43,78,44.3853,653.469,516.191
4719,43,79,41.0451,836.063,529.777
4720,43,80,36.0926,1108.45,543.893
4721,43,81,31.9797,1336.03,557.796
4722,43,82,31.7347,1349.67,570.986
4723,43,83,46.1889,540.237,594.017
4724,43,84,41.6802,794.224,608.349
4725,43,85,39.1894,935.371,622.049
4726,43,86,37.1813,1049.83,635.645
4727,43,87,33.9558,1234.76,649.658
4728,43,88,33.627,1253.72,663.003
4729,43,89,43.7033,669.298,683.771
4730,43,90,40.6416,847.898,697.926
4731,43,91,38.5832,968.653,711.721
4732,43,92,35.6136,1143.86,725.948
4733,43,93,32.5735,1324.24,740.281
4734,43,94,31.4476,1391.42,753.843
4735,43,95,41.7827,771.312,778.509
4736,43,96,39.0566,935.791,792.883
4737,43,97,37.1602,1050.84,806.887
4738,43,98,35.8058,1133.46,820.7
4739,43,99,33.7451,1259.84,834.839
4740,43,100,33.6221,1267.43,848.409
4741,43,101,41.7512,763.429,871.531
4742,43,102,38.976,936.414,886.337
4743,43,103,37.1932,1048.13,900.526
4744,43,104,34.5704,1213.37,915.354
4745,43,105,32.5587,1340.78,929.761
4746,43,106,31.8451,1386.21,943.545
4747,43,107,39.1068,921.461,967.24
4748,43,108,37.0908,1051.16,981.82
4749,43,109,35.6987,1141.18,996.019
4750,43,110,34.6846,1207.1,1010.04
4751,43,111,33.3109,1296.85,1024.27
4752,43,112,32.7465,1333.91,1038.13
4753,43,113,38.3941,961.168,1059.93
4754,43,114,36.304,1099.81,1074.91
4755,43,115,34.5334,1217.85,1089.62
4756,43,116,32.4615,1356.67,1104.7
4757,43,117,30.8494,1465.22,1119.34
4758,43,118,30.0451,1519.64,1133.41
4759,43,119,35.3878,1156.34,1156.38
4760,43,120,33.7561,1267.83,1171.19
4761,43,121,32.6555,1343.41,1185.55
4762,43,122,31.47,1425.21,1200
4763,43,123,30.1832,1514.43,1214.57
4764,43,124,29.7682,1543.34,1228.58
4765,43,125,34.1282,1238.14,1250.23
4766,43,126,32.5035,1352.41,1265.32
4767,43,127,31.0326,1456.36,1280.26
4768,43,128,29.2625,1582.03,1295.67
4769,43,129,27.8128,1685.44,1310.67
4770,43,130,27.174,1731.22,1324.89
4771,43,131,31.2549,1437.4,1347.18
4772,43,132,29.8884,1536.24,1362.2
4773,43,133,28.9685,1603.09,1376.73
4774,44,48,482.52,-19382.3,76.3159
4775,44,49,266.469,-9587.99,89.2174
4776,44,50,121.607,-2972.65,103.014
4777,44,51,53.281,170.355,115.223
4778,44,52,46.5233,483.458,127.948
4779,44,53,171.498,-5348.7,144.241
4780,44,54,105.698,-2256.1,158.443
4781,44,55,75.5406,-828.641,171.755
4782,44,56,36.8692,1014.69,185.572
4783,44,57,15.2396,2052.92,197.844
4784,44,58,21.3793,1756.16,210.702
4785,44,59,83.1276,-1248.92,229.036
4786,44,60,64.3368,-328.171,242.656
4787,44,61,54.5197,156.137,255.876
4788,44,62,42.5772,749.282,269.244
4789,44,63,35.5651,1099.89,282.357
4790,44,64,35.0475,1125.94,295.251
4791,44,65,65.9982,-442.229,313.098
4792,44,66,52.352,253.728,327.191
4793,44,67,44.5409,654.698,340.642
4794,44,68,34.6226,1167.14,354.462
4795,44,69,27.7739,1523.28,367.922
4796,44,70,27.0068,1563.42,380.907
4797,44,71,52.3849,226.84,401.771
4798,44,72,46.1769,555.861,415.449
4799,44,73,42.0984,773.385,428.867
4800,44,74,38.3927,972.254,442.253
4801,44,75,35.1933,1145.03,455.582
4802,44,76,35.3306,1137.56,468.679
4803,44,77,51.8371,235.21,488.533
4804,44,78,45.1061,605.413,502.935
4805,44,79,41.5404,802.718,516.545
4806,44,80,36.2934,1094.8,530.671
4807,44,81,31.9534,1337.84,544.583
4808,44,82,31.6972,1352.27,557.798
4809,44,83,46.876,492.141,580.595
4810,44,84,42.1139,763.581,594.939
4811,44,85,39.4838,914.373,608.66
4812,44,86,37.3686,1036.35,622.276
4813,44,87,33.988,1232.42,636.299
4814,44,88,33.6431,1252.54,649.666
4815,44,89,44.1568,635.738,670.283
4816,44,90,40.9455,825.205,684.452
4817,44,91,38.7887,953.172,698.264
4818,44,92,35.6895,1138.1,712.498
4819,44,93,32.5247,1327.98,726.834
4820,44,94,31.3566,1398.46,740.413
4821,44,95,42.0928,747.131,764.877
4822,44,96,39.252,920.416,779.261
4823,44,97,37.2781,1041.48,793.278
4824,44,98,35.8702,1128.3,807.107
4825,44,99,33.7337,1260.77,821.254
4826,44,100,33.6067,1268.68,834.842
4827,44,101,42.0166,741.661,857.81
4828,44,102,39.1384,922.989,872.619
4829,44,103,37.2908,1040,886.819
4830,44,104,34.5788,1212.67,901.647
4831,44,105,32.5019,1345.59,916.058
4832,44,106,31.7674,1392.84,929.855
4833,44,107,39.2585,908.414,953.409
4834,44,108,37.1758,1043.79,967.995
4835,44,109,35.739,1137.66,982.205
4836,44,110,34.6934,1206.32,996.239
4837,44,111,33.279,1299.68,1010.47
4838,44,112,32.6992,1338.14,1024.34
4839,44,113,38.5095,950.784,1046.05
4840,44,114,36.3573,1094.98,1061.03
4841,44,115,34.536,1217.62,1075.74
4842,44,116,32.4072,1361.66,1090.81
4843,44,117,30.7531,1474.14,1105.46
4844,44,118,29.9299,1530.39,1119.54
4845,44,119,35.4162,1153.67,1142.4
4846,44,120,33.7414,1269.23,1157.21
4847,44,121,32.613,1347.47,1171.59
4848,44,122,31.3985,1432.08,1186.05
4849,44,123,30.0814,1524.27,1200.62
4850,44,124,29.6586,1554.01,1214.64
4851,44,125,34.1276,1238.2,1236.21
4852,44,126,32.4638,1356.33,1251.3
4853,44,127,30.9588,1463.69,1266.23
4854,44,128,29.1487,1593.41,1281.64
4855,44,129,27.6681,1700.01,1296.64
4856,44,130,27.0179,1747.05,1310.86
4857,44,131,31.195,1443.5,1333.08
4858,44,132,29.7992,1545.4,1348.1
4859,44,133,28.8608,1614.22,1362.63
4860,45,49,208.74,-6836.26,77.1976
4861,45,50,34.8343,1221.37,89.7846
4862,45,51,-28.2214,4163.97,102.854
4863,45,52,-16.2929,3603.33,114.635
4864,45,53,150.413,-4287.43,131.186
4865,45,54,75.6703,-724.68,145.208
4866,45,55,45.4891,724.018,158.446
4867,45,56,5.38112,2662.57,172.062
4868,45,57,-14.7319,3641.4,185.203
4869,45,58,-3.43341,3087.78,197.146
4870,45,59,69.8564,-527.854,215.734
4871,45,60,50.3756,439.694,229.285
4872,45,61,41.0461,906.17,242.479
4873,45,62,29.2737,1498.71,255.783
4874,45,63,22.9239,1820.44,268.859
4875,45,64,23.6186,1785,281.774
4876,45,65,58.6055,-10.9857,299.78
4877,45,66,44.3907,723.441,313.776
4878,45,67,36.5927,1128.94,327.177
4879,45,68,26.5103,1656.59,340.903
4880,45,69,19.7626,2011.96,354.296
4881,45,70,19.5528,2023.08,367.289
4882,45,71,47.3629,539.879,388.285
4883,45,72,41.0702,877.585,401.925
4884,45,73,37.0626,1094,415.322
4885,45,74,33.4456,1290.52,428.685
4886,45,75,30.3589,1459.26,441.992
4887,45,76,30.807,1434.62,455.109
4888,45,77,48.588,450.734,475.035
4889,45,78,41.6522,836.825,489.371
4890,45,79,38.0801,1036.87,502.956
4891,45,80,32.7338,1338.04,517.021
4892,45,81,28.3517,1586.36,530.881
4893,45,82,28.2715,1590.93,544.108
4894,45,83,44.4044,665.977,566.946
4895,45,84,39.5277,947.195,581.245
4896,45,85,36.8955,1099.87,594.949
4897,45,86,34.8029,1221.93,608.553
4898,45,87,31.3843,1422.49,622.538
4899,45,88,31.1422,1436.78,635.914
4900,45,89,42.2343,778.647,656.567
4901,45,90,38.9669,973.598,670.706
4902,45,91,36.8026,1103.46,684.503
4903,45,92,33.6569,1293.25,698.701
4904,45,93,30.446,1488.04,712.994
4905,45,94,29.3143,1557.08,726.566
4906,45,95,40.5515,867.858,751.034
4907,45,96,37.6608,1046.12,765.391
4908,45,97,35.6725,1169.39,779.394
4909,45,98,34.2719,1256.7,793.215
4910,45,99,32.1158,1391.82,807.34
4911,45,100,32.0421,1396.46,820.938
4912,45,101,40.802,841.667,843.902
4913,45,102,37.8664,1028.57,858.679
4914,45,103,35.9993,1148.06,872.864
4915,45,104,33.2399,1325.58,887.656
4916,45,105,31.1389,1461.45,902.042
4917,45,106,30.4246,1507.87,915.839
4918,45,107,38.1962,1000.13,939.385
4919,45,108,36.0816,1138.99,953.951
4920,45,109,34.6342,1234.52,968.151
4921,45,110,33.5904,1303.76,982.181
4922,45,111,32.1667,1398.67,996.402
4923,45,112,31.6026,1436.47,1010.27
4924,45,113,37.6131,1031.76,1031.98
4925,45,114,35.425,1179.82,1046.93
4926,45,115,33.5786,1305.37,1061.62
4927,45,116,31.4173,1453.06,1076.67
4928,45,117,29.745,1567.9,1091.29
4929,45,118,28.9268,1624.35,1105.36
4930,45,119,34.5861,1231.97,1128.23
4931,45,120,32.8892,1350.19,1143.02
4932,45,121,31.7535,1429.69,1157.38
4933,45,122,30.5299,1515.74,1171.83
4934,45,123,29.2015,1609.62,1186.38
4935,45,124,28.7902,1638.83,1200.41
4936,45,125,33.3909,1310.64,1221.98
4937,45,126,31.7045,1431.5,1237.04
4938,45,127,30.1815,1541.16,1251.96
4939,45,128,28.3469,1673.86,1267.34
4940,45,129,26.8502,1782.61,1282.31
4941,45,130,26.2039,1829.8,1296.53
4942,45,131,30.4959,1515.05,1318.75
4943,45,132,29.0842,1619.05,1333.75
4944,45,133,28.1408,1688.86,1348.28
4945,46,50,-323.94,18681.7,74.9087
4946,46,51,-288.423,17000.6,86.4409
4947,46,52,-198.743,12725.8,99.3984
4948,46,53,55.2524,534.057,117.133
4949,46,54,-14.9533,3927.33,130.703
4950,46,55,-33.0461,4807.85,143.684
4951,46,56,-66.1673,6430.79,156.876
4952,46,57,-77.7077,7000.11,169.708
4953,46,58,-54.9824,5871.42,182.796
4954,46,59,36.1415,1315.23,201.596
4955,46,60,18.5586,2200.24,214.971
4956,46,61,12.04,2530.51,228.059
4957,46,62,2.2951,3027.5,241.202
4958,46,63,-1.76264,3235.8,254.165
4959,46,64,1.60386,3061.86,267.071
4960,46,65,42.2908,946.139,285.704
4961,46,66,28.2761,1679.58,299.518
4962,46,67,21.2341,2050.45,312.803
4963,46,68,11.6105,2560.51,326.361
4964,46,69,5.54217,2884.15,339.619
4965,46,70,6.45323,2835.26,352.59
4966,46,71,37.4102,1163.58,374.161
4967,46,72,31.3886,1490.75,387.714
4968,46,73,27.7863,1687.68,401.051
4969,46,74,24.5596,1865.15,414.35
4970,46,75,21.8595,2014.55,427.596
4971,46,76,22.8848,1957.48,440.718
4972,46,77,42.2723,871.779,460.981
4973,46,78,35.2989,1264.61,475.205
4974,46,79,31.8904,1457.76,488.731
4975,46,80,26.5923,1759.75,502.696
4976,46,81,22.308,2005.39,516.465
4977,46,82,22.5502,1991.42,529.689
4978,46,83,39.8332,989.005,552.825
4979,46,84,34.9409,1274.39,567.046
4980,46,85,32.4064,1423.08,580.708
4981,46,86,30.4307,1539.65,594.277
4982,46,87,27.0575,1739.79,608.194
4983,46,88,27.0054,1742.9,621.568
4984,46,89,38.7897,1035.84,642.414
4985,46,90,35.5302,1232.5,656.499
4986,46,91,33.4212,1360.44,670.26
4987,46,92,30.2856,1551.72,684.396
4988,46,93,27.0813,1748.24,698.621
4989,46,94,26.0408,1812.41,712.17
4990,46,95,37.8585,1079.71,736.815
4991,46,96,34.96,1260.39,751.124
4992,46,97,32.9991,1383.27,765.095
4993,46,98,31.6465,1468.48,778.895
4994,46,99,29.5077,1603.94,792.978
4995,46,100,29.5262,1602.76,806.579
4996,46,101,38.6888,1016.35,829.661
4997,46,102,35.7244,1207.07,844.387
4998,46,103,33.8667,1327.2,858.542
4999,46,104,31.0861,1507.93,873.279
5000,46,105,28.9868,1645.09,887.623
5001,46,106,28.3197,1688.89,901.41
5002,46,107,36.4099,1154.94,925.054
5003,46,108,34.2849,1295.9,939.585
5004,46,109,32.8484,1391.67,953.763
5005,46,110,31.8274,1460.07,967.777
5006,46,111,30.414,1555.24,981.973
5007,46,112,29.8854,1591.02,995.84
5008,46,113,36.1231,1166.85,1017.62
5009,46,114,33.9148,1317.75,1032.53
5010,46,115,32.0589,1445.19,1047.18
5011,46,116,29.8795,1595.57,1062.19
5012,46,117,28.2034,1711.78,1076.78
5013,46,118,27.4051,1767.39,1090.84
5014,46,119,33.2585,1357.66,1113.77
5015,46,120,31.5517,1477.7,1128.53
5016,46,121,30.4213,1557.58,1142.87
5017,46,122,29.2006,1644.25,1157.3
5018,46,123,27.8721,1739.01,1171.83
5019,46,124,27.4841,1766.83,1185.84
5020,46,125,32.2324,1424.94,1207.48
5021,46,126,30.5331,1547.86,1222.51
5022,46,127,29.0014,1659.16,1237.39
5023,46,128,27.1511,1794.24,1252.73
5024,46,129,25.6473,1904.52,1267.67
5025,46,130,25.014,1951.16,1281.87
5026,46,131,29.4334,1624.13,1304.16
5027,46,132,28.0137,1729.66,1319.13
5028,46,133,27.0732,1799.88,1333.64
5029,47,51,-561.82,30579.3,72.0696
5030,47,52,-351.114,20395.2,85.2677
5031,47,53,18.9857,2383.66,104.971
5032,47,54,-59.7048,6239.49,117.461
5033,47,55,-71.8733,6839.81,130.477
5034,47,56,-103.853,8428.15,143.583
5035,47,57,-110.64,8767.48,156.409
5036,47,58,-78.6385,7156.74,169.677
5037,47,59,30.144,1645.09,189.423
5038,47,60,10.9059,2626.23,201.82
5039,47,61,4.53857,2953.09,214.954
5040,47,62,-5.48676,3471.07,228.117
5041,47,63,-9.10637,3659.29,241.117
5042,47,64,-4.54985,3420.83,254.086
5043,47,65,41.0677,1018.3,272.589
5044,47,66,25.7738,1828.88,286.399
5045,47,67,18.2995,2227.51,299.705
5046,47,68,8.06776,2776.61,313.253
5047,47,69,1.77984,3116.16,326.517
5048,47,70,3.08035,3045.5,339.53
5049,47,71,36.7837,1203.05,360.902
5050,47,72,30.3471,1557.06,374.474
5051,47,73,26.5551,1766.89,387.836
5052,47,74,23.1859,1954.44,401.158
5053,47,75,20.3943,2110.77,414.427
5054,47,76,21.5857,2043.65,427.584
5055,47,77,42.3077,869.404,447.684
5056,47,78,34.8963,1291.85,461.908
5057,47,79,31.3056,1497.72,475.452
5058,47,80,25.7303,1819.23,489.415
5059,47,81,21.2504,2079.07,503.185
5060,47,82,21.5648,2060.73,516.436
5061,47,83,39.8353,988.855,539.369
5062,47,84,34.6854,1292.7,553.593
5063,47,85,32.034,1450.01,567.273
5064,47,86,29.9782,1572.68,580.859
5065,47,87,26.4625,1783.62,594.781
5066,47,88,26.4362,1785.21,608.178
5067,47,89,38.7951,1035.44,628.893
5068,47,90,35.3872,1243.31,642.987
5069,47,91,33.1909,1378.03,656.762
5070,47,92,29.9289,1579.18,670.9
5071,47,93,26.6035,1785.36,685.123
5072,47,94,25.5395,1851.68,698.687
5073,47,95,37.86,1079.59,723.149
5074,47,96,34.8455,1269.51,737.464
5075,47,97,32.8122,1398.28,751.446
5076,47,98,31.4148,1487.25,765.26
5077,47,99,29.2041,1628.74,779.348
5078,47,100,29.2345,1626.78,792.968
5079,47,101,38.7409,1012.04,815.908
5080,47,102,35.6687,1211.73,830.634
5081,47,103,33.7478,1337.22,844.798
5082,47,104,30.8754,1525.84,859.531
5083,47,105,28.7121,1668.62,873.878
5084,47,106,28.0319,1713.74,887.678
5085,47,107,36.3968,1156.08,911.19
5086,47,108,34.2037,1303.02,925.725
5087,47,109,32.7242,1402.64,939.912
5088,47,110,31.6752,1473.62,953.938
5089,47,111,30.2229,1572.38,968.141
5090,47,112,29.684,1609.2,982.02
5091,47,113,36.114,1167.68,1003.71
5092,47,114,33.841,1324.51,1018.61
5093,47,115,31.9334,1456.77,1033.27
5094,47,116,29.6954,1612.69,1048.27
5095,47,117,27.9772,1732.96,1062.86
5096,47,118,27.163,1790.23,1076.93
5097,47,119,33.1834,1364.78,1099.76
5098,47,120,31.4325,1489.1,1114.52
5099,47,121,30.2752,1571.65,1128.88
5100,47,122,29.0262,1661.17,1143.3
5101,47,123,27.6677,1758.97,1157.84
5102,47,124,27.275,1787.39,1171.86
5103,47,125,32.1489,1433.21,1193.43
5104,47,126,30.4091,1560.22,1208.45
5105,47,127,28.8427,1675.09,1223.34
5106,47,128,26.9511,1814.44,1238.66
5107,47,129,25.4158,1928.04,1253.59
5108,47,130,24.7731,1975.82,1267.81
5109,47,131,29.3021,1637.65,1290.03
5110,47,132,27.8525,1746.38,1305
5111,47,133,26.894,1818.58,1319.51
5112,48,52,14.46,1872.76,58.8867
5113,48,53,386.069,-16459.9,85.4547
5114,48,54,180.014,-6225.9,100.845
5115,48,55,104.874,-2468.88,113.004
5116,48,56,26.51,1475.44,126.681
5117,48,57,-7.70667,3209.08,139.525
5118,48,58,11.3982,2234.73,152.118
5119,48,59,123.305,-3509.81,171.789
5120,48,60,86.7747,-1622.42,185.506
5121,48,61,68.6593,-680.42,197.65
5122,48,62,48.7479,361.615,210.946
5123,48,63,37.8965,933.121,223.911
5124,48,64,37.4593,956.29,236.626
5125,48,65,83.4778,-1498.03,254.91
5126,48,66,62.1098,-351.281,269.15
5127,48,67,50.2544,288.91,282.586
5128,48,68,36.0049,1063.13,296.399
5129,48,69,26.6056,1576.96,309.784
5130,48,70,25.8605,1617.95,322.665
5131,48,71,60.4741,-297.342,343.953
5132,48,72,51.6274,195.125,357.664
5133,48,73,45.9067,515.485,371.075
5134,48,74,40.8545,800.093,384.44
5135,48,75,36.6014,1041.1,397.737
5136,48,76,36.7572,1032.22,410.782
5137,48,77,57.8493,-177.064,430.736
5138,48,78,48.9571,335.722,445.219
5139,48,79,44.2632,607.971,458.842
5140,48,80,37.5646,998.718,472.987
5141,48,81,32.125,1317.84,486.892
5142,48,82,31.836,1334.89,500.083
5143,48,83,50.551,224.473,522.907
5144,48,84,44.5435,582.919,537.297
5145,48,85,41.2337,781.506,551.035
5146,48,86,38.6006,940.37,564.659
5147,48,87,34.4781,1190.47,578.689
5148,48,88,34.0595,1216,592.051
5149,48,89,46.6439,444.162,612.602
5150,48,90,42.7124,686.6,626.804
5151,48,91,40.0833,849.609,640.635
5152,48,92,36.37,1081.07,654.884
5153,48,93,32.6199,1316.07,669.222
5154,48,94,31.2546,1402.09,682.802
5155,48,95,43.8504,604.357,707.124
5156,48,96,40.4683,819.679,721.536
5157,48,97,38.1288,969.41,735.574
5158,48,98,36.4681,1076.25,749.42
5159,48,99,33.978,1237.28,763.577
5160,48,100,33.8294,1246.93,777.177
5161,48,101,43.5177,613.967,799.965
5162,48,102,40.1601,834.449,814.8
5163,48,103,38.0102,976.341,829.021
5164,48,104,34.8875,1183.48,843.856
5165,48,105,32.5112,1341.9,858.273
5166,48,106,31.6792,1397.64,872.085
5167,48,107,40.2013,823.821,895.44
5168,48,108,37.8115,985.53,910.046
5169,48,109,36.1679,1097.3,924.277
5170,48,110,34.9763,1178.72,938.33
5171,48,111,33.3755,1288.64,952.577
5172,48,112,32.7231,1333.66,966.467
5173,48,113,39.2558,880.727,988.008
5174,48,114,36.8212,1050.34,1003
5175,48,115,34.7698,1193.93,1017.72
5176,48,116,32.3847,1361.69,1032.79
5177,48,117,30.5406,1492,1047.44
5178,48,118,29.6312,1556.57,1061.53
5179,48,119,35.7503,1120.07,1084.22
5180,48,120,33.8811,1254.03,1099.04
5181,48,121,32.6263,1344.38,1113.43
5182,48,122,31.2813,1441.67,1127.9
5183,48,123,29.8278,1547.29,1142.47
5184,48,124,29.3687,1580.8,1156.51
5185,48,125,34.3139,1218.16,1177.94
5186,48,126,32.4752,1353.6,1193.03
5187,48,127,30.8181,1476.23,1207.96
5188,48,128,28.8309,1623.94,1223.35
5189,48,129,27.2124,1744.79,1238.34
5190,48,130,26.5109,1797.41,1252.57
5191,48,131,31.1064,1451.21,1274.66
5192,48,132,29.5802,1566.7,1289.68
5193,48,133,28.5593,1644.29,1304.22
5194,49,53,543.94,-24616.6,73.1807
5195,49,54,216.577,-8139.36,88.1508
5196,49,55,109.521,-2715.2,101.436
5197,49,56,10.4048,2339.75,114.06
5198,49,57,-27.8367,4302.81,126.905
5199,49,58,-0.884848,2910.3,139.626
5200,49,59,133.602,-4083.01,158.804
5201,49,60,89.2671,-1762.83,172.577
5202,49,61,67.9813,-641.773,185.781
5203,49,62,45.3222,559.161,198.102
5204,49,63,33.4807,1190.71,211.104
5205,49,64,33.5409,1187.48,223.878
5206,49,65,85.4343,-1614.77,241.934
5207,49,66,61.4747,-312.963,256.167
5208,49,67,48.4382,399.698,269.62
5209,49,68,32.9454,1251.8,283.412
5210,49,69,22.9423,1805.31,296.792
5211,49,70,22.4625,1832.02,309.713
5212,49,71,60.3814,-291.442,330.767
5213,49,72,50.8052,248.018,344.492
5214,49,73,44.6926,594.398,357.925
5215,49,74,39.3452,899.203,371.308
5216,49,75,34.8889,1154.7,384.622
5217,49,76,35.1782,1138.01,397.702
5218,49,77,57.8338,-176.012,417.495
5219,49,78,48.3498,377.223,431.964
5220,49,79,43.3922,668.068,445.599
5221,49,80,36.3294,1084.77,459.729
5222,49,81,30.635,1422.64,473.624
5223,49,82,30.4167,1435.67,486.841
5224,49,83,50.2821,243.739,509.477
5225,49,84,43.9558,625.426,523.861
5226,49,85,40.4989,835.146,537.61
5227,49,86,37.7659,1001.86,551.247
5228,49,87,33.4748,1265.05,565.271
5229,49,88,33.0854,1289.06,578.655
5230,49,89,46.3312,467.821,599.096
5231,49,90,42.2274,723.622,613.298
5232,49,91,39.4985,894.634,627.137
5233,49,92,35.6431,1137.53,641.379
5234,49,93,31.7586,1383.54,655.704
5235,49,94,30.3714,1471.86,669.296
5236,49,95,43.5407,629.025,693.46
5237,49,96,40.0307,854.838,707.869
5238,49,97,37.6135,1011.15,721.913
5239,49,98,35.907,1122.07,735.769
5240,49,99,33.3412,1289.7,749.925
5241,49,100,33.2114,1298.23,763.543
5242,49,101,43.2886,633.131,786.21
5243,49,102,39.8151,863.538,801.037
5244,49,103,37.5996,1011.24,815.262
5245,49,104,34.3801,1226.95,830.084
5246,49,105,31.9382,1391.37,844.496
5247,49,106,31.0973,1448.27,858.319
5248,49,107,39.928,847.782,881.566
5249,49,108,37.4677,1015.91,896.17
5250,49,109,35.7814,1131.69,910.404
5251,49,110,34.5638,1215.71,924.466
5252,49,111,32.9253,1329.31,938.715
5253,49,112,32.2665,1375.21,952.615
5254,49,113,39.0143,902.86,974.081
5255,49,114,36.5133,1078.77,989.06
5256,49,115,34.4098,1227.41,1003.78
5257,49,116,31.9652,1400.98,1018.84
5258,49,117,30.0798,1535.47,1033.48
5259,49,118,29.1576,1601.56,1047.58
5260,49,119,35.4624,1147.62,1070.19
5261,49,120,33.5493,1286,1085.01
5262,49,121,32.2692,1379.02,1099.4
5263,49,122,30.8975,1479.15,1113.87
5264,49,123,29.4154,1587.84,1128.44
5265,49,124,28.9551,1621.75,1142.48
5266,49,125,34.0395,1245.5,1163.86
5267,49,126,32.1607,1385.16,1178.94
5268,49,127,30.4696,1511.43,1193.87
5269,49,128,28.4415,1663.54,1209.24
5270,49,129,26.7926,1787.75,1224.22
5271,49,130,26.0842,1841.36,1238.45
5272,49,131,30.8007,1482.9,1260.5
5273,49,132,29.2454,1601.62,1275.5
5274,49,133,28.2084,1681.13,1290.04
5275,50,54,299.34,-12498.2,76.2175
5276,50,55,129.011,-3754.67,88.7092
5277,50,56,-3.99286,3117.22,102.344
5278,50,57,-48.1952,5415.75,114.234
5279,50,58,-10.73,3455.06,127.084
5280,50,59,152.623,-5148.2,145.683
5281,50,60,96.7691,-2187.94,159.549
5282,50,61,70.6853,-796.802,172.831
5283,50,62,44.1242,628.646,186.199
5284,50,63,30.7622,1350.19,198.254
5285,50,64,31.1929,1326.79,211.095
5286,50,65,89.8665,-1880.7,228.876
5287,50,66,62.5667,-379.208,243.127
5288,50,67,47.9604,429.007,256.613
5289,50,68,30.887,1379.42,270.402
5290,50,69,20.0895,1984.09,283.792
5291,50,70,19.8356,1998.39,296.758
5292,50,71,61.4405,-359.226,317.533
5293,50,72,50.9395,239.332,331.284
5294,50,73,44.3063,619.635,344.747
5295,50,74,38.562,950.892,358.157
5296,50,75,33.8232,1225.74,371.495
5297,50,76,34.2128,1203.01,384.612
5298,50,77,58.5557,-225.099,404.213
5299,50,78,48.3678,375.986,418.682
5300,50,79,43.0785,689.818,432.336
5301,50,80,35.5803,1137.21,446.462
5302,50,81,29.5768,1497.42,460.355
5303,50,82,29.4094,1507.52,473.602
5304,50,83,50.5026,227.862,496.019
5305,50,84,43.8022,636.587,510.406
5306,50,85,40.1618,859.867,524.171
5307,50,86,37.2993,1036.39,537.826
5308,50,87,32.8069,1314.92,551.851
5309,50,88,32.4318,1338.3,565.26
5310,50,89,46.3725,464.679,585.569
5311,50,90,42.0666,735.954,599.778
5312,50,91,39.2154,916.53,613.63
5313,50,92,35.1938,1172.57,627.872
5314,50,93,31.1532,1431.17,642.191
5315,50,94,29.7313,1522.65,655.797
5316,50,95,43.501,632.207,679.779
5317,50,96,39.8432,869.958,694.193
5318,50,97,37.3332,1033.95,708.247
5319,50,98,35.5684,1149.83,722.115
5320,50,99,32.9136,1325.05,736.275
5321,50,100,32.7955,1332.89,749.912
5322,50,101,43.2762,634.171,772.442
5323,50,102,39.6721,875.645,787.266
5324,50,103,37.3799,1029.99,801.498
5325,50,104,34.0512,1255.23,816.313
5326,50,105,31.5339,1426.41,830.724
5327,50,106,30.6777,1484.92,844.56
5328,50,107,39.8274,856.639,867.682
5329,50,108,37.287,1031.92,882.288
5330,50,109,35.5506,1152.31,896.53
5331,50,110,34.3007,1239.39,910.602
5332,50,111,32.6178,1357.19,924.856
5333,50,112,31.9479,1404.31,938.769
5334,50,113,38.9165,911.863,960.148
5335,50,114,36.3415,1094.69,975.123
5336,50,115,34.1795,1248.91,989.838
5337,50,116,31.6687,1428.85,1004.89
5338,50,117,29.7366,1567.96,1019.53
5339,50,118,28.7976,1635.88,1033.63
5340,50,119,35.2929,1163.89,1056.16
5341,50,120,33.3306,1307.14,1070.98
5342,50,121,32.0211,1403.17,1085.37
5343,50,122,30.6186,1506.49,1099.84
5344,50,123,29.104,1618.57,1114.41
5345,50,124,28.6397,1653.08,1128.47
5346,50,125,33.8662,1262.83,1149.78
5347,50,126,31.9431,1407.06,1164.86
5348,50,127,30.2142,1537.31,1179.78
5349,50,128,28.1412,1694.17,1195.14
5350,50,129,26.4586,1822.04,1210.11
5351,50,130,25.741,1876.82,1224.35
5352,50,131,30.5809,1505.76,1246.33
5353,50,132,28.9934,1628,1261.34
5354,50,133,27.9377,1709.64,1275.88
5355,51,55,35.26,1276.66,76.6565
5356,51,56,-110.829,8921.96,89.0038
5357,51,57,-137.136,10307.5,101.796
5358,51,58,-68.069,6646.94,113.918
5359,51,59,144.327,-4680.83,132.552
5360,51,60,78.9612,-1172.89,146.376
5361,51,61,51.3727,316.891,159.664
5362,51,62,23.6035,1825.69,172.99
5363,51,63,11.3429,2495.93,186.039
5364,51,64,14.6092,2316.28,197.937
5365,51,65,83.3171,-1485.55,215.739
5366,51,66,53.4235,178.524,229.905
5367,51,67,38.1745,1032.47,243.362
5368,51,68,20.2914,2039.88,257.072
5369,51,69,9.47263,2652.95,270.415
5370,51,70,10.255,2608.35,283.413
5371,51,71,56.7348,-56.4898,304.177
5372,51,72,45.7069,579.45,317.909
5373,51,73,38.952,971.238,331.369
5374,51,74,33.1751,1308.22,344.774
5375,51,75,28.4882,1583.19,358.107
5376,51,76,29.3182,1534.22,371.258
5377,51,77,55.8267,-38.6225,390.831
5378,51,78,45.1061,601.044,405.249
5379,51,79,39.6769,926.792,418.893
5380,51,80,31.9057,1395.66,432.974
5381,51,81,25.7519,1768.99,446.83
5382,51,82,25.813,1765.26,460.099
5383,51,83,48.4027,379.76,482.456
5384,51,84,41.4317,809.64,496.811
5385,51,85,37.7187,1039.85,510.572
5386,51,86,34.8328,1219.73,524.226
5387,51,87,30.2309,1508.12,538.226
5388,51,88,29.9717,1524.45,551.654
5389,51,89,44.7535,588.267,571.933
5390,51,90,40.3132,870.965,586.125
5391,51,91,37.4084,1056.87,599.973
5392,51,92,33.2814,1322.38,614.189
5393,51,93,29.1418,1590.07,628.477
5394,51,94,27.7467,1680.75,642.086
5395,51,95,42.2165,735.388,665.998
5396,51,96,38.4557,982.353,680.394
5397,51,97,35.8978,1151.17,694.443
5398,51,98,34.1193,1269.14,708.313
5399,51,99,31.4153,1449.41,722.459
5400,51,100,31.3524,1453.63,736.112
5401,51,101,42.3007,716.438,758.585
5402,51,102,38.5956,967.155,773.387
5403,51,103,36.2574,1126.15,787.612
5404,51,104,32.8471,1359.19,802.4
5405,51,105,30.282,1535.32,816.795
5406,51,106,29.4399,1593.43,830.636
5407,51,107,38.954,933.782,853.705
5408,51,108,36.3562,1114.76,868.298
5409,51,109,34.5925,1238.22,882.537
5410,51,110,33.3328,1326.82,896.611
5411,51,111,31.6265,1447.4,910.859
5412,51,112,30.9669,1494.23,924.779
5413,51,113,38.1879,979.132,946.124
5414,51,114,35.5552,1167.81,961.08
5415,51,115,33.3509,1326.52,975.781
5416,51,116,30.7892,1511.82,990.809
5417,51,117,28.8257,1654.5,1005.43
5418,51,118,27.8858,1723.11,1019.54
5419,51,119,34.5958,1231.05,1042.03
5420,51,120,32.5974,1378.26,1056.83
5421,51,121,31.2716,1476.37,1071.22
5422,51,122,29.8509,1581.97,1085.69
5423,51,123,28.3159,1696.59,1100.25
5424,51,124,27.8604,1730.75,1114.31
5425,51,125,33.247,1324.96,1135.6
5426,51,126,31.2897,1473.07,1150.66
5427,51,127,29.5328,1606.59,1165.57
5428,51,128,27.4241,1767.55,1180.91
5429,51,129,25.7171,1898.42,1195.86
5430,51,130,25,1953.64,1210.1
5431,51,131,29.9778,1568.69,1232.06
5432,51,132,28.3663,1693.85,1247.05
5433,51,133,27.3002,1777,1261.59
5434,52,56,-368.92,23031,75.6143
5435,52,57,-317.966,20313.4,87.3224
5436,52,58,-177.5,12775.1,101.07
5437,52,59,115.352,-3038.96,119.248
5438,52,60,41.9,951.956,132.988
5439,52,61,16.2061,2356.56,146.262
5440,52,62,-10.2182,3809.89,159.524
5441,52,63,-18.8853,4289.47,172.558
5442,52,64,-10.4659,3820.79,185.525
5443,52,65,71.6396,-777.114,202.475
5444,52,66,39.3171,1043.72,216.534
5445,52,67,23.9253,1915.92,229.95
5446,52,68,5.61471,2959.62,243.568
5447,52,69,-4.77544,3555.33,256.854
5448,52,70,-2.41088,3418.97,269.889
5449,52,71,49.9835,380.097,290.727
5450,52,72,38.5483,1047.15,304.433
5451,52,73,31.83,1441.29,317.886
5452,52,74,26.1702,1775.22,331.282
5453,52,75,21.6763,2041.85,344.607
5454,52,76,23.1177,1955.85,357.793
5455,52,77,52.1424,214.372,377.378
5456,52,78,40.9005,892.631,391.739
5457,52,79,35.384,1227.3,405.369
5458,52,80,27.3728,1715.98,419.4
5459,52,81,21.111,2100.04,433.215
5460,52,82,21.4755,2077.56,446.507
5461,52,83,45.7481,572.662,468.835
5462,52,84,38.5154,1023.5,483.155
5463,52,85,34.7556,1259.11,496.91
5464,52,86,31.8742,1440.64,510.562
5465,52,87,27.181,1737.88,524.534
5466,52,88,27.0725,1744.78,537.98
5467,52,89,42.7849,739.188,558.249
5468,52,90,38.2179,1033,572.421
5469,52,91,35.2727,1223.46,586.263
5470,52,92,31.0485,1498.03,600.452
5471,52,93,26.8181,1774.42,614.707
5472,52,94,25.4661,1863.19,628.318
5473,52,95,40.6974,857.93,652.175
5474,52,96,36.8369,1114.01,666.554
5475,52,97,34.2382,1287.26,680.596
5476,52,98,32.4547,1406.75,694.466
5477,52,99,29.7073,1591.74,708.598
5478,52,100,29.7116,1591.46,722.267
5479,52,101,41.1635,812.725,744.694
5480,52,102,37.3576,1072.79,759.471
5481,52,103,34.9771,1236.25,773.688
5482,52,104,31.4864,1477.11,788.448
5483,52,105,28.8768,1658.05,802.826
5484,52,106,28.0551,1715.29,816.673
5485,52,107,37.9585,1022.05,839.696
5486,52,108,35.3045,1208.72,854.276
5487,52,109,33.5162,1335.09,868.512
5488,52,110,32.2503,1424.97,882.587
5489,52,111,30.5232,1548.17,896.828
5490,52,112,29.8782,1594.4,910.755
5491,52,113,37.3672,1055.18,932.071
5492,52,114,34.677,1249.78,947.008
5493,52,115,32.4313,1412.97,961.694
5494,52,116,29.819,1603.67,976.698
5495,52,117,27.8254,1749.86,991.305
5496,52,118,26.8874,1818.96,1005.41
5497,52,119,33.824,1305.65,1027.88
5498,52,120,31.79,1456.84,1042.66
5499,52,121,30.4495,1556.94,1057.05
5500,52,122,29.0119,1664.75,1071.51
5501,52,123,27.4576,1781.85,1086.06
5502,52,124,27.0131,1815.48,1100.13
5503,52,125,32.5682,1393.29,1121.4
5504,52,126,30.5767,1545.31,1136.44
5505,52,127,28.7924,1682.11,1151.33
5506,52,128,26.6482,1847.21,1166.64
5507,52,129,24.9173,1981.07,1181.58
5508,52,130,24.2023,2036.6,1195.82
5509,52,131,29.3244,1637.07,1217.77
5510,52,132,27.6893,1765.16,1232.74
5511,52,133,26.6138,1849.77,1247.27
5512,53,57,-599.84,36004.4,73.1141
5513,53,58,-318.594,20723.4,87.3117
5514,53,59,98.2429,-2063.71,106.889
5515,53,60,10.7048,2750.88,119.628
5516,53,61,-13.7667,4104.97,132.953
5517,53,62,-39.4812,5536.41,146.224
5518,53,63,-44.4036,5812.07,159.304
5519,53,64,-30.328,5019.14,172.371
5520,53,65,67.4648,-522.456,190.251
5521,53,66,31.1213,1549.12,203.278
5522,53,67,14.77,2486.6,216.704
5523,53,68,-4.685,3608.5,230.29
5524,53,69,-15.0858,4211.75,243.571
5525,53,70,-11.3129,3991.67,256.664
5526,53,71,47.5337,539.333,277.352
5527,53,72,35.2,1267.02,291.071
5528,53,73,28.1608,1684.68,304.547
5529,53,74,22.3199,2033.18,317.964
5530,53,75,17.7702,2306.17,331.309
5531,53,76,19.6571,2192.32,344.539
5532,53,77,51.2806,273.832,363.993
5533,53,78,39.2403,1008.29,378.338
5534,53,79,33.4381,1364.16,391.982
5535,53,80,24.9937,1884.9,405.998
5536,53,81,18.4641,2289.73,419.803
5537,53,82,19.0294,2254.5,433.129
5538,53,83,45.0257,625.393,455.286
5539,53,84,37.3862,1106.68,469.601
5540,53,85,33.4669,1354.9,483.37
5541,53,86,30.4918,1544.32,497.037
5542,53,87,25.6094,1856.79,511.006
5543,53,88,25.5823,1858.54,524.477
5544,53,89,42.2246,782.337,544.642
5545,53,90,37.4466,1092.9,558.816
5546,53,91,34.3899,1292.61,572.669
5547,53,92,29.9986,1580.97,586.854
5548,53,93,25.6131,1870.41,601.098
5549,53,94,24.2542,1960.56,614.723
5550,53,95,40.2503,894.151,638.425
5551,53,96,36.2346,1163.2,652.804
5552,53,97,33.5472,1344.15,666.854
5553,53,98,31.7162,1468.05,680.736
5554,53,99,28.8833,1660.69,694.869
5555,53,100,28.922,1658.04,708.558
5556,53,101,40.8736,837.363,730.865
5557,53,102,36.9271,1109.67,745.636
5558,53,103,34.4702,1280.02,759.859
5559,53,104,30.8647,1531.2,774.608
5560,53,105,28.18,1719.13,788.983
5561,53,106,27.3537,1777.25,802.843
5562,53,107,37.6428,1050.15,825.755
5563,53,108,34.9052,1244.52,840.336
5564,53,109,33.0682,1375.56,854.578
5565,53,110,31.7741,1468.3,868.662
5566,53,111,30.0046,1595.71,882.908
5567,53,112,29.3554,1642.67,896.847
5568,53,113,37.1071,1079.38,918.086
5569,53,114,34.3385,1281.49,933.016
5570,53,115,32.0322,1450.61,947.7
5571,53,116,29.3507,1648.15,962.693
5572,53,117,27.3102,1799.15,977.296
5573,53,118,26.3594,1869.82,991.409
5574,53,119,33.5188,1335.25,1013.8
5575,53,120,31.434,1491.61,1028.58
5576,53,121,30.0649,1594.75,1042.97
5577,53,122,28.5973,1705.8,1057.43
5578,53,123,27.0108,1826.37,1071.98
5579,53,124,26.5664,1860.3,1086.06
5580,53,125,32.286,1421.8,1107.28
5581,53,126,30.2483,1578.7,1122.31
5582,53,127,28.4251,1719.69,1137.2
5583,53,128,26.2342,1889.85,1152.49
5584,53,129,24.4691,2027.53,1167.42
5585,53,130,23.7473,2084.08,1181.66
5586,53,131,29.0106,1670.03,1203.56
5587,53,132,27.3424,1801.81,1218.53
5588,53,133,26.2489,1888.57,1233.06
5589,54,58,102.16,-3119.36,64.3508
5590,54,59,517.691,-26112.1,87.1776
5591,54,60,285.3,-13175.6,102.737
5592,54,61,186.062,-7618.31,115.378
5593,54,62,110.227,-3346.26,128.994
5594,54,63,74.3782,-1314.84,142.038
5595,54,64,69.4164,-1032.02,154.704
5596,54,65,166.884,-6620.16,172.182
5597,54,66,109.654,-3319.89,187.026
5598,54,67,79.7477,-1585.34,199.7
5599,54,68,49.035,206.238,213.651
5600,54,69,30.6191,1286.64,227.076
5601,54,70,29.4588,1355.09,239.99
5602,54,71,90.3137,-2255.63,260.46
5603,54,72,72.1786,-1173.57,274.395
5604,54,73,60.7376,-487.107,287.96
5605,54,74,51.2379,86.0397,301.446
5606,54,75,43.6456,546.639,314.837
5607,54,76,43.4466,558.777,327.944
5608,54,77,75.723,-1420.84,347.153
5609,54,78,60.764,-498.368,361.825
5610,54,79,52.8598,-8.3094,375.577
5611,54,80,42.3513,646.723,389.805
5612,54,81,34.1155,1162.83,403.761
5613,54,82,33.6403,1192.77,417.023
5614,54,83,60.3957,-501.738,438.982
5615,54,84,51.2717,79.1564,453.489
5616,54,85,46.2396,401.211,467.33
5617,54,86,42.3101,654.009,481.046
5618,54,87,36.4453,1033.27,495.133
5619,54,88,35.7974,1075.38,508.573
5620,54,89,52.7968,-35.2459,528.519
5621,54,90,47.1891,332.991,542.815
5622,54,91,43.4587,579.194,556.734
5623,54,92,38.3772,916.269,571.037
5624,54,93,33.3535,1251.18,585.402
5625,54,94,31.5507,1371.97,599.046
5626,54,95,47.961,267.01,622.551
5627,54,96,43.3999,575.644,637.034
5628,54,97,40.2647,788.842,651.146
5629,54,98,38.0537,939.923,665.065
5630,54,99,34.8221,1161.82,679.27
5631,54,100,34.6098,1176.47,692.942
5632,54,101,46.8224,329.735,715.059
5633,54,102,42.472,632.814,729.943
5634,54,103,39.695,827.205,744.228
5635,54,104,35.7432,1105.15,759.081
5636,54,105,32.7676,1315.42,773.528
5637,54,106,31.737,1388.59,787.402
5638,54,107,42.2448,639.037,810.127
5639,54,108,39.2404,854.355,824.781
5640,54,109,37.1829,1002.49,839.069
5641,54,110,35.6991,1109.82,853.184
5642,54,111,33.7332,1252.68,867.476
5643,54,112,32.9355,1310.91,881.427
5644,54,113,40.8263,732.248,902.5
5645,54,114,37.845,951.875,917.512
5646,54,115,35.3512,1136.41,932.262
5647,54,116,32.4792,1349.9,947.333
5648,54,117,30.2772,1514.32,961.993
5649,54,118,29.2058,1594.67,976.13
5650,54,119,36.496,1045.48,998.353
5651,54,120,34.2601,1214.66,1013.2
5652,54,121,32.7676,1328.09,1027.62
5653,54,122,31.1791,1449.35,1042.12
5654,54,123,29.4735,1580.1,1056.72
5655,54,124,28.9472,1620.63,1070.81
5656,54,125,34.7595,1171.15,1091.88
5657,54,126,32.5982,1339,1106.97
5658,54,127,30.6623,1490.01,1121.91
5659,54,128,28.3532,1670.88,1137.27
5660,54,129,26.4859,1817.78,1152.25
5661,54,130,25.693,1880.42,1166.51
5662,54,131,31.0414,1456.12,1188.27
5663,54,132,29.2795,1596.48,1203.29
5664,54,133,28.1102,1690.02,1217.85
5665,55,59,704.1,-36861.7,74.5682
5666,55,60,332.109,-15906.1,89.7542
5667,55,61,191.143,-7918.09,103.514
5668,55,62,95.0786,-2442.42,116.129
5669,55,63,54.63,-123.37,129.196
5670,55,64,52.6255,-7.77455,141.943
5671,55,65,170.867,-6865.8,159.201
5672,55,66,103.435,-2932.25,173.965
5673,55,67,69.8846,-963.962,187.615
5674,55,68,36.1934,1023.82,200.48
5675,55,69,17.0343,2160.59,213.858
5676,55,70,17.4271,2137.16,226.816
5677,55,71,86.8569,-2028.63,247.165
5678,55,72,67.0908,-836.078,261.085
5679,55,73,54.9811,-101.419,274.651
5680,55,74,45.1071,500.894,288.134
5681,55,75,37.3756,975.092,301.523
5682,55,76,37.7285,953.328,314.667
5683,55,77,73.3087,-1252.64,333.805
5684,55,78,57.3043,-255.039,348.422
5685,55,79,49.0446,262.571,362.164
5686,55,80,38.0212,957.046,376.343
5687,55,81,29.4961,1496.97,390.259
5688,55,82,29.3169,1508.38,403.547
5689,55,83,58.2157,-341.143,425.417
5690,55,84,48.6287,275.616,439.891
5691,55,85,43.4425,610.993,453.729
5692,55,86,39.4422,871.01,467.445
5693,55,87,33.3958,1266.04,481.505
5694,55,88,32.8892,1299.31,494.965
5695,55,89,51.0261,102.275,514.872
5696,55,90,45.2053,488.39,529.15
5697,55,91,41.3805,743.374,543.064
5698,55,92,36.1409,1094.43,557.341
5699,55,93,30.9743,1442.32,571.673
5700,55,94,29.2002,1562.36,585.32
5701,55,95,46.5257,384.222,608.745
5702,55,96,41.8158,706.069,623.211
5703,55,97,38.6084,926.311,637.317
5704,55,98,36.3722,1080.61,651.238
5705,55,99,33.0718,1309.44,665.429
5706,55,100,32.9263,1319.57,679.118
5707,55,101,45.7302,423.298,701.174
5708,55,102,41.2441,738.825,716.034
5709,55,103,38.4038,939.535,730.312
5710,55,104,34.3456,1227.67,745.137
5711,55,105,31.3082,1444.34,759.567
5712,55,106,30.2941,1517.02,773.447
5713,55,107,41.2528,727.986,796.118
5714,55,108,38.1738,950.698,810.759
5715,55,109,36.0804,1102.82,825.043
5716,55,110,34.5829,1212.14,839.16
5717,55,111,32.5872,1358.49,853.445
5718,55,112,31.8016,1416.37,867.403
5719,55,113,39.9983,809.81,888.443
5720,55,114,36.9451,1036.76,903.435
5721,55,115,34.3991,1226.86,918.17
5722,55,116,31.4652,1446.9,933.216
5723,55,117,29.2254,1615.64,947.861
5724,55,118,28.1535,1696.75,961.999
5725,55,119,35.7003,1123.19,984.188
5726,55,120,33.4208,1297.19,999.018
5727,55,121,31.9088,1413.11,1013.44
5728,55,122,30.2988,1537.08,1027.93
5729,55,123,28.5693,1670.83,1042.52
5730,55,124,28.0538,1710.86,1056.61
5731,55,125,34.055,1242.77,1077.67
5732,55,126,31.8533,1415.24,1092.74
5733,55,127,29.8847,1570.1,1107.67
5734,55,128,27.5342,1755.79,1123
5735,55,129,25.639,1906.14,1137.96
5736,55,130,24.8474,1969.2,1152.22
5737,55,131,30.3567,1528.46,1173.96
5738,55,132,28.5673,1672.21,1188.96
5739,55,133,27.3864,1767.47,1203.52
5740,56,60,456.12,-23181.5,77.4407
5741,56,61,226.829,-10035.4,90.4625
5742,56,62,93.1214,-2324.99,104.172
5743,56,63,43.05,579.15,116.322
5744,56,64,43.1733,571.956,129.177
5745,56,65,186.954,-7863.17,146.072
5746,56,66,104.336,-2988.74,160.841
5747,56,67,65.0441,-657.393,174.516
5748,56,68,26.9143,1617.68,188.351
5749,56,69,6.34374,2851.92,200.724
5750,56,70,8.21429,2739.06,213.745
5751,56,71,87.4744,-2069.39,233.831
5752,56,72,65.3103,-717.376,247.769
5753,56,73,52.0528,95.7475,261.362
5754,56,74,41.4477,749.73,274.868
5755,56,75,33.309,1254.33,288.277
5756,56,76,34.0829,1206.09,301.468
5757,56,77,73.229,-1247.07,320.444
5758,56,78,55.8399,-151.553,335.04
5759,56,79,47.0139,407.428,348.793
5760,56,80,35.2711,1155.05,362.951
5761,56,81,26.3017,1729.09,376.852
5762,56,82,26.3459,1726.25,390.174
5763,56,83,57.5211,-289.743,411.864
5764,56,84,47.3209,373.269,426.327
5765,56,85,41.8761,728.996,440.177
5766,56,86,37.7188,1001.99,453.906
5767,56,87,31.4022,1418.89,467.958
5768,56,88,30.9857,1446.51,481.444
5769,56,89,50.3015,158.798,501.252
5770,56,90,44.1894,568.304,515.528
5771,56,91,40.2086,836.346,529.45
5772,56,92,34.7491,1205.77,543.717
5773,56,93,29.3838,1570.61,558.032
5774,56,94,27.6004,1692.48,571.692
5775,56,95,45.8721,437.819,594.97
5776,56,96,40.9643,776.458,609.433
5777,56,97,37.6447,1006.62,623.544
5778,56,98,35.3494,1166.53,637.475
5779,56,99,31.9454,1404.8,651.664
5780,56,100,31.8435,1411.97,665.372
5781,56,101,45.2512,464.493,687.319
5782,56,102,40.5945,795.118,702.169
5783,56,103,37.663,1004.23,716.449
5784,56,104,33.4694,1304.77,731.259
5785,56,105,30.3455,1529.7,745.681
5786,56,106,29.3294,1603.19,759.574
5787,56,107,40.7467,773.534,782.145
5788,56,108,37.5707,1005.39,796.783
5789,56,109,35.422,1162.96,811.072
5790,56,110,33.894,1275.52,825.196
5791,56,111,31.8516,1426.66,839.483
5792,56,112,31.0642,1485.18,853.453
5793,56,113,39.569,850.159,874.426
5794,56,114,36.4269,1085.81,889.408
5795,56,115,33.8133,1282.71,904.136
5796,56,116,30.8024,1510.53,919.168
5797,56,117,28.5118,1684.62,933.805
5798,56,118,27.4284,1767.32,947.949
5799,56,119,35.2338,1168.91,970.072
5800,56,120,32.8984,1348.73,984.895
5801,56,121,31.3565,1467.97,999.322
5802,56,122,29.7149,1595.47,1013.81
5803,56,123,27.9518,1732.99,1028.39
5804,56,124,27.4392,1773.14,1042.5
5805,56,125,33.6294,1286.18,1063.5
5806,56,126,31.3777,1464.07,1078.57
5807,56,127,29.3676,1623.54,1093.49
5808,56,128,26.9669,1814.79,1108.8
5809,56,129,25.0358,1969.28,1123.75
5810,56,130,24.2392,2033.27,1138.02
5811,56,131,29.9095,1575.87,1159.71
5812,56,132,28.0852,1723.64,1174.71
5813,56,133,26.8864,1821.14,1189.27
5814,57,61,95.32,-2188.76,78.0312
5815,57,62,-39.12,5653.57,90.4765
5816,57,63,-65.7143,7213.77,103.506
5817,57,64,-38.369,5600.4,115.431
5818,57,65,155.483,-5901.51,132.765
5819,57,66,62.6364,-361.636,147.253
5820,57,67,23.7818,1969.64,160.788
5821,57,68,-13.8259,4238.63,174.415
5822,57,69,-31.2934,5298.33,187.655
5823,57,70,-23.7789,4839.95,199.711
5824,57,71,70.315,-931.147,220.18
5825,57,72,47.5253,474.219,234.036
5826,57,73,34.8005,1263.16,247.581
5827,57,74,24.934,1878.17,261.04
5828,57,75,17.6768,2332.95,274.405
5829,57,76,20.0913,2180.84,287.627
5830,57,77,64.2982,-618.931,306.781
5831,57,78,46.1401,537.131,321.264
5832,57,79,37.3901,1097.13,334.97
5833,57,80,25.4707,1863.95,349.033
5834,57,81,16.5678,2439.67,362.854
5835,57,82,17.3642,2387.91,376.193
5836,57,83,51.5139,156.789,398.018
5837,57,84,41.0142,846.268,412.413
5838,57,85,35.6289,1201.7,426.234
5839,57,86,31.6109,1468.23,439.943
5840,57,87,25.2808,1890.23,453.939
5841,57,88,25.2209,1894.25,467.437
5842,57,89,46.0567,491.304,487.339
5843,57,90,39.8348,912.318,501.572
5844,57,91,35.8754,1181.56,515.47
5845,57,92,30.3533,1558.9,529.686
5846,57,93,24.9356,1930.92,543.944
5847,57,94,23.2924,2044.3,557.594
5848,57,95,42.7221,697.171,580.932
5849,57,96,37.7264,1045.21,595.358
5850,57,97,34.4028,1277.86,609.449
5851,57,98,32.1525,1436.13,623.368
5852,57,99,28.7389,1677.35,637.527
5853,57,100,28.7782,1674.57,651.248
5854,57,101,42.918,665.927,673.229
5855,57,102,38.1603,1006.9,688.036
5856,57,103,35.2076,1219.49,702.297
5857,57,104,30.9416,1528.06,717.061
5858,57,105,27.7933,1756.84,731.452
5859,57,106,26.8387,1826.53,745.343
5860,57,107,38.8014,949.259,767.941
5861,57,108,35.578,1186.72,782.553
5862,57,109,33.4235,1346.15,796.828
5863,57,110,31.9129,1458.44,810.946
5864,57,111,29.8683,1611.1,825.217
5865,57,112,29.1236,1666.95,839.187
5866,57,113,37.9949,998.649,860.185
5867,57,114,34.7988,1240.49,875.135
5868,57,115,32.1517,1441.67,889.837
5869,57,116,29.0959,1674.93,904.831
5870,57,117,26.7861,1852.01,919.442
5871,57,118,25.7235,1933.84,933.579
5872,57,119,33.8307,1306.88,955.725
5873,57,120,31.4662,1490.52,970.525
5874,57,121,29.9209,1611.05,984.94
5875,57,122,28.2731,1740.13,999.416
5876,57,123,26.5004,1879.59,1013.98
5877,57,124,26.0154,1917.9,1028.08
5878,57,125,32.4263,1409.3,1049.11
5879,57,126,30.1446,1591.07,1064.15
5880,57,127,28.1126,1753.63,1079.05
5881,57,128,25.6802,1949.04,1094.33
5882,57,129,23.7313,2106.25,1109.24
5883,57,130,22.9485,2169.66,1123.51
5884,57,131,28.8044,1693.38,1145.23
5885,57,132,26.9612,1843.91,1160.2
5886,57,133,25.7604,1942.37,1174.75
5887,58,62,-358.48,25028.1,76.4922
5888,58,63,-287.486,20815.8,88.4252
5889,58,64,-188.964,14937.3,101.633
5890,58,65,91,-1860.55,119.15
5891,58,66,-8.15,4121.5,133.292
5892,58,67,-40.6182,6091.24,146.658
5893,58,68,-73.3545,8088.15,160.046
5894,58,69,-83.8119,8729.54,173.14
5895,58,70,-67.0615,7696.6,186.277
5896,58,71,46.6576,646.015,206.38
5897,58,72,23.9836,2059.36,220.149
5898,58,73,12.6109,2772.05,233.647
5899,58,74,4.19412,3302.31,247.059
5900,58,75,-1.56491,3667.04,260.383
5901,58,76,3.12912,3368.19,273.648
5902,58,77,53.4529,147.467,293.037
5903,58,78,34.5984,1360.44,307.406
5904,58,79,26.1022,1909.86,321.067
5905,58,80,14.1279,2688.19,335.034
5906,58,81,5.42835,3256.56,348.776
5907,58,82,7.17954,3141.57,362.14
5908,58,83,44.7396,662.603,384.128
5909,58,84,33.964,1377.39,398.455
5910,58,85,28.6975,1728.48,412.251
5911,58,86,24.8805,1984.23,425.942
5912,58,87,18.5771,2408.65,439.886
5913,58,88,18.9458,2383.7,453.4
5914,58,89,41.476,851.65,473.402
5915,58,90,35.1547,1283.61,487.594
5916,58,91,31.2376,1552.58,501.471
5917,58,92,25.665,1937.09,515.638
5918,58,93,20.2068,2315.53,529.842
5919,58,94,18.7304,2418.38,543.485
5920,58,95,39.4228,969.912,566.882
5921,58,96,34.3401,1327.4,581.273
5922,58,97,31.0197,1562.04,595.346
5923,58,98,28.8247,1717.89,609.257
5924,58,99,25.407,1961.68,623.388
5925,58,100,25.603,1947.63,637.125
5926,58,101,40.5299,872.897,659.134
5927,58,102,35.6669,1224.66,673.903
5928,58,103,32.6942,1440.67,688.145
5929,58,104,28.3536,1757.53,702.866
5930,58,105,25.182,1990.12,717.228
5931,58,106,24.295,2055.46,731.12
5932,58,107,36.838,1127.28,753.739
5933,58,108,33.5652,1370.56,768.326
5934,58,109,31.4052,1531.84,782.59
5935,58,110,29.9138,1643.69,796.704
5936,58,111,27.8675,1797.85,810.96
5937,58,112,27.1685,1850.74,824.934
5938,58,113,36.4264,1147.13,845.951
5939,58,114,33.1732,1395.47,860.87
5940,58,115,30.4909,1601.11,875.548
5941,58,116,27.3878,1840.05,890.507
5942,58,117,25.0579,2020.22,905.094
5943,58,118,24.0171,2101.06,919.227
5944,58,119,32.4409,1444,941.389
5945,58,120,30.0455,1631.64,956.167
5946,58,121,28.4963,1753.52,970.573
5947,58,122,26.8416,1884.23,985.035
5948,58,123,25.0585,2025.69,999.579
5949,58,124,24.6021,2062.05,1013.69
5950,58,125,31.2432,1530.77,1034.74
5951,58,126,28.9296,1716.62,1049.75
5952,58,127,26.8743,1882.42,1064.62
5953,58,128,24.4082,2082.17,1079.87
5954,58,129,22.4406,2242.21,1094.76
5955,58,130,21.6717,2305,1109.02
5956,58,131,27.7203,1809.01,1130.76
5957,58,132,25.8569,1962.44,1145.71
5958,58,133,24.6536,2061.91,1160.25
5959,59,63,-575.24,38560.6,74.4597
5960,59,64,-347.96,24848,87.583
5961,59,65,57.4214,254.9,106.763
5962,59,66,-58.1214,7303.01,119.777
5963,59,67,-86.7,9055.83,133.139
5964,59,68,-116.767,10910,146.467
5965,59,69,-121.233,11186.8,159.571
5966,59,70,-95.4538,9579.96,172.848
5967,59,71,40.1286,1083.46,193.869
5968,59,72,15.1481,2657.23,206.656
5969,59,73,3.43714,3398.92,220.189
5970,59,74,-4.885,3928.77,233.633
5971,59,75,-10.2534,4272.34,246.991
5972,59,76,-4.07245,3874.7,260.32
5973,59,77,52.3067,228.852,279.557
5974,59,78,31.6814,1569.5,293.913
5975,59,79,22.6538,2159.3,307.595
5976,59,80,9.90435,2996.51,321.551
5977,59,81,0.815613,3596.37,335.29
5978,59,82,3.09713,3445.03,348.698
5979,59,83,43.9886,718.928,370.485
5980,59,84,32.4418,1492.56,384.813
5981,59,85,26.898,1865.84,398.63
5982,59,86,22.9369,2133.88,412.343
5983,59,87,16.3328,2582.96,426.289
5984,59,88,16.8757,2545.86,439.837
5985,59,89,40.9931,889.804,459.715
5986,59,90,34.3068,1351.15,473.915
5987,59,91,30.2037,1635.63,487.808
5988,59,92,24.3642,2042.46,501.977
5989,59,93,18.6683,2441.17,516.175
5990,59,94,17.1954,2544.76,529.838
5991,59,95,39.0893,997.592,553.054
5992,59,96,33.7567,1376.21,567.451
5993,59,97,30.2959,1623.08,581.537
5994,59,98,28.0273,1785.66,595.465
5995,59,99,24.4818,2040.94,609.601
5996,59,100,24.7312,2022.9,623.362
5997,59,101,40.3929,884.814,645.233
5998,59,102,35.3151,1255.5,660
5999,59,103,32.2259,1482.03,674.252
6000,59,104,27.717,1814.19,688.968
6001,59,105,24.4375,2056.87,703.332
6002,59,106,23.5445,2123.25,717.24
6003,59,107,36.6301,1146.19,739.731
6004,59,108,33.2347,1400.85,754.323
6005,59,109,31.003,1568.97,768.598
6006,59,110,29.4697,1684.99,782.724
6007,59,111,27.3629,1845.11,796.988
6008,59,112,26.6567,1899.01,810.978
6009,59,113,36.2699,1162,831.905
6010,59,114,32.9061,1421.02,846.822
6011,59,115,30.1391,1635,861.501
6012,59,116,26.9411,1883.38,876.454
6013,59,117,24.5474,2070.09,891.04
6014,59,118,23.4889,2153,905.183
6015,59,119,32.2062,1467.24,927.256
6016,59,120,29.7411,1661.98,942.035
6017,59,121,28.1523,1788.02,956.448
6018,59,122,26.4567,1923.11,970.915
6019,59,123,24.6306,2069.2,985.461
6020,59,124,24.1734,2105.93,999.582
6021,59,125,31.0254,1553.19,1020.56
6022,59,126,28.6502,1745.59,1035.57
6023,59,127,26.5434,1916.94,1050.44
6024,59,128,24.0163,2123.32,1065.68
6025,59,129,22.0043,2288.3,1080.57
6026,59,130,21.2262,2352.37,1094.84
6027,59,131,27.4528,1837.64,1116.51
6028,59,132,25.5462,1995.89,1131.46
6029,59,133,24.3191,2098.15,1146.01
6030,60,64,101.56,-3321.88,56.9117
6031,60,65,492.229,-27282.9,85.9426
6032,60,66,219.443,-10461.1,102.849
6033,60,67,114.329,-3944.01,115.594
6034,60,68,32.9067,1131.28,129.338
6035,60,69,-2.38667,3343,142.399
6036,60,70,6.47091,2784.97,155.122
6037,60,71,147.663,-6157.19,176.174
6038,60,72,102.296,-3268.8,190.314
6039,60,73,76.462,-1615.45,202.947
6040,60,74,57.2936,-382.283,216.441
6041,60,75,43.4818,510.881,229.798
6042,60,76,44.0681,472.767,242.88
6043,60,77,101.363,-3270.47,261.882
6044,60,78,73.4025,-1434.42,276.716
6045,60,79,59.3,-503.66,290.526
6046,60,80,41.8462,654.106,304.743
6047,60,81,29.0274,1508.69,318.645
6048,60,82,29.0542,1506.9,331.925
6049,60,83,71.1902,-1330.26,353.55
6050,60,84,56.5435,-339.167,368.125
6051,60,85,48.7193,192.88,382.02
6052,60,86,42.8484,594.063,395.776
6053,60,87,34.3503,1177.6,409.854
6054,60,88,33.6881,1223.29,423.335
6055,60,89,58.2924,-482.611,442.986
6056,60,90,50.0587,91.0032,457.335
6057,60,91,44.7147,465.084,471.299
6058,60,92,37.6418,962.546,485.605
6059,60,93,30.8299,1443.92,499.942
6060,60,94,28.5778,1603.82,513.608
6061,60,95,51.0557,0.394251,536.65
6062,60,96,44.788,449.583,551.17
6063,60,97,40.5644,753.678,565.323
6064,60,98,37.6529,964.276,579.285
6065,60,99,33.4488,1269.77,593.5
6066,60,100,33.273,1282.61,607.226
6067,60,101,49.2738,109.22,628.914
6068,60,102,43.5467,531.116,643.817
6069,60,103,39.943,797.79,658.139
6070,60,104,34.8906,1173.35,672.976
6071,60,105,31.1567,1452.15,687.42
6072,60,106,29.9398,1543.42,701.335
6073,60,107,43.3041,536.634,723.644
6074,60,108,39.4977,824.652,738.321
6075,60,109,36.9262,1020.09,752.644
6076,60,110,35.1005,1159.45,766.8
6077,60,111,32.6961,1343.79,781.113
6078,60,112,31.762,1415.71,795.109
6079,60,113,41.5422,659.378,815.868
6080,60,114,37.8643,945.028,830.882
6081,60,115,34.8214,1182.37,845.636
6082,60,116,31.3469,1454.54,860.68
6083,60,117,28.7187,1661.29,875.33
6084,60,118,27.483,1758.92,889.495
6085,60,119,36.3577,1054.85,911.403
6086,60,120,33.6757,1268.52,926.25
6087,60,121,31.9087,1409.88,940.702
6088,60,122,30.0401,1559.99,955.213
6089,60,123,28.0449,1720.94,969.808
6090,60,124,27.4685,1767.63,983.936
6091,60,125,34.4284,1201.56,1004.77
6092,60,126,31.8807,1409.62,1019.85
6093,60,127,29.6169,1595.25,1034.78
6094,60,128,26.9275,1816.68,1050.09
6095,60,129,24.7748,1994.63,1065.03
6096,60,130,23.8967,2067.52,1079.33
6097,60,131,30.2221,1540.4,1100.86
6098,60,132,28.1874,1710.64,1115.86
6099,60,133,26.8557,1822.5,1130.44
6100,61,65,651.1,-37397.7,73.6557
6101,61,66,234.429,-11425.2,89.9296
6102,61,67,95,-2687.66,103.677
6103,61,68,-1.94524,3419.89,116.312
6104,61,69,-37.3367,5661.35,129.343
6105,61,70,-19.7176,4539.6,142.181
6106,61,71,151.907,-6444.39,162.861
6107,61,72,98.2713,-2993.81,177.014
6108,61,73,69.0824,-1106.26,190.669
6109,61,74,48.2299,249.154,203.178
6110,61,75,33.785,1192.89,216.549
6111,61,76,35.6568,1069.97,229.691
6112,61,77,100.681,-3221.65,248.526
6113,61,78,69.6902,-1165.9,263.311
6114,61,79,54.494,-152.825,277.121
6115,61,80,35.7755,1101.32,291.294
6116,61,81,22.314,2007.72,305.163
6117,61,82,22.9535,1964.45,318.483
6118,61,83,69.284,-1186.02,339.95
6119,61,84,53.5757,-112.618,354.5
6120,61,85,45.3629,451.323,368.4
6121,61,86,39.2985,869.766,382.164
6122,61,87,30.4339,1484.38,396.222
6123,61,88,30.0042,1514.32,409.732
6124,61,89,56.5594,-344.549,429.309
6125,61,90,47.8923,265.036,443.647
6126,61,91,42.3433,657.167,457.613
6127,61,92,34.9765,1180.21,471.898
6128,61,93,27.9133,1684.05,486.207
6129,61,94,25.7004,1842.65,499.883
6130,61,95,49.6271,119.919,522.807
6131,61,96,43.0905,592.732,537.316
6132,61,97,38.7304,909.565,551.469
6133,61,98,35.7622,1126.24,565.438
6134,61,99,31.4395,1443.24,579.644
6135,61,100,31.3554,1449.44,593.392
6136,61,101,48.2302,200.707,614.993
6137,61,102,42.2801,642.999,629.877
6138,61,103,38.5677,920.192,644.196
6139,61,104,33.3482,1311.65,659.01
6140,61,105,29.5168,1600.28,673.441
6141,61,106,28.3183,1690.97,687.367
6142,61,107,42.3204,626.812,709.599
6143,61,108,38.3964,926.345,724.268
6144,61,109,35.7648,1128.1,738.592
6145,61,110,33.9125,1270.72,752.753
6146,61,111,31.4605,1460.35,767.064
6147,61,112,30.538,1532,781.07
6148,61,113,40.7334,736.753,801.781
6149,61,114,36.9492,1033.18,816.779
6150,61,115,33.829,1278.64,831.522
6151,61,116,30.2658,1560.13,846.545
6152,61,117,27.5834,1772.94,861.184
6153,61,118,26.3441,1871.66,875.353
6154,61,119,35.5583,1134.53,897.213
6155,61,120,32.8135,1355.02,912.049
6156,61,121,31.0169,1499.95,926.5
6157,61,122,29.1168,1653.87,941.008
6158,61,123,27.0875,1818.91,955.595
6159,61,124,26.5231,1865.01,969.732
6160,61,125,33.7262,1274.35,990.536
6161,61,126,31.1226,1488.71,1005.6
6162,61,127,28.8139,1679.57,1020.52
6163,61,128,26.0689,1907.4,1035.81
6164,61,129,23.8788,2089.91,1050.74
6165,61,130,23.0011,2163.34,1065.03
6166,61,131,29.5299,1614.92,1086.53
6167,61,132,27.4579,1789.66,1101.52
6168,61,133,26.1098,1903.8,1116.1
6169,62,66,282.98,-14564.8,77.8142
6170,62,67,80.8914,-1765.9,90.6412
6171,62,68,-39.7214,5913.12,104.237
6172,62,69,-74.5167,8140.02,116.296
6173,62,70,-44.72,6223.1,129.274
6174,62,71,166.23,-7418.36,149.427
6175,62,72,100.238,-3128.87,163.635
6176,62,73,65.8566,-882.607,177.343
6177,62,74,42.2923,664.785,190.895
6178,62,75,26.6321,1698.36,203.304
6179,62,76,29.7071,1494.38,216.514
6180,62,77,103.604,-3432.05,235.103
6181,62,78,68.6225,-1088.32,249.875
6182,62,79,51.8566,40.5908,263.708
6183,62,80,31.4453,1421.75,277.863
6184,62,81,17.0707,2399.23,291.723
6185,62,82,18.2704,2317.25,305.088
6186,62,83,69.2385,-1182.56,326.321
6187,62,84,52.1682,-4.71206,340.867
6188,62,85,43.3883,604.023,354.786
6189,62,86,36.9968,1049.3,368.571
6190,62,87,27.6274,1705.16,382.626
6191,62,88,27.3736,1723.01,396.17
6192,62,89,56.0136,-300.882,415.624
6193,62,90,46.7864,354.247,429.964
6194,62,91,40.9412,771.206,443.944
6195,62,92,33.1896,1326.74,458.222
6196,62,93,25.7966,1859.03,472.518
6197,62,94,23.5778,2019.52,486.213
6198,62,95,49.0369,169.499,508.965
6199,62,96,42.1605,671.474,523.474
6200,62,97,37.6099,1005.19,537.636
6201,62,98,34.5418,1231.2,551.619
6202,62,99,30.0558,1563.17,565.827
6203,62,100,30.0383,1564.47,579.599
6204,62,101,47.8227,236.566,601.074
6205,62,102,41.6022,703.103,615.951
6206,62,103,37.7453,993.657,630.276
6207,62,104,32.3213,1404.07,645.077
6208,62,105,28.3625,1704.94,659.505
6209,62,106,27.162,1796.58,673.446
6210,62,107,41.8231,672.56,695.566
6211,62,108,37.7533,985.937,710.234
6212,62,109,35.0389,1195.85,724.566
6213,62,110,33.1406,1343.28,738.738
6214,62,111,30.6213,1539.79,753.053
6215,62,112,29.6956,1612.3,767.073
6216,62,113,40.3155,776.867,787.709
6217,62,114,36.4044,1085.85,802.699
6218,62,115,33.1887,1340.96,817.438
6219,62,116,29.5192,1633.29,832.448
6220,62,117,26.7677,1853.42,847.082
6221,62,118,25.5136,1954.16,861.259
6222,62,119,35.0742,1182.94,883.045
6223,62,120,32.2527,1411.48,897.877
6224,62,121,30.4149,1560.95,912.333
6225,62,122,28.4722,1719.61,926.842
6226,62,123,26.3983,1889.67,941.428
6227,62,124,25.8378,1935.82,955.576
6228,62,125,33.2874,1319.98,976.327
6229,62,126,30.6172,1541.61,991.384
6230,62,127,28.2538,1738.56,1006.3
6231,62,128,25.4437,1973.67,1021.57
6232,62,129,23.2075,2161.51,1036.49
6233,62,130,22.3239,2236.03,1050.79
6234,62,131,29.0585,1665.83,1072.24
6235,62,132,26.9415,1845.78,1087.23
6236,62,133,25.5702,1962.79,1101.8
6237,63,67,-59.92,7480.72,78.1492
6238,63,68,-173.8,14807,90.5204
6239,63,69,-180.229,15222.7,103.53
6240,63,70,-116.555,11083.9,115.733
6241,63,71,157.237,-6803.79,135.924
6242,63,72,79.8448,-1721.73,150.099
6243,63,73,42.92,715.313,163.805
6244,63,74,19.251,2285.35,177.353
6245,63,75,4.72637,3253.66,190.763
6246,63,76,11.3701,2808.53,203.042
6247,63,77,97.5643,-2995.21,221.598
6248,63,78,58.9656,-383.361,236.288
6249,63,79,41.3632,813.599,250.105
6250,63,80,19.8499,2283.67,264.195
6251,63,81,5.18281,3290.82,278.006
6252,63,82,7.69128,3117.73,291.416
6253,63,83,64.521,-822.464,312.593
6254,63,84,46.3277,445.003,327.098
6255,63,85,37.2923,1077.48,341.014
6256,63,86,30.8761,1528.76,354.801
6257,63,87,21.2468,2209.23,368.826
6258,63,88,21.4643,2193.78,382.399
6259,63,89,52.6635,-31.7587,401.834
6260,63,90,43.0165,659.607,416.153
6261,63,91,37.0282,1090.77,430.129
6262,63,92,29.0207,1669.98,444.379
6263,63,93,21.4197,2222.32,458.639
6264,63,94,19.3358,2374.44,472.341
6265,63,95,46.5949,375.438,495.027
6266,63,96,39.4577,901.213,509.517
6267,63,97,34.8015,1245.77,523.676
6268,63,98,31.7189,1474.91,537.662
6269,63,99,27.1431,1816.57,551.857
6270,63,100,27.278,1806.46,565.651
6271,63,101,46.1159,387.331,587.071
6272,63,102,39.6697,875.092,601.923
6273,63,103,35.719,1175.35,616.242
6274,63,104,30.1332,1601.73,631.014
6275,63,105,26.092,1911.56,645.426
6276,63,106,24.9402,2000.25,659.376
6277,63,107,40.3516,808.428,681.447
6278,63,108,36.1688,1133.29,696.102
6279,63,109,33.4063,1348.77,710.432
6280,63,110,31.497,1498.33,724.607
6281,63,111,28.942,1699.33,738.918
6282,63,112,28.0464,1770.08,752.948
6283,63,113,39.1475,889.391,773.553
6284,63,114,35.1308,1209.39,788.524
6285,63,115,31.8418,1472.5,803.249
6286,63,116,28.0864,1774.19,818.234
6287,63,117,25.2868,2000.02,832.854
6288,63,118,24.0408,2100.95,847.033
6289,63,119,33.9886,1291.87,868.788
6290,63,120,31.1073,1527.17,883.608
6291,63,121,29.246,1679.8,898.061
6292,63,122,27.2775,1841.87,912.565
6293,63,123,25.1748,2015.69,927.141
6294,63,124,24.6356,2060.44,941.298
6295,63,125,32.3599,1416.75,962.03
6296,63,126,29.6352,1644.72,977.07
6297,63,127,27.2294,1846.81,991.967
6298,63,128,24.3651,2088.36,1007.22
6299,63,129,22.0943,2280.62,1022.12
6300,63,130,21.2175,2355.15,1036.42
6301,63,131,28.1794,1761.07,1057.86
6302,63,132,26.027,1945.46,1072.83
6303,63,133,24.6429,2064.49,1087.4
6304,64,68,-448.84,33143,77.0753
6305,64,69,-365.731,27713.2,89.1528
6306,64,70,-230.864,18857,102.822
6307,64,71,139.952,-5616.94,122.302
6308,64,72,49.2033,402.751,136.444
6309,64,73,11.0218,2948.19,150.156
6310,64,74,-11.1509,4433.76,163.711
6311,64,75,-23.0294,5233.57,177.135
6312,64,76,-11.0934,4425.91,190.499
6313,64,77,90.6233,-2490.83,208.03
6314,64,78,47.8036,435.186,222.646
6315,64,79,29.3962,1699.16,236.456
6316,64,80,6.7598,3261.07,250.489
6317,64,81,-8.08256,4290.14,264.261
6318,64,82,-3.91368,3999.71,277.724
6319,64,83,59.7595,-457.417,298.83
6320,64,84,40.287,912.152,313.302
6321,64,85,30.9793,1569.89,327.222
6322,64,86,24.5542,2026.08,341.018
6323,64,87,14.6492,2732.63,355.02
6324,64,88,15.412,2677.97,368.628
6325,64,89,49.4766,225.313,388.028
6326,64,90,39.3512,957.724,402.332
6327,64,91,33.1969,1404.93,416.31
6328,64,92,24.9014,2010.51,430.537
6329,64,93,17.0683,2584.94,444.769
6330,64,94,15.1306,2727.67,458.483
6331,64,95,44.3563,564.974,481.08
6332,64,96,36.9222,1117.58,495.558
6333,64,97,32.1412,1474.56,509.717
6334,64,98,29.0346,1707.55,523.712
6335,64,99,24.3536,2060.19,537.898
6336,64,100,24.6466,2038.02,551.716
6337,64,101,44.6145,520.457,573.065
6338,64,102,37.9147,1031.87,587.897
6339,64,103,33.8542,1343.18,602.214
6340,64,104,28.0869,1787.26,616.963
6341,64,105,23.9507,2107.13,631.362
6342,64,106,22.8449,2193.01,645.324
6343,64,107,39.0521,928.849,667.329
6344,64,108,34.7412,1266.54,681.976
6345,64,109,31.9206,1488.42,696.307
6346,64,110,29.9933,1640.68,710.49
6347,64,111,27.3945,1846.86,724.799
6348,64,112,26.5255,1916.09,738.841
6349,64,113,38.1314,987.608,759.403
6350,64,114,33.9971,1319.74,774.358
6351,64,115,30.6252,1591.73,789.073
6352,64,116,26.774,1903.68,804.038
6353,64,117,23.9193,2135.86,818.646
6354,64,118,22.6778,2237.25,832.831
6355,64,119,33.0294,1388.42,854.542
6356,64,120,30.0807,1631.2,869.352
6357,64,121,28.1907,1787.44,883.806
6358,64,122,26.1912,1953.4,898.307
6359,64,123,24.0546,2131.45,912.876
6360,64,124,23.5345,2174.96,927.043
6361,64,125,31.5435,1502.21,947.746
6362,64,126,28.7582,1737.1,962.773
6363,64,127,26.3046,1944.84,977.659
6364,64,128,23.3806,2193.37,992.887
6365,64,129,21.0709,2390.47,1007.77
6366,64,130,20.1984,2465.21,1022.08
6367,64,131,27.3951,1846.3,1043.49
6368,64,132,25.203,2035.55,1058.45
6369,64,133,23.8029,2156.89,1073.02
6370,65,69,-656.8,47408.9,75.3102
6371,65,70,-379.954,29044.8,88.9695
6372,65,71,139.407,-5579.31,109.574
6373,65,72,26.1071,2011.79,122.751
6374,65,73,-15.4267,4808.4,136.519
6375,65,74,-36.7442,6250.88,150.129
6376,65,75,-46.1291,6889.05,163.609
6377,65,76,-28.3538,5674.41,177.073
6378,65,77,91.667,-2567.02,195.419
6379,65,78,42.5811,819.909,209.021
6380,65,79,22.4157,2218.04,222.86
6381,65,80,-2.17765,3931.38,236.882
6382,65,81,-17.7147,5018.97,250.655
6383,65,82,-12.0124,4617.91,264.179
6384,65,83,59.2158,-415.547,285.063
6385,65,84,37.8504,1101.4,299.538
6386,65,85,27.8883,1812.02,313.484
6387,65,86,21.16,2294.22,327.309
6388,65,87,10.6889,3048.14,341.317
6389,65,88,11.8453,2964.49,354.966
6390,65,89,48.9205,270.364,374.236
6391,65,90,38.0589,1063.26,388.552
6392,65,91,31.5444,1540.99,402.549
6393,65,92,22.7744,2187.04,416.779
6394,65,93,14.5478,2795.81,431.006
6395,65,94,12.649,2936.96,444.745
6396,65,95,43.9203,602.032,467.154
6397,65,96,36.0488,1192.39,481.64
6398,65,97,31.031,1570.4,495.814
6399,65,98,27.8069,1814.36,509.828
6400,65,99,22.9286,2185.11,524.022
6401,65,100,23.317,2155.46,537.868
6402,65,101,44.4362,536.327,559.076
6403,65,102,37.3932,1078.64,573.908
6404,65,103,33.1511,1406.69,588.236
6405,65,104,27.1306,1874.28,602.979
6406,65,105,22.8393,2209,617.38
6407,65,106,21.7338,2295.6,631.362
6408,65,107,38.7465,957.27,653.24
6409,65,108,34.2535,1312.22,667.892
6410,65,109,31.3293,1544.2,682.234
6411,65,110,29.3438,1702.38,696.432
6412,65,111,26.6621,1916.92,710.749
6413,65,112,25.7874,1987.19,724.809
6414,65,113,37.8972,1010.33,745.282
6415,65,114,33.6068,1357.85,760.235
6416,65,115,30.1181,1641.6,774.952
6417,65,116,26.1382,1966.63,789.91
6418,65,117,23.1998,2207.57,804.518
6419,65,118,21.9389,2311.39,818.714
6420,65,119,32.6939,1422.31,840.337
6421,65,120,29.6518,1674.8,855.149
6422,65,121,27.7105,1836.58,869.61
6423,65,122,25.6586,2008.25,884.117
6424,65,123,23.4677,2192.29,898.689
6425,65,124,22.9498,2235.96,912.869
6426,65,125,31.2405,1534.01,933.508
6427,65,126,28.3752,1777.57,948.531
6428,65,127,25.8558,1992.55,963.415
6429,65,128,22.8545,2249.66,978.634
6430,65,129,20.4899,2453.02,993.515
6431,65,130,19.6086,2529.11,1007.83
6432,65,131,27.0377,1885.25,1029.18
6433,65,132,24.7917,2080.66,1044.14
6434,65,133,23.3629,2205.44,1058.72
6435,66,70,119.98,-5284.04,61.0007
6436,66,71,645.817,-40690.4,89.5524
6437,66,72,355.457,-21042.7,105.634
6438,66,73,221.202,-11913.4,118.864
6439,66,74,142.563,-6539.72,132.657
6440,66,75,95.44,-3303.92,146.156
6441,66,76,90.7073,-2977.36,159.229
6442,66,77,210.888,-11309.9,177.149
6443,66,78,135.909,-6086.34,192.649
6444,66,79,99.5301,-3539.83,205.728
6445,66,80,61.3757,-856.307,220.113
6446,66,81,35.9524,940.277,234.082
6447,66,82,36.0118,936.059,247.431
6448,66,83,109.818,-4328.8,268.023
6449,66,84,80.8772,-2254.69,282.844
6450,66,85,65.6162,-1155.91,296.903
6451,66,86,54.654,-362.973,310.79
6452,66,87,40.1861,688.363,324.954
6453,66,88,38.8781,783.85,338.526
6454,66,89,76.7901,-1996.37,357.485
6455,66,90,62.83,-967.972,371.992
6456,66,91,53.909,-307.817,386.081
6457,66,92,42.8327,515.519,400.47
6458,66,93,32.5857,1280.63,414.85
6459,66,94,29.312,1526.16,428.591
6460,66,95,61.5572,-902.981,450.757
6461,66,96,52.04,-182.846,465.388
6462,66,97,45.7091,298.3,479.641
6463,66,98,41.4001,627.225,493.696
6464,66,99,35.4352,1084.53,507.977
6465,66,100,35.1311,1107.94,521.787
6466,66,101,56.7672,-565.247,542.766
6467,66,102,48.677,63.0939,557.751
6468,66,103,43.6178,457.712,572.157
6469,66,104,36.7518,995.55,587.031
6470,66,105,31.7649,1387.85,601.518
6471,66,106,30.17,1513.85,615.507
6472,66,107,47.5911,131.772,637.167
6473,66,108,42.4778,539.136,651.913
6474,66,109,39.0468,813.612,666.31
6475,66,110,36.6301,1007.75,680.539
6476,66,111,33.515,1259.04,694.91
6477,66,112,32.3114,1356.53,708.976
6478,66,113,44.654,352.667,729.26
6479,66,114,39.9127,739.872,744.315
6480,66,115,36.0322,1058.08,759.111
6481,66,116,31.6643,1417.7,774.165
6482,66,117,28.4004,1687.52,788.839
6483,66,118,26.8956,1812.41,803.058
6484,66,119,37.8653,898.266,824.497
6485,66,120,34.5246,1177.77,839.379
6486,66,121,32.3399,1361.29,853.882
6487,66,122,30.0536,1554.1,868.434
6488,66,123,27.6356,1758.83,883.057
6489,66,124,26.9589,1816.35,897.244
6490,66,125,35.3923,1096.69,917.721
6491,66,126,32.2969,1361.86,932.817
6492,66,127,29.5698,1596.4,947.763
6493,66,128,26.3553,1873.92,963.058
6494,66,129,23.8074,2094.74,977.997
6495,66,130,22.7969,2182.65,992.331
6496,66,131,30.3545,1522.62,1013.53
6497,66,132,27.9424,1734.08,1028.54
6498,66,133,26.3789,1871.66,1043.15
6499,67,71,863.22,-55836.1,76.6389
6500,67,72,403.606,-24429.2,92.264
6501,67,73,217.236,-11631.8,106.565
6502,67,74,119.929,-4917.56,119.371
6503,67,75,67.3633,-1273.04,132.872
6504,67,76,67.2994,-1268.59,146.027
6505,67,77,213.587,-11508.7,163.758
6506,67,78,125.662,-5324.63,179.141
6507,67,79,85.2626,-2469.77,193.187
6508,67,80,43.6958,481.471,206.474
6509,67,81,17.24,2368.65,220.37
6510,67,82,19.6459,2196.23,233.768
6511,67,83,104.061,-3881.64,254.292
6512,67,84,72.5439,-1601.92,269.051
6513,67,85,56.5537,-439.964,283.096
6514,67,86,45.4015,374.145,296.977
6515,67,87,30.4369,1471.55,311.093
6516,67,88,29.8962,1511.38,324.694
6517,67,89,71.886,-1595.86,343.658
6518,67,90,57.1712,-502.066,358.128
6519,67,91,47.9892,183.523,372.202
6520,67,92,36.5163,1043.99,386.546
6521,67,93,25.9781,1837.87,400.874
6522,67,94,22.9426,2067.56,414.618
6523,67,95,57.8508,-585.47,436.753
6524,67,96,47.9463,170.581,451.354
6525,67,97,41.471,667.013,465.595
6526,67,98,37.1576,999.152,479.647
6527,67,99,31.0883,1468.51,493.905
6528,67,100,31.0221,1473.65,507.736
6529,67,101,54.1293,-328.713,528.692
6530,67,102,45.7362,328.75,543.64
6531,67,103,40.5624,735.749,558.032
6532,67,104,33.4959,1294.01,572.866
6533,67,105,28.4202,1696.68,587.327
6534,67,106,26.9128,1816.77,601.322
6535,67,107,45.3426,342.38,622.965
6536,67,108,40.0929,764.113,637.689
6537,67,109,36.6133,1044.8,652.079
6538,67,110,34.1973,1240.49,666.307
6539,67,111,31.0518,1496.32,680.667
6540,67,112,29.9031,1590.14,694.74
6541,67,113,42.8733,526.579,715.019
6542,67,114,38.0087,927.101,730.047
6543,67,115,34.0475,1254.56,744.821
6544,67,116,29.5842,1625.01,759.841
6545,67,117,26.2739,1900.87,774.494
6546,67,118,24.7931,2024.77,788.712
6547,67,119,36.2561,1061.87,810.148
6548,67,120,32.8512,1349.02,825.01
6549,67,121,30.648,1535.56,839.506
6550,67,122,28.3404,1731.7,854.048
6551,67,123,25.8976,1940.15,868.656
6552,67,124,25.2576,1994.99,882.849
6553,67,125,34.0345,1240.17,903.331
6554,67,126,30.8812,1512.4,918.403
6555,67,127,28.1111,1752.48,933.329
6556,67,128,24.84,2037.07,948.592
6557,67,129,22.2593,2262.45,963.508
6558,67,130,21.2656,2349.56,977.841
6559,67,131,29.1029,1659.88,999.045
6560,67,132,26.6556,1876.06,1014.04
6561,67,133,25.0839,2015.42,1028.64
6562,68,72,513.94,-32226.1,79.6614
6563,68,73,228.669,-12447.3,93.1205
6564,68,74,100.293,-3503.79,106.992
6565,68,75,39.4952,752.04,119.541
6566,68,76,45.61,321.969,132.802
6567,68,77,225.493,-12389.8,150.256
6568,68,78,119.416,-4858.32,165.577
6569,68,79,73.3252,-1570.48,179.626
6570,68,80,27.2,1735.15,193.854
6571,68,81,-0.678681,3742.42,206.713
6572,68,82,4.43714,3372.37,220.175
6573,68,83,101.305,-3666.69,240.533
6574,68,84,66.4044,-1118.95,255.26
6575,68,85,49.3197,133.931,269.313
6576,68,86,37.7551,985.858,283.206
6577,68,87,22.0586,2147.39,297.3
6578,68,88,22.2644,2132.1,310.94
6579,68,89,68.7652,-1339.96,329.842
6580,68,90,53.0423,-160.741,344.298
6581,68,91,43.4392,562.691,358.374
6582,68,92,31.4125,1472.72,372.694
6583,68,93,20.4563,2305.39,386.99
6584,68,94,17.6049,2523.04,400.748
6585,68,95,55.3878,-373.653,422.778
6586,68,96,44.97,428.518,437.366
6587,68,97,38.2616,947.306,451.607
6588,68,98,33.8769,1287.85,465.668
6589,68,99,27.6333,1774.85,479.916
6590,68,100,27.7725,1763.95,493.773
6591,68,101,52.4301,-175.785,514.652
6592,68,102,43.6545,517.491,529.579
6593,68,103,38.309,941.567,543.968
6594,68,104,30.9822,1525.26,558.776
6595,68,105,25.7717,1942.11,573.224
6596,68,106,24.3228,2058.5,587.231
6597,68,107,43.8037,487.045,608.808
6598,68,108,38.3729,926.94,623.523
6599,68,109,34.8095,1216.76,637.913
6600,68,110,32.3651,1416.39,652.149
6601,68,111,29.1599,1679.21,666.506
6602,68,112,28.0442,1771.07,680.592
6603,68,113,41.6592,645.568,700.83
6604,68,114,36.6392,1062.23,715.84
6605,68,115,32.57,1401.33,730.603
6606,68,116,27.9849,1784.95,745.601
6607,68,117,24.6061,2068.76,760.241
6608,68,118,23.1326,2193.03,774.464
6609,68,119,35.1004,1179.76,795.859
6610,68,120,31.6106,1476.38,810.711
6611,68,121,29.3717,1667.44,825.207
6612,68,122,27.0267,1868.33,839.745
6613,68,123,24.5436,2081.88,854.346
6614,68,124,23.9285,2134.98,868.55
6615,68,125,33.054,1344.1,889.005
6616,68,126,29.827,1624.85,904.063
6617,68,127,26.9997,1871.77,918.977
6618,68,128,23.6578,2164.75,934.216
6619,68,129,21.032,2395.82,949.117
6620,68,130,20.0457,2482.94,963.453
6621,68,131,28.166,1762.94,984.635
6622,68,132,25.6722,1984.88,999.619
6623,68,133,24.0827,2126.88,1014.22
6624,69,73,80.72,-1844.32,80.2971
6625,69,74,-41.1314,6725.9,93.0388
6626,69,75,-78.8929,9394.37,106.505
6627,69,76,-41.6524,6750.3,118.872
6628,69,77,197.597,-10316.1,136.602
6629,69,78,75.8836,-1593.37,151.669
6630,69,79,29.3273,1758.69,165.618
6631,69,80,-17.1524,5120.72,179.677
6632,69,81,-42.4967,6962.41,193.413
6633,69,82,-30.676,6099.5,205.938
6634,69,83,83.7893,-2294.63,226.543
6635,69,84,46.7156,436.47,241.164
6636,69,85,29.9373,1678.07,255.178
6637,69,86,19.2413,2473.13,269.043
6638,69,87,3.8414,3622.99,283.064
6639,69,88,5.88947,3469.39,296.733
6640,69,89,58.3784,-484.783,315.782
6641,69,90,42.1704,741.625,330.177
6642,69,91,32.6777,1463.07,344.223
6643,69,92,20.5455,2389.16,358.477
6644,69,93,9.58215,3229.69,372.702
6645,69,94,7.3479,3401.72,386.454
6646,69,95,48.6894,204.649,408.584
6647,69,96,38.0059,1034.4,423.126
6648,69,97,31.3151,1556.28,437.344
6649,69,98,27.1011,1886.38,451.394
6650,69,99,20.8919,2374.83,465.608
6651,69,100,21.4611,2329.87,479.485
6652,69,101,47.9957,224.794,500.417
6653,69,102,38.9646,944.264,515.294
6654,69,103,33.5817,1374.9,529.661
6655,69,104,26.1105,1975.08,544.417
6656,69,105,20.8817,2396.88,558.83
6657,69,106,19.6139,2499.56,572.84
6658,69,107,40.3353,814.23,594.46
6659,69,108,34.8063,1265.76,609.146
6660,69,109,31.2431,1557.94,623.522
6661,69,110,28.8521,1754.8,637.752
6662,69,111,25.6613,2018.58,652.093
6663,69,112,24.6539,2102.19,666.183
6664,69,113,39.0246,904.629,686.457
6665,69,114,33.9009,1333.31,701.432
6666,69,115,29.7751,1679.88,716.166
6667,69,116,25.1154,2072.85,731.124
6668,69,117,21.7159,2360.68,745.737
6669,69,118,20.299,2481.11,759.955
6670,69,119,32.8472,1410.33,781.384
6671,69,120,29.3099,1713.36,796.212
6672,69,121,27.0733,1905.7,810.696
6673,69,122,24.7266,2108.31,825.22
6674,69,123,22.2368,2324.09,839.801
6675,69,124,21.6822,2372.34,854.009
6676,69,125,31.2067,1540.53,874.497
6677,69,126,27.9321,1827.6,889.527
6678,69,127,25.0732,2079.19,904.415
6679,69,128,21.6841,2378.56,919.618
6680,69,129,19.0369,2613.28,934.492
6681,69,130,18.0832,2698.16,948.824
6682,69,131,26.5236,1944.15,970.039
6683,69,132,24.0032,2170.15,985
6684,69,133,22.4161,2312.98,999.59
6685,70,74,-381.04,31425.9,79.1685
6686,70,75,-318.086,26935.2,91.5677
6687,70,76,-201.864,18606,105.206
6688,70,77,137.25,-5810.25,122.717
6689,70,78,1.9,3980.07,137.476
6690,70,79,-39.1709,6964.55,151.307
6691,70,80,-81.6473,10065.3,165.176
6692,70,81,-100.466,11445.4,178.78
6693,70,82,-77.9088,9783.65,192.409
6694,70,83,59.6563,-396.161,212.433
6695,70,84,20.8571,2487.91,226.942
6696,70,85,5.21382,3655.94,240.916
6697,70,86,-3.83186,4334.37,254.759
6698,70,87,-18.3792,5430.26,268.706
6699,70,88,-13.7765,5082,282.415
6700,70,89,45.928,544.456,301.653
6701,70,90,29.3621,1808.99,315.989
6702,70,91,20.1708,2513.65,330.006
6703,70,92,8.07115,3445.32,344.196
6704,70,93,-2.76626,4283.42,358.352
6705,70,94,-4.19138,4394.1,372.105
6706,70,95,41.2178,852.182,394.351
6707,70,96,30.2965,1707.69,408.851
6708,70,97,23.6784,2228.31,423.048
6709,70,98,19.7005,2542.57,437.091
6710,70,99,13.5707,3028.86,451.273
6711,70,100,14.649,2942.96,465.176
6712,70,101,43.2677,653.464,486.162
6713,70,102,33.9759,1399.91,500.992
6714,70,103,28.5697,1836,515.339
6715,70,104,20.958,2452.55,530.046
6716,70,105,15.725,2878.17,544.428
6717,70,106,14.6674,2964.54,558.443
6718,70,107,36.7397,1154.61,580.102
6719,70,108,31.1116,1617.99,594.762
6720,70,109,27.555,1912.01,609.128
6721,70,110,25.2272,2105.21,623.355
6722,70,111,22.057,2369.39,637.681
6723,70,112,21.1704,2443.57,651.778
6724,70,113,36.3528,1168.25,672.083
6725,70,114,31.1201,1609.54,687.024
6726,70,115,26.9358,1963.81,701.733
6727,70,116,22.1986,2366.47,716.653
6728,70,117,18.779,2658.28,731.242
6729,70,118,17.4242,2774.34,745.458
6730,70,119,30.5893,1642.14,766.915
6731,70,120,27.0018,1951.86,781.72
6732,70,121,24.768,2145.46,796.196
6733,70,122,22.4197,2349.77,810.707
6734,70,123,19.9231,2567.8,825.271
6735,70,124,19.4325,2610.81,839.486
6736,70,125,29.3775,1735.65,859.999
6737,70,126,26.0522,2029.38,875.003
6738,70,127,23.1595,2285.87,889.869
6739,70,128,19.7204,2591.95,905.037
6740,70,129,17.0504,2830.47,919.886
6741,70,130,16.1305,2912.95,934.217
6742,70,131,24.9062,2123.14,955.458
6743,70,132,22.3572,2353.4,970.398
6744,70,133,20.7719,2497.13,984.98
6745,71,75,-707.6,55629.4,76.8455
6746,71,76,-422.8,35028.9,90.4075
6747,71,77,76.3286,-1241.14,109.826
6748,71,78,-77.6286,9997.73,123.373
6749,71,79,-110.153,12382.9,137.172
6750,71,80,-146.928,15092,150.942
6751,71,81,-157.3,15859.5,164.505
6752,71,82,-121.51,13199.1,178.293
6753,71,83,43.9264,846.5,199.437
6754,71,84,1.83165,4003.6,212.9
6755,71,85,-13.3607,5148.1,226.886
6756,71,86,-21.2153,5742.43,240.749
6757,71,87,-35.4289,6822.66,254.678
6758,71,88,-28.4204,6287.68,268.448
6759,71,89,39.1102,1110.33,287.684
6760,71,90,21.5695,2460.97,302.008
6761,71,91,12.2449,3182.07,316.034
6762,71,92,-0.234105,4151.27,330.206
6763,71,93,-11.2917,5013.76,344.338
6764,71,94,-12.1251,5079.05,358.116
6765,71,95,37.5515,1171.15,380.273
6766,71,96,26.0721,2078.03,394.766
6767,71,97,19.2767,2617.13,408.97
6768,71,98,15.3291,2931.62,423.029
6769,71,99,9.07803,3431.71,437.21
6770,71,100,10.5277,3315.25,451.146
6771,71,101,41.2586,836.287,472.048
6772,71,102,31.5117,1625.79,486.864
6773,71,103,25.9272,2079.99,501.215
6774,71,104,18.0232,2725.49,515.904
6775,71,105,12.6588,3165.37,530.28
6776,71,106,11.7129,3243.25,544.314
6777,71,107,35.1379,1306.78,565.892
6778,71,108,29.298,1791.5,580.55
6779,71,109,25.6519,2095.33,594.923
6780,71,110,23.303,2291.86,609.162
6781,71,111,20.072,2563.26,623.493
6782,71,112,19.2377,2633.62,637.606
6783,71,113,35.2161,1280.79,657.856
6784,71,114,29.7972,1741.39,672.787
6785,71,115,25.4857,2109.3,687.491
6786,71,116,20.6057,2527.36,702.396
6787,71,117,17.1083,2828.14,716.979
6788,71,118,15.7666,2943.96,731.205
6789,71,119,29.5368,1750.55,752.604
6790,71,120,25.8479,2071.48,767.404
6791,71,121,23.5717,2270.27,781.885
6792,71,122,21.1791,2480.03,796.398
6793,71,123,18.6351,2703.89,810.961
6794,71,124,18.174,2744.62,825.19
6795,71,125,28.5264,1826.71,845.662
6796,71,126,25.1128,2130.53,860.657
6797,71,127,22.1515,2395.06,875.516
6798,71,128,18.6286,2710.96,890.668
6799,71,129,15.9051,2956.07,905.507
6800,71,130,14.9928,3038.48,919.847
6801,71,131,24.0935,2213.35,941.047
6802,71,132,21.4884,2450.41,955.982
6803,71,133,19.8804,2597.28,970.567
6804,72,76,148.8,-7650.6,56.4703
6805,72,77,623.771,-42481.8,88.2197
6806,72,78,269.414,-16377.5,106.013
6807,72,79,141.998,-6948.7,119.15
6808,72,80,41.0167,557.556,133.325
6809,72,81,-9.01818,4293.49,146.915
6810,72,82,6.31818,3143.26,160.117
6811,72,83,178.023,-9791.84,181.248
6812,72,84,108.822,-4555.62,196.268
6813,72,85,76.1749,-2074.45,209.363
6814,72,86,55.335,-483.665,223.235
6815,72,87,29.7759,1475.87,237.307
6816,72,88,29.9377,1463.4,250.858
6817,72,89,98.4875,-3837.78,269.789
6818,72,90,72.8502,-1846.61,284.375
6819,72,91,57.4651,-646.577,298.489
6820,72,92,39.4909,761.403,312.846
6821,72,93,23.8167,1994.44,327.143
6822,72,94,19.8579,2307.19,340.858
6823,72,95,71.009,-1750.81,362.867
6824,72,96,55.9346,-549.876,377.544
6825,72,97,46.3194,219.343,391.828
6826,72,98,40.0762,720.879,405.909
6827,72,99,31.611,1403.74,420.177
6828,72,100,31.6066,1404.09,434.023
6829,72,101,62.981,-1147.69,454.734
6830,72,102,51.2038,-185.885,469.751
6831,72,103,44.0396,401.583,484.188
6832,72,104,34.5588,1182.16,499.038
6833,72,105,27.9062,1732.11,513.507
6834,72,106,26.0349,1887.43,527.522
6835,72,107,49.9657,-106.801,548.915
6836,72,108,43.0085,475.281,563.685
6837,72,109,38.449,858.283,578.113
6838,72,110,35.3233,1121.88,592.376
6839,72,111,31.3298,1460,606.758
6840,72,112,29.9056,1581.05,620.859
6841,72,113,46.1369,195.986,640.928
6842,72,114,39.958,725.306,655.989
6843,72,115,34.9887,1152.67,670.788
6844,72,116,29.4694,1629.17,685.811
6845,72,117,25.4346,1978.86,700.468
6846,72,118,23.6815,2131.37,714.706
6847,72,119,37.6956,907.47,735.938
6848,72,120,33.5232,1273.25,750.823
6849,72,121,30.8489,1508.59,765.345
6850,72,122,28.0771,1753.44,779.906
6851,72,123,25.17,2011.2,794.524
6852,72,124,24.4449,2075.73,808.745
6853,72,125,34.9484,1137.42,829.061
6854,72,126,31.1772,1475.57,844.146
6855,72,127,27.8936,1771.1,859.08
6856,72,128,24.0455,2118.7,874.328
6857,72,129,21.0414,2391.08,889.236
6858,72,130,19.924,2492.76,903.587
6859,72,131,29.1636,1648.87,924.64
6860,72,132,26.3069,1910.74,939.641
6861,72,133,24.4916,2077.75,954.26
6862,73,77,824.38,-57661.2,75.4656
6863,73,78,285.034,-17569.9,92.6442
6864,73,79,116.75,-5004.63,106.786
6865,73,80,-3.16429,3988.94,119.852
6866,73,81,-54.5,7856.23,133.386
6867,73,82,-27,5775.4,146.715
6868,73,83,181.982,-10107.2,167.515
6869,73,84,100.587,-3894.11,182.498
6870,73,85,64.1846,-1103.23,196.605
6871,73,86,42.0804,598.791,209.496
6872,73,87,14.8807,2702.24,223.54
6873,73,88,16.9247,2543.49,237.146
6874,73,89,95.0701,-3551.85,255.983
6875,73,90,66.9639,-1350.2,270.55
6876,73,91,50.5789,-61.2526,284.667
6877,73,92,31.4959,1446.3,298.992
6878,73,93,15.0904,2747.81,313.252
6879,73,94,11.565,3028.67,326.986
6880,73,95,67.8852,-1476.95,348.867
6881,73,96,51.8149,-185.965,363.529
6882,73,97,41.76,625.128,377.814
6883,73,98,35.3873,1141.32,391.905
6884,73,99,26.6424,1852.57,406.163
6885,73,100,26.9926,1823.97,420.04
6886,73,101,60.849,-952.253,440.665
6887,73,102,48.4287,70.3489,455.657
6888,73,103,40.9813,686.001,470.091
6889,73,104,31.0992,1506.22,484.912
6890,73,105,24.253,2076.73,499.366
6891,73,106,22.4865,2224.53,513.396
6892,73,107,47.9876,82.4393,534.72
6893,73,108,40.7538,692.487,549.48
6894,73,109,36.0697,1089.08,563.908
6895,73,110,32.9047,1358.1,578.178
6896,73,111,28.8304,1705.77,592.559
6897,73,112,27.46,1823.17,606.674
6898,73,113,44.6023,348.929,626.702
6899,73,114,38.2023,901.461,641.744
6900,73,115,33.0835,1345.09,656.53
6901,73,116,27.4,1839.56,671.528
6902,73,117,23.2778,2199.57,686.173
6903,73,118,21.5423,2351.71,700.417
6904,73,119,36.2438,1057.98,721.609
6905,73,120,31.958,1436.56,736.482
6906,73,121,29.2384,1677.69,751.005
6907,73,122,26.4201,1928.52,765.562
6908,73,123,23.464,2192.6,780.172
6909,73,124,22.7766,2254.23,794.405
6910,73,125,33.7395,1267.58,814.698
6911,73,126,29.8733,1616.82,829.766
6912,73,127,26.5177,1921.06,844.687
6913,73,128,22.5814,2279.27,859.911
6914,73,129,19.5232,2558.58,874.803
6915,73,130,18.4196,2659.74,889.158
6916,73,131,28.0235,1776.19,910.191
6917,73,132,25.1096,2045.24,925.18
6918,73,133,23.274,2215.34,939.798
6919,74,78,302.12,-18879.8,80.112
6920,74,79,72.0457,-1547.5,93.2679
6921,74,80,-69.3571,9151.99,107.24
6922,74,81,-116.979,12771.2,119.748
6923,74,82,-69.4833,9145.74,133.238
6924,74,83,189.792,-10732,153.687
6925,74,84,92.1782,-3215.77,168.652
6926,74,85,51.1098,-39.8117,182.785
6927,74,86,27.6165,1784.84,196.706
6928,74,87,-1.40264,4048.33,209.737
6929,74,88,3.085,3696.8,223.408
6930,74,89,92.7285,-3355.16,242.127
6931,74,90,61.5912,-895.312,256.687
6932,74,91,43.9827,501.63,270.817
6933,74,92,23.5853,2126.62,285.124
6934,74,93,6.33023,3507.03,299.358
6935,74,94,3.30338,3750.18,313.119
6936,74,95,65.4946,-1266.58,334.839
6937,74,96,48.2348,131.47,349.495
6938,74,97,37.6403,993.15,363.789
6939,74,98,31.0874,1528.31,377.897
6940,74,99,22.0005,2273.43,392.153
6941,74,100,22.7205,2214.15,406.065
6942,74,101,59.3004,-809.784,426.578
6943,74,102,46.1303,283.33,441.554
6944,74,103,38.3397,932.553,455.992
6945,74,104,27.9904,1798.44,470.792
6946,74,105,20.9107,2393.14,485.239
6947,74,106,19.2397,2534.06,499.288
6948,74,107,46.4318,231.794,520.518
6949,74,108,38.8736,874.243,535.274
6950,74,109,34.0336,1287.25,549.709
6951,74,110,30.8077,1563.61,563.991
6952,74,111,26.6293,1922.95,578.374
6953,74,112,25.3015,2037.58,592.506
6954,74,113,43.4089,468.275,612.475
6955,74,114,36.7549,1047.17,627.505
6956,74,115,31.4613,1509.48,642.283
6957,74,116,25.5888,2024.3,657.264
6958,74,117,21.3616,2396.3,671.9
6959,74,118,19.6341,2548.89,686.153
6960,74,119,35.0578,1181.33,707.288
6961,74,120,30.6401,1574.5,722.155
6962,74,121,27.8621,1822.66,736.681
6963,74,122,24.985,2080.65,751.239
6964,74,123,21.968,2352.17,765.846
6965,74,124,21.3123,2411.4,780.092
6966,74,125,32.7532,1374.1,800.346
6967,74,126,28.7783,1735.81,815.404
6968,74,127,25.339,2049.94,830.316
6969,74,128,21.3024,2419.96,845.52
6970,74,129,18.1806,2707.16,860.4
6971,74,130,17.0855,2808.28,874.763
6972,74,131,27.0665,1883.37,895.76
6973,74,132,24.0863,2160.54,910.741
6974,74,133,22.2236,2334.38,925.36
6975,75,79,-80.32,10286.2,80.4123
6976,75,80,-218.069,20801,93.22
6977,75,81,-236.807,22237.7,106.687
6978,75,82,-147.481,15359.6,119.425
6979,75,83,186.743,-10487.1,139.766
6980,75,84,70.217,-1436.91,154.678
6981,75,85,25.6745,2037.4,168.822
6982,75,86,2.5049,3852.36,182.766
6983,75,87,-27.1154,6182.48,196.771
6984,75,88,-18.3134,5487.13,209.515
6985,75,89,86.1357,-2799.17,228.19
6986,75,90,51.9303,-74.1368,242.73
6987,75,91,33.3868,1409.35,256.865
6988,75,92,11.9003,3135.42,271.144
6989,75,93,-5.94105,4574.63,285.343
6990,75,94,-8.04346,4744.92,299.131
6991,75,95,61.1514,-882.929,320.747
6992,75,96,42.7173,622.522,335.39
6993,75,97,31.6814,1527.47,349.688
6994,75,98,25.079,2071.07,363.811
6995,75,99,15.7458,2842.61,378.059
6996,75,100,17.0023,2738.32,392.008
6997,75,101,56.7154,-571.102,412.439
6998,75,102,42.7893,594.049,427.393
6999,75,103,34.6917,1274.24,441.831
7000,75,104,23.8957,2184.71,456.605
7001,75,105,16.6234,2800.43,471.041
7002,75,106,15.1159,2928.56,485.109
7003,75,107,44.2059,446.216,506.269
7004,75,108,36.3341,1120.58,521.017
7005,75,109,31.3627,1548.11,535.456
7006,75,110,28.1059,1829.28,549.749
7007,75,111,23.8477,2198.33,564.133
7008,75,112,22.5964,2307.19,578.282
7009,75,113,41.7711,632.599,598.207
7010,75,114,34.8663,1237.92,613.22
7011,75,115,29.4066,1718.37,627.989
7012,75,116,23.3523,2253.17,642.948
7013,75,117,19.0325,2636.19,657.574
7014,75,118,17.3324,2787.5,671.836
7015,75,119,33.5438,1339.28,692.927
7016,75,120,28.9999,1746.72,707.786
7017,75,121,26.1735,2001.09,722.314
7018,75,122,23.2468,2265.47,736.87
7019,75,123,20.1777,2543.74,751.472
7020,75,124,19.5674,2599.28,765.732
7021,75,125,31.5253,1507.12,785.958
7022,75,126,27.4448,1881.16,801.002
7023,75,127,23.926,2204.89,815.904
7024,75,128,19.7923,2586.58,831.086
7025,75,129,16.6119,2881.29,845.953
7026,75,130,15.5336,2981.57,860.322
7027,75,131,25.9193,2012.24,881.294
7028,75,132,22.8759,2297.31,896.265
7029,75,133,20.9911,2474.48,910.885
7030,76,80,-565.26,48113.4,79.3017
7031,76,81,-474.514,41095.8,91.7879
7032,76,82,-291.75,26901.1,106.048
7033,76,83,162.098,-8499.04,125.711
7034,76,84,25.1533,2228.27,140.53
7035,76,85,-19.2848,5724.07,154.674
7036,76,86,-38.4927,7241.49,168.635
7037,76,87,-66.2168,9440.93,182.605
7038,76,88,-50.0451,8152.59,196.435
7039,76,89,73.8585,-1759.69,214.155
7040,76,90,36.7293,1223.02,228.663
7041,76,91,17.7679,2752.56,242.798
7042,76,92,-4.40882,4548.88,257.04
7043,76,93,-22.4204,6013.83,271.198
7044,76,94,-23.0095,6061.93,285.015
7045,76,95,54.6015,-302.169,306.583
7046,76,96,35.0356,1308.76,321.208
7047,76,97,23.6947,2246.27,335.508
7048,76,98,17.2126,2784.28,349.643
7049,76,99,7.7573,3572.23,363.882
7050,76,100,9.75338,3405.22,377.869
7051,76,101,53.0789,-234.122,398.246
7052,76,102,38.3906,1004.59,413.174
7053,76,103,30.0288,1712.55,427.609
7054,76,104,18.8099,2666.17,442.354
7055,76,105,11.3918,3299.18,456.776
7056,76,106,10.1246,3407.73,470.863
7057,76,107,41.3447,722.805,491.973
7058,76,108,33.1691,1428.63,506.711
7059,76,109,28.0915,1868.69,521.154
7060,76,110,24.8355,2151.96,535.455
7061,76,111,20.5224,2528.63,549.839
7062,76,112,19.3833,2628.5,564.005
7063,76,113,39.7363,837.44,583.899
7064,76,114,32.5817,1469.42,598.894
7065,76,115,26.9632,1967.6,613.65
7066,76,116,20.7328,2522.1,628.586
7067,76,117,16.332,2915.24,643.201
7068,76,118,14.6785,3063.51,657.471
7069,76,119,31.7474,1527.3,678.529
7070,76,120,27.0813,1948.81,693.378
7071,76,121,24.2155,2208.64,707.908
7072,76,122,21.2476,2478.72,722.462
7073,76,123,18.1339,2763.11,737.058
7074,76,124,17.5821,2813.69,751.331
7075,76,125,30.0978,1662.25,771.536
7076,76,126,25.9132,2048.62,786.567
7077,76,127,22.318,2381.77,801.456
7078,76,128,18.0889,2775.08,816.616
7079,76,129,14.8539,3077.02,831.468
7080,76,130,13.8003,3175.7,845.844
7081,76,131,24.6188,2158.76,866.797
7082,76,132,21.5142,2451.63,881.757
7083,76,133,19.6114,2631.76,896.377
7084,77,81,-830.7,69471.9,77.5856
7085,77,82,-468.286,41082.8,91.852
7086,77,83,165.671,-8788.51,112.556
7087,77,84,-6.40238,4805.32,126.378
7088,77,85,-53.7033,8557.86,140.58
7089,77,86,-69.8691,9845.73,154.609
7090,77,87,-96.9291,12010.5,168.606
7091,77,88,-72.9434,10083.7,182.539
7092,77,89,73.5451,-1733.05,201.107
7093,77,90,31.1565,1700.42,214.641
7094,77,91,10.41,3387.8,228.814
7095,77,92,-13.6191,5350.18,243.069
7096,77,93,-32.6662,6912.04,257.233
7097,77,94,-32.1822,6872.19,271.101
7098,77,95,54.5639,-298.818,292.428
7099,77,96,33.0451,1487.24,307.074
7100,77,97,20.8138,2506.52,321.403
7101,77,98,14.0043,3076.24,335.572
7102,77,99,4.00573,3916.12,349.831
7103,77,100,6.48078,3707.39,363.861
7104,77,101,53.5342,-276.46,384.063
7105,77,102,37.681,1071.06,398.999
7106,77,103,28.7524,1832.97,413.456
7107,77,104,16.8232,2854.9,428.202
7108,77,105,9.03054,3525.07,442.635
7109,77,106,7.83631,3628.17,456.752
7110,77,107,41.2182,735.072,477.708
7111,77,108,32.5396,1490.11,492.459
7112,77,109,27.1924,1957.1,506.922
7113,77,110,23.7978,2254.7,521.246
7114,77,111,19.2975,2650.72,535.647
7115,77,112,18.1631,2750.92,549.837
7116,77,113,39.6822,842.897,569.625
7117,77,114,32.154,1512.91,584.624
7118,77,115,26.2693,2038.61,599.389
7119,77,116,19.7621,2622.09,614.324
7120,77,117,15.1939,3033.22,628.945
7121,77,118,13.5158,3184.81,643.232
7122,77,119,31.4328,1560.34,664.186
7123,77,120,26.5689,2002.95,679.041
7124,77,121,23.5985,2274.25,693.584
7125,77,122,20.5284,2555.68,708.15
7126,77,123,17.3128,2851.51,722.754
7127,77,124,16.7722,2901.43,737.046
7128,77,125,29.8318,1691.24,757.173
7129,77,126,25.4905,2094.98,772.205
7130,77,127,21.7709,2442.14,787.098
7131,77,128,17.4001,2851.54,802.253
7132,77,129,14.069,3164.66,817.105
7133,77,130,13.0055,3264.99,831.494
7134,77,131,24.2463,2200.85,852.373
7135,77,132,21.0441,2505.06,867.336
7136,77,133,19.0911,2691.25,881.965
7137,78,82,163.82,-9907.08,64.5827
7138,78,83,798.394,-60250,91.8964
7139,78,84,396.379,-28222.7,109.099
7140,78,85,236.557,-15437,122.687
7141,78,86,152.297,-8668.08,136.783
7142,78,87,75.3915,-2464.4,150.985
7143,78,88,72.4073,-2222.68,164.537
7144,78,89,219.085,-14152.5,182.608
7145,78,90,147.785,-8329.6,197.673
7146,78,91,107.413,-5019.14,211.029
7147,78,92,67.2464,-1712.08,225.555
7148,78,93,35.7103,894.907,239.927
7149,78,94,28.2069,1517.69,253.69
7150,78,95,117.882,-5955.2,274.779
7151,78,96,87.4326,-3407.64,289.699
7152,78,97,68.5394,-1820.61,304.147
7153,78,98,56.5361,-808.33,318.353
7154,78,99,41.7621,442.54,332.72
7155,78,100,41.1692,492.935,346.641
7156,78,101,89.253,-3610.21,366.579
7157,78,102,69.274,-1898.68,381.779
7158,78,103,57.2284,-862.76,396.349
7159,78,104,42.3062,425.519,411.288
7160,78,105,32.1367,1306.88,425.828
7161,78,106,29.2666,1556.58,439.92
7162,78,107,63.4453,-1428.36,460.639
7163,78,108,52.7727,-492.736,475.528
7164,78,109,45.8268,118.51,490.058
7165,78,110,41.0971,536.301,504.412
7166,78,111,35.3145,1049.02,518.871
7167,78,112,33.2,1237.21,533.048
7168,78,113,55.0792,-717.333,552.62
7169,78,114,46.3118,68.8125,567.77
7170,78,115,39.3723,693.373,582.642
7171,78,116,31.8594,1372.04,597.707
7172,78,117,26.458,1861.76,612.409
7173,78,118,24.1485,2071.92,626.708
7174,78,119,42.4123,403.828,647.466
7175,78,120,36.8116,917.232,662.415
7176,78,121,33.2406,1245.76,677.005
7177,78,122,29.6055,1581.41,691.623
7178,78,123,25.8554,1928.91,706.285
7179,78,124,24.9283,2015.13,720.568
7180,78,125,38.1922,777.171,740.519
7181,78,126,33.3324,1232.36,755.649
7182,78,127,29.1504,1625.48,770.622
7183,78,128,24.3189,2081.25,785.879
7184,78,129,20.5935,2433.92,800.804
7185,78,130,19.2437,2562.15,815.204
7186,78,131,30.6698,1472.86,835.918
7187,78,132,27.1175,1812.69,850.953
7188,78,133,24.8778,2027.71,865.618
7189,79,83,1050.46,-80835.3,78.6806
7190,79,84,430.417,-31025.2,95.2764
7191,79,85,215.207,-13665,109.897
7192,79,86,115.219,-5565.92,123.008
7193,79,87,29.4633,1408.88,137.142
7194,79,88,35.0679,951.172,150.774
7195,79,89,215.204,-13820,168.762
7196,79,90,132.666,-7024.4,183.761
7197,79,91,88.4099,-3365.86,198.088
7198,79,92,45.2198,218.923,211.537
7199,79,93,12.4157,2952.6,225.828
7200,79,94,6.88618,3415.23,239.604
7201,79,95,109.619,-5214.33,260.658
7202,79,96,76.7051,-2438.58,275.531
7203,79,97,56.9523,-766.18,289.959
7204,79,98,44.9074,257.638,304.16
7205,79,99,29.8338,1543.92,318.494
7206,79,100,30.2714,1506.43,332.447
7207,79,101,83.484,-3069.85,352.376
7208,79,102,62.3209,-1242.77,367.52
7209,79,103,49.8678,-163.51,382.068
7210,79,104,34.364,1185.32,396.951
7211,79,105,24.0295,2087.87,411.456
7212,79,106,21.5335,2306.69,425.557
7213,79,107,58.6027,-955.399,446.284
7214,79,108,47.5414,21.6748,461.144
7215,79,109,40.4848,647.361,475.661
7216,79,110,35.7934,1064.9,490.013
7217,79,111,29.9818,1584.07,504.457
7218,79,112,28.0566,1756.69,518.642
7219,79,113,51.48,-351.411,538.232
7220,79,114,42.4255,466.516,553.344
7221,79,115,35.3209,1110.67,568.187
7222,79,116,27.6258,1810.92,583.21
7223,79,117,22.1645,2309.72,597.884
7224,79,118,19.9543,2512.32,612.182
7225,79,119,39.3136,731.262,632.962
7226,79,120,33.5937,1259.4,647.886
7227,79,121,30.0063,1591.84,662.466
7228,79,122,26.3529,1931.59,677.07
7229,79,123,22.5807,2283.67,691.714
7230,79,124,21.7557,2360.94,706.005
7231,79,125,35.719,1048.39,725.981
7232,79,126,30.7599,1516.21,741.082
7233,79,127,26.5121,1918.33,756.03
7234,79,128,21.5928,2385.66,771.248
7235,79,129,17.8283,2744.54,786.146
7236,79,130,16.5329,2868.47,800.545
7237,79,131,28.4925,1720.35,821.287
7238,79,132,24.8893,2067.45,836.299
7239,79,133,22.6492,2284,850.955
7240,80,84,550.26,-40932.2,82.2113
7241,80,85,223.366,-14344.8,95.9785
7242,80,86,92.4786,-3655.72,110.177
7243,80,87,-9.03095,4668.06,123.324
7244,80,88,6.37333,3399.77,137.069
7245,80,89,228.275,-14944.1,154.81
7246,80,90,128.355,-6650.7,169.818
7247,80,91,77.4406,-2407.87,184.17
7248,80,92,29.2934,1620.44,198.598
7249,80,93,-5.92176,4578.52,211.861
7250,80,94,-9.74357,4900.82,225.68
7251,80,95,107.91,-5060.49,246.529
7252,80,96,71.3245,-1950.75,261.398
7253,80,97,49.9748,-128.905,275.839
7254,80,98,37.3965,948.639,290.062
7255,80,99,21.5666,2310.01,304.394
7256,80,100,22.8332,2200.66,318.392
7257,80,101,81.5596,-2888.96,338.2
7258,80,102,58.7235,-902.223,353.325
7259,80,103,45.5325,249.791,367.877
7260,80,104,29.1352,1687.29,382.734
7261,80,105,18.408,2631.28,397.23
7262,80,106,16.1435,2831.32,411.355
7263,80,107,56.2454,-724.391,431.992
7264,80,108,44.5839,313.482,446.846
7265,80,109,37.2541,968.285,461.37
7266,80,110,32.4684,1397.4,475.735
7267,80,111,26.5014,1934.43,490.182
7268,80,112,24.6705,2099.82,504.387
7269,80,113,49.6709,-166.879,523.925
7270,80,114,40.2023,694.76,539.02
7271,80,115,32.8265,1368.42,553.854
7272,80,116,24.8503,2099.57,568.855
7273,80,117,19.2477,2615.01,583.52
7274,80,118,17.0737,2815.74,597.828
7275,80,119,37.545,918.733,618.559
7276,80,120,31.6323,1468.61,633.476
7277,80,121,27.9675,1810.66,648.059
7278,80,122,24.2391,2159.89,662.663
7279,80,123,20.3915,2521.56,677.303
7280,80,124,19.6271,2593.67,691.609
7281,80,125,34.29,1205.58,711.554
7282,80,126,29.1807,1690.97,726.642
7283,80,127,24.8217,2106.52,741.579
7284,80,128,19.7707,2589.74,756.776
7285,80,129,15.9284,2958.6,771.66
7286,80,130,14.6567,3081.1,786.067
7287,80,131,27.1485,1873.57,806.782
7288,80,132,23.4601,2231.34,821.784
7289,80,133,21.1899,2452.31,836.442
7290,81,85,34.96,1418.44,82.6772
7291,81,86,-76.7543,10616.2,95.8114
7292,81,87,-158.914,17408.1,109.816
7293,81,88,-102.188,12699.9,122.69
7294,81,89,193.15,-11911.6,140.701
7295,81,90,80.2703,-2467.37,155.57
7296,81,91,28.8418,1852.62,169.852
7297,81,92,-19.2301,5906.68,184.162
7298,81,93,-52.3978,8714.89,198.31
7299,81,94,-50.1262,8521.8,211.144
7300,81,95,88.5986,-3316.05,232.194
7301,81,96,49.8541,3.06059,246.99
7302,81,97,28.5186,1837.91,261.395
7303,81,98,16.9267,2838.68,275.604
7304,81,99,1.58526,4168.27,289.889
7305,81,100,4.97669,3873.22,303.924
7306,81,101,70.9966,-1892.52,323.827
7307,81,102,47.0448,207.252,338.879
7308,81,103,33.7223,1379.63,353.399
7309,81,104,16.9428,2861.83,368.186
7310,81,105,6.33277,3802.58,382.639
7311,81,106,4.82291,3936.96,396.772
7312,81,107,48.7339,14.2389,417.49
7313,81,108,36.776,1086.47,432.306
7314,81,109,29.4791,1743.19,446.813
7315,81,110,24.8927,2157.49,461.172
7316,81,111,19.0295,2689.09,475.599
7317,81,112,17.5511,2823.62,489.811
7318,81,113,44.4982,362.457,509.41
7319,81,114,34.7769,1253.57,524.461
7320,81,115,27.2897,1942.4,539.26
7321,81,116,19.178,2691.38,554.212
7322,81,117,13.5791,3210.21,568.846
7323,81,118,11.589,3395.29,583.151
7324,81,119,33.3914,1360.4,603.941
7325,81,120,27.3908,1922.45,618.828
7326,81,121,23.7541,2264.31,633.399
7327,81,122,20.0487,2613.84,647.987
7328,81,123,16.2171,2976.57,662.605
7329,81,124,15.6078,3034.46,676.918
7330,81,125,31.101,1557.44,696.913
7331,81,126,25.9081,2054.22,711.969
7332,81,127,21.5029,2477.12,726.878
7333,81,128,16.3797,2970.66,742.033
7334,81,129,12.5191,3343.85,756.887
7335,81,130,11.3329,3458.91,771.293
7336,81,131,24.4448,2182.68,792.057
7337,81,132,20.7185,2546.62,807.034
7338,81,133,18.4662,2767.35,821.682
7339,82,86,-507.72,47104.7,81.4605
7340,82,87,-473.611,44262.3,94.2698
7341,82,88,-310.764,30637.4,108.468
7342,82,89,110.552,-4753.18,126.321
7343,82,90,-9.05667,5333.85,140.993
7344,82,91,-52.9055,9046.38,155.177
7345,82,92,-94.8545,12612.1,169.337
7346,82,93,-120.946,14838.5,183.347
7347,82,94,-107.779,13710.6,197.212
7348,82,95,58.9996,-632.404,217.699
7349,82,96,19.0357,2817.81,232.408
7350,82,97,-1.11441,4564.15,246.77
7351,82,98,-10.5838,5387.99,260.962
7352,82,99,-24.5732,6609.73,275.194
7353,82,100,-18.0712,6039.72,289.274
7354,82,101,56.8555,-553.827,309.346
7355,82,102,31.9694,1644.45,324.318
7356,82,103,18.8062,2811.58,338.801
7357,82,104,1.86462,4319.38,353.514
7358,82,105,-8.37304,5233.95,367.919
7359,82,106,-8.82723,5274.67,382.063
7360,82,107,39.5116,924.178,402.906
7361,82,108,27.351,2022.68,417.681
7362,82,109,20.2061,2670.49,432.169
7363,82,110,15.943,3058.43,446.522
7364,82,111,10.2855,3575.15,460.928
7365,82,112,9.27589,3667.7,475.148
7366,82,113,38.4243,986.039,494.832
7367,82,114,28.482,1904.05,509.835
7368,82,115,20.9246,2604.36,524.598
7369,82,116,12.7131,3368.04,539.5
7370,82,117,7.16234,3886.11,554.101
7371,82,118,5.41157,4050.1,568.404
7372,82,119,28.6866,1862.25,589.27
7373,82,120,22.6195,2434.57,604.127
7374,82,121,19.0395,2773.48,618.686
7375,82,122,15.3834,3120.81,633.256
7376,82,123,11.5915,3482.31,647.853
7377,82,124,11.1689,3522.73,662.175
7378,82,125,27.5682,1948.4,682.23
7379,82,126,22.3015,2455.76,697.253
7380,82,127,17.8616,2884.95,712.134
7381,82,128,12.6753,3388.02,727.247
7382,82,129,8.80816,3764.42,742.07
7383,82,130,7.72502,3870.21,756.475
7384,82,131,21.5058,2519.7,777.297
7385,82,132,17.7486,2889.15,792.249
7386,82,133,15.5238,3108.66,806.886
7387,83,87,-934.04,83705.7,79.4187
7388,83,88,-563.434,52451.3,93.5131
7389,83,89,50.45,475.729,113.022
7390,83,90,-84.0357,11907,126.631
7391,83,91,-120.967,15058.5,140.828
7392,83,92,-157.693,18204.7,154.958
7393,83,93,-177.104,19874,168.947
7394,83,94,-152.383,17739.7,182.914
7395,83,95,46.9165,467.156,204.369
7396,83,96,2.96967,4290.53,218.076
7397,83,97,-17.725,6097.86,232.459
7398,83,98,-26.3018,6849.76,246.687
7399,83,99,-40.0877,8062.93,260.93
7400,83,100,-31.1395,7272.5,275.075
7401,83,101,53.0498,-192.289,295.04
7402,83,102,26.0556,2210.19,310.002
7403,83,103,12.2021,3447.78,324.499
7404,83,104,-5.67928,5051.14,339.198
7405,83,105,-16.1512,5993.61,353.608
7406,83,106,-15.995,5979.51,367.787
7407,83,107,36.7843,1194.18,388.526
7408,83,108,23.8981,2366.82,403.306
7409,83,109,16.4797,3044.37,417.811
7410,83,110,12.1782,3438.67,432.186
7411,83,111,6.39025,3971.17,446.605
7412,83,112,5.57299,4046.63,460.854
7413,83,113,36.8409,1149.14,480.463
7414,83,114,26.3761,2122.36,495.462
7415,83,115,18.4884,2858.55,510.226
7416,83,116,9.93711,3659.52,525.119
7417,83,117,4.22779,4196.19,539.721
7418,83,118,2.54278,4355.15,554.042
7419,83,119,27.231,2018,574.831
7420,83,120,20.9212,2617.43,589.69
7421,83,121,17.2447,2967.92,604.261
7422,83,122,13.4955,3326.59,618.84
7423,83,123,9.61073,3699.53,633.442
7424,83,124,9.26236,3733.09,647.784
7425,83,125,26.513,2065.52,667.783
7426,83,126,21.055,2594.96,682.803
7427,83,127,16.4731,3040.92,697.682
7428,83,128,11.1217,3563.57,712.784
7429,83,129,7.15611,3952.21,727.604
7430,83,130,6.09667,4056.38,742.022
7431,83,131,20.5063,2634.63,762.789
7432,83,132,16.6389,3017.51,777.741
7433,83,133,14.3704,3242.85,792.386
7434,84,88,170.3,-11139,63.4093
7435,84,89,744.234,-60114.8,90.681
7436,84,90,373.1,-28320.9,107.811
7437,84,91,212.652,-14522.4,121.399
7438,84,92,93.6267,-4246.55,135.9
7439,84,93,20.0703,2128.34,150.01
7440,84,94,13.4364,2705.49,163.47
7441,84,95,218.315,-15187.3,185.195
7442,84,96,141.238,-8430.2,200.403
7443,84,97,97.8347,-4610.67,213.933
7444,84,98,72.7064,-2391,228.144
7445,84,99,44.8212,81.4874,242.475
7446,84,100,44.8328,80.449,256.349
7447,84,101,129.935,-7522.03,276.138
7448,84,102,92.0063,-4121.07,291.517
7449,84,103,70.1723,-2156.01,306.153
7450,84,104,45.067,111.834,321.104
7451,84,105,29.0298,1565.87,335.617
7452,84,106,25.2708,1907.95,349.698
7453,84,107,79.0096,-3000.2,370.265
7454,84,108,61.7145,-1414.81,385.227
7455,84,109,50.8165,-412.198,399.798
7456,84,110,43.6529,249.242,414.18
7457,84,111,35.2033,1032.24,428.648
7458,84,112,32.3426,1298.28,442.836
7459,84,113,63.9103,-1648.04,462.25
7460,84,114,51.024,-441.024,477.45
7461,84,115,41.1028,491.573,492.346
7462,84,116,30.6627,1476.42,507.4
7463,84,117,23.3984,2164.11,522.087
7464,84,118,20.5216,2437.4,536.391
7465,84,119,45.5825,48.2602,557.021
7466,84,120,37.9397,779.423,571.994
7467,84,121,33.174,1236.93,586.606
7468,84,122,28.4157,1695.32,601.234
7469,84,123,23.5907,2161.74,615.894
7470,84,124,22.5433,2263.33,630.198
7471,84,125,39.9831,565.86,650.038
7472,84,126,33.6446,1184.92,665.179
7473,84,127,28.2822,1710.43,680.153
7474,84,128,22.1682,2311.65,695.382
7475,84,129,17.5498,2767.32,710.282
7476,84,130,16.003,2920.45,724.694
7477,84,131,30.6003,1470.45,745.318
7478,84,132,26.163,1912.71,760.354
7479,84,133,23.4228,2186.73,775.031
7480,85,89,942.86,-77527.6,77.8745
7481,85,90,381.806,-29089.9,94.1904
7482,85,91,173.029,-10995.9,108.728
7483,85,92,34.1524,1086.31,122.083
7484,85,93,-42.5333,7783.53,136.057
7485,85,94,-37.9733,7383.77,149.568
7486,85,95,213.504,-14746.2,171.133
7487,85,96,124.383,-6873.83,186.28
7488,85,97,76.8945,-2663.23,200.787
7489,85,98,51.1679,-373.564,213.996
7490,85,99,22.4364,2193.12,228.285
7491,85,100,25.2476,1941.04,242.209
7492,85,101,122.666,-6826.63,261.956
7493,85,102,81.3307,-3092.65,277.264
7494,85,103,58.3221,-1006.54,291.873
7495,85,104,31.8913,1398.66,306.756
7496,85,105,15.5816,2888.29,321.229
7497,85,106,12.7033,3152.12,335.326
7498,85,107,72.2079,-2322.3,355.894
7499,85,108,54.0383,-644.642,370.822
7500,85,109,42.8826,389.122,385.382
7501,85,110,35.7783,1049.83,399.762
7502,85,111,27.2861,1842.43,414.215
7503,85,112,24.7865,2076.55,428.415
7504,85,113,59.0525,-1144.45,447.847
7505,85,114,45.631,121.652,463.003
7506,85,115,35.4176,1088.52,477.867
7507,85,116,24.6803,2108.56,492.875
7508,85,117,17.3383,2808.5,507.533
7509,85,118,14.6488,3065.79,521.838
7510,85,119,41.4774,490.251,542.492
7511,85,120,33.638,1245.44,557.437
7512,85,121,28.8472,1708.55,572.041
7513,85,122,24.0662,2172.31,586.656
7514,85,123,19.2168,2644.32,601.297
7515,85,124,18.3358,2730.37,615.611
7516,85,125,36.8315,917.789,635.478
7517,85,126,30.3413,1555.99,650.588
7518,85,127,24.8831,2094.53,665.536
7519,85,128,18.6456,2712.04,680.725
7520,85,129,13.9786,3175.63,695.598
7521,85,130,12.5198,3321.02,710.01
7522,85,131,27.8865,1784.35,730.663
7523,85,132,23.3774,2236.77,745.676
7524,85,133,20.639,2512.43,760.346
7525,86,90,438.22,-34092,81.3779
7526,86,91,141.046,-8138.78,94.9603
7527,86,92,-28.3714,6713.46,109.255
7528,86,93,-108.598,13773.4,122.176
7529,86,94,-88.3433,11984.2,135.791
7530,86,95,223.503,-15666.1,156.974
7531,86,96,116.36,-6130.41,172.123
7532,86,97,62.2944,-1300.55,186.649
7533,86,98,34.856,1159.75,200.89
7534,86,99,4.35033,3905.27,214.179
7535,86,100,9.94786,3399.62,228.17
7536,86,101,121.456,-6710.46,247.751
7537,86,102,75.4,-2519.35,263.033
7538,86,103,50.4939,-244.597,277.646
7539,86,104,22.1049,2357.73,292.495
7540,86,105,5.14286,3918.24,306.959
7541,86,106,2.98468,4117.51,321.088
7542,86,107,68.7823,-1979.73,341.555
7543,86,108,49.3306,-170.732,356.476
7544,86,109,37.6376,920.621,371.044
7545,86,110,30.3845,1599.99,385.441
7546,86,111,21.6539,2420.66,399.897
7547,86,112,19.3864,2634.56,414.123
7548,86,113,56.4857,-877.5,433.498
7549,86,114,42.3156,468.664,448.636
7550,86,115,31.6423,1486.18,463.489
7551,86,116,20.4559,2556.35,478.472
7552,86,117,12.919,3279.89,493.12
7553,86,118,10.3344,3528.88,507.439
7554,86,119,38.9949,758.361,528.043
7555,86,120,30.8494,1548.47,542.98
7556,86,121,25.9474,2025.6,557.588
7557,86,122,21.0647,2502.48,572.204
7558,86,123,16.118,2987.26,586.841
7559,86,124,15.3507,3062.7,601.174
7560,86,125,34.9205,1131.82,621.009
7561,86,126,28.2069,1796.47,636.105
7562,86,127,22.5905,2354.36,651.043
7563,86,128,16.1695,2994.32,666.209
7564,86,129,11.4029,3470.98,681.068
7565,86,130,9.99373,3612.37,695.491
7566,86,131,26.1384,1987.14,716.117
7567,86,132,21.5118,2454.43,731.12
7568,86,133,18.737,2735.6,745.792
7569,87,91,36.6,1226.52,81.9675
7570,87,92,-154.474,18104.7,95.1738
7571,87,93,-221.593,24055.9,109.043
7572,87,94,-168.026,19288.5,121.805
7573,87,95,230.827,-16342.4,142.723
7574,87,96,100.79,-4682.43,157.865
7575,87,97,39.7255,813.404,172.409
7576,87,98,11.4755,3365.31,186.686
7577,87,99,-20.1264,6230.55,200.976
7578,87,100,-10.2325,5330.21,214.041
7579,87,101,118.834,-6457.89,233.482
7580,87,102,67.3488,-1738.39,248.735
7581,87,103,40.4598,735.401,263.353
7582,87,104,10.0314,3544.96,278.171
7583,87,105,-7.44526,5164.46,292.626
7584,87,106,-8.56045,5268.17,306.793
7585,87,107,64.6031,-1560.43,327.167
7586,87,108,43.7631,391.591,342.082
7587,87,109,31.5374,1540.81,356.66
7588,87,110,24.1882,2234.08,371.076
7589,87,111,15.2549,3079.76,385.538
7590,87,112,13.3052,3264.98,399.791
7591,87,113,53.6031,-576.742,419.113
7592,87,114,38.6267,856,434.234
7593,87,115,27.4717,1926.87,449.077
7594,87,116,15.8176,3049.56,464.038
7595,87,117,8.09371,3796.2,478.678
7596,87,118,5.64908,4033.33,493.011
7597,87,119,36.3305,1047,513.566
7598,87,120,27.8627,1874.03,528.496
7599,87,121,22.8512,2365.15,543.11
7600,87,122,17.8692,2855.04,557.728
7601,87,123,12.8279,3352.46,572.363
7602,87,124,12.1934,3415.27,586.716
7603,87,125,32.9286,1355.57,606.519
7604,87,126,25.9789,2048.22,621.603
7605,87,127,20.1972,2626.39,636.531
7606,87,128,13.5845,3289.87,651.676
7607,87,129,8.7164,3779.93,666.523
7608,87,130,7.36531,3916.39,680.957
7609,87,131,24.3443,2195.85,701.554
7610,87,132,19.5946,2678.74,716.55
7611,87,133,16.7833,2965.48,731.225
7612,88,92,-602.58,58733,80.6211
7613,88,93,-542.703,53384,93.2917
7614,88,94,-382.086,38982,107.405
7615,88,95,169.995,-10705.3,128.257
7616,88,96,24.58,2430.53,143.258
7617,88,97,-33.4558,7692.44,157.741
7618,88,98,-53.5364,9519.77,172
7619,88,99,-79.5699,11897.5,186.227
7620,88,100,-59.0088,10012.7,200.373
7621,88,101,95.4642,-4198.78,219.008
7622,88,102,40.23,901.177,234.156
7623,88,103,13.3697,3390.23,248.73
7624,88,104,-17.4515,6256.6,263.458
7625,88,105,-33.8163,7783.98,277.863
7626,88,106,-32.273,7639.43,292.052
7627,88,107,50.5782,-148.584,312.563
7628,88,108,29.0891,1878.55,327.433
7629,88,109,17.0859,3014.85,341.993
7630,88,110,10.3543,3654.35,356.405
7631,88,111,1.82948,4467.06,370.847
7632,88,112,0.797846,4565.75,385.114
7633,88,113,45.1576,307.214,404.522
7634,88,114,29.6974,1796.54,419.59
7635,88,115,18.3835,2890.22,434.395
7636,88,116,6.55241,4037.84,449.303
7637,88,117,-1.0687,4779.63,463.91
7638,88,118,-3.07992,4976.06,478.246
7639,88,119,30.0647,1727.88,498.877
7640,88,120,21.4634,2573.68,513.777
7641,88,121,16.5335,3060.09,528.38
7642,88,122,11.6279,3545.75,542.983
7643,88,123,6.6532,4039.9,557.597
7644,88,124,6.31821,4073.29,571.962
7645,88,125,28.454,1859.72,591.824
7646,88,126,21.3774,2569.73,606.875
7647,88,127,15.5367,3157.7,621.775
7648,88,128,8.82868,3835.21,636.876
7649,88,129,3.95524,4329.05,651.694
7650,88,130,2.76276,4450.28,666.13
7651,88,131,20.7227,2618.36,686.783
7652,88,132,15.9228,3109.55,701.754
7653,88,133,13.149,3394.33,716.421
7654,89,93,-999.22,95231.4,78.1885
7655,89,94,-632.891,62139.7,92.3962
7656,89,95,148.586,-8714.23,114.778
7657,89,96,-27.831,7339.69,128.765
7658,89,97,-87.1167,12754.5,143.281
7659,89,98,-100.481,13979.5,157.601
7660,89,99,-122.713,16024.8,171.855
7661,89,100,-91.5343,13146,186.11
7662,89,101,91.7077,-3834.4,205.611
7663,89,102,29.1196,1986.3,219.748
7664,89,103,0.159286,4689.26,234.343
7665,89,104,-32.8632,7782.36,249.058
7666,89,105,-49.3402,9331.2,263.474
7667,89,106,-45.9005,9006.72,277.716
7668,89,107,47.1063,202.076,298.101
7669,89,108,23.8155,2414.7,312.981
7670,89,109,11.1714,3620.1,327.565
7671,89,110,4.36556,4271.2,342.007
7672,89,111,-4.37984,5110.76,356.469
7673,89,112,-4.98,5168.57,370.773
7674,89,113,43.3908,492.732,390.091
7675,89,114,26.8773,2094.54,405.158
7676,89,115,14.9342,3257,419.968
7677,89,116,2.50438,4470.98,434.868
7678,89,117,-5.36315,5242,449.48
7679,89,118,-7.22216,5424.8,463.841
7680,89,119,28.3281,1917.18,484.381
7681,89,120,19.2977,2811.19,499.286
7682,89,121,14.2003,3317.52,513.905
7683,89,122,9.14338,3821.53,528.521
7684,89,123,4.02639,4333.23,543.144
7685,89,124,3.81871,4354.07,557.534
7686,89,125,27.2861,1991.68,577.328
7687,89,126,19.8985,2737.83,592.378
7688,89,127,13.8341,3352.36,607.28
7689,89,128,6.87587,4059.78,622.373
7690,89,129,1.85997,4571.4,637.19
7691,89,130,0.710477,4689.03,651.644
7692,89,131,19.6013,2749.58,672.231
7693,89,132,14.6342,3261.19,687.204
7694,89,133,11.7944,3554.63,701.882
7695,90,94,33.96,344.8,63.213
7696,90,95,853.646,-74519.8,94.8001
7697,90,96,425.379,-35262,111.512
7698,90,97,237.969,-18020.3,125.422
7699,90,98,149.393,-9841.84,139.766
7700,90,99,72.7406,-2738.69,154.128
7701,90,100,74.0509,-2860.55,167.992
7702,90,101,260.236,-20237.8,187.036
7703,90,102,162.091,-11044.9,202.849
7704,90,103,109.998,-6148.15,216.67
7705,90,104,57.9271,-1236.15,231.691
7706,90,105,28.0418,1593,246.22
7707,90,106,22.7824,2092.65,260.344
7708,90,107,118.492,-7031.66,280.367
7709,90,108,85.2351,-3850.09,295.487
7710,90,109,65.1847,-1925.25,310.166
7711,90,110,52.5865,-711.63,324.632
7712,90,111,38.6623,634.371,339.155
7713,90,112,34.2672,1060.7,353.402
7714,90,113,83.3983,-3721.39,372.415
7715,90,114,62.3631,-1666.95,387.715
7716,90,115,46.7716,-138.991,402.675
7717,90,116,31.0628,1405.71,417.746
7718,90,117,20.5934,2438.69,432.447
7719,90,118,16.8161,2812.65,446.792
7720,90,119,53.1337,-794.91,467.085
7721,90,120,41.9204,322.687,482.114
7722,90,121,35.0905,1005.67,496.783
7723,90,122,28.461,1670.83,511.454
7724,90,123,21.9067,2330.64,526.139
7725,90,124,20.6654,2456,540.494
7726,90,125,44.5006,40.703,560.072
7727,90,126,35.7832,926.975,575.249
7728,90,127,28.5636,1663.38,590.249
7729,90,128,20.4932,2489.25,605.468
7730,90,129,14.5456,3099.87,620.366
7731,90,130,12.7212,3287.78,634.814
7732,90,131,31.9396,1301.88,655.21
7733,90,132,26.1676,1900.24,670.269
7734,90,133,22.6745,2263.53,684.983
7735,91,95,1181.88,-105264,81.0604
7736,91,96,501.446,-42437.7,97.2972
7737,91,97,238.757,-18095.2,112.304
7738,91,98,127.84,-7779.95,125.716
7739,91,99,38.9433,517.117,140.087
7740,91,100,47.2752,-263.297,154.049
7741,91,101,272.18,-21404.4,172.808
7742,91,102,155.687,-10415.2,188.584
7743,91,103,96.5648,-4818.28,203.404
7744,91,104,38.9745,652.8,217.373
7745,91,105,7.63143,3640.84,231.883
7746,91,106,4.26588,3962.81,246.048
7747,91,107,113.414,-6515.38,265.972
7748,91,108,77.026,-3010.03,281.074
7749,91,109,55.7291,-951.333,295.756
7750,91,110,42.8167,301.172,310.235
7751,91,111,28.4969,1694.97,324.757
7752,91,112,24.6263,2072.99,339.029
7753,91,113,78.868,-3242.69,358.007
7754,91,114,56.4574,-1038.98,373.274
7755,91,115,40.0911,575.827,388.212
7756,91,116,23.6877,2199.76,403.244
7757,91,117,12.9891,3262.49,417.926
7758,91,118,9.48517,3611.71,432.283
7759,91,119,48.8131,-321.079,452.557
7760,91,120,37.1402,850.098,467.568
7761,91,121,30.1781,1550.95,482.237
7762,91,122,23.4413,2231.37,496.902
7763,91,123,16.794,2904.96,511.577
7764,91,124,15.7804,3008.01,525.95
7765,91,125,41.2568,409.419,545.523
7766,91,126,32.2353,1332.62,560.677
7767,91,127,24.8172,2094.21,575.659
7768,91,128,16.5192,2948.91,590.844
7769,91,129,10.4704,3573.95,605.721
7770,91,130,8.75857,3751.41,620.178
7771,91,131,29.1078,1635.09,640.574
7772,91,132,23.1958,2251.91,655.617
7773,91,133,19.6784,2620.06,670.329
7774,92,96,655.02,-56976,83.8783
7775,92,97,253.577,-19508,98.0403
7776,92,98,106.736,-5753.89,112.552
7777,92,99,0.890476,4195.56,125.965
7778,92,100,19.53,2437.23,140.041
7779,92,101,294.965,-23637.3,158.469
7780,92,102,153.149,-10164.8,174.242
7781,92,103,84.5958,-3629.36,189.082
7782,92,104,19.9868,2551.57,204.022
7783,92,105,-13.1213,5729.95,217.533
7784,92,106,-14.1686,5830.84,231.751
7785,92,107,110.927,-6261.74,251.529
7786,92,108,70.551,-2345.26,266.631
7787,92,109,47.6072,-112.07,281.331
7788,92,110,34.1905,1198.29,295.835
7789,92,111,19.3014,2657.43,310.367
7790,92,112,15.9379,2988.17,324.673
7791,92,113,75.9005,-2928.14,343.581
7792,92,114,51.7992,-542.11,358.83
7793,92,115,34.4572,1180.53,373.759
7794,92,116,17.1923,2901.26,388.767
7795,92,117,6.17039,4003.46,403.442
7796,92,118,2.91197,4330.38,417.818
7797,92,119,45.5186,41.321,438.035
7798,92,120,33.2679,1278.64,453.04
7799,92,121,26.0998,2005,467.717
7800,92,122,19.1915,2707.35,482.385
7801,92,123,12.3943,3400.66,497.059
7802,92,124,11.586,3483.38,511.456
7803,92,125,38.8077,688.621,530.993
7804,92,126,29.4106,1656.52,546.134
7805,92,127,21.7373,2449.42,561.106
7806,92,128,13.1572,3338.89,576.269
7807,92,129,6.96704,3982.67,591.134
7808,92,130,5.34709,4151.69,605.604
7809,92,131,26.8843,1897.46,625.97
7810,92,132,20.7924,2537.11,641.005
7811,92,133,17.2219,2913.2,655.721
7812,93,97,84.12,-3296.64,84.4888
7813,93,98,-55.1829,9844.26,97.9928
7814,93,99,-145.007,18347.6,112.342
7815,93,100,-85.2333,12669.1,125.551
7816,93,101,274.69,-21643.6,144.052
7817,93,102,108.566,-5751.05,159.685
7818,93,103,35.6545,1248.45,174.468
7819,93,104,-31.5657,7724.01,189.3
7820,93,105,-61.8363,10650.2,203.759
7821,93,106,-56.0738,10091.2,217.018
7822,93,107,91.2886,-4252.07,236.917
7823,93,108,48.3203,-55.5021,251.966
7824,93,109,25.2926,2201.21,266.646
7825,93,110,12.8646,3423.3,281.149
7826,93,111,-1.34702,4825.51,295.66
7827,93,112,-2.98195,4987.37,309.987
7828,93,113,64.4932,-1715.17,328.977
7829,93,114,39.2379,801.945,344.166
7830,93,115,21.4802,2577.72,359.052
7831,93,116,3.858,4345.81,374.002
7832,93,117,-6.97892,5436.73,388.642
7833,93,118,-9.47651,5688.99,403.024
7834,93,119,37.2038,958.717,423.319
7835,93,120,24.672,2232.78,438.292
7836,93,121,17.6024,2953.88,452.958
7837,93,122,10.8,3650,467.611
7838,93,123,4.10565,4337.28,482.263
7839,93,124,3.76485,4372.38,496.676
7840,93,125,33.1104,1340.01,516.273
7841,93,126,23.4956,2336.74,531.379
7842,93,127,15.7219,3145.21,546.321
7843,93,128,6.99933,4055.26,561.439
7844,93,129,0.807397,4703.35,576.273
7845,93,130,-0.573629,4848.36,590.747
7846,93,131,22.3717,2431.45,611.171
7847,93,132,16.2008,3083.51,626.181
7848,93,133,12.6802,3456.7,640.889
7849,94,98,-535.2,56245.9,83.4775
7850,94,99,-494.96,52409.7,96.6894
7851,94,100,-318.121,35492.1,111.175
7852,94,101,190.005,-13288,129.368
7853,94,102,5.78333,4458.7,144.755
7854,94,103,-61.1539,10929.3,159.425
7855,94,104,-122.995,16927.8,174.089
7856,94,105,-143.072,18882.1,188.461
7857,94,106,-123.925,17012.1,202.769
7858,94,107,54.182,-442.46,222.071
7859,94,108,10.4321,3859.61,237.034
7860,94,109,-10.7379,5948.39,251.672
7861,94,110,-20.3892,6903.86,266.159
7862,94,111,-32.485,8105.38,280.632
7863,94,112,-31.0144,7958.81,294.974
7864,94,113,46.0116,256.212,314.174
7865,94,114,20.1112,2854.89,329.28
7866,94,115,2.47792,4629.97,344.104
7867,94,116,-15.0243,6397.69,358.975
7868,94,117,-25.1908,7427.89,373.567
7869,94,118,-26.4312,7554.01,387.948
7870,94,119,25.1441,2293.33,408.424
7871,94,120,12.5773,3579.33,423.35
7872,94,121,5.86661,4268.29,437.996
7873,94,122,-0.595567,4933.89,452.624
7874,94,123,-6.97646,5593.25,467.245
7875,94,124,-6.62427,5556.74,481.671
7876,94,125,25.2047,2246.53,501.393
7877,94,126,15.4864,3260.48,516.452
7878,94,127,7.72648,4072.68,531.354
7879,94,128,-1.03765,4992.91,546.415
7880,94,129,-7.12708,5634.33,561.21
7881,94,130,-8.15386,5742.83,575.684
7882,94,131,16.3981,3140.32,596.22
7883,94,132,10.217,3797.57,611.197
7884,94,133,6.81959,4159.97,625.892
7885,95,99,-1099.3,111434,81.0365
7886,95,100,-662.069,69313.6,95.465
7887,95,101,89.5071,-3338.7,115.624
7888,95,102,-115.645,16561.1,129.831
7889,95,103,-170.473,21897.7,144.454
7890,95,104,-222.818,27010,159.019
7891,95,105,-228.396,27556.7,173.375
7892,95,106,-191.838,23961.8,187.793
7893,95,107,24.1187,2654.06,208.326
7894,95,108,-21.5864,7178.86,222.255
7895,95,109,-41.31,9138.07,236.895
7896,95,110,-48.3462,9839.35,251.404
7897,95,111,-58.576,10862.3,265.88
7898,95,112,-54.0429,10407.5,280.267
7899,95,113,33.5151,1593.34,299.53
7900,95,114,6.27429,4344.66,314.599
7901,95,115,-11.7205,6168.13,329.401
7902,95,116,-29.5231,7978.06,344.235
7903,95,117,-39.3128,8976.61,358.814
7904,95,118,-39.4798,8993.7,373.219
7905,95,119,17.2654,3167.86,393.727
7906,95,120,4.33798,4499.38,408.639
7907,95,121,-2.25946,5181.12,423.29
7908,95,122,-8.60279,5838.71,437.92
7909,95,123,-14.8715,6490.66,452.537
7910,95,124,-13.9695,6396.55,466.991
7911,95,125,20.3868,2800.59,486.725
7912,95,126,10.3622,3853.17,501.766
7913,95,127,2.44258,4687.37,516.655
7914,95,128,-6.52626,5635.08,531.689
7915,95,129,-12.65,6284.2,546.469
7916,95,130,-13.427,6366.82,560.959
7917,95,131,12.7371,3575.98,581.5
7918,95,132,6.42342,4251.54,596.467
7919,95,133,3.04628,4614.02,611.166
7920,96,100,205.44,-16280.6,63.2053
7921,96,101,918.371,-85672.6,93.1711
7922,96,102,417.786,-36782,111.314
7923,96,103,215.893,-16996.5,125.361
7924,96,104,66.0567,-2262.62,140.325
7925,96,105,1.58788,4098.3,154.602
7926,96,106,2.97818,3960.66,168.514
7927,96,107,222.458,-17841,188.919
7928,96,108,139.208,-9543.72,204.266
7929,96,109,93.6958,-4992.54,217.997
7930,96,110,67.7207,-2386.37,232.448
7931,96,111,41.7038,232.667,246.921
7932,96,112,34.9725,912.525,261.098
7933,96,113,122.369,-7943.61,280.107
7934,96,114,82.9074,-3931.72,295.542
7935,96,115,55.4498,-1131.04,310.535
7936,96,116,29.5545,1518.9,325.582
7937,96,117,13.5041,3166.75,340.225
7938,96,118,8.72984,3658.5,354.524
7939,96,119,66.1863,-2278.67,374.877
7940,96,120,48.3111,-425.604,389.947
7941,96,121,37.8236,665.094,404.628
7942,96,122,28.0413,1685.72,419.292
7943,96,123,18.7073,2662.67,433.952
7944,96,124,17.3558,2804.58,448.297
7945,96,125,51.9141,-835.564,467.864
7946,96,126,39.2088,506.966,483.071
7947,96,127,28.9913,1590.02,498.075
7948,96,128,17.8699,2772.6,513.267
7949,96,129,9.9508,3617.3,528.13
7950,96,130,7.83793,3843.38,542.567
7951,96,131,34.2742,1005.88,562.976
7952,96,132,26.4551,1847.74,578.044
7953,96,133,21.8459,2345.53,592.763
7954,97,101,1200.94,-113835,79.7286
7955,97,102,439.303,-38940.9,97.1891
7956,97,103,173.579,-12722.8,112.212
7957,97,104,-3.1381,4772.18,126.053
7958,97,105,-66.5567,11071.8,140.293
7959,97,106,-51.2594,9547.13,154.289
7960,97,107,217.987,-17377.5,174.547
7961,97,108,121.607,-7707.38,189.856
7962,97,109,71.8011,-2693.59,204.581
7963,97,110,45.2431,-11.2299,218.044
7964,97,111,18.7543,2672.97,232.506
7965,97,112,14.0503,3151.21,246.716
7966,97,113,114.19,-7063.01,265.704
7967,97,114,71.2526,-2669.12,281.08
7968,97,115,42.1316,320.642,296.034
7969,97,116,14.9786,3117.39,311.022
7970,97,117,-1.21221,4790.45,325.636
7971,97,118,-5.08267,5191.69,339.949
7972,97,119,58.5711,-1428.31,360.312
7973,97,120,39.8409,525.882,375.353
7974,97,121,29.192,1640.46,390.029
7975,97,122,19.3212,2676.9,404.682
7976,97,123,9.94176,3664.87,419.326
7977,97,124,9.11976,3751.72,433.692
7978,97,125,46.6295,-224.304,453.276
7979,97,126,33.4294,1179.3,468.45
7980,97,127,22.9256,2299.71,483.427
7981,97,128,11.4882,3523.51,498.577
7982,97,129,3.47594,4383.49,513.411
7983,97,130,1.61965,4583.35,527.857
7984,97,131,29.9219,1526.71,548.288
7985,97,132,21.9102,2394.64,563.334
7986,97,133,17.2975,2895.89,578.049
7987,98,102,463.1,-41336.5,83.8997
7988,98,103,100.869,-5354.82,97.909
7989,98,104,-105.564,15219.7,112.646
7990,98,105,-159.231,20586.3,125.88
7991,98,106,-119.94,16644.1,139.996
7992,98,107,216.892,-17263.6,160.087
7993,98,108,103.187,-5779.45,175.378
7994,98,109,48.1503,-202.378,190.115
7995,98,110,21.1451,2543.16,204.606
7996,98,111,-5.68527,5279.85,218.073
7997,98,112,-7.75786,5491.95,232.33
7998,98,113,107.625,-6354.03,251.262
7999,98,114,60.4088,-1490.76,266.599
8000,98,115,29.257,1728.27,281.53
8001,98,116,0.601053,4698.93,296.476
8002,98,117,-15.7711,6401.64,311.075
8003,98,118,-18.6236,6699.25,325.413
8004,98,119,52.0479,-697.704,345.744
8005,98,120,32.2561,1380.43,360.77
8006,98,121,21.3519,2529.01,375.451
8007,98,122,11.3186,3589.19,390.105
8008,98,123,1.8333,4594.64,404.744
8009,98,124,1.55104,4624.65,419.138
8010,98,125,42.2806,280.16,438.704
8011,98,126,28.4701,1757.88,453.857
8012,98,127,17.5967,2924.97,468.819
8013,98,128,5.76516,4198.83,483.937
8014,98,129,-2.39014,5079.6,498.755
8015,98,130,-4.00341,5254.37,513.216
8016,98,131,26.2945,1962,533.634
8017,98,132,18.0322,2862.59,548.668
8018,98,133,13.3787,3371.37,563.386
8019,99,103,-66.62,11673.2,84.3795
8020,99,104,-286.034,33687.7,98.0124
8021,99,105,-303.471,35443.1,112.272
8022,99,106,-218.298,26840.5,125.562
8023,99,107,215.243,-17091.6,145.527
8024,99,108,79.1273,-3253.15,160.81
8025,99,109,18.4582,2935.09,175.569
8026,99,110,-8.0993,5652.81,190.098
8027,99,111,-34.5582,8369.26,204.583
8028,99,112,-32.8022,8188.39,217.899
8029,99,113,101.304,-5669.28,236.765
8030,99,114,48.9762,-244.6,252.073
8031,99,115,15.5044,3236.46,266.99
8032,99,116,-14.8074,6399,281.905
8033,99,117,-31.2811,8123.24,296.499
8034,99,118,-32.8678,8289.85,310.87
8035,99,119,45.8909,-6.071,331.149
8036,99,120,24.8596,2216.23,346.168
8037,99,121,13.6504,3404.41,360.862
8038,99,122,3.42278,4491.95,375.524
8039,99,123,-6.18969,5517.28,390.164
8040,99,124,-5.87651,5483.77,404.591
8041,99,125,38.4203,729.248,424.119
8042,99,126,23.8991,2292.7,439.26
8043,99,127,12.5909,3513.98,454.213
8044,99,128,0.304383,4845.02,469.308
8045,99,129,-8.02476,5750.12,484.115
8046,99,130,-9.38669,5898.57,498.597
8047,99,131,23.0737,2349.57,518.981
8048,99,132,14.5149,3288.19,534.009
8049,99,133,9.79647,3807.21,548.735
8050,100,104,-834.3,89976.4,83.112
8051,100,105,-674.794,73813.1,96.4125
8052,100,106,-459.193,51893.6,111.09
8053,100,107,142.957,-9525.66,130.746
8054,100,108,-7.34333,5855.08,145.92
8055,100,109,-62.8521,11554,160.643
8056,100,110,-79.4545,13264,175.176
8057,100,111,-98.4308,15224.9,189.639
8058,100,112,-86.578,13996.2,204.006
8059,100,113,74.3688,-2742.29,222.063
8060,100,114,18.655,3070.51,237.282
8061,100,115,-15.2106,6615.11,252.14
8062,100,116,-45.475,9792.88,266.979
8063,100,117,-60.3715,11362,281.535
8064,100,118,-59.0632,11223.7,295.928
8065,100,119,30.191,1762.79,316.348
8066,100,120,8.65195,4053.1,331.33
8067,100,121,-2.10288,5200.29,346.015
8068,100,122,-11.85,6243.23,360.663
8069,100,123,-20.9908,7224.34,375.283
8070,100,124,-19.4685,7060.44,389.738
8071,100,125,29.2813,1795.46,409.348
8072,100,126,14.3614,3411.78,424.449
8073,100,127,2.92682,4654.34,439.371
8074,100,128,-9.54059,6013.29,454.417
8075,100,129,-17.7687,6912.89,469.195
8076,100,130,-18.5898,7002.95,483.688
8077,100,131,16.4745,3145.87,504.142
8078,100,132,7.79693,4103.3,519.145
8079,100,133,3.19615,4612.45,533.866
8080,101,105,-1205.64,128844,81.3785
8081,101,106,-741.223,81318.8,95.9549
8082,101,107,113.55,-6437.91,116.953
8083,101,108,-66.9738,12156,131.134
8084,101,109,-121.567,17797.3,145.907
8085,101,110,-129.747,18645.3,160.513
8086,101,111,-143.029,20026.7,175.027
8087,101,112,-121.768,17808.4,189.485
8088,101,113,69.3538,-2195.66,208.446
8089,101,114,6.39736,4414.77,222.666
8090,101,115,-30.3493,8285.42,237.536
8091,101,116,-62.5044,11683.1,252.373
8092,101,117,-77.15,13235.6,266.95
8093,101,118,-73.832,12882.8,281.394
8094,101,119,26.3719,2194.34,301.696
8095,101,120,3.0609,4688.62,316.694
8096,101,121,-8.18571,5895.76,331.408
8097,101,122,-18.266,6981.06,346.082
8098,101,123,-27.6437,7993.86,360.724
8099,101,124,-25.4401,7755.13,375.22
8100,101,125,27.6874,1981.95,394.733
8101,101,126,11.7424,3719.95,409.842
8102,101,127,-0.345177,5041.53,424.775
8103,101,128,-13.4694,6480.82,439.819
8104,101,129,-21.994,7418.52,454.605
8105,101,130,-22.5882,7484.08,469.127
8106,101,131,14.9963,3324.73,489.487
8107,101,132,5.86877,4337.89,504.5
8108,101,133,1.10602,4868.14,519.242
8109,102,106,160.02,-13011.3,64.7132
8110,102,107,999.303,-99737.2,95.1245
8111,102,108,514.129,-49440.8,112.397
8112,102,109,300.612,-27235.1,126.556
8113,102,110,196.797,-16403.7,141.108
8114,102,111,115.549,-7899.78,155.604
8115,102,112,93.6618,-5601.61,169.666
8116,102,113,280.732,-25306.4,188.282
8117,102,114,175.57,-14194.3,204.253
8118,102,115,109.407,-7180.9,218.459
8119,102,116,54.33,-1324.42,233.595
8120,102,117,23.2494,1990.84,248.232
8121,102,118,15.1461,2857.9,262.5
8122,102,119,116.597,-8031.2,282.598
8123,102,120,81.3351,-4234.64,297.836
8124,102,121,61.1364,-2053.18,312.602
8125,102,122,43.494,-141.921,327.322
8126,102,123,27.6492,1579.88,342.012
8127,102,124,25.2364,1842.88,356.363
8128,102,125,78.5681,-3988.05,375.662
8129,102,126,57.2771,-1653.14,390.998
8130,102,127,40.757,164.071,406.079
8131,102,128,23.616,2055.29,421.314
8132,102,129,11.8336,3359.22,436.19
8133,102,130,8.86542,3688.68,450.641
8134,102,131,46.8586,-541.232,470.838
8135,102,132,35.0866,773.311,485.976
8136,102,133,28.2001,1544.6,500.743
8137,103,107,1340.56,-135797,81.3084
8138,103,108,579.909,-56435.4,98.0785
8139,103,109,286.593,-25735,113.292
8140,103,110,160.329,-12477.3,126.882
8141,103,111,69.13,-2871.04,141.368
8142,103,112,52.1491,-1076.73,155.485
8143,103,113,280.78,-25311.6,173.965
8144,103,114,158.083,-12264.8,189.845
8145,103,115,84.4308,-4408.58,204.986
8146,103,116,25.0541,1944.72,219.034
8147,103,117,-6.26714,5306.53,233.629
8148,103,118,-11.6938,5890.8,247.916
8149,103,119,104.85,-6695.98,268.028
8150,103,120,66.9754,-2592.85,283.223
8151,103,121,46.1621,-331.135,297.977
8152,103,122,28.2529,1620.97,312.678
8153,103,123,12.3506,3359.61,327.343
8154,103,124,11.1092,3495.76,341.719
8155,103,125,70.3069,-3015.99,361.051
8156,103,126,47.9301,-547.078,376.339
8157,103,127,30.8362,1344.65,391.381
8158,103,128,13.1398,3308.95,406.558
8159,103,129,1.26056,4631.5,421.396
8160,103,130,-1.16437,4902.28,435.856
8161,103,131,40.1408,276.107,456.099
8162,103,132,28.0318,1636.35,471.207
8163,103,133,21.1561,2411.01,485.965
8164,104,108,739.52,-73460.6,84.5353
8165,104,109,295.229,-26661.9,98.889
8166,104,110,130.421,-9247.32,113.566
8167,104,111,23.9,2043.95,127.091
8168,104,112,13.1967,3182.07,141.297
8169,104,113,295.344,-26913.7,159.544
8170,104,114,147.691,-11114.8,175.389
8171,104,115,63.4951,-2077.75,190.506
8172,104,116,-1.7956,4951.89,205.507
8173,104,117,-33.7556,8403.57,219.092
8174,104,118,-36.2407,8672.79,233.423
8175,104,119,97.94,-5908.19,253.451
8176,104,120,56.4221,-1382.73,268.632
8177,104,121,34.4687,1017.5,283.397
8178,104,122,15.9053,3053.29,298.104
8179,104,123,-0.352481,4841.65,312.767
8180,104,124,-0.502338,4858.18,327.18
8181,104,125,65.1326,-2405.42,346.472
8182,104,126,41.2599,244.453,361.738
8183,104,127,23.2973,2244.29,376.764
8184,104,128,4.78831,4311.12,391.907
8185,104,129,-7.36226,5671.99,406.729
8186,104,130,-9.32808,5892.82,421.21
8187,104,131,35.5106,840.994,441.428
8188,104,132,22.8858,2267.59,456.524
8189,104,133,15.8948,3059.9,471.288
8190,105,109,45.32,244.88,85.0842
8191,105,110,-91.12,14753,98.6925
8192,105,111,-164.779,22609.9,113.12
8193,105,112,-130.988,18994.3,126.379
8194,105,113,245.9,-21458.3,144.944
8195,105,114,78.6048,-3446.21,160.58
8196,105,115,-8.33818,5943.64,175.56
8197,105,116,-72.5385,12898.7,190.41
8198,105,117,-98.5319,15723.3,204.915
8199,105,118,-92.1182,15024.2,218.264
8200,105,119,67.4036,-2416.85,238.591
8201,105,120,24.5129,2286.82,253.693
8202,105,121,3.73088,4572.85,268.423
8203,105,122,-13.4799,6471.77,283.091
8204,105,123,-28.3558,8118.03,297.707
8205,105,124,-25.7203,7825.49,312.145
8206,105,125,48.5673,-445.189,331.612
8207,105,126,24.0303,2294.78,346.805
8208,105,127,6.00395,4313.72,361.773
8209,105,128,-12.6063,6404.28,376.836
8210,105,129,-24.3374,7725.98,391.605
8211,105,130,-25.1486,7817.65,406.091
8212,105,131,24.1833,2226.7,426.464
8213,105,132,11.4658,3672.25,441.515
8214,105,133,4.7803,4434.4,456.261
8215,106,110,-599.32,69977.4,84.0637
8216,106,111,-528.131,62336.5,97.4111
8217,106,112,-380.871,46481.5,111.847
8218,106,113,152.71,-11145.2,130.143
8219,106,114,-31.0533,8762.4,145.543
8220,106,115,-113.453,17716.5,160.376
8221,106,116,-170.215,23903.5,175.072
8222,106,117,-184.261,25439.2,189.509
8223,106,118,-163.671,23181.3,203.909
8224,106,119,28.8611,2002.68,223.643
8225,106,120,-14.6093,6798.92,238.67
8226,106,121,-33.0988,8845.09,253.375
8227,106,122,-48.0015,10499.3,268.012
8228,106,123,-60.6945,11912.4,282.592
8229,106,124,-54.3775,11207,297.068
8230,106,125,30.2045,1733.86,316.723
8231,106,126,5.07948,4556.24,331.851
8232,106,127,-12.8628,6577.73,346.768
8233,106,128,-31.4508,8678.18,361.76
8234,106,129,-42.589,9940.51,376.484
8235,106,130,-42.0051,9874.14,390.984
8236,106,131,12.4183,3669.88,411.505
8237,106,132,-0.369719,5131.97,426.519
8238,106,133,-6.68741,5856.4,441.254
8239,107,111,-1145.34,130024,81.8701
8240,107,112,-743.257,86464.7,96.0257
8241,107,113,46.3143,664.629,116.3
8242,107,114,-156.79,22803,130.538
8243,107,115,-229.56,30759.2,145.297
8244,107,116,-274.452,35682.4,159.915
8245,107,117,-272.1,35423.6,174.359
8246,107,118,-233.439,31158,188.87
8247,107,119,-0.552747,5385.28,209.805
8248,107,120,-46.0312,10433.4,223.811
8249,107,121,-62.7964,12299.9,238.532
8250,107,122,-75.8497,13757.5,253.181
8251,107,123,-86.7598,14979.5,267.769
8252,107,124,-76.8448,13865.7,282.305
8253,107,125,19.0056,3066.53,301.984
8254,107,126,-7.51203,6063.02,317.093
8255,107,127,-25.9639,8154.23,331.998
8256,107,128,-45.0507,10323.8,346.962
8257,107,129,-55.9749,11569.1,361.678
8258,107,130,-54.2268,11369.3,376.212
8259,107,131,5.52815,4517.36,396.729
8260,107,132,-7.7135,6040.15,411.738
8261,107,133,-13.9552,6760.02,426.486
8262,108,112,171.62,-14781.7,59.1182
8263,108,113,919.423,-96541.5,93.6313
8264,108,114,408.829,-40546.3,111.726
8265,108,115,176.462,-14986,126.076
8266,108,116,31.3667,1022.89,140.996
8267,108,117,-26.9745,7479.32,155.279
8268,108,118,-25.8527,7354.79,169.258
8269,108,119,211.25,-19042.7,190.182
8270,108,120,126.19,-9544.29,205.572
8271,108,121,82.4268,-4642.8,219.333
8272,108,122,48.27,-805.85,233.992
8273,108,123,20.4812,2325.02,248.577
8274,108,124,18.9461,2498.49,262.833
8275,108,125,114.803,-8365.31,282.311
8276,108,126,75.4102,-3887.64,297.739
8277,108,127,46.8209,-628.466,312.825
8278,108,128,18.9844,2554.17,328.009
8279,108,129,1.24574,4588.21,342.798
8280,108,130,-1.82984,4941.9,357.19
8281,108,131,58.5383,-2020.56,377.567
8282,108,132,39.9965,124.113,392.725
8283,108,133,29.6046,1329.56,407.485
8284,109,113,1190.32,-126792,80.2439
8285,109,114,419.229,-41714.6,97.5457
8286,109,115,117.5,-8323.26,112.808
8287,109,116,-49.1286,10172.5,126.604
8288,109,117,-102.547,16119.7,140.856
8289,109,118,-86.0861,14281.6,154.916
8290,109,119,205.078,-18328.8,175.704
8291,109,120,106.87,-7296.71,191.058
8292,109,121,59.3462,-1942.36,205.821
8293,109,122,23.607,2096.16,219.473
8294,109,123,-4.59857,5292.79,234.042
8295,109,124,-3.19059,5132.75,248.346
8296,109,125,106.548,-7377.45,267.789
8297,109,126,63.6954,-2477.96,283.171
8298,109,127,33.3298,1003.95,298.222
8299,109,128,4.0588,4370.12,313.348
8300,109,129,-13.9478,6446.88,328.107
8301,109,130,-15.9217,6675.2,342.522
8302,109,131,50.9211,-1078.57,362.899
8303,109,132,31.469,1184.37,378.032
8304,109,133,20.928,2414.14,392.792
8305,110,114,435.92,-43595.1,84.1984
8306,110,115,28.0514,1814.25,98.3984
8307,110,116,-160.629,22883.5,113.106
8308,110,117,-199.526,27240,126.371
8309,110,118,-157.857,22559.2,140.553
8310,110,119,205.895,-18423.5,161.138
8311,110,120,89.6818,-5291.43,176.487
8312,110,121,37.1021,667.608,191.274
8313,110,122,-0.713187,4965.95,205.942
8314,110,123,-29.4738,8244.66,219.518
8315,110,124,-24.5614,7683.01,233.883
8316,110,125,101.566,-6779.59,253.233
8317,110,126,54.2578,-1339.17,268.593
8318,110,127,21.567,2431.18,283.63
8319,110,128,-9.54702,6030.03,298.72
8320,110,129,-27.9937,8169.85,313.467
8321,110,130,-28.8179,8265.73,327.916
8322,110,131,45.274,-378.322,348.237
8323,110,132,24.6213,2038.03,363.362
8324,110,133,13.7726,3310.95,378.134
8325,111,115,-159.42,23123.5,84.7681
8326,111,116,-348.503,44363.8,98.4013
8327,111,117,-344.836,43950.6,112.723
8328,111,118,-256.421,33959.8,126.078
8329,111,119,210.067,-18908.8,146.472
8330,111,120,69.777,-2962.56,161.83
8331,111,121,11.2564,3708.79,176.655
8332,111,122,-28.5538,8260.42,191.353
8333,111,123,-57.456,11574.5,205.95
8334,111,124,-47.8444,10469.2,219.388
8335,111,125,98.2043,-6375.08,238.621
8336,111,126,45.4029,-267.724,253.973
8337,111,127,9.90784,3849.71,269.008
8338,111,128,-23.3678,7720.77,284.075
8339,111,129,-42.3014,9929.69,298.819
8340,111,130,-41.7773,9868.37,313.311
8341,111,131,40.6052,202.162,333.547
8342,111,132,18.4995,2803.27,348.674
8343,111,133,7.23972,4131.92,363.465
8344,112,116,-867.14,103834,83.7058
8345,112,117,-689.371,83687.1,97.1425
8346,112,118,-477.257,59576.8,111.847
8347,112,119,161.062,-13191.6,131.65
8348,112,120,0.486667,5167.5,146.947
8349,112,121,-55.88,11630.9,161.775
8350,112,122,-90.7218,15637.7,176.472
8351,112,123,-114.08,18331.6,191.064
8352,112,124,-94.278,16041.2,205.581
8353,112,125,79.2681,-4090.12,223.88
8354,112,126,21.9514,2577.73,239.183
8355,112,127,-15.0491,6894.46,254.185
8356,112,128,-49.3034,10902.2,269.197
8357,112,129,-67.459,13032.5,283.919
8358,112,130,-64.2316,12652.7,298.449
8359,112,131,28.6346,1694.5,318.728
8360,112,132,5.56364,4424.56,333.835
8361,112,133,-5.54376,5742.64,348.633
8362,113,117,-1264.56,150217,81.8959
8363,113,118,-790.011,95960.5,96.4843
8364,113,119,120.043,-8392.37,117.737
8365,113,120,-70.4214,13511,132.028
8366,113,121,-123.557,19639.3,146.903
8367,113,122,-151.832,22909.7,161.644
8368,113,123,-168.325,24823,176.276
8369,113,124,-136.183,21083.7,190.895
8370,113,125,70.5099,-3030.37,210.128
8371,113,126,6.25626,4487.31,224.426
8372,113,127,-33.585,9162.01,239.433
8373,113,128,-69.8041,13423.8,254.431
8374,113,129,-87.6838,15533.6,269.163
8375,113,130,-81.8506,14843.3,283.747
8376,113,131,22.6456,2443.12,303.946
8377,113,132,-2.13353,5391.84,319.063
8378,113,133,-13.5657,6756.08,333.888
8379,114,118,157.02,-14526.5,62.5784
8380,114,119,1054.75,-118065,95.8534
8381,114,120,542.807,-58849.9,113.208
8382,114,121,323.081,-33361.7,127.428
8383,114,122,189.27,-17795,142.287
8384,114,123,101.257,-7526.85,156.927
8385,114,124,90.2291,-6236.59,171.083
8386,114,125,293.635,-30102.9,189.979
8387,114,126,185.169,-17340.1,205.967
8388,114,127,114.077,-8951.24,220.314
8389,114,128,53.3407,-1764.07,235.637
8390,114,129,17.8329,2449.52,250.461
8391,114,130,11.9387,3150.93,264.849
8392,114,131,117.625,-9460.91,284.807
8393,114,132,80.2393,-4987.14,300.163
8394,114,133,59.4266,-2489.62,315.032
8395,115,119,1453.86,-165027,81.71
8396,115,120,638.234,-70142.2,98.7361
8397,115,121,328.464,-34002.3,114.059
8398,115,122,159.855,-14275,127.95
8399,115,123,58.82,-2420.27,142.592
8400,115,124,54.0739,-1861.82,156.828
8401,115,125,301.036,-31003.4,175.516
8402,115,126,173.259,-15883.1,191.451
8403,115,127,93.0626,-6366.43,206.754
8404,115,128,26.6514,1536.51,221.001
8405,115,129,-10.0321,5914.08,235.787
8406,115,130,-13.18,6290.77,250.21
8407,115,131,107.895,-8238.18,270.139
8408,115,132,67.4365,-3369.72,285.464
8409,115,133,45.7807,-756.586,300.33
8410,116,120,765.98,-85301.3,85.1297
8411,116,121,310.371,-31843.2,99.5443
8412,116,122,98.7571,-6943.3,114.457
8413,116,123,-12.2619,6156.95,128.101
8414,116,124,-2.26667,4974.18,142.432
8415,116,125,305.356,-31530.4,160.967
8416,116,126,153.562,-13466.9,176.841
8417,116,127,63.2818,-2693.46,192.095
8418,116,128,-8.76484,5928.13,207.266
8419,116,129,-45.6295,10351.9,221.019
8420,116,130,-44.4507,10210,235.485
8421,116,131,95.6671,-6697.51,255.408
8422,116,132,51.8877,-1400.21,270.703
8423,116,133,29.5534,1309.7,285.571
8424,117,121,54.58,-1233.54,85.6449
8425,117,122,-142.309,22064.9,99.438
8426,117,123,-216.171,30830,113.983
8427,117,124,-152.7,23276.9,127.418
8428,117,125,256.713,-25579.8,146.239
8429,117,126,84.2885,-4946.25,161.933
8430,117,127,-9.81091,6345.68,177.058
8431,117,128,-81.6832,14994.3,192.081
8432,117,129,-113.001,18773.3,206.75
8433,117,130,-102.029,17445.8,220.253
8434,117,131,64.4479,-2753.48,240.445
8435,117,132,19.0985,2764.02,255.664
8436,117,133,-2.00588,5338.76,270.504
8437,118,122,-679.8,86922.2,84.6996
8438,118,123,-599.12,77294.4,98.178
8439,118,124,-408.1,54435.7,112.872
8440,118,125,167.517,-14638.3,131.335
8441,118,126,-23.4033,8335.74,146.829
8442,118,127,-114.784,19362.4,161.823
8443,118,128,-180.638,27330.7,176.697
8444,118,129,-200.683,29762.8,191.297
8445,118,130,-174.534,26581.3,205.87
8446,118,131,26.0835,2106,225.408
8447,118,132,-20.1971,7767.67,240.56
8448,118,133,-39.0276,10077.5,255.383
8449,119,123,-1282.3,160415,82.2861
8450,119,124,-799.88,102363,96.8867
8451,119,125,52.1357,-446.443,117.341
8452,119,126,-157.669,24939.9,131.685
8453,119,127,-239.52,34871.2,146.599
8454,119,128,-293.598,41450.6,161.383
8455,119,129,-296.749,41835.1,175.974
8456,119,130,-250.231,36144.4,190.671
8457,119,131,-7.1033,6320.73,211.43
8458,119,132,-55.2545,12243.3,225.557
8459,119,133,-71.9214,14298.9,240.396
8460,120,124,179.7,-17798.4,62.7482
8461,120,125,989.194,-116017,94.6406
8462,120,126,451.714,-50623.6,112.687
8463,120,127,197.055,-19555.1,127.232
8464,120,128,33.9433,398.827,142.372
8465,120,129,-35.3467,8898.4,156.854
8466,120,130,-27.8982,7982.24,170.996
8467,120,131,218.695,-22430.9,191.663
8468,120,132,128.398,-11264.2,207.174
8469,120,133,83.1138,-5648.96,221.038
8470,121,125,1301.46,-154634,80.9926
8471,121,126,480.731,-54231.4,98.3627
8472,121,127,145.021,-13051,113.841
8473,121,128,-45.8595,10427.4,127.862
8474,121,129,-112.813,18685,142.309
8475,121,130,-88.3818,15663.7,156.547
8476,121,131,214.044,-21837.1,177.063
8477,121,132,109.472,-8835.36,192.543
8478,121,133,60.133,-2684.43,207.415
8479,122,126,557.5,-63801.9,84.8568
8480,122,127,84.2971,-5440.19,99.33
8481,122,128,-143.771,22764.3,114.286
8482,122,129,-202.986,30106.9,127.752
8483,122,130,-153.087,23902.7,142.12
8484,122,131,222.765,-22953.4,162.371
8485,122,132,97.5945,-7307.13,177.862
8486,122,133,42.0119,-340.766,192.77
8487,123,127,-154.82,24608.9,85.4875
8488,123,128,-379.206,52507.5,99.302
8489,123,129,-388.071,53612.7,113.774
8490,123,130,-279.426,40032.1,127.332
8491,123,131,208.023,-21061.6,147.576
8492,123,132,60.7673,-2556.41,163.039
8493,123,133,1.77455,4876.68,177.966
8494,124,128,-977.28,128264,84.2553
8495,124,129,-789.743,104759,97.8013
8496,124,130,-535.293,72783,112.779
8497,124,131,137.986,-12050.1,132.595
8498,124,132,-26.43,8721.11,147.975
8499,124,133,-79.7818,15479,162.895
8500,125,129,-1403.06,183059,82.3996
8501,125,130,-859.354,114371,97.3596
8502,125,131,98.8786,-7005.26,118.567
8503,125,132,-96.8643,17854.1,132.953
8504,125,133,-146.42,24164.2,147.931
8505,126,130,154.34,-16057.8,65.6879
8506,126,131,1094.09,-135719,96.4756
8507,126,132,558.071,-67287.6,113.902
8508,126,133,332.393,-38400.7,128.18
8509,127,131,1534.76,-192859,82.1077
8510,127,132,673.183,-82290.4,99.3045
8511,127,133,350.136,-40725,114.713
8512,128,132,818.5,-101279,85.5924
8513,128,133,339.331,-39306.1,100.106
8514,129,133,67.18,-3472.78,86.1063
