id,low,hi,m,q,cost
0,0,9,-132.147,9283.73,164.479
1,0,10,-168.787,9393.65,179.664
2,0,11,-168.813,9393.74,194.691
3,0,12,20.9449,8697.96,212.754
4,0,13,-55.853,9005.15,228.489
5,0,14,-82.6348,9121.2,243.647
6,0,15,-97.4858,9190.51,258.672
7,0,16,-0.939845,8707.78,276.107
8,0,17,36.4059,8508.6,291.566
9,0,18,11.7525,8648.3,306.785
10,0,19,-9.00993,8772.88,321.937
11,0,20,20.9299,8583.26,337.431
12,0,21,-11.0971,8796.77,353.152
13,0,22,-22.7325,8878.22,368.131
14,0,23,-35.9025,8974.8,383.151
15,0,24,-1.7209,8712.74,399.691
16,0,25,-19.8395,8857.69,415.062
17,0,26,-26.4818,8913.04,429.925
18,0,27,-34.206,8979.98,444.81
19,0,28,-7.71147,8741.53,461.562
20,0,29,-22.4487,8879.08,477.015
21,0,30,-25.5259,8908.83,491.774
22,0,31,-29.6546,8950.11,506.541
23,0,32,-12.153,8769.26,522.78
24,0,33,-13.9916,8788.88,537.475
25,0,34,-16.3566,8814.89,552.157
26,0,35,-20.1063,8857.39,566.881
27,0,36,-3.71329,8666.14,583.8
28,0,37,-12.2839,8768.98,599.123
29,0,38,-13.7639,8787.24,613.76
30,0,39,-17.5634,8835.36,628.524
31,0,40,-8.7127,8720.3,644.156
32,0,41,-13.1967,8780.09,659.026
33,0,42,-14.5271,8798.27,673.604
34,0,43,-17.0129,8833.08,688.246
35,0,44,-9.31045,8722.67,703.995
36,0,45,-13.2163,8779.96,718.854
37,0,46,-15.4947,8814.13,733.48
38,0,47,-16.6199,8831.39,747.989
39,0,48,-10.0833,8728.98,763.767
40,0,49,-14.0142,8791.88,778.747
41,0,50,-14.9003,8806.35,793.224
42,0,51,-15.2855,8812.77,807.658
43,0,52,-9.06761,8707.06,823.777
44,0,53,-10.6577,8734.63,838.319
45,0,54,-10.2938,8728.2,852.73
46,0,55,-13.0395,8777.62,867.546
47,0,56,-8.85713,8700.94,882.998
48,0,57,-11.6584,8753.23,897.894
49,0,58,-11.3861,8748.06,912.266
50,0,59,-12.2212,8764.2,926.669
51,0,60,-7.12324,8663.94,943.172
52,0,61,-8.44147,8690.31,957.678
53,0,62,-8.54671,8692.45,972.016
54,0,63,-9.26471,8707.29,986.391
55,0,64,-6.11064,8641.05,1001.81
56,0,65,-7.41633,8668.91,1016.32
57,0,66,-8.96395,8702.44,1030.92
58,0,67,-9.20245,8707.69,1045.21
59,0,68,-5.14376,8617.04,1061.88
60,0,69,-6.6832,8651.94,1076.53
61,0,70,-6.62949,8650.7,1090.81
62,0,71,-6.03533,8636.84,1105.14
63,0,72,-2.77335,8559.64,1121.37
64,0,73,-3.57506,8578.88,1135.76
65,0,74,-3.39501,8574.5,1150.02
66,0,75,-3.02334,8565.33,1164.29
67,0,76,0.266101,8483.09,1181.07
68,0,77,-0.693252,8507.4,1195.54
69,0,78,-1.20785,8520.6,1209.85
70,0,79,-1.33693,8523.96,1224.07
71,0,80,2.42616,8424.87,1242.4
72,0,81,1.80602,8441.4,1256.76
73,0,82,1.90773,8438.66,1271
74,0,83,1.57122,8447.85,1285.27
75,0,84,4.68959,8361.58,1302.92
76,0,85,4.17358,8376.03,1317.25
77,0,86,3.26473,8401.78,1331.81
78,0,87,2.88293,8412.72,1346.09
79,0,88,4.13775,8376.33,1360.98
80,0,89,3.19105,8404.1,1375.6
81,0,90,2.62492,8420.9,1389.95
82,0,91,2.78773,8416.01,1404.15
83,0,92,4.17984,8373.79,1419.36
84,0,93,3.81238,8385.06,1433.62
85,0,94,3.41507,8397.37,1447.88
86,0,95,2.91383,8413.08,1462.2
87,0,96,4.68578,8356.97,1478.37
88,0,97,4.13475,8374.6,1492.73
89,0,98,4.37318,8366.89,1506.93
90,0,99,4.26407,8370.45,1521.08
91,0,100,5.65093,8324.69,1536.7
92,0,101,4.96942,8347.4,1551.21
93,0,102,5.07243,8343.94,1565.35
94,0,103,4.65533,8358.12,1579.62
95,0,104,5.91566,8314.85,1595.2
96,0,105,5.39063,8333.05,1609.58
97,0,106,4.75746,8355.21,1624.09
98,0,107,4.08415,8379,1638.67
99,0,108,5.05002,8344.55,1653.78
100,0,109,4.60165,8360.69,1668.11
101,0,110,4.0819,8379.58,1682.52
102,0,111,3.65485,8395.23,1696.83
103,0,112,4.69016,8356.93,1712.28
104,0,113,4.10606,8378.73,1726.81
105,0,114,3.81806,8389.58,1741.01
106,1,10,80.8097,7646.47,161.876
107,1,11,35.3978,7828.12,176.855
108,1,12,222.747,7016.27,194.255
109,1,13,103.088,7574.68,210.533
110,1,14,49.774,7841.25,225.822
111,1,15,15.2883,8025.17,240.899
112,1,16,109.806,7489.58,257.843
113,1,17,138.516,7317.31,272.953
114,1,18,99.7779,7562.65,288.361
115,1,19,67.5642,7777.41,303.671
116,1,20,92.8406,7600.48,318.835
117,1,21,50.9148,7907.93,334.952
118,1,22,32.5841,8048.47,350.007
119,1,23,13.4588,8201.47,365.14
120,1,24,46.3754,7927.17,381.352
121,1,25,22.9596,8130.1,396.953
122,1,26,12.5142,8224.11,411.85
123,1,27,1.32918,8328.51,426.795
124,1,28,27.178,8078.63,443.261
125,1,29,9.01816,8260.23,458.943
126,1,30,3.63807,8315.83,473.693
127,1,31,-2.63858,8382.78,488.475
128,1,32,14.2684,8196.8,504.468
129,1,33,10.7171,8237.05,519.133
130,1,34,6.75953,8283.22,533.799
131,1,35,1.47463,8346.64,548.546
132,1,36,17.5794,8148.01,565.237
133,1,37,7.39451,8277.02,580.739
134,1,38,4.80096,8310.74,595.35
135,1,39,-0.145453,8376.69,610.154
136,1,40,8.27691,8261.59,625.589
137,1,41,2.7454,8339.03,640.533
138,1,42,0.59253,8369.88,655.087
139,1,43,-2.71218,8418.35,669.745
140,1,44,4.69038,8307.31,685.307
141,1,45,-0.0112854,8379.41,700.244
142,1,46,-2.9629,8425.65,714.887
143,1,47,-4.66929,8452.95,729.375
144,1,48,1.64171,8349.87,744.978
145,1,49,-2.92821,8426.04,760.062
146,1,50,-4.29313,8449.24,774.513
147,1,51,-5.10944,8463.39,788.904
148,1,52,0.956229,8356.23,804.858
149,1,53,-1.07212,8392.74,819.407
150,1,54,-1.04972,8392.33,833.746
151,1,55,-4.23147,8451.72,848.639
152,1,56,-0.214287,8375.4,863.938
153,1,57,-3.41713,8437.32,878.924
154,1,58,-3.41963,8437.37,893.228
155,1,59,-4.55304,8460.03,907.614
156,1,60,0.459231,8358.12,923.976
157,1,61,-1.15082,8391.39,938.494
158,1,62,-1.49464,8398.61,952.78
159,1,63,-2.45931,8419.19,967.135
160,1,64,0.580654,8353.33,982.41
161,1,65,-0.971092,8387.47,996.941
162,1,66,-2.76093,8427.44,1011.58
163,1,67,-3.19171,8437.2,1025.83
164,1,68,0.809564,8345.17,1042.38
165,1,69,-0.947054,8386.16,1057.08
166,1,70,-1.0557,8388.73,1071.3
167,1,71,-0.601815,8377.84,1085.54
168,1,72,2.59984,8299.93,1101.66
169,1,73,1.62896,8323.88,1116.05
170,1,74,1.67323,8322.77,1130.24
171,1,75,1.91966,8316.53,1144.43
172,1,76,5.16558,8233.22,1161.1
173,1,77,4.05405,8262.12,1175.59
174,1,78,3.40453,8279.22,1189.88
175,1,79,3.15542,8285.87,1204.06
176,1,80,6.90027,8184.75,1222.33
177,1,81,6.15435,8205.14,1236.69
178,1,82,6.15248,8205.19,1250.86
179,1,83,5.70558,8217.71,1265.1
180,1,84,8.79977,8130.04,1282.67
181,1,85,8.1749,8147.95,1297
182,1,86,7.15186,8177.62,1311.58
183,1,87,6.67193,8191.7,1325.84
184,1,88,7.86915,8156.18,1340.63
185,1,89,6.81732,8187.74,1355.28
186,1,90,6.15803,8207.73,1369.64
187,1,91,6.24676,8205.01,1383.78
188,1,92,7.59394,8163.25,1398.88
189,1,93,7.14516,8177.31,1413.11
190,1,94,6.66849,8192.41,1427.36
191,1,95,6.0882,8210.98,1441.68
192,1,96,7.83094,8154.63,1457.76
193,1,97,7.20369,8175.12,1472.13
194,1,98,7.38436,8169.16,1486.25
195,1,99,7.21221,8174.89,1500.36
196,1,100,8.56784,8129.25,1515.88
197,1,101,7.81508,8154.85,1530.42
198,1,102,7.86431,8153.16,1544.5
199,1,103,7.3849,8169.78,1558.77
200,1,104,8.61697,8126.66,1574.25
201,1,105,8.03049,8147.38,1588.65
202,1,106,7.33557,8172.16,1603.2
203,1,107,6.60148,8198.59,1617.82
204,1,108,7.53863,8164.54,1632.83
205,1,109,7.03636,8182.96,1647.17
206,1,110,6.46289,8204.18,1661.6
207,1,111,5.98525,8222.01,1675.92
208,1,112,6.99743,8183.88,1691.28
209,1,113,6.36216,8208.02,1705.85
210,1,114,6.02953,8220.77,1720.03
211,2,11,-65.8634,8638.21,161.468
212,2,12,173.96,7439.09,179.117
213,2,13,42.4888,8140.27,195.218
214,2,14,-9.7039,8436.03,210.446
215,2,15,-40.6193,8621.52,225.479
216,2,16,73.9548,7895.89,242.639
217,2,17,110.735,7650.68,257.858
218,2,18,70.7081,7930.87,273.203
219,2,19,38.145,8169.67,288.446
220,2,20,69.1788,7931.74,303.721
221,2,21,25.4266,8281.76,319.687
222,2,22,7.77761,8428.84,334.689
223,2,23,-10.8312,8590.11,349.747
224,2,24,27.0599,8249.09,366.122
225,2,25,3.30241,8470.83,381.615
226,2,26,-6.40609,8564.68,396.47
227,2,27,-16.9961,8670.58,411.357
228,2,28,12.1248,8369.66,427.986
229,2,29,-6.25687,8565.73,443.558
230,2,30,-10.9545,8617.41,458.284
231,2,31,-16.6768,8682.26,473.028
232,2,32,2.22662,8461.72,489.155
233,2,33,-0.794041,8497.97,503.806
234,2,34,-4.29378,8541.13,518.449
235,2,35,-9.23936,8603.78,533.156
236,2,36,8.39792,8374.49,549.99
237,2,37,-1.84272,8511.03,565.404
238,2,38,-4.07716,8541.57,579.998
239,2,39,-8.81664,8607.92,594.757
240,2,40,0.482317,8474.64,610.287
241,2,41,-4.93604,8554.11,625.176
242,2,42,-6.81922,8582.35,639.711
243,2,43,-9.92836,8630.03,654.332
244,2,44,-1.84585,8503.4,669.99
245,2,45,-6.46413,8577.29,684.87
246,2,46,-9.26014,8622.96,699.476
247,2,47,-10.7669,8648.08,713.942
248,2,48,-3.9279,8531.81,729.641
249,2,49,-8.45616,8610.3,744.66
250,2,50,-9.65117,8631.41,759.091
251,2,51,-10.2858,8642.84,773.469
252,2,52,-3.77927,8523.55,789.526
253,2,53,-5.7035,8559.47,804.044
254,2,54,-5.50548,8555.71,818.385
255,2,55,-8.64005,8616.31,833.222
256,2,56,-4.31648,8531.28,848.597
257,2,57,-7.4872,8594.69,863.525
258,2,58,-7.34698,8591.84,877.829
259,2,59,-8.38405,8613.27,892.193
260,2,60,-3.072,8501.72,908.659
261,2,61,-4.61802,8534.7,923.145
262,2,62,-4.85943,8539.93,937.425
263,2,63,-5.74667,8559.45,951.759
264,2,64,-2.50584,8487.08,967.103
265,2,65,-4.00963,8521.16,981.6
266,2,66,-5.76104,8561.44,996.202
267,2,67,-6.11397,8569.68,1010.44
268,2,68,-1.90602,8470.09,1027.09
269,2,69,-3.63443,8511.57,1041.75
270,2,70,-3.66833,8512.4,1055.96
271,2,71,-3.12683,8499.04,1070.22
272,2,72,0.236141,8414.97,1086.41
273,2,73,-0.696054,8438.58,1100.78
274,2,74,-0.586869,8435.78,1114.97
275,2,75,-0.272701,8427.61,1129.17
276,2,76,3.11825,8338.32,1145.93
277,2,77,2.03134,8367.3,1160.39
278,2,78,1.41749,8383.87,1174.66
279,2,79,1.21294,8389.46,1188.83
280,2,80,5.10178,8281.87,1207.21
281,2,81,4.38217,8302.02,1221.55
282,2,82,4.42401,8300.84,1235.73
283,2,83,4.00837,8312.75,1249.95
284,2,84,7.21801,8219.67,1267.61
285,2,85,6.61592,8237.33,1281.92
286,2,86,5.6055,8267.31,1296.48
287,2,87,5.15036,8280.96,1310.72
288,2,88,6.41009,8242.75,1325.54
289,2,89,5.36751,8274.72,1340.17
290,2,90,4.72598,8294.61,1354.51
291,2,91,4.84852,8290.77,1368.65
292,2,92,6.25603,8246.2,1383.79
293,2,93,5.82658,8259.94,1398.01
294,2,94,5.36802,8274.77,1412.25
295,2,95,4.80305,8293.23,1426.54
296,2,96,6.60953,8233.61,1442.68
297,2,97,5.99466,8254.11,1457.03
298,2,98,6.20398,8247.06,1471.16
299,2,99,6.05241,8252.21,1485.27
300,2,100,7.45886,8203.93,1500.83
301,2,101,6.71322,8229.77,1515.35
302,2,102,6.78525,8227.25,1529.43
303,2,103,6.3176,8243.78,1543.69
304,2,104,7.59432,8198.24,1559.21
305,2,105,7.01622,8219.05,1573.59
306,2,106,6.32738,8244.08,1588.11
307,2,107,5.59847,8270.81,1602.7
308,2,108,6.57188,8234.79,1617.76
309,2,109,6.07821,8253.22,1632.07
310,2,110,5.5118,8274.56,1646.48
311,2,111,5.04277,8292.38,1660.78
312,2,112,6.09017,8252.23,1676.18
313,2,113,5.45975,8276.61,1690.73
314,2,114,5.13721,8289.18,1704.89
315,3,12,114.321,7975.84,163.891
316,3,13,-30.2106,8843.03,179.842
317,3,14,-78.9855,9151.94,195.036
318,3,15,-103.998,9318.69,210.054
319,3,16,35.9976,8338.72,227.43
320,3,17,82.7433,7995.92,242.761
321,3,18,41.2115,8314.33,258.068
322,3,19,8.28766,8577.72,273.267
323,3,20,46.0872,8262.72,288.654
324,3,21,0.160153,8660.76,304.497
325,3,22,-16.7271,8812.74,319.468
326,3,23,-34.7744,8981.18,334.474
327,3,24,8.738,8560.56,350.997
328,3,25,-15.4921,8802.87,366.406
329,3,26,-24.4435,8895.36,381.239
330,3,27,-34.4377,9001.97,396.09
331,3,28,-1.73501,8642.24,412.861
332,3,29,-20.4517,8854.36,428.344
333,3,30,-24.471,8901.25,443.063
334,3,31,-29.6557,8963.47,457.787
335,3,32,-8.6268,8704.11,474.033
336,3,33,-11.1421,8735.97,488.684
337,3,34,-14.2138,8775.91,503.321
338,3,35,-18.8579,8837.83,518.005
339,3,36,0.382629,8574.87,534.954
340,3,37,-9.98518,8720.02,550.3
341,3,38,-11.8914,8747.34,564.892
342,3,39,-16.4647,8814.42,579.623
343,3,40,-6.27376,8661.56,595.235
344,3,41,-11.6235,8743.59,610.086
345,3,42,-13.2665,8769.33,624.616
346,3,43,-16.2128,8816.47,639.215
347,3,44,-7.44614,8673.28,654.956
348,3,45,-12.0187,8749.49,669.797
349,3,46,-14.6894,8794.89,684.381
350,3,47,-16.0218,8817.98,698.838
351,3,48,-8.65697,8687.87,714.617
352,3,49,-13.1767,8769.23,729.587
353,3,50,-14.2248,8788.44,744.012
354,3,51,-14.6987,8797.29,758.389
355,3,52,-7.75535,8665.36,774.529
356,3,53,-9.59911,8701.01,789.03
357,3,54,-9.24365,8694.02,803.381
358,3,55,-12.3554,8756.26,818.178
359,3,56,-7.73412,8662.29,833.617
360,3,57,-10.8959,8727.63,848.502
361,3,58,-10.6289,8722.03,862.815
362,3,59,-11.5872,8742.47,877.167
363,3,60,-5.98153,8621.01,893.714
364,3,61,-7.48133,8654.01,908.182
365,3,62,-7.63534,8657.45,922.464
366,3,63,-8.46066,8676.16,936.788
367,3,64,-5.02774,8597.2,952.189
368,3,65,-6.49921,8631.53,966.665
369,3,66,-8.22755,8672.44,981.239
370,3,67,-8.51544,8679.35,995.474
371,3,68,-4.10721,8572.08,1012.19
372,3,69,-5.82151,8614.36,1026.83
373,3,70,-5.79208,8613.63,1041.05
374,3,71,-5.17333,8597.95,1055.32
375,3,72,-1.6558,8507.67,1071.57
376,3,73,-2.56096,8531.2,1085.93
377,3,74,-2.39694,8526.89,1100.13
378,3,75,-2.02457,8516.96,1114.34
379,3,76,1.50537,8421.65,1131.16
380,3,77,0.432495,8450.97,1145.61
381,3,78,-0.15544,8467.24,1159.87
382,3,79,-0.324447,8471.97,1174.04
383,3,80,3.70352,8357.85,1192.48
384,3,81,3.0011,8377.98,1206.81
385,3,82,3.07851,8375.74,1221
386,3,83,2.68583,8387.26,1235.21
387,3,84,6.00601,8288.76,1252.93
388,3,85,5.41862,8306.38,1267.23
389,3,86,4.41265,8336.89,1281.77
390,3,87,3.97487,8350.32,1296.02
391,3,88,5.29123,8309.51,1310.86
392,3,89,4.25041,8342.12,1325.47
393,3,90,3.61968,8362.1,1339.8
394,3,91,3.76983,8357.29,1353.95
395,3,92,5.2326,8310,1369.12
396,3,93,4.8162,8323.6,1383.34
397,3,94,4.36963,8338.33,1397.57
398,3,95,3.81398,8356.86,1411.86
399,3,96,5.67995,8294.04,1428.03
400,3,97,5.0717,8314.72,1442.37
401,3,98,5.30461,8306.72,1456.51
402,3,99,5.16846,8311.44,1470.62
403,3,100,6.62165,8260.58,1486.22
404,3,101,5.87786,8286.86,1500.72
405,3,102,5.96804,8283.64,1514.81
406,3,103,5.50731,8300.23,1529.06
407,3,104,6.82495,8252.35,1544.62
408,3,105,6.25057,8273.41,1558.98
409,3,106,5.56321,8298.85,1573.48
410,3,107,4.83497,8326.03,1588.06
411,3,108,5.84115,8288.13,1603.14
412,3,109,5.35191,8306.73,1617.44
413,3,110,4.78846,8328.32,1631.84
414,3,111,4.32409,8346.28,1646.13
415,3,112,5.4036,8304.18,1661.56
416,3,113,4.7742,8328.94,1676.09
417,3,114,4.45814,8341.47,1690.25
418,4,13,-112.392,9664.85,164.44
419,4,14,-155.093,9963.76,179.641
420,4,15,-171.59,10084.7,194.683
421,4,16,0.342232,8766.58,212.238
422,4,17,58.8594,8298.45,227.679
423,4,18,14.9746,8664.15,242.98
424,4,19,-18.7851,8956.74,258.168
425,4,20,26.6465,8547.85,273.658
426,4,21,-22.2235,9003.97,289.415
427,4,22,-38.5322,9161.62,304.383
428,4,23,-56.2037,9338.34,319.366
429,4,24,-6.50638,8824.8,336.002
430,4,25,-31.5534,9091.97,351.358
431,4,26,-39.8865,9183.63,366.193
432,4,27,-49.4266,9291.75,381.033
433,4,28,-12.9086,8865.71,397.904
434,4,29,-32.2055,9097.27,413.329
435,4,30,-35.6519,9139.78,428.059
436,4,31,-40.4083,9200.03,442.785
437,4,32,-17.1876,8898.16,459.117
438,4,33,-19.2999,8926.32,473.784
439,4,34,-22.0435,8963.82,488.431
440,4,35,-26.4885,9026.05,503.113
441,4,36,-5.61935,8726.92,520.132
442,4,37,-16.244,8882.75,535.435
443,4,38,-17.9015,8907.61,550.039
444,4,39,-22.3949,8976.51,564.761
445,4,40,-11.3326,8803.2,580.434
446,4,41,-16.6977,8889.04,595.268
447,4,42,-18.1647,8913.01,609.806
448,4,43,-21.0134,8960.48,624.402
449,4,44,-11.5849,8800.2,640.201
450,4,45,-16.1782,8879.82,655.022
451,4,46,-18.7796,8925.77,669.601
452,4,47,-19.9867,8947.5,684.063
453,4,48,-12.1183,8803.25,699.898
454,4,49,-16.684,8888.48,714.839
455,4,50,-17.6275,8906.4,729.27
456,4,51,-17.9793,8913.2,743.658
457,4,52,-10.6187,8768.44,759.85
458,4,53,-12.4217,8804.5,774.348
459,4,54,-11.9416,8794.74,788.718
460,4,55,-15.0693,8859.38,803.492
461,4,56,-10.1712,8756.52,818.976
462,4,57,-13.3597,8824.54,833.837
463,4,58,-12.9935,8816.61,848.166
464,4,59,-13.9016,8836.59,862.519
465,4,60,-8.01799,8705.19,879.111
466,4,61,-9.49928,8738.76,893.575
467,4,62,-9.59011,8740.85,907.868
468,4,63,-10.3778,8759.23,922.194
469,4,64,-6.76945,8673.83,937.633
470,4,65,-8.2322,8708.94,952.102
471,4,66,-9.9604,8750.99,966.663
472,4,67,-10.2031,8756.98,980.906
473,4,68,-5.60733,8642.08,997.666
474,4,69,-7.32812,8685.68,1012.28
475,4,70,-7.25284,8683.75,1026.52
476,4,71,-6.57293,8666.07,1040.8
477,4,72,-2.91287,8569.69,1057.1
478,4,73,-3.80798,8593.56,1071.45
479,4,74,-3.60421,8588.05,1085.66
480,4,75,-3.18796,8576.68,1099.89
481,4,76,0.470566,8475.46,1116.73
482,4,77,-0.603342,8505.53,1131.18
483,4,78,-1.17933,8521.85,1145.44
484,4,79,-1.32584,8526.05,1159.62
485,4,80,2.83276,8405.45,1178.08
486,4,81,2.13465,8425.92,1192.41
487,4,82,2.23596,8422.92,1206.61
488,4,83,1.85453,8434.36,1220.83
489,4,84,5.27721,8330.54,1238.56
490,4,85,4.69327,8348.45,1252.87
491,4,86,3.68053,8379.84,1267.4
492,4,87,3.24977,8393.34,1281.65
493,4,88,4.61416,8350.13,1296.52
494,4,89,3.56488,8383.71,1311.12
495,4,90,2.93542,8404.06,1325.44
496,4,91,3.10453,8398.54,1339.6
497,4,92,4.61511,8348.69,1354.8
498,4,93,4.20319,8362.42,1369.02
499,4,94,3.76028,8377.33,1383.25
500,4,95,3.2058,8396.19,1397.54
501,4,96,5.12497,8330.29,1413.73
502,4,97,4.51559,8351.42,1428.07
503,4,98,4.76511,8342.69,1442.22
504,4,99,4.63736,8347.2,1456.33
505,4,100,6.13147,8293.91,1471.95
506,4,101,5.3825,8320.87,1486.45
507,4,102,5.4845,8317.17,1500.55
508,4,103,5.02423,8334.04,1514.79
509,4,104,6.37753,8283.97,1530.37
510,4,105,5.80066,8305.51,1544.73
511,4,106,5.10869,8331.57,1559.23
512,4,107,4.37518,8359.44,1573.79
513,4,108,5.40929,8319.8,1588.89
514,4,109,4.91897,8338.76,1603.19
515,4,110,4.35308,8360.83,1617.58
516,4,111,3.88817,8379.12,1631.87
517,4,112,4.99549,8335.2,1647.32
518,4,113,4.36206,8360.53,1661.84
519,4,114,4.04774,8373.21,1676
520,5,14,123.881,6895.04,161.058
521,5,15,53.662,7456.79,176.128
522,5,16,216.708,6098.07,193.003
523,5,17,250.941,5801.39,207.924
524,5,18,173.347,6499.74,223.592
525,5,19,113.969,7053.93,239.044
526,5,20,148.486,6720.27,254.059
527,5,21,79.5321,7409.8,270.439
528,5,22,50.1052,7713.88,285.503
529,5,23,21.2433,8021.74,300.624
530,5,24,68.1656,7505.6,316.839
531,5,25,33.6215,7897.09,332.514
532,5,26,18.6059,8072.28,347.374
533,5,27,3.14991,8257.75,362.272
534,5,28,38.3297,7823.87,378.795
535,5,29,13.39,8139.77,394.524
536,5,30,6.17114,8233.61,409.221
537,5,31,-2.03561,8343.04,423.945
538,5,32,20.1028,8040.48,439.973
539,5,33,15.2731,8108.09,454.585
540,5,34,10.0418,8183.08,469.195
541,5,35,3.23997,8282.84,483.888
542,5,36,23.5554,7978.1,500.649
543,5,37,10.5187,8178,516.187
544,5,38,7.18942,8230.16,530.741
545,5,39,1.00543,8329.1,545.501
546,5,40,11.3823,8159.61,560.929
547,5,41,4.49939,8274.33,575.85
548,5,42,1.83954,8319.55,590.342
549,5,43,-2.18111,8389.24,604.943
550,5,44,6.77716,8230.98,620.516
551,5,45,1.06412,8333.81,635.428
552,5,46,-2.48219,8398.83,650.017
553,5,47,-4.50345,8436.56,664.436
554,5,48,3.01881,8293.63,680.062
555,5,49,-2.4226,8398.83,695.132
556,5,50,-4.02714,8430.39,709.515
557,5,51,-4.97268,8449.3,723.833
558,5,52,2.15268,8304.42,739.838
559,5,53,-0.245168,8353.97,754.334
560,5,54,-0.232934,8353.72,768.6
561,5,55,-3.94246,8432.85,783.466
562,5,56,0.716085,8331.92,798.766
563,5,57,-3.00366,8413.75,813.736
564,5,58,-3.00739,8413.84,827.968
565,5,59,-4.31162,8443.4,842.288
566,5,60,1.43958,8311.12,858.73
567,5,61,-0.425526,8354.64,873.2
568,5,62,-0.832375,8364.27,887.417
569,5,63,-1.94362,8390.94,901.709
570,5,64,1.50385,8307.05,916.981
571,5,65,-0.278113,8351.01,931.469
572,5,66,-2.31864,8402.02,946.076
573,5,67,-2.81168,8414.51,960.255
574,5,68,1.69675,8298.79,976.892
575,5,69,-0.301724,8350.75,991.568
576,5,70,-0.43708,8354.32,1005.72
577,5,71,0.0596721,8341.07,1019.89
578,5,72,3.6323,8244.61,1036.05
579,5,73,2.52153,8274.97,1050.4
580,5,74,2.55028,8274.18,1064.52
581,5,75,2.80489,8267.05,1078.64
582,5,76,6.39857,8165.22,1095.39
583,5,77,5.13283,8201.51,1109.85
584,5,78,4.38624,8223.16,1124.08
585,5,79,4.08741,8231.93,1138.2
586,5,80,8.213,8109.53,1156.63
587,5,81,7.35701,8135.21,1170.95
588,5,82,7.32701,8136.12,1185.06
589,5,83,6.80703,8152.07,1199.24
590,5,84,10.1915,8047.15,1216.92
591,5,85,9.47177,8069.7,1231.21
592,5,86,8.31778,8106.25,1245.78
593,5,87,7.7649,8123.94,1260
594,5,88,9.05427,8082.25,1274.73
595,5,89,7.87583,8120.74,1289.38
596,5,90,7.13147,8145.31,1303.7
597,5,91,7.20801,8142.76,1317.78
598,5,92,8.65967,8093.88,1332.85
599,5,93,8.1476,8111.29,1347.04
600,5,94,7.60719,8129.85,1361.25
601,5,95,6.95597,8152.42,1375.53
602,5,96,8.83534,8086.65,1391.63
603,5,97,8.13306,8111.46,1405.98
604,5,98,8.31092,8105.12,1420.03
605,5,99,8.10584,8112.5,1434.09
606,5,100,9.55881,8059.71,1449.6
607,5,101,8.72374,8090.33,1464.14
608,5,102,8.75963,8089,1478.15
609,5,103,8.2239,8109,1492.39
610,5,104,9.54027,8059.42,1507.86
611,5,105,8.88935,8084.15,1522.24
612,5,106,8.12324,8113.52,1536.78
613,5,107,7.31696,8144.7,1551.4
614,5,108,8.31438,8105.8,1566.38
615,5,109,7.75939,8127.63,1580.69
616,5,110,7.12923,8152.62,1595.11
617,5,111,6.60374,8173.64,1609.4
618,5,112,7.68128,8130.18,1624.75
619,5,113,6.98695,8158.42,1639.32
620,5,114,6.61918,8173.5,1653.46
621,6,15,-83.3652,9101.12,160.296
622,6,16,134.24,7142.67,177.642
623,6,17,187.923,6641.63,192.707
624,6,18,108.086,7413.39,208.191
625,6,19,49.5491,7998.75,223.464
626,6,20,97.2568,7505.77,238.648
627,6,21,26.0879,8264.91,254.74
628,6,22,-0.513489,8557.53,269.667
629,6,23,-26.958,8857.23,284.624
630,6,24,29.9773,8192.98,301.16
631,6,25,-4.2023,8603.14,316.632
632,6,26,-17.0457,8761.54,331.389
633,6,27,-30.6658,8934.06,346.163
634,6,28,10.5136,8398.73,363.002
635,6,29,-14.1864,8728.06,378.543
636,6,30,-19.7766,8804.46,393.171
637,6,31,-26.6187,8900.25,407.808
638,6,32,-1.01938,8533.33,424.079
639,6,33,-4.68535,8587.1,438.639
640,6,34,-8.90105,8650.33,453.186
641,6,35,-14.8934,8742.22,467.792
642,6,36,7.90254,8385.08,484.824
643,6,37,-4.97065,8591.05,500.215
644,6,38,-7.56294,8633.39,514.72
645,6,39,-13.2429,8728.06,529.391
646,6,40,-1.45888,8527.73,544.972
647,6,41,-8.01077,8641.29,559.791
648,6,42,-10.1382,8678.88,574.232
649,6,43,-13.74,8743.71,588.758
650,6,44,-3.7296,8560.19,604.49
651,6,45,-9.20295,8662.36,619.302
652,6,46,-12.4214,8723.51,633.817
653,6,47,-14.0656,8755.3,648.183
654,6,48,-5.74875,8591.73,663.967
655,6,49,-11.039,8697.53,678.929
656,6,50,-12.3319,8723.82,693.265
657,6,51,-12.9575,8736.75,707.546
658,6,52,-5.18911,8573.62,723.726
659,6,53,-7.38095,8620.38,738.16
660,6,54,-7.07696,8613.79,752.411
661,6,55,-10.6611,8692.64,767.184
662,6,56,-5.5564,8578.64,782.603
663,6,57,-9.17797,8660.72,797.479
664,6,58,-8.94884,8655.45,811.695
665,6,59,-10.0813,8681.88,825.965
666,6,60,-3.91118,8535.85,842.59
667,6,61,-5.6518,8577.63,856.999
668,6,62,-5.88955,8583.41,871.19
669,6,63,-6.86473,8607.47,885.436
670,6,64,-3.13358,8514.19,900.816
671,6,65,-4.82035,8556.92,915.241
672,6,66,-6.77886,8607.19,929.777
673,6,67,-7.14392,8616.68,943.923
674,6,68,-2.35483,8490.57,960.736
675,6,69,-4.28915,8542.15,975.343
676,6,70,-4.30598,8542.6,989.476
677,6,71,-3.67694,8525.41,1003.65
678,6,72,0.113876,8420.53,1019.95
679,6,73,-0.926076,8449.65,1034.25
680,6,74,-0.796566,8445.98,1048.36
681,6,75,-0.439062,8435.73,1062.47
682,6,76,3.34723,8325.93,1079.38
683,6,77,2.13109,8361.6,1093.79
684,6,78,1.44629,8381.92,1107.98
685,6,79,1.21884,8388.74,1122.08
686,6,80,5.53094,8257.94,1140.71
687,6,81,4.723,8282.72,1154.99
688,6,82,4.76064,8281.55,1169.09
689,6,83,4.29313,8296.2,1183.24
690,6,84,7.8269,8184.3,1201.08
691,6,85,7.14832,8206.01,1215.33
692,6,86,6.02321,8242.39,1229.86
693,6,87,5.5128,8259.06,1244.04
694,6,88,6.88751,8213.7,1258.83
695,6,89,5.7326,8252.2,1273.43
696,6,90,5.02116,8276.15,1287.71
697,6,91,5.14855,8271.82,1301.78
698,6,92,6.68093,8219.2,1316.91
699,6,93,6.20219,8235.8,1331.08
700,6,94,5.69335,8253.61,1345.25
701,6,95,5.0702,8275.63,1359.49
702,6,96,7.03231,8205.65,1375.7
703,6,97,6.35397,8230.07,1390
704,6,98,6.57391,8222.07,1404.06
705,6,99,6.40143,8228.4,1418.09
706,6,100,7.92087,8172.18,1433.68
707,6,101,7.10252,8202.73,1448.17
708,6,102,7.17258,8200.09,1462.18
709,6,103,6.6583,8219.64,1476.39
710,6,104,8.03289,8166.94,1491.93
711,6,105,7.3991,8191.45,1506.27
712,6,106,6.64734,8220.77,1520.76
713,6,107,5.85418,8251.97,1535.33
714,6,108,6.89937,8210.51,1550.38
715,6,109,6.36092,8232.04,1564.65
716,6,110,5.7454,8256.87,1579.03
717,6,111,5.2361,8277.58,1593.28
718,6,112,6.35934,8231.53,1608.7
719,6,113,5.67664,8259.75,1623.22
720,6,114,5.32616,8274.35,1637.33
721,7,16,80.922,7835.8,162.562
722,7,17,154.06,7104.43,177.765
723,7,18,66.5606,8008.58,193.195
724,7,19,5.40667,8660.89,208.41
725,7,20,66.2358,7991.77,223.733
726,7,21,-10.2862,8859.02,239.662
727,7,22,-35.6659,9155.12,254.554
728,7,23,-61.086,9460.16,269.449
729,7,24,5.9675,8633.16,286.167
730,7,25,-29.2827,9079.67,301.539
731,7,26,-40.9024,9230.72,316.275
732,7,27,-53.5475,9399.32,331.011
733,7,28,-6.54437,8756.95,348.016
734,7,29,-31.9089,9112.05,363.456
735,7,30,-36.4881,9177.69,378.083
736,7,31,-42.5406,9266.46,392.704
737,7,32,-13.7474,8834.56,409.109
738,7,33,-16.7421,8880.48,423.674
739,7,34,-20.3977,8937.75,438.219
740,7,35,-26.0105,9027.55,452.804
741,7,36,-0.953649,8618.29,469.955
742,7,37,-14.086,8837.16,485.274
743,7,38,-16.2706,8874.3,499.781
744,7,39,-21.7671,8969.57,514.425
745,7,40,-8.78845,8740.29,530.095
746,7,41,-15.2959,8857.42,544.877
747,7,42,-17.1368,8891.17,559.316
748,7,43,-20.555,8954.98,573.824
749,7,44,-9.65903,8747.95,589.643
750,7,45,-15.109,8853.32,604.416
751,7,46,-18.1931,8913.97,618.911
752,7,47,-19.636,8942.83,633.273
753,7,48,-10.6578,8760.27,649.139
754,7,49,-15.9657,8869.97,664.053
755,7,50,-17.0935,8893.65,678.386
756,7,51,-17.5352,8903.08,692.671
757,7,52,-9.23008,8723.13,708.934
758,7,53,-11.3432,8769.62,723.352
759,7,54,-10.8615,8758.86,737.619
760,7,55,-14.4375,8839.92,752.352
761,7,56,-8.97751,8714.34,767.837
762,7,57,-12.6069,8799.03,782.67
763,7,58,-12.2371,8790.27,796.899
764,7,59,-13.2882,8815.5,811.161
765,7,60,-6.7708,8656.91,827.862
766,7,61,-8.47073,8698.84,842.256
767,7,62,-8.61629,8702.48,856.453
768,7,63,-9.53001,8725.63,870.692
769,7,64,-5.5783,8624.2,886.128
770,7,65,-7.23938,8667.39,900.535
771,7,66,-9.18254,8718.56,915.045
772,7,67,-9.48076,8726.51,929.193
773,7,68,-4.4618,8591,946.073
774,7,69,-6.39064,8643.72,960.653
775,7,70,-6.34233,8642.38,974.794
776,7,71,-5.63127,8622.47,988.987
777,7,72,-1.66636,8510.14,1005.35
778,7,73,-2.68421,8539.31,1019.63
779,7,74,-2.49918,8533.95,1033.75
780,7,75,-2.08197,8521.71,1047.88
781,7,76,1.85945,8404.78,1064.84
782,7,77,0.650961,8441.04,1079.23
783,7,78,-0.0117517,8461.14,1093.42
784,7,79,-0.205487,8467.08,1107.52
785,7,80,4.26165,8328.6,1126.2
786,7,81,3.46602,8353.53,1140.47
787,7,82,3.53772,8351.26,1154.59
788,7,83,3.08984,8365.59,1168.74
789,7,84,6.74507,8247.4,1186.61
790,7,85,6.0767,8269.24,1200.87
791,7,86,4.95025,8306.41,1215.37
792,7,87,4.45373,8322.96,1229.56
793,7,88,5.8878,8274.68,1244.37
794,7,89,4.72915,8314.07,1258.95
795,7,90,4.02466,8338.26,1273.23
796,7,91,4.1785,8332.93,1287.31
797,7,92,5.76907,8277.26,1302.47
798,7,93,5.30029,8293.82,1316.63
799,7,94,4.80039,8311.65,1330.8
800,7,95,4.1833,8333.87,1345.04
801,7,96,6.20872,8260.28,1361.27
802,7,97,5.53357,8285.03,1375.57
803,7,98,5.77613,8276.06,1389.64
804,7,99,5.61709,8282,1403.68
805,7,100,7.18555,8222.92,1419.3
806,7,101,6.36545,8254.08,1433.77
807,7,102,6.45233,8250.75,1447.79
808,7,103,5.9423,8270.47,1461.99
809,7,104,7.35955,8215.2,1477.56
810,7,105,6.72656,8240.1,1491.89
811,7,106,5.97321,8269.98,1506.37
812,7,107,5.1777,8301.8,1520.92
813,7,108,6.25665,8258.28,1535.99
814,7,109,5.72022,8280.1,1550.26
815,7,110,5.10518,8305.31,1564.62
816,7,111,4.59838,8326.26,1578.86
817,7,112,5.75485,8278.07,1594.31
818,7,113,5.07068,8306.81,1608.82
819,7,114,4.72494,8321.45,1622.93
820,8,17,106.28,7773.34,162.701
821,8,18,11.5593,8815.27,178.087
822,8,19,-50.62,9519.97,193.257
823,8,20,28.187,8600.55,208.738
824,8,21,-53.8312,9584.77,224.514
825,8,22,-76.7889,9867.92,239.385
826,8,23,-100.246,10165,254.235
827,8,24,-20.6969,9130.9,271.147
828,8,25,-56.901,9613.62,286.431
829,8,26,-66.8367,9749.41,301.161
830,8,27,-78.1529,9907.84,315.874
831,8,28,-24.3299,9136.37,333.041
832,8,29,-50.3835,9518.49,348.395
833,8,30,-53.7544,9569.06,363.032
834,8,31,-58.8724,9647.53,377.649
835,8,32,-26.4691,9139.88,394.181
836,8,33,-28.7156,9175.82,408.761
837,8,34,-31.7551,9225.47,423.313
838,8,35,-36.9576,9312.18,437.89
839,8,36,-9.41768,8844,455.144
840,8,37,-22.8613,9077.02,470.403
841,8,38,-24.6206,9108.1,484.921
842,8,39,-29.9388,9203.83,499.549
843,8,40,-15.6783,8942.39,515.3
844,8,41,-22.1633,9063.44,530.055
845,8,42,-23.7169,9092.96,544.502
846,8,43,-26.9595,9155.65,559
847,8,44,-15.1284,8922.97,574.897
848,8,45,-20.5773,9031.95,589.641
849,8,46,-23.5391,9092.17,604.126
850,8,47,-24.7868,9117.96,618.491
851,8,48,-15.1194,8914.94,634.429
852,8,49,-20.4677,9029.04,649.305
853,8,50,-21.4385,9050.07,663.642
854,8,51,-21.7028,9055.89,677.937
855,8,52,-12.8433,8858.03,694.268
856,8,53,-14.8913,8904.45,708.681
857,8,54,-14.238,8889.42,722.966
858,8,55,-17.8223,8973.06,737.67
859,8,56,-12.0013,8835.29,753.211
860,8,57,-15.655,8922.98,768.012
861,8,58,-15.1511,8910.72,782.257
862,8,59,-16.1306,8934.88,796.519
863,8,60,-9.25998,8763.12,813.279
864,8,61,-10.9307,8805.44,827.665
865,8,62,-10.9921,8807.02,841.872
866,8,63,-11.8536,8829.41,856.112
867,8,64,-7.68168,8719.55,871.594
868,8,65,-9.32752,8763.44,885.99
869,8,66,-11.2658,8815.78,900.482
870,8,67,-11.5045,8822.3,914.637
871,8,68,-6.25462,8677.05,931.567
872,8,69,-8.18784,8731.18,946.129
873,8,70,-8.08094,8728.16,960.281
874,8,71,-7.29333,8705.58,974.494
875,8,72,-3.15528,8585.57,990.894
876,8,73,-4.15886,8615.01,1005.18
877,8,74,-3.92429,8608.05,1019.31
878,8,75,-3.45289,8593.91,1033.46
879,8,76,0.64251,8469.68,1050.45
880,8,77,-0.565737,8506.74,1064.83
881,8,78,-1.21284,8526.8,1079.03
882,8,79,-1.3786,8531.99,1093.13
883,8,80,3.24307,8385.64,1111.83
884,8,81,2.45346,8410.91,1126.11
885,8,82,2.55408,8407.65,1140.23
886,8,83,2.12029,8421.82,1154.39
887,8,84,5.89565,8297.24,1172.28
888,8,85,5.23192,8319.36,1186.54
889,8,86,4.09834,8357.52,1201.03
890,8,87,3.61071,8374.1,1215.22
891,8,88,5.101,8322.94,1230.06
892,8,89,3.93328,8363.42,1244.63
893,8,90,3.231,8388,1258.9
894,8,91,3.40739,8381.77,1272.99
895,8,92,5.05353,8323.05,1288.18
896,8,93,4.59049,8339.72,1302.34
897,8,94,4.09541,8357.71,1316.51
898,8,95,3.48032,8380.26,1330.75
899,8,96,5.56706,8303.05,1347
900,8,97,4.89116,8328.29,1361.3
901,8,98,5.15317,8318.42,1375.38
902,8,99,5.00422,8324.08,1389.42
903,8,100,6.61958,8262.16,1405.06
904,8,101,5.79408,8294.08,1419.53
905,8,102,5.89482,8290.15,1433.56
906,8,103,5.38577,8310.17,1447.75
907,8,104,6.84373,8252.34,1463.35
908,8,105,6.20834,8277.75,1477.67
909,8,106,5.45024,8308.33,1492.14
910,8,107,4.64928,8340.9,1506.68
911,8,108,5.76006,8295.36,1521.77
912,8,109,5.22285,8317.57,1536.03
913,8,110,4.60553,8343.29,1550.39
914,8,111,4.09859,8364.58,1564.63
915,8,112,5.2866,8314.29,1580.1
916,8,113,4.59836,8343.65,1594.59
917,8,114,4.25498,8358.42,1608.7
918,9,18,274.63,4869.21,159.545
919,9,19,153.314,6325,175.136
920,9,20,211.267,5610.25,190.076
921,9,21,88.4641,7165.75,206.636
922,9,22,41.8988,7771.1,221.635
923,9,23,-0.511002,8336.56,236.64
924,9,24,76.515,7283.87,253.061
925,9,25,24.6148,8010.48,268.703
926,9,26,4.5179,8298.53,283.471
927,9,27,-15.5005,8592.14,298.249
928,9,28,37.4395,7798.03,315.02
929,9,29,3.02191,8325.77,330.693
930,9,30,-5.51049,8459.45,345.307
931,9,31,-15.2687,8615.58,359.931
932,9,32,16.2012,8101.57,376.134
933,9,33,10.3614,8198.9,390.675
934,9,34,4.08216,8305.65,405.204
935,9,35,-4.16027,8448.52,419.805
936,9,36,23.0041,7968.61,436.772
937,9,37,6.39738,8267.53,452.278
938,9,38,2.57011,8337.7,466.759
939,9,39,-4.84536,8476.12,481.438
940,9,40,8.73804,8218.04,496.941
941,9,41,0.380283,8379.62,511.794
942,9,42,-2.59084,8438.05,526.208
943,9,43,-7.22592,8530.75,540.723
944,9,44,4.1662,8299.11,556.39
945,9,45,-2.62023,8439.37,571.235
946,9,46,-6.68304,8524.69,585.741
947,9,47,-8.85917,8571.11,600.075
948,9,48,0.495227,8368.43,615.803
949,9,49,-5.87561,8508.59,630.813
950,9,50,-7.58749,8546.82,645.115
951,9,51,-8.50834,8567.69,659.352
952,9,52,0.154087,8368.46,675.492
953,9,53,-2.56254,8431.85,689.915
954,9,54,-2.41694,8428.4,704.111
955,9,55,-6.65676,8530.16,718.913
956,9,56,-1.05849,8393.93,734.273
957,9,57,-5.30791,8498.75,749.19
958,9,58,-5.19778,8496,763.351
959,9,59,-6.606,8531.67,777.591
960,9,60,0.162562,8357.95,794.196
961,9,61,-1.92675,8412.27,808.599
962,9,62,-2.3239,8422.73,822.744
963,9,63,-3.53194,8454.94,836.961
964,9,64,0.491755,8346.3,852.282
965,9,65,-1.49862,8400.7,866.707
966,9,66,-3.77366,8463.65,881.254
967,9,67,-4.27444,8477.67,895.357
968,9,68,0.909421,8330.79,912.158
969,9,69,-1.32208,8394.76,926.786
970,9,70,-1.4332,8397.99,940.87
971,9,71,-0.831628,8380.34,954.982
972,9,72,3.2338,8259.73,971.25
973,9,73,2.00276,8296.66,985.535
974,9,74,2.05772,8295,999.592
975,9,75,2.36463,8285.58,1013.65
976,9,76,6.40938,8160.2,1030.53
977,9,77,4.99895,8204.39,1044.95
978,9,78,4.17437,8230.5,1059.12
979,9,79,3.85219,8240.81,1073.18
980,9,80,8.45693,8091.92,1091.84
981,9,81,7.50285,8123.09,1106.11
982,9,82,7.46972,8124.18,1120.16
983,9,83,6.89328,8143.4,1134.29
984,9,84,10.6424,8017.18,1152.12
985,9,85,9.83812,8044.52,1166.37
986,9,86,8.55737,8088.5,1180.91
987,9,87,7.9445,8109.74,1195.08
988,9,88,9.36371,8060.07,1209.79
989,9,89,8.06191,8106.07,1224.42
990,9,90,7.24179,8135.32,1238.7
991,9,91,7.3258,8132.29,1252.72
992,9,92,8.91783,8074.45,1267.79
993,9,93,8.35297,8095.16,1281.94
994,9,94,7.75888,8117.14,1296.1
995,9,95,7.04543,8143.78,1310.34
996,9,96,9.09857,8066.44,1326.5
997,9,97,8.32812,8095.72,1340.81
998,9,98,8.51958,8088.38,1354.81
999,9,99,8.29336,8097.13,1368.81
1000,9,100,9.87234,8035.55,1384.35
1001,9,101,8.95913,8071.47,1398.86
1002,9,102,8.99467,8070.06,1412.82
1003,9,103,8.40966,8093.46,1427.02
1004,9,104,9.83498,8035.97,1442.52
1005,9,105,9.12482,8064.85,1456.86
1006,9,106,8.29173,8099.01,1471.38
1007,9,107,7.41719,8135.15,1485.98
1008,9,108,8.49482,8090.25,1500.97
1009,9,109,7.89282,8115.54,1515.25
1010,9,110,7.21104,8144.4,1529.64
1011,9,111,6.64367,8168.61,1543.89
1012,9,112,7.80558,8118.65,1559.26
1013,9,113,7.05625,8151.12,1573.81
1014,9,114,6.66002,8168.42,1587.91
1015,10,19,61.6846,7791.07,159.927
1016,10,20,146.834,6684.13,175.065
1017,10,21,14.303,8451.21,191.29
1018,10,22,-28.0168,9029.58,206.168
1019,10,23,-66.4972,9568.31,221.02
1020,10,24,29.5971,8190.95,237.791
1021,10,25,-22.9259,8961.29,253.229
1022,10,26,-39.7941,9214.31,267.917
1023,10,27,-57.1132,9479.87,282.592
1024,10,28,5.77976,8494.55,299.685
1025,10,29,-28.9137,9049.65,315.175
1026,10,30,-35.2172,9152.6,329.747
1027,10,31,-43.1619,9285.01,344.308
1028,10,32,-6.53001,8662.27,360.754
1029,10,33,-10.9622,8739.1,375.265
1030,10,34,-16.0379,8828.77,389.754
1031,10,35,-23.3666,8960.69,404.288
1032,10,36,7.23258,8399.7,421.498
1033,10,37,-9.43378,8710.8,436.87
1034,10,38,-12.4332,8767.79,451.323
1035,10,39,-19.3428,8901.38,465.931
1036,10,40,-3.94774,8598.61,481.582
1037,10,41,-12.035,8760.36,496.352
1038,10,42,-14.4337,8809.13,510.735
1039,10,43,-18.6448,8896.16,525.194
1040,10,44,-5.94923,8629.55,541.011
1041,10,45,-12.5507,8770.38,555.773
1042,10,46,-16.2964,8851.54,570.223
1043,10,47,-18.081,8890.8,584.524
1044,10,48,-7.77403,8660.61,600.397
1045,10,49,-14.0499,8802.87,615.315
1046,10,50,-15.4466,8834.99,629.588
1047,10,51,-16.037,8848.77,643.806
1048,10,52,-6.62153,8625.93,660.1
1049,10,53,-9.15366,8686.7,674.478
1050,10,54,-8.70865,8675.87,688.674
1051,10,55,-12.8593,8778.26,703.399
1052,10,56,-6.75883,8625.75,718.869
1053,10,57,-10.9478,8731.87,733.706
1054,10,58,-10.603,8723.02,747.866
1055,10,59,-11.8513,8755.47,762.073
1056,10,60,-4.61162,8564.83,778.829
1057,10,61,-6.59766,8617.79,793.189
1058,10,62,-6.83354,8624.16,807.322
1059,10,63,-7.9193,8653.83,821.51
1060,10,64,-3.58975,8534.05,836.926
1061,10,65,-5.50543,8587.69,851.304
1062,10,66,-7.71971,8650.43,865.794
1063,10,67,-8.10169,8661.38,879.881
1064,10,68,-2.61237,8502.19,896.822
1065,10,69,-4.80086,8566.38,911.395
1066,10,70,-4.80157,8566.4,925.473
1067,10,71,-4.07193,8544.51,939.598
1068,10,72,0.225429,8414.16,955.979
1069,10,73,-0.950075,8450.21,970.231
1070,10,74,-0.802563,8445.64,984.287
1071,10,75,-0.399679,8433.01,998.35
1072,10,76,3.84832,8298.49,1015.35
1073,10,77,2.47174,8342.54,1029.73
1074,10,78,1.6965,8367.61,1043.88
1075,10,79,1.43592,8376.12,1057.92
1076,10,80,6.23844,8217.64,1076.72
1077,10,81,5.31947,8248.27,1090.97
1078,10,82,5.34526,8247.4,1105.02
1079,10,83,4.81065,8265.58,1119.13
1080,10,84,8.71527,8131.52,1137.07
1081,10,85,7.94056,8158.38,1151.29
1082,10,86,6.67583,8202.64,1165.8
1083,10,87,6.09549,8223.15,1179.95
1084,10,88,7.59744,8169.58,1194.71
1085,10,89,6.30725,8216.03,1209.3
1086,10,90,5.51021,8244.99,1223.56
1087,10,91,5.63849,8240.28,1237.58
1088,10,92,7.30955,8178.45,1252.7
1089,10,93,6.76953,8198.61,1266.83
1090,10,94,6.19872,8220.11,1280.97
1091,10,95,5.50496,8246.48,1295.18
1092,10,96,7.64071,8164.61,1311.42
1093,10,97,6.88589,8193.79,1325.7
1094,10,98,7.11406,8184.89,1339.71
1095,10,99,6.91405,8192.76,1353.7
1096,10,100,8.55805,8127.55,1369.29
1097,10,101,7.65356,8163.73,1383.78
1098,10,102,7.71794,8161.13,1397.74
1099,10,103,7.14764,8184.32,1411.91
1100,10,104,8.62954,8123.57,1427.46
1101,10,105,7.9297,8152.49,1441.78
1102,10,106,7.10407,8186.89,1456.27
1103,10,107,6.23592,8223.36,1470.83
1104,10,108,7.35918,8175.8,1485.87
1105,10,109,6.76786,8201.03,1500.12
1106,10,110,6.09485,8229.97,1514.48
1107,10,111,5.53824,8254.09,1528.7
1108,10,112,6.74418,8201.43,1544.13
1109,10,113,6.00085,8234.14,1558.65
1110,10,114,5.61717,8251.15,1572.72
1111,11,20,80.414,7813.27,160.094
1112,11,21,-64.1369,9836.98,176.05
1113,11,22,-100.437,10357.3,190.866
1114,11,23,-133.696,10845.1,205.626
1115,11,24,-14.2739,9053.75,222.713
1116,11,25,-67.9504,9876.79,238.006
1117,11,26,-81.2991,10085.9,252.664
1118,11,27,-95.7728,10317.5,267.289
1119,11,28,-21.5962,9105.95,284.64
1120,11,29,-57.0599,9697.01,299.999
1121,11,30,-61.1792,9767.04,314.569
1122,11,31,-67.4079,9875,329.11
1123,11,32,-25.2417,9130.06,345.745
1124,11,33,-28.4322,9187.49,360.261
1125,11,34,-32.475,9261.61,374.746
1126,11,35,-39.0751,9384.81,389.254
1127,11,36,-4.91375,8735.75,406.623
1128,11,37,-21.9149,9064.44,421.905
1129,11,38,-24.2371,9110.11,436.36
1130,11,39,-30.8091,9241.55,450.935
1131,11,40,-13.6233,8892.1,466.697
1132,11,41,-21.6081,9057.12,481.422
1133,11,42,-23.5585,9098.08,495.801
1134,11,43,-27.4718,9181.56,510.238
1135,11,44,-13.5101,8879.06,526.163
1136,11,45,-20.0568,9023.09,540.877
1137,11,46,-23.5935,9102.07,555.305
1138,11,47,-25.0802,9135.77,569.599
1139,11,48,-13.8624,8877.76,585.574
1140,11,49,-20.1479,9024.42,600.434
1141,11,50,-21.3095,9051.91,614.703
1142,11,51,-21.6427,9059.91,628.926
1143,11,52,-11.5119,8813.4,645.32
1144,11,53,-13.9344,8873.15,659.68
1145,11,54,-13.2518,8856.09,673.893
1146,11,55,-17.385,8960.79,688.571
1147,11,56,-10.8225,8792.36,704.118
1148,11,57,-15.0168,8901.41,718.906
1149,11,58,-14.4881,8887.49,733.081
1150,11,59,-15.6288,8917.91,747.279
1151,11,60,-7.94844,8710.53,764.124
1152,11,61,-9.88152,8763.37,778.465
1153,11,62,-10.0002,8766.65,792.604
1154,11,63,-11.0074,8794.86,806.784
1155,11,64,-6.40312,8664.4,822.264
1156,11,65,-8.28617,8718.38,836.62
1157,11,66,-10.4802,8782.01,851.082
1158,11,67,-10.7787,8790.77,865.17
1159,11,68,-5.00782,8619.56,882.188
1160,11,69,-7.18929,8685.01,896.731
1161,11,70,-7.11041,8682.61,910.817
1162,11,71,-6.28115,8657.18,924.962
1163,11,72,-1.7739,8517.46,941.406
1164,11,73,-2.92325,8553.47,955.646
1165,11,74,-2.70946,8546.7,969.713
1166,11,75,-2.23551,8531.54,983.791
1167,11,76,2.19685,8388.22,1000.85
1168,11,77,0.828471,8432.92,1015.21
1169,11,78,0.078766,8457.66,1029.36
1170,11,79,-0.14248,8465.04,1043.4
1171,11,80,4.84235,8297.22,1062.25
1172,11,81,3.93683,8328,1076.49
1173,11,82,4.00173,8325.78,1090.56
1174,11,83,3.48929,8343.54,1104.66
1175,11,84,7.53515,8201.94,1122.65
1176,11,85,6.77125,8228.93,1136.87
1177,11,86,5.50401,8274.12,1151.36
1178,11,87,4.93904,8294.46,1165.5
1179,11,88,6.50915,8237.42,1180.29
1180,11,89,5.21384,8284.91,1194.87
1181,11,90,4.42421,8314.13,1209.11
1182,11,91,4.58248,8308.22,1223.14
1183,11,92,6.32005,8242.77,1238.3
1184,11,93,5.79086,8262.88,1252.42
1185,11,94,5.22976,8284.39,1266.56
1186,11,95,4.54248,8310.96,1280.76
1187,11,96,6.75028,8224.86,1297.03
1188,11,97,5.99857,8254.43,1311.31
1189,11,98,6.2521,8244.37,1325.33
1190,11,99,6.06696,8251.77,1339.32
1191,11,100,7.76632,8183.23,1354.95
1192,11,101,6.85935,8220.12,1369.41
1193,11,102,6.94239,8216.71,1383.38
1194,11,103,6.37651,8240.1,1397.55
1195,11,104,7.90635,8176.36,1413.13
1196,11,105,7.207,8205.73,1427.44
1197,11,106,6.37923,8240.77,1441.91
1198,11,107,5.50812,8277.94,1456.45
1199,11,108,6.66916,8228.02,1471.52
1200,11,109,6.07983,8253.55,1485.76
1201,11,110,5.40713,8282.93,1500.1
1202,11,111,4.85311,8307.31,1514.32
1203,11,112,6.09613,8252.2,1529.77
1204,11,113,5.35095,8285.48,1544.27
1205,11,114,4.97239,8302.52,1558.34
1206,12,21,-170.481,11751.2,160.638
1207,12,22,-194.045,12104.6,175.417
1208,12,23,-217.246,12460.4,190.109
1209,12,24,-66.5978,10100.2,207.574
1210,12,25,-120.468,10962.1,222.74
1211,12,26,-128.594,11094.9,237.392
1212,12,27,-138.965,11267.7,251.988
1213,12,28,-50.9802,9771.98,269.607
1214,12,29,-87.1194,10398.4,284.853
1215,12,30,-88.5081,10422.9,299.439
1216,12,31,-92.6268,10497.1,313.98
1217,12,32,-44.043,9606.36,330.796
1218,12,33,-45.8143,9639.43,345.332
1219,12,34,-48.6972,9694.2,359.827
1220,12,35,-54.4954,9806.3,374.324
1221,12,36,-16.3676,9056.45,391.828
1222,12,37,-33.7955,9405.01,407.038
1223,12,38,-35.4096,9437.83,421.507
1224,12,39,-41.6531,9566.86,436.064
1225,12,40,-22.5341,9165.37,451.926
1226,12,41,-30.4572,9334.39,466.62
1227,12,42,-31.9625,9367.01,481.009
1228,12,43,-35.5951,9446.92,495.436
1229,12,44,-20.295,9105.22,511.454
1230,12,45,-26.8276,9253.3,526.136
1231,12,46,-30.1795,9330.39,540.552
1232,12,47,-31.383,9358.47,554.851
1233,12,48,-19.218,9070.57,570.911
1234,12,49,-25.5525,9222.59,585.728
1235,12,50,-26.4965,9245.56,600.003
1236,12,51,-26.5871,9247.8,614.238
1237,12,52,-15.7209,8976.14,630.71
1238,12,53,-18.0583,9035.36,645.063
1239,12,54,-17.1522,9012.1,659.298
1240,12,55,-21.2959,9119.84,673.944
1241,12,56,-14.268,8934.77,689.554
1242,12,57,-18.4948,9047.49,704.307
1243,12,58,-17.7956,9028.61,718.501
1244,12,59,-18.846,9057.32,732.699
1245,12,60,-10.7209,8832.52,749.608
1246,12,61,-12.6204,8885.71,763.94
1247,12,62,-12.6363,8886.16,778.092
1248,12,63,-13.5808,8913.24,792.273
1249,12,64,-8.7057,8771.86,807.803
1250,12,65,-10.5732,8826.64,822.148
1251,12,66,-12.7639,8891.63,836.59
1252,12,67,-12.9915,8898.46,850.686
1253,12,68,-6.94045,8714.91,867.756
1254,12,69,-9.1305,8782.07,882.28
1255,12,70,-8.98314,8777.5,896.379
1256,12,71,-8.06382,8748.69,910.546
1257,12,72,-3.35034,8599.43,927.032
1258,12,73,-4.48592,8635.77,941.268
1259,12,74,-4.21574,8627.04,955.349
1260,12,75,-3.6799,8609.53,969.445
1261,12,76,0.933281,8457.3,986.534
1262,12,77,-0.438272,8503.02,1000.89
1263,12,78,-1.17254,8527.74,1015.04
1264,12,79,-1.36349,8534.23,1029.09
1265,12,80,3.80122,8356.91,1047.96
1266,12,81,2.89957,8388.16,1062.2
1267,12,82,2.99552,8384.81,1076.28
1268,12,83,2.4968,8402.43,1090.39
1269,12,84,6.68069,8253.2,1108.39
1270,12,85,5.91924,8280.61,1122.61
1271,12,86,4.64092,8327.06,1137.09
1272,12,87,4.0838,8347.49,1151.24
1273,12,88,5.71691,8287.06,1166.05
1274,12,89,4.4087,8335.9,1180.62
1275,12,90,3.61946,8365.63,1194.86
1276,12,91,3.80181,8358.7,1208.9
1277,12,92,5.60156,8289.71,1224.08
1278,12,93,5.07699,8309.99,1238.21
1279,12,94,4.51957,8331.73,1252.34
1280,12,95,3.83283,8358.75,1266.54
1281,12,96,6.10928,8268.45,1282.84
1282,12,97,5.355,8298.62,1297.11
1283,12,98,5.62914,8287.56,1311.14
1284,12,99,5.45396,8294.69,1325.14
1285,12,100,7.20528,8222.88,1340.79
1286,12,101,6.29062,8260.69,1355.24
1287,12,102,6.38799,8256.63,1369.22
1288,12,103,5.82185,8280.41,1383.39
1289,12,104,7.39652,8213.75,1398.99
1290,12,105,6.69314,8243.76,1413.29
1291,12,106,5.85876,8279.64,1427.75
1292,12,107,4.98035,8317.7,1442.29
1293,12,108,6.17621,8265.48,1457.37
1294,12,109,5.58491,8291.5,1471.6
1295,12,110,4.90861,8321.48,1485.94
1296,12,111,4.35349,8346.28,1500.15
1297,12,112,5.63102,8288.79,1515.63
1298,12,113,4.88034,8322.82,1530.12
1299,12,114,4.50357,8340.02,1544.19
1300,13,22,29.1463,7864,157.463
1301,13,23,-38.853,8951.99,172.271
1302,13,24,107.171,6566.93,189.068
1303,13,25,18.2801,8048.44,204.715
1304,13,26,-10.8281,8543.28,219.356
1305,13,27,-38.2841,9019.19,233.972
1306,13,28,48.1135,7492.83,251.097
1307,13,29,-3.93545,8429.71,266.759
1308,13,30,-14.7211,8627.45,281.27
1309,13,31,-27.0405,8857.41,295.773
1310,13,32,19.8432,7966.62,312.179
1311,13,33,11.8187,8121.76,326.635
1312,13,34,3.43442,8286.65,341.071
1313,13,35,-7.40123,8503.36,355.572
1314,13,36,29.9795,7743.29,372.756
1315,13,37,7.44957,8208.91,388.288
1316,13,38,2.5386,8312.04,402.689
1317,13,39,-6.97833,8515.06,417.291
1318,13,40,11.0295,8124.9,432.846
1319,13,41,0.245255,8362.15,447.654
1320,13,42,-3.40719,8443.72,461.981
1321,13,43,-9.11646,8573.13,476.41
1322,13,44,5.485,8237.3,492.152
1323,13,45,-3.00599,8435.42,506.953
1324,13,46,-7.95635,8552.58,521.379
1325,13,47,-10.4984,8613.59,535.62
1326,13,48,1.18207,8329.36,551.433
1327,13,49,-6.59752,8521.26,566.415
1328,13,50,-8.58881,8571.04,580.629
1329,13,51,-9.60238,8596.72,594.775
1330,13,52,0.957864,8325.67,611.034
1331,13,53,-2.30712,8410.56,625.39
1332,13,54,-2.10792,8405.32,639.499
1333,13,55,-7.14414,8539.62,654.262
1334,13,56,-0.440023,8358.6,669.659
1335,13,57,-5.46932,8496.07,684.554
1336,13,58,-5.30601,8491.55,698.631
1337,13,59,-6.93262,8537.1,712.789
1338,13,60,1.03473,8311.36,729.54
1339,13,61,-1.42213,8381.79,743.886
1340,13,62,-1.88659,8395.26,757.95
1341,13,63,-3.28977,8436.42,772.093
1342,13,64,1.37706,8297.97,787.436
1343,13,65,-0.941399,8367.52,801.811
1344,13,66,-3.56993,8447.25,816.315
1345,13,67,-4.14016,8464.74,830.338
1346,13,68,1.81088,8280.26,847.286
1347,13,69,-0.763082,8360.91,861.887
1348,13,70,-0.899174,8365.22,875.894
1349,13,71,-0.222719,8343.57,889.929
1350,13,72,4.3865,8194.54,906.28
1351,13,73,2.96003,8241.14,920.516
1352,13,74,2.99873,8239.86,934.496
1353,13,75,3.32255,8229.07,948.474
1354,13,76,7.86107,8076.27,965.466
1355,13,77,6.23415,8131.59,979.856
1356,13,78,5.27543,8164.5,993.979
1357,13,79,4.88631,8177.99,1007.96
1358,13,80,10.0191,7998.34,1026.83
1359,13,81,8.91109,8037.49,1041.07
1360,13,82,8.83802,8040.1,1055.06
1361,13,83,8.16068,8064.48,1069.13
1362,13,84,12.3035,7913.96,1087.09
1363,13,85,11.3671,7948.3,1101.3
1364,13,86,9.90699,8002.32,1115.84
1365,13,87,9.19458,8028.92,1129.96
1366,13,88,10.7362,7970.85,1144.63
1367,13,89,9.26362,8026.81,1159.27
1368,13,90,8.32966,8062.61,1173.51
1369,13,91,8.39737,8059.99,1187.47
1370,13,92,10.1272,7992.53,1202.51
1371,13,93,9.47796,8018.06,1216.62
1372,13,94,8.7996,8044.97,1230.74
1373,13,95,7.99318,8077.23,1244.94
1374,13,96,10.2248,7987.22,1261.14
1375,13,97,9.35591,8022.55,1275.43
1376,13,98,9.54339,8014.87,1289.36
1377,13,99,9.2742,8025.99,1303.31
1378,13,100,10.9785,7954.98,1318.84
1379,13,101,9.95849,7997.82,1333.36
1380,13,102,9.97652,7997.06,1347.25
1381,13,103,9.31907,8025.11,1361.42
1382,13,104,10.8519,7959.2,1376.91
1383,13,105,10.0591,7993.55,1391.25
1384,13,106,9.13538,8033.89,1405.76
1385,13,107,8.16949,8076.39,1420.37
1386,13,108,9.32383,8025.21,1435.34
1387,13,109,8.65544,8055.07,1449.59
1388,13,110,7.90267,8088.94,1463.97
1389,13,111,7.27585,8117.36,1478.2
1390,13,112,8.52048,8060.52,1493.57
1391,13,113,7.69772,8098.37,1508.12
1392,13,114,7.25832,8118.73,1522.18
1393,14,23,-183.159,11838.1,156.152
1394,14,24,15.6527,8458.31,173.683
1395,14,25,-72.8004,9991.49,189.01
1396,14,26,-92.3745,10337.3,203.527
1397,14,27,-112.103,10692.4,217.989
1398,14,28,-4.34339,8716.82,235.676
1399,14,29,-56.3414,9687.45,251.08
1400,14,30,-62.2305,9799.35,265.533
1401,14,31,-70.6399,9961.93,279.949
1402,14,32,-14.2317,8852.57,296.727
1403,14,33,-19.6511,8960.95,311.139
1404,14,34,-25.8368,9086.73,325.515
1405,14,35,-34.9965,9276.03,339.924
1406,14,36,8.03429,8372.38,357.452
1407,14,37,-14.5443,8854.06,372.811
1408,14,38,-18.0887,8930.85,387.172
1409,14,39,-26.751,9121.43,401.681
1410,14,40,-5.94462,8656.75,417.433
1411,14,41,-16.2867,8891.17,432.133
1412,14,42,-19.0509,8954.75,446.417
1413,14,43,-24.0979,9072.51,460.773
1414,14,44,-7.58783,8681.77,476.713
1415,14,45,-15.7925,8878.68,491.409
1416,14,46,-20.2679,8987.59,505.764
1417,14,47,-22.2353,9036.12,519.961
1418,14,48,-9.21667,8710.65,535.963
1419,14,49,-16.8508,8904.05,550.832
1420,14,50,-18.3955,8943.69,565.008
1421,14,51,-18.9462,8958.01,579.128
1422,14,52,-7.36526,8653.05,595.585
1423,14,53,-10.3773,8733.37,609.883
1424,14,54,-9.77476,8717.1,623.991
1425,14,55,-14.6857,8851.33,638.659
1426,14,56,-7.319,8647.52,654.193
1427,14,57,-12.2642,8785.99,668.992
1428,14,58,-11.7917,8772.6,683.065
1429,14,59,-13.207,8813.17,697.182
1430,14,60,-4.63363,8564.54,714.122
1431,14,61,-6.95666,8632.69,728.414
1432,14,62,-7.21419,8640.33,742.462
1433,14,63,-8.46039,8677.71,756.567
1434,14,64,-3.40778,8524.45,772.025
1435,14,65,-5.63138,8592.64,786.343
1436,14,66,-8.18212,8671.71,800.78
1437,14,67,-8.60265,8684.89,814.781
1438,14,68,-2.27293,8484.45,831.9
1439,14,69,-4.79297,8565.09,846.436
1440,14,70,-4.79244,8565.07,860.433
1441,14,71,-3.95841,8537.83,874.482
1442,14,72,0.933696,8376.39,890.968
1443,14,73,-0.425232,8421.69,905.163
1444,14,74,-0.274268,8416.6,919.14
1445,14,75,0.165574,8401.65,933.123
1446,14,76,4.94839,8237.44,950.254
1447,14,77,3.36166,8292.44,964.599
1448,14,78,2.46182,8323.94,978.692
1449,14,79,2.14617,8335.09,992.66
1450,14,80,7.51397,8143.64,1011.69
1451,14,81,6.44705,8182.05,1025.9
1452,14,82,6.44329,8182.19,1039.88
1453,14,83,5.81501,8205.22,1053.94
1454,14,84,10.1406,8045.18,1072.02
1455,14,85,9.23828,8078.86,1086.21
1456,14,86,7.79649,8133.17,1100.7
1457,14,87,7.12187,8158.81,1114.8
1458,14,88,8.75984,8096.02,1129.52
1459,14,89,7.30054,8152.44,1144.11
1460,14,90,6.39331,8187.83,1158.33
1461,14,91,6.51242,8183.14,1172.28
1462,14,92,8.33378,8110.89,1187.39
1463,14,93,7.71312,8135.72,1201.47
1464,14,94,7.06159,8162,1215.56
1465,14,95,6.27789,8193.87,1229.74
1466,14,96,8.60459,8098.47,1246.02
1467,14,97,7.75362,8133.65,1260.28
1468,14,98,7.9832,8124.08,1274.22
1469,14,99,7.74403,8134.13,1288.15
1470,14,100,9.52269,8058.83,1303.75
1471,14,101,8.51259,8101.93,1318.23
1472,14,102,8.56351,8099.74,1332.12
1473,14,103,7.92286,8127.5,1346.26
1474,14,104,9.52011,8057.75,1361.82
1475,14,105,8.739,8092.12,1376.12
1476,14,106,7.82378,8132.7,1390.6
1477,14,107,6.86525,8175.51,1405.16
1478,14,108,8.07134,8121.24,1420.18
1479,14,109,7.41512,8150.99,1434.4
1480,14,110,6.67241,8184.9,1448.74
1481,14,111,6.0579,8213.17,1462.94
1482,14,112,7.35228,8153.2,1478.38
1483,14,113,6.53644,8191.27,1492.89
1484,14,114,6.11133,8211.25,1506.92
1485,15,24,-86.0478,10594,158.403
1486,15,25,-172.092,12142.8,173.473
1487,15,26,-178.38,12258.1,187.942
1488,15,27,-187.912,12436,202.325
1489,15,28,-53.9284,9890.34,220.541
1490,15,29,-106.248,10901.8,235.749
1491,15,30,-106.635,10909.5,250.201
1492,15,31,-110.81,10993,264.591
1493,15,32,-43.6707,9627.79,281.678
1494,15,33,-46.5617,9687.54,296.093
1495,15,34,-50.6749,9773.92,310.46
1496,15,35,-58.3414,9937.47,324.83
1497,15,36,-9.27645,8874.4,342.592
1498,15,37,-32.3131,9381.2,357.832
1499,15,38,-34.6721,9433.89,372.192
1500,15,39,-42.7007,9615.87,386.656
1501,15,40,-19.067,9072.29,402.558
1502,15,41,-29.2031,9308.8,417.198
1503,15,42,-31.2422,9357.06,431.477
1504,15,43,-35.7964,9466.36,445.803
1505,15,44,-17.4058,9018.86,461.884
1506,15,45,-25.5063,9218.67,476.519
1507,15,46,-29.6544,9322.37,490.844
1508,15,47,-31.1722,9360.82,505.033
1509,15,48,-16.862,8993.53,521.164
1510,15,49,-24.4955,9192,535.961
1511,15,50,-25.7013,9223.75,550.132
1512,15,51,-25.8869,9228.7,564.256
1513,15,52,-13.3311,8889.69,580.838
1514,15,53,-16.1917,8967.88,595.113
1515,15,54,-15.2683,8942.34,609.239
1516,15,55,-20.1508,9079.05,623.851
1517,15,56,-12.1731,8853.01,639.478
1518,15,57,-17.1225,8994.89,654.218
1519,15,58,-16.4077,8974.16,668.307
1520,15,59,-17.6807,9011.51,682.412
1521,15,60,-8.54011,8740.33,699.459
1522,15,61,-10.7958,8808,713.729
1523,15,62,-10.9041,8811.29,727.783
1524,15,63,-12.0505,8846.45,741.877
1525,15,64,-6.65219,8679.1,757.41
1526,15,65,-8.83576,8747.52,771.701
1527,15,66,-11.3614,8827.5,786.103
1528,15,67,-11.6778,8837.62,800.104
1529,15,68,-4.99975,8621.7,817.313
1530,15,69,-7.51226,8703.77,831.814
1531,15,70,-7.4146,8700.55,845.82
1532,15,71,-6.45929,8668.71,859.89
1533,15,72,-1.31226,8495.42,876.448
1534,15,73,-2.64112,8540.6,890.628
1535,15,74,-2.41126,8532.71,904.617
1536,15,75,-1.88693,8514.54,918.616
1537,15,76,3.11638,8339.42,935.811
1538,15,77,1.53743,8395.21,950.136
1539,15,78,0.666485,8426.27,964.222
1540,15,79,0.396356,8436,978.193
1541,15,80,5.97985,8233.13,997.286
1542,15,81,4.92688,8271.74,1011.48
1543,15,82,4.96771,8270.23,1025.48
1544,15,83,4.36399,8292.77,1039.53
1545,15,84,8.85459,8123.62,1057.66
1546,15,85,7.96311,8157.5,1071.84
1547,15,86,6.5167,8212.94,1086.31
1548,15,87,5.85865,8238.39,1100.41
1549,15,88,7.57504,8171.45,1115.16
1550,15,89,6.10842,8229.14,1129.73
1551,15,90,5.20869,8264.83,1143.93
1552,15,91,5.36165,8258.71,1157.9
1553,15,92,7.25923,8182.17,1173.04
1554,15,93,6.65006,8206.94,1187.11
1555,15,94,6.00881,8233.24,1201.2
1556,15,95,5.23176,8265.35,1215.36
1557,15,96,7.64073,8164.98,1231.69
1558,15,97,6.79247,8200.61,1245.93
1559,15,98,7.05041,8189.69,1259.88
1560,15,99,6.82756,8199.2,1273.82
1561,15,100,8.66889,8120.02,1289.45
1562,15,101,7.6552,8163.95,1303.91
1563,15,102,7.72676,8160.82,1317.81
1564,15,103,7.09051,8188.82,1331.95
1565,15,104,8.74176,8115.61,1347.53
1566,15,105,7.96059,8150.5,1361.82
1567,15,106,7.04239,8191.82,1376.28
1568,15,107,6.08005,8235.45,1390.82
1569,15,108,7.32852,8178.43,1405.87
1570,15,109,6.67412,8208.54,1420.08
1571,15,110,5.93137,8242.95,1434.41
1572,15,111,5.31947,8271.51,1448.59
1573,15,112,6.65534,8208.72,1464.06
1574,15,113,5.83709,8247.45,1478.55
1575,15,114,5.41747,8267.45,1492.58
1576,16,25,-328.959,15593.9,157.138
1577,16,26,-307.869,15193.2,171.572
1578,16,27,-297.409,14990.9,185.878
1579,16,28,-125.966,11619.2,205.025
1580,16,29,-175.469,12609.3,220.007
1581,16,30,-166.678,12430.5,234.47
1582,16,31,-163.869,12372.5,248.84
1583,16,32,-82.589,10665.6,266.373
1584,16,33,-81.477,10641.9,280.795
1585,16,34,-82.3479,10660.8,295.155
1586,16,35,-87.6137,10776.6,309.484
1587,16,36,-31.0881,9514.2,327.563
1588,16,37,-54.2362,10038.9,342.673
1589,16,38,-54.8939,10054,357.036
1590,16,39,-61.9064,10217.6,371.453
1591,16,40,-34.8455,9577.21,387.54
1592,16,41,-44.5476,9810.06,402.115
1593,16,42,-45.6011,9835.69,416.391
1594,16,43,-49.455,9930.75,430.686
1595,16,44,-28.8541,9415.73,446.935
1596,16,45,-36.7315,9615.29,461.508
1597,16,46,-40.4229,9710.04,475.802
1598,16,47,-41.3625,9734.47,489.983
1599,16,48,-25.5675,9318.53,506.265
1600,16,49,-33.1379,9520.41,520.989
1601,16,50,-33.9187,9541.49,535.155
1602,16,51,-33.6582,9534.37,549.285
1603,16,52,-20.0036,9156.59,566.009
1604,16,53,-22.6636,9231.07,580.262
1605,16,54,-21.3609,9194.16,594.409
1606,16,55,-26.1829,9332.4,608.965
1607,16,56,-17.5218,9081.22,624.694
1608,16,57,-22.4522,9225.85,639.375
1609,16,58,-21.4562,9196.3,653.482
1610,16,59,-22.5577,9229.34,667.576
1611,16,60,-12.794,8933.18,684.742
1612,16,61,-14.9628,8999.69,698.989
1613,16,62,-14.8984,8997.69,713.05
1614,16,63,-15.9262,9029.9,727.135
1615,16,64,-10.1493,8846.96,742.748
1616,16,65,-12.2804,8915.16,757.013
1617,16,66,-14.7699,8995.65,771.38
1618,16,67,-14.9674,9002.1,785.382
1619,16,68,-7.91325,8769.32,802.689
1620,16,69,-10.4109,8852.57,817.155
1621,16,70,-10.2043,8845.61,831.17
1622,16,71,-9.11524,8808.59,845.264
1623,16,72,-3.69442,8622.47,861.898
1624,16,73,-4.98696,8667.28,876.064
1625,16,74,-4.66979,8656.18,890.065
1626,16,75,-4.0527,8634.38,904.081
1627,16,76,1.18567,8447.54,921.345
1628,16,77,-0.381935,8503.97,935.651
1629,16,78,-1.2196,8534.41,949.729
1630,16,79,-1.43923,8542.46,963.703
1631,16,80,4.37255,8327.43,982.859
1632,16,81,3.33637,8366.11,997.046
1633,16,82,3.42591,8362.74,1011.05
1634,16,83,2.84977,8384.63,1025.1
1635,16,84,7.51443,8205.82,1043.28
1636,16,85,6.63577,8239.79,1057.45
1637,16,86,5.186,8296.33,1071.91
1638,16,87,4.54664,8321.48,1086
1639,16,88,6.34599,8250.11,1100.78
1640,16,89,4.87295,8309.03,1115.33
1641,16,90,3.98218,8344.96,1129.52
1642,16,91,4.17144,8337.26,1143.5
1643,16,92,6.14922,8256.17,1158.67
1644,16,93,5.55289,8280.82,1172.75
1645,16,94,4.92319,8307.06,1186.83
1646,16,95,4.15385,8339.37,1200.98
1647,16,96,6.64891,8233.75,1217.34
1648,16,97,5.80416,8269.79,1231.58
1649,16,98,6.09212,8257.41,1245.54
1650,16,99,5.88679,8266.3,1259.48
1651,16,100,7.79358,8183.04,1275.15
1652,16,101,6.77667,8227.79,1289.59
1653,16,102,6.87008,8223.64,1303.5
1654,16,103,6.23884,8251.84,1317.62
1655,16,104,7.94632,8175,1333.24
1656,16,105,7.16548,8210.4,1347.52
1657,16,106,6.24457,8252.46,1361.96
1658,16,107,5.27865,8296.89,1376.48
1659,16,108,6.5712,8237,1391.56
1660,16,109,5.91899,8267.44,1405.76
1661,16,110,5.17651,8302.33,1420.07
1662,16,111,4.56759,8331.16,1434.24
1663,16,112,5.9465,8265.43,1449.74
1664,16,113,5.12602,8304.81,1464.21
1665,16,114,4.71229,8324.81,1478.23
1666,17,26,-155.382,11686,155.169
1667,17,27,-170.744,11993.2,169.392
1668,17,28,8.16115,8355.48,187.862
1669,17,29,-69.5925,9962.39,203.233
1670,17,30,-74.671,10069,217.589
1671,17,31,-83.7551,10262.8,231.885
1672,17,32,-2.32933,8498.6,248.923
1673,17,33,-10.5288,8678.99,263.261
1674,17,34,-19.3796,8876.66,277.555
1675,17,35,-31.828,9158.82,291.881
1676,17,36,24.7716,7857.03,309.578
1677,17,37,-5.90098,8572.73,325.027
1678,17,38,-11.0126,8693.7,339.325
1679,17,39,-22.4507,8968.21,353.79
1680,17,40,3.57731,8334.87,369.545
1681,17,41,-9.97477,8669.15,384.244
1682,17,42,-13.7687,8764,398.463
1683,17,43,-20.2661,8928.6,412.764
1684,17,44,-0.278613,8415.59,428.72
1685,17,45,-10.67,8685.76,443.421
1686,17,46,-16.3449,8835.2,457.731
1687,17,47,-18.8986,8903.3,471.859
1688,17,48,-3.52036,8488.09,487.881
1689,17,49,-12.8857,8744.08,502.777
1690,17,50,-14.9038,8799.91,516.89
1691,17,51,-15.7149,8822.62,530.936
1692,17,52,-2.29865,8442.49,547.435
1693,17,53,-6.05943,8550.3,561.701
1694,17,54,-5.5621,8535.88,575.731
1695,17,55,-11.4416,8708.35,590.412
1696,17,56,-3.08446,8460.42,605.925
1697,17,57,-8.95967,8636.67,620.755
1698,17,58,-8.55873,8624.51,634.754
1699,17,59,-10.3113,8678.26,648.817
1700,17,60,-0.660531,8379.08,665.814
1701,17,61,-3.46497,8466.96,680.086
1702,17,62,-3.89765,8480.66,694.07
1703,17,63,-5.43731,8529.93,708.128
1704,17,64,0.143217,8349.49,723.553
1705,17,65,-2.49489,8435.67,737.86
1706,17,66,-5.47546,8534.03,752.298
1707,17,67,-6.04519,8553.02,766.237
1708,17,68,0.937146,8317.95,783.411
1709,17,69,-1.98875,8417.43,797.964
1710,17,70,-2.0864,8420.78,811.898
1711,17,71,-1.25295,8391.89,825.873
1712,17,72,4.08068,8205.21,842.365
1713,17,73,2.46998,8262.12,856.543
1714,17,74,2.54095,8259.59,870.455
1715,17,75,2.93453,8245.42,884.366
1716,17,76,8.1146,8057.21,901.521
1717,17,77,6.26842,8124.9,915.874
1718,17,78,5.18921,8164.83,929.94
1719,17,79,4.75915,8180.89,943.858
1720,17,80,10.5588,7962.43,962.989
1721,17,81,9.30044,8010.25,977.186
1722,17,82,9.21196,8013.65,991.115
1723,17,83,8.44591,8043.27,1005.14
1724,17,84,13.0832,7862.41,1023.26
1725,17,85,12.0176,7904.32,1037.43
1726,17,86,10.3727,7969.57,1051.96
1727,17,87,9.56919,8001.71,1066.04
1728,17,88,11.279,7932.75,1080.68
1729,17,89,9.63047,7999.79,1095.31
1730,17,90,8.58703,8042.57,1109.52
1731,17,91,8.65855,8039.62,1123.42
1732,17,92,10.5703,7959.96,1138.47
1733,17,93,9.84364,7990.48,1152.53
1734,17,94,9.08778,8022.48,1166.61
1735,17,95,8.19352,8060.63,1180.78
1736,17,96,10.65,7955.01,1197.04
1737,17,97,9.68557,7996.8,1211.3
1738,17,98,9.88589,7988.05,1225.18
1739,17,99,9.58419,8001.32,1239.08
1740,17,100,11.4483,7918.68,1254.63
1741,17,101,10.3215,7969.01,1269.14
1742,17,102,10.3347,7968.42,1282.98
1743,17,103,9.60926,8001.3,1297.12
1744,17,104,11.279,7925.06,1312.63
1745,17,105,10.4057,7965.23,1326.94
1746,17,106,9.3923,8012.18,1341.45
1747,17,107,8.33597,8061.47,1356.05
1748,17,108,9.59015,8002.53,1371.02
1749,17,109,8.85899,8037.14,1385.25
1750,17,110,8.03816,8076.26,1399.6
1751,17,111,7.35617,8109,1413.8
1752,17,112,8.70571,8043.77,1429.2
1753,17,113,7.81142,8087.29,1443.74
1754,17,114,7.33444,8110.66,1457.76
1755,18,27,-55.4154,9225.33,153.838
1756,18,28,135.05,5225.56,171.568
1757,18,29,23.189,7611.92,187.444
1758,18,30,3.05513,8048.15,201.843
1759,18,31,-18.4305,8520.84,216.206
1760,18,32,65.1421,6654.38,232.772
1761,18,33,47.4838,7054.64,247.163
1762,18,34,30.7667,7439.13,261.522
1763,18,35,11.3634,7891.88,275.955
1764,18,36,69.3744,6518.95,293.237
1765,18,37,31.1742,7435.75,309.03
1766,18,38,22.0448,7657.9,323.366
1767,18,39,6.5617,8039.82,337.948
1768,18,40,32.3302,7395.61,353.442
1769,18,41,15.2527,7828.24,368.304
1770,18,42,9.13701,7985.21,382.556
1771,18,43,0.377881,8212.94,396.931
1772,18,44,20.3167,7687.89,412.649
1773,18,45,7.71204,8024.01,427.5
1774,18,46,0.377941,8222.03,441.883
1775,18,47,-3.4608,8326.96,456.036
1776,18,48,11.9136,7901.6,471.844
1777,18,49,0.998247,8207.23,486.902
1778,18,50,-1.98361,8291.72,501.034
1779,18,51,-3.60244,8338.12,515.079
1780,18,52,9.88835,7946.89,531.372
1781,18,53,5.24159,8083.19,545.697
1782,18,54,5.15493,8085.76,559.698
1783,18,55,-1.59807,8288.35,574.501
1784,18,56,6.68285,8037.17,589.853
1785,18,57,0.0255055,8241.33,604.816
1786,18,58,0.00770798,8241.88,618.789
1787,18,59,-2.23627,8312.19,632.878
1788,18,60,7.48781,8004.26,649.694
1789,18,61,4.18552,8109.93,664.023
1790,18,62,3.39359,8135.54,678
1791,18,63,1.46998,8198.38,692.082
1792,18,64,6.99404,8016.08,707.37
1793,18,65,3.96056,8117.2,721.74
1794,18,66,0.594854,8230.51,736.258
1795,18,67,-0.240477,8258.91,750.196
1796,18,68,6.78804,8017.6,767.215
1797,18,69,3.52457,8130.73,781.853
1798,18,70,3.21518,8141.56,795.772
1799,18,71,3.88316,8117.96,809.701
1800,18,72,9.22396,7927.47,826.055
1801,18,73,7.37205,7994.14,840.274
1802,18,74,7.27351,7997.72,854.163
1803,18,75,7.51746,7988.78,868.039
1804,18,76,12.7178,7796.36,885.059
1805,18,77,10.6566,7873.31,899.472
1806,18,78,9.39815,7920.72,913.563
1807,18,79,8.81845,7942.74,927.478
1808,18,80,14.6734,7718.3,946.481
1809,18,81,13.2471,7773.46,960.714
1810,18,82,13.0344,7781.75,974.626
1811,18,83,12.1293,7817.35,988.663
1812,18,84,16.7951,7632.27,1006.66
1813,18,85,15.589,7680.52,1020.87
1814,18,86,13.7929,7752.96,1035.46
1815,18,87,12.8687,7790.54,1049.56
1816,18,88,14.5338,7722.28,1064.12
1817,18,89,12.749,7796.05,1078.82
1818,18,90,11.5915,7844.27,1093.07
1819,18,91,11.5838,7844.6,1106.95
1820,18,92,13.4685,7764.81,1121.91
1821,18,93,12.6465,7799.89,1135.99
1822,18,94,11.7982,7836.36,1150.09
1823,18,95,10.8115,7879.12,1164.3
1824,18,96,13.2638,7772.03,1180.46
1825,18,97,12.21,7818.4,1194.76
1826,18,98,12.3529,7812.07,1208.61
1827,18,99,11.9837,7828.56,1222.51
1828,18,100,13.8349,7745.25,1237.97
1829,18,101,12.6245,7800.13,1252.54
1830,18,102,12.5837,7801.99,1266.36
1831,18,103,11.7892,7838.54,1280.53
1832,18,104,13.4471,7761.72,1295.96
1833,18,105,12.5047,7805.7,1310.31
1834,18,106,11.4214,7856.61,1324.88
1835,18,107,10.2965,7909.86,1339.54
1836,18,108,11.5352,7850.82,1354.43
1837,18,109,10.7458,7888.71,1368.7
1838,18,110,9.86676,7931.19,1383.1
1839,18,111,9.13136,7966.98,1397.33
1840,18,112,10.4719,7901.29,1412.66
1841,18,113,9.52223,7948.15,1427.25
1842,18,114,9.00014,7974.08,1441.29
1843,19,28,131.454,5315.45,157.169
1844,19,29,-0.0910088,8209.44,172.962
1845,19,30,-19.7005,8647.39,187.425
1846,19,31,-40.9907,9129.97,201.831
1847,19,32,57.7437,6859.07,218.427
1848,19,33,38.7174,7303.02,232.87
1849,19,34,21.0065,7722.18,247.267
1850,19,35,0.468653,8215.09,261.714
1851,19,36,66.1358,6617.18,278.97
1852,19,37,24.2555,7650.23,294.702
1853,19,38,14.905,7884,309.071
1854,19,39,-1.37268,8296.36,323.651
1855,19,40,27.4597,7556.33,339.192
1856,19,41,9.32071,8027.95,354.037
1857,19,42,3.18975,8189.4,368.31
1858,19,43,-5.79433,8428.97,382.688
1859,19,44,16.153,7836.39,398.448
1860,19,45,2.9231,8198.01,413.275
1861,19,46,-4.59279,8405.95,427.657
1862,19,47,-8.35347,8511.25,441.824
1863,19,48,8.37205,8037.36,457.674
1864,19,49,-3.01901,8363.9,472.693
1865,19,50,-5.93616,8448.5,486.838
1866,19,51,-7.41355,8491.84,500.903
1867,19,52,7.09501,8061.42,517.228
1868,19,53,2.34233,8204,531.553
1869,19,54,2.41193,8201.89,545.579
1870,19,55,-4.55783,8415.62,560.353
1871,19,56,4.3147,8140.58,575.743
1872,19,57,-2.5626,8356.06,590.672
1873,19,58,-2.45188,8352.56,604.668
1874,19,59,-4.68534,8424.03,618.762
1875,19,60,5.61842,8090.87,635.6
1876,19,61,2.24948,8200.93,649.926
1877,19,62,1.50955,8225.34,663.918
1878,19,63,-0.415816,8289.52,678.005
1879,19,64,5.43042,8092.7,693.323
1880,19,65,2.33439,8197.96,707.686
1881,19,66,-1.1038,8316.01,722.188
1882,19,67,-1.90389,8343.75,736.137
1883,19,68,5.4723,8085.58,753.172
1884,19,69,2.13245,8203.59,767.793
1885,19,70,1.86471,8213.14,781.728
1886,19,71,2.60884,8186.35,795.678
1887,19,72,8.19466,7983.4,812.047
1888,19,73,6.31283,8052.4,826.266
1889,19,74,6.2486,8054.77,840.17
1890,19,75,6.53708,8044,854.065
1891,19,76,11.9505,7840.1,871.087
1892,19,77,9.8455,7920.09,885.496
1893,19,78,8.57212,7968.9,899.591
1894,19,79,8.00049,7991,913.516
1895,19,80,14.0707,7754.27,932.498
1896,19,81,12.6182,7811.4,946.733
1897,19,82,12.4186,7819.31,960.659
1898,19,83,11.5046,7855.87,974.703
1899,19,84,16.3307,7661.22,992.686
1900,19,85,15.1025,7711.17,1006.9
1901,19,86,13.2678,7786.39,1021.48
1902,19,87,12.3321,7825.07,1035.59
1903,19,88,14.06,7753.07,1050.16
1904,19,89,12.2383,7829.58,1064.86
1905,19,90,11.0629,7879.34,1079.11
1906,19,91,11.0694,7879.06,1093
1907,19,92,13.019,7795.23,1107.97
1908,19,93,12.187,7831.28,1122.06
1909,19,94,11.3285,7868.77,1136.16
1910,19,95,10.3284,7912.78,1150.36
1911,19,96,12.856,7800.72,1166.53
1912,19,97,11.7858,7848.52,1180.83
1913,19,98,11.9429,7841.45,1194.7
1914,19,99,11.5747,7858.15,1208.6
1915,19,100,13.4811,7771.09,1224.08
1916,19,101,12.2499,7827.72,1238.63
1917,19,102,12.2171,7829.24,1252.47
1918,19,103,11.4125,7866.79,1266.64
1919,19,104,13.1178,7786.64,1282.07
1920,19,105,12.1613,7831.91,1296.43
1921,19,106,11.0612,7884.35,1310.98
1922,19,107,9.91907,7939.17,1325.64
1923,19,108,11.1936,7877.57,1340.54
1924,19,109,10.3945,7916.46,1354.8
1925,19,110,9.50393,7960.1,1369.2
1926,19,111,8.76052,7996.77,1383.43
1927,19,112,10.1375,7928.38,1398.76
1928,19,113,9.17484,7976.52,1413.34
1929,19,114,8.64911,8002.98,1427.39
1930,20,29,-52.723,9577.87,158.244
1931,20,30,-66.3284,9890.8,172.764
1932,20,31,-83.3957,10289,187.2
1933,20,32,37.0525,7438.43,203.929
1934,20,33,18.264,7889.35,218.41
1935,20,34,0.918803,8311.42,232.832
1936,20,35,-19.6753,8819.41,247.276
1937,20,36,56.0873,6925.34,264.587
1938,20,37,10.6701,8075.91,280.224
1939,20,38,1.76539,8304.46,294.617
1940,20,39,-14.8261,8735.84,309.178
1941,20,40,18.0335,7870.54,324.805
1942,20,41,-0.897571,8375.37,339.613
1943,20,42,-6.67312,8531.31,353.9
1944,20,43,-15.584,8774.87,368.268
1945,20,44,8.90237,8097.42,384.108
1946,20,45,-4.78751,8480.73,398.893
1947,20,46,-12.289,8693.27,413.262
1948,20,47,-15.7685,8793.02,427.436
1949,20,48,2.62184,8259.7,443.36
1950,20,49,-9.14528,8604.87,458.324
1951,20,50,-11.8554,8685.27,472.476
1952,20,51,-13.0552,8721.26,486.556
1953,20,52,2.67461,8244.13,502.946
1954,20,53,-2.09761,8390.47,517.262
1955,20,54,-1.77032,8380.33,531.313
1956,20,55,-8.89494,8603.57,546.044
1957,20,56,0.691627,8299.99,561.493
1958,20,57,-6.35695,8525.55,576.376
1959,20,58,-6.04597,8515.49,590.393
1960,20,59,-8.2114,8586.23,604.486
1961,20,60,2.76698,8223.94,621.375
1962,20,61,-0.626596,8337.06,635.689
1963,20,62,-1.26717,8358.63,649.694
1964,20,63,-3.15384,8422.77,663.781
1965,20,64,3.07391,8208.95,679.144
1966,20,65,-0.0542662,8317.4,693.492
1967,20,66,-3.53712,8439.3,707.969
1968,20,67,-4.26916,8465.16,721.926
1969,20,68,3.50464,8187.9,739.002
1970,20,69,0.109908,8310.11,753.598
1971,20,70,-0.0890207,8317.34,767.545
1972,20,71,0.758882,8286.25,781.519
1973,20,72,6.62529,8069.19,797.923
1974,20,73,4.73189,8139.88,812.134
1975,20,74,4.72281,8140.22,826.054
1976,20,75,5.07608,8126.79,839.966
1977,20,76,10.7307,7910.03,857.012
1978,20,77,8.59519,7992.61,871.408
1979,20,78,7.32103,8042.3,885.502
1980,20,79,6.77205,8063.89,899.435
1981,20,80,13.0815,7813.61,918.422
1982,20,81,11.6141,7872.31,932.654
1983,20,82,11.4401,7879.33,946.592
1984,20,83,10.5281,7916.42,960.639
1985,20,84,15.5327,7711.23,978.627
1986,20,85,14.2914,7762.54,992.839
1987,20,86,12.4262,7840.25,1007.41
1988,20,87,11.4877,7879.67,1021.52
1989,20,88,13.2902,7803.36,1036.12
1990,20,89,11.4385,7882.37,1050.79
1991,20,90,10.2525,7933.37,1065.04
1992,20,91,10.2817,7932.1,1078.94
1993,20,92,12.3062,7843.7,1093.93
1994,20,93,11.471,7880.45,1108.02
1995,20,94,10.6087,7918.68,1122.13
1996,20,95,9.60122,7963.68,1136.32
1997,20,96,12.2134,7846.13,1152.51
1998,20,97,11.1322,7895.14,1166.8
1999,20,98,11.3099,7887.03,1180.68
2000,20,99,10.9482,7903.67,1194.59
2001,20,100,12.9172,7812.44,1210.08
2002,20,101,11.6698,7870.65,1224.63
2003,20,102,11.6502,7871.57,1238.47
2004,20,103,10.8399,7909.93,1252.64
2005,20,104,12.5988,7826.09,1268.09
2006,20,105,11.6321,7872.49,1282.44
2007,20,106,10.5188,7926.29,1296.98
2008,20,107,9.36311,7982.54,1311.62
2009,20,108,10.6788,7918.07,1326.54
2010,20,109,9.87333,7957.81,1340.8
2011,20,110,8.97467,8002.44,1355.18
2012,20,111,8.2266,8039.84,1369.4
2013,20,112,9.64469,7968.47,1384.76
2014,20,113,8.67202,8017.75,1399.33
2015,20,114,8.14581,8044.58,1413.37
2016,21,30,89.2593,5689.93,156.398
2017,21,31,40.8002,6852.95,170.936
2018,21,32,160.624,3937.24,187.07
2019,21,33,119.934,4940.93,201.668
2020,21,34,85.5865,5799.61,216.208
2021,21,35,50.9574,6676.88,230.817
2022,21,36,127.361,4715.85,247.641
2023,21,37,68.2157,6253.63,263.785
2024,21,38,51.9276,6682.55,278.238
2025,21,39,28.3094,7312.37,292.956
2026,21,40,60.1414,6452.91,308.276
2027,21,41,35.3971,7129.25,323.302
2028,21,42,25.797,7394.85,337.633
2029,21,43,13.2878,7745.11,352.095
2030,21,44,37.4087,7061.69,367.66
2031,21,45,20.3431,7550.9,382.637
2032,21,46,10.3315,7841.24,397.096
2033,21,47,4.91859,8000.01,411.299
2034,21,48,23.1449,7459.3,426.981
2035,21,49,9.15089,7879.12,442.144
2036,21,50,5.04037,8003.81,456.32
2037,21,51,2.67313,8076.4,470.396
2038,21,52,18.403,7588.78,486.556
2039,21,53,12.3883,7777.24,500.946
2040,21,54,11.8828,7793.25,514.962
2041,21,55,3.57083,8059.23,529.84
2042,21,56,12.9974,7754.43,545.108
2043,21,57,4.90269,8018.86,560.15
2044,21,58,4.63742,8027.62,574.135
2045,21,59,1.81308,8121.76,588.257
2046,21,60,12.8392,7750.55,604.951
2047,21,61,8.78871,7888.26,619.333
2048,21,62,7.66928,7926.7,633.329
2049,21,63,5.27921,8009.55,647.444
2050,21,64,11.4067,7795.09,662.655
2051,21,65,7.76917,7923.62,677.077
2052,21,66,3.79474,8065.37,691.647
2053,21,67,2.71955,8104.08,705.602
2054,21,68,10.5261,7820.44,722.512
2055,21,69,6.70618,7960.51,737.208
2056,21,70,6.23545,7977.92,751.138
2057,21,71,6.86858,7954.29,765.059
2058,21,72,12.7256,7733.67,781.314
2059,21,73,10.5306,7817.08,795.574
2060,21,74,10.3064,7825.68,809.468
2061,21,75,10.4695,7819.37,823.34
2062,21,76,16.1335,7598.47,840.244
2063,21,77,13.7334,7692.88,854.711
2064,21,78,12.2381,7752.19,868.834
2065,21,79,11.5039,7781.56,882.764
2066,21,80,17.866,7524.96,901.622
2067,21,81,16.1936,7592.97,915.897
2068,21,82,15.8661,7606.39,929.816
2069,21,83,14.7847,7651.09,943.88
2070,21,84,19.8127,7441.59,961.745
2071,21,85,18.4015,7500.86,975.994
2072,21,86,16.3552,7587.48,990.643
2073,21,87,15.2715,7633.73,1004.77
2074,21,88,17.0157,7558.72,1019.28
2075,21,89,15.0023,7645.97,1034.04
2076,21,90,13.6806,7703.69,1048.33
2077,21,91,13.6141,7706.61,1062.21
2078,21,92,15.6023,7618.47,1077.1
2079,21,93,14.6539,7660.83,1091.22
2080,21,94,13.6822,7704.56,1105.35
2081,21,95,12.5659,7755.16,1119.58
2082,21,96,15.1688,7636.3,1135.67
2083,21,97,13.9828,7690.85,1150.01
2084,21,98,14.0919,7685.8,1163.85
2085,21,99,13.6507,7706.39,1177.76
2086,21,100,15.6013,7614.71,1193.16
2087,21,101,14.2568,7678.35,1207.77
2088,21,102,14.1736,7682.31,1221.59
2089,21,103,13.283,7725.06,1235.79
2090,21,104,15.0256,7640.84,1251.15
2091,21,105,13.9791,7691.77,1265.55
2092,21,106,12.7853,7750.26,1280.16
2093,21,107,11.551,7811.16,1294.87
2094,21,108,12.8468,7746.79,1309.71
2095,21,109,11.9745,7790.41,1324.01
2096,21,110,11.0092,7839,1338.44
2097,21,111,10.2,7880,1352.7
2098,21,112,11.606,7808.29,1367.98
2099,21,113,10.5702,7861.46,1382.61
2100,21,114,9.99245,7891.31,1396.67
2101,22,31,-51.7271,9443.71,155.86
2102,22,32,106.706,5482.89,172.347
2103,22,33,68.2204,6457.85,186.894
2104,22,34,36.5448,7270.86,201.361
2105,22,35,3.97471,8117.68,215.853
2106,22,36,96.8301,5672.49,232.972
2107,22,37,34.1078,7345.09,248.871
2108,22,38,19.9161,7728.26,263.278
2109,22,39,-2.76951,8348.33,277.882
2110,22,40,35.6847,7284.44,293.405
2111,22,41,10.9116,7978.08,308.293
2112,22,42,2.72918,8209.92,322.574
2113,22,43,-8.82014,8541,336.949
2114,22,44,19.3206,7724.91,352.72
2115,22,45,2.34027,8223.01,367.565
2116,22,46,-7.03206,8501.05,381.94
2117,22,47,-11.5257,8635.86,396.093
2118,22,48,9.26884,8005.09,411.974
2119,22,49,-4.73361,8434.5,426.998
2120,22,50,-8.17007,8541.03,441.13
2121,22,51,-9.81442,8592.55,455.178
2122,22,52,7.73593,8036.79,471.544
2123,22,53,2.01202,8219.96,485.865
2124,22,54,2.10468,8216.96,499.878
2125,22,55,-6.121,8485.67,514.643
2126,22,56,4.3981,8138.54,530.054
2127,22,57,-3.66863,8407.43,544.981
2128,22,58,-3.48492,8401.24,558.962
2129,22,59,-6.03042,8487.79,573.035
2130,22,60,5.96332,8076.01,589.924
2131,22,61,2.05415,8211.52,604.243
2132,22,62,1.20863,8241.12,618.22
2133,22,63,-0.987602,8318.72,632.291
2134,22,64,5.71639,8079.61,647.62
2135,22,65,2.17214,8207.2,661.976
2136,22,66,-1.73017,8348.98,676.467
2137,22,67,-2.61189,8381.31,690.397
2138,22,68,5.75368,8071.79,707.482
2139,22,69,1.97349,8212.92,722.102
2140,22,70,1.67671,8224.09,736.02
2141,22,71,2.51752,8192.14,749.954
2142,22,72,8.77489,7952.28,766.344
2143,22,73,6.64736,8034.54,780.558
2144,22,74,6.56126,8037.9,794.445
2145,22,75,6.86909,8025.79,808.321
2146,22,76,12.87,7787.76,825.361
2147,22,77,10.5007,7882.53,839.775
2148,22,78,9.06643,7940.38,853.863
2149,22,79,8.41621,7966.82,867.775
2150,22,80,15.0986,7692.84,886.788
2151,22,81,13.4627,7760.46,901.027
2152,22,82,13.2141,7770.82,914.941
2153,22,83,12.1833,7814.11,928.98
2154,22,84,17.4535,7591.01,946.964
2155,22,85,16.072,7649.95,961.182
2156,22,86,14.0344,7737.56,975.783
2157,22,87,12.9881,7782.9,989.885
2158,22,88,14.8526,7701.49,1004.44
2159,22,89,12.8436,7789.89,1019.15
2160,22,90,11.5461,7847.41,1033.4
2161,22,91,11.5387,7847.74,1047.28
2162,22,92,13.6414,7753.12,1062.23
2163,22,93,12.7211,7794.84,1076.32
2164,22,94,11.7758,7838.01,1090.42
2165,22,95,10.6808,7888.37,1104.62
2166,22,96,13.4034,7762.23,1120.79
2167,22,97,12.2326,7816.86,1135.09
2168,22,98,12.39,7809.47,1148.94
2169,22,99,11.9812,7828.82,1162.83
2170,22,100,14.0234,7731.47,1178.3
2171,22,101,12.6848,7795.73,1192.87
2172,22,102,12.6383,7797.97,1206.69
2173,22,103,11.7634,7840.55,1220.86
2174,22,104,13.5846,7751.31,1236.28
2175,22,105,12.5475,7802.48,1250.64
2176,22,106,11.3594,7861.49,1265.21
2177,22,107,10.1294,7922.98,1279.87
2178,22,108,11.4878,7854.61,1294.76
2179,22,109,10.6265,7898.25,1309.03
2180,22,110,9.66982,7947.04,1323.42
2181,22,111,8.87237,7987.98,1337.65
2182,22,112,10.3385,7912.23,1352.98
2183,22,113,9.30775,7965.83,1367.57
2184,22,114,8.74468,7995.29,1381.6
2185,23,32,83.4896,6156.16,157.838
2186,23,33,42.228,7228.96,172.439
2187,23,34,9.60518,8088.03,186.942
2188,23,35,-23.8311,8979.66,201.434
2189,23,36,86.2616,6007.16,218.597
2190,23,37,16.5854,7911.64,234.388
2191,23,38,2.81009,8292.76,248.825
2192,23,39,-20.532,8946.34,263.412
2193,23,40,24.1685,7679.82,279.028
2194,23,41,-1.99997,8429.99,293.877
2195,23,42,-9.70951,8653.56,308.176
2196,23,43,-21.1741,8989.86,322.542
2197,23,44,10.648,8045.8,338.4
2198,23,45,-7.05479,8576.89,353.2
2199,23,46,-16.4252,8861.12,367.564
2200,23,47,-20.5269,8986.91,381.726
2201,23,48,2.55962,8271.22,397.687
2202,23,49,-11.9831,8726.9,412.651
2203,23,50,-15.1472,8827.09,426.793
2204,23,51,-16.4238,8867.94,440.86
2205,23,52,2.73724,8248.4,457.293
2206,23,53,-3.03345,8436.91,471.605
2207,23,54,-2.61966,8423.26,485.646
2208,23,55,-11.0575,8704.52,500.367
2209,23,56,0.370709,8319.77,515.839
2210,23,57,-7.92684,8601.89,530.718
2211,23,58,-7.49636,8587.11,544.723
2212,23,59,-9.96262,8672.6,558.797
2213,23,60,2.86934,8223.49,575.735
2214,23,61,-1.08164,8363.09,590.043
2215,23,62,-1.81264,8389.16,604.035
2216,23,63,-3.96863,8466.77,618.106
2217,23,64,3.19655,8206.44,633.482
2218,23,65,-0.395343,8338.14,647.823
2219,23,66,-4.35833,8484.77,662.289
2220,23,67,-5.16243,8514.79,676.228
2221,23,68,3.67776,8181.81,693.352
2222,23,69,-0.17496,8328.22,707.946
2223,23,70,-0.394587,8336.63,721.879
2224,23,71,0.565085,8299.53,735.838
2225,23,72,7.15085,8042.68,752.26
2226,23,73,5.00358,8127.14,766.468
2227,23,74,4.97738,8128.18,780.371
2228,23,75,5.3566,8113.01,794.266
2229,23,76,11.6357,7859.75,811.325
2230,23,77,9.22526,7957.78,825.728
2231,23,78,7.78527,8016.82,839.817
2232,23,79,7.15719,8042.78,853.736
2233,23,80,14.1134,7752.94,872.748
2234,23,81,12.4555,7822.57,886.985
2235,23,82,12.2322,7832.02,900.912
2236,23,83,11.1998,7876.07,914.954
2237,23,84,16.6717,7640.78,932.938
2238,23,85,15.2712,7701.47,947.157
2239,23,86,13.1949,7792.13,961.746
2240,23,87,12.1423,7838.45,975.85
2241,23,88,14.0888,7752.15,990.429
2242,23,89,12.0427,7843.55,1005.12
2243,23,90,10.7306,7902.59,1019.37
2244,23,91,10.7466,7901.86,1033.26
2245,23,92,12.932,7802.06,1048.24
2246,23,93,12.0058,7844.67,1062.32
2247,23,94,11.0541,7888.77,1076.42
2248,23,95,9.9489,7940.34,1090.62
2249,23,96,12.7648,7807.99,1106.8
2250,23,97,11.5799,7864.08,1121.1
2251,23,98,11.7586,7855.56,1134.96
2252,23,99,11.3555,7874.91,1148.86
2253,23,100,13.4661,7772.9,1164.34
2254,23,101,12.1077,7839.01,1178.9
2255,23,102,12.0746,7840.63,1192.73
2256,23,103,11.192,7884.17,1206.89
2257,23,104,13.0715,7790.82,1222.34
2258,23,105,12.0218,7843.31,1236.69
2259,23,106,10.8179,7903.9,1251.24
2260,23,107,9.57175,7967.04,1265.89
2261,23,108,10.9747,7895.49,1280.8
2262,23,109,10.1054,7940.11,1295.06
2263,23,110,9.13879,7990.06,1309.44
2264,23,111,8.33535,8031.84,1323.66
2265,23,112,9.84597,7952.78,1339.01
2266,23,113,8.80341,8007.69,1353.59
2267,23,114,8.23906,8037.6,1367.62
2268,24,33,-35.227,9552.61,157.519
2269,24,34,-59.6986,10213.3,172.002
2270,24,35,-87.157,10963.9,186.43
2271,24,36,49.6155,7179.83,203.899
2272,24,37,-24.7793,9262.89,219.489
2273,24,38,-34.876,9548.96,233.923
2274,24,39,-56.425,10166.7,248.442
2275,24,40,-2.24296,8595.42,264.265
2276,24,41,-28.3844,9362.24,279.019
2277,24,42,-34.1282,9532.64,293.309
2278,24,43,-44.2974,9837.71,307.629
2279,24,44,-7.2424,8713.71,323.678
2280,24,45,-24.9281,9256.07,338.388
2281,24,46,-33.5592,9523.64,352.707
2282,24,47,-36.5748,9618.13,366.856
2283,24,48,-10.3576,8787.91,382.989
2284,24,49,-25.0253,9257.28,397.852
2285,24,50,-27.4577,9335.93,411.984
2286,24,51,-27.9461,9351.88,426.054
2287,24,52,-6.66903,8649.74,442.647
2288,24,53,-12.1974,8834.02,456.925
2289,24,54,-11.1656,8799.28,470.986
2290,24,55,-19.5968,9085.94,485.629
2291,24,56,-6.95837,8652.02,501.218
2292,24,57,-15.3129,8941.64,516.017
2293,24,58,-14.4357,8910.94,530.039
2294,24,59,-16.6535,8989.31,544.095
2295,24,60,-2.76626,8493.99,561.165
2296,24,61,-6.62857,8633.04,575.44
2297,24,62,-7.1126,8650.62,589.435
2298,24,63,-9.11139,8723.91,603.49
2299,24,64,-1.34582,8436.59,618.956
2300,24,65,-4.89245,8568.99,633.259
2301,24,66,-8.8306,8717.33,647.677
2302,24,67,-9.46797,8741.55,661.613
2303,24,68,-0.0435221,8380.28,678.846
2304,24,69,-3.90195,8529.47,693.393
2305,24,70,-3.97233,8532.22,707.333
2306,24,71,-2.8236,8487.03,721.315
2307,24,72,4.16928,8209.65,737.822
2308,24,73,2.05538,8294.21,752.007
2309,24,74,2.14378,8290.64,765.921
2310,24,75,2.64656,8270.19,779.832
2311,24,76,9.26491,7998.84,796.966
2312,24,77,6.85297,8098.54,811.34
2313,24,78,5.44688,8157.12,825.415
2314,24,79,4.87988,8180.94,839.334
2315,24,80,12.1601,7872.74,858.414
2316,24,81,10.5124,7943.04,872.636
2317,24,82,10.3473,7950.14,886.57
2318,24,83,9.34336,7993.65,900.605
2319,24,84,15.0555,7744.21,918.642
2320,24,85,13.662,7805.53,932.849
2321,24,86,11.5709,7898.24,947.411
2322,24,87,10.5361,7944.46,961.506
2323,24,88,12.592,7851.94,976.121
2324,24,89,10.5292,7945.45,990.783
2325,24,90,9.22314,8005.1,1005.01
2326,24,91,9.28393,8002.3,1018.91
2327,24,92,11.5751,7896.15,1033.93
2328,24,93,10.6612,7938.79,1048
2329,24,94,9.72052,7983,1062.09
2330,24,95,8.62168,8035.02,1076.27
2331,24,96,11.5511,7895.38,1092.5
2332,24,97,10.3669,7952.22,1106.78
2333,24,98,10.5828,7941.79,1120.66
2334,24,99,10.2,7960.42,1134.55
2335,24,100,12.3955,7852.84,1150.08
2336,24,101,11.0297,7920.22,1164.61
2337,24,102,11.023,7920.55,1178.45
2338,24,103,10.1446,7964.47,1192.59
2339,24,104,12.0964,7866.23,1208.08
2340,24,105,11.0449,7919.51,1222.41
2341,24,106,9.8355,7981.18,1236.94
2342,24,107,8.5831,8045.47,1251.55
2343,24,108,10.0423,7970.08,1266.5
2344,24,109,9.17449,8015.21,1280.74
2345,24,110,8.20705,8065.84,1295.1
2346,24,111,7.40653,8108,1309.3
2347,24,112,8.97197,8025.03,1324.69
2348,24,113,7.92567,8080.83,1339.24
2349,24,114,7.36821,8110.75,1353.26
2350,25,34,142.672,3939.84,153.889
2351,25,35,73.4269,5878.72,168.517
2352,25,36,206.231,2115.94,185.329
2353,25,37,96.296,5267.4,201.844
2354,25,38,67.4604,6103.64,216.303
2355,25,39,29.3933,7220.27,231.006
2356,25,40,79.6208,5730.19,246.35
2357,25,41,40.7729,6895.63,261.417
2358,25,42,26.7068,7322.3,275.704
2359,25,43,9.06342,7863.36,290.104
2360,25,44,44.4879,6765.2,305.753
2361,25,45,20.1911,7526.5,320.73
2362,25,46,6.67364,7954.56,335.131
2363,25,47,-0.102729,8171.4,349.259
2364,25,48,25.26,7351.34,365.054
2365,25,49,6.56941,7961.9,380.206
2366,25,50,1.51955,8128.54,394.315
2367,25,51,-1.15153,8217.58,408.32
2368,25,52,19.7315,7514.52,424.623
2369,25,53,12.0011,7777.35,438.972
2370,25,54,11.4884,7794.95,452.93
2371,25,55,1.05178,8156.76,467.775
2372,25,56,13.1895,7731.93,483.107
2373,25,57,3.10761,8088.16,498.132
2374,25,58,2.95279,8093.68,512.06
2375,25,59,-0.385323,8213.86,526.116
2376,25,60,13.3696,7714.09,542.97
2377,25,61,8.42634,7895.35,557.317
2378,25,62,7.12447,7943.52,571.258
2379,25,63,4.29307,8049.22,585.318
2380,25,64,11.7767,7767.34,600.571
2381,25,65,7.41694,7933.01,614.962
2382,25,66,2.7051,8113.63,629.497
2383,25,67,1.50155,8160.17,643.392
2384,25,68,10.8558,7795.35,660.456
2385,25,69,6.34143,7972.92,675.136
2386,25,70,5.82263,7993.5,689.014
2387,25,71,6.60343,7962.26,702.889
2388,25,72,13.4949,7684.31,719.227
2389,25,73,10.9141,7789.26,733.46
2390,25,74,10.6517,7800.02,747.304
2391,25,75,10.8405,7792.21,761.126
2392,25,76,17.3983,7518.97,778.121
2393,25,77,14.5884,7636.99,792.584
2394,25,78,12.8437,7710.85,806.678
2395,25,79,11.9871,7747.39,820.565
2396,25,80,19.2736,7434.08,839.577
2397,25,81,17.3184,7518.8,853.842
2398,25,82,16.913,7536.51,867.724
2399,25,83,15.6524,7591.97,881.763
2400,25,84,21.3447,7339.61,899.704
2401,25,85,19.6992,7413.11,913.948
2402,25,86,17.3459,7519.01,928.611
2403,25,87,16.095,7575.72,942.719
2404,25,88,18.0414,7486.83,957.201
2405,25,89,15.7474,7592.35,971.978
2406,25,90,14.2437,7662.03,986.252
2407,25,91,14.1564,7666.1,1000.09
2408,25,92,16.3716,7561.98,1014.98
2409,25,93,15.2922,7613.08,1029.07
2410,25,94,14.1924,7665.5,1043.18
2411,25,95,12.9366,7725.78,1057.4
2412,25,96,15.8276,7586.05,1073.52
2413,25,97,14.4938,7650.96,1087.85
2414,25,98,14.6039,7645.57,1101.66
2415,25,99,14.1037,7670.24,1115.53
2416,25,100,16.2542,7563.43,1130.94
2417,25,101,14.7527,7638.51,1145.56
2418,25,102,14.6504,7643.66,1159.35
2419,25,103,13.658,7693.94,1173.53
2420,25,104,15.5708,7596.39,1188.9
2421,25,105,14.4074,7656.11,1203.3
2422,25,106,13.0865,7724.35,1217.91
2423,25,107,11.7256,7795.12,1232.62
2424,25,108,13.1447,7720.85,1247.46
2425,25,109,12.1835,7771.48,1261.75
2426,25,110,11.1236,7827.65,1276.17
2427,25,111,10.2376,7874.9,1290.41
2428,25,112,11.7743,7792.44,1305.71
2429,25,113,10.6415,7853.61,1320.33
2430,25,114,10.0113,7887.85,1334.37
2431,26,35,-4.20966,8363.09,153.755
2432,26,36,166.856,3402.18,170.879
2433,26,37,45.1614,6971.89,187.072
2434,26,38,19.7564,7725.57,201.486
2435,26,39,-16.934,8826.28,216.06
2436,26,40,46.1675,6912.21,231.647
2437,26,41,6.64519,8124.22,246.553
2438,26,42,-5.06073,8487.11,260.792
2439,26,43,-21.1347,8990.76,275.098
2440,26,44,21.1974,7650.24,290.99
2441,26,45,-3.20003,8430.96,305.818
2442,26,46,-15.7771,8837.62,320.131
2443,26,47,-21.1286,9012.43,334.212
2444,26,48,8.26792,8042.35,350.236
2445,26,49,-10.5642,8670.08,365.233
2446,26,50,-14.6473,8807.55,379.303
2447,26,51,-16.2803,8863.07,393.287
2448,26,52,7.27024,8054.5,409.813
2449,26,53,-0.122147,8310.77,424.094
2450,26,54,0.165831,8300.69,438.055
2451,26,55,-10.2117,8667.37,452.779
2452,26,56,3.4358,8180.61,468.268
2453,26,57,-6.66664,8544.29,483.172
2454,26,58,-6.23847,8528.74,497.102
2455,26,59,-9.23228,8638.51,511.113
2456,26,60,5.81423,8081.79,528.166
2457,26,61,1.01605,8260.92,542.451
2458,26,62,0.0443597,8297.52,556.378
2459,26,63,-2.56342,8396.62,570.397
2460,26,64,5.6556,8081.55,585.773
2461,26,65,1.3839,8246.73,600.098
2462,26,66,-3.26349,8427.98,614.555
2463,26,67,-4.24014,8466.39,628.428
2464,26,68,5.81621,8067.49,645.664
2465,26,69,1.32575,8247.11,660.268
2466,26,70,1.00681,8259.97,674.14
2467,26,71,2.03095,8218.32,688.032
2468,26,72,9.41024,7915.77,704.501
2469,26,73,6.89208,8019.86,718.69
2470,26,74,6.78312,8024.4,732.533
2471,26,75,7.13427,8009.65,746.362
2472,26,76,14.0945,7715,763.483
2473,26,77,11.3036,7834.07,777.895
2474,26,78,9.6171,7906.6,791.957
2475,26,79,8.84828,7939.91,805.829
2476,26,80,16.5138,7605.18,824.977
2477,26,81,14.5874,7689.95,839.209
2478,26,82,14.2635,7704.3,853.089
2479,26,83,13.0509,7758.47,867.105
2480,26,84,19.0243,7489.66,885.151
2481,26,85,17.4013,7563.24,899.366
2482,26,86,15.0463,7670.79,913.983
2483,26,87,13.8291,7726.78,928.068
2484,26,88,15.9093,7630.4,942.596
2485,26,89,13.6102,7737.68,957.322
2486,26,90,12.126,7807.44,971.563
2487,26,91,12.1002,7808.66,985.405
2488,26,92,14.443,7696.99,1000.35
2489,26,93,13.3885,7747.6,1014.42
2490,26,94,12.312,7799.64,1028.5
2491,26,95,11.0741,7859.88,1042.69
2492,26,96,14.0989,7711.66,1058.88
2493,26,97,12.7761,7776.92,1073.18
2494,26,98,12.9363,7768.97,1086.99
2495,26,99,12.4677,7792.4,1100.86
2496,26,100,14.7192,7679.07,1116.33
2497,26,101,13.2185,7755.11,1130.9
2498,26,102,13.1534,7758.43,1144.69
2499,26,103,12.1739,7808.71,1158.85
2500,26,104,14.1727,7705.44,1174.28
2501,26,105,13.0152,7765.63,1188.63
2502,26,106,11.6961,7834.66,1203.21
2503,26,107,10.3359,7906.3,1217.87
2504,26,108,11.8227,7827.5,1232.76
2505,26,109,10.8701,7878.3,1247.01
2506,26,110,9.81613,7934.87,1261.4
2507,26,111,8.93996,7982.18,1275.61
2508,26,112,10.5418,7895.15,1290.96
2509,26,113,9.41127,7956.95,1305.55
2510,26,114,8.79455,7990.87,1319.56
2511,27,36,151.156,3920.28,156.523
2512,27,37,10.1895,8149.28,172.542
2513,27,38,-13.621,8871.53,186.992
2514,27,39,-50.8211,10012.3,201.536
2515,27,40,26.136,7626.66,217.264
2516,27,41,-15.9851,8946.46,232.109
2517,27,42,-26.3255,9273.9,246.368
2518,27,43,-41.7888,9768.73,260.66
2519,27,44,7.54173,8173.71,276.675
2520,27,45,-17.9864,9007.63,291.441
2521,27,46,-30.3425,9415.38,305.737
2522,27,47,-34.8164,9564.51,319.829
2523,27,48,-1.50321,8442.96,335.962
2524,27,49,-21.1232,9110.04,350.883
2525,27,50,-24.6667,9231.71,364.964
2526,27,51,-25.6287,9265.06,378.97
2527,27,52,0.452464,8352.21,395.585
2528,27,53,-6.98249,8614.91,409.853
2529,27,54,-6.18392,8586.43,423.846
2530,27,55,-16.8393,8970.02,438.516
2531,27,56,-1.84005,8425.05,454.079
2532,27,57,-12.2539,8806.89,468.925
2533,27,58,-11.4498,8777.14,482.884
2534,27,59,-14.3092,8883.89,496.893
2535,27,60,1.92106,8272.55,514.008
2536,27,61,-2.92883,8456.85,528.279
2537,27,62,-3.73534,8487.77,542.221
2538,27,63,-6.27978,8586.15,556.24
2539,27,64,2.56742,8241.11,571.671
2540,27,65,-1.76497,8411.52,585.976
2541,27,66,-6.48729,8598.84,600.403
2542,27,67,-7.35432,8633.52,614.287
2543,27,68,3.3292,8202.62,631.568
2544,27,69,-1.25444,8389.02,646.143
2545,27,70,-1.4706,8397.88,660.031
2546,27,71,-0.290836,8349.12,673.949
2547,27,72,7.51024,8024.07,690.454
2548,27,73,4.96577,8130.94,704.636
2549,27,74,4.93253,8132.35,718.496
2550,27,75,5.37356,8113.53,732.345
2551,27,76,12.6827,7799.24,749.487
2552,27,77,9.83769,7922.52,763.886
2553,27,78,8.14266,7996.54,777.947
2554,27,79,7.40047,8029.19,791.828
2555,27,80,15.4035,7674.39,810.973
2556,27,81,13.4474,7761.76,825.202
2557,27,82,13.1527,7775.02,839.095
2558,27,83,11.9365,7830.16,853.114
2559,27,84,18.1543,7546.21,871.159
2560,27,85,16.5058,7622.04,885.374
2561,27,86,14.1021,7733.42,899.977
2562,27,87,12.876,7790.63,914.064
2563,27,88,15.054,7688.27,928.615
2564,27,89,12.7091,7799.26,943.323
2565,27,90,11.2067,7870.88,957.559
2566,27,91,11.2084,7870.79,971.414
2567,27,92,13.6492,7752.82,986.379
2568,27,93,12.5869,7804.52,1000.45
2569,27,94,11.5023,7857.66,1014.53
2570,27,95,10.252,7919.35,1028.71
2571,27,96,13.3868,7763.65,1044.92
2572,27,97,12.0467,7830.65,1059.21
2573,27,98,12.2316,7821.35,1073.04
2574,27,99,11.7695,7844.76,1086.91
2575,27,100,14.1007,7725.87,1102.4
2576,27,101,12.5765,7804.11,1116.96
2577,27,102,12.5266,7806.69,1130.76
2578,27,103,11.5379,7858.1,1144.91
2579,27,104,13.6043,7749.96,1160.36
2580,27,105,12.4319,7811.71,1174.71
2581,27,106,11.0944,7882.6,1189.26
2582,27,107,9.71545,7956.14,1203.91
2583,27,108,11.2536,7873.59,1218.82
2584,27,109,10.2918,7925.53,1233.07
2585,27,110,9.2265,7983.41,1247.44
2586,27,111,8.34359,8031.68,1261.64
2587,27,112,9.99654,7940.76,1277.01
2588,27,113,8.85256,8004.06,1291.59
2589,27,114,8.23453,8038.47,1305.59
2590,28,37,-74.5912,11031.8,157.527
2591,28,38,-87.3162,11426.3,171.975
2592,28,39,-118.434,12401.3,186.429
2593,28,40,-19.2353,9260.03,202.467
2594,28,41,-60.892,10593,217.186
2595,28,42,-66.6235,10778.4,231.436
2596,28,43,-78.9825,11182.1,245.675
2597,28,44,-19.4726,9218.26,261.956
2598,28,45,-44.8356,10063.7,276.61
2599,28,46,-55.6662,10428.3,290.853
2600,28,47,-58.0551,10509.6,304.935
2601,28,48,-19.356,9180.88,321.293
2602,28,49,-39.1367,9866.61,336.094
2603,28,50,-41.4219,9946.59,350.168
2604,28,51,-41.0678,9934.08,364.184
2605,28,52,-11.665,8885.38,380.993
2606,28,53,-18.7398,9140.07,395.223
2607,28,54,-17.0111,9077.27,409.243
2608,28,55,-27.6542,9467.51,423.825
2609,28,56,-10.8747,8846.67,439.526
2610,28,57,-21.3805,9238.89,454.281
2611,28,58,-19.9357,9184.46,468.263
2612,28,59,-22.4434,9279.76,482.255
2613,28,60,-4.73655,8601,499.517
2614,28,61,-9.48011,8784.41,513.752
2615,28,62,-9.95834,8803.07,527.702
2616,28,63,-12.2984,8895.11,541.704
2617,28,64,-2.64766,8512.29,557.233
2618,28,65,-6.93359,8683.73,571.499
2619,28,66,-11.633,8873.28,585.875
2620,28,67,-12.2861,8899.83,599.758
2621,28,68,-0.840878,8430.58,617.154
2622,28,69,-5.44421,8620.85,631.678
2623,28,70,-5.47555,8622.16,645.576
2624,28,71,-4.06012,8562.71,659.522
2625,28,72,4.25519,8210.69,676.113
2626,28,73,1.74163,8317.94,690.272
2627,28,74,1.84417,8313.53,704.144
2628,28,75,2.43225,8288.05,718.012
2629,28,76,10.1597,7950.61,735.227
2630,28,77,7.30188,8076.36,749.596
2631,28,78,5.63982,8150.04,763.644
2632,28,79,4.96535,8180.17,777.526
2633,28,80,13.3623,7802.31,796.731
2634,28,81,11.4093,7890.84,810.945
2635,28,82,11.1781,7901.4,824.847
2636,28,83,9.98891,7956.1,838.86
2637,28,84,16.4932,7654.74,856.951
2638,28,85,14.8452,7731.65,871.155
2639,28,86,12.4163,7845.81,885.73
2640,28,87,11.2055,7903.12,899.809
2641,28,88,13.5097,7793.28,914.396
2642,28,89,11.139,7907.07,929.072
2643,28,90,9.63866,7979.59,943.291
2644,28,91,9.68946,7977.12,957.156
2645,28,92,12.252,7851.55,972.162
2646,28,93,11.2,7903.45,986.221
2647,28,94,10.1244,7956.88,1000.29
2648,28,95,8.8778,8019.2,1014.46
2649,28,96,12.1433,7854.84,1030.71
2650,28,97,10.8005,7922.88,1044.99
2651,28,98,11.0257,7911.39,1058.83
2652,28,99,10.5842,7934.06,1072.7
2653,28,100,13.0118,7808.63,1088.22
2654,28,101,11.4758,7888.5,1102.76
2655,28,102,11.4539,7889.65,1116.57
2656,28,103,10.4675,7941.6,1130.7
2657,28,104,12.6153,7827.76,1146.19
2658,28,105,11.4382,7890.54,1160.52
2659,28,106,10.092,7962.79,1175.05
2660,28,107,8.70364,8037.76,1189.66
2661,28,108,10.3048,7950.76,1204.61
2662,28,109,9.34261,8003.36,1218.84
2663,28,110,8.27454,8062.11,1233.19
2664,28,111,7.39327,8110.87,1247.37
2665,28,112,9.10747,8015.45,1262.78
2666,28,113,7.95757,8079.84,1277.33
2667,28,114,7.3459,8114.3,1291.32
2668,29,38,104.849,4700.51,154.283
2669,29,39,33.1348,6995.37,168.967
2670,29,40,123.605,4070.17,184.349
2671,29,41,53.564,6358.17,199.512
2672,29,42,30.6629,7113.91,213.739
2673,29,43,3.68451,8013.19,228.052
2674,29,44,60.2997,6107.14,243.825
2675,29,45,22.5679,7390.02,258.828
2676,29,46,3.04464,8060.32,273.157
2677,29,47,-5.77585,8366.1,287.186
2678,29,48,31.5653,7059.16,303.134
2679,29,49,5.05109,7995.99,318.297
2680,29,50,-1.45897,8228.19,332.325
2681,29,51,-4.54915,8339.43,346.242
2682,29,52,24.2607,7292.68,362.718
2683,29,53,13.7459,7678.22,377.033
2684,29,54,13.1086,7701.8,390.917
2685,29,55,-0.553917,8211.87,405.744
2686,29,56,15.4884,7607.61,421.143
2687,29,57,2.4399,8103.45,436.174
2688,29,58,2.39303,8105.24,450.034
2689,29,59,-1.71708,8264.17,464.017
2690,29,60,15.8011,7580.96,481.047
2691,29,61,9.52532,7827.81,495.368
2692,29,62,7.90098,7892.24,509.248
2693,29,63,4.40666,8032.01,523.251
2694,29,64,13.6655,7658.57,538.538
2695,29,65,8.26611,7878.15,552.908
2696,29,66,2.51936,8113.76,567.421
2697,29,67,1.10701,8172.14,581.25
2698,29,68,12.4549,7699.31,598.473
2699,29,69,6.9784,7929.33,613.155
2700,29,70,6.35401,7955.76,626.977
2701,29,71,7.28507,7916.03,640.794
2702,29,72,15.4627,7564.4,657.206
2703,29,73,12.3393,7699.74,671.422
2704,29,74,11.9855,7715.19,685.212
2705,29,75,12.1671,7707.2,698.976
2706,29,76,19.8109,7368.33,716.049
2707,29,77,16.4425,7518.78,730.526
2708,29,78,14.3483,7613.02,744.598
2709,29,79,13.3059,7660.28,758.443
2710,29,80,21.705,7276.72,777.597
2711,29,81,19.3635,7384.42,791.865
2712,29,82,18.8291,7409.19,805.709
2713,29,83,17.3185,7479.68,819.727
2714,29,84,23.7933,7175.36,837.728
2715,29,85,21.8313,7268.23,851.977
2716,29,86,19.0777,7399.49,866.671
2717,29,87,17.6001,7470.41,880.768
2718,29,88,19.7679,7365.64,895.208
2719,29,89,17.1143,7494.78,910.019
2720,29,90,15.3728,7580.11,924.29
2721,29,91,15.2432,7586.5,938.092
2722,29,92,17.7123,7463.87,952.953
2723,29,93,16.4599,7526.49,967.033
2724,29,94,15.1923,7590.3,981.132
2725,29,95,13.7572,7663.01,995.343
2726,29,96,16.9752,7498.89,1011.48
2727,29,97,15.4535,7577.01,1025.81
2728,29,98,15.5522,7571.91,1039.58
2729,29,99,14.9707,7602.14,1053.43
2730,29,100,17.3439,7477.95,1068.83
2731,29,101,15.6472,7567.3,1083.47
2732,29,102,15.5119,7574.47,1097.22
2733,29,103,14.391,7634.26,1111.4
2734,29,104,16.492,7521.5,1126.76
2735,29,105,15.1837,7592.15,1141.16
2736,29,106,13.7069,7672.39,1155.79
2737,29,107,12.1919,7755.21,1170.52
2738,29,108,13.7459,7669.74,1185.35
2739,29,109,12.675,7729,1199.63
2740,29,110,11.4996,7794.43,1214.05
2741,29,111,10.5194,7849.32,1228.28
2742,29,112,12.2,7754.65,1243.58
2743,29,113,10.9502,7825.46,1258.22
2744,29,114,10.2547,7865.11,1272.23
2745,30,39,-81.7089,11129.7,153.407
2746,30,40,46.0911,6912.34,169.304
2747,30,41,-22.7044,9205.52,184.152
2748,30,42,-37.3952,9700.12,198.254
2749,30,43,-58.505,10417.8,212.374
2750,30,44,13.9508,7930.2,228.641
2751,30,45,-22.7039,9200.89,243.384
2752,30,46,-39.1979,9778.19,257.544
2753,30,47,-44.3048,9958.63,271.472
2754,30,48,1.02264,8341.95,287.858
2755,30,49,-25.0887,9281.96,302.777
2756,30,50,-29.3483,9436.73,316.723
2757,30,51,-30.184,9467.37,330.586
2758,30,52,3.36015,8226.23,347.471
2759,30,53,-6.28917,8586.47,361.663
2760,30,54,-5.37464,8552.03,375.532
2761,30,55,-18.6663,9057.11,390.174
2762,30,56,-0.0940735,8345.18,405.831
2763,30,57,-12.9615,8842.72,420.684
2764,30,58,-11.9495,8803.25,434.53
2765,30,59,-15.3774,8938.08,448.432
2766,30,60,4.15224,8163.4,465.805
2767,30,61,-1.7877,8401,480.024
2768,30,62,-2.82484,8442.83,493.867
2769,30,63,-5.89378,8567.64,507.798
2770,30,64,4.48275,8142.2,523.275
2771,30,65,-0.706467,8356.69,537.542
2772,30,66,-6.27885,8588.87,551.938
2773,30,67,-7.30247,8631.86,565.724
2774,30,68,5.05857,8108.58,583.231
2775,30,69,-0.321897,8338.14,597.803
2776,30,70,-0.620625,8350.99,611.603
2777,30,71,0.686889,8294.33,625.433
2778,30,72,9.55172,7907.23,642.05
2779,30,73,6.55504,8039.09,656.196
2780,30,74,6.44263,8044.07,669.972
2781,30,75,6.87307,8024.84,683.733
2782,30,76,15.0675,7656.09,701.01
2783,30,77,11.7563,7806.2,715.409
2784,30,78,9.76796,7897,729.428
2785,30,79,8.86705,7938.44,743.241
2786,30,80,17.7696,7525.96,762.629
2787,30,81,15.4895,7632.37,776.842
2788,30,82,15.081,7651.56,790.672
2789,30,83,13.6533,7719.14,804.65
2790,30,84,20.4969,7392.93,822.824
2791,30,85,18.5825,7484.82,837.026
2792,30,86,15.8463,7617.07,851.653
2793,30,87,14.4291,7686.04,865.71
2794,30,88,16.7779,7570.95,880.209
2795,30,89,14.1356,7701.3,894.948
2796,30,90,12.4347,7785.78,909.168
2797,30,91,12.3956,7787.73,922.962
2798,30,92,15.0335,7654.96,937.902
2799,30,93,13.8256,7716.16,951.942
2800,30,94,12.6001,7778.66,965.998
2801,30,95,11.2001,7850.53,980.159
2802,30,96,14.5905,7675.36,996.412
2803,30,97,13.0941,7753.17,1010.69
2804,30,98,13.2641,7744.28,1024.46
2805,30,99,12.7314,7772.33,1038.28
2806,30,100,15.2345,7639.67,1053.77
2807,30,101,13.5493,7729.54,1068.36
2808,30,102,13.4678,7733.92,1082.1
2809,30,103,12.3717,7793.1,1096.23
2810,30,104,14.5827,7672.97,1111.68
2811,30,105,13.2902,7743.63,1126.03
2812,30,106,11.8242,7824.26,1140.6
2813,30,107,10.3186,7907.57,1155.26
2814,30,108,11.9594,7816.23,1170.16
2815,30,109,10.9064,7875.2,1184.39
2816,30,110,9.74561,7940.59,1198.77
2817,30,111,8.78427,7995.07,1212.95
2818,30,112,10.5472,7894.58,1228.33
2819,30,113,9.30704,7965.68,1242.91
2820,30,114,8.63385,8004.5,1256.89
2821,31,40,6.21034,8387.93,154.958
2822,31,41,-67.8423,10905.7,169.708
2823,31,42,-77.4586,11235.9,183.844
2824,31,43,-95.6525,11866.6,197.95
2825,31,44,-7.53902,8782.63,214.406
2826,31,45,-46.2157,10149.2,229.067
2827,31,46,-61.8325,10706.2,243.211
2828,31,47,-64.8773,10815.8,257.163
2829,31,48,-12.2277,8902.88,273.689
2830,31,49,-39.6928,9909.94,288.517
2831,31,50,-42.918,10029.3,302.484
2832,31,51,-42.5409,10015.2,316.382
2833,31,52,-4.82393,8594.52,333.361
2834,31,53,-14.6007,8966.03,347.544
2835,31,54,-12.9173,8901.5,361.455
2836,31,55,-26.6689,9433.23,376.038
2837,31,56,-6.05243,8629.19,391.773
2838,31,57,-19.4317,9155.44,406.563
2839,31,58,-17.8852,9094.1,420.446
2840,31,59,-21.1402,9224.3,434.353
2841,31,60,0.0756456,8368.59,451.775
2842,31,61,-5.98451,8615.04,465.984
2843,31,62,-6.82417,8649.46,479.849
2844,31,63,-9.83672,8773.98,493.784
2845,31,64,1.38213,8306.53,509.311
2846,31,65,-3.92644,8529.49,523.561
2847,31,66,-9.62951,8770.92,537.93
2848,31,67,-10.5273,8809.23,551.73
2849,31,68,2.65401,8242.43,569.267
2850,31,69,-2.87907,8482.2,583.811
2851,31,70,-3.06487,8490.31,597.632
2852,31,71,-1.57435,8424.73,611.491
2853,31,72,7.8203,8008.23,628.131
2854,31,73,4.76477,8144.71,642.273
2855,31,74,4.72862,8146.34,656.07
2856,31,75,5.25438,8122.5,669.854
2857,31,76,13.8754,7728.81,687.134
2858,31,77,10.4741,7885.27,701.523
2859,31,78,8.45632,7978.76,715.545
2860,31,79,7.57218,8020.02,729.37
2861,31,80,16.8826,7582.43,748.728
2862,31,81,14.5478,7692.94,762.942
2863,31,82,14.1599,7711.43,776.788
2864,31,83,12.7131,7780.88,790.773
2865,31,84,19.8449,7436.18,808.926
2866,31,85,17.8847,7531.58,823.131
2867,31,86,15.0757,7669.22,837.748
2868,31,87,13.6358,7740.25,851.809
2869,31,88,16.093,7618.21,866.328
2870,31,89,13.3843,7753.65,881.053
2871,31,90,11.6517,7840.85,895.271
2872,31,91,11.637,7841.59,909.08
2873,31,92,14.3845,7701.47,924.037
2874,31,93,13.1589,7764.39,938.08
2875,31,94,11.9159,7828.61,952.138
2876,31,95,10.4939,7902.56,966.296
2877,31,96,14.0084,7718.63,982.557
2878,31,97,12.4847,7798.88,996.835
2879,31,98,12.6776,7788.65,1010.62
2880,31,99,12.1465,7816.98,1024.45
2881,31,100,14.7378,7677.91,1039.95
2882,31,101,13.0191,7770.72,1054.52
2883,31,102,12.95,7774.47,1068.28
2884,31,103,11.8382,7835.25,1082.4
2885,31,104,14.1233,7709.57,1097.87
2886,31,105,12.8086,7782.32,1112.21
2887,31,106,11.3167,7865.37,1126.77
2888,31,107,9.78522,7951.13,1141.42
2889,31,108,11.4817,7855.56,1156.33
2890,31,109,10.4141,7916.06,1170.56
2891,31,110,9.23666,7983.17,1184.92
2892,31,111,8.26415,8038.93,1199.1
2893,31,112,10.0827,7934.06,1214.5
2894,31,113,8.82391,8007.07,1229.06
2895,31,114,8.14619,8046.61,1243.04
2896,32,41,-161.958,14482.1,154.623
2897,32,42,-156.211,14281,168.771
2898,32,43,-164.312,14567.2,182.819
2899,32,44,-52.0795,10564.2,199.726
2900,32,45,-89.9185,11926.5,214.242
2901,32,46,-101.79,12357.8,228.331
2902,32,47,-100.221,12300.3,242.29
2903,32,48,-37.2193,9969.19,259.13
2904,32,49,-64.9593,11004.8,273.817
2905,32,50,-65.8643,11038.9,287.79
2906,32,51,-63.1549,10935.9,301.714
2907,32,52,-19.8826,9277.18,318.924
2908,32,53,-29.1792,9636.64,333.071
2909,32,54,-26.0817,9515.84,347.021
2910,32,55,-39.8823,10058.7,361.509
2911,32,56,-16.5594,9133.53,377.398
2912,32,57,-30.1596,9677.53,392.092
2913,32,58,-27.7039,9578.49,406.009
2914,32,59,-30.4901,9691.79,419.904
2915,32,60,-7.16624,8735.51,437.47
2916,32,61,-13.1476,8982.74,451.648
2917,32,62,-13.5793,9000.73,465.527
2918,32,63,-16.3579,9117.43,479.451
2919,32,64,-4.06395,8596.99,495.075
2920,32,65,-9.36442,8823.14,509.29
2921,32,66,-15.0826,9069.02,523.609
2922,32,67,-15.7274,9096.96,537.416
2923,32,68,-1.55246,8477.99,555.052
2924,32,69,-7.15536,8724.52,569.549
2925,32,70,-7.1314,8723.46,583.385
2926,32,71,-5.36302,8644.47,597.277
2927,32,72,4.67472,8192.77,613.989
2928,32,73,1.62347,8331.09,628.113
2929,32,74,1.73175,8326.15,641.926
2930,32,75,2.41763,8294.6,655.733
2931,32,76,11.5479,7871.56,673.065
2932,32,77,8.09992,8032.47,687.429
2933,32,78,6.09729,8126.59,701.442
2934,32,79,5.2746,8165.53,715.271
2935,32,80,15.0589,7699.15,734.659
2936,32,81,12.7036,7812.2,748.863
2937,32,82,12.3728,7828.19,762.721
2938,32,83,10.939,7897.97,776.704
2939,32,84,18.407,7532.04,794.879
2940,32,85,16.4274,7629.7,809.078
2941,32,86,13.5692,7771.66,823.67
2942,32,87,12.1317,7843.53,837.728
2943,32,88,14.7279,7712.86,852.28
2944,32,89,11.9728,7852.45,866.976
2945,32,90,10.2294,7941.36,881.181
2946,32,91,10.2617,7939.7,895.003
2947,32,92,13.1443,7790.77,909.994
2948,32,93,11.9191,7854.48,924.031
2949,32,94,10.676,7919.53,938.081
2950,32,95,9.24832,7994.72,952.227
2951,32,96,12.9093,7800.69,968.521
2952,32,97,11.3728,7882.64,982.785
2953,32,98,11.6046,7870.2,996.583
2954,32,99,11.0894,7898.02,1010.42
2955,32,100,13.7865,7751.48,1025.95
2956,32,101,12.0459,7846.63,1040.5
2957,32,102,12.0023,7849.03,1054.26
2958,32,103,10.8859,7910.8,1068.38
2959,32,104,13.2597,7778.66,1083.87
2960,32,105,11.9328,7852.97,1098.2
2961,32,106,10.4245,7937.94,1112.73
2962,32,107,8.87616,8025.67,1127.36
2963,32,108,10.6403,7925.12,1142.3
2964,32,109,9.56695,7986.66,1156.51
2965,32,110,8.38112,8055.04,1170.85
2966,32,111,7.40568,8111.62,1185.02
2967,32,112,9.29036,8001.68,1200.45
2968,32,113,8.02016,8076.19,1214.99
2969,32,114,7.34548,8116,1228.96
2970,33,42,-23.428,9102.44,152.671
2971,33,43,-57.144,10316.2,166.772
2972,33,44,55.9324,6207.77,183.044
2973,33,45,-4.34517,8417.95,197.914
2974,33,46,-30.1379,9372.28,212.089
2975,33,47,-37.9131,9662.55,225.994
2976,33,48,25.1755,7286.21,242.348
2977,33,49,-13.1686,8743.29,257.389
2978,33,50,-19.9287,9002.43,271.328
2979,33,51,-21.7694,9073.6,285.166
2980,33,52,21.6916,7378.62,301.979
2981,33,53,7.55021,7934.85,316.231
2982,33,54,7.59021,7933.26,330.069
2983,33,55,-10.3384,8650.41,344.799
2984,33,56,12.4661,7730.63,360.368
2985,33,57,-4.54419,8422.38,375.332
2986,33,58,-3.86999,8394.74,389.149
2987,33,59,-8.62801,8591.4,403.052
2988,33,60,14.8002,7615.22,420.338
2989,33,61,6.89141,7947.39,434.615
2990,33,62,5.09499,8023.44,448.448
2991,33,63,0.932292,8201.05,462.392
2992,33,64,12.914,7685.84,477.77
2993,33,65,6.26335,7974.03,492.099
2994,33,66,-0.710516,8278.56,506.558
2995,33,67,-2.21339,8344.68,520.331
2996,33,68,11.9983,7714.63,537.756
2997,33,69,5.36004,8011.14,552.41
2998,33,70,4.72656,8039.65,566.194
2999,33,71,5.97752,7982.94,579.981
3000,33,72,15.9501,7527.52,596.494
3001,33,73,12.2,7700.03,610.689
3002,33,74,11.8098,7718.11,624.444
3003,33,75,12.0588,7706.49,638.171
3004,33,76,21.1659,7278.45,655.332
3005,33,77,17.1372,7469.15,669.812
3006,33,78,14.6546,7587.48,683.864
3007,33,79,13.4327,7646.13,697.678
3008,33,80,23.2847,7169.95,716.951
3009,33,81,20.4976,7305.59,731.221
3010,33,82,19.8418,7337.73,745.044
3011,33,83,18.0589,7425.68,759.048
3012,33,84,25.5402,7054.11,777.093
3013,33,85,23.2167,7170.29,791.349
3014,33,86,20.0013,7332.13,806.063
3015,33,87,18.2776,7419.46,820.151
3016,33,88,20.747,7293.52,834.573
3017,33,89,17.6841,7450.75,849.4
3018,33,90,15.6836,7554.11,863.665
3019,33,91,15.5321,7561.99,877.444
3020,33,92,18.3351,7415.3,892.303
3021,33,93,16.8996,7490.9,906.372
3022,33,94,15.4557,7567.43,920.459
3023,33,95,13.831,7654.08,934.657
3024,33,96,17.4632,7459.15,950.825
3025,33,97,15.7392,7552.25,965.156
3026,33,98,15.8458,7546.46,978.901
3027,33,99,15.1886,7582.38,992.726
3028,33,100,17.8444,7436.31,1008.14
3029,33,101,15.9357,7541.93,1022.79
3030,33,102,15.7798,7550.61,1036.51
3031,33,103,14.5255,7620.85,1050.68
3032,33,104,16.8642,7489.1,1066.06
3033,33,105,15.4021,7571.95,1080.46
3034,33,106,13.7593,7665.59,1095.08
3035,33,107,12.0808,7761.83,1109.81
3036,33,108,13.807,7662.28,1124.65
3037,33,109,12.6235,7730.93,1138.91
3038,33,110,11.3289,7806.44,1153.33
3039,33,111,10.2541,7869.5,1167.54
3040,33,112,12.1147,7759.72,1182.87
3041,33,113,10.7434,7841.09,1197.5
3042,33,114,9.98587,7886.29,1211.49
3043,34,43,-85.6038,11454.6,152.711
3044,34,44,53.2065,6318.62,168.986
3045,34,45,-16.663,8927.08,183.851
3046,34,46,-44.5289,9976.7,198.064
3047,34,47,-51.3589,10236.2,212.032
3048,34,48,21.9343,7426.67,228.381
3049,34,49,-20.7976,9078.97,243.389
3050,34,50,-27.4555,9338.63,257.379
3051,34,51,-28.6645,9386.18,271.272
3052,34,52,20.0972,7451.97,288.048
3053,34,53,4.70109,8067.81,302.326
3054,34,54,5.01624,8055.1,316.216
3055,34,55,-14.3082,8840.96,330.927
3056,34,56,10.8244,7810.52,346.503
3057,34,57,-7.46656,8566.55,361.443
3058,34,58,-6.50462,8526.47,375.303
3059,34,59,-11.426,8733.16,389.231
3060,34,60,13.9449,7659.13,406.469
3061,34,61,5.53229,8018.07,420.761
3062,34,62,3.70572,8096.61,434.626
3063,34,63,-0.641876,8285.01,448.592
3064,34,64,12.2144,7723.61,463.972
3065,34,65,5.19181,8032.61,478.308
3066,34,66,-2.13977,8357.64,492.764
3067,34,67,-3.64697,8424.96,506.562
3068,34,68,11.4587,7745.21,523.942
3069,34,69,4.48166,8061.5,538.592
3070,34,70,3.86141,8089.83,552.403
3071,34,71,5.22375,8027.16,566.219
3072,34,72,15.7464,7539.61,582.702
3073,34,73,11.819,7722.89,596.909
3074,34,74,11.4283,7741.25,610.689
3075,34,75,11.7074,7728.04,624.441
3076,34,76,21.2544,7272.97,641.553
3077,34,77,17.0385,7475.33,656.04
3078,34,78,14.45,7600.44,670.107
3079,34,79,13.1839,7662.06,683.94
3080,34,80,23.4657,7158.25,703.121
3081,34,81,20.5549,7301.85,717.405
3082,34,82,19.87,7335.86,731.249
3083,34,83,18.0147,7428.63,745.27
3084,34,84,25.7911,7037.22,763.248
3085,34,85,23.3686,7159.96,777.518
3086,34,86,20.0261,7330.43,792.236
3087,34,87,18.2377,7422.23,806.339
3088,34,88,20.7983,7289.93,820.768
3089,34,89,17.6242,7454.99,835.596
3090,34,90,15.5556,7563.25,849.868
3091,34,91,15.4032,7571.27,863.665
3092,34,92,18.3057,7417.44,878.525
3093,34,93,16.8233,7496.5,892.606
3094,34,94,15.3346,7576.39,906.703
3095,34,95,13.6613,7666.75,920.908
3096,34,96,17.4142,7462.84,937.059
3097,34,97,15.6379,7559.95,951.395
3098,34,98,15.7508,7553.74,965.156
3099,34,99,15.0766,7591.04,978.994
3100,34,100,17.8151,7438.6,994.398
3101,34,101,15.8511,7548.58,1009.05
3102,34,102,15.6931,7557.49,1022.79
3103,34,103,14.4055,7630.45,1036.96
3104,34,104,16.8134,7493.2,1052.33
3105,34,105,15.3121,7579.27,1066.74
3106,34,106,13.6268,7676.46,1081.36
3107,34,107,11.9065,7776.24,1096.08
3108,34,108,13.6834,7672.58,1110.92
3109,34,109,12.472,7743.65,1125.19
3110,34,110,11.1477,7821.79,1139.6
3111,34,111,10.05,7886.91,1153.82
3112,34,112,11.9629,7772.78,1169.15
3113,34,113,10.5611,7856.89,1183.77
3114,34,114,9.78934,7903.45,1197.77
3115,35,44,32.4649,7169.03,154.78
3116,35,45,-46.337,10163.5,169.597
3117,35,46,-73.9015,11220.1,183.831
3118,35,47,-77.2634,11350.1,197.859
3119,35,48,10.2008,7939.03,214.29
3120,35,49,-36.6642,9782.38,229.231
3121,35,50,-42.171,10000.8,243.266
3122,35,51,-41.7909,9985.62,257.214
3123,35,52,13.8472,7741.55,274.02
3124,35,53,-2.51166,8406.81,288.308
3125,35,54,-1.44373,8363.02,302.251
3126,35,55,-21.9934,9212.41,316.92
3127,35,56,6.12269,8040.91,332.543
3128,35,57,-13.3499,8858.76,347.436
3129,35,58,-11.8176,8793.89,361.34
3130,35,59,-16.7076,9002.53,375.286
3131,35,60,11.0212,7810.19,392.523
3132,35,61,2.20197,8192.35,406.817
3133,35,62,0.482812,8267.42,420.712
3134,35,63,-3.94235,8462.13,434.692
3135,35,64,9.99108,7844.42,450.099
3136,35,65,2.65883,8171.92,464.43
3137,35,66,-4.97267,8515.34,478.869
3138,35,67,-6.39953,8580.03,492.689
3139,35,68,9.75663,7842.23,510.06
3140,35,69,2.47816,8177.04,524.693
3141,35,70,1.93476,8202.21,538.529
3142,35,71,3.47489,8130.34,552.376
3143,35,72,14.6434,7605.42,568.856
3144,35,73,10.5712,7798.18,583.067
3145,35,74,10.2234,7814.75,596.871
3146,35,75,10.5748,7797.88,610.649
3147,35,76,20.6303,7311.87,627.736
3148,35,77,16.2474,7525.17,642.22
3149,35,78,13.5772,7656.01,656.296
3150,35,79,12.2936,7719.33,670.146
3151,35,80,23.0612,7184.54,689.264
3152,35,81,20.0437,7335.42,703.554
3153,35,82,19.3516,7370.25,717.417
3154,35,83,17.4417,7467.02,731.449
3155,35,84,25.5521,7053.39,749.383
3156,35,85,23.044,7182.14,763.662
3157,35,86,19.5854,7360.84,778.376
3158,35,87,17.7461,7456.48,792.488
3159,35,88,20.4198,7316.56,806.932
3160,35,89,17.144,7489.08,821.75
3161,35,90,15.0186,7601.72,836.025
3162,35,91,14.8798,7609.13,849.839
3163,35,92,17.9004,7447.03,864.71
3164,35,93,16.3815,7529.04,878.798
3165,35,94,14.8579,7611.83,892.899
3166,35,95,13.1454,7705.44,907.105
3167,35,96,17.036,7491.46,923.253
3168,35,97,15.2153,7592.21,937.588
3169,35,98,15.345,7584.99,951.366
3170,35,99,14.6625,7623.21,965.215
3171,35,100,17.4965,7463.56,980.622
3172,35,101,15.4834,7577.63,995.264
3173,35,102,15.3315,7586.29,1009.02
3174,35,103,14.0171,7661.65,1023.19
3175,35,104,16.5049,7518.19,1038.57
3176,35,105,14.97,7607.21,1052.97
3177,35,106,13.2474,7707.7,1067.59
3178,35,107,11.4903,7810.78,1082.29
3179,35,108,13.3265,7702.44,1097.15
3180,35,109,12.0923,7775.67,1111.42
3181,35,110,10.7432,7856.17,1125.82
3182,35,111,9.62751,7923.11,1140.03
3183,35,112,11.6002,7804.09,1155.37
3184,35,113,10.1721,7890.73,1169.98
3185,35,114,9.39082,7938.39,1183.99
3186,36,45,-121.786,13332.3,154.831
3187,36,46,-140.644,14067.8,169.034
3188,36,47,-133.442,13784.6,183.104
3189,36,48,-23.8792,9438.55,199.849
3190,36,49,-72.5707,11386.2,214.646
3191,36,50,-74.0242,11444.8,228.705
3192,36,51,-69.615,11265.5,242.699
3193,36,52,-4.15779,8581.78,259.706
3194,36,53,-20.3337,9250.39,273.965
3195,36,54,-17.2774,9123.04,287.956
3196,36,55,-38.2986,10005.9,302.53
3197,36,56,-5.95194,8636.59,318.294
3198,36,57,-26.0971,9496.12,333.09
3199,36,58,-23.323,9376.83,347.036
3200,36,59,-27.6618,9564.84,360.977
3201,36,60,3.16163,8218.89,378.33
3202,36,61,-5.7314,8610.18,392.595
3203,36,62,-6.99025,8665.99,406.509
3204,36,63,-11.1977,8853.92,420.482
3205,36,64,4.19702,8161.16,435.976
3206,36,65,-3.23778,8498.2,450.273
3207,36,66,-10.9812,8851.82,464.664
3208,36,67,-12.1217,8904.28,478.493
3209,36,68,5.36041,8094.28,495.944
3210,36,69,-2.0876,8441.85,510.531
3211,36,70,-2.40115,8456.59,524.384
3212,36,71,-0.534581,8368.24,538.265
3213,36,72,11.4544,7796.76,554.803
3214,36,73,7.33563,7994.46,568.998
3215,36,74,7.13592,8004.12,582.82
3216,36,75,7.65931,7978.64,596.621
3217,36,76,18.3476,7454.92,613.746
3218,36,77,13.8647,7676.08,628.205
3219,36,78,11.181,7809.36,642.274
3220,36,79,9.94804,7871.01,656.13
3221,36,80,21.2984,7299.71,675.258
3222,36,81,18.2264,7455.36,689.539
3223,36,82,17.5822,7488.22,703.415
3224,36,83,15.6664,7586.56,717.446
3225,36,84,24.1803,7146.67,735.39
3226,36,85,21.6267,7279.46,749.663
3227,36,86,18.0881,7464.65,764.353
3228,36,87,16.2357,7562.21,778.461
3229,36,88,19.0672,7412.14,792.936
3230,36,89,15.7202,7590.64,807.726
3231,36,90,13.5693,7706.07,821.989
3232,36,91,13.4773,7711.04,835.816
3233,36,92,16.6531,7538.49,850.719
3234,36,93,15.1248,7622.04,864.801
3235,36,94,13.5922,7706.33,878.895
3236,36,95,11.8648,7801.92,893.089
3237,36,96,15.9249,7575.9,909.266
3238,36,97,14.0813,7679.14,923.587
3239,36,98,14.2511,7669.58,937.379
3240,36,99,13.5815,7707.52,951.231
3241,36,100,16.536,7539.12,966.667
3242,36,101,14.491,7656.36,981.286
3243,36,102,14.3642,7663.67,995.053
3244,36,103,13.0395,7740.51,1009.21
3245,36,104,15.6278,7589.52,1024.62
3246,36,105,14.0742,7680.67,1039
3247,36,106,12.3282,7783.68,1053.6
3248,36,107,10.5479,7889.32,1068.27
3249,36,108,12.4602,7775.21,1083.16
3250,36,109,11.2161,7849.86,1097.41
3251,36,110,9.85431,7932.02,1111.8
3252,36,111,8.73267,8000.07,1125.99
3253,36,112,10.7799,7875.19,1141.36
3254,36,113,9.33621,7963.73,1155.95
3255,36,114,8.55627,8011.83,1169.94
3256,37,46,57.3797,5552.8,149.994
3257,37,47,29.8862,6652.54,163.808
3258,37,48,130.489,2594.91,179.889
3259,37,49,50.5572,5845.45,195.582
3260,37,50,31.3063,6634.74,209.499
3261,37,51,22.2594,7008.68,223.239
3262,37,52,84.4144,4418.89,239.797
3263,37,53,55.9152,5615.85,254.282
3264,37,54,50.839,5830.74,268.024
3265,37,55,20.4348,7127.99,283.102
3266,37,56,50.1429,5850.55,298.408
3267,37,57,22.7367,7038.14,313.754
3268,37,58,21.3235,7099.85,327.48
3269,37,59,12.7252,7478.18,341.398
3270,37,60,42.7517,6147.01,358.498
3271,37,61,29.98,6717.48,372.94
3272,37,62,25.8773,6902.1,386.747
3273,37,63,18.9235,7217.33,400.731
3274,37,64,33.2664,6562.34,415.887
3275,37,65,23.314,7020.15,430.386
3276,37,66,13.2843,7484.86,445.017
3277,37,67,10.5047,7614.58,458.76
3278,37,68,27.6653,6808.03,476.039
3279,37,69,18.414,7245.92,490.898
3280,37,70,16.8761,7319.23,504.643
3281,37,71,17.7477,7277.39,518.335
3282,37,72,29.3871,6714.82,534.663
3283,37,73,24.0764,6973.28,548.969
3284,37,74,22.985,7026.75,562.68
3285,37,75,22.7225,7039.71,576.337
3286,37,76,33.192,6519.72,593.319
3287,37,77,27.7663,6791,607.972
3288,37,78,24.2929,6965.83,622.095
3289,37,79,22.3927,7062.11,635.912
3290,37,80,33.6934,6485.78,655.046
3291,37,81,29.9339,6678.76,669.43
3292,37,82,28.7526,6739.79,683.239
3293,37,83,26.28,6868.37,697.296
3294,37,84,34.7065,6427.39,715.163
3295,37,85,31.619,6589.99,729.522
3296,37,86,27.5391,6806.23,744.403
3297,37,87,25.2434,6928.66,758.551
3298,37,88,27.8374,6789.45,772.84
3299,37,89,24.0331,6994.88,787.834
3300,37,90,21.4947,7132.8,802.181
3301,37,91,21.1112,7153.77,815.931
3302,37,92,24.1277,6987.86,830.657
3303,37,93,22.2836,7089.9,844.78
3304,37,94,20.4512,7191.9,858.92
3305,37,95,18.4328,7304.94,873.186
3306,37,96,22.4093,7080.93,889.227
3307,37,97,20.2927,7200.87,903.642
3308,37,98,20.2676,7202.3,917.345
3309,37,99,19.3857,7252.86,931.175
3310,37,100,22.2511,7087.62,946.463
3311,37,101,19.9674,7220.08,961.231
3312,37,102,19.6708,7237.38,974.934
3313,37,103,18.1482,7326.71,989.156
3314,37,104,20.6623,7178.37,1004.42
3315,37,105,18.9177,7281.89,1018.91
3316,37,106,16.9835,7397.29,1033.64
3317,37,107,15.0219,7514.99,1048.46
3318,37,108,16.863,7403.91,1063.21
3319,37,109,15.4642,7488.77,1077.54
3320,37,110,13.9508,7581.09,1092.02
3321,37,111,12.69,7658.42,1106.28
3322,37,112,14.687,7535.27,1121.52
3323,37,113,13.1043,7633.39,1136.24
3324,37,114,12.2077,7689.28,1150.25
3325,38,47,-59.883,10602.4,148.751
3326,38,48,75.3323,5058.56,165.456
3327,38,49,-8.72821,8533.06,180.753
3328,38,50,-21.8199,9078.55,194.575
3329,38,51,-24.5698,9194.04,208.262
3330,38,52,52.1164,5947.66,225.299
3331,38,53,24.092,7143.37,239.616
3332,38,54,22.1626,7226.33,253.34
3333,38,55,-8.43355,8552.16,268.161
3334,38,56,27.4404,6985.67,283.765
3335,38,57,-0.436111,8212.23,298.869
3336,38,58,0.223062,8183.01,312.587
3337,38,59,-7.23872,8516.3,326.409
3338,38,60,27.1347,6969.5,343.867
3339,38,61,14.6002,7537.73,358.185
3340,38,62,11.3996,7683.89,371.952
3341,38,63,5.02463,7977.14,385.851
3342,38,64,21.4594,7215.66,401.207
3343,38,65,11.6396,7673.92,415.58
3344,38,66,1.72324,8139.99,430.07
3345,38,67,-0.470929,8243.85,443.766
3346,38,68,18.5049,7339.33,461.332
3347,38,69,9.24801,7783.66,476.06
3348,38,70,8.17235,7835.65,489.782
3349,38,71,9.60728,7765.82,503.49
3350,38,72,22.3769,7140.11,520.017
3351,38,73,17.1606,7397.45,534.242
3352,38,74,16.3841,7436.01,547.938
3353,38,75,16.4552,7432.46,561.592
3354,38,76,27.783,6862.29,578.761
3355,38,77,22.3564,7137.24,593.324
3356,38,78,18.9775,7309.56,607.388
3357,38,79,17.2399,7398.76,621.169
3358,38,80,29.3059,6775.35,640.507
3359,38,81,25.575,6969.36,654.83
3360,38,82,24.5349,7023.79,668.623
3361,38,83,22.1382,7150.02,682.636
3362,38,84,31.0994,6675.07,700.651
3363,38,85,28.0336,6838.58,714.959
3364,38,86,23.9335,7058.62,729.765
3365,38,87,21.6902,7179.76,743.87
3366,38,88,24.5253,7025.72,758.215
3367,38,89,20.7021,7234.72,773.13
3368,38,90,18.1936,7372.68,787.421
3369,38,91,17.9181,7387.93,801.163
3370,38,92,21.1604,7207.44,815.964
3371,38,93,19.3564,7308.46,830.043
3372,38,94,17.5625,7409.52,844.138
3373,38,95,15.574,7522.2,858.35
3374,38,96,19.7823,7282.33,874.501
3375,38,97,17.6827,7402.71,888.861
3376,38,98,17.7423,7399.27,902.565
3377,38,99,16.9135,7447.34,916.369
3378,38,100,19.9483,7270.31,931.743
3379,38,101,17.6651,7404.26,946.446
3380,38,102,17.4303,7418.11,960.139
3381,38,103,15.9294,7507.16,974.314
3382,38,104,18.5848,7348.72,989.662
3383,38,105,16.85,7452.81,1004.09
3384,38,106,14.9197,7569.28,1018.76
3385,38,107,12.961,7688.11,1033.52
3386,38,108,14.9121,7569.09,1048.33
3387,38,109,13.5286,7653.94,1062.61
3388,38,110,12.0267,7746.56,1077.04
3389,38,111,10.7839,7823.61,1091.25
3390,38,112,12.8849,7692.65,1106.57
3391,38,113,11.308,7791.47,1121.22
3392,38,114,10.4348,7846.48,1135.2
3393,39,48,75.0804,5069.89,151.613
3394,39,49,-24.218,9240.43,166.842
3395,39,50,-36.91,9777.72,180.737
3396,39,51,-37.7615,9814.05,194.504
3397,39,52,51.7645,5964.43,211.468
3398,39,53,20.0504,7338.71,225.815
3399,39,54,18.385,7411.43,239.607
3400,39,55,-15.3663,8896.49,254.387
3401,39,56,25.264,7095.21,269.999
3402,39,57,-5.31779,8461.2,285.058
3403,39,58,-4.10453,8406.6,298.83
3404,39,59,-11.8648,8758.4,312.68
3405,39,60,26.0541,7026.78,330.075
3406,39,61,12.5235,7649.18,344.405
3407,39,62,9.22929,7801.81,358.209
3408,39,63,2.51793,8115.01,372.131
3409,39,64,20.4098,7274.09,387.491
3410,39,65,9.94028,7769.65,401.865
3411,39,66,-0.562993,8270.3,416.342
3412,39,67,-2.75081,8375.32,430.066
3413,39,68,17.6421,7389.66,447.582
3414,39,69,7.84362,7866.52,462.298
3415,39,70,6.78851,7918.22,476.05
3416,39,71,8.39427,7839,489.791
3417,39,72,21.9864,7163.93,506.288
3418,39,73,16.4943,7438.53,520.523
3419,39,74,15.7117,7477.92,534.246
3420,39,75,15.823,7472.29,547.928
3421,39,76,27.7803,6862.47,565.044
3422,39,77,22.0756,7155.31,579.61
3423,39,78,18.5417,7337.89,593.687
3424,39,79,16.7407,7431.54,607.488
3425,39,80,29.4049,6768.78,626.727
3426,39,81,25.4959,6974.65,641.062
3427,39,82,24.4122,7032.09,654.878
3428,39,83,21.9143,7165.31,668.905
3429,39,84,31.275,6662.96,686.852
3430,39,85,28.0712,6835.96,701.173
3431,39,86,23.7987,7068.1,715.978
3432,39,87,21.4694,7195.44,730.095
3433,39,88,24.4267,7032.78,744.452
3434,39,89,20.4574,7252.42,759.361
3435,39,90,17.8619,7396.9,773.657
3436,39,91,17.5885,7412.21,787.418
3437,39,92,20.9631,7222.11,802.224
3438,39,93,19.1007,7327.65,816.313
3439,39,94,17.2518,7433.03,830.415
3440,39,95,15.2045,7550.41,844.63
3441,39,96,19.5706,7298.63,860.769
3442,39,97,17.407,7424.12,875.131
3443,39,98,17.4778,7419.99,888.851
3444,39,99,16.6304,7469.7,902.668
3445,39,100,19.7723,7284.33,918.04
3446,39,101,17.4223,7423.77,932.737
3447,39,102,17.1877,7437.77,946.445
3448,39,103,15.6481,7530.14,960.623
3449,39,104,18.3925,7364.56,975.97
3450,39,105,16.6116,7472.6,990.4
3451,39,106,14.6315,7593.39,1005.06
3452,39,107,12.6244,7716.49,1019.81
3453,39,108,14.6408,7592.14,1034.63
3454,39,109,13.226,7679.86,1048.91
3455,39,110,11.6909,7775.55,1063.33
3456,39,111,10.4232,7855,1077.54
3457,39,112,12.5907,7718.44,1092.87
3458,39,113,10.9796,7820.48,1107.51
3459,39,114,10.0921,7876.98,1121.49
3460,40,49,-96.4857,12564.7,152.226
3461,40,50,-98.3458,12644.7,166.13
3462,40,51,-89.0998,12244.1,179.946
3463,40,52,22.0976,7388.45,197.253
3464,40,53,-9.90892,8796.73,211.521
3465,40,54,-7.80181,8703.32,225.358
3466,40,55,-42.4987,10253.1,239.967
3467,40,56,6.10367,8066,255.795
3468,40,57,-25.7472,9509.91,270.691
3469,40,58,-22.2557,9350.47,284.506
3470,40,59,-28.9769,9659.64,298.328
3471,40,60,14.183,7659.9,315.913
3472,40,61,0.501566,8298.36,330.185
3473,40,62,-2.0337,8417.52,343.998
3474,40,63,-8.36576,8717.24,357.893
3475,40,64,11.8281,7754.66,373.379
3476,40,65,1.21342,8264.17,387.688
3477,40,66,-9.42145,8778.19,402.085
3478,40,67,-11.1328,8861.47,415.808
3479,40,68,11.2446,7764.98,433.458
3480,40,69,1.21939,8259.56,448.098
3481,40,70,0.523568,8294.12,461.862
3482,40,71,2.62125,8189.23,475.639
3483,40,72,17.387,7446.02,492.227
3484,40,73,11.8424,7726.95,506.428
3485,40,74,11.2809,7755.59,520.164
3486,40,75,11.6445,7736.92,533.868
3487,40,76,24.474,7074.06,551.052
3488,40,77,18.6431,7377.27,565.574
3489,40,78,15.104,7562.48,579.629
3490,40,79,13.3848,7653.03,593.428
3491,40,80,26.8305,6940.41,612.712
3492,40,81,22.858,7152.28,627.023
3493,40,82,21.8465,7206.56,640.847
3494,40,83,19.3518,7341.27,654.863
3495,40,84,29.2423,6803.89,672.846
3496,40,85,25.9877,6981.81,687.149
3497,40,86,21.622,7221.92,701.914
3498,40,87,19.2863,7351.16,716.017
3499,40,88,22.4534,7174.86,730.414
3500,40,89,18.4043,7401.61,745.278
3501,40,90,15.7875,7549.02,759.55
3502,40,91,15.5834,7560.59,773.321
3503,40,92,19.161,7356.66,788.171
3504,40,93,17.2963,7463.57,802.245
3505,40,94,15.4458,7570.28,816.33
3506,40,95,13.3899,7689.53,830.521
3507,40,96,17.9729,7422.19,846.71
3508,40,97,15.7897,7550.27,861.045
3509,40,98,15.9178,7542.71,874.779
3510,40,99,15.0942,7591.58,888.593
3511,40,100,18.3894,7394.96,904.007
3512,40,101,16.0082,7537.84,918.669
3513,40,102,15.8111,7549.73,932.384
3514,40,103,14.2664,7643.44,946.54
3515,40,104,17.1377,7468.29,961.93
3516,40,105,15.3409,7578.49,976.332
3517,40,106,13.3396,7701.91,990.957
3518,40,107,11.3115,7827.65,1005.67
3519,40,108,13.4244,7695.94,1020.53
3520,40,109,12.0039,7784.96,1034.78
3521,40,110,10.46,7882.23,1049.17
3522,40,111,9.19124,7962.58,1063.36
3523,40,112,11.4519,7818.65,1078.73
3524,40,113,9.82809,7922.58,1093.34
3525,40,114,8.94761,7979.22,1107.31
3526,41,50,32.4604,6496.83,149.753
3527,41,51,19.6045,7062.49,163.44
3528,41,52,131.217,2114.32,180.087
3529,41,53,77.4992,4513.73,194.725
3530,41,54,67.4204,4967.28,208.466
3531,41,55,18.0677,7204.6,223.581
3532,41,56,65.1745,5053.39,238.938
3533,41,57,22.627,7010.58,254.339
3534,41,58,21.1315,7079.87,268.055
3535,41,59,9.13573,7639.67,281.936
3536,41,60,52.8004,5587.43,299.125
3537,41,61,34.1381,6470.78,313.61
3538,41,62,28.3145,6748.37,327.414
3539,41,63,18.7928,7205.41,341.386
3540,41,64,38.4063,6257.42,356.561
3541,41,65,24.8162,6918.81,371.081
3542,41,66,11.5477,7568.97,385.699
3543,41,67,8.15629,7736.28,399.415
3544,41,68,30.7542,6613.91,416.781
3545,41,69,18.6922,7217.02,431.655
3546,41,70,16.7851,7313.01,445.392
3547,41,71,17.969,7253.02,459.076
3548,41,72,32.6984,6501.82,475.417
3549,41,73,25.8898,6851.33,489.745
3550,41,74,24.469,6924.74,503.451
3551,41,75,24.0997,6943.94,517.097
3552,41,76,36.95,6271.44,534.062
3553,41,77,30.1295,6630.65,548.76
3554,41,78,25.7996,6860.14,562.898
3555,41,79,23.4438,6985.79,576.714
3556,41,80,37.0588,6255.11,595.82
3557,41,81,32.3936,6507.03,610.242
3558,41,82,30.8799,6589.28,624.06
3559,41,83,27.8489,6754.97,638.133
3560,41,84,37.8028,6207.51,655.94
3561,41,85,34.023,6416.66,670.338
3562,41,86,29.1182,6689.69,685.259
3563,41,87,26.3641,6843.92,699.422
3564,41,88,29.3683,6674.68,713.697
3565,41,89,24.8717,6929.49,728.717
3566,41,90,21.8915,7099.36,743.072
3567,41,91,21.44,7125.25,756.822
3568,41,92,24.93,6923.99,771.542
3569,41,93,22.7772,7048.85,785.672
3570,41,94,20.6552,7172.64,799.814
3571,41,95,18.3351,7308.75,814.077
3572,41,96,22.9051,7039.12,830.126
3573,41,97,20.4723,7183.46,844.546
3574,41,98,20.4433,7185.19,858.247
3575,41,99,19.4384,7245.49,872.074
3576,41,100,22.6987,7048.79,887.364
3577,41,101,20.0981,7206.56,902.139
3578,41,102,19.7626,7227.02,915.837
3579,41,103,18.0435,7332.46,930.056
3580,41,104,20.8865,7157.14,945.329
3581,41,105,18.9191,7279.12,959.816
3582,41,106,16.7487,7414.41,974.542
3583,41,107,14.5582,7551.68,989.354
3584,41,108,16.6379,7420.66,1004.12
3585,41,109,15.083,7519.13,1018.43
3586,41,110,13.407,7625.84,1032.9
3587,41,111,12.0195,7714.64,1047.14
3588,41,112,14.2644,7570.21,1062.42
3589,41,113,12.5191,7683.08,1077.11
3590,41,114,11.542,7746.59,1091.11
3591,42,51,-37.2543,9791.71,149.237
3592,42,52,104.99,3390.73,166.138
3593,42,53,46.6898,6033.66,180.667
3594,42,54,39.8004,6348.28,194.443
3595,42,55,-12.657,8761.32,209.339
3596,42,56,44.8274,6097.88,224.903
3597,42,57,-0.495184,8212.93,240.098
3598,42,58,0.553588,8163.64,253.849
3599,42,59,-10.4886,8686.3,267.685
3600,42,60,39.838,6287.4,285.063
3601,42,61,20.6058,7210.55,299.469
3602,42,62,15.5163,7456.54,313.272
3603,42,63,6.29255,7905.43,327.202
3604,42,64,28.6986,6807.53,342.51
3605,42,65,14.7849,7493.94,356.944
3606,42,66,1.25737,8165.81,371.458
3607,42,67,-1.60333,8308.84,385.163
3608,42,68,23.3915,7050.77,402.68
3609,42,69,10.9938,7678.92,417.458
3610,42,70,9.4861,7755.81,431.2
3611,42,71,11.2355,7666.01,444.917
3612,42,72,27.3496,6833.45,461.364
3613,42,73,20.4498,7192.24,475.643
3614,42,74,19.2725,7253.85,489.356
3615,42,75,19.1872,7258.34,503.018
3616,42,76,33.0525,6523.48,520.068
3617,42,77,26.0697,6895.9,534.707
3618,42,78,21.7252,7129.05,548.812
3619,42,79,19.4598,7251.39,562.617
3620,42,80,33.9774,6462.6,581.789
3621,42,81,29.2329,6721.96,596.177
3622,42,82,27.7995,6800.8,609.997
3623,42,83,24.7709,6968.38,624.049
3624,42,84,35.3309,6380.54,641.91
3625,42,85,31.4917,6595.53,656.28
3626,42,86,26.4814,6877.78,671.148
3627,42,87,23.7222,7034.13,685.29
3628,42,88,26.9667,6849.2,699.609
3629,42,89,22.3828,7112.01,714.571
3630,42,90,19.3825,7285.03,728.892
3631,42,91,19.0133,7306.44,742.648
3632,42,92,22.7353,7089.32,757.421
3633,42,93,20.5842,7215.52,771.527
3634,42,94,18.4648,7340.56,785.644
3635,42,95,16.1399,7478.51,799.874
3636,42,96,20.9559,7191.15,815.986
3637,42,97,18.5059,7338.16,830.37
3638,42,98,18.5449,7335.8,844.081
3639,42,99,17.5708,7394.9,857.899
3640,42,100,21.0049,7185.42,873.243
3641,42,101,18.374,7346.78,887.971
3642,42,102,18.0841,7364.66,901.673
3643,42,103,16.3636,7471.33,915.862
3644,42,104,19.3503,7285.16,931.188
3645,42,105,17.3694,7409.3,945.638
3646,42,106,15.1799,7547.23,960.319
3647,42,107,12.9706,7687.15,975.082
3648,42,108,15.1597,7547.78,989.892
3649,42,109,13.6026,7647.44,1004.18
3650,42,110,11.9209,7755.63,1018.6
3651,42,111,10.5362,7845.17,1032.82
3652,42,112,12.8862,7692.42,1048.15
3653,42,113,11.1306,7807.12,1062.79
3654,42,114,10.1649,7870.54,1076.77
3655,43,52,105.391,3371.07,152.233
3656,43,53,36.4181,6543.83,166.788
3657,43,54,30.0923,6836.92,180.653
3658,43,55,-28.9419,9591.85,195.473
3659,43,56,39.081,6394.78,211.081
3660,43,57,-11.5184,8789.81,226.2
3661,43,58,-8.96064,8667.89,240.019
3662,43,59,-20.1826,9206.55,253.882
3663,43,60,36.813,6451.76,271.223
3664,43,61,15.8747,7470.75,285.631
3665,43,62,10.7494,7721.89,299.475
3666,43,63,1.10119,8197.87,313.424
3667,43,64,26.0161,6960.44,328.758
3668,43,65,11.1257,7704.95,343.181
3669,43,66,-3.22412,8427.23,357.668
3670,43,67,-5.95516,8565.6,371.401
3671,43,68,21.2971,7175.74,388.891
3672,43,69,8.13614,7851.33,403.643
3673,43,70,6.72491,7924.24,417.417
3674,43,71,8.78541,7817.1,431.173
3675,43,72,26.1371,6909.03,447.607
3676,43,73,18.8704,7291.74,461.888
3677,43,74,17.7182,7352.8,475.63
3678,43,75,17.722,7352.61,489.322
3679,43,76,32.4891,6560.1,506.335
3680,43,77,25.1394,6956.99,520.967
3681,43,78,20.6052,7203.34,535.08
3682,43,79,18.2779,7330.57,548.902
3683,43,80,33.6218,6486.66,567.991
3684,43,81,28.6522,6761.64,582.385
3685,43,82,27.1762,6843.8,596.227
3686,43,83,24.0303,7019.97,610.29
3687,43,84,35.1284,6394.78,628.096
3688,43,85,31.1201,6621.92,642.474
3689,43,86,25.8989,6919.53,657.332
3690,43,87,23.043,7083.27,671.482
3691,43,88,26.458,6886.33,685.82
3692,43,89,21.7007,7162.26,700.767
3693,43,90,18.6039,7342.91,715.087
3694,43,91,18.2514,7363.58,728.862
3695,43,92,22.1528,7133.4,743.649
3696,43,93,19.9401,7264.69,757.76
3697,43,94,17.764,7394.53,771.879
3698,43,95,15.3778,7537.7,786.107
3699,43,96,20.4004,7234.67,802.219
3700,43,97,17.8815,7387.49,816.599
3701,43,98,17.9442,7383.66,830.328
3702,43,99,16.9569,7444.21,844.155
3703,43,100,20.5306,7223.83,859.507
3704,43,101,17.8267,7391.48,874.222
3705,43,102,17.5454,7409.01,887.938
3706,43,103,15.7861,7519.26,902.125
3707,43,104,18.8877,7323.86,917.46
3708,43,105,16.8586,7452.37,931.902
3709,43,106,14.6167,7595.1,946.569
3710,43,107,12.3568,7739.74,961.314
3711,43,108,14.6308,7593.45,976.14
3712,43,109,13.043,7696.12,990.419
3713,43,110,11.3283,7807.58,1004.84
3714,43,111,9.92067,7899.54,1019.04
3715,43,112,12.3553,7739.67,1034.38
3716,43,113,10.5653,7857.81,1049.02
3717,43,114,9.5884,7922.61,1063
3718,44,53,-14.0169,9065.58,152.513
3719,44,54,-12.3228,8985.95,166.446
3720,44,55,-74.1268,11911.3,181.068
3721,44,56,11.3126,7838.73,196.925
3722,44,57,-42.5484,10424.1,211.86
3723,44,58,-35.5122,10084,225.744
3724,44,59,-44.818,10536.9,239.59
3725,44,60,21.7813,7273.49,257.115
3726,44,61,0.186705,8338.83,271.466
3727,44,62,-3.82672,8538.16,285.329
3728,44,63,-12.9822,8995.93,299.257
3729,44,64,15.6468,7554.94,314.718
3730,44,65,0.345487,8330.21,329.076
3731,44,66,-14.3148,9077.88,343.483
3732,44,67,-16.3492,9182.31,357.223
3733,44,68,13.9148,7618.68,374.834
3734,44,69,0.309315,8326.16,389.511
3735,44,70,-0.626685,8375.14,403.303
3736,44,71,2.1061,8231.22,417.101
3737,44,72,21.1151,7223.74,433.615
3738,44,73,13.6987,7619.28,447.865
3739,44,74,12.8059,7667.19,461.625
3740,44,75,13.1169,7650.4,475.343
3741,44,76,29.0581,6784.26,492.408
3742,44,77,21.4779,7198.65,506.997
3743,44,78,16.8939,7450.77,521.092
3744,44,79,14.6434,7575.29,534.915
3745,44,80,31.0131,6664.04,554.027
3746,44,81,25.9193,6949.3,568.399
3747,44,82,24.5078,7028.81,582.253
3748,44,83,21.338,7208.44,596.307
3749,44,84,33.1088,6537.5,614.134
3750,44,85,29.0058,6772.74,628.496
3751,44,86,23.6401,7082.16,643.316
3752,44,87,20.757,7249.38,657.455
3753,44,88,24.4255,7035.39,671.832
3754,44,89,19.5497,7321.43,686.735
3755,44,90,16.4126,7506.52,701.033
3756,44,91,16.1367,7522.89,714.821
3757,44,92,20.2836,7275.46,729.65
3758,44,93,18.0572,7409.04,743.748
3759,44,94,15.8697,7541.02,757.852
3760,44,95,13.4645,7686.94,772.057
3761,44,96,18.7489,7364.59,788.214
3762,44,97,16.1978,7521.06,802.57
3763,44,98,16.324,7513.28,816.314
3764,44,99,15.3594,7573.08,830.14
3765,44,100,19.1145,7339.01,845.532
3766,44,101,16.3662,7511.24,860.212
3767,44,102,16.1248,7526.45,873.937
3768,44,103,14.3543,7638.58,888.105
3769,44,104,17.6045,7431.65,903.479
3770,44,105,15.5514,7563.05,917.895
3771,44,106,13.2798,7709.19,932.527
3772,44,107,10.991,7857.2,947.235
3773,44,108,13.377,7702.11,962.099
3774,44,109,11.7791,7806.5,976.355
3775,44,110,10.0509,7919.98,990.743
3776,44,111,8.63948,8013.14,1004.92
3777,44,112,11.1819,7844.5,1020.31
3778,44,113,9.37416,7965.01,1034.91
3779,44,114,8.40333,8030.06,1048.88
3780,45,54,140.885,1172.37,149.059
3781,45,55,39.9877,6015.43,164.457
3782,45,56,120.648,2116.85,179.675
3783,45,57,41.6799,5959.96,195.338
3784,45,58,37.6886,6155.53,209.087
3785,45,59,17.3819,7157.33,223.001
3786,45,60,84.5311,3822.25,240.034
3787,45,61,53.0137,5398.12,254.685
3788,45,62,42.6846,5918.02,268.546
3789,45,63,27.6695,6678.78,282.573
3790,45,64,55.0962,5280.02,297.656
3791,45,65,34.5806,6333.16,312.289
3792,45,66,15.4753,7320.27,326.965
3793,45,67,10.6735,7569.96,340.692
3794,45,68,41.2076,5972.01,357.974
3795,45,69,24.3303,6860.88,372.937
3796,45,70,21.4745,7012.24,386.698
3797,45,71,22.7726,6943.01,400.388
3798,45,72,41.6632,5929.21,416.618
3799,45,73,32.3182,6433.84,431.027
3800,45,74,30.1246,6553.02,444.754
3801,45,75,29.3383,6596.01,458.409
3802,45,76,45.262,5720.21,475.228
3803,45,77,36.2403,6219.4,490.033
3804,45,78,30.5183,6537.93,504.229
3805,45,79,27.3607,6714.76,518.075
3806,45,80,43.9333,5781.16,536.992
3807,45,81,37.8658,6124.99,551.498
3808,45,82,35.7512,6245.52,565.351
3809,45,83,31.8423,6469.64,579.474
3810,45,84,43.6764,5787.2,597.108
3811,45,85,38.8577,6066.68,611.585
3812,45,86,32.7674,6421.95,626.584
3813,45,87,29.3257,6623.86,640.793
3814,45,88,32.7714,6420.57,655.037
3815,45,89,27.308,6744.73,670.116
3816,45,90,23.6972,6960.18,684.507
3817,45,91,23.0996,6996.03,698.273
3818,45,92,27.1292,6752.91,712.962
3819,45,93,24.5325,6910.45,727.122
3820,45,94,21.9984,7065.03,741.291
3821,45,95,19.2586,7233.07,755.575
3822,45,96,24.5233,6908.41,771.581
3823,45,97,21.6581,7086.05,786.029
3824,45,98,21.5867,7090.5,799.739
3825,45,99,20.3957,7165.14,813.58
3826,45,100,24.105,6931.45,828.838
3827,45,101,21.0852,7122.71,843.642
3828,45,102,20.6728,7148.97,857.35
3829,45,103,18.6881,7275.99,871.585
3830,45,104,21.9022,7069.21,886.834
3831,45,105,19.6408,7215.45,901.342
3832,45,106,17.164,7376.44,916.082
3833,45,107,14.6792,7538.78,930.9
3834,45,108,17.0246,7384.77,945.66
3835,45,109,15.2653,7500.88,959.984
3836,45,110,13.3791,7626,974.452
3837,45,111,11.8262,7729.53,988.693
3838,45,112,14.3496,7560.46,1003.97
3839,45,113,12.3977,7691.89,1018.67
3840,45,114,11.3127,7765.3,1032.67
3841,46,55,-21.25,9199.79,150.129
3842,46,56,85.2098,3983.26,165.635
3843,46,57,-1.01323,8236.93,181
3844,46,58,0.949581,8139.44,194.79
3845,46,59,-17.0095,9037.4,208.635
3846,46,60,63.6784,4976.1,225.936
3847,46,61,30.8278,6640.53,240.47
3848,46,62,21.8937,7096.17,254.316
3849,46,63,7.52037,7834,268.277
3850,46,64,39.9551,6158.21,283.537
3851,46,65,18.9019,7252.97,298.048
3852,46,66,-0.529713,8269.9,312.586
3853,46,67,-4.31297,8469.15,326.291
3854,46,68,30.1794,6641.05,343.787
3855,46,69,12.8146,7567.17,358.624
3856,46,70,10.6517,7683.25,372.383
3857,46,71,12.8821,7562.81,386.106
3858,46,72,33.9047,6420.58,402.481
3859,46,73,24.4464,6937.63,416.82
3860,46,74,22.6444,7036.75,430.548
3861,46,75,22.3044,7055.56,444.214
3862,46,76,39.7092,6086.69,461.153
3863,46,77,30.4707,6604.05,475.877
3864,46,78,24.7515,6926.23,490.025
3865,46,79,21.7474,7096.46,503.85
3866,46,80,39.5878,6079.56,522.874
3867,46,81,33.4246,6432.91,537.332
3868,46,82,31.4358,6547.6,551.18
3869,46,83,27.5483,6773.08,565.27
3870,46,84,40.2095,6034.51,582.987
3871,46,85,35.3232,6321.17,597.423
3872,46,86,29.1082,6687.85,612.354
3873,46,87,25.6769,6891.45,626.531
3874,46,88,29.4526,6666.16,640.827
3875,46,89,23.8916,6999.82,655.834
3876,46,90,20.2722,7218.19,670.179
3877,46,91,19.7976,7246.99,683.947
3878,46,92,24.1391,6982.15,698.699
3879,46,93,21.5588,7140.41,712.827
3880,46,94,19.0427,7295.57,726.96
3881,46,95,16.3115,7464.91,741.2
3882,46,96,21.8983,7116.66,757.291
3883,46,97,19.0238,7296.8,771.693
3884,46,98,19.0492,7295.2,785.41
3885,46,99,17.908,7367.48,799.236
3886,46,100,21.8427,7116.97,814.562
3887,46,101,18.7957,7311.97,829.309
3888,46,102,18.4492,7334.26,843.015
3889,46,103,16.4727,7462.07,857.212
3890,46,104,19.8709,7241.19,872.529
3891,46,105,17.6019,7389.44,886.99
3892,46,106,15.1107,7553.02,901.675
3893,46,107,12.612,7717.94,916.433
3894,46,108,15.0974,7553.07,931.251
3895,46,109,13.3434,7670.01,945.535
3896,46,110,11.4583,7796.31,959.955
3897,46,111,9.91651,7900.12,974.156
3898,46,112,12.5723,7720.41,989.507
3899,46,113,10.6152,7853.5,1004.14
3900,46,114,9.55048,7926.25,1018.12
3901,47,56,46.0375,6059.39,151.568
3902,47,57,-48.7402,10798.3,166.682
3903,47,58,-38.4958,10282.6,180.55
3904,47,59,-53.1493,11025.1,194.37
3905,47,60,44.2282,6058.83,211.885
3906,47,61,9.59099,7836.87,226.341
3907,47,62,2.19473,8219.01,240.203
3908,47,63,-11.5521,8933.85,254.134
3909,47,64,26.6056,6936.93,269.541
3910,47,65,4.74158,8088.43,283.968
3911,47,66,-15.2172,9146.25,298.404
3912,47,67,-17.962,9292.64,312.115
3913,47,68,20.9069,7206.68,329.753
3914,47,69,2.83847,8182.37,344.497
3915,47,70,1.32659,8264.52,358.275
3916,47,71,4.4815,8092.05,372.043
3917,47,72,27.7674,6811.32,388.511
3918,47,73,18.0631,7348.29,402.809
3919,47,74,16.5883,7430.39,416.553
3920,47,75,16.6425,7427.36,430.245
3921,47,76,35.5851,6360.26,447.246
3922,47,77,26.0166,6902.47,461.916
3923,47,78,20.2184,7232.97,476.039
3924,47,79,17.307,7399.89,489.861
3925,47,80,36.458,6295.51,508.917
3926,47,81,30.1215,6663.03,523.346
3927,47,82,28.2057,6774.79,537.203
3928,47,83,24.2826,7004.94,551.28
3929,47,84,37.7821,6208.47,569.026
3930,47,85,32.7697,6505.87,583.44
3931,47,86,26.3716,6887.62,598.325
3932,47,87,22.9064,7095.54,612.486
3933,47,88,26.9938,6848.93,626.825
3934,47,89,21.2886,7195.05,641.779
3935,47,90,17.623,7418.65,656.097
3936,47,91,17.245,7441.83,669.876
3937,47,92,21.8863,7155.62,684.677
3938,47,93,19.2921,7316.46,698.788
3939,47,94,16.7655,7473.95,712.901
3940,47,95,14.0158,7646.27,727.114
3941,47,96,19.9179,7274.43,743.258
3942,47,97,17.0084,7458.7,757.63
3943,47,98,17.1122,7452.09,771.362
3944,47,99,16.001,7523.21,785.184
3945,47,100,20.1521,7256.16,800.557
3946,47,101,17.0558,7456.38,815.263
3947,47,102,16.7591,7475.67,828.977
3948,47,103,14.7725,7605.46,843.149
3949,47,104,18.3466,7370.76,858.512
3950,47,105,16.0522,7522.19,872.942
3951,47,106,13.5297,7689.52,887.587
3952,47,107,11.0009,7858.1,902.302
3953,47,108,13.6185,7682.73,917.164
3954,47,109,11.8557,7801.42,931.42
3955,47,110,9.95821,7929.82,945.807
3956,47,111,8.41513,8034.75,959.982
3957,47,112,11.1969,7844.66,975.382
3958,47,113,9.22245,7980.24,989.981
3959,47,114,8.16736,8053.04,1003.94
3960,48,57,-106.253,13904,152.316
3961,48,58,-83.6892,12753.2,166.3
3962,48,59,-93.2528,13244.1,180.132
3963,48,60,25.2757,7120.17,197.823
3964,48,61,-11.6022,9037.82,212.235
3965,48,62,-17.1589,9328.62,226.136
3966,48,63,-30.2048,10015.7,240.064
3967,48,64,14.6365,7639.12,255.593
3968,48,65,-8.32701,8863.84,269.966
3969,48,66,-29.0111,9973.88,284.33
3970,48,67,-30.6509,10062.4,298.066
3971,48,68,13.1282,7683.77,315.789
3972,48,69,-5.87566,8722.65,330.469
3973,48,70,-6.76125,8771.35,344.278
3974,48,71,-2.66944,8544.94,358.098
3975,48,72,23.0514,7113.15,374.616
3976,48,73,12.9634,7678.08,388.895
3977,48,74,11.7571,7746.03,402.667
3978,48,75,12.1602,7723.18,416.392
3979,48,76,32.7183,6551.37,433.409
3980,48,77,22.7031,7125.58,448.047
3981,48,78,16.7446,7469.19,462.163
3982,48,79,13.8683,7636.01,475.995
3983,48,80,34.3884,6439,495.025
3984,48,81,27.8009,6825.47,509.443
3985,48,82,25.9082,6937.14,523.318
3986,48,83,21.8948,7175.27,537.395
3987,48,84,36.2531,6318.56,555.129
3988,48,85,31.0573,6630.3,569.536
3989,48,86,24.419,7030.82,584.391
3990,48,87,20.8782,7245.63,598.55
3991,48,88,25.2639,6978.1,612.924
3992,48,89,19.3694,7339.63,627.842
3993,48,90,15.6225,7570.69,642.146
3994,48,91,15.3182,7589.55,655.943
3995,48,92,20.2515,7282.05,670.778
3996,48,93,17.6155,7447.23,684.883
3997,48,94,15.0528,7608.68,698.988
3998,48,95,12.2599,7785.57,713.186
3999,48,96,18.4746,7389.9,729.359
4000,48,97,15.5064,7579.86,743.715
4001,48,98,15.6732,7569.13,757.464
4002,48,99,14.5746,7640.17,771.291
4003,48,100,18.9362,7356.67,786.694
4004,48,101,15.7703,7563.51,801.372
4005,48,102,15.5095,7580.64,815.099
4006,48,103,13.4966,7713.49,829.258
4007,48,104,17.2408,7465.12,844.65
4008,48,105,14.9055,7620.81,859.061
4009,48,106,12.3363,7792.94,873.678
4010,48,107,9.76304,7966.21,888.362
4011,48,108,12.507,7780.54,903.256
4012,48,109,10.7232,7901.83,917.496
4013,48,110,8.80143,8033.16,931.861
4014,48,111,7.24628,8139.94,946.019
4015,48,112,10.1496,7939.61,961.453
4016,48,113,8.14706,8078.46,976.024
4017,48,114,7.09258,8151.92,989.971
4018,49,58,47.418,5542.31,149.937
4019,49,59,12.2779,7369.6,163.829
4020,49,60,132.973,1053.24,180.858
4021,49,61,73.8525,4166.9,195.681
4022,49,62,55.2942,5150.49,209.594
4023,49,63,30.8484,6454.27,223.643
4024,49,64,73.6632,4156.54,238.714
4025,49,65,41.0538,5917.45,253.425
4026,49,66,12.5848,7464.27,268.094
4027,49,67,6.39378,7802.71,281.809
4028,49,68,50.8463,5357.82,299.133
4029,49,69,26.4404,6708.28,314.138
4030,49,70,22.5365,6925.6,327.917
4031,49,71,24.4365,6819.2,341.619
4032,49,72,50.0419,5376.76,357.809
4033,49,73,36.9876,6116.5,372.275
4034,49,74,33.8405,6295.89,386.02
4035,49,75,32.6377,6364.85,399.682
4036,49,76,53.2015,5179,416.417
4037,49,77,41.083,5881.87,431.304
4038,49,78,33.5019,6324.11,445.537
4039,49,79,29.3589,6567.16,459.399
4040,49,80,50.1934,5337.93,478.197
4041,49,81,42.2487,5809.31,492.769
4042,49,82,39.3948,5979.59,506.653
4043,49,83,34.3815,6280.39,520.81
4044,49,84,48.8437,5407.84,538.324
4045,49,85,42.6865,5781.37,552.861
4046,49,86,35.0868,6244.96,567.909
4047,49,87,30.8173,6506.82,582.145
4048,49,88,34.9253,6253.49,596.383
4049,49,89,28.272,6666,611.486
4050,49,90,23.9227,6937.1,625.888
4051,49,91,23.2183,6981.25,639.665
4052,49,92,28.0167,6678.95,654.356
4053,49,93,24.9184,6875.17,668.528
4054,49,94,21.9268,7065.64,682.701
4055,49,95,18.7225,7270.71,696.981
4056,49,96,24.9268,6871.57,712.994
4057,49,97,21.5742,7088.37,727.445
4058,49,98,21.5049,7092.87,741.163
4059,49,99,20.1346,7182.4,755.007
4060,49,100,24.45,6899.02,770.271
4061,49,101,20.9566,7129.59,785.074
4062,49,102,20.494,7160.27,798.786
4063,49,103,18.2268,7311.42,813.015
4064,49,104,21.9357,7062.92,828.279
4065,49,105,19.3538,7236.78,842.782
4066,49,106,16.5426,7427,857.508
4067,49,107,13.7395,7617.61,872.301
4068,49,108,16.4424,7432.91,887.088
4069,49,109,14.4711,7568.27,901.397
4070,49,110,12.3664,7713.5,915.841
4071,49,111,10.6487,7832.59,930.059
4072,49,112,13.5364,7631.41,945.383
4073,49,113,11.3681,7783.2,960.044
4074,49,114,10.184,7866.48,974.026
4075,50,59,-81.5187,12622.2,148.639
4076,50,60,78.1745,4158.47,166.404
4077,50,61,18.334,7349.96,180.976
4078,50,62,5.46188,8040.77,194.814
4079,50,63,-15.3573,9165,208.71
4080,50,64,39.3269,6193.83,224.134
4081,50,65,6.93337,7964.67,238.617
4082,50,66,-20.8708,9493.9,253.047
4083,50,67,-24.0324,9668.85,266.697
4084,50,68,28.3021,6755.56,284.499
4085,50,69,3.71002,8132.72,299.298
4086,50,70,1.59909,8251.63,313.046
4087,50,71,5.5752,8026.32,326.777
4088,50,72,35.0473,6346.41,343.251
4089,50,73,22.1547,7085.59,357.592
4090,50,74,19.9425,7213.16,371.31
4091,50,75,19.7162,7226.28,384.964
4092,50,76,42.7605,5882.03,401.947
4093,50,77,30.5221,6600.02,416.7
4094,50,78,23.1465,7035.18,430.843
4095,50,79,19.4177,7256.42,444.652
4096,50,80,42.2377,5894.82,463.711
4097,50,81,34.2937,6371.46,478.195
4098,50,82,31.749,6525,492.051
4099,50,83,26.8905,6819.75,506.143
4100,50,84,42.6072,5861.03,523.842
4101,50,85,36.4544,6238.39,538.306
4102,50,86,28.7807,6711.61,553.248
4103,50,87,24.6184,6969.67,567.424
4104,50,88,29.255,6680.66,581.733
4105,50,89,22.5525,7100.68,596.729
4106,50,90,18.2701,7370.47,611.056
4107,50,91,17.8013,7400.16,624.822
4108,50,92,23.0748,7064.41,639.608
4109,50,93,20.0604,7257.34,653.722
4110,50,94,17.1517,7444.46,667.834
4111,50,95,14.0157,7647.26,682.043
4112,50,96,20.6843,7213.8,698.202
4113,50,97,17.3687,7430.42,712.581
4114,50,98,17.4683,7423.88,726.297
4115,50,99,16.2046,7507.28,740.107
4116,50,100,20.8434,7199.57,755.48
4117,50,101,17.3544,7432.18,770.201
4118,50,102,17.0103,7455.23,783.9
4119,50,103,14.788,7604.86,798.067
4120,50,104,18.7569,7336.3,813.437
4121,50,105,16.1963,7510.42,827.87
4122,50,106,13.3973,7701.69,842.517
4123,50,107,10.606,7893.36,857.229
4124,50,108,13.5067,7693.21,872.102
4125,50,109,11.5675,7827.66,886.349
4126,50,110,9.48904,7972.46,900.725
4127,50,111,7.80875,8090.08,914.882
4128,50,112,10.8783,7874.19,930.312
4129,50,113,8.72525,8026.34,944.901
4130,50,114,7.58609,8107.22,958.837
4131,51,60,53.6638,5555.58,152.399
4132,51,61,-12.6004,9133.85,166.912
4133,51,62,-22.4621,9669.67,180.8
4134,51,63,-42.1883,10748,194.694
4135,51,64,24.141,7099.92,210.259
4136,51,65,-10.5469,9019.32,224.673
4137,51,66,-39.6416,10638.9,239.017
4138,51,67,-40.9668,10713.1,252.701
4139,51,68,19.0643,7331.38,270.588
4140,51,69,-7.14406,8816.52,285.313
4141,51,70,-8.38067,8887.01,299.099
4142,51,71,-3.07543,8582.84,312.889
4143,51,72,29.8623,6683.43,329.41
4144,51,73,16.2995,7470.07,343.728
4145,51,74,14.3909,7581.41,357.478
4146,51,75,14.5907,7569.69,371.169
4147,51,76,39.8018,6082.23,388.16
4148,51,77,26.8761,6849.16,402.876
4149,51,78,19.234,7305.13,417.01
4150,51,79,15.5179,7528.1,430.83
4151,51,80,40.1192,6043.82,449.851
4152,51,81,31.7994,6548.56,464.322
4153,51,82,29.2515,6703.98,478.198
4154,51,83,24.2499,7010.74,492.29
4155,51,84,41.0465,5974.96,509.969
4156,51,85,34.6313,6372.7,524.426
4157,51,86,26.6326,6871.29,539.336
4158,51,87,22.3614,7138.95,553.509
4159,51,88,27.3608,6823.98,567.854
4160,51,89,20.4117,7264.09,582.811
4161,51,90,16.0223,7543.55,597.122
4162,51,91,15.6402,7568,610.907
4163,51,92,21.2678,7205.97,625.73
4164,51,93,18.1972,7404.53,639.838
4165,51,94,15.241,7596.68,653.941
4166,51,95,12.0505,7805.13,668.134
4167,51,96,19.0945,7342.57,684.323
4168,51,97,15.7055,7566.25,698.683
4169,51,98,15.8785,7554.77,712.419
4170,51,99,14.6282,7638.13,726.233
4171,51,100,19.5156,7310.67,741.637
4172,51,101,15.9417,7551.31,756.328
4173,51,102,15.6388,7571.81,770.041
4174,51,103,13.3844,7725.1,784.195
4175,51,104,17.5523,7440.3,799.594
4176,51,105,14.9423,7619.52,814.007
4177,51,106,12.0881,7816.46,828.625
4178,51,107,9.24482,8013.59,843.303
4179,51,108,12.2925,7801.27,858.21
4180,51,109,10.3288,7938.73,872.439
4181,51,110,8.2223,8086.89,886.792
4182,51,111,6.52845,8206.59,900.932
4183,51,112,9.7383,7978.69,916.398
4184,51,113,7.5531,8134.56,930.957
4185,51,114,6.41498,8216.13,944.885
4186,52,61,-54.0499,11537.9,152.73
4187,52,62,-58.1684,11764.4,166.687
4188,52,63,-75.2312,12708.6,180.595
4189,52,64,6.38602,8165.22,196.315
4190,52,65,-30.7208,10243.2,210.675
4191,52,66,-61.0049,11949.2,224.948
4192,52,67,-59.8254,11882.4,238.681
4193,52,68,9.48684,7931.57,256.642
4194,52,69,-18.5694,9540.13,271.307
4195,52,70,-18.7335,9549.59,285.139
4196,52,71,-11.8625,9151.07,298.995
4197,52,72,25.0491,6997.9,315.547
4198,52,73,10.6909,7840.25,329.855
4199,52,74,9.10397,7933.87,343.641
4200,52,75,9.76098,7894.89,357.375
4201,52,76,37.3754,6247.23,374.356
4202,52,77,23.642,7071.23,389.047
4203,52,78,15.6735,7552,403.18
4204,52,79,11.9462,7778.12,417.018
4205,52,80,38.4905,6158.92,435.977
4206,52,81,29.7246,6696.56,450.445
4207,52,82,27.1462,6855.56,464.344
4208,52,83,21.9636,7176.88,478.443
4209,52,84,39.9167,6057.81,496.087
4210,52,85,33.1906,6479.31,510.543
4211,52,86,24.8171,7006.84,525.429
4212,52,87,20.4095,7285.99,539.605
4213,52,88,25.7847,6943.77,553.983
4214,52,89,18.5528,7406.61,568.91
4215,52,90,14.0336,7697.35,583.213
4216,52,91,13.7319,7716.86,597.019
4217,52,92,19.727,7327.17,611.872
4218,52,93,16.5836,7532.54,625.979
4219,52,94,13.5649,7730.77,640.079
4220,52,95,10.3056,7945.88,654.263
4221,52,96,17.7403,7452.72,670.471
4222,52,97,14.2628,7684.55,684.819
4223,52,98,14.5046,7668.35,698.575
4224,52,99,13.2593,7752.2,712.399
4225,52,100,18.4021,7404.2,727.825
4226,52,101,14.7299,7653.91,742.493
4227,52,102,14.4625,7672.18,756.221
4228,52,103,12.1667,7829.83,770.367
4229,52,104,16.5378,7528.22,785.789
4230,52,105,13.8687,7713.28,800.187
4231,52,106,10.9498,7916.63,814.781
4232,52,107,8.0456,8119.92,829.432
4233,52,108,11.2423,7895.09,844.368
4234,52,109,9.24707,8036.09,858.585
4235,52,110,7.10586,8188.11,872.92
4236,52,111,5.39277,8310.31,887.048
4237,52,112,8.74509,8070.06,902.542
4238,52,113,6.52144,8230.16,917.078
4239,52,114,5.37994,8312.73,931.002
4240,53,62,91.4438,2937.32,149.55
4241,53,63,44.0764,5589.89,163.593
4242,53,64,119.412,1345.99,178.649
4243,53,65,59.2078,4757.56,193.533
4244,53,66,11.7504,7462.63,208.215
4245,53,67,3.38655,7942.16,221.859
4246,53,68,73.4613,3901.18,239.349
4247,53,69,34.5779,6156.41,254.468
4248,53,70,28.4903,6511.52,268.234
4249,53,71,31.1137,6357.62,281.906
4250,53,72,67.4188,4215.62,298.058
4251,53,73,47.6579,5388.1,312.624
4252,53,74,42.5661,5691.91,326.364
4253,53,75,40.3705,5823.65,340.001
4254,53,76,67.7353,4172.63,356.659
4255,53,77,50.4745,5219.79,371.694
4256,53,78,39.8289,5869.17,385.979
4257,53,79,34.0363,6224.45,399.847
4258,53,80,60.8987,4567.93,418.571
4259,53,81,49.9829,5244.71,433.242
4260,53,82,45.8821,5500.34,447.149
4261,53,83,39.1563,5921.82,461.345
4262,53,84,57.1569,4787.78,478.751
4263,53,85,48.9784,5305.75,493.373
4264,53,86,39.1836,5929.35,508.5
4265,53,87,33.7032,6280.1,522.766
4266,53,88,38.6384,5962.6,536.98
4267,53,89,30.3209,6500.47,552.131
4268,53,90,24.9444,6849.94,566.547
4269,53,91,24.0677,6907.22,580.323
4270,53,92,29.8458,6527.79,595.004
4271,53,93,26.0555,6777.95,609.187
4272,53,94,22.442,7017.64,623.363
4273,53,95,18.6182,7272.56,637.638
4274,53,96,26.013,6777.11,653.666
4275,53,97,22.0132,7046.43,668.125
4276,53,98,21.9285,7052.16,681.836
4277,53,99,20.3144,7161.92,695.673
4278,53,100,25.3775,6815.94,710.941
4279,53,101,21.2707,7097.95,725.756
4280,53,102,20.731,7135.18,739.46
4281,53,103,18.0993,7317.64,753.682
4282,53,104,22.4104,7017.31,768.958
4283,53,105,19.419,7226.71,783.462
4284,53,106,16.1864,7454.07,798.182
4285,53,107,12.9861,7680.22,812.959
4286,53,108,16.1206,7457.67,827.77
4287,53,109,13.8842,7617.2,842.063
4288,53,110,11.5092,7787.41,856.486
4289,53,111,9.58878,7925.68,870.678
4290,53,112,12.913,7685.23,886.047
4291,53,113,10.4798,7862.04,900.685
4292,53,114,9.17376,7957.38,914.644
4293,54,63,11.6398,7536.09,149.748
4294,54,64,106.57,2125.05,164.921
4295,54,65,38.4723,6029.33,179.705
4296,54,66,-13.0961,9003.11,194.268
4297,54,67,-19.1053,9351.64,207.944
4298,54,68,63.3116,4543.99,225.506
4299,54,69,20.8366,7035.86,240.521
4300,54,70,15.6494,7341.9,254.322
4301,54,71,19.991,7084.3,268.057
4302,54,72,61.2885,4620.22,284.261
4303,54,73,40.1646,5887.65,298.786
4304,54,74,35.3015,6181.06,312.552
4305,54,75,33.5667,6286.3,326.223
4306,54,76,63.9027,4435.81,342.902
4307,54,77,45.5228,5563.11,357.876
4308,54,78,34.4218,6247.67,372.135
4309,54,79,28.5995,6608.65,386.004
4310,54,80,57.8545,4785.09,404.712
4311,54,81,46.3764,5504.38,419.353
4312,54,82,42.2415,5764.89,433.272
4313,54,83,35.31,6203.88,447.455
4314,54,84,54.7201,4968.1,464.865
4315,54,85,46.1827,5514.5,479.464
4316,54,86,35.9638,6171.91,494.539
4317,54,87,30.3504,6534.91,508.789
4318,54,88,35.7592,6183.34,523.048
4319,54,89,27.1395,6746.49,538.141
4320,54,90,21.6444,7107.34,552.526
4321,54,91,20.8952,7156.78,566.317
4322,54,92,27.1323,6743.06,581.048
4323,54,93,23.2881,6999.33,595.212
4324,54,94,19.6334,7244.2,609.367
4325,54,95,15.7613,7504.92,623.612
4326,54,96,23.6329,6972.28,639.694
4327,54,97,19.5595,7249.27,654.119
4328,54,98,19.5801,7247.86,667.848
4329,54,99,17.9979,7356.51,681.681
4330,54,100,23.375,6985.49,696.997
4331,54,101,19.1805,7276.31,711.766
4332,54,102,18.7041,7309.49,725.48
4333,54,103,16.0483,7495.4,739.676
4334,54,104,20.6088,7174.65,755
4335,54,105,17.5717,7389.27,769.47
4336,54,106,14.2868,7622.5,784.145
4337,54,107,11.0384,7854.22,798.874
4338,54,108,14.3576,7616.34,813.732
4339,54,109,12.1043,7778.58,827.997
4340,54,110,9.70845,7951.88,842.384
4341,54,111,7.78389,8091.73,856.548
4342,54,112,11.282,7836.37,871.97
4343,54,113,8.82202,8016.76,886.567
4344,54,114,7.52753,8112.12,900.509
4345,55,64,137.643,229.62,150.988
4346,55,65,51.5139,5225.1,165.892
4347,55,66,-10.8228,8861.41,180.517
4348,55,67,-18.1062,9288.7,194.283
4349,55,68,75.9418,3739.87,211.584
4350,55,69,26.1194,6696,226.657
4351,55,70,19.6235,7083.59,240.53
4352,55,71,24.0084,6820.5,254.325
4353,55,72,69.4481,4078.97,270.387
4354,55,73,45.2416,5547.49,284.975
4355,55,74,39.3846,5904.77,298.801
4356,55,75,37.0957,6045.16,312.526
4357,55,76,69.8687,4024.15,329.048
4358,55,77,49.3718,5294.96,344.071
4359,55,78,37.0249,6064.58,358.376
4360,55,79,30.5286,6471.69,372.291
4361,55,80,61.8856,4496.2,390.788
4362,55,81,49.2587,5295.9,405.472
4363,55,82,44.6225,5591.07,419.435
4364,55,83,37.0488,6075.79,433.656
4365,55,84,57.637,4751.28,450.933
4366,55,85,48.3606,5351.16,465.57
4367,55,86,37.3668,6065.75,480.665
4368,55,87,31.3282,6460.27,494.945
4369,55,88,36.9977,6087.97,509.211
4370,55,89,27.8147,6694.05,524.313
4371,55,90,21.9768,7081.3,538.718
4372,55,91,21.1691,7135.14,552.537
4373,55,92,27.7201,6696.23,567.264
4374,55,93,23.6486,6970.38,581.45
4375,55,94,19.7931,7231.26,595.623
4376,55,95,15.7243,7507.94,609.882
4377,55,96,23.9725,6944.32,625.929
4378,55,97,19.6939,7238.12,640.367
4379,55,98,19.7093,7237.05,654.119
4380,55,99,18.0511,7352.02,667.974
4381,55,100,23.6597,6961.29,683.273
4382,55,101,19.2745,7268.25,698.046
4383,55,102,18.7744,7303.43,711.781
4384,55,103,16.0073,7498.97,725.989
4385,55,104,20.7518,7162.11,741.299
4386,55,105,17.59,7387.65,755.776
4387,55,106,14.1781,7632.17,770.451
4388,55,107,10.8112,7874.59,785.176
4389,55,108,14.2617,7625,800.036
4390,55,109,11.93,7794.44,814.307
4391,55,110,9.45482,7975.13,828.695
4392,55,111,7.47163,8120.56,842.863
4393,55,112,11.1011,7853.19,858.282
4394,55,113,8.56389,8040.94,872.875
4395,55,114,7.23486,8139.73,886.826
4396,56,65,-38.9576,10834.3,150.876
4397,56,66,-96.1789,14210.4,165.161
4398,56,67,-90.4502,13870.5,178.878
4399,56,68,29.1966,6731.56,196.906
4400,56,69,-21.0654,9747.28,211.707
4401,56,70,-22.1362,9811.88,225.556
4402,56,71,-11.9832,9195.94,239.402
4403,56,72,43.0367,5839.73,255.826
4404,56,73,19.0752,7309.36,270.255
4405,56,74,15.356,7538.72,284.048
4406,56,75,15.2411,7545.84,297.765
4407,56,76,53.2167,5178.69,314.585
4408,56,77,32.3703,6485.07,329.438
4409,56,78,20.4281,7237.42,343.633
4410,56,79,14.7735,7595.55,357.484
4411,56,80,49.8995,5359.2,376.286
4412,56,81,37.2233,6170.47,390.864
4413,56,82,33.1352,6433.47,404.793
4414,56,83,25.841,6905.16,418.937
4415,56,84,48.6221,5424.39,436.425
4416,56,85,39.3282,6031.59,450.973
4417,56,86,28.2079,6761.82,465.946
4418,56,87,22.3643,7147.5,480.156
4419,56,88,28.9207,6712.6,494.505
4420,56,89,19.6726,7329.14,509.483
4421,56,90,13.9664,7711.45,523.803
4422,56,91,13.5589,7738.89,537.611
4423,56,92,20.8753,7243.81,552.451
4424,56,93,16.9498,7510.75,566.571
4425,56,94,13.2401,7764.24,580.676
4426,56,95,9.29555,8035.1,594.857
4427,56,96,18.2597,7416.58,611.074
4428,56,97,14.0493,7708.5,625.432
4429,56,98,14.328,7689.08,639.184
4430,56,99,12.839,7793.31,653.002
4431,56,100,18.9285,7365.02,668.428
4432,56,101,14.5584,7673.84,683.109
4433,56,102,14.2377,7696.61,696.831
4434,56,103,11.5443,7888.74,710.971
4435,56,104,16.6647,7521.78,726.404
4436,56,105,13.5399,7746.76,740.804
4437,56,106,10.1529,7991.75,755.393
4438,56,107,6.81138,8234.57,770.029
4439,56,108,10.5431,7962.16,784.989
4440,56,109,8.2627,8129.38,799.193
4441,56,110,5.83088,8308.53,813.508
4442,56,111,3.9063,8450.95,827.612
4443,56,112,7.7882,8162.39,843.154
4444,56,113,5.27775,8349.84,857.668
4445,56,114,4.01506,8444.54,871.57
4446,57,66,5.65644,7794.76,149.778
4447,57,67,-6.08884,8499.48,163.462
4448,57,68,119.439,925.973,180.807
4449,57,69,47.5608,5286.58,196.103
4450,57,70,36.5334,5959.25,209.954
4451,57,71,40.2175,5733.3,223.684
4452,57,72,95.5897,2318.67,239.643
4453,57,73,62.6266,4362.39,254.376
4454,57,74,53.655,4921.61,268.189
4455,57,75,49.4965,5182.21,281.876
4456,57,76,87.8442,2766.31,298.305
4457,57,77,61.7145,4421.19,313.508
4458,57,78,46.0191,5420.46,327.875
4459,57,79,37.6475,5956.25,341.795
4460,57,80,73.7944,3630.8,360.244
4461,57,81,58.1926,4639.72,375.028
4462,57,82,52.177,5030.73,389.004
4463,57,83,42.932,5634.73,403.262
4464,57,84,66.1195,4112.09,420.462
4465,57,85,54.9779,4847.43,435.176
4466,57,86,42.073,5703.46,450.356
4467,57,87,34.9578,6177.8,464.662
4468,57,88,41.1369,5763.81,478.89
4469,57,89,30.588,6474.1,494.051
4470,57,90,23.904,6926.38,508.475
4471,57,91,22.9053,6994.29,522.282
4472,57,92,30.109,6502.04,536.983
4473,57,93,25.4722,6820.44,551.18
4474,57,94,21.1187,7120.83,565.359
4475,57,95,16.5678,7436.35,579.622
4476,57,96,25.6165,6805.96,595.667
4477,57,97,20.8419,7140.18,610.12
4478,57,98,20.8104,7142.4,623.856
4479,57,99,18.9506,7273.82,637.702
4480,57,100,25.0391,6841.54,652.99
4481,57,101,20.2033,7186.5,667.787
4482,57,102,19.6231,7228.07,681.508
4483,57,103,16.586,7446.75,695.718
4484,57,104,21.7096,7076.14,711.022
4485,57,105,18.2513,7327.44,725.511
4486,57,106,14.5405,7598.33,740.197
4487,57,107,10.8958,7865.61,754.927
4488,57,108,14.614,7591.7,769.788
4489,57,109,12.0939,7778.19,784.056
4490,57,110,9.43014,7976.2,798.441
4491,57,111,7.30469,8134.9,812.599
4492,57,112,11.2039,7842.46,828.034
4493,57,113,8.48547,8047.24,842.626
4494,57,114,7.06864,8154.45,856.564
4495,58,67,-109.689,15129.9,147.875
4496,58,68,57.4984,4931.46,166.187
4497,58,69,-16.036,9441.57,181.127
4498,58,70,-18.9758,9622.86,194.929
4499,58,71,-6.83555,8870.16,208.705
4500,58,72,62.1934,4567.36,225.099
4501,58,73,29.2844,6629.65,239.621
4502,58,74,23.18,7014.23,253.377
4503,58,75,21.9456,7092.41,267.035
4504,58,76,67.2299,4209.31,283.823
4505,58,77,40.5487,5916.91,298.812
4506,58,78,25.3743,6893.13,313.037
4507,58,79,18.1184,7362.34,326.868
4508,58,80,59.1067,4698.1,345.694
4509,58,81,43.4287,5722.4,360.344
4510,58,82,38.1129,6071.47,374.269
4511,58,83,29.2387,6657.17,388.429
4512,58,84,55.1581,4937.85,405.883
4513,58,85,44.0037,5681.48,420.488
4514,58,86,30.9656,6555.03,435.522
4515,58,87,24.1166,7016.19,449.741
4516,58,88,31.3937,6523.77,464.059
4517,58,89,20.7944,7244.53,479.076
4518,58,90,14.2989,7688.39,493.398
4519,58,91,13.8065,7722.2,507.186
4520,58,92,21.9417,7160.87,522.016
4521,58,93,17.5011,7468.75,536.133
4522,58,94,13.3431,7758.42,550.229
4523,58,95,8.96196,8065.1,564.399
4524,58,96,18.8647,7368.61,580.647
4525,58,97,14.189,7699.03,595.005
4526,58,98,14.4805,7678.33,608.736
4527,58,99,12.8336,7795.81,622.535
4528,58,100,19.4898,7318.78,637.971
4529,58,101,14.6863,7664.63,652.662
4530,58,102,14.3256,7690.72,666.363
4531,58,103,11.3867,7904.28,680.493
4532,58,104,16.9497,7498.19,695.94
4533,58,105,13.5456,7747.82,710.34
4534,58,106,9.87539,8018.19,724.928
4535,58,107,6.27154,8284.88,739.556
4536,58,108,10.3168,7984.18,754.532
4537,58,109,7.86512,8167.24,768.723
4538,58,110,5.2604,8362.59,783.024
4539,58,111,3.21066,8517.01,797.108
4540,58,112,7.4005,8199.97,812.685
4541,58,113,4.72086,8403.63,827.189
4542,58,114,3.3864,8505.49,841.07
4543,59,68,55.5871,5055.7,152.277
4544,59,69,-30.9697,10422.2,167.189
4545,59,70,-31.9106,10480.9,181.082
4546,59,71,-15.9126,9478.33,194.956
4547,59,72,64.2744,4426.54,211.279
4548,59,73,26.7001,6806.25,225.825
4549,59,74,20.1556,7222.91,239.646
4550,59,75,19.1318,7288.44,253.369
4551,59,76,69.7604,4031.33,270.051
4552,59,77,40.0042,5955.56,285.043
4553,59,78,23.3668,7037,299.29
4554,59,79,15.6111,7543.7,313.159
4555,59,80,60.5536,4592.48,331.82
4556,59,81,43.3864,5725.51,346.488
4557,59,82,37.6312,6107.28,360.453
4558,59,83,28.0856,6743.65,374.636
4559,59,84,56.0874,4867.53,391.996
4560,59,85,44.0379,5678.86,406.618
4561,59,86,30.0661,6624.29,421.643
4562,59,87,22.8068,7117.92,435.879
4563,59,88,30.6564,6581.53,450.224
4564,59,89,19.4208,7353.04,465.223
4565,59,90,12.6052,7823.32,479.548
4566,59,91,12.1856,7852.41,493.365
4567,59,92,20.8947,7245.67,508.215
4568,59,93,16.2601,7570.1,522.342
4569,59,94,11.9401,7873.94,536.445
4570,59,95,7.39799,8194.91,550.616
4571,59,96,17.9043,7448.97,566.859
4572,59,97,13.038,7796.09,581.215
4573,59,98,13.4017,7770.03,594.972
4574,59,99,11.727,7890.61,608.788
4575,59,100,18.7529,7382.4,624.23
4576,59,101,13.7603,7745.2,638.907
4577,59,102,13.4253,7769.65,652.63
4578,59,103,10.3958,7991.82,666.761
4579,59,104,16.2437,7561.02,682.215
4580,59,105,12.7248,7821.42,696.609
4581,59,106,8.93585,8103.06,711.182
4582,59,107,5.22325,8380.27,725.792
4583,59,108,9.47229,8061.59,740.786
4584,59,109,6.95755,8251.04,754.974
4585,59,110,4.28755,8453.07,769.265
4586,59,111,2.19718,8611.94,783.344
4587,59,112,6.57973,8277.4,798.937
4588,59,113,3.8325,8488.02,813.426
4589,59,114,2.48211,8592,827.31
4590,60,69,-99.5103,14945.9,152.627
4591,60,70,-88.1603,14230.8,166.588
4592,60,71,-60.1211,12455,180.593
4593,60,72,39.2037,6131.35,197.162
4594,60,73,-0.156877,8650.43,211.616
4595,60,74,-3.99297,8897.22,225.465
4596,60,75,-2.12622,8776.5,239.234
4597,60,76,56.9596,4935.92,256.058
4598,60,77,25.3196,7003.07,270.939
4599,60,78,8.47657,8109.09,285.134
4600,60,79,1.43429,8573.88,298.994
4601,60,80,52.0072,5219.22,317.748
4602,60,81,34.0563,6415.94,332.362
4603,60,82,28.612,6780.71,346.334
4604,60,83,19.0225,7426.41,360.488
4605,60,84,49.9895,5330.97,377.919
4606,60,85,37.4822,6181.46,392.499
4607,60,86,22.961,7173.74,407.448
4608,60,87,15.6907,7672.97,421.657
4609,60,88,24.5724,7060.14,436.071
4610,60,89,12.9934,7862.94,450.99
4611,60,90,6.15274,8339.51,465.272
4612,60,91,6.11024,8342.49,479.107
4613,60,92,15.7154,7666.93,494.038
4614,60,93,11.1128,7992.18,508.137
4615,60,94,6.8401,8295.54,522.211
4616,60,95,2.32895,8617.33,536.342
4617,60,96,13.6771,7804.05,552.68
4618,60,97,8.77726,8156.84,566.994
4619,60,98,9.37805,8113.38,580.771
4620,60,99,7.82085,8226.54,594.582
4621,60,100,15.38,7674.72,610.1
4622,60,101,10.3102,8046.5,624.721
4623,60,102,10.1201,8060.51,638.454
4624,60,103,7.10315,8283.76,652.552
4625,60,104,13.3573,7818.87,668.079
4626,60,105,9.81094,8083.67,682.431
4627,60,106,5.98474,8370.63,696.951
4628,60,107,2.24041,8652.7,711.505
4629,60,108,6.78463,8308.86,726.567
4630,60,109,4.27681,8499.45,740.719
4631,60,110,1.60723,8703.23,754.969
4632,60,111,-0.460453,8861.75,769.016
4633,60,112,4.18777,8503.84,784.685
4634,60,113,1.42737,8717.31,799.125
4635,60,114,0.115336,8819.21,812.989
4636,61,70,65.3804,3943.62,149.223
4637,61,71,70.6012,3609.49,162.832
4638,61,72,164.693,-2443.75,178.725
4639,61,73,99.971,1741.61,193.797
4640,61,74,81.2829,2956.33,207.59
4641,61,75,72.0284,3560.96,221.203
4642,61,76,129.231,-195.324,237.544
4643,61,77,85.3657,2699.76,253.118
4644,61,78,59.9795,4383.71,267.581
4645,61,79,46.7746,5264.04,281.491
4646,61,80,97.8707,1840.6,299.933
4647,61,81,73.8423,3458.52,314.893
4648,61,82,64.2861,4105.15,328.898
4649,61,83,50.7606,5024.88,343.204
4650,61,84,81.6634,2913.19,360.315
4651,61,85,65.6216,4014.73,375.154
4652,61,86,47.8189,5243.12,390.436
4653,61,87,38.1687,5912.2,404.764
4654,61,88,46.0792,5361.1,418.967
4655,61,89,32.2185,6331.35,434.173
4656,61,90,23.6401,6934.7,448.591
4657,61,91,22.4666,7017.62,462.38
4658,61,92,31.6498,6365.62,477.093
4659,61,93,25.8026,6782.72,491.282
4660,61,94,20.4144,7168.87,505.441
4661,61,95,14.8698,7568.08,519.674
4662,61,96,26.1517,6752.02,535.792
4663,61,97,20.3127,7176.33,550.234
4664,61,98,20.338,7174.48,563.95
4665,61,99,18.1389,7335.75,577.769
4666,61,100,25.5601,6789.05,593.093
4667,61,101,19.7464,7219.26,607.888
4668,61,102,19.0979,7267.47,621.585
4669,61,103,15.523,7534.39,635.768
4670,61,104,21.6788,7072.71,651.118
4671,61,105,17.6049,7379.61,665.592
4672,61,106,13.2735,7707.35,680.254
4673,61,107,9.05968,8027.6,694.947
4674,61,108,13.5091,7687.96,709.859
4675,61,109,10.6245,7909.12,724.093
4676,61,110,7.59419,8142.45,738.436
4677,61,111,5.21064,8326.78,752.547
4678,61,112,9.81952,7968.82,768.069
4679,61,113,6.74244,8208.84,782.62
4680,61,114,5.18495,8330.84,796.516
4681,62,71,34.2745,6079.7,148.997
4682,62,72,152.079,-1577.58,164.993
4683,62,73,78.6721,3218.33,179.944
4684,62,74,60.3857,4419.14,193.757
4685,62,75,52.7944,4920.16,207.406
4686,62,76,120.188,449.705,223.822
4687,62,77,71.9705,3664.22,239.246
4688,62,78,45.1736,5459.61,253.634
4689,62,79,32.1465,6336.77,267.52
4690,62,80,90.161,2411.12,286.014
4691,62,81,64.5007,4156.02,300.899
4692,62,82,54.9241,4810.42,314.902
4693,62,83,41.0201,5765.16,329.162
4694,62,84,75.4571,3389.01,346.338
4695,62,85,58.5957,4558.07,361.117
4696,62,86,39.9308,5858.39,376.3
4697,62,87,30.145,6543.39,390.587
4698,62,88,39.2359,5904,404.862
4699,62,89,24.8739,6918.92,419.966
4700,62,90,16.2104,7534.03,434.326
4701,62,91,15.454,7587.98,448.126
4702,62,92,25.6821,6854.97,462.927
4703,62,93,19.8424,7275.43,477.076
4704,62,94,14.4889,7662.66,491.192
4705,62,95,8.96669,8063.94,505.372
4706,62,96,21.2306,7168.68,521.6
4707,62,97,15.3406,7600.61,535.985
4708,62,98,15.636,7578.85,549.718
4709,62,99,13.5686,7731.84,563.523
4710,62,100,21.6048,7134.48,578.934
4711,62,101,15.6982,7575.51,593.657
4712,62,102,15.2155,7611.71,607.359
4713,62,103,11.6553,7879.91,621.497
4714,62,104,18.2772,7378.85,636.933
4715,62,105,14.1728,7690.78,651.351
4716,62,106,9.80145,8024.47,665.946
4717,62,107,5.55538,8350,680.57
4718,62,108,10.3433,7981.33,695.559
4719,62,109,7.47033,8203.51,709.748
4720,62,110,4.44512,8438.46,724.038
4721,62,111,2.09218,8621.99,738.106
4722,62,112,7.0041,8237.23,753.718
4723,62,113,3.91695,8480.08,768.209
4724,62,114,2.40732,8599.34,782.078
4725,63,72,168.406,-2704.15,151.154
4726,63,73,78.684,3217.5,166.146
4727,63,74,57.3479,4632.8,180.045
4728,63,75,49.0561,5185.58,193.777
4729,63,76,126.612,-10.6395,210.067
4730,63,77,71.1084,3726.58,225.478
4731,63,78,41.0696,5759.2,239.882
4732,63,79,26.9928,6716.43,253.804
4733,63,80,92.026,2272.49,272.132
4734,63,81,63.4683,4233.45,287.024
4735,63,82,53.0372,4953.19,301.068
4736,63,83,37.9888,5996.56,315.344
4737,63,84,75.832,3360.14,332.441
4738,63,85,57.4717,4645.36,347.225
4739,63,86,37.3451,6060.94,362.379
4740,63,87,26.9834,6793.17,376.674
4741,63,88,37.0167,6080.8,390.992
4742,63,89,21.7552,7169.45,406.057
4743,63,90,12.6957,7818.72,420.408
4744,63,91,12.1295,7859.48,434.239
4745,63,92,23.2611,7054.3,449.078
4746,63,93,17.2009,7494.67,463.227
4747,63,94,11.6779,7897.85,477.342
4748,63,95,5.99135,8314.86,491.511
4749,63,96,19.1517,7345.38,507.76
4750,63,97,13.0439,7797.36,522.131
4751,63,98,13.4833,7764.7,535.892
4752,63,99,11.4206,7918.72,549.71
4753,63,100,19.9927,7275.81,565.146
4754,63,101,13.8659,7737.36,579.842
4755,63,102,13.4507,7768.78,593.565
4756,63,103,9.80292,8046.01,607.694
4757,63,104,16.8284,7509.73,623.155
4758,63,105,12.6005,7833.87,637.556
4759,63,106,8.10185,8180.26,652.124
4760,63,107,3.7426,8517.38,666.716
4761,63,108,8.81747,8123.23,681.74
4762,63,109,5.88721,8351.79,695.915
4763,63,110,2.80191,8593.47,710.186
4764,63,111,0.420013,8780.85,724.242
4765,63,112,5.59529,8372,739.887
4766,63,113,2.44233,8622.14,754.353
4767,63,114,0.931346,8742.51,768.219
4768,64,73,44.1242,5636.69,152.087
4769,64,74,25.1924,6905.12,166.028
4770,64,75,20.8779,7195.62,179.82
4771,64,76,114.7,846.989,196.201
4772,64,77,52.9695,5044.67,211.476
4773,64,78,21.3441,7205.74,225.82
4774,64,79,7.97335,8123.86,239.736
4775,64,80,82.8951,2954.26,258.115
4776,64,81,52.1788,5083.92,272.946
4777,64,82,41.8382,5804.32,286.999
4778,64,83,26.4047,6884.66,301.243
4779,64,84,68.9553,3891.94,318.398
4780,64,85,49.5511,5263.17,333.135
4781,64,86,28.3631,6767.52,348.202
4782,64,87,17.8864,7514.86,362.468
4783,64,88,29.4502,6686.12,376.861
4784,64,89,13.5968,7827.57,391.837
4785,64,90,4.47044,8487.7,406.142
4786,64,91,4.45138,8489.09,419.995
4787,64,92,16.8802,7581.79,434.922
4788,64,93,10.8413,8024.64,449.043
4789,64,94,5.37228,8427.52,463.125
4790,64,95,-0.27554,8845.46,477.253
4791,64,96,14.0622,7779.69,493.604
4792,64,97,7.89451,8240.21,507.93
4793,64,98,8.6533,8183.3,521.714
4794,64,99,6.74427,8327.11,535.527
4795,64,100,16.0325,7624.3,551.045
4796,64,101,9.79173,8098.6,565.68
4797,64,102,9.56417,8115.97,579.415
4798,64,103,5.92831,8394.72,593.509
4799,64,104,13.4855,7812.82,609.047
4800,64,105,9.21543,8143.04,623.404
4801,64,106,4.66501,8496.45,637.917
4802,64,107,0.263839,8839.75,652.449
4803,64,108,5.71887,8412.43,667.545
4804,64,109,2.79593,8642.37,681.685
4805,64,110,-0.289114,8886.09,695.913
4806,64,111,-2.64147,9072.71,709.935
4807,64,112,2.87,8633.63,725.661
4808,64,113,-0.300065,8887.24,740.078
4809,64,114,-1.76276,9004.74,753.924
4810,65,74,148.664,-1861.37,149.938
4811,65,75,121.116,11.9178,163.748
4812,65,76,213.869,-6326.2,179.492
4813,65,77,127.384,-387.611,195.534
4814,65,78,80.6103,2839.8,210.196
4815,65,79,57.5546,4438.32,224.236
4816,65,80,135.644,-1001.9,242.093
4817,65,81,95.1083,1835.6,257.269
4818,65,82,78.8487,2979.19,271.422
4819,65,83,57.8948,4459.93,285.836
4820,65,84,101.551,1360.31,302.61
4821,65,85,77.1949,3097.74,317.587
4822,65,86,51.5676,4934.37,332.911
4823,65,87,38.162,5899.56,347.296
4824,65,88,48.9999,5115.63,361.56
4825,65,89,30.3142,6473.45,376.74
4826,65,90,19.1999,7284.8,391.16
4827,65,91,18.0884,7366.31,405.017
4828,65,92,30.4308,6457.08,419.787
4829,65,93,23.041,7003.93,433.996
4830,65,94,16.394,7498.02,448.16
4831,65,95,9.67077,8000.02,462.375
4832,65,96,24.283,6904.11,478.521
4833,65,97,17.122,7443.57,492.949
4834,65,98,17.3827,7423.85,506.72
4835,65,99,14.8657,7615.13,520.566
4836,65,100,24.2188,6901.18,535.926
4837,65,101,17.1982,7439.43,550.682
4838,65,102,16.5688,7487.89,564.419
4839,65,103,12.3873,7811.26,578.586
4840,65,104,19.9994,7220.06,593.981
4841,65,105,15.2033,7594.15,608.428
4842,65,106,10.151,7989.91,623.039
4843,65,107,5.28999,8372.31,637.664
4844,65,108,10.7645,7939.83,652.651
4845,65,109,7.48742,8199.81,666.855
4846,65,110,4.06427,8472.52,681.152
4847,65,111,1.42656,8683.54,695.228
4848,65,112,6.99817,8235.95,710.834
4849,65,113,3.53022,8515.7,725.326
4850,65,114,1.85581,8651.33,739.208
4851,66,75,80.9246,2905.68,149.8
4852,66,76,197.849,-5162.12,165.677
4853,66,77,99.6207,1648.39,181.479
4854,66,78,49.922,5110.73,196.019
4855,66,79,27.9567,6648.3,210.01
4856,66,80,120.404,146.153,228.016
4857,66,81,76.7066,3234.12,243.072
4858,66,82,60.6991,4370.66,257.206
4859,66,83,39.4337,5887.59,271.546
4860,66,84,89.629,2290.26,288.455
4861,66,85,64.029,4133.46,303.339
4862,66,86,37.2149,6073.01,318.527
4863,66,87,23.8955,7040.89,332.851
4864,66,88,36.9163,6090.37,347.208
4865,66,89,17.6804,7501,362.255
4866,66,90,6.68769,8310.8,376.597
4867,66,91,6.45313,8328.16,390.462
4868,66,92,20.5717,7278.67,405.355
4869,66,93,13.3582,7817.28,419.506
4870,66,94,6.92068,8300.1,433.611
4871,66,95,0.380739,8792.77,447.755
4872,66,96,16.5351,7570.43,464.067
4873,66,97,9.41079,8111.87,478.421
4874,66,98,10.1546,8055.1,492.208
4875,66,99,7.91474,8226.82,506.03
4876,66,100,18.1995,7434.89,521.513
4877,66,101,11.1232,7982.13,536.179
4878,66,102,10.7882,8008.14,549.918
4879,66,103,6.69086,8327.74,564.026
4880,66,104,14.9854,7678,579.538
4881,66,105,10.2002,8054.43,593.916
4882,66,106,5.14558,8453.75,608.445
4883,66,107,0.291417,8838.85,622.986
4884,66,108,6.25307,8363.9,638.075
4885,66,109,3.03207,8621.58,652.223
4886,66,110,-0.345209,8892.89,666.455
4887,66,111,-2.90588,9099.45,680.476
4888,66,112,3.08718,8614.01,696.204
4889,66,113,-0.362311,8894.57,710.625
4890,66,114,-1.94619,9023.92,724.471
4891,67,76,138.405,-822.699,151.331
4892,67,77,33.1249,6546.91,166.733
4893,67,78,-13.7743,9845.49,181.038
4894,67,79,-29.3194,10944,194.904
4895,67,80,84.5173,2861.61,213.47
4896,67,81,39.7782,6052.99,228.324
4897,67,82,26.3857,7012.79,242.387
4898,67,83,6.65536,8433.37,256.592
4899,67,84,66.07,4135.71,273.848
4900,67,85,40.2551,6011.6,288.58
4901,67,86,13.137,7991.22,303.575
4902,67,87,0.842207,8892.84,317.792
4903,67,88,17.1425,7692.05,332.285
4904,67,89,-2.04657,9112.04,347.149
4905,67,90,-12.3115,9875.06,361.371
4906,67,91,-11.0449,9780.49,375.231
4907,67,92,5.50579,8539.19,390.316
4908,67,93,-1.12604,9038.79,404.375
4909,67,94,-6.98884,9482.41,418.387
4910,67,95,-13.0205,9940.82,432.425
4911,67,96,5.10418,8557.3,449.02
4912,67,97,-1.74227,9082.19,463.267
4913,67,98,-0.25495,8967.67,477.062
4914,67,99,-1.99962,9102.59,490.84
4915,67,100,9.47332,8211.52,506.519
4916,67,101,2.49131,8756.12,521.065
4917,67,102,2.61726,8746.25,534.792
4918,67,103,-1.25991,9051.26,548.815
4919,67,104,7.88967,8328.44,564.51
4920,67,105,3.22296,8698.67,578.792
4921,67,106,-1.73555,9093.69,593.213
4922,67,107,-6.49084,9474.12,607.643
4923,67,108,0.0776627,8946.45,622.884
4924,67,109,-3.00592,9195.19,636.952
4925,67,110,-6.26226,9458.95,651.095
4926,67,111,-8.67375,9655.09,665.041
4927,67,112,-2.16935,9123.9,680.952
4928,67,113,-5.54195,9400.45,695.279
4929,67,114,-6.976,9518.52,709.071
4930,68,77,-23.6038,10744.8,152.376
4931,68,78,-68.7158,13947.8,166.574
4932,68,79,-77.6949,14588.3,180.428
4933,68,80,61.0975,4641.5,199.252
4934,68,81,13.3128,8082,214.009
4935,68,82,1.66342,8924.64,228.081
4936,68,83,-17.4429,10313,242.241
4937,68,84,51.7968,5258.54,259.643
4938,68,85,24.6995,7245.68,274.309
4939,68,86,-3.63574,9333.04,289.196
4940,68,87,-15.4828,10209.7,303.379
4941,68,88,3.92467,8767.1,317.984
4942,68,89,-15.8072,10240.4,332.743
4943,68,90,-25.7681,10987.5,346.915
4944,68,91,-23.2746,10799.6,360.809
4945,68,92,-4.4215,9373.08,376.022
4946,68,93,-10.7998,9857.84,390.052
4947,68,94,-16.3803,10283.8,404.032
4948,68,95,-22.172,10727.8,418.029
4949,68,96,-2.16621,9187.4,434.767
4950,68,97,-8.98439,9714.67,448.967
4951,68,98,-6.93389,9555.41,462.796
4952,68,99,-8.37017,9667.44,476.575
4953,68,100,4.1842,8684.02,492.356
4954,68,101,-2.89739,9241.1,506.84
4955,68,102,-2.45633,9206.26,520.586
4956,68,103,-6.26702,9508.57,534.578
4957,68,104,3.64778,8718.69,550.366
4958,68,105,-1.04128,9093.82,564.604
4959,68,106,-6.0354,9495.01,578.97
4960,68,107,-10.8135,9880.44,593.341
4961,68,108,-3.71368,9305.36,608.668
4962,68,109,-6.76356,9553.42,622.703
4963,68,110,-9.99658,9817.45,636.806
4964,68,111,-12.348,10010.3,650.722
4965,68,112,-5.39116,9437.49,666.726
4966,68,113,-8.77032,9716.83,681.006
4967,68,114,-10.128,9829.52,694.783
4968,69,78,69.5542,3577.54,149.949
4969,69,79,33.8025,6151.66,163.849
4970,69,80,177.144,-4216.72,182.042
4971,69,81,104.155,1087.19,197.341
4972,69,82,77.8636,3006.43,211.491
4973,69,83,46.0497,5339.45,225.843
4974,69,84,116.008,185.873,242.748
4975,69,85,78.1683,2985.99,257.758
4976,69,86,40.7438,5767.88,273.012
4977,69,87,22.9782,7094.38,287.319
4978,69,88,40.4803,5781.73,301.678
4979,69,89,15.3877,7672.03,316.724
4980,69,90,1.68531,8708.84,331.019
4981,69,91,2.00842,8684.29,344.851
4982,69,92,20.3257,7286.07,359.801
4983,69,93,11.4573,7965.98,373.915
4984,69,94,3.73545,8560.56,387.971
4985,69,95,-3.97533,9156.86,402.055
4986,69,96,16.1597,7593.04,418.515
4987,69,97,7.60746,8260.12,432.837
4988,69,98,8.68854,8175.43,446.591
4989,69,99,6.1517,8375,460.369
4990,69,100,18.5831,7392.92,475.918
4991,69,101,10.1997,8058,490.573
4992,69,102,9.89626,8082.17,504.274
4993,69,103,5.16194,8460.92,518.342
4994,69,104,14.9926,7671.19,533.923
4995,69,105,9.43687,8119.35,548.279
4996,69,106,3.62842,8589.84,562.78
4997,69,107,-1.89025,9038.69,577.282
4998,69,108,5.11835,8466.32,592.436
4999,69,109,1.48887,8763.94,606.544
5000,69,110,-2.29108,9075.15,620.732
5001,69,111,-5.11021,9308.2,634.703
5002,69,112,1.83381,8731.85,650.536
5003,69,113,-2.01664,9052.72,664.919
5004,69,114,-3.72701,9195.82,678.72
5005,70,79,-66.0025,13736.8,148.445
5006,70,80,121.548,45.6894,167.529
5007,70,81,45.6592,5610.83,182.529
5008,70,82,24.3227,7182.62,196.568
5009,70,83,-4.38736,9307.17,210.726
5010,70,84,81.6234,2913.7,228.107
5011,70,85,43.3521,5771.29,242.91
5012,70,86,5.62067,8601.15,257.914
5013,70,87,-10.2163,9794.2,272.083
5014,70,88,12.6222,8066.08,286.615
5015,70,89,-12.1938,9952.1,301.434
5016,70,90,-24.5743,10897.1,315.578
5017,70,91,-21.8346,10687.1,329.404
5018,70,92,0.148768,8994.38,344.606
5019,70,93,-7.77723,9607.33,358.605
5020,70,94,-14.5781,10135.5,372.545
5021,70,95,-21.4733,10673.4,386.499
5022,70,96,1.44942,8877.74,403.328
5023,70,97,-6.66298,9515.92,417.521
5024,70,98,-4.52317,9346.87,431.284
5025,70,99,-6.34836,9491.67,445.006
5026,70,100,7.69152,8373.16,460.8
5027,70,101,-0.535154,9031.29,475.313
5028,70,102,-0.206354,9004.88,488.997
5029,70,103,-4.62489,9361.31,502.965
5030,70,104,6.3268,8474.22,518.77
5031,70,105,0.943821,8912.04,533.014
5032,70,106,-4.71951,9374.54,547.39
5033,70,107,-10.0893,9814.86,561.763
5034,70,108,-2.30079,9173.61,577.101
5035,70,109,-5.74079,9457.98,591.118
5036,70,110,-9.35246,9757.75,605.204
5037,70,111,-11.9696,9975.85,619.088
5038,70,112,-4.38354,9341.15,635.141
5039,70,113,-8.12641,9655.55,649.419
5040,70,114,-9.64124,9783.3,663.158
5041,71,80,99.9381,1709.61,153.445
5042,71,81,14.1809,8055.65,168.352
5043,71,82,-5.46528,9516.01,182.42
5044,71,83,-34.0095,11647.3,196.548
5045,71,84,68.5203,3957.58,214.019
5046,71,85,26.8932,7093.49,228.768
5047,71,86,-13.4973,10149.7,243.67
5048,71,87,-28.9483,11324,257.821
5049,71,88,-1.49078,9228.05,272.47
5050,71,89,-27.4335,11217,287.192
5051,71,90,-39.5281,12148.3,301.301
5052,71,91,-35.1033,11806.1,315.179
5053,71,92,-9.91516,9849.82,330.502
5054,71,93,-17.6552,10453.5,344.486
5055,71,94,-24.1997,10966.2,358.409
5056,71,95,-30.8767,11491.5,372.335
5057,71,96,-5.46743,9484.12,389.277
5058,71,97,-13.6684,10134.7,403.437
5059,71,98,-10.8753,9912.21,417.243
5060,71,99,-12.3883,10033.3,430.977
5061,71,100,2.99021,8797.84,446.85
5062,71,101,-5.46391,9479.81,461.313
5063,71,102,-4.80651,9426.56,475.025
5064,71,103,-9.21404,9785.04,488.973
5065,71,104,2.65182,8815.99,504.847
5066,71,105,-2.82876,9265.4,519.059
5067,71,106,-8.59714,9740.33,533.392
5068,71,107,-14.0476,10190.9,547.718
5069,71,108,-5.64082,9493.14,563.126
5070,71,109,-9.08595,9780.23,577.121
5071,71,110,-12.7109,10083.5,591.178
5072,71,111,-15.2919,10300.3,605.043
5073,71,112,-7.18642,9616.76,621.167
5074,71,113,-10.973,9937.36,635.409
5075,71,114,-12.4273,10061,649.143
5076,72,81,-9.95283,9938.08,154.184
5077,72,82,-28.7831,11350.3,168.326
5078,72,83,-58.1984,13566.3,182.478
5079,72,84,63.8266,4333.08,199.918
5080,72,85,16.9233,7897.73,214.667
5081,72,86,-27.5233,11290.5,229.525
5082,72,87,-43.1524,12488.7,243.696
5083,72,88,-10.7935,9997.08,258.433
5084,72,89,-38.5851,12146.3,273.11
5085,72,90,-50.779,13093.4,287.221
5086,72,91,-44.7866,12625.9,301.161
5087,72,92,-16.2774,10392.7,316.554
5088,72,93,-24.1427,11011.5,330.552
5089,72,94,-30.6921,11528.9,344.488
5090,72,95,-37.3846,12059.8,358.418
5091,72,96,-9.42188,9832.11,375.386
5092,72,97,-17.9495,10514.3,389.545
5093,72,98,-14.6324,10247.8,403.396
5094,72,99,-15.9851,10357,417.159
5095,72,100,0.702049,9005.3,433.052
5096,72,101,-8.16313,9726.34,447.499
5097,72,102,-7.28918,9654.97,461.246
5098,72,103,-11.817,10026.2,475.198
5099,72,104,0.925749,8977.09,491.087
5100,72,105,-4.77569,9448.41,505.296
5101,72,106,-10.7624,9945.31,519.614
5102,72,107,-16.3954,10414.7,533.922
5103,72,108,-7.4073,9662.72,549.358
5104,72,109,-10.9408,9959.53,563.354
5105,72,110,-14.6565,10272.9,577.405
5106,72,111,-17.2693,10494.1,591.272
5107,72,112,-8.67194,9763.33,607.415
5108,72,113,-12.5681,10095.8,621.645
5109,72,114,-14.0159,10219.8,635.39
5110,73,82,95.2967,1548.04,152.46
5111,73,83,37.9732,5904.63,166.831
5112,73,84,164.307,-3738.85,183.626
5113,73,85,94.7293,1595.44,198.779
5114,73,86,32.8181,6362.6,214.006
5115,73,87,7.05963,8354.59,228.304
5116,73,88,37.1868,6014.71,242.792
5117,73,89,0.480947,8877.77,257.74
5118,73,90,-17.4085,10279.1,271.969
5119,73,91,-14.298,10034.4,285.85
5120,73,92,14.0133,7797.83,300.961
5121,73,93,2.514,8710.1,315.047
5122,73,94,-7.0541,9472.36,329.059
5123,73,95,-16.384,10218.8,343.072
5124,73,96,12.1589,7925.81,359.724
5125,73,97,1.22258,8808,374.004
5126,73,98,3.32001,8638.11,387.788
5127,73,99,0.537315,8864.44,401.555
5128,73,100,17.2363,7500.69,417.199
5129,73,101,6.6194,8371.27,431.814
5130,73,102,6.56611,8375.66,445.523
5131,73,103,0.852277,8848,459.555
5132,73,104,13.5996,7789.97,475.222
5133,73,105,6.78453,8357.9,489.549
5134,73,106,-0.234385,8945.15,503.998
5135,73,107,-6.79079,9495.89,518.429
5136,73,108,2.16301,8740.78,533.686
5137,73,109,-2.07878,9099.92,547.755
5138,73,110,-6.45654,9472.03,561.889
5139,73,111,-9.62376,9742.3,575.81
5140,73,112,-0.978836,9001.72,591.772
5141,73,113,-5.44032,9385.41,606.101
5142,73,114,-7.29644,9545.65,619.871
5143,74,83,-32.7649,11563.7,152.243
5144,74,84,129.4,-923.035,169.337
5145,74,85,54.044,4904.51,184.332
5146,74,86,-11.1327,9966.57,199.353
5147,74,87,-34.2923,11773,213.574
5148,74,88,5.36546,8666.49,228.246
5149,74,89,-31.951,11602.1,243.01
5150,74,90,-48.1296,12880.2,257.144
5151,74,91,-41.26,12335.2,271.071
5152,74,92,-7.13051,9616.19,286.406
5153,74,93,-17.6653,10459,300.426
5154,74,94,-26.2228,11146.4,314.372
5155,74,95,-34.6583,11826.9,328.306
5156,74,96,-2.04437,9185.16,345.227
5157,74,97,-12.7084,10052.5,359.423
5158,74,98,-9.3287,9776.5,373.243
5159,74,99,-11.3525,9942.45,386.995
5160,74,100,7.46416,8393.21,402.814
5161,74,101,-3.21305,9275.86,417.325
5162,74,102,-2.59191,9224.3,431.047
5163,74,103,-8.07613,9681.32,445.016
5164,74,104,6.06965,8497.79,460.841
5165,74,105,-0.700758,9066.51,475.091
5166,74,106,-7.69141,9656.05,489.45
5167,74,107,-14.1948,10206.7,503.789
5168,74,108,-4.3063,9366.15,519.184
5169,74,109,-8.42434,9717.55,533.195
5170,74,110,-12.6957,10083.5,547.262
5171,74,111,-15.7013,10341.9,561.13
5172,74,112,-6.30135,9530.42,577.247
5173,74,113,-10.7198,9913.35,591.502
5174,74,114,-12.4089,10060.3,605.242
5175,75,84,118.253,-20.1317,155.13
5176,75,85,31.2227,6768.25,170.095
5177,75,86,-41.0133,12426.7,185.034
5178,75,87,-63.1389,14167.3,199.266
5179,75,88,-13.6948,10261.2,214.072
5180,75,89,-53.4454,13414.8,228.759
5181,75,90,-68.9595,14650.7,242.883
5182,75,91,-58.8312,13840.4,256.888
5183,75,92,-18.9572,10637.2,272.34
5184,75,93,-29.356,11476.1,286.366
5185,75,94,-37.6002,12143.8,300.315
5186,75,95,-45.7555,12807.1,314.242
5187,75,96,-9.16781,9819.15,331.241
5188,75,97,-20.1397,10718.8,345.422
5189,75,98,-15.8591,10366.4,359.295
5190,75,99,-17.5223,10503.9,373.074
5191,75,100,3.21633,8782.59,388.944
5192,75,101,-7.93712,9712.05,403.422
5193,75,102,-6.93418,9628.14,417.18
5194,75,103,-12.4972,10095.4,431.144
5195,75,104,2.88641,8798.08,447.012
5196,75,105,-4.11543,9390.9,461.245
5197,75,106,-11.3296,10004.1,475.576
5198,75,107,-18.0067,10573.9,489.881
5199,75,108,-7.31222,9657.72,505.328
5200,75,109,-11.4938,10017.3,519.331
5201,75,110,-15.832,10391.9,533.381
5202,75,111,-18.8304,10651.7,547.243
5203,75,112,-8.7711,9776.57,563.405
5204,75,113,-13.2895,10171.2,577.638
5205,75,114,-14.9346,10315.4,591.382
5206,76,85,2.71706,9105.71,155.757
5207,76,86,-77.4699,15440.5,170.633
5208,76,87,-97.207,17006.3,184.896
5209,76,88,-34.9148,12043.7,199.846
5210,76,89,-77.3127,15435.5,214.475
5211,76,90,-91.713,16592.3,228.608
5212,76,91,-77.4745,15443.8,242.702
5213,76,92,-30.7161,11656.3,258.263
5214,76,93,-40.9638,12489.8,272.309
5215,76,94,-48.8539,13134.2,286.275
5216,76,95,-56.6993,13777.5,300.209
5217,76,96,-15.5849,10392.4,317.261
5218,76,97,-26.9709,11333.6,331.441
5219,76,98,-21.724,10898.2,345.369
5220,76,99,-23.0371,11007.6,359.182
5221,76,100,-0.198155,9096.73,375.084
5222,76,101,-11.9469,10083.6,389.542
5223,76,102,-10.5727,9967.73,403.341
5224,76,103,-16.2731,10450.4,417.311
5225,76,104,0.431815,9030.45,433.202
5226,76,105,-6.87318,9653.81,447.43
5227,76,106,-14.3748,10296.4,461.744
5228,76,107,-21.2789,10890.2,476.029
5229,76,108,-9.738,9893.83,491.512
5230,76,109,-14.0229,10265.2,505.516
5231,76,110,-18.4644,10651.6,519.561
5232,76,111,-21.4832,10915.2,533.424
5233,76,112,-10.7367,9973.14,549.613
5234,76,113,-15.3895,10382.6,563.833
5235,76,114,-17.0112,10525.8,577.589
5236,77,86,60.8978,3955.96,154.542
5237,77,87,12.4144,7834.63,168.938
5238,77,88,66.8183,3464.19,183.488
5239,77,89,2.24648,8672.98,198.488
5240,77,90,-25.5766,10926.7,212.733
5241,77,91,-18.2578,10331.4,226.68
5242,77,92,26.9433,6639.96,241.83
5243,77,93,8.70656,8135.38,255.964
5244,77,94,-5.57918,9311.57,269.997
5245,77,95,-18.8057,10405,284.006
5246,77,96,22.6309,6965.73,300.662
5247,77,97,6.5209,8308.23,314.993
5248,77,98,9.20005,8084.07,328.79
5249,77,99,5.08371,8429.84,342.575
5250,77,100,27.4825,6540.88,358.155
5251,77,101,12.5794,7802.68,372.847
5252,77,102,12.1727,7837.24,386.563
5253,77,103,4.36517,8503.49,400.622
5254,77,104,20.7891,7096.5,416.234
5255,77,105,11.5764,7888.8,430.618
5256,77,106,2.34466,8685.8,445.104
5257,77,107,-6.08352,9416.24,459.548
5258,77,108,5.22899,8432.06,474.798
5259,77,109,-0.222663,8908.17,488.886
5260,77,110,-5.73725,9391.61,503.028
5261,77,111,-9.65583,9736.45,516.944
5262,77,112,1.03061,8792.48,532.914
5263,77,113,-4.50969,9283.72,547.258
5264,77,114,-6.78943,9486.62,561.028
5265,78,87,-72.4001,14959.1,154.038
5266,78,88,7.31625,8502.03,168.846
5267,78,89,-58.1006,13822.6,183.61
5268,78,90,-80.92,15686.2,197.744
5269,78,91,-64.6494,14352,211.766
5270,78,92,-7.23593,9624.95,227.215
5271,78,93,-23.4799,10967.8,241.266
5272,78,94,-35.6597,11978.7,255.218
5273,78,95,-47.0135,12924.9,269.13
5274,78,96,1.75403,8844.64,286.129
5275,78,97,-13.8792,10157.8,300.355
5276,78,98,-9.00207,9746.53,314.195
5277,78,99,-11.8379,9986.63,327.958
5278,78,100,13.9801,7792.1,343.747
5279,78,101,-1.03977,9073.8,358.311
5280,78,102,-0.38944,9018.09,372.039
5281,78,103,-7.83124,9658.08,386.02
5282,78,104,10.7127,8057.12,401.818
5283,78,105,1.5617,8850.21,416.108
5284,78,106,-7.61605,9648.67,430.486
5285,78,107,-15.9421,10375.8,444.82
5286,78,108,-3.26367,9264.34,460.234
5287,78,109,-8.52526,9727.36,474.252
5288,78,110,-13.8709,10199.6,488.313
5289,78,111,-17.5415,10525,502.167
5290,78,112,-5.79381,9479.47,518.322
5291,78,113,-11.2628,9968.03,532.579
5292,78,114,-13.3007,10150.8,546.311
5293,79,88,-70.1119,15083.4,154.076
5294,79,89,-133.345,20268.5,168.624
5295,79,90,-147.427,21427.9,182.682
5296,79,91,-118.421,19030.1,196.834
5297,79,92,-45.1241,12946.5,212.627
5298,79,93,-58.4822,14059.7,226.626
5299,79,94,-67.8092,14840,240.528
5300,79,95,-76.7164,15588.2,254.377
5301,79,96,-19.23,10740.2,271.708
5302,79,97,-34.3,12016.1,285.857
5303,79,98,-26.893,11386.5,299.76
5304,79,99,-28.295,11506.2,313.526
5305,79,100,1.36611,8965.2,329.501
5306,79,101,-13.8629,10274.9,343.965
5307,79,102,-12.0898,10121.8,357.722
5308,79,103,-19.1909,10737.3,371.652
5309,79,104,1.65335,8923.8,387.608
5310,79,105,-7.50449,9723.58,401.829
5311,79,106,-16.6902,10528.9,416.124
5312,79,107,-24.9646,11257,430.372
5313,79,108,-10.8395,10009.3,445.929
5314,79,109,-15.9518,10462.6,459.899
5315,79,110,-21.1673,10926.8,473.903
5316,79,111,-24.6182,11235,487.716
5317,79,112,-11.7632,10082.4,504.021
5318,79,113,-17.2036,10572,518.214
5319,79,114,-19.0247,10736.5,531.927
5320,80,89,-229.911,28573.2,153.493
5321,80,90,-228.996,28497.3,167.524
5322,80,91,-181.561,24544.4,181.879
5323,80,92,-87.274,16655.7,198.064
5324,80,93,-96.5189,17432.2,212.046
5325,80,94,-102.018,17896,225.933
5326,80,95,-107.763,18382.4,239.754
5327,80,96,-39.8605,12610.7,257.388
5328,80,97,-54.3127,13844,271.491
5329,80,98,-44.0194,12962.2,285.474
5330,80,99,-43.849,12947.5,299.265
5331,80,100,-9.88163,10015,315.391
5332,80,101,-25.4726,11366.2,329.784
5333,80,102,-22.5358,11110.7,343.586
5334,80,103,-29.3581,11706.5,357.49
5335,80,104,-6.03295,9661.68,373.564
5336,80,105,-15.304,10477.5,387.743
5337,80,106,-24.5924,11298,401.981
5338,80,107,-32.8934,12034,416.169
5339,80,108,-17.2473,10641.5,431.838
5340,80,109,-22.2732,11090.5,445.783
5341,80,110,-27.4174,11551.8,459.753
5342,80,111,-30.6934,11846.6,473.546
5343,80,112,-16.6911,10581.7,489.958
5344,80,113,-22.1616,11077.7,504.109
5345,80,114,-23.8034,11227.1,517.821
5346,81,90,-68.6527,14547.4,150.067
5347,81,91,-41.7468,12287.3,163.881
5348,81,92,44.9528,4975.64,179.363
5349,81,93,13.9429,7601.14,193.35
5350,81,94,-8.1219,9476.65,207.183
5351,81,95,-27.1519,11100.5,220.963
5352,81,96,39.1616,5419.69,238.218
5353,81,97,13.7124,7608.32,252.517
5354,81,98,17.591,7273.47,266.143
5355,81,99,11.2941,7819.2,279.759
5356,81,100,43.1439,5048.27,295.464
5357,81,101,21.018,6980.6,310.27
5358,81,102,19.9954,7070.25,323.828
5359,81,103,8.88139,8048.28,337.818
5360,81,104,30.9637,6097.67,353.545
5361,81,105,17.9913,7247.89,367.967
5362,81,106,5.42721,8366.1,382.475
5363,81,107,-5.71235,9361.23,396.899
5364,81,108,9.10979,8032.18,412.25
5365,81,109,1.91953,8679.3,426.284
5366,81,110,-5.18048,9320.67,440.366
5367,81,111,-10.1024,9766.92,454.184
5368,81,112,3.4881,8530.19,470.358
5369,81,113,-3.53693,9171.81,484.685
5370,81,114,-6.37094,9431.59,498.354
5371,82,91,-107.605,18082.8,149.475
5372,82,92,6.83224,8355.66,165.299
5373,82,93,-22.9925,10900.7,179.231
5374,82,94,-42.7695,12594.9,193.011
5375,82,95,-59.5684,14039.6,206.72
5376,82,96,19.909,7178.09,224.246
5377,82,97,-6.31471,9450.82,238.46
5378,82,98,0.376319,8868.7,252.154
5379,82,99,-4.70751,9312.68,265.774
5380,82,100,32.1792,6078.94,281.625
5381,82,101,8.93724,8124.24,296.313
5382,82,102,8.9678,8121.54,309.903
5383,82,103,-2.15404,9107.68,323.835
5384,82,104,22.8081,6886.05,339.69
5385,82,105,9.43424,8080.78,354.034
5386,82,106,-3.45038,9236.1,368.447
5387,82,107,-14.7639,10254.3,382.775
5388,82,108,1.82663,8755.64,398.256
5389,82,109,-5.357,9406.95,412.238
5390,82,110,-12.4448,10051.9,426.258
5391,82,111,-17.2106,10487.2,440.031
5392,82,112,-2.28469,9119.01,456.341
5393,82,113,-9.38799,9772.52,470.597
5394,82,114,-12.0391,10017.3,484.247
5395,83,92,-7.04953,9591.14,151.444
5396,83,93,-39.773,12405.4,165.432
5397,83,94,-60.0494,14155.9,179.262
5398,83,95,-76.7743,15605.4,193.005
5399,83,96,16.515,7489.21,210.48
5400,83,97,-12.7527,10045.3,224.712
5401,83,98,-4.42052,9314.8,238.481
5402,83,99,-9.53811,9765.15,252.157
5403,83,100,31.9839,6097.37,267.978
5404,83,101,6.31593,8373.27,282.656
5405,83,102,6.61168,8346.94,296.3
5406,83,103,-5.34499,9415.07,310.249
5407,83,104,22.1765,6947.31,326.081
5408,83,105,7.69464,8250.68,340.429
5409,83,106,-6.11874,9498.49,354.83
5410,83,107,-18.1239,10587,369.14
5411,83,108,0.00131384,8937.56,384.633
5412,83,109,-7.57923,9629.92,398.624
5413,83,110,-15.0146,10311.5,412.643
5414,83,111,-19.9318,10763.9,426.425
5415,83,112,-3.82944,9277.09,442.732
5416,83,113,-11.2913,9968.56,456.98
5417,83,114,-13.9892,10219.5,470.648
5418,84,93,-100.283,17851.2,151.078
5419,84,94,-113.244,18978.9,164.894
5420,84,95,-123.891,19908.7,178.607
5421,84,96,-9.00039,9836.63,196.398
5422,84,97,-38.8042,12459.4,210.572
5423,84,98,-25.8875,11318.4,224.432
5424,84,99,-28.9614,11590.9,238.137
5425,84,100,19.7306,7257.35,254.095
5426,84,101,-7.42787,9683.51,268.68
5427,84,102,-5.65427,9524.47,282.371
5428,84,103,-17.58,10597.8,296.284
5429,84,104,13.7278,7769.65,312.229
5430,84,105,-1.30252,9132.4,326.518
5431,84,106,-15.5347,10427.5,340.847
5432,84,107,-27.7556,11543.7,355.082
5433,84,108,-7.40986,9678.68,370.692
5434,84,109,-15.0034,10377.3,384.649
5435,84,110,-22.4396,11063.9,398.625
5436,84,111,-27.1777,11503,412.381
5437,84,112,-9.46511,9855.69,428.8
5438,84,113,-17.0488,10563.5,442.995
5439,84,114,-19.5493,10797.7,456.659
5440,85,94,80.9352,1308.56,143.331
5441,85,95,33.0475,5522.67,157.105
5442,85,96,140.93,-4006.93,174.859
5443,85,97,83.4747,1087.43,189.73
5444,85,98,80.7681,1328.31,203.045
5445,85,99,63.0636,2909.91,216.57
5446,85,100,106.339,-970.451,232.015
5447,85,101,65.7962,2678.4,247.626
5448,85,102,59.6309,3235.34,261.013
5449,85,103,39.5777,5053.5,275.203
5450,85,104,68.3005,2439.72,290.738
5451,85,105,46.6413,4417.92,305.568
5452,85,106,26.7568,6240.67,320.412
5453,85,107,9.79562,7801.1,335.059
5454,85,108,28.7076,6054.89,350.291
5455,85,109,17.6172,7082.61,364.434
5456,85,110,7.09966,8060.74,378.613
5457,85,111,-0.177493,8739.94,392.434
5458,85,112,16.8717,7142.99,408.6
5459,85,113,6.94871,8075.76,423.075
5460,85,114,2.68167,8478.28,436.711
5461,86,95,18.7148,6841.29,143.962
5462,86,96,148.818,-4737.9,161.465
5463,86,97,80.4723,1367.65,176.326
5464,86,98,77.8113,1606.26,189.729
5465,86,99,57.9999,3389.27,203.299
5466,86,100,107.721,-1102.16,218.698
5467,86,101,61.9372,3048.87,234.223
5468,86,102,55.5005,3634.61,247.662
5469,86,103,33.6781,5627.72,261.819
5470,86,104,66.0454,2660.72,277.36
5471,86,105,42.4458,4831.88,292.133
5472,86,106,21.0671,6805.85,306.898
5473,86,107,3.08124,8472.54,321.463
5474,86,108,24.2216,6506.48,336.757
5475,86,109,12.5808,7592.96,350.865
5476,86,110,1.62481,8619.17,364.997
5477,86,111,-5.79099,9316.26,378.791
5478,86,112,12.9369,7549.59,395.017
5479,86,113,2.58621,8529.46,409.434
5480,86,114,-1.67425,8934.2,423.065
5481,87,96,116.473,-1729.79,147.778
5482,87,97,41.5814,5010.42,162.406
5483,87,98,44.9587,4705.34,175.868
5484,87,99,27.1538,6319.66,189.378
5485,87,100,88.3839,747.714,205.021
5486,87,101,39.0743,5251.33,220.279
5487,87,102,34.6909,5653.14,233.719
5488,87,103,12.7494,7671.76,247.726
5489,87,104,51.0385,4136.4,263.503
5490,87,105,26.5344,6407.11,278.101
5491,87,106,4.60889,8446.18,292.681
5492,87,107,-13.5224,10138.4,307.067
5493,87,108,11.0492,7836.9,322.59
5494,87,109,-0.458421,8918.61,336.589
5495,87,110,-11.2408,9935.75,350.599
5496,87,111,-18.2206,10596.5,364.3
5497,87,112,2.90405,8589.66,380.778
5498,87,113,-7.47023,9578.68,395.07
5499,87,114,-11.3167,9946.66,408.65
5500,88,97,12.2099,7771.35,148.684
5501,88,98,21.5415,6922.17,162.252
5502,88,99,4.67192,8462.93,175.785
5503,88,100,78.7809,1669.61,191.519
5504,88,101,23.7989,6727.95,206.623
5505,88,102,20.8678,6998.59,220.114
5506,88,103,-2.08861,9125.88,234.057
5507,88,104,42.4507,4983.72,249.933
5508,88,105,16.1782,7435.83,264.442
5509,88,106,-6.96513,9603.59,278.914
5510,88,107,-25.7522,11369.6,293.194
5511,88,108,2.32436,8721.01,308.847
5512,88,109,-9.43626,9834.35,322.797
5513,88,110,-20.3756,10873.6,336.748
5514,88,111,-27.1758,11521.9,350.414
5515,88,112,-3.64474,9270.74,367.013
5516,88,113,-14.3133,10294.9,381.238
5517,88,114,-17.9378,10644.1,394.81
5518,89,98,123.127,-2728.43,146.617
5519,89,99,84.7199,805.002,160.319
5520,89,100,157.839,-5946.33,175.448
5521,89,101,82.2355,1059.6,191.306
5522,89,102,70.5376,2147.51,204.818
5523,89,103,37.8977,5193.89,219.043
5524,89,104,83.0062,968.734,234.485
5525,89,105,48.8715,4177.4,249.361
5526,89,106,19.5241,6945.83,264.131
5527,89,107,-4.02885,9175.51,278.639
5528,89,108,24.683,6447.88,293.994
5529,89,109,9.67294,7878.85,308.1
5530,89,110,-3.99805,9186.7,322.198
5531,89,111,-12.8137,10033,335.959
5532,89,112,11.4814,7692.58,352.265
5533,89,113,-1.25072,8923.35,366.648
5534,89,114,-6.15883,9399.44,380.277
5535,90,99,25.2041,6518.53,146.142
5536,90,100,122.439,-2524.29,161.648
5537,90,101,40.1346,5157.42,177.108
5538,90,102,33.114,5815.02,190.593
5539,90,103,1.15753,8818.93,204.594
5540,90,104,57.1792,3534.22,220.397
5541,90,105,22.006,6863.94,235.028
5542,90,106,-7.63335,9679.68,249.55
5543,90,107,-30.7858,11886.9,263.824
5544,90,108,3.76487,8581.54,279.518
5545,90,109,-10.6544,9965.79,293.476
5546,90,110,-23.6914,11221.7,307.415
5547,90,111,-31.5182,11978.3,321.055
5548,90,112,-3.48401,9258.96,337.728
5549,90,113,-16.03,10480.1,351.954
5550,90,114,-20.1484,10882.3,365.513
5551,91,100,82.85,1315.81,147.845
5552,91,101,-7.22054,9782.44,162.953
5553,91,102,-7.51869,9810.56,176.461
5554,91,103,-38.1404,12709.4,190.286
5555,91,104,31.4984,6093.74,206.44
5556,91,105,-4.94047,9567.57,220.873
5557,91,106,-34.9164,12435.3,235.189
5558,91,107,-57.5829,14611.3,249.271
5559,91,108,-16.2158,10626.2,265.288
5560,91,109,-30.0497,11963.5,279.14
5561,91,110,-42.4509,13166.4,292.962
5562,91,111,-49.2365,13826.9,306.522
5563,91,112,-17.0429,10682.6,323.508
5564,91,113,-29.5009,11903.5,337.616
5565,91,114,-32.8399,12231.9,351.14
5566,92,101,-22.7829,11307.6,149.296
5567,92,102,-20.3058,11072.2,162.909
5568,92,103,-53.8999,14274.9,176.744
5569,92,104,28.877,6355.87,192.883
5570,92,105,-12.3929,10317.8,207.301
5571,92,106,-45.372,13494.8,221.58
5572,92,107,-69.5648,15833.4,235.624
5573,92,108,-21.9214,11212,251.685
5574,92,109,-36.6584,12646.4,265.548
5575,92,110,-49.6693,13917.1,279.369
5576,92,111,-56.4116,14577.9,292.947
5577,92,112,-20.4687,11043.5,309.932
5578,92,113,-33.7477,12353.7,324.031
5579,92,114,-37.0078,12676.4,337.587
5580,93,102,79.474,1194.02,147.423
5581,93,103,21.6301,6747.04,161.584
5582,93,104,105.615,-1343.49,177.128
5583,93,105,46.1899,4400.92,192.014
5584,93,106,0.130564,8868.68,206.64
5585,93,107,-33.355,12127.9,220.931
5586,93,108,15.7176,7335.18,236.585
5587,93,109,-5.18126,9383.27,250.615
5588,93,110,-23.1353,11148.8,264.59
5589,93,111,-33.3804,12159.6,278.252
5590,93,112,3.8537,8473.42,294.858
5591,93,113,-13.0064,10148.2,309.137
5592,93,114,-18.4485,10690.6,322.736
5593,94,103,-14.5713,10367.2,147.836
5594,94,104,91.2655,101.015,163.511
5595,94,105,24.3279,6616.27,178.27
5596,94,106,-25.4541,11478.3,192.755
5597,94,107,-60.0684,14870.5,206.918
5598,94,108,-0.890931,9051.4,222.762
5599,94,109,-22.3261,11166.3,236.74
5600,94,110,-40.3754,12953.2,250.651
5601,94,111,-49.8433,13893.7,264.282
5602,94,112,-6.95682,9619.34,281.049
5603,94,113,-24.4219,11365.8,295.255
5604,94,114,-29.2951,11854.8,308.854
5605,95,104,55.2348,3740.11,149.632
5606,95,105,-17.3221,10850.7,164.198
5607,95,106,-68.4595,15879.2,178.492
5608,95,107,-101.783,19167.1,192.486
5609,95,108,-28.1923,11881.6,208.664
5610,95,109,-48.8453,13933.2,222.564
5611,95,110,-65.8358,15626.6,236.387
5612,95,111,-73.4222,16385.2,249.973
5613,95,112,-23.1507,11341.3,267.015
5614,95,113,-40.7496,13112.9,281.127
5615,95,114,-44.4773,13489.4,294.72
5616,96,105,-101.403,19427,149.328
5617,96,106,-146.551,23896.6,163.319
5618,96,107,-172.413,26465.5,177.051
5619,96,108,-76.6345,16919.6,193.94
5620,96,109,-93.3176,18587.9,207.708
5621,96,110,-106.644,19925,221.391
5622,96,111,-110.078,20270.7,234.897
5623,96,112,-49.5794,14160.4,252.489
5624,96,113,-66.1972,15844.3,266.463
5625,96,114,-67.6386,15990.8,280.03
5626,97,106,-35.0522,12412.2,147.369
5627,97,107,-85.8889,17495.9,161.364
5628,97,108,11.4319,7731.37,177.598
5629,97,109,-21.3666,11033.1,191.536
5630,97,110,-46.8753,13609.5,205.358
5631,97,111,-58.736,14811.3,218.866
5632,97,112,2.90676,8544.33,235.96
5633,97,113,-21.8409,11068.6,250.175
5634,97,114,-28.371,11736.8,263.71
5635,98,107,-168.836,26122.4,146.433
5636,98,108,-38.7392,12982.6,163.355
5637,98,109,-68.6422,16012.8,177.152
5638,98,110,-90.8023,18265.7,190.827
5639,98,111,-98.082,19008.3,204.255
5640,98,112,-22.9741,11322.2,221.833
5641,98,113,-47.5802,13848.4,235.903
5642,98,114,-51.8503,14288.3,249.413
5643,99,108,-39.6026,13073.3,149.703
5644,99,109,-74.7855,16661.9,163.577
5645,99,110,-99.615,19202.8,177.313
5646,99,111,-106.659,19926,190.815
5647,99,112,-19.596,10958.5,208.226
5648,99,113,-47.9333,13886.7,222.345
5649,99,114,-52.693,14380.1,235.923
5650,100,109,-117.584,21198.6,149.605
5651,100,110,-139.147,23419.5,163.332
5652,100,111,-140.776,23587.9,176.875
5653,100,112,-35.0701,12629.7,194.442
5654,100,113,-65.2449,15767.9,208.532
5655,100,114,-68.3311,16089.9,222.159
5656,101,110,-27.5973,11483.7,147.381
5657,101,111,-49.8045,13793.3,160.913
5658,101,112,58.3572,2508.41,177.817
5659,101,113,9.16661,7657.03,192.277
5660,101,114,-4.99062,9143.54,205.893
5661,102,111,-120.533,21431.9,146.397
5662,102,112,20.1545,6659.77,163.836
5663,102,113,-30.8674,12034.1,178.116
5664,102,114,-41.0436,13109.4,191.704
5665,103,112,41.6652,4315.11,150.067
5666,103,113,-22.5444,11121.3,164.453
5667,103,114,-35.8038,12531.2,178.143
5668,104,113,-68.6757,16195.8,150.379
5669,104,114,-75.9584,16975,164.108
5670,105,114,64.3637,1399.26,146.777
