id,low,hi,m,q,cost
0,0,9,17.4545,449.455,90.1742
1,0,10,10.4545,470.455,100.85
2,0,11,9.86014,472.436,108.742
3,0,12,9.17582,474.945,116.569
4,0,13,12.7692,460.571,126.463
5,0,14,10.0357,472.417,135.824
6,0,15,10.4118,470.662,143.654
7,0,16,10.0735,472.353,151.421
8,0,17,13.1682,455.848,163.455
9,0,18,11.8596,463.263,172.19
10,0,19,11.7368,464,180.03
11,0,20,11.3636,466.364,187.923
12,0,21,13.4387,452.53,199.848
13,0,22,12.4802,459.239,208.717
14,0,23,12.5174,458.967,216.585
15,0,24,12.3385,460.338,224.458
16,0,25,13.7162,449.316,235.757
17,0,26,13.0342,455,244.59
18,0,27,12.983,455.443,252.466
19,0,28,12.7833,457.241,260.413
20,0,29,13.8932,446.882,272.183
21,0,30,13.3871,451.774,280.978
22,0,31,13.1213,454.432,289.154
23,0,32,12.9913,455.775,297.099
24,0,33,13.6241,449.025,307.058
25,0,34,13.2325,453.333,315.826
26,0,35,13.0682,455.195,323.869
27,0,36,12.9587,456.472,331.799
28,0,37,13.6229,448.502,343.278
29,0,38,13.2915,452.59,352.139
30,0,39,13.0319,455.878,360.688
31,0,40,12.6934,460.279,369.817
32,0,41,13.2226,453.223,380.982
33,0,42,12.8466,458.362,390.673
34,0,43,12.6927,460.515,398.941
35,0,44,12.4638,463.797,407.662
36,0,45,12.6728,460.731,416.311
37,0,46,12.3971,464.867,425.604
38,0,47,12.3779,465.162,433.534
39,0,48,12.2082,467.82,442.066
40,0,49,12.6175,461.271,453.837
41,0,50,12.3412,465.784,463.632
42,0,51,12.134,469.238,472.71
43,0,52,11.7981,474.948,483.766
44,0,53,12.1814,468.303,495.905
45,0,54,11.8773,473.675,506.648
46,0,55,11.7139,476.617,515.562
47,0,56,11.5459,479.698,524.586
48,0,57,11.8303,474.389,535.501
49,0,58,11.4734,481.169,548.176
50,0,59,11.1814,486.814,559.466
51,0,60,10.9154,492.047,570.356
52,0,61,11.0108,490.138,578.96
53,0,62,10.8132,494.157,588.857
54,0,63,10.6467,497.596,598.347
55,0,64,10.4943,500.797,607.704
56,0,65,10.626,497.987,616.832
57,0,66,10.3767,503.389,628.387
58,0,67,10.3145,504.757,636.878
59,0,68,10.2199,506.87,645.678
60,0,69,10.4348,502,656.833
61,0,70,10.3498,503.955,665.592
62,0,71,10.3055,504.989,674.005
63,0,72,10.2089,507.275,682.968
64,0,73,10.4548,501.373,695.907
65,0,74,10.439,501.758,704.235
66,0,75,10.5162,499.853,713.039
67,0,76,10.5371,499.331,721.366
68,0,77,10.8383,491.701,737.976
69,0,78,10.8505,491.386,746.359
70,0,79,10.8981,490.148,754.939
71,0,80,10.9867,487.817,764.104
72,0,81,11.403,476.715,789.674
73,0,82,11.4962,474.2,799.038
74,0,83,11.5816,471.866,808.304
75,0,84,11.6762,469.248,817.777
76,0,85,12.0357,459.182,839.528
77,0,86,12.0872,457.722,848.47
78,0,87,12.1413,456.17,857.448
79,0,88,12.2278,453.663,866.939
80,0,89,12.5414,444.464,886.445
81,0,90,12.5821,443.256,895.393
82,0,91,12.6394,441.536,904.53
83,0,92,12.7188,439.128,914.044
84,0,93,13.0064,430.309,932.782
85,0,94,13.044,429.145,941.795
86,0,95,13.1417,426.082,951.835
87,0,96,13.2378,423.038,961.885
88,0,97,13.555,412.888,983.666
89,0,98,13.6148,410.954,993.078
90,0,99,13.6749,408.99,1002.51
91,0,100,13.7352,407.001,1011.96
92,0,101,14.0126,397.754,1031.51
93,0,102,14.0199,397.509,1040.55
94,0,103,14.063,396.044,1049.85
95,0,104,14.0853,395.278,1058.94
96,0,105,14.2735,388.753,1073.41
97,0,106,14.1999,391.329,1083.32
98,0,107,14.118,394.224,1093.46
99,0,108,14.0435,396.882,1103.45
100,0,109,14.1085,394.541,1113.25
101,0,110,13.9509,400.265,1126.75
102,0,111,13.7856,406.329,1140.76
103,0,112,13.6643,410.815,1152.55
104,0,113,13.6484,411.411,1161.72
105,0,114,13.4562,418.651,1177.88
106,0,115,13.2678,425.809,1193.7
107,0,116,13.0831,432.887,1209.23
108,0,117,12.9833,436.747,1220.36
109,0,118,12.7611,445.412,1238.8
110,0,119,12.5405,454.091,1256.89
111,0,120,12.3743,460.684,1271.19
112,0,121,12.3871,460.172,1280.66
113,0,122,12.2567,465.43,1293.25
114,0,123,12.1355,470.357,1305.48
115,0,124,12.0422,474.187,1316.63
116,0,125,12.0873,472.318,1326.5
117,1,10,7.09091,494,92.3176
118,1,11,7,494.364,100.232
119,1,12,6.67832,495.758,108.047
120,1,13,11.2088,474.615,118.259
121,1,14,8.30769,489.121,127.38
122,1,15,8.96429,485.619,135.295
123,1,16,8.76471,486.75,143.062
124,1,17,12.3775,465.074,155.312
125,1,18,11.0114,473.725,163.951
126,1,19,10.9649,474.035,171.821
127,1,20,10.6316,476.368,179.706
128,1,21,12.974,459.19,191.745
129,1,22,11.9706,466.883,200.538
130,1,23,12.0553,466.206,208.447
131,1,24,11.9,467.5,216.333
132,1,25,13.4231,454.3,227.698
133,1,26,12.7111,460.708,236.476
134,1,27,12.6801,460.997,244.38
135,1,28,12.4877,462.857,252.332
136,1,29,13.6946,450.788,264.137
137,1,30,13.168,456.23,272.893
138,1,31,12.8992,459.097,281.062
139,1,32,12.7749,460.464,289.017
140,1,33,13.4592,452.708,299.024
141,1,34,13.0542,457.433,307.754
142,1,35,12.8908,459.395,315.797
143,1,36,12.7851,460.698,323.733
144,1,37,13.4945,451.712,335.242
145,1,38,13.1524,456.159,344.067
146,1,39,12.8866,459.703,352.589
147,1,40,12.5385,464.462,361.662
148,1,41,13.101,456.585,372.865
149,1,42,12.7129,462.149,382.49
150,1,43,12.5581,464.419,390.747
151,1,44,12.3249,467.918,399.432
152,1,45,12.5494,464.475,408.126
153,1,46,12.267,468.899,417.362
154,1,47,12.2525,469.13,425.305
155,1,48,12.081,471.933,433.806
156,1,49,12.5122,464.745,445.624
157,1,50,12.2291,469.559,455.353
158,1,51,12.0181,473.216,464.384
159,1,52,11.6738,479.299,475.336
160,1,53,12.0763,472.054,487.528
161,1,54,11.7648,477.764,498.183
162,1,55,11.5996,480.848,507.061
163,1,56,11.4296,484.078,516.042
164,1,57,11.728,478.308,527.013
165,1,58,11.3624,485.499,539.561
166,1,59,11.0643,491.461,550.754
167,1,60,10.7933,496.972,561.554
168,1,61,10.8958,494.852,570.193
169,1,62,10.6955,499.059,580.025
170,1,63,10.5276,502.642,589.46
171,1,64,10.3741,505.967,598.764
172,1,65,10.5135,502.899,607.941
173,1,66,10.2601,508.559,619.395
174,1,67,10.1995,509.932,627.868
175,1,68,10.1055,512.094,636.633
176,1,69,10.3299,506.858,647.865
177,1,70,10.2455,508.857,656.595
178,1,71,10.2029,509.879,664.995
179,1,72,10.1064,512.226,673.919
180,1,73,10.3619,505.925,686.944
181,1,74,10.3482,506.268,695.271
182,1,75,10.4299,504.198,704.109
183,1,76,10.4536,503.589,712.45
184,1,77,10.7648,495.499,729.128
185,1,78,10.7792,495.118,737.522
186,1,79,10.8298,493.768,746.124
187,1,80,10.9223,491.272,755.321
188,1,81,11.3505,479.568,780.876
189,1,82,11.4472,476.893,790.263
190,1,83,11.5358,474.411,799.551
191,1,84,11.6338,471.635,809.046
192,1,85,12.0027,461.059,830.739
193,1,86,12.0562,459.508,839.697
194,1,87,12.1123,457.862,848.69
195,1,88,12.2014,455.219,858.194
196,1,89,12.5226,445.582,877.632
197,1,90,12.5647,444.307,886.592
198,1,91,12.6237,442.498,895.741
199,1,92,12.7051,439.974,905.263
200,1,93,12.9992,430.76,923.923
201,1,94,13.0377,429.54,932.946
202,1,95,13.1376,426.343,942.987
203,1,96,13.2358,423.167,953.037
204,1,97,13.5596,412.59,974.694
205,1,98,13.6206,410.579,984.11
206,1,99,13.6818,408.538,993.546
207,1,100,13.7431,406.473,1003
208,1,101,14.0259,396.859,1022.44
209,1,102,14.033,396.614,1031.49
210,1,103,14.0767,395.1,1040.79
211,1,104,14.0992,394.313,1049.89
212,1,105,14.2907,387.546,1064.31
213,1,106,14.2154,390.232,1074.22
214,1,107,14.1316,393.246,1084.37
215,1,108,14.0555,396.014,1094.37
216,1,109,14.1215,393.593,1104.16
217,1,110,13.9608,399.538,1117.65
218,1,111,13.7923,405.83,1131.62
219,1,112,13.6688,410.483,1143.4
220,1,113,13.6524,411.103,1152.59
221,1,114,13.4568,418.603,1168.7
222,1,115,13.2651,426.014,1184.47
223,1,116,13.0773,433.337,1199.95
224,1,117,12.9759,437.327,1211.07
225,1,118,12.7501,446.284,1229.43
226,1,119,12.5259,455.251,1247.44
227,1,120,12.3572,462.057,1261.7
228,1,121,12.3705,461.517,1271.17
229,1,122,12.2382,466.938,1283.74
230,1,123,12.1154,472.015,1295.93
231,1,124,12.0208,475.956,1307.06
232,1,125,12.0671,474.013,1316.95
233,2,11,11.5758,457.758,91.1843
234,2,12,10.3636,463.818,99.0767
235,2,13,15.035,438.904,108.756
236,2,14,11.0989,461.209,118.353
237,2,15,11.4505,459.099,126.193
238,2,16,10.8929,462.631,134.005
239,2,17,14.6912,437.309,145.733
240,2,18,12.8922,449.902,154.65
241,2,19,12.6316,451.813,162.528
242,2,20,12.0877,455.982,170.483
243,2,21,14.5188,436.534,182.11
244,2,22,13.2727,446.918,191.148
245,2,23,13.2468,447.143,199.031
246,2,24,12.9743,449.595,206.949
247,2,25,14.5348,435.03,217.988
248,2,26,13.6769,443.323,226.973
249,2,27,13.5692,444.4,234.874
250,2,28,13.2967,447.216,242.875
251,2,29,14.532,434.039,254.389
252,2,30,13.9113,440.867,263.319
253,2,31,13.5751,444.678,271.568
254,2,32,13.3992,446.73,279.555
255,2,33,14.0872,438.473,289.355
256,2,34,13.6197,444.24,298.235
257,2,35,13.4133,446.854,306.329
258,2,36,13.2717,448.695,314.297
259,2,37,13.9936,439.07,325.584
260,2,38,13.606,444.367,334.549
261,2,39,13.3023,448.618,343.175
262,2,40,12.915,454.17,352.39
263,2,41,13.4869,445.782,363.404
264,2,42,13.061,452.171,373.191
265,2,43,12.8823,454.911,381.506
266,2,44,12.6231,458.972,390.283
267,2,45,12.8443,455.433,398.89
268,2,46,12.5362,460.464,408.244
269,2,47,12.5094,460.911,416.192
270,2,48,12.3196,464.137,424.764
271,2,49,12.7589,456.523,436.417
272,2,50,12.4541,461.908,446.268
273,2,51,12.2257,466.019,455.386
274,2,52,11.8597,472.729,466.465
275,2,53,12.2706,465.06,478.505
276,2,54,11.94,471.34,489.271
277,2,55,11.7621,474.779,498.208
278,2,56,11.5801,478.359,507.249
279,2,57,11.8838,472.285,518.11
280,2,58,11.4999,480.092,530.761
281,2,59,11.1867,486.563,542.027
282,2,60,10.9024,492.534,552.885
283,2,61,11.0047,490.351,561.505
284,2,62,10.7943,494.911,571.384
285,2,63,10.6177,498.795,580.86
286,2,64,10.4565,502.396,590.201
287,2,65,10.5978,499.194,599.346
288,2,66,10.3339,505.262,610.837
289,2,67,10.2693,506.77,619.333
290,2,68,10.1704,509.11,628.125
291,2,69,10.3995,503.613,639.286
292,2,70,10.3106,505.776,648.042
293,2,71,10.2649,506.903,656.462
294,2,72,10.164,509.426,665.413
295,2,73,10.4249,502.814,678.339
296,2,74,10.4091,503.221,686.68
297,2,75,10.4914,501.082,695.502
298,2,76,10.5141,500.484,703.846
299,2,77,10.8319,492.01,720.373
300,2,78,10.8449,491.657,728.772
301,2,79,10.8952,490.284,737.365
302,2,80,10.9883,487.707,746.534
303,2,81,11.4256,475.464,771.841
304,2,82,11.5228,472.709,781.199
305,2,83,11.6118,470.159,790.458
306,2,84,11.7103,467.302,799.919
307,2,85,12.0862,456.276,821.423
308,2,86,12.1389,454.71,830.365
309,2,87,12.1944,453.045,839.34
310,2,88,12.2837,450.339,848.811
311,2,89,12.6103,440.321,868.093
312,2,90,12.6513,439.049,877.039
313,2,91,12.7097,437.22,886.165
314,2,92,12.791,434.645,895.654
315,2,93,13.0896,425.09,914.175
316,2,94,13.127,423.881,923.183
317,2,95,13.2272,420.609,933.179
318,2,96,13.3256,417.362,943.184
319,2,97,13.6542,406.407,964.694
320,2,98,13.7145,404.378,974.083
321,2,99,13.775,402.32,983.489
322,2,100,13.8357,400.236,992.914
323,2,101,14.1223,390.302,1012.23
324,2,102,14.1277,390.114,1021.28
325,2,103,14.1703,388.606,1030.55
326,2,104,14.1915,387.853,1039.64
327,2,105,14.3849,380.89,1053.97
328,2,106,14.3063,383.743,1063.92
329,2,107,14.2193,386.934,1074.12
330,2,108,14.1401,389.866,1084.15
331,2,109,14.2058,387.414,1093.91
332,2,110,14.0406,393.635,1107.48
333,2,111,13.8675,400.211,1121.54
334,2,112,13.7404,405.083,1133.38
335,2,113,13.7225,405.776,1142.57
336,2,114,13.5222,413.589,1158.75
337,2,115,13.326,421.305,1174.59
338,2,116,13.1339,428.926,1190.12
339,2,117,13.0298,433.092,1201.26
340,2,118,12.7992,442.392,1219.66
341,2,119,12.5703,451.697,1237.69
342,2,120,12.398,458.763,1251.97
343,2,121,12.4109,458.232,1261.45
344,2,122,12.2758,463.861,1274.02
345,2,123,12.1503,469.13,1286.24
346,2,124,12.0536,473.223,1297.38
347,2,125,12.1001,471.24,1307.26
348,3,12,8.06061,484.545,90.962
349,3,13,14,448.909,100.808
350,3,14,9.58042,476.9,110.207
351,3,15,10.2198,472.637,118.142
352,3,16,9.75824,475.868,125.981
353,3,17,14.2143,443.19,137.757
354,3,18,12.25,458.25,146.61
355,3,19,12.0343,459.975,154.533
356,3,20,11.4964,464.458,162.499
357,3,21,14.2456,440.632,174.134
358,3,22,12.9023,452.722,183.119
359,3,23,12.9091,452.658,191.048
360,3,24,12.6426,455.234,198.991
361,3,25,14.3676,437.984,210.03
362,3,26,13.4522,447.443,218.979
363,3,27,13.3538,448.492,226.913
364,3,28,13.0769,451.538,234.929
365,3,29,14.42,436.317,246.424
366,3,30,13.763,443.982,255.328
367,3,31,13.4138,448.172,263.58
368,3,32,13.2369,450.354,271.584
369,3,33,13.9798,440.944,281.405
370,3,34,13.4897,447.315,290.258
371,3,35,13.2787,450.128,298.36
372,3,36,13.1367,452.069,306.34
373,3,37,13.9076,441.277,317.623
374,3,38,13.5032,447.073,326.561
375,3,39,13.1887,451.686,335.169
376,3,40,12.787,457.712,344.337
377,3,41,13.3947,448.393,355.364
378,3,42,12.9522,455.326,365.093
379,3,43,12.77,458.24,373.403
380,3,44,12.5038,462.588,382.151
381,3,45,12.7409,458.638,390.797
382,3,46,12.4235,464.032,400.101
383,3,47,12.4005,464.431,408.063
384,3,48,12.2072,467.846,416.611
385,3,49,12.67,459.517,428.289
386,3,50,12.3562,465.27,438.08
387,3,51,12.1224,469.633,447.158
388,3,52,11.746,476.786,458.138
389,3,53,12.1774,468.445,470.211
390,3,54,11.8377,475.126,480.895
391,3,55,11.657,478.74,489.8
392,3,56,11.4721,482.5,498.805
393,3,57,11.7908,475.913,509.708
394,3,58,11.3964,484.194,522.237
395,3,59,11.076,491.031,533.409
396,3,60,10.7856,497.322,544.182
397,3,61,10.8954,494.907,552.835
398,3,62,10.6816,499.682,562.654
399,3,63,10.5029,503.732,572.08
400,3,64,10.3402,507.474,581.372
401,3,65,10.4896,503.987,590.563
402,3,66,10.2209,510.347,601.957
403,3,67,10.1578,511.862,610.438
404,3,68,10.0593,514.259,619.2
405,3,69,10.2985,508.358,630.428
406,3,70,10.2099,510.572,639.159
407,3,71,10.1659,511.689,647.569
408,3,72,10.0649,514.28,656.486
409,3,73,10.336,507.231,669.484
410,3,74,10.3222,507.595,677.827
411,3,75,10.4091,505.278,686.68
412,3,76,10.4347,504.588,695.039
413,3,77,10.763,495.613,711.613
414,3,78,10.7783,495.191,720.024
415,3,79,10.8315,493.699,728.639
416,3,80,10.9287,490.946,737.837
417,3,81,11.3785,478.051,763.097
418,3,82,11.4794,475.127,772.475
419,3,83,11.5716,472.422,781.754
420,3,84,11.6735,469.399,791.233
421,3,85,12.0593,457.824,812.659
422,3,86,12.114,456.165,821.615
423,3,87,12.1714,454.405,830.605
424,3,88,12.2632,451.558,840.087
425,3,89,12.5979,441.073,859.287
426,3,90,12.6401,439.735,868.245
427,3,91,12.7,437.818,877.382
428,3,92,12.7834,435.122,886.877
429,3,93,13.0887,425.149,905.309
430,3,94,13.1269,423.887,914.326
431,3,95,13.2292,420.477,924.321
432,3,96,13.3297,417.095,934.324
433,3,97,13.6652,405.689,955.701
434,3,98,13.7265,403.584,965.093
435,3,99,13.788,401.451,974.501
436,3,100,13.8497,399.292,983.927
437,3,101,14.1417,388.973,1003.13
438,3,102,14.1468,388.791,1012.19
439,3,103,14.19,387.238,1021.47
440,3,104,14.2111,386.47,1030.56
441,3,105,14.4079,379.254,1044.83
442,3,106,14.3274,382.232,1054.79
443,3,107,14.2383,385.558,1064.99
444,3,108,14.1572,388.613,1075.04
445,3,109,14.2238,386.082,1084.79
446,3,110,14.0553,392.544,1098.35
447,3,111,13.8788,399.368,1112.39
448,3,112,13.7492,404.423,1124.22
449,3,113,13.7308,405.146,1133.42
450,3,114,13.5267,413.241,1149.56
451,3,115,13.327,421.23,1165.35
452,3,116,13.1315,429.115,1180.83
453,3,117,13.0256,433.423,1191.97
454,3,118,12.7911,443.037,1210.28
455,3,119,12.5585,452.65,1228.24
456,3,120,12.3834,459.944,1242.47
457,3,121,12.3967,459.385,1251.96
458,3,122,12.2596,465.189,1264.51
459,3,123,12.1324,470.62,1276.7
460,3,124,12.0344,474.832,1287.83
461,3,125,12.0819,472.772,1297.72
462,4,13,13.9394,449.515,92.8416
463,4,14,8.72727,486,102.171
464,4,15,9.61538,479.487,110.212
465,4,16,9.17582,482.857,118.123
466,4,17,14.3516,441.451,129.759
467,4,18,12.1071,460.155,138.628
468,4,19,11.8824,462.103,146.618
469,4,20,11.299,467.353,154.634
470,4,21,14.3756,438.638,166.137
471,4,22,12.8772,453.123,175.134
472,4,23,12.8872,453.023,183.118
473,4,24,12.5974,456.017,191.109
474,4,25,14.4833,435.901,202.047
475,4,26,13.4783,446.957,211.012
476,4,27,13.3696,448.188,218.992
477,4,28,13.0692,451.692,227.046
478,4,29,14.5162,434.328,238.43
479,4,30,13.8034,443.12,247.353
480,4,31,13.4264,447.895,255.635
481,4,32,13.2365,450.365,263.673
482,4,33,14.0289,439.798,273.459
483,4,34,13.504,446.972,282.324
484,4,35,13.279,450.123,290.454
485,4,36,13.1283,452.282,298.463
486,4,37,13.945,440.304,309.671
487,4,38,13.5154,446.748,318.618
488,4,39,13.1828,451.849,327.237
489,4,40,12.7596,458.478,336.395
490,4,41,13.4008,448.219,347.375
491,4,42,12.9352,455.823,357.084
492,4,43,12.7448,458.996,365.409
493,4,44,12.4669,463.721,374.155
494,4,45,12.717,459.387,382.818
495,4,46,12.386,465.234,392.104
496,4,47,12.3636,465.636,400.089
497,4,48,12.1634,469.308,408.635
498,4,49,12.6482,460.258,420.278
499,4,50,12.3219,466.457,430.041
500,4,51,12.0799,471.136,439.105
501,4,52,11.6898,478.808,450.018
502,4,53,12.1407,469.79,462.069
503,4,54,11.7891,476.938,472.7
504,4,55,11.6033,480.778,481.594
505,4,56,11.4135,484.765,490.582
506,4,57,11.7461,477.669,501.488
507,4,58,11.3391,486.488,513.922
508,4,59,11.0092,493.745,525.025
509,4,60,10.711,500.404,535.736
510,4,61,10.8272,497.773,544.415
511,4,62,10.6084,502.804,554.193
512,4,63,10.4262,507.055,563.586
513,4,64,10.2607,510.972,572.849
514,4,65,10.4175,507.209,582.07
515,4,66,10.1426,513.899,593.386
516,4,67,10.0799,515.445,601.864
517,4,68,9.98077,517.923,610.609
518,4,69,10.2296,511.619,621.87
519,4,70,10.1405,513.907,630.589
520,4,71,10.0971,515.033,638.999
521,4,72,9.99525,517.717,647.897
522,4,73,10.2761,510.228,660.919
523,4,74,10.2636,510.565,669.27
524,4,75,10.3545,508.08,678.148
525,4,76,10.3823,507.312,686.523
526,4,77,10.7209,497.83,703.079
527,4,78,10.7377,497.354,711.505
528,4,79,10.7934,495.757,720.138
529,4,80,10.8941,492.837,729.354
530,4,81,11.3564,479.278,754.48
531,4,82,11.4603,476.194,763.868
532,4,83,11.5553,473.344,773.158
533,4,84,11.6601,470.165,782.645
534,4,85,12.0557,458.033,803.943
535,4,86,12.1118,456.295,812.909
536,4,87,12.1706,454.452,821.908
537,4,88,12.2646,451.475,831.393
538,4,89,12.607,440.518,850.477
539,4,90,12.65,439.128,859.443
540,4,91,12.7111,437.133,868.584
541,4,92,12.7961,434.329,878.079
542,4,93,13.1079,423.935,896.396
543,4,94,13.1465,422.634,905.42
544,4,95,13.2506,419.094,915.404
545,4,96,13.3528,415.587,925.394
546,4,97,13.6949,403.727,946.619
547,4,98,13.7569,401.558,956.008
548,4,99,13.819,399.361,965.414
549,4,100,13.8814,397.138,974.836
550,4,101,14.1787,386.433,993.909
551,4,102,14.1832,386.271,1002.98
552,4,103,14.2265,384.684,1012.25
553,4,104,14.2473,383.914,1021.35
554,4,105,14.4472,376.449,1035.55
555,4,106,14.3644,379.568,1045.53
556,4,107,14.2729,383.046,1055.75
557,4,108,14.1896,386.239,1065.81
558,4,109,14.2568,383.639,1075.55
559,4,110,14.0845,390.36,1089.11
560,4,111,13.9042,397.451,1103.15
561,4,112,13.7718,402.706,1114.98
562,4,113,13.7526,403.471,1124.19
563,4,114,13.5445,411.866,1140.3
564,4,115,13.3409,420.146,1156.06
565,4,116,13.1417,428.314,1171.52
566,4,117,13.0337,432.776,1182.65
567,4,118,12.795,442.723,1200.91
568,4,119,12.5583,452.662,1218.8
569,4,120,12.3803,460.199,1233
570,4,121,12.3939,459.62,1242.5
571,4,122,12.2545,465.612,1255.03
572,4,123,12.1252,471.215,1267.2
573,4,124,12.0257,475.559,1278.32
574,4,125,12.0742,473.426,1288.22
575,5,14,5.33333,523.333,93.5742
576,5,15,7,510,101.75
577,5,16,6.92308,510.641,109.695
578,5,17,13.2418,455.879,121.539
579,5,18,10.8352,477.538,130.318
580,5,19,10.75,478.333,138.354
581,5,20,10.2353,483.309,146.377
582,5,21,13.799,447.672,157.975
583,5,22,12.1981,464.214,166.9
584,5,23,12.2807,463.333,174.934
585,5,24,12.0226,466.173,182.947
586,5,25,14.1429,442.143,193.939
587,5,26,13.0774,454.574,202.851
588,5,27,12.9941,455.573,210.864
589,5,28,12.7,459.2,218.927
590,5,29,14.2923,439.031,230.337
591,5,30,13.5419,448.786,239.22
592,5,31,13.1563,453.928,247.499
593,5,32,12.9721,456.445,255.55
594,5,33,13.8374,444.33,265.383
595,5,34,13.2903,452.172,274.21
596,5,35,13.0645,455.484,282.342
597,5,36,12.9179,457.683,290.359
598,5,37,13.7968,444.207,301.595
599,5,38,13.3506,451.196,310.504
600,5,39,13.0084,456.672,319.096
601,5,40,12.5714,463.81,328.197
602,5,41,13.2575,452.376,339.216
603,5,42,12.7749,460.579,348.856
604,5,43,12.583,463.906,357.17
605,5,44,12.2992,468.918,365.881
606,5,45,12.5697,464.051,374.591
607,5,46,12.23,470.279,383.819
608,5,47,12.2138,470.58,391.818
609,5,48,12.0113,474.428,400.335
610,5,49,12.5244,464.509,412.026
611,5,50,12.1893,471.098,421.721
612,5,51,11.9426,476.031,430.739
613,5,52,11.542,484.178,441.544
614,5,53,12.0173,474.354,453.651
615,5,54,11.6567,481.928,464.193
616,5,55,11.4688,485.937,473.051
617,5,56,11.2768,490.096,481.997
618,5,57,11.6272,482.388,492.962
619,5,58,11.2095,491.717,505.267
620,5,59,10.8723,499.359,516.272
621,5,60,10.5684,506.35,526.892
622,5,61,10.6935,503.429,535.609
623,5,62,10.4719,508.675,545.323
624,5,63,10.2881,513.085,554.661
625,5,64,10.1217,517.135,563.872
626,5,65,10.2882,513.027,573.146
627,5,66,10.0086,520.019,584.362
628,5,67,9.94816,521.549,592.822
629,5,68,9.85005,524.067,601.535
630,5,69,10.1106,517.293,612.878
631,5,70,10.0223,519.617,621.57
632,5,71,9.98124,520.713,629.969
633,5,72,9.87976,523.453,638.83
634,5,73,10.1721,515.463,651.941
635,5,74,10.1622,515.736,660.294
636,5,75,10.2586,513.038,669.208
637,5,76,10.2897,512.155,677.599
638,5,77,10.6402,502.108,694.222
639,5,78,10.6596,501.545,702.66
640,5,79,10.7189,499.805,711.317
641,5,80,10.8242,496.682,720.565
642,5,81,11.3003,482.4,745.667
643,5,82,11.4083,479.122,755.079
644,5,83,11.5071,476.094,764.391
645,5,84,11.6157,472.727,773.899
646,5,85,12.0221,459.992,795.132
647,5,86,12.0804,458.146,804.114
648,5,87,12.1414,456.195,813.127
649,5,88,12.2383,453.06,822.626
650,5,89,12.5894,441.592,841.636
651,5,90,12.6338,440.127,850.615
652,5,91,12.6967,438.032,859.768
653,5,92,12.7839,435.095,869.271
654,5,93,13.103,424.245,887.506
655,5,94,13.1426,422.885,896.54
656,5,95,13.2491,419.194,906.525
657,5,96,13.3535,415.54,916.514
658,5,97,13.703,403.192,937.612
659,5,98,13.7661,400.941,947.006
660,5,99,13.8294,398.662,956.415
661,5,100,13.8928,396.359,965.84
662,5,101,14.196,385.239,984.803
663,5,102,14.2002,385.084,993.879
664,5,103,14.244,383.449,1003.16
665,5,104,14.2649,382.662,1012.27
666,5,105,14.4685,374.926,1026.4
667,5,106,14.3836,378.179,1036.39
668,5,107,14.29,381.801,1046.62
669,5,108,14.2047,385.125,1056.69
670,5,109,14.273,382.441,1066.43
671,5,110,14.0971,389.418,1079.98
672,5,111,13.9132,396.774,1093.98
673,5,112,13.7781,402.222,1105.81
674,5,113,13.7585,403.019,1115.03
675,5,114,13.5465,411.712,1131.09
676,5,115,13.3392,420.281,1146.8
677,5,116,13.1364,428.728,1162.21
678,5,117,13.0266,433.339,1173.33
679,5,118,12.7839,443.617,1191.51
680,5,119,12.5433,453.882,1209.32
681,5,120,12.3624,461.658,1223.47
682,5,121,12.3766,461.046,1232.98
683,5,122,12.2351,467.222,1245.48
684,5,123,12.104,472.993,1257.62
685,5,124,12.0032,477.461,1268.73
686,5,125,12.0528,475.243,1278.64
687,6,15,13.3333,434,91.7284
688,6,16,12.0909,445.182,99.6747
689,6,17,18.6014,384.417,110.849
690,6,18,15,419.231,120.104
691,6,19,14.3077,426.154,128.127
692,6,20,13.25,437.083,136.228
693,6,21,16.8824,398.338,147.328
694,6,22,14.7304,422.01,156.646
695,6,23,14.5408,424.159,164.626
696,6,24,14.0175,430.263,172.669
697,6,25,16.1504,404.669,183.27
698,6,26,14.7922,421.42,192.502
699,6,27,14.5455,424.545,200.501
700,6,28,14.0909,430.455,208.622
701,6,29,15.7,409,219.7
702,6,30,14.7769,421.615,228.841
703,6,31,14.2667,428.759,237.226
704,6,32,13.9866,432.774,245.311
705,6,33,14.8413,420.238,254.89
706,6,34,14.1872,430.049,263.929
707,6,35,13.8865,434.659,272.124
708,6,36,13.6774,437.935,280.173
709,6,37,14.5638,423.754,291.16
710,6,38,14.0441,432.242,300.262
711,6,39,13.6409,438.961,308.992
712,6,40,13.1429,447.429,318.284
713,6,41,13.8353,435.427,329.088
714,6,42,13.2954,444.964,338.95
715,6,43,13.066,449.094,347.333
716,6,44,12.7429,455.017,356.159
717,6,45,13.0047,450.13,364.756
718,6,46,12.6272,457.303,374.139
719,6,47,12.5914,457.996,382.133
720,6,48,12.3618,462.51,390.736
721,6,49,12.8823,452.1,402.245
722,6,50,12.5165,459.539,412.104
723,6,51,12.2448,465.153,421.232
724,6,52,11.8143,474.194,432.219
725,6,53,12.2981,463.873,444.157
726,6,54,11.9112,472.255,454.852
727,6,55,11.7056,476.778,463.783
728,6,56,11.4968,481.441,472.804
729,6,57,11.8522,473.386,483.64
730,6,58,11.4103,483.551,496.103
731,6,59,11.0532,491.883,507.217
732,6,60,10.7316,499.494,517.925
733,6,61,10.8554,496.522,526.609
734,6,62,10.6203,502.243,536.39
735,6,63,10.4251,507.058,545.784
736,6,64,10.2484,511.476,555.045
737,6,65,10.4162,507.224,564.272
738,6,66,10.1232,514.745,575.554
739,6,67,10.0572,516.462,584.04
740,6,68,9.95248,519.219,592.786
741,6,69,10.2179,512.139,604.039
742,6,70,10.1237,514.684,612.762
743,6,71,10.0783,515.926,621.182
744,6,72,9.97087,518.897,630.077
745,6,73,10.2691,510.546,643.071
746,6,74,10.2561,510.915,651.435
747,6,75,10.3526,508.15,660.322
748,6,76,10.382,507.297,668.709
749,6,77,10.7396,496.807,685.169
750,6,78,10.7568,496.296,693.606
751,6,79,10.8151,494.547,702.245
752,6,80,10.9206,491.346,711.454
753,6,81,11.4067,476.44,736.318
754,6,82,11.5148,473.089,745.691
755,6,83,11.6133,470.002,754.965
756,6,84,11.722,466.56,764.429
757,6,85,12.136,453.314,785.48
758,6,86,12.1929,451.474,794.44
759,6,87,12.2526,449.523,803.429
760,6,88,12.3492,446.335,812.885
761,6,89,12.706,434.442,831.745
762,6,90,12.7487,433.004,840.705
763,6,91,12.8103,430.909,849.828
764,6,92,12.897,427.934,859.29
765,6,93,13.2207,416.71,877.393
766,6,94,13.2586,415.385,886.406
767,6,95,13.3649,411.63,896.339
768,6,96,13.469,407.915,906.277
769,6,97,13.8236,395.151,927.242
770,6,98,13.8854,392.903,936.602
771,6,99,13.9475,390.626,945.976
772,6,100,14.0098,388.323,955.365
773,6,101,14.3169,376.856,974.215
774,6,102,14.3187,376.789,983.284
775,6,103,14.361,375.182,992.539
776,6,104,14.38,374.456,1001.63
777,6,105,14.5853,366.516,1015.68
778,6,106,14.4964,369.981,1025.71
779,6,107,14.3987,373.825,1036
780,6,108,14.3097,377.355,1046.11
781,6,109,14.3773,374.654,1055.82
782,6,110,14.196,381.963,1069.47
783,6,111,14.0068,389.659,1083.59
784,6,112,13.8674,395.373,1095.48
785,6,113,13.8458,396.266,1104.72
786,6,114,13.6283,405.329,1120.88
787,6,115,13.4157,414.257,1136.68
788,6,116,13.208,423.053,1152.15
789,6,117,13.095,427.875,1163.31
790,6,118,12.8467,438.551,1181.55
791,6,119,12.6008,449.207,1199.41
792,6,120,12.4158,457.285,1213.59
793,6,121,12.4292,456.694,1223.1
794,6,122,12.2845,463.111,1235.62
795,6,123,12.1503,469.105,1247.79
796,6,124,12.047,473.752,1258.92
797,6,125,12.0967,471.497,1268.82
798,7,16,8.90909,486.545,91.2513
799,7,17,17.1818,403.818,102.679
800,7,18,13.2168,444.79,111.775
801,7,19,12.6923,450.385,119.822
802,7,20,11.7143,461.143,127.892
803,7,21,16.0357,412.167,139.153
804,7,22,13.7206,439.176,148.339
805,7,23,13.6275,440.294,156.357
806,7,24,13.1476,446.213,164.396
807,7,25,15.5965,415.193,175.113
808,7,26,14.1579,433.895,184.241
809,7,27,13.9481,436.693,192.257
810,7,28,13.5065,442.727,200.361
811,7,29,15.3063,417.53,211.531
812,7,30,14.3391,431.393,220.591
813,7,31,13.8231,438.962,228.943
814,7,32,13.5556,442.974,237.02
815,7,33,14.5055,428.409,246.69
816,7,34,13.8287,439.012,255.652
817,7,35,13.532,443.759,263.825
818,7,36,13.3326,447.016,271.862
819,7,37,14.2984,430.919,282.939
820,7,38,13.7628,440.024,291.969
821,7,39,13.3523,447.14,300.642
822,7,40,12.8419,456.157,309.842
823,7,41,13.591,442.672,320.74
824,7,42,13.0347,452.871,330.498
825,7,43,12.807,457.122,338.849
826,7,44,12.4806,463.324,347.613
827,7,45,12.7692,457.744,356.274
828,7,46,12.3846,465.308,365.57
829,7,47,12.3589,465.822,373.568
830,7,48,12.1295,470.487,382.118
831,7,49,12.685,459.006,393.735
832,7,50,12.3115,466.85,403.498
833,7,51,12.0369,472.708,412.555
834,7,52,11.5967,482.246,423.409
835,7,53,12.1103,470.946,435.46
836,7,54,11.7152,479.771,446.042
837,7,55,11.5092,484.44,454.918
838,7,56,11.2999,489.254,463.878
839,7,57,11.6769,480.456,474.813
840,7,58,11.2247,491.159,487.128
841,7,59,10.8612,499.884,498.124
842,7,60,10.5348,507.826,508.725
843,7,61,10.6703,504.483,517.454
844,7,62,10.4334,510.406,527.154
845,7,63,10.2379,515.358,536.477
846,7,64,10.0615,519.885,545.671
847,7,65,10.2414,515.209,554.966
848,7,66,9.94443,523.028,566.134
849,7,67,9.88207,524.691,574.592
850,7,68,9.77966,527.456,583.293
851,7,69,10.059,519.82,594.666
852,7,70,9.9668,522.372,603.35
853,7,71,9.92483,523.547,611.749
854,7,72,9.81881,526.551,620.595
855,7,73,10.1305,517.616,633.729
856,7,74,10.1212,517.886,642.089
857,7,75,10.2243,514.86,651.019
858,7,76,10.2582,513.854,659.421
859,7,77,10.6294,502.718,676.013
860,7,78,10.6502,502.089,684.461
861,7,79,10.713,500.163,693.126
862,7,80,10.8241,496.718,702.377
863,7,81,11.3257,481,727.304
864,7,82,11.4388,477.42,736.708
865,7,83,11.5419,474.122,746.011
866,7,84,11.6552,470.459,755.505
867,7,85,12.0813,456.538,776.541
868,7,86,12.141,454.569,785.519
869,7,87,12.2035,452.486,794.527
870,7,88,12.3036,449.114,804.004
871,7,89,12.6701,436.653,822.824
872,7,90,12.7147,435.123,831.798
873,7,91,12.7786,432.908,840.937
874,7,92,12.868,429.78,850.414
875,7,93,13.1999,418.053,868.459
876,7,94,13.2391,416.655,877.485
877,7,95,13.3481,412.728,887.426
878,7,96,13.455,408.846,897.37
879,7,97,13.8176,395.548,918.231
880,7,98,13.881,393.205,927.6
881,7,99,13.9445,390.833,936.982
882,7,100,14.0082,388.436,946.378
883,7,101,14.3218,376.517,965.134
884,7,102,14.3235,376.451,974.213
885,7,103,14.3666,374.786,983.476
886,7,104,14.3858,374.036,992.576
887,7,105,14.5952,365.801,1006.58
888,7,106,14.5044,369.404,1016.62
889,7,107,14.4045,373.397,1026.9
890,7,108,14.3137,377.061,1037.02
891,7,109,14.3824,374.265,1046.72
892,7,110,14.1976,381.842,1060.35
893,7,111,14.0048,389.814,1074.43
894,7,112,13.8628,395.729,1086.31
895,7,113,13.8409,396.65,1095.55
896,7,114,13.6194,406.025,1111.65
897,7,115,13.4031,415.254,1127.38
898,7,116,13.1918,424.34,1142.8
899,7,117,13.077,429.313,1153.94
900,7,118,12.8246,440.335,1172.09
901,7,119,12.5748,451.329,1189.86
902,7,120,12.387,459.654,1203.99
903,7,121,12.4012,459.021,1213.5
904,7,122,12.2544,465.625,1225.99
905,7,123,12.1184,471.79,1238.13
906,7,124,12.014,476.56,1249.23
907,7,125,12.0651,474.208,1259.15
908,8,17,16.9091,407.636,94.5397
909,8,18,12.2727,458.636,103.604
910,8,19,11.8182,463.788,111.73
911,8,20,10.8242,475.385,119.844
912,8,21,15.8901,414.593,131.062
913,8,22,13.2857,446.714,140.216
914,8,23,13.2353,447.353,148.3
915,8,24,12.7451,453.725,156.382
916,8,25,15.5108,416.849,167.069
917,8,26,13.9298,438.456,176.174
918,8,27,13.7218,441.368,184.236
919,8,28,13.2597,447.991,192.368
920,8,29,15.2456,418.865,203.492
921,8,30,14.1996,434.555,212.537
922,8,31,13.6522,442.949,220.902
923,8,32,13.3769,447.262,229.006
924,8,33,14.4137,430.674,238.688
925,8,34,13.6935,442.436,247.63
926,8,35,13.3853,447.573,255.818
927,8,36,13.1823,451.025,263.876
928,8,37,14.2225,432.994,274.933
929,8,38,13.6573,442.98,283.942
930,8,39,13.2276,450.713,292.603
931,8,40,12.6939,460.499,301.761
932,8,41,13.4958,445.529,312.663
933,8,42,12.9132,456.599,322.367
934,8,43,12.6795,461.116,330.718
935,8,44,12.3423,467.748,339.458
936,8,45,12.6535,461.525,348.158
937,8,46,12.2551,469.626,357.409
938,8,47,12.2345,470.051,365.427
939,8,48,12,474.976,373.957
940,8,49,12.5881,462.429,385.59
941,8,50,12.2018,470.8,395.297
942,8,51,11.9197,477.006,404.319
943,8,52,11.4651,487.159,415.076
944,8,53,12.0068,474.88,427.153
945,8,54,11.5992,484.254,437.656
946,8,55,11.3895,489.148,446.506
947,8,56,11.1765,494.188,455.434
948,8,57,11.5736,484.658,466.408
949,8,58,11.1077,495.995,478.602
950,8,59,10.7347,505.197,489.508
951,8,60,10.4007,513.545,500.027
952,8,61,10.5462,509.859,508.793
953,8,62,10.3052,516.045,518.437
954,8,63,10.1073,521.19,527.715
955,8,64,9.92935,525.877,536.866
956,8,65,10.12,520.794,546.209
957,8,66,9.81707,528.972,557.283
958,8,67,9.75688,530.617,565.732
959,8,68,9.65521,533.43,574.408
960,8,69,9.94762,525.242,585.847
961,8,70,9.85599,527.839,594.511
962,8,71,9.81616,528.98,602.906
963,8,72,9.71023,532.052,611.723
964,8,73,10.0347,522.536,624.923
965,8,74,10.0279,522.735,633.289
966,8,75,10.1368,519.468,642.253
967,8,76,10.1743,518.332,650.673
968,8,77,10.5585,506.55,667.294
969,8,78,10.5818,505.827,675.758
970,8,79,10.6483,503.745,684.446
971,8,80,10.7642,500.073,693.724
972,8,81,11.281,483.536,718.572
973,8,82,11.3983,479.743,727.994
974,8,83,11.5051,476.254,737.315
975,8,84,11.6223,472.386,746.824
976,8,85,12.0602,457.79,767.762
977,8,86,12.122,455.711,776.754
978,8,87,12.1865,453.517,785.775
979,8,88,12.2895,449.98,795.261
980,8,89,12.6653,436.953,813.985
981,8,90,12.7111,435.351,822.97
982,8,91,12.7766,433.037,832.118
983,8,92,12.8681,429.772,841.599
984,8,93,13.2077,417.546,859.546
985,8,94,13.2476,416.096,868.581
986,8,95,13.359,412.012,878.517
987,8,96,13.468,407.979,888.456
988,8,97,13.8384,394.15,909.176
989,8,98,13.9027,391.729,918.546
990,8,99,13.9671,389.28,927.93
991,8,100,14.0317,386.806,937.326
992,8,101,14.3515,374.44,955.961
993,8,102,14.3526,374.396,965.051
994,8,103,14.396,372.691,974.316
995,8,104,14.415,371.937,983.423
996,8,105,14.628,363.415,997.359
997,8,106,14.5347,367.179,1007.41
998,8,107,14.4323,371.344,1017.71
999,8,108,14.3391,375.165,1027.84
1000,8,109,14.4087,372.288,1037.54
1001,8,110,14.2198,380.159,1051.16
1002,8,111,14.0228,388.433,1065.22
1003,8,112,13.8778,394.572,1077.09
1004,8,113,13.8552,395.537,1086.34
1005,8,114,13.6293,405.249,1102.41
1006,8,115,13.4088,414.804,1118.1
1007,8,116,13.1935,424.205,1133.47
1008,8,117,13.0766,429.348,1144.61
1009,8,118,12.8197,440.739,1162.68
1010,8,119,12.5654,452.095,1180.38
1011,8,120,12.3745,460.687,1194.47
1012,8,121,12.3891,460.023,1203.99
1013,8,122,12.24,466.832,1216.46
1014,8,123,12.1019,473.184,1228.57
1015,8,124,11.996,478.094,1239.66
1016,8,125,12.0483,475.653,1249.58
1017,9,18,10.4848,485.455,95.263
1018,9,19,10.2727,488,103.473
1019,9,20,9.37063,499.126,111.627
1020,9,21,15.4396,422.253,122.871
1021,9,22,12.5275,460.11,131.976
1022,9,23,12.5714,459.524,140.129
1023,9,24,12.1029,465.926,148.253
1024,9,25,15.2696,421.593,158.947
1025,9,26,13.5397,446.388,168.017
1026,9,27,13.3509,449.158,176.125
1027,9,28,12.8797,456.226,184.281
1028,9,29,15.0909,422.32,195.39
1029,9,30,13.9639,439.977,204.41
1030,9,31,13.3893,449.17,212.783
1031,9,32,13.113,453.683,220.91
1032,9,33,14.2538,434.669,230.622
1033,9,34,13.4906,447.644,239.537
1034,9,35,13.1746,453.122,247.736
1035,9,36,12.9721,456.7,255.811
1036,9,37,14.0985,436.424,266.87
1037,9,38,13.5039,447.325,275.851
1038,9,39,13.0565,455.677,284.494
1039,9,40,12.5,466.25,293.602
1040,9,41,13.3623,449.579,304.524
1041,9,42,12.7532,461.557,314.167
1042,9,43,12.5154,466.314,322.516
1043,9,44,12.1686,473.366,331.228
1044,9,45,12.5059,466.394,339.973
1045,9,46,12.0943,475.038,349.173
1046,9,47,12.081,475.323,357.211
1047,9,48,11.8424,480.492,365.718
1048,9,49,12.4669,466.753,377.381
1049,9,50,12.0679,475.664,387.028
1050,9,51,11.7789,482.214,396.011
1051,9,52,11.3101,492.997,406.666
1052,9,53,11.8827,479.635,418.782
1053,9,54,11.4628,489.573,429.202
1054,9,55,11.25,494.681,438.023
1055,9,56,11.034,499.937,446.916
1056,9,57,11.4531,489.6,457.938
1057,9,58,10.9733,501.593,470.008
1058,9,59,10.591,511.28,480.821
1059,9,60,10.2497,520.038,491.255
1060,9,61,10.4064,515.965,500.061
1061,9,62,10.1616,522.411,509.647
1062,9,63,9.96176,527.74,518.877
1063,9,64,9.78264,532.577,527.982
1064,9,65,9.98509,527.043,537.378
1065,9,66,9.6764,535.583,548.356
1066,9,67,9.61894,537.192,556.795
1067,9,68,9.51848,540.039,565.445
1068,9,69,9.82496,531.253,576.959
1069,9,70,9.73433,533.881,585.602
1070,9,71,9.6971,534.973,593.992
1071,9,72,9.59158,538.104,602.779
1072,9,73,9.92963,527.962,616.054
1073,9,74,9.9259,528.075,624.427
1074,9,75,10.0411,524.542,633.427
1075,9,76,10.0825,523.26,641.867
1076,9,77,10.4805,510.79,658.528
1077,9,78,10.5067,509.959,667.008
1078,9,79,10.5771,507.705,675.719
1079,9,80,10.6983,503.788,685.028
1080,9,81,11.231,486.385,709.808
1081,9,82,11.3528,482.365,719.25
1082,9,83,11.4637,478.669,728.59
1083,9,84,11.5851,474.582,738.116
1084,9,85,12.0353,459.274,758.962
1085,9,86,12.0993,457.078,767.969
1086,9,87,12.166,454.765,777.003
1087,9,88,12.2722,451.051,786.499
1088,9,89,12.6576,437.43,805.131
1089,9,90,12.7047,435.752,814.128
1090,9,91,12.7719,433.332,823.286
1091,9,92,12.8657,429.923,832.773
1092,9,93,13.2134,417.175,850.623
1093,9,94,13.2541,415.669,859.668
1094,9,95,13.3679,411.421,869.601
1095,9,96,13.4792,407.229,879.535
1096,9,97,13.8577,392.846,900.116
1097,9,98,13.923,390.344,909.489
1098,9,99,13.9884,387.815,918.874
1099,9,100,14.0538,385.262,928.272
1100,9,101,14.3801,372.43,946.789
1101,9,102,14.3806,372.409,955.888
1102,9,103,14.4243,370.662,965.157
1103,9,104,14.4431,369.903,974.271
1104,9,105,14.66,361.084,988.144
1105,9,106,14.5641,365.015,998.211
1106,9,107,14.459,369.358,1008.52
1107,9,108,14.3634,373.341,1018.66
1108,9,109,14.4339,370.38,1028.36
1109,9,110,14.2408,378.555,1041.96
1110,9,111,14.0396,387.141,1056.01
1111,9,112,13.8914,393.51,1067.87
1112,9,113,13.8681,394.52,1077.14
1113,9,114,13.6378,404.58,1093.16
1114,9,115,13.413,414.47,1108.81
1115,9,116,13.1936,424.195,1124.13
1116,9,117,13.0746,429.511,1135.27
1117,9,118,12.813,441.282,1153.26
1118,9,119,12.5543,453.01,1170.89
1119,9,120,12.3602,461.876,1184.93
1120,9,121,12.3753,461.179,1194.47
1121,9,122,12.2239,468.197,1206.91
1122,9,123,12.0836,474.74,1218.99
1123,9,124,11.9762,479.792,1230.07
1124,9,125,12.0297,477.258,1240
1125,10,19,19.5758,339.152,91.2605
1126,10,20,16.8182,375,99.5342
1127,10,21,22.6573,297.145,110.132
1128,10,22,18.1868,358.242,120.097
1129,10,23,17.4286,368.857,128.133
1130,10,24,16.25,385.75,136.288
1131,10,25,19.2941,341.103,146.474
1132,10,26,16.8873,377.206,156.153
1133,10,27,16.3055,386.127,164.223
1134,10,28,15.4737,399.158,172.458
1135,10,29,17.6466,364.391,183.175
1136,10,30,16.1688,388.528,192.638
1137,10,31,15.3416,402.315,201.171
1138,10,32,14.8715,410.306,209.331
1139,10,33,15.9609,391.425,218.706
1140,10,34,15,408.4,227.955
1141,10,35,14.5436,416.615,236.232
1142,10,36,14.2247,422.462,244.333
1143,10,37,15.3421,401.604,255.109
1144,10,38,14.6207,415.31,264.383
1145,10,39,14.069,425.977,273.219
1146,10,40,13.4113,438.911,282.604
1147,10,41,14.2705,421.727,293.277
1148,10,42,13.5695,435.98,303.248
1149,10,43,13.2697,442.177,311.675
1150,10,44,12.8599,450.782,320.54
1151,10,45,13.1776,444.005,329.122
1152,10,46,12.7074,454.192,338.539
1153,10,47,12.6611,455.211,346.549
1154,10,48,12.3806,461.476,355.163
1155,10,49,13.0094,447.223,366.626
1156,10,50,12.5645,457.456,376.505
1157,10,51,12.2381,465.072,385.635
1158,10,52,11.7261,477.19,396.561
1159,10,53,12.3058,463.275,408.491
1160,10,54,11.8485,474.404,419.134
1161,10,55,11.6096,480.296,428.046
1162,10,56,11.3691,486.309,437.034
1163,10,57,11.7917,475.604,447.901
1164,10,58,11.2786,488.773,460.22
1165,10,59,10.8687,499.431,471.2
1166,10,60,10.5032,509.056,481.769
1167,10,61,10.6561,504.977,490.517
1168,10,62,10.3927,512.09,500.198
1169,10,63,10.1769,517.989,509.504
1170,10,64,9.98341,523.341,518.676
1171,10,65,10.1859,517.671,527.999
1172,10,66,9.85935,526.924,539.092
1173,10,67,9.7936,528.809,547.554
1174,10,68,9.68381,531.992,556.243
1175,10,69,9.995,522.864,567.642
1176,10,70,9.89582,525.806,576.322
1177,10,71,9.85218,527.116,584.729
1178,10,72,9.73838,530.568,593.559
1179,10,73,10.0824,520.017,606.698
1180,10,74,10.0739,520.282,615.074
1181,10,75,10.1881,516.704,624.026
1182,10,76,10.2263,515.494,632.448
1183,10,77,10.6318,502.519,648.945
1184,10,78,10.6544,501.788,657.411
1185,10,79,10.7226,499.559,666.089
1186,10,80,10.8431,495.584,675.34
1187,10,81,11.3866,477.466,699.924
1188,10,82,11.5075,473.396,709.311
1189,10,83,11.6172,469.666,718.598
1190,10,84,11.7377,465.528,728.065
1191,10,85,12.1958,449.649,748.756
1192,10,86,12.2572,447.498,757.728
1193,10,87,12.3216,445.223,766.725
1194,10,88,12.4265,441.482,776.166
1195,10,89,12.8177,427.397,794.666
1196,10,90,12.862,425.788,803.634
1197,10,91,12.927,423.404,812.752
1198,10,92,13.0194,419.987,822.185
1199,10,93,13.3717,406.835,839.919
1200,10,94,13.4096,405.406,848.934
1201,10,95,13.5224,401.119,858.804
1202,10,96,13.6327,396.891,868.675
1203,10,97,14.0163,382.058,889.154
1204,10,98,14.0795,379.594,898.484
1205,10,99,14.1429,377.101,907.826
1206,10,100,14.2064,374.582,917.178
1207,10,101,14.5364,361.382,935.602
1208,10,102,14.5336,361.496,944.69
1209,10,103,14.5749,359.814,953.923
1210,10,104,14.591,359.156,963.015
1211,10,105,14.8093,350.133,976.8
1212,10,106,14.7083,354.339,986.929
1213,10,107,14.5982,358.966,997.306
1214,10,108,14.4978,363.214,1007.51
1215,10,109,14.5671,360.26,1017.16
1216,10,110,14.3675,368.841,1030.92
1217,10,111,14.1598,377.84,1045.11
1218,10,112,14.0065,384.535,1057.07
1219,10,113,13.9805,385.678,1066.34
1220,10,114,13.7436,396.181,1082.51
1221,10,115,13.5126,406.5,1098.29
1222,10,116,13.2873,416.639,1113.72
1223,10,117,13.1643,422.213,1124.91
1224,10,118,12.8963,434.453,1143
1225,10,119,12.6314,446.639,1160.7
1226,10,120,12.4323,455.862,1174.8
1227,10,121,12.4465,455.202,1184.33
1228,10,122,12.2911,462.506,1196.81
1229,10,123,12.1472,469.315,1208.93
1230,10,124,12.0368,474.58,1220.04
1231,10,125,12.0902,472.016,1229.96
1232,11,20,11.9394,457.939,90.2935
1233,11,21,19.7273,348.909,101.549
1234,11,22,15,416.667,111.116
1235,11,23,14.6154,422.308,119.096
1236,11,24,13.6703,436.484,127.109
1237,11,25,17.4643,378.31,137.741
1238,11,26,14.9853,417.147,147.124
1239,11,27,14.5588,423.971,155.12
1240,11,28,13.8287,435.896,163.217
1241,11,29,16.4035,392.982,174.337
1242,11,30,14.9023,418.504,183.572
1243,11,31,14.1169,432.117,191.96
1244,11,32,13.7154,439.209,200.023
1245,11,33,15,416.087,209.654
1246,11,34,14.0391,433.703,218.706
1247,11,35,13.6231,441.469,226.872
1248,11,36,13.3504,446.65,234.881
1249,11,37,14.6154,422.194,245.991
1250,11,38,13.8944,436.374,255.091
1251,11,39,13.3547,447.167,263.779
1252,11,40,12.7008,460.463,272.977
1253,11,41,13.6613,440.613,283.948
1254,11,42,12.9545,455.455,293.729
1255,11,43,12.6738,461.444,302.058
1256,11,44,12.275,470.084,310.784
1257,11,45,12.6443,461.961,319.481
1258,11,46,12.1776,472.383,328.737
1259,11,47,12.1574,472.84,336.713
1260,11,48,11.8886,479.023,345.206
1261,11,49,12.5749,463.009,356.987
1262,11,50,12.1295,473.552,366.708
1263,11,51,11.8084,481.258,375.706
1264,11,52,11.2924,493.812,386.452
1265,11,53,11.9194,478.348,398.691
1266,11,54,11.4588,489.863,409.174
1267,11,55,11.2266,495.744,417.981
1268,11,56,10.9923,501.758,426.859
1269,11,57,11.4489,489.887,437.955
1270,11,58,10.9287,503.586,450.102
1271,11,59,10.5163,514.582,460.93
1272,11,60,10.1503,524.464,471.355
1273,11,61,10.3231,519.742,480.17
1274,11,62,10.0623,526.956,489.731
1275,11,63,9.85083,532.878,498.927
1276,11,64,9.66228,538.22,507.994
1277,11,65,9.88384,531.869,517.434
1278,11,66,9.55639,541.365,528.388
1279,11,67,9.49896,543.049,536.794
1280,11,68,9.39555,546.117,545.404
1281,11,69,9.72706,536.172,557.043
1282,11,70,9.63351,539.01,565.652
1283,11,71,9.59704,540.128,574.015
1284,11,72,9.4878,543.514,582.764
1285,11,73,9.85071,532.143,596.199
1286,11,74,9.84913,532.193,604.554
1287,11,75,9.97378,528.205,613.572
1288,11,76,10.0196,526.722,622.005
1289,11,77,10.4434,512.88,638.833
1290,11,78,10.4722,511.929,647.304
1291,11,79,10.5477,509.412,656.014
1292,11,80,10.6766,505.073,665.332
1293,11,81,11.2401,485.913,690.242
1294,11,82,11.3684,481.508,699.679
1295,11,83,11.4849,477.468,709.011
1296,11,84,11.6123,473.011,718.528
1297,11,85,12.0859,456.276,739.348
1298,11,86,12.1519,453.923,748.344
1299,11,87,12.2207,451.447,757.366
1300,11,88,12.3308,447.444,766.842
1301,11,89,12.7344,432.646,785.398
1302,11,90,12.7819,430.89,794.384
1303,11,91,12.8505,428.328,803.524
1304,11,92,12.947,424.695,812.984
1305,11,93,13.3095,410.919,830.734
1306,11,94,13.3498,409.373,839.766
1307,11,95,13.4667,404.854,849.659
1308,11,96,13.5808,400.402,859.553
1309,11,97,13.9744,384.92,879.995
1310,11,98,14.04,382.319,889.342
1311,11,99,14.1057,379.691,898.699
1312,11,100,14.1715,377.039,908.066
1313,11,101,14.5095,363.294,926.444
1314,11,102,14.5072,363.387,935.543
1315,11,103,14.55,361.618,944.789
1316,11,104,14.5669,360.913,953.893
1317,11,105,14.7903,351.53,967.66
1318,11,106,14.6877,355.875,977.78
1319,11,107,14.5757,360.654,988.144
1320,11,108,14.4737,365.038,998.337
1321,11,109,14.5448,361.956,1008
1322,11,110,14.3417,370.825,1021.7
1323,11,111,14.1305,380.121,1035.84
1324,11,112,13.9747,387.026,1047.76
1325,11,113,13.9488,388.181,1057.03
1326,11,114,13.708,399.02,1073.12
1327,11,115,13.4733,409.661,1088.81
1328,11,116,13.2444,420.111,1104.16
1329,11,117,13.12,425.836,1115.32
1330,11,118,12.8478,438.447,1133.31
1331,11,119,12.5789,450.995,1150.9
1332,11,120,12.3772,460.475,1164.93
1333,11,121,12.3926,459.746,1174.48
1334,11,122,12.2354,467.241,1186.91
1335,11,123,12.09,474.221,1198.99
1336,11,124,11.9786,479.604,1210.06
1337,11,125,12.0339,476.91,1220
1338,12,21,20,344,93.512
1339,12,22,14.3636,428.545,103.028
1340,12,23,14.021,433.8,111.096
1341,12,24,13.022,449.451,119.163
1342,12,25,17.4505,378.593,129.747
1343,12,26,14.6429,424.452,139.089
1344,12,27,14.2059,431.735,147.141
1345,12,28,13.4314,444.902,155.267
1346,12,29,16.3364,394.548,166.334
1347,12,30,14.6842,423.737,175.54
1348,12,31,13.8421,438.895,183.937
1349,12,32,13.4286,446.476,192.026
1350,12,33,14.856,419.831,201.68
1351,12,34,13.8241,439.437,210.698
1352,12,35,13.3913,447.804,218.876
1353,12,36,13.1154,453.231,226.905
1354,12,37,14.4957,425.624,238.004
1355,12,38,13.7302,441.19,247.07
1356,12,39,13.1637,452.898,255.736
1357,12,40,12.4778,467.3,264.879
1358,12,41,13.5172,445.126,275.865
1359,12,42,12.7742,461.226,285.577
1360,12,43,12.4872,467.54,293.903
1361,12,44,12.0755,476.734,302.598
1362,12,45,12.4782,467.606,311.343
1363,12,46,11.9944,478.734,320.543
1364,12,47,11.9833,478.994,328.542
1365,12,48,11.7093,485.477,337.01
1366,12,49,12.4412,467.912,348.821
1367,12,50,11.9798,479.14,358.476
1368,12,51,11.6501,487.272,367.432
1369,12,52,11.1167,500.606,378.068
1370,12,53,11.7819,483.756,390.348
1371,12,54,11.3063,495.963,400.743
1372,12,55,11.0705,502.094,409.521
1373,12,56,10.8327,508.356,418.363
1374,12,57,11.3161,495.465,429.51
1375,12,58,10.7794,509.956,441.526
1376,12,59,10.3561,521.527,452.257
1377,12,60,9.98163,531.886,462.594
1378,12,61,10.1681,526.666,471.454
1379,12,62,9.90317,534.171,480.955
1380,12,63,9.68966,540.292,490.103
1381,12,64,9.50008,545.789,499.125
1382,12,65,9.73585,538.874,508.624
1383,12,66,9.40188,548.781,519.479
1384,12,67,9.34792,550.4,527.877
1385,12,68,9.24618,553.486,536.463
1386,12,69,9.59427,542.812,548.181
1387,12,70,9.50205,545.67,556.771
1388,12,71,9.46874,546.714,565.131
1389,12,72,9.36013,550.153,573.852
1390,12,73,9.73886,538.034,587.363
1391,12,74,9.74078,537.972,595.728
1392,12,75,9.87271,533.662,604.784
1393,12,76,9.92308,532,613.238
1394,12,77,10.3626,517.349,630.099
1395,12,78,10.3947,516.269,638.588
1396,12,79,10.4747,513.549,647.323
1397,12,80,10.6094,508.923,656.67
1398,12,81,11.191,488.763,681.494
1399,12,82,11.3243,484.097,690.95
1400,12,83,11.4453,479.822,700.301
1401,12,84,11.5772,475.117,709.833
1402,12,85,12.0646,457.571,730.549
1403,12,86,12.1329,455.09,739.559
1404,12,87,12.204,452.483,748.595
1405,12,88,12.3174,448.285,758.08
1406,12,89,12.7317,432.818,776.535
1407,12,90,12.7804,430.983,785.532
1408,12,91,12.8508,428.309,794.682
1409,12,92,12.9496,424.52,804.146
1410,12,93,13.3209,410.164,821.793
1411,12,94,13.3619,408.564,830.834
1412,12,95,13.4813,403.868,840.723
1413,12,96,13.5978,399.248,850.611
1414,12,97,14.0002,383.153,870.909
1415,12,98,14.0667,380.471,880.257
1416,12,99,14.1333,377.763,889.615
1417,12,100,14.1999,375.032,898.983
1418,12,101,14.5448,360.777,917.239
1419,12,102,14.5416,360.906,926.348
1420,12,103,14.5846,359.101,935.597
1421,12,104,14.6012,358.401,944.708
1422,12,105,14.8286,348.697,958.41
1423,12,106,14.723,353.239,968.546
1424,12,107,14.6079,358.225,978.923
1425,12,108,14.5032,362.797,989.128
1426,12,109,14.5752,359.631,998.783
1427,12,110,14.3673,368.844,1012.48
1428,12,111,14.1513,378.493,1026.6
1429,12,112,13.9921,385.659,1038.52
1430,12,113,13.9654,386.87,1047.8
1431,12,114,13.7195,398.097,1063.85
1432,12,115,13.48,409.113,1079.5
1433,12,116,13.2467,419.923,1094.81
1434,12,117,13.1199,425.843,1105.96
1435,12,118,12.8426,438.874,1123.87
1436,12,119,12.5689,451.833,1141.4
1437,12,120,12.3636,461.615,1155.38
1438,12,121,12.3796,460.851,1164.94
1439,12,122,12.2197,468.576,1177.34
1440,12,123,12.072,475.765,1189.4
1441,12,124,11.959,481.304,1200.46
1442,12,125,12.0156,478.508,1210.41
1443,13,22,12.303,467.697,94.6902
1444,13,23,12.2727,468.182,102.841
1445,13,24,11.3986,482.459,110.937
1446,13,25,16.7582,393.132,121.616
1447,13,26,13.6484,446,130.854
1448,13,27,13.2857,452.286,138.948
1449,13,28,12.5294,465.647,147.078
1450,13,29,15.8824,405.294,158.204
1451,13,30,14.097,438.025,167.336
1452,13,31,13.2281,454.246,175.715
1453,13,32,12.8346,461.722,183.815
1454,13,33,14.4545,430.403,193.551
1455,13,34,13.3653,451.824,202.501
1456,13,35,12.9348,460.435,210.673
1457,13,36,12.6739,465.739,218.707
1458,13,37,14.2,434.2,229.868
1459,13,38,13.3983,451.036,238.872
1460,13,39,12.8144,463.492,247.494
1461,13,40,12.1045,478.872,256.553
1462,13,41,13.2414,453.862,267.614
1463,13,42,12.4672,471.152,277.231
1464,13,43,12.1815,477.629,285.539
1465,13,44,11.7632,487.249,294.185
1466,13,45,12.2092,476.842,302.999
1467,13,46,11.7128,488.591,312.123
1468,13,47,11.7171,488.487,320.139
1469,13,48,11.4427,495.163,328.567
1470,13,49,12.2285,475.78,340.463
1471,13,50,11.754,487.643,350.033
1472,13,51,11.419,496.13,358.932
1473,13,52,10.8705,510.207,369.44
1474,13,53,11.5801,491.758,381.811
1475,13,54,11.0915,504.626,392.102
1476,13,55,10.8547,510.939,400.838
1477,13,56,10.6159,517.387,409.633
1478,13,57,11.1304,503.324,420.865
1479,13,58,10.5785,518.595,432.737
1480,13,59,10.1457,530.712,443.358
1481,13,60,9.76444,541.515,453.596
1482,13,61,9.96735,535.698,462.508
1483,13,62,9.69988,543.455,471.94
1484,13,63,9.48597,549.729,481.03
1485,13,64,9.29694,555.337,489.998
1486,13,65,9.54927,547.767,499.57
1487,13,66,9.20983,558.063,510.317
1488,13,67,9.16089,559.564,518.701
1489,13,68,9.0622,562.624,527.255
1490,13,69,9.42896,551.132,539.085
1491,13,70,9.33926,553.972,547.65
1492,13,71,9.31034,554.898,556.003
1493,13,72,9.20339,558.356,564.688
1494,13,73,9.59968,545.41,578.314
1495,13,74,9.60615,545.197,586.686
1496,13,75,9.74654,540.517,595.788
1497,13,76,9.80243,538.636,604.264
1498,13,77,10.2592,523.106,621.203
1499,13,78,10.2954,521.863,629.709
1500,13,79,10.3807,518.905,638.472
1501,13,80,10.5222,513.953,647.857
1502,13,81,11.1231,492.72,672.647
1503,13,82,11.2622,487.761,682.129
1504,13,83,11.3883,483.219,691.502
1505,13,84,11.5255,478.235,701.056
1506,13,85,12.0276,459.824,721.696
1507,13,86,12.0988,457.192,730.722
1508,13,87,12.1727,454.432,739.774
1509,13,88,12.29,450.015,749.273
1510,13,89,12.7157,433.837,767.645
1511,13,90,12.7661,431.905,776.656
1512,13,91,12.8386,429.101,785.817
1513,13,92,12.9402,425.138,795.29
1514,13,93,13.3209,410.164,812.848
1515,13,94,13.3629,408.498,821.9
1516,13,95,13.4852,403.609,831.789
1517,13,96,13.6043,398.802,841.676
1518,13,97,14.016,382.06,861.84
1519,13,98,14.0837,379.286,871.193
1520,13,99,14.1514,376.486,880.555
1521,13,100,14.2191,373.665,889.927
1522,13,101,14.5713,358.872,908.068
1523,13,102,14.5676,359.032,917.188
1524,13,103,14.6109,357.182,926.442
1525,13,104,14.6273,356.48,935.562
1526,13,105,14.859,346.437,949.204
1527,13,106,14.7505,351.175,959.352
1528,13,107,14.6324,356.371,969.739
1529,13,108,14.525,361.132,979.953
1530,13,109,14.598,357.871,989.605
1531,13,110,14.3855,367.435,1003.29
1532,13,111,14.1647,377.442,1017.38
1533,13,112,14.002,384.872,1029.29
1534,13,113,13.9746,386.134,1038.59
1535,13,114,13.7238,397.757,1054.58
1536,13,115,13.4796,409.153,1070.19
1537,13,116,13.2418,420.33,1085.45
1538,13,117,13.1126,426.444,1096.58
1539,13,118,12.8302,439.902,1114.42
1540,13,119,12.5516,453.278,1131.86
1541,13,120,12.3429,463.365,1145.8
1542,13,121,12.3595,462.558,1155.37
1543,13,122,12.1971,470.514,1167.74
1544,13,123,12.0471,477.913,1179.77
1545,13,124,11.9325,483.605,1190.82
1546,13,125,11.9907,480.698,1200.78
1547,14,23,18.4242,345.152,93.032
1548,14,24,16.2727,381.727,101.257
1549,14,25,21.7133,287.424,111.338
1550,14,26,17.3626,364.286,121.125
1551,14,27,16.4176,381.297,129.275
1552,14,28,15.1429,404.667,137.532
1553,14,29,18.5882,340.353,148.19
1554,14,30,16.2745,384.314,157.687
1555,14,31,15.0671,407.657,166.229
1556,14,32,14.4386,420.018,174.404
1557,14,33,16.0602,387.586,183.846
1558,14,34,14.7143,414.952,193.049
1559,14,35,14.122,427.194,201.314
1560,14,36,13.7352,435.316,209.406
1561,14,37,15.3,401.933,220.258
1562,14,38,14.3462,422.6,229.472
1563,14,39,13.6444,438.038,238.24
1564,14,40,12.8205,456.439,247.475
1565,14,41,13.9874,429.989,258.287
1566,14,42,13.1084,450.207,268.1
1567,14,43,12.7608,458.316,276.481
1568,14,44,12.2782,469.738,285.231
1569,14,45,12.7199,459.137,293.942
1570,14,46,12.1624,472.703,303.195
1571,14,47,12.1406,473.242,311.218
1572,14,48,11.8263,481.098,319.724
1573,14,49,12.6345,460.625,331.408
1574,14,50,12.1124,474.026,341.108
1575,14,51,11.7409,483.684,350.097
1576,14,52,11.1478,499.303,360.728
1577,14,53,11.879,479.804,372.908
1578,14,54,11.3519,494.035,383.305
1579,14,55,11.0915,501.153,392.102
1580,14,56,10.8306,508.372,400.954
1581,14,57,11.3587,493.584,412.052
1582,14,58,10.7721,510.206,424.016
1583,14,59,10.3121,523.393,434.702
1584,14,60,9.90749,535.125,444.992
1585,14,61,10.1129,529.1,453.879
1586,14,62,9.82857,537.535,463.355
1587,14,63,9.60096,544.363,472.484
1588,14,64,9.4,550.459,481.486
1589,14,65,9.65807,542.545,491.016
1590,14,66,9.30173,553.591,501.796
1591,14,67,9.24757,555.288,510.203
1592,14,68,9.14214,558.627,518.783
1593,14,69,9.51914,546.563,530.521
1594,14,70,9.42313,549.667,539.112
1595,14,71,9.39032,550.739,547.484
1596,14,72,9.27703,554.477,556.196
1597,14,73,9.68408,540.909,569.699
1598,14,74,9.688,540.777,578.083
1599,14,75,9.83027,535.94,587.161
1600,14,76,9.88527,534.052,595.637
1601,14,77,10.3537,517.812,612.395
1602,14,78,10.3881,516.608,620.903
1603,14,79,10.4732,513.601,629.653
1604,14,80,10.6162,508.503,639.002
1605,14,81,11.232,486.332,663.512
1606,14,82,11.3719,481.248,672.958
1607,14,83,11.4986,476.606,682.299
1608,14,84,11.6365,471.502,691.814
1609,14,85,12.1495,452.35,712.247
1610,14,86,12.2192,449.723,721.256
1611,14,87,12.2919,446.962,730.289
1612,14,88,12.4091,442.469,739.751
1613,14,89,12.8429,425.695,757.956
1614,14,90,12.8913,423.807,766.952
1615,14,91,12.9625,421.008,776.09
1616,14,92,13.0635,417,785.528
1617,14,93,13.4507,401.515,802.938
1618,14,94,13.4905,399.907,811.975
1619,14,95,13.6126,394.942,821.817
1620,14,96,13.7316,390.064,831.656
1621,14,97,14.15,372.768,851.666
1622,14,98,14.2161,370.014,860.992
1623,14,99,14.2824,367.232,870.325
1624,14,100,14.3486,364.428,879.667
1625,14,101,14.7059,349.184,897.679
1626,14,102,14.699,349.48,906.798
1627,14,103,14.7404,347.685,916.031
1628,14,104,14.7543,347.081,925.141
1629,14,105,14.9883,336.784,938.689
1630,14,106,14.8747,341.821,948.889
1631,14,107,14.7514,347.325,959.332
1632,14,108,14.6393,352.372,969.596
1633,14,109,14.7114,349.103,979.214
1634,14,110,14.4922,359.115,993.002
1635,14,111,14.2647,369.576,1007.19
1636,14,112,14.0967,377.361,1019.17
1637,14,113,14.0668,378.755,1028.47
1638,14,114,13.8092,390.865,1044.55
1639,14,115,13.5585,402.73,1060.22
1640,14,116,13.3146,414.358,1075.54
1641,14,117,13.1815,420.744,1086.71
1642,14,118,12.8925,434.714,1104.58
1643,14,119,12.6074,448.589,1122.04
1644,14,120,12.3938,459.057,1136
1645,14,121,12.4097,458.271,1145.57
1646,14,122,12.2434,466.528,1157.96
1647,14,123,12.0899,474.206,1170.01
1648,14,124,11.9724,480.117,1181.07
1649,14,125,12.0309,477.155,1191.02
1650,15,24,10.9697,493.091,91.8444
1651,15,25,18.3636,360,102.541
1652,15,26,13.8462,442.821,111.941
1653,15,27,13.2967,453.077,120.005
1654,15,28,12.2857,472.286,128.097
1655,15,29,16.5714,389.429,139.278
1656,15,30,14.2206,435.662,148.498
1657,15,31,13.1127,457.819,156.87
1658,15,32,12.6316,467.602,164.937
1659,15,33,14.614,426.632,174.704
1660,15,34,13.2782,454.684,183.677
1661,15,35,12.7662,465.606,191.82
1662,15,36,12.4675,472.078,199.813
1663,15,37,14.2787,432.233,211.074
1664,15,38,13.3304,453.41,220.094
1665,15,39,12.6538,468.746,228.697
1666,15,40,11.8427,487.402,237.725
1667,15,41,13.1685,456.467,248.897
1668,15,42,12.2852,477.373,258.503
1669,15,43,11.9704,484.926,266.782
1670,15,44,11.5083,496.171,275.385
1671,15,45,12.0282,483.347,284.241
1672,15,46,11.4791,497.075,293.322
1673,15,47,11.4973,496.613,301.319
1674,15,48,11.2024,504.182,309.699
1675,15,49,12.0924,481.042,321.754
1676,15,50,11.5714,494.762,331.287
1677,15,51,11.2091,504.424,340.139
1678,15,52,10.6128,520.525,350.576
1679,15,53,11.4089,498.764,363.111
1680,15,54,10.879,513.425,373.34
1681,15,55,10.6289,520.427,382.031
1682,15,56,10.3776,527.547,390.773
1683,15,57,10.9514,511.099,402.131
1684,15,58,10.3566,528.348,413.911
1685,15,59,9.8946,541.9,424.439
1686,15,60,9.4906,553.885,434.58
1687,15,61,9.72248,546.929,443.553
1688,15,62,9.44257,555.419,452.907
1689,15,63,9.22143,562.201,461.926
1690,15,64,9.02761,568.209,470.824
1691,15,65,9.31041,559.348,480.495
1692,15,66,8.95373,570.643,491.13
1693,15,67,8.91066,572.021,499.489
1694,15,68,8.8138,575.153,507.994
1695,15,69,9.21645,562,520.002
1696,15,70,9.12782,564.925,528.528
1697,15,71,9.10423,565.711,536.864
1698,15,72,8.99689,569.325,545.499
1699,15,73,9.42724,554.693,559.32
1700,15,74,9.43984,554.26,567.692
1701,15,75,9.59492,548.884,576.847
1702,15,76,9.65929,546.631,585.342
1703,15,77,10.1498,529.301,602.429
1704,15,78,10.1916,527.808,610.948
1705,15,79,10.2854,524.432,619.736
1706,15,80,10.4384,518.875,629.155
1707,15,81,11.0779,495.425,653.952
1708,15,82,11.2265,489.928,663.449
1709,15,83,11.361,484.906,672.835
1710,15,84,11.5068,479.414,682.399
1711,15,85,12.0379,459.232,702.929
1712,15,86,12.1127,456.365,711.963
1713,15,87,12.1902,453.366,721.02
1714,15,88,12.3134,448.564,730.516
1715,15,89,12.7613,430.945,748.753
1716,15,90,12.8131,428.89,757.768
1717,15,91,12.8882,425.888,766.928
1718,15,92,12.9937,421.631,776.39
1719,15,93,13.3924,405.418,793.797
1720,15,94,13.4347,403.683,802.851
1721,15,95,13.5612,398.455,812.714
1722,15,96,13.6843,393.325,822.572
1723,15,97,14.114,375.278,842.527
1724,15,98,14.1825,372.377,851.867
1725,15,99,14.2511,369.451,861.216
1726,15,100,14.3196,366.505,870.571
1727,15,101,14.6858,350.638,888.524
1728,15,102,14.6792,350.925,897.654
1729,15,103,14.722,349.043,906.9
1730,15,104,14.7366,348.397,916.021
1731,15,105,14.9761,337.697,929.545
1732,15,106,14.8603,342.909,939.739
1733,15,107,14.7347,348.602,950.172
1734,15,108,14.6205,353.816,960.428
1735,15,109,14.6946,350.41,970.057
1736,15,110,14.4711,360.764,983.791
1737,15,111,14.2394,371.576,997.92
1738,15,112,14.0685,379.609,1009.86
1739,15,113,14.0386,381.025,1019.18
1740,15,114,13.7764,393.525,1035.17
1741,15,115,13.5214,405.764,1050.76
1742,15,116,13.2734,417.751,1065.99
1743,15,117,13.1385,424.313,1077.14
1744,15,118,12.8448,438.708,1094.9
1745,15,119,12.5552,452.995,1112.26
1746,15,120,12.3385,463.757,1126.16
1747,15,121,12.3557,462.893,1135.74
1748,15,122,12.1874,471.367,1148.08
1749,15,123,12.0321,479.237,1160.09
1750,15,124,11.9135,485.282,1171.12
1751,15,125,11.9741,482.172,1181.09
1752,16,25,18.6667,353.333,94.4136
1753,16,26,13.2727,455.818,103.791
1754,16,27,12.7273,466.364,111.939
1755,16,28,11.6484,487.582,120.086
1756,16,29,16.6374,387.802,131.182
1757,16,30,13.9643,442.155,140.39
1758,16,31,12.75,467.25,148.79
1759,16,32,12.2549,477.647,156.902
1760,16,33,14.4995,429.763,166.678
1761,16,34,13.0351,461.491,175.634
1762,16,35,12.4962,473.346,183.805
1763,16,36,12.1948,480.078,191.832
1764,16,37,14.1954,434.732,203.053
1765,16,38,13.1719,458.271,212.054
1766,16,39,12.4522,475.065,220.651
1767,16,40,11.5923,495.415,229.638
1768,16,41,13.0393,460.687,240.801
1769,16,42,12.1001,483.541,250.353
1770,16,43,11.7761,491.533,258.642
1771,16,44,11.2956,503.547,267.228
1772,16,45,11.8643,489.139,276.13
1773,16,46,11.2903,503.871,285.17
1774,16,47,11.3215,503.061,293.199
1775,16,48,11.0194,511.016,301.568
1776,16,49,11.9725,485.6,313.623
1777,16,50,11.4286,500.286,323.105
1778,16,51,11.0541,510.523,331.93
1779,16,52,10.4339,527.681,342.271
1780,16,53,11.2813,503.952,354.818
1781,16,54,10.7308,519.551,364.973
1782,16,55,10.4756,526.866,373.648
1783,16,56,10.2195,534.293,382.368
1784,16,57,10.8281,516.44,393.756
1785,16,58,10.2114,534.736,405.419
1786,16,59,9.73502,549.027,415.862
1787,16,60,9.32016,561.612,425.928
1788,16,61,9.56953,553.964,434.946
1789,16,62,9.28423,562.809,444.254
1790,16,63,9.06046,569.82,453.237
1791,16,64,8.86531,576,462.102
1792,16,65,9.16591,566.381,471.828
1793,16,66,8.8009,578.183,482.376
1794,16,67,8.76206,579.451,490.736
1795,16,68,8.66715,582.583,499.229
1796,16,69,9.09015,568.484,511.299
1797,16,70,9.00289,571.421,519.817
1798,16,71,8.98291,572.1,528.159
1799,16,72,8.87607,575.769,536.776
1800,16,73,9.32542,560.191,550.644
1801,16,74,9.34191,559.614,559.031
1802,16,75,9.50542,553.837,568.221
1803,16,76,9.57483,551.361,576.74
1804,16,77,10.0839,533.036,593.813
1805,16,78,10.1291,531.391,602.351
1806,16,79,10.2278,527.774,611.162
1807,16,80,10.3872,521.874,620.603
1808,16,81,11.0477,497.217,645.248
1809,16,82,11.2016,491.42,654.756
1810,16,83,11.3408,486.13,664.154
1811,16,84,11.4914,480.357,673.726
1812,16,85,12.0381,459.217,694.114
1813,16,86,12.115,456.218,703.158
1814,16,87,12.1947,453.085,712.225
1815,16,88,12.3211,448.072,721.723
1816,16,89,12.7809,429.679,739.834
1817,16,90,12.8336,427.554,748.859
1818,16,91,12.91,424.444,758.024
1819,16,92,13.0178,420.027,767.485
1820,16,93,13.4261,403.151,784.771
1821,16,94,13.4686,401.379,793.832
1822,16,95,13.5974,395.969,803.684
1823,16,96,13.7227,390.666,813.53
1824,16,97,14.1619,371.926,833.326
1825,16,98,14.2309,368.957,842.665
1826,16,99,14.3,365.965,852.011
1827,16,100,14.369,362.953,861.364
1828,16,101,14.7425,346.518,879.184
1829,16,102,14.7345,346.874,888.325
1830,16,103,14.777,344.976,897.571
1831,16,104,14.7906,344.362,906.699
1832,16,105,15.0343,333.315,920.15
1833,16,106,14.9146,338.779,930.365
1834,16,107,14.7852,344.735,940.819
1835,16,108,14.6674,350.19,951.094
1836,16,109,14.742,346.707,960.715
1837,16,110,14.5129,357.478,974.457
1838,16,111,14.2755,368.714,988.585
1839,16,112,14.1003,377.065,1000.53
1840,16,113,14.0691,378.561,1009.86
1841,16,114,13.801,391.522,1025.83
1842,16,115,13.5404,404.203,1041.39
1843,16,116,13.2871,416.614,1056.59
1844,16,117,13.1494,423.41,1067.73
1845,16,118,12.8497,438.294,1085.44
1846,16,119,12.5544,453.058,1102.73
1847,16,120,12.3336,464.172,1116.6
1848,16,121,12.3513,463.275,1126.18
1849,16,122,12.1799,472.017,1138.51
1850,16,123,12.0218,480.131,1150.5
1851,16,124,11.9013,486.358,1161.52
1852,16,125,11.9632,483.139,1171.5
1853,17,26,10.0606,529.697,95.1642
1854,17,27,10,530.909,103.362
1855,17,28,9.1958,547.261,111.496
1856,17,29,15.3297,420.495,122.823
1857,17,30,12.4615,480.725,131.9
1858,17,31,11.2857,505.81,140.258
1859,17,32,10.9118,513.912,148.373
1860,17,33,13.5784,455.245,158.323
1861,17,34,12.0537,489.298,167.172
1862,17,35,11.5614,500.456,175.324
1863,17,36,11.3233,505.932,183.351
1864,17,37,13.5974,452.87,194.724
1865,17,38,12.5353,478.007,203.636
1866,17,39,11.8083,495.455,212.167
1867,17,40,10.9304,516.816,221.045
1868,17,41,12.5462,476.962,232.356
1869,17,42,11.5726,501.299,241.788
1870,17,43,11.2637,509.125,250.052
1871,17,44,10.7854,521.401,258.576
1872,17,45,11.4286,504.68,267.578
1873,17,46,10.8454,520.037,276.526
1874,17,47,10.9073,518.387,284.577
1875,17,48,10.6122,526.354,292.897
1876,17,49,11.6477,498.049,305.095
1877,17,50,11.0909,513.455,314.479
1878,17,51,10.7143,524,323.236
1879,17,52,10.0785,542.014,333.434
1880,17,53,10.991,515.856,346.122
1881,17,54,10.4267,532.219,356.163
1882,17,55,10.1741,539.63,364.792
1883,17,56,9.92026,547.16,373.459
1884,17,57,10.5732,527.573,384.966
1885,17,58,9.93923,546.803,396.475
1886,17,59,9.45334,561.703,406.801
1887,17,60,9.03242,574.752,416.76
1888,17,61,9.30567,566.19,425.847
1889,17,62,9.01943,575.254,435.081
1890,17,63,8.79741,582.359,444.003
1891,17,64,8.60508,588.578,452.811
1892,17,65,8.92857,578.01,462.633
1893,17,66,8.55846,590.224,473.066
1894,17,67,8.5276,591.252,481.417
1895,17,68,8.43806,594.267,489.879
1896,17,69,8.88566,579.049,502.089
1897,17,70,8.80274,581.895,510.583
1898,17,71,8.78932,582.361,518.922
1899,17,72,8.68558,585.992,527.504
1900,17,73,9.15738,569.322,541.512
1901,17,74,9.18023,568.507,549.911
1902,17,75,9.35476,562.223,559.155
1903,17,76,9.43151,559.435,567.702
1904,17,77,9.96192,539.986,584.866
1905,17,78,10.0126,538.112,593.425
1906,17,79,10.1181,534.173,602.268
1907,17,80,10.2859,527.851,611.75
1908,17,81,10.9698,501.862,636.363
1909,17,82,11.1308,495.693,645.898
1910,17,83,11.2762,490.069,655.32
1911,17,84,11.4332,483.948,664.915
1912,17,85,11.9974,461.754,685.224
1913,17,86,12.0777,458.571,694.286
1914,17,87,12.1606,455.253,703.37
1915,17,88,12.2915,449.976,712.882
1916,17,89,12.7647,430.73,730.908
1917,17,90,12.8193,428.494,739.946
1918,17,91,12.8982,425.233,749.124
1919,17,92,13.009,420.614,758.595
1920,17,93,13.4282,403.01,775.789
1921,17,94,13.4717,401.166,784.862
1922,17,95,13.6037,395.535,794.714
1923,17,96,13.732,390.02,804.559
1924,17,97,14.1818,370.526,824.219
1925,17,98,14.252,367.46,833.564
1926,17,99,14.3222,364.371,842.915
1927,17,100,14.3923,361.263,852.271
1928,17,101,14.7741,344.211,869.976
1929,17,102,14.7651,344.614,879.129
1930,17,103,14.8079,342.675,888.381
1931,17,104,14.8212,342.07,897.519
1932,17,105,15.0696,330.64,910.91
1933,17,106,14.9465,336.344,921.138
1934,17,107,14.8135,342.552,931.602
1935,17,108,14.6926,348.234,941.887
1936,17,109,14.7683,344.652,951.507
1937,17,110,14.5337,355.834,965.232
1938,17,111,14.2909,367.489,979.336
1939,17,112,14.1117,376.149,991.275
1940,17,113,14.0797,377.709,1000.61
1941,17,114,13.8058,391.127,1016.53
1942,17,115,13.5399,404.246,1032.04
1943,17,116,13.2815,417.077,1047.19
1944,17,117,13.1412,424.096,1058.33
1945,17,118,12.8358,439.467,1075.95
1946,17,119,12.535,454.705,1093.16
1947,17,120,12.3104,466.163,1106.98
1948,17,121,12.3288,465.215,1116.58
1949,17,122,12.1546,474.216,1128.88
1950,17,123,11.9941,482.565,1140.83
1951,17,124,11.8718,488.962,1151.84
1952,17,125,11.9354,485.613,1161.83
1953,18,27,17.9394,340.364,92.3838
1954,18,28,15.5455,390.636,100.62
1955,18,29,21.6434,260.548,111.286
1956,18,30,17.3626,353.297,121.022
1957,18,31,15.3187,398.264,129.587
1958,18,32,14.3571,419.738,137.736
1959,18,33,16.9265,361.5,147.223
1960,18,34,14.8284,409.755,156.478
1961,18,35,13.9732,429.711,164.713
1962,18,36,13.4561,441.947,172.757
1963,18,37,15.7444,387.03,183.733
1964,18,38,14.3766,420.312,192.976
1965,18,39,13.4161,444.003,201.711
1966,18,40,12.3221,471.354,210.857
1967,18,41,13.9565,429.949,221.839
1968,18,42,12.7923,459.831,231.593
1969,18,43,12.3658,470.92,239.928
1970,18,44,11.7705,486.597,248.589
1971,18,45,12.3892,470.099,257.4
1972,18,46,11.6995,488.719,266.547
1973,18,47,11.7086,488.472,274.557
1974,18,48,11.3427,498.593,282.969
1975,18,49,12.3974,469.063,294.908
1976,18,50,11.7614,487.083,304.509
1977,18,51,11.3231,499.646,313.398
1978,18,52,10.6162,520.146,323.836
1979,18,53,11.5495,492.769,336.287
1980,18,54,10.9246,511.309,346.527
1981,18,55,10.6325,520.073,355.234
1982,18,56,10.3421,528.881,363.982
1983,18,57,11.0066,508.504,375.302
1984,18,58,10.3206,529.77,387.028
1985,18,59,9.79337,546.289,397.498
1986,18,60,9.33706,560.738,407.571
1987,18,61,9.60888,552.04,416.588
1988,18,62,9.29644,562.142,425.904
1989,18,63,9.05273,570.104,434.89
1990,18,64,8.84135,577.079,443.755
1991,18,65,9.16848,566.175,453.486
1992,18,66,8.77347,579.473,464.019
1993,18,67,8.73277,580.857,472.386
1994,18,68,8.63167,584.328,480.88
1995,18,69,9.08905,568.473,492.948
1996,18,70,8.99532,571.753,501.472
1997,18,71,8.97427,572.497,509.821
1998,18,72,8.86003,576.571,518.441
1999,18,73,9.34245,559.204,532.283
2000,18,74,9.35961,558.581,540.678
2001,18,75,9.53398,552.187,549.864
2002,18,76,9.60725,549.476,558.385
2003,18,77,10.1495,529.233,575.354
2004,18,78,10.1957,527.493,583.895
2005,18,79,10.2987,523.58,592.696
2006,18,80,10.4661,517.161,602.112
2007,18,81,11.1658,490.108,626.496
2008,18,82,11.3256,483.873,635.97
2009,18,83,11.4696,478.211,645.334
2010,18,84,11.6254,472.028,654.863
2011,18,85,12.2006,449.02,674.998
2012,18,86,12.2773,445.928,684.023
2013,18,87,12.3569,442.69,693.068
2014,18,88,12.4859,437.401,702.521
2015,18,89,12.9669,417.52,720.402
2016,18,90,13.0174,415.417,729.41
2017,18,91,13.0931,412.238,738.546
2018,18,92,13.2017,407.639,747.961
2019,18,93,13.6268,389.502,765.028
2020,18,94,13.6663,387.802,774.071
2021,18,95,13.7967,382.153,783.858
2022,18,96,13.9233,376.624,793.637
2023,18,97,14.3796,356.546,813.184
2024,18,98,14.4467,353.573,822.486
2025,18,99,14.5139,350.572,831.793
2026,18,100,14.581,347.55,841.104
2027,18,101,14.9674,330.035,858.707
2028,18,102,14.9537,330.661,867.852
2029,18,103,14.9931,328.85,877.071
2030,18,104,15.0024,328.419,886.188
2031,18,105,15.2524,316.752,899.485
2032,18,106,15.1224,322.86,909.786
2033,18,107,14.9825,329.482,920.331
2034,18,108,14.8552,335.549,930.687
2035,18,109,14.929,332.007,940.259
2036,18,110,14.6859,343.757,954.154
2037,18,111,14.4347,355.983,968.418
2038,18,112,14.2487,365.095,980.458
2039,18,113,14.2132,366.85,989.806
2040,18,114,13.9309,380.867,1005.88
2041,18,115,13.657,394.563,1021.52
2042,18,116,13.3911,407.948,1036.78
2043,18,117,13.2457,415.314,1047.96
2044,18,118,12.9322,431.303,1065.68
2045,18,119,12.6237,447.141,1082.97
2046,18,120,12.3929,459.063,1096.84
2047,18,121,12.4102,458.166,1106.44
2048,18,122,12.2311,467.539,1118.77
2049,18,123,12.0661,476.23,1130.76
2050,18,124,11.9402,482.901,1141.8
2051,18,125,12.0037,479.515,1151.78
2052,19,28,11.5152,491.394,91.8343
2053,19,29,19.4545,316.727,102.908
2054,19,30,14.8252,420.117,112.362
2055,19,31,12.8571,464.725,120.79
2056,19,32,12.1099,481.912,128.872
2057,19,33,15.3214,406.976,138.65
2058,19,34,13.1618,458.088,147.689
2059,19,35,12.402,476.324,155.836
2060,19,36,12.0021,486.054,163.818
2061,19,37,14.6842,419.895,175.12
2062,19,38,13.2857,454.857,184.186
2063,19,39,12.3377,478.874,192.782
2064,19,40,11.2422,506.99,201.741
2065,19,41,13.1126,458.36,213.017
2066,19,42,11.9217,489.72,222.579
2067,19,43,11.5308,500.146,230.842
2068,19,44,10.9538,515.723,239.384
2069,19,45,11.6789,495.906,248.341
2070,19,46,10.9907,514.945,257.337
2071,19,47,11.0493,513.305,265.35
2072,19,48,10.703,523.116,273.665
2073,19,49,11.8669,489.75,285.897
2074,19,50,11.2243,508.385,295.348
2075,19,51,10.7921,521.064,304.125
2076,19,52,10.0749,542.342,314.375
2077,19,53,11.0924,511.815,327.104
2078,19,54,10.4582,531.054,337.187
2079,19,55,10.1754,539.725,345.815
2080,19,56,9.89386,548.454,354.477
2081,19,57,10.6154,525.846,366.008
2082,19,58,9.91463,548.037,377.548
2083,19,59,9.38153,565.096,387.869
2084,19,60,8.9231,579.918,397.806
2085,19,61,9.22682,569.997,406.914
2086,19,62,8.91755,580.203,416.127
2087,19,63,8.67984,588.126,425.025
2088,19,64,8.47549,595.006,433.807
2089,19,65,8.8321,582.882,443.674
2090,19,66,8.43465,596.527,454.069
2091,19,67,8.40612,597.516,462.411
2092,19,68,8.31405,600.739,470.853
2093,19,69,8.80181,583.505,483.147
2094,19,70,8.71553,586.582,491.629
2095,19,71,8.70424,586.988,499.962
2096,19,72,8.59577,590.93,508.526
2097,19,73,9.10534,572.245,522.612
2098,19,74,9.13158,571.274,531.011
2099,19,75,9.32007,564.238,540.269
2100,19,76,9.40324,561.105,548.82
2101,19,77,9.97078,539.538,565.995
2102,19,78,10.0245,537.481,574.555
2103,19,79,10.1364,533.151,583.395
2104,19,80,10.3145,526.205,592.869
2105,19,81,11.0412,497.623,617.356
2106,19,82,11.2099,490.929,626.869
2107,19,83,11.3619,484.851,636.268
2108,19,84,11.5257,478.243,645.833
2109,19,85,12.1211,454.032,665.959
2110,19,86,12.2024,450.7,675.006
2111,19,87,12.2864,447.224,684.073
2112,19,88,12.4211,441.612,693.549
2113,19,89,12.9175,420.765,711.391
2114,19,90,12.9708,418.51,720.416
2115,19,91,13.0498,415.138,729.57
2116,19,92,13.1625,410.29,739.002
2117,19,93,13.6,391.333,756.012
2118,19,94,13.6413,389.531,765.07
2119,19,95,13.7757,383.616,774.867
2120,19,96,13.9061,377.835,784.655
2121,19,97,14.3744,356.918,804.096
2122,19,98,14.4433,353.819,813.409
2123,19,99,14.5122,350.694,822.725
2124,19,100,14.581,347.55,832.046
2125,19,101,14.9767,329.35,849.555
2126,19,102,14.9624,330.011,858.713
2127,19,103,15.0025,328.139,867.941
2128,19,104,15.0118,327.702,877.07
2129,19,105,15.2674,315.607,890.322
2130,19,106,15.1341,321.959,900.627
2131,19,107,14.9908,328.838,911.173
2132,19,108,14.8605,335.135,921.529
2133,19,109,14.9358,331.47,931.106
2134,19,110,14.6873,343.648,944.965
2135,19,111,14.4306,356.31,959.184
2136,19,112,14.2408,365.738,971.202
2137,19,113,14.2046,367.546,980.558
2138,19,114,13.9167,382.039,996.566
2139,19,115,13.6374,396.188,1012.13
2140,19,116,13.3665,410.007,1027.33
2141,19,117,13.2187,417.595,1038.49
2142,19,118,12.8994,434.089,1056.11
2143,19,119,12.5854,450.417,1073.3
2144,19,120,12.3509,462.69,1087.12
2145,19,121,12.3693,461.721,1096.73
2146,19,122,12.1876,471.354,1109.02
2147,19,123,12.0202,480.279,1120.98
2148,19,124,11.8928,487.115,1131.99
2149,19,125,11.9584,483.574,1141.99
2150,20,29,19.0303,327.758,94.7439
2151,20,30,13.6364,451.818,104.116
2152,20,31,11.5385,500.769,112.546
2153,20,32,10.8791,516.374,120.67
2154,20,33,14.7253,424.066,130.539
2155,20,34,12.3571,481.69,139.51
2156,20,35,11.6029,500.294,147.671
2157,20,36,11.25,509.118,155.682
2158,20,37,14.3137,431.503,167.021
2159,20,38,12.807,470.175,176.031
2160,20,39,11.812,496.045,184.592
2161,20,40,10.6623,526.32,193.473
2162,20,41,12.7555,470.503,204.809
2163,20,42,11.4921,504.615,214.28
2164,20,43,11.1043,515.213,222.543
2165,20,44,10.5154,531.508,231.049
2166,20,45,11.3299,508.701,240.085
2167,20,46,10.6166,528.911,249.015
2168,20,47,10.7061,526.346,257.065
2169,20,48,10.3596,536.394,265.356
2170,20,49,11.624,499.304,277.645
2171,20,50,10.9556,519.133,287.023
2172,20,51,10.5132,532.407,295.756
2173,20,52,9.76939,554.969,305.884
2174,20,53,10.8648,521.377,318.676
2175,20,54,10.2073,541.759,328.667
2176,20,55,9.92278,550.674,337.27
2177,20,56,9.63964,559.64,345.9
2178,20,57,10.4125,534.908,357.497
2179,20,58,9.68623,558.391,368.901
2180,20,59,9.1379,576.303,379.122
2181,20,60,8.66899,591.777,388.972
2182,20,61,8.99927,580.768,398.141
2183,20,62,8.6862,591.308,407.299
2184,20,63,8.4482,599.4,416.155
2185,20,64,8.24506,606.374,424.899
2186,20,65,8.6272,593.127,434.842
2187,20,66,8.22155,607.324,445.14
2188,20,67,8.20072,608.061,453.484
2189,20,68,8.11327,611.18,461.912
2190,20,69,8.62857,592.629,474.3
2191,20,70,8.5457,595.64,482.772
2192,20,71,8.54051,595.83,491.113
2193,20,72,8.43412,599.766,499.658
2194,20,73,8.96855,579.814,513.82
2195,20,74,9.00072,578.602,522.237
2196,20,75,9.20062,571.006,531.538
2197,20,76,9.2909,567.546,540.116
2198,20,77,9.88188,544.694,557.3
2199,20,78,9.94039,542.413,565.881
2200,20,79,10.0589,537.751,574.748
2201,20,80,10.2454,530.354,584.249
2202,20,81,10.9977,500.261,608.598
2203,20,82,11.1732,493.183,618.126
2204,20,83,11.331,486.764,627.54
2205,20,84,11.5009,479.801,637.117
2206,20,85,12.115,454.416,657.106
2207,20,86,12.1989,450.921,666.167
2208,20,87,12.2856,447.281,675.245
2209,20,88,12.4242,441.413,684.727
2210,20,89,12.9347,419.633,702.446
2211,20,90,12.9889,417.299,711.482
2212,20,91,13.0697,413.801,720.644
2213,20,92,13.1849,408.767,730.077
2214,20,93,13.6336,389.025,746.969
2215,20,94,13.6751,387.186,756.036
2216,20,95,13.8122,381.064,765.824
2217,20,96,13.945,375.086,775.603
2218,20,97,14.4243,353.357,794.887
2219,20,98,14.4937,350.19,804.2
2220,20,99,14.5631,346.998,813.517
2221,20,100,14.6323,343.788,822.837
2222,20,101,15.0364,324.932,840.214
2223,20,102,15.0204,325.686,849.385
2224,20,103,15.06,323.808,858.616
2225,20,104,15.0682,323.418,867.754
2226,20,105,15.3284,310.931,880.935
2227,20,106,15.1906,317.587,891.261
2228,20,107,15.0428,324.783,901.827
2229,20,108,14.9084,331.367,912.202
2230,20,109,14.9843,327.623,921.773
2231,20,110,14.7293,340.291,935.635
2232,20,111,14.4661,353.448,949.848
2233,20,112,14.2714,363.247,961.869
2234,20,113,14.2339,365.15,971.238
2235,20,114,13.9392,380.176,987.214
2236,20,115,13.6537,394.834,1002.75
2237,20,116,13.3768,409.139,1017.9
2238,20,117,13.2258,416.993,1029.06
2239,20,118,12.8999,434.046,1046.62
2240,20,119,12.5797,450.914,1063.74
2241,20,120,12.3406,463.584,1077.52
2242,20,121,12.3596,462.573,1087.14
2243,20,122,12.1745,472.506,1099.41
2244,20,123,12.0042,481.702,1111.35
2245,20,124,11.8747,488.739,1122.35
2246,20,125,11.9418,485.068,1132.35
2247,21,30,10,550,95.3618
2248,21,31,8.18182,593.636,103.716
2249,21,32,7.97203,598.741,111.842
2250,21,33,12.8571,478.242,122.018
2251,21,34,10.4176,539.231,130.828
2252,21,35,9.82143,554.333,138.958
2253,21,36,9.64706,558.809,146.964
2254,21,37,13.2598,464.877,158.568
2255,21,38,11.7028,505.879,167.453
2256,21,39,10.7193,532.105,175.926
2257,21,40,9.56391,563.301,184.667
2258,21,41,11.961,497.779,196.234
2259,21,42,10.655,533.913,205.557
2260,21,43,10.3063,543.676,213.79
2261,21,44,9.73478,559.87,222.221
2262,21,45,10.6769,532.862,231.395
2263,21,46,9.95897,553.682,240.216
2264,21,47,10.1038,549.434,248.298
2265,21,48,9.77559,559.171,256.532
2266,21,49,11.1675,517.414,269.021
2267,21,50,10.485,538.116,278.286
2268,21,51,10.0444,551.629,286.945
2269,21,52,9.28336,575.22,296.914
2270,21,53,10.4746,537.894,309.892
2271,21,54,9.80138,559.213,319.758
2272,21,55,9.52381,568.095,328.313
2273,21,56,9.2471,577.042,336.889
2274,21,57,10.083,549.737,348.633
2275,21,58,9.33581,574.393,359.872
2276,21,59,8.77733,593.009,369.97
2277,21,60,8.303,608.978,379.708
2278,21,61,8.66725,596.594,388.963
2279,21,62,8.35508,607.312,398.045
2280,21,63,8.12141,615.412,406.84
2281,21,64,7.92389,622.326,415.527
2282,21,65,8.33729,607.719,425.586
2283,21,66,7.92661,622.366,435.765
2284,21,67,7.91744,622.697,444.105
2285,21,68,7.83815,625.578,452.506
2286,21,69,8.38571,605.5,465.058
2287,21,70,8.30924,608.329,473.508
2288,21,71,8.31312,608.185,481.852
2289,21,72,8.21139,612.017,490.364
2290,21,73,8.77439,590.622,504.682
2291,21,74,8.81494,589.068,513.114
2292,21,75,9.02886,580.797,522.476
2293,21,76,9.1285,576.91,531.087
2294,21,77,9.74592,552.626,548.36
2295,21,78,9.81113,550.039,556.965
2296,21,79,9.93805,544.962,565.866
2297,21,80,10.1348,537.028,575.409
2298,21,81,10.9154,505.282,599.71
2299,21,82,11.0992,497.746,609.263
2300,21,83,11.2644,490.918,618.701
2301,21,84,11.4416,483.534,628.3
2302,21,85,12.0765,456.869,648.199
2303,21,86,12.1641,453.161,657.276
2304,21,87,12.2544,449.309,666.372
2305,21,88,12.398,443.133,675.866
2306,21,89,12.924,420.339,693.493
2307,21,90,12.9801,417.888,702.544
2308,21,91,13.0634,414.225,711.718
2309,21,92,13.182,408.965,721.159
2310,21,93,13.6431,388.371,737.953
2311,21,94,13.6854,386.465,747.033
2312,21,95,13.8259,380.098,756.82
2313,21,96,13.9619,373.889,766.598
2314,21,97,14.4532,351.288,785.741
2315,21,98,14.5236,348.027,795.06
2316,21,99,14.594,344.742,804.381
2317,21,100,14.6642,341.441,813.705
2318,21,101,15.0775,321.88,830.964
2319,21,102,15.06,322.711,840.148
2320,21,103,15.0997,320.806,849.385
2321,21,104,15.1071,320.448,858.533
2322,21,105,15.3725,307.534,871.653
2323,21,106,15.2305,314.489,881.994
2324,21,107,15.0784,321.996,892.572
2325,21,108,14.9401,328.862,902.959
2326,21,109,15.017,325.017,912.529
2327,21,110,14.7556,338.177,926.376
2328,21,111,14.4861,351.832,940.567
2329,21,112,14.2867,361.999,952.58
2330,21,113,14.248,363.986,961.961
2331,21,114,13.9468,379.547,977.887
2332,21,115,13.6551,394.717,993.371
2333,21,116,13.3724,409.51,1008.48
2334,21,117,13.2184,417.624,1019.63
2335,21,118,12.886,435.238,1037.1
2336,21,119,12.5596,452.649,1054.14
2337,21,120,12.3161,465.714,1067.87
2338,21,121,12.3359,464.644,1077.5
2339,21,122,12.1477,474.872,1089.75
2340,21,123,11.9746,484.335,1101.66
2341,21,124,11.8432,491.563,1112.64
2342,21,125,11.9122,487.743,1122.66
2343,22,31,15.8182,379.818,93.0337
2344,22,32,14.1818,420.727,101.158
2345,22,33,18.8462,302.564,110.703
2346,22,34,15.1099,398.462,120.057
2347,22,35,13.7582,433.604,128.266
2348,22,36,13.0357,452.631,136.257
2349,22,37,16.6765,355.544,147.366
2350,22,38,14.5343,413.382,156.672
2351,22,39,13.1269,451.851,165.377
2352,22,40,11.5965,494.193,174.419
2353,22,41,14.0301,426.053,185.587
2354,22,42,12.4026,472.165,195.282
2355,22,43,11.8634,487.623,203.58
2356,22,44,11.1067,509.565,212.15
2357,22,45,12.013,482.98,221.084
2358,22,46,11.1308,509.154,230.122
2359,22,47,11.1966,507.179,238.135
2360,22,48,10.7631,520.328,246.458
2361,22,49,12.1839,476.757,258.65
2362,22,50,11.3842,501.547,268.159
2363,22,51,10.8543,518.152,276.957
2364,22,52,9.99194,545.46,287.194
2365,22,53,11.2133,506.375,299.902
2366,22,54,10.4545,530.909,309.988
2367,22,55,10.1222,541.765,318.621
2368,22,56,9.79552,552.546,327.277
2369,22,57,10.6474,524.151,338.806
2370,22,58,9.8293,551.693,350.292
2371,22,59,9.21545,572.564,360.549
2372,22,60,8.69433,590.455,370.412
2373,22,61,9.05722,577.875,379.577
2374,22,62,8.7108,590,388.745
2375,22,63,8.44907,599.248,397.606
2376,22,64,8.22712,607.164,406.35
2377,22,65,8.64553,592.101,416.296
2378,22,66,8.2029,608.184,426.59
2379,22,67,8.18131,608.975,434.939
2380,22,68,8.08742,612.449,443.367
2381,22,69,8.64742,591.543,455.754
2382,22,70,8.55714,594.943,464.231
2383,22,71,8.55126,595.166,472.577
2384,22,72,8.4362,599.577,481.125
2385,22,73,9.01221,577.305,495.257
2386,22,74,9.04532,576.014,503.678
2387,22,75,9.25862,567.623,512.965
2388,22,76,9.35354,563.859,521.539
2389,22,77,9.98496,538.602,538.61
2390,22,78,10.0441,536.217,547.188
2391,22,79,10.1673,531.205,556.037
2392,22,80,10.3629,523.185,565.5
2393,22,81,11.162,490.158,589.588
2394,22,82,11.3437,482.585,599.071
2395,22,83,11.5064,475.754,608.441
2396,22,84,11.6815,468.338,617.966
2397,22,85,12.3288,440.724,637.698
2398,22,86,12.4113,437.176,646.733
2399,22,87,12.4968,433.469,655.783
2400,22,88,12.6375,427.327,665.211
2401,22,89,13.1719,403.811,682.698
2402,22,90,13.2225,401.569,691.713
2403,22,91,13.3012,398.054,700.84
2404,22,92,13.4165,392.865,710.219
2405,22,93,13.8839,371.679,726.891
2406,22,94,13.9208,369.993,735.938
2407,22,95,14.0586,363.65,745.653
2408,22,96,14.192,357.47,755.359
2409,22,97,14.6902,334.221,774.399
2410,22,98,14.7563,331.116,783.671
2411,22,99,14.8225,327.981,792.945
2412,22,100,14.8888,324.824,802.219
2413,22,101,15.3067,304.761,819.382
2414,22,102,15.2832,305.899,828.56
2415,22,103,15.3184,304.185,837.761
2416,22,104,15.3207,304.071,846.888
2417,22,105,15.5873,290.919,859.912
2418,22,106,15.437,298.387,870.34
2419,22,107,15.2765,306.412,881.013
2420,22,108,15.1305,313.759,891.483
2421,22,109,15.2048,309.993,901.001
2422,22,110,14.9333,323.843,915.048
2423,22,111,14.6538,338.187,929.426
2424,22,112,14.4464,348.904,941.555
2425,22,113,14.4034,351.141,950.948
2426,22,114,14.0924,367.417,967.055
2427,22,115,13.7914,383.271,982.688
2428,22,116,13.4999,398.72,997.916
2429,22,117,13.3399,407.25,1009.12
2430,22,118,12.9982,425.587,1026.71
2431,22,119,12.6628,443.7,1043.84
2432,22,120,12.4124,457.308,1057.63
2433,22,121,12.4307,456.308,1067.26
2434,22,122,12.2368,466.97,1079.55
2435,22,123,12.0586,476.832,1091.49
2436,22,124,11.923,484.381,1102.51
2437,22,125,11.9918,480.527,1112.52
2438,23,32,9.33333,561.333,91.9883
2439,23,33,15.7273,395.091,102.023
2440,23,34,11.8881,496.189,111.054
2441,23,35,10.8242,524.56,119.132
2442,23,36,10.4176,535.538,127.037
2443,23,37,14.8929,413.214,138.657
2444,23,38,12.7059,473.721,147.722
2445,23,39,11.348,511.74,156.242
2446,23,40,9.8452,554.321,165.044
2447,23,41,12.7193,471.93,176.641
2448,23,42,11.0602,520.045,186.1
2449,23,43,10.5974,533.619,194.313
2450,23,44,9.88707,554.692,202.742
2451,23,45,10.9783,521.957,211.876
2452,23,46,10.1087,548.333,220.736
2453,23,47,10.2615,543.646,228.762
2454,23,48,9.86667,555.887,236.973
2455,23,49,11.4591,505.991,249.551
2456,23,50,10.6541,531.483,258.889
2457,23,51,10.1379,548,267.56
2458,23,52,9.26585,576.197,277.587
2459,23,53,10.6129,532.194,290.644
2460,23,54,9.84421,557.56,300.559
2461,23,55,9.52874,568.076,309.108
2462,23,56,9.21772,578.547,317.673
2463,23,57,10.1513,546.807,329.456
2464,23,58,9.31532,575.508,340.743
2465,23,59,8.69606,596.975,350.84
2466,23,60,8.17486,615.217,360.558
2467,23,61,8.583,600.796,369.838
2468,23,62,8.24296,612.924,378.9
2469,23,63,7.99129,621.984,387.671
2470,23,64,7.78057,629.64,396.33
2471,23,65,8.2392,612.824,406.443
2472,23,66,7.79493,629.262,416.592
2473,23,67,7.79051,629.427,424.922
2474,23,68,7.70953,632.477,433.303
2475,23,69,8.30944,609.681,445.949
2476,23,70,8.22948,612.746,454.388
2477,23,71,8.23673,612.465,462.724
2478,23,72,8.12965,616.642,471.22
2479,23,73,8.74027,592.624,485.618
2480,23,74,8.78511,590.845,494.049
2481,23,75,9.01629,581.598,503.417
2482,23,76,9.12369,577.266,512.025
2483,23,77,9.78644,550.315,529.302
2484,23,78,9.85475,547.514,537.903
2485,23,79,9.98898,541.965,546.793
2486,23,80,10.1975,533.278,556.315
2487,23,81,11.0292,498.345,580.482
2488,23,82,11.2215,490.207,590.003
2489,23,83,11.3934,482.869,599.408
2490,23,84,11.5779,474.937,608.967
2491,23,85,12.2489,445.859,628.673
2492,23,86,12.3365,442.034,637.729
2493,23,87,12.427,438.053,646.801
2494,23,88,12.5741,431.534,656.252
2495,23,89,13.1263,406.865,673.687
2496,23,90,13.1798,404.462,682.72
2497,23,91,13.262,400.735,691.864
2498,23,92,13.3817,395.268,701.259
2499,23,93,13.8632,373.119,717.865
2500,23,94,13.9017,371.334,726.927
2501,23,95,14.0439,364.699,736.651
2502,23,96,14.1813,358.242,746.364
2503,23,97,14.693,334.018,765.291
2504,23,98,14.7608,330.789,774.573
2505,23,99,14.8286,327.534,783.857
2506,23,100,14.8964,324.258,793.141
2507,23,101,15.3247,303.411,810.204
2508,23,102,15.3002,304.615,819.395
2509,23,103,15.3358,302.856,828.606
2510,23,104,15.3378,302.759,837.746
2511,23,105,15.6104,289.128,850.722
2512,23,106,15.4559,296.903,861.156
2513,23,107,15.2912,305.249,871.831
2514,23,108,15.1415,312.885,882.303
2515,23,109,15.2172,308.995,891.826
2516,23,110,14.9392,323.359,905.837
2517,23,111,14.6534,338.223,920.171
2518,23,112,14.4414,349.319,932.278
2519,23,113,14.3975,351.628,941.68
2520,23,114,14.0799,368.463,957.717
2521,23,115,13.7726,384.849,973.28
2522,23,116,13.4753,400.804,988.441
2523,23,117,13.3126,409.594,999.631
2524,23,118,12.9643,428.515,1017.12
2525,23,119,12.6227,447.191,1034.15
2526,23,120,12.3679,461.202,1047.88
2527,23,121,12.3875,460.12,1057.52
2528,23,122,12.1906,471.079,1069.78
2529,23,123,12.0098,481.207,1081.69
2530,23,124,11.8725,488.941,1092.69
2531,23,125,11.9436,484.91,1102.7
2532,24,33,15.2727,408.727,93.9374
2533,24,34,10.8182,529,102.924
2534,24,35,9.75524,558.054,111.053
2535,24,36,9.45055,566.484,119.023
2536,24,37,14.7033,419.407,130.597
2537,24,38,12.25,488.917,139.632
2538,24,39,10.7794,531.074,148.145
2539,24,40,9.16667,577.843,156.891
2540,24,41,12.4355,481.957,168.488
2541,24,42,10.6316,535.474,177.881
2542,24,43,10.1654,549.459,186.117
2543,24,44,9.42857,571.81,194.534
2544,24,45,10.6606,534.026,203.736
2545,24,46,9.74308,562.47,212.555
2546,24,47,9.93913,556.328,220.63
2547,24,48,9.53846,569.015,228.839
2548,24,49,11.2786,513.33,241.405
2549,24,50,10.4274,540.855,250.694
2550,24,51,9.89053,558.391,259.344
2551,24,52,8.97537,588.591,269.27
2552,24,53,10.4316,540.05,282.327
2553,24,54,9.625,567.206,292.172
2554,24,55,9.30352,578.136,300.715
2555,24,56,8.9873,588.993,309.268
2556,24,57,9.9893,554.257,321.073
2557,24,58,9.11485,584.863,332.243
2558,24,59,8.47233,607.565,342.262
2559,24,60,7.93504,626.728,351.912
2560,24,61,8.37728,610.808,361.246
2561,24,62,8.03036,623.412,370.272
2562,24,63,7.77674,632.712,379.019
2563,24,64,7.5662,640.502,387.659
2564,24,65,8.05688,622.183,397.831
2565,24,66,7.60042,639.376,407.9
2566,24,67,7.60465,639.216,416.246
2567,24,68,7.52833,642.141,424.627
2568,24,69,8.1622,617.632,437.325
2569,24,70,8.08511,620.638,445.767
2570,24,71,8.09868,620.105,454.121
2571,24,72,7.99286,624.302,462.612
2572,24,73,8.63337,598.681,477.027
2573,24,74,8.68416,596.633,485.481
2574,24,75,8.92811,586.712,494.88
2575,24,76,9.0429,582.006,503.516
2576,24,77,9.73318,553.474,520.726
2577,24,78,9.80592,550.444,529.348
2578,24,79,9.94668,544.531,538.258
2579,24,80,10.164,535.332,547.794
2580,24,81,11.0256,498.572,571.738
2581,24,82,11.2244,490.02,581.264
2582,24,83,11.4021,482.323,590.674
2583,24,84,11.5923,474.017,600.232
2584,24,85,12.2845,443.559,619.757
2585,24,86,12.3738,439.602,628.823
2586,24,87,12.4659,435.487,637.901
2587,24,88,12.6163,428.72,647.348
2588,24,89,13.184,402.982,664.633
2589,24,90,13.2373,400.549,673.674
2590,24,91,13.3202,396.734,682.821
2591,24,92,13.4417,391.105,692.21
2592,24,93,13.9353,368.073,708.678
2593,24,94,13.9728,366.307,717.746
2594,24,95,14.117,359.484,727.454
2595,24,96,14.2561,352.851,737.151
2596,24,97,14.7797,327.719,755.904
2597,24,98,14.8469,324.47,765.184
2598,24,99,14.9143,321.192,774.464
2599,24,100,14.9816,317.894,783.743
2600,24,101,15.4188,296.328,800.665
2601,24,102,15.3912,297.697,809.869
2602,24,103,15.4255,295.983,819.081
2603,24,104,15.4252,295.994,828.228
2604,24,105,15.7024,281.953,841.124
2605,24,106,15.542,290.134,851.591
2606,24,107,15.3713,298.896,862.298
2607,24,108,15.2161,306.911,872.8
2608,24,109,15.2919,302.969,882.313
2609,24,110,15.0058,317.943,896.349
2610,24,111,14.712,333.419,910.697
2611,24,112,14.4939,344.979,922.821
2612,24,113,14.4479,347.432,932.238
2613,24,114,14.1222,364.912,948.264
2614,24,115,13.8073,381.913,963.809
2615,24,116,13.5029,398.454,978.948
2616,24,117,13.3361,407.574,990.142
2617,24,118,12.98,427.158,1007.57
2618,24,119,12.6309,446.474,1024.56
2619,24,120,12.3707,460.956,1038.26
2620,24,121,12.3906,459.842,1047.91
2621,24,122,12.1897,471.16,1060.14
2622,24,123,12.0053,481.612,1072.04
2623,24,124,11.8653,489.588,1083.04
2624,24,125,11.938,485.422,1093.06
2625,25,34,7.57576,629.515,94.3355
2626,25,35,6.90909,648.182,102.471
2627,25,36,7.02797,644.814,110.482
2628,25,37,13.4615,460.385,122.291
2629,25,38,10.8352,536.549,131.214
2630,25,39,9.35714,579.905,139.661
2631,25,40,7.72059,628.456,148.285
2632,25,41,11.5441,513.75,160.075
2633,25,42,9.6388,571.545,169.337
2634,25,43,9.22807,584.14,177.57
2635,25,44,8.51128,606.361,185.938
2636,25,45,9.94805,561.342,195.277
2637,25,46,9.01186,590.988,204.009
2638,25,47,9.28854,582.134,212.138
2639,25,48,8.9087,594.416,220.316
2640,25,49,10.8385,531.377,233.012
2641,25,50,9.95556,560.513,242.21
2642,25,51,9.41392,578.567,250.808
2643,25,52,8.46743,610.432,260.592
2644,25,53,10.0591,556.315,273.768
2645,25,54,9.22358,585.002,283.508
2646,25,55,8.90726,595.968,292.024
2647,25,56,8.59604,606.86,300.545
2648,25,57,9.68249,568.473,312.451
2649,25,58,8.77464,600.853,323.471
2650,25,59,8.11485,624.605,333.384
2651,25,60,7.56757,644.489,342.941
2652,25,61,8.05358,626.669,352.357
2653,25,62,7.70544,639.55,361.327
2654,25,63,7.45547,648.883,370.033
2655,25,64,7.25047,656.604,378.636
2656,25,65,7.78049,636.463,388.908
2657,25,66,7.31545,654.29,398.876
2658,25,67,7.33313,653.606,407.233
2659,25,68,7.26568,656.237,415.605
2660,25,69,7.93939,629.737,428.42
2661,25,70,7.86864,632.544,436.857
2662,25,71,7.892,631.61,445.226
2663,25,72,7.79038,635.708,453.701
2664,25,73,8.46531,608.261,468.204
2665,25,74,8.52485,605.82,476.68
2666,25,75,8.78462,595.083,486.128
2667,25,76,8.90933,589.886,494.796
2668,25,77,9.6307,559.589,512.007
2669,25,78,9.70993,556.235,520.654
2670,25,79,9.85931,549.861,529.593
2671,25,80,10.0875,540.05,539.156
2672,25,81,10.982,501.288,562.943
2673,25,82,11.1892,492.239,572.483
2674,25,83,11.3741,484.106,581.907
2675,25,84,11.5715,475.351,591.476
2676,25,85,12.2871,443.387,610.854
2677,25,86,12.3792,439.245,619.932
2678,25,87,12.4741,434.944,629.023
2679,25,88,12.6289,427.874,638.475
2680,25,89,13.2137,400.972,655.63
2681,25,90,13.2677,398.47,664.683
2682,25,91,13.3522,394.526,673.838
2683,25,92,13.4764,388.692,683.229
2684,25,93,13.9832,364.702,699.573
2685,25,94,14.0205,362.925,708.651
2686,25,95,14.1673,355.875,718.351
2687,25,96,14.309,349.03,728.038
2688,25,97,14.8454,322.922,746.63
2689,25,98,14.9127,319.626,755.911
2690,25,99,14.9801,316.301,765.192
2691,25,100,15.0474,312.956,774.471
2692,25,101,15.4942,290.616,791.26
2693,25,102,15.464,292.137,800.478
2694,25,103,15.4973,290.45,809.694
2695,25,104,15.4953,290.552,818.852
2696,25,105,15.7776,276.064,831.676
2697,25,106,15.6114,284.649,842.168
2698,25,107,15.4349,293.826,852.899
2699,25,108,15.2746,302.217,863.422
2700,25,109,15.3508,298.203,872.93
2701,25,110,15.0567,313.792,886.972
2702,25,111,14.7549,329.887,901.317
2703,25,112,14.5308,341.91,913.445
2704,25,113,14.483,344.495,922.876
2705,25,114,14.1492,362.628,938.87
2706,25,115,13.8269,380.25,954.381
2707,25,116,13.5154,397.381,969.483
2708,25,117,13.3447,406.826,980.674
2709,25,118,12.9809,427.079,998.037
2710,25,119,12.6244,447.04,1014.95
2711,25,120,12.359,461.994,1028.61
2712,25,121,12.3795,460.829,1038.27
2713,25,122,12.1748,472.502,1050.49
2714,25,123,11.9869,483.273,1062.37
2715,25,124,11.8445,491.483,1073.35
2716,25,125,11.919,487.161,1083.38
2717,26,35,14.1818,415.455,91.8582
2718,26,36,13,449.727,99.8077
2719,26,37,19.5105,258.753,110.959
2720,26,38,15.5495,376.264,120.469
2721,26,39,13.1868,447.143,129.198
2722,26,40,10.8214,518.893,138.16
2723,26,41,14.7353,398.868,149.449
2724,26,42,12.2304,476.52,159.144
2725,26,43,11.4861,499.842,167.438
2726,26,44,10.4561,532.456,175.95
2727,26,45,11.8421,488.105,184.997
2728,26,46,10.6364,527.091,193.964
2729,26,47,10.7905,522.055,201.999
2730,26,48,10.247,539.99,210.263
2731,26,49,12.2261,474.022,222.611
2732,26,50,11.1615,509.862,232.08
2733,26,51,10.4855,532.848,240.825
2734,26,52,9.3895,570.476,250.893
2735,26,53,11.029,513.64,263.758
2736,26,54,10.069,547.241,273.733
2737,26,55,9.67519,561.155,282.327
2738,26,56,9.29435,574.738,290.927
2739,26,57,10.4051,534.753,302.586
2740,26,58,9.3984,571.328,313.87
2741,26,59,8.6631,598.289,323.948
2742,26,60,8.05322,620.854,333.634
2743,26,61,8.53925,602.709,342.943
2744,26,62,8.14604,617.52,352
2745,26,63,7.85972,628.4,360.771
2746,26,64,7.62348,637.456,369.429
2747,26,65,8.16135,616.659,379.569
2748,26,66,7.65505,636.404,389.657
2749,26,67,7.6574,636.312,398.016
2750,26,68,7.57173,639.71,406.412
2751,26,69,8.26216,612.093,419.039
2752,26,70,8.17391,615.652,427.5
2753,26,71,8.18501,615.201,435.865
2754,26,72,8.0666,620.056,444.374
2755,26,73,8.75814,591.472,458.673
2756,26,74,8.80816,589.388,467.131
2757,26,75,9.06699,578.517,476.493
2758,26,76,9.18552,573.499,485.115
2759,26,77,9.92402,541.99,502.114
2760,26,78,9.99516,538.931,510.728
2761,26,79,10.1395,532.676,519.607
2762,26,80,10.3658,522.794,529.081
2763,26,81,11.2823,482.469,552.66
2764,26,82,11.4863,473.426,562.123
2765,26,83,11.6672,465.343,571.474
2766,26,84,11.8615,456.601,580.962
2767,26,85,12.5913,423.518,600.174
2768,26,86,12.6764,419.632,609.207
2769,26,87,12.7647,415.567,618.25
2770,26,88,12.9152,408.594,627.63
2771,26,89,13.5094,380.867,644.645
2772,26,90,13.5559,378.678,653.662
2773,26,91,13.6343,374.971,662.768
2774,26,92,13.7537,369.278,672.092
2775,26,93,14.2673,344.626,688.312
2776,26,94,14.2974,343.17,697.358
2777,26,95,14.4406,336.203,706.982
2778,26,96,14.5785,329.446,716.593
2779,26,97,15.1224,302.614,735.086
2780,26,98,15.1839,299.558,744.32
2781,26,99,15.2458,296.464,753.551
2782,26,100,15.3078,293.34,762.779
2783,26,101,15.7595,270.454,779.473
2784,26,102,15.7216,272.386,788.689
2785,26,103,15.7492,270.972,797.869
2786,26,104,15.7407,271.408,807.009
2787,26,105,16.0239,256.684,819.732
2788,26,106,15.8476,265.913,830.328
2789,26,107,15.661,275.737,841.171
2790,26,108,15.4914,284.729,851.79
2791,26,109,15.5642,280.842,861.246
2792,26,110,15.2582,297.269,875.512
2793,26,111,14.9447,314.197,890.065
2794,26,112,14.7111,326.886,902.321
2795,26,113,14.6581,329.786,911.768
2796,26,114,14.3129,348.771,927.959
2797,26,115,13.9798,367.205,943.63
2798,26,116,13.6581,385.112,958.862
2799,26,117,13.4806,395.052,970.116
2800,26,118,13.106,416.153,987.599
2801,26,119,12.7393,436.933,1004.6
2802,26,120,12.4658,452.52,1018.33
2803,26,121,12.4846,451.444,1027.99
2804,26,122,12.2734,463.622,1040.25
2805,26,123,12.0797,474.858,1052.17
2806,26,124,11.9326,483.439,1063.18
2807,26,125,12.0068,479.084,1073.2
2808,27,36,8.48485,598.727,90.7847
2809,27,37,17,343.273,102.5
2810,27,38,12.7972,470.758,111.724
2811,27,39,10.4945,541.374,120.254
2812,27,40,8.17582,613.253,128.952
2813,27,41,12.9643,463.214,140.704
2814,27,42,10.3676,545.441,150.144
2815,27,43,9.7549,565.049,158.369
2816,27,44,8.80289,595.831,166.746
2817,27,45,10.5088,540.105,176.024
2818,27,46,9.31579,579.474,184.812
2819,27,47,9.61039,569.654,192.885
2820,27,48,9.12479,586.002,201.048
2821,27,49,11.3735,509.545,213.765
2822,27,50,10.2913,546.701,223.064
2823,27,51,9.63077,569.6,231.692
2824,27,52,8.51624,608.609,241.545
2825,27,53,10.3419,544.103,254.733
2826,27,54,9.36234,579.039,264.541
2827,27,55,8.99015,592.438,273.064
2828,27,56,8.62959,605.539,281.587
2829,27,57,9.85484,560.613,293.481
2830,27,58,8.81965,598.915,304.562
2831,27,59,8.07487,626.72,314.486
2832,27,60,7.46371,649.74,324.034
2833,27,61,8.0112,628.936,333.467
2834,27,62,7.62548,643.722,342.429
2835,27,63,7.35183,654.303,351.124
2836,27,64,7.12988,662.959,359.712
2837,27,65,7.72065,639.722,370.02
2838,27,66,7.21107,659.935,379.969
2839,27,67,7.23519,658.97,388.325
2840,27,68,7.16555,661.779,396.689
2841,27,69,7.90698,631.628,409.554
2842,27,70,7.83087,634.748,417.989
2843,27,71,7.85771,633.639,426.357
2844,27,72,7.74838,638.194,434.828
2845,27,73,8.48289,607.345,449.346
2846,27,74,8.54646,604.654,457.823
2847,27,75,8.82653,592.704,467.26
2848,27,76,8.95942,586.99,475.921
2849,27,77,9.73575,553.349,493.053
2850,27,78,9.81687,549.807,501.692
2851,27,79,9.97339,542.92,510.611
2852,27,80,10.2142,532.243,520.135
2853,27,81,11.1696,489.571,543.693
2854,27,82,11.3848,479.884,553.187
2855,27,83,11.5757,471.231,562.566
2856,27,84,11.7798,461.91,572.081
2857,27,85,12.5371,427.074,591.214
2858,27,86,12.6268,422.917,600.267
2859,27,87,12.7197,418.582,609.328
2860,27,88,12.8765,411.212,618.726
2861,27,89,13.4908,382.138,635.656
2862,27,90,13.5394,379.821,644.689
2863,27,91,13.6206,375.921,653.81
2864,27,92,13.7441,369.955,663.147
2865,27,93,14.2733,344.2,679.276
2866,27,94,14.3041,342.689,688.336
2867,27,95,14.4512,335.432,697.964
2868,27,96,14.5928,328.402,707.578
2869,27,97,15.1516,300.461,725.935
2870,27,98,15.214,297.319,735.178
2871,27,99,15.2767,294.14,744.417
2872,27,100,15.3397,290.932,753.654
2873,27,101,15.8026,267.169,770.233
2874,27,102,15.7625,269.237,779.464
2875,27,103,15.7897,267.823,788.654
2876,27,104,15.78,268.33,797.806
2877,27,105,16.0694,253.092,810.474
2878,27,106,15.8875,262.732,821.083
2879,27,107,15.6953,272.98,831.934
2880,27,108,15.5207,282.351,842.561
2881,27,109,15.5946,278.359,852.02
2882,27,110,15.2806,295.425,866.261
2883,27,111,14.9592,312.995,880.779
2884,27,112,14.7198,326.157,893.019
2885,27,113,14.6654,329.171,902.477
2886,27,114,14.3122,348.831,918.605
2887,27,115,13.9716,367.906,934.213
2888,27,116,13.6429,386.42,949.385
2889,27,117,13.4619,396.68,960.622
2890,27,118,13.0795,418.472,978.012
2891,27,119,12.7055,439.916,994.926
2892,27,120,12.427,455.979,1008.6
2893,27,121,12.4469,454.821,1018.27
2894,27,122,12.2322,467.35,1030.5
2895,27,123,12.0353,478.899,1042.38
2896,27,124,11.8861,487.703,1053.38
2897,27,125,11.9628,483.153,1063.41
2898,28,37,16.8485,348.424,94.3792
2899,28,38,11.9091,501.545,103.564
2900,28,39,9.37063,581.084,112.087
2901,28,40,6.86813,660.33,120.721
2902,28,41,12.5275,479.231,132.486
2903,28,42,9.64286,572.5,141.853
2904,28,43,9.04412,592.059,150.113
2905,28,44,8.06373,624.412,158.485
2906,28,45,10.0413,558.493,167.848
2907,28,46,8.77193,601.228,176.596
2908,28,47,9.15038,588.361,184.733
2909,28,48,8.66234,605.117,192.902
2910,28,49,11.1575,518.617,205.595
2911,28,50,10,559.13,214.846
2912,28,51,9.3087,583.557,223.458
2913,28,52,8.13077,625.569,233.208
2914,28,53,10.1265,553.723,246.386
2915,28,54,9.09035,591.37,256.127
2916,28,55,8.711,605.279,264.651
2917,28,56,8.34483,618.828,273.169
2918,28,57,9.67075,569.327,285.077
2919,28,58,8.58065,610.387,296.043
2920,28,59,7.80425,639.89,305.893
2921,28,60,7.17246,664.109,315.379
2922,28,61,7.76929,641.031,324.87
2923,28,62,7.37535,656.395,333.804
2924,28,63,7.10039,667.21,342.481
2925,28,64,6.88004,675.951,351.057
2926,28,65,7.51505,650.55,361.425
2927,28,66,6.98988,671.732,371.3
2928,28,67,7.02627,670.252,379.679
2929,28,68,6.96341,672.829,388.051
2930,28,69,7.74978,640.326,400.955
2931,28,70,7.67744,643.34,409.4
2932,28,71,7.71247,641.869,417.791
2933,28,72,7.60474,646.43,426.263
2934,28,73,8.37743,613.462,440.778
2935,28,74,8.4482,610.419,449.28
2936,28,75,8.74403,597.599,458.745
2937,28,76,8.88571,591.412,467.432
2938,28,77,9.69604,555.758,484.47
2939,28,78,9.7819,551.951,493.13
2940,28,79,9.94579,544.631,502.067
2941,28,80,10.1967,533.338,511.599
2942,28,81,11.1881,488.396,534.903
2943,28,82,11.4105,478.239,544.397
2944,28,83,11.6073,469.187,553.777
2945,28,84,11.8175,459.449,563.289
2946,28,85,12.5996,422.951,582.225
2947,28,86,12.6902,418.69,591.285
2948,28,87,12.7841,414.247,600.353
2949,28,88,12.9439,406.628,609.745
2950,28,89,13.5758,376.297,626.514
2951,28,90,13.6233,374.005,635.556
2952,28,91,13.7044,370.054,644.679
2953,28,92,13.8291,363.946,654.009
2954,28,93,14.3718,337.174,669.993
2955,28,94,14.4006,335.743,679.06
2956,28,95,14.5492,328.313,688.67
2957,28,96,14.692,321.125,698.266
2958,28,97,15.2639,292.147,716.445
2959,28,98,15.3249,289.035,725.685
2960,28,99,15.3864,285.883,734.921
2961,28,100,15.448,282.699,744.152
2962,28,101,15.9205,258.129,760.587
2963,28,102,15.8762,260.444,769.834
2964,28,103,15.9012,259.132,779.025
2965,28,104,15.8883,259.812,788.188
2966,28,105,16.1823,244.134,800.772
2967,28,106,15.9929,254.296,811.422
2968,28,107,15.7934,265.073,822.312
2969,28,108,15.612,274.926,832.975
2970,28,109,15.6855,270.909,842.423
2971,28,110,15.3617,288.72,856.7
2972,28,111,15.0307,307.035,871.24
2973,28,112,14.7841,320.763,883.502
2974,28,113,14.7268,323.968,892.976
2975,28,114,14.3641,344.401,909.099
2976,28,115,14.0146,364.209,924.694
2977,28,116,13.6776,383.418,939.847
2978,28,117,13.4917,394.073,951.09
2979,28,118,13.1003,416.643,968.431
2980,28,119,12.7177,438.833,985.291
2981,28,120,12.4329,455.447,998.937
2982,28,121,12.4532,454.258,1008.62
2983,28,122,12.2338,467.205,1020.83
2984,28,123,12.0328,479.131,1032.71
2985,28,124,11.8805,488.214,1043.69
2986,28,125,11.9589,483.512,1053.74
2987,29,38,8.90909,606.545,95.0009
2988,29,39,6.45455,685.091,103.439
2989,29,40,4.02098,763.776,111.923
2990,29,41,10.989,536.154,123.987
2991,29,42,7.91209,637.692,133.199
2992,29,43,7.46429,652.619,141.468
2993,29,44,6.55882,683.103,149.793
2994,29,45,8.94608,601.936,159.338
2995,29,46,7.65738,646.182,167.994
2996,29,47,8.19298,627.614,176.205
2997,29,48,7.75188,643.053,184.35
2998,29,49,10.5714,543.429,197.189
2999,29,50,9.36194,586.567,206.347
3000,29,51,8.66601,611.621,214.909
3001,29,52,7.44348,656.039,224.51
3002,29,53,9.65385,574.992,237.814
3003,29,54,8.57436,614.933,247.449
3004,29,55,8.20513,628.718,255.954
3005,29,56,7.84893,642.135,264.447
3006,29,57,9.30049,586.975,276.455
3007,29,58,8.1624,630.602,287.27
3008,29,59,7.3629,661.516,297.017
3009,29,60,6.71921,686.62,306.414
3010,29,61,7.37968,660.642,315.996
3011,29,62,6.98549,676.278,324.881
3012,29,63,6.71709,687.014,333.525
3013,29,64,6.50579,695.536,342.073
3014,29,65,7.19535,667.494,352.547
3015,29,66,6.65937,689.469,362.324
3016,29,67,6.71457,687.188,370.723
3017,29,68,6.66417,689.288,379.095
3018,29,69,7.50348,654.037,392.108
3019,29,70,7.43943,656.748,400.556
3020,29,71,7.48716,654.712,408.968
3021,29,72,7.38478,659.114,417.432
3022,29,73,8.20158,623.719,432.014
3023,29,74,8.28307,620.161,440.542
3024,29,75,8.59852,606.281,450.053
3025,29,76,8.75217,599.469,458.774
3026,29,77,9.60102,561.554,475.779
3027,29,78,9.69412,557.365,484.465
3028,29,79,9.86787,549.488,493.429
3029,29,80,10.1315,537.45,502.983
3030,29,81,11.1627,490.013,526.09
3031,29,82,11.3943,479.282,535.595
3032,29,83,11.5988,469.737,544.986
3033,29,84,11.8168,459.493,554.504
3034,29,85,12.6264,421.173,573.272
3035,29,86,12.7192,416.747,582.345
3036,29,87,12.8153,412.136,591.424
3037,29,88,12.9794,404.203,600.818
3038,29,89,13.6309,372.499,617.447
3039,29,90,13.6781,370.187,626.5
3040,29,91,13.7601,366.141,635.63
3041,29,92,13.8869,359.842,644.96
3042,29,93,14.4445,331.963,660.812
3043,29,94,14.472,330.58,669.89
3044,29,95,14.6229,322.934,679.49
3045,29,96,14.7677,315.547,689.075
3046,29,97,15.354,285.449,707.086
3047,29,98,15.4142,282.34,716.327
3048,29,99,15.4748,279.187,725.564
3049,29,100,15.5357,276.001,734.796
3050,29,101,16.0188,250.562,751.092
3051,29,102,15.9707,253.11,760.356
3052,29,103,15.9937,251.88,769.553
3053,29,104,15.9781,252.718,778.727
3054,29,105,16.2774,236.557,791.237
3055,29,106,16.0808,247.241,801.918
3056,29,107,15.8739,258.549,812.839
3057,29,108,15.686,268.884,823.528
3058,29,109,15.7595,264.818,832.972
3059,29,110,15.4259,283.386,847.262
3060,29,111,15.0854,302.454,861.805
3061,29,112,14.8316,316.751,874.075
3062,29,113,14.7719,320.134,883.565
3063,29,114,14.3997,341.349,899.661
3064,29,115,14.0413,361.897,915.224
3065,29,116,13.6961,381.808,930.343
3066,29,117,13.5056,392.854,941.585
3067,29,118,13.1052,416.209,958.859
3068,29,119,12.7141,439.155,975.652
3069,29,120,12.4232,456.319,989.262
3070,29,121,12.4441,455.078,998.954
3071,29,122,12.2202,468.438,1011.14
3072,29,123,12.0153,480.735,1023
3073,29,124,11.8602,490.089,1033.98
3074,29,125,11.9406,485.212,1044.03
3075,30,39,14.9697,378.545,91.9865
3076,30,40,10.5455,524.545,100.951
3077,30,41,17.5874,289.814,112.365
3078,30,42,13.022,443.516,122.256
3079,30,43,11.7802,485.736,130.56
3080,30,44,10.1786,540.726,139.039
3081,30,45,12.4118,463.309,148.147
3082,30,46,10.5637,527.99,157.119
3083,30,47,10.8359,518.373,165.14
3084,30,48,10.0702,545.684,173.358
3085,30,49,12.9398,442.376,185.824
3086,30,50,11.3896,498.701,195.366
3087,30,51,10.4461,533.298,204.11
3088,30,52,8.96245,588.192,214.108
3089,30,53,11.2304,503.52,227.067
3090,30,54,9.93846,552.185,237.023
3091,30,55,9.4359,571.282,245.607
3092,30,56,8.96215,589.442,254.18
3093,30,57,10.4379,532.381,265.9
3094,30,58,9.14286,582.887,277.088
3095,30,59,8.22469,619.001,287.054
3096,30,60,7.48387,648.387,296.614
3097,30,61,8.13783,622.229,306.042
3098,30,62,7.6738,640.945,315.029
3099,30,63,7.34912,654.148,323.741
3100,30,64,7.08964,664.787,332.344
3101,30,65,7.78507,636.042,342.642
3102,30,66,7.18824,660.91,352.583
3103,30,67,7.21851,659.639,360.962
3104,30,68,7.13968,662.976,369.344
3105,30,69,7.99719,626.389,382.141
3106,30,70,7.90592,630.314,390.602
3107,30,71,7.93372,629.109,398.989
3108,30,72,7.8058,634.695,407.482
3109,30,73,8.64059,597.964,421.851
3110,30,74,8.70619,595.056,430.339
3111,30,75,9.01696,581.175,439.733
3112,30,76,9.15934,574.768,448.381
3113,30,77,10.0266,535.452,465.199
3114,30,78,10.1061,531.82,473.832
3115,30,79,10.2703,524.266,482.712
3116,30,80,10.5285,512.305,492.151
3117,30,81,11.5841,463.042,515.137
3118,30,82,11.8086,452.493,524.545
3119,30,83,12.0053,443.18,533.842
3120,30,84,12.2165,433.117,543.259
3121,30,85,13.0407,393.554,561.906
3122,30,86,13.1222,389.612,570.919
3123,30,87,13.2077,385.451,579.936
3124,30,88,13.3641,377.788,589.242
3125,30,89,14.0245,345.212,605.754
3126,30,90,14.0603,343.432,614.762
3127,30,91,14.1326,339.816,623.831
3128,30,92,14.2516,333.825,633.08
3129,30,93,14.8152,305.269,648.828
3130,30,94,14.8322,304.406,657.866
3131,30,95,14.9767,296.985,667.375
3132,30,96,15.1153,289.824,676.869
3133,30,97,15.7087,258.97,694.819
3134,30,98,15.7603,256.267,704.003
3135,30,99,15.8128,253.504,713.18
3136,30,100,15.8659,250.691,722.351
3137,30,101,16.3531,224.703,738.575
3138,30,102,16.2946,227.845,747.841
3139,30,103,16.3095,227.039,756.995
3140,30,104,16.2851,228.367,766.15
3141,30,105,16.5841,212.018,778.556
3142,30,106,16.3744,223.553,789.377
3143,30,107,16.1547,235.709,800.446
3144,30,108,15.955,246.829,811.263
3145,30,109,16.0236,242.988,820.645
3146,30,110,15.6752,262.609,835.232
3147,30,111,15.3204,282.719,850.047
3148,30,112,15.0548,297.857,862.481
3149,30,113,14.9884,301.666,871.99
3150,30,114,14.6023,323.928,888.341
3151,30,115,14.2309,345.472,904.111
3152,30,116,13.8733,366.33,919.398
3153,30,117,13.6745,377.993,930.716
3154,30,118,13.2613,402.37,948.15
3155,30,119,12.858,426.298,965.067
3156,30,120,12.5576,444.226,978.756
3157,30,121,12.576,443.119,988.445
3158,30,122,12.3445,457.09,1000.69
3159,30,123,12.1325,469.949,1012.6
3160,30,124,11.9717,479.756,1023.62
3161,30,125,12.0515,474.865,1033.66
3162,31,40,6.48485,674.788,92.1485
3163,31,41,15.5455,366.727,103.96
3164,31,42,10.5594,537.914,113.581
3165,31,43,9.50549,574.451,121.846
3166,31,44,8,627.143,130.212
3167,31,45,10.8214,527.452,139.558
3168,31,46,8.94118,594.515,148.36
3169,31,47,9.43627,576.691,156.447
3170,31,48,8.74097,601.954,164.587
3171,31,49,12.0526,480.526,177.329
3172,31,50,10.4361,540.338,186.71
3173,31,51,9.49351,575.528,195.354
3174,31,52,7.9616,633.23,205.137
3175,31,53,10.5138,536.245,218.34
3176,31,54,9.17391,587.609,228.139
3177,31,55,8.69231,606.231,236.674
3178,31,56,8.23932,623.897,245.191
3179,31,57,9.8779,559.446,257.091
3180,31,58,8.53038,612.898,268.08
3181,31,59,7.59113,650.468,277.905
3182,31,60,6.84316,680.636,287.343
3183,31,61,7.58065,650.645,296.892
3184,31,62,7.12243,669.432,305.802
3185,31,63,6.8115,682.284,314.458
3186,31,64,6.56837,692.414,323.01
3187,31,65,7.33333,660.286,333.46
3188,31,66,6.72844,685.893,343.275
3189,31,67,6.78521,683.471,351.667
3190,31,68,6.72502,686.059,360.035
3191,31,69,7.64777,646.073,373.017
3192,31,70,7.56942,649.494,381.468
3193,31,71,7.61498,647.49,389.871
3194,31,72,7.49615,652.758,398.34
3195,31,73,8.38417,613.093,412.855
3196,31,74,8.46441,609.482,421.368
3197,31,75,8.79974,594.281,430.825
3198,31,76,8.95776,587.064,439.512
3199,31,77,9.87049,545.079,456.371
3200,31,78,9.95983,540.939,465.031
3201,31,79,10.1367,532.684,473.944
3202,31,80,10.4106,519.814,483.421
3203,31,81,11.5122,467.669,506.277
3204,31,82,11.7481,456.427,515.706
3205,31,83,11.9545,446.517,525.023
3206,31,84,12.1753,435.844,534.458
3207,31,85,13.031,394.201,552.969
3208,31,86,13.1159,390.044,562
3209,31,87,13.2046,385.668,571.033
3210,31,88,13.3665,377.627,580.35
3211,31,89,14.0491,343.495,596.743
3212,31,90,14.0853,341.673,605.766
3213,31,91,14.1592,337.93,614.848
3214,31,92,14.2812,331.707,624.105
3215,31,93,14.8618,301.905,639.737
3216,31,94,14.8777,301.078,648.789
3217,31,95,15.0253,293.403,658.297
3218,31,96,15.1667,286.006,667.789
3219,31,97,15.7762,253.905,685.581
3220,31,98,15.8274,251.193,694.772
3221,31,99,15.8794,248.417,703.957
3222,31,100,15.9321,245.589,713.134
3223,31,101,16.4313,218.636,729.229
3224,31,102,16.3689,222.024,738.512
3225,31,103,16.3822,221.296,747.676
3226,31,104,16.3551,222.786,756.846
3227,31,105,16.6603,205.899,769.187
3228,31,106,16.4431,217.992,780.03
3229,31,107,16.2159,230.714,791.119
3230,31,108,16.0094,242.344,801.953
3231,31,109,16.0784,238.437,811.336
3232,31,110,15.72,258.865,825.912
3233,31,111,15.3552,279.778,840.706
3234,31,112,15.0823,295.516,853.133
3235,31,113,15.0136,299.5,862.655
3236,31,114,14.6178,322.591,878.954
3237,31,115,14.2372,344.916,894.671
3238,31,116,13.8712,366.512,909.904
3239,31,117,13.6679,378.576,921.211
3240,31,118,13.2455,403.78,938.558
3241,31,119,12.8335,428.498,955.39
3242,31,120,12.5269,446.997,969.031
3243,31,121,12.5464,445.812,978.731
3244,31,122,12.3105,460.206,990.949
3245,31,123,12.0947,473.44,1002.83
3246,31,124,11.9313,483.516,1013.83
3247,31,125,12.0136,478.415,1023.88
3248,32,41,13.6364,439.273,95.5734
3249,32,42,8.09091,633.364,104.997
3250,32,43,7.27273,662.273,113.274
3251,32,44,5.87912,711.978,121.587
3252,32,45,9.40659,584.989,131.143
3253,32,46,7.46429,655.56,139.836
3254,32,47,8.20588,628.368,148.012
3255,32,48,7.57353,651.765,156.125
3256,32,49,11.3829,509.549,169.005
3257,32,50,9.66667,574.193,178.277
3258,32,51,8.70677,610.669,186.866
3259,32,52,7.1039,672.113,196.482
3260,32,53,9.96612,561.44,209.807
3261,32,54,8.55731,616.383,219.492
3262,32,55,8.08696,634.884,228.009
3263,32,56,7.64615,652.369,236.502
3264,32,57,9.45641,579.959,248.5
3265,32,58,8.04029,637.076,259.328
3266,32,59,7.06897,676.576,269.045
3267,32,60,6.30542,707.882,278.393
3268,32,61,7.12792,673.885,288.041
3269,32,62,6.66935,692.992,296.903
3270,32,63,6.3673,705.678,305.528
3271,32,64,6.13636,715.455,314.056
3272,32,65,6.97173,679.812,324.615
3273,32,66,6.35294,706.42,334.332
3274,32,67,6.43372,702.92,342.749
3275,32,68,6.38928,704.86,351.121
3276,32,69,7.37827,661.345,364.209
3277,32,70,7.30972,664.384,372.665
3278,32,71,7.37054,661.667,381.093
3279,32,72,7.25784,666.739,389.557
3280,32,73,8.1995,624.05,404.126
3281,32,74,8.29206,619.823,412.668
3282,32,75,8.65046,603.337,422.169
3283,32,76,8.82213,595.383,430.89
3284,32,77,9.78045,550.661,447.697
3285,32,78,9.87743,546.103,456.383
3286,32,79,10.0651,537.218,465.322
3287,32,80,10.3531,523.494,474.818
3288,32,81,11.5011,468.389,497.453
3289,32,82,11.7466,456.522,506.892
3290,32,83,11.9611,446.085,516.219
3291,32,84,12.19,434.869,525.659
3292,32,85,13.0768,391.118,543.99
3293,32,86,13.1631,386.834,553.034
3294,32,87,13.2532,382.325,562.079
3295,32,88,13.4191,373.976,571.398
3296,32,89,14.1235,338.288,587.642
3297,32,90,14.1584,336.508,596.678
3298,32,91,14.2323,332.714,605.768
3299,32,92,14.3559,326.328,615.025
3300,32,93,14.9528,295.29,630.521
3301,32,94,14.9664,294.577,639.585
3302,32,95,15.1158,286.707,649.083
3303,32,96,15.2587,279.133,658.564
3304,32,97,15.8839,245.789,676.182
3305,32,98,15.9334,243.133,685.378
3306,32,99,15.9839,240.408,694.565
3307,32,100,16.0351,237.627,703.744
3308,32,101,16.5455,209.722,719.697
3309,32,102,16.4782,213.425,729
3310,32,103,16.4888,212.837,738.172
3311,32,104,16.4581,214.548,747.355
3312,32,105,16.7688,197.151,759.62
3313,32,106,16.5428,209.879,770.501
3314,32,107,16.307,223.24,781.623
3315,32,108,16.0929,235.448,792.487
3316,32,109,16.1614,231.516,801.866
3317,32,110,15.7919,252.828,816.459
3318,32,111,15.4162,274.617,831.256
3319,32,112,15.135,291.017,843.692
3320,32,113,15.0634,295.221,853.23
3321,32,114,14.6568,319.209,869.502
3322,32,115,14.2663,342.381,885.185
3323,32,116,13.891,364.775,900.382
3324,32,117,13.6824,377.286,911.687
3325,32,118,13.25,403.378,928.965
3326,32,119,12.8285,428.945,945.727
3327,32,120,12.5152,448.062,959.33
3328,32,121,12.5354,446.822,969.042
3329,32,122,12.2945,461.677,981.238
3330,32,123,12.0743,475.325,993.097
3331,32,124,11.9079,485.701,1004.09
3332,32,125,11.9924,480.404,1014.15
3333,33,42,5.27273,743.273,96.383
3334,33,43,4.81818,759.636,104.711
3335,33,44,3.6014,803.846,113.011
3336,33,45,8.02198,641.758,122.765
3337,33,46,6,716.571,131.387
3338,33,47,7.03571,677.905,139.668
3339,33,48,6.47059,699.191,147.785
3340,33,49,10.8578,532.475,160.716
3341,33,50,9.00929,603.337,169.917
3342,33,51,8.01754,641.684,178.481
3343,33,52,6.32331,707.759,187.965
3344,33,53,9.53247,581.532,201.333
3345,33,54,8.03501,640.932,210.936
3346,33,55,7.56917,659.565,219.455
3347,33,56,7.13478,677.086,227.944
3348,33,57,9.13077,595.915,239.986
3349,33,58,7.63077,657.415,250.683
3350,33,59,6.61783,699.284,260.318
3351,33,60,5.83196,732.028,269.598
3352,33,61,6.74384,693.729,279.326
3353,33,62,6.28031,713.352,288.16
3354,33,63,5.98387,726,296.771
3355,33,64,5.76246,735.521,305.29
3356,33,65,6.67112,696.145,315.93
3357,33,66,6.03361,723.983,325.57
3358,33,67,6.13725,719.423,334.019
3359,33,68,6.10682,720.772,342.405
3360,33,69,7.16453,673.528,355.545
3361,33,70,7.10362,676.269,364.017
3362,33,71,7.17814,672.891,372.472
3363,33,72,7.06942,677.856,380.943
3364,33,73,8.0662,632.003,395.509
3365,33,74,8.16952,627.217,404.08
3366,33,75,8.55029,609.447,413.61
3367,33,76,8.73432,600.798,422.36
3368,33,77,9.73913,553.237,439.062
3369,33,78,9.84212,548.327,447.771
3370,33,79,10.0393,538.862,456.73
3371,33,80,10.3403,524.314,466.234
3372,33,81,11.5357,466.138,488.599
3373,33,82,11.7897,453.694,498.039
3374,33,83,12.0109,442.782,507.368
3375,33,84,12.2466,431.071,516.805
3376,33,85,13.1648,385.163,534.933
3377,33,86,13.251,380.825,543.986
3378,33,87,13.3413,376.251,553.039
3379,33,88,13.5099,367.65,562.354
3380,33,89,14.2358,330.388,578.434
3381,33,90,14.268,328.722,587.481
3382,33,91,14.3407,324.942,596.576
3383,33,92,14.4649,318.447,605.828
3384,33,93,15.0777,286.168,621.176
3385,33,94,15.0878,285.637,630.251
3386,33,95,15.2381,277.619,639.733
3387,33,96,15.3816,269.916,649.197
3388,33,97,16.0223,235.32,666.636
3389,33,98,16.0691,232.777,675.832
3390,33,99,16.117,230.158,685.019
3391,33,100,16.1658,227.475,694.197
3392,33,101,16.6872,198.621,710.003
3393,33,102,16.6139,202.702,719.327
3394,33,103,16.6211,202.303,728.505
3395,33,104,16.5858,204.29,737.702
3396,33,105,16.9015,186.402,749.884
3397,33,106,16.6658,199.833,760.812
3398,33,107,16.4205,213.899,771.98
3399,33,108,16.1977,226.748,782.883
3400,33,109,16.2653,222.825,792.255
3401,33,110,15.8836,245.091,806.884
3402,33,111,15.4961,267.825,821.703
3403,33,112,15.2059,284.945,834.16
3404,33,113,15.1308,289.405,843.717
3405,33,114,14.7126,314.354,859.978
3406,33,115,14.3113,338.432,875.643
3407,33,116,13.926,361.68,890.816
3408,33,117,13.7117,374.678,902.126
3409,33,118,13.2686,401.713,919.348
3410,33,119,12.837,428.182,936.051
3411,33,120,12.5163,447.958,949.624
3412,33,121,12.5369,446.678,959.347
3413,33,122,12.2907,462.03,971.526
3414,33,123,12.0658,476.122,983.37
3415,33,124,11.8959,486.826,994.357
3416,33,125,11.9825,481.341,1004.43
3417,34,43,10.9091,516,95.0388
3418,34,44,8.36364,610.182,103.499
3419,34,45,12.7273,447.273,112.796
3420,34,46,9.67033,562.418,121.72
3421,34,47,10.3297,537.363,129.854
3422,34,48,9.25,578.75,138.061
3423,34,49,13.8382,401.338,150.461
3424,34,50,11.4216,495.588,160.023
3425,34,51,10.0516,549.474,168.764
3426,34,52,7.96491,632.246,178.56
3427,34,53,11.3308,497.609,191.488
3428,34,54,9.51948,570.667,201.354
3429,34,55,8.87634,596.821,209.955
3430,34,56,8.29051,620.84,218.524
3431,34,57,10.3565,535.445,230.248
3432,34,58,8.63846,607.031,241.221
3433,34,59,7.47009,656.103,251.022
3434,34,60,6.56288,694.508,260.427
3435,34,61,7.48768,655.049,270.019
3436,34,62,6.94089,678.562,278.939
3437,34,63,6.58065,694.172,287.612
3438,34,64,6.30645,706.145,296.181
3439,34,65,7.2379,665.161,306.653
3440,34,66,6.52741,696.66,316.415
3441,34,67,6.6081,693.056,324.856
3442,34,68,6.54902,695.714,333.258
3443,34,69,7.64093,646.215,346.165
3444,34,70,7.55097,650.322,354.656
3445,34,71,7.60586,647.797,363.101
3446,34,72,7.46964,654.109,371.603
3447,34,73,8.49625,606.201,385.925
3448,34,74,8.58362,602.094,394.471
3449,34,75,8.96281,584.146,403.899
3450,34,76,9.13621,575.88,412.594
3451,34,77,10.1684,526.334,429.053
3452,34,78,10.2569,522.057,437.726
3453,34,79,10.4447,512.921,446.619
3454,34,80,10.7412,498.389,456.023
3455,34,81,11.9697,437.783,478.158
3456,34,82,12.2163,425.535,487.515
3457,34,83,12.4293,414.886,496.766
3458,34,84,12.6579,403.379,506.116
3459,34,85,13.5956,355.871,524.064
3460,34,86,13.6688,352.138,533.075
3461,34,87,13.7469,348.127,542.081
3462,34,88,13.9069,339.859,551.322
3463,34,89,14.6446,301.502,567.249
3464,34,90,14.6636,300.506,576.266
3465,34,91,14.7252,297.264,585.315
3466,34,92,14.8404,291.154,594.501
3467,34,93,15.4612,258.045,609.713
3468,34,94,15.459,258.164,618.763
3469,34,95,15.6022,250.431,628.168
3470,34,96,15.7388,243.012,637.554
3471,34,97,16.3883,207.505,654.886
3472,34,98,16.4253,205.471,664.039
3473,34,99,16.4638,203.337,673.182
3474,34,100,16.5037,201.117,682.314
3475,34,101,17.0306,171.613,698.016
3476,34,102,16.9452,176.422,707.356
3477,34,103,16.943,176.544,716.507
3478,34,104,16.8977,179.128,725.7
3479,34,105,17.2135,161.024,737.772
3480,34,106,16.9629,175.477,748.847
3481,34,107,16.7029,190.557,760.166
3482,34,108,16.4666,204.34,771.199
3483,34,109,16.5289,200.683,780.522
3484,34,110,16.1304,224.192,795.421
3485,34,111,15.7267,248.149,810.479
3486,34,112,15.4233,266.25,823.082
3487,34,113,15.3408,271.199,832.663
3488,34,114,14.9072,297.362,849.132
3489,34,115,14.4914,322.589,864.96
3490,34,116,14.0924,346.926,880.263
3491,34,117,13.8691,360.622,891.637
3492,34,118,13.4118,388.824,908.969
3493,34,119,12.9668,416.409,925.753
3494,34,120,12.6358,437.045,939.381
3495,34,121,12.6542,435.891,949.106
3496,34,122,12.3997,451.922,961.327
3497,34,123,12.1674,466.635,973.209
3498,34,124,11.9916,477.832,984.225
3499,34,125,12.078,472.301,994.283
3500,35,44,4.06061,786.606,94.558
3501,35,45,10,560.909,104.179
3502,35,46,6.88811,680.198,112.929
3503,35,47,8.07692,634.231,121.171
3504,35,48,7.16484,669.802,129.316
3505,35,49,12.6429,454.333,141.993
3506,35,50,10.0735,556.25,151.39
3507,35,51,8.70098,611.152,160.039
3508,35,52,6.53251,698.614,169.613
3509,35,53,10.4035,541.193,182.777
3510,35,54,8.50376,619.083,192.49
3511,35,55,7.8961,644.199,201.056
3512,35,56,7.34613,667.115,209.583
3513,35,57,9.67391,569.348,221.476
3514,35,58,7.86957,645.732,232.251
3515,35,59,6.66923,696.946,241.918
3516,35,60,5.75385,736.308,251.211
3517,35,61,6.80708,690.667,260.935
3518,35,62,6.26984,714.127,269.791
3519,35,63,5.93103,729.034,278.421
3520,35,64,5.68187,740.081,286.955
3521,35,65,6.71371,693.992,297.58
3522,35,66,5.99157,726.488,307.224
3523,35,67,6.10963,721.136,315.691
3524,35,68,6.07639,722.654,324.094
3525,35,69,7.2577,668.314,337.163
3526,35,70,7.18404,671.727,345.655
3527,35,71,7.26174,668.101,354.124
3528,35,72,7.13645,673.989,362.614
3529,35,73,8.23279,622.096,377.042
3530,35,74,8.33771,617.095,385.617
3531,35,75,8.74739,597.43,395.102
3532,35,76,8.93931,588.154,403.836
3533,35,77,10.0287,535.137,420.285
3534,35,78,10.1276,530.293,428.986
3535,35,79,10.3294,520.336,437.91
3536,35,80,10.6438,504.718,447.343
3537,35,81,11.9288,440.472,469.293
3538,35,82,12.1874,427.456,478.666
3539,35,83,12.4102,416.165,487.933
3540,35,84,12.6487,404,497.296
3541,35,85,13.6235,353.961,515.082
3542,35,86,13.6985,350.09,524.11
3543,35,87,13.7784,345.931,533.133
3544,35,88,13.9432,337.308,542.382
3545,35,89,14.7063,297.115,558.173
3546,35,90,14.7239,296.188,567.206
3547,35,91,14.7855,292.902,576.268
3548,35,92,14.9026,286.613,585.461
3549,35,93,15.5424,252.068,600.546
3550,35,94,15.5374,252.34,609.612
3551,35,95,15.6827,244.395,619.014
3552,35,96,15.8211,236.785,628.396
3553,35,97,16.4886,199.849,645.561
3554,35,98,16.5236,197.901,654.722
3555,35,99,16.5603,195.844,663.873
3556,35,100,16.5985,193.694,673.012
3557,35,101,17.1382,163.107,688.578
3558,35,102,17.0472,168.298,697.941
3559,35,103,17.042,168.594,707.103
3560,35,104,16.9926,171.445,716.314
3561,35,105,17.3146,152.77,728.316
3562,35,106,17.0542,167.96,739.422
3563,35,107,16.7845,183.778,750.768
3564,35,108,16.5397,198.226,761.824
3565,35,109,16.6017,194.544,771.15
3566,35,110,16.1908,219.059,786.046
3567,35,111,15.775,244.008,801.088
3568,35,112,15.4626,262.855,813.688
3569,35,113,15.3771,268.046,823.285
3570,35,114,14.9317,295.216,839.705
3571,35,115,14.505,321.387,855.482
3572,35,116,14.096,346.609,870.733
3573,35,117,13.8672,360.793,882.098
3574,35,118,13.399,389.976,899.344
3575,35,119,12.9439,418.495,916.045
3576,35,120,12.6057,439.803,929.626
3577,35,121,12.6252,438.567,939.362
3578,35,122,12.3656,455.094,951.554
3579,35,123,12.1289,470.246,963.409
3580,35,124,11.95,481.757,974.41
3581,35,125,12.0392,475.987,984.482
3582,36,45,7.93939,647.455,95.7533
3583,36,46,4.63636,776.273,104.438
3584,36,47,6.3986,706.958,112.812
3585,36,48,5.6044,738.462,120.976
3586,36,49,12.0879,479.121,133.677
3587,36,50,9.25,593.583,143.002
3588,36,51,7.80882,652.191,151.632
3589,36,52,5.4902,747.255,161.071
3590,36,53,9.90712,564.689,174.263
3591,36,54,7.85965,650,183.897
3592,36,55,7.25564,675.368,192.473
3593,36,56,6.71429,698.286,201.003
3594,36,57,9.31112,587.487,212.931
3595,36,58,7.38142,670.464,223.575
3596,36,59,6.12174,725.051,233.163
3597,36,60,5.17692,766.308,242.393
3598,36,61,6.35556,714.448,252.202
3599,36,62,5.81197,738.547,261.036
3600,36,63,5.48166,753.3,269.659
3601,36,64,5.24631,763.892,278.191
3602,36,65,6.37597,712.68,288.896
3603,36,66,5.62903,746.79,298.467
3604,36,67,5.77713,739.978,306.972
3605,36,68,5.76203,740.677,315.395
3606,36,69,7.03132,681.444,328.503
3607,36,70,6.96639,684.496,337.015
3608,36,71,7.06049,680.042,345.515
3609,36,72,6.93931,685.818,354.016
3610,36,73,8.10373,629.926,368.421
3611,36,74,8.22065,624.275,377.028
3612,36,75,8.65666,603.055,386.538
3613,36,76,8.86237,592.976,395.301
3614,36,77,10.0073,536.493,411.625
3615,36,78,10.1117,531.305,420.349
3616,36,79,10.3235,520.719,429.292
3617,36,80,10.6522,504.174,438.729
3618,36,81,11.9926,436.259,460.39
3619,36,82,12.2595,422.648,469.763
3620,36,83,12.4886,410.887,479.031
3621,36,84,12.7337,398.224,488.39
3622,36,85,13.7441,345.685,505.964
3623,36,86,13.8172,341.857,515.002
3624,36,87,13.8957,337.724,524.034
3625,36,88,14.0622,328.895,533.279
3626,36,89,14.8492,286.922,548.901
3627,36,90,14.8622,286.227,557.948
3628,36,91,14.9211,283.049,567.016
3629,36,92,15.0376,276.717,576.204
3630,36,93,15.6947,240.793,591.138
3631,36,94,15.6844,241.362,600.218
3632,36,95,15.8297,233.323,609.604
3633,36,96,15.9677,225.637,618.971
3634,36,97,16.6521,187.315,635.953
3635,36,98,16.683,185.573,645.117
3636,36,99,16.7159,183.709,654.27
3637,36,100,16.7504,181.74,663.41
3638,36,101,17.302,150.119,678.827
3639,36,102,17.2033,155.809,688.215
3640,36,103,17.1934,156.384,697.386
3641,36,104,17.1381,159.608,706.615
3642,36,105,17.4651,140.422,718.534
3643,36,106,17.1932,156.469,729.695
3644,36,107,16.9122,173.14,741.092
3645,36,108,16.6571,188.36,752.192
3646,36,109,16.7177,184.726,761.512
3647,36,110,16.2927,210.363,776.45
3648,36,111,15.8633,236.416,791.516
3649,36,112,15.5405,256.106,804.138
3650,36,113,15.4508,261.611,813.754
3651,36,114,14.9922,289.888,830.163
3652,36,115,14.5533,317.099,845.92
3653,36,116,14.133,343.298,861.146
3654,36,117,13.8978,358.041,872.514
3655,36,118,13.4176,388.293,889.702
3656,36,119,12.9512,417.83,906.341
3657,36,120,12.6048,439.881,919.89
3658,36,121,12.6248,438.601,929.639
3659,36,122,12.3593,455.684,941.812
3660,36,123,12.1173,471.333,953.652
3661,36,124,11.9346,483.207,964.647
3662,36,125,12.0262,477.226,974.728
3663,37,46,1.75758,900.061,95.8481
3664,37,47,4.36364,795.818,104.38
3665,37,48,3.77622,819.51,112.584
3666,37,49,11.5385,503.846,125.294
3667,37,50,8.37363,633.604,134.567
3668,37,51,6.85714,696.286,143.194
3669,37,52,4.36765,800.015,152.517
3670,37,53,9.43627,587.132,165.714
3671,37,54,7.21362,681.225,175.284
3672,37,55,6.61404,706.807,183.881
3673,37,56,6.08271,729.654,192.426
3674,37,57,8.98701,603.801,204.368
3675,37,58,6.91135,694.438,214.898
3676,37,59,5.583,752.885,224.421
3677,37,60,4.60435,796.272,233.602
3678,37,61,5.92308,737.369,243.489
3679,37,62,5.37094,762.215,252.311
3680,37,63,5.04884,776.817,260.936
3681,37,64,4.82759,786.921,269.476
3682,37,65,6.06404,730.044,280.245
3683,37,66,5.2881,765.996,289.756
3684,37,67,5.46774,757.613,298.301
3685,37,68,5.47104,757.458,306.75
3686,37,69,6.83489,692.902,319.872
3687,37,70,6.77769,695.629,328.407
3688,37,71,6.88796,690.336,336.94
3689,37,72,6.76963,696.055,345.457
3690,37,73,8.00616,635.877,359.813
3691,37,74,8.13437,629.595,368.449
3692,37,75,8.59717,606.764,377.978
3693,37,76,8.81614,595.888,386.767
3694,37,77,10.0192,535.737,402.941
3695,37,78,10.128,530.257,411.688
3696,37,79,10.3488,519.07,420.645
3697,37,80,10.6913,501.603,430.082
3698,37,81,12.0896,429.825,451.435
3699,37,82,12.3639,415.655,460.804
3700,37,83,12.5983,403.464,470.069
3701,37,84,12.849,390.344,479.42
3702,37,85,13.8959,335.206,496.773
3703,37,86,13.9659,331.497,505.821
3704,37,87,14.0416,327.458,514.86
3705,37,88,14.209,318.476,524.098
3706,37,89,15.0202,274.673,539.546
3707,37,90,15.0273,274.288,548.604
3708,37,91,15.0823,271.281,557.677
3709,37,92,15.1972,264.959,566.86
3710,37,93,15.8718,227.632,581.639
3711,37,94,15.855,228.567,590.731
3712,37,95,15.9994,220.479,600.1
3713,37,96,16.1364,212.761,609.449
3714,37,97,16.8377,173.025,626.246
3715,37,98,16.8636,171.546,635.413
3716,37,99,16.8918,169.929,644.566
3717,37,100,16.9219,168.191,653.706
3718,37,101,17.4851,135.525,668.973
3719,37,102,17.3779,141.779,678.388
3720,37,103,17.3625,142.683,687.568
3721,37,104,17.3006,146.334,696.815
3722,37,105,17.6324,126.647,708.648
3723,37,106,17.3479,143.624,719.871
3724,37,107,17.0547,161.219,731.326
3725,37,108,16.7885,177.275,742.477
3726,37,109,16.8472,173.719,751.791
3727,37,110,16.4073,200.553,766.781
3728,37,111,15.9633,227.782,781.882
3729,37,112,15.6294,248.373,794.532
3730,37,113,15.535,254.226,804.169
3731,37,114,15.0625,283.676,820.576
3732,37,115,14.6108,311.987,836.321
3733,37,116,14.1785,339.219,851.528
3734,37,117,13.9363,354.558,862.902
3735,37,118,13.4435,385.936,880.038
3736,37,119,12.9652,416.543,896.621
3737,37,120,12.6103,439.377,910.142
3738,37,121,12.6306,438.062,919.902
3739,37,122,12.3588,455.732,932.061
3740,37,123,12.1112,471.905,943.887
3741,37,124,11.9246,484.164,954.877
3742,37,125,12.0184,477.971,964.968
3743,38,47,13.8788,377.152,92.2642
3744,38,48,11.4545,476.545,100.5
3745,38,49,19.2308,155.128,112.676
3746,38,50,14.3956,356.593,122.75
3747,38,51,11.8022,465.516,131.663
3748,38,52,8.32143,612.869,141.574
3749,38,53,13.5294,390.662,154.284
3750,38,54,10.5637,518.186,164.336
3751,38,55,9.52528,563.185,173.014
3752,38,56,8.63158,602.211,181.635
3753,38,57,11.5714,472.857,193.178
3754,38,58,9.05195,584.554,204.239
3755,38,59,7.40824,657.973,214.039
3756,38,60,6.18577,712.984,223.41
3757,38,61,7.48261,654.194,233.062
3758,38,62,6.76154,687.123,241.992
3759,38,63,6.30769,708,250.675
3760,38,64,5.9768,723.331,259.252
3761,38,65,7.21949,665.339,269.771
3762,38,66,6.31034,708.069,279.49
3763,38,67,6.43382,702.225,287.973
3764,38,68,6.375,705.028,296.402
3765,38,69,7.7676,638.184,309.26
3766,38,70,7.6504,643.848,317.788
3767,38,71,7.71581,640.665,326.264
3768,38,72,7.54342,649.112,334.796
3769,38,73,8.80566,586.841,348.919
3770,38,74,8.89758,582.276,357.485
3771,38,75,9.34457,559.927,366.853
3772,38,76,9.53644,550.269,375.533
3773,38,77,10.7636,488.093,391.536
3774,38,78,10.8415,484.122,400.208
3775,38,79,11.0388,473.991,409.051
3776,38,80,11.3651,457.131,418.336
3777,38,81,12.7963,382.709,439.658
3778,38,82,13.0514,369.361,448.903
3779,38,83,13.2661,358.052,458.05
3780,38,84,13.4991,345.705,467.274
3781,38,85,14.5625,288.988,484.54
3782,38,86,14.6082,286.539,493.52
3783,38,87,14.6612,283.673,502.487
3784,38,88,14.8109,275.543,511.617
3785,38,89,15.6301,230.76,526.963
3786,38,90,15.6144,231.621,535.976
3787,38,91,15.6497,229.668,544.98
3788,38,92,15.7482,224.185,554.068
3789,38,93,16.4272,186.161,568.75
3790,38,94,16.3903,188.238,577.807
3791,38,95,16.5213,180.818,587.069
3792,38,96,16.6452,173.752,596.311
3793,38,97,17.3529,133.181,613.078
3794,38,98,17.3628,132.61,622.186
3795,38,99,17.3758,131.855,631.278
3796,38,100,17.3915,130.938,640.355
3797,38,101,17.9576,97.7248,655.563
3798,38,102,17.8326,105.102,665.008
3799,38,103,17.8029,106.862,674.152
3800,38,104,17.7261,111.449,683.397
3801,38,105,18.0551,91.7059,695.112
3802,38,106,17.7501,110.109,706.567
3803,38,107,17.437,129.105,718.26
3804,38,108,17.1526,146.453,729.608
3805,38,109,17.2027,143.378,738.857
3806,38,110,16.741,171.849,754.269
3807,38,111,16.276,200.678,769.737
3808,38,112,15.9249,222.566,782.605
3809,38,113,15.8202,229.125,792.274
3810,38,114,15.3281,260.13,809.002
3811,38,115,14.8579,289.907,824.998
3812,38,116,14.4085,318.522,840.406
3813,38,117,14.1545,334.778,851.87
3814,38,118,13.6441,367.613,869.19
3815,38,119,13.1493,399.61,885.914
3816,38,120,12.7814,423.525,899.524
3817,38,121,12.7981,422.431,909.282
3818,38,122,12.5159,440.961,921.505
3819,38,123,12.259,457.92,933.387
3820,38,124,12.0646,470.814,944.419
3821,38,125,12.1574,464.629,954.492
3822,39,48,9.33333,572,92.3349
3823,39,49,18.9091,169.818,104.478
3824,39,50,13.3217,406.352,114.419
3825,39,51,10.4945,526.978,123.276
3826,39,52,6.7033,690,132.982
3827,39,53,12.8214,424.881,145.758
3828,39,54,9.57353,566.706,155.684
3829,39,55,8.52941,612.647,164.356
3830,39,56,7.64706,651.765,172.963
3831,39,57,11,502,184.584
3832,39,58,8.28571,624.143,195.463
3833,39,59,6.55844,702.446,205.152
3834,39,60,5.30209,759.819,214.434
3835,39,61,6.78854,691.443,224.2
3836,39,62,6.06522,724.957,233.09
3837,39,63,5.63077,745.231,241.753
3838,39,64,5.3265,759.532,250.316
3839,39,65,6.7094,694.074,260.952
3840,39,66,5.77176,738.768,270.573
3841,39,67,5.94089,730.65,279.094
3842,39,68,5.91101,732.094,287.538
3843,39,69,7.42339,658.492,300.485
3844,39,70,7.32038,663.539,309.027
3845,39,71,7.40976,659.13,317.534
3846,39,72,7.24523,667.302,326.069
3847,39,73,8.59664,599.731,340.214
3848,39,74,8.70528,594.263,348.813
3849,39,75,9.18682,569.865,358.22
3850,39,76,9.39709,559.141,366.935
3851,39,77,10.6943,492.549,382.847
3852,39,78,10.7795,488.146,391.547
3853,39,79,10.9895,477.226,400.415
3854,39,80,11.3338,459.212,409.717
3855,39,81,12.833,380.254,430.773
3856,39,82,13.098,366.21,440.028
3857,39,83,13.3202,354.359,449.185
3858,39,84,13.5609,341.439,458.415
3859,39,85,14.667,281.711,475.481
3860,39,86,14.7102,279.365,484.478
3861,39,87,14.7612,276.573,493.46
3862,39,88,14.9128,268.234,502.596
3863,39,89,15.7602,221.348,517.783
3864,39,90,15.7389,222.532,526.814
3865,39,91,15.7708,220.744,535.832
3866,39,92,15.8685,215.243,544.924
3867,39,93,16.5678,175.615,559.463
3868,39,94,16.5246,178.078,568.539
3869,39,95,16.6554,170.577,577.795
3870,39,96,16.779,163.449,587.031
3871,39,97,17.5061,121.278,603.617
3872,39,98,17.5113,120.979,612.735
3873,39,99,17.5198,120.476,621.837
3874,39,100,17.5314,119.793,630.923
3875,39,101,18.1111,85.3991,645.985
3876,39,102,17.9773,93.3791,655.459
3877,39,103,17.9423,95.4808,664.618
3878,39,104,17.8589,100.514,673.886
3879,39,105,18.1938,80.1963,685.526
3880,39,106,17.8757,99.5992,697.028
3881,39,107,17.5499,119.584,708.762
3882,39,108,17.2541,137.821,720.146
3883,39,109,17.3028,134.803,729.397
3884,39,110,16.8255,164.554,744.821
3885,39,111,16.3455,194.636,760.286
3886,39,112,15.983,217.475,773.158
3887,39,113,15.874,224.378,782.844
3888,39,114,15.3675,256.626,799.531
3889,39,115,14.8841,287.563,815.482
3890,39,116,14.4224,317.263,830.841
3891,39,117,14.1616,334.127,842.298
3892,39,118,13.6383,368.143,859.536
3893,39,119,13.1314,401.259,876.179
3894,39,120,12.755,425.979,889.743
3895,39,121,12.7728,424.805,899.513
3896,39,122,12.4845,443.93,911.708
3897,39,123,12.2222,461.414,923.565
3898,39,124,12.0242,474.683,934.584
3899,39,125,12.12,468.229,944.67
3900,40,49,18.4242,192.121,96.1698
3901,40,50,11.9091,472.273,105.985
3902,40,51,8.84615,605,114.798
3903,40,52,4.72527,784.945,124.309
3904,40,53,12,464.857,137.164
3905,40,54,8.42857,623.19,146.974
3906,40,55,7.39706,669.265,155.651
3907,40,56,6.54412,707.647,164.256
3908,40,57,10.3922,533.203,175.951
3909,40,58,7.45614,667.281,186.66
3910,40,59,5.6391,750.865,196.249
3911,40,60,4.35065,810.563,205.453
3912,40,61,6.05872,730.853,215.336
3913,40,62,5.33597,764.822,224.195
3914,40,63,4.92609,784.223,232.847
3915,40,64,4.65385,797.2,241.406
3916,40,65,6.19487,723.231,252.153
3917,40,66,5.22589,770.065,261.687
3918,40,67,5.44609,759.349,270.252
3919,40,68,5.44828,759.241,278.719
3920,40,69,7.09232,678.135,291.735
3921,40,70,7.00403,682.52,300.297
3922,40,71,7.11877,676.783,308.838
3923,40,72,6.9619,684.679,317.382
3924,40,73,8.40947,611.335,331.526
3925,40,74,8.53501,604.933,340.159
3926,40,75,9.05277,578.355,349.6
3927,40,76,9.28165,566.529,358.349
3928,40,77,10.6532,495.206,374.147
3929,40,78,10.7449,490.408,382.874
3930,40,79,10.9672,478.704,391.766
3931,40,80,11.3293,459.512,401.08
3932,40,81,12.9001,375.735,421.85
3933,40,82,13.1743,361.021,431.111
3934,40,83,13.4031,348.664,440.276
3935,40,84,13.6509,335.202,449.509
3936,40,85,14.8011,272.322,466.365
3937,40,86,14.8404,270.16,475.379
3938,40,87,14.8882,267.517,484.377
3939,40,88,15.0408,259.02,493.515
3940,40,89,15.9169,209.958,508.537
3941,40,90,15.8887,211.549,517.587
3942,40,91,15.9161,209.997,526.618
3943,40,92,16.0119,204.533,535.713
3944,40,93,16.7318,163.258,550.104
3945,40,94,16.6811,166.185,559.199
3946,40,95,16.811,158.65,568.448
3947,40,96,16.9335,151.505,577.676
3948,40,97,17.6803,107.69,594.079
3949,40,98,17.6797,107.726,603.208
3950,40,99,17.683,107.534,612.318
3951,40,100,17.6896,107.139,621.413
3952,40,101,18.2828,71.5434,636.327
3953,40,102,18.1394,80.1978,645.833
3954,40,103,18.0982,82.6964,655.007
3955,40,104,18.0074,88.2343,664.299
3956,40,105,18.348,67.3472,675.861
3957,40,106,18.0158,87.8314,687.418
3958,40,107,17.6763,108.883,699.199
3959,40,108,17.3683,128.08,710.623
3960,40,109,17.4151,125.147,719.875
3961,40,110,16.9212,156.263,735.323
3962,40,111,16.4252,187.677,750.792
3963,40,112,16.0505,211.529,763.673
3964,40,113,15.9368,218.811,773.379
3965,40,114,15.4151,252.372,790.031
3966,40,115,14.9177,284.536,805.941
3967,40,116,14.4432,315.379,821.257
3968,40,117,14.1752,332.888,832.71
3969,40,118,13.6383,368.147,849.87
3970,40,119,13.1187,402.436,866.435
3971,40,120,12.7333,428.004,879.957
3972,40,121,12.752,426.754,889.74
3973,40,122,12.4573,446.502,901.909
3974,40,123,12.1894,464.538,913.743
3975,40,124,11.9875,478.202,924.749
3976,40,125,12.0864,471.475,934.848
3977,41,50,7.33333,687.333,96.8922
3978,41,51,4.54545,810,105.537
3979,41,52,0.454545,991.364,114.708
3980,41,53,9.50549,587.088,128.125
3981,41,54,5.78022,754.725,137.717
3982,41,55,4.96429,791.714,146.348
3983,41,56,4.30882,821.647,154.9
3984,41,57,8.87255,611.716,166.907
3985,41,58,5.77915,755.043,177.364
3986,41,59,3.94737,840.526,186.789
3987,41,60,2.69925,899.188,195.86
3988,41,61,4.72727,803.195,205.957
3989,41,62,4.05985,835.008,214.745
3990,41,63,3.7253,851.067,223.355
3991,41,64,3.53043,860.486,231.884
3992,41,65,5.28462,775.115,242.861
3993,41,66,4.31111,822.817,252.263
3994,41,67,4.61538,807.806,260.874
3995,41,68,4.67707,804.743,269.352
3996,41,69,6.48768,714.212,282.591
3997,41,70,6.43382,716.923,291.159
3998,41,71,6.59274,708.871,299.734
3999,41,72,6.45894,715.695,308.269
4000,41,73,8.02473,635.318,322.547
4001,41,74,8.18029,627.28,331.215
4002,41,75,8.7479,597.765,340.722
4003,41,76,9.00644,584.235,349.515
4004,41,77,10.467,507.309,365.307
4005,41,78,10.5734,501.674,374.065
4006,41,79,10.8158,488.745,382.992
4007,41,80,11.2036,467.934,392.339
4008,41,81,12.8571,378.641,412.916
4009,41,82,13.1464,362.924,422.198
4010,41,83,13.3872,349.761,431.383
4011,41,84,13.6469,335.476,440.633
4012,41,85,14.8485,268.99,457.326
4013,41,86,14.8874,266.821,466.361
4014,41,87,14.9352,264.144,475.379
4015,41,88,15.0923,255.299,484.531
4016,41,89,16.002,203.745,499.419
4017,41,90,15.9693,205.613,508.491
4018,41,91,15.9946,204.162,517.539
4019,41,92,16.0911,198.596,526.646
4020,41,93,16.8352,155.439,540.914
4021,41,94,16.7787,158.732,550.03
4022,41,95,16.9098,151.042,559.282
4023,41,96,17.0332,143.765,568.513
4024,41,97,17.8027,98.1052,584.75
4025,41,98,17.7978,98.3949,593.893
4026,41,99,17.7972,98.4337,603.018
4027,41,100,17.8002,98.251,612.126
4028,41,101,18.4093,61.2998,626.906
4029,41,102,18.2572,70.5809,636.44
4030,41,103,18.2109,73.4165,645.632
4031,41,104,18.1138,79.4071,654.947
4032,41,105,18.4615,57.8462,666.446
4033,41,106,18.1159,79.3938,678.033
4034,41,107,17.7632,101.494,689.838
4035,41,108,17.4436,121.628,701.28
4036,41,109,17.4896,118.716,710.54
4037,41,110,16.9794,151.195,725.969
4038,41,111,16.4678,183.94,741.405
4039,41,112,16.0816,208.787,754.271
4040,41,113,15.9638,216.401,763.991
4041,41,114,15.4273,251.274,780.575
4042,41,115,14.9164,284.657,796.418
4043,41,116,14.4294,316.635,811.667
4044,41,117,14.1548,334.758,823.103
4045,41,118,13.6046,371.253,840.163
4046,41,119,13.0728,406.709,856.631
4047,41,120,12.6789,433.102,870.098
4048,41,121,12.6994,431.718,879.894
4049,41,122,12.3988,452.062,892.026
4050,41,123,12.1259,470.62,903.827
4051,41,124,11.9206,484.644,914.814
4052,41,125,12.0235,477.583,924.93
4053,42,51,14.1212,350.364,93.719
4054,42,52,7.54545,646.273,103.708
4055,42,53,16.9231,221.154,116.486
4056,42,54,11.4835,469.56,126.733
4057,42,55,9.73626,549.934,135.454
4058,42,56,8.35714,613.833,144.08
4059,42,57,12.9853,397.853,155.59
4060,42,58,9.04412,583.088,166.691
4061,42,59,6.64603,696.598,176.421
4062,42,60,4.98246,775.895,185.689
4063,42,61,6.98496,679.774,195.495
4064,42,62,6.03896,725.498,204.392
4065,42,63,5.49407,752.016,213.05
4066,42,64,5.12846,769.931,221.601
4067,42,65,6.89565,682.749,232.279
4068,42,66,5.71538,741.369,241.907
4069,42,67,5.93504,730.386,250.432
4070,42,68,5.90354,731.972,258.871
4071,42,69,7.75588,638.12,271.811
4072,42,70,7.61084,645.517,280.364
4073,42,71,7.70189,640.843,288.864
4074,42,72,7.4879,651.899,297.409
4075,42,73,9.08724,568.734,311.434
4076,42,74,9.18783,563.469,320.019
4077,42,75,9.72956,534.938,329.342
4078,42,76,9.94678,523.426,338.01
4079,42,77,11.4363,443.985,353.626
4080,42,78,11.496,440.782,362.303
4081,42,79,11.7026,429.625,371.103
4082,42,80,12.0648,409.946,380.282
4083,42,81,13.758,317.385,400.852
4084,42,82,14.0174,303.115,410
4085,42,83,14.2282,291.453,419.059
4086,42,84,14.4609,278.499,428.171
4087,42,85,15.6801,210.226,444.78
4088,42,86,15.6838,210.015,453.751
4089,42,87,15.699,209.151,462.699
4090,42,88,15.8302,201.672,471.739
4091,42,89,16.7472,149.102,486.52
4092,42,90,16.6827,152.822,495.555
4093,42,91,16.6804,152.951,504.54
4094,42,92,16.7538,148.669,513.552
4095,42,93,17.5011,104.832,527.717
4096,42,94,17.4174,109.771,536.81
4097,42,95,17.5296,103.109,545.952
4098,42,96,17.6349,96.8268,555.072
4099,42,97,18.4105,50.2946,571.281
4100,42,98,18.3841,51.8845,580.374
4101,42,99,18.3632,53.1514,589.446
4102,42,100,18.3472,54.1309,598.498
4103,42,101,18.9583,16.6467,613.216
4104,42,102,18.7832,27.4469,622.807
4105,42,103,18.7185,31.4578,631.977
4106,42,104,18.6022,38.7097,641.31
4107,42,105,18.9455,17.1923,652.679
4108,42,106,18.5743,40.5787,664.562
4109,42,107,18.1971,64.4708,676.658
4110,42,108,17.855,86.2499,688.341
4111,42,109,17.8902,83.9945,697.54
4112,42,110,17.3537,118.512,713.445
4113,42,111,16.8167,153.235,729.286
4114,42,112,16.4098,179.685,742.388
4115,42,113,16.2797,188.187,752.148
4116,42,114,15.7198,224.952,769.065
4117,42,115,15.1871,260.109,785.163
4118,42,116,14.6799,293.751,800.613
4119,42,117,14.3915,312.979,812.14
4120,42,118,13.8209,351.21,829.377
4121,42,119,13.2699,388.312,845.979
4122,42,120,12.861,415.98,859.53
4123,42,121,12.8775,414.857,869.325
4124,42,122,12.565,436.21,881.519
4125,42,123,12.2814,455.685,893.373
4126,42,124,12.0675,470.445,904.401
4127,42,125,12.1693,463.389,914.5
4128,43,52,2.66667,885.333,94.5485
4129,43,53,14.6364,334.727,107.764
4130,43,54,8.67133,611.107,117.749
4131,43,55,7.08791,685,126.417
4132,43,56,5.89011,741.297,134.981
4133,43,57,11.4643,477.452,146.757
4134,43,58,7.22059,679.735,157.568
4135,43,59,4.7549,798.088,167.118
4136,43,60,3.11662,877.272,176.244
4137,43,61,5.52632,760,186.263
4138,43,62,4.63158,803.842,195.085
4139,43,63,4.16883,826.671,203.698
4140,43,64,3.89046,840.497,212.217
4141,43,65,5.91897,739.071,223.121
4142,43,66,4.72174,799.332,232.607
4143,43,67,5.03846,783.285,241.179
4144,43,68,5.0735,781.497,249.628
4145,43,69,7.12454,676.211,262.777
4146,43,70,7.01423,681.91,271.335
4147,43,71,7.15271,674.709,279.868
4148,43,72,6.96107,684.739,288.402
4149,43,73,8.69758,593.282,302.542
4150,43,74,8.82881,586.327,311.162
4151,43,75,9.42513,554.523,320.547
4152,43,76,9.67303,541.219,329.259
4153,43,77,11.2633,455.345,344.847
4154,43,78,11.3359,451.4,353.555
4155,43,79,11.5624,439.021,362.389
4156,43,80,11.951,417.646,371.6
4157,43,81,13.7368,318.829,391.951
4158,43,82,14.0103,303.605,401.12
4159,43,83,14.2317,291.207,410.199
4160,43,84,14.4753,277.483,419.329
4161,43,85,15.7505,205.222,435.763
4162,43,86,15.7512,205.182,444.756
4163,43,87,15.7642,204.44,453.727
4164,43,88,15.8982,196.709,462.782
4165,43,89,16.8513,141.432,477.423
4166,43,90,16.7797,145.605,486.482
4167,43,91,16.7735,145.973,495.487
4168,43,92,16.8461,141.688,504.513
4169,43,93,17.619,95.8293,518.55
4170,43,94,17.5275,101.287,527.667
4171,43,95,17.6399,94.5452,536.815
4172,43,96,17.745,88.2042,545.94
4173,43,97,18.5447,39.6869,561.978
4174,43,98,18.5126,41.6442,571.089
4175,43,99,18.4865,43.2467,580.178
4176,43,100,18.4657,44.5332,589.247
4177,43,101,19.0935,5.60608,603.829
4178,43,102,18.908,17.1678,613.45
4179,43,103,18.8371,21.6113,622.641
4180,43,104,18.7132,29.4183,631.999
4181,43,105,19.0639,7.20494,643.307
4182,43,106,18.6774,31.813,655.219
4183,43,107,18.2854,56.9025,667.337
4184,43,108,17.9303,79.7488,679.036
4185,43,109,17.9643,77.5473,688.245
4186,43,110,17.4098,113.59,704.122
4187,43,111,16.8557,149.794,719.92
4188,43,112,16.436,177.352,733.001
4189,43,113,16.3015,186.231,742.774
4190,43,114,15.7254,224.441,759.612
4191,43,115,15.178,260.936,775.633
4192,43,116,14.6574,295.819,791.009
4193,43,117,14.3619,315.716,802.515
4194,43,118,13.777,355.291,819.644
4195,43,119,13.2128,393.656,836.143
4196,43,120,12.7949,422.213,849.633
4197,43,121,12.8135,420.936,859.441
4198,43,122,12.4948,442.925,871.595
4199,43,123,12.206,462.955,883.413
4200,43,124,11.9887,478.093,894.418
4201,43,125,12.0948,470.664,904.534
4202,44,53,14.3636,348.364,99.1638
4203,44,54,7.36364,677.364,109.072
4204,44,55,5.73427,754.487,117.787
4205,44,56,4.56044,810.44,126.39
4206,44,57,11.1209,495.538,138.151
4207,44,58,6.35714,725.786,148.823
4208,44,59,3.69118,855.529,158.306
4209,44,60,1.98529,939.118,167.388
4210,44,61,4.78844,800.829,177.509
4211,44,62,3.87719,846.088,186.333
4212,44,63,3.44361,867.767,194.966
4213,44,64,3.20779,879.636,203.51
4214,44,65,5.48278,764.37,214.478
4215,44,66,4.21937,828.804,223.909
4216,44,67,4.60435,809.042,232.536
4217,44,68,4.67692,805.292,241.026
4218,44,69,6.91624,688.848,254.151
4219,44,70,6.81319,694.241,262.743
4220,44,71,6.97592,685.67,271.317
4221,44,72,6.78325,695.882,279.877
4222,44,73,8.64739,596.461,293.918
4223,44,74,8.79032,588.79,302.573
4224,44,75,9.42632,554.446,311.969
4225,44,76,9.68917,540.165,320.707
4226,44,77,11.372,448.168,336.096
4227,44,78,11.4426,444.289,344.83
4228,44,79,11.6757,431.39,353.68
4229,44,80,12.0792,408.928,362.886
4230,44,81,13.9523,304.034,382.88
4231,44,82,14.2287,288.461,392.046
4232,44,83,14.4503,275.907,401.125
4233,44,84,14.6951,261.951,410.248
4234,44,85,16.0206,185.958,426.439
4235,44,86,16.0088,186.64,435.45
4236,44,87,16.0106,186.535,444.436
4237,44,88,16.1397,179.005,453.489
4238,44,89,17.1237,121.277,467.943
4239,44,90,17.0375,126.362,477.026
4240,44,91,17.0202,127.387,486.045
4241,44,92,17.0857,123.478,495.072
4242,44,93,17.88,75.8233,508.945
4243,44,94,17.7747,82.1759,518.087
4244,44,95,17.8818,75.6736,527.224
4245,44,96,17.9818,69.5775,536.338
4246,44,97,18.8024,19.2482,552.182
4247,44,98,18.7597,21.8766,561.307
4248,44,99,18.7239,24.1015,570.408
4249,44,100,18.6939,25.9666,579.488
4250,44,101,19.3356,-14.2425,593.912
4251,44,102,19.1356,-1.64407,603.579
4252,44,103,19.0547,3.4768,612.791
4253,44,104,18.9196,12.0793,622.183
4254,44,105,19.275,-10.6658,633.404
4255,44,106,18.8695,15.4203,645.4
4256,44,107,18.4592,41.9517,657.593
4257,44,108,18.0878,66.0927,669.352
4258,44,109,18.1182,64.113,678.562
4259,44,110,17.5425,101.914,694.493
4260,44,111,16.9682,139.82,710.319
4261,44,112,16.5331,168.682,723.422
4262,44,113,16.3919,178.092,733.218
4263,44,114,15.7971,217.943,750.037
4264,44,115,15.2325,255.961,766.03
4265,44,116,14.6961,292.257,781.371
4266,44,117,14.3916,312.966,792.878
4267,44,118,13.7903,354.05,809.936
4268,44,119,13.2109,393.835,826.364
4269,44,120,12.7822,423.417,839.816
4270,44,121,12.8016,422.071,849.637
4271,44,122,12.4752,444.814,861.769
4272,44,123,12.1796,465.507,873.567
4273,44,124,11.9575,481.122,884.563
4274,44,125,12.067,473.385,894.692
4275,45,54,3.27273,886,99.9639
4276,45,55,2.09091,942.727,108.678
4277,45,56,1.32867,979.569,117.276
4278,45,57,9.3956,586.978,129.284
4279,45,58,4.1978,841.67,139.713
4280,45,59,1.46429,976.524,149.061
4281,45,60,-0.176471,1058.01,158.047
4282,45,61,3.21078,888.652,168.383
4283,45,62,2.37358,930.791,177.174
4284,45,63,2.05263,947.053,185.802
4285,45,64,1.93233,953.188,194.353
4286,45,65,4.54545,819.048,205.508
4287,45,66,3.2524,885.855,214.837
4288,45,67,3.75494,859.723,223.53
4289,45,68,3.90435,851.904,232.055
4290,45,69,6.38462,721.277,245.295
4291,45,70,6.31453,724.991,253.913
4292,45,71,6.52625,713.7,262.531
4293,45,72,6.35194,723.054,271.103
4294,45,73,8.37438,613.842,285.157
4295,45,74,8.54505,604.57,293.851
4296,45,75,9.2379,566.694,303.289
4297,45,76,9.52896,550.685,312.066
4298,45,77,11.3235,451.386,327.339
4299,45,78,11.4011,447.07,336.104
4300,45,79,11.6499,433.137,344.982
4301,45,80,12.0772,409.063,354.205
4302,45,81,14.0517,297.176,373.902
4303,45,82,14.3375,280.887,383.08
4304,45,83,14.5648,267.854,392.172
4305,45,84,14.8161,253.359,401.304
4306,45,85,16.2003,173.075,417.283
4307,45,86,16.1794,174.297,426.317
4308,45,87,16.1734,174.651,435.325
4309,45,88,16.3009,167.125,444.387
4310,45,89,17.3215,106.572,458.676
4311,45,90,17.2229,112.451,467.785
4312,45,91,17.197,114.006,476.824
4313,45,92,17.2579,110.332,485.861
4314,45,93,18.0776,60.6082,499.588
4315,45,94,17.9601,67.77,508.757
4316,45,95,18.0643,61.3846,517.895
4317,45,96,18.161,55.4175,527.009
4318,45,97,19.0058,3.04064,542.668
4319,45,98,18.9541,6.26555,551.811
4320,45,99,18.9098,9.03896,560.93
4321,45,100,18.8722,11.4098,570.027
4322,45,101,19.5301,-30.2569,584.304
4323,45,102,19.3165,-16.6591,594.009
4324,45,103,19.2268,-10.9164,603.246
4325,45,104,19.0814,-1.56516,612.668
4326,45,105,19.4432,-24.9577,623.817
4327,45,106,19.0192,2.60155,635.868
4328,45,107,18.5911,30.5677,648.104
4329,45,108,18.204,55.989,659.899
4330,45,109,18.2316,54.1635,669.117
4331,45,110,17.6351,93.7334,685.052
4332,45,111,17.0409,133.35,700.861
4333,45,112,16.5908,163.502,713.96
4334,45,113,16.4439,173.394,723.774
4335,45,114,15.8306,214.893,740.536
4336,45,115,15.2492,254.433,756.469
4337,45,116,14.6974,292.136,771.751
4338,45,117,14.3845,313.624,783.245
4339,45,118,13.7672,356.217,800.208
4340,45,119,13.173,397.416,816.544
4341,45,120,12.734,428,829.945
4342,45,121,12.7551,426.518,839.78
4343,45,122,12.4215,449.984,851.878
4344,45,123,12.1198,471.307,863.647
4345,45,124,11.8937,487.358,874.625
4346,45,125,12.0075,479.243,884.771
4347,46,55,6.30303,723.697,99.5666
4348,46,56,4.63636,805.364,108.28
4349,46,57,13.4965,368.263,119.773
4350,46,58,6.86813,697.473,130.512
4351,46,59,3.36264,872.747,140.027
4352,46,60,1.25,979.083,149.133
4353,46,61,4.88235,795.044,159.282
4354,46,62,3.75,852.794,168.167
4355,46,63,3.24045,878.951,176.862
4356,46,64,2.98246,892.281,185.464
4357,46,65,5.75188,748.271,196.375
4358,46,66,4.22078,828.398,205.831
4359,46,67,4.68097,804.161,214.509
4360,46,68,4.76285,799.822,223.049
4361,46,69,7.37826,660.333,235.96
4362,46,70,7.22308,668.662,244.605
4363,46,71,7.3812,660.123,253.213
4364,46,72,7.13065,673.736,261.825
4365,46,73,9.24193,558.32,275.555
4366,46,74,9.36453,551.576,284.23
4367,46,75,10.0489,513.706,293.552
4368,46,76,10.3065,499.371,302.275
4369,46,77,12.1646,395.315,317.238
4370,46,78,12.1959,393.554,325.983
4371,46,79,12.4125,381.276,334.801
4372,46,80,12.8207,358.008,343.92
4373,46,81,14.8636,240.885,363.321
4374,46,82,15.1209,226.046,372.424
4375,46,83,15.319,214.558,381.448
4376,46,84,15.5445,201.4,390.502
4377,46,85,16.9615,118.269,406.255
4378,46,86,16.9024,121.756,415.276
4379,46,87,16.8617,124.174,424.267
4380,46,88,16.9632,118.12,433.272
4381,46,89,18,55.9091,447.369
4382,46,90,17.8669,63.9376,456.488
4383,46,91,17.8119,67.276,465.513
4384,46,92,17.8492,65,474.507
4385,46,93,18.6784,14.146,488.063
4386,46,94,18.5316,23.1939,497.253
4387,46,95,18.617,17.8982,506.329
4388,46,96,18.6959,12.9813,515.382
4389,46,97,19.5526,-40.7056,530.897
4390,46,98,19.4783,-36.0232,540.034
4391,46,99,19.413,-31.8868,549.145
4392,46,100,19.3557,-28.2388,558.23
4393,46,101,20.0198,-70.7427,572.369
4394,46,102,19.7816,-55.4148,582.156
4395,46,103,19.6727,-48.3752,591.407
4396,46,104,19.5073,-37.6242,600.877
4397,46,105,19.8669,-61.1182,611.899
4398,46,106,19.4151,-31.4511,624.194
4399,46,107,18.9605,-1.44519,636.658
4400,46,108,18.5493,25.8273,648.638
4401,46,109,18.5671,24.6451,657.832
4402,46,110,17.9419,66.5341,674.069
4403,46,111,17.3203,108.385,690.118
4404,46,112,16.8485,140.311,703.362
4405,46,113,16.6897,151.11,713.216
4406,46,114,16.0515,194.719,730.142
4407,46,115,15.4471,236.221,746.191
4408,46,116,14.8742,275.749,761.556
4409,46,117,14.5477,298.389,773.1
4410,46,118,13.909,342.883,790.112
4411,46,119,13.2949,385.871,806.475
4412,46,120,12.841,417.8,819.899
4413,46,121,12.8599,416.463,829.742
4414,46,122,12.5149,440.96,841.862
4415,46,123,12.203,463.207,853.649
4416,46,124,11.9691,479.97,864.646
4417,46,125,12.0838,471.71,874.79
4418,47,56,-0.606061,1083.21,98.9344
4419,47,57,10.8182,512,110.768
4420,47,58,3.53147,878.765,121.215
4421,47,59,0,1057.69,130.57
4422,47,60,-1.93407,1156.33,139.564
4423,47,61,2.60714,923.214,149.987
4424,47,62,1.61765,974.338,158.829
4425,47,63,1.29902,990.907,167.515
4426,47,64,1.22807,994.62,176.122
4427,47,65,4.47368,823.684,187.268
4428,47,66,2.91729,906.173,196.605
4429,47,67,3.54545,872.671,205.355
4430,47,68,3.738,862.338,213.931
4431,47,69,6.66996,704.012,227.001
4432,47,70,6.56087,709.939,235.669
4433,47,71,6.78462,697.708,244.322
4434,47,72,6.56068,710.024,252.941
4435,47,73,8.87057,582.21,266.719
4436,47,74,9.02846,573.421,275.434
4437,47,75,9.78325,531.153,284.808
4438,47,76,10.0756,514.681,293.574
4439,47,77,12.0685,401.75,308.447
4440,47,78,12.1078,399.514,317.225
4441,47,79,12.3429,386.033,326.076
4442,47,80,12.7792,360.872,335.22
4443,47,81,14.9412,235.479,354.344
4444,47,82,15.2085,219.885,363.466
4445,47,83,15.4125,207.916,372.51
4446,47,84,15.645,194.197,381.579
4447,47,85,17.1296,106.116,397.133
4448,47,86,17.0591,110.32,406.181
4449,47,87,17.0087,113.343,415.198
4450,47,88,17.108,107.352,424.219
4451,47,89,18.1863,41.933,438.162
4452,47,90,18.0388,50.9359,447.31
4453,47,91,17.9736,54.9293,456.36
4454,47,92,18.0056,52.9621,465.371
4455,47,93,18.8633,-0.219704,478.79
4456,47,94,18.7028,9.78741,488.009
4457,47,95,18.7847,4.65408,497.093
4458,47,96,18.86,-0.0917167,506.154
4459,47,97,19.7439,-56.07,521.49
4460,47,98,19.6594,-50.6877,530.65
4461,47,99,19.5847,-45.9128,539.783
4462,47,100,19.519,-41.6808,548.89
4463,47,101,20.2013,-85.8052,562.888
4464,47,102,19.9481,-69.3442,572.713
4465,47,103,19.8295,-61.6008,581.992
4466,47,104,19.653,-50.0098,591.493
4467,47,105,20.0199,-74.2221,602.453
4468,47,106,19.5479,-42.9166,614.788
4469,47,107,19.074,-11.3236,627.282
4470,47,108,18.646,17.3569,639.284
4471,47,109,18.6612,16.3316,648.49
4472,47,110,18.0135,60.1584,664.702
4473,47,111,17.3706,103.874,680.709
4474,47,112,16.883,137.196,693.932
4475,47,113,16.7184,148.497,703.8
4476,47,114,16.0606,193.885,720.645
4477,47,115,15.4384,237.023,736.615
4478,47,116,14.8494,278.056,751.904
4479,47,117,14.5144,301.508,763.427
4480,47,118,13.8589,347.611,780.329
4481,47,119,13.2294,392.1,796.587
4482,47,120,12.7649,425.077,809.95
4483,47,121,12.7863,423.547,819.807
4484,47,122,12.4342,448.786,831.886
4485,47,123,12.1163,471.673,843.638
4486,47,124,11.8786,488.865,854.612
4487,47,125,11.9985,480.151,864.775
4488,48,57,12.1212,441.636,101.863
4489,48,58,3.27273,892.909,112.31
4490,48,59,-0.804196,1102.19,121.696
4491,48,60,-2.91209,1211.1,130.732
4492,48,61,2.41758,933.956,141.174
4493,48,62,1.32143,991.321,150.079
4494,48,63,1,1008.25,158.83
4495,48,64,0.955882,1010.59,167.502
4496,48,65,4.59236,816.643,178.584
4497,48,66,2.85965,909.632,187.946
4498,48,67,3.55639,872.008,196.744
4499,48,68,3.76623,860.606,205.371
4500,48,69,6.96217,685.895,218.254
4501,48,70,6.81818,693.814,226.97
4502,48,71,7.03913,681.588,235.659
4503,48,72,6.77692,696.185,244.324
4504,48,73,9.24786,557.812,257.868
4505,48,74,9.3895,549.833,266.609
4506,48,75,10.1724,505.468,275.948
4507,48,76,10.4581,489.182,284.72
4508,48,77,12.5584,368.767,299.303
4509,48,78,12.5685,368.181,308.102
4510,48,79,12.7896,355.361,316.95
4511,48,80,13.2253,329.947,326.057
4512,48,81,15.4882,197.19,344.785
4513,48,82,15.7395,182.361,353.886
4514,48,83,15.9254,171.334,362.914
4515,48,84,16.1427,158.364,371.958
4516,48,85,17.6792,66.1768,387.246
4517,48,86,17.5769,72.3462,396.314
4518,48,87,17.4981,77.1266,405.346
4519,48,88,17.5784,72.23,414.355
4520,48,89,18.6857,4.31651,428.091
4521,48,90,18.508,15.2733,437.271
4522,48,91,18.4186,20.8161,446.337
4523,48,92,18.4321,19.9719,455.344
4524,48,93,19.3087,-34.9565,468.582
4525,48,94,19.1223,-23.2181,477.839
4526,48,95,19.1902,-27.515,486.903
4527,48,96,19.252,-31.4531,495.944
4528,48,97,20.1556,-89.2797,511.085
4529,48,98,20.0516,-82.5891,520.265
4530,48,99,19.959,-76.6033,529.415
4531,48,100,19.8766,-71.2482,538.537
4532,48,101,20.571,-116.613,552.371
4533,48,102,20.2951,-98.4957,562.268
4534,48,103,20.1599,-89.5759,571.578
4535,48,104,19.9656,-76.6874,581.129
4536,48,105,20.3344,-101.269,591.987
4537,48,106,19.8358,-67.8627,604.472
4538,48,107,19.3365,-34.244,617.098
4539,48,108,18.8858,-3.74617,629.205
4540,48,109,18.8938,-4.28899,638.411
4541,48,110,18.2181,41.8792,654.749
4542,48,111,17.5488,87.842,670.841
4543,48,112,17.0406,122.902,684.12
4544,48,113,16.8663,134.99,694.019
4545,48,114,16.1845,182.492,710.887
4546,48,115,15.5403,227.581,726.862
4547,48,116,14.9313,270.415,742.143
4548,48,117,14.5844,294.932,753.679
4549,48,118,13.9085,342.923,770.536
4550,48,119,13.26,389.177,786.744
4551,48,120,12.782,423.436,800.083
4552,48,121,12.8036,421.883,809.953
4553,48,122,12.4415,448.069,822.02
4554,48,123,12.1151,471.79,833.761
4555,48,124,11.8713,489.589,844.734
4556,48,125,11.9945,480.556,854.907
4557,49,58,-0.727273,1112.91,103.021
4558,49,59,-4.81818,1325.64,112.323
4559,49,60,-6.60839,1419.32,121.323
4560,49,61,0.10989,1065.49,132.005
4561,49,62,-0.813187,1114.42,140.924
4562,49,63,-0.892857,1118.67,149.716
4563,49,64,-0.705882,1108.63,158.437
4564,49,65,3.55392,878.603,169.662
4565,49,66,1.74407,976.938,178.964
4566,49,67,2.63158,928.421,187.844
4567,49,68,2.95489,910.639,196.527
4568,49,69,6.53247,712.68,209.43
4569,49,70,6.41446,719.249,218.188
4570,49,71,6.68972,703.834,226.928
4571,49,72,6.43478,718.196,235.624
4572,49,73,9.13077,565.423,249.093
4573,49,74,9.29231,556.215,257.877
4574,49,75,10.1404,507.591,267.239
4575,49,76,10.4488,489.806,276.047
4576,49,77,12.6946,359.552,290.446
4577,49,78,12.6963,359.45,299.28
4578,49,79,12.9234,346.129,308.153
4579,49,80,13.3779,319.311,317.267
4580,49,81,15.7687,177.458,335.648
4581,49,82,16.0183,162.564,344.758
4582,49,83,16.1989,151.731,353.797
4583,49,84,16.4131,138.805,362.848
4584,49,85,18.018,41.4414,377.9
4585,49,86,17.8925,49.0951,386.998
4586,49,87,17.7935,55.1687,396.058
4587,49,88,17.863,50.8818,405.079
4588,49,89,19.0105,-20.2578,418.635
4589,49,90,18.8088,-7.69116,427.852
4590,49,91,18.7013,-0.951374,436.944
4591,49,92,18.7026,-1.03383,445.965
4592,49,93,19.6061,-58.2525,459.047
4593,49,94,19.3987,-45.0509,468.341
4594,49,95,19.4577,-48.8252,477.409
4595,49,96,19.511,-52.2532,486.453
4596,49,97,20.4408,-112.384,501.401
4597,49,98,20.3212,-104.612,510.608
4598,49,99,20.2145,-97.6362,519.783
4599,49,100,20.1191,-91.3728,528.929
4600,49,101,20.8305,-138.326,542.61
4601,49,102,20.5348,-118.709,552.562
4602,49,103,20.386,-108.791,561.904
4603,49,104,20.1767,-94.7669,571.496
4604,49,105,20.5509,-119.967,582.28
4605,49,106,20.0277,-84.5594,594.84
4606,49,107,19.505,-49.0146,607.526
4607,49,108,19.0336,-16.8059,619.68
4608,49,109,19.037,-17.0391,628.897
4609,49,110,18.335,31.4021,645.249
4610,49,111,17.6406,79.5417,661.33
4611,49,112,17.1138,116.247,674.607
4612,49,113,16.9318,128.984,684.526
4613,49,114,16.2273,178.534,701.338
4614,49,115,15.5627,225.501,717.253
4615,49,116,14.9351,270.06,732.474
4616,49,117,14.578,295.533,743.997
4617,49,118,13.8829,345.345,760.759
4618,49,119,13.217,393.296,776.874
4619,49,120,12.7269,428.747,790.161
4620,49,121,12.7505,427.027,800.045
4621,49,122,12.3802,454.064,812.08
4622,49,123,12.0467,478.521,823.791
4623,49,124,11.7982,496.822,834.747
4624,49,125,11.9265,487.33,844.937
4625,50,59,5.21212,763.939,101.429
4626,50,60,1.27273,972.727,110.599
4627,50,61,7.7972,624.755,120.736
4628,50,62,5.54945,745.385,129.736
4629,50,63,4.54945,799.385,138.499
4630,50,64,4.03571,827.298,147.143
4631,50,65,8.23529,597.721,157.883
4632,50,66,5.66176,739.265,167.516
4633,50,67,6.21259,708.786,176.182
4634,50,68,6.19298,709.877,184.73
4635,50,69,9.80451,507.632,197.257
4636,50,70,9.36364,532.468,205.964
4637,50,71,9.39582,530.644,214.551
4638,50,72,8.8834,559.852,223.239
4639,50,73,11.6,404.1,236.439
4640,50,74,11.5769,405.431,245.087
4641,50,75,12.3145,362.65,254.161
4642,50,76,12.4847,352.721,262.772
4643,50,77,14.7455,220.09,277.044
4644,50,78,14.6059,228.325,285.776
4645,50,79,14.7208,221.508,294.468
4646,50,80,15.0887,199.556,303.335
4647,50,81,17.522,53.5594,321.927
4648,50,82,17.6805,43.9973,330.859
4649,50,83,17.7739,38.3316,339.735
4650,50,84,17.9104,30.0056,348.605
4651,50,85,19.5212,-68.7945,363.636
4652,50,86,19.3077,-55.6283,372.694
4653,50,87,19.129,-44.5475,381.704
4654,50,88,19.1336,-44.834,390.596
4655,50,89,20.2749,-116.353,404.053
4656,50,90,20.0017,-99.1463,413.288
4657,50,91,19.8323,-88.4129,422.344
4658,50,92,19.781,-85.151,431.27
4659,50,93,20.6765,-142.463,444.243
4660,50,94,20.4124,-125.469,453.58
4661,50,95,20.4298,-126.599,462.525
4662,50,96,20.444,-127.521,471.447
4663,50,97,21.3738,-188.262,486.412
4664,50,98,21.2112,-177.59,495.608
4665,50,99,21.0646,-167.912,504.767
4666,50,100,20.9321,-159.125,513.891
4667,50,101,21.6396,-206.292,527.516
4668,50,102,21.3022,-183.685,537.644
4669,50,103,21.1195,-171.382,547.018
4670,50,104,20.8759,-154.899,556.708
4671,50,105,21.2386,-179.559,567.327
4672,50,106,20.6728,-140.9,580.428
4673,50,107,20.1098,-102.241,593.61
4674,50,108,19.602,-67.2011,606.151
4675,50,109,19.5866,-66.1309,615.315
4676,50,110,18.8435,-14.3628,632.343
4677,50,111,18.1103,36.9558,648.958
4678,50,112,17.5518,76.2372,662.536
4679,50,113,17.3505,90.4652,672.517
4680,50,114,16.6115,142.938,689.721
4681,50,115,15.915,192.615,705.925
4682,50,116,15.2582,239.689,721.366
4683,50,117,14.8811,266.84,732.99
4684,50,118,14.1571,319.209,749.936
4685,50,119,13.4643,369.555,766.186
4686,50,120,12.9534,406.849,779.558
4687,50,121,12.9714,405.528,789.443
4688,50,122,12.5848,434.005,801.54
4689,50,123,12.2368,459.76,813.306
4690,50,124,11.9767,479.096,824.303
4691,50,125,12.1036,469.617,834.477
4692,51,60,-3.15152,1224.91,101.345
4693,51,61,5.36364,765.091,111.703
4694,51,62,3.14685,885.536,120.705
4695,51,63,2.36264,928.407,129.497
4696,51,64,2.08791,943.516,138.18
4697,51,65,7.10714,665.786,149.061
4698,51,66,4.35294,819.103,158.601
4699,51,67,5.12255,776.005,167.347
4700,51,68,5.22188,770.409,175.945
4701,51,69,9.31579,538.421,188.502
4702,51,70,8.8797,563.278,197.244
4703,51,71,8.96104,558.615,205.882
4704,51,72,8.44156,588.571,214.588
4705,51,73,11.4328,415.079,227.731
4706,51,74,11.4217,415.725,236.423
4707,51,75,12.2308,368.262,245.533
4708,51,76,12.4205,357.067,254.186
4709,51,77,14.8535,212.711,268.285
4710,51,78,14.6962,222.094,277.057
4711,51,79,14.8128,215.099,285.783
4712,51,80,15.1991,191.792,294.669
4713,51,81,17.7823,35.0806,312.909
4714,51,82,17.9344,25.801,321.862
4715,51,83,18.018,20.6696,330.762
4716,51,84,18.1482,12.6432,339.651
4717,51,85,19.8375,-92.0952,354.448
4718,51,86,19.5946,-76.952,363.545
4719,51,87,19.3907,-64.175,372.591
4720,51,88,19.3818,-63.612,381.506
4721,51,89,20.5688,-138.792,394.792
4722,51,90,20.2674,-119.598,404.068
4723,51,91,20.0767,-107.394,413.159
4724,51,92,20.0113,-103.192,422.11
4725,51,93,20.9378,-163.102,434.935
4726,51,94,20.6498,-144.38,444.314
4727,51,95,20.6574,-144.882,453.274
4728,51,96,20.6623,-145.204,462.211
4729,51,97,21.6223,-208.564,476.986
4730,51,98,21.4427,-196.647,486.217
4731,51,99,21.2806,-185.842,495.408
4732,51,100,21.1342,-176.033,504.564
4733,51,101,21.8615,-225.006,518.041
4734,51,102,21.5026,-200.718,528.221
4735,51,103,21.3054,-187.311,537.632
4736,51,104,21.0459,-169.578,547.362
4737,51,105,21.4156,-194.961,557.921
4738,51,106,20.8233,-154.094,571.068
4739,51,107,20.2353,-113.324,584.278
4740,51,108,19.7056,-76.4244,596.837
4741,51,109,19.6861,-75.0614,606.018
4742,51,110,18.915,-20.8223,623.003
4743,51,111,18.1555,32.8493,639.558
4744,51,112,17.5775,73.8856,653.103
4745,51,113,17.369,88.7618,663.094
4746,51,114,16.6062,143.424,680.199
4747,51,115,15.8885,195.097,696.309
4748,51,116,15.2126,243.99,711.661
4749,51,117,14.8256,272.112,723.256
4750,51,118,14.082,326.398,740.08
4751,51,119,13.3712,378.52,756.216
4752,51,120,12.8484,417.034,769.52
4753,51,121,12.8699,415.443,779.419
4754,51,122,12.4754,444.767,791.469
4755,51,123,12.1208,471.242,803.193
4756,51,124,11.8568,491.044,814.164
4757,51,125,11.9903,480.985,824.359
4758,52,61,2.78788,914.485,102.626
4759,52,62,0.636364,1032.82,111.663
4760,52,63,0.13986,1060.29,120.516
4761,52,64,0.164835,1058.9,129.264
4762,52,65,6.17582,722.286,140.245
4763,52,66,3.17857,891.131,149.729
4764,52,67,4.19118,833.75,158.561
4765,52,68,4.41176,821.176,167.223
4766,52,69,9.05057,555.218,179.742
4767,52,70,8.59649,581.404,188.532
4768,52,71,8.71429,574.571,197.225
4769,52,72,8.16883,606.39,205.967
4770,52,73,11.4568,413.495,218.991
4771,52,74,11.4427,414.328,227.73
4772,52,75,12.3174,362.429,236.862
4773,52,76,12.5154,350.615,245.555
4774,52,77,15.1282,193.846,259.437
4775,52,78,14.9389,205.265,268.251
4776,52,79,15.0465,198.738,277.009
4777,52,80,15.4433,174.532,285.907
4778,52,81,18.1824,6.53541,303.762
4779,52,82,18.3185,-1.85887,312.733
4780,52,83,18.3834,-5.8816,321.653
4781,52,84,18.4993,-13.1061,330.557
4782,52,85,20.2674,-123.904,345.105
4783,52,86,19.986,-106.176,354.245
4784,52,87,19.749,-91.169,363.33
4785,52,88,19.7202,-89.3362,372.267
4786,52,89,20.952,-168.166,385.367
4787,52,90,20.6154,-146.513,394.693
4788,52,91,20.3977,-132.439,403.822
4789,52,92,20.3136,-126.969,412.797
4790,52,93,21.2698,-189.438,425.464
4791,52,94,20.9529,-168.63,434.893
4792,52,95,20.9471,-168.252,443.866
4793,52,96,20.9394,-167.737,452.816
4794,52,97,21.9291,-233.716,467.394
4795,52,98,21.7287,-220.293,476.663
4796,52,99,21.548,-208.123,485.89
4797,52,100,21.3847,-197.073,495.079
4798,52,101,22.1311,-247.829,508.403
4799,52,102,21.7475,-221.617,518.646
4800,52,103,21.5333,-206.911,528.097
4801,52,104,21.2554,-187.736,537.875
4802,52,105,21.631,-213.776,548.367
4803,52,106,21.0094,-170.468,561.583
4804,52,107,20.3937,-127.371,574.84
4805,52,108,19.8399,-88.4202,587.433
4806,52,109,19.8151,-86.6695,596.63
4807,52,110,19.0134,-29.7499,613.596
4808,52,111,18.2253,26.4681,630.109
4809,52,112,17.6261,69.412,643.633
4810,52,113,17.4093,85.0246,653.64
4811,52,114,16.6211,142.039,670.659
4812,52,115,15.8805,195.854,686.686
4813,52,116,15.184,246.698,701.957
4814,52,117,14.7861,275.874,713.53
4815,52,118,14.0215,332.205,730.239
4816,52,119,13.2916,386.215,746.267
4817,52,120,12.7559,426.033,759.508
4818,52,121,12.7807,424.185,769.422
4819,52,122,12.3776,454.416,781.431
4820,52,123,12.0159,481.666,793.118
4821,52,124,11.7475,501.973,804.065
4822,52,125,11.8876,491.326,814.28
4823,53,62,-7.75758,1528.06,101.346
4824,53,63,-6.81818,1475.45,110.182
4825,53,64,-5.62937,1408.48,118.943
4826,53,65,2.1978,964.945,130.519
4827,53,66,-0.659341,1127.8,139.784
4828,53,67,1,1032.67,148.733
4829,53,68,1.64706,995.353,157.434
4830,53,69,7.15686,675.784,170.37
4831,53,70,6.86275,692.941,179.158
4832,53,71,7.17544,674.596,187.893
4833,53,72,6.72932,700.917,196.607
4834,53,73,10.4675,479.117,209.851
4835,53,74,10.5421,474.67,218.626
4836,53,75,11.5711,412.925,227.846
4837,53,76,11.8478,396.232,236.587
4838,53,77,14.7231,221.8,250.501
4839,53,78,14.5504,232.332,259.343
4840,53,79,14.6947,223.48,268.141
4841,53,80,15.145,195.712,277.089
4842,53,81,18.0936,12.9015,294.771
4843,53,82,18.2447,3.48165,303.778
4844,53,83,18.3185,-1.14516,312.733
4845,53,84,18.4457,-9.15872,321.671
4846,53,85,20.3242,-128.127,336.082
4847,53,86,20.0229,-108.946,345.252
4848,53,87,19.7703,-92.7787,354.365
4849,53,88,19.7387,-90.7477,363.331
4850,53,89,21.036,-174.64,376.333
4851,53,90,20.6773,-151.323,385.684
4852,53,91,20.4453,-136.167,394.84
4853,53,92,20.3546,-130.208,403.842
4854,53,93,21.3554,-196.261,416.424
4855,53,94,21.0194,-173.971,425.876
4856,53,95,21.0103,-173.365,434.874
4857,53,96,20.9993,-172.629,443.847
4858,53,97,22.0303,-242.051,458.29
4859,53,98,21.8168,-227.606,467.585
4860,53,99,21.6247,-214.537,476.838
4861,53,100,21.4514,-202.696,486.051
4862,53,101,22.2255,-255.854,499.276
4863,53,102,21.8228,-228.068,509.536
4864,53,103,21.5973,-212.431,519.009
4865,53,104,21.3062,-192.155,528.804
4866,53,105,21.6941,-219.304,539.273
4867,53,106,21.0471,-173.798,552.457
4868,53,107,20.4076,-128.612,565.672
4869,53,108,19.8336,-87.8517,578.224
4870,53,109,19.8081,-86.0384,587.439
4871,53,110,18.9791,-26.6203,604.279
4872,53,111,18.1654,31.9626,620.663
4873,53,112,17.5482,76.6062,634.109
4874,53,113,17.3268,92.6943,644.11
4875,53,114,16.5158,151.896,660.98
4876,53,115,15.7551,207.684,676.872
4877,53,116,15.0408,260.307,692.022
4878,53,117,14.6351,290.328,703.544
4879,53,118,13.8518,348.551,720.105
4880,53,119,13.1052,404.296,735.996
4881,53,120,12.5593,445.241,749.149
4882,53,121,12.5904,442.894,759.075
4883,53,122,12.1813,473.854,771.02
4884,53,123,11.8149,501.698,782.649
4885,53,124,11.5446,522.328,793.555
4886,53,125,11.6941,510.867,803.798
4887,54,63,4.90909,771.818,98.0102
4888,54,64,4.18182,813.273,106.51
4889,54,65,11.6783,383.473,117.418
4890,54,66,6.92308,657.692,127.231
4891,54,67,7.73626,610.527,135.788
4892,54,68,7.57143,620.143,144.216
4893,54,69,13.0294,299.941,156.786
4894,54,70,12.0098,360.098,165.506
4895,54,71,11.7853,373.416,174.005
4896,54,72,10.807,431.789,182.714
4897,54,73,14.5113,209.534,195.747
4898,54,74,14.2078,227.844,204.343
4899,54,75,14.9972,179.955,213.158
4900,54,76,15,179.783,221.632
4901,54,77,17.8522,4.84928,235.528
4902,54,78,17.4154,31.7846,244.279
4903,54,79,17.3504,35.812,252.855
4904,54,80,17.6374,17.9263,261.475
4905,54,81,20.6185,-168.892,279.673
4906,54,82,20.6059,-168.099,288.476
4907,54,83,20.5273,-163.117,297.251
4908,54,84,20.5202,-162.665,305.981
4909,54,85,22.3864,-282.102,320.45
4910,54,86,21.9418,-253.505,329.642
4911,54,87,21.5615,-228.909,338.758
4912,54,88,21.4258,-220.087,347.6
4913,54,89,22.7014,-303.429,360.514
4914,54,90,22.2333,-272.688,369.97
4915,54,91,21.9072,-251.168,379.143
4916,54,92,21.7368,-239.866,388.07
4917,54,93,22.7186,-305.315,400.539
4918,54,94,22.2997,-277.247,410.122
4919,54,95,22.2292,-272.501,419.002
4920,54,96,22.161,-267.887,427.86
4921,54,97,23.186,-337.592,442.356
4922,54,98,22.9117,-318.847,451.697
4923,54,99,22.6636,-301.808,460.985
4924,54,100,22.4387,-286.292,470.222
4925,54,101,23.204,-339.35,483.393
4926,54,102,22.7449,-307.367,493.948
4927,54,103,22.4735,-288.367,503.511
4928,54,104,22.1367,-264.678,513.478
4929,54,105,22.5075,-290.882,523.758
4930,54,106,21.8054,-241.032,537.675
4931,54,107,21.1142,-191.727,551.525
4932,54,108,20.4935,-147.247,564.558
4933,54,109,20.4436,-143.654,573.731
4934,54,110,19.5631,-79.9663,591.35
4935,54,111,18.7013,-17.3386,608.322
4936,54,112,18.045,30.5698,622.092
4937,54,113,17.7997,48.5612,632.164
4938,54,114,16.9466,111.405,649.438
4939,54,115,16.1474,170.543,665.621
4940,54,116,15.3979,226.254,680.986
4941,54,117,14.9684,258.326,692.608
4942,54,118,14.1508,319.648,709.344
4943,54,119,13.3725,378.278,725.36
4944,54,120,12.8023,421.424,738.593
4945,54,121,12.8272,419.529,748.52
4946,54,122,12.3993,452.191,760.524
4947,54,123,12.0163,481.56,772.204
4948,54,124,11.7327,503.393,783.15
4949,54,125,11.8811,491.915,793.376
4950,55,64,-0.424242,1094.24,97.3922
4951,55,65,9.27273,531.818,108.612
4952,55,66,4.12587,832.051,118.23
4953,55,67,5.49451,751.758,126.895
4954,55,68,5.62637,743.978,135.374
4955,55,69,12.0714,361.571,148.065
4956,55,70,11.0441,422.868,156.803
4957,55,71,10.9069,431.103,165.351
4958,55,72,9.91744,490.798,174.051
4959,55,73,14.1053,236.737,187.084
4960,55,74,13.812,254.624,195.723
4961,55,75,14.7143,199.286,204.596
4962,55,76,14.7431,197.51,213.119
4963,55,77,17.8656,3.91304,226.873
4964,55,78,17.3913,33.4783,235.663
4965,55,79,17.3231,37.7538,244.282
4966,55,80,17.6342,18.1538,252.941
4967,55,81,20.8364,-184.652,270.79
4968,55,82,20.8073,-182.802,279.63
4969,55,83,20.7094,-176.532,288.442
4970,55,84,20.6897,-175.264,297.208
4971,55,85,22.6653,-303.024,311.459
4972,55,86,22.1756,-271.191,320.695
4973,55,87,21.758,-243.91,329.851
4974,55,88,21.6028,-233.714,338.729
4975,55,89,22.9412,-322.05,351.493
4976,55,90,22.4337,-288.389,360.991
4977,55,91,22.0792,-264.753,370.202
4978,55,92,21.8908,-252.132,379.162
4979,55,93,22.915,-321.093,391.51
4980,55,94,22.4653,-290.664,401.13
4981,55,95,22.3833,-285.087,410.038
4982,55,96,22.3045,-279.705,418.922
4983,55,97,23.3706,-352.908,433.248
4984,55,98,23.0754,-332.541,442.625
4985,55,99,22.809,-314.068,451.945
4986,55,100,22.568,-297.28,461.214
4987,55,101,23.3603,-352.743,474.263
4988,55,102,22.8756,-318.651,484.849
4989,55,103,22.5878,-298.31,494.442
4990,55,104,22.2329,-273.115,504.433
4991,55,105,22.6145,-300.335,514.681
4992,55,106,21.8812,-247.786,528.578
4993,55,107,21.1611,-195.936,542.392
4994,55,108,20.5157,-149.254,555.389
4995,55,109,20.4632,-145.437,564.581
4996,55,110,19.5506,-78.8158,582.071
4997,55,111,18.6589,-13.4282,598.913
4998,55,112,17.9815,36.4773,612.605
4999,55,113,17.73,55.0883,622.672
5000,55,114,16.8508,120.441,639.794
5001,55,115,16.0286,181.835,655.84
5002,55,116,15.2587,239.571,671.081
5003,55,117,14.82,272.624,682.654
5004,55,118,13.9815,336.073,699.239
5005,55,119,13.1844,396.646,715.117
5006,55,120,12.6027,441.056,728.261
5007,55,121,12.6343,438.63,738.201
5008,55,122,12.1995,472.11,750.142
5009,55,123,11.8111,502.145,761.765
5010,55,124,11.5253,524.34,772.671
5011,55,125,11.6838,511.982,782.925
5012,56,65,9.15152,539.333,99.9367
5013,56,66,3.09091,896.909,109.537
5014,56,67,4.86014,791.935,118.308
5015,56,68,5.10989,777.033,126.876
5016,56,69,12.5495,330.659,139.364
5017,56,70,11.3214,404.75,148.18
5018,56,71,11.1324,416.221,156.798
5019,56,72,10,485.294,165.559
5020,56,73,14.644,200.464,178.348
5021,56,74,14.2632,223.947,187.05
5022,56,75,15.2105,165.211,195.932
5023,56,76,15.1948,166.19,204.502
5024,56,77,18.5601,-44.7036,217.946
5025,56,78,17.9842,-8.41897,226.8
5026,56,79,17.8609,-0.608696,235.461
5027,56,80,18.1538,-19.2615,244.132
5028,56,81,21.5624,-237.409,261.518
5029,56,82,21.4774,-231.941,270.388
5030,56,83,21.3246,-222.058,279.234
5031,56,84,21.2611,-217.931,288.026
5032,56,85,23.3304,-353.124,301.992
5033,56,86,22.7661,-316.073,311.298
5034,56,87,22.2856,-284.355,320.517
5035,56,88,22.0889,-271.31,329.431
5036,56,89,23.4775,-363.881,341.992
5037,56,90,22.9104,-325.885,351.564
5038,56,91,22.5097,-298.904,360.833
5039,56,92,22.2878,-283.893,369.833
5040,56,93,23.345,-355.782,382.011
5041,56,94,22.8502,-321.97,391.702
5042,56,95,22.7448,-314.735,400.636
5043,56,96,22.6446,-307.819,409.545
5044,56,97,23.7452,-384.13,423.662
5045,56,98,23.4189,-361.395,433.094
5046,56,99,23.1247,-340.803,442.466
5047,56,100,22.859,-322.115,451.782
5048,56,101,23.6731,-379.646,464.671
5049,56,102,23.1545,-342.821,475.335
5050,56,103,22.843,-320.604,484.98
5051,56,104,22.4633,-293.388,495.028
5052,56,105,22.8509,-321.297,505.214
5053,56,106,22.0796,-265.51,519.178
5054,56,107,21.3242,-210.612,533.03
5055,56,108,20.6483,-161.272,546.049
5056,56,109,20.5889,-156.918,555.262
5057,56,110,19.6385,-86.9069,572.705
5058,56,111,18.7119,-18.336,589.479
5059,56,112,18.0088,33.9262,603.133
5060,56,113,17.7477,53.4227,613.211
5061,56,114,16.8381,121.642,630.224
5062,56,115,15.9889,185.617,646.168
5063,56,116,15.1951,245.677,661.314
5064,56,117,14.7443,279.943,672.856
5065,56,118,13.8815,345.799,689.313
5066,56,119,13.0627,408.574,705.072
5067,56,120,12.4668,454.462,718.145
5068,56,121,12.5035,451.622,728.101
5069,56,122,12.0596,486.097,739.994
5070,56,123,11.6639,516.961,751.574
5071,56,124,11.3741,539.661,762.452
5072,56,125,11.5414,526.501,772.731
5073,57,66,1.09091,1022.91,100.69
5074,57,67,3.54545,875.636,109.586
5075,57,68,4.05594,844.837,118.252
5076,57,69,12.8022,314.231,130.598
5077,57,70,11.3626,402.044,139.49
5078,57,71,11.1429,415.524,148.184
5079,57,72,9.86765,494.162,156.999
5080,57,73,15.0735,171.397,169.587
5081,57,74,14.6027,200.746,178.355
5082,57,75,15.614,137.368,187.261
5083,57,76,15.5564,141,195.884
5084,57,77,19.2078,-90.2554,209.048
5085,57,78,18.5206,-46.5048,217.967
5086,57,79,18.3399,-34.9407,226.676
5087,57,80,18.6174,-52.7913,235.369
5088,57,81,22.2615,-288.446,252.308
5089,57,82,22.1162,-279.002,261.215
5090,57,83,21.9048,-265.185,270.103
5091,57,84,21.7953,-257.997,278.928
5092,57,85,23.9704,-401.557,292.621
5093,57,86,23.3259,-358.803,301.998
5094,57,87,22.7782,-322.29,311.28
5095,57,88,22.5385,-306.228,320.236
5096,57,89,23.984,-403.556,332.605
5097,57,90,23.3537,-360.909,342.249
5098,57,91,22.9048,-330.381,351.575
5099,57,92,22.6486,-312.88,360.617
5100,57,93,23.7435,-388.058,372.638
5101,57,94,23.2017,-350.673,382.394
5102,57,95,23.0729,-341.744,391.358
5103,57,96,22.9512,-333.268,400.297
5104,57,97,24.0906,-413.024,414.213
5105,57,98,23.7323,-387.823,423.699
5106,57,99,23.4098,-365.038,433.12
5107,57,100,23.1191,-344.395,442.482
5108,57,101,23.9578,-404.225,455.222
5109,57,102,23.4043,-364.551,465.952
5110,57,103,23.0689,-340.407,475.644
5111,57,104,22.6639,-311.112,485.741
5112,57,105,23.0592,-339.835,495.876
5113,57,106,22.2487,-280.672,509.878
5114,57,107,21.457,-222.612,523.744
5115,57,108,20.75,-170.531,536.765
5116,57,109,20.6846,-165.687,546
5117,57,110,19.6954,-92.1623,563.365
5118,57,111,18.733,-20.303,580.048
5119,57,112,18.0041,34.3677,593.649
5120,57,113,17.734,54.7161,603.733
5121,57,114,16.7935,125.88,620.621
5122,57,115,15.917,192.493,636.45
5123,57,116,15.0992,254.92,651.491
5124,57,117,14.6367,290.378,662.996
5125,57,118,13.7496,358.685,679.316
5126,57,119,12.909,423.692,694.949
5127,57,120,12.2992,471.05,707.946
5128,57,121,12.3422,467.696,717.917
5129,57,122,11.8898,503.137,729.757
5130,57,123,11.4873,534.795,741.29
5131,57,124,11.1942,557.952,752.137
5132,57,125,11.3716,543.882,762.442
5133,58,67,18.3636,-72.7273,94.2788
5134,58,68,16.2727,54.8182,102.589
5135,58,69,24.4406,-446.142,114.631
5136,58,70,20.989,-233.297,123.783
5137,58,71,19.3626,-132.462,132.3
5138,58,72,16.8214,25.9405,141.409
5139,58,73,21.8088,-286.603,153.818
5140,58,74,20.4902,-203.529,162.528
5141,58,75,20.9598,-233.268,170.899
5142,58,76,20.3333,-193.386,179.292
5143,58,77,23.8722,-419.872,192.526
5144,58,78,22.6753,-342.874,201.569
5145,58,79,22.1005,-305.703,210.131
5146,58,80,22.0751,-304.051,218.468
5147,58,81,25.7348,-543.151,236.223
5148,58,82,25.3,-514.6,244.998
5149,58,83,24.8274,-483.405,253.793
5150,58,84,24.4933,-461.245,262.477
5151,58,85,26.6311,-603.766,276.236
5152,58,86,25.7586,-545.31,285.85
5153,58,87,25.0122,-495.054,295.313
5154,58,88,24.6129,-468.032,304.242
5155,58,89,26.0191,-563.651,316.471
5156,58,90,25.2273,-509.545,326.426
5157,58,91,24.6417,-469.337,335.913
5158,58,92,24.2717,-443.807,344.975
5159,58,93,25.3372,-517.68,356.83
5160,58,94,24.6799,-471.892,366.882
5161,58,95,24.4666,-456.956,375.796
5162,58,96,24.2672,-442.934,384.686
5163,58,97,25.3977,-522.826,398.602
5164,58,98,24.9582,-491.617,408.247
5165,58,99,24.562,-463.357,417.804
5166,58,100,24.2042,-437.711,427.281
5167,58,101,25.0317,-497.294,439.915
5168,58,102,24.4058,-452.019,451.07
5169,58,103,24.0123,-423.428,460.936
5170,58,104,23.55,-389.674,471.287
5171,58,105,23.9248,-417.161,481.226
5172,58,106,23.0459,-352.418,496.043
5173,58,107,22.1906,-289.127,510.57
5174,58,108,21.4271,-232.375,524.07
5175,58,109,21.3331,-225.355,533.291
5176,58,110,20.2822,-146.536,551.343
5177,58,111,19.2624,-69.7129,568.512
5178,58,112,18.4877,-11.0938,582.38
5179,58,113,18.1907,11.4805,592.535
5180,58,114,17.2012,87.0132,609.717
5181,58,115,16.2804,157.606,625.749
5182,58,116,15.4226,223.661,640.933
5183,58,117,14.9339,261.453,652.512
5184,58,118,14.0079,333.368,668.93
5185,58,119,13.1319,401.7,684.626
5186,58,120,12.4957,451.535,697.668
5187,58,121,12.5339,448.53,707.646
5188,58,122,12.0616,485.838,719.522
5189,58,123,11.6418,519.145,731.087
5190,58,124,11.3353,543.562,741.962
5191,58,125,11.5137,529.288,752.26
5192,59,68,13.0303,265.576,94.017
5193,59,69,23.2727,-369.455,106.211
5194,59,70,19.4406,-130.583,115.294
5195,59,71,17.8022,-27.9121,123.804
5196,59,72,15.1209,141.011,132.787
5197,59,73,21,-231.333,145.297
5198,59,74,19.6176,-143.324,154.005
5199,59,75,20.2451,-183.48,162.454
5200,59,76,19.6285,-143.811,170.864
5201,59,77,23.614,-401.544,184.049
5202,59,78,22.3233,-317.647,193.086
5203,59,79,21.7273,-278.706,201.671
5204,59,80,21.7335,-279.113,210.054
5205,59,81,25.7411,-543.617,227.539
5206,59,82,25.2696,-512.338,236.353
5207,59,83,24.7615,-478.469,245.181
5208,59,84,24.4068,-454.704,253.898
5209,59,85,26.7094,-609.744,267.511
5210,59,86,25.769,-546.111,277.137
5211,59,87,24.9704,-491.808,286.609
5212,59,88,24.5473,-462.891,295.56
5213,59,89,26.0484,-565.968,307.718
5214,59,90,25.2053,-507.793,317.668
5215,59,91,24.5856,-464.826,327.159
5216,59,92,24.1971,-437.763,336.236
5217,59,93,25.3277,-516.908,348.046
5218,59,94,24.6345,-468.15,358.087
5219,59,95,24.412,-452.43,367.022
5220,59,96,24.2051,-437.734,375.93
5221,59,97,25.3968,-522.742,389.758
5222,59,98,24.9353,-489.669,399.407
5223,59,99,24.5209,-459.834,408.966
5224,59,100,24.148,-432.858,418.445
5225,59,101,25.0166,-495.98,431.031
5226,59,102,24.3629,-448.261,442.149
5227,59,103,23.9539,-418.265,452.006
5228,59,104,23.4739,-382.909,462.332
5229,59,105,23.8679,-412.065,472.286
5230,59,106,22.9548,-344.191,486.969
5231,59,107,22.0684,-278.001,501.36
5232,59,108,21.2792,-218.816,514.743
5233,59,109,21.1873,-211.893,523.972
5234,59,110,20.1016,-129.739,541.804
5235,59,111,19.0502,-49.8291,558.772
5236,59,112,18.2546,10.8965,572.509
5237,59,113,17.9553,33.847,582.631
5238,59,114,16.9388,112.113,599.617
5239,59,115,15.9949,185.107,615.477
5240,59,116,15.1174,253.266,630.507
5241,59,117,14.6224,291.869,642.008
5242,59,118,13.676,366.005,658.255
5243,59,119,12.7821,436.325,673.796
5244,59,120,12.1367,487.315,686.727
5245,59,121,12.1875,483.284,696.714
5246,59,122,11.7113,521.22,708.506
5247,59,123,11.2893,554.978,719.992
5248,59,124,10.9842,579.488,730.807
5249,59,125,11.1785,563.82,741.141
5250,60,69,21.697,-265.455,97.6801
5251,60,70,17.4545,1.81818,106.707
5252,60,71,15.8741,101.911,115.224
5253,60,72,13.0769,280,124.098
5254,60,73,20.0879,-168.703,136.716
5255,60,74,18.6429,-75.7381,145.433
5256,60,75,19.4706,-129.265,153.966
5257,60,76,18.8725,-90.3922,162.405
5258,60,77,23.3849,-385.201,175.523
5259,60,78,21.9825,-293.105,184.565
5260,60,79,21.3609,-252.083,193.179
5261,60,80,21.4026,-254.848,201.612
5262,60,81,25.8046,-548.317,218.806
5263,60,82,25.2866,-513.607,227.663
5264,60,83,24.7348,-476.454,236.529
5265,60,84,24.3538,-450.677,245.283
5266,60,85,26.8376,-619.573,258.74
5267,60,86,25.8181,-549.904,268.384
5268,60,87,24.9589,-490.911,277.871
5269,60,88,24.5074,-459.754,286.848
5270,60,89,26.1112,-570.954,298.925
5271,60,90,25.2097,-508.145,308.878
5272,60,91,24.551,-462.034,318.378
5273,60,92,24.141,-433.204,327.473
5274,60,93,25.3415,-518.035,339.232
5275,60,94,24.6078,-465.947,349.267
5276,60,95,24.3745,-449.303,358.225
5277,60,96,24.1584,-433.812,367.155
5278,60,97,25.4153,-524.308,380.886
5279,60,98,24.9291,-489.146,390.543
5280,60,99,24.4944,-457.553,400.108
5281,60,100,24.1045,-429.094,409.591
5282,60,101,25.0166,-495.98,422.123
5283,60,102,24.3325,-445.586,433.211
5284,60,103,23.9063,-414.043,443.062
5285,60,104,23.4071,-376.939,453.366
5286,60,105,23.8212,-407.854,463.333
5287,60,106,22.8712,-336.606,477.887
5288,60,107,21.9513,-267.305,492.148
5289,60,108,21.1347,-205.518,505.419
5290,60,109,21.0449,-198.694,514.658
5291,60,110,19.9222,-112.992,532.273
5292,60,111,18.8372,-29.8105,549.043
5293,60,112,18.0197,33.1382,562.652
5294,60,113,17.7179,56.4728,572.743
5295,60,114,16.6732,137.617,589.535
5296,60,115,15.7051,213.129,605.224
5297,60,116,14.8068,283.489,620.1
5298,60,117,14.3056,322.922,631.525
5299,60,118,13.3378,399.375,647.603
5300,60,119,12.4254,471.76,662.988
5301,60,120,11.7705,523.934,675.81
5302,60,121,11.8348,518.793,685.808
5303,60,122,11.3546,557.362,697.516
5304,60,123,10.9306,591.566,708.925
5305,60,124,10.6272,616.145,719.682
5306,60,125,10.8381,598.989,730.055
5307,61,70,13.5152,265.758,97.754
5308,61,71,12.3636,339.455,106.254
5309,61,72,9.68531,511.76,114.97
5310,61,73,18.2967,-45.1099,127.913
5311,61,74,16.9011,45.6044,136.619
5312,61,75,18.0714,-30.8571,145.253
5313,61,76,17.5735,1.83824,153.71
5314,61,77,22.7696,-341.103,166.876
5315,61,78,21.2797,-242.27,175.901
5316,61,79,20.6667,-201.404,184.534
5317,61,80,20.782,-209.128,193.017
5318,61,81,25.6623,-537.74,210.018
5319,61,82,25.1101,-500.373,218.913
5320,61,83,24.5257,-460.632,227.808
5321,61,84,24.1304,-433.623,236.594
5322,61,85,26.8308,-619.046,249.941
5323,61,86,25.7333,-543.323,259.588
5324,61,87,24.8168,-479.78,269.075
5325,61,88,24.3432,-446.782,278.071
5326,61,89,26.069,-567.586,290.101
5327,61,90,25.1101,-500.148,300.041
5328,61,91,24.4153,-451.048,309.537
5329,61,92,23.9883,-420.728,318.642
5330,61,93,25.2707,-512.209,330.378
5331,61,94,24.4981,-456.837,340.393
5332,61,95,24.2577,-439.529,349.369
5333,61,96,24.036,-423.495,358.316
5334,61,97,25.3675,-520.247,371.981
5335,61,98,24.8583,-483.077,381.636
5336,61,99,24.4049,-449.825,391.198
5337,61,100,24,-420,400.677
5338,61,101,24.9617,-491.164,413.178
5339,61,102,24.2476,-438.087,424.22
5340,61,103,23.8055,-405.074,434.057
5341,61,104,23.2882,-366.279,444.329
5342,61,105,23.726,-399.254,454.319
5343,61,106,22.7388,-324.561,468.729
5344,61,107,21.7854,-252.1,482.846
5345,61,108,20.9417,-187.699,495.993
5346,61,109,20.8561,-181.138,505.24
5347,61,110,19.696,-91.8113,522.631
5348,61,111,18.5774,-5.30136,539.196
5349,61,112,17.7384,59.8583,552.67
5350,61,113,17.4359,83.4543,562.726
5351,61,114,16.3629,167.508,579.32
5352,61,115,15.3709,245.547,594.835
5353,61,116,14.4525,318.097,609.556
5354,61,117,13.9461,358.273,620.899
5355,61,118,12.9573,437.043,636.806
5356,61,119,12.0269,511.479,652.034
5357,61,120,11.3634,564.776,664.745
5358,61,121,11.4432,558.345,674.755
5359,61,122,10.9602,597.465,686.375
5360,61,123,10.5352,632.028,697.703
5361,61,124,10.2347,656.575,708.398
5362,61,125,10.4642,637.756,718.815
5363,62,71,20.7879,-233.394,95.4346
5364,62,72,16.0909,71.9091,104.534
5365,62,73,25.0699,-514.72,116.796
5366,62,74,22.4176,-340.549,125.682
5367,62,75,22.967,-376.813,134.094
5368,62,76,21.75,-296.083,142.591
5369,62,77,27.0735,-650.985,155.275
5370,62,78,24.902,-505.49,164.584
5371,62,79,23.8184,-432.528,173.295
5372,62,80,23.614,-418.702,181.695
5373,62,81,28.6992,-764.496,198.404
5374,62,82,27.8052,-703.403,207.367
5375,62,83,26.9226,-642.801,216.351
5376,62,84,26.2846,-598.775,225.183
5377,62,85,29.0304,-789.154,238.206
5378,62,86,27.6692,-694.323,248.124
5379,62,87,26.5333,-614.81,257.826
5380,62,88,25.8974,-570.085,266.909
5381,62,89,27.6355,-692.906,278.656
5382,62,90,26.5025,-612.463,288.855
5383,62,91,25.6685,-552.975,298.519
5384,62,92,25.1331,-514.601,307.715
5385,62,93,26.4241,-607.557,319.209
5386,62,94,25.5348,-543.226,329.44
5387,62,95,25.2193,-520.299,338.459
5388,62,96,24.93,-499.182,347.447
5389,62,97,26.2857,-598.603,360.878
5390,62,98,25.6994,-555.41,370.673
5391,62,99,25.1778,-516.814,380.357
5392,62,100,24.7126,-482.229,389.944
5393,62,101,25.6867,-554.964,402.245
5394,62,102,24.9024,-496.146,413.512
5395,62,103,24.4081,-458.904,423.469
5396,62,104,23.8387,-415.823,433.884
5397,62,105,24.2713,-448.7,443.763
5398,62,106,23.2161,-368.15,458.46
5399,62,107,22.2004,-290.284,472.784
5400,62,108,21.3032,-221.197,486.073
5401,62,109,21.199,-213.138,495.342
5402,62,110,19.9776,-118.273,512.845
5403,62,111,18.8029,-26.6492,529.458
5404,62,112,17.9222,42.3397,542.962
5405,62,113,17.601,67.6086,553.05
5406,62,114,16.4812,156.068,569.614
5407,62,115,15.4481,238.031,585.087
5408,62,116,14.4935,314.078,599.76
5409,62,117,13.9675,356.156,611.101
5410,62,118,12.9433,438.432,626.922
5411,62,119,11.9813,516.037,642.066
5412,62,120,11.2969,571.473,654.733
5413,62,121,11.3815,564.593,664.761
5414,62,122,10.8847,605.163,676.357
5415,62,123,10.4485,640.934,687.665
5416,62,124,10.1411,666.24,698.351
5417,62,125,10.3807,646.434,708.787
5418,63,72,14.1212,207.818,96.0939
5419,63,73,25.0909,-516.182,108.26
5420,63,74,21.993,-310.688,117.199
5421,63,75,22.6923,-357.308,125.702
5422,63,76,21.3407,-266.747,134.254
5423,63,77,27.4286,-676.667,146.74
5424,63,78,24.9412,-508.353,156.084
5425,63,79,23.7255,-425.686,164.844
5426,63,80,23.5088,-410.877,173.304
5427,63,81,29.1404,-797.579,189.606
5428,63,82,28.1128,-726.677,198.631
5429,63,83,27.1169,-657.628,207.666
5430,63,84,26.4032,-607.905,216.547
5431,63,85,29.3775,-816.107,229.377
5432,63,86,27.8739,-710.357,239.33
5433,63,87,26.6308,-622.508,249.056
5434,63,88,25.9385,-573.354,258.172
5435,63,89,27.8022,-706.3,269.826
5436,63,90,26.5764,-618.448,280.033
5437,63,91,25.6798,-553.897,289.711
5438,63,92,25.1079,-512.529,298.927
5439,63,93,26.4839,-612.516,310.365
5440,63,94,25.5352,-543.262,320.592
5441,63,95,25.2005,-518.721,329.637
5442,63,96,24.8953,-496.238,338.648
5443,63,97,26.3305,-602.443,351.978
5444,63,98,25.7091,-556.252,361.781
5445,63,99,25.1588,-515.164,371.472
5446,63,100,24.6701,-478.507,381.063
5447,63,101,25.6964,-555.819,393.309
5448,63,102,24.8724,-493.475,404.543
5449,63,103,24.3554,-454.181,414.493
5450,63,104,23.7614,-408.843,424.883
5451,63,105,24.2178,-443.827,434.779
5452,63,106,23.117,-359.067,449.338
5453,63,107,22.0606,-277.374,463.525
5454,63,108,21.1304,-205.13,476.697
5455,63,109,21.0291,-197.229,485.976
5456,63,110,19.7639,-98.1186,503.257
5457,63,111,18.55,-2.62551,519.667
5458,63,112,17.6442,68.9345,533.04
5459,63,113,17.3213,94.552,543.097
5460,63,114,16.1692,186.332,559.463
5461,63,115,15.1089,271.161,574.763
5462,63,116,14.1315,349.675,589.282
5463,63,117,13.5996,392.584,600.545
5464,63,118,12.5519,477.442,616.195
5465,63,119,11.5699,557.317,631.182
5466,63,120,10.8761,613.978,643.738
5467,63,121,10.9778,605.636,653.782
5468,63,122,10.4779,646.793,665.294
5469,63,123,10.0407,682.934,676.524
5470,63,124,9.7366,708.177,687.152
5471,63,125,9.99664,686.506,697.635
5472,64,73,24.7879,-494.97,99.6143
5473,64,74,21.1818,-253.364,108.605
5474,64,75,22.1329,-317.401,117.209
5475,64,76,20.6593,-217.692,125.818
5476,64,77,27.7143,-697.429,138.139
5477,64,78,24.8571,-502.19,147.513
5478,64,79,23.5,-409,156.321
5479,64,80,23.2843,-394.118,164.843
5480,64,81,29.5666,-829.687,180.767
5481,64,82,28.386,-747.439,189.852
5482,64,83,27.2632,-668.842,198.939
5483,64,84,26.4675,-612.883,207.867
5484,64,85,29.7064,-841.762,220.521
5485,64,86,28.0435,-723.696,230.502
5486,64,87,26.6826,-626.62,240.247
5487,64,88,25.9308,-572.738,249.395
5488,64,89,27.9385,-717.292,260.968
5489,64,90,26.6117,-621.325,271.178
5490,64,91,25.6486,-551.338,280.864
5491,64,92,25.0394,-506.867,290.099
5492,64,93,26.5117,-614.834,301.492
5493,64,94,25.5,-540.306,311.709
5494,64,95,25.1466,-514.157,320.778
5495,64,96,24.8262,-490.339,329.811
5496,64,97,26.3499,-604.107,343.051
5497,64,98,25.6919,-554.756,352.86
5498,64,99,25.112,-511.07,362.553
5499,64,100,24.5993,-472.281,372.146
5500,64,101,25.6833,-554.665,384.347
5501,64,102,24.8178,-488.596,395.541
5502,64,103,24.2777,-447.186,405.482
5503,64,104,23.6585,-399.512,415.844
5504,64,105,24.1415,-436.86,425.759
5505,64,106,22.9931,-347.665,440.176
5506,64,107,21.8943,-261.962,454.22
5507,64,108,20.9302,-186.439,467.271
5508,64,109,20.8332,-178.809,476.56
5509,64,110,19.5224,-75.2602,493.615
5510,64,111,18.268,24.2566,509.82
5511,64,112,17.3367,98.449,523.06
5512,64,113,17.0132,124.331,533.086
5513,64,114,15.8281,219.538,549.253
5514,64,115,14.74,307.306,564.379
5515,64,116,13.7397,388.331,578.741
5516,64,117,13.2026,432.017,589.926
5517,64,118,12.1313,519.505,605.403
5518,64,119,11.1292,601.679,620.232
5519,64,120,10.4265,659.534,632.677
5520,64,121,10.5472,649.553,642.739
5521,64,122,10.045,691.238,654.165
5522,64,123,9.60767,727.683,665.317
5523,64,124,9.30777,752.774,675.887
5524,64,125,9.59004,729.064,686.421
5525,65,74,19.0303,-100.606,99.8188
5526,65,75,20.5455,-203.636,108.543
5527,65,76,19.0909,-104.242,117.193
5528,65,77,27.4725,-679.78,129.46
5529,65,78,24.2418,-456.857,138.835
5530,65,79,22.7857,-355.905,147.675
5531,65,80,22.6324,-345.221,156.258
5532,65,81,29.7304,-842.083,171.899
5533,65,82,28.4004,-748.541,181.035
5534,65,83,27.1579,-660.737,190.161
5535,65,84,26.2932,-599.346,199.128
5536,65,85,29.8571,-853.571,211.654
5537,65,86,28.0294,-722.58,221.642
5538,65,87,26.5514,-616.166,231.387
5539,65,88,25.7478,-558.042,240.556
5540,65,89,27.9308,-716.669,252.083
5541,65,90,26.5026,-612.41,262.275
5542,65,91,25.4762,-537.143,271.955
5543,65,92,24.8358,-489.967,281.199
5544,65,93,26.4236,-607.468,292.576
5545,65,94,25.3504,-527.689,302.765
5546,65,95,24.9839,-500.323,311.852
5547,65,96,24.6536,-475.552,320.902
5548,65,97,26.2801,-598.08,334.086
5549,65,98,25.5875,-545.673,343.888
5550,65,99,24.9804,-499.535,353.573
5551,65,100,24.4466,-458.788,363.156
5552,65,101,25.5974,-547.02,375.338
5553,65,102,24.6909,-477.215,386.476
5554,65,103,24.1296,-433.806,396.397
5555,65,104,23.4869,-383.89,406.719
5556,65,105,24.0017,-424.051,416.665
5557,65,106,22.8053,-330.328,430.922
5558,65,107,21.6641,-240.559,444.811
5559,65,108,20.6667,-161.758,457.729
5560,65,109,20.5771,-154.65,467.026
5561,65,110,19.2205,-46.5742,483.847
5562,65,111,17.9255,57.0213,499.84
5563,65,112,16.9697,133.805,512.94
5564,65,113,16.648,159.76,522.93
5565,65,114,15.43,258.414,538.896
5566,65,115,14.3149,349.107,553.844
5567,65,116,13.2925,432.606,568.047
5568,65,117,12.752,476.929,579.148
5569,65,118,11.6577,567.023,594.452
5570,65,119,10.6364,651.455,609.121
5571,65,120,9.92618,710.4,621.45
5572,65,121,10.0687,698.523,631.532
5573,65,122,9.56566,740.611,642.869
5574,65,123,9.12975,777.227,653.938
5575,65,124,8.83579,802.018,664.445
5576,65,125,9.14278,776.026,675.038
5577,66,75,30.4242,-914.909,97.1998
5578,66,76,26.9091,-672.364,106.02
5579,66,77,35.3846,-1260,117.628
5580,66,78,30.4396,-915.495,127.537
5581,66,79,27.8901,-737.033,136.573
5582,66,80,27.0357,-676.94,145.134
5583,66,81,34.4706,-1202.34,160.317
5584,66,82,32.4265,-1057.21,169.641
5585,66,83,30.5986,-926.815,178.954
5586,66,84,29.2807,-832.368,188.045
5587,66,85,32.9023,-1093.12,200.17
5588,66,86,30.6104,-927.342,210.525
5589,66,87,28.7634,-793.128,220.544
5590,66,88,27.6976,-715.326,229.843
5591,66,89,29.9,-876.833,241.062
5592,66,90,28.2,-751.6,251.545
5593,66,91,26.9641,-660.144,261.415
5594,66,92,26.1661,-600.822,270.769
5595,66,93,27.7723,-720.755,281.898
5596,66,94,26.532,-627.734,292.306
5597,66,95,26.0623,-592.348,301.457
5598,66,96,25.6411,-560.48,310.565
5599,66,97,27.3076,-687.128,323.488
5600,66,98,26.5107,-626.301,333.435
5601,66,99,25.8136,-572.857,343.244
5602,66,100,25.2017,-525.739,352.936
5603,66,101,26.3745,-616.439,364.912
5604,66,102,25.377,-538.962,376.247
5605,66,103,24.75,-490.057,386.278
5606,66,104,24.0425,-434.639,396.723
5607,66,105,24.5553,-474.982,406.577
5608,66,106,23.2735,-373.718,421.037
5609,66,107,22.0557,-277.108,435.06
5610,66,108,20.9937,-192.495,448.065
5611,66,109,20.8851,-183.813,457.387
5612,66,110,19.4545,-68.8889,474.236
5613,66,111,18.0931,40.9325,490.214
5614,66,112,17.0895,122.226,503.309
5615,66,113,16.7493,149.892,513.323
5616,66,114,15.4776,253.755,529.215
5617,66,115,14.316,349.005,544.089
5618,66,116,13.2534,436.49,558.22
5619,66,117,12.6936,482.767,569.308
5620,66,118,11.5602,576.836,584.504
5621,66,119,10.5047,664.8,599.071
5622,66,120,9.77345,725.978,611.346
5623,66,121,9.92652,713.12,621.451
5624,66,122,9.41081,756.612,632.755
5625,66,123,8.96521,794.339,643.797
5626,66,124,8.66686,819.699,654.292
5627,66,125,8.98972,792.148,664.912
5628,67,76,20.6667,-216.667,96.3267
5629,67,77,31.8182,-997.273,108.547
5630,67,78,26.6434,-633.31,118.176
5631,67,79,24.2857,-466.703,127.047
5632,67,80,23.8242,-433.934,135.553
5633,67,81,32.6786,-1065.55,151.179
5634,67,82,30.6029,-916.794,160.426
5635,67,83,28.7745,-785.147,169.643
5636,67,84,27.5129,-693.891,178.654
5637,67,85,31.7018,-998.281,190.998
5638,67,86,29.3008,-823.008,201.191
5639,67,87,27.4026,-683.81,211.063
5640,67,88,26.3636,-607.273,220.275
5641,67,89,28.8735,-793.004,231.689
5642,67,90,27.1174,-662.465,242.012
5643,67,91,25.8692,-569.269,251.757
5644,67,92,25.094,-511.128,261.026
5645,67,93,26.8987,-647.078,272.343
5646,67,94,25.6322,-551.248,282.606
5647,67,95,25.1921,-517.803,291.705
5648,67,96,24.8009,-487.939,300.761
5649,67,97,26.629,-628.097,313.895
5650,67,98,25.8248,-566.169,323.745
5651,67,99,25.127,-512.208,333.461
5652,67,100,24.5195,-465.024,343.062
5653,67,101,25.7983,-564.773,355.211
5654,67,102,24.7773,-484.797,366.393
5655,67,103,24.1489,-435.358,376.328
5656,67,104,23.4358,-379.026,386.653
5657,67,105,24.0061,-424.266,396.602
5658,67,106,22.6876,-319.229,410.834
5659,67,107,21.439,-219.341,424.645
5660,67,108,20.3557,-132.316,437.463
5661,67,109,20.2718,-125.548,446.759
5662,67,110,18.8041,-6.66173,463.375
5663,67,111,17.4111,106.637,479.139
5664,67,112,16.3935,189.742,492.062
5665,67,113,16.0685,216.392,501.997
5666,67,114,14.772,323.131,517.698
5667,67,115,13.5918,420.694,532.395
5668,67,116,12.5157,510.011,546.358
5669,67,117,11.9629,556.08,557.326
5670,67,118,10.8141,652.2,572.359
5671,67,119,9.74682,741.848,586.769
5672,67,120,9.01658,803.431,598.906
5673,67,121,9.20274,787.67,609.029
5674,67,122,8.69446,830.873,620.214
5675,67,123,8.25836,868.087,631.143
5676,67,124,7.9741,892.439,641.545
5677,67,125,8.33139,861.712,652.249
5678,68,77,32.8485,-1073.52,99.8523
5679,68,78,26.5455,-626,109.525
5680,68,79,23.8112,-430.956,118.457
5681,68,80,23.3516,-398.022,127.046
5682,68,81,33.5385,-1131.47,142.238
5683,68,82,31.0714,-953.024,151.564
5684,68,83,28.9559,-799.294,160.842
5685,68,84,27.5245,-694.804,169.907
5686,68,85,32.1775,-1036.02,182.08
5687,68,86,29.4737,-836.842,192.297
5688,68,87,27.3684,-681.053,202.18
5689,68,88,26.2338,-596.71,211.422
5690,68,89,28.9836,-802.033,222.773
5691,68,90,27.0652,-658.152,233.085
5692,68,91,25.7174,-556.616,242.83
5693,68,92,24.8923,-494.185,252.113
5694,68,93,26.8513,-643.067,263.404
5695,68,94,25.4945,-539.499,273.644
5696,68,95,25.0328,-504.105,282.766
5697,68,96,24.6256,-472.749,291.843
5698,68,97,26.5873,-624.454,304.907
5699,68,98,25.7339,-558.169,314.754
5700,68,99,24.9982,-500.784,324.466
5701,68,100,24.3616,-450.922,334.062
5702,68,101,25.725,-558.173,346.183
5703,68,102,24.6499,-473.238,357.312
5704,68,103,23.9936,-421.172,367.23
5705,68,104,23.2504,-361.963,377.518
5706,68,105,23.8604,-410.765,387.498
5707,68,106,22.4818,-300.018,401.568
5708,68,107,21.1811,-195.092,415.222
5709,68,108,20.0575,-104.084,427.908
5710,68,109,19.9838,-98.0896,437.216
5711,68,110,18.4612,26.2564,453.595
5712,68,111,17.0204,144.398,469.145
5713,68,112,15.975,230.475,481.929
5714,68,113,15.654,257.006,491.832
5715,68,114,14.3201,367.724,507.329
5716,68,115,13.1095,468.603,521.847
5717,68,116,12.0092,560.665,535.648
5718,68,117,11.4545,607.259,546.536
5719,68,118,10.2805,706.262,561.392
5720,68,119,9.19278,798.36,575.64
5721,68,120,8.45589,860.995,587.661
5722,68,121,8.66972,842.749,597.815
5723,68,122,8.16234,886.214,608.912
5724,68,123,7.72967,923.424,619.76
5725,68,124,7.45398,947.225,630.103
5726,68,125,7.84152,913.638,640.881
5727,69,78,23.2727,-380.545,100.528
5728,69,79,20.6364,-190.727,109.434
5729,69,80,20.6294,-190.221,118.076
5730,69,81,32.8022,-1074.78,133.245
5731,69,82,30.0879,-876.637,142.584
5732,69,83,27.8214,-710.429,151.858
5733,69,84,26.3529,-602.25,160.926
5734,69,85,31.6912,-997.279,173.111
5735,69,86,28.741,-777.981,183.261
5736,69,87,26.4912,-610,193.082
5737,69,88,25.3308,-522.97,202.306
5738,69,89,28.4286,-756.333,213.719
5739,69,90,26.3862,-601.796,223.949
5740,69,91,24.9802,-494.941,233.639
5741,69,92,24.1478,-431.4,242.896
5742,69,93,26.3231,-598.169,254.265
5743,69,94,24.9026,-488.79,264.425
5744,69,95,24.4505,-453.834,273.543
5745,69,96,24.0558,-423.177,282.615
5746,69,97,26.1921,-589.808,295.732
5747,69,98,25.3081,-520.561,305.535
5748,69,99,24.5524,-461.113,315.205
5749,69,100,23.904,-409.885,324.761
5750,69,101,25.3777,-526.799,336.943
5751,69,102,24.2597,-437.737,347.971
5752,69,103,23.5882,-384.017,357.838
5753,69,104,22.8263,-322.804,368.051
5754,69,105,23.4922,-376.522,378.097
5755,69,106,22.0604,-260.548,391.963
5756,69,107,20.7146,-151.088,405.424
5757,69,108,19.5582,-56.6473,417.948
5758,69,109,19.5052,-52.3066,427.256
5759,69,110,17.9329,77.1477,443.385
5760,69,111,16.4497,199.758,458.709
5761,69,112,15.3827,288.323,471.335
5762,69,113,15.0738,314.064,481.188
5763,69,114,13.7071,428.413,496.477
5764,69,115,12.4711,532.234,510.809
5765,69,116,11.3515,626.653,524.441
5766,69,117,10.801,673.26,535.23
5767,69,118,9.60624,774.816,549.909
5768,69,119,8.50226,869.023,563.991
5769,69,120,7.7636,932.302,575.883
5770,69,121,8.01161,910.972,586.072
5771,69,122,7.50982,954.294,597.066
5772,69,123,7.08514,991.1,607.819
5773,69,124,6.82262,1013.94,618.09
5774,69,125,7.24592,976.971,628.96
5775,70,79,31.0909,-985.273,97.9079
5776,70,80,29.1818,-845.909,106.497
5777,70,81,41.958,-1782.83,121.118
5778,70,82,37.4176,-1448.35,130.818
5779,70,83,33.7802,-1179.19,140.394
5780,70,84,31.3214,-996.417,149.645
5781,70,85,36.7059,-1398.46,161.335
5782,70,86,32.8186,-1106.91,171.995
5783,70,87,29.8658,-884.469,182.16
5784,70,88,28.2281,-760.544,191.541
5785,70,89,31.3459,-997.496,202.593
5786,70,90,28.8312,-805.541,213.17
5787,70,91,27.0751,-670.909,223.074
5788,70,92,25.9881,-587.213,232.452
5789,70,93,28.1913,-757.591,243.536
5790,70,94,26.5077,-626.831,253.939
5791,70,95,25.8974,-579.231,263.124
5792,70,96,25.3663,-537.625,272.256
5793,70,97,27.5616,-710.32,285.08
5794,70,98,26.5222,-628.207,295.042
5795,70,99,25.6352,-557.837,304.845
5796,70,100,24.875,-497.278,314.514
5797,70,101,26.3801,-617.689,326.467
5798,70,102,25.1337,-517.558,337.705
5799,70,103,24.3713,-456.057,347.688
5800,70,104,23.521,-387.185,358.029
5801,70,105,24.1853,-441.216,367.97
5802,70,106,22.6387,-314.908,382.049
5803,70,107,21.1916,-196.246,395.65
5804,70,108,19.9514,-94.1377,408.264
5805,70,109,19.8762,-87.9174,417.596
5806,70,110,18.2091,50.453,433.755
5807,70,111,16.6421,181.034,449.067
5808,70,112,15.5165,275.211,461.691
5809,70,113,15.1875,302.848,471.571
5810,70,114,13.7549,423.657,486.789
5811,70,115,12.4632,533.028,501.05
5812,70,116,11.2963,632.214,514.615
5813,70,117,10.7251,680.949,525.396
5814,70,118,9.48469,787.214,539.969
5815,70,119,8.34142,885.536,553.953
5816,70,120,7.58009,951.264,565.796
5817,70,121,7.8447,928.331,576.011
5818,70,122,7.33027,973.087,586.979
5819,70,123,6.89651,1010.97,597.711
5820,70,124,6.63131,1034.22,607.975
5821,70,125,7.07656,995.036,618.875
5822,71,80,26.7273,-656.909,97.838
5823,71,81,42.2727,-1807.27,112.22
5824,71,82,36.9231,-1409.62,121.94
5825,71,83,32.8022,-1101.92,131.506
5826,71,84,30.1319,-901.648,140.751
5827,71,85,36.3929,-1373.31,152.429
5828,71,86,32.0588,-1045.37,162.997
5829,71,87,28.848,-801.348,173.078
5830,71,88,27.1414,-671.073,182.428
5831,71,89,30.7018,-944.035,193.55
5832,71,90,28,-736,204.019
5833,71,91,26.1558,-593.385,213.848
5834,71,92,25.0536,-507.781,223.188
5835,71,93,27.5296,-700.909,234.366
5836,71,94,25.7609,-562.355,244.668
5837,71,95,25.1615,-515.208,253.84
5838,71,96,24.6462,-474.492,262.957
5839,71,97,27.0574,-665.783,275.858
5840,71,98,25.9797,-579.932,285.761
5841,71,99,25.069,-507.069,295.508
5842,71,100,24.2959,-444.965,305.125
5843,71,101,25.9355,-577.226,317.161
5844,71,102,24.6389,-472.205,328.279
5845,71,103,23.8603,-408.876,338.198
5846,71,104,22.9901,-337.807,348.451
5847,71,105,23.7227,-397.882,358.469
5848,71,106,22.1158,-265.584,372.325
5849,71,107,20.6188,-141.828,385.72
5850,71,108,19.3435,-35.9777,398.158
5851,71,109,19.2955,-31.9838,407.489
5852,71,110,17.5741,112.043,423.39
5853,71,111,15.9617,247.488,438.47
5854,71,112,14.8148,344.204,450.929
5855,71,113,14.5032,370.592,460.755
5856,71,114,13.0366,495.247,475.762
5857,71,115,11.7194,607.654,489.833
5858,71,116,10.5341,709.195,503.223
5859,71,117,9.97109,757.611,513.9
5860,71,118,8.71038,866.453,528.294
5861,71,119,7.55204,966.842,542.109
5862,71,120,6.79184,1032.98,553.817
5863,71,121,7.09774,1006.26,564.077
5864,71,122,6.59225,1050.58,574.937
5865,71,123,6.16997,1087.74,585.57
5866,71,124,5.92186,1109.66,595.759
5867,71,125,6.40909,1066.45,606.77
5868,72,81,42.6667,-1838,103.214
5869,72,82,36.2727,-1358.45,112.965
5870,72,83,31.5734,-1004.44,122.529
5871,72,84,28.6813,-785.604,131.777
5872,72,85,36.044,-1345.16,143.448
5873,72,86,31.1786,-973.774,153.934
5874,72,87,27.6765,-705.279,163.939
5875,72,88,25.9069,-569.02,173.267
5876,72,89,30,-885.556,184.461
5877,72,90,27.0877,-659.368,194.831
5878,72,91,25.1504,-508.256,204.595
5879,72,92,24.039,-421.195,213.904
5880,72,93,26.8323,-640.937,225.175
5881,72,94,24.9704,-493.844,235.385
5882,72,95,24.387,-447.561,244.551
5883,72,96,23.8923,-408.154,253.661
5884,72,97,26.547,-620.53,266.631
5885,72,98,25.4274,-530.584,276.483
5886,72,99,24.491,-455.049,286.183
5887,72,100,23.7044,-391.34,295.754
5888,72,101,25.4928,-536.791,307.865
5889,72,102,24.1411,-426.407,318.871
5890,72,103,23.3449,-361.12,328.734
5891,72,104,22.4532,-287.701,338.907
5892,72,105,23.2605,-354.437,349
5893,72,106,21.5882,-215.639,362.639
5894,72,107,20.0373,-86.396,375.833
5895,72,108,18.7245,23.4424,388.101
5896,72,109,18.7066,24.9436,397.436
5897,72,110,16.9271,175.016,413.079
5898,72,111,15.2664,315.623,427.927
5899,72,112,14.0976,414.976,440.222
5900,72,113,13.8052,439.924,450.002
5901,72,114,12.3029,568.618,464.796
5902,72,115,10.9591,684.185,478.675
5903,72,116,9.75494,788.147,491.89
5904,72,117,9.20136,836.124,502.468
5905,72,118,7.91975,947.624,516.679
5906,72,119,6.74609,1050.12,530.323
5907,72,120,5.98776,1116.6,541.898
5908,72,121,6.33806,1085.78,552.212
5909,72,122,5.84253,1129.55,562.968
5910,72,123,5.43285,1165.87,573.504
5911,72,124,5.20319,1186.31,583.623
5912,72,125,5.73509,1138.8,594.755
5913,73,82,30.0606,-867.697,103.253
5914,73,83,25.6364,-531.455,112.623
5915,73,84,23.2517,-349.429,121.718
5916,73,85,32.5824,-1064.78,133.859
5917,73,86,27.5165,-674.703,144.078
5918,73,87,24.0357,-405.524,153.855
5919,73,88,22.5,-286.25,163.047
5920,73,89,27.4755,-674.338,174.614
5921,73,90,24.5201,-442.835,184.756
5922,73,91,22.6491,-295.649,194.346
5923,73,92,21.6767,-218.827,203.536
5924,73,93,24.961,-479.385,215.145
5925,73,94,23.0999,-331.118,225.164
5926,73,95,22.6285,-293.399,234.263
5927,73,96,22.2391,-262.123,243.305
5928,73,97,25.2385,-504.069,256.643
5929,73,98,24.1333,-414.554,266.37
5930,73,99,23.2234,-340.549,275.952
5931,73,100,22.4713,-279.122,285.411
5932,73,101,24.468,-442.852,297.796
5933,73,102,23.0945,-329.773,308.623
5934,73,103,22.3145,-265.29,318.371
5935,73,104,21.4315,-191.996,328.403
5936,73,105,22.3496,-268.508,338.64
5937,73,106,20.6325,-124.848,352.031
5938,73,107,19.0476,8.28571,364.992
5939,73,108,17.7169,120.513,377.055
5940,73,109,17.7525,117.496,386.373
5941,73,110,15.9295,272.448,401.776
5942,73,111,14.2348,417.063,416.4
5943,73,112,13.0591,517.783,428.507
5944,73,113,12.8031,539.796,438.206
5945,73,114,11.277,671.549,452.801
5946,73,115,9.91845,789.293,466.49
5947,73,116,8.70684,894.704,479.523
5948,73,117,8.17523,941.131,489.968
5949,73,118,6.88252,1054.46,504.008
5950,73,119,5.70305,1158.25,517.483
5951,73,120,4.95658,1224.19,528.901
5952,73,121,5.36327,1188.13,539.286
5953,73,122,4.88691,1230.53,549.908
5954,73,123,4.49864,1265.21,560.32
5955,73,124,4.29608,1283.37,570.343
5956,73,125,4.88228,1230.62,581.649
5957,74,83,34.9697,-1278.12,102.022
5958,74,84,30.4545,-930.455,111.333
5959,74,85,40.1399,-1679.45,122.853
5960,74,86,33.1319,-1135.16,133.589
5961,74,87,28.3516,-762.308,143.681
5962,74,88,26.0357,-580.893,153.021
5963,74,89,31.1912,-986.456,164.19
5964,74,90,27.451,-690.98,174.632
5965,74,91,25.0464,-500.22,184.404
5966,74,92,23.7193,-394.491,193.701
5967,74,93,27.1278,-667.173,205.005
5968,74,94,24.8831,-486.848,215.225
5969,74,95,24.2067,-432.281,224.387
5970,74,96,23.6462,-386.887,233.486
5971,74,97,26.7783,-641.625,246.488
5972,74,98,25.4615,-534.092,256.355
5973,74,99,24.3795,-445.364,266.051
5974,74,100,23.486,-371.797,275.608
5975,74,101,25.5528,-542.657,287.748
5976,74,102,24.0099,-414.591,298.743
5977,74,103,23.1168,-340.17,308.587
5978,74,104,22.125,-257.19,318.721
5979,74,105,23.0572,-335.493,328.858
5980,74,106,21.1932,-178.295,342.39
5981,74,107,19.482,-33.4194,355.433
5982,74,108,18.0504,88.2689,367.546
5983,74,109,18.0695,86.6409,376.886
5984,74,110,16.1309,252.717,392.26
5985,74,111,14.3364,407.045,406.829
5986,74,112,13.0951,514.203,418.913
5987,74,113,12.8246,537.652,428.636
5988,74,114,11.223,676.99,443.132
5989,74,115,9.80229,801.065,456.73
5990,74,116,8.53972,911.75,469.68
5991,74,117,7.99154,959.989,480.114
5992,74,118,6.64954,1078.53,494.032
5993,74,119,5.42892,1186.76,507.396
5994,74,120,4.66235,1254.99,518.76
5995,74,121,5.09824,1216.05,529.181
5996,74,122,4.61327,1259.53,539.776
5997,74,123,4.22041,1294.89,550.167
5998,74,124,4.02081,1312.92,560.186
5999,74,125,4.64014,1256.77,571.535
6000,75,84,26.2424,-589.273,102.073
6001,75,85,38.4545,-1541.82,113.745
6002,75,86,30.5594,-923.368,124.298
6003,75,87,25.4396,-520.604,134.241
6004,75,88,23.2088,-344.374,143.518
6005,75,89,29.4286,-837.81,154.884
6006,75,90,25.4412,-520.147,165.163
6007,75,91,22.9902,-324.069,174.825
6008,75,92,21.7441,-223.963,184.062
6009,75,93,25.7193,-544.632,195.564
6010,75,94,23.391,-356.038,205.649
6011,75,95,22.7922,-307.338,214.789
6012,75,96,22.3094,-267.911,223.867
6013,75,97,25.83,-556.601,237.046
6014,75,98,24.4826,-445.662,246.835
6015,75,99,23.3923,-355.531,256.459
6016,75,100,22.506,-281.966,265.949
6017,75,101,24.7985,-473.012,278.236
6018,75,102,23.1992,-339.204,289.091
6019,75,103,22.3005,-263.709,298.859
6020,75,104,21.297,-179.081,308.891
6021,75,105,22.3427,-267.621,319.137
6022,75,106,20.4069,-103.074,332.427
6023,75,107,18.6397,47.7262,345.248
6024,75,108,17.1734,173.338,357.172
6025,75,109,17.2437,167.294,366.519
6026,75,110,15.2432,340,381.626
6027,75,111,13.3997,499.772,395.954
6028,75,112,12.1425,609.153,407.861
6029,75,113,11.9069,629.727,417.534
6030,75,114,10.2711,773.13,431.81
6031,75,115,8.82753,900.166,445.21
6032,75,116,7.55125,1012.9,457.975
6033,75,117,7.02356,1059.69,468.299
6034,75,118,5.66455,1180.64,482.03
6035,75,119,4.43347,1290.62,495.216
6036,75,120,3.67684,1358.46,506.434
6037,75,121,4.17322,1313.79,516.943
6038,75,122,3.70658,1355.94,527.424
6039,75,123,3.33469,1389.66,537.711
6040,75,124,3.16255,1405.33,547.657
6041,75,125,3.83982,1343.47,559.183
6042,76,85,39.6364,-1638.73,104.582
6043,76,86,30.0909,-884.636,115.132
6044,76,87,24.1958,-416.958,125.063
6045,76,88,21.8132,-227.143,134.374
6046,76,89,29.1209,-811.758,145.742
6047,76,90,24.6429,-452.024,155.982
6048,76,91,21.9853,-237.647,165.63
6049,76,92,20.7108,-134.412,174.885
6050,76,93,25.2425,-502.993,186.414
6051,76,94,22.7193,-296.93,196.459
6052,76,95,22.1278,-248.429,205.63
6053,76,96,21.6623,-210.104,214.736
6054,76,97,25.5618,-532.462,227.88
6055,76,98,24.1206,-412.836,237.662
6056,76,99,22.9696,-316.92,247.279
6057,76,100,22.0462,-239.662,256.762
6058,76,101,24.5504,-450.021,269.047
6059,76,102,22.851,-306.705,279.836
6060,76,103,21.913,-227.282,289.586
6061,76,104,20.867,-138.374,299.578
6062,76,105,22.0111,-236.007,309.874
6063,76,106,19.9718,-61.3024,322.984
6064,76,107,18.1213,97.8354,335.634
6065,76,108,16.5976,229.385,347.419
6066,76,109,16.7059,220,356.793
6067,76,110,14.6218,401.311,371.648
6068,76,111,12.7104,568.242,385.752
6069,76,112,11.4225,681.152,397.515
6070,76,113,11.2124,699.64,407.168
6071,76,114,9.52834,848.397,421.231
6072,76,115,8.04972,979.502,434.442
6073,76,116,6.74913,1095.25,447.038
6074,76,117,6.2345,1141.23,457.285
6075,76,118,4.84899,1265.46,470.828
6076,76,119,3.59901,1377.96,483.841
6077,76,120,2.84585,1446,494.938
6078,76,121,3.39994,1395.76,505.534
6079,76,122,2.94635,1437.04,515.93
6080,76,123,2.59064,1469.52,526.141
6081,76,124,2.44184,1483.16,536.042
6082,76,125,3.17503,1415.71,547.719
6083,77,86,24.6061,-429.394,105.459
6084,77,87,18.6364,48.1818,115.213
6085,77,88,16.7832,197.051,124.458
6086,77,89,25.989,-545.549,136.155
6087,77,90,21.3187,-167.253,146.214
6088,77,91,18.75,41.6667,155.744
6089,77,92,17.7206,125.735,164.942
6090,77,93,23.1373,-318.431,176.756
6091,77,94,20.5676,-106.863,186.659
6092,77,95,20.1404,-71.5439,195.815
6093,77,96,19.8271,-45.5414,204.907
6094,77,97,24.2727,-416.013,218.29
6095,77,98,22.8176,-294.269,227.993
6096,77,99,21.6798,-198.696,237.539
6097,77,100,20.787,-123.396,246.958
6098,77,101,23.5923,-360.915,259.422
6099,77,102,21.8359,-211.621,270.071
6100,77,103,20.9035,-132.059,279.747
6101,77,104,19.855,-42.2304,289.639
6102,77,105,21.1478,-153.414,300.061
6103,77,106,19.03,29.4186,312.928
6104,77,107,17.121,194.871,325.355
6105,77,108,15.5645,330.282,336.949
6106,77,109,15.742,314.784,346.341
6107,77,110,13.5921,503.261,360.926
6108,77,111,11.6303,675.899,374.785
6109,77,112,10.3308,790.688,386.369
6110,77,113,10.1683,805.09,395.979
6111,77,114,8.4506,957.968,409.818
6112,77,115,6.95142,1091.89,422.825
6113,77,116,5.64071,1209.42,435.231
6114,77,117,5.15505,1253.13,445.371
6115,77,118,3.75496,1379.61,458.721
6116,77,119,2.49773,1493.59,471.549
6117,77,120,1.76039,1560.69,482.497
6118,77,121,2.38735,1503.43,493.214
6119,77,122,1.95806,1542.78,503.497
6120,77,123,1.62928,1573.03,513.605
6121,77,124,1.51433,1583.64,523.441
6122,77,125,2.31531,1509.42,535.339
6123,78,87,27.7576,-718,104.782
6124,78,88,23.9091,-406.273,114.179
6125,78,89,33.4615,-1183.21,125.339
6126,78,90,26.9231,-649.231,135.783
6127,78,91,23.1868,-342.857,145.523
6128,78,92,21.4286,-198.095,154.822
6129,78,93,27.0588,-663.529,166.231
6130,78,94,23.7255,-386.863,176.381
6131,78,95,22.8999,-318.063,185.59
6132,78,96,22.2632,-264.789,194.723
6133,78,97,26.9098,-655.105,207.697
6134,78,98,25.0649,-499.524,217.57
6135,78,99,23.6194,-377.137,227.25
6136,78,100,22.4802,-280.306,236.777
6137,78,101,25.3783,-527.604,248.939
6138,78,102,23.3385,-352.862,259.809
6139,78,103,22.2188,-256.571,269.601
6140,78,104,20.9951,-150.926,279.619
6141,78,105,22.2989,-263.916,289.896
6142,78,106,19.9557,-60.0591,302.988
6143,78,107,17.8576,123.17,315.561
6144,78,108,16.1532,272.589,327.251
6145,78,109,16.305,259.234,336.654
6146,78,110,13.9906,463.668,351.281
6147,78,111,11.89,649.925,365.137
6148,78,112,10.5014,773.51,376.732
6149,78,113,10.3205,789.674,386.373
6150,78,114,8.50166,952.76,400.154
6151,78,115,6.92089,1095.03,413.105
6152,78,116,5.54453,1219.36,425.458
6153,78,117,5.0394,1265.16,435.605
6154,78,118,3.57666,1398.27,448.861
6155,78,119,2.26805,1517.79,461.603
6156,78,120,1.5071,1587.54,472.518
6157,78,121,2.17407,1526.18,483.267
6158,78,122,1.73518,1566.7,493.542
6159,78,123,1.40179,1597.6,503.649
6160,78,124,1.29163,1607.84,513.497
6161,78,125,2.13526,1529.1,525.418
6162,79,88,16.6667,209.333,104.212
6163,79,89,29.2727,-824.364,115.749
6164,79,90,22.3427,-253.788,125.962
6165,79,91,18.7363,44.3407,135.552
6166,79,92,17.3626,158.352,144.776
6167,79,93,24.2857,-418.571,156.521
6168,79,94,20.8824,-133.824,166.497
6169,79,95,20.2941,-84.4118,175.68
6170,79,96,19.8762,-49.1641,184.788
6171,79,97,25.2632,-505.263,198.05
6172,79,98,23.3985,-346.767,207.824
6173,79,99,21.974,-225.212,217.415
6174,79,100,20.8809,-131.564,226.86
6175,79,101,24.17,-414.427,239.239
6176,79,102,22.0609,-232.342,249.945
6177,79,103,20.9538,-136.4,259.648
6178,79,104,19.7333,-30.2154,269.549
6179,79,105,21.2271,-160.672,279.971
6180,79,106,18.7931,52.7094,292.799
6181,79,107,16.6305,243.015,305.13
6182,79,108,14.8943,396.38,316.615
6183,79,109,15.1371,374.855,326.039
6184,79,110,12.7511,587.209,340.385
6185,79,111,10.5983,779.529,353.987
6186,79,112,9.20397,904.55,365.392
6187,79,113,9.08683,915.092,374.99
6188,79,114,7.23552,1082.33,388.541
6189,79,115,5.63774,1227.19,401.279
6190,79,116,4.25648,1352.89,413.433
6191,79,117,3.7915,1395.36,423.468
6192,79,118,2.31801,1530.43,436.524
6193,79,119,1.00697,1651.04,449.073
6194,79,120,0.269832,1719.1,459.831
6195,79,121,1.02537,1649.09,470.734
6196,79,122,0.618746,1686.91,480.892
6197,79,123,0.320158,1714.78,490.893
6198,79,124,0.252236,1721.14,500.678
6199,79,125,1.17599,1634.3,512.868
6200,80,89,23.3939,-318.788,105.983
6201,80,90,16.2727,272.273,115.968
6202,80,91,13.0769,538.59,125.42
6203,80,92,12.3626,598.352,134.593
6204,80,93,20.989,-126.264,146.746
6205,80,94,17.5714,161.952,156.563
6206,80,95,17.3235,182.941,165.74
6207,80,96,17.2059,192.941,174.844
6208,80,97,23.4881,-343.144,188.407
6209,80,98,21.614,-182.596,198.098
6210,80,99,20.2256,-63.188,207.615
6211,80,100,19.1948,25.8009,216.996
6212,80,101,22.9362,-298.453,229.583
6213,80,102,20.751,-108.34,240.14
6214,80,103,19.6609,-13.1362,249.77
6215,80,104,18.4462,93.3538,259.57
6216,80,105,20.1538,-56.9231,270.138
6217,80,106,17.619,166.984,282.71
6218,80,107,15.3859,364.992,294.809
6219,80,108,13.6158,522.532,306.098
6220,80,109,13.96,491.784,315.556
6221,80,110,11.496,712.722,329.618
6222,80,111,9.28702,911.527,342.966
6223,80,112,7.8877,1037.93,354.187
6224,80,113,7.8411,1042.16,363.755
6225,80,114,5.95518,1213.78,377.071
6226,80,115,4.33977,1361.32,389.596
6227,80,116,2.95401,1488.35,401.553
6228,80,117,2.5331,1527.07,411.484
6229,80,118,1.04858,1664.14,424.336
6230,80,119,-0.26454,1785.82,436.69
6231,80,120,-0.97561,1851.95,447.295
6232,80,121,-0.124787,1772.54,458.376
6233,80,122,-0.496829,1807.39,468.425
6234,80,123,-0.75828,1831.97,478.331
6235,80,124,-0.781291,1834.14,488.066
6236,80,125,0.227567,1738.63,500.545
6237,81,90,8.66667,934,105.89
6238,81,91,6.27273,1135.09,115.243
6239,81,92,6.57343,1109.73,124.416
6240,81,93,17.4176,191.593,137.009
6241,81,94,14.022,480.22,146.701
6242,81,95,14.2143,463.81,155.908
6243,81,96,14.4706,441.853,165.042
6244,81,97,21.8137,-189.657,178.848
6245,81,98,19.9174,-25.9443,188.487
6246,81,99,18.5614,91.5789,197.961
6247,81,100,17.594,175.744,207.307
6248,81,101,21.8442,-195.437,220.05
6249,81,102,19.5596,4.84472,230.489
6250,81,103,18.4783,100,240.072
6251,81,104,17.2609,207.536,249.798
6252,81,105,19.2,35.6,260.493
6253,81,106,16.5436,272.021,272.833
6254,81,107,14.2247,479.178,284.719
6255,81,108,12.4111,641.798,295.833
6256,81,109,12.8621,601.207,305.338
6257,81,110,10.307,832.014,319.122
6258,81,111,8.03226,1038.26,332.219
6259,81,112,6.6239,1166.42,343.271
6260,81,113,6.65107,1163.94,352.828
6261,81,114,4.72422,1340.57,365.912
6262,81,115,3.08683,1491.2,378.227
6263,81,116,1.69369,1619.84,389.992
6264,81,117,1.31816,1654.64,399.838
6265,81,118,-0.180545,1794.02,412.485
6266,81,119,-1.49798,1916.98,424.646
6267,81,120,-2.18293,1981.13,435.11
6268,81,121,-1.23171,1891.72,446.381
6269,81,122,-1.56875,1923.51,456.338
6270,81,123,-1.79251,1944.7,466.166
6271,81,124,-1.76956,1942.52,475.868
6272,81,125,-0.671937,1837.88,488.635
6273,82,91,20.0606,-78.2424,103.107
6274,82,92,17.9091,104.636,112.187
6275,82,93,28.6713,-813.741,124.125
6276,82,94,23.022,-329.78,134.252
6277,82,95,21.956,-238.11,143.349
6278,82,96,21.2143,-174.071,152.352
6279,82,97,28.6324,-816.971,165.736
6280,82,98,25.7108,-562.794,175.649
6281,82,99,23.5604,-374.991,185.3
6282,82,100,21.9649,-235.123,194.754
6283,82,101,26.203,-608.075,207.112
6284,82,102,23.2857,-350.381,218.033
6285,82,103,21.7674,-215.754,227.777
6286,82,104,20.1581,-72.5296,237.712
6287,82,105,22.0174,-238.626,248.102
6288,82,106,18.9231,38.8308,261.115
6289,82,107,16.2427,280.062,273.46
6290,82,108,14.1453,469.53,284.868
6291,82,109,14.5047,436.949,294.3
6292,82,110,11.6601,695.803,308.486
6293,82,111,9.14349,925.653,321.839
6294,82,112,7.57258,1069.65,333.026
6295,82,113,7.54216,1072.45,342.596
6296,82,114,5.44452,1266.13,355.821
6297,82,115,3.66845,1430.72,368.229
6298,82,116,2.16246,1570.77,380.06
6299,82,117,1.74003,1610.2,389.948
6300,82,118,0.137506,1760.3,402.628
6301,82,119,-1.266,1892.23,414.808
6302,82,120,-1.99798,1961.28,425.302
6303,82,121,-1.00844,1867.61,436.532
6304,82,122,-1.37282,1902.22,446.52
6305,82,123,-1.61656,1925.46,456.377
6306,82,124,-1.60072,1923.94,466.101
6307,82,125,-0.460888,1814.52,478.781
6308,83,92,14.3636,420.182,102.967
6309,83,93,27.7273,-729.091,114.959
6310,83,94,21.2937,-173.66,125.03
6311,83,95,20.3297,-90.1099,134.185
6312,83,96,19.7143,-36.5714,143.241
6313,83,97,28.3214,-788.262,156.557
6314,83,98,25.0735,-503.529,166.463
6315,83,99,22.7451,-298.627,176.108
6316,83,100,21.063,-150.038,185.559
6317,83,101,25.8421,-573.789,197.906
6318,83,102,22.6692,-291.398,208.745
6319,83,103,21.0649,-148.087,218.471
6320,83,104,19.3732,3.60248,228.36
6321,83,105,21.4625,-184.427,238.818
6322,83,106,18.1565,114.209,251.613
6323,83,107,15.3231,371.108,263.762
6324,83,108,13.135,570.219,275.015
6325,83,109,13.5958,528.132,284.497
6326,83,110,10.613,801.557,298.402
6327,83,111,7.99507,1042.41,311.508
6328,83,112,6.396,1190.06,322.545
6329,83,113,6.43952,1186.02,332.12
6330,83,114,4.27969,1386.89,345.112
6331,83,115,2.46658,1556.11,357.318
6332,83,116,0.942704,1698.85,368.967
6333,83,117,0.565826,1734.27,378.792
6334,83,118,-1.06049,1887.69,391.268
6335,83,119,-2.47511,2021.61,403.259
6336,83,120,-3.18197,2088.76,413.629
6337,83,121,-2.08097,1983.8,425.045
6338,83,122,-2.40994,2015.27,434.96
6339,83,123,-2.61498,2034.95,444.76
6340,83,124,-2.55085,2028.77,454.471
6341,83,125,-1.3138,1909.19,467.407
6342,84,93,24.9091,-475.455,105.6
6343,84,94,17.8182,141.455,115.567
6344,84,95,17.2727,189.091,124.774
6345,84,96,17.033,210.11,133.879
6346,84,97,27.2527,-689.231,147.254
6347,84,98,23.7143,-376.667,157.127
6348,84,99,21.2647,-159.471,166.743
6349,84,100,19.5588,-7.64706,176.173
6350,84,101,25.0361,-496.952,188.584
6351,84,102,21.614,-190.105,199.312
6352,84,103,19.9549,-40.782,209.002
6353,84,104,18.2078,117.039,218.828
6354,84,105,20.5929,-99.2095,229.387
6355,84,106,17.0751,220.909,241.941
6356,84,107,14.0957,493.032,253.874
6357,84,108,11.8308,700.646,264.956
6358,84,109,12.4274,645.761,274.495
6359,84,110,9.31013,933.584,288.107
6360,84,111,6.59825,1184.89,300.956
6361,84,112,4.98522,1334.9,311.83
6362,84,113,5.1257,1321.79,321.413
6363,84,114,2.91129,1529.2,334.165
6364,84,115,1.07038,1702.25,346.159
6365,84,116,-0.46123,1846.73,357.617
6366,84,117,-0.777693,1876.69,367.374
6367,84,118,-2.42017,2032.72,379.638
6368,84,119,-3.83784,2167.87,391.432
6369,84,120,-4.50925,2232.11,401.671
6370,84,121,-3.28045,2114.14,413.315
6371,84,122,-3.56478,2141.53,423.155
6372,84,123,-3.72233,2156.76,432.895
6373,84,124,-3.60105,2145,442.597
6374,84,125,-2.25508,2013.99,455.84
6375,85,94,12.6061,615.758,105.909
6376,85,95,12.9091,589.091,115.182
6377,85,96,13.3566,549.557,124.352
6378,85,97,25.7143,-546.154,137.849
6379,85,98,21.8901,-205.802,147.687
6380,85,99,19.3571,20.4762,157.278
6381,85,100,17.6765,171.176,166.689
6382,85,101,24.0196,-399.706,179.187
6383,85,102,20.3302,-66.4327,189.804
6384,85,103,18.6316,87.5789,199.463
6385,85,104,16.8421,250.421,209.227
6386,85,105,19.5844,-0.04329,219.899
6387,85,106,15.8385,343.331,232.212
6388,85,107,12.7075,631.383,243.932
6389,85,108,10.3696,847.254,254.845
6390,85,109,11.1308,776.715,264.45
6391,85,110,7.8735,1079.64,277.769
6392,85,111,5.06716,1341.57,290.361
6393,85,112,3.44828,1493.2,301.075
6394,85,113,3.70443,1469.12,310.676
6395,85,114,1.43715,1683,323.186
6396,85,115,-0.427419,1859.52,334.967
6397,85,116,-1.96114,2005.22,346.233
6398,85,117,-2.20588,2028.55,355.93
6399,85,118,-3.86096,2186.89,367.979
6400,85,119,-5.27731,2322.86,379.573
6401,85,120,-5.90605,2383.43,389.682
6402,85,121,-4.53532,2250.92,401.588
6403,85,122,-4.76857,2273.55,411.358
6404,85,123,-4.87247,2283.66,421.047
6405,85,124,-4.68762,2265.61,430.752
6406,85,125,-3.223,2122.07,444.328
6407,86,95,27.8182,-782.545,102.453
6408,86,96,25.6364,-588.364,111.476
6409,86,97,38.007,-1693.47,124.403
6410,86,98,31.7033,-1128.24,134.775
6411,86,99,27.4066,-741.538,144.678
6412,86,100,24.4286,-472.524,154.275
6413,86,101,30.7206,-1043,166.281
6414,86,102,25.8088,-596.029,177.546
6415,86,103,23.3127,-368.05,187.422
6416,86,104,20.8421,-141.579,197.438
6417,86,105,23.4586,-382.301,207.764
6418,86,106,18.987,30.5801,220.8
6419,86,107,15.2851,373.619,232.972
6420,86,108,12.5198,630.8,244.162
6421,86,109,13.1652,570.558,253.686
6422,86,110,9.48462,915.308,267.363
6423,86,111,6.33846,1211.05,280.171
6424,86,112,4.50549,1383.96,291.002
6425,86,113,4.70443,1365.12,300.608
6426,86,114,2.21182,1601.92,313.233
6427,86,115,0.171301,1796.45,325.09
6428,86,116,-1.5,1956.34,336.411
6429,86,117,-1.78886,1984.07,346.145
6430,86,118,-3.56952,2155.61,358.218
6431,86,119,-5.08633,2302.23,369.825
6432,86,120,-5.7619,2367.76,379.965
6433,86,121,-4.32304,2227.71,391.81
6434,86,122,-4.58037,2252.84,401.612
6435,86,123,-4.69964,2264.53,411.33
6436,86,124,-4.51417,2246.3,421.054
6437,86,125,-2.98499,2095.42,434.513
6438,87,96,21.8788,-238.909,102.277
6439,87,97,37.1818,-1616.18,115.219
6440,87,98,29.965,-964.266,125.516
6441,87,99,25.2747,-539.011,135.353
6442,87,100,22.1758,-257.011,144.895
6443,87,101,29.6071,-935.738,156.994
6444,87,102,24.2206,-441.971,168.086
6445,87,103,21.6176,-202.5,177.895
6446,87,104,19.0609,33.5741,187.81
6447,87,105,22.1404,-251.789,198.272
6448,87,106,17.3534,193.398,210.999
6449,87,107,13.4545,557.29,222.907
6450,87,108,10.6042,824.274,233.892
6451,87,109,11.4723,742.668,243.486
6452,87,110,7.62609,1105.5,256.835
6453,87,111,4.37692,1413.08,269.358
6454,87,112,2.55385,1586.28,280.006
6455,87,113,2.91209,1552.12,289.63
6456,87,114,0.369458,1795.37,301.994
6457,87,115,-1.68473,1992.57,313.618
6458,87,116,-3.34372,2152.39,324.729
6459,87,117,-3.53226,2170.61,334.398
6460,87,118,-5.31525,2343.56,346.24
6461,87,119,-6.81818,2489.85,357.631
6462,87,120,-7.43163,2549.76,367.628
6463,87,121,-5.81513,2391.34,379.802
6464,87,122,-6.00386,2409.9,389.531
6465,87,123,-6.05263,2414.72,399.196
6466,87,124,-5.78619,2388.34,408.93
6467,87,125,-4.11336,2222.17,422.791
6468,88,97,34.6061,-1374.06,105.856
6469,88,98,26.5455,-640.545,116.03
6470,88,99,21.6434,-192.821,125.768
6471,88,100,18.6264,83.7363,135.231
6472,88,101,27.6264,-744.264,147.534
6473,88,102,21.7857,-204.976,158.421
6474,88,103,19.1618,38.1765,168.145
6475,88,104,16.5931,277.059,177.941
6476,88,105,20.289,-67.8844,188.587
6477,88,106,15.193,409.439,200.985
6478,88,107,11.1203,792.271,212.613
6479,88,108,8.22078,1065.79,223.376
6480,88,109,9.38453,955.624,233.059
6481,88,110,5.38538,1335.54,246.07
6482,88,111,2.05217,1653.31,258.296
6483,88,112,0.269231,1823.88,268.75
6484,88,113,0.830769,1769.97,278.407
6485,88,114,-1.74603,2018.2,290.499
6486,88,115,-3.79584,2216.35,301.88
6487,88,116,-5.42365,2374.25,312.769
6488,88,117,-5.4861,2380.32,322.374
6489,88,118,-7.25806,2553.39,333.976
6490,88,119,-8.7335,2697.98,345.139
6491,88,120,-9.26805,2750.54,354.987
6492,88,121,-7.44843,2571.01,367.575
6493,88,122,-7.55462,2581.52,377.233
6494,88,123,-7.51995,2578.08,386.852
6495,88,124,-7.15979,2542.18,396.612
6496,88,125,-5.32662,2358.86,410.95
6497,89,98,22.8485,-289.333,106.512
6498,89,99,17.7273,181.818,116.197
6499,89,100,14.8601,446.55,125.623
6500,89,101,25.8242,-569.451,138.082
6501,89,102,19.4066,27.3846,148.808
6502,89,103,16.75,275.333,158.484
6503,89,104,14.1618,517.765,168.199
6504,89,105,18.5784,102.598,179.009
6505,89,106,13.1063,618.803,191.113
6506,89,107,8.82456,1024.14,202.491
6507,89,108,5.86466,1305.33,213.062
6508,89,109,7.36364,1162.43,222.852
6509,89,110,3.18464,1562.22,235.538
6510,89,111,-0.247036,1891.66,247.482
6511,89,112,-1.98696,2059.27,257.765
6512,89,113,-1.2,1983.2,267.482
6513,89,114,-3.8188,2237.22,279.311
6514,89,115,-5.86691,2436.57,290.461
6515,89,116,-7.46305,2592.46,301.143
6516,89,117,-7.38916,2585.22,310.715
6517,89,118,-9.15239,2758.61,322.082
6518,89,119,-10.6008,2901.52,333.027
6519,89,120,-11.0521,2946.19,342.75
6520,89,121,-9.01404,2743.75,355.768
6521,89,122,-9.03438,2745.77,365.382
6522,89,123,-8.91317,2733.65,374.98
6523,89,124,-8.4556,2687.74,384.791
6524,89,125,-6.4533,2486.18,399.573
6525,90,99,31.7576,-1165.09,104.139
6526,90,100,25.8182,-612.727,113.828
6527,90,101,36.7832,-1636.13,125.627
6528,90,102,27.6923,-784.615,137.144
6529,90,103,23.4725,-387.956,147.073
6530,90,104,19.6429,-26.6905,157.047
6531,90,105,23.9265,-432.206,167.469
6532,90,106,17.1814,208.578,180.248
6533,90,107,11.9711,705.291,192.01
6534,90,108,8.36842,1049.95,202.807
6535,90,109,9.76692,915.692,212.506
6536,90,110,4.96104,1378.66,225.462
6537,90,111,1.0559,1756.15,237.56
6538,90,112,-0.948617,1950.59,247.936
6539,90,113,-0.182609,1876.03,257.647
6540,90,114,-3.09231,2160.22,269.555
6541,90,115,-5.35385,2381.85,280.759
6542,90,116,-7.10623,2554.16,291.482
6543,90,117,-7.05255,2548.87,301.09
6544,90,118,-8.96059,2737.76,312.468
6545,90,119,-10.5184,2892.5,323.42
6546,90,120,-11.004,2940.91,333.175
6547,90,121,-8.84164,2724.67,346.099
6548,90,122,-8.87366,2727.88,355.745
6549,90,123,-8.75477,2715.91,365.371
6550,90,124,-8.28011,2667.97,375.194
6551,90,125,-6.17632,2454.79,389.809
6552,91,100,20.4242,-89.5152,104.236
6553,91,101,34.3636,-1399.82,116.244
6554,91,102,24.1608,-437.354,127.487
6555,91,103,19.8352,-27.8571,137.305
6556,91,104,15.978,338.571,147.132
6557,91,105,21.3214,-170.833,157.776
6558,91,106,14.0588,523.956,170.164
6559,91,107,8.60294,1047.72,181.608
6560,91,108,4.9742,1397.29,192.16
6561,91,109,6.87719,1213.33,201.985
6562,91,110,1.8797,1698.09,214.57
6563,91,111,-2.1039,2085.83,226.346
6564,91,112,-4.00339,2271.34,236.517
6565,91,113,-2.90514,2163.72,246.306
6566,91,114,-5.83043,2451.37,257.92
6567,91,115,-8.05385,2670.75,268.862
6568,91,116,-9.73333,2837.02,279.349
6569,91,117,-9.48107,2811.96,288.924
6570,91,118,-11.3519,2998.42,300.041
6571,91,119,-12.8522,3148.45,310.746
6572,91,120,-13.2147,3184.82,320.36
6573,91,121,-10.7702,2938.73,333.867
6574,91,122,-10.6837,2930,343.469
6575,91,123,-10.4479,2906.1,353.08
6576,91,124,-9.84568,2844.88,362.973
6577,91,125,-7.53221,2608.91,378.151
6578,92,101,30.5455,-1025.64,106.7
6579,92,102,19.1818,53.9091,117.655
6580,92,103,14.965,455.909,127.364
6581,92,104,11.2637,810,137.046
6582,92,105,18.044,159.099,147.966
6583,92,106,10.25,909.917,159.962
6584,92,107,4.58824,1457.22,171.084
6585,92,108,1.0049,1804.8,181.392
6586,92,109,3.56037,1556.07,191.385
6587,92,110,-1.61404,2061.44,203.593
6588,92,111,-5.64662,2456.63,215.042
6589,92,112,-7.38961,2628.03,225.012
6590,92,113,-5.88368,2479.44,234.919
6591,92,114,-8.80435,2768.59,246.235
6592,92,115,-10.9652,2983.23,256.912
6593,92,116,-12.5462,3140.8,267.16
6594,92,117,-12.0581,3092,276.733
6595,92,118,-13.8767,3274.46,287.582
6596,92,119,-15.3038,3418.12,298.037
6597,92,120,-15.5222,3440.18,307.523
6598,92,121,-12.7608,3160.36,321.722
6599,92,122,-12.5403,3137.94,331.302
6600,92,123,-12.1738,3100.55,340.923
6601,92,124,-11.4305,3024.49,350.919
6602,92,125,-8.8877,2763.43,366.686
6603,93,102,12.6061,704.909,107.692
6604,93,103,8.81818,1068.55,117.316
6605,93,104,5.52448,1385.84,126.877
6606,93,105,14.2308,544.231,138.121
6607,93,106,5.86813,1355.41,149.738
6608,93,107,0.0357143,1923.1,160.553
6609,93,108,-3.42647,2261.24,170.633
6610,93,109,-0.0490196,1930.25,180.839
6611,93,110,-5.39732,2456.16,192.676
6612,93,111,-9.45614,2856.63,203.803
6613,93,112,-10.9925,3008.73,213.591
6614,93,113,-9,2810.81,223.666
6615,93,114,-11.9029,3100.13,234.687
6616,93,115,-13.9822,3308.06,245.107
6617,93,116,-15.4435,3454.68,255.129
6618,93,117,-14.6846,3378.28,264.743
6619,93,118,-16.441,3555.68,275.329
6620,93,119,-17.7839,3691.76,285.538
6621,93,120,-17.8407,3697.54,294.926
6622,93,121,-14.7291,3380.15,309.886
6623,93,122,-14.3626,3342.65,319.474
6624,93,123,-13.8548,3290.52,329.135
6625,93,124,-12.96,3198.35,339.26
6626,93,125,-10.1705,2910.09,355.582
6627,94,103,19.5758,-7.21212,106.51
6628,94,104,13.7273,560.091,116.299
6629,94,105,22.5175,-295.49,127.059
6630,94,106,11.5934,771.429,139.287
6631,94,107,4.10989,1504.81,150.419
6632,94,108,-0.357143,1944.07,160.684
6633,94,109,3.05882,1607.03,170.75
6634,94,110,-3.28431,2235,182.809
6635,94,111,-8.0289,2706.3,194.064
6636,94,112,-9.87719,2890.51,203.936
6637,94,113,-7.79699,2682.49,213.969
6638,94,114,-11.0909,3012.98,225.069
6639,94,115,-13.4331,3248.76,235.548
6640,94,116,-15.0692,3414,245.621
6641,94,117,-14.2783,3333.86,255.257
6642,94,118,-16.2077,3530.02,265.872
6643,94,119,-17.6718,3679.35,276.107
6644,94,120,-17.7411,3686.45,285.535
6645,94,121,-14.4143,3344.9,300.295
6646,94,122,-14.0443,3306.79,309.906
6647,94,123,-13.5239,3253.01,319.58
6648,94,124,-12.5927,3156.48,329.686
6649,94,125,-9.65176,2850.62,345.733
6650,95,104,4.36364,1505.82,105.825
6651,95,105,16.4545,320.909,117.038
6652,95,106,4.72028,1474.78,128.767
6653,95,107,-2.85714,2222.42,139.509
6654,95,108,-6.96703,2629.3,149.483
6655,95,109,-2.21429,2157.19,159.842
6656,95,110,-8.69118,2802.72,171.47
6657,95,111,-13.3578,3269.39,182.35
6658,95,112,-14.8194,3416.03,192.006
6659,95,113,-12,3132.21,202.284
6660,95,114,-15.203,3455.71,213.048
6661,95,115,-17.3766,3675.97,223.232
6662,95,116,-18.8029,3820.98,233.045
6663,95,117,-17.6186,3700.18,242.766
6664,95,118,-19.4304,3885.59,253.081
6665,95,119,-20.7538,4021.46,263.038
6666,95,120,-20.5915,4004.74,272.372
6667,95,121,-16.8071,3613.68,288.161
6668,95,122,-16.2397,3554.87,297.799
6669,95,123,-15.532,3481.27,307.537
6670,95,124,-14.4049,3363.67,317.811
6671,95,125,-11.1573,3023.75,334.517
6672,96,105,12.1818,756.727,107.392
6673,96,106,-0.909091,2052.73,118.766
6674,96,107,-8.81119,2837.67,129.243
6675,96,108,-12.6374,3219.01,139.05
6676,96,109,-6.3956,2594.84,149.689
6677,96,110,-13.1786,3275.39,160.969
6678,96,111,-17.8676,3747.43,171.562
6679,96,112,-18.9706,3858.82,181.11
6680,96,113,-15.3767,3494.64,191.644
6681,96,114,-18.5614,3818.42,202.152
6682,96,115,-20.6165,4028.05,212.129
6683,96,116,-21.8701,4156.33,221.776
6684,96,117,-20.2993,3995.05,231.639
6685,96,118,-22.0356,4173.89,241.731
6686,96,119,-23.2522,4299.61,251.494
6687,96,120,-22.8769,4260.71,260.823
6688,96,121,-18.6256,3818.57,277.319
6689,96,122,-17.8816,3740.94,287.025
6690,96,123,-17.006,3649.3,296.852
6691,96,124,-15.6995,3512.12,307.27
6692,96,125,-12.1491,3138.14,324.274
6693,97,106,-9.27273,2914.18,108.48
6694,97,107,-17.0909,3696,118.673
6695,97,108,-20.1748,4005.42,128.312
6696,97,109,-11.8132,3163.68,139.341
6697,97,110,-18.7912,3868.46,150.261
6698,97,111,-23.3571,4331.14,160.558
6699,97,112,-23.9118,4387.53,170.014
6700,97,113,-19.3137,3918.53,180.889
6701,97,114,-22.4149,4235.88,191.139
6702,97,115,-24.2807,4427.44,200.914
6703,97,116,-25.2932,4531.73,210.404
6704,97,117,-23.2468,4320.26,220.465
6705,97,118,-24.873,4488.84,230.337
6706,97,119,-25.9486,4600.71,239.913
6707,97,120,-25.3174,4534.85,249.27
6708,97,121,-20.5308,4033.85,266.551
6709,97,122,-19.5829,3934.33,276.344
6710,97,123,-18.5165,3822,286.275
6711,97,124,-17.0088,3662.68,296.848
6712,97,125,-13.1232,3250.81,314.114
6713,98,107,-4.9697,2435.39,107.567
6714,98,108,-10.8182,3026.09,117.417
6715,98,109,-2.62238,2195.58,127.974
6716,98,110,-12.0879,3157.91,139.453
6717,98,111,-18.2637,3787.85,150.063
6718,98,112,-19.5714,3921.67,159.579
6719,98,113,-14.9412,3446.29,170.155
6720,98,114,-18.9216,3856.27,180.664
6721,98,115,-21.3829,4110.61,190.596
6722,98,116,-22.807,4258.25,200.183
6723,98,117,-20.8045,4049.98,210.086
6724,98,118,-22.8182,4260.08,220.119
6725,98,119,-24.1784,4402.45,229.805
6726,98,120,-23.6462,4346.57,239.117
6727,98,121,-18.6,3815.03,255.939
6728,98,122,-17.7308,3723.18,265.637
6729,98,123,-16.7248,3616.55,275.448
6730,98,124,-15.2381,3458.47,285.839
6731,98,125,-11.2014,3027.89,302.754
6732,99,108,-19.2121,3907.45,107.155
6733,99,109,-8,2763.82,118.051
6734,99,110,-18.1469,3802.18,129.161
6735,99,111,-24.3407,4438.08,139.488
6736,99,112,-24.967,4502.59,148.947
6737,99,113,-19,3886,159.848
6738,99,114,-22.9706,4297.62,170.117
6739,99,115,-25.2451,4534.17,179.871
6740,99,116,-26.3983,4654.49,189.333
6741,99,117,-23.807,4383.26,199.445
6742,99,118,-25.7218,4584.32,209.281
6743,99,119,-26.9351,4712.11,218.807
6744,99,120,-26.1039,4624.29,228.175
6745,99,121,-20.4051,4020.22,245.617
6746,99,122,-19.313,3904.09,255.403
6747,99,123,-18.1,3774.7,265.312
6748,99,124,-16.3932,3592.07,275.83
6749,99,125,-11.9719,3117.52,292.856
6750,100,109,-15.4545,3554,107.938
6751,100,110,-26.0909,4649.55,118.674
6752,100,111,-31.993,5259.43,128.721
6753,100,112,-31.5385,5212.31,138.158
6754,100,113,-23.7802,4405.45,149.477
6755,100,114,-27.6429,4808.45,159.519
6756,100,115,-29.6176,5015.15,169.115
6757,100,116,-30.3922,5096.47,178.476
6758,100,117,-27.0691,4746.45,188.854
6759,100,118,-28.8421,4933.79,198.511
6760,100,119,-29.8647,5042.18,207.899
6761,100,120,-28.6753,4915.71,217.364
6762,100,121,-22.2247,4227.65,235.411
6763,100,122,-20.8794,4083.71,245.294
6764,100,123,-19.4348,3928.64,255.306
6765,100,124,-17.4846,3718.68,265.945
6766,100,125,-12.6393,3195.38,283.014
6767,101,110,-36.7879,5794.12,107.924
6768,101,111,-41.8182,6317.27,117.693
6769,101,112,-39.6503,6091.1,127.172
6770,101,113,-29.4505,5023.52,139.045
6771,101,114,-33.0549,5401.98,148.878
6772,101,115,-34.5714,5561.71,158.343
6773,101,116,-34.8235,5588.35,167.639
6774,101,117,-30.5882,5139.41,178.342
6775,101,118,-32.1672,5307.31,187.848
6776,101,119,-32.9474,5390.53,197.127
6777,101,120,-31.3308,5217.56,206.731
6778,101,121,-24.013,4432.11,225.331
6779,101,122,-22.3828,4256.6,235.316
6780,101,123,-20.6818,4072.89,245.431
6781,101,124,-18.4652,3832.75,256.176
6782,101,125,-13.1538,3255.58,273.209
6783,102,111,-29.3939,4975.45,106.43
6784,102,112,-29.0909,4943.64,115.756
6785,102,113,-18.951,3875.57,127.014
6786,102,114,-24.7253,4485.71,137.196
6787,102,115,-27.6484,4795.56,146.786
6788,102,116,-28.8571,4924.1,156.074
6789,102,117,-24.8382,4495.41,166.36
6790,102,118,-27.2794,4756.62,176.05
6791,102,119,-28.6894,4907.95,185.398
6792,102,120,-27.3509,4763.84,194.738
6793,102,121,-19.6992,3937.47,213.067
6794,102,122,-18.3247,3788.55,222.8
6795,102,123,-16.8379,3627,232.636
6796,102,124,-14.7628,3400.81,243.051
6797,102,125,-9.31739,2805.44,259.923
6798,103,112,-38.1818,5934.55,105.343
6799,103,113,-24.5455,4489.09,117.09
6800,103,114,-30.3497,5106.27,127.058
6801,103,115,-32.8571,5373.74,136.523
6802,103,116,-33.4945,5441.93,145.758
6803,103,117,-28.3214,4886.69,156.348
6804,103,118,-30.6324,5135.5,165.888
6805,103,119,-31.8137,5263.09,175.134
6806,103,120,-29.9794,5064.37,184.614
6807,103,121,-21.2456,4115.3,203.295
6808,103,122,-19.5789,3933.63,213.117
6809,103,123,-17.8312,3742.54,223.037
6810,103,124,-15.4771,3484.38,233.528
6811,103,125,-9.49605,2826.46,250.244
6812,104,113,-27.2727,4789.09,107.562
6813,104,114,-33.6364,5470,117.485
6814,104,115,-36.014,5725.2,126.964
6815,104,116,-36.2637,5752.09,136.251
6816,104,117,-29.956,5070.86,146.984
6817,104,118,-32.3571,5330.98,156.508
6818,104,119,-33.4706,5451.97,165.765
6819,104,120,-31.2255,5207.25,175.352
6820,104,121,-21.3829,4131.13,193.768
6821,104,122,-19.5263,3927.53,203.632
6822,104,123,-17.609,3716.62,213.577
6823,104,124,-15.0519,3434.49,224.045
6824,104,125,-8.56578,2716.69,240.38
6825,105,114,-38.4242,6001.45,107.756
6826,105,115,-40.3636,6210.91,117.258
6827,105,116,-39.9301,6163.94,126.615
6828,105,117,-32.0879,5311.76,137.523
6829,105,118,-34.5275,5577.67,147.036
6830,105,119,-35.5,5684,156.314
6831,105,120,-32.7206,5379.19,166.019
6832,105,121,-21.5441,4149.78,184.18
6833,105,122,-19.4634,3920.2,194.089
6834,105,123,-17.3509,3686.42,204.062
6835,105,124,-14.5639,3377.07,214.51
6836,105,125,-7.50649,2591.34,230.468
6837,106,115,-23.2121,4289.94,103.936
6838,106,116,-25.8182,4574,113.13
6839,106,117,-19.021,3830.84,123.315
6840,106,118,-23.8462,4360,133.145
6841,106,119,-26.4835,4650.11,142.459
6842,106,120,-24.5357,4435.2,151.632
6843,106,121,-12.9853,3156.96,170.097
6844,106,122,-11.6667,3010.59,179.601
6845,106,123,-10.1858,2845.71,189.133
6846,106,124,-7.85965,2585.96,199.082
6847,106,125,-0.766917,1791.58,215.134
6848,107,116,-30.9697,5156.12,103.614
6849,107,117,-22,4169.45,114.032
6850,107,118,-27.1329,4735.78,123.741
6851,107,119,-29.6703,5016.59,132.99
6852,107,120,-26.989,4718.97,142.308
6853,107,121,-13.5714,3225.14,160.634
6854,107,122,-12.0147,3051.31,170.21
6855,107,123,-10.3186,2861.35,179.802
6856,107,124,-7.7193,2569.36,189.777
6857,107,125,0.105263,1687.79,205.466
6858,108,117,-26.3636,4666.91,104.582
6859,108,118,-31.6364,5252.18,114.172
6860,108,119,-33.8462,5498.21,123.366
6861,108,120,-30.1099,5080.99,132.865
6862,108,121,-14.3297,3313.6,151.094
6863,108,122,-12.4643,3104.06,160.747
6864,108,123,-10.5,2882.75,170.405
6865,108,124,-7.57353,2552.06,180.411
6866,108,125,1.10423,1568.58,195.743
6867,109,118,-36,5754,104.712
6868,109,119,-37.8182,5957.64,113.919
6869,109,120,-32.7972,5393.61,123.597
6870,109,121,-14.1758,3295.6,141.493
6871,109,122,-12.0659,3057.19,151.214
6872,109,123,-9.89286,2810.9,160.922
6873,109,124,-6.67647,2445.31,170.927
6874,109,125,2.91667,1351.69,185.836
6875,110,119,-22.8485,4221.15,100.749
6876,110,120,-19.6364,3858.18,109.752
6877,110,121,-0.104895,1644.62,127.814
6878,110,122,0.164835,1613.96,137.173
6879,110,123,0.901099,1530.02,146.461
6880,110,124,3.10714,1277.8,155.911
6881,110,125,12.6765,180.515,170.712
6882,111,120,-24.8485,4468,100.37
6883,111,121,-0.818182,1728.55,118.352
6884,111,122,-0.384615,1678.97,127.809
6885,111,123,0.549451,1571.87,137.188
6886,111,124,3.12088,1276.15,146.706
6887,111,125,13.9643,25.5476,161.147
6888,112,121,-3.33333,2025.33,108.729
6889,112,122,-2.36364,1913.82,118.294
6890,112,123,-0.944056,1750.09,127.776
6891,112,124,2.25275,1380.33,137.393
6892,112,125,14.7692,-71.5824,151.57
6893,113,122,0.363636,1589.27,108.664
6894,113,123,1.54545,1452.18,118.228
6895,113,124,4.86014,1066.57,127.858
6896,113,125,18.9011,-571.538,141.511
6897,114,123,21.0909,-893.273,103.884
6898,114,124,21.4545,-935.818,112.957
6899,114,125,35.0699,-2533.36,126.22
6900,115,124,23.4545,-1177.82,103.822
6901,115,125,39.1818,-3033.64,116.593
6902,116,125,43.697,-3584.48,106.953
