id,low,hi,m,q,cost
0,0,9,-129.091,7610.91,97.3084
1,0,10,-120.909,7586.36,107.8
2,0,11,-134.615,7632.05,122.648
3,0,12,-138.462,7646.15,132.15
4,0,13,-139.78,7651.43,141.129
5,0,14,-139.643,7650.83,149.937
6,0,15,-145.294,7677.21,161.863
7,0,16,-148.284,7692.16,171.796
8,0,17,-149.536,7698.83,180.897
9,0,18,-148.07,7690.53,190.137
10,0,19,-143.459,7662.86,203.761
11,0,20,-138.182,7629.44,218.941
12,0,21,-134.952,7607.91,230.565
13,0,22,-131.028,7580.43,243.725
14,0,23,-127.696,7556,256.123
15,0,24,-124.846,7534.15,268.017
16,0,25,-120.684,7500.85,282.956
17,0,26,-116.422,7465.34,298.234
18,0,27,-111.412,7421.92,315.433
19,0,28,-105.911,7372.41,333.582
20,0,29,-100.756,7324.3,350.476
21,0,30,-95.9274,7277.62,366.563
22,0,31,-91.404,7232.39,382.088
23,0,32,-87.1658,7188.59,397.198
24,0,33,-84.2017,7156.97,410.306
25,0,34,-81.7927,7130.48,422.829
26,0,35,-79.3951,7103.3,435.513
27,0,36,-77.027,7075.68,448.333
28,0,37,-75.1067,7052.63,460.65
29,0,38,-73.5628,7033.59,472.589
30,0,39,-72.3358,7018.05,484.238
31,0,40,-71.0279,7001.05,496.057
32,0,41,-69.6621,6982.83,508.046
33,0,42,-67.9402,6959.3,520.794
34,0,43,-66.8428,6943.94,532.559
35,0,44,-66.2714,6935.75,543.762
36,0,45,-65.5874,6925.72,555.089
37,0,46,-65.0786,6918.09,566.254
38,0,47,-63.9546,6900.85,578.411
39,0,48,-62.8061,6882.86,590.73
40,0,49,-61.6423,6864.24,603.201
41,0,50,-60.9231,6852.49,614.776
42,0,51,-59.7157,6832.37,627.639
43,0,52,-58.5148,6811.95,640.613
44,0,53,-57.7282,6798.32,652.508
45,0,54,-56.912,6783.9,664.549
46,0,55,-56.0731,6768.8,676.735
47,0,56,-55.2178,6753.12,689.059
48,0,57,-54.1758,6733.66,702.164
49,0,58,-53.1444,6714.07,715.35
50,0,59,-52.1256,6694.37,728.607
51,0,60,-51.1211,6674.62,741.923
52,0,61,-49.825,6648.69,756.9
53,0,62,-48.5743,6623.26,771.724
54,0,63,-47.3672,6598.32,786.413
55,0,64,-46.0621,6570.91,801.816
56,0,65,-44.9452,6547.08,816.202
57,0,66,-43.9979,6526.56,829.814
58,0,67,-43.2034,6509.08,842.823
59,0,68,-42.4224,6491.64,855.867
60,0,69,-41.6551,6474.25,868.941
61,0,70,-41.1368,6462.32,881.107
62,0,71,-41.4126,6468.76,892.675
63,0,72,-41.7315,6476.31,904.341
64,0,73,-41.98,6482.27,915.87
65,0,74,-41.9545,6481.65,927.153
66,0,75,-42.093,6485.06,938.504
67,0,76,-42.079,6484.72,949.759
68,0,77,-41.9277,6480.88,961.114
69,0,78,-41.6529,6473.83,972.744
70,0,79,-41.3596,6466.2,984.449
71,0,80,-41.0501,6458.05,996.233
72,0,81,-40.6384,6447.08,1008.5
73,0,82,-40.2208,6435.8,1020.86
74,0,83,-39.6305,6419.66,1034.45
75,0,84,-39.0483,6403.56,1048.06
76,0,85,-38.5546,6389.74,1061.08
77,0,86,-37.9857,6373.62,1074.77
78,0,87,-37.4256,6357.56,1088.47
79,0,88,-36.8744,6341.57,1102.18
80,0,89,-36.4053,6327.81,1115.3
81,0,90,-35.9404,6314.02,1128.46
82,0,91,-35.4099,6298.11,1142.26
83,0,92,-34.8885,6282.29,1156.06
84,0,93,-34.3763,6266.58,1169.85
85,0,94,-33.8732,6250.99,1183.64
86,0,95,-33.4434,6237.52,1196.85
87,0,96,-33.0186,6224.07,1210.08
88,0,97,-32.5989,6210.64,1223.33
89,0,98,-32.1843,6197.23,1236.61
90,0,99,-31.775,6183.86,1249.9
91,0,100,-31.4875,6174.37,1262.29
92,0,101,-31.1986,6164.74,1274.72
93,0,102,-30.9647,6156.87,1286.83
94,0,103,-30.7271,6148.79,1298.99
95,0,104,-30.5401,6142.37,1310.89
96,0,105,-30.3474,6135.69,1322.83
97,0,106,-30.2533,6132.4,1334.37
98,0,107,-30.149,6128.71,1345.94
99,0,108,-30.0352,6124.65,1357.54
100,0,109,-29.9128,6120.25,1369.18
101,0,110,-29.7824,6115.51,1380.86
102,0,111,-29.6447,6110.46,1392.58
103,0,112,-29.5005,6105.12,1404.34
104,0,113,-29.3502,6099.51,1416.16
105,0,114,-29.2393,6095.34,1427.77
106,0,115,-29.1654,6092.53,1439.23
107,0,116,-29.126,6091.02,1450.61
108,0,117,-29.2043,6094.05,1462.08
109,0,118,-29.2665,6096.47,1473.5
110,0,119,-29.3135,6098.32,1484.87
111,0,120,-29.3463,6099.62,1496.21
112,0,121,-29.3658,6100.4,1507.52
113,0,122,-29.3728,6100.68,1518.81
114,1,10,-106.667,7486.67,91.8201
115,1,11,-125.455,7561.82,111.393
116,1,12,-131.469,7587.88,121.324
117,1,13,-134.066,7600,130.436
118,1,14,-134.725,7603.3,139.213
119,1,15,-141.786,7640.95,151.847
120,1,16,-145.588,7662.5,162.057
121,1,17,-147.304,7672.79,171.286
122,1,18,-145.924,7664.05,180.417
123,1,19,-141.053,7631.58,193.597
124,1,20,-135.489,7592.63,208.301
125,1,21,-132.208,7568.57,219.609
126,1,22,-128.176,7537.66,232.402
127,1,23,-124.802,7510.67,244.469
128,1,24,-121.957,7486.96,256.054
129,1,25,-117.692,7450,270.671
130,1,26,-113.333,7410.77,285.649
131,1,27,-108.181,7362.68,302.591
132,1,28,-102.518,7307.94,320.508
133,1,29,-97.2414,7255.17,337.154
134,1,30,-92.3248,7204.37,352.992
135,1,31,-87.7419,7155.48,368.273
136,1,32,-83.4677,7108.47,383.144
137,1,33,-80.5481,7075.38,396.011
138,1,34,-78.2124,7048.13,408.302
139,1,35,-75.8824,7020.17,420.754
140,1,36,-73.5779,6991.75,433.344
141,1,37,-71.7402,6968.47,445.437
142,1,38,-70.2922,6949.64,457.16
143,1,39,-69.17,6934.68,468.602
144,1,40,-67.955,6918.08,480.207
145,1,41,-66.6725,6900.12,491.979
146,1,42,-65.0109,6876.31,504.514
147,1,43,-63.9988,6861.46,516.066
148,1,44,-63.5307,6854.44,527.09
149,1,45,-62.9381,6845.35,538.221
150,1,46,-62.5224,6838.84,549.204
151,1,47,-61.4593,6821.83,561.15
152,1,48,-60.3669,6803.99,573.263
153,1,49,-59.2551,6785.46,585.534
154,1,50,-58.6026,6774.37,596.9
155,1,51,-57.4389,6754.2,609.583
156,1,52,-56.2793,6733.71,622.384
157,1,53,-55.5475,6720.54,634.072
158,1,54,-54.7818,6706.5,645.91
159,1,55,-53.9899,6691.72,657.897
160,1,56,-53.1784,6676.3,670.029
161,1,57,-52.1714,6656.83,682.982
162,1,58,-51.1735,6637.21,696.023
163,1,59,-50.187,6617.48,709.14
164,1,60,-49.2137,6597.68,722.322
165,1,61,-47.9376,6571.31,737.284
166,1,62,-46.7075,6545.48,752.078
167,1,63,-45.5213,6520.17,766.725
168,1,64,-44.2331,6492.26,782.134
169,1,65,-43.1381,6468.17,796.45
170,1,66,-42.2169,6447.6,809.944
171,1,67,-41.4518,6430.26,822.804
172,1,68,-40.6993,6412.95,835.703
173,1,69,-39.9598,6395.69,848.634
174,1,70,-39.4751,6384.22,860.622
175,1,71,-39.8055,6392.15,872.208
176,1,72,-40.1778,6401.21,883.923
177,1,73,-40.4757,6408.56,895.463
178,1,74,-40.4902,6408.92,906.634
179,1,75,-40.6714,6413.51,917.942
180,1,76,-40.6945,6414.11,929.089
181,1,77,-40.5752,6411,940.294
182,1,78,-40.328,6404.5,951.757
183,1,79,-40.0609,6397.37,963.293
184,1,80,-39.7761,6389.68,974.908
185,1,81,-39.3857,6379.01,987.021
186,1,82,-38.9885,6368.02,999.222
187,1,83,-38.4136,6351.92,1012.73
188,1,84,-37.8465,6335.86,1026.26
189,1,85,-37.3696,6322.18,1039.16
190,1,86,-36.8149,6306.1,1052.78
191,1,87,-36.2689,6290.08,1066.41
192,1,88,-35.7314,6274.14,1080.05
193,1,89,-35.2775,6260.52,1093.06
194,1,90,-34.8273,6246.87,1106.11
195,1,91,-34.3096,6230.99,1119.84
196,1,92,-33.8008,6215.22,1133.58
197,1,93,-33.301,6199.56,1147.31
198,1,94,-32.81,6184.01,1161.03
199,1,95,-32.3936,6170.68,1174.13
200,1,96,-31.9818,6157.37,1187.26
201,1,97,-31.5748,6144.07,1200.42
202,1,98,-31.1727,6130.8,1213.6
203,1,99,-30.7755,6117.56,1226.8
204,1,100,-30.5023,6108.36,1239.04
205,1,101,-30.2271,6099.01,1251.34
206,1,102,-30.0077,6091.48,1263.3
207,1,103,-29.7841,6083.72,1275.32
208,1,104,-29.6117,6077.69,1287.06
209,1,105,-29.4329,6071.37,1298.86
210,1,106,-29.3544,6068.57,1310.25
211,1,107,-29.2649,6065.35,1321.67
212,1,108,-29.1654,6061.73,1333.13
213,1,109,-29.0566,6057.75,1344.62
214,1,110,-28.9394,6053.41,1356.14
215,1,111,-28.8145,6048.75,1367.71
216,1,112,-28.6825,6043.77,1379.33
217,1,113,-28.544,6038.51,1390.99
218,1,114,-28.4454,6034.73,1402.45
219,1,115,-28.384,6032.36,1413.78
220,1,116,-28.3574,6031.32,1425.02
221,1,117,-28.4501,6034.97,1436.46
222,1,118,-28.5261,6037.98,1447.82
223,1,119,-28.5864,6040.39,1459.12
224,1,120,-28.6318,6042.23,1470.38
225,1,121,-28.6635,6043.51,1481.59
226,1,122,-28.6821,6044.28,1492.78
227,2,11,-121.212,7527.88,102.125
228,2,12,-129.091,7567.27,112.258
229,2,13,-132.517,7585.55,121.501
230,2,14,-133.516,7591.21,130.375
231,2,15,-141.758,7640.66,142.913
232,2,16,-146.071,7667.98,153.094
233,2,17,-147.941,7680.44,162.346
234,2,18,-146.324,7669.12,171.549
235,2,19,-140.867,7629.1,184.577
236,2,20,-134.737,7582.11,198.971
237,2,21,-131.203,7553.83,210.139
238,2,22,-126.883,7517.84,222.678
239,2,23,-123.32,7486.96,234.523
240,2,24,-120.356,7460.28,245.907
241,2,25,-115.87,7418.41,260.169
242,2,26,-111.308,7374.31,274.791
243,2,27,-105.915,7320.38,291.337
244,2,28,-100,7259.26,308.864
245,2,29,-94.5265,7200.88,325.168
246,2,30,-89.4581,7145.12,340.698
247,2,31,-84.7608,7091.89,355.695
248,2,32,-80.4032,7041.05,370.299
249,2,33,-77.4927,7006.12,382.947
250,2,34,-75.2005,6977.85,395.038
251,2,35,-72.9106,6948.85,407.286
252,2,36,-70.6443,6919.38,419.668
253,2,37,-68.8674,6895.69,431.568
254,2,38,-67.4964,6876.96,443.113
255,2,39,-66.4624,6862.48,454.391
256,2,40,-65.3239,6846.16,465.821
257,2,41,-64.1088,6828.34,477.408
258,2,42,-62.4913,6804.08,489.744
259,2,43,-61.5509,6789.66,501.12
260,2,44,-61.1749,6783.77,512.011
261,2,45,-60.6624,6775.57,522.992
262,2,46,-60.3294,6770.13,533.841
263,2,47,-59.3154,6753.23,545.599
264,2,48,-58.2678,6735.42,557.523
265,2,49,-57.1971,6716.86,569.608
266,2,50,-56.602,6706.35,580.8
267,2,51,-55.4718,6686,593.304
268,2,52,-54.3439,6665.32,605.931
269,2,53,-53.6583,6652.53,617.437
270,2,54,-52.935,6638.78,629.092
271,2,55,-52.1822,6624.23,640.897
272,2,56,-51.4069,6608.98,652.85
273,2,57,-50.4272,6589.39,665.647
274,2,58,-49.4555,6569.63,678.536
275,2,59,-48.4943,6549.76,691.506
276,2,60,-47.5453,6529.84,704.546
277,2,61,-46.2823,6502.89,719.454
278,2,62,-45.0661,6476.54,734.184
279,2,63,-43.8946,6450.77,748.757
280,2,64,-42.6171,6422.24,764.133
281,2,65,-41.5385,6397.79,778.359
282,2,66,-40.6381,6377.08,791.726
283,2,67,-39.8977,6359.8,804.44
284,2,68,-39.1691,6342.56,817.193
285,2,69,-38.4529,6325.37,829.982
286,2,70,-37.9978,6314.3,841.809
287,2,71,-38.3798,6323.72,853.451
288,2,72,-38.8028,6334.3,865.252
289,2,73,-39.1472,6343.02,876.84
290,2,74,-39.1984,6344.34,887.932
291,2,75,-39.4195,6350.08,899.233
292,2,76,-39.4765,6351.58,910.306
293,2,77,-39.3862,6349.18,921.393
294,2,78,-39.1635,6343.16,932.712
295,2,79,-38.9193,6336.49,944.102
296,2,80,-38.6563,6329.21,955.57
297,2,81,-38.2841,6318.79,967.538
298,2,82,-37.9042,6308.03,979.597
299,2,83,-37.3418,6291.9,993.012
300,2,84,-36.7869,6275.81,1006.45
301,2,85,-36.3238,6262.23,1019.24
302,2,86,-35.7807,6246.12,1032.77
303,2,87,-35.246,6230.08,1046.32
304,2,88,-34.7197,6214.11,1059.88
305,2,89,-34.2785,6200.58,1072.77
306,2,90,-33.8407,6187.01,1085.72
307,2,91,-33.3333,6171.11,1099.38
308,2,92,-32.8348,6155.33,1113.04
309,2,93,-32.3451,6139.66,1126.69
310,2,94,-31.8642,6124.1,1140.34
311,2,95,-31.459,6110.87,1153.34
312,2,96,-31.0582,6097.64,1166.37
313,2,97,-30.662,6084.43,1179.43
314,2,98,-30.2704,6071.25,1192.51
315,2,99,-29.8835,6058.1,1205.61
316,2,100,-29.6228,6049.14,1217.73
317,2,101,-29.3597,6040.03,1229.9
318,2,102,-29.1532,6032.8,1241.73
319,2,103,-28.9419,6025.33,1253.61
320,2,104,-28.7825,6019.64,1265.22
321,2,105,-28.6162,6013.66,1276.88
322,2,106,-28.5517,6011.32,1288.15
323,2,107,-28.4757,6008.53,1299.45
324,2,108,-28.3891,6005.32,1310.77
325,2,109,-28.2927,6001.73,1322.13
326,2,110,-28.1874,5997.76,1333.52
327,2,111,-28.0738,5993.44,1344.96
328,2,112,-27.9528,5988.8,1356.44
329,2,113,-27.8249,5983.86,1367.97
330,2,114,-27.7372,5980.44,1379.3
331,2,115,-27.6872,5978.47,1390.5
332,2,116,-27.6722,5977.88,1401.63
333,2,117,-27.7784,5982.13,1413.06
334,2,118,-27.8672,5985.71,1424.4
335,2,119,-27.9396,5988.65,1435.66
336,2,120,-27.9967,5990.99,1446.86
337,2,121,-28.0394,5992.76,1458.01
338,2,122,-28.0687,5993.98,1469.12
339,3,12,-129.697,7572.73,103.244
340,3,13,-133.636,7596.36,112.54
341,3,14,-134.615,7602.56,121.492
342,3,15,-143.956,7664.84,133.676
343,3,16,-148.571,7697.14,143.696
344,3,17,-150.357,7710.24,152.896
345,3,18,-148.235,7693.97,162.228
346,3,19,-141.912,7643.38,175.372
347,3,20,-134.985,7585.66,189.667
348,3,21,-131.053,7551.58,200.8
349,3,22,-126.316,7508.95,213.193
350,3,23,-122.468,7473.03,224.9
351,3,24,-119.311,7442.52,236.155
352,3,25,-114.526,7394.66,250.112
353,3,26,-109.696,7344.75,264.407
354,3,27,-104,7284,280.553
355,3,28,-97.7778,7215.56,297.667
356,3,29,-92.0635,7150.79,313.617
357,3,30,-86.809,7089.49,328.832
358,3,31,-81.9704,7031.43,343.54
359,3,32,-77.5083,6976.4,357.876
360,3,33,-74.5968,6939.52,370.318
361,3,34,-72.3424,6910.21,382.228
362,3,35,-70.0869,6880.14,394.285
363,3,36,-67.8533,6849.61,406.472
364,3,37,-66.1345,6825.55,418.195
365,3,38,-64.8391,6806.98,429.579
366,3,39,-63.8928,6793.1,440.716
367,3,40,-62.8296,6777.15,451.988
368,3,41,-61.6802,6759.53,463.407
369,3,42,-60.1032,6734.82,475.55
370,3,43,-59.2334,6720.91,486.766
371,3,44,-58.9498,6716.27,497.55
372,3,45,-58.5171,6709.06,508.402
373,3,46,-58.2664,6704.8,519.141
374,3,47,-57.2991,6688.03,530.721
375,3,48,-56.2936,6670.27,542.465
376,3,49,-55.2613,6651.69,554.367
377,3,50,-54.7221,6641.8,565.401
378,3,51,-53.6224,6621.28,577.728
379,3,52,-52.5234,6600.39,590.181
380,3,53,-51.8824,6588,601.515
381,3,54,-51.1995,6574.57,612.995
382,3,55,-50.4838,6560.26,624.624
383,3,56,-49.7427,6545.19,636.401
384,3,57,-48.7879,6525.45,649.038
385,3,58,-47.8401,6505.55,661.772
386,3,59,-46.9017,6485.53,674.591
387,3,60,-45.975,6465.45,687.483
388,3,61,-44.7224,6437.9,702.323
389,3,62,-43.5176,6410.99,716.975
390,3,63,-42.3585,6384.72,731.464
391,3,64,-41.0894,6355.53,746.793
392,3,65,-40.025,6330.69,760.919
393,3,66,-39.1438,6309.84,774.156
394,3,67,-38.4266,6292.62,786.722
395,3,68,-37.7205,6275.44,799.329
396,3,69,-37.0261,6258.31,811.975
397,3,70,-36.5996,6247.65,823.645
398,3,71,-37.0332,6258.64,835.377
399,3,72,-37.5068,6270.79,847.296
400,3,73,-37.8974,6280.95,858.961
401,3,74,-37.9848,6283.25,869.995
402,3,75,-38.2451,6290.19,881.315
403,3,76,-38.3354,6292.63,892.334
404,3,77,-38.2731,6290.92,903.318
405,3,78,-38.0738,6285.41,914.506
406,3,79,-37.8516,6279.19,925.761
407,3,80,-37.6092,6272.32,937.09
408,3,81,-37.2541,6262.14,948.918
409,3,82,-36.8905,6251.6,960.839
410,3,83,-36.3392,6235.43,974.157
411,3,84,-35.7952,6219.29,987.505
412,3,85,-35.3449,6205.78,1000.17
413,3,86,-34.8122,6189.62,1013.62
414,3,87,-34.2877,6173.53,1027.08
415,3,88,-33.7714,6157.53,1040.55
416,3,89,-33.3418,6144.07,1053.33
417,3,90,-32.9154,6130.56,1066.17
418,3,91,-32.4174,6114.63,1079.75
419,3,92,-31.9282,6098.81,1093.33
420,3,93,-31.4477,6083.12,1106.91
421,3,94,-30.9758,6067.54,1120.48
422,3,95,-30.581,6054.38,1133.37
423,3,96,-30.1904,6041.23,1146.3
424,3,97,-29.804,6028.1,1159.26
425,3,98,-29.4221,6014.98,1172.24
426,3,99,-29.0448,6001.9,1185.25
427,3,100,-28.7958,5993.19,1197.24
428,3,101,-28.5442,5984.3,1209.28
429,3,102,-28.3498,5977.37,1220.98
430,3,103,-28.1503,5970.18,1232.73
431,3,104,-28.0032,5964.84,1244.21
432,3,105,-27.8489,5959.18,1255.74
433,3,106,-27.7979,5957.29,1266.91
434,3,107,-27.7348,5954.94,1278.09
435,3,108,-27.6605,5952.14,1289.29
436,3,109,-27.576,5948.93,1300.53
437,3,110,-27.482,5945.32,1311.8
438,3,111,-27.3793,5941.35,1323.11
439,3,112,-27.2687,5937.04,1334.46
440,3,113,-27.1508,5932.4,1345.86
441,3,114,-27.0736,5929.34,1357.07
442,3,115,-27.0344,5927.77,1368.16
443,3,116,-27.0306,5927.62,1379.19
444,3,117,-27.1498,5932.47,1390.64
445,3,118,-27.251,5936.62,1401.97
446,3,119,-27.3352,5940.1,1413.21
447,3,120,-27.4035,5942.94,1424.37
448,3,121,-27.4569,5945.19,1435.47
449,3,122,-27.4964,5946.86,1446.52
450,4,13,-133.333,7593.33,103.506
451,4,14,-134.545,7601.82,112.565
452,4,15,-145.455,7681.82,124.518
453,4,16,-150.549,7720.88,134.455
454,4,17,-152.308,7734.95,143.658
455,4,18,-149.643,7712.74,153.109
456,4,19,-142.353,7649.56,166.221
457,4,20,-134.559,7579.41,180.292
458,4,21,-130.237,7539.08,191.335
459,4,22,-125.088,7489.3,203.523
460,4,23,-120.977,7448.2,215.049
461,4,24,-117.662,7413.94,226.139
462,4,25,-112.592,7359.85,239.759
463,4,26,-107.51,7303.95,253.707
464,4,27,-101.522,7236.09,269.447
465,4,28,-95,7160,286.152
466,4,29,-89.0598,7088.72,301.748
467,4,30,-83.6386,7021.86,316.644
468,4,31,-78.6809,6959.06,331.058
469,4,32,-74.1379,6900,345.118
470,4,33,-71.257,6861.59,357.34
471,4,34,-69.0726,6831.73,369.054
472,4,35,-66.8805,6801.04,380.906
473,4,36,-64.7059,6769.88,392.882
474,4,37,-63.071,6745.9,404.414
475,4,38,-61.8768,6727.98,415.625
476,4,39,-61.0425,6715.19,426.607
477,4,40,-60.0759,6700.05,437.709
478,4,41,-59.0108,6683.01,448.945
479,4,42,-57.4899,6658.16,460.881
480,4,43,-56.7073,6645.12,471.924
481,4,44,-56.5331,6642.16,482.596
482,4,45,-56.1948,6636.3,493.311
483,4,46,-56.0405,6633.57,503.935
484,4,47,-55.1304,6617.19,515.322
485,4,48,-54.1765,6599.7,526.87
486,4,49,-53.1915,6581.31,538.577
487,4,50,-52.7174,6572.31,549.439
488,4,51,-51.6554,6551.77,561.576
489,4,52,-50.5918,6530.86,573.844
490,4,53,-50.0024,6519.07,584.991
491,4,54,-49.3665,6506.14,596.281
492,4,55,-48.6938,6492.24,607.72
493,4,56,-47.9923,6477.5,619.308
494,4,57,-47.0669,6457.76,631.777
495,4,58,-46.1472,6437.84,644.349
496,4,59,-45.2358,6417.79,657.011
497,4,60,-44.335,6397.67,669.752
498,4,61,-43.0958,6369.58,684.544
499,4,62,-41.9053,6342.2,699.136
500,4,63,-40.7613,6315.5,713.553
501,4,64,-39.5029,6285.72,728.857
502,4,65,-38.4553,6260.58,742.89
503,4,66,-37.596,6239.67,755.995
504,4,67,-36.9048,6222.62,768.404
505,4,68,-36.2238,6205.59,780.858
506,4,69,-35.5537,6188.62,793.353
507,4,70,-35.1584,6178.47,804.855
508,4,71,-35.6472,6191.18,816.719
509,4,72,-36.1746,6205.07,828.805
510,4,73,-36.6145,6216.8,840.583
511,4,74,-36.7404,6220.2,851.567
512,4,75,-37.0426,6228.46,862.928
513,4,76,-37.1683,6231.94,873.901
514,4,77,-37.1359,6231.03,884.782
515,4,78,-36.9616,6226.09,895.832
516,4,79,-36.7628,6220.39,906.944
517,4,80,-36.5424,6214,918.126
518,4,81,-36.2056,6204.12,929.807
519,4,82,-35.8593,6193.85,941.581
520,4,83,-35.32,6177.67,954.804
521,4,84,-34.7877,6161.52,968.059
522,4,85,-34.351,6148.13,980.604
523,4,86,-33.8294,6131.96,993.961
524,4,87,-33.3158,6115.87,1007.33
525,4,88,-32.8102,6099.86,1020.72
526,4,89,-32.393,6086.51,1033.39
527,4,90,-31.9786,6073.11,1046.12
528,4,91,-31.4906,6057.17,1059.62
529,4,92,-31.0112,6041.35,1073.13
530,4,93,-30.5404,6025.65,1086.63
531,4,94,-30.078,6010.09,1100.12
532,4,95,-29.6942,5997.04,1112.91
533,4,96,-29.3143,5983.99,1125.73
534,4,97,-28.9383,5970.96,1138.59
535,4,98,-28.5666,5957.95,1151.47
536,4,99,-28.1993,5944.97,1164.38
537,4,100,-27.9626,5936.53,1176.24
538,4,101,-27.7228,5927.9,1188.15
539,4,102,-27.5411,5921.3,1199.71
540,4,103,-27.3537,5914.42,1211.33
541,4,104,-27.2196,5909.46,1222.67
542,4,105,-27.0776,5904.16,1234.07
543,4,106,-27.0406,5902.77,1245.11
544,4,107,-26.9908,5900.88,1256.18
545,4,108,-26.9293,5898.52,1267.26
546,4,109,-26.8569,5895.72,1278.37
547,4,110,-26.7746,5892.51,1289.51
548,4,111,-26.6831,5888.91,1300.68
549,4,112,-26.5833,5884.95,1311.9
550,4,113,-26.4757,5880.64,1323.17
551,4,114,-26.4093,5877.97,1334.24
552,4,115,-26.3812,5876.83,1345.22
553,4,116,-26.389,5877.14,1356.16
554,4,117,-26.5215,5882.62,1367.63
555,4,118,-26.6354,5887.37,1378.98
556,4,119,-26.7316,5891.41,1390.21
557,4,120,-26.8114,5894.79,1401.35
558,4,121,-26.8758,5897.53,1412.41
559,4,122,-26.9257,5899.68,1423.4
560,5,14,-145.455,7721.82,101.317
561,5,15,-156.364,7809.09,112.565
562,5,16,-160.49,7843.47,121.975
563,5,17,-160.989,7847.8,130.855
564,5,18,-156.703,7809.23,140.729
565,5,19,-147.5,7723.33,155.196
566,5,20,-138.088,7632.35,170.019
567,5,21,-132.843,7579.9,181.322
568,5,22,-126.832,7517.78,193.701
569,5,23,-122.105,7467.37,205.328
570,5,24,-118.346,7426.02,216.478
571,5,25,-112.727,7362.34,230.024
572,5,26,-107.171,7297.52,243.821
573,5,27,-100.692,7219.76,259.282
574,5,28,-93.6957,7133.48,275.636
575,5,29,-87.3846,7053.54,290.923
576,5,30,-81.6752,6979.32,305.539
577,5,31,-76.4957,6910.26,319.695
578,5,32,-71.7843,6845.87,333.512
579,5,33,-68.867,6805.02,345.579
580,5,34,-66.6963,6773.91,357.163
581,5,35,-64.5161,6741.94,368.873
582,5,36,-62.3534,6709.49,380.696
583,5,37,-60.762,6685.09,392.098
584,5,38,-59.6333,6667.41,403.202
585,5,39,-58.8796,6655.35,414.097
586,5,40,-57.9794,6640.65,425.093
587,5,41,-56.9701,6623.83,436.208
588,5,42,-55.4765,6598.44,447.983
589,5,43,-54.7571,6585.96,458.916
590,5,44,-54.6717,6584.46,469.537
591,5,45,-54.4077,6579.7,480.179
592,5,46,-54.3311,6578.3,490.751
593,5,47,-53.4582,6562.01,501.997
594,5,48,-52.537,6544.5,513.397
595,5,49,-51.581,6526.02,524.949
596,5,50,-51.1563,6517.67,535.701
597,5,51,-50.1156,6496.85,547.674
598,5,52,-49.0719,6475.63,559.778
599,5,53,-48.5204,6464.23,570.79
600,5,54,-47.9184,6451.59,581.936
601,5,55,-47.276,6437.89,593.226
602,5,56,-46.6021,6423.29,604.661
603,5,57,-45.6942,6403.31,616.971
604,5,58,-44.7913,6383.15,629.387
605,5,59,-43.8961,6362.86,641.896
606,5,60,-43.0109,6342.5,654.486
607,5,61,-41.7747,6313.65,669.171
608,5,62,-40.5888,6285.59,683.652
609,5,63,-39.4506,6258.27,697.957
610,5,64,-38.1939,6227.69,713.174
611,5,65,-37.1549,6202.06,727.087
612,5,66,-36.3098,6180.93,740.055
613,5,67,-35.6375,6163.9,752.321
614,5,68,-34.9748,6146.89,764.633
615,5,69,-34.3226,6129.93,776.987
616,5,70,-33.9526,6120.19,788.353
617,5,71,-34.492,6134.58,800.365
618,5,72,-35.0689,6150.15,812.624
619,5,73,-35.5535,6163.4,824.529
620,5,74,-35.7134,6167.82,835.5
621,5,75,-36.053,6177.33,846.927
622,5,76,-36.2097,6181.77,857.891
623,5,77,-36.2026,6181.57,868.708
624,5,78,-36.0489,6177.11,879.659
625,5,79,-35.8691,6171.84,890.666
626,5,80,-35.6664,6165.82,901.739
627,5,81,-35.3436,6156.14,913.297
628,5,82,-35.0106,6146.04,924.949
629,5,83,-34.4791,6129.74,938.068
630,5,84,-33.9545,6113.48,951.22
631,5,85,-33.5276,6100.1,963.649
632,5,86,-33.0134,6083.81,976.908
633,5,87,-32.507,6067.61,990.186
634,5,88,-32.0087,6051.5,1003.48
635,5,89,-31.6005,6038.17,1016.04
636,5,90,-31.1949,6024.78,1028.65
637,5,91,-30.7137,6008.74,1042.07
638,5,92,-30.2411,5992.83,1055.49
639,5,93,-29.777,5977.05,1068.9
640,5,94,-29.3213,5961.41,1082.31
641,5,95,-28.9457,5948.38,1094.99
642,5,96,-28.5737,5935.37,1107.71
643,5,97,-28.2057,5922.36,1120.47
644,5,98,-27.8416,5909.38,1133.25
645,5,99,-27.4818,5896.42,1146.06
646,5,100,-27.2552,5888.19,1157.8
647,5,101,-27.025,5879.75,1169.6
648,5,102,-26.8539,5873.42,1181.05
649,5,103,-26.6766,5866.8,1192.56
650,5,104,-26.5533,5862.15,1203.79
651,5,105,-26.4217,5857.15,1215.07
652,5,106,-26.3968,5856.2,1226.04
653,5,107,-26.3586,5854.72,1237.01
654,5,108,-26.308,5852.75,1248
655,5,109,-26.2461,5850.31,1259.01
656,5,110,-26.1738,5847.44,1270.05
657,5,111,-26.0918,5844.17,1281.13
658,5,112,-26.001,5840.5,1292.24
659,5,113,-25.9021,5836.48,1303.39
660,5,114,-25.845,5834.14,1314.37
661,5,115,-25.8266,5833.38,1325.26
662,5,116,-25.8444,5834.12,1336.14
663,5,117,-25.9889,5840.19,1347.66
664,5,118,-26.1141,5845.49,1359.04
665,5,119,-26.2211,5850.06,1370.29
666,5,120,-26.3111,5853.92,1381.43
667,5,121,-26.3851,5857.13,1392.48
668,5,122,-26.4441,5859.71,1403.45
669,6,15,-164.848,7910.91,102.251
670,6,16,-168.182,7940.91,111.387
671,6,17,-167.483,7934.38,120.223
672,6,18,-161.538,7876.92,130.564
673,6,19,-150.33,7764.84,145.614
674,6,20,-139.286,7650.71,160.505
675,6,21,-133.235,7586.18,171.829
676,6,22,-126.471,7511.76,184.109
677,6,23,-121.259,7452.7,195.636
678,6,24,-117.193,7405.26,206.689
679,6,25,-111.128,7332.48,219.958
680,6,26,-105.195,7259.31,233.45
681,6,27,-98.306,7172.05,248.517
682,6,28,-90.9091,7075.89,264.452
683,6,29,-84.3043,6987.83,279.381
684,6,30,-78.3846,6906.92,293.676
685,6,31,-73.0598,6832.38,307.536
686,6,32,-68.254,6763.49,321.077
687,6,33,-65.3804,6721.35,332.939
688,6,34,-63.3005,6690.15,344.348
689,6,35,-61.2013,6657.96,355.869
690,6,36,-59.1129,6625.24,367.495
691,6,37,-57.6246,6601.43,378.724
692,6,38,-56.6176,6584.98,389.679
693,6,39,-55.9969,6574.64,400.447
694,6,40,-55.2101,6561.26,411.296
695,6,41,-54.2986,6545.46,422.248
696,6,42,-52.8687,6520.2,433.822
697,6,43,-52.2486,6509.04,444.604
698,6,44,-52.2874,6509.75,455.153
699,6,45,-52.1295,6506.8,465.691
700,6,46,-52.1603,6507.39,476.187
701,6,47,-51.3492,6491.71,487.252
702,6,48,-50.4832,6474.68,498.464
703,6,49,-49.5772,6456.55,509.824
704,6,50,-49.2227,6449.35,520.427
705,6,51,-48.2208,6428.64,532.207
706,6,52,-47.2132,6407.48,544.121
707,6,53,-46.7162,6396.88,554.957
708,6,54,-46.1633,6384.9,565.922
709,6,55,-45.5654,6371.75,577.025
710,6,56,-44.9321,6357.6,588.272
711,6,57,-44.0536,6337.69,600.406
712,6,58,-43.1785,6317.56,612.65
713,6,59,-42.3099,6297.29,624.992
714,6,60,-41.4502,6276.95,637.42
715,6,61,-40.2256,6247.56,652.042
716,6,62,-39.0524,6219.01,666.448
717,6,63,-37.928,6191.27,680.668
718,6,64,-36.6803,6160.08,695.848
719,6,65,-35.6571,6134.16,709.657
720,6,66,-34.8334,6113.02,722.482
721,6,67,-34.187,6096.21,734.587
722,6,68,-33.5493,6079.42,746.739
723,6,69,-32.9212,6062.67,758.936
724,6,70,-32.583,6053.54,770.136
725,6,71,-33.1803,6069.86,782.367
726,6,72,-33.8136,6087.39,794.877
727,6,73,-34.3494,6102.39,806.965
728,6,74,-34.5488,6108.04,817.926
729,6,75,-34.9313,6119,829.448
730,6,76,-35.1241,6124.59,840.405
731,6,77,-35.147,6125.27,851.146
732,6,78,-35.0179,6121.44,861.976
733,6,79,-34.8612,6116.73,872.856
734,6,80,-34.6799,6111.24,883.795
735,6,81,-34.3746,6101.87,895.21
736,6,82,-34.058,6092.06,906.719
737,6,83,-33.5373,6075.75,919.734
738,6,84,-33.0234,6059.47,932.786
739,6,85,-32.609,6046.21,945.09
740,6,86,-32.1048,6029.91,958.255
741,6,87,-31.6083,6013.69,971.439
742,6,88,-31.1196,5997.56,984.64
743,6,89,-30.7229,5984.34,997.083
744,6,90,-30.3283,5971.05,1009.58
745,6,91,-29.8561,5955,1022.92
746,6,92,-29.3924,5939.08,1036.25
747,6,93,-28.937,5923.29,1049.58
748,6,94,-28.49,5907.64,1062.91
749,6,95,-28.1245,5894.73,1075.48
750,6,96,-27.7624,5881.82,1088.09
751,6,97,-27.4039,5868.91,1100.74
752,6,98,-27.0493,5856.03,1113.42
753,6,99,-26.6987,5843.17,1126.13
754,6,100,-26.4838,5835.22,1137.74
755,6,101,-26.2649,5827.05,1149.41
756,6,102,-26.1059,5821.06,1160.73
757,6,103,-25.9402,5814.76,1172.1
758,6,104,-25.8293,5810.51,1183.21
759,6,105,-25.7096,5805.88,1194.36
760,6,106,-25.6983,5805.44,1205.23
761,6,107,-25.673,5804.45,1216.1
762,6,108,-25.6348,5802.93,1226.98
763,6,109,-25.5847,5800.93,1237.88
764,6,110,-25.5235,5798.46,1248.8
765,6,111,-25.4523,5795.56,1259.75
766,6,112,-25.3718,5792.26,1270.73
767,6,113,-25.2827,5788.58,1281.76
768,6,114,-25.2358,5786.63,1292.62
769,6,115,-25.2282,5786.31,1303.41
770,6,116,-25.2571,5787.53,1314.21
771,6,117,-25.4147,5794.26,1325.82
772,6,118,-25.5523,5800.17,1337.26
773,6,119,-25.671,5805.32,1348.54
774,6,120,-25.7721,5809.73,1359.68
775,6,121,-25.8567,5813.45,1370.72
776,6,122,-25.9258,5816.51,1381.67
777,7,16,-176.97,8055.15,100.912
778,7,17,-174.545,8030.91,109.824
779,7,18,-166.434,7947.09,120.724
780,7,19,-152.747,7801.1,136.185
781,7,20,-139.78,7658.46,150.985
782,7,21,-132.857,7580,162.268
783,7,22,-125.294,7491.76,174.388
784,7,23,-119.608,7423.53,185.77
785,7,24,-115.273,7370.07,196.694
786,7,25,-108.772,7287.72,209.651
787,7,26,-102.481,7205.94,222.811
788,7,27,-95.1948,7108.79,237.469
789,7,28,-87.4082,7002.37,252.98
790,7,29,-80.5336,6906.13,267.542
791,7,30,-74.4348,6818.71,281.506
792,7,31,-69,6739,295.059
793,7,32,-64.1368,6666.05,308.31
794,7,33,-61.3553,6623.4,319.954
795,7,34,-59.4143,6592.99,331.173
796,7,35,-57.4384,6561.38,342.491
797,7,36,-55.4616,6529.09,353.904
798,7,37,-54.1129,6506.61,364.946
799,7,38,-53.2625,6492.16,375.74
800,7,39,-52.8075,6484.27,386.376
801,7,40,-52.162,6472.86,397.069
802,7,41,-51.3725,6458.66,407.846
803,7,42,-50.0257,6433.96,419.202
804,7,43,-49.5258,6424.63,429.824
805,7,44,-49.71,6428.13,440.306
806,7,45,-49.6761,6427.48,450.741
807,7,46,-49.8311,6430.53,461.168
808,7,47,-49.0941,6415.78,472.039
809,7,48,-48.2943,6399.52,483.048
810,7,49,-47.4479,6382.03,494.201
811,7,50,-47.1741,6376.28,504.646
812,7,51,-46.2187,6355.9,516.22
813,7,52,-45.2544,6335,527.93
814,7,53,-44.8196,6325.44,538.578
815,7,54,-44.3226,6314.34,549.346
816,7,55,-43.7755,6301.94,560.247
817,7,56,-43.1885,6288.44,571.29
818,7,57,-42.3439,6268.73,583.237
819,7,58,-41.5009,6248.78,595.3
820,7,59,-40.6628,6228.66,607.467
821,7,60,-39.8323,6208.46,619.726
822,7,61,-38.6219,6178.6,634.309
823,7,62,-37.4641,6149.65,648.657
824,7,63,-36.356,6121.58,662.807
825,7,64,-35.1195,6089.85,677.975
826,7,65,-34.1146,6063.72,691.685
827,7,66,-33.3148,6042.66,704.365
828,7,67,-32.697,6026.18,716.297
829,7,68,-32.0868,6009.71,728.281
830,7,69,-31.4852,5993.26,740.312
831,7,70,-31.1813,5984.86,751.335
832,7,71,-31.84,6003.3,763.862
833,7,72,-32.5331,6022.94,776.703
834,7,73,-33.1232,6039.85,789.034
835,7,74,-33.3645,6046.85,800.003
836,7,75,-33.7925,6059.4,811.658
837,7,76,-34.0233,6066.25,822.628
838,7,77,-34.0778,6067.89,833.298
839,7,78,-33.9749,6064.76,844.006
840,7,79,-33.8424,6060.7,854.754
841,7,80,-33.6838,6055.79,865.557
842,7,81,-33.3969,6046.8,876.822
843,7,82,-33.0977,6037.32,888.182
844,7,83,-32.5885,6021.03,901.093
845,7,84,-32.0856,6004.77,914.042
846,7,85,-31.6845,5991.67,926.217
847,7,86,-31.1908,5975.37,939.287
848,7,87,-30.7046,5959.17,952.379
849,7,88,-30.2261,5943.05,965.488
850,7,89,-29.8413,5929.97,977.81
851,7,90,-29.4583,5916.82,990.19
852,7,91,-28.9955,5900.78,1003.44
853,7,92,-28.541,5884.87,1016.69
854,7,93,-28.0947,5869.1,1029.94
855,7,94,-27.6567,5853.48,1043.19
856,7,95,-27.3017,5840.7,1055.65
857,7,96,-26.9498,5827.92,1068.15
858,7,97,-26.6014,5815.14,1080.69
859,7,98,-26.2565,5802.38,1093.26
860,7,99,-25.9154,5789.64,1105.87
861,7,100,-25.7125,5782,1117.34
862,7,101,-25.5053,5774.13,1128.88
863,7,102,-25.3588,5768.51,1140.06
864,7,103,-25.2051,5762.57,1151.29
865,7,104,-25.1069,5758.74,1162.27
866,7,105,-24.9994,5754.51,1173.29
867,7,106,-25.0021,5754.62,1184.06
868,7,107,-24.9901,5754.14,1194.83
869,7,108,-24.9645,5753.11,1205.6
870,7,109,-24.9264,5751.56,1216.38
871,7,110,-24.8768,5749.52,1227.18
872,7,111,-24.8165,5747.03,1238
873,7,112,-24.7465,5744.11,1248.86
874,7,113,-24.6674,5740.79,1259.75
875,7,114,-24.6311,5739.25,1270.5
876,7,115,-24.6344,5739.4,1281.19
877,7,116,-24.6746,5741.13,1291.92
878,7,117,-24.8456,5748.53,1303.65
879,7,118,-24.9957,5755.09,1315.16
880,7,119,-25.1264,5760.84,1326.49
881,7,120,-25.2389,5765.83,1337.67
882,7,121,-25.3342,5770.08,1348.71
883,7,122,-25.4134,5773.65,1359.65
884,8,17,-181.818,8132.73,99.8368
885,8,18,-170.909,8012.73,111.28
886,8,19,-154.196,7823.31,126.85
887,8,20,-139.011,7646.15,141.377
888,8,21,-131.209,7552.53,152.551
889,8,22,-122.857,7449.52,164.442
890,8,23,-116.765,7372.35,175.631
891,8,24,-112.255,7313.73,186.385
892,8,25,-105.366,7221.88,198.993
893,8,26,-98.7719,7131.75,211.792
894,8,27,-91.1278,7024.74,226.028
895,8,28,-82.987,6908.05,241.112
896,8,29,-75.8893,6803.95,255.298
897,8,30,-69.664,6710.57,268.919
898,8,31,-64.1739,6626.39,282.15
899,8,32,-59.3077,6550.15,295.097
900,8,33,-56.6838,6508.17,306.499
901,8,34,-54.9451,6479.77,317.509
902,8,35,-53.1472,6449.81,328.603
903,8,36,-51.33,6418.92,339.781
904,8,37,-50.1669,6398.75,350.616
905,8,38,-49.5161,6387.26,361.236
906,8,39,-49.2669,6382.77,371.734
907,8,40,-48.7968,6374.15,382.259
908,8,41,-48.1589,6362.25,392.844
909,8,42,-46.9188,6338.68,403.96
910,8,43,-46.5637,6331.82,414.409
911,8,44,-46.918,6338.79,424.84
912,8,45,-47.0292,6341.01,435.175
913,8,46,-47.3279,6347.09,445.547
914,8,47,-46.6792,6333.68,456.203
915,8,48,-45.9582,6318.54,466.99
916,8,49,-45.1827,6301.99,477.916
917,8,50,-45.0015,6298.07,488.194
918,8,51,-44.1015,6278.27,499.543
919,8,52,-43.1884,6257.87,511.032
920,8,53,-42.8245,6249.63,521.474
921,8,54,-42.3913,6239.66,532.026
922,8,55,-41.9019,6228.24,542.704
923,8,56,-41.3673,6215.59,553.523
924,8,57,-40.5618,6196.26,565.271
925,8,58,-39.7557,6176.64,577.143
926,8,59,-38.9524,6156.83,589.127
927,8,60,-38.1551,6136.9,601.21
928,8,61,-36.9621,6106.67,615.788
929,8,62,-35.8225,6077.42,630.108
930,8,63,-34.7334,6049.11,644.209
931,8,64,-33.5105,6016.9,659.404
932,8,65,-32.5264,5990.66,673.028
933,8,66,-31.7534,5969.79,685.557
934,8,67,-31.167,5953.76,697.306
935,8,68,-30.587,5937.72,709.11
936,8,69,-30.0144,5921.68,720.964
937,8,70,-29.7475,5914.12,731.795
938,8,71,-30.4716,5934.88,744.73
939,8,72,-31.2281,5956.82,758.012
940,8,73,-31.8756,5975.81,770.665
941,8,74,-32.1614,5984.29,781.67
942,8,75,-32.6373,5998.57,793.51
943,8,76,-32.9083,6006.79,804.516
944,8,77,-32.9962,6009.48,815.124
945,8,78,-32.9209,6007.15,825.708
946,8,79,-32.814,6003.8,836.323
947,8,80,-32.6793,5999.53,846.984
948,8,81,-32.4117,5990.97,858.091
949,8,82,-32.1309,5981.89,869.294
950,8,83,-31.6336,5965.65,882.101
951,8,84,-31.1425,5949.44,894.948
952,8,85,-30.7553,5936.53,906.989
953,8,86,-30.2726,5920.28,919.966
954,8,87,-29.7972,5904.12,932.966
955,8,88,-29.3293,5888.05,945.985
956,8,89,-28.957,5875.15,958.18
957,8,90,-28.5861,5862.17,970.438
958,8,91,-28.133,5846.16,983.61
959,8,92,-27.6881,5830.29,996.782
960,8,93,-27.2513,5814.56,1009.95
961,8,94,-26.8226,5798.98,1023.12
962,8,95,-26.4785,5786.37,1035.46
963,8,96,-26.1372,5773.74,1047.85
964,8,97,-25.7991,5761.12,1060.28
965,8,98,-25.4642,5748.51,1072.75
966,8,99,-25.1329,5735.92,1085.25
967,8,100,-24.9426,5728.62,1096.58
968,8,101,-24.7473,5721.07,1107.97
969,8,102,-24.6137,5715.86,1119.01
970,8,103,-24.4723,5710.3,1130.1
971,8,104,-24.3872,5706.92,1140.94
972,8,105,-24.2922,5703.12,1151.82
973,8,106,-24.3092,5703.81,1162.5
974,8,107,-24.3108,5703.87,1173.17
975,8,108,-24.2982,5703.35,1183.82
976,8,109,-24.2724,5702.29,1194.49
977,8,110,-24.2345,5700.71,1205.16
978,8,111,-24.1854,5698.65,1215.86
979,8,112,-24.1261,5696.14,1226.58
980,8,113,-24.0572,5693.2,1237.34
981,8,114,-24.0316,5692.1,1247.96
982,8,115,-24.0461,5692.73,1258.56
983,8,116,-24.0979,5694.98,1269.24
984,8,117,-24.2824,5703.1,1281.11
985,8,118,-24.4454,5710.33,1292.74
986,8,119,-24.5883,5716.71,1304.15
987,8,120,-24.7122,5722.29,1315.38
988,8,121,-24.8185,5727.11,1326.45
989,8,122,-24.9081,5731.2,1337.39
990,9,18,-173.939,8058.18,102.188
991,9,19,-153.636,7814.55,117.471
992,9,20,-136.014,7597.2,131.541
993,9,21,-127.473,7489.01,142.524
994,9,22,-118.462,7371.87,154.113
995,9,23,-112.143,7287.62,165.051
996,9,24,-107.647,7226.18,175.587
997,9,25,-100.49,7125.98,187.803
998,9,26,-93.7049,7028.72,200.205
999,9,27,-85.7895,6912.63,214.006
1000,9,28,-77.3684,6786.32,228.667
1001,9,29,-70.1299,6675.32,242.468
1002,9,30,-63.8622,6577.13,255.729
1003,9,31,-58.3992,6489.72,268.62
1004,9,32,-53.6087,6411.48,281.237
1005,9,33,-51.2308,6371.85,292.367
1006,9,34,-49.7778,6347.15,303.139
1007,9,35,-48.2295,6320.31,313.978
1008,9,36,-46.6338,6292.12,324.889
1009,9,37,-45.7143,6275.57,335.491
1010,9,38,-45.317,6268.28,345.919
1011,9,39,-45.3226,6268.39,356.272
1012,9,40,-45.0696,6263.58,366.614
1013,9,41,-44.619,6254.87,376.985
1014,9,42,-43.5141,6233.14,387.83
1015,9,43,-43.3333,6229.52,398.091
1016,9,44,-43.8867,6240.78,408.498
1017,9,45,-44.1679,6246.59,418.745
1018,9,46,-44.6329,6256.35,429.087
1019,9,47,-44.0891,6244.75,439.504
1020,9,48,-43.4615,6231.15,450.041
1021,9,49,-42.77,6215.94,460.713
1022,9,50,-42.6951,6214.27,470.812
1023,9,51,-41.8605,6195.35,481.911
1024,9,52,-41.0078,6175.74,493.157
1025,9,53,-40.7246,6169.13,503.37
1026,9,54,-40.3639,6160.59,513.679
1027,9,55,-39.9399,6150.42,524.107
1028,9,56,-39.4648,6138.86,534.674
1029,9,57,-38.7041,6120.09,546.208
1030,9,58,-37.94,6100.99,557.876
1031,9,59,-37.1765,6081.65,569.666
1032,9,60,-36.4168,6062.15,581.566
1033,9,61,-35.2443,6031.66,596.202
1034,9,62,-34.1262,6002.22,610.541
1035,9,63,-33.0592,5973.77,624.632
1036,9,64,-31.8524,5941.18,639.916
1037,9,65,-30.8919,5914.93,653.473
1038,9,66,-30.1486,5894.36,665.849
1039,9,67,-29.5967,5878.91,677.4
1040,9,68,-29.0497,5863.41,689.01
1041,9,69,-28.5087,5847.91,700.674
1042,9,70,-28.2818,5841.33,711.294
1043,9,71,-29.0755,5864.61,724.802
1044,9,72,-29.8993,5889.05,738.681
1045,9,73,-30.6075,5910.29,751.769
1046,9,74,-30.9404,5920.39,762.846
1047,9,75,-31.467,5936.54,774.938
1048,9,76,-31.7804,5946.25,786.016
1049,9,77,-31.9035,5950.11,796.574
1050,9,78,-31.8572,5948.65,807.033
1051,9,79,-31.7773,5946.09,817.512
1052,9,80,-31.6676,5942.54,828.026
1053,9,81,-31.4205,5934.47,838.968
1054,9,82,-31.1588,5925.83,850.006
1055,9,83,-30.6743,5909.68,862.709
1056,9,84,-30.1955,5893.56,875.455
1057,9,85,-29.8228,5880.89,887.356
1058,9,86,-29.3517,5864.72,900.241
1059,9,87,-28.8875,5848.63,913.151
1060,9,88,-28.4306,5832.63,926.081
1061,9,89,-28.0714,5819.94,938.147
1062,9,90,-27.713,5807.16,950.279
1063,9,91,-27.2701,5791.21,963.374
1064,9,92,-26.8351,5775.41,976.47
1065,9,93,-26.4081,5759.75,989.564
1066,9,94,-25.989,5744.25,1002.65
1067,9,95,-25.6561,5731.82,1014.88
1068,9,96,-25.3258,5719.38,1027.15
1069,9,97,-24.9983,5706.93,1039.47
1070,9,98,-24.6738,5694.49,1051.82
1071,9,99,-24.3526,5682.07,1064.21
1072,9,100,-24.1751,5675.15,1075.4
1073,9,101,-23.9921,5667.95,1086.64
1074,9,102,-23.8717,5663.18,1097.53
1075,9,103,-23.743,5658.03,1108.47
1076,9,104,-23.6713,5655.14,1119.17
1077,9,105,-23.589,5651.79,1129.91
1078,9,106,-23.6208,5653.09,1140.5
1079,9,107,-23.6364,5653.74,1151.06
1080,9,108,-23.637,5653.76,1161.61
1081,9,109,-23.6238,5653.21,1172.16
1082,9,110,-23.5978,5652.11,1182.71
1083,9,111,-23.5602,5650.5,1193.27
1084,9,112,-23.5117,5648.42,1203.86
1085,9,113,-23.4532,5645.89,1214.47
1086,9,114,-23.4385,5645.24,1224.97
1087,9,115,-23.4644,5646.38,1235.48
1088,9,116,-23.5279,5649.2,1246.11
1089,9,117,-23.7263,5658.06,1258.19
1090,9,118,-23.9024,5665.98,1269.98
1091,9,119,-24.0576,5673.02,1281.51
1092,9,120,-24.1932,5679.21,1292.82
1093,9,121,-24.3105,5684.61,1303.94
1094,9,122,-24.4106,5689.25,1314.9
1095,10,19,-142.424,7635.15,106.549
1096,10,20,-123.636,7390.91,119.861
1097,10,21,-115.734,7285.55,130.348
1098,10,22,-107.143,7168.13,141.377
1099,10,23,-101.538,7089.67,151.807
1100,10,24,-97.8571,7036.9,161.87
1101,10,25,-91.0294,6936.76,173.572
1102,10,26,-84.5588,6839.71,185.492
1103,10,27,-76.7802,6720.43,198.944
1104,10,28,-68.4211,6589.47,213.357
1105,10,29,-61.3534,6476.39,226.83
1106,10,30,-55.3247,6377.92,239.733
1107,10,31,-50.1412,6291.53,252.248
1108,10,32,-45.6522,6215.22,264.483
1109,10,33,-43.7391,6182.06,275.199
1110,10,34,-42.7692,6164.92,285.595
1111,10,35,-41.641,6144.62,296.038
1112,10,36,-40.4151,6122.14,306.539
1113,10,37,-39.8741,6112.04,316.774
1114,10,38,-39.8522,6111.63,326.902
1115,10,39,-40.2225,6118.78,337.041
1116,10,40,-40.2823,6119.96,347.099
1117,10,41,-40.1026,6116.37,357.138
1118,10,42,-39.2045,6098.11,367.579
1119,10,43,-39.2666,6099.39,377.553
1120,10,44,-40.084,6116.55,387.99
1121,10,45,-40.592,6127.39,398.133
1122,10,46,-41.2755,6142.2,408.485
1123,10,47,-40.8797,6133.49,418.542
1124,10,48,-40.3846,6122.44,428.708
1125,10,49,-39.8124,6109.47,439.008
1126,10,50,-39.878,6110.98,448.843
1127,10,51,-39.1378,6093.7,459.609
1128,10,52,-38.3721,6075.58,470.542
1129,10,53,-38.1959,6071.35,480.41
1130,10,54,-37.9315,6064.92,490.357
1131,10,55,-37.5948,6056.61,500.419
1132,10,56,-37.1994,6046.73,510.623
1133,10,57,-36.5013,6029.04,521.913
1134,10,58,-35.7959,6010.94,533.364
1135,10,59,-35.0876,5992.52,544.959
1136,10,60,-34.3801,5973.89,556.684
1137,10,61,-33.2408,5943.51,571.683
1138,10,62,-32.1561,5914.22,586.282
1139,10,63,-31.1225,5885.97,600.557
1140,10,64,-29.9423,5853.32,616.214
1141,10,65,-29.0157,5827.38,629.814
1142,10,66,-28.3122,5807.44,642.051
1143,10,67,-27.8046,5792.89,653.363
1144,10,68,-27.2998,5778.25,664.743
1145,10,69,-26.7991,5763.56,676.186
1146,10,70,-26.6208,5758.28,686.519
1147,10,71,-27.4936,5784.46,701.06
1148,10,72,-28.3938,5811.77,715.971
1149,10,73,-29.1712,5835.61,729.792
1150,10,74,-29.5586,5847.61,741.013
1151,10,75,-30.143,5865.93,753.525
1152,10,76,-30.5052,5877.4,764.735
1153,10,77,-30.6695,5882.65,775.243
1154,10,78,-30.6577,5882.27,785.543
1155,10,79,-30.6097,5880.71,795.846
1156,10,80,-30.5298,5878.07,806.173
1157,10,81,-30.3074,5870.65,816.908
1158,10,82,-30.0691,5862.63,827.741
1159,10,83,-29.6009,5846.71,840.354
1160,10,84,-29.138,5830.82,853.016
1161,10,85,-28.7833,5818.52,864.764
1162,10,86,-28.3269,5802.55,877.578
1163,10,87,-27.8772,5786.66,890.42
1164,10,88,-27.4343,5770.86,903.284
1165,10,89,-27.091,5758.5,915.21
1166,10,90,-26.748,5746.04,927.209
1167,10,91,-26.3177,5730.27,940.255
1168,10,92,-25.8952,5714.63,953.299
1169,10,93,-25.4804,5699.15,966.342
1170,10,94,-25.0733,5683.81,979.379
1171,10,95,-24.754,5671.68,991.482
1172,10,96,-24.4368,5659.52,1003.63
1173,10,97,-24.1221,5647.35,1015.83
1174,10,98,-23.81,5635.18,1028.08
1175,10,99,-23.5008,5623.02,1040.36
1176,10,100,-23.3381,5616.56,1051.36
1177,10,101,-23.1694,5609.81,1062.42
1178,10,102,-23.0641,5605.57,1073.13
1179,10,103,-22.9498,5600.92,1083.89
1180,10,104,-22.8933,5598.6,1094.41
1181,10,105,-22.8256,5595.8,1104.97
1182,10,106,-22.8737,5597.81,1115.46
1183,10,107,-22.9048,5599.12,1125.91
1184,10,108,-22.9202,5599.77,1136.33
1185,10,109,-22.9211,5599.8,1146.73
1186,10,110,-22.9086,5599.27,1157.13
1187,10,111,-22.8837,5598.19,1167.53
1188,10,112,-22.8474,5596.6,1177.95
1189,10,113,-22.8006,5594.54,1188.39
1190,10,114,-22.7981,5594.43,1198.74
1191,10,115,-22.8365,5596.15,1209.15
1192,10,116,-22.9129,5599.59,1219.73
1193,10,117,-23.1263,5609.26,1232.12
1194,10,118,-23.3167,5617.95,1244.15
1195,10,119,-23.4853,5625.71,1255.86
1196,10,120,-23.6337,5632.59,1267.31
1197,10,121,-23.7631,5638.63,1278.52
1198,10,122,-23.8747,5643.87,1289.53
1199,11,20,-100.606,6999.39,104.079
1200,11,21,-95.4545,6927.27,113.62
1201,11,22,-88.8112,6832.05,123.75
1202,11,23,-85.1648,6778.57,133.242
1203,11,24,-83.2967,6750.55,142.386
1204,11,25,-77.5,6661.67,153.542
1205,11,26,-71.9118,6574.12,165.024
1206,11,27,-64.7059,6458.82,178.679
1207,11,28,-56.7595,6329.03,193.543
1208,11,29,-50.1754,6219.3,206.979
1209,11,30,-44.6617,6125.56,219.637
1210,11,31,-40,6044.76,231.802
1211,11,32,-36.0248,5974.53,243.625
1212,11,33,-34.7826,5952.17,253.718
1213,11,34,-34.4783,5946.59,263.558
1214,11,35,-33.9231,5936.23,273.407
1215,11,36,-33.1966,5922.43,283.292
1216,11,37,-33.1502,5921.53,292.994
1217,11,38,-33.607,5930.51,302.741
1218,11,39,-34.4335,5947.04,312.696
1219,11,40,-34.8832,5956.19,322.412
1220,11,41,-35.0403,5959.44,331.998
1221,11,42,-34.4025,5946.04,341.851
1222,11,43,-34.7594,5953.65,351.479
1223,11,44,-35.89,5978.15,362.282
1224,11,45,-36.6667,5995.24,372.474
1225,11,46,-37.6062,6016.22,383.106
1226,11,47,-37.3874,6011.26,392.661
1227,11,48,-37.05,6003.5,402.309
1228,11,49,-36.6194,5993.45,412.096
1229,11,50,-36.848,5998.86,421.625
1230,11,51,-36.2195,5983.78,431.968
1231,11,52,-35.5563,5967.64,442.523
1232,11,53,-35.5029,5966.32,451.925
1233,11,54,-35.3488,5962.47,461.373
1234,11,55,-35.112,5956.47,470.927
1235,11,56,-34.8073,5948.65,480.635
1236,11,57,-34.1813,5932.38,491.695
1237,11,58,-33.5432,5915.57,502.964
1238,11,59,-32.898,5898.37,514.424
1239,11,60,-32.2497,5880.86,526.051
1240,11,61,-31.1493,5850.79,542.03
1241,11,62,-30.1033,5821.85,557.351
1242,11,63,-29.1082,5793.98,572.164
1243,11,64,-27.9588,5761.42,588.671
1244,11,65,-27.0707,5735.96,602.502
1245,11,66,-26.4115,5716.84,614.646
1246,11,67,-25.9528,5703.39,625.689
1247,11,68,-25.4945,5689.79,636.814
1248,11,69,-25.038,5676.1,648.015
1249,11,70,-24.9125,5672.29,657.994
1250,11,71,-25.8699,5701.65,674.35
1251,11,72,-26.8515,5732.08,690.959
1252,11,73,-27.7026,5758.75,705.942
1253,11,74,-28.1479,5772.85,717.435
1254,11,75,-28.7937,5793.51,730.603
1255,11,76,-29.2078,5806.9,742.053
1256,11,77,-29.4158,5813.7,752.546
1257,11,78,-29.4404,5814.51,762.68
1258,11,79,-29.4264,5814.04,772.795
1259,11,80,-29.378,5812.41,782.918
1260,11,81,-29.1818,5805.74,793.421
1261,11,82,-28.9681,5798.41,804.026
1262,11,83,-28.5172,5782.77,816.569
1263,11,84,-28.0711,5767.16,829.165
1264,11,85,-27.7354,5755.3,840.752
1265,11,86,-27.2946,5739.58,853.518
1266,11,87,-26.86,5723.93,866.313
1267,11,88,-26.4318,5708.37,879.131
1268,11,89,-26.1052,5696.4,890.916
1269,11,90,-25.7782,5684.3,902.781
1270,11,91,-25.3613,5668.74,915.801
1271,11,92,-24.9518,5653.31,928.819
1272,11,93,-24.5498,5638.03,941.832
1273,11,94,-24.1551,5622.91,954.839
1274,11,95,-23.8499,5611.1,966.817
1275,11,96,-23.5464,5599.27,978.85
1276,11,97,-23.2449,5587.41,990.935
1277,11,98,-22.9457,5575.54,1003.07
1278,11,99,-22.649,5563.67,1015.24
1279,11,100,-22.5015,5557.72,1026.05
1280,11,101,-22.3475,5551.46,1036.92
1281,11,102,-22.2578,5547.78,1047.42
1282,11,103,-22.1584,5543.67,1057.98
1283,11,104,-22.1175,5541.97,1068.32
1284,11,105,-22.0647,5539.75,1078.68
1285,11,106,-22.1297,5542.5,1089.09
1286,11,107,-22.1768,5544.51,1099.42
1287,11,108,-22.2073,5545.83,1109.71
1288,11,109,-22.2226,5546.49,1119.96
1289,11,110,-22.2238,5546.54,1130.2
1290,11,111,-22.212,5546.02,1140.43
1291,11,112,-22.1882,5544.96,1150.66
1292,11,113,-22.1533,5543.41,1160.92
1293,11,114,-22.1631,5543.85,1171.12
1294,11,115,-22.2144,5546.17,1181.43
1295,11,116,-22.304,5550.26,1192
1296,11,117,-22.5328,5560.79,1204.84
1297,11,118,-22.7376,5570.28,1217.21
1298,11,119,-22.92,5578.79,1229.19
1299,11,120,-23.0814,5586.38,1240.83
1300,11,121,-23.2231,5593.08,1252.18
1301,11,122,-23.3463,5598.95,1263.29
1302,12,21,-93.9394,6900,104.454
1303,12,22,-86.3636,6786.36,114.502
1304,12,23,-82.5175,6727.39,123.959
1305,12,24,-80.7692,6700,133.103
1306,12,25,-74.5055,6599.78,143.962
1307,12,26,-68.5714,6502.86,155.096
1308,12,27,-60.8824,6374.71,168.246
1309,12,28,-52.451,6231.37,182.577
1310,12,29,-45.614,6112.87,195.572
1311,12,30,-40,6013.68,207.836
1312,12,31,-35.3383,5929.77,219.637
1313,12,32,-31.4286,5858.1,231.116
1314,12,33,-30.4912,5840.6,241.022
1315,12,34,-30.5336,5841.4,250.763
1316,12,35,-30.2609,5836.13,260.473
1317,12,36,-29.7692,5826.46,270.185
1318,12,37,-29.9829,5830.74,279.808
1319,12,38,-30.7082,5845.48,289.578
1320,12,39,-31.8008,5868.06,299.658
1321,12,40,-32.4631,5881.97,309.411
1322,12,41,-32.792,5888.99,318.968
1323,12,42,-32.2581,5877.42,328.635
1324,12,43,-32.7713,5888.71,338.292
1325,12,44,-34.0909,5918.18,349.415
1326,12,45,-35.0191,5939.22,359.788
1327,12,46,-36.1064,5964.23,370.667
1328,12,47,-35.9588,5960.79,380.127
1329,12,48,-35.6804,5954.2,389.652
1330,12,49,-35.2993,5945.05,399.292
1331,12,50,-35.6073,5952.54,408.843
1332,12,51,-35.0094,5937.8,419.004
1333,12,52,-34.3728,5921.88,429.371
1334,12,53,-34.3732,5921.89,438.698
1335,12,54,-34.2646,5919.1,448.039
1336,12,55,-34.0662,5913.95,457.459
1337,12,56,-33.7945,5906.79,467.015
1338,12,57,-33.1853,5890.55,477.889
1339,12,58,-32.5624,5873.73,488.977
1340,12,59,-31.9312,5856.47,500.258
1341,12,60,-31.2959,5838.9,511.714
1342,12,61,-30.1897,5807.92,527.675
1343,12,62,-29.1403,5778.19,542.942
1344,12,63,-28.1439,5749.63,557.678
1345,12,64,-26.9876,5716.09,574.17
1346,12,65,-26.1025,5690.13,587.888
1347,12,66,-25.4545,5670.91,599.879
1348,12,67,-25.0137,5657.68,610.762
1349,12,68,-24.5722,5644.29,621.727
1350,12,69,-24.1318,5630.79,632.769
1351,12,70,-24.0327,5627.71,642.633
1352,12,71,-25.0514,5659.63,659.783
1353,12,72,-26.092,5692.59,677.067
1354,12,73,-26.995,5721.48,692.504
1355,12,74,-27.477,5737.06,704.154
1356,12,75,-28.1639,5759.51,717.586
1357,12,76,-28.6101,5774.23,729.17
1358,12,77,-28.8425,5781.98,739.708
1359,12,78,-28.885,5783.41,749.827
1360,12,79,-28.8869,5783.47,759.915
1361,12,80,-28.8528,5782.3,770
1362,12,81,-28.6659,5775.82,780.426
1363,12,82,-28.4608,5768.64,790.949
1364,12,83,-28.0114,5752.77,803.382
1365,12,84,-27.567,5736.91,815.869
1366,12,85,-27.2358,5724.99,827.353
1367,12,86,-26.7966,5709.03,840.012
1368,12,87,-26.3636,5693.16,852.701
1369,12,88,-25.9372,5677.38,865.415
1370,12,89,-25.6149,5665.35,877.097
1371,12,90,-25.2921,5653.19,888.86
1372,12,91,-24.8769,5637.41,901.78
1373,12,92,-24.4693,5621.79,914.699
1374,12,93,-24.0692,5606.31,927.615
1375,12,94,-23.6766,5591,940.525
1376,12,95,-23.3755,5579.16,952.403
1377,12,96,-23.076,5567.28,964.337
1378,12,97,-22.7784,5555.38,976.324
1379,12,98,-22.4831,5543.46,988.358
1380,12,99,-22.1901,5531.55,1000.44
1381,12,100,-22.0497,5525.8,1011.16
1382,12,101,-21.9023,5519.7,1021.93
1383,12,102,-21.8204,5516.29,1032.37
1384,12,103,-21.7283,5512.42,1042.85
1385,12,104,-21.6959,5511.05,1053.13
1386,12,105,-21.6508,5509.13,1063.43
1387,12,106,-21.7259,5512.36,1073.83
1388,12,107,-21.7824,5514.8,1084.16
1389,12,108,-21.8217,5516.52,1094.42
1390,12,109,-21.8452,5517.55,1104.65
1391,12,110,-21.8541,5517.95,1114.84
1392,12,111,-21.8494,5517.74,1125.03
1393,12,112,-21.8323,5516.97,1135.21
1394,12,113,-21.8037,5515.67,1145.41
1395,12,114,-21.8205,5516.44,1155.58
1396,12,115,-21.8793,5519.15,1165.88
1397,12,116,-21.977,5523.67,1176.49
1398,12,117,-22.2163,5534.84,1189.54
1399,12,118,-22.4309,5544.92,1202.08
1400,12,119,-22.6223,5553.99,1214.21
1401,12,120,-22.7921,5562.08,1225.96
1402,12,121,-22.9416,5569.26,1237.41
1403,12,122,-23.0721,5575.56,1248.59
1404,13,22,-76.3636,6596.36,103.784
1405,13,23,-73.6364,6552.73,112.977
1406,13,24,-73.0769,6543.59,121.95
1407,13,25,-67.033,6442.86,132.275
1408,13,26,-61.3187,6345.71,142.868
1409,13,27,-53.5714,6211.43,155.508
1410,13,28,-45,6060,169.42
1411,13,29,-38.2353,5938.24,181.964
1412,13,30,-32.8173,5838.91,193.776
1413,13,31,-28.4211,5756.84,205.129
1414,13,32,-24.812,5688.27,216.164
1415,13,33,-24.4156,5680.61,225.768
1416,13,34,-25.0141,5692.38,235.361
1417,13,35,-25.1976,5696.05,244.853
1418,13,36,-25.087,5693.8,254.293
1419,13,37,-25.6923,5706.31,263.808
1420,13,38,-26.8034,5729.64,273.665
1421,13,39,-28.2662,5760.85,284.022
1422,13,40,-29.2282,5781.69,293.871
1423,13,41,-29.803,5794.33,303.4
1424,13,42,-29.4327,5786.07,312.787
1425,13,43,-30.1613,5802.58,322.521
1426,13,44,-31.7265,5838.58,334.26
1427,13,45,-32.8543,5864.9,344.968
1428,13,46,-34.1329,5895.16,356.289
1429,13,47,-34.0896,5894.12,365.606
1430,13,48,-33.8996,5889.49,374.949
1431,13,49,-33.5941,5881.96,384.379
1432,13,50,-34.0081,5892.31,393.972
1433,13,51,-33.4615,5878.46,403.891
1434,13,52,-32.8705,5863.29,414.015
1435,13,53,-32.9443,5865.21,423.234
1436,13,54,-32.8985,5864,432.419
1437,13,55,-32.7545,5860.16,441.649
1438,13,56,-32.53,5854.1,450.99
1439,13,57,-31.9499,5838.25,461.647
1440,13,58,-31.3537,5821.75,472.529
1441,13,59,-30.747,5804.76,483.618
1442,13,60,-30.1346,5787.41,494.894
1443,13,61,-29.0306,5755.77,511.028
1444,13,62,-27.9856,5725.46,526.38
1445,13,63,-26.9955,5696.42,541.142
1446,13,64,-25.8388,5662.1,557.772
1447,13,65,-24.9637,5635.85,571.423
1448,13,66,-24.3339,5616.74,583.257
1449,13,67,-23.9177,5603.98,593.948
1450,13,68,-23.4997,5591.02,604.725
1451,13,69,-23.0814,5577.92,615.582
1452,13,70,-23.0152,5575.82,625.298
1453,13,71,-24.1029,5610.63,643.649
1454,13,72,-25.2098,5646.42,661.92
1455,13,73,-26.1713,5677.83,678.001
1456,13,74,-26.6954,5695.12,689.865
1457,13,75,-27.429,5719.57,703.66
1458,13,76,-27.9121,5735.84,715.42
1459,13,77,-28.1731,5744.71,726.019
1460,13,78,-28.2371,5746.91,736.117
1461,13,79,-28.2584,5747.65,746.17
1462,13,80,-28.2418,5747.07,756.206
1463,13,81,-28.0672,5740.9,766.541
1464,13,82,-27.8733,5733.98,776.966
1465,13,83,-27.4279,5717.95,789.283
1466,13,84,-26.9873,5701.94,801.656
1467,13,85,-26.663,5690.05,813.025
1468,13,86,-26.2273,5673.93,825.575
1469,13,87,-25.798,5657.9,838.156
1470,13,88,-25.3753,5641.98,850.763
1471,13,89,-25.0592,5629.96,862.332
1472,13,90,-24.7423,5617.82,873.983
1473,13,91,-24.3306,5601.9,886.803
1474,13,92,-23.9264,5586.14,899.624
1475,13,93,-23.5298,5570.54,912.441
1476,13,94,-23.1408,5555.11,925.254
1477,13,95,-22.8454,5543.29,937.025
1478,13,96,-22.5514,5531.43,948.852
1479,13,97,-22.2591,5519.55,960.733
1480,13,98,-21.969,5507.65,972.663
1481,13,99,-21.6811,5495.75,984.64
1482,13,100,-21.5491,5490.25,995.258
1483,13,101,-21.4096,5484.39,1005.94
1484,13,102,-21.3368,5481.31,1016.28
1485,13,103,-21.2534,5477.75,1026.67
1486,13,104,-21.2305,5476.77,1036.89
1487,13,105,-21.1945,5475.21,1047.11
1488,13,106,-21.2809,5478.98,1057.52
1489,13,107,-21.348,5481.93,1067.83
1490,13,108,-21.3972,5484.11,1078.07
1491,13,109,-21.4299,5485.57,1088.26
1492,13,110,-21.4474,5486.36,1098.41
1493,13,111,-21.4508,5486.52,1108.54
1494,13,112,-21.4413,5486.08,1118.67
1495,13,113,-21.4199,5485.1,1128.8
1496,13,114,-21.4446,5486.24,1138.92
1497,13,115,-21.5119,5489.38,1149.23
1498,13,116,-21.6185,5494.39,1159.88
1499,13,117,-21.8692,5506.26,1173.2
1500,13,118,-22.0944,5516.99,1185.97
1501,13,119,-22.2957,5526.66,1198.27
1502,13,120,-22.4747,5535.31,1210.17
1503,13,121,-22.6327,5543,1221.74
1504,13,122,-22.7712,5549.79,1233.01
1505,14,23,-60,6280,100.355
1506,14,24,-61.8182,6310.91,109.155
1507,14,25,-56.6434,6221.21,118.784
1508,14,26,-51.6484,6132.97,128.692
1509,14,27,-44.1758,5998.46,140.885
1510,14,28,-35.7143,5843.33,154.566
1511,14,29,-29.2647,5722.94,166.674
1512,14,30,-24.2647,5627.94,177.986
1513,14,31,-20.3302,5551.87,188.812
1514,14,32,-17.193,5490.18,199.307
1515,14,33,-17.5188,5496.69,208.58
1516,14,34,-18.8312,5523.38,218.132
1517,14,35,-19.5935,5539.13,227.446
1518,14,36,-19.9605,5546.84,236.613
1519,14,37,-21.0435,5569.94,246.148
1520,14,38,-22.6154,5604,256.349
1521,14,39,-24.5128,5645.74,267.327
1522,14,40,-25.8242,5675.03,277.467
1523,14,41,-26.6831,5694.5,287.081
1524,14,42,-26.5025,5690.34,296.176
1525,14,43,-27.475,5713.04,306.143
1526,14,44,-29.3145,5756.57,318.835
1527,14,45,-30.6635,5788.95,330.058
1528,14,46,-32.1524,5825.18,341.991
1529,14,47,-32.2231,5826.92,351.194
1530,14,48,-32.1289,5824.57,360.373
1531,14,49,-31.9048,5818.89,369.603
1532,14,50,-32.4324,5832.43,379.304
1533,14,51,-31.94,5819.63,388.982
1534,14,52,-31.3968,5805.32,398.859
1535,14,53,-31.5478,5809.35,408.005
1536,14,54,-31.5679,5809.9,417.059
1537,14,55,-31.4804,5807.5,426.116
1538,14,56,-31.3047,5802.64,435.252
1539,14,57,-30.7541,5787.22,445.685
1540,14,58,-30.1845,5771.08,456.355
1541,14,59,-29.6022,5754.39,467.244
1542,14,60,-29.0125,5737.29,478.333
1543,14,61,-27.9092,5704.93,494.661
1544,14,62,-26.8673,5674.02,510.105
1545,14,63,-25.8824,5644.47,524.895
1546,14,64,-24.724,5609.33,541.672
1547,14,65,-23.8581,5582.78,555.252
1548,14,66,-23.2463,5563.81,566.922
1549,14,67,-22.855,5551.55,577.421
1550,14,68,-22.4603,5539.05,588.006
1551,14,69,-22.0643,5526.38,598.675
1552,14,70,-22.0314,5525.32,608.256
1553,14,71,-23.1905,5563.18,627.962
1554,14,72,-24.3659,5601.97,647.283
1555,14,73,-25.3876,5636.03,664.023
1556,14,74,-25.9545,5655.11,676.116
1557,14,75,-26.7357,5681.67,690.273
1558,14,76,-27.2561,5699.54,702.215
1559,14,77,-27.5458,5709.58,712.883
1560,14,78,-27.6311,5712.57,722.974
1561,14,79,-27.6714,5713.99,733.005
1562,14,80,-27.6718,5714.01,743.007
1563,14,81,-27.5089,5708.14,753.262
1564,14,82,-27.3255,5701.48,763.601
1565,14,83,-26.883,5685.26,775.803
1566,14,84,-26.4453,5669.06,788.062
1567,14,85,-26.1271,5657.18,799.322
1568,14,86,-25.6942,5640.87,811.761
1569,14,87,-25.2677,5624.67,824.232
1570,14,88,-24.8478,5608.57,836.731
1571,14,89,-24.5373,5596.56,848.192
1572,14,90,-24.2258,5584.42,859.734
1573,14,91,-23.8167,5568.32,872.451
1574,14,92,-23.4153,5552.4,885.17
1575,14,93,-23.0216,5536.65,897.887
1576,14,94,-22.6355,5521.08,910.6
1577,14,95,-22.3452,5509.28,922.265
1578,14,96,-22.0562,5497.43,933.988
1579,14,97,-21.7688,5485.55,945.765
1580,14,98,-21.4833,5473.65,957.593
1581,14,99,-21.2001,5461.76,969.467
1582,14,100,-21.076,5456.51,979.994
1583,14,101,-20.9441,5450.88,990.578
1584,14,102,-20.8801,5448.13,1000.85
1585,14,103,-20.805,5444.87,1011.16
1586,14,104,-20.7915,5444.28,1021.32
1587,14,105,-20.7643,5443.08,1031.48
1588,14,106,-20.8618,5447.41,1041.9
1589,14,107,-20.9392,5450.86,1052.21
1590,14,108,-20.998,5453.51,1062.44
1591,14,109,-21.0397,5455.4,1072.61
1592,14,110,-21.0656,5456.59,1082.73
1593,14,111,-21.077,5457.11,1092.82
1594,14,112,-21.0748,5457.01,1102.89
1595,14,113,-21.0603,5456.33,1112.96
1596,14,114,-21.0926,5457.85,1123.06
1597,14,115,-21.1681,5461.42,1133.38
1598,14,116,-21.2834,5466.92,1144.09
1599,14,117,-21.5454,5479.49,1157.68
1600,14,118,-21.781,5490.88,1170.67
1601,14,119,-21.9921,5501.15,1183.15
1602,14,120,-22.1801,5510.37,1195.19
1603,14,121,-22.3465,5518.58,1206.87
1604,14,122,-22.4928,5525.84,1218.24
1605,15,24,-44.8485,5954.55,89.7892
1606,15,25,-41.8182,5900,98.0963
1607,15,26,-38.4615,5838.46,106.864
1608,15,27,-31.8681,5715.38,119.714
1609,15,28,-23.956,5565.05,134.66
1610,15,29,-18.2143,5454.05,146.672
1611,15,30,-13.9706,5370.59,157.49
1612,15,31,-10.7843,5306.86,167.654
1613,15,32,-8.35913,5257.55,177.402
1614,15,33,-9.64912,5284.21,186.424
1615,15,34,-11.8797,5331.05,196.505
1616,15,35,-13.3766,5362.99,205.925
1617,15,36,-14.3422,5383.91,214.931
1618,15,37,-16.0079,5420.55,224.992
1619,15,38,-18.1304,5467.96,236.338
1620,15,39,-20.5385,5522.54,248.82
1621,15,40,-22.2564,5562.05,259.696
1622,15,41,-23.4432,5589.74,269.644
1623,15,42,-23.4811,5590.64,278.442
1624,15,43,-24.7291,5620.59,288.942
1625,15,44,-26.8743,5672.79,303.137
1626,15,45,-28.4677,5712.1,315.133
1627,15,46,-30.187,5755.08,327.891
1628,15,47,-30.381,5759.99,337.019
1629,15,48,-30.3896,5760.21,346.065
1630,15,49,-30.2521,5756.64,355.115
1631,15,50,-30.9009,5773.72,365.005
1632,15,51,-30.4647,5762.09,374.447
1633,15,52,-29.9705,5748.75,384.079
1634,15,53,-30.2024,5755.09,393.2
1635,15,54,-30.2908,5757.53,402.159
1636,15,55,-30.2613,5756.71,411.069
1637,15,56,-30.1353,5753.14,420.021
1638,15,57,-29.6134,5738.18,430.226
1639,15,58,-29.0698,5722.41,440.678
1640,15,59,-28.5112,5706.03,451.361
1641,15,60,-27.9433,5689.18,462.257
1642,15,61,-26.8386,5656.04,478.779
1643,15,62,-25.7979,5624.47,494.309
1644,15,63,-24.8163,5594.37,509.118
1645,15,64,-23.6543,5558.34,526.033
1646,15,65,-22.7964,5531.46,539.53
1647,15,66,-22.2018,5512.64,551.032
1648,15,67,-21.8352,5500.9,561.339
1649,15,68,-21.4637,5488.89,571.734
1650,15,69,-21.0895,5476.67,582.214
1651,15,70,-21.0902,5476.69,591.681
1652,15,71,-22.323,5517.79,612.861
1653,15,72,-23.5689,5559.73,633.255
1654,15,73,-24.6523,5596.56,650.642
1655,15,74,-25.2626,5617.52,662.966
1656,15,75,-26.092,5646.27,677.468
1657,15,76,-26.65,5665.8,689.587
1658,15,77,-26.9681,5677.04,700.332
1659,15,78,-27.0742,5680.82,710.427
1660,15,79,-27.1329,5682.94,720.45
1661,15,80,-27.1496,5683.54,730.431
1662,15,81,-26.9974,5677.96,740.62
1663,15,82,-26.8237,5671.54,750.886
1664,15,83,-26.3829,5655.08,762.976
1665,15,84,-25.947,5638.66,775.124
1666,15,85,-25.6338,5626.76,786.283
1667,15,86,-25.2026,5610.23,798.611
1668,15,87,-24.7779,5593.81,810.974
1669,15,88,-24.3599,5577.51,823.364
1670,15,89,-24.0541,5565.48,834.723
1671,15,90,-23.7471,5553.3,846.162
1672,15,91,-23.3398,5537.01,858.775
1673,15,92,-22.9404,5520.9,871.39
1674,15,93,-22.5487,5504.97,884.005
1675,15,94,-22.1648,5489.23,896.617
1676,15,95,-21.879,5477.42,908.181
1677,15,96,-21.5942,5465.55,919.803
1678,15,97,-21.311,5453.66,931.479
1679,15,98,-21.0297,5441.75,943.206
1680,15,99,-20.7504,5429.83,954.981
1681,15,100,-20.634,5424.83,965.427
1682,15,101,-20.5092,5419.42,975.928
1683,15,102,-20.4537,5416.99,986.135
1684,15,103,-20.3864,5414.04,996.373
1685,15,104,-20.3819,5413.84,1006.49
1686,15,105,-20.3631,5413,1016.6
1687,15,106,-20.4715,5417.87,1027.04
1688,15,107,-20.5589,5421.84,1037.37
1689,15,108,-20.6271,5424.95,1047.6
1690,15,109,-20.6775,5427.27,1057.75
1691,15,110,-20.7115,5428.84,1067.85
1692,15,111,-20.7303,5429.72,1077.91
1693,15,112,-20.7352,5429.95,1087.94
1694,15,113,-20.7273,5429.58,1097.97
1695,15,114,-20.7669,5431.46,1108.05
1696,15,115,-20.8503,5435.47,1118.39
1697,15,116,-20.9742,5441.45,1129.16
1698,15,117,-21.2472,5454.74,1143.02
1699,15,118,-21.4931,5466.79,1156.22
1700,15,119,-21.7137,5477.67,1168.87
1701,15,120,-21.9105,5487.45,1181.06
1702,15,121,-22.0851,5496.18,1192.85
1703,15,122,-22.2389,5503.92,1204.31
1704,16,25,-40,5860,90.1693
1705,16,26,-36.3636,5790.91,98.7543
1706,16,27,-29.021,5648.95,110.934
1707,16,28,-20.3297,5478.02,125.109
1708,16,29,-14.2857,5357.14,136.584
1709,16,30,-10,5270,146.958
1710,16,31,-6.91176,5206.18,156.73
1711,16,32,-4.65686,5158.82,166.116
1712,16,33,-6.50155,5198.18,175.366
1713,16,34,-9.29825,5258.77,185.913
1714,16,35,-11.203,5300.68,195.602
1715,16,36,-12.4675,5328.92,204.771
1716,16,37,-14.4551,5373.97,215.125
1717,16,38,-16.8972,5430.14,226.786
1718,16,39,-19.6087,5493.41,239.508
1719,16,40,-21.5385,5539.08,250.516
1720,16,41,-22.8718,5571.08,260.554
1721,16,42,-22.9548,5573.1,269.386
1722,16,43,-24.3295,5607.01,279.956
1723,16,44,-26.6502,5665.02,294.122
1724,16,45,-28.3648,5708.46,306.096
1725,16,46,-30.2016,5755.6,318.781
1726,16,47,-30.4069,5760.94,327.941
1727,16,48,-30.4144,5761.14,337.019
1728,16,49,-30.2674,5757.22,346.099
1729,16,50,-30.9524,5775.71,355.989
1730,16,51,-30.4891,5763.05,365.452
1731,16,52,-29.9668,5748.6,375.097
1732,16,53,-30.2112,5755.44,384.241
1733,16,54,-30.3036,5758.06,393.226
1734,16,55,-30.272,5757.16,402.162
1735,16,56,-30.1394,5753.31,411.139
1736,16,57,-29.5924,5737.27,421.335
1737,16,58,-29.0245,5720.42,431.766
1738,16,59,-28.4426,5702.96,442.418
1739,16,60,-27.8524,5685.06,453.27
1740,16,61,-26.7037,5649.83,469.6
1741,16,62,-25.6244,5616.37,484.954
1742,16,63,-24.6092,5584.56,499.602
1743,16,64,-23.4082,5546.53,516.305
1744,16,65,-22.5258,5518.3,529.67
1745,16,66,-21.9186,5498.66,541.09
1746,16,67,-21.5487,5486.58,551.352
1747,16,68,-21.174,5474.21,561.697
1748,16,69,-20.7966,5461.64,572.122
1749,16,70,-20.8081,5462.02,581.597
1750,16,71,-22.095,5505.78,602.849
1751,16,72,-23.3925,5550.32,623.239
1752,16,73,-24.5194,5589.39,640.605
1753,16,74,-25.1549,5611.63,652.939
1754,16,75,-26.0156,5642.04,667.419
1755,16,76,-26.5944,5662.69,679.537
1756,16,77,-26.9245,5674.57,690.293
1757,16,78,-27.0353,5678.6,700.406
1758,16,79,-27.0971,5680.86,710.445
1759,16,80,-27.1154,5681.54,720.442
1760,16,81,-26.9596,5675.72,730.64
1761,16,82,-26.7819,5669.03,740.913
1762,16,83,-26.3294,5651.83,752.974
1763,16,84,-25.8824,5634.7,765.089
1764,16,85,-25.5621,5622.31,776.232
1765,16,86,-25.1207,5605.1,788.521
1766,16,87,-24.6865,5588.02,800.841
1767,16,88,-24.2595,5571.08,813.187
1768,16,89,-23.9482,5558.63,824.519
1769,16,90,-23.6358,5546.03,835.929
1770,16,91,-23.2208,5529.15,848.488
1771,16,92,-22.814,5512.48,861.049
1772,16,93,-22.4156,5496.01,873.608
1773,16,94,-22.0253,5479.75,886.164
1774,16,95,-21.7358,5467.59,897.69
1775,16,96,-21.4476,5455.39,909.272
1776,16,97,-21.1611,5443.16,920.907
1777,16,98,-20.8765,5430.93,932.59
1778,16,99,-20.5943,5418.7,944.319
1779,16,100,-20.4788,5413.65,954.752
1780,16,101,-20.3547,5408.19,965.236
1781,16,102,-20.3015,5405.83,975.439
1782,16,103,-20.2362,5402.92,985.671
1783,16,104,-20.2349,5402.86,995.787
1784,16,105,-20.219,5402.14,1005.9
1785,16,106,-20.3329,5407.34,1016.37
1786,16,107,-20.4252,5411.59,1026.72
1787,16,108,-20.4977,5414.95,1036.96
1788,16,109,-20.552,5417.48,1047.13
1789,16,110,-20.5893,5419.23,1057.24
1790,16,111,-20.6111,5420.26,1067.31
1791,16,112,-20.6186,5420.62,1077.35
1792,16,113,-20.6128,5420.34,1087.38
1793,16,114,-20.6555,5422.41,1097.47
1794,16,115,-20.7429,5426.66,1107.83
1795,16,116,-20.8713,5432.95,1118.63
1796,16,117,-21.1517,5446.78,1132.53
1797,16,118,-21.4043,5459.33,1145.76
1798,16,119,-21.6307,5470.65,1158.44
1799,16,120,-21.8329,5480.83,1170.65
1800,16,121,-22.0122,5489.91,1182.47
1801,16,122,-22.1703,5497.98,1193.95
1802,17,26,-36.9697,5804.85,90.9536
1803,17,27,-28.1818,5629.09,102.842
1804,17,28,-18.1818,5425.76,116.398
1805,17,29,-11.5385,5288.46,127.47
1806,17,30,-7.03297,5193.85,137.531
1807,17,31,-3.92857,5127.62,147.039
1808,17,32,-1.76471,5080.74,156.194
1809,17,33,-4.16667,5133.58,165.689
1810,17,34,-7.53354,5208.77,176.557
1811,17,35,-9.82456,5260.7,186.435
1812,17,36,-11.3534,5295.86,195.734
1813,17,37,-13.6364,5349.13,206.226
1814,17,38,-16.3749,5413.95,217.96
1815,17,39,-19.3676,5485.77,230.659
1816,17,40,-21.4783,5537.13,241.649
1817,17,41,-22.9231,5572.77,251.683
1818,17,42,-23.0085,5574.91,260.557
1819,17,43,-24.4811,5612.21,271.084
1820,17,44,-26.9568,5675.75,285.042
1821,17,45,-28.7685,5722.86,296.881
1822,17,46,-30.7008,5773.74,309.39
1823,17,47,-30.8871,5778.71,318.561
1824,17,48,-30.8651,5778.12,327.664
1825,17,49,-30.6818,5773.11,336.78
1826,17,50,-31.3827,5792.5,346.616
1827,17,51,-30.8683,5778.1,356.135
1828,17,52,-30.296,5761.88,365.836
1829,17,53,-30.5358,5768.75,374.976
1830,17,54,-30.616,5771.08,383.973
1831,17,55,-30.5668,5769.64,392.933
1832,17,56,-30.4128,5765.07,401.941
1833,17,57,-29.8258,5747.46,412.19
1834,17,58,-29.2197,5729.07,422.666
1835,17,59,-28.6016,5710.12,433.352
1836,17,60,-27.9774,5690.77,444.227
1837,17,61,-26.7721,5653,460.479
1838,17,62,-25.6429,5617.24,475.744
1839,17,63,-24.5837,5583.35,490.299
1840,17,64,-23.3337,5542.93,506.85
1841,17,65,-22.4184,5513.03,520.127
1842,17,66,-21.7911,5492.33,531.502
1843,17,67,-21.4118,5479.69,541.749
1844,17,68,-21.0279,5466.76,552.073
1845,17,69,-20.6418,5453.64,562.472
1846,17,70,-20.6594,5454.24,571.965
1847,17,71,-21.9986,5500.66,593.124
1848,17,72,-23.3459,5547.82,613.391
1849,17,73,-24.5139,5589.09,630.656
1850,17,74,-25.1715,5612.54,642.966
1851,17,75,-26.0608,5644.56,657.378
1852,17,76,-26.6574,5666.24,669.466
1853,17,77,-26.9963,5678.66,680.218
1854,17,78,-27.1084,5682.81,690.342
1855,17,79,-27.1697,5685.1,700.395
1856,17,80,-27.1864,5685.73,710.406
1857,17,81,-27.0236,5679.54,720.622
1858,17,82,-26.8385,5672.45,730.912
1859,17,83,-26.3708,5654.36,742.971
1860,17,84,-25.9095,5636.37,755.08
1861,17,85,-25.5791,5623.37,766.226
1862,17,86,-25.1247,5605.35,778.5
1863,17,87,-24.6781,5587.48,790.801
1864,17,88,-24.2395,5569.8,803.125
1865,17,89,-23.9202,5556.81,814.449
1866,17,90,-23.6001,5543.69,825.847
1867,17,91,-23.175,5526.11,838.375
1868,17,92,-22.7587,5508.77,850.902
1869,17,93,-22.3513,5491.66,863.425
1870,17,94,-21.9527,5474.79,875.943
1871,17,95,-21.6577,5462.2,887.447
1872,17,96,-21.3643,5449.58,899.005
1873,17,97,-21.0727,5436.95,910.613
1874,17,98,-20.7834,5424.31,922.269
1875,17,99,-20.4966,5411.7,933.967
1876,17,100,-20.3807,5406.56,944.396
1877,17,101,-20.256,5400.99,954.875
1878,17,102,-20.2038,5398.64,965.082
1879,17,103,-20.1392,5395.71,975.314
1880,17,104,-20.1402,5395.75,985.439
1881,17,105,-20.126,5395.1,995.558
1882,17,106,-20.2445,5400.59,1006.05
1883,17,107,-20.3408,5405.09,1016.41
1884,17,108,-20.4168,5408.66,1026.67
1885,17,109,-20.4739,5411.36,1036.86
1886,17,110,-20.5137,5413.26,1046.98
1887,17,111,-20.5375,5414.4,1057.06
1888,17,112,-20.5467,5414.84,1067.11
1889,17,113,-20.5423,5414.63,1077.14
1890,17,114,-20.5873,5416.84,1087.25
1891,17,115,-20.6778,5421.3,1097.63
1892,17,116,-20.8101,5427.87,1108.44
1893,17,117,-21.0973,5442.23,1122.35
1894,17,118,-21.3558,5455.24,1135.59
1895,17,119,-21.5877,5466.99,1148.27
1896,17,120,-21.7945,5477.54,1160.49
1897,17,121,-21.978,5486.96,1172.32
1898,17,122,-22.1397,5495.31,1183.8
1899,18,27,-31.5152,5709.09,94.2317
1900,18,28,-19.0909,5448.18,107.862
1901,18,29,-11.1888,5279.6,118.853
1902,18,30,-6.04396,5168.13,128.834
1903,18,31,-2.63736,5093.19,138.275
1904,18,32,-0.357143,5042.26,147.375
1905,18,33,-3.23529,5107.5,156.988
1906,18,34,-7.10784,5196.57,167.893
1907,18,35,-9.70072,5257.07,177.794
1908,18,36,-11.4035,5297.37,187.118
1909,18,37,-13.9098,5357.52,197.549
1910,18,38,-16.8831,5429.87,209.121
1911,18,39,-20.1016,5509.26,221.579
1912,18,40,-22.332,5565.02,232.411
1913,18,41,-23.8261,5602.87,242.339
1914,18,42,-23.8462,5603.38,251.233
1915,18,43,-25.3675,5642.94,261.612
1916,18,44,-27.9609,5711.23,275.258
1917,18,45,-29.8303,5761.08,286.875
1918,18,46,-31.8227,5814.88,299.136
1919,18,47,-31.9466,5818.26,308.283
1920,18,48,-31.8548,5815.73,317.391
1921,18,49,-31.5982,5808.54,326.538
1922,18,50,-32.2861,5828.03,336.258
1923,18,51,-31.6883,5810.89,345.872
1924,18,52,-31.0364,5791.99,355.679
1925,18,53,-31.2484,5798.21,364.776
1926,18,54,-31.2945,5799.57,373.756
1927,18,55,-31.2069,5796.95,382.724
1928,18,56,-31.0121,5791.04,391.764
1929,18,57,-30.3659,5771.22,402.146
1930,18,58,-29.7038,5750.7,412.751
1931,18,59,-29.0333,5729.69,423.558
1932,18,60,-28.36,5708.37,434.544
1933,18,61,-27.0825,5667.48,450.92
1934,18,62,-25.8893,5628.91,466.244
1935,18,63,-24.7734,5592.45,480.818
1936,18,64,-23.4621,5549.18,497.329
1937,18,65,-22.5033,5517.22,510.589
1938,18,66,-21.8469,5495.12,521.964
1939,18,67,-21.4502,5481.63,532.224
1940,18,68,-21.0498,5467.89,542.557
1941,18,69,-20.648,5453.96,552.962
1942,18,70,-20.666,5454.59,562.474
1943,18,71,-22.0545,5503.65,583.422
1944,18,72,-23.4488,5553.38,603.481
1945,18,73,-24.6548,5596.79,620.59
1946,18,74,-25.3306,5621.35,632.844
1947,18,75,-26.245,5654.88,647.151
1948,18,76,-26.8556,5677.47,659.183
1949,18,77,-27.1992,5690.3,669.913
1950,18,78,-27.3083,5694.41,680.039
1951,18,79,-27.3652,5696.57,690.099
1952,18,80,-27.3762,5696.99,700.121
1953,18,81,-27.2024,5690.27,710.361
1954,18,82,-27.0061,5682.61,720.677
1955,18,83,-26.5192,5663.46,732.766
1956,18,84,-26.0396,5644.44,744.899
1957,18,85,-25.6957,5630.68,756.068
1958,18,86,-25.2247,5611.68,768.357
1959,18,87,-24.7625,5592.89,780.669
1960,18,88,-24.3092,5574.3,792.998
1961,18,89,-23.979,5560.66,804.333
1962,18,90,-23.6486,5546.89,815.739
1963,18,91,-23.2107,5528.49,828.262
1964,18,92,-22.7824,5510.36,840.779
1965,18,93,-22.3636,5492.5,853.29
1966,18,94,-21.9544,5474.9,865.792
1967,18,95,-21.6518,5461.79,877.292
1968,18,96,-21.351,5448.65,888.843
1969,18,97,-21.0525,5435.52,900.442
1970,18,98,-20.7565,5422.4,912.086
1971,18,99,-20.4634,5409.31,923.771
1972,18,100,-20.3455,5404,934.205
1973,18,101,-20.2187,5398.25,944.687
1974,18,102,-20.1661,5395.85,954.903
1975,18,103,-20.1009,5392.85,965.144
1976,18,104,-20.1028,5392.94,975.28
1977,18,105,-20.0891,5392.3,985.409
1978,18,106,-20.2111,5398.03,995.911
1979,18,107,-20.3103,5402.73,1006.29
1980,18,108,-20.3886,5406.46,1016.56
1981,18,109,-20.4476,5409.29,1026.76
1982,18,110,-20.4888,5411.28,1036.89
1983,18,111,-20.5137,5412.49,1046.98
1984,18,112,-20.5235,5412.98,1057.04
1985,18,113,-20.5195,5412.78,1067.09
1986,18,114,-20.566,5415.09,1077.21
1987,18,115,-20.6587,5419.72,1087.59
1988,18,116,-20.7941,5426.54,1098.42
1989,18,117,-21.0873,5441.39,1112.3
1990,18,118,-21.3512,5454.85,1125.52
1991,18,119,-21.5877,5466.99,1138.19
1992,18,120,-21.7985,5477.89,1150.4
1993,18,121,-21.9855,5487.61,1162.21
1994,18,122,-22.1501,5496.22,1173.69
1995,19,28,-19.3939,5455.76,99.2526
1996,19,29,-10,5249.09,110.099
1997,19,30,-4.1958,5119.46,119.963
1998,19,31,-0.549451,5036.81,129.311
1999,19,32,1.75824,4983.74,138.34
2000,19,33,-1.78571,5066.43,148.118
2001,19,34,-6.32353,5173.82,159.114
2002,19,35,-9.31373,5245.59,169.07
2003,19,36,-11.2487,5292.67,178.44
2004,19,37,-14.0351,5361.4,188.839
2005,19,38,-17.2932,5442.86,200.282
2006,19,39,-20.7792,5531.17,212.527
2007,19,40,-23.1508,5592.04,223.223
2008,19,41,-24.7036,5632.41,233.064
2009,19,42,-24.6522,5631.06,241.989
2010,19,43,-26.2308,5673.15,252.239
2011,19,44,-28.9573,5746.77,265.583
2012,19,45,-30.8913,5799.63,276.991
2013,19,46,-32.9502,5856.6,289.012
2014,19,47,-33.0049,5858.13,298.151
2015,19,48,-32.8365,5853.36,307.277
2016,19,49,-32.5,5843.71,316.467
2017,19,50,-33.1745,5863.27,326.086
2018,19,51,-32.4866,5843.09,335.801
2019,19,52,-31.7494,5821.22,345.717
2020,19,53,-31.9328,5826.72,354.786
2021,19,54,-31.9434,5827.04,363.762
2022,19,55,-31.816,5823.14,372.749
2023,19,56,-31.5789,5815.79,381.83
2024,19,57,-30.8704,5793.59,392.336
2025,19,58,-30.1501,5770.78,403.059
2026,19,59,-29.4251,5747.58,413.972
2027,19,60,-28.7011,5724.17,425.051
2028,19,61,-27.3482,5679.98,441.497
2029,19,62,-26.0888,5638.41,456.837
2030,19,63,-24.9144,5599.27,471.398
2031,19,64,-23.5399,5552.99,487.835
2032,19,65,-22.537,5518.89,501.056
2033,19,66,-21.8519,5495.37,512.419
2034,19,67,-21.4388,5481.05,522.685
2035,19,68,-21.0228,5466.49,533.02
2036,19,69,-20.6063,5451.78,543.422
2037,19,70,-20.6267,5452.5,552.955
2038,19,71,-22.069,5504.43,573.718
2039,19,72,-23.5144,5556.94,593.587
2040,19,73,-24.7619,5602.68,610.554
2041,19,74,-25.458,5628.44,622.76
2042,19,75,-26.4001,5663.61,636.972
2043,19,76,-27.0264,5687.2,648.955
2044,19,77,-27.3758,5700.48,659.669
2045,19,78,-27.4826,5704.57,669.801
2046,19,79,-27.5357,5706.63,679.87
2047,19,80,-27.5415,5706.85,689.905
2048,19,81,-27.357,5699.59,700.169
2049,19,82,-27.1497,5691.37,710.509
2050,19,83,-26.6434,5671.12,722.619
2051,19,84,-26.1455,5651.04,734.768
2052,19,85,-25.7882,5636.51,745.955
2053,19,86,-25.3006,5616.52,758.25
2054,19,87,-24.8228,5596.77,770.564
2055,19,88,-24.3548,5577.27,782.892
2056,19,89,-24.0141,5562.96,794.231
2057,19,90,-23.6735,5548.54,805.64
2058,19,91,-23.2229,5529.31,818.149
2059,19,92,-22.7827,5510.38,830.65
2060,19,93,-22.3528,5491.76,843.142
2061,19,94,-21.933,5473.43,855.622
2062,19,95,-21.6231,5459.79,867.112
2063,19,96,-21.3154,5446.15,878.652
2064,19,97,-21.0102,5432.52,890.236
2065,19,98,-20.7079,5418.91,901.864
2066,19,99,-20.4088,5405.35,913.53
2067,19,100,-20.2893,5399.9,923.968
2068,19,101,-20.1608,5393.98,934.452
2069,19,102,-20.1083,5391.55,944.675
2070,19,103,-20.043,5388.5,954.922
2071,19,104,-20.0462,5388.66,965.07
2072,19,105,-20.0335,5388.06,975.209
2073,19,106,-20.1596,5394.06,985.725
2074,19,107,-20.2622,5398.99,996.115
2075,19,108,-20.3433,5402.91,1006.4
2076,19,109,-20.4045,5405.89,1016.61
2077,19,110,-20.4476,5408,1026.76
2078,19,111,-20.4739,5409.3,1036.86
2079,19,112,-20.4848,5409.84,1046.93
2080,19,113,-20.4815,5409.68,1056.99
2081,19,114,-20.5297,5412.1,1067.12
2082,19,115,-20.6251,5416.94,1077.52
2083,19,116,-20.7639,5424.01,1088.35
2084,19,117,-21.0637,5439.4,1102.22
2085,19,118,-21.3333,5453.33,1115.43
2086,19,119,-21.5748,5465.89,1128.09
2087,19,120,-21.7901,5477.16,1140.29
2088,19,121,-21.9808,5487.2,1152.1
2089,19,122,-22.1487,5496.1,1163.58
2090,20,29,-0.606061,5004.85,99.2526
2091,20,30,4.54545,4886.36,108.582
2092,20,31,7.34266,4821.1,117.468
2093,20,32,8.79121,4786.81,126.09
2094,20,33,3.73626,4908.13,136.617
2095,20,34,-2.14286,5051.19,148.478
2096,20,35,-6.02941,5147.06,158.857
2097,20,36,-8.57843,5210.78,168.474
2098,20,37,-11.9711,5296.73,179.196
2099,20,38,-15.7895,5394.74,190.915
2100,20,39,-19.7744,5498.35,203.321
2101,20,40,-22.4675,5569.26,214.104
2102,20,41,-24.2236,5616.09,224.011
2103,20,42,-24.2095,5615.71,232.979
2104,20,43,-25.9565,5663.46,243.267
2105,20,44,-28.9231,5745.54,256.521
2106,20,45,-31.0085,5803.93,267.873
2107,20,46,-33.2112,5866.34,279.794
2108,20,47,-33.2512,5867.49,288.968
2109,20,48,-33.0542,5861.77,298.134
2110,20,49,-32.6808,5850.82,307.363
2111,20,50,-33.3871,5871.77,316.977
2112,20,51,-32.643,5849.45,326.726
2113,20,52,-31.8516,5825.45,336.665
2114,20,53,-32.0397,5831.21,345.759
2115,20,54,-32.0448,5831.37,354.764
2116,20,55,-31.9048,5826.98,363.782
2117,20,56,-31.6501,5818.92,372.892
2118,20,57,-30.9005,5794.93,383.397
2119,20,58,-30.1417,5770.4,394.103
2120,20,59,-29.3809,5745.54,404.988
2121,20,60,-28.6237,5720.56,416.026
2122,20,61,-27.2101,5673.44,432.276
2123,20,62,-25.8985,5629.28,447.44
2124,20,63,-24.6794,5587.83,461.839
2125,20,64,-23.2543,5538.9,478.063
2126,20,65,-22.2202,5503.05,491.152
2127,20,66,-21.5194,5478.53,502.435
2128,20,67,-21.1029,5463.81,512.659
2129,20,68,-20.6837,5448.86,522.948
2130,20,69,-20.2641,5433.75,533.298
2131,20,70,-20.2986,5435.01,542.843
2132,20,71,-21.8091,5490.39,563.671
2133,20,72,-23.3188,5546.25,583.529
2134,20,73,-24.6198,5594.82,600.468
2135,20,74,-25.3463,5622.19,612.683
2136,20,75,-26.326,5659.42,626.87
2137,20,76,-26.9769,5684.37,638.851
2138,20,77,-27.3401,5698.41,649.577
2139,20,78,-27.4518,5702.76,659.727
2140,20,79,-27.5076,5704.96,669.813
2141,20,80,-27.5145,5705.24,679.865
2142,20,81,-27.3249,5697.65,690.14
2143,20,82,-27.1121,5689.07,700.487
2144,20,83,-26.5911,5667.88,712.57
2145,20,84,-26.0795,5646.91,724.687
2146,20,85,-25.7134,5631.77,735.859
2147,20,86,-25.2135,5610.94,748.117
2148,20,87,-24.7242,5590.39,760.389
2149,20,88,-24.2455,5570.13,772.673
2150,20,89,-23.8982,5555.31,783.988
2151,20,90,-23.5513,5540.39,795.368
2152,20,91,-23.0915,5520.47,807.825
2153,20,92,-22.6428,5500.88,820.273
2154,20,93,-22.2051,5481.62,832.71
2155,20,94,-21.7781,5462.68,845.135
2156,20,95,-21.4641,5448.66,856.589
2157,20,96,-21.1525,5434.64,868.089
2158,20,97,-20.8437,5420.64,879.634
2159,20,98,-20.538,5406.68,891.219
2160,20,99,-20.2356,5392.77,902.841
2161,20,100,-20.1174,5387.29,913.267
2162,20,101,-19.99,5381.35,923.736
2163,20,102,-19.9404,5379.01,933.957
2164,20,103,-19.8775,5376.04,944.199
2165,20,104,-19.8847,5376.38,954.353
2166,20,105,-19.8755,5375.94,964.495
2167,20,106,-20.008,5382.34,975.036
2168,20,107,-20.1164,5387.62,985.448
2169,20,108,-20.2026,5391.84,995.756
2170,20,109,-20.2683,5395.09,1005.98
2171,20,110,-20.3153,5397.42,1016.14
2172,20,111,-20.3451,5398.91,1026.25
2173,20,112,-20.359,5399.61,1036.33
2174,20,113,-20.3583,5399.57,1046.39
2175,20,114,-20.4101,5402.22,1056.54
2176,20,115,-20.51,5407.34,1066.96
2177,20,116,-20.6541,5414.79,1077.81
2178,20,117,-20.9622,5430.81,1091.72
2179,20,118,-21.2393,5445.31,1104.97
2180,20,119,-21.4875,5458.38,1117.66
2181,20,120,-21.7088,5470.11,1129.88
2182,20,121,-21.9049,5480.57,1141.72
2183,20,122,-22.0775,5489.83,1153.21
2184,21,30,19.3939,4485.45,92.3961
2185,21,31,20,4470.91,100.338
2186,21,32,19.5804,4481.12,108.169
2187,21,33,12.0879,4665.93,121.792
2188,21,34,4.17582,4863.74,136.058
2189,21,35,-1.07143,4996.67,147.353
2190,21,36,-4.55882,5086.18,157.437
2191,21,37,-8.82353,5197.06,168.758
2192,21,38,-13.4159,5317.99,180.995
2193,21,39,-18.0702,5442.11,193.747
2194,21,40,-21.203,5526.69,204.703
2195,21,41,-23.2468,5582.55,214.722
2196,21,42,-23.3202,5584.58,223.728
2197,21,43,-25.2964,5639.92,234.106
2198,21,44,-28.5652,5732.54,247.36
2199,21,45,-30.8462,5797.92,258.711
2200,21,46,-33.2308,5867.08,270.581
2201,21,47,-33.2723,5868.29,279.795
2202,21,48,-33.0597,5861.99,288.998
2203,21,49,-32.6601,5850,298.26
2204,21,50,-33.4149,5872.9,307.891
2205,21,51,-32.621,5848.55,317.652
2206,21,52,-31.7815,5822.53,327.592
2207,21,53,-31.9853,5828.91,336.717
2208,21,54,-31.9939,5829.18,345.754
2209,21,55,-31.8487,5824.54,354.799
2210,21,56,-31.583,5815.95,363.93
2211,21,57,-30.7966,5790.26,374.403
2212,21,58,-30.0033,5764.08,385.065
2213,21,59,-29.2105,5737.65,395.892
2214,21,60,-28.424,5711.17,406.862
2215,21,61,-26.9512,5661.1,422.883
2216,21,62,-25.5895,5614.35,437.845
2217,21,63,-24.328,5570.61,452.062
2218,21,64,-22.8541,5519.03,468.058
2219,21,65,-21.7918,5481.49,481.001
2220,21,66,-21.0792,5456.08,492.19
2221,21,67,-20.6637,5441.12,502.361
2222,21,68,-20.2453,5425.92,512.591
2223,21,69,-19.8265,5410.56,522.878
2224,21,70,-19.88,5412.54,532.434
2225,21,71,-21.4661,5471.75,553.418
2226,21,72,-23.047,5531.3,573.327
2227,21,73,-24.4074,5582.99,590.276
2228,21,74,-25.1687,5612.18,602.516
2229,21,75,-26.1905,5651.69,616.699
2230,21,76,-26.8694,5678.17,628.691
2231,21,77,-27.2492,5693.1,639.435
2232,21,78,-27.3678,5697.81,649.605
2233,21,79,-27.4284,5700.23,659.709
2234,21,80,-27.4382,5700.63,669.778
2235,21,81,-27.2448,5692.77,680.059
2236,21,82,-27.0278,5683.87,690.41
2237,21,83,-26.4929,5661.76,702.455
2238,21,84,-25.9684,5639.9,714.532
2239,21,85,-25.5944,5624.2,725.682
2240,21,86,-25.083,5602.55,737.892
2241,21,87,-24.583,5581.21,750.115
2242,21,88,-24.0944,5560.2,762.348
2243,21,89,-23.7413,5544.9,773.63
2244,21,90,-23.389,5529.52,784.976
2245,21,91,-22.9209,5508.92,797.374
2246,21,92,-22.4645,5488.69,809.762
2247,21,93,-22.0196,5468.82,822.138
2248,21,94,-21.5861,5449.31,834.501
2249,21,95,-21.2688,5434.93,845.913
2250,21,96,-20.9542,5420.56,857.369
2251,21,97,-20.6425,5406.22,868.867
2252,21,98,-20.3341,5391.93,880.404
2253,21,99,-20.0292,5377.7,891.978
2254,21,100,-19.9133,5372.25,902.387
2255,21,101,-19.7877,5366.31,912.838
2256,21,102,-19.7418,5364.12,923.055
2257,21,103,-19.6822,5361.26,933.289
2258,21,104,-19.6942,5361.84,943.447
2259,21,105,-19.6893,5361.6,953.592
2260,21,106,-19.8292,5368.46,964.16
2261,21,107,-19.9442,5374.13,974.597
2262,21,108,-20.0363,5378.7,984.924
2263,21,109,-20.1073,5382.25,995.164
2264,21,110,-20.1589,5384.85,1005.34
2265,21,111,-20.1927,5386.56,1015.46
2266,21,112,-20.2102,5387.46,1025.54
2267,21,113,-20.2128,5387.59,1035.61
2268,21,114,-20.2688,5390.48,1045.77
2269,21,115,-20.3737,5395.94,1056.21
2270,21,116,-20.5236,5403.78,1067.1
2271,21,117,-20.8408,5420.49,1081.06
2272,21,118,-21.1261,5435.61,1094.35
2273,21,119,-21.3816,5449.24,1107.08
2274,21,120,-21.6094,5461.46,1119.34
2275,21,121,-21.8113,5472.36,1131.2
2276,21,122,-21.9891,5482.03,1142.73
2277,22,31,27.2727,4267.27,89.2928
2278,22,32,25.4545,4312.73,97.1529
2279,22,33,15.7343,4558.97,112.533
2280,22,34,6.04396,4807.69,127.27
2281,22,35,-0.21978,4970.55,138.654
2282,22,36,-4.28571,5077.62,148.774
2283,22,37,-9.11765,5206.47,160.002
2284,22,38,-14.2157,5344.12,172.025
2285,22,39,-19.2982,5483.04,184.488
2286,22,40,-22.6316,5575.26,195.261
2287,22,41,-24.7368,5634.21,205.159
2288,22,42,-24.6753,5632.47,214.192
2289,22,43,-26.7081,5690.74,224.406
2290,22,44,-30.1383,5790.22,237.324
2291,22,45,-32.4783,5858.86,248.437
2292,22,46,-34.9231,5931.38,260.043
2293,22,47,-34.8376,5928.82,269.25
2294,22,48,-34.4933,5918.38,278.48
2295,22,49,-33.9628,5902.11,287.799
2296,22,50,-34.6798,5924.33,297.313
2297,22,51,-33.7486,5895.16,307.21
2298,22,52,-32.7823,5864.56,317.292
2299,22,53,-32.9362,5869.48,326.383
2300,22,54,-32.8877,5867.91,335.415
2301,22,55,-32.6814,5861.18,344.485
2302,22,56,-32.3529,5850.34,353.666
2303,22,57,-31.4801,5821.24,364.298
2304,22,58,-30.6069,5791.84,375.108
2305,22,59,-29.7407,5762.39,386.07
2306,22,60,-28.8866,5733.07,397.158
2307,22,61,-27.3171,5678.66,413.299
2308,22,62,-25.8711,5628.05,428.311
2309,22,63,-24.5361,5580.88,442.541
2310,22,64,-22.984,5525.52,458.489
2311,22,65,-21.8675,5485.33,471.408
2312,22,66,-21.1199,5458.16,482.597
2313,22,67,-20.6846,5442.2,492.781
2314,22,68,-20.2475,5426.03,503.021
2315,22,69,-19.8111,5409.74,513.313
2316,22,70,-19.8673,5411.86,522.89
2317,22,71,-21.5174,5474.56,543.661
2318,22,72,-23.1584,5537.46,563.36
2319,22,73,-24.5667,5591.92,580.152
2320,22,74,-25.3507,5622.5,592.337
2321,22,75,-26.4037,5663.91,606.415
2322,22,76,-27.0996,5691.52,618.352
2323,22,77,-27.4846,5706.92,629.076
2324,22,78,-27.5992,5711.54,639.249
2325,22,79,-27.6539,5713.76,649.363
2326,22,80,-27.6563,5713.86,659.444
2327,22,81,-27.4493,5705.31,669.752
2328,22,82,-27.2184,5695.68,680.13
2329,22,83,-26.6601,5672.24,692.205
2330,22,84,-26.1137,5649.1,704.307
2331,22,85,-25.7234,5632.45,715.481
2332,22,86,-25.1923,5609.62,727.706
2333,22,87,-24.6738,5587.15,739.939
2334,22,88,-24.1679,5565.06,752.177
2335,22,89,-23.8023,5548.97,763.47
2336,22,90,-23.4381,5532.82,774.824
2337,22,91,-22.9551,5511.25,787.216
2338,22,92,-22.4849,5490.09,799.595
2339,22,93,-22.0271,5469.34,811.958
2340,22,94,-21.5815,5448.99,824.306
2341,22,95,-21.2558,5434.01,835.713
2342,22,96,-20.9331,5419.06,847.163
2343,22,97,-20.6138,5404.15,858.652
2344,22,98,-20.2981,5389.32,870.179
2345,22,99,-19.9863,5374.56,881.739
2346,22,100,-19.8685,5368.94,892.155
2347,22,101,-19.741,5362.82,902.61
2348,22,102,-19.6951,5360.6,912.837
2349,22,103,-19.6352,5357.69,923.079
2350,22,104,-19.6486,5358.35,933.251
2351,22,105,-19.6446,5358.15,943.406
2352,22,106,-19.7889,5365.32,953.988
2353,22,107,-19.9075,5371.25,964.437
2354,22,108,-20.0026,5376.03,974.777
2355,22,109,-20.0759,5379.74,985.029
2356,22,110,-20.1294,5382.47,995.213
2357,22,111,-20.1646,5384.28,1005.35
2358,22,112,-20.1832,5385.24,1015.44
2359,22,113,-20.1863,5385.4,1025.52
2360,22,114,-20.2441,5388.43,1035.69
2361,22,115,-20.3518,5394.1,1046.15
2362,22,116,-20.5053,5402.24,1057.04
2363,22,117,-20.8295,5419.52,1070.98
2364,22,118,-21.1209,5435.16,1084.25
2365,22,119,-21.3817,5449.25,1096.97
2366,22,120,-21.6141,5461.87,1109.21
2367,22,121,-21.82,5473.13,1121.07
2368,22,122,-22.0012,5483.09,1132.58
2369,23,32,33.9394,4066.67,82.8335
2370,23,33,20.9091,4405.45,102.743
2371,23,34,8.74126,4725.87,118.297
2372,23,35,1.0989,4929.67,129.835
2373,23,36,-3.73626,5060.22,140.02
2374,23,37,-9.28571,5211.9,151.185
2375,23,38,-15,5370,163.022
2376,23,39,-20.5882,5526.47,175.218
2377,23,40,-24.1486,5627.35,185.825
2378,23,41,-26.3158,5689.47,195.62
2379,23,42,-26.0902,5682.93,204.693
2380,23,43,-28.1818,5744.29,214.759
2381,23,44,-31.7899,5851.33,227.351
2382,23,45,-34.1897,5923.32,238.237
2383,23,46,-36.6957,5999.33,249.586
2384,23,47,-36.4615,5992.15,258.804
2385,23,48,-35.9658,5976.79,268.08
2386,23,49,-35.2869,5955.51,277.475
2387,23,50,-35.9606,5976.85,286.888
2388,23,51,-34.8768,5942.17,296.932
2389,23,52,-33.7709,5906.41,307.163
2390,23,53,-33.871,5909.68,316.236
2391,23,54,-33.761,5906.05,325.279
2392,23,55,-33.4893,5896.99,334.385
2393,23,56,-33.094,5883.68,343.626
2394,23,57,-32.1289,5850.87,354.41
2395,23,58,-31.1712,5817.99,365.357
2396,23,59,-30.2276,5785.28,376.437
2397,23,60,-29.303,5752.92,387.625
2398,23,61,-27.6316,5693.86,403.832
2399,23,62,-26.0976,5639.15,418.854
2400,23,63,-24.6864,5588.34,433.065
2401,23,64,-23.0532,5529.01,448.93
2402,23,65,-21.8816,5486.05,461.809
2403,23,66,-21.0994,5457.1,472.984
2404,23,67,-20.6456,5440.16,483.176
2405,23,68,-20.1912,5423.05,493.418
2406,23,69,-19.7387,5405.85,503.709
2407,23,70,-19.8003,5408.21,513.308
2408,23,71,-21.5204,5474.72,533.894
2409,23,72,-23.2269,5541.28,553.403
2410,23,73,-24.6878,5598.74,570.052
2411,23,74,-25.4973,5630.85,582.19
2412,23,75,-26.5844,5674.33,596.174
2413,23,76,-27.2994,5703.17,608.064
2414,23,77,-27.6912,5719.11,618.772
2415,23,78,-27.8025,5723.67,628.954
2416,23,79,-27.852,5725.71,639.078
2417,23,80,-27.8477,5725.53,649.175
2418,23,81,-27.6271,5716.27,659.507
2419,23,82,-27.3826,5705.92,669.911
2420,23,83,-26.8006,5681.09,682.008
2421,23,84,-26.232,5656.64,694.126
2422,23,85,-25.8257,5639.03,705.318
2423,23,86,-25.2747,5614.97,717.55
2424,23,87,-24.7378,5591.35,729.785
2425,23,88,-24.2146,5568.15,742.021
2426,23,89,-23.8367,5551.27,753.32
2427,23,90,-23.4607,5534.35,764.676
2428,23,91,-22.9631,5511.8,777.055
2429,23,92,-22.4792,5489.7,789.417
2430,23,93,-22.0087,5468.05,801.761
2431,23,94,-21.5512,5446.86,814.088
2432,23,95,-21.2175,5431.28,825.486
2433,23,96,-20.8871,5415.75,836.924
2434,23,97,-20.5605,5400.29,848.4
2435,23,98,-20.2379,5384.92,859.911
2436,23,99,-19.9196,5369.64,871.453
2437,23,100,-19.8005,5363.88,881.873
2438,23,101,-19.6714,5357.6,892.331
2439,23,102,-19.6261,5355.38,902.566
2440,23,103,-19.5664,5352.44,912.817
2441,23,104,-19.5819,5353.2,923
2442,23,105,-19.5794,5353.08,933.167
2443,23,106,-19.7287,5360.59,943.764
2444,23,107,-19.8515,5366.82,954.228
2445,23,108,-19.95,5371.84,964.582
2446,23,109,-20.0262,5375.76,974.849
2447,23,110,-20.0821,5378.64,985.046
2448,23,111,-20.1192,5380.57,995.191
2449,23,112,-20.1391,5381.61,1005.3
2450,23,113,-20.1433,5381.83,1015.39
2451,23,114,-20.2033,5385.01,1025.57
2452,23,115,-20.3142,5390.93,1036.04
2453,23,116,-20.4718,5399.38,1046.95
2454,23,117,-20.8035,5417.3,1060.87
2455,23,118,-21.1015,5433.49,1074.13
2456,23,119,-21.3681,5448.06,1086.83
2457,23,120,-21.6055,5461.12,1099.07
2458,23,121,-21.8157,5472.75,1110.92
2459,23,122,-22.0006,5483.04,1122.44
2460,24,33,21.8182,4378.18,94.5676
2461,24,34,7.27273,4770.91,109.561
2462,24,35,-1.3986,5007.93,120.778
2463,24,36,-6.59341,5151.65,130.747
2464,24,37,-12.5275,5317.8,141.56
2465,24,38,-18.5714,5489.05,152.974
2466,24,39,-24.4118,5656.47,164.728
2467,24,40,-27.9412,5758.82,175.011
2468,24,41,-29.9278,5817.1,184.561
2469,24,42,-29.2982,5798.42,193.639
2470,24,43,-31.2782,5857.82,203.422
2471,24,44,-34.9351,5968.74,215.633
2472,24,45,-37.2671,6040.26,226.189
2473,24,46,-39.7233,6116.4,237.199
2474,24,47,-39.2174,6100.55,246.401
2475,24,48,-38.4615,6076.62,255.731
2476,24,49,-37.5385,6047.08,265.242
2477,24,50,-38.0952,6065.08,274.458
2478,24,51,-36.7816,6022.17,284.792
2479,24,52,-35.468,5978.82,295.321
2480,24,53,-35.4616,5978.61,304.323
2481,24,54,-35.2419,5971.21,313.348
2482,24,55,-34.8607,5958.25,322.49
2483,24,56,-34.3583,5941,331.814
2484,24,57,-33.262,5902.99,342.923
2485,24,58,-32.1849,5865.29,354.171
2486,24,59,-31.1326,5828.11,365.524
2487,24,60,-30.1091,5791.61,376.955
2488,24,61,-28.3073,5726.74,393.544
2489,24,62,-26.6599,5666.89,408.788
2490,24,63,-25.1501,5611.53,423.133
2491,24,64,-23.4146,5547.32,439.073
2492,24,65,-22.17,5500.85,451.995
2493,24,66,-21.338,5469.51,463.208
2494,24,67,-20.8527,5451.07,473.434
2495,24,68,-20.3689,5432.53,483.708
2496,24,69,-19.889,5413.97,494.027
2497,24,70,-19.9468,5416.22,503.643
2498,24,71,-21.7325,5486.46,523.958
2499,24,72,-23.5,5556.57,543.218
2500,24,73,-25.0084,5616.91,559.681
2501,24,74,-25.8371,5650.33,571.743
2502,24,75,-26.953,5695.71,585.601
2503,24,76,-27.681,5725.56,597.417
2504,24,77,-28.0732,5741.77,608.091
2505,24,78,-28.1746,5746,618.27
2506,24,79,-28.2126,5747.59,628.399
2507,24,80,-28.1955,5746.87,638.504
2508,24,81,-27.9553,5736.62,648.87
2509,24,82,-27.6914,5725.27,659.308
2510,24,83,-27.0797,5698.77,671.465
2511,24,84,-26.4833,5672.72,683.634
2512,24,85,-26.0558,5653.91,694.867
2513,24,86,-25.48,5628.39,707.14
2514,24,87,-24.9199,5603.37,719.409
2515,24,88,-24.375,5578.85,731.674
2516,24,89,-23.9808,5560.98,742.999
2517,24,90,-23.5893,5543.1,754.379
2518,24,91,-23.0733,5519.36,766.773
2519,24,92,-22.5722,5496.14,779.146
2520,24,93,-22.0856,5473.43,791.498
2521,24,94,-21.613,5451.22,803.827
2522,24,95,-21.2682,5434.91,815.234
2523,24,96,-20.9274,5418.66,826.679
2524,24,97,-20.5909,5402.51,838.159
2525,24,98,-20.2589,5386.46,849.671
2526,24,99,-19.9316,5370.53,861.214
2527,24,100,-19.8091,5364.53,871.646
2528,24,101,-19.6765,5357.99,882.114
2529,24,102,-19.63,5355.68,892.362
2530,24,103,-19.5687,5352.61,902.625
2531,24,104,-19.5845,5353.41,912.821
2532,24,105,-19.5819,5353.27,923
2533,24,106,-19.7347,5361.07,933.604
2534,24,107,-19.8603,5367.52,944.075
2535,24,108,-19.9609,5372.71,954.438
2536,24,109,-20.0387,5376.76,964.714
2537,24,110,-20.0955,5379.73,974.921
2538,24,111,-20.1331,5381.71,985.076
2539,24,112,-20.1532,5382.78,995.196
2540,24,113,-20.1572,5382.99,1005.29
2541,24,114,-20.2182,5386.26,1015.49
2542,24,115,-20.3312,5392.37,1025.96
2543,24,116,-20.4918,5401.09,1036.87
2544,24,117,-20.8301,5419.59,1050.75
2545,24,118,-21.1338,5436.29,1063.97
2546,24,119,-21.4053,5451.31,1076.65
2547,24,120,-21.6469,5464.76,1088.86
2548,24,121,-21.8605,5476.72,1100.69
2549,24,122,-22.0482,5487.3,1112.19
2550,25,34,-2.42424,5071.52,98.4913
2551,25,35,-10.9091,5309.09,109.017
2552,25,36,-15.3846,5435.9,118.395
2553,25,37,-20.8791,5593.41,128.577
2554,25,38,-26.5934,5759.12,139.403
2555,25,39,-32.1429,5921.9,150.624
2556,25,40,-35.1471,6011.03,160.328
2557,25,41,-36.5196,6052.21,169.348
2558,25,42,-35.0877,6008.77,178.427
2559,25,43,-36.6667,6057.19,187.671
2560,25,44,-40.1504,6165.19,199.597
2561,25,45,-42.2078,6229.65,209.664
2562,25,46,-44.4382,6300.28,220.246
2563,25,47,-43.4783,6269.57,229.445
2564,25,48,-42.3043,6231.61,238.942
2565,25,49,-41,6189,248.763
2566,25,50,-41.3333,6200,257.598
2567,25,51,-39.6825,6144.97,268.676
2568,25,52,-38.0679,6090.61,279.929
2569,25,53,-37.8818,6084.29,288.779
2570,25,54,-37.4861,6070.7,297.758
2571,25,55,-36.9355,6051.61,306.963
2572,25,56,-36.272,6028.39,316.456
2573,25,57,-34.9933,5983.21,328.305
2574,25,58,-33.751,5938.9,340.217
2575,25,59,-32.549,5895.63,352.16
2576,25,60,-31.39,5853.52,364.109
2577,25,61,-29.4215,5781.34,381.669
2578,25,62,-27.6288,5715.01,397.495
2579,25,63,-25.9919,5653.9,412.221
2580,25,64,-24.1276,5583.68,428.48
2581,25,65,-22.7875,5532.75,441.568
2582,25,66,-21.8864,5498.21,452.883
2583,25,67,-21.3531,5477.59,463.171
2584,25,68,-20.8245,5456.98,473.507
2585,25,69,-20.303,5436.46,483.885
2586,25,70,-20.3454,5438.14,493.507
2587,25,71,-22.1901,5511.93,513.529
2588,25,72,-24.0122,5585.42,532.526
2589,25,73,-25.5612,5648.42,548.784
2590,25,74,-26.401,5682.85,560.741
2591,25,75,-27.5385,5729.86,574.451
2592,25,76,-28.272,5760.43,586.168
2593,25,77,-28.6567,5776.58,596.786
2594,25,78,-28.7402,5780.12,606.948
2595,25,79,-28.759,5780.92,617.069
2596,25,80,-28.7218,5779.32,627.176
2597,25,81,-28.4548,5767.75,637.581
2598,25,82,-28.1645,5755.08,648.066
2599,25,83,-27.5161,5726.55,660.329
2600,25,84,-26.8852,5698.58,672.596
2601,25,85,-26.4305,5678.27,683.896
2602,25,86,-25.8241,5650.98,696.251
2603,25,87,-25.2352,5624.28,708.595
2604,25,88,-24.6635,5598.17,720.926
2605,25,89,-24.2483,5579.07,732.3
2606,25,90,-23.8368,5560.01,743.727
2607,25,91,-23.2979,5534.86,756.172
2608,25,92,-22.7755,5510.31,768.588
2609,25,93,-22.2689,5486.33,780.977
2610,25,94,-21.7776,5462.91,793.34
2611,25,95,-21.4185,5445.67,804.775
2612,25,96,-21.0641,5428.54,816.245
2613,25,97,-20.7146,5411.53,827.749
2614,25,98,-20.3702,5394.66,839.283
2615,25,99,-20.0313,5377.94,850.844
2616,25,100,-19.9029,5371.57,861.293
2617,25,101,-19.7644,5364.64,871.779
2618,25,102,-19.7145,5362.12,882.042
2619,25,103,-19.6495,5358.83,892.32
2620,25,104,-19.6636,5359.55,902.526
2621,25,105,-19.659,5359.32,912.717
2622,25,106,-19.8137,5367.31,923.317
2623,25,107,-19.9404,5373.9,933.787
2624,25,108,-20.0415,5379.19,944.15
2625,25,109,-20.1192,5383.28,954.429
2626,25,110,-20.1755,5386.26,964.64
2627,25,111,-20.2121,5388.22,974.802
2628,25,112,-20.2309,5389.22,984.93
2629,25,113,-20.2332,5389.35,995.038
2630,25,114,-20.2939,5392.65,1005.24
2631,25,115,-20.4077,5398.87,1015.7
2632,25,116,-20.5701,5407.8,1026.59
2633,25,117,-20.914,5426.83,1040.41
2634,25,118,-21.2224,5444,1053.58
2635,25,119,-21.4978,5459.42,1066.21
2636,25,120,-21.7424,5473.2,1078.39
2637,25,121,-21.9585,5485.44,1090.18
2638,25,122,-22.1481,5496.25,1101.65
2639,26,35,-20,5600,98.1928
2640,26,36,-23.6364,5705.45,107.1
2641,26,37,-28.6713,5853.15,116.678
2642,26,38,-34.0659,6013.19,126.886
2643,26,39,-39.3407,6171.43,137.521
2644,26,40,-41.7857,6245.6,146.672
2645,26,41,-42.5,6267.5,155.255
2646,26,42,-40.1961,6196.08,164.668
2647,26,43,-41.3829,6233.26,173.438
2648,26,44,-44.7368,6339.47,185.009
2649,26,45,-46.5414,6397.22,194.585
2650,26,46,-48.5714,6462.86,204.717
2651,26,47,-47.1485,6416.37,214.201
2652,26,48,-45.5534,6363.74,224.152
2653,26,49,-43.8696,6307.61,234.535
2654,26,50,-44,6312,243.117
2655,26,51,-42.0171,6244.58,255.102
2656,26,52,-40.1099,6179.1,267.127
2657,26,53,-39.7646,6167.13,275.956
2658,26,54,-39.2118,6147.78,285.009
2659,26,55,-38.5095,6122.97,294.375
2660,26,56,-37.7016,6094.15,304.101
2661,26,57,-36.2537,6042.03,316.547
2662,26,58,-34.8596,5991.38,328.947
2663,26,59,-33.5218,5942.32,341.286
2664,26,60,-32.2409,5894.93,353.557
2665,26,61,-30.1158,5815.59,371.539
2666,26,62,-28.1887,5743.01,387.574
2667,26,63,-26.4362,5676.41,402.41
2668,26,64,-24.4534,5600.4,418.701
2669,26,65,-23.03,5545.37,431.809
2670,26,66,-22.0732,5508.05,443.148
2671,26,67,-21.5056,5485.72,453.465
2672,26,68,-20.9453,5463.5,463.824
2673,26,69,-20.3946,5441.47,474.223
2674,26,70,-20.4348,5443.09,483.867
2675,26,71,-22.3558,5521.21,503.639
2676,26,72,-24.2484,5598.81,522.402
2677,26,73,-25.8521,5665.1,538.487
2678,26,74,-26.7143,5701.02,550.379
2679,26,75,-27.8848,5750.18,563.973
2680,26,76,-28.6335,5781.88,575.627
2681,26,77,-29.019,5798.33,586.22
2682,26,78,-29.0921,5801.47,596.387
2683,26,79,-29.0985,5801.75,606.518
2684,26,80,-29.0476,5799.52,616.64
2685,26,81,-28.7594,5786.84,627.08
2686,26,82,-28.4483,5773.05,637.6
2687,26,83,-27.7677,5742.65,649.911
2688,26,84,-27.107,5712.92,662.219
2689,26,85,-26.6296,5691.28,673.553
2690,26,86,-25.9968,5662.38,685.937
2691,26,87,-25.3834,5634.16,698.303
2692,26,88,-24.7888,5606.61,710.65
2693,26,89,-24.3567,5586.45,722.043
2694,26,90,-23.9292,5566.35,733.485
2695,26,91,-23.3713,5539.95,745.933
2696,26,92,-22.831,5514.2,758.348
2697,26,93,-22.3079,5489.08,770.733
2698,26,94,-21.8012,5464.6,783.087
2699,26,95,-21.4312,5446.59,794.523
2700,26,96,-21.0664,5428.71,805.993
2701,26,97,-20.7071,5410.99,817.493
2702,26,98,-20.3536,5393.43,829.021
2703,26,99,-20.0059,5376.05,840.574
2704,26,100,-19.8748,5369.45,851.032
2705,26,101,-19.7334,5362.28,861.526
2706,26,102,-19.6829,5359.71,871.8
2707,26,103,-19.6171,5356.33,882.088
2708,26,104,-19.6324,5357.12,892.308
2709,26,105,-19.6285,5356.91,902.511
2710,26,106,-19.7877,5365.25,913.122
2711,26,107,-19.9182,5372.12,923.603
2712,26,108,-20.0222,5377.64,933.979
2713,26,109,-20.1023,5381.9,944.269
2714,26,110,-20.1603,5385.01,954.493
2715,26,111,-20.1981,5387.06,964.667
2716,26,112,-20.2176,5388.12,974.807
2717,26,113,-20.2203,5388.27,984.926
2718,26,114,-20.2826,5391.69,995.135
2719,26,115,-20.3992,5398.15,1005.61
2720,26,116,-20.5654,5407.39,1016.5
2721,26,117,-20.9169,5427.08,1030.3
2722,26,118,-21.2318,5444.82,1043.44
2723,26,119,-21.5128,5460.74,1056.05
2724,26,120,-21.7623,5474.97,1068.21
2725,26,121,-21.9825,5487.59,1079.99
2726,26,122,-22.1755,5498.72,1091.45
2727,27,36,-36.3636,6125.45,92.6902
2728,27,37,-40,6234.55,101.336
2729,27,38,-44.4056,6368.18,110.707
2730,27,39,-48.9011,6506.04,120.651
2731,27,40,-50.3297,6550.33,128.922
2732,27,41,-50,6540,136.877
2733,27,42,-46.4706,6428.24,147.733
2734,27,43,-47.0588,6447.06,155.813
2735,27,44,-50.1548,6547.16,167.202
2736,27,45,-51.5789,6593.68,176.112
2737,27,46,-53.3083,6650.75,185.701
2738,27,47,-51.2987,6583.77,196.201
2739,27,48,-49.1813,6512.48,207.351
2740,27,49,-47.0356,6439.53,218.943
2741,27,50,-46.913,6435.32,227.266
2742,27,51,-44.5385,6353,240.819
2743,27,52,-42.2906,6274.32,254.005
2744,27,53,-41.7582,6255.51,262.874
2745,27,54,-41.0235,6229.31,272.081
2746,27,55,-40.1478,6197.78,281.701
2747,27,56,-39.1769,6162.51,291.754
2748,27,57,-37.5403,6102.5,304.915
2749,27,58,-35.9787,6044.72,317.861
2750,27,59,-34.492,5989.22,330.62
2751,27,60,-33.0787,5935.98,343.214
2752,27,61,-30.7843,5848.8,361.569
2753,27,62,-28.713,5769.4,377.771
2754,27,63,-26.8374,5696.87,392.682
2755,27,64,-24.7292,5614.65,408.97
2756,27,65,-23.2186,5555.24,422.078
2757,27,66,-22.2045,5515.01,433.429
2758,27,67,-21.6028,5490.94,443.767
2759,27,68,-21.0113,5467.08,454.144
2760,27,69,-20.4319,5443.52,464.556
2761,27,70,-20.4722,5445.17,474.223
2762,27,71,-22.4769,5528.04,493.766
2763,27,72,-24.4465,5610.1,512.31
2764,27,73,-26.1101,5679.97,528.232
2765,27,74,-26.9974,5717.54,540.067
2766,27,75,-28.2041,5769.02,553.553
2767,27,76,-28.97,5801.95,565.151
2768,27,77,-29.3575,5818.75,575.725
2769,27,78,-29.4203,5821.49,585.9
2770,27,79,-29.4146,5821.24,596.044
2771,27,80,-29.3501,5818.38,606.183
2772,27,81,-29.0404,5804.55,616.656
2773,27,82,-28.7081,5789.59,627.211
2774,27,83,-27.9946,5757.24,639.562
2775,27,84,-27.3032,5725.67,651.901
2776,27,85,-26.803,5702.67,663.264
2777,27,86,-26.1434,5672.1,675.668
2778,27,87,-25.505,5642.31,688.047
2779,27,88,-24.8873,5613.28,700.403
2780,27,89,-24.4384,5592.03,711.809
2781,27,90,-23.995,5570.89,723.261
2782,27,91,-23.4178,5543.19,735.704
2783,27,92,-22.8598,5516.22,748.111
2784,27,93,-22.3202,5489.96,760.484
2785,27,94,-21.7983,5464.39,772.824
2786,27,95,-21.4176,5445.6,784.257
2787,27,96,-21.0428,5426.99,795.72
2788,27,97,-20.674,5408.55,807.212
2789,27,98,-20.3116,5390.31,818.73
2790,27,99,-19.9556,5372.27,830.271
2791,27,100,-19.8223,5365.47,840.736
2792,27,101,-19.6785,5358.09,851.235
2793,27,102,-19.6282,5355.49,861.52
2794,27,103,-19.562,5352.05,871.818
2795,27,104,-19.5792,5352.95,882.05
2796,27,105,-19.5764,5352.8,892.266
2797,27,106,-19.741,5361.52,902.89
2798,27,107,-19.8758,5368.71,913.386
2799,27,108,-19.9835,5374.49,923.775
2800,27,109,-20.0663,5378.97,934.078
2801,27,110,-20.1266,5382.24,944.315
2802,27,111,-20.1661,5384.4,954.502
2803,27,112,-20.1868,5385.54,964.654
2804,27,113,-20.1903,5385.73,974.785
2805,27,114,-20.2547,5389.32,985.006
2806,27,115,-20.3745,5396.03,995.491
2807,27,116,-20.5449,5405.63,1006.39
2808,27,117,-20.9046,5426.01,1020.16
2809,27,118,-21.2267,5444.37,1033.29
2810,27,119,-21.5138,5460.83,1045.89
2811,27,120,-21.7686,5475.52,1058.03
2812,27,121,-21.9933,5488.56,1069.81
2813,27,122,-22.19,5500.03,1081.26
2814,28,37,-50.303,6584.85,86.5592
2815,28,38,-53.6364,6688.18,94.9569
2816,28,39,-57.3427,6804.31,104.106
2817,28,40,-57.6923,6815.38,111.51
2818,28,41,-56.2637,6769.67,119.352
2819,28,42,-51.4286,6613.33,133.522
2820,28,43,-51.4706,6614.71,141.16
2821,28,44,-54.4118,6711.76,152.244
2822,28,45,-55.5212,6748.74,160.548
2823,28,46,-57.0175,6799.12,169.585
2824,28,47,-54.4361,6711.35,181.799
2825,28,48,-51.8182,6621.47,194.421
2826,28,49,-49.2377,6532.02,207.164
2827,28,50,-48.913,6520.65,215.45
2828,28,51,-46.1739,6423.87,230.067
2829,28,52,-43.6154,6332.62,243.894
2830,28,53,-42.9402,6308.31,252.864
2831,28,54,-42.0635,6276.46,262.218
2832,28,55,-41.0509,6239.33,272.013
2833,28,56,-39.9507,6198.62,282.246
2834,28,57,-38.1535,6131.52,295.63
2835,28,58,-36.4516,6067.42,308.707
2836,28,59,-34.8424,6006.27,321.533
2837,28,60,-33.3222,5947.99,334.15
2838,28,61,-30.8785,5853.51,352.356
2839,28,62,-28.6835,5767.9,368.405
2840,28,63,-26.7053,5690.09,383.171
2841,28,64,-24.4903,5602.23,399.254
2842,28,65,-22.9128,5539.13,412.244
2843,28,66,-21.8623,5496.76,423.531
2844,28,67,-21.2477,5471.76,433.843
2845,28,68,-20.6446,5447.04,444.188
2846,28,69,-20.0551,5422.67,454.564
2847,28,70,-20.1148,5425.16,464.252
2848,28,71,-22.2269,5513.87,483.771
2849,28,72,-24.2951,5601.42,502.238
2850,28,73,-26.0376,5675.77,518.093
2851,28,74,-26.9658,5715.68,529.922
2852,28,75,-28.2241,5770.21,543.362
2853,28,76,-29.0204,5804.98,554.948
2854,28,77,-29.4214,5822.62,565.53
2855,28,78,-29.4842,5825.41,575.724
2856,28,79,-29.4758,5825.03,585.888
2857,28,80,-29.4065,5821.92,596.047
2858,28,81,-29.0833,5807.26,606.538
2859,28,82,-28.7374,5791.46,617.106
2860,28,83,-27.9973,5757.42,629.439
2861,28,84,-27.2816,5724.26,641.756
2862,28,85,-26.7649,5700.15,653.111
2863,28,86,-26.0842,5668.15,665.483
2864,28,87,-25.4265,5637.02,677.829
2865,28,88,-24.7911,5606.74,690.148
2866,28,89,-24.3308,5584.64,701.534
2867,28,90,-23.8767,5562.7,712.963
2868,28,91,-23.2853,5533.91,725.36
2869,28,92,-22.7142,5505.93,737.72
2870,28,93,-22.1626,5478.72,750.044
2871,28,94,-21.6298,5452.25,762.334
2872,28,95,-21.2429,5432.91,773.736
2873,28,96,-20.8623,5413.75,785.166
2874,28,97,-20.4881,5394.79,796.623
2875,28,98,-20.1207,5376.06,808.103
2876,28,99,-19.7601,5357.54,819.606
2877,28,100,-19.6285,5350.75,830.063
2878,28,101,-19.4861,5343.34,840.553
2879,28,102,-19.4395,5340.9,850.84
2880,28,103,-19.3766,5337.59,861.137
2881,28,104,-19.399,5338.78,871.38
2882,28,105,-19.4009,5338.87,881.603
2883,28,106,-19.574,5348.17,892.254
2884,28,107,-19.7164,5355.85,902.772
2885,28,108,-19.8306,5362.06,913.182
2886,28,109,-19.9192,5366.91,923.503
2887,28,110,-19.9845,5370.49,933.755
2888,28,111,-20.0283,5372.92,943.955
2889,28,112,-20.0528,5374.28,954.117
2890,28,113,-20.0594,5374.66,964.256
2891,28,114,-20.1283,5378.54,974.494
2892,28,115,-20.2538,5385.65,985.001
2893,28,116,-20.4307,5395.73,995.928
2894,28,117,-20.8009,5416.96,1009.73
2895,28,118,-21.1323,5436.07,1022.88
2896,28,119,-21.4278,5453.2,1035.5
2897,28,120,-21.6899,5468.49,1047.66
2898,28,121,-21.921,5482.05,1059.45
2899,28,122,-22.1235,5494,1070.92
2900,29,38,-59.3939,6889.7,84.3194
2901,29,39,-62.7273,6996.36,92.7439
2902,29,40,-62.2378,6980.54,99.911
2903,29,41,-59.8901,6903.85,108.326
2904,29,42,-53.8462,6704.4,124.453
2905,29,43,-53.5714,6695.24,132.088
2906,29,44,-56.6176,6797.79,142.693
2907,29,45,-57.598,6831.13,150.745
2908,29,46,-59.0299,6880.29,159.436
2909,29,47,-55.9649,6774.04,172.482
2910,29,48,-52.9323,6667.89,185.583
2911,29,49,-50,6564.29,198.556
2912,29,50,-49.5765,6549.18,206.907
2913,29,51,-46.5415,6439.92,221.542
2914,29,52,-43.7391,6338.1,235.283
2915,29,53,-43,6311,244.288
2916,29,54,-42.0513,6275.9,253.656
2917,29,55,-40.9646,6235.33,263.437
2918,29,56,-39.792,6191.16,273.624
2919,29,57,-37.8818,6118.57,286.819
2920,29,58,-36.0845,6049.68,299.703
2921,29,59,-34.3952,5984.35,312.337
2922,29,60,-32.8079,5922.45,324.764
2923,29,61,-30.2473,5821.74,342.597
2924,29,62,-27.9603,5731.02,358.347
2925,29,63,-25.9104,5649.02,372.859
2926,29,64,-23.6165,5556.5,388.663
2927,29,65,-22.0009,5490.8,401.461
2928,29,66,-20.9432,5447.43,412.613
2929,29,67,-20.3441,5422.67,422.839
2930,29,68,-19.7561,5398.17,433.092
2931,29,69,-19.1812,5374.02,443.371
2932,29,70,-19.2853,5378.43,453.062
2933,29,71,-21.5343,5474.39,472.952
2934,29,72,-23.728,5568.72,491.611
2935,29,73,-25.5731,5648.67,507.559
2936,29,74,-26.5618,5691.85,519.447
2937,29,75,-27.8908,5750.32,532.932
2938,29,76,-28.7343,5787.72,544.556
2939,29,77,-29.1633,5806.88,555.17
2940,29,78,-29.2389,5810.28,565.385
2941,29,79,-29.2398,5810.32,575.566
2942,29,80,-29.177,5807.45,585.738
2943,29,81,-28.8502,5792.42,596.22
2944,29,82,-28.5001,5776.2,606.775
2945,29,83,-27.7417,5740.81,619.041
2946,29,84,-27.0096,5706.4,631.289
2947,29,85,-26.4843,5681.54,642.598
2948,29,86,-25.7898,5648.43,654.896
2949,29,87,-25.1198,5616.27,667.167
2950,29,88,-24.4735,5585.03,679.41
2951,29,89,-24.0085,5562.4,690.744
2952,29,90,-23.5501,5539.94,702.118
2953,29,91,-22.9503,5510.35,714.434
2954,29,92,-22.3718,5481.62,726.714
2955,29,93,-21.8138,5453.72,738.957
2956,29,94,-21.2754,5426.62,751.167
2957,29,95,-20.8875,5406.97,762.509
2958,29,96,-20.5062,5387.52,773.879
2959,29,97,-20.1315,5368.29,785.273
2960,29,98,-19.7638,5349.29,796.69
2961,29,99,-19.4031,5330.53,808.127
2962,29,100,-19.2778,5323.97,818.559
2963,29,101,-19.1411,5316.77,829.018
2964,29,102,-19.1026,5314.73,839.293
2965,29,103,-19.0469,5311.76,849.575
2966,29,104,-19.0786,5313.46,859.819
2967,29,105,-19.0888,5314.01,870.04
2968,29,106,-19.2744,5324.1,880.729
2969,29,107,-19.4279,5332.49,891.278
2970,29,108,-19.5523,5339.33,901.712
2971,29,109,-19.65,5344.74,912.052
2972,29,110,-19.7233,5348.82,922.318
2973,29,111,-19.7746,5351.69,932.526
2974,29,112,-19.8056,5353.44,942.692
2975,29,113,-19.8183,5354.15,952.83
2976,29,114,-19.8943,5358.49,963.084
2977,29,115,-20.0281,5366.16,973.622
2978,29,116,-20.2142,5376.89,984.595
2979,29,117,-20.5975,5399.13,998.495
2980,29,118,-20.9409,5419.15,1011.73
2981,29,119,-21.247,5437.11,1024.41
2982,29,120,-21.5187,5453.15,1036.63
2983,29,121,-21.7585,5467.37,1048.47
2984,29,122,-21.9687,5479.91,1059.98
2985,30,39,-67.8788,7181.82,82.3868
2986,30,40,-66.3636,7131.82,89.6507
2987,30,41,-62.9371,7017.6,98.9512
2988,30,42,-55.4945,6767.03,116.286
2989,30,43,-54.9451,6748.35,124.004
2990,30,44,-58.2143,6860.6,134.224
2991,30,45,-59.1176,6891.91,142.164
2992,30,46,-60.5392,6941.67,150.629
2993,30,47,-56.9659,6815.41,164.095
2994,30,48,-53.5088,6692.11,177.316
2995,30,49,-50.2256,6573.91,190.245
2996,30,50,-49.7403,6556.28,198.65
2997,30,51,-46.4145,6434.33,213.062
2998,30,52,-43.3794,6322.04,226.562
2999,30,53,-42.6087,6293.26,235.563
3000,30,54,-41.6154,6255.85,244.893
3001,30,55,-40.4786,6212.65,254.599
3002,30,56,-39.2552,6165.75,264.679
3003,30,57,-37.2469,6088.1,277.615
3004,30,58,-35.3695,6014.88,290.252
3005,30,59,-33.6151,5945.87,302.65
3006,30,60,-31.9758,5880.85,314.851
3007,30,61,-29.3072,5774.1,332.319
3008,30,62,-26.9385,5678.57,347.768
3009,30,63,-24.8281,5592.74,362.018
3010,30,64,-22.465,5495.85,377.548
3011,30,65,-20.8237,5428.01,390.138
3012,30,66,-19.7724,5384.21,401.134
3013,30,67,-19.2034,5360.31,411.251
3014,30,68,-18.6437,5336.62,421.391
3015,30,69,-18.0957,5313.24,431.552
3016,30,70,-18.2578,5320.21,441.244
3017,30,71,-20.6628,5424.43,461.711
3018,30,72,-22.9991,5526.44,480.683
3019,30,73,-24.9612,5612.78,496.793
3020,30,74,-26.0211,5659.76,508.762
3021,30,75,-27.4314,5722.76,522.326
3022,30,76,-28.3302,5763.21,534.005
3023,30,77,-28.794,5784.23,544.657
3024,30,78,-28.8878,5788.51,554.893
3025,30,79,-28.9028,5789.2,565.09
3026,30,80,-28.8507,5786.79,575.272
3027,30,81,-28.5239,5771.54,585.739
3028,30,82,-28.1729,5755.04,596.273
3029,30,83,-27.3985,5718.39,608.46
3030,30,84,-26.6522,5682.81,620.627
3031,30,85,-26.121,5657.31,631.883
3032,30,86,-25.4148,5623.18,644.097
3033,30,87,-24.7347,5590.08,656.282
3034,30,88,-24.0795,5557.98,668.44
3035,30,89,-23.6121,5534.92,679.713
3036,30,90,-23.1518,5512.06,691.025
3037,30,91,-22.5454,5481.74,703.252
3038,30,92,-21.9614,5452.34,715.443
3039,30,93,-21.3988,5423.84,727.599
3040,30,94,-20.8566,5396.19,739.721
3041,30,95,-20.4697,5376.32,750.997
3042,30,96,-20.0894,5356.68,762.298
3043,30,97,-19.716,5337.26,773.623
3044,30,98,-19.3497,5318.09,784.969
3045,30,99,-18.9905,5299.17,796.334
3046,30,100,-18.8732,5292.96,806.734
3047,30,101,-18.744,5286.06,817.158
3048,30,102,-18.7153,5284.52,827.418
3049,30,103,-18.6686,5282.01,837.679
3050,30,104,-18.7112,5284.32,847.925
3051,30,105,-18.7314,5285.42,858.14
3052,30,106,-18.9311,5296.4,868.873
3053,30,107,-19.0974,5305.6,879.457
3054,30,108,-19.2332,5313.17,889.919
3055,30,109,-19.3413,5319.22,900.279
3056,30,110,-19.4241,5323.89,910.559
3057,30,111,-19.4839,5327.27,920.775
3058,30,112,-19.5227,5329.48,930.944
3059,30,113,-19.5424,5330.61,941.079
3060,30,114,-19.6267,5335.48,951.349
3061,30,115,-19.7698,5343.78,961.923
3062,30,116,-19.9661,5355.23,972.95
3063,30,117,-20.3638,5378.56,986.972
3064,30,118,-20.7201,5399.58,1000.3
3065,30,119,-21.038,5418.44,1013.07
3066,30,120,-21.3203,5435.28,1025.36
3067,30,121,-21.5696,5450.24,1037.26
3068,30,122,-21.7884,5463.44,1048.82
3069,31,40,-69.0909,7232.73,81.6496
3070,31,41,-64.5455,7078.18,91.4445
3071,31,42,-55.5944,6770.86,108.534
3072,31,43,-54.9451,6748.35,116.339
3073,31,44,-58.6813,6879.12,126.419
3074,31,45,-59.6429,6913.1,134.383
3075,31,46,-61.1765,6967.79,142.796
3076,31,47,-57.1078,6821.32,156.15
3077,31,48,-53.2508,6681.18,169.134
3078,31,49,-49.6491,6549.12,181.778
3079,31,50,-49.1729,6531.5,190.203
3080,31,51,-45.5844,6397.53,204.22
3081,31,52,-42.349,6275.66,217.37
3082,31,53,-41.6008,6247.23,226.315
3083,31,54,-40.6087,6209.2,235.544
3084,31,55,-39.4615,6164.85,245.11
3085,31,56,-38.2222,6116.51,255.017
3086,31,57,-36.1416,6034.68,267.652
3087,31,58,-34.2091,5958.02,280.006
3088,31,59,-32.4138,5886.21,292.136
3089,31,60,-30.7453,5818.91,304.082
3090,31,61,-27.9839,5706.61,321.243
3091,31,62,-25.5499,5606.82,336.413
3092,31,63,-23.3957,5517.78,350.406
3093,31,64,-20.9778,5417.04,365.685
3094,31,65,-19.3277,5347.73,378.053
3095,31,66,-18.3012,5304.27,388.865
3096,31,67,-17.7809,5282.08,398.847
3097,31,68,-17.2667,5259.96,408.847
3098,31,69,-16.7611,5238.06,418.862
3099,31,70,-16.9981,5248.41,428.554
3100,31,71,-19.5819,5362.09,449.905
3101,31,72,-22.0809,5472.88,469.362
3102,31,73,-24.177,5566.51,485.722
3103,31,74,-25.3206,5617.97,497.803
3104,31,75,-26.8248,5686.16,511.486
3105,31,76,-27.7891,5730.19,523.241
3106,31,77,-28.2956,5753.49,533.94
3107,31,78,-28.414,5758.98,544.196
3108,31,79,-28.449,5760.61,554.406
3109,31,80,-28.413,5758.92,564.595
3110,31,81,-28.0905,5743.66,575.038
3111,31,82,-27.7427,5727.08,585.544
3112,31,83,-26.9553,5689.28,597.64
3113,31,84,-26.1978,5652.67,609.716
3114,31,85,-25.6638,5626.68,620.907
3115,31,86,-24.9487,5591.64,633.027
3116,31,87,-24.2611,5557.72,645.118
3117,31,88,-23.5996,5524.87,657.182
3118,31,89,-23.1327,5501.52,668.385
3119,31,90,-22.673,5478.38,679.625
3120,31,91,-22.0624,5447.45,691.755
3121,31,92,-21.4752,5417.5,703.85
3122,31,93,-20.9101,5388.49,715.909
3123,31,94,-20.3663,5360.39,727.936
3124,31,95,-19.9825,5340.44,739.137
3125,31,96,-19.6055,5320.7,750.362
3126,31,97,-19.2354,5301.21,761.609
3127,31,98,-18.8724,5281.98,772.877
3128,31,99,-18.5166,5263,784.162
3129,31,100,-18.4096,5257.26,794.525
3130,31,101,-18.2897,5250.78,804.907
3131,31,102,-18.2729,5249.87,815.148
3132,31,103,-18.2371,5247.91,825.385
3133,31,104,-18.2925,5250.96,835.629
3134,31,105,-18.3243,5252.72,845.837
3135,31,106,-18.54,5264.73,856.621
3136,31,107,-18.7208,5274.85,867.246
3137,31,108,-18.8697,5283.24,877.739
3138,31,109,-18.9898,5290.04,888.122
3139,31,110,-19.0835,5295.38,898.416
3140,31,111,-19.1531,5299.38,908.64
3141,31,112,-19.2009,5302.13,918.81
3142,31,113,-19.2288,5303.75,928.942
3143,31,114,-19.3227,5309.23,939.229
3144,31,115,-19.4763,5318.24,949.844
3145,31,116,-19.6839,5330.49,960.935
3146,31,117,-20.0973,5355.02,975.109
3147,31,118,-20.4678,5377.12,988.563
3148,31,119,-20.7984,5396.96,1001.43
3149,31,120,-21.0923,5414.69,1013.8
3150,31,121,-21.3521,5430.45,1025.77
3151,31,122,-21.5804,5444.38,1037.39
3152,32,41,-63.0303,7020.61,84.0651
3153,32,42,-52.7273,6660,100.026
3154,32,43,-52.4476,6650.12,107.821
3155,32,44,-57.1429,6817.58,118.227
3156,32,45,-58.4615,6865.05,126.319
3157,32,46,-60.3571,6933.93,134.868
3158,32,47,-55.8824,6769.85,147.729
3159,32,48,-51.7157,6615.69,160.244
3160,32,49,-47.8844,6472.65,172.453
3161,32,50,-47.5439,6459.82,180.831
3162,32,51,-43.7594,6316.02,194.387
3163,32,52,-40.3896,6186.84,207.134
3164,32,53,-39.7516,6162.17,215.952
3165,32,54,-38.834,6126.38,225
3166,32,55,-37.7391,6083.32,234.343
3167,32,56,-36.5385,6035.69,244
3168,32,57,-34.4274,5951.25,256.324
3169,32,58,-32.4786,5872.65,268.383
3170,32,59,-30.6787,5799.45,280.229
3171,32,60,-29.0148,5731.23,291.9
3172,32,61,-26.1846,5614.25,308.902
3173,32,62,-23.7097,5511.13,323.859
3174,32,63,-21.5359,5419.83,337.623
3175,32,64,-19.0842,5316.04,352.709
3176,32,65,-17.4484,5246.25,364.841
3177,32,66,-16.4706,5204.2,375.433
3178,32,67,-16.0232,5184.81,385.241
3179,32,68,-15.5761,5165.29,395.061
3180,32,69,-15.1329,5145.79,404.892
3181,32,70,-15.4656,5160.54,414.592
3182,32,71,-18.2552,5285.14,437.326
3183,32,72,-20.9408,5405.99,457.517
3184,32,73,-23.191,5508,474.251
3185,32,74,-24.4337,5564.75,486.482
3186,32,75,-26.0465,5638.94,500.34
3187,32,76,-27.0883,5687.21,512.196
3188,32,77,-27.6472,5713.3,522.952
3189,32,78,-27.7983,5720.4,533.227
3190,32,79,-27.8604,5723.34,543.448
3191,32,80,-27.8469,5722.69,553.64
3192,32,81,-27.5342,5707.68,564.051
3193,32,82,-27.1946,5691.27,574.517
3194,32,83,-26.398,5652.5,586.512
3195,32,84,-25.633,5615.01,598.486
3196,32,85,-25.1001,5588.72,609.601
3197,32,86,-24.3795,5552.94,621.616
3198,32,87,-23.6876,5518.34,633.603
3199,32,88,-23.0231,5484.89,645.563
3200,32,89,-22.5599,5461.43,656.687
3201,32,90,-22.104,5438.18,667.843
3202,32,91,-21.4921,5406.76,679.868
3203,32,92,-20.9043,5376.39,691.857
3204,32,93,-20.3395,5347.02,703.813
3205,32,94,-19.7965,5318.61,715.736
3206,32,95,-19.4185,5298.7,726.853
3207,32,96,-19.0472,5279.02,737.993
3208,32,97,-18.6828,5259.59,749.153
3209,32,98,-18.3255,5240.41,760.332
3210,32,99,-17.9753,5221.5,771.529
3211,32,100,-17.8809,5216.37,781.847
3212,32,101,-17.7727,5210.46,792.181
3213,32,102,-17.77,5210.31,802.398
3214,32,103,-17.7471,5209.04,812.606
3215,32,104,-17.8175,5212.96,822.848
3216,32,105,-17.863,5215.51,833.047
3217,32,106,-18.0967,5228.67,843.892
3218,32,107,-18.2939,5239.85,854.565
3219,32,108,-18.4579,5249.19,865.093
3220,32,109,-18.5915,5256.86,875.502
3221,32,110,-18.6977,5262.98,885.813
3222,32,111,-18.7787,5267.68,896.046
3223,32,112,-18.8369,5271.07,906.216
3224,32,113,-18.8744,5273.27,916.341
3225,32,114,-18.9791,5279.45,926.649
3226,32,115,-19.1445,5289.26,937.312
3227,32,116,-19.3649,5302.41,948.478
3228,32,117,-19.7953,5328.24,962.841
3229,32,118,-20.1812,5351.52,976.446
3230,32,119,-20.5259,5372.43,989.433
3231,32,120,-20.8325,5391.13,1001.91
3232,32,121,-21.1038,5407.78,1013.96
3233,32,122,-21.3426,5422.5,1025.65
3234,33,42,-44.2424,6329.09,87.4237
3235,33,43,-45.4545,6372.73,94.9819
3236,33,44,-52.0979,6614.1,107.382
3237,33,45,-54.3956,6698.35,115.765
3238,33,46,-57.1429,6800,124.802
3239,33,47,-52.5,6626.67,137.122
3240,33,48,-48.2353,6466.03,149.144
3241,33,49,-44.3627,6318.87,160.894
3242,33,50,-44.3756,6319.37,169.11
3243,33,51,-40.5263,6170.53,182.319
3244,33,52,-37.1429,6038.57,194.707
3245,33,53,-36.7532,6023.25,203.278
3246,33,54,-36.0248,5994.35,212.01
3247,33,55,-35.0791,5956.52,220.998
3248,33,56,-34,5913,230.284
3249,33,57,-31.9231,5828.54,242.362
3250,33,58,-30.0171,5750.39,254.163
3251,33,59,-28.2662,5678.02,265.744
3252,33,60,-26.6557,5610.92,277.146
3253,33,61,-23.7931,5490.69,294.369
3254,33,62,-21.3126,5385.68,309.285
3255,33,63,-19.1532,5293.55,322.903
3256,33,64,-16.6972,5187.94,337.936
3257,33,65,-15.107,5119.03,349.824
3258,33,66,-14.2093,5079.83,360.138
3259,33,67,-13.8655,5064.71,369.714
3260,33,68,-13.5135,5049.1,379.293
3261,33,69,-13.1579,5033.21,388.878
3262,33,70,-13.612,5053.65,398.616
3263,33,71,-16.6397,5190.9,423.638
3264,33,72,-19.5403,5323.37,444.962
3265,33,73,-21.9686,5435.07,462.248
3266,33,74,-23.3287,5498.09,474.685
3267,33,75,-25.068,5579.25,488.793
3268,33,76,-26.2016,5632.53,500.783
3269,33,77,-26.8248,5662.03,511.608
3270,33,78,-27.0182,5671.25,521.903
3271,33,79,-27.1161,5675.95,532.132
3272,33,80,-27.1331,5676.77,542.322
3273,33,81,-26.8367,5662.35,552.69
3274,33,82,-26.5114,5646.41,563.107
3275,33,83,-25.7104,5606.89,574.987
3276,33,84,-24.9424,5568.74,586.847
3277,33,85,-24.4154,5542.4,597.874
3278,33,86,-23.6935,5506.06,609.773
3279,33,87,-23.0014,5471,621.645
3280,33,88,-22.3377,5437.14,633.491
3281,33,89,-21.8823,5413.77,644.522
3282,33,90,-21.4341,5390.61,655.585
3283,33,91,-20.8241,5358.89,667.494
3284,33,92,-20.239,5328.27,679.369
3285,33,93,-19.6774,5298.69,691.211
3286,33,94,-19.1383,5270.12,703.021
3287,33,95,-18.7692,5250.44,714.043
3288,33,96,-18.4066,5230.98,725.086
3289,33,97,-18.0507,5211.76,736.149
3290,33,98,-17.7017,5192.79,747.23
3291,33,99,-17.3597,5174.1,758.328
3292,33,100,-17.2806,5169.75,768.593
3293,33,101,-17.1867,5164.55,778.87
3294,33,102,-17.2006,5165.33,789.059
3295,33,103,-17.1932,5164.91,799.231
3296,33,104,-17.2809,5169.85,809.471
3297,33,105,-17.3423,5173.33,819.659
3298,33,106,-17.5964,5187.82,830.579
3299,33,107,-17.8122,5200.19,841.31
3300,33,108,-17.9932,5210.62,851.882
3301,33,109,-18.1424,5219.28,862.322
3302,33,110,-18.2627,5226.3,872.652
3303,33,111,-18.3569,5231.82,882.894
3304,33,112,-18.4271,5235.96,893.064
3305,33,113,-18.4756,5238.84,903.181
3306,33,114,-18.5925,5245.82,913.512
3307,33,115,-18.7713,5256.54,924.233
3308,33,116,-19.0058,5270.69,935.49
3309,33,117,-19.4548,5297.93,950.09
3310,33,118,-19.8575,5322.5,963.881
3311,33,119,-20.2176,5344.58,977.018
3312,33,120,-20.5382,5364.35,989.616
3313,33,121,-20.8223,5381.97,1001.77
3314,33,122,-21.0726,5397.57,1013.54
3315,34,43,-43.6364,6300,87.2692
3316,34,44,-51.8182,6602.73,99.6239
3317,34,45,-54.5455,6704.55,108.052
3318,34,46,-57.6923,6823.08,117.029
3319,34,47,-52.3077,6618.46,129.163
3320,34,48,-47.5,6434.17,140.906
3321,34,49,-43.2353,6269.26,152.345
3322,34,50,-43.3824,6275,160.615
3323,34,51,-39.2157,6111.11,173.404
3324,34,52,-35.614,5968.25,185.422
3325,34,53,-35.3383,5957.22,193.973
3326,34,54,-34.6753,5930.48,202.631
3327,34,55,-33.7662,5893.51,211.496
3328,34,56,-32.7075,5850.1,220.618
3329,34,57,-30.5652,5761.55,232.374
3330,34,58,-28.6154,5680.31,243.871
3331,34,59,-26.8376,5605.64,255.164
3332,34,60,-25.2137,5536.89,266.291
3333,34,61,-22.2496,5410.43,283.212
3334,34,62,-19.7044,5300.99,297.838
3335,34,63,-17.5083,5205.82,311.184
3336,34,64,-15,5096.29,325.96
3337,34,65,-13.4164,5026.61,337.607
3338,34,66,-12.5668,4988.95,347.727
3339,34,67,-12.2995,4977.01,357.181
3340,34,68,-12.0168,4964.29,366.631
3341,34,69,-11.7246,4951.04,376.078
3342,34,70,-12.2807,4976.43,385.917
3343,34,71,-15.5378,5126.26,412.195
3344,34,72,-18.6437,5270.17,434.009
3345,34,73,-21.2383,5391.25,451.498
3346,34,74,-22.7003,5459.97,464.03
3347,34,75,-24.5523,5547.62,478.216
3348,34,76,-25.7626,5605.32,490.262
3349,34,77,-26.4341,5637.55,501.129
3350,34,78,-26.6535,5648.15,511.452
3351,34,79,-26.7715,5653.89,521.705
3352,34,80,-26.8039,5655.48,531.914
3353,34,81,-26.5089,5640.93,542.278
3354,34,82,-26.1837,5624.78,552.687
3355,34,83,-25.3637,5583.78,564.501
3356,34,84,-24.5792,5544.29,576.294
3357,34,85,-24.0459,5517.27,587.28
3358,34,86,-23.3108,5479.78,599.107
3359,34,87,-22.6072,5443.66,610.907
3360,34,88,-21.9336,5408.86,622.678
3361,34,89,-21.4764,5385.09,633.661
3362,34,90,-21.0267,5361.55,644.672
3363,34,91,-20.4097,5329.06,656.502
3364,34,92,-19.8188,5297.74,668.298
3365,34,93,-19.2526,5267.54,680.06
3366,34,94,-18.7097,5238.4,691.791
3367,34,95,-18.3425,5218.58,702.757
3368,34,96,-17.982,5198.99,713.742
3369,34,97,-17.6282,5179.65,724.745
3370,34,98,-17.2815,5160.58,735.764
3371,34,99,-16.9419,5141.79,746.798
3372,34,100,-16.8729,5137.94,757.045
3373,34,101,-16.7882,5133.2,767.3
3374,34,102,-16.814,5134.66,777.488
3375,34,103,-16.8174,5134.85,787.655
3376,34,104,-16.9182,5140.59,797.91
3377,34,105,-16.9914,5144.79,808.108
3378,34,106,-17.2621,5160.4,819.085
3379,34,107,-17.4928,5173.78,829.864
3380,34,108,-17.6871,5185.11,840.476
3381,34,109,-17.8483,5194.57,850.948
3382,34,110,-17.9794,5202.31,861.305
3383,34,111,-18.0832,5208.47,871.567
3384,34,112,-18.1621,5213.18,881.753
3385,34,113,-18.2185,5216.56,891.879
3386,34,114,-18.3446,5224.17,902.238
3387,34,115,-18.5338,5235.64,913.002
3388,34,116,-18.7796,5250.64,924.317
3389,34,117,-19.2447,5279.17,939.023
3390,34,118,-19.6619,5304.89,952.899
3391,34,119,-20.0349,5328.02,966.104
3392,34,120,-20.3671,5348.72,978.759
3393,34,121,-20.6615,5367.17,990.957
3394,34,122,-20.921,5383.52,1002.77
3395,35,44,-54.5455,6714.55,91.3549
3396,35,45,-57.2727,6818.18,99.6239
3397,35,46,-60.4895,6941.49,108.308
3398,35,47,-53.8462,6684.62,120.839
3399,35,48,-48.1319,6461.76,132.647
3400,35,49,-43.2143,6268.33,144.009
3401,35,50,-43.3824,6275,152.349
3402,35,51,-38.7255,6088.73,164.896
3403,35,52,-34.7781,5929.51,176.669
3404,35,53,-34.5614,5920.7,185.256
3405,35,54,-33.9098,5893.98,193.914
3406,35,55,-32.987,5855.84,202.742
3407,35,56,-31.9029,5810.67,211.791
3408,35,57,-29.6443,5715.81,223.286
3409,35,58,-27.6087,5629.64,234.533
3410,35,59,-25.7692,5551.15,245.584
3411,35,60,-24.1026,5479.49,256.476
3412,35,61,-21.0012,5345.1,272.994
3413,35,62,-18.3634,5229.91,287.291
3414,35,63,-16.1084,5130.69,300.351
3415,35,64,-13.5261,5016.21,314.828
3416,35,65,-11.9355,4945.16,326.249
3417,35,66,-11.1254,4908.71,336.213
3418,35,67,-10.9291,4899.81,345.591
3419,35,68,-10.7105,4889.82,354.957
3420,35,69,-10.4762,4879.05,364.312
3421,35,70,-11.1326,4909.46,374.274
3422,35,71,-14.6278,5072.57,401.415
3423,35,72,-17.9451,5228.48,423.487
3424,35,73,-20.7085,5359.28,441.053
3425,35,74,-22.2702,5433.72,453.635
3426,35,75,-24.2334,5527.96,467.837
3427,35,76,-25.5166,5589.98,479.906
3428,35,77,-26.2307,5624.74,490.801
3429,35,78,-26.4693,5636.43,501.15
3430,35,79,-26.6008,5642.91,511.427
3431,35,80,-26.642,5644.96,521.659
3432,35,81,-26.3414,5629.93,532.033
3433,35,82,-26.0096,5613.23,542.447
3434,35,83,-25.1633,5570.35,554.221
3435,35,84,-24.3553,5529.14,565.971
3436,35,85,-23.81,5501.15,576.935
3437,35,86,-23.0556,5462.17,588.712
3438,35,87,-22.3351,5424.71,600.46
3439,35,88,-21.6467,5388.68,612.179
3440,35,89,-21.1833,5364.27,623.131
3441,35,90,-20.728,5340.14,634.109
3442,35,91,-20.0998,5306.64,645.879
3443,35,92,-19.4992,5274.41,657.613
3444,35,93,-18.9246,5243.38,669.314
3445,35,94,-18.3745,5213.49,680.983
3446,35,95,-18.0063,5193.36,691.909
3447,35,96,-17.645,5173.49,702.852
3448,35,97,-17.2907,5153.89,713.811
3449,35,98,-16.9437,5134.57,724.785
3450,35,99,-16.604,5115.55,735.772
3451,35,100,-16.5432,5112.12,746.013
3452,35,101,-16.4658,5107.73,756.258
3453,35,102,-16.5019,5109.79,766.453
3454,35,103,-16.5144,5110.51,776.623
3455,35,104,-16.6267,5116.99,786.899
3456,35,105,-16.7103,5121.83,797.112
3457,35,106,-16.9963,5138.51,808.138
3458,35,107,-17.2405,5152.84,818.958
3459,35,108,-17.4469,5165.02,829.605
3460,35,109,-17.6188,5175.22,840.108
3461,35,110,-17.7594,5183.61,850.491
3462,35,111,-17.8716,5190.34,860.775
3463,35,112,-17.958,5195.55,870.978
3464,35,113,-18.0209,5199.37,881.119
3465,35,114,-18.1552,5207.56,891.504
3466,35,115,-18.3537,5219.73,902.304
3467,35,116,-18.6099,5235.54,913.662
3468,35,117,-19.0903,5265.32,928.425
3469,35,118,-19.5211,5292.17,942.345
3470,35,119,-19.9062,5316.31,955.588
3471,35,120,-20.2491,5337.91,968.274
3472,35,121,-20.553,5357.15,980.499
3473,35,122,-20.8209,5374.21,992.337
3474,36,45,-58.1818,6856.36,91.7208
3475,36,46,-61.8182,6998.18,100.338
3476,36,47,-53.8462,6684.62,112.739
3477,36,48,-47.2527,6423.08,124.291
3478,36,49,-41.7582,6203.3,135.362
3479,36,50,-42.1429,6218.81,143.775
3480,36,51,-37.0588,6012.06,155.916
3481,36,52,-32.8431,5839.22,167.33
3482,36,53,-32.8173,5838.15,175.925
3483,36,54,-32.2807,5815.79,184.536
3484,36,55,-31.4286,5780,193.265
3485,36,56,-30.3896,5736.02,202.17
3486,36,57,-28.0632,5636.76,213.344
3487,36,58,-25.9881,5547.53,224.286
3488,36,59,-24.1304,5467.03,235.045
3489,36,60,-22.4615,5394.15,245.654
3490,36,61,-19.2479,5252.75,261.847
3491,36,62,-16.5446,5132.91,275.836
3492,36,63,-14.2583,5030.79,288.608
3493,36,64,-11.6256,4912.32,302.812
3494,36,65,-10.0556,4841.14,313.98
3495,36,66,-9.31452,4807.3,323.751
3496,36,67,-9.21921,4802.91,333.03
3497,36,68,-9.09091,4796.97,342.286
3498,36,69,-8.93812,4789.84,351.524
3499,36,70,-9.71989,4826.58,361.668
3500,36,71,-13.4878,5004.93,390.193
3501,36,72,-17.046,5174.54,412.704
3502,36,73,-20.0022,5316.44,430.426
3503,36,74,-21.6802,5397.54,443.087
3504,36,75,-23.7711,5499.3,457.339
3505,36,76,-25.1394,5566.34,469.448
3506,36,77,-25.9055,5604.14,480.38
3507,36,78,-26.1703,5617.29,490.758
3508,36,79,-26.3214,5624.84,501.061
3509,36,80,-26.3768,5627.63,511.315
3510,36,81,-26.0746,5612.32,521.694
3511,36,82,-25.7401,5595.26,532.109
3512,36,83,-24.8697,5550.58,543.832
3513,36,84,-24.0408,5507.76,555.528
3514,36,85,-23.4862,5478.91,566.462
3515,36,86,-22.7149,5438.55,578.18
3516,36,87,-21.9799,5399.84,589.867
3517,36,88,-21.2788,5362.68,601.524
3518,36,89,-20.8119,5337.78,612.438
3519,36,90,-20.3535,5313.18,623.376
3520,36,91,-19.7163,5278.77,635.077
3521,36,92,-19.1081,5245.73,646.743
3522,36,93,-18.5272,5213.97,658.375
3523,36,94,-17.9719,5183.43,669.975
3524,36,95,-17.6049,5163.12,680.854
3525,36,96,-17.2448,5143.08,691.749
3526,36,97,-16.892,5123.32,702.659
3527,36,98,-16.5467,5103.86,713.581
3528,36,99,-16.2088,5084.72,724.515
3529,36,100,-16.1582,5081.84,734.746
3530,36,101,-16.0902,5077.93,744.978
3531,36,102,-16.1386,5080.72,755.179
3532,36,103,-16.1622,5082.09,765.352
3533,36,104,-16.2879,5089.43,775.648
3534,36,105,-16.3835,5095.04,785.878
3535,36,106,-16.6868,5112.93,796.96
3536,36,107,-16.9464,5128.34,807.827
3537,36,108,-17.1665,5141.47,818.516
3538,36,109,-17.3506,5152.51,829.053
3539,36,110,-17.5021,5161.66,839.464
3540,36,111,-17.6241,5169.05,849.771
3541,36,112,-17.7191,5174.85,859.994
3542,36,113,-17.7898,5179.19,870.149
3543,36,114,-17.9333,5188.04,880.563
3544,36,115,-18.1423,5200.99,891.404
3545,36,116,-18.4101,5217.69,902.813
3546,36,117,-18.9071,5248.83,917.654
3547,36,118,-19.3527,5276.9,931.636
3548,36,119,-19.7509,5302.13,944.928
3549,36,120,-20.1055,5324.7,957.656
3550,36,121,-20.4198,5344.82,969.917
3551,36,122,-20.6969,5362.64,981.787
3552,37,46,-60,6920,92.2457
3553,37,47,-50.9091,6556.36,104.057
3554,37,48,-43.7063,6265.85,115.087
3555,37,49,-37.9121,6030.22,125.679
3556,37,50,-38.9011,6070.77,134.152
3557,37,51,-33.5714,5850.48,145.777
3558,37,52,-29.2647,5671.03,156.734
3559,37,53,-29.6569,5687.5,165.3
3560,37,54,-29.4118,5677.12,173.79
3561,37,55,-28.7719,5649.82,182.327
3562,37,56,-27.8947,5612.11,190.988
3563,37,57,-25.5844,5511.99,201.786
3564,37,58,-23.546,5422.98,212.367
3565,37,59,-21.7391,5343.48,222.776
3566,37,60,-20.1304,5272.16,233.043
3567,37,61,-16.8462,5125.46,249.129
3568,37,62,-14.1197,5002.77,262.885
3569,37,63,-11.8437,4899.59,275.386
3570,37,64,-9.1954,4778.65,289.39
3571,37,65,-7.68473,4709.16,300.266
3572,37,66,-7.05228,4679.86,309.786
3573,37,67,-7.09677,4681.94,318.936
3574,37,68,-7.09311,4681.76,328.051
3575,37,69,-7.05214,4679.82,337.134
3576,37,70,-7.99083,4724.57,347.586
3577,37,71,-12.0728,4920.5,378.368
3578,37,72,-15.9073,5105.84,401.58
3579,37,73,-19.0849,5260.48,419.563
3580,37,74,-20.8994,5349.39,432.337
3581,37,75,-23.1377,5459.81,446.681
3582,37,76,-24.606,5532.74,458.852
3583,37,77,-25.4355,5574.22,469.831
3584,37,78,-25.7354,5589.31,480.241
3585,37,79,-25.9136,5598.34,490.57
3586,37,80,-25.9901,5602.24,500.846
3587,37,81,-25.6917,5586.92,511.225
3588,37,82,-25.3592,5569.74,521.634
3589,37,83,-24.4681,5523.4,533.295
3590,37,84,-23.6214,5479.09,544.927
3591,37,85,-23.0612,5449.59,555.823
3592,37,86,-22.2761,5407.98,567.472
3593,37,87,-21.5294,5368.16,579.089
3594,37,88,-20.8187,5330.02,590.674
3595,37,89,-20.3516,5304.79,601.543
3596,37,90,-19.8933,5279.89,612.432
3597,37,91,-19.2496,5244.7,624.057
3598,37,92,-18.6364,5210.97,635.646
3599,37,93,-18.0516,5178.62,647.201
3600,37,94,-17.4936,5147.56,658.723
3601,37,95,-17.1303,5127.21,669.55
3602,37,96,-16.7741,5107.14,680.39
3603,37,97,-16.4252,5087.37,691.242
3604,37,98,-16.0837,5067.91,702.106
3605,37,99,-15.7498,5048.76,712.979
3606,37,100,-15.712,5046.58,723.198
3607,37,101,-15.6556,5043.31,733.413
3608,37,102,-15.7186,5046.99,743.62
3609,37,103,-15.7554,5049.15,753.793
3610,37,104,-15.8969,5057.49,764.113
3611,37,105,-16.0066,5064,774.359
3612,37,106,-16.3293,5083.26,785.507
3613,37,107,-16.6063,5099.88,796.431
3614,37,108,-16.8419,5114.09,807.165
3615,37,109,-17.04,5126.11,817.741
3616,37,110,-17.204,5136.12,828.184
3617,37,111,-17.3371,5144.28,838.517
3618,37,112,-17.4422,5150.76,848.76
3619,37,113,-17.522,5155.7,858.931
3620,37,114,-17.676,5165.31,869.377
3621,37,115,-17.8968,5179.14,880.266
3622,37,116,-18.1774,5196.82,891.735
3623,37,117,-18.6924,5229.44,906.679
3624,37,118,-19.1541,5258.83,920.741
3625,37,119,-19.5668,5285.24,934.097
3626,37,120,-19.9342,5308.88,946.879
3627,37,121,-20.2599,5329.95,959.185
3628,37,122,-20.5472,5348.62,971.094
3629,38,47,-49.0909,6476.36,95.6752
3630,38,48,-40.9091,6140.91,106.334
3631,38,49,-34.6154,5880.77,116.56
3632,38,50,-36.2637,5949.45,125.158
3633,38,51,-30.5495,5709.45,136.325
3634,38,52,-26.0714,5519.88,146.879
3635,38,53,-26.9118,5555.74,155.502
3636,38,54,-26.9608,5557.84,163.966
3637,38,55,-26.5222,5538.84,172.41
3638,38,56,-25.7895,5506.84,180.922
3639,38,57,-23.4586,5404.29,191.368
3640,38,58,-21.4286,5314.29,201.611
3641,38,59,-19.6499,5234.84,211.694
3642,38,60,-18.083,5164.33,221.644
3643,38,61,-14.6957,5010.77,237.465
3644,38,62,-11.9231,4884.15,250.919
3645,38,63,-9.64103,4779.18,263.118
3646,38,64,-6.95971,4654.95,276.86
3647,38,65,-5.50082,4586.86,287.453
3648,38,66,-4.97537,4562.17,296.763
3649,38,67,-5.16129,4570.97,305.849
3650,38,68,-5.28226,4576.73,314.884
3651,38,69,-5.35191,4580.08,323.874
3652,38,70,-6.45053,4633.18,334.693
3653,38,71,-10.8633,4847.93,367.279
3654,38,72,-14.986,5049.94,390.913
3655,38,73,-18.3912,5217.94,409.015
3656,38,74,-20.3414,5314.79,421.853
3657,38,75,-22.7268,5434.06,436.222
3658,38,76,-24.2915,5512.82,448.42
3659,38,77,-25.1782,5557.75,459.43
3660,38,78,-25.5052,5574.43,469.869
3661,38,79,-25.7029,5584.57,480.226
3662,38,80,-25.7928,5589.22,490.527
3663,38,81,-25.4898,5573.46,500.917
3664,38,82,-25.1515,5555.76,511.335
3665,38,83,-24.2307,5507.26,522.958
3666,38,84,-23.358,5461.01,534.55
3667,38,85,-22.7855,5430.47,545.428
3668,38,86,-21.9796,5387.22,557.03
3669,38,87,-21.2149,5345.93,568.599
3670,38,88,-20.4887,5306.47,580.135
3671,38,89,-20.0162,5280.65,590.976
3672,38,90,-19.5533,5255.18,601.836
3673,38,91,-18.8984,5218.95,613.404
3674,38,92,-18.2756,5184.28,624.935
3675,38,93,-17.6828,5151.08,636.432
3676,38,94,-17.1182,5119.28,647.895
3677,38,95,-16.7554,5098.71,658.686
3678,38,96,-16.3998,5078.45,669.488
3679,38,97,-16.0517,5058.49,680.3
3680,38,98,-15.7113,5038.86,691.122
3681,38,99,-15.3786,5019.56,701.952
3682,38,100,-15.3514,5017.98,712.169
3683,38,101,-15.3045,5015.22,722.379
3684,38,102,-15.3802,5019.69,732.6
3685,38,103,-15.4285,5022.55,742.783
3686,38,104,-15.5838,5031.83,753.128
3687,38,105,-15.706,5039.16,763.395
3688,38,106,-16.0468,5059.72,774.597
3689,38,107,-16.3398,5077.49,785.566
3690,38,108,-16.5895,5092.73,796.341
3691,38,109,-16.8001,5105.64,806.951
3692,38,110,-16.9752,5116.44,817.424
3693,38,111,-17.1181,5125.3,827.783
3694,38,112,-17.2319,5132.39,838.047
3695,38,113,-17.3192,5137.86,848.236
3696,38,114,-17.4825,5148.15,858.711
3697,38,115,-17.7139,5162.81,869.637
3698,38,116,-18.0063,5181.42,881.149
3699,38,117,-18.5384,5215.48,896.143
3700,38,118,-19.0154,5246.16,910.244
3701,38,119,-19.4415,5273.71,923.631
3702,38,120,-19.8207,5298.37,936.439
3703,38,121,-20.1569,5320.33,948.769
3704,38,122,-20.4534,5339.8,960.698
3705,39,48,-40,6100,97.8419
3706,39,49,-32.7273,5794.55,107.901
3707,39,50,-34.965,5889.28,116.623
3708,39,51,-28.5714,5616.48,127.492
3709,39,52,-23.7363,5408.57,137.772
3710,39,53,-25,5463.33,146.499
3711,39,54,-25.2941,5476.18,155.013
3712,39,55,-25,5463.24,163.462
3713,39,56,-24.355,5434.64,171.935
3714,39,57,-21.9298,5326.32,182.117
3715,39,58,-19.8496,5232.71,192.103
3716,39,59,-18.0519,5151.21,201.935
3717,39,60,-16.4879,5079.79,211.638
3718,39,61,-12.9447,4916.8,227.039
3719,39,62,-10.087,4784.39,240.139
3720,39,63,-7.76923,4676.23,252.023
3721,39,64,-5.02564,4547.28,265.446
3722,39,65,-3.60195,4479.89,275.788
3723,39,66,-3.1746,4459.52,284.952
3724,39,67,-3.49754,4475.02,294.039
3725,39,68,-3.73749,4486.62,303.059
3726,39,69,-3.91129,4495.08,312.022
3727,39,70,-5.16862,4556.69,323.193
3728,39,71,-9.92647,4791.41,356.857
3729,39,72,-14.3468,5010.95,380.605
3730,39,73,-17.9832,5192.77,398.681
3731,39,74,-20.0644,5297.52,411.529
3732,39,75,-22.5936,5425.68,425.856
3733,39,76,-24.2477,5510.03,438.044
3734,39,77,-25.1822,5558,449.065
3735,39,78,-25.5253,5575.73,459.528
3736,39,79,-25.7317,5586.46,469.909
3737,39,80,-25.8245,5591.32,480.234
3738,39,81,-25.5059,5574.54,490.647
3739,39,82,-25.1515,5555.76,501.085
3740,39,83,-24.1897,5504.46,512.699
3741,39,84,-23.2809,5455.69,524.277
3742,39,85,-22.6873,5423.64,535.155
3743,39,86,-21.8519,5378.25,546.736
3744,39,87,-21.0612,5335.02,558.281
3745,39,88,-20.3121,5293.82,569.79
3746,39,89,-19.8281,5267.03,580.623
3747,39,90,-19.3546,5240.68,591.472
3748,39,91,-18.6825,5203.04,603.005
3749,39,92,-18.0446,5167.11,614.5
3750,39,93,-17.4387,5132.77,625.959
3751,39,94,-16.8626,5099.94,637.383
3752,39,95,-16.496,5078.91,648.155
3753,39,96,-16.1371,5058.22,658.936
3754,39,97,-15.7861,5037.86,669.726
3755,39,98,-15.4432,5017.86,680.523
3756,39,99,-15.1084,4998.22,691.327
3757,39,100,-15.089,4997.07,701.552
3758,39,101,-15.049,4994.7,711.768
3759,39,102,-15.1351,4999.84,722.006
3760,39,103,-15.1923,5003.27,732.203
3761,39,104,-15.3596,5013.36,742.573
3762,39,105,-15.4921,5021.4,752.863
3763,39,106,-15.8491,5043.18,764.102
3764,39,107,-16.1564,5062.02,775.104
3765,39,108,-16.4185,5078.19,785.909
3766,39,109,-16.6398,5091.91,796.546
3767,39,110,-16.8242,5103.41,807.043
3768,39,111,-16.9752,5112.87,817.424
3769,39,112,-17.0959,5120.47,827.709
3770,39,113,-17.1892,5126.38,837.915
3771,39,114,-17.3602,5137.27,848.413
3772,39,115,-17.6008,5152.67,859.363
3773,39,116,-17.9036,5172.15,870.898
3774,39,117,-18.4518,5207.59,885.894
3775,39,118,-18.9428,5239.51,899.994
3776,39,119,-19.3812,5268.15,913.382
3777,39,120,-19.7712,5293.76,926.19
3778,39,121,-20.1167,5316.57,938.52
3779,39,122,-20.4212,5336.76,950.451
3780,40,49,-33.9394,5850.3,99.2526
3781,40,50,-36.3636,5954.55,108.024
3782,40,51,-28.6713,5621.21,118.879
3783,40,52,-23.0769,5376.92,129.095
3784,40,53,-24.6154,5444.62,137.908
3785,40,54,-25,5461.67,146.499
3786,40,55,-24.7059,5448.53,155.013
3787,40,56,-24.0196,5417.65,163.535
3788,40,57,-21.3622,5297.18,173.614
3789,40,58,-19.1228,5194.91,183.487
3790,40,59,-17.218,5107.29,193.197
3791,40,60,-15.5844,5031.6,202.775
3792,40,61,-11.8012,4855.05,217.72
3793,40,62,-8.79447,4713.74,230.483
3794,40,63,-6.3913,4599.99,242.093
3795,40,64,-3.53846,4464,255.184
3796,40,65,-2.11966,4395.9,265.336
3797,40,66,-1.77045,4379.02,274.429
3798,40,67,-2.21675,4400.74,283.564
3799,40,68,-2.56158,4417.64,292.62
3800,40,69,-2.82536,4430.65,301.607
3801,40,70,-4.23387,4500.6,313.029
3802,40,71,-9.34751,4756.29,346.927
3803,40,72,-14.0709,4994.03,370.499
3804,40,73,-17.9374,5189.93,388.42
3805,40,74,-20.1401,5302.27,401.223
3806,40,75,-22.8057,5439.1,415.446
3807,40,76,-24.5377,5528.59,427.588
3808,40,77,-25.5061,5578.95,438.599
3809,40,78,-25.8502,5596.96,449.075
3810,40,79,-26.0507,5607.51,459.474
3811,40,80,-26.1324,5611.85,469.819
3812,40,81,-25.784,5593.26,480.262
3813,40,82,-25.4002,5572.67,490.73
3814,40,83,-24.3834,5517.76,502.365
3815,40,84,-23.4256,5465.72,513.959
3816,40,85,-22.7999,5431.51,524.857
3817,40,86,-21.9241,5383.35,536.445
3818,40,87,-21.0975,5337.61,547.992
3819,40,88,-20.3163,5294.12,559.501
3820,40,89,-19.8127,5265.92,570.343
3821,40,90,-19.3213,5238.24,581.198
3822,40,91,-18.6246,5198.76,592.72
3823,40,92,-17.9648,5161.15,604.202
3824,40,93,-17.3394,5125.29,615.646
3825,40,94,-16.746,5091.08,627.054
3826,40,95,-16.3705,5069.29,637.823
3827,40,96,-16.0034,5047.88,648.6
3828,40,97,-15.6449,5026.85,659.384
3829,40,98,-15.2951,5006.21,670.173
3830,40,99,-14.9542,4985.98,680.968
3831,40,100,-14.9392,4985.09,691.207
3832,40,101,-14.9027,4982.9,701.435
3833,40,102,-14.9962,4988.54,711.692
3834,40,103,-15.0595,4992.38,721.906
3835,40,104,-15.236,5003.15,732.298
3836,40,105,-15.3763,5011.75,742.607
3837,40,106,-15.7475,5034.64,753.864
3838,40,107,-16.0667,5054.43,764.885
3839,40,108,-16.3391,5071.41,775.706
3840,40,109,-16.569,5085.82,786.36
3841,40,110,-16.7606,5097.89,796.874
3842,40,111,-16.9175,5107.83,807.271
3843,40,112,-17.0431,5115.82,817.571
3844,40,113,-17.1403,5122.05,827.793
3845,40,114,-17.3172,5133.43,838.304
3846,40,115,-17.5653,5149.47,849.264
3847,40,116,-17.8769,5169.72,860.801
3848,40,117,-18.4398,5206.5,875.757
3849,40,118,-18.9435,5239.58,889.823
3850,40,119,-19.3929,5269.23,903.181
3851,40,120,-19.7922,5295.72,915.964
3852,40,121,-20.1456,5319.28,928.274
3853,40,122,-20.4567,5340.13,940.189
3854,41,50,-36.3636,5954.55,99.4019
3855,41,51,-27.2727,5554.55,110.105
3856,41,52,-20.979,5275.52,120.162
3857,41,53,-23.0769,5369.23,129.095
3858,41,54,-23.7363,5398.9,137.772
3859,41,55,-23.5714,5391.43,146.342
3860,41,56,-22.9412,5362.65,154.889
3861,41,57,-20.098,5231.86,164.795
3862,41,58,-17.7503,5123.08,174.495
3863,41,59,-15.7895,5031.58,184.031
3864,41,60,-14.1353,4953.83,193.435
3865,41,61,-10.1299,4764.24,207.912
3866,41,62,-7.00169,4615.13,220.314
3867,41,63,-4.54545,4497.23,231.621
3868,41,64,-1.6087,4355.29,244.368
3869,41,65,-0.230769,4288.23,254.3
3870,41,66,0,4276.92,263.305
3871,41,67,-0.610501,4307.04,272.508
3872,41,68,-1.09469,4331.09,281.614
3873,41,69,-1.47783,4350.25,290.637
3874,41,70,-3.07008,4430.39,302.411
3875,41,71,-8.58871,4710,336.851
3876,41,72,-13.6547,4968.37,360.322
3877,41,73,-17.7807,5180.17,378.117
3878,41,74,-20.1222,5301.15,390.89
3879,41,75,-22.9412,5447.73,405.026
3880,41,76,-24.7619,5543.02,417.13
3881,41,77,-25.7705,5596.14,428.138
3882,41,78,-26.1188,5614.6,438.632
3883,41,79,-26.3158,5625.1,449.051
3884,41,80,-26.3884,5629,459.419
3885,41,81,-26.0105,5608.59,469.892
3886,41,82,-25.5976,5586.16,480.389
3887,41,83,-24.5243,5527.48,492.037
3888,41,84,-23.5166,5472.06,503.639
3889,41,85,-22.859,5435.67,514.554
3890,41,86,-21.9426,5384.66,526.141
3891,41,87,-21.08,5336.36,537.684
3892,41,88,-20.267,5290.56,549.185
3893,41,89,-19.7449,5260.97,560.032
3894,41,90,-19.2365,5231.99,570.89
3895,41,91,-18.5158,5190.67,582.396
3896,41,92,-17.8349,5151.4,593.859
3897,41,93,-17.1908,5114.05,605.283
3898,41,94,-16.5809,5078.47,616.668
3899,41,95,-16.1977,5055.99,627.432
3900,41,96,-15.8237,5033.92,638.201
3901,41,97,-15.4589,5012.28,648.975
3902,41,98,-15.1035,4991.07,659.753
3903,41,99,-14.7575,4970.31,670.534
3904,41,100,-14.7485,4969.77,680.786
3905,41,101,-14.7171,4967.86,691.026
3906,41,102,-14.8196,4974.12,701.302
3907,41,103,-14.8906,4978.47,711.535
3908,41,104,-15.0778,4990.02,721.949
3909,41,105,-15.2273,4999.28,732.279
3910,41,106,-15.6142,5023.4,743.561
3911,41,107,-15.947,5044.26,754.603
3912,41,108,-16.2309,5062.14,765.446
3913,41,109,-16.4706,5077.32,776.119
3914,41,110,-16.6705,5090.05,786.652
3915,41,111,-16.8343,5100.54,797.067
3916,41,112,-16.9657,5108.99,807.385
3917,41,113,-17.0678,5115.59,817.623
3918,41,114,-17.2514,5127.52,828.151
3919,41,115,-17.5078,5144.28,839.124
3920,41,116,-17.8291,5165.38,850.668
3921,41,117,-18.4079,5203.58,865.593
3922,41,118,-18.9254,5237.9,879.633
3923,41,119,-19.3866,5268.65,892.968
3924,41,120,-19.7961,5296.08,905.733
3925,41,121,-20.1581,5320.46,918.028
3926,41,122,-20.4765,5342,929.931
3927,42,51,-23.0303,5350.91,100.912
3928,42,52,-16.3636,5050.91,110.696
3929,42,53,-19.5804,5196.74,119.803
3930,42,54,-20.8791,5256.04,128.577
3931,42,55,-21.0989,5266.15,137.187
3932,42,56,-20.7143,5248.33,145.728
3933,42,57,-17.7941,5112.06,155.382
3934,42,58,-15.4412,5001.47,164.835
3935,42,59,-13.5191,4910.49,174.131
3936,42,60,-11.9298,4834.74,183.297
3937,42,61,-7.74436,4633.83,197.325
3938,42,62,-4.54545,4479.22,209.346
3939,42,63,-2.08922,4359.68,220.314
3940,42,64,0.889328,4213.74,232.712
3941,42,65,2.17391,4150.36,242.379
3942,42,66,2.23077,4147.54,251.276
3943,42,67,1.40171,4188.99,260.591
3944,42,68,0.732601,4222.67,269.779
3945,42,69,0.191571,4250.08,278.86
3946,42,70,-1.62562,4342.76,291.159
3947,42,71,-7.60845,4649.88,326.588
3948,42,72,-13.0645,4931.77,350.051
3949,42,73,-17.4853,5161.66,367.76
3950,42,74,-19.9866,5292.56,380.518
3951,42,75,-22.9794,5450.18,394.584
3952,42,76,-24.902,5552.07,406.662
3953,42,77,-25.9588,5608.44,417.674
3954,42,78,-26.3158,5627.6,428.189
3955,42,79,-26.5127,5638.23,438.632
3956,42,80,-26.5789,5641.83,449.025
3957,42,81,-26.1726,5619.62,459.527
3958,42,82,-25.7317,5595.37,470.05
3959,42,83,-24.6009,5532.8,481.704
3960,42,84,-23.5427,5473.89,493.306
3961,42,85,-22.8541,5435.33,504.232
3962,42,86,-21.8972,5381.42,515.812
3963,42,87,-20.9991,5330.53,527.343
3964,42,88,-20.1549,5282.41,538.83
3965,42,89,-19.6157,5251.5,549.678
3966,42,90,-19.0918,5221.29,560.534
3967,42,91,-18.3481,5178.15,572.017
3968,42,92,-17.6471,5137.25,583.456
3969,42,93,-16.9854,5098.44,594.853
3970,42,94,-16.3603,5061.55,606.211
3971,42,95,-15.971,5038.46,616.965
3972,42,96,-15.5916,5015.82,627.722
3973,42,97,-15.2221,4993.65,638.482
3974,42,98,-14.8626,4971.96,649.245
3975,42,99,-14.5129,4950.75,660.009
3976,42,100,-14.512,4950.69,670.274
3977,42,101,-14.4874,4949.18,680.525
3978,42,102,-14.6007,4956.17,690.821
3979,42,103,-14.6811,4961.15,701.072
3980,42,104,-14.881,4973.61,711.511
3981,42,105,-15.0412,4983.65,721.864
3982,42,106,-15.4458,5009.14,733.176
3983,42,107,-15.7938,5031.18,744.245
3984,42,108,-16.0907,5050.08,755.113
3985,42,109,-16.3416,5066.14,765.81
3986,42,110,-16.551,5079.61,776.364
3987,42,111,-16.7229,5090.73,786.799
3988,42,112,-16.8612,5099.72,797.136
3989,42,113,-16.9689,5106.76,807.392
3990,42,114,-17.1603,5119.33,817.939
3991,42,115,-17.4261,5136.87,828.93
3992,42,116,-17.7582,5158.9,840.487
3993,42,117,-18.3541,5198.62,855.392
3994,42,118,-18.8864,5234.29,869.414
3995,42,119,-19.3604,5266.2,882.734
3996,42,120,-19.7809,5294.66,895.486
3997,42,121,-20.1524,5319.92,907.771
3998,42,122,-20.4788,5342.22,919.667
3999,43,52,-0.606061,4278.79,95.0798
4000,43,53,-7.27273,4585.45,105.021
4001,43,54,-10.8392,4750.7,113.971
4002,43,55,-12.6374,4834.62,122.437
4003,43,56,-13.4066,4870.77,130.641
4004,43,57,-11.0714,4760.24,139.587
4005,43,58,-9.26471,4674.12,148.333
4006,43,59,-7.84314,4605.88,156.921
4007,43,60,-6.70795,4551.01,165.38
4008,43,61,-2.63158,4352.63,179.996
4009,43,62,0.37594,4205.26,191.867
4010,43,63,2.5974,4095.67,202.439
4011,43,64,5.42067,3955.45,214.775
4012,43,65,6.42292,3905.34,223.883
4013,43,66,6.13043,3920.06,232.467
4014,43,67,4.92308,3981.23,242.146
4015,43,68,3.93162,4031.79,251.577
4016,43,69,3.11355,4073.79,260.814
4017,43,70,0.957854,4185.17,274.896
4018,43,71,-5.61576,4527,314.889
4019,43,72,-11.5684,4838.52,339.08
4020,43,73,-16.371,5091.45,356.986
4021,43,74,-19.0982,5236,369.834
4022,43,75,-22.3262,5408.16,383.949
4023,43,76,-24.4003,5519.47,396.068
4024,43,77,-25.5462,5581.34,407.119
4025,43,78,-25.9459,5603.06,417.668
4026,43,79,-26.1735,5615.5,428.141
4027,43,80,-26.2611,5620.32,438.563
4028,43,81,-25.8502,5597.58,449.075
4029,43,82,-25.4034,5572.71,459.606
4030,43,83,-24.2334,5507.2,471.217
4031,43,84,-23.1424,5445.73,482.774
4032,43,85,-22.4404,5405.95,493.678
4033,43,86,-21.4588,5350,505.207
4034,43,87,-20.5402,5297.33,516.686
4035,43,88,-19.6793,5247.69,528.119
4036,43,89,-19.1374,5216.26,538.938
4037,43,90,-18.6116,5185.59,549.762
4038,43,91,-17.8571,5141.33,561.185
4039,43,92,-17.1477,5099.47,572.564
4040,43,93,-16.4796,5059.83,583.9
4041,43,94,-15.8499,5022.26,595.196
4042,43,95,-15.4652,4999.18,605.913
4043,43,96,-15.0905,4976.57,616.632
4044,43,97,-14.7258,4954.44,627.351
4045,43,98,-14.3712,4932.81,638.071
4046,43,99,-14.0264,4911.67,648.791
4047,43,100,-14.0423,4912.64,659.059
4048,43,101,-14.0327,4912.05,669.308
4049,43,102,-14.165,4920.3,679.623
4050,43,103,-14.2623,4926.39,689.888
4051,43,104,-14.4821,4940.24,700.36
4052,43,105,-14.6601,4951.52,710.74
4053,43,106,-15.0893,4978.84,722.116
4054,43,107,-15.4589,5002.5,733.241
4055,43,108,-15.775,5022.83,744.156
4056,43,109,-16.0428,5040.15,754.893
4057,43,110,-16.2671,5054.73,765.482
4058,43,111,-16.4523,5066.83,775.948
4059,43,112,-16.6022,5076.67,786.31
4060,43,113,-16.7203,5084.47,796.587
4061,43,114,-16.9239,5097.97,807.168
4062,43,115,-17.2035,5116.61,818.201
4063,43,116,-17.5505,5139.86,829.805
4064,43,117,-18.1679,5181.43,844.769
4065,43,118,-18.7191,5218.73,858.835
4066,43,119,-19.2097,5252.09,872.19
4067,43,120,-19.6449,5281.83,884.972
4068,43,121,-20.0292,5308.22,897.283
4069,43,122,-20.3669,5331.52,909.202
4070,44,53,1.21212,4161.21,93.9482
4071,44,54,-4.54545,4431.82,103.506
4072,44,55,-7.69231,4580.77,112.245
4073,44,56,-9.34066,4659.34,120.559
4074,44,57,-7.25275,4559.12,129.132
4075,44,58,-5.71429,4484.76,137.518
4076,44,59,-4.55882,4428.53,145.756
4077,44,60,-3.67647,4385.29,153.871
4078,44,61,0.515996,4178.47,168.203
4079,44,62,3.50877,4029.82,179.672
4080,44,63,5.6391,3923.31,189.83
4081,44,64,8.44156,3782.25,201.837
4082,44,65,9.2603,3740.77,210.596
4083,44,66,8.69565,3769.57,219.171
4084,44,67,7.17391,3847.68,229.362
4085,44,68,5.92308,3912.31,239.169
4086,44,69,4.88889,3966.09,248.69
4087,44,70,2.442,4094.14,263.795
4088,44,71,-4.70717,4470.66,304.82
4089,44,72,-11.133,4811.23,328.86
4090,44,73,-16.2848,5085.99,346.608
4091,44,74,-19.1935,5242.1,359.411
4092,44,75,-22.6173,5426.98,373.421
4093,44,76,-24.7995,5545.54,385.494
4094,44,77,-25.9893,5610.59,396.536
4095,44,78,-26.3866,5632.44,407.102
4096,44,79,-26.6023,5644.38,417.596
4097,44,80,-26.6714,5648.22,428.04
4098,44,81,-26.2173,5622.79,438.587
4099,44,82,-25.7287,5595.27,449.151
4100,44,83,-24.4841,5524.74,460.787
4101,44,84,-23.3275,5458.82,472.364
4102,44,85,-22.5833,5416.14,483.291
4103,44,86,-21.5494,5356.52,494.83
4104,44,87,-20.5849,5300.58,506.315
4105,44,88,-19.6838,5248.02,517.75
4106,44,89,-19.1181,5214.83,528.581
4107,44,90,-18.5708,5182.54,539.415
4108,44,91,-17.7866,5136.01,550.831
4109,44,92,-17.051,5092.12,562.199
4110,44,93,-16.3601,5050.67,573.524
4111,44,94,-15.7104,5011.47,584.807
4112,44,95,-15.3163,4987.56,595.525
4113,44,96,-14.9331,4964.18,606.243
4114,44,97,-14.5607,4941.34,616.96
4115,44,98,-14.1991,4919.05,627.676
4116,44,99,-13.8483,4897.29,638.391
4117,44,100,-13.8709,4898.7,648.675
4118,44,101,-13.8669,4898.46,658.94
4119,44,102,-14.0094,4907.43,669.276
4120,44,103,-14.115,4914.12,679.56
4121,44,104,-14.3469,4928.88,690.055
4122,44,105,-14.535,4940.92,700.456
4123,44,106,-14.9818,4969.66,711.85
4124,44,107,-15.3663,4994.53,722.992
4125,44,108,-15.6949,5015.89,733.923
4126,44,109,-15.9733,5034.08,744.676
4127,44,110,-16.2064,5049.39,755.282
4128,44,111,-16.3988,5062.09,765.763
4129,44,112,-16.5546,5072.42,776.141
4130,44,113,-16.6775,5080.61,786.434
4131,44,114,-16.888,5094.71,797.027
4132,44,115,-17.1763,5114.13,808.067
4133,44,116,-17.5336,5138.31,819.671
4134,44,117,-18.1681,5181.45,834.587
4135,44,118,-18.734,5220.12,848.612
4136,44,119,-19.2372,5254.67,861.934
4137,44,120,-19.6829,5285.43,874.687
4138,44,121,-20.0761,5312.69,886.974
4139,44,122,-20.4211,5336.73,898.873
4140,45,54,-6.66667,4540,95.1225
4141,45,55,-10,4700,103.779
4142,45,56,-11.5385,4774.36,112.059
4143,45,57,-8.79121,4640.66,120.809
4144,45,58,-6.81319,4543.74,129.333
4145,45,59,-5.35714,4471.9,137.683
4146,45,60,-4.26471,4417.65,145.893
4147,45,61,0.490196,4179.9,160.036
4148,45,62,3.81837,4012.38,171.359
4149,45,63,6.14035,3894.74,181.413
4150,45,64,9.17293,3740.08,193.171
4151,45,65,10,3697.62,201.902
4152,45,66,9.31677,3732.92,210.552
4153,45,67,7.6087,3821.74,220.823
4154,45,68,6.21739,3894.55,230.683
4155,45,69,5.07692,3954.62,240.242
4156,45,70,2.42735,4095.04,255.174
4157,45,71,-5.25031,4504.52,294.974
4158,45,72,-12.0963,4871.92,318.418
4159,45,73,-17.5369,5165.71,335.811
4160,45,74,-20.5562,5329.76,348.457
4161,45,75,-24.1129,5524.19,362.255
4162,45,76,-26.338,5646.57,374.198
4163,45,77,-27.5067,5711.24,385.169
4164,45,78,-27.838,5729.69,395.715
4165,45,79,-27.9832,5737.82,406.199
4166,45,80,-27.9794,5737.6,416.644
4167,45,81,-27.4301,5706.47,427.234
4168,45,82,-26.852,5673.52,437.847
4169,45,83,-25.4858,5595.2,449.592
4170,45,84,-24.2214,5522.28,461.265
4171,45,85,-23.3972,5474.48,472.257
4172,45,86,-22.2753,5409.03,483.877
4173,45,87,-21.2323,5347.84,495.433
4174,45,88,-20.2607,5290.52,506.933
4175,45,89,-19.6443,5253.94,517.811
4176,45,90,-19.0503,5218.5,528.69
4177,45,91,-18.2123,5168.22,540.157
4178,45,92,-17.4284,5120.93,551.571
4179,45,93,-16.6939,5076.37,562.937
4180,45,94,-16.0048,5034.33,574.257
4181,45,95,-15.5837,5008.51,585.007
4182,45,96,-15.1754,4983.33,595.754
4183,45,97,-14.7799,4958.81,606.5
4184,45,98,-14.3968,4934.93,617.244
4185,45,99,-14.026,4911.69,627.984
4186,45,100,-14.0431,4912.76,638.284
4187,45,101,-14.0329,4912.12,648.565
4188,45,102,-14.1745,4921.14,658.909
4189,45,103,-14.2782,4927.77,669.203
4190,45,104,-14.5124,4942.84,679.696
4191,45,105,-14.7012,4955.05,690.098
4192,45,106,-15.157,4984.68,701.461
4193,45,107,-15.5482,5010.23,712.578
4194,45,108,-15.8814,5032.12,723.487
4195,45,109,-16.1626,5050.67,734.224
4196,45,110,-16.397,5066.22,744.816
4197,45,111,-16.5895,5079.06,755.287
4198,45,112,-16.7443,5089.43,765.658
4199,45,113,-16.8652,5097.57,775.948
4200,45,114,-17.0764,5111.86,786.524
4201,45,115,-17.3675,5131.66,797.533
4202,45,116,-17.7294,5156.39,809.09
4203,45,117,-18.3759,5200.78,823.899
4204,45,118,-18.9515,5240.49,837.831
4205,45,119,-19.4623,5275.91,851.071
4206,45,120,-19.9139,5307.37,863.752
4207,45,121,-20.3113,5335.19,875.974
4208,45,122,-20.6591,5359.65,887.817
4209,46,55,-13.3333,4873.33,95.1225
4210,46,56,-14.5455,4932.73,103.379
4211,46,57,-10.8392,4749.88,112.353
4212,46,58,-8.24176,4620.88,121.04
4213,46,59,-6.37363,4527.47,129.518
4214,46,60,-5,4458.33,137.835
4215,46,61,0.441176,4182.65,151.804
4216,46,62,4.16667,3992.65,162.988
4217,46,63,6.70795,3862.19,172.944
4218,46,64,10,3692.11,184.459
4219,46,65,10.8271,3649.1,193.171
4220,46,66,10,3692.38,201.902
4221,46,67,8.07453,3793.79,212.252
4222,46,68,6.52174,3876.09,222.164
4223,46,69,5.26087,3943.33,231.76
4224,46,70,2.38462,4097.69,246.511
4225,46,71,-5.88034,4544,285.078
4226,46,72,-13.1868,4940.98,307.926
4227,46,73,-18.9381,5255.39,324.964
4228,46,74,-22.069,5427.59,337.453
4229,46,75,-25.762,5631.93,351.039
4230,46,76,-28.0242,5757.86,362.853
4231,46,77,-29.1606,5821.5,373.756
4232,46,78,-29.4118,5835.65,384.286
4233,46,79,-29.4729,5839.11,394.766
4234,46,80,-29.3838,5834.03,405.216
4235,46,81,-28.7259,5796.31,415.857
4236,46,82,-28.0465,5757.14,426.524
4237,46,83,-26.5456,5670.08,438.386
4238,46,84,-25.1619,5589.37,450.161
4239,46,85,-24.2495,5535.84,461.223
4240,46,86,-23.0314,5463.97,472.926
4241,46,87,-21.9026,5397,484.556
4242,46,88,-20.8547,5334.48,496.121
4243,46,89,-20.1832,5294.19,507.048
4244,46,90,-19.5389,5255.31,517.973
4245,46,91,-18.6432,5200.97,529.49
4246,46,92,-17.8076,5150,540.95
4247,46,93,-17.0267,5102.11,552.355
4248,46,94,-16.2959,5057.04,563.712
4249,46,95,-15.8463,5029.17,574.492
4250,46,96,-15.4118,5002.08,585.269
4251,46,97,-14.9919,4975.77,596.043
4252,46,98,-14.5864,4950.22,606.813
4253,46,99,-14.1948,4925.42,617.579
4254,46,100,-14.2063,4926.15,627.895
4255,46,101,-14.19,4925.11,638.194
4256,46,102,-14.3311,4934.18,648.547
4257,46,103,-14.4329,4940.77,658.852
4258,46,104,-14.6698,4956.17,669.345
4259,46,105,-14.8597,4968.57,679.75
4260,46,106,-15.3252,4999.14,691.086
4261,46,107,-15.7236,5025.44,702.179
4262,46,108,-16.0618,5047.87,713.07
4263,46,109,-16.3462,5066.83,723.792
4264,46,110,-16.5822,5082.64,734.373
4265,46,111,-16.7749,5095.61,744.837
4266,46,112,-16.9287,5106.03,755.204
4267,46,113,-17.0478,5114.12,765.491
4268,46,114,-17.2598,5128.61,776.053
4269,46,115,-17.554,5148.81,787.033
4270,46,116,-17.9209,5174.12,798.547
4271,46,117,-18.58,5219.82,813.25
4272,46,118,-19.1657,5260.63,827.091
4273,46,119,-19.6846,5296.95,840.251
4274,46,120,-20.1422,5329.14,852.862
4275,46,121,-20.5441,5357.54,865.022
4276,46,122,-20.8949,5382.44,876.81
4277,47,56,-25.4545,5510.91,89.0612
4278,47,57,-19.0909,5192.73,99.4254
4279,47,58,-14.6853,4970.98,108.881
4280,47,59,-11.5385,4811.54,117.846
4281,47,60,-9.23077,4693.85,126.496
4282,47,61,-2.5,4348.33,142.055
4283,47,62,2.05882,4112.79,153.744
4284,47,63,5.14706,3952.21,163.954
4285,47,64,8.97833,3751.7,175.659
4286,47,65,10,3697.89,184.459
4287,47,66,9.17293,3741.73,193.171
4288,47,67,7.14286,3850,203.347
4289,47,68,5.5336,3936.36,213.105
4290,47,69,4.24901,4005.73,222.561
4291,47,70,1.21739,4170.45,236.91
4292,47,71,-7.61538,4653.31,274.502
4293,47,72,-15.3504,5078.74,296.781
4294,47,73,-21.3675,5411.68,313.443
4295,47,74,-24.5484,5588.75,325.726
4296,47,75,-28.3251,5800.25,339.061
4297,47,76,-30.5673,5926.56,350.701
4298,47,77,-31.6129,5985.81,361.496
4299,47,78,-31.7265,5992.28,371.987
4300,47,79,-31.6511,5987.96,382.444
4301,47,80,-31.4286,5975.13,392.886
4302,47,81,-30.6162,5928.01,403.591
4303,47,82,-29.7941,5880.05,414.327
4304,47,83,-28.1176,5781.7,426.38
4305,47,84,-26.5784,5690.89,438.32
4306,47,85,-25.5466,5629.66,449.483
4307,47,86,-24.2026,5549.47,461.322
4308,47,87,-22.9617,5475.02,473.073
4309,47,88,-21.8135,5405.74,484.745
4310,47,89,-21.0661,5360.4,495.74
4311,47,90,-20.3524,5316.86,506.731
4312,47,91,-19.3808,5257.27,518.336
4313,47,92,-18.4767,5201.52,529.873
4314,47,93,-17.6341,5149.28,541.35
4315,47,94,-16.8476,5100.26,552.77
4316,47,95,-16.3571,5069.52,563.596
4317,47,96,-15.8848,5039.76,574.417
4318,47,97,-15.4299,5010.95,585.233
4319,47,98,-14.9919,4983.07,596.043
4320,47,99,-14.5702,4956.08,606.848
4321,47,100,-14.5683,4955.96,617.176
4322,47,101,-14.5382,4954.01,627.488
4323,47,102,-14.6719,4962.7,637.839
4324,47,103,-14.7654,4968.81,648.145
4325,47,104,-14.9989,4984.14,658.623
4326,47,105,-15.1841,4996.36,669.017
4327,47,106,-15.6543,5027.56,680.303
4328,47,107,-16.055,5054.27,691.352
4329,47,108,-16.3934,5076.94,702.205
4330,47,109,-16.6763,5095.99,712.894
4331,47,110,-16.9093,5111.76,723.447
4332,47,111,-17.0979,5124.58,733.887
4333,47,112,-17.2466,5134.74,744.235
4334,47,113,-17.3597,5142.51,754.508
4335,47,114,-17.5688,5156.94,765.038
4336,47,115,-17.8626,5177.31,775.97
4337,47,116,-18.2311,5202.98,787.42
4338,47,117,-18.9001,5249.81,802.004
4339,47,118,-19.4932,5291.52,815.74
4340,47,119,-20.0173,5328.56,828.805
4341,47,120,-20.4783,5361.29,841.329
4342,47,121,-20.8819,5390.08,853.412
4343,47,122,-21.2331,5415.25,865.128
4344,48,57,-18.7879,5176.36,91.5801
4345,48,58,-13.6364,4913.64,100.921
4346,48,59,-10.1399,4734.15,109.768
4347,48,60,-7.69231,4607.69,118.3
4348,48,61,-0.21978,4219.12,133.107
4349,48,62,4.64286,3964.64,144.347
4350,48,63,7.79412,3798.68,154.227
4351,48,64,11.7647,3588.24,165.498
4352,48,65,12.5903,3544.2,174.138
4353,48,66,11.4035,3607.89,182.984
4354,48,67,8.94737,3740.53,193.531
4355,48,68,7.01299,3845.63,203.543
4356,48,69,5.47713,3929.59,213.187
4357,48,70,2.0751,4116.7,227.793
4358,48,71,-7.56522,4650.13,264.677
4359,48,72,-15.9231,5115.38,286.467
4360,48,73,-22.359,5475.79,302.834
4361,48,74,-25.7021,5664.12,315.01
4362,48,75,-29.6661,5888.75,328.177
4363,48,76,-31.9704,6020.1,339.73
4364,48,77,-32.9922,6078.68,350.496
4365,48,78,-33.0242,6080.52,361.002
4366,48,79,-32.8629,6071.17,371.481
4367,48,80,-32.5535,6053.12,381.954
4368,48,81,-31.6272,5998.78,392.718
4369,48,82,-30.7003,5944.09,403.514
4370,48,83,-28.8803,5836.1,415.646
4371,48,84,-27.2167,5736.84,427.651
4372,48,85,-26.0969,5669.66,438.866
4373,48,86,-24.6559,5582.71,450.75
4374,48,87,-23.3302,5502.29,462.538
4375,48,88,-22.108,5427.74,474.24
4376,48,89,-21.3111,5378.86,485.265
4377,48,90,-20.5527,5332.09,496.283
4378,48,91,-19.5278,5268.55,507.903
4379,48,92,-18.5771,5209.28,519.452
4380,48,93,-17.6935,5153.91,530.937
4381,48,94,-16.871,5102.09,542.362
4382,48,95,-16.3591,5069.68,553.201
4383,48,96,-15.8673,5038.37,564.034
4384,48,97,-15.395,5008.13,574.86
4385,48,98,-14.9412,4978.94,585.678
4386,48,99,-14.5053,4950.75,596.489
4387,48,100,-14.5057,4950.78,606.837
4388,48,101,-14.4768,4948.9,617.167
4389,48,102,-14.6176,4958.14,627.538
4390,48,103,-14.7163,4964.65,637.863
4391,48,104,-14.9598,4980.81,648.358
4392,48,105,-15.1527,4993.67,658.769
4393,48,106,-15.64,5026.31,670.058
4394,48,107,-16.0545,5054.22,681.112
4395,48,108,-16.404,5077.87,691.971
4396,48,109,-16.6956,5097.7,702.668
4397,48,110,-16.9355,5114.09,713.23
4398,48,111,-17.1291,5127.39,723.68
4399,48,112,-17.2815,5137.9,734.039
4400,48,113,-17.3969,5145.91,744.324
4401,48,114,-17.6111,5160.83,754.86
4402,48,115,-17.9124,5181.92,765.788
4403,48,116,-18.2901,5208.48,777.224
4404,48,117,-18.9765,5256.99,791.738
4405,48,118,-19.5842,5300.13,805.414
4406,48,119,-20.1203,5338.38,818.428
4407,48,120,-20.5911,5372.12,830.91
4408,48,121,-21.0026,5401.75,842.957
4409,48,122,-21.3599,5427.59,854.643
4410,49,58,-10.9091,4763.64,92.5809
4411,49,59,-7.27273,4574.55,101.223
4412,49,60,-4.8951,4450.12,109.569
4413,49,61,3.2967,4018.68,123.608
4414,49,62,8.35165,3750.77,134.35
4415,49,63,11.4286,3586.67,143.845
4416,49,64,15.4412,3371.32,154.644
4417,49,65,15.9314,3344.85,163.1
4418,49,66,14.2415,3436.67,172.174
4419,49,67,11.2281,3601.4,183.279
4420,49,68,8.87218,3730.98,193.648
4421,49,69,7.01299,3833.85,203.543
4422,49,70,3.16206,4048.22,218.519
4423,49,71,-7.41107,4640.32,254.803
4424,49,72,-16.4783,5151.1,276.123
4425,49,73,-23.3846,5542.46,292.206
4426,49,74,-26.906,5743.18,304.284
4427,49,75,-31.0745,5982.17,317.29
4428,49,76,-33.4428,6118.75,328.763
4429,49,77,-34.4335,6176.21,339.506
4430,49,78,-34.3715,6172.59,350.032
4431,49,79,-34.1129,6157.42,360.54
4432,49,80,-33.706,6133.41,371.048
4433,49,81,-32.6537,6070.98,381.874
4434,49,82,-31.6119,6008.82,392.731
4435,49,83,-29.6359,5890.25,404.94
4436,49,84,-27.8378,5781.77,417.005
4437,49,85,-26.624,5708.13,428.268
4438,49,86,-25.0793,5613.91,440.192
4439,49,87,-23.664,5527.1,452.012
4440,49,88,-22.364,5446.93,463.738
4441,49,89,-21.5157,5394.34,474.79
4442,49,90,-20.7114,5344.21,485.832
4443,49,91,-19.6315,5276.53,497.462
4444,49,92,-18.6328,5213.62,509.018
4445,49,93,-17.7075,5155.01,520.506
4446,49,94,-16.8486,5100.33,531.932
4447,49,95,-16.3159,5066.23,542.782
4448,49,96,-15.8055,5033.4,553.623
4449,49,97,-15.3163,5001.77,564.456
4450,49,98,-14.8475,4971.29,575.28
4451,49,99,-14.3982,4941.94,586.095
4452,49,100,-14.4028,4942.24,596.462
4453,49,101,-14.3767,4940.52,606.811
4454,49,102,-14.5264,4950.45,617.203
4455,49,103,-14.632,4957.49,627.547
4456,49,104,-14.8872,4974.59,638.062
4457,49,105,-15.0894,4988.2,648.492
4458,49,106,-15.5957,5022.46,659.788
4459,49,107,-16.0257,5051.7,670.851
4460,49,108,-16.3879,5076.45,681.719
4461,49,109,-16.6896,5097.17,692.427
4462,49,110,-16.9374,5114.26,703
4463,49,111,-17.1371,5128.11,713.463
4464,49,112,-17.294,5139.04,723.835
4465,49,113,-17.4126,5147.34,734.134
4466,49,114,-17.6328,5162.83,744.677
4467,49,115,-17.9424,5184.71,755.606
4468,49,116,-18.3303,5212.25,767.032
4469,49,117,-19.0354,5262.55,781.482
4470,49,118,-19.6588,5307.23,795.104
4471,49,119,-20.2079,5346.76,808.073
4472,49,120,-20.6894,5381.59,820.517
4473,49,121,-21.1095,5412.11,832.532
4474,49,122,-21.4735,5438.69,844.191
4475,50,59,-1.81818,4269.09,91.7208
4476,50,60,0,4172.73,99.7704
4477,50,61,8.74126,3706.53,113.093
4478,50,62,13.7363,3438.46,123.258
4479,50,63,16.4835,3290.11,132.268
4480,50,64,20.3571,3079.64,142.532
4481,50,65,20.2941,3083.09,150.771
4482,50,66,17.8922,3215.2,160.311
4483,50,67,14.1383,3422.91,172.364
4484,50,68,11.2281,3584.91,183.279
4485,50,69,8.94737,3712.63,193.531
4486,50,70,4.54545,3960.61,209.046
4487,50,71,-7.11462,4621.34,244.874
4488,50,72,-16.996,5184.58,265.748
4489,50,73,-24.4348,5611.07,281.558
4490,50,74,-28.1538,5825.54,293.546
4491,50,75,-32.547,6080.34,306.4
4492,50,76,-34.9817,6222.36,317.801
4493,50,77,-35.9332,6278.19,328.528
4494,50,78,-35.7635,6268.18,339.081
4495,50,79,-35.3949,6246.3,349.623
4496,50,80,-34.879,6215.52,360.172
4497,50,81,-33.6877,6144.04,371.062
4498,50,82,-32.5201,6073.6,381.98
4499,50,83,-30.3743,5943.42,394.259
4500,50,84,-28.4314,5824.9,406.378
4501,50,85,-27.1171,5744.29,417.686
4502,50,86,-25.4623,5642.25,429.645
4503,50,87,-23.9523,5548.63,441.49
4504,50,88,-22.5709,5462.52,453.235
4505,50,89,-21.6698,5406.05,464.31
4506,50,90,-20.8188,5352.44,475.372
4507,50,91,-19.6824,5280.46,487.007
4508,50,92,-18.6349,5213.77,498.564
4509,50,93,-17.6674,5151.85,510.05
4510,50,94,-16.7721,5094.26,521.472
4511,50,95,-16.2195,5058.53,532.33
4512,50,96,-15.6915,5024.2,543.178
4513,50,97,-15.1867,4991.22,554.015
4514,50,98,-14.7041,4959.53,564.841
4515,50,99,-14.2425,4929.07,575.657
4516,50,100,-14.2534,4929.79,586.043
4517,50,101,-14.232,4928.37,596.41
4518,50,102,-14.3928,4939.14,606.824
4519,50,103,-14.5073,4946.85,617.189
4520,50,104,-14.7763,4965.05,627.725
4521,50,105,-14.9897,4979.56,638.176
4522,50,106,-15.5172,5015.61,649.485
4523,50,107,-15.9648,5046.34,660.56
4524,50,108,-16.3413,5072.32,671.442
4525,50,109,-16.6546,5094.04,682.163
4526,50,110,-16.9117,5111.95,692.75
4527,50,111,-17.1187,5126.44,703.227
4528,50,112,-17.2811,5137.86,713.614
4529,50,113,-17.4038,5146.54,723.928
4530,50,114,-17.6311,5162.67,734.483
4531,50,115,-17.9501,5185.43,745.416
4532,50,116,-18.3494,5214.05,756.836
4533,50,117,-19.0747,5266.27,771.23
4534,50,118,-19.715,5312.58,784.804
4535,50,119,-20.2782,5353.51,797.734
4536,50,120,-20.7713,5389.5,810.144
4537,50,121,-21.2007,5420.99,822.131
4538,50,122,-21.5723,5448.36,833.768
4539,51,60,-4.84848,4449.09,90.5579
4540,51,61,6.36364,3843.64,104.56
4541,51,62,12.5874,3505.48,114.879
4542,51,63,15.9341,3322.53,123.983
4543,51,64,20.4396,3074.73,134.218
4544,51,65,20.3571,3079.29,142.532
4545,51,66,17.6471,3230.15,152.05
4546,51,67,13.4804,3463.48,163.866
4547,51,68,10.3199,3641.52,174.584
4548,51,69,7.89474,3778.95,184.667
4549,51,70,3.15789,4048.95,199.684
4550,51,71,-9.48052,4773.55,234.287
4551,51,72,-20.0452,5382.78,254.547
4552,51,73,-27.8656,5836.36,269.967
4553,51,74,-31.6087,6054.71,281.755
4554,51,75,-36.0769,6316.85,294.357
4555,51,76,-38.4274,6455.52,305.593
4556,51,77,-39.1941,6501.02,316.237
4557,51,78,-38.7794,6476.27,326.789
4558,51,79,-38.1773,6440.15,337.349
4559,51,80,-37.4416,6395.76,347.931
4560,51,81,-36.0081,6308.79,358.933
4561,51,82,-34.6224,6224.27,369.963
4562,51,83,-32.2193,6076.87,382.463
4563,51,84,-30.0535,5943.32,394.764
4564,51,85,-28.5714,5851.43,406.188
4565,51,86,-26.7439,5737.51,418.283
4566,51,87,-25.083,5633.43,430.245
4567,51,88,-23.5693,5538.07,442.09
4568,51,89,-22.5709,5474.83,453.235
4569,51,90,-21.6323,5415.08,464.361
4570,51,91,-20.4007,5336.25,476.071
4571,51,92,-19.2691,5263.46,487.693
4572,51,93,-18.2271,5196.07,499.238
4573,51,94,-17.2657,5133.58,510.711
4574,51,95,-16.6667,5094.44,521.609
4575,51,96,-16.0962,5056.98,532.496
4576,51,97,-15.5527,5021.11,543.37
4577,51,98,-15.0347,4986.75,554.231
4578,51,99,-14.5408,4953.83,565.079
4579,51,100,-14.5402,4953.79,575.483
4580,51,101,-14.5068,4951.54,585.868
4581,51,102,-14.6632,4962.12,596.289
4582,51,103,-14.7718,4969.5,606.664
4583,51,104,-15.041,4987.9,617.196
4584,51,105,-15.2525,5002.42,627.646
4585,51,106,-15.7895,5039.47,638.92
4586,51,107,-16.2432,5070.93,649.966
4587,51,108,-16.6231,5097.4,660.824
4588,51,109,-16.9375,5119.4,671.525
4589,51,110,-17.1937,5137.42,682.097
4590,51,111,-17.3982,5151.88,692.563
4591,51,112,-17.5568,5163.14,702.942
4592,51,113,-17.6747,5171.55,713.252
4593,51,114,-17.9006,5187.74,723.788
4594,51,115,-18.2212,5210.82,734.686
4595,51,116,-18.6244,5239.98,746.057
4596,51,117,-19.3631,5293.66,760.338
4597,51,118,-20.0137,5341.16,773.815
4598,51,119,-20.5846,5383.02,786.658
4599,51,120,-21.083,5419.74,798.993
4600,51,121,-21.5158,5451.76,810.912
4601,51,122,-21.8889,5479.5,822.489
4602,52,61,15.1515,3333.94,93.1505
4603,52,62,20.9091,3017.27,102.743
4604,52,63,23.4266,2877.97,111.217
4605,52,64,27.4725,2652.75,120.779
4606,52,65,26.3736,2714.29,128.947
4607,52,66,22.5,2932.5,139.488
4608,52,67,17.2059,3232.5,152.782
4609,52,68,13.2353,3458.82,164.212
4610,52,69,10.2167,3631.89,174.717
4611,52,70,4.73684,3947.89,190.274
4612,52,71,-9.32331,4763.38,224.297
4613,52,72,-20.9091,5439.22,244.089
4614,52,73,-29.3619,5935.12,259.231
4615,52,74,-33.3004,6167.49,270.933
4616,52,75,-38,6446.33,283.383
4617,52,76,-40.3846,6588.62,294.553
4618,52,77,-41.0598,6629.13,305.191
4619,52,78,-40.4762,6593.92,315.785
4620,52,79,-39.7099,6547.43,326.393
4621,52,80,-38.8177,6493,337.03
4622,52,81,-37.1969,6393.59,348.108
4623,52,82,-35.6452,6297.9,359.21
4624,52,83,-33.0279,6135.63,371.783
4625,52,84,-30.6818,5989.39,384.136
4626,52,85,-29.0756,5888.74,395.605
4627,52,86,-27.1148,5765.21,407.728
4628,52,87,-25.3411,5652.87,419.709
4629,52,88,-23.7316,5550.4,431.566
4630,52,89,-22.6721,5482.59,442.73
4631,52,90,-21.6802,5418.78,453.872
4632,52,91,-20.3846,5335,465.579
4633,52,92,-19.1986,5257.91,477.195
4634,52,93,-18.1104,5186.81,488.731
4635,52,94,-17.1096,5121.1,500.193
4636,52,95,-16.4905,5080.23,511.095
4637,52,96,-15.9025,5041.23,521.983
4638,52,97,-15.3438,5003.98,532.856
4639,52,98,-14.8127,4968.4,543.716
4640,52,99,-14.3074,4934.38,554.56
4641,52,100,-14.3163,4934.98,564.983
4642,52,101,-14.2905,4933.22,575.386
4643,52,102,-14.4615,4944.91,585.831
4644,52,103,-14.5821,4953.19,596.227
4645,52,104,-14.8686,4972.96,606.784
4646,52,105,-15.0943,4988.61,617.257
4647,52,106,-15.6566,5027.78,628.551
4648,52,107,-16.1312,5061,639.616
4649,52,108,-16.5284,5088.94,650.492
4650,52,109,-16.8569,5112.15,661.211
4651,52,110,-17.1245,5131.15,671.801
4652,52,111,-17.3381,5146.39,682.285
4653,52,112,-17.504,5158.28,692.682
4654,52,113,-17.6274,5167.16,703.009
4655,52,114,-17.8619,5184.13,713.56
4656,52,115,-18.1937,5208.23,724.468
4657,52,116,-18.6101,5238.64,735.84
4658,52,117,-19.3717,5294.48,750.077
4659,52,118,-20.0415,5343.83,763.516
4660,52,119,-20.6283,5387.25,776.329
4661,52,120,-21.1399,5425.28,788.638
4662,52,121,-21.5834,5458.39,800.537
4663,52,122,-21.9651,5487.02,812.098
4664,53,62,33.9394,2248.48,82.8335
4665,53,63,34.5455,2214.55,89.8518
4666,53,64,37.4126,2053.03,98.4554
4667,53,65,34.6154,2211.54,107.517
4668,53,66,29.011,2530.99,123.002
4669,53,67,22.1429,2924.76,140.23
4670,53,68,17.0588,3217.94,153.016
4671,53,69,13.2353,3439.71,164.212
4672,53,70,6.81115,3814.45,180.613
4673,53,71,-8.94737,4738.95,214.244
4674,53,72,-21.7293,5493.08,233.597
4675,53,73,-30.9091,6037.75,248.476
4676,53,74,-35.0649,6285.71,260.101
4677,53,75,-40.0198,6583,272.412
4678,53,76,-42.4348,6728.71,283.526
4679,53,77,-43,6763,294.168
4680,53,78,-42.2222,6715.56,304.809
4681,53,79,-41.2698,6657.14,315.472
4682,53,80,-40.2025,6591.32,326.167
4683,53,81,-38.3744,6477.98,337.323
4684,53,82,-36.6407,6369.91,348.495
4685,53,83,-33.7903,6191.29,361.13
4686,53,84,-31.25,6031.25,373.526
4687,53,85,-29.512,5921.18,385.032
4688,53,86,-27.4102,5787.36,397.174
4689,53,87,-25.5182,5666.27,409.165
4690,53,88,-23.8095,5556.35,421.026
4691,53,89,-22.6885,5483.85,432.204
4692,53,90,-21.6435,5415.93,443.356
4693,53,91,-20.2834,5327.07,455.053
4694,53,92,-19.0432,5245.63,466.657
4695,53,93,-17.9094,5170.8,478.178
4696,53,94,-16.8706,5101.89,489.623
4697,53,95,-16.2338,5059.44,500.525
4698,53,96,-15.6307,5019.03,511.411
4699,53,97,-15.0593,4980.56,522.28
4700,53,98,-14.5174,4943.89,533.134
4701,53,99,-14.0032,4908.93,543.971
4702,53,100,-14.0252,4910.43,554.413
4703,53,101,-14.0102,4909.4,564.834
4704,53,102,-14.1993,4922.44,575.302
4705,53,103,-14.3348,4931.84,585.721
4706,53,104,-14.6419,4953.23,596.306
4707,53,105,-14.8847,4970.23,606.804
4708,53,106,-15.4755,5011.78,618.123
4709,53,107,-15.974,5047.01,629.212
4710,53,108,-16.391,5076.62,640.111
4711,53,109,-16.7358,5101.21,650.851
4712,53,110,-17.0168,5121.35,661.462
4713,53,111,-17.2414,5137.52,671.966
4714,53,112,-17.4159,5150.15,682.382
4715,53,113,-17.5463,5159.62,692.728
4716,53,114,-17.791,5177.49,703.296
4717,53,115,-18.1356,5202.75,714.218
4718,53,116,-18.5668,5234.52,725.597
4719,53,117,-19.3531,5292.71,739.799
4720,53,118,-20.0438,5344.05,753.209
4721,53,119,-20.6481,5389.17,765.997
4722,53,120,-21.1742,5428.63,778.286
4723,53,121,-21.6295,5462.93,790.17
4724,53,122,-22.0208,5492.54,801.719
4725,54,63,38.1818,1996.36,80.9714
4726,54,64,40.9091,1840.91,88.9813
4727,54,65,37.0629,2061.42,98.9512
4728,54,66,30.2198,2456.04,115.13
4729,54,67,22.1978,2921.32,132.07
4730,54,68,16.4286,3257.86,144.579
4731,54,69,12.2059,3505.59,155.552
4732,54,70,5.14706,3922.06,171.343
4733,54,71,-12.1775,4949.98,203.583
4734,54,72,-25.9649,5772.63,222.296
4735,54,73,-35.6391,6353.08,236.777
4736,54,74,-39.7403,6600.52,248.211
4737,54,75,-44.7205,6902.65,260.27
4738,54,76,-46.9368,7037.85,271.234
4739,54,77,-47.1739,7052.39,281.822
4740,54,78,-46,6980,292.509
4741,54,79,-44.6838,6898.39,303.236
4742,54,80,-43.2845,6811.17,314.01
4743,54,81,-41.1056,6674.63,325.321
4744,54,82,-39.064,6546.01,336.641
4745,54,83,-35.8621,6343.22,349.516
4746,54,84,-33.0242,6162.54,362.097
4747,54,85,-31.0667,6037.26,373.722
4748,54,86,-28.7433,5887.79,385.993
4749,54,87,-26.6616,5753.17,398.089
4750,54,88,-24.7899,5631.51,410.038
4751,54,89,-23.5521,5550.64,421.28
4752,54,90,-22.404,5475.25,432.492
4753,54,91,-20.9323,5378.12,444.249
4754,54,92,-19.5951,5289.42,455.904
4755,54,93,-18.3771,5208.22,467.47
4756,54,94,-17.2648,5133.69,478.954
4757,54,95,-16.5789,5087.51,489.891
4758,54,96,-15.9317,5043.72,500.809
4759,54,97,-15.3206,5002.16,511.709
4760,54,98,-14.7431,4962.7,522.591
4761,54,99,-14.1967,4925.18,533.455
4762,54,100,-14.2114,4926.19,543.917
4763,54,101,-14.188,4924.57,554.359
4764,54,102,-14.3776,4937.78,564.841
4765,54,103,-14.5114,4947.15,575.275
4766,54,104,-14.8235,4969.1,585.865
4767,54,105,-15.0687,4986.43,596.37
4768,54,106,-15.6749,5029.46,607.668
4769,54,107,-16.1845,5065.81,618.739
4770,54,108,-16.6089,5096.23,629.624
4771,54,109,-16.9583,5121.39,640.356
4772,54,110,-17.2414,5141.86,650.961
4773,54,111,-17.4659,5158.18,661.462
4774,54,112,-17.6388,5170.8,671.879
4775,54,113,-17.766,5180.13,682.228
4776,54,114,-18.0116,5198.22,692.787
4777,54,115,-18.3602,5224.01,703.686
4778,54,116,-18.798,5256.56,715.027
4779,54,117,-19.6016,5316.57,729.127
4780,54,118,-20.3059,5369.39,742.45
4781,54,119,-20.9206,5415.69,755.162
4782,54,120,-21.4542,5456.07,767.386
4783,54,121,-21.9147,5491.07,779.213
4784,54,122,-22.3091,5521.17,790.713
4785,55,64,44.2424,1637.58,80.3688
4786,55,65,39.0909,1936.36,91.1651
4787,55,66,30.7692,2421.79,107.43
4788,55,67,21.4286,2969.78,123.77
4789,55,68,14.9451,3352.31,135.895
4790,55,69,10.3571,3624.52,146.578
4791,55,70,2.64706,4084.56,161.728
4792,55,71,-16.4216,5228.68,192.692
4793,55,72,-31.2693,6124.49,210.77
4794,55,73,-41.4035,6739.3,224.841
4795,55,74,-45.3383,6979.32,236.075
4796,55,75,-50.2597,7281.17,247.867
4797,55,76,-52.1739,7399.21,258.675
4798,55,77,-51.9763,7386.96,269.222
4799,55,78,-50.3043,7282.74,279.983
4800,55,79,-48.5385,7172.08,290.805
4801,55,80,-46.735,7058.46,301.689
4802,55,81,-44.1392,6894.06,313.196
4803,55,82,-41.7351,6741,324.696
4804,55,83,-38.1281,6510.15,337.847
4805,55,84,-34.9499,6305.69,350.634
4806,55,85,-32.7419,6162.9,362.391
4807,55,86,-30.1686,5995.64,374.799
4808,55,87,-27.8743,5845.74,387.006
4809,55,88,-25.8212,5710.92,399.045
4810,55,89,-24.4538,5620.67,410.354
4811,55,90,-23.1918,5536.96,421.625
4812,55,91,-21.5979,5430.7,433.443
4813,55,92,-20.1554,5334.05,445.149
4814,55,93,-18.8462,5245.9,456.757
4815,55,94,-17.6548,5165.28,468.28
4816,55,95,-16.9164,5115.07,479.25
4817,55,96,-16.2223,5067.64,490.2
4818,55,97,-15.5693,5022.8,501.13
4819,55,98,-14.9542,4980.36,512.04
4820,55,99,-14.3742,4940.14,522.929
4821,55,100,-14.3817,4940.67,533.414
4822,55,101,-14.3501,4938.46,543.877
4823,55,102,-14.5408,4951.87,554.375
4824,55,103,-14.6735,4961.24,564.825
4825,55,104,-14.9916,4983.83,575.422
4826,55,105,-15.2398,5001.54,585.937
4827,55,106,-15.8627,5046.18,597.215
4828,55,107,-16.3845,5083.74,608.273
4829,55,108,-16.8172,5115.05,619.148
4830,55,109,-17.1717,5140.81,629.873
4831,55,110,-17.4573,5161.65,640.474
4832,55,111,-17.6821,5178.14,650.975
4833,55,112,-17.8535,5190.77,661.395
4834,55,113,-17.9778,5199.96,671.749
4835,55,114,-18.2245,5218.3,682.302
4836,55,115,-18.5775,5244.66,693.18
4837,55,116,-19.0224,5278.03,704.486
4838,55,117,-19.8445,5339.96,718.487
4839,55,118,-20.5632,5394.34,731.726
4840,55,119,-21.1888,5441.89,744.366
4841,55,120,-21.7305,5483.24,756.528
4842,55,121,-22.1965,5518.96,768.3
4843,55,122,-22.5942,5549.59,779.753
4844,56,65,40,1880,83.9789
4845,56,66,30,2470,99.6239
4846,56,67,19.2308,3108.97,115.116
4847,56,68,12.0879,3535.16,126.753
4848,56,69,7.25275,3825.27,137.073
4849,56,70,-1.07143,4327.5,151.57
4850,56,71,-22.0588,5600.74,181.488
4851,56,72,-37.9902,6572.55,198.942
4852,56,73,-48.5036,7217.37,212.588
4853,56,74,-52.1053,7439.47,223.606
4854,56,75,-56.8421,7733.16,235.112
4855,56,76,-58.3117,7824.76,245.758
4856,56,77,-57.5381,7776.28,256.281
4857,56,78,-55.2372,7631.32,267.164
4858,56,79,-52.913,7484.13,278.128
4859,56,80,-50.6154,7337.85,289.166
4860,56,81,-47.5214,7139.83,300.925
4861,56,82,-44.6886,6957.59,312.645
4862,56,83,-40.613,6694.03,326.117
4863,56,84,-37.0443,6462.07,339.136
4864,56,85,-34.5495,6299.07,351.037
4865,56,86,-31.6935,6111.53,363.593
4866,56,87,-29.1606,5944.35,375.915
4867,56,88,-26.9051,5794.74,388.048
4868,56,89,-25.3934,5693.96,399.424
4869,56,90,-24.0056,5600.98,410.758
4870,56,91,-22.278,5484.65,422.634
4871,56,92,-20.7207,5379.28,434.39
4872,56,93,-19.3128,5283.54,446.041
4873,56,94,-18.0364,5196.32,457.599
4874,56,95,-17.242,5141.77,468.603
4875,56,96,-16.4983,5090.45,479.584
4876,56,97,-15.801,5042.11,490.543
4877,56,98,-15.1465,4996.51,501.479
4878,56,99,-14.5314,4953.45,512.394
4879,56,100,-14.5323,4953.52,522.901
4880,56,101,-14.4928,4950.72,533.387
4881,56,102,-14.6855,4964.41,543.901
4882,56,103,-14.8176,4973.83,554.369
4883,56,104,-15.1429,4997.14,564.976
4884,56,105,-15.395,5015.29,575.502
4885,56,106,-16.0362,5061.68,586.765
4886,56,107,-16.5713,5100.56,597.811
4887,56,108,-17.0134,5132.83,608.679
4888,56,109,-17.3737,5159.26,619.4
4889,56,110,-17.6623,5180.52,630
4890,56,111,-17.8879,5197.21,640.503
4891,56,112,-18.0581,5209.86,650.927
4892,56,113,-18.1796,5218.93,661.289
4893,56,114,-18.4278,5237.55,671.838
4894,56,115,-18.7858,5264.52,682.699
4895,56,116,-19.2385,5298.77,693.974
4896,56,117,-20.0801,5362.73,707.88
4897,56,118,-20.8141,5418.77,721.037
4898,56,119,-21.4515,5467.63,733.609
4899,56,120,-22.0017,5510,745.71
4900,56,121,-22.4736,5546.49,757.431
4901,56,122,-22.8749,5577.66,768.84
4902,57,66,26.6667,2680,91.1457
4903,57,67,14.5455,3407.27,105.683
4904,57,68,6.99301,3862.94,116.729
4905,57,69,2.1978,4153.85,126.581
4906,57,70,-6.59341,4690.11,140.467
4907,57,71,-29.6429,6103.81,169.823
4908,57,72,-46.6176,7150.59,186.68
4909,57,73,-57.3529,7816.18,199.877
4910,57,74,-60.3715,8004.33,210.657
4911,57,75,-64.7368,8277.89,221.846
4912,57,76,-65.5639,8330,232.323
4913,57,77,-64.026,8232.6,242.859
4914,57,78,-60.926,8035.23,253.945
4915,57,79,-57.9051,7841.9,265.126
4916,57,80,-55,7655,276.387
4917,57,81,-51.3077,7416.23,288.474
4918,57,82,-47.9658,7199.01,300.473
4919,57,83,-43.3455,6897.15,314.322
4920,57,84,-39.3268,6633.25,327.602
4921,57,85,-36.5025,6446.85,339.663
4922,57,86,-33.3259,6236.14,352.375
4923,57,87,-30.5242,6049.35,364.818
4924,57,88,-28.0425,5883.08,377.047
4925,57,89,-26.3703,5770.49,388.493
4926,57,90,-24.8434,5667.17,399.889
4927,57,91,-22.9692,5539.72,411.823
4928,57,92,-21.287,5424.77,423.627
4929,57,93,-19.7724,5320.77,435.318
4930,57,94,-18.4046,5226.39,446.911
4931,57,95,-17.5506,5167.18,457.948
4932,57,96,-16.7542,5111.7,468.959
4933,57,97,-16.0105,5059.63,479.945
4934,57,98,-15.3148,5010.71,490.907
4935,57,99,-14.6632,4964.66,501.846
4936,57,100,-14.6582,4964.31,512.376
4937,57,101,-14.6113,4960.96,522.885
4938,57,102,-14.8073,4975,533.418
4939,57,103,-14.9399,4984.55,543.905
4940,57,104,-15.2736,5008.69,554.523
4941,57,105,-15.5306,5027.37,565.062
4942,57,106,-16.1921,5075.65,576.314
4943,57,107,-16.7421,5115.99,587.352
4944,57,108,-17.1946,5149.32,598.215
4945,57,109,-17.5617,5176.49,608.935
4946,57,110,-17.854,5198.22,619.537
4947,57,111,-18.0808,5215.15,630.045
4948,57,112,-18.2502,5227.85,640.475
4949,57,113,-18.3692,5236.82,650.846
4950,57,114,-18.6195,5255.76,661.393
4951,57,115,-18.9831,5283.39,672.24
4952,57,116,-19.4443,5318.6,683.487
4953,57,117,-20.3067,5384.72,697.302
4954,57,118,-21.0571,5442.5,710.383
4955,57,119,-21.707,5492.75,722.888
4956,57,120,-22.2665,5536.21,734.934
4957,57,121,-22.7448,5573.51,746.607
4958,57,122,-23.15,5605.26,757.975
4959,58,67,12.1212,3562.42,97.0891
4960,58,68,3.63636,4080,107.745
4961,58,69,-1.3986,4388.81,117.32
4962,58,70,-10.989,4980.22,130.536
4963,58,71,-36.7033,6574.51,158.674
4964,58,72,-55,7715,174.875
4965,58,73,-66.0294,8406.18,187.638
4966,58,74,-68.3824,8554.41,198.246
4967,58,75,-72.3426,8805.23,209.169
4968,58,76,-72.4561,8812.46,219.55
4969,58,77,-70.0752,8660.08,230.18
4970,58,78,-66.1039,8404.59,241.529
4971,58,79,-62.3377,8161.04,252.965
4972,58,80,-58.7945,7930.73,264.466
4973,58,81,-54.4783,7648.74,276.846
4974,58,82,-50.6154,7395.08,289.078
4975,58,83,-45.4359,7053.23,303.177
4976,58,84,-40.9646,6756.63,316.615
4977,58,85,-37.8216,6547.1,328.776
4978,58,86,-34.335,6313.5,341.565
4979,58,87,-31.2792,6107.74,354.061
4980,58,88,-28.5887,5925.69,366.326
4981,58,89,-26.7779,5802.55,377.808
4982,58,90,-25.1337,5690.2,389.233
4983,58,91,-23.1322,5552.76,401.178
4984,58,92,-21.3445,5429.41,412.987
4985,58,93,-19.7426,5318.34,424.679
4986,58,94,-18.3025,5218.02,436.269
4987,58,95,-17.4089,5155.47,447.317
4988,58,96,-16.5789,5097.09,458.337
4989,58,97,-15.8068,5042.52,469.329
4990,58,98,-15.0871,4991.43,480.295
4991,58,99,-14.4154,4943.51,491.236
4992,58,100,-14.4216,4943.96,501.789
4993,58,101,-14.3834,4941.21,512.32
4994,58,102,-14.5982,4956.74,522.878
4995,58,103,-14.7456,4967.46,533.39
4996,58,104,-15.1018,4993.46,544.033
4997,58,105,-15.3767,5013.62,554.597
4998,58,106,-16.0714,5064.8,565.866
4999,58,107,-16.6483,5107.48,576.922
5000,58,108,-17.1222,5142.71,587.803
5001,58,109,-17.5062,5171.38,598.54
5002,58,110,-17.8116,5194.29,609.161
5003,58,111,-18.0484,5212.13,619.686
5004,58,112,-18.2251,5225.5,630.135
5005,58,113,-18.3493,5234.94,640.524
5006,58,114,-18.609,5254.76,651.086
5007,58,115,-18.9855,5283.63,661.942
5008,58,116,-19.4623,5320.34,673.188
5009,58,117,-20.3529,5389.21,686.955
5010,58,118,-21.1264,5449.29,699.995
5011,58,119,-21.795,5501.44,712.467
5012,58,120,-22.3694,5546.43,724.486
5013,58,121,-22.8594,5584.98,736.138
5014,58,122,-23.2736,5617.7,747.49
5015,59,68,-2.42424,4473.94,98.1509
5016,59,69,-7.27273,4774.55,107.363
5017,59,70,-17.4825,5410.96,119.881
5018,59,71,-46.1538,7207.69,147.144
5019,59,72,-65.7143,8440,162.692
5020,59,73,-76.7857,9141.19,174.992
5021,59,74,-78.0882,9224.12,185.428
5022,59,75,-81.3725,9434.31,196.065
5023,59,76,-80.4954,9377.88,206.379
5024,59,77,-77.0175,9152.98,217.192
5025,59,78,-71.9549,8823.91,228.922
5026,59,79,-67.2727,8518.01,240.702
5027,59,80,-62.9588,8234.73,252.505
5028,59,81,-57.9051,7901.19,265.227
5029,59,82,-53.4348,7604.65,277.716
5030,59,83,-47.6154,7216.69,292.07
5031,59,84,-42.6325,6882.84,305.659
5032,59,85,-39.1331,6647.21,317.915
5033,59,86,-35.3038,6388.1,330.771
5034,59,87,-31.9704,6161.43,343.31
5035,59,88,-29.0545,5962.17,355.603
5036,59,89,-27.0968,5827.74,367.114
5037,59,90,-25.3299,5705.83,378.562
5038,59,91,-23.1952,5557.82,390.51
5039,59,92,-21.2987,5425.7,402.318
5040,59,93,-19.6078,5307.34,414.004
5041,59,94,-18.0952,5200.95,425.586
5042,59,95,-17.1645,5135.18,436.64
5043,59,96,-16.3038,5074.07,447.665
5044,59,97,-15.5061,5017.17,458.66
5045,59,98,-14.7655,4964.09,469.626
5046,59,99,-14.0767,4914.49,480.566
5047,59,100,-14.0993,4916.14,491.142
5048,59,101,-14.0743,4914.32,501.694
5049,59,102,-14.3129,4931.73,512.28
5050,59,103,-14.4796,4943.96,522.816
5051,59,104,-14.8628,4972.19,533.488
5052,59,105,-15.1596,4994.15,544.078
5053,59,106,-15.8923,5048.62,555.371
5054,59,107,-16.5,5093.99,566.449
5055,59,108,-16.9988,5131.4,577.351
5056,59,109,-17.4027,5161.83,588.109
5057,59,110,-17.7239,5186.13,598.75
5058,59,111,-17.9729,5205.06,609.296
5059,59,112,-18.1589,5219.26,619.765
5060,59,113,-18.29,5229.31,630.173
5061,59,114,-18.5612,5250.18,640.753
5062,59,115,-18.9526,5280.45,651.622
5063,59,116,-19.4469,5318.85,662.873
5064,59,117,-20.3682,5390.71,676.599
5065,59,118,-21.167,5453.28,689.606
5066,59,119,-21.8562,5507.49,702.051
5067,59,120,-22.4472,5554.18,714.049
5068,59,121,-22.9503,5594.1,725.684
5069,59,122,-23.3745,5627.9,737.024
5070,60,69,-16.9697,5414.55,95.9011
5071,60,70,-27.2727,6063.64,107.714
5072,60,71,-59.0909,8078.79,135.003
5073,60,72,-79.6703,9389.01,149.908
5074,60,73,-90.3297,10071.2,161.69
5075,60,74,-90,10050,171.968
5076,60,75,-92.2059,10192.6,182.291
5077,60,76,-89.951,10046.1,192.603
5078,60,77,-85.0361,9724.97,203.76
5079,60,78,-78.5965,9302.11,216.068
5080,60,79,-72.782,8918.35,228.32
5081,60,80,-67.5325,8570.13,240.509
5082,60,81,-61.6036,8174.87,253.629
5083,60,82,-56.4229,7827.77,266.399
5084,60,83,-49.8696,7386.51,281.006
5085,60,84,-44.3077,7010.15,294.735
5086,60,85,-40.4103,6745.13,307.079
5087,60,86,-36.2027,6457.61,319.989
5088,60,87,-32.567,6207.96,332.559
5089,60,88,-29.4089,5990.05,344.869
5090,60,89,-27.297,5843.63,356.403
5091,60,90,-25.4032,5711.69,367.868
5092,60,91,-23.1305,5552.6,379.811
5093,60,92,-21.123,5411.41,391.608
5094,60,93,-19.343,5285.62,403.282
5095,60,94,-17.7591,5173.17,414.85
5096,60,95,-16.7954,5104.42,425.907
5097,60,96,-15.908,5040.83,436.931
5098,60,97,-15.0892,4981.87,447.925
5099,60,98,-14.332,4927.1,458.888
5100,60,99,-13.6304,4876.12,469.823
5101,60,100,-13.676,4879.44,480.422
5102,60,101,-13.6699,4879,490.995
5103,60,102,-13.9384,4898.78,501.609
5104,60,103,-14.1297,4912.93,512.172
5105,60,104,-14.5455,4943.84,522.875
5106,60,105,-14.8689,4967.99,533.493
5107,60,106,-15.6452,5026.21,544.815
5108,60,107,-16.2885,5074.68,555.92
5109,60,108,-16.8163,5114.61,566.848
5110,60,109,-17.2437,5147.09,577.631
5111,60,110,-17.5837,5173.05,588.296
5112,60,111,-17.8477,5193.29,598.864
5113,60,112,-18.0455,5208.51,609.354
5114,60,113,-18.1856,5219.35,619.783
5115,60,114,-18.4704,5241.47,630.383
5116,60,115,-18.879,5273.34,641.268
5117,60,116,-19.3933,5313.63,652.53
5118,60,117,-20.3482,5388.75,666.225
5119,60,118,-21.1748,5454.04,679.207
5120,60,119,-21.8866,5510.52,691.632
5121,60,120,-22.496,5559.07,703.614
5122,60,121,-23.0138,5600.49,715.238
5123,60,122,-23.4495,5635.49,726.57
5124,61,70,-42.4242,7078.79,90.0756
5125,61,71,-77.2727,9309.09,121.661
5126,61,72,-98.2517,10658.7,135.988
5127,61,73,-107.692,11269.2,147.144
5128,61,74,-104.835,11083.5,157.323
5129,61,75,-105.357,11117.6,167.293
5130,61,76,-101.176,10843.1,177.778
5131,61,77,-94.3627,10393.4,189.637
5132,61,78,-86.1713,9850.02,202.88
5133,61,79,-78.9474,9368.42,215.803
5134,61,80,-72.5564,8940.23,228.487
5135,61,81,-65.5844,8470.78,242.067
5136,61,82,-59.5709,8063.86,255.139
5137,61,83,-52.1739,7560.87,269.991
5138,61,84,-45.9565,7136.01,283.845
5139,61,85,-41.6154,6837.92,296.264
5140,61,86,-36.9915,6518.87,309.213
5141,61,87,-33.0281,6244.08,321.801
5142,61,88,-29.6114,6006.05,334.115
5143,61,89,-27.3399,5847.04,345.665
5144,61,90,-25.317,5704.77,357.14
5145,61,91,-22.9032,5534.19,369.067
5146,61,92,-20.7845,5383.76,380.847
5147,61,93,-18.9171,5250.56,392.501
5148,61,94,-17.2651,5132.16,404.046
5149,61,95,-16.2745,5060.84,415.101
5150,61,96,-15.3668,4995.18,426.122
5151,61,97,-14.533,4934.59,437.11
5152,61,98,-13.7652,4878.54,448.066
5153,61,99,-13.0567,4826.59,458.991
5154,61,100,-13.1332,4832.22,469.614
5155,61,101,-13.1533,4833.71,480.207
5156,61,102,-13.4592,4856.45,490.852
5157,61,103,-13.6817,4873.06,501.442
5158,61,104,-14.1367,4907.19,512.179
5159,61,105,-14.4928,4934.01,522.828
5160,61,106,-15.3191,4996.54,534.186
5161,61,107,-16.0037,5048.57,545.324
5162,61,108,-16.5653,5091.44,556.282
5163,61,109,-17.0204,5126.33,567.093
5164,61,110,-17.383,5154.24,577.784
5165,61,111,-17.6652,5176.07,588.377
5166,61,112,-17.8776,5192.56,598.891
5167,61,113,-18.0294,5204.4,609.342
5168,61,114,-18.3305,5227.99,619.964
5169,61,115,-18.759,5261.7,630.87
5170,61,116,-19.296,5304.12,642.147
5171,61,117,-20.2878,5382.81,655.822
5172,61,118,-21.1449,5451.09,668.787
5173,61,119,-21.8819,5510.05,681.199
5174,61,120,-22.5118,5560.65,693.171
5175,61,121,-23.046,5603.74,704.789
5176,61,122,-23.4947,5640.09,716.119
5177,62,71,-90.303,10195.2,110.477
5178,62,72,-112.727,11652.7,124.054
5179,62,73,-121.329,12214.7,134.756
5180,62,74,-115.934,11860.4,145.107
5181,62,75,-114.945,11795.2,155.005
5182,62,76,-108.929,11396.1,165.833
5183,62,77,-100.294,10820.4,178.256
5184,62,78,-90.4412,10160.3,191.988
5185,62,79,-81.9401,9587.89,205.178
5186,62,80,-74.5614,9088.6,218.009
5187,62,81,-66.6917,8553.46,231.633
5188,62,82,-60,8096.19,244.694
5189,62,83,-51.8916,7539.41,259.409
5190,62,84,-45.1581,7074.8,273.127
5191,62,85,-40.5217,6753.35,285.464
5192,62,86,-35.6154,6411.54,298.285
5193,62,87,-31.453,6120.17,310.753
5194,62,88,-27.8999,5870.27,322.954
5195,62,89,-25.5884,5706.92,334.432
5196,62,90,-23.5468,5561.97,345.833
5197,62,91,-21.0901,5386.73,357.651
5198,62,92,-18.9516,5233.47,369.326
5199,62,93,-17.0821,5098.86,380.878
5200,62,94,-15.4412,4980.17,392.324
5201,62,95,-14.4996,4911.75,403.315
5202,62,96,-13.6415,4849.1,414.271
5203,62,97,-12.8571,4791.59,425.192
5204,62,98,-12.1385,4738.64,436.081
5205,62,99,-11.4783,4689.79,446.938
5206,62,100,-11.6397,4701.79,457.562
5207,62,101,-11.7355,4708.94,468.151
5208,62,102,-12.1254,4738.19,478.823
5209,62,103,-12.422,4760.53,489.431
5210,62,104,-12.9568,4801,500.216
5211,62,105,-13.3827,4833.36,510.903
5212,62,106,-14.2951,4903.01,522.362
5213,62,107,-15.054,4961.19,533.582
5214,62,108,-15.6799,5009.39,544.606
5215,62,109,-16.1908,5048.9,555.471
5216,62,110,-16.602,5080.84,566.206
5217,62,111,-16.9268,5106.17,576.833
5218,62,112,-17.1765,5125.73,587.374
5219,62,113,-17.3611,5140.25,597.845
5220,62,114,-17.6988,5166.92,608.507
5221,62,115,-18.1666,5204.04,619.471
5222,62,116,-18.7446,5250.09,630.82
5223,62,117,-19.7915,5333.84,644.614
5224,62,118,-20.6961,5406.51,657.67
5225,62,119,-21.4741,5469.26,670.155
5226,62,120,-22.1391,5523.13,682.187
5227,62,121,-22.7035,5569.04,693.856
5228,62,122,-23.1782,5607.81,705.229
5229,63,72,-130.303,12865.5,111.974
5230,63,73,-137.273,13325.5,122.23
5231,63,74,-128.322,12731.7,132.962
5232,63,75,-125.275,12528.6,142.903
5233,63,76,-116.923,11969,154.222
5234,63,77,-106.071,11238.3,167.246
5235,63,78,-94.2647,10439.4,181.381
5236,63,79,-84.3137,9762.75,194.744
5237,63,80,-75.8514,9184.49,207.637
5238,63,81,-67.0175,8577.89,221.218
5239,63,82,-59.6241,8067.74,234.203
5240,63,83,-50.7792,7454.5,248.712
5241,63,84,-43.5347,6949.8,262.25
5242,63,85,-38.6364,6606.92,274.471
5243,63,86,-33.4783,6244.13,287.134
5244,63,87,-29.1538,5938.54,299.456
5245,63,88,-25.5043,5679.42,311.52
5246,63,89,-23.199,5514.98,322.907
5247,63,90,-21.1823,5370.44,334.217
5248,63,91,-18.7192,5193.1,345.906
5249,63,92,-16.5962,5039.54,357.456
5250,63,93,-14.7581,4905.97,368.888
5251,63,94,-13.1598,4789.3,380.218
5252,63,95,-12.2995,4726.2,391.131
5253,63,96,-11.5202,4668.8,402.008
5254,63,97,-10.8123,4616.41,412.85
5255,63,98,-10.1673,4568.47,423.658
5256,63,99,-9.578,4524.47,434.434
5257,63,100,-9.8479,4544.71,445.06
5258,63,101,-10.0405,4559.22,455.643
5259,63,102,-10.5347,4596.61,466.347
5260,63,103,-10.9233,4626.15,476.979
5261,63,104,-11.555,4674.36,487.823
5262,63,105,-12.0658,4713.53,498.555
5263,63,106,-13.0796,4791.59,510.141
5264,63,107,-13.9262,4857.06,521.462
5265,63,108,-14.6284,4911.6,532.568
5266,63,109,-15.2058,4956.64,543.498
5267,63,110,-15.6752,4993.41,554.284
5268,63,111,-16.051,5022.97,564.951
5269,63,112,-16.3457,5046.25,575.522
5270,63,113,-16.5701,5064.05,586.015
5271,63,114,-16.9513,5094.42,596.724
5272,63,115,-17.4649,5135.51,607.757
5273,63,116,-18.0903,5185.75,619.193
5274,63,117,-19.1991,5275.19,633.142
5275,63,118,-20.1572,5352.8,646.315
5276,63,119,-20.9813,5419.83,658.892
5277,63,120,-21.6863,5477.4,671
5278,63,121,-22.2852,5526.51,682.731
5279,63,122,-22.7897,5568.04,694.156
5280,64,73,-155.758,14619.4,109.615
5281,64,74,-141.818,13685.5,121.045
5282,64,75,-136.014,13294.6,131.186
5283,64,76,-124.725,12530.8,143.103
5284,64,77,-111.209,11611.6,156.654
5285,64,78,-97.1429,10650.5,171.021
5286,64,79,-85.5882,9857.06,184.425
5287,64,80,-75.9804,9194.12,197.28
5288,64,81,-66.1507,8512.59,210.722
5289,64,82,-58.0702,7949.65,223.563
5290,64,83,-48.4962,7279.47,237.803
5291,64,84,-40.7792,6736.71,251.114
5292,64,85,-35.6861,6376.79,263.184
5293,64,86,-30.336,5996.94,275.657
5294,64,87,-25.913,5681.43,287.803
5295,64,88,-22.2308,5417.54,299.703
5296,64,89,-20,5256.92,310.974
5297,64,90,-18.0708,5117.38,322.171
5298,64,91,-15.6541,4941.76,333.707
5299,64,92,-13.5961,4791.53,345.11
5300,64,93,-11.8354,4662.41,356.399
5301,64,94,-10.3226,4550.97,367.59
5302,64,95,-9.58578,4496.44,378.409
5303,64,96,-8.9238,4447.24,389.19
5304,64,97,-8.32697,4402.67,399.936
5305,64,98,-7.78711,4362.18,410.648
5306,64,99,-7.2973,4325.29,421.326
5307,64,100,-7.70507,4356.14,431.956
5308,64,101,-8.02057,4380.12,442.534
5309,64,102,-8.64372,4427.69,453.283
5310,64,103,-9.14634,4466.22,463.945
5311,64,104,-9.89547,4523.9,474.867
5312,64,105,-10.5097,4571.4,485.658
5313,64,106,-11.643,4659.42,497.41
5314,64,107,-12.5934,4733.55,508.86
5315,64,108,-13.386,4795.64,520.068
5316,64,109,-14.0426,4847.29,531.079
5317,64,110,-14.5814,4889.86,541.928
5318,64,111,-15.0185,4924.53,552.644
5319,64,112,-15.3673,4952.33,563.251
5320,64,113,-15.6399,4974.13,573.767
5321,64,114,-16.0724,5008.87,584.532
5322,64,115,-16.6396,5054.63,595.65
5323,64,116,-17.3198,5109.72,607.193
5324,64,117,-18.4982,5205.57,621.344
5325,64,118,-19.5166,5288.74,634.668
5326,64,119,-20.393,5360.6,647.363
5327,64,120,-21.1434,5422.38,659.563
5328,64,121,-21.7817,5475.15,671.37
5329,64,122,-22.3203,5519.85,682.859
5330,65,74,-149.091,14201.8,110.823
5331,65,75,-140.909,13645.5,121.164
5332,65,76,-126.923,12689.7,133.216
5333,65,77,-110.989,11595.6,146.656
5334,65,78,-94.9451,10488.6,160.72
5335,65,79,-82.1429,9600.95,173.835
5336,65,80,-71.7647,8877.94,186.417
5337,65,81,-61.2745,8143.63,199.522
5338,65,82,-52.838,7550.26,212.062
5339,65,83,-42.807,6841.4,225.914
5340,65,84,-34.8872,6279.1,238.893
5341,65,85,-29.8701,5921.21,250.712
5342,65,86,-24.5624,5540.82,262.901
5343,65,87,-20.2569,5230.83,274.782
5344,65,88,-16.7391,4976.38,286.429
5345,65,89,-14.7692,4833.23,297.502
5346,65,90,-13.094,4710.94,308.501
5347,65,91,-10.8669,4547.62,319.8
5348,65,92,-9.00383,4410.37,330.972
5349,65,93,-7.43842,4294.53,342.037
5350,65,94,-6.11791,4196.37,353.008
5351,65,95,-5.60484,4158.06,363.66
5352,65,96,-5.15029,4123.97,374.276
5353,65,97,-4.74599,4093.52,384.855
5354,65,98,-4.38503,4066.2,395.4
5355,65,99,-4.06162,4041.62,405.912
5356,65,100,-4.67181,4088.2,416.538
5357,65,101,-5.16833,4126.27,427.093
5358,65,102,-5.9744,4188.34,437.91
5359,65,103,-6.63968,4239.78,448.612
5360,65,104,-7.55159,4310.61,459.661
5361,65,105,-8.3101,4369.77,470.542
5362,65,106,-9.60214,4470.98,482.586
5363,65,107,-10.6916,4556.69,494.258
5364,65,108,-11.6068,4628.99,505.633
5365,65,109,-12.3715,4689.66,516.768
5366,65,110,-13.0065,4740.24,527.71
5367,65,111,-13.5291,4782.05,538.491
5368,65,112,-13.9546,4816.23,549.14
5369,65,113,-14.2959,4843.77,559.68
5370,65,114,-14.7995,4884.56,570.524
5371,65,115,-15.4389,4936.56,581.773
5372,65,116,-16.1914,4998.02,593.497
5373,65,117,-17.4569,5101.78,608.037
5374,65,118,-18.5516,5191.91,621.645
5375,65,119,-19.4949,5269.9,634.554
5376,65,120,-20.3042,5337.06,646.921
5377,65,121,-20.9943,5394.57,658.858
5378,65,122,-21.5786,5443.46,670.45
5379,66,75,-146.667,14060,111.091
5380,66,76,-129.091,12847.3,123.265
5381,66,77,-110.14,11533.3,136.562
5382,66,78,-91.7582,10252.7,150.302
5383,66,79,-77.5824,9260.44,163.119
5384,66,80,-66.4286,8475.95,175.42
5385,66,81,-55.2941,7689.12,188.182
5386,66,82,-46.5686,7069.61,200.417
5387,66,83,-36.1197,6324.25,213.872
5388,66,84,-28.0702,5747.37,226.511
5389,66,85,-23.2331,5399.1,238.07
5390,66,86,-18.0519,5024.33,249.966
5391,66,87,-13.9469,4726.03,261.572
5392,66,88,-10.6719,4486.96,272.958
5393,66,89,-9.04348,4367.54,283.83
5394,66,90,-7.69231,4268,294.633
5395,66,91,-5.7094,4121.26,305.687
5396,66,92,-4.09035,4000.92,316.621
5397,66,93,-2.76409,3901.89,327.454
5398,66,94,-1.67488,3820.2,338.2
5399,66,95,-1.4238,3801.28,348.695
5400,66,96,-1.20968,3785.08,359.154
5401,66,97,-1.02639,3771.15,369.576
5402,66,98,-0.868984,3759.14,379.964
5403,66,99,-0.733384,3748.74,390.319
5404,66,100,-1.56863,3813.05,400.992
5405,66,101,-2.26512,3866.92,411.572
5406,66,102,-3.27169,3945.09,422.518
5407,66,103,-4.11424,4010.81,433.312
5408,66,104,-5.20243,4096.05,444.551
5409,66,105,-6.11632,4167.95,455.574
5410,66,106,-7.5784,4283.45,467.982
5411,66,107,-8.81614,4381.64,479.926
5412,66,108,-9.86107,4464.89,491.508
5413,66,109,-10.74,4535.2,502.802
5414,66,110,-11.4756,4594.3,513.863
5415,66,111,-12.0876,4643.66,524.734
5416,66,112,-12.5925,4684.56,535.449
5417,66,113,-13.0048,4718.09,546.034
5418,66,114,-13.5816,4765.2,556.977
5419,66,115,-14.2953,4823.73,568.376
5420,66,116,-15.1222,4891.8,580.292
5421,66,117,-16.4774,5003.84,595.209
5422,66,118,-17.6504,5101.19,609.089
5423,66,119,-18.6621,5185.5,622.2
5424,66,120,-19.531,5258.2,634.724
5425,66,121,-20.2734,5320.56,646.784
5426,66,122,-20.9036,5373.71,658.475
5427,67,76,-130.909,12980,113.237
5428,67,77,-108.182,11389.1,126.35
5429,67,78,-87.0629,9903.73,139.742
5430,67,79,-71.4286,8798.9,152.247
5431,67,80,-59.5604,7956.26,164.26
5432,67,81,-47.8571,7121.43,176.67
5433,67,82,-38.9706,6484.56,188.591
5434,67,83,-28.1863,5708.09,201.637
5435,67,84,-20.1238,5124.91,213.922
5436,67,85,-15.614,4797.19,225.215
5437,67,86,-10.6767,4436.77,236.804
5438,67,87,-6.88312,4158.57,248.123
5439,67,88,-3.95257,3942.69,259.236
5440,67,89,-2.7668,3854.94,269.91
5441,67,90,-1.82609,3785.01,280.518
5442,67,91,-0.153846,3660.15,291.318
5443,67,92,1.16239,3561.44,302.008
5444,67,93,2.1978,3483.44,312.605
5445,67,94,3.0104,3421.95,323.123
5446,67,95,2.95567,3426.11,333.478
5447,67,96,2.8921,3430.96,343.797
5448,67,97,2.82258,3436.29,354.081
5449,67,98,2.74927,3441.94,364.331
5450,67,99,2.6738,3447.77,374.548
5451,67,100,1.589,3532.02,385.341
5452,67,101,0.672269,3603.53,396.007
5453,67,102,-0.553411,3699.54,407.163
5454,67,103,-1.58843,3780.96,418.117
5455,67,104,-2.86683,3881.96,429.621
5456,67,105,-3.94737,3967.68,440.847
5457,67,106,-5.59099,4098.62,453.69
5458,67,107,-6.98606,4210.23,465.955
5459,67,108,-8.1679,4305.17,477.78
5460,67,109,-9.16641,4385.71,489.261
5461,67,110,-10.007,4453.81,500.467
5462,67,111,-10.7115,4511.1,511.45
5463,67,112,-11.2982,4559.01,522.25
5464,67,113,-11.7831,4598.77,532.899
5465,67,114,-12.4349,4652.44,543.957
5466,67,115,-13.2245,4717.71,555.515
5467,67,116,-14.1273,4792.64,567.623
5468,67,117,-15.5747,4913.26,582.887
5469,67,118,-16.8275,5018.08,597.01
5470,67,119,-17.9084,5108.88,610.303
5471,67,120,-18.8374,5187.23,622.965
5472,67,121,-19.632,5254.5,635.136
5473,67,122,-20.3076,5311.92,646.916
5474,68,77,-104.242,11097.6,115.988
5475,68,78,-80,9376.36,129.002
5476,68,79,-62.9371,8159.21,141.177
5477,68,80,-50.5495,7271.43,152.891
5478,68,81,-38.4615,6401.1,164.935
5479,68,82,-29.6429,5763.21,176.529
5480,68,83,-18.6765,4966.32,189.149
5481,68,84,-10.7843,4390.2,201.062
5482,68,85,-6.81115,4098.83,212.076
5483,68,86,-2.2807,3765.09,223.341
5484,68,87,1.05263,3518.42,234.356
5485,68,88,3.50649,3336.02,245.183
5486,68,89,4.12196,3290.06,255.665
5487,68,90,4.54545,3258.3,266.087
5488,68,91,5.82609,3161.83,276.626
5489,68,92,6.76923,3090.46,287.067
5490,68,93,7.45299,3038.5,297.426
5491,68,94,7.93651,3001.59,307.717
5492,68,95,7.526,3033.06,317.964
5493,68,96,7.14286,3062.56,328.176
5494,68,97,6.78532,3090.21,338.353
5495,68,98,6.45161,3116.13,348.498
5496,68,99,6.14003,3140.43,358.61
5497,68,100,4.77941,3247.01,369.627
5498,68,101,3.62108,3338.14,380.466
5499,68,102,2.15686,3453.81,391.935
5500,68,103,0.913771,3552.43,403.128
5501,68,104,-0.56899,3670.55,414.982
5502,68,105,-1.82733,3771.22,426.474
5503,68,106,-3.66397,3918.77,439.817
5504,68,107,-5.22514,4044.7,452.442
5505,68,108,-6.55052,4152.06,464.537
5506,68,109,-7.67361,4243.4,476.224
5507,68,110,-8.62277,4320.92,487.591
5508,68,111,-9.42213,4386.46,498.701
5509,68,112,-10.0922,4441.63,509.601
5510,68,113,-10.6506,4487.8,520.328
5511,68,114,-11.3784,4548.2,531.508
5512,68,115,-12.2449,4620.41,543.225
5513,68,116,-13.2245,4702.37,555.515
5514,68,117,-14.7659,4831.85,571.072
5515,68,118,-16.0995,4944.32,585.399
5516,68,119,-17.2501,5041.73,598.84
5517,68,120,-18.239,5125.79,611.617
5518,68,121,-19.0852,5198,623.879
5519,68,122,-19.8052,5259.68,635.733
5520,69,78,-62.4242,8058.18,117.244
5521,69,79,-45.4545,6836.36,128.915
5522,69,80,-33.9161,6001.75,140.169
5523,69,81,-22.5275,5174.18,151.703
5524,69,82,-14.7253,4604.62,162.825
5525,69,83,-4.28571,3839.05,174.914
5526,69,84,2.79412,3317.5,186.328
5527,69,85,5.63725,3107.11,196.933
5528,69,86,9.28793,2835.74,207.737
5529,69,87,11.7544,2651.58,218.314
5530,69,88,13.3835,2529.4,228.725
5531,69,89,13.1169,2549.48,238.94
5532,69,90,12.7612,2576.4,249.11
5533,69,91,13.4387,2524.9,259.273
5534,69,92,13.8261,2495.33,269.359
5535,69,93,14,2482,279.384
5536,69,94,14.0171,2480.68,289.361
5537,69,95,13.1258,2549.61,299.507
5538,69,96,12.3153,2612.56,309.619
5539,69,97,11.5764,2670.2,319.697
5540,69,98,10.901,2723.1,329.743
5541,69,99,10.2823,2771.77,339.756
5542,69,100,8.57771,2906.43,351.27
5543,69,101,7.11898,3022.16,362.486
5544,69,102,5.36287,3162.06,374.553
5545,69,103,3.86555,3281.85,386.191
5546,69,104,2.13642,3420.76,398.647
5547,69,105,0.663822,3539.54,410.584
5548,69,106,-1.40059,3706.76,424.709
5549,69,107,-3.15789,3849.69,437.876
5550,69,108,-4.65291,3971.78,450.364
5551,69,109,-5.92334,4075.96,462.346
5552,69,110,-7.00105,4164.69,473.938
5553,69,111,-7.91302,4240.08,485.221
5554,69,112,-8.68217,4303.92,496.256
5555,69,113,-9.32806,4357.74,507.088
5556,69,114,-10.1449,4426.09,518.431
5557,69,115,-11.1008,4506.38,530.355
5558,69,116,-12.1689,4596.46,542.884
5559,69,117,-13.8163,4735.94,558.833
5560,69,118,-15.2413,4857.06,573.426
5561,69,119,-16.4706,4961.96,587.06
5562,69,120,-17.5275,5052.51,599.982
5563,69,121,-18.4325,5130.33,612.358
5564,69,122,-19.2034,5196.88,624.303
5565,70,79,-12.1212,4303.03,112.959
5566,70,80,-4.54545,3750,123.34
5567,70,81,3.84615,3134.62,133.987
5568,70,82,8.79121,2770.33,144.232
5569,70,83,17.3626,2136.04,155.578
5570,70,84,22.5,1754.17,166.145
5571,70,85,23.2353,1699.26,175.977
5572,70,86,25.2451,1548.53,185.926
5573,70,87,26.2126,1475.64,195.678
5574,70,88,26.4912,1454.56,205.316
5575,70,89,24.8872,1576.47,215.185
5576,70,90,23.3766,1691.77,225.05
5577,70,91,23.1508,1709.09,234.556
5578,70,92,22.7273,1741.7,244.044
5579,70,93,22.1739,1784.49,253.533
5580,70,94,21.5385,1833.85,263.034
5581,70,95,20,1953.85,273.342
5582,70,96,18.6203,2061.93,283.587
5583,70,97,17.3782,2159.63,293.774
5584,70,98,16.2562,2248.28,303.908
5585,70,99,15.2392,2328.96,313.991
5586,70,100,13.1048,2498.99,327.07
5587,70,101,11.272,2645.62,339.397
5588,70,102,9.15775,2815.46,352.948
5589,70,103,7.34912,2961.36,365.62
5590,70,104,5.32213,3125.55,379.325
5591,70,105,3.59073,3266.37,392.129
5592,70,106,1.25652,3456.99,407.642
5593,70,107,-0.733122,3620.14,421.711
5594,70,108,-2.42915,3759.78,434.823
5595,70,109,-3.8743,3879.25,447.257
5596,70,110,-5.10453,3981.36,459.186
5597,70,111,-6.15023,4068.5,470.725
5598,70,112,-7.03715,4142.71,481.955
5599,70,113,-7.78717,4205.71,492.937
5600,70,114,-8.70883,4283.43,504.507
5601,70,115,-9.76873,4373.17,516.718
5602,70,116,-10.9389,4472.64,529.571
5603,70,117,-12.7063,4623.45,546.052
5604,70,118,-14.2347,4754.39,560.998
5605,70,119,-15.5534,4867.8,574.883
5606,70,120,-16.6878,4965.73,587.991
5607,70,121,-17.6599,5049.98,600.511
5608,70,122,-18.489,5122.11,612.57
5609,71,80,33.3333,833.333,90.4225
5610,71,81,36.3636,609.091,98.7543
5611,71,82,36.7133,583.1,106.438
5612,71,83,42.3077,165.385,118.108
5613,71,84,44.6154,-7.69231,126.76
5614,71,85,42.5,151.667,135.501
5615,71,86,42.3529,162.794,143.276
5616,71,87,41.4216,233.578,151.314
5617,71,88,40.0413,338.94,159.932
5618,71,89,36.8421,584.211,173.286
5619,71,90,33.985,804.211,185.728
5620,71,91,32.7273,901.472,194.777
5621,71,92,31.3947,1004.97,204.166
5622,71,93,30.0395,1110.67,213.853
5623,71,94,28.6957,1215.94,223.782
5624,71,95,26.4615,1391.69,237.301
5625,71,96,24.4786,1548.34,249.889
5626,71,97,22.7106,1688.6,261.873
5627,71,98,21.1275,1814.72,273.433
5628,71,99,19.7044,1928.57,284.677
5629,71,100,17.1301,2135.37,301.863
5630,71,101,14.9194,2313.71,316.633
5631,71,102,12.445,2514.13,332.723
5632,71,103,10.3275,2686.35,346.964
5633,71,104,8.00611,2875.94,362.263
5634,71,105,6.02241,3038.6,376.091
5635,71,106,3.42342,3252.58,392.961
5636,71,107,1.2091,3435.63,407.845
5637,71,108,-0.678411,3592.3,421.499
5638,71,109,-2.28745,3726.38,434.316
5639,71,110,-3.65854,3841.1,446.529
5640,71,111,-4.82578,3939.15,458.285
5641,71,112,-5.81801,4022.82,469.685
5642,71,113,-6.65962,4094.08,480.803
5643,71,114,-7.67442,4180.34,492.547
5644,71,115,-8.8274,4278.73,504.956
5645,71,116,-10.0894,4386.84,518.013
5646,71,117,-11.9681,4548.4,534.758
5647,71,118,-13.591,4688.51,549.871
5648,71,119,-14.9898,4809.74,563.871
5649,71,120,-16.1921,4914.34,577.065
5650,71,121,-17.2217,5004.27,589.651
5651,71,122,-18.0995,5081.22,601.765
5652,72,81,43.6364,41.8182,87.2692
5653,72,82,42.7273,110,94.7546
5654,72,83,48.2517,-306.177,105.852
5655,72,84,50,-438.462,113.862
5656,72,85,46.8132,-196.264,123.484
5657,72,86,46.0714,-139.643,131.183
5658,72,87,44.5588,-23.6765,139.525
5659,72,88,42.6471,123.529,148.726
5660,72,89,38.8029,420.812,163.495
5661,72,90,35.4386,682.105,176.584
5662,72,91,33.9098,801.353,185.839
5663,72,92,32.3377,924.502,195.422
5664,72,93,30.7736,1047.54,205.273
5665,72,94,29.249,1167.98,215.327
5666,72,95,26.7826,1363.65,228.868
5667,72,96,24.6154,1536.31,241.413
5668,72,97,22.7009,1689.47,253.324
5669,72,98,21.0012,1826.01,264.797
5670,72,99,19.4855,1948.28,275.947
5671,72,100,16.7488,2169.95,292.785
5672,72,101,14.416,2359.68,307.288
5673,72,102,11.8145,2572.14,323.062
5674,72,103,9.60411,2753.39,337.054
5675,72,104,7.18583,2952.5,352.073
5676,72,105,5.13369,3122.14,365.671
5677,72,106,2.43697,3345.97,382.238
5678,72,107,0.15444,3536.18,396.877
5679,72,108,-1.77809,3697.87,410.321
5680,72,109,-3.41394,3835.28,422.954
5681,72,110,-4.79757,3951.96,435.002
5682,72,111,-5.96623,4050.91,446.607
5683,72,112,-6.95122,4134.63,457.869
5684,72,113,-7.77895,4205.27,468.858
5685,72,114,-8.78889,4291.78,480.452
5686,72,115,-9.94362,4391.09,492.695
5687,72,116,-11.2121,4500.61,505.578
5688,72,117,-13.1237,4666.27,522.145
5689,72,118,-14.7664,4809.19,537.084
5690,72,119,-16.1746,4932.17,550.916
5691,72,120,-17.3776,5037.63,563.95
5692,72,121,-18.401,5127.69,576.383
5693,72,122,-19.267,5204.19,588.35
5694,73,82,43.6364,38.1818,87.2692
5695,73,83,50,-445.455,97.9255
5696,73,84,51.7483,-578.904,105.852
5697,73,85,47.8022,-276.374,115.676
5698,73,86,46.8132,-200.22,123.484
5699,73,87,45,-60,131.923
5700,73,88,42.7941,111.324,141.151
5701,73,89,38.4804,447.794,155.55
5702,73,90,34.7781,737.805,168.297
5703,73,91,33.1579,865.263,177.451
5704,73,92,31.5038,995.94,186.889
5705,73,93,29.8701,1125.54,196.56
5706,73,94,28.2891,1251.5,206.41
5707,73,95,25.6917,1459.29,219.567
5708,73,96,23.4348,1640.59,231.781
5709,73,97,21.4615,1799.77,243.395
5710,73,98,19.7265,1940.31,254.593
5711,73,99,18.1929,2065.04,265.485
5712,73,100,15.353,2296.96,281.986
5713,73,101,12.9557,2493.55,296.189
5714,73,102,10.2781,2714,311.672
5715,73,103,8.02419,2900.32,325.396
5716,73,104,5.55352,3105.39,340.156
5717,73,105,3.47594,3278.52,353.509
5718,73,106,0.718105,3509.26,369.855
5719,73,107,-1.59664,3703.7,384.268
5720,73,108,-3.53925,3867.52,397.491
5721,73,109,-5.16833,4005.45,409.91
5722,73,110,-6.53244,4121.4,421.751
5723,73,111,-7.67206,4218.65,433.157
5724,73,112,-8.62101,4299.94,444.228
5725,73,113,-9.40767,4367.6,455.033
5726,73,114,-10.3881,4452.24,466.431
5727,73,115,-11.5222,4550.53,478.482
5728,73,116,-12.7766,4659.66,491.184
5729,73,117,-14.7036,4827.95,507.681
5730,73,118,-16.3491,4972.2,522.493
5731,73,119,-17.7498,5095.47,536.172
5732,73,120,-18.9373,5200.36,549.038
5733,73,121,-19.9388,5289.16,561.297
5734,73,122,-20.7779,5363.85,573.088
5735,74,83,49.697,-421.212,90.2158
5736,74,84,51.8182,-584.545,98.2274
5737,74,85,47.2028,-227.622,107.928
5738,74,86,46.1538,-146.154,115.776
5739,74,87,44.1758,8.13187,124.149
5740,74,88,41.7857,195.357,133.195
5741,74,89,37.0588,567.206,146.997
5742,74,90,33.0882,880.882,159.269
5743,74,91,31.4757,1008.81,168.218
5744,74,92,29.8246,1140.35,177.411
5745,74,93,28.1955,1270.68,186.81
5746,74,94,26.6234,1396.97,196.372
5747,74,95,23.9413,1613.33,209.142
5748,74,96,21.6403,1799.7,221.005
5749,74,97,19.6522,1961.41,232.291
5750,74,98,17.9231,2102.62,243.178
5751,74,99,16.4103,2226.67,253.771
5752,74,100,13.4921,2466.93,270.065
5753,74,101,11.0564,2668.28,284.009
5754,74,102,8.32512,2894.98,299.275
5755,74,103,6.05117,3084.47,312.751
5756,74,104,3.54839,3293.87,327.296
5757,74,105,1.46628,3468.77,340.413
5758,74,106,-1.3369,3705.17,356.609
5759,74,107,-3.66692,3902.44,370.819
5760,74,108,-5.60224,4066.95,383.821
5761,74,109,-7.20721,4203.9,396.015
5762,74,110,-8.53485,4317.64,407.63
5763,74,111,-9.62906,4411.74,418.814
5764,74,112,-10.5263,4489.2,429.667
5765,74,113,-11.257,4552.53,440.26
5766,74,114,-12.1951,4634.15,451.441
5767,74,115,-13.2971,4730.39,463.286
5768,74,116,-14.5273,4838.24,475.806
5769,74,117,-16.4623,5008.51,492.306
5770,74,118,-18.1028,5153.42,507.024
5771,74,119,-19.4881,5276.26,520.558
5772,74,120,-20.6522,5379.86,533.254
5773,74,121,-21.624,5466.67,545.328
5774,74,122,-22.4286,5538.82,556.927
5775,75,84,61.8182,-1394.55,80.9714
5776,75,85,54.5455,-827.273,94.4702
5777,75,86,52.0979,-635.548,102.618
5778,75,87,48.9011,-384.066,111.873
5779,75,88,45.4945,-114.945,121.987
5780,75,89,39.6429,349.286,137.484
5781,75,90,34.8529,730.882,150.354
5782,75,91,32.8431,891.667,159.492
5783,75,92,30.8566,1051.26,168.853
5784,75,93,28.9474,1205.26,178.386
5785,75,94,27.1429,1351.43,188.043
5786,75,95,24.1558,1594.37,200.775
5787,75,96,21.6262,1800.96,212.557
5788,75,97,19.4664,1978.06,223.748
5789,75,98,17.6087,2131.01,234.533
5790,75,99,16,2264,245.022
5791,75,100,12.8889,2522.22,260.935
5792,75,101,10.3175,2736.51,274.594
5793,75,102,7.4439,2976.93,289.524
5794,75,103,5.07389,3176.01,302.737
5795,75,104,2.46941,3395.65,316.989
5796,75,105,0.322581,3577.42,329.865
5797,75,106,-2.58431,3824.51,345.747
5798,75,107,-4.97995,4028.93,359.7
5799,75,108,-6.95187,4197.86,372.482
5800,75,109,-8.57143,4337.14,384.481
5801,75,110,-9.89704,4451.59,395.921
5802,75,111,-10.9768,4545.16,406.946
5803,75,112,-11.8503,4621.16,417.653
5804,75,113,-12.5506,4682.32,428.113
5805,75,114,-13.4709,4763,439.131
5806,75,115,-14.5645,4859.23,450.798
5807,75,116,-15.7929,4967.74,463.131
5808,75,117,-17.759,5142.07,479.464
5809,75,118,-19.4151,5289.46,494.004
5810,75,119,-20.8037,5413.51,507.362
5811,75,120,-21.9611,5517.3,519.885
5812,75,121,-22.9186,5603.47,531.792
5813,75,122,-23.7028,5674.31,543.232
5814,76,85,50.303,-479.394,85.3897
5815,76,86,48.1818,-311.818,93.1056
5816,76,87,45.1049,-67.7156,101.771
5817,76,88,41.7582,198.901,111.278
5818,76,89,35.6044,691.209,126.419
5819,76,90,30.7143,1084.05,138.808
5820,76,91,28.9706,1224.71,147.489
5821,76,92,27.2059,1367.65,156.373
5822,76,93,25.4902,1507.19,165.427
5823,76,94,23.8596,1640.35,174.611
5824,76,95,20.9023,1882.86,187.119
5825,76,96,18.4416,2085.45,198.585
5826,76,97,16.3749,2256.3,209.421
5827,76,98,14.6245,2401.58,219.833
5828,76,99,13.1304,2526.09,229.939
5829,76,100,10,2788,246.116
5830,76,101,7.45299,3001.95,259.681
5831,76,102,4.57875,3244.34,274.631
5832,76,103,2.24412,3442.01,287.673
5833,76,104,-0.344828,3662.07,301.844
5834,76,105,-2.44716,3841.47,314.516
5835,76,106,-5.3629,4091.25,330.453
5836,76,107,-7.7346,4295.22,344.272
5837,76,108,-9.65909,4461.36,356.839
5838,76,109,-11.2147,4596.18,368.585
5839,76,110,-12.465,4704.96,379.752
5840,76,111,-13.462,4792.03,390.496
5841,76,112,-14.2485,4860.98,400.92
5842,76,113,-14.8594,4914.74,411.101
5843,76,114,-15.7085,4989.74,421.845
5844,76,115,-16.7448,5081.63,433.273
5845,76,116,-17.9268,5186.83,445.421
5846,76,117,-19.8849,5361.75,461.965
5847,76,118,-21.5192,5508.29,476.5
5848,76,119,-22.8753,5630.34,489.742
5849,76,120,-23.9921,5731.23,502.088
5850,76,121,-24.9029,5813.8,513.782
5851,76,122,-25.636,5880.52,524.989
5852,77,86,44.8485,-35.1515,84.689
5853,77,87,41.8182,207.273,92.8961
5854,77,88,38.4615,476.923,101.84
5855,77,89,31.8681,1008.79,116.339
5856,77,90,26.8132,1418.24,128.15
5857,77,91,25.3571,1536.67,136.449
5858,77,92,23.8235,1661.91,144.908
5859,77,93,22.3039,1786.52,153.515
5860,77,94,20.8462,1906.54,162.243
5861,77,95,17.8947,2150.53,174.444
5862,77,96,15.4887,2350.23,185.543
5863,77,97,13.5065,2515.41,195.99
5864,77,98,11.8577,2653.36,206.006
5865,77,99,10.4743,2769.57,215.711
5866,77,100,7.30435,3036.9,232.109
5867,77,101,4.76923,3251.54,245.535
5868,77,102,1.88034,3497.09,260.459
5869,77,103,-0.42735,3694.02,273.295
5870,77,104,-3.0104,3915.3,287.349
5871,77,105,-5.07389,4092.76,299.793
5872,77,106,-8.0089,4346.15,315.753
5873,77,107,-10.3629,4550.16,329.411
5874,77,108,-12.2434,4713.76,341.746
5875,77,109,-13.7366,4844.17,353.226
5876,77,110,-14.9121,4947.23,364.115
5877,77,111,-15.8263,5027.68,374.577
5878,77,112,-16.5251,5089.4,384.722
5879,77,113,-17.046,5135.59,394.632
5880,77,114,-17.8247,5204.89,405.099
5881,77,115,-18.8057,5292.52,416.279
5882,77,116,-19.9437,5394.57,428.232
5883,77,117,-21.899,5570.54,444.999
5884,77,118,-23.5151,5716.53,459.523
5885,77,119,-24.8414,5836.79,472.64
5886,77,120,-25.9197,5934.9,484.8
5887,77,121,-26.7852,6013.96,496.275
5888,77,122,-27.4684,6076.58,507.245
5889,78,87,40,360,85.3142
5890,78,88,36.3636,654.545,93.9335
5891,78,89,29.021,1251.75,107.582
5892,78,90,23.6264,1692.31,118.792
5893,78,91,22.4176,1791.43,126.872
5894,78,92,21.0714,1902.26,135.054
5895,78,93,19.7059,2015.15,143.34
5896,78,94,18.3824,2125,151.72
5897,78,95,15.3767,2375.47,163.485
5898,78,96,12.9825,2575.79,174.166
5899,78,97,11.0526,2737.89,184.212
5900,78,98,9.48052,2870.48,193.837
5901,78,99,8.18746,2979.95,203.161
5902,78,100,4.94071,3255.93,219.549
5903,78,101,2.3913,3473.48,232.734
5904,78,102,-0.538462,3724.46,247.505
5905,78,103,-2.83761,3922.19,260.078
5906,78,104,-5.43346,4146.3,273.938
5907,78,105,-7.47126,4322.91,286.117
5908,78,106,-10.4433,4581.48,302.009
5909,78,107,-12.792,4786.59,315.461
5910,78,108,-14.6371,4948.35,327.543
5911,78,109,-16.074,5074.8,338.753
5912,78,110,-17.1791,5172.42,349.368
5913,78,111,-18.0138,5246.42,359.561
5914,78,112,-18.6275,5301.04,369.447
5915,78,113,-19.0605,5339.72,379.112
5916,78,114,-19.7724,5403.56,389.311
5917,78,115,-20.7025,5487.26,400.24
5918,78,116,-21.8016,5586.55,411.985
5919,78,117,-23.7617,5764.27,428.936
5920,78,118,-25.3659,5910.24,443.419
5921,78,119,-26.6672,6029.1,456.393
5922,78,120,-27.7107,6124.75,468.358
5923,78,121,-28.5342,6200.51,479.611
5924,78,122,-29.17,6259.22,490.348
5925,79,88,36.9697,603.03,86.5592
5926,79,89,28.1818,1323.64,99.7542
5927,79,90,22.028,1830.3,110.595
5928,79,91,20.8791,1925.27,118.659
5929,79,92,19.5604,2034.73,126.775
5930,79,93,18.2143,2146.9,134.952
5931,79,94,16.9118,2255.88,143.187
5932,79,95,13.7255,2523.53,154.505
5933,79,96,11.2487,2732.4,164.814
5934,79,97,9.29825,2897.54,174.53
5935,79,98,7.74436,3029.62,183.851
5936,79,99,6.49351,3136.36,192.89
5937,79,100,3.10559,3426.6,208.91
5938,79,101,0.494071,3651.19,221.739
5939,79,102,-2.52174,3911.55,236.185
5940,79,103,-4.84615,4113,248.438
5941,79,104,-7.48718,4342.77,262.006
5942,79,105,-9.52381,4520.63,273.89
5943,79,106,-12.5616,4786.95,289.571
5944,79,107,-14.9261,4995.02,302.763
5945,79,108,-16.7519,5156.31,314.577
5946,79,109,-18.1452,5279.84,325.526
5947,79,110,-19.1899,5372.82,335.891
5948,79,111,-19.9532,5441.01,345.849
5949,79,112,-20.4889,5489.05,355.518
5950,79,113,-20.8403,5520.67,364.987
5951,79,114,-21.4929,5579.62,374.946
5952,79,115,-22.3803,5660.08,385.632
5953,79,116,-23.449,5757.33,397.157
5954,79,117,-25.4251,5937.81,414.185
5955,79,118,-27.0263,6084.59,428.571
5956,79,119,-28.3101,6202.7,441.376
5957,79,120,-29.325,6296.41,453.138
5958,79,121,-30.1117,6369.31,464.175
5959,79,122,-30.7047,6424.46,474.694
5960,80,89,24.8485,1610.3,91.2717
5961,80,90,18.1818,2163.64,101.558
5962,80,91,17.4825,2221.91,109.523
5963,80,92,16.4835,2305.49,117.473
5964,80,93,15.3846,2397.8,125.433
5965,80,94,14.2857,2490.48,133.41
5966,80,95,11.0294,2766.18,144.232
5967,80,96,8.57843,2974.51,154.095
5968,80,97,6.70795,3134.12,163.394
5969,80,98,5.26316,3257.89,172.32
5970,80,99,4.13534,3354.89,180.978
5971,80,100,0.649351,3655.84,196.889
5972,80,101,-1.97628,3883.4,209.41
5973,80,102,-5.03953,4149.9,223.642
5974,80,103,-7.34783,4351.49,235.586
5975,80,104,-10,4584,248.917
5976,80,105,-12,4760,260.501
5977,80,106,-15.0794,5032.01,276.093
5978,80,107,-17.433,5240.7,289.048
5979,80,108,-19.2118,5399.01,300.581
5980,80,109,-20.5339,5517.12,311.236
5981,80,110,-21.4919,5603.02,321.31
5982,80,111,-22.1591,5663.07,330.99
5983,80,112,-22.5936,5702.32,340.403
5984,80,113,-22.8419,5724.83,349.642
5985,80,114,-23.4174,5777.2,359.32
5986,80,115,-24.2471,5852.98,369.731
5987,80,116,-25.2726,5946.99,381.026
5988,80,117,-27.2568,6129.53,398.313
5989,80,118,-28.8462,6276.28,412.667
5990,80,119,-30.1032,6392.77,425.317
5991,80,120,-31.0801,6483.62,436.867
5992,80,121,-31.8208,6552.75,447.663
5993,80,122,-32.3618,6603.43,457.934
5994,81,90,10.303,2849.09,90.2158
5995,81,91,10.9091,2798.18,97.9446
5996,81,92,10.8392,2804.08,105.543
5997,81,93,10.4396,2837.91,113.07
5998,81,94,9.89011,2884.62,120.557
5999,81,95,6.78571,3149.52,130.898
6000,81,96,4.55882,3340.29,140.203
6001,81,97,2.94118,3479.41,148.921
6002,81,98,1.75439,3581.87,157.257
6003,81,99,0.877193,3657.89,165.326
6004,81,100,-2.63158,3963.16,182.023
6005,81,101,-5.19481,4187.01,194.434
6006,81,102,-8.24393,4454.32,208.791
6007,81,103,-10.4743,4650.59,220.487
6008,81,104,-13.087,4881.38,233.749
6009,81,105,-15,5051,245.044
6010,81,106,-18.0855,5325.61,260.847
6011,81,107,-20.3907,5531.54,273.635
6012,81,108,-22.0854,5683.5,284.872
6013,81,109,-23.3005,5792.86,295.182
6014,81,110,-24.1379,5868.51,304.9
6015,81,111,-24.6774,5917.42,314.232
6016,81,112,-24.9817,5945.11,323.323
6017,81,113,-25.1003,5955.94,332.279
6018,81,114,-25.5768,5999.62,341.606
6019,81,115,-26.3305,6068.96,351.692
6020,81,116,-27.2973,6158.23,362.756
6021,81,117,-29.2793,6341.89,380.68
6022,81,118,-30.8458,6487.58,395.137
6023,81,119,-32.0648,6601.35,407.67
6024,81,120,-32.9925,6688.25,418.996
6025,81,121,-33.676,6752.49,429.519
6026,81,122,-34.1544,6797.63,439.498
6027,82,91,5.45455,3278.18,88.1626
6028,82,92,6.36364,3200.91,95.7308
6029,82,93,6.64336,3177.04,103.138
6030,82,94,6.59341,3181.32,110.439
6031,82,95,3.51648,3445.93,120.215
6032,82,96,1.42857,3626.19,128.995
6033,82,97,0,3750,137.217
6034,82,98,-0.980392,3835.29,145.084
6035,82,99,-1.65119,3893.88,152.705
6036,82,100,-5.26316,4210.53,169.665
6037,82,101,-7.81955,4435.49,181.787
6038,82,102,-10.9091,4708.4,196.021
6039,82,103,-13.0999,4902.65,207.387
6040,82,104,-15.7115,5135.08,220.44
6041,82,105,-17.5652,5300.68,231.403
6042,82,106,-20.6923,5581.08,247.228
6043,82,107,-22.9744,5786.46,259.776
6044,82,108,-24.6032,5933.6,270.7
6045,82,109,-25.7252,6035.33,280.68
6046,82,110,-26.4532,6101.58,290.077
6047,82,111,-26.8743,6140.04,299.117
6048,82,112,-27.0565,6156.73,307.958
6049,82,113,-27.0528,6156.4,316.718
6050,82,114,-27.4398,6192.13,325.742
6051,82,115,-28.1283,6255.94,335.517
6052,82,116,-29.0476,6341.43,346.334
6053,82,117,-31.0425,6527.61,364.768
6054,82,118,-32.5984,6673.35,379.253
6055,82,119,-33.7893,6785.29,391.634
6056,82,120,-34.6761,6868.95,402.729
6057,82,121,-35.3096,6928.92,412.989
6058,82,122,-35.7317,6969.02,422.7
6059,83,92,-1.81818,3929.09,80.9714
6060,83,93,0,3772.73,88.3144
6061,83,94,1.04895,3682.17,95.322
6062,83,95,-1.64835,3915.93,104.527
6063,83,96,-3.2967,4059.34,112.502
6064,83,97,-4.28571,4145.71,119.852
6065,83,98,-4.85294,4195.44,126.84
6066,83,99,-5.14706,4221.32,133.607
6067,83,100,-8.77193,4541.52,153.37
6068,83,101,-11.2281,4759.3,165.598
6069,83,102,-14.2857,5031.43,180.359
6070,83,103,-16.3636,5217.06,191.487
6071,83,104,-18.9159,5445.91,204.613
6072,83,105,-20.6522,5602.17,215.254
6073,83,106,-23.7826,5884.96,231.596
6074,83,107,-26,6086,243.998
6075,83,108,-27.5214,6224.44,254.581
6076,83,109,-28.5104,6314.77,264.157
6077,83,110,-29.0914,6368.04,273.147
6078,83,111,-29.3596,6392.71,281.817
6079,83,112,-29.3882,6395.35,290.355
6080,83,113,-29.2339,6381.05,298.902
6081,83,114,-29.5088,6406.62,307.542
6082,83,115,-30.1136,6463.07,316.939
6083,83,116,-30.9702,6543.3,327.507
6084,83,117,-32.9692,6731.2,347.053
6085,83,118,-34.5045,6876.04,361.75
6086,83,119,-35.6567,6985.11,374.024
6087,83,120,-36.492,7064.46,384.874
6088,83,121,-37.0648,7119.07,394.83
6089,83,122,-37.4203,7153.08,404.225
6090,84,93,1.81818,3609.09,80.9714
6091,84,94,2.72727,3530,87.894
6092,84,95,-0.699301,3829.25,97.4135
6093,84,96,-2.74725,4008.79,105.537
6094,84,97,-3.95604,4115.16,112.991
6095,84,98,-4.64286,4175.83,120.065
6096,84,99,-5,4207.5,126.908
6097,84,100,-9.06863,4569.61,145.969
6098,84,101,-11.7647,4810.46,157.86
6099,84,102,-15.0877,5108.42,172.11
6100,84,103,-17.2932,5306.92,182.94
6101,84,104,-20,5551.43,195.66
6102,84,105,-21.7956,5714.23,206.03
6103,84,106,-25.0988,6014.82,221.897
6104,84,107,-27.3913,6224.2,233.969
6105,84,108,-28.9231,6364.62,244.302
6106,84,109,-29.8803,6452.68,253.685
6107,84,110,-30.4029,6500.94,262.534
6108,84,111,-30.5966,6518.88,271.115
6109,84,112,-30.5419,6513.79,279.617
6110,84,113,-30.3003,6491.25,288.181
6111,84,114,-30.5242,6512.22,296.714
6112,84,115,-31.1034,6566.66,305.922
6113,84,116,-31.9519,6646.7,316.263
6114,84,117,-34.0107,6841.6,335.667
6115,84,118,-35.5742,6990.14,350.144
6116,84,119,-36.731,7100.42,362.197
6117,84,120,-37.5533,7179.09,372.841
6118,84,121,-38.1004,7231.61,382.615
6119,84,122,-38.4211,7262.5,391.859
6120,85,94,5.45455,3281.82,79.8591
6121,85,95,0.909091,3681.82,89.9707
6122,85,96,-1.74825,3916.55,98.3391
6123,85,97,-3.2967,4053.85,105.944
6124,85,98,-4.17582,4132.09,113.131
6125,85,99,-4.64286,4173.81,120.065
6126,85,100,-9.26471,4588.24,138.545
6127,85,101,-12.2549,4857.35,150.142
6128,85,102,-15.8927,5185.96,163.909
6129,85,103,-18.2456,5399.3,174.464
6130,85,104,-21.1278,5661.58,186.789
6131,85,105,-22.987,5831.39,196.902
6132,85,106,-26.4822,6151.78,212.283
6133,85,107,-28.8538,6369.96,224.025
6134,85,108,-30.3913,6511.93,234.113
6135,85,109,-31.3077,6596.85,243.315
6136,85,110,-31.7607,6638.97,252.04
6137,85,111,-31.8681,6649,260.552
6138,85,112,-31.7187,6635,269.043
6139,85,113,-31.3793,6603.1,277.651
6140,85,114,-31.5462,6618.84,286.097
6141,85,115,-32.0968,6670.97,295.128
6142,85,116,-32.9362,6750.71,305.241
6143,85,117,-35.0602,6953.2,324.47
6144,85,118,-36.6539,7105.67,338.713
6145,85,119,-37.8151,7217.14,350.539
6146,85,120,-38.6229,7294.96,360.977
6147,85,121,-39.1418,7345.12,370.573
6148,85,122,-39.4244,7372.54,379.677
6149,86,95,-3.0303,4044.24,80.7347
6150,86,96,-5.45455,4260,88.4963
6151,86,97,-6.64336,4366.2,95.5943
6152,86,98,-7.14286,4410.99,102.36
6153,86,99,-7.25275,4420.88,108.957
6154,86,100,-12.1429,4862.62,127.694
6155,86,101,-15.1471,5135,138.831
6156,86,102,-18.8725,5474.02,152.292
6157,86,103,-21.1558,5682.56,162.397
6158,86,104,-24.0351,5946.49,174.382
6159,86,105,-25.7895,6107.89,184.069
6160,86,106,-29.3506,6436.71,199.412
6161,86,107,-31.677,6652.29,210.816
6162,86,108,-33.1028,6784.88,220.519
6163,86,109,-33.8696,6856.45,229.359
6164,86,110,-34.1538,6883.08,237.789
6165,86,111,-34.0855,6876.65,246.107
6166,86,112,-33.7607,6846.01,254.527
6167,86,113,-33.2512,6797.78,263.199
6168,86,114,-33.3005,6802.46,271.418
6169,86,115,-33.7709,6847.3,280.113
6170,86,116,-34.5565,6922.46,289.918
6171,86,117,-36.7119,7129.38,309.826
6172,86,118,-38.3021,7282.58,324.059
6173,86,119,-39.4347,7392.06,335.678
6174,86,120,-40.1961,7465.91,345.843
6175,86,121,-40.6564,7510.71,355.159
6176,86,122,-40.8725,7531.82,364.016
6177,87,96,-4.84848,4203.64,81.5948
6178,87,97,-6.36364,4340,88.8074
6179,87,98,-6.99301,4396.85,95.6736
6180,87,99,-7.14286,4410.44,102.36
6181,87,100,-12.7473,4920.44,120.25
6182,87,101,-16.0714,5224.05,131.03
6183,87,102,-20.1471,5597.65,143.946
6184,87,103,-22.549,5818.63,153.747
6185,87,104,-25.5934,6099.72,165.301
6186,87,105,-27.3684,6264.21,174.708
6187,87,106,-31.1278,6613.83,189.553
6188,87,107,-33.5065,6835.84,200.602
6189,87,108,-34.8955,6965.95,210.038
6190,87,109,-35.5731,7029.64,218.69
6191,87,110,-35.7391,7045.3,227.013
6192,87,111,-35.5385,7026.31,235.311
6193,87,112,-35.0769,6982.46,243.797
6194,87,113,-34.4322,6921,252.613
6195,87,114,-34.4007,6917.98,260.781
6196,87,115,-34.8276,6958.97,269.301
6197,87,116,-35.5951,7032.9,278.865
6198,87,117,-37.8226,7248.23,298.646
6199,87,118,-39.4428,7405.39,312.64
6200,87,119,-40.5749,7515.57,324.018
6201,87,120,-41.314,7587.76,333.966
6202,87,121,-41.7367,7629.19,343.103
6203,87,122,-41.9048,7645.71,351.832
6204,88,97,-5.45455,4254.55,81.8122
6205,88,98,-6.36364,4337.27,88.8074
6206,88,99,-6.64336,4362.82,95.5943
6207,88,100,-13.1868,4962.64,112.809
6208,88,101,-16.9231,5306.37,123.293
6209,88,102,-21.4286,5722.38,135.701
6210,88,103,-23.9706,5957.94,145.232
6211,88,104,-27.2059,6258.82,156.373
6212,88,105,-28.999,6426.18,165.525
6213,88,106,-32.9825,6799.3,179.851
6214,88,107,-35.4135,7027.82,190.546
6215,88,108,-36.7532,7154.2,199.731
6216,88,109,-37.3235,7208.19,208.22
6217,88,110,-37.3518,7210.87,216.471
6218,88,111,-37,7177.33,224.79
6219,88,112,-36.3846,7118.46,233.387
6220,88,113,-35.5897,7042.15,242.387
6221,88,114,-35.4701,7030.63,250.539
6222,88,115,-35.8511,7067.46,258.911
6223,88,116,-36.601,7140.2,268.246
6224,88,117,-38.9099,7364.93,287.822
6225,88,118,-40.5645,7526.53,301.553
6226,88,119,-41.6972,7637.54,312.688
6227,88,120,-42.4131,7707.93,322.427
6228,88,121,-42.796,7745.71,331.4
6229,88,122,-42.9132,7757.31,340.023
6230,89,98,-4.84848,4193.33,81.5948
6231,89,99,-5.45455,4249.09,88.4963
6232,89,100,-13.2867,4972.26,105.325
6233,89,101,-17.5824,5370.33,115.598
6234,89,102,-22.6374,5840.44,127.561
6235,89,103,-25.3571,6094.29,136.871
6236,89,104,-28.8235,6418.97,147.631
6237,89,105,-30.6373,6589.46,156.566
6238,89,106,-34.8813,6989.82,170.355
6239,89,107,-37.3684,7225.26,180.711
6240,89,108,-38.6466,7346.69,189.67
6241,89,109,-39.0909,7389.05,198.03
6242,89,110,-38.961,7376.62,206.251
6243,89,111,-38.4387,7326.48,214.637
6244,89,112,-37.6522,7250.71,223.385
6245,89,113,-36.6923,7157.92,232.595
6246,89,114,-36.4786,7137.2,240.766
6247,89,115,-36.8132,7169.76,249.025
6248,89,116,-37.5479,7241.52,258.154
6249,89,117,-39.9507,7477,277.429
6250,89,118,-41.6463,7643.72,290.874
6251,89,119,-42.7823,7755.81,301.767
6252,89,120,-43.4751,7824.4,311.311
6253,89,121,-43.8168,7858.34,320.143
6254,89,122,-43.8808,7864.72,328.688
6255,90,99,-9.69697,4656.36,78.5331
6256,90,100,-18.1818,5445.45,94.9819
6257,90,101,-22.3776,5837.06,104.596
6258,90,102,-27.4725,6314.29,115.995
6259,90,103,-29.8901,6541.54,124.724
6260,90,104,-33.2143,6855.12,134.952
6261,90,105,-34.7059,6996.32,143.34
6262,90,106,-38.9706,7401.47,157.025
6263,90,107,-41.2797,7621.6,166.895
6264,90,108,-42.2807,7717.37,175.364
6265,90,109,-42.406,7729.4,183.37
6266,90,110,-41.9481,7685.28,191.462
6267,90,111,-41.1067,7603.95,199.992
6268,90,112,-40.0198,7498.52,209.139
6269,90,113,-38.7826,7378.1,218.934
6270,90,114,-38.3846,7339.23,227.085
6271,90,115,-38.5983,7360.17,235.051
6272,90,116,-39.2552,7424.77,243.813
6273,90,117,-41.7077,7666.75,263.729
6274,90,118,-43.399,7834.19,277.061
6275,90,119,-44.4939,7942.94,287.675
6276,90,120,-45.121,8005.44,296.912
6277,90,121,-45.3812,8031.47,305.481
6278,90,122,-45.3543,8028.77,313.858
6279,91,100,-25.4545,6150.91,81.8122
6280,91,101,-29.0909,6492.73,90.6214
6281,91,102,-33.9161,6947.9,101.697
6282,91,103,-35.7143,7118.13,109.595
6283,91,104,-38.6813,7400,119.288
6284,91,105,-39.6429,7491.67,126.88
6285,91,106,-43.8235,7891.62,141.215
6286,91,107,-45.8333,8084.56,150.513
6287,91,108,-46.4396,8142.97,158.318
6288,91,109,-46.1404,8114.04,165.937
6289,91,110,-45.2632,8028.95,174.134
6290,91,111,-44.026,7908.53,183.295
6291,91,112,-42.5748,7766.8,193.455
6292,91,113,-41.0079,7613.24,204.425
6293,91,114,-40.3913,7552.61,212.703
6294,91,115,-40.4615,7559.54,220.372
6295,91,116,-41.0256,7615.38,228.721
6296,91,117,-43.5287,7864.02,249.664
6297,91,118,-45.2107,8031.66,262.924
6298,91,119,-46.2562,8136.21,273.242
6299,91,120,-46.8076,8191.53,282.148
6300,91,121,-46.9758,8208.47,290.448
6301,91,122,-46.8475,8195.51,298.693
6302,92,101,-32.1212,6789.7,82.3868
6303,92,102,-37.2727,7279.09,92.7439
6304,92,103,-38.8112,7425.76,100.277
6305,92,104,-41.7582,7707.69,109.398
6306,92,105,-42.4176,7770.99,116.669
6307,92,106,-46.7857,8191.79,130.584
6308,92,107,-48.6765,8374.56,139.402
6309,92,108,-49.0196,8407.84,146.918
6310,92,109,-48.4004,8347.57,154.569
6311,92,110,-47.193,8229.65,163.153
6312,92,111,-45.6391,8077.37,172.932
6313,92,112,-43.8961,7905.97,183.75
6314,92,113,-42.0666,7725.47,195.277
6315,92,114,-41.3043,7650,203.721
6316,92,115,-41.3043,7650,211.37
6317,92,116,-41.8462,7704,219.561
6318,92,117,-44.4786,7967.25,240.064
6319,92,118,-46.2149,8141.45,252.998
6320,92,119,-47.2633,8246.99,263.076
6321,92,120,-47.7833,8299.51,271.82
6322,92,121,-47.8977,8311.1,280.042
6323,92,122,-47.7016,8291.17,288.305
6324,93,102,-40.6061,7609.09,84.3194
6325,93,103,-41.8182,7725.45,91.6156
6326,93,104,-44.7552,8008.39,100.206
6327,93,105,-45.0549,8037.36,107.285
6328,93,106,-49.6703,8485.05,120.627
6329,93,107,-51.4286,8656.19,128.995
6330,93,108,-51.4706,8660.29,136.33
6331,93,109,-50.4902,8564.22,144.172
6332,93,110,-48.9164,8409.46,153.267
6333,93,111,-47.0175,8222.11,163.668
6334,93,112,-44.9624,8018.65,175.018
6335,93,113,-42.8571,7809.52,186.904
6336,93,114,-41.9537,7719.48,195.485
6337,93,115,-41.8972,7713.83,203.16
6338,93,116,-42.4348,7767.77,211.267
6339,93,117,-45.2308,8049.23,231.171
6340,93,118,-47.0427,8232.24,243.778
6341,93,119,-48.1074,8340.13,253.655
6342,93,120,-48.6043,8390.64,262.287
6343,93,121,-48.67,8397.34,270.478
6344,93,122,-48.4093,8370.67,278.788
6345,94,103,-44.2424,7967.88,83.8042
6346,94,104,-47.2727,8261.82,92.0156
6347,94,105,-47.2028,8255.01,99.0755
6348,94,106,-52.1978,8742.86,111.693
6349,94,107,-53.8462,8904.4,119.716
6350,94,108,-53.5714,8877.38,127.02
6351,94,109,-52.2059,8742.65,135.148
6352,94,110,-50.2451,8548.53,144.696
6353,94,111,-47.9876,8324.29,155.502
6354,94,112,-45.614,8087.72,167.091
6355,94,113,-43.2331,7849.62,179.052
6356,94,114,-42.2078,7746.75,187.697
6357,94,115,-42.1231,7738.23,195.423
6358,94,116,-42.6877,7795.26,203.521
6359,94,117,-45.6957,8100.06,222.821
6360,94,118,-47.6154,8295.23,235.15
6361,94,119,-48.7179,8407.69,244.885
6362,94,120,-49.2063,8457.67,253.46
6363,94,121,-49.2337,8460.48,261.659
6364,94,122,-48.9163,8427.78,270.029
6365,95,104,-48.4848,8384.24,84.689
6366,95,105,-48.1818,8354.55,91.8507
6367,95,106,-53.8462,8911.54,103.826
6368,95,107,-55.4945,9074.18,111.693
6369,95,108,-54.9451,9019.78,119.082
6370,95,109,-53.2143,8847.86,127.421
6371,95,110,-50.8824,8615.44,137.147
6372,95,111,-48.2843,8355.64,147.989
6373,95,112,-45.614,8087.72,159.472
6374,95,113,-42.9825,7822.81,171.229
6375,95,114,-41.8797,7711.43,179.84
6376,95,115,-41.8182,7705.19,187.608
6377,95,116,-42.4619,7770.64,195.769
6378,95,117,-45.751,8106.13,214.692
6379,95,118,-47.8261,8318.48,226.855
6380,95,119,-49,8439,236.526
6381,95,120,-49.5043,8490.94,245.098
6382,95,121,-49.5116,8491.7,253.33
6383,95,122,-49.1516,8454.38,261.751
6384,96,105,-53.3333,8880,81.2596
6385,96,106,-59.0909,9450,92.6207
6386,96,107,-60.1399,9554.2,99.9281
6387,96,108,-58.7912,9419.78,107.433
6388,96,109,-56.2637,9167.03,116.623
6389,96,110,-53.2143,8861.07,127.421
6390,96,111,-50,8537.5,139.102
6391,96,112,-46.8137,8215.69,151.089
6392,96,113,-43.7564,7905.88,163.085
6393,96,114,-42.4561,7773.68,171.807
6394,96,115,-42.3308,7760.9,179.626
6395,96,116,-42.987,7828.05,187.752
6396,96,117,-46.5274,8191.53,206.04
6397,96,118,-48.7154,8416.9,217.897
6398,96,119,-49.913,8540.65,227.403
6399,96,120,-50.3846,8589.54,235.905
6400,96,121,-50.3248,8583.32,244.147
6401,96,122,-49.8779,8536.69,252.645
6402,97,106,-64.2424,9980.61,82.2333
6403,97,107,-64.5455,10010.9,89.1525
6404,97,108,-62.2378,9779.37,97.1798
6405,97,109,-58.7912,9432.42,107.433
6406,97,110,-54.9451,9043.96,119.082
6407,97,111,-51.0714,8651.43,131.183
6408,97,112,-47.3529,8273.38,143.276
6409,97,113,-43.8725,7918.38,155.198
6410,97,114,-42.4149,7769.21,163.938
6411,97,115,-42.2807,7755.44,171.815
6412,97,116,-43.0075,7830.3,179.979
6413,97,117,-46.8831,8230.78,197.759
6414,97,118,-49.2377,8474.87,209.398
6415,97,119,-50.4941,8605.53,218.812
6416,97,120,-50.9565,8653.78,227.299
6417,97,121,-50.8462,8642.23,235.579
6418,97,122,-50.3248,8587.49,244.147
6419,98,107,-67.8788,10357.6,80.5534
6420,98,108,-64.5455,10020.9,89.1525
6421,98,109,-60.1399,9574.48,99.9281
6422,98,110,-55.4945,9102.2,111.693
6423,98,111,-50.989,8642.64,123.625
6424,98,112,-46.7857,8212.5,135.419
6425,98,113,-42.9412,7817.79,146.997
6426,98,114,-41.4216,7661.27,155.637
6427,98,115,-41.3829,7657.28,163.545
6428,98,116,-42.2807,7750.35,171.815
6429,98,117,-46.6165,8201.28,189.474
6430,98,118,-49.2208,8472.99,201.045
6431,98,119,-50.5929,8616.6,210.454
6432,98,120,-51.087,8668.48,218.973
6433,98,121,-50.9565,8654.74,227.299
6434,98,122,-50.3846,8594.31,235.905
6435,99,108,-64.2424,9989.09,82.2333
6436,99,109,-59.0909,9463.64,92.6207
6437,99,110,-53.8462,8926.92,103.826
6438,99,111,-48.9011,8419.23,115.177
6439,99,112,-44.3956,7955.16,126.419
6440,99,113,-40.3571,7537.86,137.484
6441,99,114,-38.9706,7394.12,145.866
6442,99,115,-39.2157,7419.61,153.747
6443,99,116,-40.4541,7548.81,162.221
6444,99,117,-45.4386,8070.53,180.619
6445,99,118,-48.4211,8383.68,192.361
6446,99,119,-50,8550,201.868
6447,99,120,-50.5929,8612.65,210.454
6448,99,121,-50.4941,8602.17,218.812
6449,99,122,-49.913,8540.39,227.403
6450,100,109,-53.3333,8853.33,81.2596
6451,100,110,-48.1818,8322.73,91.8507
6452,100,111,-43.3566,7824.13,102.662
6453,100,112,-39.011,7373.63,113.393
6454,100,113,-35.1648,6973.63,123.958
6455,100,114,-34.2857,6881.9,131.746
6456,100,115,-35.1471,6972.06,139.539
6457,100,116,-37.0098,7167.65,148.656
6458,100,117,-42.9309,7791.33,170.222
6459,100,118,-46.4912,8167.54,182.604
6460,100,119,-48.4211,8372.11,192.361
6461,100,120,-49.2208,8457.14,201.045
6462,100,121,-49.2377,8458.95,209.398
6463,100,122,-48.7154,8403.06,217.897
6464,101,110,-48.4848,8355.15,84.689
6465,101,111,-42.7273,7756.36,95.2535
6466,101,112,-37.7622,7238.34,105.631
6467,101,113,-33.5165,6793.96,115.809
6468,101,114,-32.7473,6713.19,123.55
6469,101,115,-33.9286,6837.62,131.485
6470,101,116,-36.1765,7075.15,140.794
6471,101,117,-42.8922,7787.01,161.943
6472,101,118,-46.8524,8208.12,174.131
6473,101,119,-48.9474,8431.58,183.82
6474,101,120,-49.7744,8520.08,192.506
6475,101,121,-49.7403,8516.41,200.906
6476,101,122,-49.1248,8450.14,209.47
6477,102,111,-38.7879,7330.91,86.4583
6478,102,112,-33.6364,6790,96.1883
6479,102,113,-29.3706,6340.68,105.757
6480,102,114,-29.1209,6314.29,113.286
6481,102,115,-30.989,6512.31,121.526
6482,102,116,-33.9286,6824.88,131.485
6483,102,117,-41.7647,7660.74,153.349
6484,102,118,-46.3235,8148.53,165.577
6485,102,119,-48.71,8404.68,175.306
6486,102,120,-49.6491,8505.79,184.047
6487,102,121,-49.6241,8503.08,192.501
6488,102,122,-48.961,8431.26,201.099
6489,103,112,-30.9091,6492.73,88.0768
6490,103,113,-26.3636,6010.91,97.2143
6491,103,114,-26.5734,6033.22,104.751
6492,103,115,-29.1209,6304.95,113.286
6493,103,116,-32.7473,6692.97,123.55
6494,103,117,-41.7857,7663.1,144.95
6495,103,118,-46.9118,8215,156.964
6496,103,119,-49.5098,8495.59,166.618
6497,103,120,-50.4644,8599,175.363
6498,103,121,-50.3509,8586.67,183.868
6499,103,122,-49.5489,8499.25,192.542
6500,104,113,-19.3939,5244.24,85.6128
6501,104,114,-20.9091,5406.36,93.1056
6502,104,115,-24.8252,5826.69,102.618
6503,104,116,-29.6703,6348.35,114.078
6504,104,117,-40.4396,7511.43,136.287
6505,104,118,-46.4286,8160.24,148.312
6506,104,119,-49.4118,8484.41,157.997
6507,104,120,-50.4902,8601.96,166.799
6508,104,121,-50.3612,8587.86,175.366
6509,104,122,-49.4737,8490.53,184.084
6510,105,114,-16.3636,4901.82,83.5815
6511,105,115,-21.8182,5490.91,94.043
6512,105,116,-27.972,6157.58,106.084
6513,105,117,-40.6593,7536.26,127.741
6514,105,118,-47.4725,8278.9,139.524
6515,105,119,-50.7143,8633.33,149.123
6516,105,120,-51.7647,8748.53,157.929
6517,105,121,-51.4706,8716.18,166.557
6518,105,122,-50.3612,8593.77,175.366
6519,106,115,-15.1515,4744.24,81.5948
6520,106,116,-23.6364,5669.09,96.4757
6521,106,117,-39.1608,7366.43,118.998
6522,106,118,-47.2527,8253.85,130.747
6523,106,119,-50.989,8664.84,140.365
6524,106,120,-52.1429,8792.14,149.228
6525,106,121,-51.7647,8750.29,157.929
6526,106,122,-50.4902,8608.82,166.799
6527,107,116,-27.8788,6148.48,87.5153
6528,107,117,-45.4545,8081.82,108.904
6529,107,118,-53.8462,9007.69,120.048
6530,107,119,-57.1429,9372.53,129.284
6531,107,120,-57.5824,9421.32,137.958
6532,107,121,-56.4286,9292.86,146.671
6533,107,122,-54.4118,9067.65,155.734
6534,108,117,-53.3333,8980,98.6423
6535,108,118,-61.8182,9921.82,109.155
6536,108,119,-64.3357,10202.1,118.02
6537,108,120,-63.7363,10135.2,126.581
6538,108,121,-61.5385,9889.01,135.443
6539,108,122,-58.5714,9555.71,144.857
6540,109,118,-71.5152,11037,98.0242
6541,109,119,-72.7273,11172.7,106.555
6542,109,120,-70.6294,10937.1,115.153
6543,109,121,-67.033,10531.9,124.383
6544,109,122,-62.8571,10060,134.337
6545,110,119,-82.4242,12297.6,94.9072
6546,110,120,-78.1818,11818.2,103.835
6547,110,121,-72.7273,11200,113.735
6548,110,122,-67.033,10552.7,124.383
6549,111,120,-86.0606,12740,92.9935
6550,111,121,-78.1818,11841.8,103.835
6551,111,122,-70.6294,10978.3,115.153
6552,112,121,-82.4242,12342.4,94.9072
6553,112,122,-72.7273,11227.3,106.555
6554,113,122,-71.5152,11083,98.0242
