,t1,t2,AR1,HW,theta,RF
0,0,24,140.1879411721326,159.34320160914473,95.69303135612225,18.988498605086388
1,0,25,124.5442075389095,159.2992175325696,101.02923431687033,27.529375684172773
2,0,26,128.7843329188133,100.92394724267429,115.56837010162268,42.305659637757984
3,0,27,125.7817656248498,79.69833940871476,121.97799118988164,53.04185640023908
4,0,28,114.87424682135632,40.105259427482885,120.73926619783704,60.84789654078353
5,0,29,99.72083511218294,11.813254470167735,111.90114377559975,61.12419506803812
6,0,30,101.15270960540037,12.726743553548763,114.71993216514946,63.52941180048014
7,0,31,117.60495376006759,50.6720189790811,131.1513980371657,82.0929422181976
8,0,32,109.15834488456285,15.11223151919908,122.01108065658526,82.16445209822707
9,0,33,118.37687166224207,46.5545528854731,129.9244895383506,90.14692151402238
10,0,34,100.75772478819083,16.731965015178684,108.5697900552873,83.26928792980597
11,0,35,95.37009610516532,17.387166699961806,99.69833277103241,85.68703895616295
12,0,36,88.01808618398121,21.624844499686326,88.59561807774037,83.62929364582003
13,0,37,60.514605854504644,84.12931703491515,53.84583595153618,62.406593533366234
14,0,38,63.331366115248315,35.09213252272612,55.171006166807445,62.33082493631959
15,0,39,58.63514605698987,32.67205991371291,47.31898800652833,65.14003520231347
16,0,40,57.764137136727896,21.070094717736712,44.301439070320725,73.27959651051734
17,0,41,58.74638175766706,17.59996582817892,43.111818263629786,70.18068384508787
18,0,42,67.6217876870428,10.41789449253663,50.87876389192928,70.45410912264214
19,0,43,86.76957333375431,43.34928562629371,69.92276876311571,88.35126304515799
20,0,44,91.54313629773563,36.57184469491093,72.36925550645904,72.7223999361768
21,0,45,89.38509632081751,25.207635063202755,67.65670405599103,70.27887342103317
22,0,46,92.0933502957484,33.33951163180065,69.19726339699133,67.29597989927142
23,0,47,80.66836173090564,19.998833358852405,54.654696989806624,56.501077573260666
24,0,48,61.83666436297291,47.27581647076182,32.597845003308855,37.18607003877852
25,0,49,32.34078843195053,112.98841750807378,8.84707521260605,7.190577934853929
26,0,50,32.55736940260219,55.38723137478138,7.4826207054509615,15.809304041360406
27,0,51,35.02517730636396,14.161121402756486,8.243416541449804,16.613983137766976
28,0,52,19.2995340651397,45.90446879076594,18.20933375783963,23.582896075792092
29,0,53,21.26396180239378,14.845005319107793,14.330343317197224,23.778584327871897
30,0,54,20.41449977338628,6.521778412669623,14.183571140588974,22.092292990536464
31,0,55,6.197181086919949,40.318877546838955,28.91663985449974,30.14016515881129
32,0,56,9.054415071229784,7.6899891024672025,24.433528769683782,35.27530587803105
33,0,57,14.209770201626306,16.353174618190668,35.14602318131512,42.56161257601495
34,0,58,20.792358975000706,23.173554635139983,44.014682999700206,53.295944181005154
35,0,59,36.582638167201246,46.85861351887782,61.48101357188054,68.15730641299892
36,0,60,48.58850965432099,51.7230970142121,72.29939881949258,82.81109112564846
37,0,61,55.05784699526589,53.159602679032034,76.95462926000891,86.90721074537366
38,0,62,50.67104851431754,24.256639509825167,67.81832915488289,89.6984795018929
39,0,63,34.71809055157074,37.894705536646015,45.169088758226934,25.173069809465474
40,0,64,33.298007413202704,27.157810656211968,41.246483714156724,25.07388413872543
41,0,65,12.49260388947997,72.90508809216776,14.468878215272271,34.314127813050376
42,0,66,11.663151749448092,65.74285277020195,11.062191942169807,20.798430262619444
43,0,67,19.847509730912243,7.394942731126473,20.46434494292209,14.422218457244306
44,0,68,15.575136934252647,16.23308240742891,14.69459886721175,17.04561563314938
45,0,69,15.987975879809545,9.828258118442209,14.782999397019429,20.198023876432593
46,0,70,17.923895464841205,14.311780881733844,15.379565108568258,23.38458820044931
47,0,71,30.831733063249676,17.738694423619695,27.708140647146816,34.091483541313494
48,0,72,32.057608463020216,24.67826832061979,27.0358946241203,37.73631371813032
49,0,73,43.91372605964155,27.584579641805906,38.26855910630794,46.497535801261606
50,0,74,58.657793202083454,68.067633032685,54.581499092002126,54.007991166789814
51,0,75,60.82524274122526,57.61773428939788,55.93632880201934,59.46406175618717
52,0,76,40.085607888151934,22.355716413912607,31.077264662064536,33.11025502566749
53,0,77,14.203841370827709,74.40845174322158,10.497077598689012,9.967479808094094
54,0,78,9.99402791779156,60.92006849625536,17.645562652652096,9.953990772863405
55,0,79,20.504812974083965,79.02994261916272,36.05453646115442,24.954425208743892
56,0,80,22.821653504389467,50.96496828676908,37.53597268771243,24.6005710463267
57,0,81,33.52390608872491,49.11405858376394,47.81144520625544,34.66757741867054
58,0,82,40.49213371506678,41.16292024878361,53.78379451612846,41.42912175676294
59,0,83,41.01840696823151,23.438233221512867,52.466909221418504,41.35266505077765
60,0,84,42.822151938162015,19.26182435621889,52.76301750792818,46.54731023259275
61,0,85,52.51177148485897,16.72223729242799,59.066560815434954,43.2249295346577
62,0,86,59.82839518104513,38.040001728998746,66.57869845200429,48.197199175859815
63,0,87,46.85796321849767,27.588698181331967,48.601702002058474,52.49493661343286
64,0,88,44.626139114787605,25.6967944544241,44.47050640688252,40.592679246177894
65,0,89,50.50881232178454,21.260826597438957,50.01739156036879,47.36842501446539
66,0,90,51.34309711344087,22.8616141819451,49.56731488148435,53.85300702428933
67,0,91,22.294658471825144,126.42070104238171,22.01061713230317,33.63401357796111
68,0,92,46.78724833457882,10.674528763112027,41.200729644589735,35.6024638998303
69,0,93,52.93075577511093,20.733274586120427,44.69173739053211,48.971570232866675
70,0,94,68.73161008235563,40.856950269889225,60.226648955729885,61.231672779450754
71,0,95,91.2212278618434,46.53071095252872,79.4855052644481,71.54624763714392
72,0,96,117.5717087303546,73.7069377629544,104.89903445898035,98.20565765336906
73,0,97,142.92971355058134,99.10804359631703,128.70518583707138,128.03082632280103
74,0,98,169.027494539254,107.6410503865488,150.86196547480895,140.83639571555995
75,0,99,183.09671162319435,85.87679521030212,158.119566635804,130.67347667001997
76,0,100,198.2497034103275,90.03769568578501,169.2251506015057,145.05477981852212
77,0,101,162.83938779970114,45.535853582978376,119.66619599893107,156.38095218118417
78,0,102,163.3385435867836,39.265810307165836,118.46037635562362,173.64357200460572
79,0,103,141.99269681226826,57.38310845105431,94.95470418315696,176.80118921842814
80,0,104,81.6080595527229,147.73072889338758,33.32220369768493,115.6190037793308
81,0,105,51.555965744587134,163.76310528899006,12.235893398021394,59.032295688427624
82,0,106,42.244867792814965,128.29357035294876,15.543369461773255,24.692497448672544
83,0,107,52.21115402395002,67.62591403532122,17.774440407635815,26.460870288281015
84,0,108,57.737351379690224,42.99596655196141,24.71518517978609,34.3426843451628
85,0,109,87.18491009742601,55.45480023334777,45.06356134833132,51.42544262153268
86,0,110,115.20940486313258,118.54806797253615,72.96752749992764,66.55026211558493
87,0,111,103.67467541662144,54.77549509931493,62.387858703865696,68.9836382727828
88,0,112,99.01144211322435,35.659628254283305,59.64819131645505,66.614574053912
89,0,113,79.85097825980549,18.65283588123321,43.08545004362198,64.76075149086923
90,0,114,63.80955725304688,34.10718281828339,29.787615310429477,51.870443941075024
91,0,115,30.126556365922962,79.85459126659521,10.217562351001037,26.97072472958765
92,0,116,25.79796043732188,66.380514468574,12.738875296513104,15.738919934549278
93,0,117,33.10322535568064,46.91775689905259,18.840033028739935,20.363834474812762
94,0,118,54.407414948979095,24.247502631640337,28.674496564008354,30.14339552014669
95,0,119,62.72054324954337,36.89419797399588,36.015139046033376,37.069525677932916
96,0,120,62.14992932800117,30.240751517222268,36.580860365733834,40.21029352810441
97,0,121,87.24078965325127,89.62238314167087,60.51300224679563,47.39188731540839
98,0,122,54.428498489224694,21.72338446662316,31.824701208042697,44.27958760585959
99,0,123,24.697402319086038,53.663709673792134,9.752810939302366,28.29860208077453
100,0,124,12.166196904495209,70.58961639345898,14.827149657333145,8.49219635665206
101,0,125,18.021986661756518,40.77358127395111,12.604034391738287,9.441944656504477
102,0,126,27.69141478126458,17.90921834535224,14.337052684658746,15.377564153412973
103,0,127,41.412521076850574,31.96201223145975,21.610486092565438,16.642934212068344
104,0,128,46.506410539808805,36.48987232226884,26.93216848919734,22.740803410401785
105,0,129,45.62670212245914,25.013286791811428,27.107251412533994,29.475326567813116
106,1,25,111.8728294340682,164.73172038696424,101.48954568822218,27.287007011894865
107,1,26,117.50740465923805,107.4120000776277,115.7080698186833,42.004642320359466
108,1,27,115.96652441334504,85.66099267619137,121.81615503258897,52.797503969314405
109,1,28,106.9170547713812,45.9245950453834,120.27813412247635,59.91843351800006
110,1,29,93.74816911717447,9.455787006529874,111.14614574757827,62.027470048528315
111,1,30,96.20259094476627,14.306099655664747,113.71170992201756,64.92994756126654
112,1,31,113.0800179522541,50.32927364166313,129.9412965368635,79.54841349957434
113,1,32,106.17122113575759,16.859289875942174,120.61552627759379,83.42728933551578
114,1,33,115.75406633999796,46.29467442916016,128.38601995244585,95.5750561101365
115,1,34,99.88773758960826,14.800867885323619,106.89311508036927,85.4731318178894
116,1,35,95.3656287576158,17.458514205511282,97.91148274147814,88.32861636487216
117,1,36,88.79560128797412,21.722513566842043,86.72392981497151,91.25120080120024
118,1,37,62.9666190534873,81.9124790130745,51.869235527532034,86.01006172833681
119,1,38,65.6802553240134,38.46943577675284,53.141092529250855,94.89768067002231
120,1,39,61.36034233237144,32.90550319380136,45.2466508845712,96.30583619541932
121,1,40,60.62096179178454,21.479998007063895,42.20922596455406,110.16417377618718
122,1,41,61.771126102831055,17.50145564046174,41.03063628290545,123.66949187481113
123,1,42,70.59142531472676,10.31295604075855,48.81220012966756,113.59578864851073
124,1,43,89.4972336677117,42.764266528094176,67.86833397562964,147.43896174071105
125,1,44,94.53165442575218,37.541826143340835,70.3303363294302,94.09074141273109
126,1,45,92.70038230108739,25.79843247564867,65.66754763057948,75.1887997389331
127,1,46,95.46115117344432,33.00137647214634,67.25785345839509,78.56220740583018
128,1,47,84.50414416705699,19.942284671435893,52.81566812771735,62.343219389563174
129,1,48,66.19516099664021,46.59084620080633,30.950674218483314,49.60672575749202
130,1,49,37.542233388412065,111.32735390419583,10.229782336792445,7.428431654592385
131,1,50,37.29888234310248,59.018970889978284,8.714079814083428,15.061145823285933
132,1,51,39.21217710401471,16.2541902411075,8.519585042941289,18.64554912011375
133,1,52,23.549520619658708,46.368868939110456,19.95676233090721,24.814734256179456
134,1,53,25.05094244813763,15.767326603131561,15.991715509601212,24.74185373996349
135,1,54,23.79538412432002,6.559329562094701,15.761384389766679,22.209500793378584
136,1,55,9.250405404247173,39.38479769772567,30.5799854396106,30.550158216824777
137,1,56,11.515992273250976,8.617782646731374,26.038606490919246,34.864577882224026
138,1,57,13.871367795955646,16.15096165796455,36.6514741982337,42.87042480836535
139,1,58,19.272635124969817,22.889990644281237,45.50395127961708,52.92842316468984
140,1,59,34.53379920396733,46.32930370160038,62.962570359096674,68.4435121036741
141,1,60,46.67378709109883,51.95675673307823,73.75033447157212,82.38087920765159
142,1,61,53.369681951967664,53.24011499819906,78.35034934653697,86.54080054540547
143,1,62,49.64868901035878,25.05178889040245,69.15018331181844,89.11778508709659
144,1,63,34.66651955345652,37.04770158242947,46.43478029357562,25.025800842215958
145,1,64,33.57204609761895,28.286565638080013,42.44496395811406,24.62637495749448
146,1,65,13.725632508489161,72.22539029820318,15.639082285405154,26.045395179763226
147,1,66,12.91595936519813,66.75664156080182,11.906039932232597,17.014829502008926
148,1,67,21.237541455596045,9.030053096476577,21.582356432088964,25.491043309268264
149,1,68,17.057827907548734,15.72951773825947,15.653259007049384,18.393411814028454
150,1,69,17.43858150794912,9.77674379950056,15.653416096676725,20.629369915161696
151,1,70,19.505296415706614,13.936136417695106,16.16799975220196,23.338418260298493
152,1,71,32.462115880240276,17.689229888233204,28.53394171444944,34.072994805673986
153,1,72,33.91883780160074,24.036207861936635,27.711293502314053,36.33305299906456
154,1,73,45.94595719423534,26.89000386058372,39.11388936457241,45.057025694085766
155,1,74,60.433394875424966,67.31955704135754,55.45373878692435,52.52738570820889
156,1,75,62.67773849906724,58.50451009221468,56.75099097488705,59.91412080432156
157,1,76,42.61952898858346,21.482602474411934,31.792223592013663,25.341446558484552
158,1,77,16.92114007157892,72.5077527956716,10.201651733323622,10.18440038429936
159,1,78,10.726707144496277,60.6496411952444,16.996294875954266,10.080880390241072
160,1,79,17.19028805587669,78.92856693005707,35.30923224487633,24.297724041728724
161,1,80,19.68157418563615,51.92417414987649,36.812681963904595,25.95774762749544
162,1,81,30.496035008972786,50.14939225790987,47.109105283084304,34.49903118888766
163,1,82,37.689628269041556,42.29693985276012,53.10049216655265,39.87571779173064
164,1,83,38.57763671179862,24.68286615556404,51.80365025668783,42.06409058817119
165,1,84,40.660741213803796,20.127461291650004,52.11915451182325,48.28220209301205
166,1,85,50.954722705266356,17.018659547340988,58.45779160032612,44.0339904135919
167,1,86,58.24257169756909,37.99951248101647,65.98551466424455,50.47505968591606
168,1,87,46.02284050728729,26.772191190323174,48.04183083660225,52.25465051746225
169,1,88,44.06439545404826,25.70916361459902,43.93642794871569,39.66482625844769
170,1,89,49.98954464100937,21.151382745345778,49.48681803760901,47.15919939944408
171,1,90,51.00480878755513,22.758770323223725,49.054188660675194,54.08604772971
172,1,91,22.677727822083273,124.17498753262574,22.16555916906076,33.0028881682841
173,1,92,46.91296347891962,8.135587632032037,40.653846332703566,33.97008199417397
174,1,93,53.391731570072885,21.00682246280691,44.16623478821515,51.53745935019247
175,1,94,69.21489757422879,41.29659391193606,59.703507847844335,61.72545269412037
176,1,95,92.10351969276206,47.23638923077744,78.99248037473032,85.55763034929093
177,1,96,118.54035208047283,73.67414846342406,104.3966863660927,98.97293998153467
178,1,97,144.06576782844323,99.08151205735071,128.20249058009273,126.27093786917847
179,1,98,170.6036404528415,108.01617606812526,150.36514802512494,128.8740677307015
180,1,99,185.41303998037245,86.34639771939776,157.6285306526502,118.54679539270504
181,1,100,200.97757315969494,89.55508932857533,168.74148693162974,145.25926633006833
182,1,101,166.93886682956827,44.62192926254542,119.18945789162525,156.23647482239113
183,1,102,167.4657276233104,40.51697510084541,117.99452918284437,175.77133607224496
184,1,103,146.14456830550145,58.169963523081925,94.51338216659799,181.12288494237336
185,1,104,85.59339607874044,147.43116639961363,32.97042189965612,106.44872044041301
186,1,105,54.89745217693463,164.57658058068347,12.313019031282684,51.09884339623933
187,1,106,44.938828130038935,129.4681785857171,15.81598607280541,27.297698809764743
188,1,107,54.496412096172044,67.98487209084131,17.721351355456978,22.88499497782159
189,1,108,59.57198475990224,42.35199126318831,24.567924048207644,26.745328084836743
190,1,109,89.04141354635853,56.09898011763666,44.63130255278725,51.2136572587133
191,1,110,116.9869380541757,119.6148821871618,72.50746409291516,68.30201961087879
192,1,111,105.11218124087561,56.683942012790126,61.93280344916813,67.24320592329222
193,1,112,100.17042328133141,36.01516185723779,59.208475001249994,66.92250393124323
194,1,113,80.62711371910527,18.689713002133782,42.66854135437618,63.28641476075836
195,1,114,64.23685606854977,34.418724536462285,29.396937032574137,49.038138040175944
196,1,115,30.08246458301003,80.10060045343621,10.408175735608284,25.654193770731688
197,1,116,25.569756319028357,67.01949484486586,12.995070326792527,16.678774287915562
198,1,117,32.77594874947773,47.20068663101858,18.886895675380114,19.398323240793406
199,1,118,54.1145144880276,24.169674887249244,28.344249074368985,30.470056128898765
200,1,119,62.368071925854466,37.251471532631534,35.63162859838838,37.38086670281643
201,1,120,61.68238744932572,30.641853232921488,36.1971441475042,40.20659608173566
202,1,121,86.96269079106295,89.36859425378465,60.12292394713681,47.57838619185532
203,1,122,53.85678297075794,22.20824288923553,31.490995474454294,43.19800265213985
204,1,123,23.861175971468672,53.58062810251857,9.748020841225058,28.52716042516588
205,1,124,11.468119978416885,71.08651033991539,15.156242277944598,12.922671460870127
206,1,125,17.21504789906777,41.400062863159235,12.789914076353893,9.94209427422476
207,1,126,26.810363508548704,18.059580737195624,14.207053253971749,15.586066629727181
208,1,127,40.556552126023995,31.91631561022375,21.23546590607381,16.650350539435475
209,1,128,45.651753678972,36.902537865145234,26.551547694269846,22.338321795567076
210,1,129,44.7207231386863,25.37308044132423,26.7304270885388,28.271138409101372
211,2,26,108.45318496276931,103.55318929820483,114.88637247289769,41.79595102448099
212,2,27,107.9829636882591,84.05496184286481,120.74617765809404,53.12756125195351
213,2,28,100.34261727284245,45.01779770515811,118.95525092083423,59.83009114160479
214,2,29,88.7591338472895,9.581043993943265,109.57074343802117,59.14772099006242
215,2,30,92.05231716583968,14.098780829942372,111.92286897448216,64.84996509519331
216,2,31,109.27709018411578,50.33620687471679,127.99127871300416,81.99244000970572
217,2,32,103.67174869324758,16.637644238260187,118.51916659496081,82.30886397764472
218,2,33,113.56148777645015,46.31362641645473,126.18603729126052,93.37495102233346
219,2,34,99.21690792358316,15.000909346585733,104.59038969477162,91.58718268678247
220,2,35,95.44883206578479,17.811818596469912,95.53412213100935,92.80265124788822
221,2,36,89.55728286268486,21.881658616453052,84.29697653269311,97.36649510926834
222,2,37,65.16210494451094,82.20418510479378,49.36161241808842,89.05029346507563
223,2,38,67.77255389122568,38.49810038628961,50.61120540787459,99.17179347019422
224,2,39,63.74773205619414,32.60298904091594,42.70183559877966,108.98921166070959
225,2,40,63.09321618702299,21.121454709321704,39.672609317029725,107.98492770262884
226,2,41,64.35197617772491,17.203892858426602,38.53782113636963,110.02644392533821
227,2,42,73.09845736709114,10.459773047705655,46.361002936938036,129.37266926348022
228,2,43,91.78495660260975,43.12256257362903,65.45020447123771,156.65579138444977
229,2,44,97.00329589525617,37.76341443823815,67.94800085880752,120.12368981345114
230,2,45,95.40036886787426,25.781800497468154,63.36151901503156,97.99719824575784
231,2,46,98.17049869861957,32.948670464713054,65.02505410869634,92.2186758329238
232,2,47,87.51979135153366,19.987341788280748,50.7188480693328,74.69030490119637
233,2,48,69.5128339884053,46.95547883383076,29.11688697720752,46.526096797198875
234,2,49,41.26285278319219,112.02092129116356,11.979710216196697,10.393154104644205
235,2,50,40.62361538881278,59.181720803873404,10.346294540267332,12.28980066590333
236,2,51,42.12079339964556,15.834683408376039,9.272908479429914,19.49322545197873
237,2,52,26.396731452077645,45.79961964912275,21.926052816741688,24.188406009696365
238,2,53,27.558174077088328,15.385573539211732,17.87010690948704,23.06945781045996
239,2,54,26.01400832878957,6.362650464471017,17.54856952515248,23.217004261676845
240,2,55,11.335226000025969,39.12015822848753,32.42535573508934,29.91750789916978
241,2,56,13.198239136821654,8.484068641925939,27.81610690346575,34.898746919699725
242,2,57,13.946339201122417,15.934904676927767,38.317685824262774,43.19111669209808
243,2,58,18.440136122662746,22.703062455515745,47.143982468351666,52.12239673021342
244,2,59,33.29552975353193,46.26030115762439,64.58675533928252,68.92540130544621
245,2,60,45.5023251335428,51.94110029248308,75.3363441062026,81.96391795854127
246,2,61,52.32977658038352,53.175937034121326,79.87296213445012,87.48011056266228
247,2,62,49.00239230574809,24.890754460222375,70.60094214100185,89.37172579355513
248,2,63,34.60997580734347,37.56784388486959,47.81263296632349,72.72750030583819
249,2,64,33.71731259343133,28.66858890678765,43.74888720425807,56.19368615781237
250,2,65,14.465926806877434,72.50900089902713,16.91424399476894,20.102339659801526
251,2,66,13.70783379123399,66.94832992055456,12.877109618243054,20.5982712817459
252,2,67,22.068713225160874,8.786522637383012,22.790461773438654,14.391524561427845
253,2,68,17.959240988868746,15.24869352361843,16.70475924299901,16.803717467570674
254,2,69,18.32599004914141,9.58199008409126,16.613854150490635,19.22685270715737
255,2,70,20.472763230636428,13.752752931895657,17.0422905721185,20.617408982059338
256,2,71,33.444032819450534,17.77186563728151,29.430541474529388,33.25683416131607
257,2,72,35.04210813168859,24.02036859029329,28.45222360145869,37.09755689671477
258,2,73,47.152463296831016,26.92056579498357,40.02170638716194,45.50501694709293
259,2,74,61.49013761661889,67.65808080440966,56.386104064292695,53.85566904447196
260,2,75,63.78096451381033,58.80687918464646,57.62166529165648,60.036984239270296
261,2,76,44.11596563637916,21.652823925648562,32.560387996865295,25.350172556171188
262,2,77,18.574761909531208,72.86358361714221,9.94980571556257,10.593324110047035
263,2,78,11.578569697506461,60.71230638237503,16.318635697438825,10.813365195948439
264,2,79,15.441083391654272,78.95383114008717,34.51810965318655,25.216570478925362
265,2,80,17.99493703059977,51.71664709187003,36.04561318991279,29.27679002923946
266,2,81,28.861256387449647,49.93232586795084,46.364897410935924,34.75040511800613
267,2,82,36.16873108949789,42.06803405882151,52.37711766167834,42.27416047089738
268,2,83,37.24053967350735,24.446301712669786,51.10223140162148,45.46716801897986
269,2,84,39.469844488072766,19.963910562678993,51.438973492962475,51.228911956777424
270,2,85,50.092494535587775,16.960327906095305,57.81575868262024,42.07552612582872
271,2,86,57.362401249072384,38.00218050414441,65.36046908354163,47.11786562178727
272,2,87,45.558087168000846,26.93820984717628,47.45318752089752,50.212778213424805
273,2,88,43.75464738604162,25.92746278145884,43.37594284531898,42.26369610716194
274,2,89,49.70390037687431,21.129239297098678,48.93013485348765,51.110373199741346
275,2,90,50.8230059680469,22.80287260229959,48.5164759824795,56.028396436994704
276,2,91,22.92750890345365,124.66270962678614,22.34210933669884,30.85619806331908
277,2,92,47.00233375986016,8.312731804303953,40.08048713638767,26.13817569525583
278,2,93,53.6780216494358,21.14944775670325,43.616088186306975,42.46597459620782
279,2,94,69.51389677301214,41.42326627316678,59.15607173333389,57.705134837577795
280,2,95,92.6331369229624,47.22406853408356,78.47726722647741,85.01300227611142
281,2,96,119.11862632954524,73.6786461806029,103.87187546320311,98.82188479782766
282,2,97,144.73814679854732,99.09519182400425,127.67765014766289,127.86384189661817
283,2,98,171.51843709139393,107.94375160430761,149.84684611728267,146.92285600509402
284,2,99,186.7092416790596,86.11687432889566,157.11666455605365,116.8656821768993
285,2,100,202.44448642762273,89.35037233057065,168.23770956500834,142.988915128057
286,2,101,168.79930150534489,45.00560171178265,118.69397338700065,156.00356167867633
287,2,102,169.08357484550066,40.54855607776912,117.51016953241663,174.58284980645897
288,2,103,147.29881530028783,58.181606027915535,94.055127091007,178.942239533376
289,2,104,85.46781697925347,147.51827200352307,32.60898216797881,104.1957825918384
290,2,105,53.58958289140844,164.5043574398663,12.411645350897569,48.5767327631822
291,2,106,43.02575077698531,129.29845362872268,16.10838544571757,21.63029030812934
292,2,107,52.49280837445312,67.53692802663176,17.67934951237865,18.025130496985398
293,2,108,57.302114518353804,41.91652932795438,24.423937935390068,27.818067930747564
294,2,109,86.98941724591727,56.426110504501274,44.184691312812454,48.422801497479
295,2,110,115.1841552468815,119.80070821133921,72.03169897845261,66.25227744184937
296,2,111,102.69176310083228,56.776833190815026,61.462534306096636,66.2561894912759
297,2,112,97.4714156259965,35.93954745962883,58.754521697057356,66.6331920641224
298,2,113,77.39349395647882,18.81646765668847,42.238902828495505,64.80370740385256
299,2,114,60.593608794093136,34.69582756250109,28.995609081333026,49.593718044693446
300,2,115,25.901209011481644,80.41233354584848,10.620713322306983,28.44257499898672
301,2,116,21.5505049260094,67.15283700592612,13.26937038124145,15.513072955952772
302,2,117,29.2236168687324,47.13007435031521,18.945707670633233,20.149124690588653
303,2,118,50.34838359271347,24.417703821870575,28.007280620570537,31.513988314936686
304,2,119,58.59716441163964,37.63090911685238,35.23818214863548,37.79678586765714
305,2,120,57.86362657207317,30.830105796379762,35.803564668080355,40.51664393395073
306,2,121,83.70850035235641,89.6666334878458,59.722414798559306,47.46393451311071
307,2,122,50.21927492949906,22.22791604279775,31.150312189437347,43.605670285123324
308,2,123,19.979842044614024,54.07363657795257,9.761718856479671,26.77188497046977
309,2,124,9.419951100810826,71.60227597341286,15.498340141479941,13.449240115929829
310,2,125,14.27487214990061,41.55081792811912,12.991400530348017,10.624239407099333
311,2,126,23.389209709920625,17.967942363404482,14.084702895305234,16.09384665575477
312,2,127,36.94549308114265,32.35220757264111,20.852065381439854,17.246980111980534
313,2,128,42.13417592057624,37.303689208145904,26.16204875923338,22.984991286330583
314,2,129,41.200011139434984,25.520272013064524,26.344960991459715,29.730456922405452
315,3,27,103.56783472467822,83.89903730498101,118.9929158710639,53.12212480963035
316,3,28,96.49467611605206,44.817416223622175,116.98138741738916,61.412041923946944
317,3,29,85.7324227800363,9.644341722654806,107.37241816501754,62.46395086554763
318,3,30,89.51065950801772,14.022901955406798,109.53981766430071,66.1551404204081
319,3,31,106.93489793219071,50.34055176667956,125.47856647589087,85.52617849632666
320,3,32,102.16052257212016,16.566185979220577,115.89038875868177,88.69234725492483
321,3,33,112.24419801194853,46.31980783828569,123.48530155616089,99.96735768138689
322,3,34,98.92725411954645,15.059337556621005,101.81507924696646,99.29133767794356
323,3,35,95.66808105341345,17.78188880570682,92.71296836780243,96.2133695188197
324,3,36,90.2252388556797,21.862315106100844,81.45531367235866,99.13984857233355
325,3,37,66.74091683236453,82.26198603349606,46.45830643086621,94.24767412419764
326,3,38,69.25041865176485,38.45778365489359,47.711522917434415,99.31916000211605
327,3,39,65.35595419751121,32.604107313762476,39.80993305977339,94.18496520288188
328,3,40,64.69677034301996,21.125272808784924,36.81257134049103,87.17237261315447
329,3,41,65.95191016901389,17.216355934352702,35.750910448108854,100.19811698863596
330,3,42,74.59821526582189,10.455906582808908,43.638193191637065,93.52315689110871
331,3,43,93.12321908752412,43.121358232811374,62.77672439820857,125.41132415100505
332,3,44,98.37515118266565,37.73437155397935,65.32696985572802,101.43361161568559
333,3,45,96.80345675146839,25.76784302392133,60.83956645082205,81.57208424952505
334,3,46,99.50032170467989,32.957848274750525,62.59601717968168,88.31747569323228
335,3,47,88.8410685201923,19.986649556926427,48.45828948871982,63.31889256090097
336,3,48,70.71848410391028,46.95782264136896,27.19754793013028,47.88768371052665
337,3,49,42.08271643474956,112.037075513421,14.001640666917138,7.743220807328024
338,3,50,41.222710633053026,59.130439289903435,12.272354795606347,10.411722550894146
339,3,51,42.58501691911096,15.797530008544635,10.485840110967896,13.88955991977088
340,3,52,26.575474206118788,45.85035154936232,24.0392387098799,24.399407701462373
341,3,53,27.665997104739084,15.373498421414393,19.890041494115017,25.951975904325153
342,3,54,26.051954702686842,6.368690917239068,19.472956554375394,24.170015906983817
343,3,55,11.188629220894972,39.16542031943024,34.38078413497281,31.920742091918438
344,3,56,13.09965476320241,8.471432543240134,29.69671855427536,35.82911153297203
345,3,57,13.933572690373424,15.94291752363797,40.08019123918297,44.68922929379197
346,3,58,18.51047899489736,22.71232354872244,48.87095038501339,52.76730253556326
347,3,59,33.43763887550607,46.273142063581815,66.2899018034237,69.23145317554003
348,3,60,45.6448526854369,51.93718459229029,76.99495410280264,83.30880773638732
349,3,61,52.460624778270734,53.17519474558463,81.46230393347678,87.29203195829022
350,3,62,49.06724720614232,24.877008151340895,72.1130345776846,89.43503478325269
351,3,63,34.61689984042677,37.57887846319669,49.24760394993049,72.50453207285086
352,3,64,33.712801009323044,28.63271569193648,45.10578737770862,59.07961586515105
353,3,65,14.429951739840169,72.51259607515698,18.241580913850694,33.528693307954434
354,3,66,13.659076099796618,66.92903005008617,13.931527106872455,13.68174463092153
355,3,67,22.027850717664048,8.746772583588566,24.038005456212133,25.535873243959628
356,3,68,17.907775799034365,15.269314046522204,17.80390587000424,22.26534809144298
357,3,69,18.27347233272437,9.587768780377957,17.622652153539722,21.412630831380316
358,3,70,20.405004519081064,13.76628276727158,17.964419632690916,24.208038684233813
359,3,71,33.371821735087956,17.771136751521716,30.35941139170153,33.53252216145198
360,3,72,34.92773543914067,24.036537736217376,29.22708358610879,38.03678543113611
361,3,73,47.036228766076746,26.93180704593975,40.95198659661332,47.716795668605656
362,3,74,61.408198636940185,67.67374127304245,57.337027970060745,55.855903108306606
363,3,75,63.68577679435707,58.783303567987126,58.509348950310354,61.112060630744324
364,3,76,43.913349726573536,21.678555846788857,33.34724184061076,22.73954179556451
365,3,77,18.205091384704957,72.92618464143902,9.76523348075379,11.210901164070943
366,3,78,11.337184382856528,60.721350544182975,15.647006204428523,10.195806155648036
367,3,79,15.993612867914532,78.95735895355674,33.718183669945596,20.62344305572899
368,3,80,18.51405832148766,51.6856348114141,35.270941182707546,24.063096719999646
369,3,81,29.37511409563886,49.89885270056606,45.6141627948673,32.29550280988602
370,3,82,36.62891766533202,42.030984112399366,51.64823284060714,37.597708601592856
371,3,83,37.60519517414907,24.404370282309927,50.39633463504663,41.38370883573625
372,3,84,39.77265198819933,19.93427579264305,50.75526472678755,47.28497745054751
373,3,85,50.27637144984001,16.949200543853067,57.1715235673364,45.58355263380664
374,3,86,57.55406982773781,38.00290453065458,64.73384302365231,50.407983228427014
375,3,87,45.63600252055031,26.960185973175204,46.86436088110034,54.67268975168668
376,3,88,43.80221010522155,25.915309347508252,42.81628929562951,40.273782993397845
377,3,89,49.74691507136818,21.137497397786724,48.37429436254792,47.5264520247461
378,3,90,50.84775839435663,22.802623586069814,47.98016769840013,51.227414295885666
379,3,91,22.88426427034954,124.73235646517149,22.53248570692822,30.167491406679737
380,3,92,46.98881460248289,8.266168956809542,39.50760617396488,24.92650254323368
381,3,93,53.64209314523697,21.15995707418651,43.067534874508695,45.243883370175
382,3,94,69.47536609642896,41.439886222106615,58.610219398180796,58.58438594552613
383,3,95,92.5593361515001,47.239628405687476,77.96424031733682,84.61148976756972
384,3,96,119.03227385846316,73.6785265511951,103.34917330999124,101.46218177030995
385,3,97,144.6275987278001,99.09489832960881,127.15513587898512,128.94123411272312
386,3,98,171.335357225471,107.94991098982551,149.33118351197288,144.64327698502444
387,3,99,186.3387484088013,86.12125152182249,156.6077301271289,120.18330057625522
388,3,100,201.8684792487759,89.33683462210195,167.7369227468304,143.26593928658917
389,3,101,167.1060018039798,45.02782463387812,118.20075620629098,155.378625907252
390,3,102,166.78238852092508,40.61160767509408,117.02896363124407,175.23426226566298
391,3,103,143.86795091604702,58.211606637452036,93.60033357747213,182.14153585673864
392,3,104,79.2575556507722,147.53451135415398,32.25264876514714,131.61349112470904
393,3,105,45.64415715611289,164.54770866493186,12.528004312479812,62.183363263355716
394,3,106,34.8027964872879,129.32024869174748,16.408224214098695,28.637406306698868
395,3,107,44.76751519243341,67.53291713883537,17.650821436937413,23.156491923438
396,3,108,49.73850796452677,41.89509858188107,24.289562595341664,28.259046436477085
397,3,109,79.85844140311524,56.48039625339714,43.741532445325625,49.99567204369721
398,3,110,108.78100538862691,119.88737935494181,71.55892236056427,70.27619949175084
399,3,111,95.40781072711816,56.8137353514223,60.995680527649434,67.25481528711192
400,3,112,90.00235283968411,35.94150661762585,58.3040196991359,66.63478812718594
401,3,113,69.31667334261904,18.81779470258702,41.81324187562513,60.837776701351025
402,3,114,52.15118880716125,34.70020946219578,28.598974262005378,49.01061159100861
403,3,115,17.320096347854218,80.41592572073824,10.846833152510575,23.265164838048722
404,3,116,14.11961470114673,67.15785008708906,13.551340571537867,14.951992912367931
405,3,117,23.01311451989751,47.13107154269954,19.014559993444315,18.978195443328847
406,3,118,42.8377531269538,24.41795239854572,27.676030218357084,29.71919033215023
407,3,119,51.10736931377523,37.630863216497346,34.84903385777378,36.081652378771395
408,3,120,50.44552687188609,30.830778347011396,35.414230956962975,39.54750180914707
409,3,121,77.2541185824628,89.67000189092674,59.325685415395895,47.050592488911064
410,3,122,43.43026172902826,22.232623958555365,30.815053001647073,42.572777098380094
411,3,123,13.599289902982825,54.07634580122842,9.793848616663514,25.6346208230751
412,3,124,10.642549628527746,71.59989063372528,15.841458273117528,8.685949636840515
413,3,125,11.371314660254203,41.550757677279464,13.201367859103193,9.248952776664517
414,3,126,18.001045578681392,17.968487106780177,13.974716688287385,16.07779563635102
415,3,127,30.562019092624862,32.35463361388378,20.473338435965488,16.73418584652788
416,3,128,35.94140380533084,37.30273688291466,25.776806330039484,22.468774232951027
417,3,129,35.07476017069996,25.51920857028302,25.963774867984625,29.04615824271059
418,4,28,94.95058961318924,43.93217849907773,114.74512059439827,60.92573962668693
419,4,29,84.35114666082052,9.967980682351362,104.90399835804253,64.27634026621566
420,4,30,88.31698260353107,13.711230882056942,106.88605355151198,71.42505286396927
421,4,31,105.82009506640874,50.371519194906575,122.70238636052365,86.99891408994779
422,4,32,101.46793778912921,16.255050220814713,113.0063627764079,93.06672523637208
423,4,33,111.6513059325096,46.351646608276916,120.54217821784226,104.61914890442856
424,4,34,98.91756570034732,15.40548740022426,98.8084917411691,93.0851215437589
425,4,35,95.93805175180457,18.03579709143488,89.67395141594858,96.74310274520701
426,4,36,90.72020019013536,21.952112682081168,78.41104114062799,96.38401616663361
427,4,37,67.61589795103899,82.74041792901563,43.360549114375615,74.21894862580693
428,4,38,70.01402155328913,38.167928592889965,44.63234175763084,81.50826555776402
429,4,39,66.06567885785597,32.302020139202014,36.75162557714445,89.4757628648769
430,4,40,65.29476881990328,20.75733976654825,33.800937498687965,86.06177463456109
431,4,41,66.41461609775351,16.953496311698057,32.83386297857024,76.7116515975383
432,4,42,74.92315319087768,10.613565702636432,40.7992276463165,90.5919053613463
433,4,43,93.34300285648503,43.540281371863685,59.9956231513989,103.21219997173255
434,4,44,98.45733651538404,37.85638703228103,62.60870866181874,94.29084311875235
435,4,45,96.69147696360126,25.68300510295277,58.23608423230226,82.7510315276274
436,4,46,99.21655206787614,32.93333386433034,60.09846984521439,73.5066159568419
437,4,47,88.1924547639908,20.03650276359218,46.15445940991262,58.5580749886609
438,4,48,69.48160891769523,47.3790425388017,25.314154135136683,42.41116646952746
439,4,49,39.567093488099424,112.93719024887571,16.162642254080684,9.060938330321372
440,4,50,38.720575161974104,58.91049059498822,14.350072106640472,15.859153732779996
441,4,51,40.287852535167815,15.46315155884155,12.023974343142038,17.912541680013156
442,4,52,23.766763088074498,45.739251802416234,26.195407674818654,24.854612041730487
443,4,53,25.104310161645532,15.072992346824654,21.953590460024465,25.228403417318322
444,4,54,23.67322318348248,6.273907505845929,21.440424512618815,24.42250934357329
445,4,55,8.6116220895632,39.16094645274805,36.355971730648854,31.95166848910652
446,4,56,11.068173012851082,8.303884692654307,31.593618734285442,35.66721543982102
447,4,57,13.9143386050912,15.817274722725822,41.85777956272621,44.89235597666119
448,4,58,19.632475530589012,22.623208822426182,50.6055735632441,51.890796691212394
449,4,59,35.12733175190946,46.28271033962023,67.99394665379064,68.18565672378692
450,4,60,47.2668275089138,51.90958770238582,78.65007670064281,82.04565778253526
451,4,61,53.922845710164346,53.12721466261844,83.04532894686463,86.56835990462916
452,4,62,50.00531646714182,24.697216464991595,73.61666757179776,91.10707266534207
453,4,63,34.86194983429003,38.01058836367307,50.67288054617573,75.84129933813803
454,4,64,33.73448880372976,28.759030474570807,46.451913612685445,72.6612550862245
455,4,65,13.820196003982149,72.7995229570739,19.557047356866956,34.12451685195435
456,4,66,12.94183439793536,66.98706532688357,15.009587913124705,21.411935172795527
457,4,67,21.32036896517496,8.467249970431844,25.264629055782386,26.5506640683513
458,4,68,17.099862589581026,15.065359478301199,18.89461034211723,22.843976392595987
459,4,69,17.47075189530902,9.483208814238326,18.62706391418447,20.75225899217135
460,4,70,19.48929176159428,13.69615680374917,18.885275926646823,22.894829679385513
461,4,71,32.432038470603175,17.82432111646759,31.273340519517603,34.68684707853375
462,4,72,33.76391618963999,24.083439951505223,29.995508757197,36.606845931903734
463,4,73,45.80527976639597,27.00920805045047,41.857385485513014,45.11314792216927
464,4,74,60.39169807367732,67.92985149356639,58.258090425716475,54.74882737851576
465,4,75,62.59574467974311,58.8645991721,59.36851887011257,60.19144962438821
466,4,76,42.24282986070472,21.784466077358314,34.11162841712774,47.79059988417517
467,4,77,16.09421290096378,73.160421136495,9.658913562654213,11.084862757252921
468,4,78,10.350869716978796,60.74731519293756,15.017950984758924,10.22240610247396
469,4,79,18.61360006504655,78.96745503624936,32.951850937110684,19.236190880019734
470,4,80,20.967575400979023,51.597594443122276,34.53003820964085,23.590489904678723
471,4,81,31.74619138279545,49.79243706667351,44.89726927348807,34.82679368955669
472,4,82,38.78050041588496,41.90305544650736,50.953255400204434,43.783461633965175
473,4,83,39.40071445766059,24.253764039395275,49.72429430390538,41.12198747608791
474,4,84,41.31425711451454,19.825402855086896,50.10526936025806,47.93432567948144
475,4,85,51.30089269254922,16.905624214329993,56.56019951678198,45.66224268598958
476,4,86,58.60751731837816,38.00619301580112,64.13982694127849,50.3770595231154
477,4,87,46.099559248085434,27.075799367288887,46.30740279483664,53.87264004386242
478,4,88,44.06932338296334,25.975096169964104,42.287843081798975,38.58941322286571
479,4,89,49.98307087996515,21.147887854537647,47.84940278354149,46.53560365473737
480,4,90,50.95649654225721,22.817243975122473,47.47421360633423,51.088152145210564
481,4,91,22.535108283461376,124.95108471669568,22.725027757985867,31.810721326065504
482,4,92,46.772471273238246,8.701959022735018,38.96653872939471,28.613301095687664
483,4,93,53.20538258122096,21.154380515684856,42.54953588959691,46.46725867515305
484,4,94,69.02215559878597,41.38756155951809,58.094836982335124,58.644125987647456
485,4,95,91.83067039403689,47.10827474274206,77.48013377949674,86.86673181459153
486,4,96,118.23296368433495,73.68176958682365,102.85589821796805,112.45168124975189
487,4,97,143.69457080381454,99.1018989536477,126.66204098606657,131.12477777641203
488,4,98,170.03984411498527,107.86654782326019,148.8445144940975,147.00131907497237
489,4,99,184.33081365024006,86.0121663217096,156.12728341133342,118.5348313604329
490,4,100,199.31266633563024,89.38601971536585,167.264210919514,142.2068653756957
491,4,101,162.03949970826105,45.53765564373488,117.73515133082498,157.32076678163193
492,4,102,160.82740335122728,40.46421920386563,116.57438645119281,173.19181283106644
493,4,103,136.26389112201744,58.089970883956916,93.17054019639612,180.99728676987868
494,4,104,67.7385950937482,147.68894045097247,31.918829461574905,110.57703689125144
495,4,105,32.28167708210792,164.40068165483316,12.654539281092747,60.90495511230909
496,4,106,22.181141632504435,129.04244364937827,16.700484938752627,28.71390326086872
497,4,107,33.06972323264397,67.3539368073782,17.635986178468645,24.768002502619616
498,4,108,38.80103741045526,41.7821955295703,24.170239072739903,32.819047897974094
499,4,109,69.02936954179371,57.04229466759103,43.32166647965164,51.773670215202884
500,4,110,99.06552077832157,120.48760416172425,71.11014912623949,67.74261458453351
501,4,111,84.73284751301159,56.69751671821656,60.552041873215856,67.17661307769792
502,4,112,79.33560022469723,35.848209449545344,57.87606249700721,66.58174085163722
503,4,113,58.166474163441265,18.890963333002222,41.40912930212092,62.654033301783244
504,4,114,40.86537398887789,34.83756743105767,28.2236734731097,49.592165240076305
505,4,115,9.517483751635845,80.64118992978611,11.075059733577115,27.65346794282434
506,4,116,10.843492152567249,67.16875596454616,13.828114254822783,14.465906273037362
507,4,117,18.8268079417367,47.06004977863526,19.089717434423903,19.211643735019045
508,4,118,33.67066277883864,24.545657385436993,27.36356723650804,31.366907048124315
509,4,119,41.774223665084456,37.78176784134001,34.47950558804162,36.74662284224477
510,4,120,41.300152857158,30.861688542493038,35.044335751865766,40.11546428291341
511,4,121,69.20749730298745,89.91454588894241,58.94788531403133,47.83317863582325
512,4,122,35.405379901416644,22.17988906955657,30.497438785194262,42.43325894345416
513,4,123,9.749005080283561,54.18914797988881,9.841567075077304,26.211535656548005
514,4,124,17.76062799325398,71.65531724373452,16.171928281021952,11.425612459378835
515,4,125,13.8777340763427,41.484396478371096,13.410684534333972,10.09605757462736
516,4,126,13.905506639113383,17.960055639636675,13.880523924492813,16.535416558812194
517,4,127,23.069074600441127,32.33511926267704,20.11313104803943,17.88280620540947
518,4,128,28.652204257272818,37.24148775249005,25.409939728007842,23.922041662718634
519,4,129,27.913111276847268,25.46807474841213,25.60081761262913,30.166368065052723
520,5,29,81.14221098332878,9.915383001102349,102.46340841775306,61.9864149711248
521,5,30,85.77434184636681,13.760280381183833,104.22817597813139,69.70218160815469
522,5,31,103.51281800718695,50.36476205561487,119.90457630756678,87.86567950619538
523,5,32,100.2982891610903,16.30809201968463,110.08716744995357,91.27377278959098
524,5,33,110.7079625899361,46.34570741650946,117.55890230364298,104.80241040588466
525,5,34,99.33047214281518,15.322294752219229,95.75701583153743,103.16535432984496
526,5,35,96.9704714091758,18.062757183696014,86.58957403719009,98.51055169747609
527,5,36,92.26662989787482,21.972606819500307,75.32449136620865,98.43790873124358
528,5,37,70.16311155489387,82.62974020156165,40.21930780153268,83.30457332597565
529,5,38,72.3364795346571,38.49981069324492,41.51542562415833,76.3201064560537
530,5,39,68.39668678025734,32.291502450112326,33.660786845547904,79.91892949588731
531,5,40,67.48181062170401,20.74699146776679,30.7644536811266,76.72032236014108
532,5,41,68.44143810136671,16.9122212635944,29.90751053597086,79.79516883094634
533,5,42,76.71622820803144,10.62233597904243,37.95785466928047,85.74738272841313
534,5,43,94.88697904560614,43.53008213776336,57.2143622058917,100.20246135197736
535,5,44,99.89029514843399,37.95861294704687,59.895835905362574,90.98517937386673
536,5,45,97.97089737201149,25.72936916758369,55.64813113283419,89.4429476477883
537,5,46,100.28014702525428,32.903361861684765,57.624241915996876,78.94228601556944
538,5,47,88.95336152483095,20.03815906313706,43.893331099814354,56.519346323068795
539,5,48,69.70610895548297,47.35878167595343,23.554686351688183,37.2829278026697
540,5,49,38.58799624593732,112.86651323711125,18.35838859982834,6.299297856442471
541,5,50,37.59273320168433,59.27478724218535,16.469375582717355,15.09025145496612
542,5,51,39.20363634870372,15.484091880773171,13.738428704699434,17.15105252253412
543,5,52,22.151246995064003,45.65836862960785,28.32155593681665,25.976535820543564
544,5,53,23.608014190570756,15.089544668206692,23.989224024095748,25.757481038112456
545,5,54,22.25250870062335,6.258760842557143,23.381553220614222,25.055058920067285
546,5,55,7.033950862156561,39.07177412294699,38.28683446594978,32.17108195889312
547,5,56,9.84965378814255,8.348720022799021,33.44508898411275,35.89085507599591
548,5,57,14.095543139115534,15.783296426626528,43.592261620798155,45.65773371367286
549,5,58,20.44983500820567,22.57700327052837,52.29163459253195,53.30694153193885
550,5,59,36.27358478033127,46.238921115384535,69.64407555544723,68.44850616695437
551,5,60,48.36307898685455,51.92341844321735,80.2485042777521,82.08146675836205
552,5,61,54.913976859544796,53.12592336521779,84.57099609819863,86.97496743493264
553,5,62,50.65316582378029,24.734528275289474,75.06304121739966,90.86997231979232
554,5,63,35.085647151051546,37.99786465195857,52.041578435558264,76.36110366092859
555,5,64,33.82795340770068,28.86828205088696,47.74237017442271,70.65042483592282
556,5,65,13.563756680404536,72.78766156464224,20.815395083615403,31.07679315253458
557,5,66,12.615207537478078,67.09461767549051,16.063814096963696,22.533440596326265
558,5,67,21.00887239509795,8.538341171845659,26.42840749497917,25.445233225345124
559,5,68,16.728410992410943,14.988553402773173,19.936021962317092,20.542551840403018
560,5,69,17.099930728647816,9.463054072598853,19.58783774408178,21.04316784836399
561,5,70,19.05089881943262,13.658886435738133,19.767576087614103,23.205252877626084
562,5,71,31.97572374643657,17.82906731807983,32.138340669090226,33.88701339000082
563,5,72,33.17321282720965,24.045094128471348,30.727180539115956,37.45145959228294
564,5,73,45.18196090196774,26.967700272418153,42.70500620933675,45.15856363939717
565,5,74,59.896743113802906,67.91506079187361,59.116193106453004,54.425428972039754
566,5,75,62.05631265112102,58.9526272910488,60.167964854985655,59.60051686470789
567,5,76,41.35998621493935,21.762944279268005,34.82461919613296,49.12775984638298
568,5,77,14.962273034416956,73.12182606644474,9.62492673461023,14.036147642152713
569,5,78,10.054770876287954,60.74472814750787,14.45373683097144,10.068601728073858
570,5,79,20.18646391935692,78.96634940347366,32.247634742478645,19.78680054133822
571,5,80,22.40331411693125,51.6099225603509,33.85071471757974,24.725042348730234
572,5,81,33.11777446262796,49.808995398201375,44.24132529426284,31.82944418476745
573,5,82,40.00588884430306,41.92348460912534,50.31862284978382,41.57125738126407
574,5,83,40.39785634330652,24.274119352225718,49.11176969669949,39.337236840761086
575,5,84,42.15341790752771,19.841255282167197,49.51385882492708,43.169279894825294
576,5,85,51.83396735703171,16.913380777472515,56.00510999035945,44.12813504748191
577,5,86,59.156326531050134,38.00555863919336,63.601095757045506,50.27200660429504
578,5,87,46.30638000168288,27.061474191952662,45.80339368562322,53.791477718183984
579,5,88,44.16580931034188,26.0029356913446,41.810439625088804,41.57601553062036
580,5,89,50.061872660289744,21.138338309007707,47.375162222960356,47.777707683262015
581,5,90,50.964262938588746,22.82054474327525,47.017493292237035,51.54225581269925
582,5,91,22.327730592817485,124.92031875181785,22.909507607222704,31.096275193360693
583,5,92,46.60230065276754,8.276423649294319,38.477084494117655,26.454274148932907
584,5,93,52.913269608609845,21.377206645955123,42.08132737731532,44.17662694114233
585,5,94,68.71973008206751,41.668503048585215,57.62889008193834,56.44124897550353
586,5,95,91.36892814023777,47.28050214253694,77.04270243674107,71.46683102950968
587,5,96,117.72596206170675,73.6821170419726,102.4099579492872,98.2404222386684
588,5,97,143.10353151050438,99.10839968979849,126.21618691788771,126.90373540092102
589,5,98,169.21736946067782,107.89102023607347,148.4043911565557,147.20642245446317
590,5,99,183.02299317866465,85.89703871733104,155.69260031713844,121.51632927684047
591,5,100,197.5966458157444,89.07841318075454,166.83629628827507,151.82521805879142
592,5,101,158.3319123356008,45.833362564932926,117.31321114254634,155.51510615267952
593,5,102,156.35287740639038,41.14987227238792,116.16199889010232,173.4437698226672
594,5,103,130.3733267368487,58.420452247894616,92.78032570166617,180.4945657141146
595,5,104,58.546936140196244,147.85551208000135,31.617854509305758,114.4722225234723
596,5,105,22.039793548888976,164.82671090400527,12.783385559118438,65.90438584388171
597,5,106,14.385418049729925,129.198587729964,16.973904586440995,35.23258039703691
598,5,107,24.859967113496104,67.0615745274983,17.632858599629625,26.198129685168205
599,5,108,31.30294704978774,41.33963609522467,24.06805211860401,32.897489359678815
600,5,109,60.7605137595236,57.63375001409096,42.937400979384506,54.4807984704245
601,5,110,91.70494829307357,121.09340478716182,70.69845967893463,69.28742340825625
602,5,111,76.65412292039532,57.19915618030067,60.144732360340974,68.95870518211429
603,5,112,71.3432641210575,35.86624306049046,57.482985845768056,66.01027555886162
604,5,113,49.92327559737587,18.957520066569074,41.03808893953873,62.540351008859666
605,5,114,32.725704033321726,35.01269616264606,27.879619435955455,48.28185285329334
606,5,115,11.979434859570498,80.83428815317262,11.29605740054745,27.303350715483862
607,5,116,15.783194809891434,67.32725246483862,14.090240579631729,18.524726668229956
608,5,117,19.990903392817856,47.07063793590003,19.167277739578306,20.31222103139107
609,5,118,27.617114925877054,24.623565320426906,27.077652094867492,29.46072897650851
610,5,119,35.263120430067524,37.95689899877388,34.139095683045724,35.35274940736802
611,5,120,34.952405630734596,30.97115617553422,34.7033493553754,39.595207191695806
612,5,121,63.5583762234123,89.99927567180347,58.599124830837994,48.21218381720764
613,5,122,30.13599370738086,22.267472048974867,30.20552294794576,44.09916121018753
614,5,123,12.05840433451357,54.34411435903234,9.900276984856607,25.51541905291781
615,5,124,23.9119115257827,71.88599640443772,16.480959177837786,9.415015621542912
616,5,125,18.347832992559784,41.58304599962355,13.612159541735112,9.687385938799688
617,5,126,13.78130549159796,17.948291315593096,13.802717982735514,16.043242971306935
618,5,127,18.032382421927416,32.44087942411143,19.780295415246997,17.089412343931784
619,5,128,23.686439262293483,37.368524366888835,25.070234171465398,22.267441341284343
620,5,129,23.054387399012,25.525335061074202,25.26458427977905,28.303213645404938
621,6,30,82.76686249970592,12.118317421631229,101.15058262202804,68.60755921862689
622,6,31,100.80921238454101,50.35682105152935,116.70896711754851,85.81758332489261
623,6,32,99.16727505673286,16.478289947404374,106.79199238397989,91.501425434989
624,6,33,109.86636541912817,44.552413256025794,114.22641905348789,101.60582509431343
625,6,34,100.32477803236506,15.205405671569377,92.3792181448303,101.22592680604222
626,6,35,98.77549821188525,19.974403200979893,83.20379365990001,100.70209034060463
627,6,36,94.7283677295271,22.940743598535384,71.96304056677516,89.35016562529508
628,6,37,73.89643448543589,82.79579775392793,36.81852034920867,75.41010831072902
629,6,38,75.70490735073781,41.021049959781074,38.163048685545434,82.24653387504044
630,6,39,71.69897569430657,30.724890644193103,30.35476640859978,79.19579527085774
631,6,40,70.5206826681091,18.657164540851277,27.535165367798015,76.12117727945477
632,6,41,71.19435006494189,14.998252131184403,26.82281287339312,72.61105448651516
633,6,42,79.10335935305108,11.561552984019317,34.975528293995964,66.2131049397805
634,6,43,96.91148796123365,45.21304268370412,54.30099462317892,84.99408873960707
635,6,44,101.71175777366756,39.89789025965463,57.06447651698603,84.208935227675
636,6,45,99.52794153278113,25.972625199397967,52.96288379022094,76.55531975087158
637,6,46,101.51352826121853,32.229736387380804,55.06954494131485,75.25200120425474
638,6,47,89.71842912577016,20.32201681806088,41.586853901267794,57.5231048210153
639,6,48,69.69527410464336,49.07859060857144,21.87891886639624,41.4872405597222
640,6,49,36.915586446046426,115.8067362701274,20.654931898183083,8.200857251412021
641,6,50,35.79844663294192,62.85327222899785,18.68608117384757,15.559052119363159
642,6,51,37.534647046113605,13.982047567207053,15.625313330880687,20.24863595688371
643,6,52,19.841310505682927,42.9234244303783,30.491892759561402,25.79842567975457
644,6,53,21.504032542578113,13.670173770891646,26.0650930272856,25.978632012138583
645,6,54,20.29161747613,5.991315840025845,25.35906379073662,24.980891296611503
646,6,55,5.175457918545208,37.33149629395915,40.23828762974211,32.29095646464935
647,6,56,8.364901544481457,8.296819842183186,35.312315636910654,36.51039603300617
648,6,57,14.561274314307559,14.785594621363927,45.33995731407605,44.237464706144316
649,6,58,21.623960245311128,21.53854469061233,53.98386048272892,53.937843841087115
650,6,59,37.812078966925064,45.67994803296751,71.29381938757473,69.20652383811286
651,6,60,49.82372967095291,52.065879529889145,81.84188901336113,82.67570709367646
652,6,61,56.23375628202847,52.95769457928038,86.08837072447965,85.4329478051836
653,6,62,51.54369719357816,24.423360526200288,76.49850982271104,89.87745886615993
654,6,63,35.44810856060683,39.95333306911529,53.397413660374454,74.13298044624341
655,6,64,34.02667995213511,31.297717597987106,49.018294180562485,72.92665266443859
656,6,65,13.334977876032706,73.97289939644885,22.056404202227075,40.863037143922675
657,6,66,12.289445715159639,68.63478468859418,17.12040044072517,24.142767652640405
658,6,67,20.711728238992777,8.252758810279195,27.56749677066108,22.6441719086565
659,6,68,16.35489499707035,12.648638607273183,20.96003722418896,20.625564703113877
660,6,69,16.724874497147937,8.763750198753469,20.533543738482727,20.55021170491225
661,6,70,18.59306695987559,12.73527615392178,20.636897686226945,23.705456868515412
662,6,71,31.494146285922213,18.157985982246743,32.98216364816459,34.20630755511982
663,6,72,32.53440267944038,23.725188481430237,31.444457910152163,37.367578399291254
664,6,73,44.507529214370344,26.68699017499765,43.523639896563886,46.432816476083524
665,6,74,59.37363598773313,68.93196778583822,59.941176631961625,55.13219262928111
666,6,75,61.48005535810059,60.711941436867804,60.93552575014984,60.84930832442127
667,6,76,40.389581722132775,22.0022750276875,35.51043981312961,50.69375613537426
668,6,77,13.775043366526475,74.47224321506133,9.650720134899055,21.88527152869005
669,6,78,9.98223576490841,61.7968789643317,13.932555234015018,10.994941971013644
670,6,79,21.933966385766198,79.12666630521196,31.57959591100404,21.873989113889618
671,6,80,23.978412143408146,51.42462209980486,33.20769043579982,25.947644036310983
672,6,81,34.60903340240515,49.59847643743255,43.62169511530972,34.352058251075455
673,6,82,41.32866867234432,41.58494249964485,49.72030183384869,42.10549530076881
674,6,83,41.46512226537834,23.772550333314662,48.535392043172585,34.703665200388166
675,6,84,43.043580831357175,19.35412556067278,48.958327713011656,41.52054809172785
676,6,85,52.38626271640193,16.70083121007212,55.484779301885276,43.78270332638844
677,6,86,59.725055105508616,37.49288334349238,63.09674046045914,50.947439211268566
678,6,87,46.48985577451436,27.275517043117723,45.332611797461034,54.05313953444769
679,6,88,44.22365637354936,26.866143998016746,41.36530324756673,40.64085063619327
680,6,89,50.09918248316126,20.983652930099005,46.93300018108777,46.22752513778479
681,6,90,50.92034542762769,22.98944295210261,46.59209960301364,51.97281644194421
682,6,91,22.082453063283737,125.00471641373429,23.089886709011147,32.97712781053173
683,6,92,46.35000616457223,7.697927884415314,38.02047545157715,26.6917964643221
684,6,93,52.51767088256197,22.803173433001962,41.64493563374002,45.2343170586105
685,6,94,68.31190366794988,43.23047916276096,57.19459246447609,58.50997112175842
686,6,95,90.77427562448725,47.83338022070564,76.63526142915894,84.4055181280142
687,6,96,117.07731203700784,73.67633553029552,101.99447311524936,108.06927052955442
688,6,97,142.35618390764733,99.1438890910525,125.80078745612538,136.80857251679916
689,6,98,168.19981675122224,107.63822560113124,147.99433157641553,147.06826863518066
690,6,99,181.44507319298333,84.62949258015706,155.28751926664822,128.41907536199312
691,6,100,195.5607994696239,87.19676727212679,166.4374021795587,146.3048070730263
692,6,101,154.0726811670412,49.45864821591285,116.91955983656644,156.34213966282252
693,6,102,151.31796915565496,44.173844821953445,115.77697502168715,174.6570726286919
694,6,103,123.90887676543738,59.689005141943994,92.41581227508071,180.34745681311384
695,6,104,48.9430772760296,149.0779920422826,31.338652050110294,116.30991542221855
696,6,105,13.669840721012772,166.01814412491984,12.915476183867412,57.49533938939777
697,6,106,13.761765275146118,128.76623926535316,17.235901440767105,26.945197977246547
698,6,107,18.97429488186204,64.05880522424472,17.63901144357587,28.293779067529147
699,6,108,25.73894415408772,37.63003849555753,23.97820431482447,31.84266328690174
700,6,109,52.754999445206714,63.0816815131932,42.57629157107035,54.31249110353905
701,6,110,84.57452413344238,126.33123168452485,70.31079019905995,68.44391373624022
702,6,111,68.92260508896388,59.899406930077774,59.76096324405151,69.75122537698152
703,6,112,63.80936017017801,35.42711807182222,57.11255825763498,66.28254112184842
704,6,113,42.35099534618677,20.034930590793238,40.68862304987029,63.854387773982296
705,6,114,25.61820843164471,37.247265769536725,27.556266262781477,50.89997955154735
706,6,115,18.683499588905132,83.35526852653857,11.513668471151895,28.354548675206797
707,6,116,22.60053382597076,68.66460698988188,14.34371888969489,15.677990109528373
708,6,117,23.807861692957292,46.773461327726906,19.24780930936752,20.441722442131823
709,6,118,22.98273834285582,26.107527087466682,26.809664749378477,31.030485622911446
710,6,119,29.706767318721806,40.43123908744365,33.817874406263876,36.55507659834528
711,6,120,29.56147132222657,32.2213938973144,34.381335303616474,40.25278419935501
712,6,121,58.61477286440515,91.72693760304308,58.269239059042356,47.144469985175824
713,6,122,25.989577664214327,22.734231526434108,29.930786834566728,42.54166726133734
714,6,123,16.34707576756313,56.719126656196764,9.968633635263386,26.584696099774543
715,6,124,29.524373331883744,74.7058033703635,16.776258976535935,9.97452894950105
716,6,125,22.986078267763528,42.464186932264084,13.80959045523645,9.97966299132312
717,6,126,15.665701565814055,17.711200091821677,13.73753223907684,16.428306801460568
718,6,127,13.940632694781854,33.89478158564556,19.465581554625643,16.722130123855113
719,6,128,19.516227569552978,38.87609430945949,24.748488507933057,21.693582821175067
720,6,129,18.9944803722034,26.10628299160602,24.94608597525544,28.787300284610783
721,7,31,96.93450645241008,70.26867505329874,112.92077960562553,86.6609713392
722,7,32,97.93645531148603,15.384474772511421,102.9514169817459,92.00000856345274
723,7,33,109.09201537730063,55.76663443771157,110.39769368708137,102.04719183487369
724,7,34,102.59646404218005,41.03191879570341,88.54673116748492,94.08087948744284
725,7,35,102.38309527596483,21.998201647040663,79.40503880645916,92.97082031143123
726,7,36,99.42693296754834,20.47653779697257,68.23050644220224,86.01127035599339
727,7,37,80.79382208611767,99.90323920645116,33.07229455322669,72.06027636017875
728,7,38,81.94389814508074,26.429431988120427,34.50080494966063,67.71162077549093
729,7,39,77.84937559613645,25.259136996581336,26.768055104961704,71.55591757150978
730,7,40,76.23427231952175,13.547431779128095,24.056586107802524,61.6773757142922
731,7,41,76.45838068475548,13.425214024039935,23.538852525395438,57.584619039371475
732,7,42,83.75036926346552,14.19354600955933,31.814137776747284,67.47972753359154
733,7,43,100.91003565211213,51.36866680592736,51.217468525439045,79.45079527081137
734,7,44,105.44998021042461,36.621518654713164,54.08018776582828,72.13088938302722
735,7,45,102.95273294055622,22.014761941473875,50.15196878115686,66.58978724017841
736,7,46,104.47026386206544,33.15113630648926,52.410267781946004,74.27167111796246
737,7,47,92.15576476728259,22.11668424278604,39.22145452757664,60.82476293458432
738,7,48,71.25848387530657,56.306625501340356,20.321854430625443,33.67958335307065
739,7,49,36.658052419365376,132.21675795104073,23.062105527571685,7.5553714301883215
740,7,50,35.22363454722422,49.05222550642857,21.005762635982517,11.98337046363314
741,7,51,36.92793347482034,8.95076463446082,17.66227543215909,18.20212659965421
742,7,52,18.517108160416537,44.09654684800568,32.720267015458,26.175572686372558
743,7,53,20.285590304600593,8.65515694933647,28.192888173741697,24.76460639005908
744,7,54,19.126890633090717,7.107144378879987,27.382633630379377,24.975434935114947
745,7,55,4.286040385031512,42.417447393240174,42.22102778648562,32.818851449207905
746,7,56,7.542343415067076,5.319117891801531,37.20497874052791,36.20053670007687
747,7,57,14.992057893482519,14.245896744654866,47.10913803661228,44.403788826125506
748,7,58,22.44079198553497,21.72389807533405,55.69005185117418,53.23410053609015
749,7,59,38.8555296537578,47.587903780467514,72.95053996346905,69.74948712827927
750,7,60,50.808271034219246,51.14600923010926,83.43708684959404,83.99396030994585
751,7,61,57.12127618528802,52.166901080938636,87.60366771820563,87.24129133511289
752,7,62,52.13228321763265,20.614902636757932,77.92875886765248,91.01417626826459
753,7,63,35.699296570392306,46.86864719451216,54.74547937804694,72.73737579150135
754,7,64,34.183123755398114,28.514820169136254,50.2839929733875,68.29063402262945
755,7,65,13.260633652204595,77.69247580689732,23.283898129686058,36.354778961587115
756,7,66,12.154939950124506,66.08583804908956,18.17784897803236,19.320559624880115
757,7,67,20.601478666209,4.466658486704872,28.68531803211695,23.04750005916635
758,7,68,16.201216480189146,12.089018513508886,21.96822835780313,22.450606684366228
759,7,69,16.56855565599323,8.632477151546924,21.464824762781625,21.001463656530852
760,7,70,18.390554201089778,13.350410361403387,21.493241958195988,23.460994424038518
761,7,71,31.2778124331691,18.747023510067418,33.806217258148266,33.86334927232568
762,7,72,32.22832499583496,26.27741952227227,32.14770339745517,36.90833960058368
763,7,73,44.187549919196734,29.391275519629385,44.315230939018036,46.56607554604603
764,7,74,59.138869040810256,73.98440884387604,60.73522596702257,53.44717937436201
765,7,75,61.21499820217237,59.0009757591655,61.67325319969604,59.66589779982745
766,7,76,39.90251790064143,27.364714981314446,36.170585058588244,50.72967449621391
767,7,77,13.163976247347964,83.1310377293004,9.728106205287386,22.202828624678993
768,7,78,10.059208138520994,61.4725203354073,13.452304166220463,12.644274927436568
769,7,79,22.943394203471517,79.01202456633303,30.945710444149938,18.166739754239476
770,7,80,24.869383848654245,45.983234602493376,32.599148828647685,23.523605016433702
771,7,81,35.44579327597972,44.36309699176019,43.03659652438344,36.187177210147574
772,7,82,42.0578766601979,36.347528143873916,49.15659699232092,39.06570565476016
773,7,83,42.03521693315304,18.40354113037234,47.99355041015129,39.875575082502145
774,7,84,43.5074412474733,16.11455643498787,48.437080881975156,42.03528786330886
775,7,85,52.65670548419273,16.372535815480518,54.99770297769732,44.23093248600059
776,7,86,60.00462913877179,38.97103951804453,62.6251470247466,49.42741551088182
777,7,87,46.55742862291398,31.279639678319608,44.89366320316642,52.67975164333809
778,7,88,44.22455846794856,26.576228166644285,40.95090559398326,37.50920584284454
779,7,89,50.08898754710546,21.974934948617815,46.521370955073294,45.76108849828297
780,7,90,50.86691981894807,23.418102229201498,46.1965531067635,50.7418410862242
781,7,91,21.944954335713483,136.73451055305074,23.26559306392249,32.13594899034082
782,7,92,46.19468575739765,12.152039032525717,37.595155356045396,40.14866119710631
783,7,93,52.28509769445791,23.32800769384577,41.23888373961663,53.62959589733384
784,7,94,68.07105209632695,43.21554929190688,56.79047645747557,63.41913761521627
785,7,95,90.42419388465729,46.62675813767991,76.25640270774818,84.57045451359721
786,7,96,116.69159999102082,73.69995147253368,101.60801864338757,98.71499451560994
787,7,97,141.90616510593705,99.28087875354322,125.41442344087886,127.97971106306589
788,7,98,167.5700956869386,106.7303359020072,147.61294174352003,144.68242230513314
789,7,99,180.41358837978623,82.68588950239297,154.9106719434886,117.72074625542406
790,7,100,194.16960154557216,86.93856153187389,166.0661590780226,142.77449266411767
791,7,101,150.84076305715237,53.49926716644212,116.55289944163835,156.0365669564046
792,7,102,147.40626020779027,42.8282891282807,115.417972170189,174.9941005272717
793,7,103,118.75798495232114,58.62965150740061,92.07571473712484,183.1382255352986
794,7,104,41.335877728945086,150.16715905256427,31.079880953690225,104.1636343888523
795,7,105,12.658441338783229,165.07280075865395,13.048821385332579,46.13975252020377
796,7,106,19.535686343607093,126.39375208423378,17.48615870884184,21.307554059777686
797,7,107,17.69184931435409,61.19830574818661,17.65280076431404,26.072423894019888
798,7,108,23.54517978301479,36.866050774492976,23.899327165982783,28.882061014528738
799,7,109,46.60560900116632,63.87765137245495,42.23700595734525,52.15719467223881
800,7,110,79.10326712152022,126.05122547431702,69.9457975736855,67.4311397581849
801,7,111,63.00070452915324,56.60319225606372,59.399440941652756,72.47041066189827
802,7,112,58.102943561331834,34.14356736453137,56.763498954829025,67.27441357271587
803,7,113,36.757626652405555,20.774760365104285,40.35947814730871,64.9952147912477
804,7,114,20.809665687892466,37.79377508500256,27.25233765190989,49.339024313572914
805,7,115,24.567905752155095,84.17240254726352,11.726710880943749,25.11445826309042
806,7,116,28.205514067772572,67.75119555204877,14.588193282327799,16.37853615634967
807,7,117,27.736458639255318,45.66395882561196,19.330318978476797,19.04221113108957
808,7,118,20.37870247981897,27.76192980656572,26.558311283040997,29.83386438395784
809,7,119,25.882069635622624,41.36318226970863,33.51462824583727,36.13497242775755
810,7,120,25.857276086895038,32.000459762059265,34.077142551606755,39.509035113798156
811,7,121,55.067535788636256,93.62202548295049,57.95705092218218,47.083389358195504
812,7,122,23.419242686819594,21.852517787199655,29.67210683322159,43.133351665325435
813,7,123,20.025448746281047,59.498996791682536,10.044638749412897,26.44607339128103
814,7,124,33.66089446704453,75.93189969383971,17.058313448426834,11.969619234050477
815,7,125,26.550486205425454,41.552078638642485,14.002396070618147,10.379096859627907
816,7,126,17.85408773829054,16.877720345483194,13.683535416524899,15.999158979939468
817,7,127,11.318117955235477,36.233967133790735,19.167832172879706,17.367945434733407
818,7,128,16.64671495318574,39.758447994382315,24.443581403501405,22.330444675398038
819,7,129,16.214269356049307,25.80283952591802,24.644220069845108,28.900984114239908
820,8,32,98.36499897728716,9.331034334025466,98.11559771289436,89.57675795241877
821,8,33,109.25845410447525,49.81955361963302,105.68092966560194,100.67122080741665
822,8,34,100.76441574028821,24.388150593578118,83.91600775730733,92.45847534672762
823,8,35,99.30686862869631,21.322247596232675,74.89223338493635,91.43439029264358
824,8,36,94.84927025641979,22.006814424096792,63.863851967653254,89.0861403180948
825,8,37,71.80259628518179,91.65728493738655,28.74361334914601,77.34178414403588
826,8,38,72.49479432710889,35.4363221162132,30.319430750414107,79.56524366115264
827,8,39,66.3394726059749,24.900901806525273,22.712895266300034,68.52344859050778
828,8,40,63.439541382333005,13.40215174527725,20.162530727792735,59.680420889441486
829,8,41,62.18726529009153,12.539716765691768,19.926345133990047,62.11288146051772
830,8,42,69.10375429710267,13.70523659751408,28.3496472771326,60.49452747842425
831,8,43,86.9395436330354,49.89948880926585,47.84062654720859,65.29773963526146
832,8,44,89.8651880754906,39.58522462004935,50.82872333933258,69.82256361838996
833,8,45,85.31039592698154,23.263358749769697,47.11563233692724,59.52997515238655
834,8,46,86.19407579106536,31.71875880197372,49.55724965912057,56.619209772129096
835,8,47,70.79422437932466,21.49322846966653,36.73206852508629,51.43524368748698
836,8,48,45.97818425279049,55.043640794783485,18.91402688566441,39.09034188483635
837,8,49,6.567045857626895,127.28755820701194,25.6494279074975,7.135223672187669
838,8,50,7.674404087475866,58.199198880256326,23.49118383625151,13.98875257976484
839,8,51,13.255663328010847,8.703701000221628,19.887241221308354,18.210270251214364
840,8,52,10.525103899207974,44.597470869503525,35.06891201441989,24.655445160310116
841,8,53,6.6110199447962845,9.847151203363596,30.42955641898084,25.409944869149147
842,8,54,6.88306803649169,7.194245414109611,29.504775536429516,24.349058220411294
843,8,55,20.047991576852286,40.01205501450629,44.286768176536675,32.72300420411228
844,8,56,14.875533414637193,6.228179743744917,39.170975416853196,35.92945481735405
845,8,57,26.024572635801537,13.699049985484162,48.943926959315135,45.32445582522339
846,8,58,34.65883127112874,20.945718917426117,57.45231178964671,52.801843925159346
847,8,59,51.9078052388345,46.68998035191557,74.65478614317387,68.4046460150487
848,8,60,62.840586668630664,51.824978314553434,85.07265526042987,83.18585163905075
849,8,61,67.89643204693942,52.33008621724779,89.15319881397316,87.1687527266717
850,8,62,60.00892966653601,21.694415687212512,79.38761522676889,89.37160188222873
851,8,63,39.81928524074098,45.92532691506382,56.117336897212134,70.42408957144114
852,8,64,37.00180667406135,31.118949834247854,51.56937587870457,69.87620321125004
853,8,65,12.754210003393615,76.97360287915056,24.526399684992164,41.17798423878083
854,8,66,10.679199920590479,68.25782198446072,19.258319878253296,24.01106650129452
855,8,67,19.53310345951252,3.9063140143115644,29.809141016199717,27.529911206277884
856,8,68,14.469658955405485,10.57739393397531,22.984062919161335,20.519444714142885
857,8,69,14.79412404144719,8.59064196350311,22.403143410567395,20.32832538736268
858,8,70,15.95757342836826,12.62156325849102,22.356002974212085,22.246588718392086
859,8,71,28.595199973075164,18.65524788549006,34.6304067765713,33.29646821495486
860,8,72,28.45763363576262,25.22630299345498,32.85334029607342,37.75691261080755
861,8,73,40.12342106039556,27.99899622170254,45.09979830017498,47.58871954059844
862,8,74,56.18319540800645,73.02448980149252,61.51892579549906,56.8218556236667
863,8,75,57.859911466535806,60.87488242043792,62.40005849419142,61.29497295729795
864,8,76,33.92114786007973,25.141304712447813,36.82131746832834,50.9011562494658
865,8,77,9.646549614942192,79.6965021882528,9.852392160801333,23.260989952046184
866,8,78,15.098343972772238,61.386829026471105,13.000030523519023,11.471278427359007
867,8,79,33.49386834763472,79.11491721563964,30.328844191125558,20.697365473791688
868,8,80,34.22701341697417,48.18460417205722,32.00814277202881,24.576370110539536
869,8,81,44.16002428019527,46.30481484688553,42.4696052993979,32.98065057445619
870,8,82,49.73188106011099,38.20971139650626,48.611448145039276,42.7224432908685
871,8,83,48.19885307266898,20.26993218835946,47.47057606870179,36.105836205372974
872,8,84,48.58341052468252,17.206607910708563,47.93496692886155,41.207492996288345
873,8,85,55.674923551825344,16.34252525555102,54.52947588906004,43.54963499830389
874,8,86,63.10695259888484,38.462106662035964,62.172607292020984,47.97301525621903
875,8,87,47.08822390356737,29.835174703526555,44.47322220366829,53.16936082658567
876,8,88,43.88461969496628,26.94952561525789,40.554872873043834,40.109246786227935
877,8,89,49.601944417167736,21.607430955802656,46.12815299601933,48.22311876099959
878,8,90,49.81644793139683,23.223463685371236,45.8190931113843,51.37919438081121
879,8,91,20.990148475668207,132.29162706400234,23.440032400753,33.09984085887022
880,8,92,43.48937269440528,9.109897782888059,37.18896693893441,31.754980007349545
881,8,93,48.54038986382483,24.64606915298808,40.851453945883044,49.013226676901354
882,8,94,64.25338188799158,44.85978757212374,56.404967278109154,60.82539707655915
883,8,95,85.3475436715959,47.623492426790065,75.89526669192557,86.23024616234486
884,8,96,111.27266559972726,73.59583268211118,101.23962713517506,99.03832934094824
885,8,97,135.88875881188412,99.19329530448448,125.04618506484486,129.31153937848535
886,8,98,159.9577437114467,106.9023560718461,147.2494936087867,145.14461991675512
887,8,99,169.86104831388687,82.45884440001306,154.55151923094417,116.97365028773328
888,8,100,181.74431338446166,85.39290891403648,165.7123067005505,140.32194103816923
889,8,101,130.19049355811723,57.12921783819342,116.20314136210392,155.8119804277676
890,8,102,125.55118933460618,47.805302000377864,115.07536906092628,172.8518758872935
891,8,103,94.58651869067913,60.394149851899904,91.75101241374169,182.01257759147046
892,8,104,22.460033186926132,151.1100201673999,30.834456887176817,108.3894493210858
893,8,105,40.2613600819467,167.06577775099234,13.184954860288903,48.39494515189097
894,8,106,48.435133534283544,126.57920839487419,17.729958290548055,23.045374691299276
895,8,107,34.025466433699705,59.12185588864844,17.673301130415396,19.55315514022087
896,8,108,32.56032936509589,33.224307766265696,23.828752075624294,31.60248217986409
897,8,109,27.613047003013623,71.28868529834578,41.911571998162096,49.80924248167754
898,8,110,60.900845986488804,133.37493976917926,69.59508419936414,67.21351204118724
899,8,111,44.24511160128858,60.70286185990789,59.05189292414406,67.21161831074721
900,8,112,40.75133720771694,33.6884195146226,56.427927205876415,66.21576444707183
901,8,113,21.99532967640995,22.202457873250758,40.043258773141346,64.42929077535119
902,8,114,15.10150722340754,40.371022013477685,26.96101252901797,49.77478753125066
903,8,115,42.22471122632413,86.8637727620549,11.938378776288275,24.69987349757553
904,8,116,44.66949587597872,69.39491388087497,14.82798170188271,15.387990051092475
905,8,117,41.017088423099295,45.545109742538216,19.41560201135721,18.85703291379156
906,8,118,19.32921030923938,29.016624616321852,26.318127190087246,29.80226286570408
907,8,119,17.685177633414366,43.80386490057229,33.22302367618903,36.81355535646491
908,8,120,17.813519395223203,33.17981078495332,33.78448313421628,40.000895957672256
909,8,121,45.30323210663681,94.72718671925742,57.65624591692883,49.39329948268306
910,8,122,19.55588464841297,22.616878555682277,29.42408400032498,43.62170822777525
911,8,123,30.9273605943601,60.55186326839472,10.128079957351606,28.91604499642548
912,8,124,44.91955234238665,77.89969869979754,17.33232160458403,11.680197177337044
913,8,125,36.596269621518886,42.27546691183372,14.193395640757625,11.04570762086873
914,8,126,25.616576981755685,17.235224594085672,13.638748683190187,16.984288799032132
915,8,127,7.995457366581023,35.4188612088224,18.881276487803508,18.161340762431823
916,8,128,9.985961139650133,39.60081040513859,24.149662676186704,22.58428962732876
917,8,129,9.847337930783574,25.953130923248434,24.35322251319601,28.436751489853876
918,9,33,109.65356222298006,48.42014238622485,102.06451157626974,96.27663172051709
919,9,34,101.79115206758983,25.271145196013954,80.28159816155785,90.2699510937424
920,9,35,100.14288080974889,25.337424103798547,71.28879409926044,88.83233567343194
921,9,36,95.04565326467666,22.49382338512445,60.33392535565347,78.19978183970234
922,9,37,69.57525324041629,92.84242477675454,25.196940622025785,66.24192767884328
923,9,38,69.37574517034508,34.91198729218009,26.86955519760432,73.52647272508052
924,9,39,61.46506300276842,19.1897268914262,19.34902719625665,60.37379608298836
925,9,40,57.38281431745466,8.223410660772155,16.92662602602729,62.792160932898945
926,9,41,54.91847717267056,10.180762867249083,16.96127743609817,51.57710362686667
927,9,42,61.45632165307853,14.936659568392026,25.4819971925614,48.549732241099164
928,9,43,79.63724718824992,52.43342200817592,45.02290226997745,59.918565029459295
929,9,44,81.58614210007617,40.88831431761537,48.11411199652948,67.07234323231037
930,9,45,75.89678684680545,21.653087659231932,44.59083540165153,58.65717433394218
931,9,46,76.55660008357292,29.90063151592391,47.19139522008117,63.712742515863354
932,9,47,59.63073615704483,22.576671638421065,34.70359215825798,50.48811314619889
933,9,48,33.2945600324933,59.303774833055996,17.98676618309008,35.115456435008525
934,9,49,18.14605746299948,133.08762655324412,27.82523041812147,10.141917480423846
935,9,50,12.256137384828026,59.51855737545537,25.581697454332545,13.69116925152867
936,9,51,8.619595708221807,7.992823195504602,21.784097516957313,14.533132345948557
937,9,52,22.52190773587044,42.01545194502946,37.027338098350526,24.805869221872978
938,9,53,15.380443415558052,8.383926861231302,32.291855568355835,24.927807612959597
939,9,54,13.631610413516318,8.630844023955222,31.26820181052513,24.323824514141066
940,9,55,29.557240804282767,39.0846057449473,45.994680839944664,32.15276443610083
941,9,56,22.371466448401293,6.232801135942169,40.79127862425272,36.1095325706947
942,9,57,32.38700033024925,12.987256638322336,50.4521684701791,44.425804644109334
943,9,58,40.65078313696035,20.153159409822294,58.89370014350818,53.78746391619824
944,9,59,57.85839433423591,46.688085733825424,76.04153073950793,68.73315744132388
945,9,60,68.27573852228181,52.20959993078132,86.39706232693268,82.51309950415371
946,9,61,72.7764998127119,52.190653804750795,90.40207721920858,87.71315288289894
947,9,62,63.780586269998665,21.073571332197677,80.55717876787986,90.83126825202196
948,9,63,42.23178164884641,48.98408496555223,57.210198627309026,71.17006665448349
949,9,64,38.93220127475496,33.1171562719343,52.58654562989971,66.97540078442543
950,9,65,13.566847675466708,78.02365942478968,25.50113229596419,39.86804719572216
951,9,66,10.871145888544763,68.86475188999616,20.106094279968868,27.785940241415634
952,9,67,20.152093777705772,4.214532414481995,30.674926986135105,25.221956577801173
953,9,68,14.755307327422582,8.368483405304044,23.7632354492336,21.426322821298964
954,9,69,15.01083752195058,8.938397619542624,23.118438465135693,20.30896902798447
955,9,70,15.902498575789242,12.119265010162708,23.009585611418462,22.886379229091453
956,9,71,28.470091233360886,18.79306807091691,35.24750045179078,34.23957413766461
957,9,72,27.895600817484304,25.42515888191077,33.37951196479761,37.713529940218834
958,9,73,39.57244370610954,27.830268808465146,45.67530730626984,45.7228940246005
959,9,74,56.02707983832415,74.36382106868415,62.08861614534597,54.22199495087632
960,9,75,57.53605050927616,62.19923707240928,62.924776643658554,60.353928124232525
961,9,76,32.71581001136261,25.43874954554279,37.288220802607064,50.661332945295996
962,9,77,10.185992856901215,79.6873663684182,9.968428297846442,21.552566314550813
963,9,78,17.09619809154717,61.38240522144014,12.694176823201097,11.716822537896288
964,9,79,36.31420104842766,79.11563272619749,29.901930179149254,17.951910560367715
965,9,80,36.64958579139366,48.230435220641645,31.60319008088194,22.540149866042754
966,9,81,46.37801953893814,46.33516949043456,42.08475059401327,33.76071892982407
967,9,82,51.614919643711815,38.22806945011712,48.244628619044725,37.41232012371179
968,9,83,49.59461909581019,20.276771916050986,47.12135420104335,37.6116502965013
969,9,84,49.63145027949068,17.20951473644027,47.60189515857765,42.97750454776151
970,9,85,56.08296161730502,16.34249046117405,54.22056532593182,44.618539452544375
971,9,86,63.54713174863303,38.459528709880786,61.875418103885366,50.097741814859276
972,9,87,46.693554691192986,29.949443262747103,44.19806546293617,52.584433541751615
973,9,88,43.21575380559499,27.48456894877436,40.296249921938035,38.18710308272147
974,9,89,48.88250001354346,21.551093236596717,45.87152452584295,47.655916593023704
975,9,90,48.91903194425705,23.38830020313965,45.572974081818245,51.79675283833121
976,9,91,21.138333086101607,132.16580576122857,23.557695686105053,32.579089364382114
977,9,92,42.00042748617451,9.495362451279018,36.9225243079157,41.17528444860608
978,9,93,46.707468324482505,25.04055704054483,40.59710885766117,53.378747625389565
979,9,94,62.393782796536215,45.2008294753829,56.15145805350866,63.04315101701083
980,9,95,83.07036272096447,47.56709682591766,75.65731839405827,87.70524219146724
981,9,96,108.86314963298854,73.57481733621927,100.99623653501105,100.20373325341045
982,9,97,133.26694472950982,99.20092046769847,124.80226261978498,128.40557787672833
983,9,98,156.7703154176886,106.75820148667783,147.0079408785912,144.15246615670156
984,9,99,165.61053377638945,82.03538992787574,154.31166680135715,126.84165758582539
985,9,100,176.82317109602272,85.01669768325914,165.47468660615777,145.42872125632584
986,9,101,122.16552418277914,59.42410761610776,115.96621507909464,154.58332048157962
987,9,102,117.18520199580317,48.56371033350385,114.84122573484609,171.51905771646912
988,9,103,85.61652434770973,60.46455353137778,91.52710729367539,180.41904652774096
989,9,104,25.413761244383338,151.5691060051343,30.664508633257114,108.87808018774103
990,9,105,52.81700242084372,167.14815159818266,13.28581785007353,55.40823359379106
991,9,106,59.83150596741122,125.97905262848279,17.905931225173752,19.47550493664014
992,9,107,42.8715832640917,57.82902436427728,17.69242439325775,20.904877806953515
993,9,108,39.40415060509614,31.91592135595546,23.780785985451136,27.45919690147979
994,9,109,21.941630964714278,73.84124445149246,41.674468738104736,48.23590423036578
995,9,110,54.566239860562995,135.47233470944178,69.33786975588941,64.7835492842566
996,9,111,37.820891133585675,61.0454173481335,58.795605758167426,68.47311955834566
997,9,112,35.063091325174675,33.006312710351985,56.179234014388264,66.32415479570636
998,9,113,18.610723350926875,23.172102183897213,39.80789336338475,64.0674194681598
999,9,114,17.551069387072957,41.650683218163486,26.74356888426979,51.840884719502135
1000,9,115,48.193190031360764,88.1361441396803,12.101819672575,29.05023911393311
1001,9,116,50.18428520838782,69.78705055478503,15.01215104469627,16.782204035992905
1002,9,117,45.73092902556881,45.13520881844542,19.484195867156338,19.056819861612322
1003,9,118,21.168413360385717,30.3790974569033,26.13620482254907,29.531151370297614
1004,9,119,16.538111614052738,45.31867963844556,33.0001673143734,36.16857609224774
1005,9,120,16.550251970161217,33.67236134605984,33.560024349815905,39.56227295835266
1006,9,121,42.299476291513265,95.7195688650265,57.42463059756606,48.289821532028455
1007,9,122,19.668579617601328,22.675263882886508,29.233468542153787,43.488814442790606
1008,9,123,34.47920529948089,61.926989696332996,10.199446014148467,26.457597989236447
1009,9,124,48.45230921090992,79.61304855922005,17.546566076038296,10.716821156184663
1010,9,125,39.79441289642084,42.430001804890566,14.34555386976587,10.046448288667467
1011,9,126,28.324542551071886,17.20778627082502,13.608806877435708,16.530851140289894
1012,9,127,8.875342571569412,35.677458519306704,18.65744110127887,17.825105367088735
1013,9,128,8.723624709537626,39.846415640134424,23.919324216812544,23.256520207092734
1014,9,129,8.67386911344619,26.014915709544418,24.124770632039446,28.44991708928903
1015,10,34,102.78744052286049,38.60761597052886,76.52329789292138,85.18927756802563
1016,10,35,100.45474106529974,24.49602128321265,67.57970228446752,83.64852641528996
1017,10,36,94.00243776817187,20.182598762128098,56.72157206217836,80.58649419776324
1018,10,37,64.0116483059271,100.19618813562384,21.5818982510679,62.18250233390169
1019,10,38,62.91038976715418,29.810553776061102,23.374307101179216,57.761780687512164
1020,10,39,52.70105004667344,18.453972935892946,15.96067120810455,53.870163171992886
1021,10,40,47.46515541690219,8.433712367708962,13.693636585514792,48.66504858333243
1022,10,41,43.91635209588795,11.0541226432093,14.079160797279084,44.431990978554346
1023,10,42,50.56348106300888,15.315155303458736,22.665359986941198,41.89888228271167
1024,10,43,69.67340875089268,53.92717208739328,42.23626422489281,58.62436943699176
1025,10,44,70.81875092678673,38.989199630052326,45.43838264806408,60.45025976372155
1026,10,45,64.27637629493822,20.482259461245548,42.12212680910439,57.95257515386424
1027,10,46,65.17087313767875,31.040821420200643,44.89175297123627,58.178917650338285
1028,10,47,47.265936488663606,22.985366925052976,32.77622443981435,50.73088740239806
1029,10,48,21.591367764612666,60.582566465722095,17.338189981362152,30.90104341468463
1030,10,49,36.55709018501364,137.1050546431625,29.9449199312093,7.376147631986521
1031,10,50,26.45148169413594,54.62254495224245,27.612724190677746,12.307878001150552
1032,10,51,16.56927570777971,8.57738193694093,23.63832276399361,17.53030265597778
1033,10,52,34.38857874615724,44.18659333850373,38.9099946827253,25.04758503059601
1034,10,53,25.008188661557877,8.459180685542309,34.07657592592404,24.656108858938207
1035,10,54,21.755681169593448,7.824687258208099,32.95277405122341,24.797752719792516
1036,10,55,38.25298628601801,41.63673298669742,47.617549368735276,32.24386817976982
1037,10,56,29.42823176985772,5.542468368551764,42.32509731809558,35.34938049239643
1038,10,57,38.45456754346491,13.415349712992493,51.875505647708856,44.94105320099098
1039,10,58,46.2595424397821,20.891026603058425,60.24733573196361,52.81478331462625
1040,10,59,63.32631193295316,47.231069946408454,77.33742483498156,68.9139688009244
1041,10,60,73.28154567961444,51.63646612701041,87.62902421055553,83.06659883512388
1042,10,61,77.30261830864467,52.079379507276585,91.55875331335612,86.8240607207507
1043,10,62,67.42516784602469,20.659745664063614,81.63533087047236,90.96506034699509
1044,10,63,44.822510653077984,48.214968478684916,58.2123221385154,75.0072890566889
1045,10,64,41.13283768517753,30.28604158442489,53.51418176281835,73.96596178622828
1046,10,65,14.93225522880661,78.1458430759757,26.383824262712576,36.61058061216196
1047,10,66,11.560802357310768,67.84098549903244,20.873370612721253,20.766599141275826
1048,10,67,21.35805385960567,4.2737786649289315,31.44774063136253,23.7934775551603
1049,10,68,15.62210703881377,10.591262102582066,24.456009708484896,21.06797618982117
1050,10,69,15.777856357530109,8.653933229073457,23.751095153482183,20.2240143016859
1051,10,70,16.415658385074835,12.77478665265074,23.58455323011914,22.581533507576925
1052,10,71,28.95566446523587,18.804943347363935,35.78537661385396,33.53120557399432
1053,10,72,27.960928998782776,25.903336701117478,33.836369344129395,37.40950462315182
1054,10,73,39.76331310651877,28.626711566438697,46.16855292214861,45.566942400035146
1055,10,74,56.53327099394906,74.19499973174202,62.57317882298118,55.047218373569834
1056,10,75,57.883340377089326,60.322167181812375,63.36838436809149,59.80035847335163
1057,10,76,32.35699677560712,26.057086240180336,37.680679469040236,50.96534996904221
1058,10,77,10.67100409783775,81.7207248587097,10.081890990677286,23.346805816275047
1059,10,78,18.183344261236325,61.4501688420491,12.449555740902513,12.09058605903816
1060,10,79,37.870336500212865,79.08794819018641,29.553993233896406,17.084016064034383
1061,10,80,37.936216576631054,47.26340741313298,31.27609769133324,22.26687116957407
1062,10,81,47.53354151110837,45.37667761009545,41.77658209563085,32.816650492702905
1063,10,82,52.53920886113826,37.2247846562416,47.95328544661514,41.32907521241042
1064,10,83,50.17083361031125,19.18447294095743,46.84599439625744,37.90166083968676
1065,10,84,49.95928692390672,16.550692703452373,47.340961106642894,41.39938410771914
1066,10,85,55.95143342037491,16.34002276401601,53.9798287052612,43.61998634728628
1067,10,86,63.448282813383955,38.71671234773592,61.644917050170406,50.15295665368778
1068,10,87,45.97253905485497,30.551750149525855,43.985343437791315,52.49338904958559
1069,10,88,42.29810132562188,26.558942147672614,40.096773455051284,40.22593166824703
1070,10,89,47.92403293342378,21.781690799784673,45.67380491634371,47.411367801224706
1071,10,90,47.831987174638286,23.285011304184547,45.38356280504488,53.11892435417367
1072,10,91,21.59989919884118,133.89226074550226,23.650455427528843,32.9090811089616
1073,10,92,40.41869880211315,9.716486670593081,36.71659640359837,37.17144839509354
1074,10,93,44.86763927902691,24.825605569276316,40.40035571755993,49.21563216193237
1075,10,94,60.532231480604636,44.963364476530934,55.95513519348702,58.346955174458486
1076,10,95,80.90006502860919,47.40115150497588,75.47273271482538,84.17625804227684
1077,10,96,106.58024590755367,73.59536345414165,100.80704203120152,100.27153465543292
1078,10,97,130.81739869554366,99.21774683434992,124.61225544454919,128.25614959230592
1079,10,98,153.88218328960954,106.77308767703569,146.81924317959763,140.33496673662185
1080,10,99,161.90133855309938,82.22716404605863,154.1235108498642,120.09150515390115
1081,10,100,172.61866466634683,85.44136858296649,165.28742072199205,145.15606968176215
1082,10,101,115.63650850314913,59.36662642487028,115.77803995593658,156.8569407960136
1083,10,102,110.51430895366939,48.645698581531,114.65392984901023,174.49959823795413
1084,10,103,78.74707651618603,60.3924992240171,91.34664338282394,180.12816123689504
1085,10,104,31.198298825029195,151.57622339200344,30.52698445149808,105.83703951181624
1086,10,105,62.26830118744431,167.28472346975204,13.371518554043325,55.623616943198364
1087,10,106,68.277992155675,125.98063819176393,18.052883593337395,30.367663624203246
1088,10,107,49.61811707277325,58.438554059423716,17.711140815364423,22.758116760065636
1089,10,108,44.8736223389005,32.581398307946856,23.742664766333014,26.44137161757136
1090,10,109,18.6175631186185,73.70256059510349,41.47503476443583,48.01432422947717
1091,10,110,49.92130622259119,135.35393337013275,69.12047318299014,65.58020564903272
1092,10,111,33.196990769615944,60.58485749855143,58.57811592417937,67.17955445960878
1093,10,112,31.113254037778873,33.28726222975632,55.9674623081159,65.51071878674459
1094,10,113,17.214355647738714,22.680233207752632,39.60687702897822,62.21161613646975
1095,10,114,20.215401526426902,40.96534911036643,26.557561940329222,49.136860460417616
1096,10,115,52.34581149721548,87.69440314584429,12.245220005153438,25.464207111694122
1097,10,116,54.007087040211246,69.39548586567611,15.173062431596666,15.271479535585886
1098,10,117,49.03654812600592,45.25260236690961,19.546235335665397,18.83623593319276
1099,10,118,22.914294592770425,29.587518692868407,25.979164163415156,30.19445622460593
1100,10,119,16.379837130172053,44.34195202673325,32.80647152369091,36.92405782277697
1101,10,120,16.239653385656744,33.12431719363231,33.364479769277075,39.81085418470091
1102,10,121,40.26153653322566,95.45080703445804,57.22232358401287,46.382259487601814
1103,10,122,20.140981229225435,22.52021132508063,29.067296905067412,41.95330294050144
1104,10,123,36.887463174214304,60.54969376459121,10.266763999857986,26.86502968582805
1105,10,124,50.81202740236196,77.72904839121107,17.735736513258296,9.339093686029534
1106,10,125,41.94239072613391,41.71782170357757,14.481805514068135,9.614047770655755
1107,10,126,30.18156309714948,17.393963800580778,13.586116492064498,15.61341242292139
1108,10,127,9.905952744475687,34.42147666912901,18.46027857921451,15.802280746116983
1109,10,128,8.281036501061694,38.50181649923489,23.715955951128695,21.82260775432326
1110,10,129,8.27317301192489,25.446600342299252,23.922858703122415,28.07663094962607
1111,11,35,110.20558958470913,26.940566883376338,63.72793847056357,81.16100631403357
1112,11,36,103.6860909851643,21.160009901120663,52.99909484880166,79.17536441143328
1113,11,37,72.901257971623,96.1621282951372,17.883357105564762,59.67152402380821
1114,11,38,69.1570906758154,33.055693103115225,19.825390500766797,63.60878626186636
1115,11,39,56.71626153900911,16.202721258662578,12.552408184737656,64.76541016043582
1116,11,40,49.82936351852468,7.373574530911104,10.483661258328883,47.25805113563192
1117,11,41,44.9211719261048,10.105714292974206,11.347772595153081,38.23994772483549
1118,11,42,50.8837811790403,15.112256168543903,19.916122128682584,41.18651794080508
1119,11,43,69.7970932458946,53.137947193882574,39.4819927320375,57.668017010954294
1120,11,44,70.35013901069873,40.36678655687051,42.803535286269025,61.215653618146916
1121,11,45,63.21938293196355,18.770990219687015,39.71375781872135,56.2697393579777
1122,11,46,63.925042236397445,29.576838145334168,42.66313952957442,60.73974737010883
1123,11,47,45.43993677289064,22.813806146822017,30.958577156016457,49.40686574061702
1124,11,48,19.928781444358098,60.00700090746074,16.974878729077577,32.869454653960204
1125,11,49,40.95866348768396,134.50023935961062,32.00102993173314,7.24269403897195
1126,11,50,29.55619394599769,58.43164080668885,29.576564419783033,13.527882173218089
1127,11,51,18.586626455032206,29.506040260072396,25.436729315707428,18.24278412233343
1128,11,52,36.72689554050375,30.186495701533044,40.71128461546284,26.114647148195484
1129,11,53,26.780593757000506,5.544053902037003,35.7778641325885,26.526438732741795
1130,11,54,23.196429589659108,12.106308501904186,34.5523660349505,23.7967922088196
1131,11,55,39.79176451408633,40.573466529011924,49.150082395705375,31.33780719221613
1132,11,56,30.5905203710714,6.548835494486485,43.76716926616333,35.43942754498125
1133,11,57,39.42794499308933,11.74175819809061,53.208492484786284,44.35773906909131
1134,11,58,47.1302315352432,18.069775482478242,61.5080983935525,54.12340405065325
1135,11,59,64.16423583141416,47.751545016684865,78.53768178719106,69.14056529974192
1136,11,60,74.02854338747053,53.90127411070135,88.76397333121834,83.16930552326248
1137,11,61,77.96348503049941,51.78953069592761,92.61880836928312,87.30610692922731
1138,11,62,67.9325934830389,18.496385315446396,82.61778961072552,87.75846543092815
1139,11,63,45.1667469594226,60.825533242800546,59.119470936048515,77.25988896902939
1140,11,64,41.42611382009561,40.11755068597212,54.348076596608934,73.42011732909725
1141,11,65,15.128784140074986,80.07646699496513,27.17041177640052,34.95800306109618
1142,11,66,11.678527720278176,68.68790329292437,21.55442706493618,22.805209738873746
1143,11,67,21.537457281134053,15.876669418849056,32.124010188046206,25.621567543938998
1144,11,68,15.763552656190184,13.527251424155349,25.058306832719637,21.064117781862972
1145,11,69,15.906403346879834,12.784106288834652,24.29691431697121,21.43189534614013
1146,11,70,16.518385266293077,11.979458427837264,24.076650996789276,21.708344667297755
1147,11,71,29.058628917642547,18.105138764230933,36.240644861750205,32.7118979208771
1148,11,72,28.022115049901597,28.42270007261363,34.220245267306396,37.29326613583274
1149,11,73,39.8467955267309,27.57028134041991,46.57695515128555,45.16984091575989
1150,11,74,56.64134366928361,83.63719276864404,62.970391990745995,54.50835063300554
1151,11,75,57.976106297989304,68.5615961165406,63.72881526245472,60.569110237165646
1152,11,76,32.39597971928081,32.61041895142818,37.99650405619882,50.65031016359017
1153,11,77,10.673215506888345,93.68884229858976,10.182429505864594,24.125581414745387
1154,11,78,18.19189630960701,63.63442725941963,12.263220521087291,13.646565753719097
1155,11,79,37.89764157414557,78.48807322585424,29.28631006975541,12.564742112202389
1156,11,80,37.951564752401275,42.473290195996114,31.028073931594896,19.53256776569684
1157,11,81,47.54406180005982,40.646317689664244,41.5462118399748,31.891680756030794
1158,11,82,52.538976687990335,32.66029765537385,47.73843210979326,36.08076876530082
1159,11,83,50.15296270066418,14.680155458927393,46.64539113527651,38.9393366407583
1160,11,84,49.92867881139431,13.536256478906967,47.152930425594285,47.14189753062257
1161,11,85,55.895989442709315,16.83258010569193,53.807841295597676,45.2160786232114
1162,11,86,63.395801767331115,38.597860364753124,61.481567069498254,49.48279151190306
1163,11,87,45.880622860369336,32.68298172037349,43.835328312847736,54.294257430462395
1164,11,88,42.19215100662556,29.750039139058288,39.956523791900096,38.42317570967467
1165,11,89,47.81430087216614,22.42552352804672,45.53505819147211,46.262853806590584
1166,11,90,47.71188359963015,25.012975152241935,45.250835201173714,51.4052414937964
1167,11,91,21.666432511379533,142.55118431656769,23.716822812160125,31.375367560471236
1168,11,92,40.26505475028169,9.895251309289305,36.57111463200925,37.436926881611925
1169,11,93,44.687700737717016,32.940117009768656,40.26110369392957,51.849391419404206
1170,11,94,60.34893324680618,52.375165902232084,55.81585617926798,61.864589924360175
1171,11,95,80.68029232863465,48.33713565330238,75.34130522561972,87.0888159188568
1172,11,96,106.3462710123519,72.34319175815259,100.67178913692304,100.09645615179252
1173,11,97,130.56164463177475,98.51471096670127,124.47586816947133,129.03804575691046
1174,11,98,153.5663264936654,104.4246754111831,146.68307493564888,145.7833669551875
1175,11,99,161.45833061014423,74.80491034266889,153.98669693559128,121.70224509866533
1176,11,100,172.08340295171018,77.12761981181792,165.1500883539348,142.98798103889195
1177,11,101,114.62448843374158,72.05241425032665,115.63822071442738,155.4782148214839
1178,11,102,109.43744216740144,58.56989332123539,114.51296130033283,173.15836539861672
1179,11,103,77.57452384308311,62.33892088378461,91.20907890872049,178.56031776806654
1180,11,104,32.527926750452515,153.2712841304391,30.421057963203626,100.84108969774074
1181,11,105,64.13358780819443,168.71587037279792,13.440581952329309,49.45356487032031
1182,11,106,69.91874195701375,120.41186089924418,18.170500690535608,28.241151578647404
1183,11,107,50.90154954743893,42.36764208425263,17.727994542768926,26.535910712960437
1184,11,108,45.91790166420405,24.55086876374525,23.71317350090227,30.762652518937504
1185,11,109,18.135892306393664,82.77889139411937,41.312441012414254,50.51611245165477
1186,11,110,49.12055381062661,139.69013009827972,68.94207421274507,67.51106924670265
1187,11,111,32.39478895022453,62.69962147201409,58.39862362675429,66.42678766205309
1188,11,112,30.443609569024158,26.722254271742717,55.79178139948758,66.73509103012967
1189,11,113,17.076640253677596,32.341210962521394,39.43934977718557,63.64306746868597
1190,11,114,20.7299478960633,50.007706918312124,26.402022455557187,49.17303588723982
1191,11,115,53.063193997339454,93.63781110103874,12.36790715534268,25.083052999825004
1192,11,116,54.661179188535094,70.81023203766247,15.310553387665099,16.73398496687202
1193,11,117,49.60004236840492,40.911259669994955,19.60085863535518,19.30818207760176
1194,11,118,23.238152064719895,40.14027158102416,25.845939533222328,30.474662674230977
1195,11,119,16.40723344041421,55.53188017333645,32.64097907090367,37.727111981966026
1196,11,120,16.235540249773184,36.853551314652975,33.19689917121197,40.6392048294167
1197,11,121,39.93168643378652,99.17255404567393,57.04839456126127,48.89432983277788
1198,11,122,20.244952839534676,23.27388854516474,28.924602669666424,43.597377327242874
1199,11,123,37.272202204699916,78.9494560806155,10.328438588642554,25.24807182283734
1200,11,124,51.183733186886975,94.59707886911588,17.900300158686736,8.021115505418333
1201,11,125,42.27980969389775,44.610291722910205,14.601843292102892,8.88803673891363
1202,11,126,30.474515358314733,15.196778765045089,13.569217146386361,15.138913952302719
1203,11,127,10.09154256943387,46.17019431955247,18.288758648851275,16.569301896668147
1204,11,128,8.246311346304392,47.63891392745153,23.538589102062154,21.767855902793894
1205,11,129,8.243113235412519,27.457425548779494,23.746527742651878,29.130039390296805
1206,12,36,97.84873178256635,20.87457019419862,48.11959659026628,77.9987074020162
1207,12,37,51.272899387342925,97.00011883525194,13.194279461746055,53.67567889655257
1208,12,38,48.20570688134098,32.260492597262,15.423812943878456,52.13566921039203
1209,12,39,32.388309369972745,15.897357009285898,8.45686212181127,45.37292974074487
1210,12,40,25.82686437270095,7.359812818163608,6.772351166060485,42.570040883001745
1211,12,41,21.509556955988455,10.214935299929973,8.508676443231648,35.27790627791863
1212,12,42,29.84174162067314,15.167412804671969,16.771180738086695,32.976300807182845
1213,12,43,51.72923609416468,53.37452272546955,36.25428091125161,50.81382647045565
1214,12,44,52.188951179505366,40.12246082639968,39.73496254547589,57.95451966968331
1215,12,45,45.19594358703506,20.304261667072705,36.947101886463436,55.94517572189267
1216,12,46,47.3979579104208,29.677185988174898,40.1266907044651,58.7517736595019
1217,12,47,29.944483382102025,22.899025364893813,28.966025031055597,53.96597219394307
1218,12,48,19.30114682178783,60.27142641449071,16.900017328647905,34.34665465915675
1219,12,49,63.38048307489983,134.95896419480843,34.32468946802311,7.2684513136098525
1220,12,50,46.658126082870886,57.64300760740643,31.782917128206147,15.06449756970952
1221,12,51,31.431416139153843,30.18614116623469,27.457555960588948,17.489465055625473
1222,12,52,49.75364929258737,28.839121555943105,42.708867121869766,24.861322486654515
1223,12,53,37.47382026813379,5.550904503298399,37.65625036044653,25.517272677038566
1224,12,54,32.37579183689579,12.171673317020934,36.311396061336744,25.42977104172658
1225,12,55,48.944421634297385,40.931370273376665,50.82614674176129,32.487926035278605
1226,12,56,38.22501015166913,6.398053829192183,45.338329687708615,36.77346931222643
1227,12,57,46.11654946210153,11.731642929627093,54.656565512978815,45.40022886796056
1228,12,58,53.2969505868222,18.099437219843697,62.872142878420426,53.33218162422811
1229,12,59,70.1053475287328,47.91206887592072,79.8310346003749,70.84184153510677
1230,12,60,79.5266512888128,53.87896331856364,89.9826900694751,83.63373490178687
1231,12,61,83.01166067706681,51.71201638200446,93.7536416639813,87.97060667883564
1232,12,62,72.25341920224558,18.3544851523427,83.66660538733822,91.03538162792513
1233,12,63,48.657872794779756,61.1739568839206,60.085353680816645,73.70401709708185
1234,12,64,44.57497472637406,39.86902223556852,55.23366928502322,74.44514508764041
1235,12,65,17.671704311386296,80.12100157555977,28.003115830639185,38.822472513087305
1236,12,66,13.42820520167223,68.54460067001447,22.276506024154823,22.810558256664198
1237,12,67,23.914834262462975,16.393571967676678,32.83551008407421,24.054142116364382
1238,12,68,17.745509395238788,13.521729458441888,25.691525610285012,21.048280293285778
1239,12,69,17.72777200539424,12.7066233795072,24.86977589582464,21.165476758392348
1240,12,70,18.053556798133034,12.098890553821777,24.59227864693452,22.593726396723795
1241,12,71,30.589607572261357,18.0837558700243,36.71566015785449,33.714826390492604
1242,12,72,29.045558476575163,28.548328819031223,34.62069683653128,37.221307750475845
1243,12,73,41.18043990702625,27.71762785685332,47.00003571780459,45.31381368038289
1244,12,74,58.248053867885176,84.6568316196083,63.380458952793695,53.750587031299226
1245,12,75,59.39487144500437,69.00232036903684,64.10008416135426,60.19456140726568
1246,12,76,33.157699710932825,32.74495674584255,38.321386799666634,50.304476243943
1247,12,77,10.590283372016959,94.13673380955242,10.29478158266062,25.72068098869699
1248,12,78,18.096591493816717,63.4591608005503,12.077622527299658,12.497806865827132
1249,12,79,38.039467307481026,78.56421166290131,29.014111825004836,13.850470664946304
1250,12,80,37.93922106928743,42.77487645671226,30.776646605739767,21.14832991985009
1251,12,81,47.47364709041232,40.9458662332244,41.313388134709086,33.293118210398454
1252,12,82,52.3245436219385,32.77848295936243,47.52194984238741,42.56773380451856
1253,12,83,49.695385469986995,14.68414850373916,46.44385815797072,39.24171230760858
1254,12,84,49.29898108008285,13.53342443773006,46.96454532163512,47.0789203957781
1255,12,85,54.941585130658595,16.848138437186947,53.63598106547214,45.21961625671722
1256,12,86,62.48587060340567,38.597477154514564,61.31869781171774,49.76779092202154
1257,12,87,44.497225145031,32.714877715768274,43.686099920806285,54.12956489475599
1258,12,88,40.677874952674124,29.779181519183826,39.817249169361766,39.144668930397195
1259,12,89,46.26129555989112,22.42389583751224,45.39742120978397,45.6976630587249
1260,12,90,46.07114913477941,25.010583385670433,45.11934395053287,52.06630013447969
1261,12,91,22.603244803415013,141.88403460012916,23.783337738056332,33.1323760506268
1262,12,92,38.13671687713333,9.621963933385778,36.4269457747479,36.31364047774409
1263,12,93,42.36850174030032,32.18650428874639,40.12327199167637,49.8823978634077
1264,12,94,58.00966872086979,51.81750176113431,55.67803905157495,60.93363322731848
1265,12,95,78.12243053191442,48.42536074577841,75.21132803367492,86.94568400416593
1266,12,96,103.67637182262203,72.54964010633401,100.53802301554629,99.56332666006217
1267,12,97,127.75120786251348,98.61216538677876,124.34100218446063,127.3213521175506
1268,12,98,150.39997942811468,104.73369531531782,146.5484314161192,144.71766332668417
1269,12,99,157.63172331418517,75.58667843699214,153.85136680467946,132.69842497445876
1270,12,100,167.89305712217487,77.790807808988,165.01415023236834,148.28830945522589
1271,12,101,108.67910736873803,71.6784385199023,115.4996757648079,155.10785422713033
1272,12,102,103.53582919960648,58.22084687914038,114.37304947911214,172.15042668415276
1273,12,103,71.85727515995465,62.388833979308934,91.07240125031407,179.55162956337006
1274,12,104,38.59651477920017,153.15799103281023,30.31605476812162,108.18619962491067
1275,12,105,71.58961150682454,168.7144170009684,13.51100130637326,51.573962931009426
1276,12,106,76.49871941778353,120.98766477642414,18.288674567069666,31.925004364253812
1277,12,107,56.25725885733519,43.26025616387065,17.74646011798672,28.845415908458683
1278,12,108,50.36016644046861,24.638197983611413,23.684927528960788,30.589526397891646
1279,12,109,16.529328601746236,82.77638427911916,41.149864154930356,47.80708009758713
1280,12,110,45.41718298043606,139.6912700896191,68.76351279423812,66.90864055694051
1281,12,111,28.823824978428263,62.76091832259489,58.218941854495085,68.10505857399721
1282,12,112,27.539227870968702,26.99796754116707,55.6158977725604,66.90767888027584
1283,12,113,16.876027389666383,32.162195391912505,39.27170004571834,65.95460729966246
1284,12,114,23.06679921823924,49.913018400441345,26.24658642042817,50.709781502154435
1285,12,115,56.05422176943449,93.62225715105974,12.492483986535472,25.382297197036493
1286,12,116,57.400493015244614,70.82436126853769,15.449478524292319,15.789626203758804
1287,12,117,51.983498571698725,41.02278993515283,19.657328748555972,19.081510116233105
1288,12,118,24.724797297402834,40.07724486142607,25.71310435648104,30.07739179153765
1289,12,119,16.70058181371795,55.50028406637003,32.475347039550066,37.00668885968331
1290,12,120,16.37360576085104,36.813943037981424,33.029156513629665,40.52034042067632
1291,12,121,38.460229206382664,99.16303405908286,56.87414014219487,48.35448515891426
1292,12,122,20.788743104459485,23.272598027518065,28.782153489655784,42.79890320299119
1293,12,123,38.92303930410432,78.67209215986537,10.39342610466323,31.45029284890255
1294,12,124,52.76111310421984,94.37410700952177,18.065768469542324,9.163916640404311
1295,12,125,43.72686314873822,44.50435469915739,14.723662920062289,8.852758330962537
1296,12,126,31.747912356108536,15.436178962722051,13.554956454027131,15.534846622721156
1297,12,127,10.972282597894829,44.9134014002264,18.117261666048517,16.578468018474297
1298,12,128,8.211638983567076,46.730122622952855,23.361084123203373,22.12886417546982
1299,12,129,8.2178737493154,27.327138741562663,23.57009241506431,28.25825824845428
1300,13,37,18.97408348448696,92.51180151810202,8.661415394072222,55.339457725201804
1301,13,38,5.492083963016375,38.03109865918794,11.198606664884268,49.57406096650177
1302,13,39,13.323108345799122,18.208294912979262,4.8852150888375885,40.52160267964773
1303,13,40,12.971453060817833,7.592586047081979,3.9876991893237093,32.7312134261839
1304,13,41,14.558229149016325,9.54970705022762,6.801786421552495,29.936864336353867
1305,13,42,8.741541125672013,14.88858483713567,13.957188268524646,33.661966203160645
1306,13,43,30.0970440179887,51.90112960544065,33.19277549212895,52.258421026763294
1307,13,44,31.658452401181115,41.62138467187301,36.83504233741342,56.4335060481975
1308,13,45,26.80809519914966,21.815508812285906,34.36872316476732,55.17116737952524
1309,13,46,31.392946889510508,29.15197050265562,37.782979713238944,56.40233005721543
1310,13,47,20.450110234518906,22.386771242988033,27.207646905909893,50.81783557034315
1311,13,48,32.168990482963,58.60530470275572,17.154084165774567,34.55922397638847
1312,13,49,82.4073515162833,132.3056969881477,36.47493209075198,7.29652408387588
1313,13,50,61.155507154189294,64.37366481587203,33.81594605776896,14.820980132723552
1314,13,51,42.76442616769144,26.35266345759945,29.318088436879197,19.08360270919546
1315,13,52,60.49901843773013,27.542778345582366,44.52729718754373,25.395825087207548
1316,13,53,46.47950093096701,5.473560575325612,39.356991473662156,26.29064688154292
1317,13,54,40.24816799400167,11.802893071872012,37.89481176890282,24.13492268344426
1318,13,55,56.4917595635797,38.44430835751009,52.324639990832054,31.66737768692629
1319,13,56,44.806760969201164,7.672797617918499,46.73386566742764,34.74863509140971
1320,13,57,52.03442251688488,11.867612443306053,55.93461813025302,44.47084897292799
1321,13,58,58.837061734344026,17.915345544580198,64.06652046870518,54.04258067644472
1322,13,59,75.43691536728883,46.6338377313337,80.95435616683353,69.4275886585224
1323,13,60,84.58617729130589,53.992510662096876,91.03253598693219,84.36857356720994
1324,13,61,87.79177590785524,52.329300522907644,94.72307858874669,87.8015633094898
1325,13,62,76.70402278036524,19.575147547752618,84.55405336395377,89.54679670046227
1326,13,63,52.80784338529935,58.799320244652094,60.89326045686544,73.12689407786472
1327,13,64,48.53719654120669,41.668453888286834,55.96530801792314,69.33404565111607
1328,13,65,21.524605239540186,79.81530713509073,28.680546565893327,43.36059829460504
1329,13,66,16.6307830227991,69.76570022498575,22.856408507872224,24.973015591775724
1330,13,67,27.61559253501776,12.756344585210254,33.39550290768013,26.355237142538222
1331,13,68,21.104295629253304,13.465153628019584,26.182330405087768,21.616084186230808
1332,13,69,20.88885137933319,13.253436829685496,25.306441839783112,20.721218402891896
1333,13,70,20.965154675782195,11.417659258877705,24.97833002961558,22.69993572696159
1334,13,71,33.47420107691804,18.174030046347557,37.06399960152024,34.10433966475022
1335,13,72,31.440141176782753,27.65640885025752,34.908511946829925,36.48279305537595
1336,13,73,44.025160477060595,26.635881877261422,47.29633442239958,45.13105531038843
1337,13,74,61.22747672198635,80.60794592283384,63.66147764097699,55.29391598022106
1338,13,75,62.18568176580541,68.29494998386046,64.34900925221268,59.544087198913665
1339,13,76,35.518259863331295,28.30517660696521,38.53342339291904,49.881325258764896
1340,13,77,9.836530190874539,88.40058259863328,10.370197492621045,31.262843572998776
1341,13,78,16.241131002466773,63.47836315109654,11.967687971053964,20.250904394845847
1342,13,79,36.01053382498739,79.10728075061188,28.856722820180696,12.170432459382306
1343,13,80,35.95306960273027,46.77621825680994,30.637825879903968,21.811116298650806
1344,13,81,45.54806741019519,44.6096602565477,41.19091137260884,29.113763643348438
1345,13,82,50.41031164079347,35.780199144637095,47.41352147384995,42.43609127661596
1346,13,83,47.74038899006804,17.197986505809546,46.34750851289044,39.448239531588655
1347,13,84,47.32089384509637,14.873093716291692,46.87835420377908,49.79489341202576
1348,13,85,52.912190578326786,16.435325183230937,53.56006763269235,43.5236885424131
1349,13,86,60.509891609497856,37.6532354748194,61.24927755277145,49.57909215118738
1350,13,87,42.38349037426617,30.94574320119433,43.6237032184776,55.19748441650948
1351,13,88,38.56704557627566,29.2778398731164,39.7596574757346,40.63731290423611
1352,13,89,44.118671862015354,21.67293378745363,45.3410221781472,46.22641028204504
1353,13,90,43.92360922703187,24.290437208502517,45.065713461404336,51.096103979264974
1354,13,91,23.88991877888989,134.35496858235015,23.811542845040133,31.668320256374766
1355,13,92,35.60917670466879,7.578547286928116,36.36575138662851,34.48556557084422
1356,13,93,39.79957771393614,28.115999466800886,40.06414994009467,49.69288387373912
1357,13,94,55.42467378600166,48.95250176976645,55.618199044340436,58.76556562682866
1358,13,95,75.50518096810517,49.14864504533827,75.15383429577484,85.12344361192565
1359,13,96,100.9672434111762,73.33082059535843,100.47772717052139,97.6846408530295
1360,13,97,124.96535810842587,98.88612942507577,124.27905834292378,125.95698634557947
1361,13,98,147.44960088491308,106.39055506627686,146.48511596935396,131.07976746033975
1362,13,99,154.37430075507103,79.95172850990275,153.78565141517203,131.95645793495058
1363,13,100,164.50302801005176,81.14925447770392,164.94581923752227,146.4104501213165
1364,13,101,104.5372307050677,66.15690321555005,115.42652642373635,156.64276174928708
1365,13,102,99.57080562318494,56.2417326635227,114.29571803667935,172.13507804140718
1366,13,103,68.29600554842528,62.91362475072929,90.99356950653359,174.28340043824204
1367,13,104,42.33147404772995,152.1320656088851,30.25288240913355,99.51485464472705
1368,13,105,75.68348051963001,168.82417362555668,13.556081034234376,50.969003067462616
1369,13,106,80.05838814890849,124.69309068609594,18.36596159835,24.374051283715264
1370,13,107,59.20399131604391,49.937861568169076,17.759710526859063,27.571828435973654
1371,13,108,52.812159140370284,25.94023428615014,23.66631945947612,32.183769542640036
1372,13,109,16.08087132360345,82.21053546411659,41.036669124340094,50.95293917410103
1373,13,110,43.247849629214066,139.3774476328703,68.6373672570787,67.20579242366775
1374,13,111,26.8588854855348,64.46423359266265,58.090273809128135,69.05916646973165
1375,13,112,26.017531044869465,29.871309982095887,55.48837801753714,67.24787744145209
1376,13,113,17.004252691271514,29.022576854965152,39.148742651174715,64.52012564418081
1377,13,114,24.253453871369196,47.9590188975139,26.131442836095257,53.91347447808144
1378,13,115,57.38114215437842,92.60298036252598,12.587066965342137,23.405804369598155
1379,13,116,58.59350336205348,71.38791145451584,15.555577269608193,15.22940651817138
1380,13,117,53.014252337310346,42.966779451717784,19.70169680356181,19.250606063039932
1381,13,118,25.447745782274502,36.567258924625634,25.611186546628215,29.503463198836794
1382,13,119,16.933585728196583,52.8673847588411,32.34700008824842,35.55750651467331
1383,13,120,16.514010853209278,36.38557997986064,32.89837815954951,39.07971793125736
1384,13,121,37.740877872106765,98.03164933711024,56.73754680069634,45.884209654225764
1385,13,122,21.04156288574316,23.389990591996565,28.670294549444712,41.636586859992065
1386,13,123,39.50587976664848,71.87926652162322,10.44713308423436,24.57898513114536
1387,13,124,53.257333871661814,89.44272413326507,18.197921866525004,10.867676845674346
1388,13,125,44.19416192202403,44.05809607976222,14.822191016474859,10.081068562196222
1389,13,126,32.17377613942536,16.93763213148865,13.545446984557486,16.04132324455752
1390,13,127,11.3188264671611,38.070169517172594,17.9793488582084,17.843681606093583
1391,13,128,8.239564838643847,42.09762843928543,23.21779412739636,23.40512668827571
1392,13,129,8.245728427731356,26.6198858737802,23.427286617358323,29.694114688747238
1393,14,38,58.027322810493466,42.82430615709155,7.735055775082867,43.88999019832549
1394,14,39,57.36961807765511,19.52634872707518,3.6005267020538594,37.9196131348015
1395,14,40,45.73561382655389,8.14186804750648,4.100078253873321,30.184455616034203
1396,14,41,40.12705328218595,9.056518879189893,6.848857633995695,25.38127756429772
1397,14,42,21.88132643270341,14.774993234499686,11.782393709438614,33.33773890615966
1398,14,43,15.87577732646348,50.66500499379644,30.545326162923217,50.30465455616906
1399,14,44,18.408815755191306,42.761095656231745,34.337164507886584,56.28067711808369
1400,14,45,17.277758759155606,23.288630068524814,32.18303155472537,54.171312122034294
1401,14,46,23.013193973091607,28.92986635264496,35.815215563817254,56.65978998153252
1402,14,47,20.845687719553982,22.014828483605424,25.807138667060972,51.04282393196191
1403,14,48,40.36080021933825,59.08062828219213,17.599422090902557,35.10477120083724
1404,14,49,90.67282342516275,129.83972957617377,38.28382051746216,8.28011364454394
1405,14,50,67.70849177587067,69.23989462258189,35.51869021463921,13.408981527927514
1406,14,51,48.26706818586882,8.023925306794233,30.87104462266533,18.707308762655472
1407,14,52,65.31077068081424,38.542808639181466,46.02920084306057,24.551235475383358
1408,14,53,50.84206265770538,6.182951786992883,40.75111203935879,25.094286749346786
1409,14,54,44.2889894646948,11.235169070213283,39.18150479865041,26.118407222492408
1410,14,55,60.08203532242994,35.80530280074344,53.53133904062801,33.58602168788182
1411,14,56,48.392341536786304,8.414620630148343,47.8460922429815,36.87555904700945
1412,14,57,55.466163935344674,12.318245395011093,56.942166025382264,43.75595158693795
1413,14,58,62.2298523538355,18.38943649572699,64.99606222955985,52.702831547726475
1414,14,59,78.74660791617008,45.58411961642498,81.81697162013613,68.40472837445908
1415,14,60,87.94478604971604,53.4225262900118,91.82722186555455,82.39358412603136
1416,14,61,91.18297475919738,52.69669539479777,95.44564137250615,87.33660857284542
1417,14,62,80.3932371849122,21.5725174410474,85.20328910265047,89.19037437581609
1418,14,63,57.00885202229866,52.04612603812657,61.47038363416494,74.8423607927923
1419,14,64,52.813267040521815,38.200728475160275,56.47425901613629,66.67403663393324
1420,14,65,26.4175071984792,79.10369951271835,29.135962014167927,39.694735097670495
1421,14,66,21.258091766846114,70.81712068103303,23.23220178561678,27.97008892093453
1422,14,67,32.403970509892396,4.413508254931137,33.74321836349421,29.02149350109409
1423,14,68,25.733739949635613,7.391866350748975,26.473949660227976,23.050936444781797
1424,14,69,25.330851761321494,10.542802426812099,25.55349704728699,20.353529904619965
1425,14,70,25.289955176571183,11.239007486399823,25.18472372198008,22.631809479719816
1426,14,71,37.7069781353482,18.731132049005133,37.2385611454368,35.65808536976309
1427,14,72,35.399179558867694,24.88744602963144,35.04174776394155,38.24089232647772
1428,14,73,48.41489270330952,26.386179478275594,47.421485066408486,45.283417465123875
1429,14,74,65.51012407201695,73.28544210165123,63.76951564097924,54.34272040456714
1430,14,75,66.33067146249294,64.1619602499736,64.43453328667506,59.9023250567914
1431,14,76,39.703785752900124,21.98657638114935,38.59494100086868,52.70054757565618
1432,14,77,10.033011220440732,74.18769349983886,10.387251378574549,25.64482863764873
1433,14,78,12.755683863738344,60.51578099542626,11.95245253120219,12.990843175032436
1434,14,79,31.423112932270595,78.86880300326065,28.849790670758903,21.182770400816256
1435,14,80,31.65904392001193,52.51181549168475,30.646050202043504,29.531588705939143
1436,14,81,41.45890345222068,50.32155032411675,41.212080243848,43.222655419333734
1437,14,82,46.53800187887844,41.89528204683208,47.445322711439175,53.352889639944486
1438,14,83,44.112034035635354,23.558207266081418,46.38726333993412,54.322301609857924
1439,14,84,43.88021354092089,19.215250327823128,46.92404965542815,54.84060808868313
1440,14,85,49.82506916490759,16.5496759594726,53.6076319560744,42.05316820183444
1441,14,86,57.47169301398168,38.02797861994668,61.299879309444925,48.36517513561692
1442,14,87,39.72028024769442,28.08286272353566,43.67249939336743,53.11820138347998
1443,14,88,36.09652106524191,27.359767977838345,39.80644739768036,38.934226230771785
1444,14,89,41.62613430872034,21.05295479913397,45.38829496936362,50.30727187041926
1445,14,90,41.543262755350945,23.01382620229366,45.11125211560085,53.65865288093331
1446,14,91,25.09851882810606,123.62830287271268,23.790364159010917,33.33967141561738
1447,14,92,33.08008698809837,6.0943843616983315,36.41012268092464,33.44848430914936
1448,14,93,37.45314908910727,21.48145684601726,40.104880122138724,49.45588062069855
1449,14,94,53.070103311334115,42.740424840286686,55.65718568269561,60.77612994320534
1450,14,95,73.38681522249328,48.50075412137388,75.18802866555036,86.91631396032963
1451,14,96,98.80486004481125,73.73346199845143,100.51029718064306,100.55902736821211
1452,14,97,122.82898840479841,99.01416584988065,124.30916860872702,128.25867860650354
1453,14,98,145.44690406260028,108.80653166487961,146.5117091233476,135.0890469340023
1454,14,99,152.60513411725162,87.61643161907988,153.80756702306886,131.92703307878486
1455,14,100,162.92168974654052,88.79944050699198,164.96253312912364,143.7039110779968
1456,14,101,103.59844605412776,56.61974255857841,115.43549512402268,153.81294434255162
1457,14,102,98.86917012279034,49.81988914711505,114.29700102559114,172.5108170702434
1458,14,103,67.98181427273498,61.4108007449827,90.98731029559768,176.53197531944014
1459,14,104,41.9547505486725,150.3287968340577,30.24174928246046,87.7291321173866
1460,14,105,74.97594088748599,168.11640456931318,13.567894046957493,44.854694411842296
1461,14,106,79.3366301385708,129.7758720413964,18.39126152072042,30.872789905144433
1462,14,107,58.64981613205377,64.8212700087885,17.764915567456814,22.186322975053496
1463,14,108,52.302905466626925,33.128503653026584,23.658646901463808,28.605860503834137
1464,14,109,16.166154392061454,77.72269040961031,40.98523817024052,45.53938223358595
1465,14,110,43.367271355738765,139.15211396035784,68.5768534776895,65.65397779027117
1466,14,111,27.198177905738017,64.50830719960716,58.0253992534152,62.94427088673798
1467,14,112,26.336015332059155,34.483199974855374,55.421280757817144,65.78396027053091
1468,14,113,16.883312085818268,22.485874729730597,39.081481863592124,63.71596586488652
1469,14,114,23.644337025416444,41.93284705657255,26.066263942909483,51.79996682773453
1470,14,115,56.439077645229965,89.11031381142135,12.642899117593714,28.141244699355962
1471,14,116,57.680918021776975,70.74656163261282,15.61984087134804,15.805737404887257
1472,14,117,52.18988181683101,46.24811674218775,19.72960495495951,19.651950913748937
1473,14,118,24.987058319907554,28.426853495096225,25.547197610776756,30.12811614625633
1474,14,119,16.801453887441024,44.60863806880381,32.26484511966328,36.71211602877666
1475,14,120,16.406010385072292,33.26373049369976,32.81337906037492,39.88306701668104
1476,14,121,38.050012674538785,95.19685781461435,56.64771336284998,48.1663926826643
1477,14,122,20.762087469776684,23.389514808490443,28.595977603640794,42.34969964113395
1478,14,123,38.6537317024015,53.12152325208175,10.484453066343118,25.511424471657698
1479,14,124,52.319473198508696,72.49927501878066,18.288352285995217,10.828702835391924
1480,14,125,43.35397940336661,40.663801082277,14.890723370508013,9.189353866912132
1481,14,126,31.456128307302034,19.413551510641565,13.539849626652014,15.772777837479707
1482,14,127,10.858972262071648,26.56226984029294,17.882764086165455,17.022233184896006
1483,14,128,8.177143825286267,32.520283997790024,23.116713499011084,22.711662698513617
1484,14,129,8.19529572169875,23.585601159034226,23.32593359701751,29.88359770276489
1485,15,39,68.0484310207636,22.410864062767427,5.1437024418248445,35.200752383238154
1486,15,40,52.91934739305568,8.508968259371006,6.039233811748311,26.820768528991238
1487,15,41,45.233042377059355,8.88524884632836,7.964878409348905,26.327681340687388
1488,15,42,25.50431209599529,14.758291331947376,10.408954643497353,30.762140551136536
1489,15,43,13.852218469371447,21.974852656141405,28.523173330207435,49.34459037955033
1490,15,44,16.51283953529273,25.142364472729007,32.44208733314925,55.91764153765423
1491,15,45,16.344579827405582,23.274902428730833,30.555957935898785,53.64148859074631
1492,15,46,22.1301819624707,27.49806840912899,34.36880229992159,56.37313922467542
1493,15,47,20.787680447709064,20.24945405944044,24.83273660684898,50.13883486845777
1494,15,48,39.770314057914945,24.764710781152555,18.051742776657676,33.765513949736835
1495,15,49,88.55786524389073,128.87077099169358,39.61349172696209,7.182591611652411
1496,15,50,66.37259157559755,49.30361797697878,36.76423733841923,12.563074567775503
1497,15,51,47.60479563598483,41.919448972261875,31.99835355929071,17.657336342543445
1498,15,52,64.30470994530428,57.82520796816154,47.10667834663628,25.151810156688004
1499,15,53,50.377305054050765,50.43965272304354,41.7385628924329,24.52879408257772
1500,15,54,44.14943909300648,47.42905312150737,40.0785745867989,24.839555524467244
1501,15,55,59.639524922428855,62.48662727954713,54.35981795589281,31.28923598202994
1502,15,56,48.54837694531081,8.344548490635265,48.59446864896741,34.54081537536876
1503,15,57,55.85000586240711,13.296134794644097,57.60469392414115,44.60995604113802
1504,15,58,62.820442171483,19.68136173144662,65.59102865335103,52.357949088102814
1505,15,59,79.38342301443707,45.036636168197695,82.35323376459623,69.14193732200977
1506,15,60,88.82448569203235,52.60435760296084,92.30496994159235,82.77921973762689
1507,15,61,92.2874757222111,52.903029861826596,95.86357163911494,87.17226287154143
1508,15,62,82.08152976402378,23.724923149693137,85.56036260634146,89.93995229706556
1509,15,63,59.52215142480767,45.36372562105501,61.76606701870004,74.19962688709954
1510,15,64,55.53415391016265,34.38766506745316,56.713089090508916,69.39837147968284
1511,15,65,29.935670501022884,77.43436303040788,29.323800516181223,38.49199938042549
1512,15,66,24.813678808854036,70.88806775386988,23.3617608148374,24.162514704662666
1513,15,67,35.87526486469085,9.441450835619698,33.83791271964415,27.801712841151684
1514,15,68,29.21203064998089,12.35720822499097,26.528626429571222,22.986501068308936
1515,15,69,28.70219348243676,8.542269004246588,25.575740554930082,20.887797657033186
1516,15,70,28.661466932800835,12.19782328723899,25.178789774463645,21.90851647507625
1517,15,71,40.978322883953226,18.41253743450921,37.20892603047598,34.16666577379232
1518,15,72,38.64854662701919,23.431807361394835,34.99363588843248,39.79921419797231
1519,15,73,51.8593837779589,26.243941489030256,47.34737605557363,49.03577000657766
1520,15,74,68.7550384420307,68.36365095835023,63.6769637953788,57.2596396859126
1521,15,75,69.52349448790008,60.896971093454425,64.33112671348407,61.80406420250135
1522,15,76,43.18615149201451,18.944795960020766,38.4828410206515,53.20852447722948
1523,15,77,11.909636768861967,68.85263070327831,10.335290298955641,27.009895008256223
1524,15,78,10.590055674214723,59.20717287636425,12.045084408549153,13.124724334391052
1525,15,79,27.48286604985542,78.18555070317699,29.014779102748644,24.356973137585598
1526,15,80,27.999937872124377,55.58485503611914,30.821883372127132,32.86447031135658
1527,15,81,37.9860050134116,53.86427541494554,41.39658785224665,45.20068315450423
1528,15,82,43.287466734996315,45.54219972333211,47.63621299701748,56.471307889166816
1529,15,83,41.14177691136486,26.967663715622802,46.58109591754948,54.93255691693112
1530,15,84,41.12590762869085,21.453201274437692,47.11874136615065,57.719666939445716
1531,15,85,47.497769788074216,17.290840956768236,53.794450646065556,43.05940855004346
1532,15,86,55.165806823299384,38.08130833990344,61.48557224371327,49.75069426931734
1533,15,87,37.915151411116575,25.7889734387511,43.84629114923383,53.41353566028118
1534,15,88,34.50786090846761,25.5292623197294,39.97041064498222,39.005529745618446
1535,15,89,40.02752687075579,20.984295743774698,45.551713157019435,48.88101113290795
1536,15,90,40.074892994113924,22.56953220047039,45.26772554181918,52.96104634479345
1537,15,91,25.60637813462888,117.74811723868943,23.714655990554316,33.84985689180171
1538,15,92,31.65799896427721,5.512704987726989,36.57213703058239,36.02740066874048
1539,15,93,36.26984993885885,17.667772655485756,40.25673234944794,53.33565517619158
1540,15,94,51.887723816213565,38.45616299891904,55.80598649247683,60.61312320178336
1541,15,95,72.49960848640552,47.66964714369746,75.32397270030438,87.33133263566616
1542,15,96,97.92350595786115,73.34523813265234,100.64577794405984,99.61683183464604
1543,15,97,122.02476592436243,98.565046969565,124.44115291439557,128.59572938907598
1544,15,98,144.9002643239352,110.08591069872115,146.63767313834728,140.41078438646866
1545,15,99,152.51865018657688,92.77272298057822,153.92622015075597,117.45461209060078
1546,15,100,163.13062693908145,94.43873843870537,165.07302653244193,140.65538776610055
1547,15,101,104.97004402025068,49.85712182693829,115.53491834342248,152.9587396258784
1548,15,102,100.3883146333522,44.904242574956506,114.38479296655882,171.30278680669005
1549,15,103,69.66272860796528,59.54958522729311,91.06082931305988,177.0021585909995
1550,15,104,39.477491673265945,148.75992463258385,30.287704413724015,101.47619464375191
1551,15,105,71.9806152679469,167.2869203227431,13.542836473333079,48.15101728970578
1552,15,106,76.60110184635818,132.39691814761377,18.35934704098813,36.875371883434006
1553,15,107,56.400662935951914,75.94046975654531,17.760755280974543,31.785975978333916
1554,15,108,50.37132403433062,42.97453569742934,23.662470995186716,32.685521870349824
1555,15,109,16.5371216725554,74.38080257969649,41.00128812785039,54.3974371644137
1556,15,110,44.76075981668636,137.48034904380788,68.58803216579476,70.54439021792092
1557,15,111,28.716981351947787,63.61925027222496,58.03015615849238,69.37546252608203
1558,15,112,27.58823804681157,36.50846369671473,55.42006029427319,65.37319361143555
1559,15,113,16.756403967357034,18.996501932157212,39.07484811783077,64.28176744127127
1560,15,114,22.305034507735687,36.55313514808255,26.055304326582487,52.609049987626555
1561,15,115,54.625083669972454,85.66942101302315,12.655861110179634,26.42089645499127
1562,15,116,55.97112433230629,69.0710449246425,15.638136265204844,19.440780139785982
1563,15,117,50.67084810492836,47.921235425315416,19.73884784512462,19.112580030789164
1564,15,118,24.075428411461118,22.51879917536076,25.524018708972502,30.024110417712112
1565,15,119,16.58500175339382,36.200189929917585,32.23264665445674,36.446277983711624
1566,15,120,16.27440988219622,29.391449145754013,32.77786435855389,40.21387897864213
1567,15,121,38.83885395750039,92.00981724415556,56.60845497265327,49.25062861250736
1568,15,122,20.34202767701015,22.77068171270848,28.562022374979904,43.850045181879565
1569,15,123,37.338392486835914,43.478281250525015,10.50261534926973,25.393672159471393
1570,15,124,50.9558563314567,60.98876532035634,18.333455944169675,8.37410319961639
1571,15,125,42.11613917444074,38.69208177149767,14.926189511613648,9.64001423772861
1572,15,126,30.385401445168327,20.45233758674018,13.537226882824884,15.909276038519282
1573,15,127,10.166139978537007,21.902353840075623,17.83056395296224,16.669821561271323
1574,15,128,8.189884995781593,28.16116505962044,23.061032356074076,21.708920699885056
1575,15,129,8.224866619549632,21.98652554002794,23.269139258750656,27.81286263667821
1576,16,40,52.09579122084634,21.70202391917043,8.206229081283805,23.421489135130727
1577,16,41,44.112370589177445,21.300372069279682,9.435252108111143,22.09410718284596
1578,16,42,24.617770260446125,12.92723481072745,9.577405528712072,30.889833619202562
1579,16,43,14.458900719192782,18.059650723716185,26.859154839704782,48.70387652135571
1580,16,44,17.407015395906946,21.052452802255576,30.899213866855064,56.15747585523908
1581,16,45,17.006015218191983,19.939073088755382,29.26048373514797,54.86958067764795
1582,16,46,22.898953754200917,24.372852243774137,33.2356837194728,56.260186748945735
1583,16,47,20.037143772651206,19.527245355469393,24.10975986497791,50.2151790665377
1584,16,48,37.017677369875955,27.79545341940067,18.470703482123636,33.18856451239065
1585,16,49,84.16948551441996,58.556849523956,40.646328206683705,7.095768307930758
1586,16,50,63.18726621746669,52.995090460494154,37.725113205532594,14.077657891593727
1587,16,51,45.411277338858184,45.343698218277815,32.8577788192453,17.107832375359276
1588,16,52,61.885971132861584,61.19189096368974,47.91671642889515,24.629809200614254
1589,16,53,48.68540990956833,53.60880392786722,42.46792836267577,24.534439291333936
1590,16,54,42.917609338908306,50.42784793288967,40.72653495382739,24.00924910189556
1591,16,55,58.164111712139274,65.41425644073537,54.94536415336508,31.949156854452795
1592,16,56,47.78315594955285,57.362723976125004,49.10767854344654,37.67999188268546
1593,16,57,55.398717703939276,65.25478834390428,58.04274830113684,44.83490450853076
1594,16,58,62.63049422108266,72.45917705818802,65.96722474951348,53.26526088115987
1595,16,59,79.2730407268661,44.69139361803918,82.67522370298994,67.99495014314206
1596,16,60,88.99826124398066,52.316693006406965,92.5737814784229,83.00365890905809
1597,16,61,92.72870435711961,53.34130919715019,96.07987390217782,86.90212192743141
1598,16,62,83.16154842591064,26.16103902464939,85.7232314978515,88.47346891043426
1599,16,63,61.48013782084573,39.911243985675846,61.87375897579164,73.78841524578414
1600,16,64,57.724070263296426,31.950603115456392,56.77070706449806,70.38554984228715
1601,16,65,32.91652484541625,75.54137850359425,29.331425749116978,37.91022988007648
1602,16,66,27.89191475308176,70.69698845847907,23.324531795495716,27.116263060198005
1603,16,67,38.80676840122693,14.893141911361456,33.76115948700917,29.07409814779099
1604,16,68,32.18350627533455,17.743866558141224,26.422346338966996,25.087854934763854
1605,16,69,31.587642637211083,9.48920352134,25.445059437344185,22.55757650945204
1606,16,70,31.562440092174175,13.533819455983178,25.028318475556638,24.602151570425633
1607,16,71,43.77237055187695,17.711550289705112,37.040251650435486,37.546309882674336
1608,16,72,41.47215216877966,22.777402795296936,34.822107870662464,37.02340696565738
1609,16,73,54.778942262341566,25.536834440758913,47.13749355003838,44.61999710073732
1610,16,74,71.47288759406811,64.58127480740109,63.44773866577058,54.99810831661755
1611,16,75,72.20691578075436,58.91283244538327,64.0991106144681,60.7634379435912
1612,16,76,46.16219936025881,17.552136682691426,38.25276797474343,46.763867592202544
1613,16,77,14.250673174660422,63.432024397410814,10.24104579026443,22.74885173628395
1614,16,78,9.755231261349078,57.54274180998905,12.214375060020409,13.615771644232332
1615,16,79,24.261966853540184,77.13254034696487,29.296871763968806,24.136949527664996
1616,16,80,25.004594365185696,58.04518972482143,31.111798740654194,32.22796524942983
1617,16,81,35.14380721166201,57.27899038904109,41.69214382123076,45.13977829324179
1618,16,82,40.62934207042762,49.45292918704061,47.93512074192034,54.22783296198966
1619,16,83,38.72035020916839,30.722605745428083,46.879392008549935,56.41084967083521
1620,16,84,38.89103775916406,24.01666301865241,47.4142828205194,55.74572548431449
1621,16,85,45.64488894118568,18.327439632194626,54.07541500939368,67.34129854285698
1622,16,86,53.324756659123324,38.53259135855513,61.76238594917993,74.12569836029726
1623,16,87,36.53159408598513,23.99429244130559,44.104348143611,58.347790768624066
1624,16,88,33.318128307506896,24.48935027573961,40.21326089950624,40.08092647450484
1625,16,89,38.829000310286915,20.901203025264106,45.793026490286536,47.153318414803834
1626,16,90,38.9939507764789,22.436621732040788,45.49843442117745,51.9830104927637
1627,16,91,25.875172352172868,113.04248346334991,23.60434520727159,32.33945346002515
1628,16,92,30.652494506843468,5.64433573108348,36.81211264343116,34.96110626984666
1629,16,93,35.490477302914165,15.493123553112314,40.48210871945393,52.76915195327546
1630,16,94,51.11117286956474,35.48787032468952,56.02719606239118,63.12712312228729
1631,16,95,71.99984099428141,47.23527363676006,75.52686599619362,86.20174853458568
1632,16,96,97.44098039902246,72.8328031616165,100.84873193539732,99.33821655813867
1633,16,97,121.62316056747109,98.00093043509895,124.63973845796944,128.47574351922515
1634,16,98,144.7580423590339,110.94411205825547,146.82842489593202,145.35385277720837
1635,16,99,152.83951051161367,96.43712010624525,154.10775688897212,118.65323365810188
1636,16,100,163.73701853345867,98.34437169466092,165.244281360067,140.88885828606337
1637,16,101,106.6950700379179,43.70089445921939,115.69274917204399,155.68065213283572
1638,16,102,102.20995766833808,40.91764497065357,114.52821314020287,173.75940337690884
1639,16,103,71.5617977813551,57.875200138298844,91.18546897713276,178.17350215320337
1640,16,104,37.063158769286034,147.23843289971867,30.370280183513273,106.69954926338612
1641,16,105,69.07370520755907,166.55836082473982,13.494910657174676,59.456783206707875
1642,16,106,73.9493589066746,134.1324157569025,18.291447930376446,35.094869918623424
1643,16,107,54.18845914502557,82.33500002383782,17.750965013116513,30.612231730965373
1644,16,108,48.481357566898915,53.39312608247289,23.673635167232526,38.694882352172485
1645,16,109,17.08401264186514,71.73131983720096,41.05952354295328,53.53257959671764
1646,16,110,46.237352473436516,136.16574622534824,68.6438890249412,65.28043018694211
1647,16,111,30.274163780082276,62.89415171694133,58.07818477361284,67.4525839143554
1648,16,112,28.888365032802085,37.31623756571757,55.4596564575268,66.0927297335462
1649,16,113,16.80303091931405,17.498448202084564,39.1056661815984,64.9607782248951
1650,16,114,21.066015720176406,31.83940358650068,26.077723087034844,51.017391557344844
1651,16,115,52.917329929989734,82.04772387388643,12.642378636637144,27.661740350962226
1652,16,116,54.36314597345791,66.68668157825148,15.628187442840618,18.46042406360345
1653,16,117,49.24579704138435,48.69161033912369,19.736531908042853,20.747970074785222
1654,16,118,23.244737104738125,19.86604358649413,25.525635068548816,29.98880579432695
1655,16,119,16.471275627275528,30.175635008312003,32.23079758533411,36.71595250121173
1656,16,120,16.24474743400821,26.591036132664193,32.772352556294386,40.622540537162095
1657,16,121,39.63654000532417,88.32073818721528,56.59982080549662,47.31713403297022
1658,16,122,20.008688331217677,21.968187425984194,28.552417538348077,42.925438005903246
1659,16,123,36.11840065176217,40.734248331924924,10.508872209900431,24.99666631898314
1660,16,124,49.703569586718274,57.47207425923772,18.351193264872784,9.802814431922123
1661,16,125,40.97437901817871,38.22937247151886,14.94160731258196,9.76539221385357
1662,16,126,29.39827647829223,20.978325045048592,13.536084447410964,15.661737155364488
1663,16,127,9.571444629047864,20.068962337768976,17.804932213685166,16.119911496893362
1664,16,128,8.315859751727348,26.681872482772203,23.0325200019596,22.186789736505187
1665,16,129,8.364107020263111,21.310758337410125,23.238980644330418,29.683433018325573
1666,17,41,39.16071373283431,27.877209545713857,10.959056069751911,23.06891973152141
1667,17,42,20.953422584893186,17.94005137034443,9.177017645458882,29.961194398229413
1668,17,43,16.85178334063977,14.07507189921531,25.480886162030792,48.73554952705805
1669,17,44,20.33445405624559,16.473636298324305,29.64244002150328,55.11693607757506
1670,17,45,19.262701887816547,16.59988572088566,28.234232034189873,55.052579948707155
1671,17,46,25.200397860889318,21.119996441240055,32.35819777988887,56.74766747419891
1672,17,47,19.339245857337744,19.74272698765767,23.58019299903243,48.83328072570009
1673,17,48,32.07614171997847,31.642445608516063,18.825851231124002,32.799387611960626
1674,17,49,76.78560256475777,63.17494161376404,41.432070352930914,7.346780340737469
1675,17,50,57.692934126604015,57.57871601032147,38.448892610637174,16.7808937542594
1676,17,51,41.46995450344568,49.37180256517268,33.49306564308727,19.425520982182963
1677,17,52,57.691795158686176,65.13243828284871,48.503904265505746,25.248745039258562
1678,17,53,45.60405059228445,57.31881730336355,42.9818170049572,24.385416113464125
1679,17,54,40.55173456911752,53.938263893282205,41.16605444370314,23.950269963572065
1680,17,55,55.49167445211623,68.83158194249465,55.32765408088307,32.51186734552886
1681,17,56,46.16276671679298,60.57856400242165,49.42375932602152,36.00720921421351
1682,17,57,54.26609186950186,29.271460328226063,58.2922594235814,46.31046603740393
1683,17,58,61.89223560850655,30.816039644917076,66.15949622004052,53.67373223386004
1684,17,59,78.66474690729406,51.29356731114231,82.81700356759366,71.24342391220605
1685,17,60,88.81010870035851,56.006396762434186,92.66676787782184,83.70204640943238
1686,17,61,92.93981565804302,57.00593864809914,96.12640400329764,87.05849196716501
1687,17,62,84.3028283727344,32.07892186948485,85.72241446247166,90.15326566950135
1688,17,63,63.89983404470789,27.77622669443327,61.822777812359085,74.85026452178973
1689,17,64,60.496405473525364,24.437338761091187,56.67524785624127,77.1385883190804
1690,17,65,36.836864367283276,69.31127510794875,29.18664250509532,42.14272960394563
1691,17,66,32.01839108854894,67.42046447999091,23.14621995824549,40.11375235276696
1692,17,67,42.66074466416147,18.412077173398547,33.53931754957003,41.10163488437521
1693,17,68,36.134426484942765,23.740086983618816,26.18000477657468,27.424092384766784
1694,17,69,35.43432193355184,16.38585634685761,25.185325434084884,30.110085924161776
1695,17,70,35.4564266894624,18.200336256954778,24.75614986004049,29.205837972330446
1696,17,71,47.509589204403916,15.781748468769026,36.75456737594674,38.20693674199656
1697,17,72,45.326759700498165,23.368161267414614,34.54722945538638,37.73272488859315
1698,17,73,58.68183579445159,23.45892273586873,46.81346609868397,45.725865513140235
1699,17,74,75.06011406357604,57.36060477780863,63.103663967415464,54.886918818504064
1700,17,75,75.7676241847938,53.52195538040843,63.7592791093389,61.3718553799072
1701,17,76,50.20658638773856,16.731507485554715,37.92425128434016,47.49791588131781
1702,17,77,18.039565320054724,56.52640830884757,10.119707733898414,24.136555336033595
1703,17,78,10.415332497975712,55.34147494584621,12.452597176965263,14.325996409581302
1704,17,79,19.94258447762432,75.53963649678168,29.676858650022883,22.371602540906444
1705,17,80,20.998534338901106,60.1233558635363,31.496892475008334,30.553236351326376
1706,17,81,31.34275684240955,60.858541770363445,42.08014958647761,44.89858470288695
1707,17,82,37.08975570999334,54.442723567247114,48.323758838296854,54.25437869084785
1708,17,83,35.52330783768497,36.330266768958076,47.264282766587634,55.93213586508353
1709,17,84,35.960512617781006,28.15874788192982,47.793242210577105,58.215067405610185
1710,17,85,43.26957532717987,20.474739502798506,54.43415408587326,69.34423972228917
1711,17,86,50.95373391811283,39.757857247156636,62.11427597498724,73.7512742691855
1712,17,87,34.814466022572084,21.75441320934994,44.43181024423835,58.0849018925155
1713,17,88,31.867231851964807,22.97793931488867,40.521033420250525,39.26393228510699
1714,17,89,37.3618964794334,20.930652394031775,46.0981521196607,47.154787764256376
1715,17,90,37.687360720294,22.38221295475772,45.78981383979607,50.16367760048543
1716,17,91,26.11447870884279,107.81753087072592,23.468105952642368,33.14814249540036
1717,17,92,29.475803016831588,5.4662660041830184,37.11513227067589,37.03891406957072
1718,17,93,34.626148718951214,13.9849564436534,40.766777688834864,54.522294130637455
1719,17,94,50.251190459266304,32.741417354170814,56.30658935551972,61.05366229866528
1720,17,95,71.51698244208187,46.726088954568205,75.78342369054137,87.86174679741873
1721,17,96,96.98828689084847,72.20676311137306,101.10557345998232,101.56205289405366
1722,17,97,121.2851478157331,97.2826187098876,124.89134047267099,131.44632716933592
1723,17,98,144.7815193269347,111.56258704117953,147.07057973781613,144.86330957645137
1724,17,99,153.50566901999133,99.6955683468125,154.33901668335636,114.56037952383944
1725,17,100,164.7926995741713,102.27476850660936,165.46343746209436,142.22894862407415
1726,17,101,109.2753300756803,33.2706692051906,115.89642709274538,156.31348446185882
1727,17,102,104.90227704080652,34.3727068024513,114.71516859385979,172.55774580361395
1728,17,103,74.34403625694733,54.574304886798465,91.34997488232817,182.11172673454678
1729,17,104,33.82794142681876,144.7164780996824,30.481577658221582,110.38239058447289
1730,17,105,65.04720973476832,164.91126704708932,13.43024034408588,54.33171931606196
1731,17,106,70.28586947709132,134.9702200536405,18.1962146506676,30.234845191132678
1732,17,107,51.139929996744904,86.7203922196174,17.73745916037081,25.048320448731054
1733,17,108,45.90309153620347,63.83624171812713,23.690769174464883,29.610499488791305
1734,17,109,18.107602255038298,65.23240829559467,41.14987534455243,47.25327715149647
1735,17,110,48.3155362923226,132.89975561156152,68.73362411705558,68.59747967777143
1736,17,111,32.447516373274105,58.36298955822768,58.15890944141858,68.58721119381143
1737,17,112,30.734742057940604,36.18712361578556,55.53000626009771,66.06178039331651
1738,17,113,17.132811566079322,16.795289918814213,39.16462056883013,62.148433154386126
1739,17,114,19.48010087421486,27.189470921375715,26.12515741153273,50.01841836006674
1740,17,115,50.610219719678355,67.92699646533266,12.60923499223571,26.371637842789443
1741,17,116,52.1945615585991,61.654517573603066,15.597252842457786,16.31508054508791
1742,17,117,47.334317114134166,49.30100765934426,19.725662737630607,19.158199043502847
1743,17,118,22.200351851483802,18.757634028044208,25.545604701680162,29.91721689299079
1744,17,119,16.471811335935737,25.00129989347888,32.251352910061954,37.41283446626234
1745,17,120,16.355593744719428,23.62232690714613,32.78893458391429,40.35177223226031
1746,17,121,40.74507997578096,78.53884726141419,56.61370479167401,47.64694391438943
1747,17,122,19.665564507215528,20.980333923153772,28.560649951873497,44.01656740685872
1748,17,123,34.4948426970278,39.231605727111244,10.506314528596068,26.640584990985285
1749,17,124,48.04070450017236,55.46695766987544,18.34892714900728,9.222008623030627
1750,17,125,39.45971130395687,38.099675739547,14.94235053554358,9.470994294561326
1751,17,126,28.098047183501542,21.422631094629214,13.53589744114086,15.317218752722932
1752,17,127,8.887408903690158,18.56456305366432,17.79858622696818,16.99502517098228
1753,17,128,8.646493497756131,25.40048184498958,23.023706369606764,22.658313799811317
1754,17,129,8.707347385752204,20.676391316688978,23.228104410151847,28.501491120089888
1755,18,42,18.39296516488487,21.62453268826921,9.093567816062896,30.134983313961683
1756,18,43,18.77695929321525,12.810892234818612,24.625984612444952,48.36774804738585
1757,18,44,22.513548987458044,14.892357783744341,28.901123115013604,55.47919201013434
1758,18,45,21.072712761720986,15.615445868645326,27.664030001462738,53.95224900902267
1759,18,46,26.946858168136696,20.09112961208119,31.901338706881557,57.02112561884865
1760,18,47,19.472047456587084,20.135478013749246,23.3254363972413,50.06018095005686
1761,18,48,29.38245656714395,33.15221745015972,19.00860836186937,30.912064896029598
1762,18,49,73.12635332733922,65.02023065625826,41.82033373486723,7.499827843982642
1763,18,50,54.66885968196332,60.54383803133395,38.79886084001414,15.260953082721782
1764,18,51,39.112423669042634,50.82394131575751,33.780488347483946,19.00720720801994
1765,18,52,55.24531267068136,66.55045197705334,48.752401343695006,26.3534778540203
1766,18,53,43.68402057470461,58.58335040551715,43.17353416971357,26.388539430848493
1767,18,54,39.004781283637904,55.08006203475586,41.29868630709313,24.37307033327837
1768,18,55,53.80342561588992,69.94209773060652,55.41491830207486,31.56705590137453
1769,18,56,45.02767241598964,35.18110054969114,49.45757030450418,35.562525736960026
1770,18,57,53.41154931401582,32.70893991445229,58.27505650123639,45.17388120584103
1771,18,58,61.263223676697734,33.25845698578994,66.09467724073363,54.68594466989067
1772,18,59,78.11456992945266,52.696353984929324,82.70959890590927,68.4074859468326
1773,18,60,88.50163682933699,57.254435274572266,92.51906083137683,83.11522640820276
1774,18,61,92.86450590190424,58.01896522257526,95.94266795162888,85.75695841165656
1775,18,62,84.7615371260354,33.49513424593928,85.50160051057193,91.1879348165871
1776,18,63,65.07016801646623,25.962285220592136,61.560456021093486,75.95042663771962
1777,18,64,61.84490198635859,23.76435791645775,56.37758371674862,69.57049533721873
1778,18,65,38.704853186544455,68.15370944551714,28.842158430736163,56.4750994033245
1779,18,66,33.91083762780659,67.0398891371346,22.784870284712447,51.514497972484584
1780,18,67,44.41744767273716,19.152307344830344,33.129914147629414,58.68841565143563
1781,18,68,37.882315185103685,24.241277491016792,25.763160674396428,45.01176033528131
1782,18,69,37.09998170248978,17.15451959154931,24.761213739922297,29.858270324434347
1783,18,70,37.074706196480236,18.691079398074336,24.330061462256058,34.80696132549511
1784,18,71,49.016890867701996,15.625719234621894,36.32135697208348,41.0424832152838
1785,18,72,46.76655029803976,23.316459036538117,34.14327151252688,38.24551696408976
1786,18,73,60.11061464087657,22.938653050072954,46.34641416692665,45.83381922623636
1787,18,74,76.39791112060348,56.07643730542805,62.61594965069964,55.93404625654505
1788,18,75,77.04923668462699,52.92547308775922,63.28517305942267,61.55486255256436
1789,18,76,51.47325920938799,16.613093788494947,37.47400059607272,49.10264945683266
1790,18,77,19.017595945265626,54.731221482696995,9.97550974192202,26.226453986397335
1791,18,78,10.813294790446065,54.74590321959595,12.78094807439614,14.889649385263931
1792,18,79,19.19582438435673,75.07405975083041,30.17747733683271,22.547437137743973
1793,18,80,20.26724629344428,60.552782363549525,31.998932619184416,31.674013796897064
1794,18,81,30.653063074533623,61.70110262949398,42.581428031598335,44.76753652324773
1795,18,82,36.41847467267295,55.77694603741419,48.82207404601286,55.25152274998073
1796,18,83,34.86186184533248,38.05841689005547,47.75481484254777,55.2409868859936
1797,18,84,35.3264680216704,29.520359226067505,48.27379042991992,55.58164658468848
1798,18,85,42.70747574948735,21.25240234419309,54.88755908037907,65.94866627790348
1799,18,86,50.40459056300969,40.25197348216541,62.55738098400195,72.98994989710873
1800,18,87,34.376583309800075,21.222465055532222,44.843672445138544,56.94689246611528
1801,18,88,31.4934297141447,22.648510315948844,40.907763309198465,47.534089102718
1802,18,89,36.98390756494509,20.967847033140362,46.48069812217547,53.518209057416584
1803,18,90,37.35056992445384,22.39198560418964,46.15476050560383,53.69510664092132
1804,18,91,26.15608652327994,106.42900380934772,23.302503275408448,32.284833930149034
1805,18,92,29.146492514231866,5.922339532317028,37.49416762980383,26.60171838312482
1806,18,93,34.39515503717412,13.765786361333635,41.123002722073686,48.069428013477385
1807,18,94,50.02218534158448,32.336656358059564,56.65608662632555,58.332372974657375
1808,18,95,71.41076587848269,46.795995204419384,76.10465984561223,85.45028866901646
1809,18,96,96.89421685392101,72.1036607941721,101.42725779800337,99.35396959605647
1810,18,97,121.23089892433802,97.16191283008908,125.20669105515901,128.51715201721885
1811,18,98,144.85181646073835,111.78965535319344,147.3745264065487,147.217707700257
1812,18,99,153.79487730750859,100.4350345261433,154.6300384759437,152.3553243226618
1813,18,100,165.20396526426552,102.89892440542819,165.7401373778886,143.42294382571652
1814,18,101,110.07176061452321,31.033854124300383,116.15521784196834,153.35655083457428
1815,18,102,105.66848409048991,33.45205012337071,114.95443349736632,172.05730138267512
1816,18,103,75.00791330556288,54.07367671894594,91.56242381790972,175.38584930439217
1817,18,104,33.43420388781477,144.22012715550053,30.627747746834043,113.65451212364145
1818,18,105,64.71519730975353,164.79079465757937,13.346493030900096,56.92033892806344
1819,18,106,69.94673928518293,135.35876130137854,18.068517573169306,30.253090337784784
1820,18,107,50.74135631262842,87.45432150069757,17.720236776823832,38.316108357647586
1821,18,108,45.54041225662613,64.89208382813301,23.715580447364726,35.671510699931034
1822,18,109,18.33659625575678,64.5660681090944,41.27893438656665,51.94430456442919
1823,18,110,48.78940879823009,132.78070614686274,68.86414787268623,73.9221375508987
1824,18,111,32.89639748664053,57.76907334650678,58.27901826020107,70.50895114197533
1825,18,112,31.114944488205385,35.799335219710656,55.63740733023908,67.51896777829886
1826,18,113,17.226869574780743,16.781420254096194,39.257501915430176,65.3001789472125
1827,18,114,19.216232191442284,27.010847181750755,26.202799398480895,49.27684556352293
1828,18,115,50.25478643845801,67.0453846602243,12.552606347965607,27.204226038186647
1829,18,116,51.8478186711391,61.415039892225415,15.541144153539559,15.443880767084824
1830,18,117,47.01549283221657,49.44840861817092,19.70463699558207,19.012509012621177
1831,18,118,22.010876641268545,18.727979734657666,25.587749029863414,30.026526282761246
1832,18,119,16.49346968080737,24.46313912233855,32.29892683029349,36.71779252943716
1833,18,120,16.39897483688438,23.29171006826684,32.83215555818596,39.83148607771587
1834,18,121,41.00429973301416,77.12391524476162,56.65471329218549,47.17611897945293
1835,18,122,19.60923166986627,20.94628690441174,28.590398276553582,44.32384913479147
1836,18,123,34.17922264583415,38.98871726988055,10.493192323944173,28.70413449510445
1837,18,124,47.72793998797656,55.17172258532959,18.32256654933297,11.43736465948077
1838,18,125,39.16005153052632,38.09173745283004,14.925421004589136,9.290387923828192
1839,18,126,27.830951802051136,21.539120733702447,13.536839617239874,15.973232265377117
1840,18,127,8.754373594647541,18.18233901786069,17.815445724999304,17.84441118144995
1841,18,128,8.746211252063212,25.066254182222778,23.038594245261734,22.557192548079307
1842,18,129,8.80865127799829,20.502604975787612,23.24042324563756,29.586375857785765
1843,19,43,22.627251250478228,46.50600336069969,23.913759123250166,48.73760880531826
1844,19,44,26.730648304772647,46.8143479475194,28.315458737873733,56.17403762486537
1845,19,45,24.863433693787872,14.34447474321637,27.241785377880678,54.38493710465683
1846,19,46,30.478921774899217,31.97663352653868,31.588842547075757,56.35511269899148
1847,19,47,20.786806206100984,21.124045155350526,23.165719381860896,50.568524274279476
1848,19,48,24.562314500871363,35.448238036212146,19.12395424536259,33.2941073473161
1849,19,49,65.85749173942317,68.00827356698845,42.065025331961266,8.456998417953358
1850,19,50,48.99649220566211,64.40187155238891,39.01213612482184,16.090511736173678
1851,19,51,34.864391597729984,53.31981028981936,33.93756242251643,18.972177010972416
1852,19,52,50.814557417574626,68.97676973940379,48.87192820390486,26.15152226829395
1853,19,53,40.286446422693224,60.80657350956773,43.23969233759831,26.708410400352353
1854,19,54,36.30143358822877,57.136039399216905,41.30878283968962,24.940694930443946
1855,19,55,50.84281114916116,71.93561888884132,55.38237310811396,32.55982173139136
1856,19,56,43.06890750286772,31.089738192098164,49.374330075601975,34.9753300877047
1857,19,57,51.94604251684449,30.004967659236222,58.1450674198065,43.50872075501305
1858,19,58,60.186220824691006,31.853703101678516,65.91920132462701,53.631231109869816
1859,19,59,77.17246183399493,51.02064457514234,82.49335349963128,69.90450176840625
1860,19,60,87.972557050898,56.761872178633276,92.26478850835976,83.1680176045141
1861,19,61,92.73315880937307,57.68844601638498,95.65573743775498,87.73086277650914
1862,19,62,85.5425434228494,34.26809669985124,85.18089099898103,88.477165404869
1863,19,63,67.08648678036137,25.11427917530363,61.200725689132646,76.91491787936155
1864,19,64,64.19058009501245,24.802068240956274,55.98556104858629,76.51325891265299
1865,19,65,42.04284380195138,68.26232056436912,28.40315016969999,38.36220924228777
1866,19,66,37.38473164061812,67.97679818847192,22.33670574963826,29.785206678854728
1867,19,67,47.5980566445096,21.03954930652847,32.62993819101388,32.520024745124864
1868,19,68,41.10819979469256,24.305776698414608,25.262152172611316,24.687409921704372
1869,19,69,40.20238443209045,17.31138947752111,24.257973319100067,21.09814044961083
1870,19,70,40.154692993480616,18.46039903852616,23.830239961328328,25.17717186607744
1871,19,71,51.91332061487367,15.624810562407507,35.81700261394144,35.82758888291497
1872,19,72,49.679904297176115,22.86290739453033,33.67817484939262,35.7678302432383
1873,19,73,62.975024718913524,22.615519556950886,45.809772023558814,45.63025486864677
1874,19,74,79.01897610531773,55.43020721093476,62.05809052799463,54.60575822801735
1875,19,75,79.61256027859848,53.53988128369706,62.74589227146921,60.73340339948172
1876,19,76,54.25425239220796,16.53532498894214,36.96561573001626,45.19759299598747
1877,19,77,21.611642799140185,53.08298725357432,9.841503085527055,23.92114869933841
1878,19,78,12.25471740506986,54.25540655120783,13.162729272234362,14.764168397054624
1879,19,79,16.85074434206733,74.6771930557418,30.736904825575408,21.93756807991496
1880,19,80,18.070168864305973,60.845573189631374,32.55775781672022,31.29099480309742
1881,19,81,28.574610475409962,62.33289793249374,43.13742004025654,45.525392202368174
1882,19,82,34.47254338933906,56.95228311174495,49.37306373222033,54.73475370962551
1883,19,83,33.07672714759111,40.04599558880439,48.29578241232586,55.97259215492455
1884,19,84,33.68016660264458,31.400125590216984,48.80251603591321,55.266208768209985
1885,19,85,41.36258523057575,22.69797051474698,55.38569180424129,65.95584412396684
1886,19,86,49.06712615499982,41.026008345546266,63.043179699251056,73.78799810852526
1887,19,87,33.40469830182381,20.443288671122172,45.295010574485104,59.00957721336949
1888,19,88,30.680193123225067,22.14028916523787,41.33127991664522,55.46793212669784
1889,19,89,36.157654572059386,21.043686427889792,46.89870742300442,64.32066618743436
1890,19,90,36.62122388545013,22.425953650448545,46.55310332633743,54.16584073971677
1891,19,91,26.240274048555634,104.48421527611517,23.128592864684062,32.10206455630144
1892,19,92,28.482236443624203,6.859230449983631,37.90620204138176,46.269444507623035
1893,19,93,33.93510466702157,13.664955892819084,41.51003658801845,63.317328900650914
1894,19,94,49.56538055673086,32.25841088259002,57.035290008845664,69.25728801437567
1895,19,95,71.20101558738553,47.00714307898596,76.45303910530983,89.5356979777125
1896,19,96,96.70828191473903,72.09449991403758,101.7756920468534,98.24576935582832
1897,19,97,121.12353951334156,97.15552345613018,125.5479627532504,124.50863262830455
1898,19,98,144.98949260012492,112.00664604465796,147.70324580915,136.06801581210945
1899,19,99,154.36541993786346,100.83822170558375,154.94465128942338,116.70961475563887
1900,19,100,166.02646120293122,102.94064342821895,166.03918970963826,141.07824056300564
1901,19,101,111.80568930601771,30.408112253991128,116.43500349995522,156.1782015296734
1902,19,102,107.41429673421356,33.62992217783131,115.21323000795577,170.30843027204867
1903,19,103,76.70479821346551,54.26539171723589,91.79244093055283,180.41429253336042
1904,19,104,31.90663375723027,144.33046280423304,30.787022883559082,102.67647048388677
1905,19,105,62.861253441963555,165.20627931628152,13.258290984638858,57.560945899640494
1906,19,106,68.24075487547745,136.00192333538402,17.930694162956307,29.453458842460233
1907,19,107,49.24025318566537,87.98739078505132,17.7032213387317,23.372505489729285
1908,19,108,44.26705755050386,65.00987858691929,23.743755166851575,29.169282746341956
1909,19,109,19.031062747155776,67.18827674489448,41.420217294030465,49.18448400842835
1910,19,110,49.980317228648545,134.8685076334977,69.0072184784291,68.84528929933852
1911,19,111,34.09910234187716,59.52657538990564,58.41098975050666,69.93515766283903
1912,19,112,32.14867593351722,36.02494725737832,55.7557473559277,69.16571256668355
1913,19,113,17.54849360252276,16.782273508813468,39.36021607705845,65.13551545588135
1914,19,114,18.46316081981211,26.95459998122568,26.289067752315592,51.191377500838996
1915,19,115,49.103510766757545,66.89418862579797,12.489833602233686,27.029462118505915
1916,19,116,50.75850913646439,61.54758792120933,15.47843507235792,15.532640576204976
1917,19,117,46.05113234100923,49.54599294753495,19.681169662187262,18.558600160992317
1918,19,118,21.512439203065558,18.765471216801515,25.635708590843336,30.391163644174014
1919,19,119,16.586057942028997,24.462079903115725,32.353376845522625,35.27394428974529
1920,19,120,16.546503498989292,23.36101963218298,32.88202588120418,39.970200835392376
1921,19,121,41.63563720349477,76.67573613215838,56.70237412411095,48.631029747786116
1922,19,122,19.490973246751903,21.1630159861087,28.625360216570527,43.07875483137971
1923,19,123,33.332397173005376,38.85639857014101,10.477703075967016,27.779824594520193
1924,19,124,46.86963732833883,55.04205487539792,18.290630196860146,11.817138144319705
1925,19,125,38.36839775894968,38.08825996724378,14.90449612144634,9.84409107624303
1926,19,126,27.149631595870765,21.620237177668947,13.538087529134044,16.481247327807484
1927,19,127,8.465333293414883,17.907953753750785,17.837450073494825,18.132398984302004
1928,19,128,9.019247447427722,24.817567512608544,23.05866698528126,22.802053820002374
1929,19,129,9.084558986532999,20.37743806152148,23.257753358623475,28.998878829029763
1930,20,44,31.22016363423505,45.97812693322472,28.19886391144571,56.078451798655934
1931,20,45,29.104173393173447,30.225650231569066,27.2253523888754,54.696131419939434
1932,20,46,34.37308144779629,33.07625728771742,31.64860251508816,56.95042220629373
1933,20,47,23.287898257753632,20.12292153631708,23.23024476402939,49.84864891504573
1934,20,48,20.51375990056877,37.24331093931157,19.062655004238756,34.62862233002175
1935,20,49,59.17571441511141,70.17276798098355,41.967363924157574,7.201642934909143
1936,20,50,43.614446764647,65.91160307722669,38.907644259729715,16.362498227703565
1937,20,51,30.75683338384163,54.96618665629336,33.801232466348594,17.494046427126676
1938,20,52,46.54812532814545,70.57078006782449,48.709031902592,24.804381115139897
1939,20,53,36.95867032168356,62.21504878176935,43.03895135049042,25.92627299582636
1940,20,54,33.624902446058115,36.57623275070536,41.0659446088705,25.033522174970617
1941,20,55,47.92939014554059,57.423767748741405,55.10824932917402,32.53723445136477
1942,20,56,41.09902303768605,28.09052276303158,49.060924422396276,35.312532260061914
1943,20,57,50.45438374462426,28.168106572814928,57.79846512330786,44.5190766720821
1944,20,58,59.067223966991556,30.900720814429356,65.53568944356257,52.17179373447928
1945,20,59,76.18407899754949,50.195255887412074,82.07624076923577,69.47756811273118
1946,20,60,87.38398295246091,56.3291115430421,91.81720544474753,83.86488814847283
1947,20,61,92.53263560334166,57.39313938942441,95.1845759472708,87.20325839574706
1948,20,62,86.23248315723785,34.04449450254769,84.68470751781088,91.58233683521546
1949,20,63,68.9702886214951,25.551075388419456,60.672785617860264,73.51906607128369
1950,20,64,66.3768307282695,24.959896464423736,55.43306080612913,71.92588697596128
1951,20,65,45.0964867790201,68.41931634906909,27.8057646561253,44.78731249421649
1952,20,66,40.48778501902596,67.83945998049171,21.745500825305054,27.948670984860822
1953,20,67,50.409992248117824,21.02617611440565,31.98174900108927,34.747032535281285
1954,20,68,43.90404153979666,24.104648137518712,24.624903642637598,29.034906085522532
1955,20,69,42.84705981834811,16.97748452697461,23.627754388175106,27.298649320091513
1956,20,70,42.7092690657515,18.1858902898936,23.213032271737365,29.612393515812784
1957,20,71,54.262559013465186,15.682949519878807,35.199822759755016,39.586193442527886
1958,20,72,51.93205089931628,22.790930291489115,33.11684372162125,37.55916366530302
1959,20,73,65.14395934491127,22.741238697460012,45.1636905822422,45.94792013735689
1960,20,74,81.01086199051653,55.84659350570765,61.39018093229243,54.011331711980304
1961,20,75,81.51184680216615,53.874237150752656,62.104625328776855,60.52836102190083
1962,20,76,56.139061977450574,16.563768888281604,36.36660649646906,44.74292280413631
1963,20,77,23.122197558362735,53.54363369621737,9.724196802084137,24.277440457332155
1964,20,78,13.169018263016126,54.45634914520959,13.62517505974896,14.987308464343332
1965,20,79,15.838179422326737,74.83982562266166,31.387173180337154,20.62941476105653
1966,20,80,17.09416150897036,60.694501362181775,33.2041411180656,30.8645184629144
1967,20,81,27.664577488641942,62.04481029318553,43.77769021850888,44.771060835228276
1968,20,82,33.60010101801598,56.54875366320675,50.005158085535435,54.48278741398546
1969,20,83,32.22852760413907,39.60495623053935,48.914427405173825,54.64864852106192
1970,20,84,32.8758049098023,31.062323334552065,49.40550504182154,56.34625808728218
1971,20,85,40.66298809472876,22.49343655119255,55.952842122556255,65.95221754229699
1972,20,86,48.38423907748677,40.88912357014169,63.59499361296538,72.86915576097314
1973,20,87,32.87126957822822,20.547882758898012,45.80745939354524,62.15952032888028
1974,20,88,30.229431263543184,22.213752929670655,41.811858605432256,58.24282545410014
1975,20,89,35.69934645706432,21.029409547045137,47.371980283315295,54.63327180445267
1976,20,90,36.21520467433879,22.418774889356463,47.003657724045766,52.134435310448694
1977,20,91,26.28192248531075,104.78128182984962,22.94049978919548,28.793598336800663
1978,20,92,28.085363642840846,6.702596995979018,38.37054612502417,45.32134897310353
1979,20,93,33.66304713424172,13.689657571888802,41.94608920336978,63.17513899605817
1980,20,94,49.29543790750041,32.29532997955839,57.46202489216101,66.66790306423634
1981,20,95,71.0848809017841,46.988919890169164,76.84504619947361,89.17252638709736
1982,20,96,96.60772956044981,72.10324764279711,102.16739396540525,98.23025063893303
1983,20,97,121.0730492865987,97.1656927111914,125.93140468980586,126.18528937230809
1984,20,98,145.09520218420525,111.97122815250763,148.07251086862283,146.91392185542173
1985,20,99,154.7444883877111,100.71725485852114,155.29814421020856,117.46518525246572
1986,20,100,166.5562802616537,102.83736648560745,166.37535867534257,142.74657717716747
1987,20,101,112.79938586872795,30.03809037273151,116.74998556325463,153.6179458492975
1988,20,102,108.3584395483604,33.214347457856306,115.50510998939033,170.1043355296662
1989,20,103,77.50695585064639,54.01456603355874,92.0525241225009,173.49391527803874
1990,20,104,31.515303747284303,144.08583733751703,30.968723170254453,100.62861104874307
1991,20,105,62.57382398087689,164.83846446078041,13.16135626830085,39.291502726368435
1992,20,106,67.93722239386238,135.820345279672,17.77443626104266,28.38630827877825
1993,20,107,48.842454982339326,87.83728139321319,17.685930644570824,25.686484137447454
1994,20,108,43.90388919858661,64.64723462712537,23.777684846843677,29.539873765702467
1995,20,109,19.315494401782644,67.83901716133194,41.58419782679286,52.71102433127942
1996,20,110,50.504802273959726,135.2928065302916,69.17388815486791,69.79226825008692
1997,20,111,34.586458166343405,59.3543365536682,58.56553881304796,70.61438318825749
1998,20,112,32.56409047155129,36.12005411032962,55.89515429493827,69.68338890114217
1999,20,113,17.68640945961478,16.787450731960256,39.48209112592423,64.98712385105507
2000,20,114,18.21067249660017,27.014418753961696,26.39233622156664,51.81363990017205
2001,20,115,48.748908082759165,67.25157436586274,12.414611917183246,28.08705173786036
2002,20,116,50.411063808404506,61.690178866541935,15.402244818397065,18.736486772893887
2003,20,117,45.73085442132851,49.49014819224993,19.652584279460477,21.08845847028144
2004,20,118,21.332256565929743,18.786058615483544,25.695752464869525,31.02764493570473
2005,20,119,16.636261233657414,24.784883915054426,32.42231002435607,36.710005097651994
2006,20,120,16.617882494242885,23.580194931120513,32.946062764036604,40.2527222923863
2007,20,121,41.91549545794018,77.07818323526735,56.764346340536214,48.791246188841015
2008,20,122,19.45334795631431,21.243644021850894,28.671648995310207,43.520119172995685
2009,20,123,33.00897120370069,38.995665646654814,10.456994013002138,25.80436834571321
2010,20,124,46.551462673694424,55.30328026456603,18.246289917872332,11.146603866071883
2011,20,125,38.06156949485859,38.134637258265705,14.874589998111047,9.517511026165666
2012,20,126,26.87673974317199,21.55579227739752,13.540043772797478,15.870437953918811
2013,20,127,8.357205900299466,18.098809264213408,17.87124434018802,17.153989648208476
2014,20,128,9.152488315181396,24.978739164121926,23.09071327995664,23.520301070959484
2015,20,129,9.218052800462013,20.466163993417375,23.286745087118227,30.453568163018
2016,21,45,30.828472596007007,29.56864497087243,27.604563932000993,54.43038123632167
2017,21,46,35.979919046069554,29.935087984177137,32.06757023296864,56.3151325798978
2018,21,47,24.415156107974266,21.637975314030303,23.51163816532348,49.562281423278236
2019,21,48,19.494063091331494,36.73581306006327,18.841982144238905,30.899478985866782
2020,21,49,58.29092764258869,122.45311572181288,41.55543242454277,7.408299261657267
2021,21,50,42.17285772109246,65.52284652994025,38.51556948419887,14.441084905622526
2022,21,51,29.315942444157937,54.470616572542184,33.40193404258005,18.143472450924104
2023,21,52,45.12294837059763,70.08818966103676,48.295182468076206,24.679762155019798
2024,21,53,35.67834227737798,61.617138793824246,42.602647100391366,25.098987150068517
2025,21,54,32.526872304195216,37.02194392153839,40.60105365928927,24.792892020669605
2026,21,55,46.76083107806295,58.25838027367109,54.623235389636534,32.715723224293775
2027,21,56,40.23856438112851,28.135046219943607,48.547436405275235,36.50462609662829
2028,21,57,49.78662851621285,28.15520903304219,57.264328459736234,44.481107124840634
2029,21,58,58.55711803254732,30.867796262341372,64.97262756894342,52.90311450921858
2030,21,59,75.73047724197548,50.17532744728528,81.48629816897697,68.34992741333676
2031,21,60,87.11098319800043,56.30749012770799,91.20380978752051,83.20705043506695
2032,21,61,92.43982447094906,57.37191729497956,94.55590974691235,89.8094334832853
2033,21,62,86.55594188946385,34.020041657361155,84.03891294886445,90.66259304655883
2034,21,63,69.80299321364673,25.58512323026665,60.001692781394404,83.70737720080552
2035,21,64,67.2741333757913,25.005722993143248,54.74431047634588,78.82031290072021
2036,21,65,46.066677622551616,68.69874915528642,27.073961846318493,49.34271870153879
2037,21,66,41.17910629638347,68.01893358475054,21.03480398834711,37.550363652992935
2038,21,67,51.03420462983425,21.021675060394703,31.208042829035946,38.97125603209529
2039,21,68,44.313862191704864,24.108136041727857,23.87364857409264,28.569000663824298
2040,21,69,43.09724857993654,16.986212374600807,22.892351417219583,23.908152882867125
2041,21,70,42.70828147116043,18.195219765921287,22.499785822323513,24.470099662977635
2042,21,71,54.10927608405283,15.680890205227715,34.489850160711015,35.044844869850806
2043,21,72,51.34274059770825,22.796287997379306,32.47830964324689,37.35377517481319
2044,21,73,64.51629841014888,22.742292517209293,44.427372835583554,45.29986693617518
2045,21,74,80.52860075206057,55.84486302803844,60.63134971060893,52.14712073124726
2046,21,75,80.87250881591939,53.86458800813166,61.379735816091184,59.77481600289709
2047,21,76,54.78689783369964,16.565132616209326,35.69469346405739,43.42274769723741
2048,21,77,20.855217777798437,53.57080998246661,9.646027197304603,22.392339148139747
2049,21,78,11.524760241576642,54.4652315131862,14.160848310774846,15.743215247757691
2050,21,79,18.754623318242395,74.84767744272924,32.11143051444657,19.849488223833216
2051,21,80,19.680902931860093,60.68871771654721,33.921504916302005,30.268494995764723
2052,21,81,30.12864034752563,62.03376632601141,44.48592571602922,44.2382387460709
2053,21,82,35.796040479694405,56.5279825226487,50.70231784803695,54.61505984053237
2054,21,83,34.04170321986337,39.5731345350543,49.595079151899306,54.8717240154974
2055,21,84,34.44669088416611,31.034469551478832,50.067466939607066,55.00780826406623
2056,21,85,41.760261910814535,22.469904372304796,56.57465501785695,65.04792493832426
2057,21,86,49.52107913879813,40.876101369309495,64.19874370538524,69.8601964205494
2058,21,87,33.534378637440824,20.560240338510507,46.3679777964735,60.511156230890066
2059,21,88,30.755370379287445,22.222219727815578,42.33721329666607,65.40144670763438
2060,21,89,36.238665112475644,21.027982383949453,47.88814062353145,54.58854650858726
2061,21,90,36.67840754269902,22.418105181406418,47.4945049647235,51.522322056309335
2062,21,91,26.248914361956274,104.81202462057972,22.7462048822265,35.10796536307877
2063,21,92,28.404021035781906,6.756382528611119,38.87407781344905,49.466502609856775
2064,21,93,33.86999027946079,13.693062205877728,42.41872296256666,66.09726306218249
2065,21,94,49.501508711885414,32.309539244096676,57.92385947788968,69.46371315689295
2066,21,95,71.16952798048455,47.00093840714623,77.26910380537339,90.5050014869154
2067,21,96,96.68109560017628,72.10781867291752,102.59051900466942,115.60703549017606
2068,21,97,121.11033427776442,97.17143419294206,126.34519557386298,136.80626794944337
2069,21,98,145.02230614270286,111.97639237301844,148.47070943172002,145.712685172484
2070,21,99,154.4709860403957,100.71506632007349,155.67912585772638,115.03160489997954
2071,21,100,166.14189757841203,102.81513688127978,166.7375051176394,140.7302248133993
2072,21,101,111.61983408927847,30.506915968850596,117.08933198015445,154.38952209293558
2073,21,102,107.00624445976133,33.44826764863639,115.81960625153012,172.0403566346198
2074,21,103,75.83391888230216,54.145902500166784,92.33294752166836,176.64996616293803
2075,21,104,33.98782004125598,144.36540039682953,31.165962429672852,100.79406733231185
2076,21,105,66.16210453932355,165.0976282780133,13.060965304129224,45.401675713273875
2077,21,106,71.08171051666793,135.87776254613365,17.60721380790889,26.97955114679726
2078,21,107,51.1758151115236,87.83861506347341,17.66994586321389,22.000403935605586
2079,21,108,45.78274397140863,64.66733875640969,23.816137063124412,29.86981121011542
2080,21,109,18.477898548731023,68.62965766651917,41.762211803354106,46.28906003436552
2081,21,110,49.32122216441547,135.80787786652502,69.35488185068654,65.65567588270282
2082,21,111,33.26790843893407,59.771494788585855,58.733613322314554,63.64224538289731
2083,21,112,31.413613436069802,36.13723570684753,56.047022322954696,67.15749889129572
2084,21,113,17.27730390992636,16.786952796499857,39.61517896168564,64.35656868504053
2085,21,114,19.136200627045483,27.013978820247523,26.50548406221519,51.146093837645125
2086,21,115,50.32107860421949,67.21912010198294,12.332780082186016,27.67948205342806
2087,21,116,51.85596602045886,61.68799676007245,15.318792951255542,17.61700597066345
2088,21,117,46.96378181937073,49.49425754335422,19.621510081560913,20.453042695689398
2089,21,118,21.888590231626683,18.785288720416293,25.762452282214085,29.94742912116966
2090,21,119,16.51630503640236,24.759690193693498,32.499015725347824,35.409863627415035
2091,21,120,16.440341875427436,23.57631828082348,33.0175983850474,39.52828036119626
2092,21,121,41.31644985667595,77.07654771895612,56.83378522075455,48.24343227669311
2093,21,122,19.560012419950752,21.243470997670684,28.723827966247537,42.43561528394951
2094,21,123,33.9472073632586,38.99855713494208,10.4338691848266,25.808293883710775
2095,21,124,47.53018556636163,55.2968191177654,18.195759636759412,11.486392305199747
2096,21,125,38.920744636194755,38.13351062393591,14.84031433560535,9.316730851336052
2097,21,126,27.582723959989835,21.556774051262916,13.542470602464512,15.441616214871287
2098,21,127,8.611370274280159,18.097170284601408,17.91076410893952,16.647601244160526
2099,21,128,8.877145177086478,24.984142028300326,23.128511132201997,22.40321314035995
2100,21,129,8.940255872652738,20.46876216250844,23.321286110938654,28.893265781838025
2101,22,46,35.00490299369128,29.468510616970622,32.575061578377664,56.08868738599569
2102,22,47,23.43567760917378,21.250910092317323,23.854024094219834,49.265434143763585
2103,22,48,21.01598577680031,34.99360579040714,18.59768276552034,31.918984959651965
2104,22,49,63.34292123524952,123.81633862682195,41.08214332688107,7.992767571840673
2105,22,50,44.62638790259749,63.63000079774291,38.07013084957638,14.067468047140192
2106,22,51,30.45480976188692,52.46239117888296,32.953182610864694,19.3887154678263
2107,22,52,46.45115869141944,68.14666333860684,47.83401420151607,26.683328472858076
2108,22,53,36.37048376866886,59.61292512521475,42.120125658761786,25.824650071047216
2109,22,54,32.94592312239097,55.69235347071417,40.09024424733502,24.225299502146445
2110,22,55,47.272857620539874,70.53954142002785,54.09345306517179,31.85187472963621
2111,22,56,40.444861999557716,29.19142124388168,47.98932777868352,35.745091774835615
2112,22,57,49.909183461650166,28.09103898615719,56.686520412913964,46.268451696596514
2113,22,58,58.63205846107438,30.195316269296946,64.36592698933954,54.136762485765935
2114,22,59,75.79177402213537,50.058569423064505,80.85295587072426,70.22974148560738
2115,22,60,87.13989446233668,55.92499921492728,90.54755414394454,83.16963607902872
2116,22,61,92.44420709231413,56.9475717599722,93.8855629031709,87.3788976687964
2117,22,62,86.50062594024455,32.925009527096336,83.35234589426278,91.92923746710403
2118,22,63,69.5512395379495,28.709934710215745,59.29009698856503,87.0196936366376
2119,22,64,66.83512159193533,26.330269087276992,54.01595956255929,78.58347568629117
2120,22,65,44.86227579422074,72.79799081457865,26.301531109410355,46.36465286457317
2121,22,66,39.35621958580562,69.71073419040053,20.289995772157386,32.72007788490434
2122,22,67,49.41843891533629,20.675602425884964,30.394560143736356,37.09535417800758
2123,22,68,42.298498676201454,23.851842845056996,23.087850338542108,30.684141319491633
2124,22,69,40.9428484575008,16.40795095869157,22.12641823570539,29.24905702712859
2125,22,70,40.17213638041244,17.81172714199654,21.76036936590481,27.530556684746394
2126,22,71,51.510365575862366,15.834439235936104,33.75330547642606,38.59423233069344
2127,22,72,48.028723979041644,22.778762409881512,31.820897730922976,37.1820850114227
2128,22,73,61.24903566210543,23.092206610576813,43.6642171400242,43.35106223777224
2129,22,74,77.74562597385358,56.96092983736524,59.845019777233,52.52203453781669
2130,22,75,77.90876072504567,54.49557483079074,60.630595770581245,59.63945637964085
2131,22,76,50.54715980001043,16.581439355333895,35.004082999488126,44.61257285946321
2132,22,77,15.624374053879142,54.034199774700916,9.625932954631672,23.63531953303103
2133,22,78,9.71899305220618,54.564509779931655,14.731313963827391,14.784758307379539
2134,22,79,25.084872424226955,74.92797935350023,32.85685913444558,21.73627645473235
2135,22,80,25.217796954933206,60.648372878206736,34.65861009592362,30.692501120070805
2136,22,81,35.2675526153155,61.92456613206997,45.21242170588353,45.19482744228729
2137,22,82,40.36802149068587,56.24421107512365,51.416289584113414,53.69326844989823
2138,22,83,37.89394916766586,38.88942705053466,50.291093236644805,54.043139615849874
2139,22,84,37.821854145909384,30.275975834400267,50.74335397843424,56.908359863590825
2140,22,85,44.24942468220903,21.751767397093737,57.20896873987053,68.06166498855985
2141,22,86,52.041639282924685,40.546680748332534,64.81357494302726,78.14193355349256
2142,22,87,35.13860216725674,20.926204189519627,46.93856944265937,60.785008190110815
2143,22,88,32.05916627971247,22.4583704659362,42.87159593766938,62.85491580692375
2144,22,89,37.56341052506441,20.9941157595029,48.4118256450824,61.4061908577511
2145,22,90,37.83203346636155,22.402401106917047,47.99180110877607,52.054101431756294
2146,22,91,26.110806744493843,105.6777139444042,22.5609857950947,37.67750939308649
2147,22,92,29.309474443185845,6.491657163195019,39.3810939479388,51.642888828571685
2148,22,93,34.49402821154032,13.750381920374348,42.894035291578994,73.06488412890808
2149,22,94,50.12276405767212,32.40016808332072,58.387319608122056,79.16769558761058
2150,22,95,71.47121190266436,46.95033096738169,77.69408326069954,90.9637055522829
2151,22,96,96.95506929982312,72.12450776340935,103.01361064110041,116.63707471963082
2152,22,97,121.28855606291746,97.19159169917039,126.75816284901482,130.52274288696498
2153,22,98,144.90427507498563,111.90179454594444,148.8673702478531,143.81696886555673
2154,22,99,153.82553379855918,100.53597943163328,156.05785798222954,117.20359997848726
2155,22,100,165.15832488002485,102.69841290411861,167.0967509548363,140.98851090480258
2156,22,101,109.07874323459134,34.278887513274846,117.4250447504454,154.47090686719758
2157,22,102,104.23713654264441,34.69503684675848,116.1298855363261,171.7713272556415
2158,22,103,72.69582535890585,54.73778116520586,92.6088289253782,170.62327111729113
2159,22,104,38.44642236739196,145.44281292961247,31.36041956486017,84.29923814551967
2160,22,105,71.96413051749438,165.7642495646031,12.967393572577999,45.57360378206662
2161,22,106,76.17076664036135,135.72738757497416,17.446538989071616,27.64223584388464
2162,22,107,55.074498829950464,87.57619916616085,17.65719475491813,20.81694757658332
2163,22,108,48.977256288297745,64.268259887138,23.854767913061014,31.422803942359565
2164,22,109,17.261019073143625,72.3078968714124,41.93273183827945,50.94221679663175
2165,22,110,47.16981817036988,137.62478120195098,69.52735043708137,68.83808125305691
2166,22,111,30.937471266505742,62.136918390209104,58.89296031964235,70.63284529918133
2167,22,112,29.420916417513148,36.65416728644241,56.19025496797488,67.10478759594668
2168,22,113,16.839280822002955,16.797814510056075,39.73999480591774,64.52454961591563
2169,22,114,20.869972524318605,27.11159577463502,26.610997831403893,50.0607148271662
2170,22,115,52.96605833445881,67.72800925319643,12.257839818869417,29.100878828010483
2171,22,116,54.298525516432875,61.810652209781686,15.242731179656833,19.956398636303234
2172,22,117,49.07228368862013,49.44587945726051,19.593764514789147,19.733611853074873
2173,22,118,22.951493253498644,18.794371285170627,25.822555787137052,29.504455381976438
2174,22,119,16.451682879426112,24.97983038416563,32.56732701654614,35.29319191851132
2175,22,120,16.264240785368298,23.699751287236776,33.08061609271364,39.57333536678021
2176,22,121,40.24039397459242,78.47581854305845,56.89434327717272,46.865437725903256
2177,22,122,19.847923833637804,21.24313538089213,28.76882087924415,43.00088754409495
2178,22,123,35.59755956683587,39.008660497908785,10.414530436369313,28.470781790796483
2179,22,124,49.23641800017243,55.27557754009253,18.15372458619368,10.081584220910418
2180,22,125,40.43763891870987,38.10107306189661,14.812420965433132,9.856030254576432
2181,22,126,28.852499978555624,21.555075233020343,13.544530975984614,15.847379626964768
2182,22,127,9.188153905701032,18.11718586664493,17.94167490054439,16.80440399555436
2183,22,128,8.481394807008222,25.003616270122418,23.157391812532495,22.60457806801029
2184,22,129,8.53648679394019,20.475027929386254,23.346986929396017,28.898978229769995
2185,23,47,25.311548074397617,21.172286501047562,24.085802535240543,48.123812321946744
2186,23,48,19.122572931129813,52.602386848343926,18.442465594441295,32.58728789265967
2187,23,49,60.60451593908095,123.22022448453595,40.788915657487934,8.142051949711524
2188,23,50,41.84928633236289,64.28951549907273,37.7915877546439,14.940403847094114
2189,23,51,28.167268549189828,52.58940304005676,32.651880792592124,19.077486533127754
2190,23,52,44.0977997841404,68.26990038748247,47.51075412252047,26.048114118862234
2191,23,53,34.48371712233127,59.576096391621114,41.760993044896885,24.674367336848643
2192,23,54,31.435663085207416,55.54241525547804,39.688973508869225,24.011728632274448
2193,23,55,45.599043059483414,70.39606302369378,53.663722396917024,31.78406749467987
2194,23,56,39.35708942445872,27.3723059576765,47.52046043487903,36.551893521484466
2195,23,57,49.130018730707846,26.47201736172635,56.18735249265421,45.86202240483875
2196,23,58,58.10037914848369,29.078785267293487,63.82994334506144,53.872098523989955
2197,23,59,75.34329074015606,49.10288332652593,80.28411846099769,68.41154999001104
2198,23,60,86.96673622048742,55.414516852767136,89.95003820317744,81.88476807431914
2199,23,61,92.53825439981043,56.5687637531837,93.26840081232636,86.9944622866756
2200,23,62,87.20667895696215,32.91898158124846,82.71338156011272,92.34356806672831
2201,23,63,70.97895388479844,28.47325594550683,58.62061056721297,98.40339627772488
2202,23,64,68.32641075368112,26.77991877715116,53.32510703804746,71.89390813698625
2203,23,65,46.410327382631216,72.13137087882973,25.56282551140549,48.02391210096251
2204,23,66,40.4617182043529,69.7294680817641,19.57736388183641,29.841495286950913
2205,23,67,50.41404484550441,21.130186182444234,29.6084645124774,38.27087453253211
2206,23,68,42.98194383360895,23.7136211519915,22.328930959387407,29.28509566457359
2207,23,69,41.4038768796917,16.21142165507941,21.387055609213817,27.724114948275957
2208,23,70,40.30267627600883,17.579937313030673,21.0476307197323,28.548558717166273
2209,23,71,51.45081115305783,15.882582013674401,33.04034858954104,38.51013303214228
2210,23,72,47.44886753793019,22.62921424827314,31.18788874075027,37.16542058284778
2211,23,73,60.650757588945325,23.098647734998195,42.922259512291596,43.202761235177896
2212,23,74,77.33191236940824,57.02800506273421,59.07933509833879,53.09590623717139
2213,23,75,77.33126972530492,54.854151528116475,59.90203095607456,59.931982227497215
2214,23,76,49.22730330018098,16.580228760755148,34.33513626886531,46.27807553234634
2215,23,77,13.725601337641391,53.943203733485205,9.665840795876397,23.871281926084354
2216,23,78,10.055635233554026,54.557916461947045,15.303491027632338,14.226858498078792
2217,23,79,27.94019818178028,74.92246929836315,33.58381419871989,21.498844686264057
2218,23,80,27.606663701182633,60.64230161805763,35.37714529826209,29.058163414482422
2219,23,81,37.43777208743517,61.92429641702106,45.920140346732744,43.49340387722349
2220,23,82,42.237805560843064,56.28365860494667,52.11122437091312,54.87400497861955
2221,23,83,39.398159935808984,39.05328379466925,50.96789211095112,54.683679878400085
2222,23,84,39.100217252479716,30.473594393197132,51.399832387629125,55.29479673637437
2223,23,85,45.14215804674797,21.939712462327098,57.82456379229584,66.82052019905574
2224,23,86,52.95118632014032,40.63178600457611,65.40929718309047,74.56911608501686
2225,23,87,35.67442006210369,20.83473816091435,47.49107360065163,59.713219491989186
2226,23,88,32.48748630664573,22.449005323116143,43.38844641578618,59.801513390832326
2227,23,89,37.9974490351705,21.002554625712314,48.91689096621417,62.644467952172114
2228,23,90,38.20777523582091,22.40608724245603,48.47054173100426,54.46147038391911
2229,23,91,26.05580028938429,105.44920841700201,22.393974716218437,32.112741715989564
2230,23,92,29.569937278457967,6.9748230652001055,39.86551517901176,50.769056264983035
2231,23,93,34.67673076028687,13.788957598452248,43.3472834375271,64.53357471187452
2232,23,94,50.30540040103905,32.55272298291886,58.828046944075965,67.23198260149167
2233,23,95,71.57195524112538,47.08259589554909,78.09733651886103,89.53429315646365
2234,23,96,97.05039431129755,72.17565410672643,103.41385253676988,112.53758354559658
2235,23,97,121.36207974248153,97.25158809298313,127.14774631945205,140.5753833190986
2236,23,98,144.91173134450466,111.95289334441031,149.2404834256277,134.1466727884315
2237,23,99,153.7200246749093,100.45888414255361,156.41289828453137,153.97650483967814
2238,23,100,164.97558978109785,102.42730709884599,167.43229261776884,138.76437268335206
2239,23,101,108.47492941859582,33.645249353004466,117.73700185465891,153.6189853235162
2240,23,102,103.53361583645444,34.944418119995056,116.41664877395498,171.10751795507568
2241,23,103,71.81153784765709,54.977023052445574,92.86227588338592,164.03564470678543
2242,23,104,40.03751722758863,145.04740307355138,31.538613746157466,95.03563233141907
2243,23,105,74.03489187055352,165.79018807805886,12.886705750999056,47.313183509189194
2244,23,106,77.95143728140177,136.00798057201723,17.30441285891022,14.81089192764869
2245,23,107,56.37081319370709,87.560469177104,17.648132312813008,22.50146905862445
2246,23,108,50.02680014265388,63.91077736122061,23.889870876392397,28.152615678815224
2247,23,109,16.968573123055705,71.8152504472633,42.08034079604339,54.118044952989834
2248,23,110,46.57876704598889,137.41716613869508,69.67500192501105,70.87457785161423
2249,23,111,30.268049211781985,62.233430285674096,59.02774421726672,67.98468090146841
2250,23,112,28.85427317618139,36.81147656288192,56.309842372488944,67.3015932327783
2251,23,113,16.779078087707624,16.806940120687486,39.84266767898673,63.5952269870437
2252,23,114,21.430366008579053,27.163024200632055,26.69636532487116,50.40119167211175
2253,23,115,53.803769888900796,68.0175645451446,12.199009477651243,26.801241623004973
2254,23,116,55.063441852273456,61.964957641059826,15.184224062137977,15.984857728106338
2255,23,117,49.725569507795356,49.44123486863923,19.573183454925143,19.711595197627954
2256,23,118,23.283586546855137,18.817851498467324,25.866596431481945,30.707307797352552
2257,23,119,16.467704076201745,25.15970919747255,32.61580323006931,36.37904046041746
2258,23,120,16.246615611320294,23.839624423479314,33.123802323739085,40.32418808096728
2259,23,121,39.95634322359288,78.67755836714609,56.93449872106606,48.55190819341074
2260,23,122,19.951166166832582,21.352942982416383,28.797391534464797,44.86061605829258
2261,23,123,36.08080570033252,39.04414940771872,10.403081771230845,28.922825035232268
2262,23,124,49.74239543030731,55.39326666156787,18.1304445319938,13.119342548485506
2263,23,125,40.87790611070385,38.16049356228335,14.798354248989716,9.493592218431882
2264,23,126,29.21550683794563,21.548634365351116,13.545495848604432,16.128862409361798
2265,23,127,9.367602116546015,18.132169926587917,17.953935324762273,16.82722511606046
2266,23,128,8.400895499401969,25.016158178884726,23.167104761227577,21.364856421863145
2267,23,129,8.452661305242355,20.483389935365704,23.353805559806712,28.890058033728536
2268,24,48,16.27250331533003,51.54793939110529,18.22298457405651,31.710778823761018
2269,24,49,49.86643280392655,122.21720384902102,40.34419162652247,7.600918784655988
2270,24,50,33.90302691961513,65.70018017661309,37.378922534242975,14.230566535672299
2271,24,51,22.648980861003555,54.41421982598822,32.22778232466489,18.88031847391002
2272,24,52,38.1709468859736,70.02450659580725,47.07069817619463,24.83426142983488
2273,24,53,30.148687190465147,61.080237511085805,41.29072642986838,25.358804790732144
2274,24,54,28.130087669713895,28.369721071101893,39.180853169433654,23.54830234331831
2275,24,55,41.83610486463356,52.231260059507825,53.131794610766946,32.04302455388968
2276,24,56,37.097119536494056,20.683903414604078,46.9528747174339,35.49867573162957
2277,24,57,47.57459290698436,21.96544878652132,55.59424708822067,43.849308632611915
2278,24,58,57.0896508053473,26.220941759716606,63.20262210184691,53.15474419943676
2279,24,59,74.51055671137681,47.00226925710053,79.62642205530769,69.48081128683262
2280,24,60,86.72953081054186,54.04553390237337,89.26652667421197,81.54041116154913
2281,24,61,92.87678827932686,55.471675381747126,92.56906641527581,87.87330392641974
2282,24,62,88.88206889528985,31.758788945885303,81.99565122560412,90.45277220624675
2283,24,63,74.37458485957109,29.104115559703153,57.874732923611255,87.31394696798964
2284,24,64,72.03869794933748,27.386861795186892,52.56096171044834,80.84782771793527
2285,24,65,51.012878386370296,71.02004813803516,24.750736666673507,44.62973894968158
2286,24,66,44.715857959457274,69.54724978461486,18.80342332407994,35.6052557777753
2287,24,67,54.14204341304395,20.35569738249256,28.752684788446476,35.532904464032406
2288,24,68,46.41009363892574,22.979502817369237,21.509519264534163,27.068156751524427
2289,24,69,44.455417109757995,15.17683463857923,20.594108378328183,22.287013862725697
2290,24,70,42.993075984364545,16.931968211388053,20.288557731072714,24.477259698067172
2291,24,71,53.76416149096328,16.093641933011593,32.28054410226016,35.88670066298811
2292,24,72,49.313027518908555,22.614704738354497,30.520013139305206,37.253119691922784
2293,24,73,62.394580027685386,23.548117741396492,42.13367209463804,44.13486290997556
2294,24,74,78.97657288572728,58.17256506583545,58.26617395330313,53.45504334736366
2295,24,75,78.77762462820849,55.516043655214574,59.13105913172868,59.98032342713051
2296,24,76,50.25855590683324,16.72684456823485,33.63219140097959,47.76114795154188
2297,24,77,13.954787673545553,56.05430521632462,9.770710246208274,24.03663103700336
2298,24,78,10.030524839616456,55.33420936292515,15.920924356378254,14.54292553684911
2299,24,79,28.20117676315719,75.53351208717856,34.34749394982244,24.432818689569466
2300,24,80,27.7022871400111,60.054602845744014,36.130289076682956,32.22372074587728
2301,24,81,37.49743662247953,60.81371183177061,46.66031488536423,44.713005686120106
2302,24,82,42.20919363135076,54.62307541674459,52.83652245384111,54.61205320014091
2303,24,83,39.25431990681031,36.99783217940905,51.67292602471667,55.3511826948752
2304,24,84,38.90839339492998,28.841762418885526,52.082445016186306,56.09423899615996
2305,24,85,44.88634974358193,20.992692835027615,58.46389375542356,66.85130126985001
2306,24,86,52.71849611100911,40.00965441520429,66.02677976313952,71.98292694909705
2307,24,87,35.4153193938262,21.41530922171346,48.06339634045689,58.695705051441784
2308,24,88,32.25080991385156,22.7790470612385,43.923295405913564,60.02706255086771
2309,24,89,37.75955896525081,20.94877211426297,49.43819112851829,62.368142818127744
2310,24,90,37.987067123357356,22.385909050526955,48.963913344452955,55.48446212510505
2311,24,91,26.129958408223313,107.05554760879028,22.233336427978486,34.93632889763596
2312,24,92,29.30460734262368,7.312947505189414,40.36173588757229,49.86070306563618
2313,24,93,34.46597096714769,14.104416827790097,43.8109936272549,66.35629394743817
2314,24,94,50.09546657887443,33.24575682098397,59.277982433396815,66.87920861013153
2315,24,95,71.43495407754331,47.287429238437355,78.50846206972403,88.85423717414209
2316,24,96,96.9181770362652,72.36989033131756,103.82099709709534,115.2775318730966
2317,24,97,121.25302358860229,97.4714768927033,127.54330151307377,143.81893125502916
2318,24,98,144.87979936058673,111.8416388056011,149.61862880786546,149.1656683852299
2319,24,99,153.83118553339813,99.62407219121658,156.7720278719475,152.7599458977593
2320,24,100,165.17113635128973,101.33872792916961,167.77100956218263,141.7921958733213
2321,24,101,108.9324969395364,34.23409569892675,118.05114977175256,152.368684368388
2322,24,102,103.96642857401443,36.13327232287185,116.70467761309068,171.04975254319046
2323,24,103,72.1598882529233,55.74657754436079,93.1161876589718,174.8120457558037
2324,24,104,39.91219614525074,145.23466447167363,31.7174315527549,87.52208744306812
2325,24,105,74.02767949990171,165.96754106788055,12.810116023799111,45.258840176958174
2326,24,106,77.89648403163379,136.09323639012212,17.16513099442209,21.36470959472676
2327,24,107,56.21669949306193,86.67691063476693,17.641238698542498,18.347852482436792
2328,24,108,49.86774348159755,62.11506135181116,23.925480440244318,27.096989857392224
2329,24,109,17.054333872666945,69.64680168878131,42.22447173484778,46.82181031649045
2330,24,110,46.839822495498005,136.11975795916177,69.81841725271315,64.34691183474789
2331,24,111,30.51027996892706,61.662383592891665,59.15796686303965,67.74612272268662
2332,24,112,29.054703205120028,37.04044836258586,56.4247166577748,66.39573903465822
2333,24,113,16.793521197548362,16.850649328491695,39.940653691747706,64.07231253327669
2334,24,114,21.276969175222955,27.550313384101813,26.777251478791147,49.37148377398117
2335,24,115,53.62655941468994,69.73056336215156,12.144241971161273,27.395751111549355
2336,24,116,54.88536840124659,62.52331634166209,15.130202537633647,17.171488962179893
2337,24,117,49.55586980528902,49.27345106730022,19.554574907858143,20.886600679149268
2338,24,118,23.16648733979946,18.918465877131016,25.906365853939377,31.05817946395125
2339,24,119,16.459726159698235,26.059316271503004,32.658822858306365,37.17951581219634
2340,24,120,16.251849445044428,24.4232342207975,33.161391785612636,39.737733540784774
2341,24,121,40.105193579851026,79.91893381616885,56.96877790311654,48.60609937111417
2342,24,122,19.90425276369855,21.539658382628065,28.82114510513445,42.318127511263995
2343,24,123,35.89780404641534,39.52938320592429,10.39400263658175,28.457270588329482
2344,24,124,49.562330681338345,56.05982469983712,18.112891025945835,11.246919684447995
2345,24,125,40.701955970652214,38.249110714031794,14.788575253224623,10.39063156016775
2346,24,126,29.055276058269943,21.35229165677943,13.546102083179507,15.988259941374437
2347,24,127,9.272328443737116,18.758397784988468,17.96025216431293,17.041464996726276
2348,24,128,8.443665110115548,25.562242512914917,23.170651305150727,22.80251263402553
2349,24,129,8.497198327272743,20.770269804357298,23.354494749468554,29.0635437452692
2350,25,49,55.60146519314625,123.2114719616897,39.35865756305012,8.22600245332019
2351,25,50,35.783333489915215,63.217215831424305,36.48737706763754,17.106590333989228
2352,25,51,23.070775211439376,51.90486643262317,31.37907716570762,19.43974449040527
2353,25,52,38.88984887971447,67.61467839313303,46.234310150970686,25.465150383409156
2354,25,53,30.28325579993446,58.59889866786591,40.45676667711492,25.866420109039
2355,25,54,28.093299836222773,36.207559839668924,38.3369717573396,24.780998468594497
2356,25,55,41.87116035897646,69.255303729165,52.286971677066624,32.653724201920625
2357,25,56,36.977630846688484,26.445277601110824,46.09361929832065,36.0621005442208
2358,25,57,47.4659432175516,27.189598337331695,54.73274433733431,45.02516707861694
2359,25,58,57.00880828816351,29.942696287274714,62.32215215836546,52.53724346412821
2360,25,59,74.4418689535041,50.02161503782696,78.72843370518372,68.7640513860858
2361,25,60,86.70946904137733,55.707925987759694,88.3556513716834,83.55821859979676
2362,25,61,92.90633294402183,56.81903202744845,91.65680648361688,86.41593820110432
2363,25,62,88.99165750135218,32.785650625533734,81.07836825946454,90.97330151218102
2364,25,63,74.28356559307126,26.80774802954093,56.94040361050331,91.73410234435741
2365,25,64,71.54988630660205,24.813766385858756,51.61991552479319,79.54411817128819
2366,25,65,48.96024580148949,69.75609188092126,23.765900789202437,58.75278754342315
2367,25,66,41.311902411536614,68.37378913899366,17.885315424901634,39.39131002648581
2368,25,67,51.172963633674904,19.26642266424082,27.738420946566556,40.573126461354036
2369,25,68,42.68310752838216,24.059076734962524,20.551915864695136,28.932779895970572
2370,25,69,40.52495516900525,16.734253997008736,19.677901843404147,28.820606850821825
2371,25,70,38.448519268445104,18.351847180752472,19.42128700587546,28.821832381707473
2372,25,71,49.22150176372871,15.71103309356471,31.413075869619867,38.638266635556676
2373,25,72,43.73183240734648,23.206064626080774,29.768210648325724,37.16235509041064
2374,25,73,57.02398646367607,23.151352580966886,41.2395449621682,42.763339758165394
2375,25,74,74.49824345937807,56.638040132774194,57.346125819838285,52.733266716928114
2376,25,75,74.13749918359318,53.530301338138386,58.263271810392794,60.48024661558714
2377,25,76,43.939539652618734,16.669557082100738,32.84848227775619,44.954332371141255
2378,25,77,9.688910597503982,55.43638413105504,9.961661058753794,26.0704853749506
2379,25,78,14.70470658476124,55.05749717015421,16.624786229404055,15.415491866878227
2380,25,79,36.81206389494941,75.31887803517502,35.19503632425527,22.36804779466564
2381,25,80,34.92800043635022,60.29266639664768,36.96318578104265,31.265745877571813
2382,25,81,43.966709211210116,61.23226374138596,47.47620510992828,45.223212538239075
2383,25,82,47.833434410398304,55.16467566380643,53.633681339091574,53.8605434216158
2384,25,83,43.9451464485755,37.463363951867684,52.44587758116311,54.385975057647684
2385,25,84,42.98738927461607,29.092689600398565,52.82912654690355,55.34864490281019
2386,25,85,47.96144843908074,20.988175560156964,59.1622656568479,63.9182999294813
2387,25,86,55.775409569778965,40.094552844200045,66.69987351554813,69.14795691771374
2388,25,87,37.45277616700997,21.384733049059733,48.68694123750469,60.58246683998912
2389,25,88,33.93846603526876,22.74926102375149,44.50558242452111,57.388528848961016
2390,25,89,39.457224728306194,20.955085469678043,50.00441094641748,58.73427217780241
2391,25,90,39.48639576717834,22.387746525670178,49.49915104744325,51.621216509686846
2392,25,91,25.811945730959046,106.84708569775125,22.072203823542374,32.514613171646644
2393,25,92,30.5549391822767,6.819138706692257,40.89759186240455,46.32437667727448
2394,25,93,35.40119000147505,13.921305884953963,44.311371758984635,61.6712503427978
2395,25,94,51.02876278291117,32.792446372895625,59.76275828274829,69.48536882001623
2396,25,95,72.00944224354588,47.07188496295345,78.95115494664037,89.48171091666742
2397,25,96,97.47086951945577,72.23827621041903,104.2587687820757,114.24096951848573
2398,25,97,121.70552601922915,97.32561839179994,127.96814834500292,141.96279428175745
2399,25,98,145.01674708877212,111.84341152654781,150.02442354701432,153.59033491051815
2400,25,99,153.4164898167818,100.05387497310743,157.1571539954472,129.73309834488145
2401,25,100,164.40820441273803,102.11089346773834,168.13406146254175,144.03958226976275
2402,25,101,106.65101030975107,32.983902892713935,118.38781077196003,156.57204002851816
2403,25,102,101.4837292282988,35.00898459081264,117.01339595406336,172.08052485197453
2404,25,103,69.39438668636306,55.037027070009024,93.38847566164473,173.1884812090233
2405,25,104,44.20598264178493,145.03143062252082,31.91030144300361,85.53760598459986
2406,25,105,79.17685852197579,165.72988701243608,12.731961531241272,47.38280028064942
2407,25,106,82.3805246006021,135.8947781216148,17.01698319235957,28.49908102782377
2408,25,107,59.66623187914197,87.1800022513925,17.636078306167132,22.139881364022518
2409,25,108,52.72604612003218,63.85844168433763,23.96517906914982,27.995961912939382
2410,25,109,16.366592584364625,69.03805034271765,42.38016096564134,50.42398161895556
2411,25,110,44.9714667787425,135.86555474786815,69.97345351129997,69.49327453360318
2412,25,111,28.483522519875418,60.26246712309696,59.29899206399429,69.23094159323026
2413,25,112,27.368794119303416,36.29276440661534,56.549408350416364,66.78528823696516
2414,25,113,16.781125835729153,16.792973075391988,40.04734061361023,63.2364950955411
2415,25,114,22.955865716888407,27.130367130600856,26.865689620224494,53.33487449758984
2416,25,115,55.968899865944216,67.67975224042985,12.08457589119135,25.191100226035093
2417,25,116,57.04947651366724,61.71568310629841,15.070838060079435,16.78191283401537
2418,25,117,51.436723060833394,49.366003906817646,19.534158531755267,19.55742757864379
2419,25,118,24.208753989114875,18.772894836055908,25.95089264753844,31.551654097426237
2420,25,119,16.58696553094569,24.950204312838864,32.707322125464266,37.710419892727664
2421,25,120,16.272670417846413,23.64136281191958,33.204191008283146,40.45056964314787
2422,25,121,39.17893714251041,77.90788412087491,57.008196432709866,47.509334158649416
2423,25,122,20.279979956130806,21.146590357693427,28.848871953946187,43.23128925489695
2424,25,123,37.383142073363395,39.171817374537035,10.383248341903009,26.945615539840553
2425,25,124,51.0981078717666,55.397661951566995,18.091257503530052,11.266754437867121
2426,25,125,42.07010735031547,38.09821146029289,14.775933399983884,10.04585837697055
2427,25,126,30.211981991026356,21.440908258533387,13.546962075391848,16.382842061367146
2428,25,127,9.910215426505504,18.48149631095733,17.970192799396028,17.405714082673228
2429,25,128,8.23786661152424,25.323702582190137,23.17780185463048,22.68528264993173
2430,25,129,8.278615347446223,20.643298835976452,23.358625467421184,29.517822613339266
2431,26,50,25.9237715195708,63.87396259772773,35.749663280884356,15.969375575579914
2432,26,51,16.82377163096183,53.48464508036628,30.6699102266937,19.059411302267996
2433,26,52,31.86758669160724,69.1281744712221,45.531579966155746,26.708610471634852
2434,26,53,25.36534496541075,59.83315618061296,39.743668813860076,25.038382543308355
2435,26,54,24.470604258130656,55.37726827956722,37.60086263121498,24.92280998877835
2436,26,55,37.60595168370651,70.24236357266456,51.54184368981027,32.45257986660672
2437,26,56,34.614017339168534,14.182300573936399,45.323682691656764,35.06752550295725
2438,26,57,45.95243398530814,18.207926360141954,53.950391444530275,44.19155950716554
2439,26,58,56.14838517059106,23.734818570379574,61.51318726773405,52.27271802570455
2440,26,59,73.78858431331066,46.291526633491834,77.89620581363832,67.71771102338708
2441,26,60,86.78074286248211,52.94116314858059,87.50526664512374,82.29867010843384
2442,26,61,93.68015427091282,54.36093930211116,90.79999465168602,87.51865036199958
2443,26,62,91.39210042653617,28.80061273521941,80.2112167718374,90.02435156062602
2444,26,63,78.6727765210051,33.45917260536811,56.0507250351844,80.46217913539087
2445,26,64,76.12510200796225,27.480409652730902,50.719111357324856,76.67179176209956
2446,26,65,54.02270504299336,73.68040912035228,22.81766422567091,60.50701971379541
2447,26,66,45.38721347658685,70.08237474205687,17.007158916617776,50.15026095631373
2448,26,67,54.616601491411906,16.636661313078417,26.754474969109697,46.74453934961375
2449,26,68,45.49209781054193,22.112603529905112,19.627155183615198,31.532415499407673
2450,26,69,42.80315180168274,13.687783277101738,18.796199962405204,23.62365946476387
2451,26,70,40.142439882125515,16.520562174582476,18.590454639674217,24.592146340304556
2452,26,71,50.50573613245543,16.499603609721646,30.575995556713504,36.66155252719265
2453,26,72,44.302663150322005,23.274386466114183,29.049428256536917,33.62803556611902
2454,26,73,57.556025635879855,24.683741755980027,40.37260045334102,44.31156492151832
2455,26,74,75.13709927080549,60.88661682261672,56.452554691464435,53.10971012098067
2456,26,75,74.56002088769365,55.63352373438968,57.42230008415004,59.94477856659206
2457,26,76,43.666087773720605,17.19146851922062,32.09388819743229,46.64826717291468
2458,26,77,9.62357141696319,61.472345750115636,10.217325909308393,23.990959830024824
2459,26,78,15.75746056219497,56.808653152942085,17.322227445249776,16.293148845831023
2460,26,79,38.42098879906485,76.62400846128136,36.017472759225036,21.66131562365125
2461,26,80,36.11384868381141,58.85538177855289,37.77077487770459,30.593402507852772
2462,26,81,44.965495181442094,58.576394480244446,48.26647158286649,45.1828873149238
2463,26,82,48.61106952675665,51.041962386918556,54.40483914108387,54.496642341391244
2464,26,83,44.485104014078246,32.002281446818344,53.192555463996605,54.40398256994093
2465,26,84,43.39556885455171,24.743976232849683,53.54925985364543,56.471328185363745
2466,26,85,48.17898739545575,18.473808985941396,59.834902161406134,66.2558053692013
2467,26,86,56.00412659030259,38.72186385332576,67.34677783004689,74.78753319995302
2468,26,87,37.5213759409855,23.448453385663694,49.2854564985876,61.204146174508494
2469,26,88,33.975583236038794,23.885718925754205,45.063459190098605,57.33129823413766
2470,26,89,39.494460864307044,20.894675082990137,50.54504566348987,63.98895305103944
2471,26,90,39.50947296164053,22.41279782485313,50.008941516754966,52.56993826235892
2472,26,91,25.836972600404906,111.70356394109973,21.931884069412337,31.504454278883422
2473,26,92,30.508787859631006,6.645890427046075,41.403309057324506,46.848289493411556
2474,26,93,35.351700401417595,14.579391370320199,44.78239070079272,64.1728610529533
2475,26,94,50.979735750427814,34.055108285316116,60.21748391524534,63.246390412111495
2476,26,95,71.9653179017384,47.25438072151373,79.36517554013196,86.93216521217487
2477,26,96,97.42675866564846,72.5454891542911,104.66658182758744,112.38339551205749
2478,26,97,121.66473198195231,97.67406386479809,128.36248712803751,140.4676718755881
2479,26,98,144.99065497872556,111.50944515567667,150.3996345463901,161.87265067821022
2480,26,99,153.42685744866873,98.43085227497016,157.51164138105725,135.59907682598546
2481,26,100,164.44281641715642,100.26078674018666,168.4665524075275,157.65150439041318
2482,26,101,106.74672593656405,39.97727445050153,118.69400331031714,153.58840662572956
2483,26,102,101.55833847448288,39.163437047370884,117.29200958411758,171.97227551059711
2484,26,103,69.41053799750337,57.006024214919755,93.6321095604391,180.07223514366513
2485,26,104,44.40690527517309,146.665165221309,32.08174311137559,107.68674275421127
2486,26,105,79.49372646083063,166.82348942105992,12.66731087805159,56.113331209369804
2487,26,106,82.62300602552311,135.39822220761587,16.891053072246677,31.0004695133895
2488,26,107,59.783916419035634,85.09672115470707,17.63354517384301,28.506996466202406
2489,26,108,52.803487219119575,59.689245147884186,23.999166414945446,36.00185797658505
2490,26,109,16.367163797361542,71.63423335111243,42.50717282852888,49.77784322212641
2491,26,110,45.01141204284824,136.7796905570536,70.09762819414274,65.6006716090474
2492,26,111,28.504970134454354,62.56999392188666,59.40956859688615,66.53789012152873
2493,26,112,27.385097847736336,37.227814222556965,56.64484085990969,66.46531790108871
2494,26,113,16.780932110500174,16.95421149202773,40.126647800261146,62.661504983198476
2495,26,114,22.96148977510376,28.39484666836803,26.929165482585354,48.10331047619429
2496,26,115,56.00172647002751,75.21223135404037,12.043984351493506,26.983126049553682
2497,26,116,57.07032896500547,63.32181126234282,15.032561252555565,18.599521679634464
2498,26,117,51.44491532548261,48.982553189145925,19.521971317655638,22.01422096312726
2499,26,118,24.196240787655913,19.084891415203124,25.975653535546847,31.138392458797036
2500,26,119,16.583447240492855,27.090085717802797,32.73164026148945,37.347596599027234
2501,26,120,16.27092105730538,24.941730534990725,33.222878514975804,39.83838755793842
2502,26,121,39.213770897563805,83.27720620172293,57.02288003945275,47.61239822623655
2503,26,122,20.268608276539023,21.469986034263243,28.856680045289753,43.135406074463205
2504,26,123,37.35746588169551,40.082647304069,10.381648511914275,27.135092052541786
2505,26,124,51.077123380747,56.509762643736686,18.09215365393617,10.233284056490225
2506,26,125,42.04114833555895,38.13678652725825,14.779805986356484,9.320444662515916
2507,26,126,30.179574179419056,21.106447738263086,13.546362145447553,15.484941059136464
2508,26,127,9.88282729292897,19.604057162289667,17.957773228367763,16.79943760483024
2509,26,128,8.244056544602987,26.288976992907273,23.162023340070697,22.378249643562246
2510,26,129,8.285456942852013,21.127617451703298,23.340208285717505,28.930597880132925
2511,27,51,19.937070024933163,48.77680171745668,29.447584883242968,19.4414229221637
2512,27,52,36.04307134594307,64.63474357195022,44.35762803291773,25.40197512291195
2513,27,53,27.543358889213227,55.354493364028606,38.60587795292048,24.813189011783738
2514,27,54,25.83399318185456,50.96849335300161,36.47877308637193,23.568771947275103
2515,27,55,39.376092989653436,66.02888886157338,50.441939827195625,31.827078854661547
2516,27,56,35.353480306592004,56.49955244928389,44.22719649330795,35.895860365213885
2517,27,57,46.38505166805643,28.54859488940653,52.87137592461698,43.7328276407775
2518,27,58,56.37918493221246,32.012839643387274,60.42712537864925,52.83019367197617
2519,27,59,73.96031183349915,51.42679213137363,76.80331947819866,68.64248461893978
2520,27,60,86.74989676079063,56.84809403559422,86.41048901316104,82.66147979856238
2521,27,61,93.4434783805405,57.80977953838548,89.7164501864217,89.63480318725064
2522,27,62,90.55117651898854,32.6369692430088,79.13340060339921,92.05141435681128
2523,27,63,76.20559061316528,27.005565324732572,54.96367228345378,85.21285606134522
2524,27,64,72.41094217499098,22.508324478779148,49.63461175273068,71.76979205683038
2525,27,65,45.73334248908603,68.79695148925177,21.691267155929815,56.56162147378842
2526,27,66,34.32213093514476,66.60860040276421,15.990509235272361,49.90978907401717
2527,27,67,45.4830527144026,18.082484949789254,25.608429388975352,46.25096201867983
2528,27,68,35.2654771579194,23.466760608923416,18.566811722523937,32.68790477232809
2529,27,69,32.83136400439999,15.913088412764445,17.797678419330687,27.396344398726708
2530,27,70,29.589966122446555,17.911827887659566,17.66126838276348,29.543633489630427
2531,27,71,40.56938514960729,15.78669648140527,29.636197472872457,36.778893799009424
2532,27,72,33.452444019975125,23.415902152050535,28.2555135453458,36.428737265865834
2533,27,73,47.15175648080678,23.363072919969348,39.40354905461408,45.22487572984291
2534,27,74,66.54504957951214,57.538490115705095,55.45494758640098,55.11619570132877
2535,27,75,66.05914205535525,53.03279220233838,56.488275960101156,60.73611929137567
2536,27,76,33.277921685555526,16.775200185623405,31.264794911517615,46.941224559947436
2537,27,77,17.35856214797756,57.422363152550815,10.573891556390555,23.299037045349735
2538,27,78,27.21058003939586,55.52303442675972,18.103887705853005,14.886173073642512
2539,27,79,51.050078770790904,75.67989833216413,36.91929103925062,21.692825316081553
2540,27,80,46.49840652618903,60.00716654457126,38.65334889061799,31.42116974198492
2541,27,81,54.07839962650872,60.61367723995976,49.12742143792451,44.6019063704754
2542,27,82,56.45637332139308,53.942557822374596,55.242584806018186,54.05736389094371
2543,27,83,51.04500200845149,35.23797588488905,54.001695196221334,53.809849592513366
2544,27,84,49.10814955205119,27.029890373252336,54.32785383772679,55.99774856787089
2545,27,85,52.62158844399101,19.501678460515222,60.56107410890098,67.08876214039243
2546,27,86,60.35301796219739,39.37801057963735,68.04365097434817,74.35233974346198
2547,27,87,40.58904476020894,22.3893192148202,49.92973745607619,60.20473728901326
2548,27,88,36.573887122018235,23.31529662861214,45.663404800729,51.81555261577498
2549,27,89,42.083511469214514,20.90942780293454,51.12502862457476,54.478098565587715
2550,27,90,41.82925323261635,22.383008317949027,50.55506599765077,52.00811047947762
2551,27,91,25.18580139174827,108.99671512997877,21.795503546113977,29.758330756130707
2552,27,92,32.552180833486325,6.056361248079362,41.94228856875437,43.01967068391106
2553,27,93,36.97659956412074,13.833843591956084,45.28433878038346,55.38141306864036
2554,27,94,52.600715313870275,32.49886245835711,60.700887353329406,67.28506305549381
2555,27,95,73.10219833035337,46.84095310849451,79.80533503910156,86.58871900940552
2556,27,96,98.54575138972778,72.14770080097813,105.09902505277611,114.755807367843
2557,27,97,122.65676864441184,97.21628245544893,128.78017726534918,143.1859085228663
2558,27,98,145.57439348665008,111.76583221511959,150.7969404178109,162.5122337379548
2559,27,99,153.30213285671599,100.19907848266803,157.886105315272,126.62925266089918
2560,27,100,163.87121201405282,102.6100661473637,168.81742146509427,141.32540673550292
2561,27,101,104.33445534175631,32.47572534673486,119.01686440235075,154.74253393738616
2562,27,102,98.91216641626858,33.98877941505301,117.58557979502115,171.0507855750812
2563,27,103,66.48843114458137,54.35078049455804,93.88872410160566,176.56388256982018
2564,27,104,49.1916849253151,144.8524760851205,32.26306079614809,107.02645922944691
2565,27,105,85.00416131728792,165.29932263140182,12.602888215217964,53.09303694939789
2566,27,106,87.43699632994738,135.357148511061,16.759986830273938,29.451653193775265
2567,27,107,63.53237445862032,87.07893837127254,17.632688442209616,23.75310734417679
2568,27,108,55.94915715530443,64.41437272300183,24.035893830183497,36.192486935537595
2569,27,109,15.991152636566568,67.2950496255085,42.64072194114107,54.99063311424018
2570,27,110,42.97586629774288,134.71160737728812,70.22810189981688,65.6005027833472
2571,27,111,26.283688704103344,57.992391265184445,59.52575480839352,68.01981808110058
2572,27,112,25.585250565119168,35.75004639478107,56.74513910935281,65.92946402194326
2573,27,113,17.109445454084025,16.7850384523154,40.210053531765695,64.79071285134887
2574,27,114,24.95013884950511,27.103412248484375,26.996006181617084,53.513297508195286
2575,27,115,58.64631784515558,67.42317767701947,12.001451612011854,27.15649204227761
2576,27,116,59.523277645240356,61.437417913512405,14.99227655765155,19.88620693451284
2577,27,117,53.594090611041985,49.31699976714192,19.50917889497374,20.405479689922757
2578,27,118,25.4651785291969,18.72397426358535,26.001958210733537,31.652590807878962
2579,27,119,16.898678891743547,24.727072238878304,32.757577642220745,37.27780689853319
2580,27,120,16.464106181763363,23.428396316159965,33.24295913276109,41.28210661477474
2581,27,121,38.17986932475534,77.67715398418089,57.0388150310272,46.96574709530481
2582,27,122,20.81551642477163,20.884485410142894,28.86535075571564,42.60759655677472
2583,27,123,39.0977416580761,39.285666124695375,10.379729256002248,27.309243268584257
2584,27,124,52.88038574246219,55.53169566499279,18.092421269115317,9.41197585245372
2585,27,125,43.65382666138357,38.10182194305215,14.783327407785547,9.861679474438422
2586,27,126,31.5555904892278,21.397519723038265,13.545792675267792,15.923451744148402
2587,27,127,10.73243174428071,18.647734095111826,17.945605004923767,17.22011162830906
2588,27,128,8.16962715400727,25.473131148596817,23.146411954511347,22.71363354893782
2589,27,129,8.191559108929859,20.71180696068423,23.32187309829363,29.57357827460503
2590,28,52,34.86616817777495,66.71759670167881,43.60389403978522,26.12596200907937
2591,28,53,26.406431804555137,73.69552327106126,37.84849536060971,25.755904312905987
2592,28,54,24.939497647105767,49.23451896969449,35.69931572831315,24.57600262383962
2593,28,55,38.34179340598068,64.38692738364063,49.65908647547257,32.48709255479138
2594,28,56,34.764571199105205,54.72995211619223,43.41856149228191,36.60717732152561
2595,28,57,46.055730845997054,61.8631213340927,52.05066642153667,45.03031875197831
2596,28,58,56.266221122141744,33.033606518635,59.578558819947155,52.523079439919115
2597,28,59,73.91416546910605,52.21344385820404,75.93177538633702,70.06725018767247
2598,28,60,86.94713291088264,57.551176038819065,85.52166521526506,83.65031892814213
2599,28,61,93.85805464845697,58.51225823688406,88.8231900667046,92.98971994484234
2600,28,62,91.34395638030138,33.181677400778405,78.2302357024265,95.79581733002902
2601,28,63,76.66779937031146,26.73565480235781,54.03647571487756,88.19353017805277
2602,28,64,71.8876238083964,22.288248810970238,48.69693768533386,81.91057896934417
2603,28,65,41.68899001383042,69.13066892333073,20.703719439743203,58.68954445716324
2604,28,66,27.94213489197973,66.65189473920573,15.104867109740054,46.16240115318963
2605,28,67,40.610878377720056,18.28040442772765,24.584200228162633,50.727236801645
2606,28,68,29.662203947875593,23.651230330725813,17.622811216042958,37.19462722408071
2607,28,69,27.479222767147945,16.157360057263332,16.911127134793933,28.892807534429124
2608,28,70,23.964125841329995,18.066806720118176,16.839783252335607,27.838507062911958
2609,28,71,35.34079448055408,15.741618176974596,28.793365488634347,38.21246731308287
2610,28,72,28.082465945408607,23.409385684216716,27.550558204298298,35.721782762923596
2611,28,73,41.747613995305066,23.163480079761808,38.525758037673995,42.91819907036521
2612,28,74,62.203383073941644,57.21285899446943,54.548494368384404,53.259598685912486
2613,28,75,61.82599213076235,52.84729363952427,55.64098129602,59.716142534751675
2614,28,76,28.34645240255166,16.718265656633506,30.517752584514668,45.27379854749278
2615,28,77,23.768797766856554,56.79622966094626,10.960382878351439,25.90215211029326
2616,28,78,33.35685676190451,55.27297468758683,18.82847979256669,14.581841573006235
2617,28,79,57.27134484334902,75.48777178934124,37.74286654099075,23.616130432851154
2618,28,80,51.48951567308073,60.21926349230754,39.459380045299724,31.845050824865822
2619,28,81,58.3841278122849,60.99742836642066,49.91334124283412,45.35618123803631
2620,28,82,60.112517528616024,54.455818108100544,56.00659166799447,53.921310773528
2621,28,83,54.0766779758661,35.69935242092689,54.73853974443242,53.839321025100226
2622,28,84,51.73685662469376,27.294517702424958,55.03555041327707,55.64005680442518
2623,28,85,54.689887454018326,19.558817692983055,61.21980076952194,66.04209839566185
2624,28,86,62.36191631147866,39.46027119507304,68.67407433946748,72.86155532014757
2625,28,87,42.055677343971226,22.311198851263494,50.51111761460047,60.60897714087368
2626,28,88,37.839485389397794,23.2641667828348,46.20304861653456,48.187683668571644
2627,28,89,43.33865895156282,20.913656743984014,51.64430784246409,54.34911121415476
2628,28,90,42.96986617093325,22.382077310492996,51.04211868971959,52.011492326437896
2629,28,91,24.7924856760869,108.71032397247076,21.686614369049416,31.74652593817906
2630,28,92,33.59003238443973,6.071025058690808,42.415676368414,45.372769475103446
2631,28,93,37.849583355386066,13.727495141273202,45.723754225038284,62.193676313399365
2632,28,94,53.47235338671507,32.26975878750848,61.122045170924224,65.39619904074227
2633,28,95,73.78419502594917,46.81218331203148,80.18642711345237,91.06737196075132
2634,28,96,99.22886048491554,72.08539297572206,105.4714031035838,116.5634776935772
2635,28,97,123.297206680075,97.14014553056658,129.1375632287076,144.9741733022174
2636,28,98,146.07320726442663,111.8384494320655,151.13430377564154,162.35719727058688
2637,28,99,153.56474293078827,100.54488490635627,158.20270010524726,117.59431729799628
2638,28,100,163.9840934218917,102.99540766158306,169.1105344982792,140.7564182585181
2639,28,101,103.87604927468809,32.28161271831407,119.2829286840027,154.33707293669192
2640,28,102,98.35784829987948,33.621915406802415,117.82385320126208,173.83310376779818
2641,28,103,65.81057654008482,54.11143476061793,94.09328375054734,176.60196770913163
2642,28,104,50.500176420337034,144.86778993362674,32.40465950556182,121.20497350864645
2643,28,105,86.53523082809212,165.2798242517156,12.556757420149152,63.715711808331505
2644,28,106,88.7833670488513,135.37444093351496,16.665436548008017,34.859053779288146
2645,28,107,64.57056926521629,87.35174731699165,17.63319033905799,29.406326188731754
2646,28,108,56.82793639346143,64.9731323269274,24.060995258126823,37.33368154692166
2647,28,109,15.956252246830003,68.62522199150312,42.72560590810469,55.41836226557128
2648,28,110,42.45757433770929,135.5013772832578,70.30672415842412,68.888311824048
2649,28,111,25.685848324483633,58.276876986856735,59.59110814275371,67.67322004809449
2650,28,112,25.105920861502963,35.570247602347784,56.79688519846524,67.44356426724858
2651,28,113,17.27227825354723,16.781569039197716,40.24824189630882,64.10070677449103
2652,28,114,25.555039201481254,27.03055223378939,27.02175777303094,54.926391711105026
2653,28,115,59.45371103901565,67.01338907020573,11.989284392150534,30.67737655119975
2654,28,116,60.27507096604141,61.27309641359914,14.985784192262292,18.143266099808027
2655,28,117,54.25535799224907,49.38806961334059,19.509229934444452,21.21327762634519
2656,28,118,25.860084696788093,18.695097516523663,25.996414064774452,31.53086813676697
2657,28,119,17.02606746025934,24.37896377200044,32.74483263569971,36.82481327402654
2658,28,120,16.557827286844727,23.187051010925934,33.22462647159302,40.37948138025822
2659,28,121,37.88902577840491,77.19419714545533,57.01550325288821,47.86749560642294
2660,28,122,21.007748683188673,20.795958504657595,28.842480028213643,42.89515593604748
2661,28,123,39.65083363831937,39.14937493735053,10.392193027874766,27.297272446290755
2662,28,124,53.4622835907398,55.37197017969673,18.12809438647108,11.04568496852369
2663,28,125,44.17143681617963,38.09646632229474,14.812760670395114,9.173775708057502
2664,28,126,31.996376930342663,21.46393523401905,13.54307609395918,15.514944653977576
2665,28,127,11.016150789282626,18.439090767003826,17.89862476536833,17.38684915283458
2666,28,128,8.18698896431863,25.294262617959767,23.095166007137763,22.690972316514323
2667,28,129,8.202081839090479,20.617523429410756,23.268569146168705,29.269967403475132
2668,29,53,25.371748875466672,52.300001738204735,37.11205165107291,25.476049834103605
2669,29,54,24.14823820047283,47.39359082185084,34.93466018480777,24.459127717440946
2670,29,55,37.39746801430615,62.65296097759234,48.889909745126985,32.30104576208912
2671,29,56,34.27674692782885,52.86043369235057,42.61909682876013,35.164362038775394
2672,29,57,45.82637985982843,59.991033391025255,51.234408057804934,45.29699948896953
2673,29,58,56.252119075632336,34.661779502224924,58.73085547792671,54.89453486905358
2674,29,59,73.96366584329151,53.552687403680174,75.0591044552046,72.03799607873452
2675,29,60,87.23098018730133,57.83910570599541,84.63027897746302,87.55183396900262
2676,29,61,94.33612986604581,58.48613318722773,87.9265816235385,96.2189612473158
2677,29,62,92.07960948179681,33.674943125240596,77.32218678617643,98.50725921008996
2678,29,63,76.53891870191589,26.365942209638565,53.10189316795871,87.95242989115606
2679,29,64,70.3204764163722,22.409805623691632,47.75081203279854,79.76429108541515
2680,29,65,35.12659778865302,68.97656310917161,19.705813193434594,55.285478623500936
2681,29,66,19.123930862299513,67.14788743680853,14.227240091897482,39.66398530335755
2682,29,67,34.13693270175753,18.551688024284037,23.54739262087918,41.36267605979158
2683,29,68,22.790840959728364,23.915185522336152,16.67801638854552,34.284212970621475
2684,29,69,21.288370436608666,16.53113924920721,16.031526255470023,29.138962162016583
2685,29,70,17.930228215156067,18.305685623623155,16.032576072064572,26.521233094261216
2686,29,71,29.794437982711557,15.676328425708261,27.954248390141846,36.58526071147779
2687,29,72,23.272207113131284,23.402852048379238,26.858701751018014,32.953015773762345
2688,29,73,36.27735537510468,22.989909689600676,37.64839308247903,42.170297056102136
2689,29,74,57.77801904406059,56.70369274436715,53.64145183846203,51.51198650386019
2690,29,75,57.6178002407203,52.55835345805336,54.79613340169051,59.943120726976964
2691,29,76,24.002574561695926,16.64686548274996,29.779869840171074,46.47247647051084
2692,29,77,30.107922366503804,55.84210181674942,11.397828897901269,23.879503695661743
2693,29,78,39.08663584130125,54.916296235127014,19.559431391331454,15.060291982341072
2694,29,79,62.86617514727851,75.21033601987345,38.56182346801448,22.483105104249347
2695,29,80,55.96078545831342,60.50103314498062,40.25960602875209,31.24238282830252
2696,29,81,62.22285765886748,61.52652019041149,50.69219111861275,44.874536134627846
2697,29,82,63.373344930029546,55.20981410909772,56.76223262322233,54.9259805699699
2698,29,83,56.80021568427977,36.4332653677978,55.465767898429306,53.13528170799641
2699,29,84,54.11229170327708,27.70443465014555,55.73240806979344,54.839054717669356
2700,29,85,56.600260055614626,19.588826555547538,61.86708633723417,65.67421554520242
2701,29,86,64.20720533761984,39.58863023255855,69.29184731897317,73.34474286004445
2702,29,87,43.45970815548681,22.214829769671763,51.07961902048411,59.583043596778644
2703,29,88,39.0720027812658,23.1962384942513,46.7293263629546,58.303890435286554
2704,29,89,44.5585467050663,20.920734520099835,52.148748293477034,64.23317586938238
2705,29,90,44.091410974491495,22.38155423815198,51.51375031960599,51.63126621544687
2706,29,91,24.36419518092769,108.30358233689202,21.592372528855908,31.81605602880806
2707,29,92,34.64836472828569,7.107235384040855,42.87017255514656,45.12757829865299
2708,29,93,38.77053461703707,13.593352591317997,46.14352064159472,63.41686521040257
2709,29,94,54.39182153795009,32.1200770529796,61.52257907282201,65.34293816155483
2710,29,95,74.54399267580943,47.00649842868576,80.54752104444684,88.81214479002857
2711,29,96,99.9951596444087,72.05547527918374,105.82245912207274,113.3789326290184
2712,29,97,124.03184409003745,97.1090039842881,129.47294839345932,141.72347029870159
2713,29,98,146.69819748059015,112.07976997877687,151.4493775167729,163.58272399381426
2714,29,99,154.00952876844042,101.07608375857531,158.49584196841033,118.5093092289727
2715,29,100,164.31135052312322,103.19271725629902,169.38126842634017,145.7038084822552
2716,29,101,103.78490687703125,31.16623375507951,119.52579431600674,156.24856792921358
2717,29,102,98.17772784834068,33.721099487387804,118.03887020994961,171.4911852453326
2718,29,103,65.50655414750092,54.27162430528076,94.27541574499391,176.07145504089164
2719,29,104,51.24307143308734,144.60057555517122,32.52878550849255,114.70549911075999
2720,29,105,87.43779873681986,165.4627486983021,12.519132996512848,73.71199696203637
2721,29,106,89.59222794240709,136.00290392594354,16.587801333690344,32.34964118110274
2722,29,107,65.194919078558,87.83337852920327,17.634241655403848,25.488955340838462
2723,29,108,57.364082761060466,65.23854069738769,24.08043096722039,28.400050977927116
2724,29,109,15.944543591682367,68.65823487114722,42.786901296016694,50.888078362047814
2725,29,110,42.16992809047177,135.67457900283253,70.35997383665581,64.51111565173798
2726,29,111,25.32436007655153,58.865165245387466,59.63136338319074,62.89525571088383
2727,29,112,24.813240045479922,35.66178465348413,56.82444034042031,66.50887712281386
2728,29,113,17.397914900133816,16.780172513996348,40.26370921195642,65.58302862566262
2729,29,114,25.96831751982094,26.988931956995845,27.02668555965526,48.49507910581311
2730,29,115,60.01698073744278,66.85562398538733,11.992533873964778,27.902115968577295
2731,29,116,60.8038326507149,61.29630072061154,14.99662532757451,18.558173781158867
2732,29,117,54.723518002788964,49.45873165640303,19.51590803115405,20.327552323849492
2733,29,118,26.138579991193033,18.705100237702258,25.974328180591474,31.5038933350216
2734,29,119,17.12288719972803,24.29025123473976,32.71191400953328,36.91388895981642
2735,29,120,16.633824939862393,23.14783478124987,33.18619086307219,40.526524710767276
2736,29,121,37.69490736380215,76.94492747188201,56.971583328546735,46.36985753935223
2737,29,122,21.154737118566043,20.87806002041486,28.803052709093834,42.71068518230801
2738,29,123,40.063341801371486,38.980103795750885,10.412488701279578,26.551724875969125
2739,29,124,53.90228321805047,55.16969052744124,18.182562243453482,10.498863382440039
2740,29,125,44.56259621854264,38.09121572741977,14.856100717328301,9.94092240699696
2741,29,126,32.32943823894507,21.549239782437738,13.539517660904922,16.31655579983623
2742,29,127,11.232461107928257,18.175579278545825,17.833140940628926,17.23411871156059
2743,29,128,8.212969623343719,25.064534044887967,23.02494184962863,22.693430530364505
2744,29,129,8.222926120715744,20.49389553920324,23.196630063278693,28.834033553134823
2745,30,54,28.23919376221854,40.5573698671692,34.20708194340276,24.41788760481777
2746,30,55,43.08460096978448,56.182073167208664,48.15457757734322,31.720205637488778
2747,30,56,36.07367100058459,46.499231395752616,41.84389065252938,37.050087860492
2748,30,57,46.36082520003523,53.92275165092146,50.4367037275453,45.588185788283646
2749,30,58,55.80236130271652,33.261178887038525,57.89629167749394,56.2226397096246
2750,30,59,73.22997382657657,52.763135998849094,74.19641643067314,72.25874556527457
2751,30,60,85.33849237361598,57.572287397223356,83.74627400535789,88.46531527311224
2752,30,61,91.2220593107008,58.35838546904743,87.03557141111625,98.69118964256707
2753,30,62,85.44407604095575,32.868996811329694,76.41701480764608,96.14928477072583
2754,30,63,62.02574851322586,29.474183707080048,52.16662185189861,83.8931835590333
2755,30,64,52.594950441071106,23.045028911623884,46.80231190978014,84.10027140920971
2756,30,65,5.444006859991107,67.3339425944408,18.703165808037276,61.04231717435297
2757,30,66,17.71304641718311,64.51873603820037,13.366536197969978,42.81738426383464
2758,30,67,12.496335869494084,17.971118182923824,22.502925806499015,38.38936454317007
2759,30,68,7.485241893993895,23.311103668844613,15.738819330099894,28.20033788043143
2760,30,69,8.849144859039972,15.490738062794154,15.166034331143479,27.420208613975387
2761,30,70,10.366077592061245,17.685664766237284,15.247089715692153,29.475162588622347
2762,30,71,18.247850630846088,15.89212372560915,27.12362879756454,35.13616263176641
2763,30,72,19.145921183442802,23.422778874080805,26.184525872076975,35.06647640142553
2764,30,73,24.7911558986622,23.373833481185248,36.77572814098027,44.248967379088796
2765,30,74,47.72811250629715,58.347764894772936,52.73816777557703,52.886336636506144
2766,30,75,48.45353833712392,53.277774739447274,53.95786180140793,59.23886776239403
2767,30,76,17.749357217351427,16.72269558358535,29.05505293955518,44.91552259420015
2768,30,77,42.351902022793816,57.96591626616041,11.87749306684454,27.340399263631976
2769,30,78,49.80886356424486,55.257843498904236,20.29197143107054,15.515494080566851
2770,30,79,72.94040767733841,75.48112588916372,39.37225134379394,22.278409840353813
2771,30,80,64.15417018018577,60.3866066966046,41.05014154562386,31.21345222244969
2772,30,81,69.3066766516667,61.1422407455859,51.4601718585787,44.86555282602845
2773,30,82,69.48608679418447,54.091452147272484,57.50575235109351,55.08489656996477
2774,30,83,62.0455370882984,34.13465553533195,56.17966066007734,56.007284070539185
2775,30,84,58.779203677613516,25.761183837058386,56.41476736052351,55.6045626141795
2776,30,85,60.53199601161587,18.522439791652157,62.49935436115933,65.30487222297822
2777,30,86,67.98220189879139,39.01144946134735,69.89350388254336,71.9038387407194
2778,30,87,46.55645983645962,23.10915206214514,51.63177031157877,59.809272205025565
2779,30,88,41.87144102704012,23.662372444883264,47.23888913864147,57.86689114602328
2780,30,89,47.32557574334644,20.897305860251628,52.63507593145665,56.96174012768221
2781,30,90,46.68368710431181,22.392074144968728,51.96675217185317,51.05480973650614
2782,30,91,23.292869438097668,110.12118060042646,21.51231939421585,28.683509103360805
2783,30,92,37.231298701230536,6.323569365324389,43.302054437724024,45.337288904792146
2784,30,93,41.11951134887199,13.61219574273478,46.54020263480266,62.64387102273314
2785,30,94,56.73563638293783,32.03299049506575,61.89936339973324,65.7425505718487
2786,30,95,76.60554798703275,46.81134879166926,80.88536976011912,86.839203185152
2787,30,96,102.08744506952614,72.02082991511432,106.14921653196066,111.86552016453813
2788,30,97,126.08197639330439,97.06304185904914,129.7833209161414,138.50975430063775
2789,30,98,148.58206413170407,111.94915264476087,151.73900584785017,162.1876208320469
2790,30,99,155.61832986208074,101.00379703445988,158.7632029597286,174.87107269017167
2791,30,100,165.716921089758,103.49693711389855,169.62513252068945,144.9653372806888
2792,30,101,104.50670308257325,29.776193958923777,119.74263358970455,153.24608197984966
2793,30,102,98.66868818273198,32.939197025957725,118.228084668792,169.49620419895822
2794,30,103,65.63461935976989,53.77054556114566,94.43269180628509,171.36420465758135
2795,30,104,51.8514113588995,143.72134434768608,32.63334272493406,122.98211782890795
2796,30,105,88.35281424908025,164.6367566185392,12.489806317212327,74.78136973759216
2797,30,106,90.4687285959671,135.52731542084138,16.528260367350338,53.02199715462977
2798,30,107,65.86081729802675,87.61682148133721,17.635362309718733,47.99409260912345
2799,30,108,57.96135378297932,65.82467656122012,24.09341565425004,36.23294762509515
2800,30,109,15.919584360592633,63.17475982821101,42.82260191177319,52.79464084057205
2801,30,110,41.98275198005724,132.26974755877714,70.38577128252074,70.08634523617218
2802,30,111,24.942992734358914,55.174289792778445,59.644457740091994,69.12013847870618
2803,30,112,24.48330009813214,34.99925940245373,56.825879591775106,67.02780224314482
2804,30,113,17.607003427906122,16.78967408210282,40.254670020971695,64.56278233761185
2805,30,114,26.598367791722815,26.975368864152077,27.009195196944365,53.10192526136228
2806,30,115,60.93261081670605,66.43548652695657,12.012366741694045,24.436715847497176
2807,30,116,61.679213539679075,60.93569220341309,15.026090188488949,18.19068238608022
2808,30,117,55.50915518564371,49.492998747319106,19.52976914937873,20.778055363810125
2809,30,118,26.595061292980013,18.636490018714316,25.934615081787697,30.768260987583645
2810,30,119,17.291884930871202,23.731990185052748,32.65748344720197,36.39358891247276
2811,30,120,16.779372789921887,22.68224330017027,33.12634082694413,39.57037630464367
2812,30,121,37.41000683025822,76.3976324464392,56.905761647291975,47.89057833398949
2813,30,122,21.432266648555018,20.524262027921765,28.74603050284044,43.11410869603683
2814,30,123,40.83469643020426,38.96627271603309,10.44142970990074,27.67024637151991
2815,30,124,54.745817080683715,55.16755393595873,18.257048100414483,11.847367189599197
2816,30,125,45.313210653042546,38.09036837088361,14.914345942017913,9.696290171595365
2817,30,126,32.96889423257464,21.567001285512195,13.535392118844406,15.943537014494837
2818,30,127,11.649021355114213,18.162595791655225,17.748147215148258,16.90078481992639
2819,30,128,8.292804082298325,25.061278512391528,22.9346859278103,22.53045044176136
2820,30,129,8.294177933793755,20.480073675582236,23.10503182202997,29.45093904919176
2821,31,55,41.68377900687572,57.51422744505973,48.29955394766416,31.77564437852597
2822,31,56,36.052692397609945,47.5021016019001,41.84849309802781,36.96243946621722
2823,31,57,46.81474688501512,54.73530828400058,50.32063860993178,46.091034842937034
2824,31,58,56.64971356403663,32.26752579794491,57.67715998789199,56.69653538832788
2825,31,59,74.16718606399756,51.953462996740534,73.89789680267798,74.19459848271308
2826,31,60,86.69601857990907,57.04302905447225,83.37867911658986,90.07997603278632
2827,31,61,92.9269579833325,57.96622756427522,86.61357009826945,96.62205393898611
2828,31,62,87.80921194863905,32.4417852834662,75.93597162048465,95.82366881889706
2829,31,63,64.16233456288461,30.307815089602784,51.61458925138715,81.04630032909155
2830,31,64,53.69244843663185,23.288904573049965,46.2006185342972,69.84462228541139
2831,31,65,4.665084614535138,67.37225450125739,18.02574443745074,50.405419055192965
2832,31,66,20.10206034401014,64.08114896558234,12.773399937560665,42.01254791336488
2833,31,67,11.614938326036208,17.75066371816617,21.741372293221605,34.34429313584672
2834,31,68,7.525460752577102,23.113133307348846,15.048363716065925,32.08923557667116
2835,31,69,8.800128859219202,15.207583823760794,14.525956632984329,23.94911068092709
2836,31,70,10.616766775555071,17.509656500408866,14.664761144839416,27.821169298033425
2837,31,71,17.87911273090779,15.955250594592432,26.489064465996524,37.239355961110036
2838,31,72,19.285980750404608,23.432516551647858,25.671851612687508,33.843401961867194
2839,31,73,24.3329527654699,23.52527157077252,36.09318565162143,43.29462230857805
2840,31,74,47.40222838594122,58.746039670325366,52.027686764087754,53.12311061894074
2841,31,75,48.15365096543187,53.468830413178004,53.298307000699694,60.53650035944039
2842,31,76,17.598417873080844,16.77079427675262,28.48693980381786,46.79664402677759
2843,31,77,42.95551600733871,58.639271590809955,12.28902173571824,22.45339621998666
2844,31,78,50.30208137002258,55.47536569814398,20.88453915742368,16.192792971120095
2845,31,79,73.38938360890518,75.64526753868293,40.02496588180882,21.824407923240855
2846,31,80,64.48823452647528,60.20316975691558,41.6884307950401,31.397010202471076
2847,31,81,69.57821550427369,60.80854420242922,52.08092650755226,45.08376051136133
2848,31,82,69.70643943544266,53.62598539891388,58.106504061697144,53.91418084736052
2849,31,83,62.2227617443452,33.55656474735702,56.755303487825934,55.110001407984356
2850,31,84,58.92874817821126,25.312849398548476,56.96318435218129,57.35341091068428
2851,31,85,60.647504396919544,18.28377640666837,63.00506494190874,68.07531555724229
2852,31,86,68.0917226318154,38.893142374724924,70.3721177826047,74.53601192956516
2853,31,87,46.63263420910029,23.327848953779412,52.067785179721554,61.52122732508487
2854,31,88,41.933336923465774,23.76910662892911,47.63775389642625,59.57617062650613
2855,31,89,47.3847069929721,20.89516645118383,53.011971294200286,59.01584964562704
2856,31,90,46.73398238524535,22.397436976399465,52.31427957523778,51.21532475371294
2857,31,91,23.298487486674293,110.53576958777926,21.458366506408886,27.539211323562192
2858,31,92,37.272637095175526,6.121151052249285,43.6230356186088,45.30913969119354
2859,31,93,41.14502586198265,13.621151906893887,46.830982604670304,61.88242086106513
2860,31,94,56.75987470465911,32.02443386478323,62.171398193318126,66.70759276498349
2861,31,95,76.60941070171818,46.77350211349693,81.12512515978628,88.19468409023732
2862,31,96,102.08798660973096,72.01804782059811,106.3767572214522,113.76560957116196
2863,31,97,126.07482997252308,97.05725607117655,129.99516953786963,141.49596380820165
2864,31,98,148.55204825832683,111.91581492048758,151.93206213301445,163.3248940307105
2865,31,99,155.54313025023038,100.93865631256114,158.9359480368157,176.6572005668705
2866,31,100,165.61123245403212,103.48846318789832,169.7771494099415,166.05739794055629
2867,31,101,104.26161108829727,29.63340137245374,119.869355947211,155.21284428849492
2868,31,102,98.41745989157727,32.6650631397705,118.33015985349486,170.24014340648296
2869,31,103,65.3890273060435,53.56345474366994,94.50844555631654,169.84096803025216
2870,31,104,52.187124433399696,143.69669034837366,32.6747208844022,105.02300923632583
2871,31,105,88.68586998073982,164.48315087297303,12.481953683083033,68.64444839937173
2872,31,106,90.73755928614723,135.36136221457963,16.521938649185355,40.98933669616199
2873,31,107,66.06902404922981,87.53294456349371,17.635203054971107,32.30310048382525
2874,31,108,58.128208802589,65.75515726026477,24.087037895444418,31.34074357153872
2875,31,109,15.931015619746539,63.580806700194685,42.78514974869614,49.85291507207913
2876,31,110,41.84946883324338,132.64146427745226,70.33414654880353,70.51162615939079
2877,31,111,24.8277861976619,54.77326730294869,59.582037282498554,69.15752321111609
2878,31,112,24.400726986856696,34.881662921291124,56.75551069609977,66.51192884932604
2879,31,113,17.628962012772693,16.79037198733887,40.1790492032144,64.20737866373564
2880,31,114,26.657774021192512,26.98918595075945,26.93147426068855,52.36414266073958
2881,31,115,60.985039388167436,66.51602844181765,12.07666826975381,28.23152937047191
2882,31,116,61.72310580177321,60.94120089575502,15.10491133034275,15.696246195689
2883,31,117,55.54536223919893,49.45383352289904,19.56276606888777,20.018620645017563
2884,31,118,26.625979009615428,18.63347304695044,25.84925089587813,30.571095172971578
2885,31,119,17.30565221957013,23.814607422103435,32.54758314073669,36.463576928897695
2886,31,120,16.78739688360629,22.748224603294013,33.01159487197032,40.22593140034041
2887,31,121,37.37713420356846,76.39572101416357,56.78393025397081,48.40656370399269
2888,31,122,21.43896587903458,20.517741192463514,28.64443832213553,44.66154036069026
2889,31,123,40.83944392450416,39.06154285637973,10.49268921209972,28.30547211466659
2890,31,124,54.741732755033354,55.28147047608915,18.381978633128544,10.79816180563526
2891,31,125,45.31105253296426,38.09269186723521,15.010133852628993,9.977349877231957
2892,31,126,32.96875358559196,21.52296156147666,13.530113332961202,16.446957260329604
2893,31,127,11.653795709902608,18.29829352070665,17.61453299970622,17.39393377238357
2894,31,128,8.292464787850193,25.178942866408555,22.794631102243454,23.25909759793368
2895,31,129,8.29381964816,20.55047295850673,22.96468058859892,30.083860300366666
2896,32,56,36.050022512497215,45.980564805330744,41.60805146328417,34.98990138434471
2897,32,57,46.841938532894154,32.053321223121806,49.97081392721736,45.800403881674725
2898,32,58,56.68044671727668,32.244779570535464,57.231159542639986,55.71696317154669
2899,32,59,74.18140371153369,52.017596095409175,73.38045797558895,71.1485182555192
2900,32,60,86.63984899452915,57.023043919309636,82.80157162479898,88.93340585872417
2901,32,61,92.69711647817157,57.92481983313926,85.99411184252682,96.23214488922545
2902,32,62,86.70280443692936,32.325241445503025,75.26811151169886,92.92378245461144
2903,32,63,59.488808470063795,30.50381351036692,50.88380747244504,76.49702625630042
2904,32,64,47.38319472331859,23.368090441359126,45.43045452563666,69.47642643254986
2905,32,65,13.021654146689896,67.66621782774835,17.183527964313598,53.53199305710801
2906,32,66,32.30274940429764,64.41020741203407,12.073283310592291,43.73380946507156
2907,32,67,5.423050062658164,17.701776723335723,20.826863404487035,34.468449667661744
2908,32,68,10.48488503973578,23.062946614247135,14.241428676642425,24.734017918498292
2909,32,69,10.212407356122503,15.119529496891825,13.793335691607561,21.819889838961384
2910,32,70,13.103881854215617,17.45965780799666,14.011622218696592,23.58920191683325
2911,32,71,16.04064710654299,15.975910212001514,25.765554654179677,36.570597842967885
2912,32,72,20.487036818372566,23.43539361570973,25.100034717785896,37.80307568164865
2913,32,73,21.81026160898624,23.56122743184907,35.319004483732016,43.357324169422284
2914,32,74,44.95911223336522,58.87531952042987,51.223152096289795,53.208179418727916
2915,32,75,46.00678114158825,53.52059826377944,52.55600769620119,60.09888316538835
2916,32,76,17.025031350826254,16.769787884689308,27.856165851494286,47.403908168944305
2917,32,77,45.58897937653112,58.81957118287644,12.775546060645194,25.506218563477923
2918,32,78,52.52741237951793,55.466097306092166,21.548079537402224,14.477951753736999
2919,32,79,75.38192413984252,75.63747250774374,40.74705072724073,22.07804579752752
2920,32,80,66.1169419265498,60.244459780928715,42.39174084559937,30.286091052480447
2921,32,81,70.9837645743659,60.84895158752577,52.76241979960563,44.937180276978175
2922,32,82,70.93946664062824,53.575209943414265,58.76385989366503,54.12983350998703
2923,32,83,63.325329778982066,33.37145427786372,57.38335906370388,54.20600377804592
2924,32,84,59.94314423690354,25.176548102421968,57.55995443254855,55.94778273807872
2925,32,85,61.57254326511724,18.24050600712843,63.55428568008959,66.40800211805812
2926,32,86,68.97198332034421,38.857883130922616,70.89067867061742,74.75054822975986
2927,32,87,47.4574296503741,23.38647725673645,52.53956591501069,58.441981201198665
2928,32,88,42.716044983789715,23.79951950868525,48.06872111337896,57.407890548023204
2929,32,89,48.160469422160965,20.89473095415853,53.41829996075552,63.53158593581661
2930,32,90,47.48463850885212,22.399366352774955,52.68836319347841,54.57967565807724
2931,32,91,22.93979502443929,110.67391900097742,21.4065535926754,28.77489427076837
2932,32,92,38.09049104207997,6.21189697366192,43.96715059935227,47.49534549085927
2933,32,93,41.938590964984485,13.638823344040986,47.14242506187667,65.50591698869407
2934,32,94,57.55229074112275,32.07713384079287,62.46232738615548,65.57016011090106
2935,32,95,77.36864992632906,46.79085472536067,81.38132608560603,87.72753840152251
2936,32,96,102.86549649564552,72.0316554204833,106.61958044139382,115.32089693889695
2937,32,97,126.85842920664764,97.07517163874837,130.22101988989476,140.3857590394871
2938,32,98,149.33981658847532,111.91346084255083,152.1377287946519,165.39214822250818
2939,32,99,156.3388939956125,100.90623105365808,159.11989393807468,181.72813787937767
2940,32,100,166.39211379013372,103.4250226160541,169.9389823092876,166.6760842097301
2941,32,101,105.02511224033812,30.550017355634548,120.00436851212561,158.0273288841661
2942,32,102,99.10251213648515,33.23047758297348,118.43907481283652,173.84262303419644
2943,32,103,65.9258404658481,53.92600799211105,94.58953014981198,159.21434738056044
2944,32,104,51.68218699318841,144.05680740150257,32.719386722829704,123.04065194999805
2945,32,105,88.22115837348656,164.8673987862219,12.47341075229781,76.84707295761017
2946,32,106,90.34587271237514,135.47395762760328,16.51427717667808,66.84609393212895
2947,32,107,65.7358339924239,87.51398095521459,17.635068797502704,47.967976257742
2948,32,108,57.851618932053505,65.71177989472147,24.080794813516547,51.34319897808658
2949,32,109,15.910750808884721,64.06513042835685,42.747560373992016,57.094967355170496
2950,32,110,42.123232201403944,132.75594561067132,70.28190726398715,67.00796821073736
2951,32,111,25.05120766833236,55.63906243221286,59.51857098599001,67.70366469562752
2952,32,112,24.560655641396263,35.04931854444553,56.683763316591666,67.42655836154658
2953,32,113,17.588394484544647,16.789319451378006,40.10182131075361,63.84919987820287
2954,32,114,26.548624215670294,26.989441691284842,26.85206494661939,51.265557856002346
2955,32,115,60.892005192317086,66.512960498944,12.143030937606808,28.673416111201863
2956,32,116,61.644722868430435,60.93672217945876,15.186056033733488,19.328708996836177
2957,32,117,55.48019531438882,49.464333162193384,19.597246116926538,19.001293598149264
2958,32,118,26.568352147037743,18.631785683363596,25.76209306045604,30.204607986130803
2959,32,119,17.279655992798858,23.787323976379774,32.43511759784855,36.120420348943014
2960,32,120,16.772333434958288,22.74367021659155,32.894185526056454,39.6499653056757
2961,32,121,37.4419352879963,76.61184561276885,56.65923164248354,47.53015716959658
2962,32,122,21.426717657057093,20.508160009636207,28.540748213321233,42.57994085921404
2963,32,123,40.83229974330936,39.0235900784196,10.546836649515837,29.212687310164
2964,32,124,54.75165605342508,55.23856886212681,18.510090195208765,12.866785732487012
2965,32,125,45.317075954257014,38.091785060419824,15.108951612314222,10.539316535335008
2966,32,126,32.97064260859512,21.53886576312808,13.52639696487956,16.533480850919933
2967,32,127,11.645675672511777,18.254493821673663,17.478235940944792,17.93992051876805
2968,32,128,8.2933709897208,25.142460696973767,22.651681292203023,22.386652359497884
2969,32,129,8.294741942503808,20.522232571213504,22.821490721017554,29.604358605857605
2970,33,57,47.22009044798204,32.16229715997262,49.71248758787321,44.804313641400796
2971,33,58,57.22587173189324,32.24221194009388,56.852640622436105,55.730603353109835
2972,33,59,74.74226793410743,52.021024607925135,72.91466207449031,72.82371970736497
2973,33,60,87.31694494969314,57.02139825478078,82.26343838607465,86.62738050755975
2974,33,61,93.37254354334263,57.92251360729553,85.40365817043546,96.79900859559243
2975,33,62,86.95672726517341,32.31383453431042,74.61938693585405,91.84356341599165
2976,33,63,56.89192578936632,30.543754157053577,50.16203512735959,68.91778628321444
2977,33,64,43.42094644338468,23.377699225795066,44.66298401015148,65.36647156388959
2978,33,65,22.30641531801923,67.80142465955726,16.33872679015424,45.61664379385276
2979,33,66,40.76549441935621,64.54388695904177,11.39643242684178,36.84041308563274
2980,33,67,3.8881195526434196,17.6969275003232,19.902821357170538,31.92455339342305
2981,33,68,13.496714942678743,23.05809534209024,13.441880596587199,23.78136237215433
2982,33,69,12.060587218744141,15.110210406337597,13.078263622106995,20.527379708488308
2983,33,70,15.048157258117188,17.453543112720133,13.384069799025339,21.9209243179745
2984,33,71,15.404564969360697,15.978545662333545,25.04895597479476,33.53518606934991
2985,33,72,21.47097843000245,23.435677110257096,24.54424547777926,35.07857514045175
2986,33,73,20.544505031745793,23.56469976438692,34.547494610797145,43.61778197076398
2987,33,74,43.65785949598434,58.89097517611655,50.420675476359506,52.50422889199694
2988,33,75,44.88052188454928,53.5259647641053,51.81892440010467,60.09617488001699
2989,33,76,16.874221228780264,16.76961714112432,27.23709705842126,43.635657402629825
2990,33,77,46.88308221057173,58.836391830317055,13.283507027551773,24.427195258287234
2991,33,78,53.60294164630099,55.4656446836371,22.21035891464886,15.120412335318173
2992,33,79,76.31583733505013,75.63717111780782,41.46156941910518,22.512581332811767
2993,33,80,66.88896979376959,60.246114302135375,43.08630711944265,30.62918636416672
2994,33,81,71.65196532429096,60.85066666977207,53.43389450101822,44.71096153503575
2995,33,82,71.53528485615509,53.57118688583991,59.40982122046443,54.56186451678642
2996,33,83,63.875331633783794,33.34894979635769,57.99861843869729,55.04058366943217
2997,33,84,60.460868934911204,25.157887634786213,58.14255586965245,54.15725201165581
2998,33,85,62.06611226882907,18.230798730094016,64.08847695704146,67.39723569289669
2999,33,86,69.43969081792707,38.85267612085237,71.39294852738315,74.93201672870198
3000,33,87,47.922498610241675,23.397636736582026,52.9944730854837,58.599044187515204
3001,33,88,43.16461014992809,23.804601682527807,48.48213118482539,48.23218421747619
3002,33,89,48.60516127653495,20.894684417340827,53.805696363904296,53.977460477640584
3003,33,90,47.91884427110402,22.399648690072393,53.042904495101006,51.9920832757919
3004,33,91,22.736190595668788,110.69310361914366,21.363751758366327,28.131224312606374
3005,33,92,38.579333168952246,6.228305567328604,44.28758192125403,41.49524093924488
3006,33,93,42.41816315840316,13.64265819373041,47.43015229484103,60.43410132950035
3007,33,94,58.03056212299054,32.086389557652595,62.72879271510008,62.966216006572246
3008,33,95,77.83108835463565,46.793269443026745,81.61371087127777,86.65943866942956
3009,33,96,103.33845784629472,72.03383476395453,106.83745680395951,111.69148764271237
3010,33,97,127.33511146648141,97.07793054494059,130.4213114580402,142.77418428347363
3011,33,98,149.81891131017449,111.91291607147132,152.3175773230216,162.10565534178406
3012,33,99,156.815834680159,100.89978264281943,159.2777611995177,180.12287346297484
3013,33,100,166.84985369389545,103.41227437930635,170.07461806711976,173.9073399732137
3014,33,101,105.40450858590363,31.08824654969858,120.11295124603116,158.07122680406573
3015,33,102,99.42277839828142,33.46572459379297,118.52165668332779,172.06959903441367
3016,33,103,66.14320194713079,54.0507854013336,94.64524593116859,157.32280209568944
3017,33,104,51.561052846872535,144.33042743419205,32.74372013688671,115.51807011531623
3018,33,105,88.13032656447353,165.10152717474912,12.471669557757304,72.36117583943772
3019,33,106,90.25551655443061,135.50443310227976,16.524522702453684,43.259490980296654
3020,33,107,65.63776845007372,87.50940042042146,17.63450770364324,43.71176044070681
3021,33,108,57.76306015678383,65.70240563468262,24.067866880152252,34.249427447078546
3022,33,109,15.90528560839199,64.96808407805916,42.68399102915625,53.52972144772276
3023,33,110,42.236513613575745,133.25275286132467,70.20187241966838,69.3541192838868
3024,33,111,25.14233132038606,56.12865773815768,59.427716652475745,67.82650546008756
3025,33,112,24.627013222130145,35.09337510380391,56.58575198540435,66.92154008221914
3026,33,113,17.570186800179204,16.78909008836262,40.00007015664842,64.29973865939206
3027,33,114,26.498769493123564,26.989731749181942,26.750406761926815,50.90809115877214
3028,33,115,60.84487922838181,66.51550475717464,12.22690426502787,25.831941859557986
3029,33,116,61.60233095086616,60.93783175983254,15.286439326552324,15.629949614192192
3030,33,117,55.44309508967212,49.46458168671363,19.639966294579807,21.173162317083424
3031,33,118,26.53827815331986,18.631994119718826,25.65796861104108,30.541570537976057
3032,33,119,17.26644250440925,23.789120603440963,32.30160750896616,36.60310129596007
3033,33,120,16.763587129586124,22.74286129456803,32.75588534165386,40.060679675512404
3034,33,121,37.47379112884297,76.65594497379132,56.51309452914466,48.7735406153142
3035,33,122,21.416247824787487,20.509104847307544,28.420302943706066,44.54678996358854
3036,33,123,40.81432428931756,39.020776873082546,10.61166590037405,26.959000332015034
3037,33,124,54.73871591032362,55.235668297437115,18.658039586999745,11.732212774275974
3038,33,125,45.30433039599946,38.09169522647497,15.223286312496052,9.801072087417642
3039,33,126,32.95839021139193,21.539773836961285,13.524233542340632,16.004731719714965
3040,33,127,11.633781863210968,18.25021163061701,17.323441432490828,17.77627276778907
3041,33,128,8.291710028423097,25.13822429023323,22.489628272675773,23.066595876964623
3042,33,129,8.293219312460264,20.520003678698266,22.65961713529525,30.088143600048934
3043,34,58,57.6034342992867,31.933468919914244,56.39146936913821,54.330522481569815
3044,34,59,75.09836627297301,51.89277785100983,72.36087642704511,71.01377915975665
3045,34,60,87.64607559666071,56.844146052382925,81.63515599328241,85.50376115781187
3046,34,61,93.52397397757589,57.74973435247327,84.72426887599205,91.98270918159066
3047,34,62,86.11436467841311,31.970330269731626,73.88207446236797,93.44174130176121
3048,34,63,51.774008480633604,31.5542727119893,49.35040277906174,74.92824096517307
3049,34,64,37.20131128381071,23.63606207462099,43.80822732603682,66.50250848521317
3050,34,65,34.92448084446346,68.68050832525368,15.407328531255118,39.52877382592885
3051,34,66,51.18099215537471,65.01123544948504,10.695143056618665,29.279572369199727
3052,34,67,7.0095172518361855,17.534877372068436,18.89460491569771,27.591680359320616
3053,34,68,17.498933829870296,22.896855931798353,12.5958684598661,24.02966155304933
3054,34,69,14.740847459277818,14.83677271366651,12.338831263140584,21.95954733474687
3055,34,70,17.54445067703738,17.300526873428513,12.74957721607958,23.13179059456854
3056,34,71,15.07541187505415,16.04551680291833,24.296343933431668,32.92195328321393
3057,34,72,22.773439180281642,23.445335065654675,23.974400228710422,33.54227024716184
3058,34,73,19.23726111533041,23.676761373305286,33.734664723886695,44.33817025016532
3059,34,74,42.17730129324669,59.291663667526514,49.5750884876907,51.460966958640476
3060,34,75,43.61654054840109,53.67945291731598,51.04663026572925,58.995112045592585
3061,34,76,16.82312815621704,16.78443856031066,26.597698731081632,46.14189850658995
3062,34,77,48.17423005376338,59.405827319448456,13.837277252007103,20.075318577218393
3063,34,78,54.669241503480656,55.520476866033306,22.903954129770163,14.292574858964823
3064,34,79,77.21611090763257,75.67911898225783,42.20277781721269,22.90450845306789
3065,34,80,67.65272775062336,60.24140999411768,43.80462275101129,30.806478622291962
3066,34,81,72.3210783922202,60.798372291121915,54.126180884939274,43.96352674373423
3067,34,82,72.14713077872423,53.335363454657845,60.07368322786639,54.0801318650269
3068,34,83,64.46284229633837,32.75607211063022,58.628848709113456,55.77292474540828
3069,34,84,61.02946353301484,24.66112797022609,58.73730467349097,54.763577397250856
3070,34,85,62.63511792525202,17.98151715803646,64.63198917550689,65.4245406874084
3071,34,86,69.9777280492519,38.732908201539026,71.90206670084564,73.44792443159083
3072,34,87,48.49206571190018,23.648577116035398,53.45390617895395,59.13149841714238
3073,34,88,43.72524675951076,23.92139099381503,48.897942398097754,55.60015108258261
3074,34,89,49.16227226179033,20.89420157717112,54.193411579568014,53.27771112205348
3075,34,90,48.46971498145534,22.40701743579639,53.39608075367845,51.78725139162225
3076,34,91,22.47158580113375,111.12261012320751,21.326998137231925,31.880085220218138
3077,34,92,39.21605706413916,6.156744579979042,44.60250965712131,47.31396926173866
3078,34,93,43.05566146333196,13.647611937430216,47.711237093546984,65.2231234640658
3079,34,94,58.666594351911726,32.08832985424114,62.98739515570361,65.08748662973078
3080,34,95,78.46168432458347,46.776577082001594,81.83758593590134,86.11470889301184
3081,34,96,103.98514106565818,72.03304222180184,107.04562807482645,111.63601489947015
3082,34,97,127.99210358984807,97.07672224369979,130.6109695066956,139.7923479646763
3083,34,98,150.49518666431848,111.89875568157193,152.48603891369183,163.0756782250312
3084,34,99,157.51802004862802,100.8886093763183,159.4234879163385,177.57921755734063
3085,34,100,167.54287556309237,103.42434213633896,170.19747935290306,181.38369873928616
3086,34,101,106.06096545843258,32.16809955352537,120.20797087320031,161.77539456281133
3087,34,102,99.99849409085536,33.799670067950956,118.59014582925444,172.8650298309472
3088,34,103,66.57121057741539,54.212275668862794,94.68686450516921,142.73750241617503
3089,34,104,51.22766505045184,144.70417774833209,32.75631733099233,104.93928095161448
3090,34,105,87.83766295182801,165.33602902371095,12.473940193329549,66.62612221496526
3091,34,106,89.99001910514598,135.4739573912081,16.545726254934717,47.32115441861373
3092,34,107,65.38900751207412,87.47276465313118,17.633813302450914,34.84934246849697
3093,34,108,57.546951080398884,65.68234472032469,24.050859758609494,35.34176431760761
3094,34,109,15.8965089339827,66.73710405092275,42.60378265827528,49.21089635327109
3095,34,110,42.467678966125895,134.2088804577491,70.10385354672292,64.33097822516531
3096,34,111,25.33735164534086,57.131595922731194,59.318986066248144,62.673796238120204
3097,34,112,24.770191281587472,35.23842696683989,56.470477166676204,66.57233657749255
3098,34,113,17.529504704159812,16.788632934121125,39.88211505118294,62.37753226670363
3099,34,114,26.383496874111138,26.9934986410345,26.634035825901055,51.109310541392276
3100,34,115,60.729718022707644,66.52617978060962,12.323109461710748,28.603659766469608
3101,34,116,61.498611323406,60.927898901482195,15.400211707627749,15.420791663940264
3102,34,117,55.3525477393652,49.46697119754535,19.68893308849625,19.388448064498345
3103,34,118,26.46845480918506,18.62889461335525,25.542618918194037,30.13777771730997
3104,34,119,17.236566788119777,23.776685892879325,32.153883867150725,38.10878230513811
3105,34,120,16.74334908109085,22.750769083200385,32.603443781479406,40.79771872535001
3106,34,121,37.543223024303764,76.94055735007596,56.3523674591755,47.43754323383785
3107,34,122,21.39037989628621,20.489003812492825,28.288669254294298,42.655742599808704
3108,34,123,40.76532774311078,39.00661637538868,10.685099708004937,26.051873796401186
3109,34,124,54.699208567742595,55.221530426620205,18.81979523620799,10.434813865057889
3110,34,125,45.26653575301765,38.09120345006282,15.34886572167998,9.855145493519595
3111,34,126,32.92323200107995,21.549516150295847,13.524396774586425,15.622470628133927
3112,34,127,11.602687236495148,18.229459018562565,17.156178294106105,15.97186301023994
3113,34,128,8.286918214530026,25.121956096923185,22.314595434276995,21.207032627210335
3114,34,129,8.288778866319852,20.508737424430738,22.48506364770746,28.425599955669046
3115,35,59,76.45701070227653,51.80458543854861,71.76745963251652,70.55021684993459
3116,35,60,89.22547336634726,56.90982430812506,80.95995908779284,84.92860432262577
3117,35,61,95.1602563510191,57.8519924061998,83.99474706212607,92.73346222233255
3118,35,62,87.44046258860749,32.28636588121054,73.09078940452918,87.77288403103724
3119,35,63,49.9904809358042,30.669314426592795,48.479693044862834,72.17399986646687
3120,35,64,34.334776688252546,23.38724673556417,42.8942058495873,61.819289851700994
3121,35,65,42.546933247542825,68.42702998391763,14.415971002022424,39.64583645145294
3122,35,66,57.121779607083795,65.34032418350046,10.007280717423486,26.33103370532428
3123,35,67,9.296225877114034,17.675230197831265,17.825889026690465,28.62638900220209
3124,35,68,19.508072824703174,23.04230019125689,11.732316440490502,22.355238800254934
3125,35,69,16.089567133792986,15.099219292672728,11.604568498858553,22.985682338322754
3126,35,70,18.745360736175588,17.44635809864233,12.135856451537851,22.5682931356937
3127,35,71,15.07303484073883,15.980768054877508,23.527525589299113,35.574773205664336
3128,35,72,23.41525996262635,23.436545121393504,23.407651435984185,33.87640813983775
3129,35,73,18.71478298300023,23.577699927596502,32.89891745661303,43.07953235745329
3130,35,74,41.55987815877812,58.90379154870219,48.705048440116286,53.01934197497316
3131,35,75,43.0960259243159,53.53585317081125,50.25667018268691,60.1300963274403
3132,35,76,16.8313252391354,16.782008464100606,25.953747291447925,45.847846215290666
3133,35,77,48.66252878229407,58.88350085747207,14.423999241188513,25.53614336918409
3134,35,78,55.06182704134916,55.51967741361649,23.613722476630784,13.873171622806263
3135,35,79,77.52810706565073,75.6781797337799,42.95471578395975,22.22890889957765
3136,35,80,67.92529110846208,60.18752086772686,44.53121670899764,31.97319361514408
3137,35,81,72.56191454025473,60.753966051875295,54.82427389492029,45.019148021809144
3138,35,82,72.37470639952906,53.492052695214646,60.74086126521823,55.134867990350415
3139,35,83,64.69323795538041,33.32722272034257,59.25989641149404,53.74603079380155
3140,35,84,61.25950951904722,25.130084054341346,59.33047284566068,55.535911102032394
3141,35,85,62.87657487533254,18.18729602149695,65.17180116048594,64.8637900728486
3142,35,86,70.20491059377777,38.846694503902675,72.40540038588144,72.50368790002236
3143,35,87,48.742788123557574,23.418253790965384,53.90588316246168,61.470352849433354
3144,35,88,43.97247665842554,23.811824259010994,49.30471957098258,62.6243353683571
3145,35,89,49.40714727472994,20.894638541683776,54.570235250390674,56.79616597316954
3146,35,90,48.711119714871636,22.399961554081163,53.73712385069577,51.50069261384832
3147,35,91,22.370045661990684,110.70693282600543,21.297068866099444,27.3005481983427
3148,35,92,39.50236082365915,6.815029968056264,44.90090455961899,44.39365614614205
3149,35,93,43.33736385666514,13.707890212508058,47.97517168618344,60.91538979611784
3150,35,94,58.94634291180222,32.31077738665153,63.22783977276771,63.63714553917495
3151,35,95,78.72951177498643,46.9422610217254,82.04335212261469,88.12416445888037
3152,35,96,104.25690476530308,72.10234928576531,107.23448895060218,113.53295346731439
3153,35,97,128.26267773384257,97.16543707914032,130.78053602178377,140.8336449537877
3154,35,98,150.75676111219818,111.94974850945714,152.63391332431465,163.2775170773116
3155,35,99,157.7480143684259,100.71010467896129,159.54813111572187,180.23766187117675
3156,35,100,167.73263050220143,103.00149831885535,170.29890838764717,173.62536785470286
3157,35,101,106.03467187487539,31.24479339929123,120.28105335550734,169.1001665092032
3158,35,102,99.91194703340426,33.86379856604104,118.63652007146314,181.14119458817555
3159,35,103,66.39609681931002,54.36393111749713,94.7069420493473,172.14245665769832
3160,35,104,51.663902569850094,144.32701324371712,32.75142353409232,123.28789609014167
3161,35,105,88.32587752596638,165.2315881230518,12.482109174443837,82.88124877739077
3162,35,106,90.3752065716574,135.77787771304958,16.582673905930733,45.328482301416535
3163,35,107,65.65398534144661,87.42540806478847,17.633097446556228,29.374337905354306
3164,35,108,57.752222869816016,65.240922909749,24.0283124730578,33.16822355013997
3165,35,109,15.901234397733875,65.87304110046897,42.50065542411609,49.140689080093225
3166,35,110,42.36626295932851,133.83314101416113,69.98123692147584,67.4373609045173
3167,35,111,25.23099321414623,56.99843755536342,59.18598411413262,66.94131107934692
3168,35,112,24.691242948800987,35.406981436121285,56.331919661561585,65.64520146820173
3169,35,113,17.555436358262938,16.783591721923163,39.74245356687059,63.01092723761948
3170,35,114,26.46130815051436,27.012903170497125,26.49809706089076,50.31110119095773
3171,35,115,60.81874029760883,66.77435113015345,12.435786087695368,27.764942715665562
3172,35,116,61.57583577459785,61.0714824837752,15.531716647278374,18.163941869179364
3173,35,117,55.416958081097256,49.42075181216494,19.746223489646102,20.09089096709329
3174,35,118,26.51073228412043,18.650458502758813,25.412645515477642,29.93244199131903
3175,35,119,17.25338567165638,24.03342957363674,31.98764327109478,36.436101472213196
3176,35,120,16.754802664732793,22.88959571549872,32.432626550587685,40.91975787124698
3177,35,121,37.51154255829593,77.12843008552287,56.17270431074732,48.44316191060033
3178,35,122,21.405111599762026,20.615970812430906,28.142576292067588,43.651725693696264
3179,35,123,40.797257169618256,39.05327845719255,10.769699203765986,25.37996050659587
3180,35,124,54.727217636524095,55.27406547101192,18.999356529685436,11.551879681650256
3181,35,125,45.29192278337512,38.09260541656224,15.488915300540592,10.137311289983677
3182,35,126,32.945609851973344,21.52404485557531,13.527599180332418,16.819319094012226
3183,35,127,11.620183067172338,18.30055599955321,16.972927793591325,16.74251568883823
3184,35,128,8.289742723850917,25.182715556402364,22.122920757039335,21.83773561214754
3185,35,129,8.291404356605492,20.543599822007135,22.29426473969792,28.20269849499983
3186,36,60,92.58520517476643,55.48658327738768,80.02372543592756,86.21260491582092
3187,36,61,98.93425215325446,56.75871580293793,83.02406328595899,91.62367356959575
3188,36,62,91.87914055951437,31.20079185403675,72.0749091786544,90.09636387046288
3189,36,63,52.51319860351233,30.810638570956996,47.39681765179159,67.52971119304998
3190,36,64,34.9716313107405,23.73726833553205,41.78427215881019,62.23494983476905
3191,36,65,45.81373415921506,68.51258417279452,13.242019138192767,41.12287829248796
3192,36,66,59.61339383715807,66.04003718542967,9.29718975559926,22.687580000735153
3193,36,67,9.73579454358964,16.955340090578712,16.588885631563475,26.344821442856006
3194,36,68,19.888730125610888,22.442665493641044,10.789713314256973,21.957166938532794
3195,36,69,16.270205594094453,14.492960879940977,10.835344519840545,19.834436845046294
3196,36,70,18.917696525032447,17.069271806811646,11.516298967104618,22.50445648259972
3197,36,71,15.07785308471576,16.11081867539254,22.687831074635678,33.56750860542509
3198,36,72,23.521818819107718,23.477261556326972,22.809646312597824,33.587384157950176
3199,36,73,18.6654118675793,24.009395404676532,31.9813757412821,42.46805051917979
3200,36,74,41.558084727488506,59.63609413124279,47.74927148065776,53.17098107099461
3201,36,75,43.09255595383061,53.96988807105681,49.39487018323309,60.06447023595205
3202,36,76,16.833070016385864,17.00901065414006,25.264566112904223,50.46666214941455
3203,36,77,48.73816105858369,60.64519849861445,15.081911675168516,25.268946445556583
3204,36,78,55.116781440160295,56.31810321151313,24.38398022140971,16.258766856154537
3205,36,79,77.57117285110937,76.27192597917596,43.762596474505884,24.3977999728426
3206,36,80,67.95683875499293,59.42122792392937,45.30873754167995,31.59904496469734
3207,36,81,72.58609327842562,59.43730161687004,55.5684256473668,45.19763226531894
3208,36,82,72.39338886784695,51.923051720200824,61.44941619424018,54.5034200055727
3209,36,83,64.7063757141729,32.347726438050884,59.92768222327686,55.202422337587635
3210,36,84,61.26740250138806,24.729955743008436,59.95596790652319,56.38969718988921
3211,36,85,62.87435177352068,18.20802290090402,65.73921593590258,66.91120562263482
3212,36,86,70.20221507117212,38.73337045582259,72.93257872529274,74.38666373789562
3213,36,87,48.720363987314535,23.53864904009201,54.37777958755227,58.7431950924069
3214,36,88,43.93969802295792,23.897660329336126,49.72795044468058,61.72467833460223
3215,36,89,49.37167358390381,20.894329401437002,54.96063899565415,62.775146628755266
3216,36,90,48.66776572329829,22.40950822204404,54.08908326139572,51.753490592333534
3217,36,91,22.424930093104727,111.39638945670364,21.271646253904947,26.09939761536722
3218,36,92,39.447856781995746,7.795757304386825,45.20556737276978,43.42171138277282
3219,36,93,43.261580135228996,14.048054384169305,48.24336415535901,59.39900812497451
3220,36,94,58.86806483781901,33.15449873115009,63.47086737559623,65.94945506904419
3221,36,95,78.62012813629477,47.305178793218325,82.25011482423125,87.89783704602857
3222,36,96,104.13791659038051,72.35479201396811,107.42299319458428,112.40332492522406
3223,36,97,128.12712875935603,97.45274905381125,130.94852788814288,139.5230313556697
3224,36,98,150.57242886841345,111.90776823783006,152.77907379111025,165.3375120336948
3225,36,99,157.45663179838095,99.78476480692066,159.66892068338495,181.65343351511112
3226,36,100,167.36247069148158,101.59220862319447,170.39545506225406,175.30196145503908
3227,36,101,105.24733575501931,31.442373101391535,120.34803927251689,168.15880242265874
3228,36,102,99.09315986777472,35.01381269043755,118.67581767554206,181.24718776225984
3229,36,103,65.56581709167394,55.242708920676534,94.71930904030813,163.73270917433862
3230,36,104,52.921245065802324,144.12523500527655,32.739614281231084,103.20919310792364
3231,36,105,89.63619099870014,165.3993003979802,12.492925995524413,66.85071465109164
3232,36,106,91.45042578624647,136.17210507493553,16.626916392462896,39.69026345303655
3233,36,107,66.47112537875309,86.61407103555376,17.632711703485445,26.635408624665732
3234,36,108,58.41401145577489,63.06560476523109,24.00335865674651,29.20023091386081
3235,36,109,15.93171630975228,63.188614838131414,42.38595148012114,44.839410131797294
3236,36,110,41.89985883418434,132.03356605373213,69.84592366860966,65.55789105010535
3237,36,111,24.792149302367342,57.219322074397155,59.04023318422226,67.41637178635828
3238,36,112,24.36770066484795,36.095416431122494,56.18096330422156,65.65934665408271
3239,36,113,17.662220827720837,16.805276627771196,39.59112246098372,62.174696416225245
3240,36,114,26.7600325575278,27.32278020367089,26.35164525487676,50.52238297648916
3241,36,115,61.14440470285925,68.4559904076182,12.558467857624263,25.424521149300848
3242,36,116,61.864780301857365,61.77759150249013,15.673761496397598,16.44610324125371
3243,36,117,55.66415039063495,49.177112265333456,19.809218858362023,20.62684005873246
3244,36,118,26.684412437952346,18.781381342772093,25.274851199322292,29.446205248832637
3245,36,119,17.32592139807142,25.332832583714175,31.811037410024177,35.924227012304165
3246,36,120,16.805214580796925,23.79700467513887,32.25147991929718,39.59316888671677
3247,36,121,37.36352560285166,78.8101160932379,55.98227668140756,46.861671374399045
3248,36,122,21.470972191344796,21.009825237305975,27.988600704873363,42.651767761054096
3249,36,123,40.93425096798059,39.47181333800114,10.862540500578762,25.582052134677426
3250,36,124,54.84742082789715,55.766400530892234,19.189464563283256,9.406993445768771
3251,36,125,45.40300011267787,38.108992678852644,15.63814487649046,10.890822341598023
3252,36,126,33.04527434543423,21.324574542693107,13.534391893373531,16.137272488659804
3253,36,127,11.700711605514673,18.92948803343761,16.78080023012094,17.31518761525241
3254,36,128,8.303827706583476,25.723764336849143,21.921842527999765,22.28905662626097
3255,36,129,8.304404838541451,20.82994492775071,22.094309888124574,29.77262501223437
3256,37,61,100.24352951910626,56.61738273793507,81.52891878703312,86.31503490886638
3257,37,62,91.20784564018655,30.99220349369753,70.58738426394854,84.77154233194557
3258,37,63,42.3493111273286,30.98992748349785,45.88593529926369,66.22165594494355
3259,37,64,25.047362894088963,23.838402339087175,40.29103677097572,59.451626315995966
3260,37,65,65.51840634104033,68.66391195648336,11.725052870916336,39.620155078715406
3261,37,66,73.29687071469198,66.31107836692917,8.583857801556093,26.956235223621942
3262,37,67,15.720685667154939,16.806569542175083,15.042574369876538,26.22895620798166
3263,37,68,24.740806175420577,22.317701948246615,9.718645481896958,25.00300261669207
3264,37,69,19.656739675517944,14.352592095172687,10.014374328824616,22.058295107200458
3265,37,70,21.82613048786056,16.986612789846887,10.889331495622152,24.046559416356395
3266,37,71,15.428888278256526,16.144870915476822,21.716373975461103,36.30974276048903
3267,37,72,25.10472993881526,23.487567336234566,22.14853190872406,35.27373706371713
3268,37,73,17.552379289715105,24.093026097934874,30.910923297925077,43.05845205885045
3269,37,74,40.061354229945955,59.82723658525746,46.63225721766902,52.93420024662393
3270,37,75,41.83934943871356,54.062205697178754,48.39544229132837,60.0556479606966
3271,37,76,16.93201788197763,17.04389322625724,24.484261325165534,46.732301345406555
3272,37,77,49.84368032010217,61.006982546372704,15.862642506778224,28.55497658104958
3273,37,78,56.0145641919395,56.418076934196066,25.269081788609444,15.206981946067444
3274,37,79,78.29060392553085,76.34362447472341,44.68040480672107,22.4462685803185
3275,37,80,68.59024341693073,59.34529920050543,46.18778131548999,31.74339570552975
3276,37,81,73.14947240017376,59.28349799733159,56.40608940415951,44.54288698005171
3277,37,82,72.92804764517801,51.67152162008171,62.243954281373604,54.851485361591166
3278,37,83,65.25007803935578,32.094964134031954,60.67408098303977,53.59682221717063
3279,37,84,61.81359324596872,24.578076499917916,60.65311743423992,56.77338978039881
3280,37,85,63.455195179567596,18.17179552119084,66.37042081995193,66.25516574110442
3281,37,86,70.74954992810885,38.69388797959636,73.51767703494492,73.93114909028905
3282,37,87,49.34195074761019,23.607188831809257,54.90101847879077,59.998494575584324
3283,37,88,44.56367867048778,23.934445265215896,50.19680015083434,48.24792634087314
3284,37,89,49.99223420763308,20.894706885387432,55.39246359559716,56.92486177427012
3285,37,90,49.28809220773935,22.413019046473448,54.478086943868156,53.54053336061883
3286,37,91,22.139178571668968,111.6103313561486,21.249781602295077,27.919888459980896
3287,37,92,40.181589673623336,8.058790353083442,45.54196759447196,46.71064968280154
3288,37,93,44.007250191162015,14.143591689910082,48.53975470874368,62.0071806453965
3289,37,94,59.61097069841069,33.37580523940925,63.7395433625754,63.97922028148676
3290,37,95,79.36878165902338,47.39277865135815,82.47910098648053,86.27254165512907
3291,37,96,104.90540576245611,72.41843177970613,107.63207788753895,110.86236517135086
3292,37,97,128.90936809232508,97.52054453612377,131.13533788896063,139.52239727090705
3293,37,98,151.3870015393657,111.8966467929521,152.9411680176065,163.9513830027013
3294,37,99,158.31616360349295,99.60447993071904,159.80474734865246,185.42937351512717
3295,37,100,168.21567575072083,101.31318414604361,170.50517639505938,178.66091493795057
3296,37,101,106.06564241005532,32.12265188060227,120.4261801855949,174.53514512820422
3297,37,102,99.80741308409726,35.702350262667764,118.72435142027024,184.03099257459252
3298,37,103,66.08979754603166,55.65416873115449,94.73893450376688,165.20030484308737
3299,37,104,52.526830126120984,144.41936976098984,32.7323079774469,131.9793185936611
3300,37,105,89.2982865463242,165.7790020694015,12.502752022236011,96.3024108269997
3301,37,106,91.13715451581899,136.3006825622551,16.669266588722575,46.75507532040444
3302,37,107,66.16914980560159,86.45161282048127,17.63278694436382,26.515258242904142
3303,37,108,58.148575816777544,62.680397206153685,23.979141108215913,26.946790116754247
3304,37,109,15.913223241522704,63.20377552758788,42.271738379499524,41.87270026139621
3305,37,110,42.18771716284357,131.94704687024,69.71056949575735,63.64467491379912
3306,37,111,25.03661663813065,57.69769460478097,58.89396551702519,67.9950478101651
3307,37,112,24.54687049504573,36.25577783977252,56.02913009848426,66.9043984400443
3308,37,113,17.606083225320777,16.81464705122411,39.438705679840616,64.21204891135267
3309,37,114,26.609933333281177,27.39611892478425,26.20415642770634,49.21293415244385
3310,37,115,60.99216425534092,68.8147747258234,12.683989626560901,25.355078080621922
3311,37,116,61.7263366434859,61.89747812662199,15.818550491607006,15.703986100583178
3312,37,117,55.542346689300025,49.15361441540883,19.874812401355424,20.700403041215196
3313,37,118,26.591293983224727,18.80051368884765,25.13620423165118,31.778646996320603
3314,37,119,17.285405007521543,25.485115184082147,31.63253044413286,37.03194300187203
3315,37,120,16.7769509346767,23.890523387048198,32.06835011082131,38.865843713977966
3316,37,121,37.45414233377625,79.20143606226986,55.78957888784513,46.941836875336534
3317,37,122,21.433974287155213,21.04722667712375,27.833473665724455,42.34098805398147
3318,37,123,40.8616572979033,39.47475654477828,10.960009392671417,27.940912400255183
3319,37,124,54.785459370074506,55.77562264000728,19.3824923578807,11.251873129036724
3320,37,125,45.34430418826209,38.108902439459406,15.79081787967573,9.906242590163048
3321,37,126,32.99134950434233,21.32513411153717,13.544833628526662,16.63957240297681
3322,37,127,11.654888476700785,18.936731961809436,16.587065432697997,18.510477766861083
3323,37,128,8.295737604977768,25.73246273051291,21.718796556702443,23.858675562692984
3324,37,129,8.29696119867064,20.830192257430475,21.892473913729006,30.207732374033412
3325,38,62,87.43880409336803,31.06553027113387,68.87024581891541,84.84002529997076
3326,38,63,25.154428120972877,31.021540592134293,44.168132484375874,67.43861368089473
3327,38,64,15.782846789756645,23.831414293781325,38.6182961683564,60.451143850654056
3328,38,65,89.11891090414834,69.27812995854514,10.07345681532136,35.46483321835635
3329,38,66,88.14949117555861,67.13063641510699,8.11227292198424,25.409409931148215
3330,38,67,22.38391488252441,16.87475057044995,13.3628442493718,27.77074075779637
3331,38,68,29.924912981379645,22.366893500804686,8.717838902771168,22.58076834859503
3332,38,69,23.33218991025998,14.381311549326629,9.31422425287458,22.615819235942695
3333,38,70,24.880240370580026,17.00532438799273,10.392449003683213,24.74407246907377
3334,38,71,16.23898056781289,16.13983039058551,20.73147339394307,33.952884648429986
3335,38,72,26.766063382090582,23.4834987468253,21.513340086818253,34.45821251218015
3336,38,73,16.63086861628097,24.05645752667038,29.80169026566244,42.94483452188505
3337,38,74,38.54675277091338,59.80106316848392,45.470687780068104,53.16323457394542
3338,38,75,40.59547341967319,54.03369771814587,47.364723658976125,60.03374610808781
3339,38,76,17.087173310928705,17.002665823164794,23.700740089460393,44.79525268593631
3340,38,77,50.66334547361222,60.89890629802086,16.687686581767263,25.65034406781307
3341,38,78,56.656457120711806,56.2920491754361,26.179087824640852,17.29643555527908
3342,38,79,78.73804280229092,76.25222178534092,45.61528231638954,20.997817850642644
3343,38,80,69.02706428373092,59.51657167656782,47.0795466935784,30.181395352050664
3344,38,81,73.5536120909161,59.51759049915995,57.252313130322705,44.896471848449444
3345,38,82,73.34753954623442,51.84780942358612,63.04304354794804,54.72278959307962
3346,38,83,65.73144636658304,32.12332506187077,61.42116808899762,55.6914063495263
3347,38,84,62.33218618739888,24.570448154840296,61.34736719657839,54.758449449706944
3348,38,85,64.06514463169279,18.162551198642493,66.99562845287663,64.71296162210801
3349,38,86,71.32195342059946,38.6934409095477,74.09383721737777,73.118344326865
3350,38,87,50.06210818117178,23.613058180485666,55.41297038810232,59.96117585893813
3351,38,88,45.306972758958835,23.93615040825207,50.65222063800167,58.29991103855478
3352,38,89,50.733824329959084,20.89467985949765,55.80844893233327,55.04084249836594
3353,38,90,50.041390462564344,22.412822913436976,54.84966762041579,52.85298232803952
3354,38,91,21.806820092437274,111.5840956195132,21.235181923453883,28.54665703075829
3355,38,92,41.100337874525394,8.376024036432883,45.85543303197716,43.96753542497307
3356,38,93,44.96143415419049,14.250952202020226,48.81250429521919,56.622107051536624
3357,38,94,60.56181621375567,33.621652221841494,63.98342277233789,62.16853964593609
3358,38,95,80.35096495458211,47.47050057917244,82.68351077322907,85.09355292164304
3359,38,96,105.91444743928503,72.48102169436497,107.81518168865325,109.95888486971276
3360,38,97,129.94522243662817,97.58763069834784,131.29530229480815,138.13861661232787
3361,38,98,152.48832001602514,111.88614523512206,153.07592779011608,165.44406490120411
3362,38,99,159.51759150252656,99.48480400872401,159.91276188831998,175.6927257353137
3363,38,100,169.4322838400957,101.12873273993806,170.58681146913727,182.7574566846561
3364,38,101,107.33294975127689,34.5688102414311,120.4757655837094,170.67591346204256
3365,38,102,100.93622995037761,37.62383088518125,118.74428438882754,169.70605718537956
3366,38,103,66.95903014235053,56.59016563219598,94.7308703411595,150.2138811899216
3367,38,104,51.78156072226963,145.52696696158222,32.702683159729034,104.56244381584797
3368,38,105,88.62527007333773,166.85668222334726,12.520528384103123,77.69033576347357
3369,38,106,90.5304608827571,136.50459018006646,16.73185928188703,31.819850108733583
3370,38,107,65.61387656382874,86.41865486095195,17.633599135273617,27.704380241864055
3371,38,108,57.66755063082721,62.69806159194473,23.948642234481444,26.334728043657446
3372,38,109,15.89490504312201,66.18134390995532,42.12904606682864,40.02526301553515
3373,38,110,42.66977864573794,133.896305655724,69.54470074707514,62.0428629680378
3374,38,111,25.456883251456144,59.497153903050034,58.71770573387767,66.8140546627525
3375,38,112,24.857814958163495,36.454997399359684,55.848657180176424,66.86926015474859
3376,38,113,17.511107206653662,16.814017642130043,39.25976048250455,63.91888137803247
3377,38,114,26.341020387744756,27.36001993415529,26.03303304179658,48.96040077662356
3378,38,115,60.71054131701328,68.75467586777293,12.83053608732063,25.0378899412874
3379,38,116,61.46977865691669,61.798362512129316,15.98551187389231,15.040988927865373
3380,38,117,55.316763437289666,49.19267920780009,19.951586415648322,20.093841890037623
3381,38,118,26.423752746336998,18.75893442820522,24.980493294602567,31.289000773116967
3382,38,119,17.21477315780454,25.210976481784744,31.431968564006883,37.87002088655506
3383,38,120,16.727297692787303,23.67959840231534,31.863376939783333,41.21155348074978
3384,38,121,37.61254050066746,79.48810717502612,55.57429529351451,48.54698041419316
3385,38,122,21.365575227894468,20.961274070970536,27.661521761490075,43.81071188567857
3386,38,123,40.72018333564805,39.329162819363134,11.0722655582392,24.799841985906035
3387,38,124,54.660023836963504,55.608974883761334,19.596900753421288,11.747518683400438
3388,38,125,45.226596142061865,38.10193310433969,15.961268767001453,10.058174241515909
3389,38,126,32.88442796769141,21.396954459120693,13.560482981944933,15.896850835259668
3390,38,127,11.567512914235401,18.722408982717738,16.374808035528837,17.365837497675454
3391,38,128,8.280740839593262,25.551031082618426,21.496305402061726,23.045501513966382
3392,38,129,8.283009598759227,20.73197652662585,21.671692429211188,30.134987851148903
3393,39,63,16.298524344527554,36.406885979682244,42.28194514187416,67.83975642070081
3394,39,64,17.12036437292122,27.298662981575482,36.80527678809512,56.881637917843086
3395,39,65,102.96529223280957,77.72809682746627,8.35964200918186,32.81290449906287
3396,39,66,95.9746907385361,72.23752543230651,8.03880077721051,24.62281863397641
3397,39,67,25.637765749000177,14.005372187396025,11.593854630333244,28.37852764618031
3398,39,68,32.35649446881975,20.17707153337683,7.911960985801162,24.13099577591804
3399,39,69,25.021270233687726,12.125066424102567,8.833005777342573,20.824701396378483
3400,39,70,26.23648616075958,15.738368069616518,10.093178169907308,25.52193805499026
3401,39,71,16.715140780421113,16.9296569178611,19.771379063211008,34.244004932526295
3402,39,72,27.46727657307661,23.752814240985266,20.933656894650998,34.82518333807349
3403,39,73,16.319375886148986,25.55212860259545,28.685670819115828,43.616470017216336
3404,39,74,37.910544993478034,63.04962189937081,44.296822985225845,53.17149083006769
3405,39,75,40.08836943729329,55.7547106310299,46.332743037418176,60.689120330582895
3406,39,76,17.13571668897589,17.723571232748576,22.93978376866408,45.98802326515169
3407,39,77,50.780559171377334,66.96931274644322,17.530521157467803,22.675825047548336
3408,39,78,56.71866174823696,57.80707938354752,27.0871733400493,15.765327905022
3409,39,79,78.70164155822374,77.30435843885958,46.54014274063203,19.085701479745584
3410,39,80,69.04661283509336,58.030289413834986,47.95797301521811,30.678244200332134
3411,39,81,73.58930722804942,56.84154555487184,58.082012036432666,44.319679319305905
3412,39,82,73.42629937890096,47.965739806668815,63.82249133414237,53.65245507652644
3413,39,83,65.88074956920232,27.841362737273506,62.14563918325703,55.612385322280346
3414,39,84,62.52594212827329,21.657532141662237,62.01627841874073,55.4645708044765
3415,39,85,64.34321321511918,17.09015988584787,67.59365730557454,65.49310876351724
3416,39,86,71.58065400941712,38.13790136716949,74.64067145922185,71.8361389932607
3417,39,87,50.43782306860002,25.25971978412729,55.89437576058666,60.73904420539749
3418,39,88,45.70461734907993,24.683696752338033,51.0759248094416,64.31640755717123
3419,39,89,51.13089034045498,20.94335514457016,56.19084464836545,63.7278611629887
3420,39,90,50.449038467064575,22.513691757764665,55.186893168205486,52.38843334841421
3421,39,91,21.647296669546577,115.32855009149856,21.227096072406102,29.110577426279917
3422,39,92,41.62030403406591,8.68212366566393,46.128941322649816,46.03890861086918
3423,39,93,45.50300181887104,15.099032544159193,49.04556673287974,62.904314204125534
3424,39,94,61.099717343252514,35.28205701296553,64.1868797599025,62.03855917559383
3425,39,95,80.9029255002232,47.90431138281649,82.84888429115055,87.37797972762814
3426,39,96,106.47812389084139,72.86031183325076,107.9579166485825,112.75813478807216
3427,39,97,130.51885646764768,97.97701898226525,131.4143530080595,139.755138798217
3428,39,98,153.08303421481435,111.64600665676726,153.16977210392804,168.2265927157946
3429,39,99,160.12174521025946,97.93595209184059,159.9798451801952,174.1063455115969
3430,39,100,169.9984230780019,98.99888944885673,170.62828203352504,182.09519562593312
3431,39,101,107.65120854043039,44.44236254371206,120.48463114037196,153.29613453770506
3432,39,102,101.13115829413276,44.18705871285725,118.72401322295934,143.88260814945784
3433,39,103,66.95505756627313,59.35259930827633,94.68441483192773,125.63188795489741
3434,39,104,52.21272071477232,147.85024551110197,32.64259927924823,78.79495014138081
3435,39,105,89.15894996326105,168.4272962043253,12.549594766242365,53.47343170815355
3436,39,106,90.92778052904411,135.84934365342096,16.821842116396454,23.87523187940726
3437,39,107,65.84213723903186,84.05766788661302,17.635981123298066,19.652511578373684
3438,39,108,57.82893748286292,56.16963864106407,23.910329362708787,25.82425064198015
3439,39,109,15.89622979212968,76.02620045369798,41.94914492521263,40.753650132613835
3440,39,110,42.66734246872098,138.62158562507904,69.33911125025061,63.90077439610608
3441,39,111,25.427227314254672,65.01768066322629,58.50259499251908,67.39441233414132
3442,39,112,24.83506446581517,37.448160607186914,55.63125458470919,66.44569833819295
3443,39,113,17.522153744875098,17.211618878820264,39.04678844571722,65.70614164256128
3444,39,114,26.379172331843055,30.158268146586458,25.8318068785282,49.35568776134546
3445,39,115,60.766141292630074,82.10159837208234,13.00426332564309,27.385253835377856
3446,39,116,61.514504437168775,65.35275354102937,16.180884405597933,17.65806173651003
3447,39,117,55.350366995779666,48.842116005579214,20.04294248643909,18.778022950373032
3448,39,118,26.437673035569947,19.23364087522218,24.803455806406056,30.254977172383473
3449,39,119,17.21877360526612,27.914448755118713,31.20368622930052,36.78282458294101
3450,39,120,16.729794022867456,25.253848438530085,31.63099398661933,40.32936301853332
3451,39,121,37.61444957740771,87.21353217463997,55.33065297734329,48.731670257076246
3452,39,122,21.36781459255995,21.53538807350872,27.46861802310449,42.77688588164597
3453,39,123,40.72956285310332,39.77067422916165,11.203412395736173,28.305847475080245
3454,39,124,54.66976726516731,56.137844583292576,19.83809784261139,9.330869548498397
3455,39,125,45.233282022042914,38.122301478282914,16.154055995464333,9.648856426530395
3456,39,126,32.88854699174635,21.21195283803991,13.583043561106535,16.064331290443718
3457,39,127,11.56812712979793,19.3639420357874,16.139573171205694,16.333018234864394
3458,39,128,8.280700694571912,26.10301316646901,21.249639312134835,22.19817004491894
3459,39,129,8.282970882859743,21.00325478150786,21.427370768671864,29.18481407484339
3460,40,64,38.79517573862558,24.630962702621982,34.62887114880737,56.55327445846793
3461,40,65,132.68599991843743,77.651363613739,6.506200056119373,35.64099777922162
3462,40,66,112.11847067603205,72.19707717833475,8.533071379002074,24.962961757880706
3463,40,67,33.121214324770875,16.493233398589776,9.593172146662393,26.12184049608398
3464,40,68,37.880829811841096,21.954549622772195,7.414202657584544,23.355711722676077
3465,40,69,28.96100965328928,10.618238224135464,8.653255151593944,22.390301026021902
3466,40,70,29.33808980351365,12.15701873370028,10.04517332072508,22.298151926284156
3467,40,71,18.043692441504223,16.256048207490892,18.787104752711464,34.178806223039146
3468,40,72,29.020155314674234,19.31816182676741,20.389012010882674,34.15293572728186
3469,40,73,15.758867122294012,23.030873099549652,27.489424147345893,41.901754620391934
3470,40,74,36.40721096872237,39.72627016293968,43.03013721259621,52.482932233207436
3471,40,75,38.91129489319976,41.843142098946345,45.229988639128706,59.44043388073443
3472,40,76,17.212985431996202,18.203985581833507,22.15562911382585,44.50109776258732
3473,40,77,50.73908483945064,27.103123323100483,18.444223628379007,24.045337995326253
3474,40,78,56.580474305575606,36.781123124893746,28.05033242631745,15.480189643321562
3475,40,79,78.3216398312943,57.05622196798477,47.5117801788823,20.585380907183442
3476,40,80,68.86953844021346,56.85810448478698,48.876213702025034,30.280181531893124
3477,40,81,73.48762043500207,66.00576690867204,58.94498369582594,44.75731779401974
3478,40,82,73.47028076643798,70.4914626709112,64.62906717448098,54.76107735265432
3479,40,83,66.14539940834955,67.20688050350175,62.89136654089163,52.119775535689705
3480,40,84,62.93377774091348,22.940074167799015,62.701035424090826,55.055363893161456
3481,40,85,65.016435413643,17.35061148390966,68.20236965604325,65.86042690206521
3482,40,86,72.20529674090088,38.366491618094464,75.19384452915277,72.91471936651679
3483,40,87,51.439318948074714,24.512514083423383,56.37809824486665,59.95515341274595
3484,40,88,46.796398095271755,24.320818488460215,51.498413716605285,61.37527565894396
3485,40,89,52.227083899553755,20.905269806896662,56.56881372086333,65.60571378338041
3486,40,90,51.596181009229994,22.446835088978464,55.517162649478074,52.52847370003216
3487,40,91,21.255852140332,112.86825086379365,21.22363982135714,27.332007236055013
3488,40,92,43.09025296375417,9.65361911678361,46.389290929903666,43.45258662602161
3489,40,93,47.08530986680438,13.905740990977387,49.26426501752101,61.42303895380361
3490,40,94,62.67670869767193,33.16788199342518,64.37432919193617,65.08517749891993
3491,40,95,82.59733645477041,47.57550935008252,82.99778219880129,87.00180706924833
3492,40,96,108.22408856536765,72.36866070432116,108.08254867701567,112.02053414319721
3493,40,97,132.33133587651193,97.45227877181904,131.51424258715562,139.64166168111302
3494,40,98,155.07233773737525,112.23489487584938,153.2437372793667,165.21316836478485
3495,40,99,162.40319273353003,100.6220445074914,160.02625774680783,176.8938622956285
3496,40,100,172.37868924224324,101.91898226427892,170.64784095823546,185.7696006310343
3497,40,101,110.4468315023145,40.95387304597551,120.47319876018214,150.3966354474616
3498,40,102,103.69310166933595,41.58399950097506,118.68111685938082,149.0375986653577
3499,40,103,69.06756955702194,58.1451719207424,94.61574093611023,133.6149895126407
3500,40,104,50.10752444038061,147.13784123482742,32.56449931152686,76.65930091463879
3501,40,105,87.14758930602504,168.22148407545342,12.586546616920502,36.18640240228474
3502,40,106,89.16799794575091,136.89926155298787,16.929517529548015,22.176615117814737
3503,40,107,64.325399972195,87.01914723652878,17.640609545755396,22.819402781657537
3504,40,108,56.53967352970194,63.01767688173558,23.868041676454947,25.321556230149064
3505,40,109,15.919442778512519,75.80910867653802,41.745275936018864,42.90276748022053
3506,40,110,43.83350142196097,138.62686363930385,69.10767932637803,64.01391059418418
3507,40,111,26.47930234429479,64.66978074264583,58.26208022983831,67.23120724179564
3508,40,112,25.625994781459433,37.32624271573184,55.389629006632454,67.04939723988662
3509,40,113,17.30340965892664,16.849970450241827,38.811524811049644,63.030605909217776
3510,40,114,25.67504452807711,27.455576984403965,25.611102610549434,53.90407745471261
3511,40,115,59.99748187643619,77.45051352468312,13.197559229877204,27.727404067712186
3512,40,116,60.814113760531804,61.851347692436065,16.39622615270271,18.381560700529466
3513,40,117,54.73631288703436,49.321881284279996,20.145828272486693,19.687875855433244
3514,40,118,25.999753589439724,18.715190488566048,24.6131105092355,30.168859329023825
3515,40,119,17.046083562457,24.884839698069342,30.95723628185994,35.734537020279355
3516,40,120,16.60885227283185,23.399375348789807,31.38062924407275,40.10899461860892
3517,40,121,38.01598342339671,83.13917211723744,55.068208989447484,47.502525002171765
3518,40,122,21.186883427587002,20.882840482881313,27.262492409645905,43.824678622764935
3519,40,123,40.32750829221779,38.83503671165938,11.349804317185527,25.86126502507217
3520,40,124,54.30054715571883,55.03444859336863,20.097553663990695,10.918345204507258
3521,40,125,44.89040485267964,38.08728754261397,16.362880219923355,9.212975007297567
3522,40,126,32.58094366392195,21.65530496342981,13.61307596159851,16.020206225790435
3523,40,127,11.328182338059182,17.972671826876198,15.889722038932977,17.147618196601243
3524,40,128,8.245388230695761,24.911099386886757,20.98728166071507,22.47043977995369
3525,40,129,8.249491848161483,20.374124342019268,21.167817408307794,29.045387401470943
3526,41,65,150.75988817089845,76.22276111669693,5.071492854206872,33.34824919149453
3527,41,66,120.63717379750167,80.7640500675213,9.546513682555752,21.940337931335893
3528,41,67,37.465802028305305,35.14681142539119,7.703805871820675,25.379540381123434
3529,41,68,40.72703134118497,25.821802783323584,7.442832057719507,21.24011178118251
3530,41,69,30.91964198841088,14.019229547141515,8.865712981735538,20.192228256479467
3531,41,70,30.62503706260341,15.295751297341937,10.285859647509499,22.082439626097347
3532,41,71,18.699040221514988,15.41863140167683,17.942195473946523,32.92607693518768
3533,41,72,29.253217195208826,19.93304700774202,19.971027903217983,34.252110842177245
3534,41,73,15.769317470323806,20.164109849853006,26.393951652790822,42.66678728672438
3535,41,74,35.76969131414586,56.05231818000846,41.863584912887546,52.065851838966395
3536,41,75,38.51766124486116,57.4218907266168,44.22792988948413,59.444225969263904
3537,41,76,16.899891403473152,16.887813045734493,21.471623055264093,46.92890526713477
3538,41,77,48.911330779031324,30.553299547130024,19.285115568436183,22.806084508535484
3539,41,78,54.86026994584108,40.19847260122245,28.921294913262916,15.126799460090531
3540,41,79,76.37901574884596,60.47623470309953,48.38370952460549,24.47709958260441
3541,41,80,67.46184049746029,60.12372224824336,49.695660610235436,32.10347898362236
3542,41,81,72.33964734526748,69.14132679005596,59.70992671183364,44.21652692719263
3543,41,82,72.66582787898666,73.49541735682797,65.33809416501232,54.29822368814952
3544,41,83,65.78329635577704,70.0677502187151,63.5400661730298,54.12957652479475
3545,41,84,62.865872738137995,68.6928423466144,63.28937558578364,55.396438009574695
3546,41,85,65.4469546515023,20.817703942546032,68.71728579217958,67.36645926771136
3547,41,86,72.5897110367385,41.049947833526204,75.65402296639968,74.7268847047609
3548,41,87,52.49140931156561,21.19498075928091,56.771532915984004,60.01427731098017
3549,41,88,48.0341169417146,22.539803577281692,51.832809878033,62.99498989601241
3550,41,89,53.48134629401968,21.02340671479123,56.85881709644621,61.101801255288485
3551,41,90,52.958399482599695,22.41713180132616,55.76150044195247,54.4168762009408
3552,41,91,21.02210268806839,105.36660889387254,21.223714009119192,28.94931763104308
3553,41,92,44.9475302394989,14.112408469501519,46.55795418218004,43.86940673154969
3554,41,93,49.15674128025883,12.834007557630889,49.39581592464231,56.95535283699073
3555,41,94,64.74210882376097,31.53229804418546,64.47479859799213,62.426245709847564
3556,41,95,84.89657522909695,48.11972031891644,83.06532009256085,86.76807511381018
3557,41,96,110.59945860047021,72.14842982978783,108.1242798210363,113.0363625539366
3558,41,97,134.82052755074074,97.12750588473078,131.53188763730617,141.24292998980133
3559,41,98,157.8724945585865,113.3829910218848,153.23728154294622,176.817835381581
3560,41,99,165.72440427575896,104.02097713605356,159.99349794491198,181.2658239080181
3561,41,100,175.9033551721482,104.26489825947733,170.589682658648,191.58324409610782
3562,41,101,114.8159059438821,38.78226468839222,120.38390102329615,150.00807306658186
3563,41,102,107.73645629846587,44.06136226592765,118.56420949457676,145.12726340440892
3564,41,103,72.50692353184907,59.68456396032769,94.47761004486942,125.72989285794208
3565,41,104,46.656892114013154,147.39164580399216,32.432635271452504,85.72303167133651
3566,41,105,83.77229217200988,169.6953757528443,12.645819385089167,44.7209460445196
3567,41,106,86.22649087577727,139.6065917730724,17.08580987031529,21.367163403723023
3568,41,107,61.82222829438356,90.19693654223578,17.65025342531275,20.028261291021142
3569,41,108,54.4244592752289,66.61232314398363,23.814271306947084,24.475210951726424
3570,41,109,16.177369897609474,79.15933516388517,41.47919496617588,40.860063902801635
3571,41,110,45.703446666859605,138.05854882710182,68.81011483678502,63.36477583187267
3572,41,111,28.196664222953785,69.12224112053437,57.95733560455581,66.66941005786822
3573,41,112,26.948202917359065,38.185328947510634,55.08736002066562,66.66350559221095
3574,41,113,17.043333386655142,16.78780168994769,38.52085698143132,64.80086859891188
3575,41,114,24.515855036949535,26.7490625943325,25.342000017301284,48.3666727278694
3576,41,115,58.687277309902186,65.58490180648465,13.435899102332131,27.25447650113685
3577,41,116,59.61663450622622,61.1818847700393,16.657966761865747,15.601555432065092
3578,41,117,53.68635403368692,50.06355551328261,20.27337888611358,20.361008428284094
3579,41,118,25.27623774046782,18.84185431382225,24.389557894704307,30.930324295067475
3580,41,119,16.796587800703875,23.12807248858028,30.667012020285892,37.81068111813752
3581,41,120,16.440787707716638,22.376931144752284,31.087072318764825,40.27269275418272
3582,41,121,38.6876101857413,75.87011284879772,54.76097055693093,47.201823507723205
3583,41,122,20.892619703456468,21.026672026658133,27.02381749381306,43.04855285104383
3584,41,123,39.61293235823171,37.73654577586681,11.526973765057031,28.023236076090075
3585,41,124,53.63066022882573,53.54590618150949,20.39924531394168,10.442253514468463
3586,41,125,44.27114821932198,38.14583293618199,16.60710729297593,9.296284010904648
3587,41,126,32.029356102116765,22.389805136682863,13.655184716529037,15.266406336724925
3588,41,127,10.91646500250354,15.85795164327953,15.604314356582464,16.18726298102032
3589,41,128,8.210482152131412,22.986553536722482,20.687302609863902,21.301638465615575
3590,41,129,8.214492876706602,19.28721042647149,20.8716554101156,28.625390697041524
3591,42,66,112.85900219190523,78.44487572007368,10.751747353019642,21.500008637337565
3592,42,67,34.52099145872632,13.497048779305034,6.1731283816840214,24.286572832859683
3593,42,68,37.34673983181835,21.30244984335579,7.876686434829563,20.83064044896522
3594,42,69,28.127135546483405,21.001641922416677,9.332020102178985,20.089463148633186
3595,42,70,27.585138893802984,21.73565589905974,10.697164252990973,22.022706321482758
3596,42,71,17.4237633813645,16.748363958003825,17.30871876689315,33.209743930255584
3597,42,72,26.415653911949505,22.760075486385638,19.697382241879897,33.20270394039479
3598,42,73,17.158898923768664,16.62342546314797,25.509130834103964,42.22059749009341
3599,42,74,37.2512039287673,30.118978597429813,40.92195970820009,52.488042931051524
3600,42,75,40.07071282617893,33.3802738736044,43.434815176951815,60.10905541019855
3601,42,76,16.243239793990806,16.374036766468205,20.952470437014703,47.269333465750414
3602,42,77,42.5180648181104,36.182887851343814,19.955409797605856,26.328802502278048
3603,42,78,49.060946410492434,45.71844426634196,29.606303154767897,14.685009243644481
3604,42,79,70.35791201188226,65.94769746593295,49.0654214279549,22.767347714994965
3605,42,80,62.84513546755229,65.36515154837848,50.33143495412095,31.69102459337651
3606,42,81,68.46162405446097,74.18253809804011,60.29720549674254,44.38423857626095
3607,42,82,69.65417085022908,78.34020123565656,65.8745894344828,54.82234146695779
3608,42,83,63.80664450175598,74.705960487358,64.02112396395974,53.904446191238826
3609,42,84,61.585975748643264,73.1448630605923,63.714779958562474,56.11636306051829
3610,42,85,65.2935565973046,19.742614876249057,69.07677614656717,63.85859664767931
3611,42,86,72.39130171856338,41.708966125750656,75.9631185195325,69.38716310645678
3612,42,87,53.74882557920688,21.50593451265624,57.0206041608476,61.13916356544756
3613,42,88,49.73603130854042,22.64302544510664,52.028722270654896,48.96556708687064
3614,42,89,55.234573387959735,21.048346013079694,57.01282306200479,55.18541717609622
3615,42,90,54.97623819485977,22.43153955181587,55.874756910332664,52.65948710426772
3616,42,91,21.50133744725939,105.24387640944283,21.224228529355454,31.140401544052267
3617,42,92,47.93252899424463,10.48311308713579,46.59287919326482,44.55010645896655
3618,42,93,52.63810379947672,12.616607653561953,49.3969027130135,59.66340592495567
3619,42,94,68.21725071786697,29.85547421704421,64.44836972359074,64.98907010153087
3620,42,95,88.93499818525667,47.2826526481049,83.01286558016493,86.47001924421562
3621,42,96,114.78762192142987,71.46333284609328,108.04696264386371,112.15868564023744
3622,42,97,139.26348111867628,96.32142248907982,131.4317844804442,136.9471613999793
3623,42,98,163.02342829881627,113.38229327171896,153.1153517663391,164.15709780369136
3624,42,99,172.0985904254525,105.92613860175024,159.84846268608487,179.0890949763804
3625,42,100,182.8364654669438,107.61070156869671,170.4230042198848,205.49540498714623
3626,42,101,124.16050832487369,37.19080597007206,120.18686701770744,151.17689023260567
3627,42,102,116.57156198975206,39.39768582613908,118.34595454853572,139.4262223860323
3628,42,103,80.48158470305079,56.70211801661564,94.24499056581408,118.20761538145769
3629,42,104,38.567796780591195,146.82741658176764,32.22869007156643,70.31789475533007
3630,42,105,75.33133843705204,168.75631735456471,12.738478018178123,32.15755411930513
3631,42,106,78.96385730936501,138.66287170015053,17.30855412029916,12.795112063007602
3632,42,107,55.84269603310422,90.86838871901598,17.6694909058706,17.395595235417826
3633,42,108,49.460049645528734,70.01088543317758,23.74749211858345,24.2767782507799
3634,42,109,17.71625836786444,77.54189625843757,41.131501804498214,40.18994567069906
3635,42,110,49.91405866210688,138.38701641500663,68.42585882489531,63.285703420752995
3636,42,111,32.161052268640894,66.77114462243422,57.56858250692371,67.91155978884285
3637,42,112,30.116896591354994,36.24525114688971,54.706079041442266,66.79864424272297
3638,42,113,16.971355126399484,16.999917045291784,38.158348163911505,63.9072999850583
3639,42,114,21.898597880050946,27.1568324627895,25.01073804873769,52.14226295360016
3640,42,115,55.52758482663281,64.37445213458913,13.73386980780646,26.861110005498297
3641,42,116,56.72959521693974,60.68410544680733,16.980459220760178,17.58061506767331
3642,42,117,51.16807688406376,50.72349929731459,20.434312103934648,19.088462310184475
3643,42,118,23.65774638823133,19.09141166916743,24.124339853890564,29.847825644183157
3644,42,119,16.42562107840692,21.166521619469638,30.320999347025992,36.81791160783431
3645,42,120,16.239989654591906,20.944950261253805,30.738502219231915,40.42520333217672
3646,42,121,40.264358725174915,74.04229980225766,54.39656304584286,49.149501847627434
3647,42,122,20.29543234832515,20.227516706262904,26.74413173331845,44.686532454934344
3648,42,123,37.863354869703244,37.46045483173719,11.744970958670617,30.25929969089211
3649,42,124,51.96304884395406,53.11362097720583,20.755050854371728,11.794644825979773
3650,42,125,42.73941256428161,38.20898462665931,16.89704213541747,9.891371576940715
3651,42,126,30.679397955783486,22.673302346156184,13.714435231355777,16.306181861167527
3652,42,127,9.991957202376021,15.127830667633383,15.274202542499008,18.18834204544037
3653,42,128,8.279190882550425,22.292233245264786,20.33970986757674,22.66006175672194
3654,42,129,8.267727100894202,18.869776006074765,20.529168154607465,29.05353054425634
3655,43,67,35.220562369595676,13.746382112578393,5.54777181737831,23.50854195778469
3656,43,68,37.796786561733626,21.520159474140076,8.185478871086909,21.570829633689282
3657,43,69,28.26561356693737,21.13007724037314,9.618366614002799,20.456455597790693
3658,43,70,27.681275630611037,21.850937251963614,10.935948026327106,21.59460225301977
3659,43,71,17.415930526866426,16.77388728392981,17.058196895883487,33.4187969028469
3660,43,72,26.4712766174087,22.828515718428676,19.601606091731792,34.29419769341941
3661,43,73,17.206161504757173,16.61216907077995,25.148586126641348,42.551218397527414
3662,43,74,37.4246277257861,30.213595699240848,40.563918212559415,52.0775955842422
3663,43,75,40.233667582716684,33.473794224388904,43.15937716761024,59.79607035617794
3664,43,76,16.245007215058358,16.374749362235153,20.781497668266834,48.20140229956709
3665,43,77,42.61864290452208,36.29056549458675,20.188461037776232,27.26071934955291
3666,43,78,49.05880032386028,45.801530245524994,29.844577649999305,16.509870819207446
3667,43,79,70.38166677845753,66.04145035050912,49.304256783127634,24.136269022336748
3668,43,80,62.68858878962232,65.39006080360569,50.54790451359759,32.214043531112296
3669,43,81,68.25135335449424,74.16239945738448,60.486576937421894,45.339220486775204
3670,43,82,69.4152130959191,78.26521102828036,66.03207366948975,54.57671576941749
3671,43,83,63.578487669273414,74.56507210355645,64.14096570168157,55.23376672717833
3672,43,84,61.39145139332847,72.95539745712519,63.79555815137141,54.98263118066861
3673,43,85,65.18480767564635,19.665260345639496,69.11340142512724,65.97257822314886
3674,43,86,72.28209635963039,41.413495799822215,75.96351760886078,72.47219503975471
3675,43,87,53.78432905421718,21.59927327496687,56.97973918863858,60.689627258578426
3676,43,88,49.81918240136656,22.708353841088286,51.950755955243295,64.58786753948097
3677,43,89,55.323050566599996,21.031015889736157,56.90184481689526,61.22953935627921
3678,43,90,55.089381067690226,22.42208097580929,55.73604402923132,57.11384224479601
3679,43,91,21.55793980180938,105.50544654392972,21.223414594312157,24.757168660529373
3680,43,92,48.17686199137658,11.031555265489041,46.374751916265495,43.82567639580591
3681,43,93,52.912423848583884,12.616766299469557,49.159841425687944,60.63388280384834
3682,43,94,68.48110672521197,30.007672320385325,64.18980574334216,63.55678026913725
3683,43,95,89.19761213491361,47.32051330187181,82.7459593163689,88.330629154637
3684,43,96,115.03535394491784,71.5119271419094,107.7557890316231,112.27689367809187
3685,43,97,139.48629305925886,96.4039713988142,131.12239587266978,142.4016186477865
3686,43,98,163.16778987220462,113.33479607793704,152.791157687766,160.83484219641133
3687,43,99,171.96559843244353,105.61612358694452,159.50750695357985,185.08726400535355
3688,43,100,182.3650593765816,107.1342632905917,170.06715791090357,209.35830429616294
3689,43,101,121.65968576269155,38.805421501235905,119.81147133184506,153.6988880551674
3690,43,102,113.54262915489826,41.246303412446025,117.9533740032709,142.40852168725772
3691,43,103,76.64415734549054,57.602093761054775,93.85127248436758,115.12356800773716
3692,43,104,44.83699740970084,147.09322908621243,31.904221527427058,62.203716153873316
3693,43,105,82.72632647043729,168.98796566903405,12.893714338900807,27.25901017278986
3694,43,106,85.01781203189321,138.752263006071,17.64495689967058,14.920407280780175
3695,43,107,60.23117782178359,90.77465297957971,17.709573660512344,19.84340953456302
3696,43,108,52.94638644466918,69.6192145737867,23.662694756659384,25.16643713634902
3697,43,109,16.64899213345341,78.45683542212858,40.649865913900726,41.6807958613718
3698,43,110,47.722251912099026,138.36949180208617,67.89943833799623,63.50025725589642
3699,43,111,29.904924822677465,67.50634612849603,57.04261330966442,66.29387631904007
3700,43,112,28.27879140449175,37.258287726573705,54.196160344829266,66.04890464653624
3701,43,113,16.928246023736477,16.95044540373477,37.679465021633284,64.68329907077963
3702,43,114,23.52620239557379,27.078807638797556,24.579616902355546,50.734310743212994
3703,43,115,57.647930075580334,64.42703846219435,14.129401874432537,26.698028199990958
3704,43,116,58.635185826216876,60.70345927221754,17.401657478865765,15.176068771861685
3705,43,117,52.794597897079484,50.66884662580465,20.65046777183634,21.412545963018125
3706,43,118,24.612619494730538,19.064650787604947,23.793268133576905,31.55560090648144
3707,43,119,16.603169548089173,21.24891246165802,29.88585820552631,36.430365390356904
3708,43,120,16.323025613294604,20.988695676561832,30.302090904339373,39.788017375669746
3709,43,121,39.42218270762223,75.7468196755646,53.940605574191586,47.77875928225004
3710,43,122,20.623435504282032,20.292036705207035,26.399472147726158,43.36348393105487
3711,43,123,38.93327353968708,37.478571467952676,12.028877661397454,26.459713559782887
3712,43,124,53.00862295915124,53.1434179645572,21.197405323942192,11.591854001292086
3713,43,125,43.67458756060638,38.20366732474393,17.260176144157654,9.321203060726862
3714,43,126,31.48230200401278,22.652282410843135,13.80194945649241,15.996066756366627
3715,43,127,10.501690020558277,15.180490299982033,14.873123675446054,16.95341319764793
3716,43,128,8.215350206781983,22.35897262487084,19.916242579874098,21.948092970249665
3717,43,129,8.214123326799202,18.900840556629465,20.112852291352784,28.264733548865813
3718,44,68,39.6067617215633,21.034321550924748,8.662139269148597,21.339064295252673
3719,44,69,29.462187224579832,20.604777159049586,10.034117877557414,20.248979232921414
3720,44,70,28.746627479131284,21.362281412960073,11.2727741248367,21.96901736451606
3721,44,71,17.798510588996727,16.549145749807447,16.773734766702916,32.934456627476564
3722,44,72,27.201515414718532,22.571990500638307,19.503883750594458,34.78644503127725
3723,44,73,16.88048650290401,16.835229576665576,24.72214860311743,42.96890347588671
3724,44,74,37.107282793427736,30.848020041244983,40.13855304628546,52.14669937604362
3725,44,75,39.93996390782982,34.03215956734908,42.83326698668184,60.4920474306709
3726,44,76,16.250503601593884,16.332870832830793,20.582878470581832,46.44987695594634
3727,44,77,43.805968017187666,35.916861012545006,20.46137313548685,24.11176374186092
3728,44,78,50.0181158181497,45.412566176532565,30.120625089767746,15.218119545584738
3729,44,79,71.36832230900613,65.67185583624952,49.5786000466209,22.05693631447674
3730,44,80,63.27427795483,64.9626419750793,50.795268181232885,31.164227368878546
3731,44,81,68.66728169497554,73.70200422135348,60.70222966451953,44.92139638338046
3732,44,82,69.6786030002263,77.76031136580322,66.21120941571456,54.0887661421965
3733,44,83,63.71567544244634,74.00388512681988,64.27771393317222,55.19475913225254
3734,44,84,61.47112863774335,72.35607308982974,63.88879277639104,56.52041190094808
3735,44,85,65.20879570201338,17.616531846038157,69.15787330957735,66.62642401787122
3736,44,86,72.30588178452847,39.36115014039045,75.96830950810084,74.67533133895816
3737,44,87,53.77554085097461,23.310742692331996,56.93956987416393,57.46919892303587
3738,44,88,49.79850149637041,23.624153290059382,51.87047901729798,61.56258411567595
3739,44,89,55.2987440046121,20.913668521032864,56.786177948016054,64.46036857432243
3740,44,90,55.052148704232025,22.381987185960416,55.59077910622262,51.191283489387956
3741,44,91,21.499207120847927,108.59340914745063,21.22449609563024,30.453774390511086
3742,44,92,48.16544721939832,10.98119487016691,46.14566187388172,45.89656474820611
3743,44,93,52.858532038334026,12.67979781588569,48.910336445940395,61.2893298788764
3744,44,94,68.41362300372536,30.20965142721714,63.91817865415984,62.56723527132305
3745,44,95,89.03800955693976,47.30809257657307,82.46559463500063,88.10110577296356
3746,44,96,114.83702151661632,71.56326373754703,107.45052339174008,113.24378897489541
3747,44,97,139.21991119213092,96.48039778816666,130.79833342306347,138.46648982724108
3748,44,98,162.70205377755326,113.23564066077489,152.45181950115258,166.27831053545313
3749,44,99,170.98966875941852,105.2013905558036,159.15106457093944,186.7285807548906
3750,44,100,180.9102956451905,106.67493217714052,169.69567167162785,190.25475897349358
3751,44,101,117.48247966052261,39.34173264657618,119.41577705746356,150.19078909147848
3752,44,102,108.90374133106296,41.480656363485664,117.54426027330949,141.5341572000363
3753,44,103,71.36344901037003,57.79978054440204,93.44148895280235,118.4078440724295
3754,44,104,53.29948716164614,147.09472579749095,31.56977152705817,64.32148858065904
3755,44,105,91.8783896717507,168.88088432103785,13.071495479222211,22.19173536105743
3756,44,106,92.42276576770479,138.47969620170895,18.002274033438496,12.686022156692415
3757,44,107,65.65043706319365,90.32644996873942,17.76650885881545,17.904110116843412
3758,44,108,57.280685087571186,68.95448810915747,23.58652775703054,25.156562452217134
3759,44,109,15.942412643590046,78.08924934405184,40.151966439755554,41.57264681338387
3760,44,110,44.94344256201557,137.22335511453286,67.35459042862009,63.59497909178511
3761,44,111,27.114124097019314,66.86656233944518,56.498844437702765,67.1243636569315
3762,44,112,26.082419787704083,37.3921932217661,53.66988353305478,66.60728174083138
3763,44,113,17.261861437924757,16.853464619547164,37.18680037034803,63.168905771356734
3764,44,114,25.593398862505737,26.960015237128392,24.139364039345658,50.45929287950451
3765,44,115,60.17860203645105,64.66650986898273,14.545896710496564,25.277436316572942
3766,44,116,60.90991437303187,60.679945920618074,17.841245224291193,15.452443066236938
3767,44,117,54.745827250846624,50.438474874996935,20.88439308009855,19.009712254329077
3768,44,118,25.831761038976712,18.918733131416722,23.46062627015989,30.320580479922274
3769,44,119,16.95948271414595,21.792948825285574,29.44221700970983,35.61173164446296
3770,44,120,16.552011705939524,21.350402454485895,29.85727300203283,39.38322486135062
3771,44,121,38.40150135572813,78.28680773493038,53.474550276109035,46.85606316169446
3772,44,122,21.090472056193704,20.342736572062968,26.052022795724913,42.75599093929867
3773,44,123,40.2151357526365,37.62215804427068,12.333090798414132,26.502494364517794
3774,44,124,54.25280698140191,53.37654343618467,21.65155253722141,10.09768075299795
3775,44,125,44.79316439777309,38.16854731588909,17.63696122003219,10.010022840897502
3776,44,126,32.45095055853549,22.50251094658667,13.907621251348504,15.954686743101835
3777,44,127,11.164926032512742,15.59228421310856,14.468628252639013,16.791938168150104
3778,44,128,8.230424071210827,22.74488254885136,19.486793432347426,21.75175802451549
3779,44,129,8.23378400483286,19.13358908427794,19.690935809995093,28.61301596114177
3780,45,69,24.686456872252645,24.803112968158114,10.715400022957262,20.26476388132124
3781,45,70,24.301894140764084,25.229788727081708,11.812239236540005,22.411661087564692
3782,45,71,16.324877119144606,18.390182839706814,16.42051148722521,33.15046342033265
3783,45,72,24.172329205765394,24.801426717348303,19.401976065678394,33.157555812271994
3784,45,73,18.948833705875963,15.722150586315337,24.14924182831455,42.39176732033037
3785,45,74,39.4081294116626,27.851059444701658,39.55505306957033,52.695907968220844
3786,45,75,42.14206455498158,31.49366780256597,42.380694153158714,59.98023884747317
3787,45,76,16.684869883093178,16.823384415584997,20.31223085379581,44.981386099632125
3788,45,77,38.2171107319074,38.92255844457667,20.836792099260897,23.45789340182517
3789,45,78,44.982121124157075,48.31442333272537,30.495604590539983,14.721683449673474
3790,45,79,66.29832499307076,68.53143585767586,49.94726233390486,21.77123397939539
3791,45,80,59.2556574444687,67.64618441658591,51.12772369655273,29.907871152809737
3792,45,81,65.23841635490248,76.2429617675832,60.99414945099802,43.87084323278487
3793,45,82,66.91773662357893,80.15590982453875,66.45822375010543,55.03386716166846
3794,45,83,61.74362325449641,76.24379468221699,64.47408199766566,53.92898291741846
3795,45,84,60.04398348541512,74.46374252621968,64.03387228771297,55.861361287226316
3796,45,85,64.6600141850806,17.292754137053308,69.24586422842494,67.31917685114279
3797,45,86,71.74234195580848,39.747659432044735,76.0107782927723,74.3115442714493
3798,45,87,54.33688877045049,23.298830185998636,56.930468998465514,60.14538050631798
3799,45,88,50.715839088057784,23.552282967588816,51.81574836956436,48.286755132827324
3800,45,89,56.25990646678427,20.931345902909182,56.69210850369356,54.20497176588643
3801,45,90,56.22247268441006,22.38259632680081,55.46341254293395,56.02183420827132
3802,45,91,22.39877680435349,107.87394439151997,21.22724577418922,34.43062032256943
3803,45,92,50.04985179343105,8.89447023625281,45.92864172336392,50.15897734869462
3804,45,93,55.10246876688167,12.74155887775378,48.67058274306408,66.451346174965
3805,45,94,70.64009930809557,29.783957952548473,63.65446767532034,72.3905204648909
3806,45,95,91.64766636593261,47.19993736477803,82.19132365107822,93.31947507763539
3807,45,96,117.51851485920974,71.44956924577492,107.15005393942157,115.84316943880253
3808,45,97,142.04306014356584,96.2421830301929,130.47800146706672,140.2617441053301
3809,45,98,165.92969672020493,113.39128872335027,152.1151811984002,171.24164306195047
3810,45,99,174.8204230876204,106.21577219707072,158.7961532176051,174.03093877296328
3811,45,100,184.85494984864687,108.2980652635997,169.32399644910276,180.0040035992742
3812,45,101,121.61261533252643,36.242900966880605,119.02105460494803,143.37518553103962
3813,45,102,112.31343851663675,36.93051257271795,117.13292670026244,140.40655954964035
3814,45,103,73.69416547456906,55.31375576064562,93.02873450706508,115.88383375303134
3815,45,104,52.322827505101195,146.63932545547965,31.235374914533523,62.43070009602449
3816,45,105,91.34123216834844,168.33356524411406,13.26773053552054,24.262793931531917
3817,45,106,91.73567655353608,138.01547277142478,18.371960635618343,13.973108833735369
3818,45,107,64.73419654146136,90.57648376369323,17.840035865501218,17.893446953933804
3819,45,108,56.419496741196944,70.3374608910346,23.52164821194041,24.734153671295903
3820,45,109,16.078617692033262,76.44966753316824,39.64818117745262,42.39833895271124
3821,45,110,46.04703364179784,137.95083390502458,66.80216314550012,62.8176586655657
3822,45,111,28.064572241475474,65.04079163907859,55.947773716270724,66.37295285659788
3823,45,112,26.812311784719405,34.47507851881203,53.13713382750124,66.4565106933288
3824,45,113,17.117063723075464,17.124104849042375,36.68946318230803,62.31473417491281
3825,45,114,24.989565814084695,27.33428884811979,23.69825711565592,49.39315942329876
3826,45,115,59.53396485963017,64.44836817871753,14.976000785423526,28.003906214643152
3827,45,116,60.30153031335316,60.61632707992062,18.291800122299186,17.81724401054508
3828,45,117,54.194314530926455,50.66237505235302,21.132553193321115,19.478167659273623
3829,45,118,25.426619753910987,19.026116372408755,23.132482098580738,29.534016863657413
3830,45,119,16.819548761727134,21.37457574992175,28.997366898726252,37.072706282750666
3831,45,120,16.456480266090125,21.0999957097574,29.41122917553598,40.532968524157155
3832,45,121,38.81278244929188,72.93325502595019,53.0056564043888,48.47806915531017
3833,45,122,20.9123281309545,19.994511711087544,25.707563658080947,42.75940641511602
3834,45,123,39.78399329386411,37.51617290846232,12.65260870008192,26.508406877222097
3835,45,124,53.84564913174208,53.205859073984165,22.110678104139932,10.603596569527348
3836,45,125,44.408799564525204,38.192899203998984,18.02169960068358,9.690489468347629
3837,45,126,32.10304680250965,22.609532263103908,14.030145134898097,16.341518900815263
3838,45,127,10.902590182317944,15.293546630668596,14.06712089205911,17.032881328836048
3839,45,128,8.212522812174505,22.454440782268406,19.057765717851215,23.25824599945819
3840,45,129,8.215061726332328,18.96587189661451,19.26967565731576,29.647669282304363
3841,46,70,24.648393246075937,24.981185591869295,12.167311243469623,21.8580639238385
3842,46,71,16.375578429488986,18.202779925580888,16.244453703227705,32.755759269177325
3843,46,72,24.383357951472934,24.646155050052926,19.36242363442802,33.78250660630877
3844,46,73,18.90291445194094,15.802721862583336,23.86875301539397,42.58576144515513
3845,46,74,39.502381259817795,28.330836443683086,39.312003241002024,53.0123435585818
3846,46,75,42.23252927504836,31.917194448336915,42.23187682085426,60.048727377943216
3847,46,76,16.674460990873673,16.73780318165429,20.234299130885713,43.56185506609038
3848,46,77,38.68777377367377,38.7117320526155,20.951843447859382,21.34627347493442
3849,46,78,45.2839131726157,48.07763826482583,30.609526806710637,14.35839182795515
3850,46,79,66.65494188599062,68.310936886026,50.05984708890978,21.24487371265064
3851,46,80,59.292406101121294,67.34946083429827,51.218204726792635,30.365720517458364
3852,46,81,65.16853778733014,75.89993461908176,61.056459598417014,45.53129328766122
3853,46,82,66.77156485756981,79.75474185837064,66.4861153251225,54.22942778053476
3854,46,83,61.57010628718379,75.77207533660078,64.46078025816779,52.962384559682164
3855,46,84,59.887998885157316,73.94290677632897,63.97811540205089,55.09717827514422
3856,46,85,64.57588753850797,17.02756966847172,69.14476446318005,66.49713241012562
3857,46,86,71.65685329761757,39.12343299012217,75.87140437412926,74.63702598378735
3858,46,87,54.38913067764292,23.841086171074462,56.74951350267896,59.46684219064593
3859,46,88,50.81007140756196,23.83053602974165,51.5979293775015,61.45482555772926
3860,46,89,56.35663310789421,20.906899579767348,56.43973345957366,61.530524576561284
3861,46,90,56.33600969223402,22.38369230246054,55.18522413590502,52.87221149096759
3862,46,91,22.443829881617607,108.91855745808469,21.236707179303856,51.2497684265666
3863,46,92,50.299186101025924,9.14420305827431,45.55884800190871,60.334751984431755
3864,46,93,55.351508759479046,12.733902833705216,48.286728308726865,75.21233494285073
3865,46,94,70.8664837676407,29.852630499250495,63.250419110851325,82.8603475079342
3866,46,95,91.81311434644913,47.18091022669213,81.78740547259441,96.46345506457382
3867,46,96,117.64058146440448,71.45870303434386,106.7204071004644,121.11787304940589
3868,46,97,142.09525890605383,96.2760670268138,130.03130693471962,143.7171785603574
3869,46,98,165.78468711492977,113.32458411590773,151.6564459683632,171.01377054777697
3870,46,99,174.11370065479065,105.94963960257024,158.3230398481571,177.4943960884869
3871,46,100,183.55773540622286,107.93873927233987,168.8395221228752,179.712479926689
3872,46,101,116.93075496933477,38.422807138540755,118.5160771729042,138.0702104628561
3873,46,102,107.07116750118708,39.16018119428617,116.61611342173546,137.73638958084865
3874,46,103,67.76199453164121,56.34712455230212,92.51865009584849,117.69594638758923
3875,46,104,62.47912850580817,146.86573980526137,30.833035962464034,68.3308202231787
3876,46,105,101.71225048504327,168.4855054080936,13.52426338313212,29.510753173565963
3877,46,106,99.89432343916377,138.03586158004745,18.820770829371355,15.488210434469687
3878,46,107,70.58886997805645,90.44671267459026,17.94682190060198,19.234766941298428
3879,46,108,61.06880273572507,69.98075707850982,23.461736468703474,24.35637269077553
3880,46,109,15.913163054669157,76.83594235836895,39.06420970785116,42.58340290537928
3881,46,110,43.187903024694,138.5712041277043,66.1631852390364,64.82954876054426
3882,46,111,25.211308548676612,65.64714365730275,55.31348641173916,66.86250631754446
3883,46,112,24.635944486618126,36.24060526979158,52.52708893377016,66.96251835625856
3884,46,113,17.751218362609738,17.032883010197075,36.1238830348651,64.64082392664845
3885,46,114,27.1578351254421,27.225938825835403,23.2027053270758,48.852545828049706
3886,46,115,62.10447116658893,64.50840522081366,15.472659296466734,27.185151336647824
3887,46,116,62.60346897981282,60.60220094292082,18.806858413652968,15.897925246312669
3888,46,117,56.167455287812125,50.59926308293581,21.4252143346924,19.26268520553078
3889,46,118,26.694255174859045,18.98232032666946,22.77431942378919,29.196437527164584
3890,46,119,17.2729613027578,21.527124406790648,28.50347961637779,36.569804222440695
3891,46,120,16.7740889653803,21.208869991543043,28.916784748483813,39.90989129322279
3892,46,121,37.80680918179326,74.92173023072134,52.48446922964472,47.81534985036326
3893,46,122,21.423928174286015,20.068143401975096,25.331481979498616,42.62374337482232
3894,46,123,41.061524117002406,37.553902332479446,13.0214283892654,24.623636270315167
3895,46,124,55.08324464656329,53.26702506883059,22.62133392547198,9.9306443014187
3896,46,125,45.52055065166869,38.18379373333569,18.453226516273745,9.247893040674704
3897,46,126,33.06734791635445,22.57083356078612,14.18379536242057,15.47375947048751
3898,46,127,11.585879765666,15.403070351203088,13.630811676210861,17.38580863826304
3899,46,128,8.28757251398628,22.562712817407228,18.588229345823194,22.812800542426938
3900,46,129,8.289268306013687,19.026801175244806,18.809172963478467,28.372423614892714
3901,47,71,16.20067454221815,18.40208611733665,16.030511837880226,32.94613727809439
3902,47,72,23.97381633019997,24.92101604633393,19.326116279150114,34.29672078469125
3903,47,73,19.35703347286945,15.742513494900491,23.493823137283147,43.33378055080896
3904,47,74,40.050159986124704,28.27243747523019,38.97383104197105,53.41822221462847
3905,47,75,42.76034366850106,31.888250558189537,42.012836353803436,59.656878906593754
3906,47,76,16.89166638022138,16.78254320379666,20.117402163073713,46.699339303625514
3907,47,77,37.943922408000425,39.02446656478626,21.12178038327646,22.118112724174228
3908,47,78,44.51826996480679,48.346401450570816,30.77612822619977,14.4655888912019
3909,47,79,65.9363881160919,68.58564852417328,50.22249959947998,23.43596988170566
3910,47,80,58.52030829188116,67.52323901845736,51.35261641041017,31.052958773272813
3911,47,81,64.42973028895048,76.00660437783917,61.15655871626616,43.81376136445884
3912,47,82,66.10588221340974,79.7833584941557,66.54566480095298,54.10476664571587
3913,47,83,61.04205743655875,75.71008941485175,64.47287865111072,54.74192958092928
3914,47,84,59.48487582223006,22.74201483916602,63.94196818279444,55.545821059408915
3915,47,85,64.40922006288687,16.564931725901396,69.05688632728342,65.88443510638628
3916,47,86,71.48563638833372,38.560069167604915,75.74129293163553,70.90600048075605
3917,47,87,54.55424088281164,24.697723011384856,56.573160687434346,63.38911448234502
3918,47,88,51.076940815078366,24.198735577644808,51.3810141807904,59.22114606780785
3919,47,89,56.632264103603916,20.894768481201993,56.18547299495296,56.328645544298645
3920,47,90,56.66221238470417,22.399098425813463,54.90302412180889,51.981893081505966
3921,47,91,22.68906586230378,110.05840504664044,21.252310952442244,48.760951339815165
3922,47,92,50.87278183069753,9.311377002727301,45.17986388360041,59.87126683277597
3923,47,93,55.97806163338466,12.703327971628354,47.89251736477063,74.4673162061469
3924,47,94,71.46396234834778,29.794647249198462,62.83528592057276,81.46030910220438
3925,47,95,92.40577833175031,47.21511053566663,81.37222007203255,93.35204361510964
3926,47,96,118.19723988158043,71.44547621027994,106.27877797318705,118.19815538379089
3927,47,97,142.6012429761747,96.25571373291147,129.57219534752804,141.70548755189628
3928,47,98,166.15613008518582,113.38821702945967,151.18498880690004,165.9843992868616
3929,47,99,174.02778973279044,106.11972900716425,157.83685730725998,180.47933450075246
3930,47,100,182.9199196780059,108.05351741891323,168.34116617095967,185.70300905864843
3931,47,101,113.09744848625874,38.396542430834124,117.9970883907213,142.2191041428145
3932,47,102,102.72053551302558,39.09888739799105,116.08497840974357,132.9595893538008
3933,47,103,62.89465845869785,56.30634828083508,91.99474165188029,107.22636057148652
3934,47,104,71.58179407765698,146.86812042325872,30.42516193975325,58.39936344339136
3935,47,105,110.62286193536477,168.5007535397939,13.810354492715664,26.29426320933245
3936,47,106,106.71853448559557,138.08482181856456,19.292041634915957,12.957167914378328
3937,47,107,75.37753001996053,90.49190731808507,18.078881226901782,17.946080804752683
3938,47,108,64.83936780962146,69.9874948102925,23.418254743369886,24.60781036817864
3939,47,109,16.374785112167093,76.86332009811912,38.466857499548375,40.797678250761045
3940,47,110,40.991484402193926,138.56771982254588,65.5081164086909,63.426625424461115
3941,47,111,23.033959599759697,65.56577986064617,54.663894986748915,68.21490603467755
3942,47,112,23.055486085127484,36.277353474940625,51.90344342377289,66.3138905463462
3943,47,113,18.497837222995688,17.030216606096378,35.54796161685546,62.38874455866709
3944,47,114,28.860933631738824,27.225349975951385,22.703359781367958,50.22333756408506
3945,47,115,64.06081995801742,64.52519632827203,15.98919068117271,22.65718316320306
3946,47,116,64.34607644320373,60.598661645626564,19.338854529943205,14.183162995326102
3947,47,117,57.65813483241309,50.58306668286112,21.7376058538162,19.182160943154692
3948,47,118,27.68099744570129,18.96989926365817,22.420948661838104,29.90249613236499
3949,47,119,17.701388769802367,21.580347438061683,28.00549328883413,35.540740901556966
3950,47,120,17.09415557078194,21.24685609480177,28.41822254900082,39.194497826224456
3951,47,121,37.0750438612005,75.1973465901689,51.95666356244494,47.08620651574671
3952,47,122,21.84451245093785,20.064227821768625,24.957718369486415,42.85209689739598
3953,47,123,42.00110719880397,37.560842496005016,13.409393337240642,25.24350588574405
3954,47,124,55.98929610032425,53.278703985090644,23.1408244262959,9.112537923976213
3955,47,125,46.3332747244193,38.182444973152855,18.89622923734899,9.1825975907642
3956,47,126,33.77356224837713,22.56390698528781,14.358244327283046,16.044461845335686
3957,47,127,12.10721604260536,15.426513795564794,13.197043534078333,17.292343512666502
3958,47,128,8.40274210373027,22.585450560879742,18.117079420322085,22.488594104197734
3959,47,129,8.398100899445495,19.03935802522991,18.34737224087551,29.51897676395538
3960,48,72,21.134941994984317,27.940562328614536,19.308431312297426,34.19160617127888
3961,48,73,22.87831911128669,15.392087600393838,23.07938983303957,41.97907038135073
3962,48,74,43.053929779402026,54.749627612175836,38.60523868683005,51.84168948355934
3963,48,75,45.71869512024325,47.57887112102521,41.78200847586042,59.87630694105283
3964,48,76,19.363975184519738,17.903496959731488,19.998345387214766,46.749069078793596
3965,48,77,30.43430271252725,42.33193790044329,21.296076856835885,24.503863086825913
3966,48,78,37.7959489666341,51.50366594772169,30.94487046204752,14.915107272262539
3967,48,79,59.172582275959975,71.67241778079732,50.38577648229077,22.614669663954082
3968,48,80,53.22518773798852,70.3893275326859,51.48418159845215,31.926833289694713
3969,48,81,59.94770683755692,78.69656818084174,61.25022420096674,44.832507402077056
3970,48,82,62.529171041112875,82.29546847448114,66.59483328438048,54.67434172872913
3971,48,83,58.5251396631519,60.84938307318376,64.47036890927927,55.88859266465939
3972,48,84,57.69460036799847,19.39459055092824,63.887521339950744,55.97108321094737
3973,48,85,63.79468621229432,16.342435915654526,68.9474013031476,66.3276099988673
3974,48,86,70.84437756587214,38.19833207705645,75.58681504588861,70.3164573830358
3975,48,87,55.42039820935739,25.64994466593238,56.37003655817291,59.8865856892104
3976,48,88,52.42038738784603,24.505634609969206,51.135492722868236,62.79090281902186
3977,48,89,58.029673525377284,20.894867815542323,55.90108977000676,62.5623048725249
3978,48,90,58.33389007721704,22.414324778197965,54.590197092882,56.981806886717315
3979,48,91,24.65703173188933,110.53496118385037,21.276364489053094,25.352009252990882
3980,48,92,53.44583074141707,7.739160756260559,44.76532955131721,40.68667924657777
3981,48,93,58.99448638422497,12.84683550497837,47.46361509551696,58.42115136094529
3982,48,94,74.43105419231502,29.817464246325507,62.38552178321432,66.21368557216032
3983,48,95,95.8246615715662,47.17555535493597,80.9243713570148,90.7693556978403
3984,48,96,121.66583597816428,71.47677511974878,105.80394632384099,110.70853879393609
3985,48,97,146.20622657390962,96.23322029185421,129.08012147636938,135.58542389912503
3986,48,98,170.19356659530064,113.39487581433426,150.6812038618696,166.70809862361324
3987,48,99,178.65657539460287,106.2905083048481,157.31880824971435,171.96943476216686
3988,48,100,187.49684562810023,108.61868765027367,167.81095815890654,182.5117836224492
3989,48,101,117.13756504649955,31.753568883065835,117.44689774423904,148.3943644793384
3990,48,102,105.70409467551433,32.02541329024433,115.5232353662651,134.62395030494105
3991,48,103,64.41227591284729,52.951685243516835,91.44218753759351,107.16734618801516
3992,48,104,72.06641850421013,145.65399884417565,30.00206425062284,57.62877354627411
3993,48,105,111.42604075405112,167.0616779048798,14.134195931900985,31.848558545078326
3994,48,106,106.96067973970125,136.99909821641577,19.79690424064377,17.94577645538846
3995,48,107,75.07595687302849,90.3116919375999,18.241099811873028,19.64966860425928
3996,48,108,64.4400679226059,70.37003212778586,23.39244628913847,26.199114457765468
3997,48,109,16.216640451649567,75.83636880645915,37.84474992810308,44.01807947432704
3998,48,110,41.78616697720167,138.81525429640962,64.82459851994658,62.352324029527054
3999,48,111,23.676776797654966,62.44182274872123,53.98719714540353,67.21194815216292
4000,48,112,23.51292295535514,32.606177740917985,51.25531376270923,67.28662657592362
4001,48,113,18.285797096107434,17.163308064848124,34.952247804104154,64.2883841546816
4002,48,114,28.446901985691866,27.295617347626354,22.19311557619223,52.76171935865824
4003,48,115,63.66096627415613,64.5888316298799,16.533697523665975,25.70715160708004
4004,48,116,63.95871013433854,60.584037290759106,19.896005358605347,14.462826318118033
4005,48,117,57.29640691514741,50.51382267500326,22.074921402048247,18.783433222405634
4006,48,118,27.38379682172707,18.938595377644454,22.068623036836875,31.02207810211603
4007,48,119,17.555163604102273,21.65731618524933,27.49682845486359,36.93581790007055
4008,48,120,16.981186045021683,21.306425625205158,27.909023020042902,40.845464272235404
4009,48,121,37.366946676117124,72.13841715153559,51.415054063035505,48.724002224903806
4010,48,122,21.693162739606624,19.903230129412737,24.582054897317068,44.517880632446705
4011,48,123,41.70227077636581,37.64406742488803,13.82129984358086,27.550833690513688
4012,48,124,55.70997475834817,53.40441128401819,23.675941819895247,11.786087504290009
4013,48,125,46.06573175367734,38.16220318185989,19.35632440729202,9.814280313794178
4014,48,126,33.527243777363374,22.4740905951492,14.555999878443563,15.791212039254622
4015,48,127,11.904505175252263,15.6251940351586,12.761461793922399,16.696513522192316
4016,48,128,8.3512536632682,22.767249726378164,17.63882427497693,21.281783737506977
4017,48,129,8.34969227902334,19.158610027769285,17.878921830670915,28.558470878033397
4018,49,73,22.3702696242196,15.399772967625964,23.108456869281856,41.82669889041004
4019,49,74,42.85183431497343,60.91785336270384,38.76625541426752,51.825773530697
4020,49,75,45.517709825317645,50.38483193777113,42.014419366890806,59.07223431445748
4021,49,76,18.966122854321863,17.390696536466113,20.157562356728956,43.7091248977735
4022,49,77,32.159150365045356,41.24127461084537,21.082977564472753,27.380864113193322
4023,49,78,39.172155759202475,50.404887579982876,30.73416754650227,16.008579159420844
4024,49,79,60.70501791589631,70.61369022154733,50.18352402223264,24.140304618178988
4025,49,80,54.01433449810947,69.26287421047928,51.2754365152249,31.977210827580254
4026,49,81,60.45927973465783,77.5399993563239,61.025207243809234,44.45249713677643
4027,49,82,62.79890465800064,81.09280839006534,66.34362150520893,53.75775436254821
4028,49,83,58.6135442085105,76.77084432787697,64.18372799733086,57.269320072504506
4029,49,84,57.71876152936039,17.72919980849623,63.56352785747021,57.52352632343939
4030,49,85,63.78523842393957,16.386702441214997,68.58641624882902,66.45222040009057
4031,49,86,70.83426008133902,37.99903061572543,75.1933403647948,74.17894283187918
4032,49,87,55.437214576955675,26.652946072046436,55.94342041559193,60.12747368931955
4033,49,88,52.434610398668106,24.929418995073487,50.68022406754432,63.33914332448953
4034,49,89,58.03527461248909,20.922210228739583,55.41479648885746,67.32056152769391
4035,49,90,58.318335816243255,22.48263054217726,54.08701529708815,68.12524313170785
4036,49,91,24.39282583863443,112.34648084354633,21.326339494379905,30.082654979536947
4037,49,92,53.507768315866066,7.755180811918461,44.159986570725756,43.23509282501725
4038,49,93,58.95004899500397,12.852913098435538,46.85632572096335,60.790235117865116
4039,49,94,74.33472243743901,29.856792476480756,61.763183636465556,66.6007099470012
4040,49,95,95.4894952165465,47.14345737767264,80.31853367490051,90.65721544323033
4041,49,96,121.21240936884605,71.4810324118356,105.17251665712992,120.2466436806334
4042,49,97,145.56336326390976,96.24872954559845,128.43577842140397,140.2886392637073
4043,49,98,169.04052494166788,113.3360504099561,150.03120347637127,167.44029490433752
4044,49,99,176.23389366040553,106.10670056177501,156.66007338029576,173.13229427955625
4045,49,100,183.9321912974011,108.41734788915721,167.14640821926545,179.9426517441955
4046,49,101,107.20524359896895,39.68440195408333,116.76700020655151,152.4487617221924
4047,49,102,95.58941612497577,36.49950355593427,114.83814668208781,136.40929249824566
4048,49,103,54.852954506678074,54.70925386785928,90.77681667646117,110.18975116421863
4049,49,104,89.21495513838762,147.1086123055756,29.50730868927469,55.492704891369094
4050,49,105,127.12515542872146,168.25516752999042,14.544182887523823,23.539835848169673
4051,49,106,118.80749015902094,137.29022237747571,20.39911314787909,15.486162685574707
4052,49,107,83.48873573082433,90.19068948856507,18.4590758856405,20.54026532443609
4053,49,108,71.09910604827233,70.15953105696964,23.38779834263039,27.345874303604976
4054,49,109,18.018775184722976,78.56920911837022,37.13361386201568,44.46014552586023
4055,49,110,37.71955084410496,138.74798465376378,64.04340085306617,66.37365795649723
4056,49,111,19.782904997646263,64.99159431311963,53.21707918112006,68.38997576710587
4057,49,112,20.85936739228149,34.43614862085868,50.52126651230157,65.77677167987972
4058,49,113,20.003135576057037,17.116718315420844,34.282613281663274,62.661720978807274
4059,49,114,31.514534094230747,27.271006161858974,21.628913457579504,47.4117814540679
4060,49,115,67.05664259749003,64.63816941396401,17.154796705661774,24.453041625678537
4061,49,116,66.99231521998564,60.575795026326176,20.52647041417793,15.808276976700384
4062,49,117,59.908682793065935,50.46985139101722,22.467626494437265,19.84455597102056
4063,49,118,29.188386701451684,18.906684898162776,21.692329943096922,29.515865741798645
4064,49,119,18.45346152984496,21.797453985846637,26.93833502553299,36.04272843471898
4065,49,120,17.679938963765956,21.40531444714482,27.3504568740542,39.18902771267076
4066,49,121,36.05490298092539,73.60046265367508,50.81796021660017,47.28338848422521
4067,49,122,22.51386598314881,19.915391928759977,24.17793781533293,42.59335558378475
4068,49,123,43.37352437966152,37.66093883351185,14.289520569445743,28.257495059073257
4069,49,124,57.314819385975824,53.43251441060816,24.26673904820382,11.35467589210426
4070,49,125,47.514576484329716,38.15971786511246,19.867951792173653,10.35949180686759
4071,49,126,34.79657580095499,22.461037238565456,14.794058017249446,16.362394706840192
4072,49,127,12.878928042880284,15.680197132545077,12.29514519383536,17.886488262489234
4073,49,128,8.649930452072025,22.825278302790483,17.120093777199948,23.079081181239186
4074,49,129,8.628368657390048,19.186492805804274,17.371291081533144,28.95562477293103
4075,50,74,44.07060080988107,59.76979033283672,38.767781757061265,51.95157101183055
4076,50,75,46.736713554406734,49.44543520907689,42.126262333181025,59.814633252664294
4077,50,76,20.227473856129837,17.524261458804215,20.247936572465697,44.97244851527231
4078,50,77,29.80786146442544,41.75853569938162,20.97086923096957,23.57183010903574
4079,50,78,36.99212771551005,50.851836954228574,30.623491607303794,15.818961457501006
4080,50,79,58.6284283353249,71.05808858270343,50.07911088716747,23.121283222486753
4081,50,80,52.15377158367813,69.56880394627414,51.155692210608095,31.095726114001412
4082,50,81,58.80391629333068,77.75345261858806,60.88016644688953,44.31314328112394
4083,50,82,61.4063829211183,81.20253280253935,66.16334429642463,53.090698605275264
4084,50,83,57.587246905180514,76.76330689801891,63.95874511637799,55.339991781346534
4085,50,84,56.978522946865795,17.665612018118203,63.29262543346756,59.95390405074208
4086,50,85,63.549418029596815,16.39659087302277,68.26924168077512,67.57763396610359
4087,50,86,70.58427426004909,37.99965676731108,74.83732333358996,74.76366863855075
4088,50,87,55.869280803197384,26.599590842089572,55.54713514205833,59.32553725586567
4089,50,88,53.068156290401696,24.88973560528346,50.249769594252356,58.75090833972753
4090,50,89,58.68143591532074,20.915285410361935,54.94932530121338,64.86897249532468
4091,50,90,59.06038155369176,22.469655868992877,53.60124294136812,70.08879029203966
4092,50,91,25.159984415507918,111.9840083177785,21.390969968577426,30.416295400373055
4093,50,92,54.661764891697075,7.9867346990475525,43.5658554770866,47.11530479017871
4094,50,93,60.188459166850926,12.82353502713198,46.258561687093575,61.49540161092112
4095,50,94,75.49894916406949,29.830207359453265,61.14911811045005,71.42903093104341
4096,50,95,96.63261556753285,47.16562607788749,79.71986000200481,97.50501329295055
4097,50,96,122.26697504708062,71.47043761158038,104.54740571259363,122.98065034341056
4098,50,97,146.51041469381863,96.24185933361363,127.79720649894827,146.9564359128627
4099,50,98,169.74761250770064,113.3663272123248,149.38639817075807,174.63082075368686
4100,50,99,176.1796195852887,106.17015514258297,156.00573996627827,179.87329922693377
4101,50,100,182.9883610768106,108.43696907790049,166.48612434550012,183.71360022661324
4102,50,101,101.31385878666258,39.71535467056317,116.0893358566621,143.48189344670027
4103,50,102,89.48048327788383,35.40629684668792,114.15423564283519,138.66185885908646
4104,50,103,49.48000220904651,54.263353612229075,90.11217602646904,113.68598342952576
4105,50,104,100.9772376748413,147.15790387625736,29.022279701205697,55.63078508237953
4106,50,105,137.49426778605098,168.25878816075223,14.983765013464645,26.5682236116785
4107,50,106,126.30126478008566,137.28353782426964,21.01591062929656,13.715864009766916
4108,50,107,88.58617371915811,90.25345793588873,18.709156335967386,21.051386772524364
4109,50,108,75.05445802022162,70.20994488244615,23.410262114988097,24.582314905305317
4110,50,109,19.5791077336271,79.81999721576938,36.4224757806941,40.29459764405597
4111,50,110,35.511645490075374,138.7578409352739,63.25914310020435,64.52394974874662
4112,50,111,17.696471842987872,65.27972673288512,52.444543115409665,67.66157946004861
4113,50,112,19.579172721363896,33.923118460536635,49.78625175200166,66.32846871435339
4114,50,113,21.153487955951867,17.125521753999827,33.61542720721574,63.519770461977615
4115,50,114,33.2131513581304,27.277619894125774,21.075639215298136,50.49976102692572
4116,50,115,68.89658916525593,64.6248253532243,17.786124870825233,23.820563736366992
4117,50,116,68.62117890564244,60.57778968965562,21.16415928788332,18.259588073377092
4118,50,117,61.303091162268345,50.48051561037961,22.87671591238035,21.512036128038627
4119,50,118,30.16890589954026,18.91542647071958,21.33381768720165,30.736852099629022
4120,50,119,19.003500625615604,21.75770373397768,26.387790978871045,36.66679437114576
4121,50,120,18.120053862307454,21.376082322385553,26.79952744434129,40.896415896887866
4122,50,121,35.395913442109986,73.15570225353615,50.225051492305845,47.844281192183864
4123,50,122,22.973454898016694,19.922111829388726,23.78715500437197,44.96189697214974
4124,50,123,44.22602690113631,37.66025230113112,14.768900796122272,27.289384091133407
4125,50,124,58.128097459438244,53.431034758288135,24.856296938555012,11.543569832555555
4126,50,125,48.24609042703062,38.15954285152003,20.38243202434404,9.890527636870376
4127,50,126,35.43736427323463,22.460479404890155,15.051337962087684,16.12038333188491
4128,50,127,13.385609885800614,15.67302740626945,11.844737829433749,17.25520772974396
4129,50,128,8.855033213442885,22.814984676350914,16.610742531316866,22.922248723231082
4130,50,129,8.817674575802497,19.18394730318116,16.873079878259983,29.986261734461753
4131,51,75,48.27824103501934,48.70020415801336,42.360948030934274,60.3581597816472
4132,51,76,22.170144932527542,17.73367472866959,20.41532619069035,46.9099374300295
4133,51,77,26.495357362832582,42.45571194749434,20.76108515572581,24.064898388112546
4134,51,78,33.98433922206059,51.46345982734069,30.41941540087188,14.02748506470634
4135,51,79,55.73841203963443,71.66061711126402,49.887290622832914,22.875119675191645
4136,51,80,49.69058767747572,70.01307596589494,50.95406909054351,31.278186297538063
4137,51,81,56.66030723220134,78.09120370746234,60.6568813112423,44.37701701463398
4138,51,82,59.64526093403616,81.4228175131325,65.90678077627798,53.09754363921166
4139,51,83,56.32796694925714,58.76917131190225,63.65823934392808,55.465853832614116
4140,51,84,56.095123924770824,18.0097450156899,62.946791332896,56.966848437275054
4141,51,85,63.3155228530292,16.40178550582208,67.878558568923,68.9429534180725
4142,51,86,70.32954245195577,38.04621802424977,74.40898410427206,74.04666041625883
4143,51,87,56.47982282937671,26.178771495629075,55.080404037926044,59.34575921025629
4144,51,88,53.93142408913134,24.69477575218195,49.75091919164488,59.40200446397159
4145,51,89,59.55720322140134,20.899427866494584,54.416394325284614,63.63991026281069
4146,51,90,60.05340932376987,22.43287487161719,53.05087420826722,68.57849645196465
4147,51,91,26.246893711040762,111.04985797955209,21.482024834044424,38.51270978486041
4148,51,92,56.13103524566876,9.208863126414428,42.90310406658389,51.639707762753524
4149,51,93,61.75295408236212,12.700467622471411,45.596309548313975,68.44713481721756
4150,51,94,76.9616788914694,29.79609151397899,60.47237813882852,80.3570474992838
4151,51,95,98.06300770662567,47.22330988823968,79.0638838488403,121.45853414498355
4152,51,96,123.57910824262974,71.44393458932893,103.8652364478594,144.0491053463873
4153,51,97,147.68590396367995,96.25375896417651,127.10314655489,168.65375504157535
4154,51,98,170.6379967727695,113.40181487623485,148.68829464844524,187.39483930547974
4155,51,99,176.1904937276372,106.1051476708659,155.29995941383564,181.0541129202044
4156,51,100,181.98957691372095,108.13157736113818,165.7757854645809,184.3577681934487
4157,51,101,94.79345290194814,36.199911418664506,115.36341752456906,147.3985816350334
4158,51,102,83.01211575497372,34.27994247919679,113.42399634996747,131.3099907422217
4159,51,103,44.75585215244967,54.078983216559294,89.40520416801326,113.41851296261405
4160,51,104,113.02494857590781,146.61984489002398,28.5193706668153,64.21022579954244
4161,51,105,147.75419871348248,168.0518568908212,15.47778033106086,26.50401031918126
4162,51,106,133.55638375505364,137.62700567262195,21.680022070819145,15.154616447538892
4163,51,107,93.4590332312001,90.39987637677977,19.00544652926739,18.406731286642298
4164,51,108,78.8102680937577,70.09966227497316,23.46324519404006,25.326946352532623
4165,51,109,21.30930713883855,79.57685372505047,35.67880189882635,40.987547501200666
4166,51,110,33.44915324825031,138.75217533630064,62.436431443378936,63.91450704281013
4167,51,111,15.799068607152686,64.94856702477593,51.635736194234745,64.28472177035431
4168,51,112,18.52307273464947,33.79272704253935,49.01902501971213,65.87113434228641
4169,51,113,22.321902652023812,17.087313014664318,32.923492438492545,64.60407019412918
4170,51,114,34.78772018116591,27.269094401808278,20.51270519860241,49.28674243936624
4171,51,115,70.57264992231435,64.62385385541664,18.452119355306888,25.190178892708943
4172,51,116,70.10106534356618,60.577274050717044,21.833378381499006,14.531283351055729
4173,51,117,62.56955039566039,50.478921283347546,23.317600413110835,18.679638485319277
4174,51,118,31.075541539522757,18.918963497695902,20.981702685092777,29.59310746649263
4175,51,119,19.545357853502704,21.725300923023457,25.82595832882963,36.0847802041844
4176,51,120,18.559836322637175,21.35511450588853,26.237144556032444,39.40745143345857
4177,51,121,34.80627087736152,73.00185703761929,49.615400107750695,47.86067605850282
4178,51,122,23.408741658590607,19.99915977950426,23.397026465477328,42.77973759106222
4179,51,123,44.9889404441513,37.68019216100771,15.275213418594102,28.836610585238162
4180,51,124,58.852127658029126,53.45085353689054,25.46471388478535,9.361049164228701
4181,51,125,48.898017256547575,38.15628796531511,20.916890647108115,9.268109075153173
4182,51,126,36.010054920207935,22.444399429644527,15.335938240827115,15.723026579497311
4183,51,127,13.847865053032896,15.701181875859938,11.396985942762985,16.599867768588755
4184,51,128,9.067428564961327,22.838203036313132,16.094413101614098,21.336463042604223
4185,51,129,9.012758657649279,19.201262281680194,16.368315099341523,29.022751088694807
4186,52,76,26.63094764728565,18.507988707594173,20.710895695690013,46.507171130104986
4187,52,77,19.394969816081712,44.30562509407298,20.39621343906179,24.33538691656864
4188,52,78,27.628184510507975,53.165763709732055,30.06809967970264,14.873831391034278
4189,52,79,49.412101036936576,73.31190441980287,49.558782714227725,25.586536567926128
4190,52,80,44.76773671799256,71.44137263158747,50.62683171032585,31.86931361901358
4191,52,81,52.53511249857682,79.35840849259552,60.31595422012281,44.95315025565399
4192,52,82,56.39155963320558,82.52243689481887,65.53811030565697,54.33323889250355
4193,52,83,54.10765256957381,44.4964380462745,63.249403200644615,54.50295735497171
4194,52,84,54.59082587730749,22.615154526817623,62.49587674341657,56.62304220524561
4195,52,85,62.99790591465802,16.40631315678333,67.38711715833675,67.49973443750262
4196,52,86,69.9706563631637,38.58770976385103,73.88323870526526,75.71507999079206
4197,52,87,57.66503406341205,24.74813263932906,54.52061815666358,60.414777333440426
4198,52,88,55.5835601675131,24.189083827584138,49.163361811022,62.25494750997189
4199,52,89,61.2369548494269,20.895173159734867,53.796959936540006,61.02189483809322
4200,52,90,61.96404461391759,22.39759138952535,52.41859043006076,65.89426300948615
4201,52,91,28.821829806872703,110.00683311614549,21.60906988343496,40.961235998419696
4202,52,92,58.787604643544164,12.226950766931685,42.15490829100881,53.59894532983288
4203,52,93,64.66283981576265,12.565219840394798,44.85457165899486,69.59145709495559
4204,52,94,79.71580311885916,30.17996494034552,59.71880153805875,88.60342627709537
4205,52,95,100.94477533769367,47.47291012470638,78.33822048417669,125.55737616549558
4206,52,96,126.32298763604322,71.59317500418395,103.11395723506197,138.1932009390731
4207,52,97,150.31871914078593,96.5149318363455,126.34221297831233,166.65367190526038
4208,52,98,173.14598517200807,113.38653125568008,147.9263059740143,193.0291558123817
4209,52,99,178.09673767542196,105.28336780321766,154.53283476134857,183.25505428133008
4210,52,100,182.9148030613836,106.57896201970665,165.00674376760995,183.4326808466524
4211,52,101,90.64969094766253,35.59665121684364,114.58059164011951,146.645947698533
4212,52,102,78.73903078288143,38.20292331347493,112.6394194493327,134.8042047318291
4213,52,103,42.08321812302569,56.295807479466994,88.64890703566999,110.82873957958324
4214,52,104,122.42720853365758,146.7163288825816,27.997049145585336,66.4784574181833
4215,52,105,155.51322663488838,168.85730610227247,16.032896592454506,28.986012604896928
4216,52,106,138.78331507148124,138.81111618523727,22.397805065786187,13.134302021487484
4217,52,107,96.77942196447265,90.36829412861675,19.354149785838757,17.942618694834614
4218,52,108,81.29542501941077,69.02304363399142,23.551792776868915,25.060392818129305
4219,52,109,22.478978003296245,77.78479286346817,34.89846192354118,41.279036394835956
4220,52,110,32.251629638706625,138.52137391400063,61.57003049342802,62.93840961350163
4221,52,111,14.700205426204658,65.35922695443165,50.7858194605108,62.397933791134484
4222,52,112,17.968304114879853,35.611338283916616,48.21542207998223,65.68340891458388
4223,52,113,23.05821153807628,16.892428973137818,32.20396514828312,64.47134422340976
4224,52,114,35.7296390864963,26.98360799316314,19.94025685839383,52.289853770497366
4225,52,115,71.57571925930577,64.85736260165127,19.156156547042105,27.078710289477613
4226,52,116,70.9761392300728,60.654209277524025,22.537411038749404,15.766391798187158
4227,52,117,63.31020127034766,50.27098259829617,23.793174696561437,19.09333850868843
4228,52,118,31.598878842810855,18.83559141399293,20.63774017202915,29.528216333224865
4229,52,119,19.86693491821029,22.01336098078635,25.251965804700514,35.02514926924987
4230,52,120,18.821732655985745,21.575699332639655,25.662332267450957,38.71436217573172
4231,52,121,34.48974294828749,74.92885112627368,48.987045140952155,47.951402078638246
4232,52,122,23.65624621466163,20.33426487068985,23.0080589857017,42.660640658648056
4233,52,123,45.41132058633762,37.85355003699384,15.81004612776126,26.942364145719072
4234,52,124,59.25222571841188,53.71389022270142,26.094005192337967,11.91969669718972
4235,52,125,49.2551109907371,38.12747319505294,21.473035171618285,9.890478785411144
4236,52,126,36.32162471086587,22.28216090689542,15.649199069963498,16.24260535537128
4237,52,127,14.098938981211884,16.11713828744862,10.953438902099569,17.20354588866905
4238,52,128,9.191077493842618,23.223659236822513,15.570559529037796,22.387063943586387
4239,52,129,9.125861256505011,19.435570315686025,15.856428679447845,28.92286697225877
4240,53,77,13.639848872696355,44.94574704580359,19.644546669401464,23.470534647817324
4241,53,78,22.175428100185812,53.69762132157834,29.347531382815557,14.98385332790455
4242,53,79,44.06662998038096,73.83019869504038,48.886556810106384,26.100474097258918
4243,53,80,40.50218571627928,71.7706246054849,49.98842968983472,31.929064304214894
4244,53,81,48.94242286801732,79.56373710296727,59.69031733537173,44.864339246259156
4245,53,82,53.5257718283794,82.59249330817781,64.90560539527209,53.64662936047101
4246,53,83,52.126084516805456,35.87744464245537,62.59382914721122,53.66465237053963
4247,53,84,53.2417551611971,22.778971387611428,61.81330647555278,57.04869908641169
4248,53,85,62.72311505198585,16.582038954552008,66.6812651987577,66.09046134743899
4249,53,86,69.65775801079103,38.50231076316708,73.15562421556186,71.6081592008309
4250,53,87,58.76670956800558,24.674576409835893,53.77386237653144,59.00790151027705
4251,53,88,57.09601004963233,24.224755479565815,48.40219006383879,61.309091580632035
4252,53,89,62.75611745434547,20.894381291725065,53.01156054692456,66.65803313835049
4253,53,90,63.65623708479015,22.40865011292105,51.63171587255884,68.24278106242048
4254,53,91,30.967054360325434,110.68794749966695,21.797711714424043,41.64027328474537
4255,53,92,61.05536945876906,14.639255067459993,41.251423582045035,58.2196114803729
4256,53,93,67.01507966394347,12.7997648992824,43.96976445086291,81.96830455622639
4257,53,94,81.85646264337738,31.34389195055729,58.82795703086055,105.38259093705406
4258,53,95,102.95166952157912,47.99784124466416,77.4889000030787,129.8477857261632
4259,53,96,128.07825984387944,72.06608810583214,102.24081124897114,163.31610246399583
4260,53,97,151.7980452661044,97.05115993758703,125.46388761910217,203.6421221370441
4261,53,98,174.09323300247053,113.36697302668928,147.05269392481722,198.67676447318448
4262,53,99,177.57992035050273,104.14104308470587,153.6592094404546,180.35246357477956
4263,53,100,180.8840730949265,104.66114403976658,164.1364339220976,189.42335530978724
4264,53,101,80.63469009481535,42.35478531164599,113.70076449790933,148.56480681255803
4265,53,102,69.8739891102259,47.23272880140823,111.76314116955868,135.17557047252805
4266,53,103,39.187552977912034,60.49695614435528,87.80994547791151,112.31759099475036
4267,53,104,137.27682092997586,148.32933383986975,27.438697289039812,57.93259855156988
4268,53,105,167.41483019041294,170.52643314049166,16.67432186067914,27.999542947223258
4269,53,106,146.93723688441224,139.26728717506143,23.196832609915138,16.19852172581414
4270,53,107,102.19357437665528,89.86440105451435,19.77303367860607,19.432845862095743
4271,53,108,85.44068055515969,67.18153258582947,23.685548714517655,24.876787999112008
4272,53,109,24.71867646574852,80.00478842475744,34.05822837363746,42.54712788549982
4273,53,110,29.972145734693857,138.27302387043807,60.63356260138391,65.24786806056706
4274,53,111,12.746734362405324,68.4961897665892,49.869781290787735,67.1350280474077
4275,53,112,17.095612045421685,37.785598728158966,47.352774431261544,66.76961773329273
4276,53,113,24.45935095853956,16.78072245448571,31.43819934844642,64.69998965656471
4277,53,114,37.43011404797144,26.823503133740598,19.347318215673067,49.418117372634825
4278,53,115,73.3382940081577,65.48883252837523,19.917116057097747,25.922623279949015
4279,53,116,72.529856680218,60.91859234661092,23.29461072581181,16.078112609430946
4280,53,117,64.64224753061836,49.97743190936651,24.316817070447872,18.559327139734968
4281,53,118,32.580877250119734,18.759432872908715,20.298156736785312,29.99842718010371
4282,53,119,20.50192673033156,22.945813427326826,24.654104831427883,37.15043367290802
4283,53,120,19.346103046012846,22.173932011092926,25.06330351906961,39.738994291141715
4284,53,121,33.87447107072074,81.33802302151422,48.325834055405664,47.2506820334817
4285,53,122,24.145329881143265,20.69634021273763,22.614049334346262,42.17692474780724
4286,53,123,46.20421916708545,38.01756496702632,16.385703790162662,25.23806107041106
4287,53,124,59.99861395322725,53.948219741403214,26.758229982128242,10.37241201495044
4288,53,125,49.92965226805955,38.110181007707205,22.063255877473775,9.052694550908237
4289,53,126,36.91769718166102,22.15404433718365,15.998976038060187,15.564323313187144
4290,53,127,14.594651653436507,16.47256071667037,10.508690515522929,16.13381140228831
4291,53,128,9.454029056181158,23.557827140380304,15.029335386452937,22.169808608535615
4292,53,129,9.366063661679153,19.62746533776693,15.327752691772439,28.721450067235036
4293,54,78,15.0089386717944,54.31138984794962,28.331322818203603,14.868730766231367
4294,54,79,36.41406576745513,74.42442989749232,47.946707840957394,25.677832302571662
4295,54,80,34.67440802345288,72.15190610167399,49.11399075957656,32.83935270748403
4296,54,81,44.13979192135645,79.80612138987671,58.85278806889518,44.97319137280764
4297,54,82,49.77532895955077,82.68491065929118,64.07931718987462,54.002210092083104
4298,54,83,49.60052003067023,77.62188072776904,61.758672593758796,55.085278368630114
4299,54,84,51.56508063221309,18.175997639301823,60.96295833502885,56.5769527716542
4300,54,85,62.47097174833506,16.333213158464265,65.82058174102993,67.72159147437816
4301,54,86,69.35246965377577,38.01232844484619,72.28268345836238,70.06965823532343
4302,54,87,60.323485809814265,27.01939485318009,52.89298952350598,58.48096986530342
4303,54,88,59.19154896436619,25.19726884582176,47.51713506099262,61.23650281936623
4304,54,89,64.84765928092331,20.99563840824942,52.1078855599069,68.11780102517183
4305,54,90,65.95872627469029,22.588738871103356,50.73552987336391,70.30567731100955
4306,54,91,33.98971382629661,115.56262477787712,22.054217602043032,38.210154214693056
4307,54,92,63.936014494769246,15.439835784112837,40.236532557797126,58.61545753569081
4308,54,93,69.95714131288403,13.696950544659705,42.983755234963574,79.44018643609193
4309,54,94,84.49039073245454,33.87753215096462,57.84032571204638,102.43642567059044
4310,54,95,105.36466953121203,48.6918480769138,76.55362982803305,126.67151042381086
4311,54,96,130.13231590563427,72.76971332897307,101.28306110323075,157.4241467536178
4312,54,97,153.47191759928646,97.74665569081442,124.50467556765538,186.67207748258767
4313,54,98,175.0671123746723,113.14713384702858,146.1028306926016,199.67484116259055
4314,54,99,176.72617628437158,102.3321150513169,152.71319419216255,184.72014788811282
4315,54,100,178.26623339851974,102.00210408007327,163.1975994694293,183.92703140562082
4316,54,101,68.92146104694152,50.83395480315385,112.75706060984518,153.56696729192964
4317,54,102,60.37476617381217,55.67376668205582,110.82480827057594,138.59231671474106
4318,54,103,39.421471759453304,64.44050317315401,86.91560837559425,113.35657041305086
4319,54,104,152.58219346336918,149.71859832529256,26.867241942368896,58.676428171406215
4320,54,105,179.2662840755657,171.27994744687916,17.387221865978994,31.3318313649295
4321,54,106,154.90187092404375,137.05565168803682,24.056833986411544,17.050440291341772
4322,54,107,107.43811749858449,87.67057354697758,20.256782693968518,18.879064369573058
4323,54,108,89.43571401721773,59.11973448575187,23.8682244169492,25.287169443515587
4324,54,109,27.016450143806583,80.04014199975379,33.180735138301436,42.17599772861842
4325,54,110,27.78297361626606,138.2826475488747,59.650249948312734,64.02970964818881
4326,54,111,11.004456859715031,70.63052067280353,48.91011970525757,63.14272942055809
4327,54,112,16.468119368557435,37.21673110144942,46.452363260705674,66.90686250531745
4328,54,113,25.851889378827035,18.769911336497902,30.646120070860864,65.38388113628666
4329,54,114,39.03728897088919,39.497145152378934,18.753285206223865,49.72285006917919
4330,54,115,74.97787886630243,90.3057660395603,20.717560624325685,26.096892426043667
4331,54,116,73.97247435876842,71.23130386903107,24.087807973522,16.007191801847146
4332,54,117,65.87939014468694,49.375931660387074,24.877941567534684,20.021984390410008
4333,54,118,33.508386817413005,18.804778791679173,19.97580938866119,30.85032272114656
4334,54,119,21.126514601679624,25.73200142155209,24.04832676818046,36.69286183125861
4335,54,120,19.865765453584736,23.88072319620446,24.45567198338387,39.678604469483666
4336,54,121,33.307132794035155,94.21896455612081,47.647347476340855,46.886240639858144
4337,54,122,24.614760396988604,21.27801556041966,22.226965532245515,41.982335662414386
4338,54,123,46.93009625071898,38.39863352912008,16.98920145567939,25.622955121008193
4339,54,124,60.67688730761054,54.475227019402375,27.442363006833205,11.145430867705258
4340,54,125,50.54405842845922,38.089836919704915,22.674312196927385,9.800274969320844
4341,54,126,37.46269454151337,21.902337676186953,16.37816334835933,16.02194804113427
4342,54,127,15.056423283961024,17.22765726755038,10.077738080315235,17.234401397675803
4343,54,128,9.717203857458001,24.249148249691903,14.484659359581046,22.33241892095292
4344,54,129,9.60548948219971,20.011055077358318,14.79577921253592,28.614019227420428
4345,55,79,35.440568139829075,72.11365493173952,46.63655026648607,24.565760499934193
4346,55,80,33.31229431386351,69.76530639557981,47.918256220761855,32.74182114943935
4347,55,81,42.900624662019304,77.41203133222365,57.731474697323904,45.7803977383818
4348,55,82,48.64694921127519,80.25624405511232,62.99763285624165,54.16639621028963
4349,55,83,48.72069162996643,75.13565427721359,60.69015738959556,54.976974787820566
4350,55,84,50.953699077718625,72.49162078909222,59.89788322371468,55.93021132039034
4351,55,85,62.40787035904928,16.35300148179275,64.76471473351515,64.19010435986094
4352,55,86,69.26662795213184,38.01243040136599,71.22914954888292,67.87336855630379
4353,55,87,60.995928970000826,26.995074912055244,51.848065914741525,58.76175903880849
4354,55,88,59.95997675935689,25.137777646865626,46.48268141552742,59.599225266918545
4355,55,89,65.51483656553425,20.970796395964353,51.062818926783834,66.03367958654013
4356,55,90,66.5070822372425,22.556587174654087,49.710070262965054,70.69711787297209
4357,55,91,32.62226766175666,114.45265942825019,22.39953167378071,40.60813893294584
4358,55,92,64.39101852598883,15.622936387898262,39.089875432309796,59.72176045424526
4359,55,93,69.80227980116393,12.752142477270446,41.905386562332076,82.80321480036986
4360,55,94,83.96841479756571,31.473819177537617,56.74291373571437,99.51069206527936
4361,55,95,103.71592708904815,48.16827655965464,75.54177352900504,133.9163194334508
4362,55,96,127.93695696193825,72.13705070861701,100.2309892816733,170.20838446301502
4363,55,97,150.52925458051433,97.11163959898067,123.45856729385308,186.4433739572081
4364,55,98,170.31486219464574,113.53667126402814,145.0746996457028,197.61648229101513
4365,55,99,167.91900097681963,104.4581898072195,151.68664750842026,185.58196323764844
4366,55,100,166.98904278672387,104.49133459277466,162.18237938745318,184.3218031320306
4367,55,101,44.076024385899856,49.839438920795956,111.73872599552682,142.43977741944
4368,55,102,43.48739693798924,54.471308730990984,109.81787526559961,140.43173972922744
4369,55,103,48.087522762003545,63.55012982311068,85.96052840165538,113.54966927926846
4370,55,104,177.4954450785606,149.55311686070252,26.28564032024883,63.53856014639817
4371,55,105,198.0691144243382,171.2583978648283,18.177258756416425,22.79206662281742
4372,55,106,167.74042285339735,137.9551758809649,24.982978581847203,13.652889869876747
4373,55,107,116.21023532849101,89.43492289054028,20.811528169366426,18.40671541863803
4374,55,108,96.23652926971204,65.13939729459581,24.106451569540113,24.983513029749766
4375,55,109,31.364682018843023,80.05359595187512,32.264282103480376,46.13038361870288
4376,55,110,23.73500601842973,136.9422723929036,58.6166389860551,67.19915339078564
4377,55,111,8.391947502559214,70.61992675553721,47.903820556557086,65.95079159159263
4378,55,112,15.904023439788261,37.521994367816944,45.511925487780466,65.80190217262114
4379,55,113,28.473226881381258,17.678937606619137,29.827236795926257,66.38594731641044
4380,55,114,41.90419822847572,38.26089595067416,18.16231261019351,52.61147673050359
4381,55,115,77.82670821599896,90.28889593122231,21.559272260161556,25.639771089045215
4382,55,116,76.49213821469505,70.95630850940394,24.918689179285884,16.21519521702554
4383,55,117,68.05740448426651,49.740892524651706,25.47830463167831,19.265405967888775
4384,55,118,35.20170459090422,18.75071720768434,19.674848760573052,29.775726703197368
4385,55,119,22.329029341511152,24.246409422616214,23.436033944149415,36.058299880177245
4386,55,120,20.878006981118983,23.017418979960787,23.840583338324823,39.79209337258292
4387,55,121,32.276478833132686,94.089674573768,46.95124318955041,46.99420057118733
4388,55,122,25.505094288833238,21.009922451713912,21.849107554372726,43.52684416665168
4389,55,123,48.22112006599225,38.02513325953834,17.620740598658724,25.735051860713295
4390,55,124,61.870658264280195,53.96976981849895,28.146885027888416,10.391897852058223
4391,55,125,51.63458414744439,38.11059509340796,23.306516772804137,9.834700752487588
4392,55,126,38.43947228183726,22.156455024804757,16.78695075043354,15.741137132459182
4393,55,127,15.909931750595694,16.512023932932696,9.665389645901776,17.025013997144555
4394,55,128,10.245252281661548,23.600911840163544,13.937917850055463,22.753110233886094
4395,55,129,10.083815979268598,19.63961229820477,14.26174027631661,29.249120279206842
4396,56,80,40.275826026204406,64.72509230794026,46.778723998209024,32.697882821918945
4397,56,81,47.88115860372366,72.51113702237643,56.67226777660237,45.156925239022705
4398,56,82,51.853935690676735,75.44751616898169,61.978044906495626,54.45822311840425
4399,56,83,50.388572189534536,70.3848447597061,59.67951394231659,54.093273566411966
4400,56,84,51.86736839034714,67.83788927555943,58.8855580586456,56.80771923021494
4401,56,85,62.320092965395325,16.585764662135357,63.75437198443626,67.00856050693984
4402,56,86,69.22046378271953,39.61401603277302,70.21726359772997,74.89631282667976
4403,56,87,59.658156892231496,23.807280876589175,50.839418282640644,64.10408002643936
4404,56,88,57.873501551861494,23.72387528291853,45.48105823699487,69.09581670888669
4405,56,89,63.182940882353336,20.926713223536282,50.04772386715983,74.27247076856027
4406,56,90,63.488004814271626,22.38168477095793,48.71338290973194,80.22018155740535
4407,56,91,24.186856438084785,108.0154252606049,22.79169699914104,57.69410059563762
4408,56,92,60.66796536837827,16.07758512755162,37.95545520958631,70.60485096414912
4409,56,93,64.54239604896965,12.089237067180417,41.05499678843494,99.98122845598776
4410,56,94,78.47741270707016,29.297504378908858,55.68751022102931,126.00676086579905
4411,56,95,96.01754336706355,47.77293888951312,74.79678743137056,160.2405820336266
4412,56,96,119.79268393464736,71.44508091798663,99.23452346918717,184.8152228756193
4413,56,97,141.5263675192985,96.29630770168875,122.51040181805176,218.51155572134581
4414,56,98,158.6054443252353,114.06972235640332,144.21726199550127,218.41510831863437
4415,56,99,150.4557538789145,107.33637633314028,150.68744037392003,176.8782261820553
4416,56,100,147.50984871811832,108.05411621701094,161.18932428754698,184.0655937803014
4417,56,101,23.78158477263804,40.52564890779127,110.7404100899825,149.00416954249863
4418,56,102,33.61521129090926,46.05863526850682,108.8297285388765,133.96234885158876
4419,56,103,67.03561210884882,59.11104696932168,85.02332210844335,120.53210813582977
4420,56,104,205.3712714872317,148.58586475080094,25.742656341950898,62.60290358853842
4421,56,105,218.4519647135579,171.08553006237165,18.985276622269552,29.257599422575463
4422,56,106,181.6274623090275,140.49671789883874,25.91060039272386,15.084850753915138
4423,56,107,125.83615437383916,91.43107758754768,21.399886060191022,17.83150481758311
4424,56,108,103.73120315369232,70.42086304380575,24.386445412611284,25.07835399513464
4425,56,109,36.52990687574946,79.71337162395837,31.36763957394627,42.41864551523518
4426,56,110,19.112320714021646,137.84114560283004,57.596671928949505,65.22214293595655
4427,56,111,7.131076885733385,68.85010525714428,46.91206100525865,66.66900552901005
4428,56,112,16.20015409600073,35.41922543372356,44.58795719807565,65.85644924718177
4429,56,113,31.491424806445025,17.10326144645031,29.0308165267284,64.92114804841788
4430,56,114,45.01643345828246,27.319539701323606,17.612482904002754,50.82984943661147
4431,56,115,80.80774901064552,64.34974193643325,22.393649813382748,28.454596854442627
4432,56,116,79.12067602877791,60.64606103594374,25.740173522520273,16.624886216487866
4433,56,117,70.33216423117715,50.78010496247282,26.083857123763945,19.216090323980897
4434,56,118,37.03926417933947,19.095674929538855,19.414016179451853,29.370298373028284
4435,56,119,23.702649664620914,21.196518220781222,22.85205250627501,35.2099199042964
4436,56,120,22.036463077069424,20.962077340043884,23.252601172883544,39.137139737661016
4437,56,121,31.181429649302665,73.02241963292109,46.27559060012288,46.18846427619223
4438,56,122,26.476726201883388,20.089334921822434,21.50206932368447,41.78026417488974
4439,56,123,49.50337909698004,37.41694981842408,18.24516208857938,27.920092890791697
4440,56,124,63.018851136112254,53.04487919251304,28.833851113950256,9.399407628471801
4441,56,125,52.693340852243374,38.22519487962121,23.92560365621041,9.355022927042166
4442,56,126,39.3994922015991,22.731521822833965,17.201929434643343,15.577608888024418
4443,56,127,16.789229149399826,15.019738833354504,9.296845826073879,17.445704108508252
4444,56,128,10.832345488105187,22.196599010621142,13.419292538050628,23.335679822281545
4445,56,129,10.606793007746425,18.800562343604913,13.755014492864456,30.029172745849507
4446,57,81,45.978425604690585,71.75144844687493,56.14284838724181,44.84139801342349
4447,57,82,50.37879738749559,74.56313578857903,61.43972033351452,54.69470062833327
4448,57,83,49.50693678836351,69.35414397435052,59.10272580127719,53.770897875203254
4449,57,84,51.43695008854246,66.72117208326372,58.264368438150036,54.73430344300641
4450,57,85,62.66834914084968,17.3508922960962,63.087604126522166,67.56165446437608
4451,57,86,69.5215131465941,38.35401238091644,69.51764972508109,73.38639444910531
4452,57,87,60.85507618343689,25.696317754567083,50.106030600974556,69.15147312361701
4453,57,88,59.031636997064304,24.38976529018827,44.72493501747716,70.56729960180228
4454,57,89,64.11459343333837,20.89733008656046,49.260420841488056,78.20092428615705
4455,57,90,64.12213430211139,22.3912391160467,47.92510853723375,83.50905713289896
4456,57,91,22.474424289675376,109.39801115237653,23.1503252564058,75.4371328856313
4457,57,92,61.038640159505114,18.34714858665585,36.535746680562916,87.0909650061922
4458,57,93,64.14522851678603,11.873789887030718,40.36182410403346,108.19229791388892
4459,57,94,77.76206868161245,28.950642339998733,54.80626817399149,136.06921368409817
4460,57,95,94.1879058358879,47.96950904436883,74.2415494239477,169.938376222672
4461,57,96,117.6560862044723,71.45262719716472,98.40765892156345,202.58279438621688
4462,57,97,138.9477327258731,96.28682184166234,121.73576998518517,239.72695597824594
4463,57,98,154.81185508328917,114.40052515737399,143.68829724689564,228.46754204839286
4464,57,99,144.1169330431776,108.13317147554022,149.84186012848434,199.643929511791
4465,57,100,140.39715652821704,108.45263470140561,160.32346749988264,180.09598316316746
4466,57,101,29.35083545487808,40.16761523718364,109.86073476334404,147.93185502466372
4467,57,102,35.82372470544009,47.32224783211891,107.9518794448882,135.2352886082991
4468,57,103,74.74564484598775,59.79973571036981,84.18501666385603,107.40218033022997
4469,57,104,214.8704586754528,148.87920735688607,25.279067806067996,63.929987508995914
4470,57,105,225.04435372926457,171.59742320251135,19.74306149485964,30.327808840102414
4471,57,106,185.940832514926,141.24317630724062,26.770515787756842,15.982171395494671
4472,57,107,128.7579439386477,91.77377770775314,21.97356988102622,20.762441476195214
4473,57,108,105.96116937820088,70.61995824559266,24.68272839869915,24.327536604572067
4474,57,109,38.11178340411593,79.60841785221848,30.547738392662247,41.25480631858472
4475,57,110,17.733170948678367,138.088998662041,56.65439931929104,63.46288404072951
4476,57,111,7.2439842467223245,69.11497528486335,45.99589507800889,64.12508594889809
4477,57,112,16.44565448930124,35.38823284637629,43.73614005301935,65.11883649321075
4478,57,113,32.31958994640012,17.114839305342795,28.303549179944007,60.75688723015924
4479,57,114,45.81883129313192,27.33559896250112,17.134220239135384,48.44075780179682
4480,57,115,81.51566008106373,64.31195741233172,23.17133073916027,26.535299644397675
4481,57,116,79.7308678705539,60.66026396777989,26.504882502965454,16.457719160924704
4482,57,117,70.85285201276852,50.82752942953799,26.657815552717306,18.93657822732068
4483,57,118,37.48743764689818,19.120645819485123,19.20401776887175,29.79481813375131
4484,57,119,24.046683781496693,21.145485880099933,22.32696502141992,36.56622118654823
4485,57,120,22.315334560667253,20.923871412958672,22.72241819168302,39.644250122284575
4486,57,121,30.899776166373343,73.02180693083578,45.656390634257825,47.80340516601122
4487,57,122,26.686340002212415,20.0945753908449,21.20212112313585,42.69502145716351
4488,57,123,49.72631659520926,37.3740866996038,18.82679841308197,26.397719576681496
4489,57,124,63.18499515660597,52.97382955896313,29.466451155923266,11.02889213671482
4490,57,125,52.852977811544896,38.241607206144316,24.49780810181364,9.221992207494791
4491,57,126,39.55144852566884,22.78864911065344,17.59714038715763,15.50261016346881
4492,57,127,16.953340212458983,14.895808280884351,8.989425819625577,16.458043003478686
4493,57,128,10.942493996165897,22.084818280755616,12.955308687710065,22.386776227825848
4494,57,129,10.696325128915705,18.725883542321014,13.301539571931114,29.030201622985643
4495,58,82,55.754681281463164,68.86738522903191,60.86328295088201,53.77058842592769
4496,58,83,51.8961529693212,63.768459518590234,58.48572686929965,55.82107082224353
4497,58,84,52.31883142433573,61.28947432755236,57.60026406685184,58.22395564223559
4498,58,85,61.34298270771227,16.564428067206293,62.374624260206325,72.74374075748298
4499,58,86,68.33542831155087,40.008335851102736,68.7715185292423,76.53039884752543
4500,58,87,56.35087025710099,23.63840735166549,49.325455845889564,74.35732865572932
4501,58,88,52.80333530730993,23.620399424961732,43.92284821100439,70.34085395209651
4502,58,89,57.59933758960403,20.942264230062317,48.42739326959738,78.02953683496283
4503,58,90,56.406019527257,22.383240433336468,47.094592007450224,79.90083433375742
4504,58,91,29.518570691039805,107.44255530606158,23.56349518012817,64.52087502595568
4505,58,92,53.48896041190494,20.37493420744987,34.14878501219892,86.97068767746624
4506,58,93,54.68470078815584,11.966295702745336,39.636556452227104,112.43348814309508
4507,58,94,68.65806440203218,29.514843567894122,53.894536143514,144.1567336726725
4508,58,95,82.87997151478827,48.405572877361784,73.75832488525984,173.4882980472489
4509,58,96,106.66421906448024,71.90109820946492,97.58057939351158,205.8872988507175
4510,58,97,127.79633974253898,96.79566237401738,120.96319140913229,237.92742663923366
4511,58,98,141.75728932899693,114.53868792975972,143.253921241204,221.44167521590694
4512,58,99,127.03863448983617,107.9798572582793,149.61459997644337,184.92379496788155
4513,58,100,123.50171913111194,107.70574018912806,159.4389377720076,188.21230395436558
4514,58,101,51.68540830251871,45.210240088268876,108.95640384963572,142.0465514780939
4515,58,102,46.40565754192703,53.54077231095439,107.0496968796384,137.9475097100339
4516,58,103,88.75511404222057,63.92599774921992,83.32572730461744,114.11468756731392
4517,58,104,229.92612750226525,149.38025611079814,24.831692473541622,58.918783201632074
4518,58,105,235.43921526678474,171.9558623590765,20.53997755414808,32.23214602294668
4519,58,106,192.90095753523337,140.99867146918123,27.661598631956625,12.915071222847912
4520,58,107,133.65141506153532,92.17685776267682,22.591226433859315,17.50755173996159
4521,58,108,109.74329240564292,70.25611242795797,25.022374400006473,24.727120556448156
4522,58,109,40.96539489250807,79.41370194956357,29.718898004029903,40.4189285728687
4523,58,110,15.195821491597169,137.97055253854782,55.6932991046177,62.658095617432515
4524,58,111,7.968384458370237,72.7083897496982,45.06336843952358,62.39344839226262
4525,58,112,17.036332858020206,38.57587863664866,42.87249689388945,65.89123829481746
4526,58,113,33.73536233833425,16.924916613998143,27.574982329260454,62.16904707341458
4527,58,114,47.131555490615405,27.18245712053601,16.681725837171836,48.47193488876041
4528,58,115,82.58650154296416,89.94515250065349,23.963463470511662,25.652332761356313
4529,58,116,80.638809113635,60.80614411060359,27.281830046763524,14.670412011252662
4530,58,117,71.6205382768017,51.11337781991281,27.249536060641994,19.317045512353843
4531,58,118,38.196034121192284,19.32774740254843,19.02372473315611,29.7743983241555
4532,58,119,24.60050974693221,20.842454580452706,21.813668577553255,36.34061957094565
4533,58,120,22.74664552445089,20.642156108334596,22.202784436077614,39.903998207524765
4534,58,121,30.41671052928604,91.834403273904,45.03890301923669,48.0933202076441
4535,58,122,26.97664412725959,20.317992967150726,20.921307569080106,43.90814406932694
4536,58,123,49.95158227258513,37.14978078408586,19.41468514358131,27.315993162922535
4537,58,124,63.28407322614051,52.55152742071936,30.099193952060023,11.11827428791741
4538,58,125,52.964211305999164,38.37276421364299,25.071679510908115,9.960321550438826
4539,58,126,39.67434200448159,23.168106737344683,18.003572832526427,15.968401432056671
4540,58,127,17.141474293939606,14.105439598414554,8.71531224826948,16.7025399538378
4541,58,128,11.063019269905192,21.328952442933748,12.505379055520764,22.605103288428808
4542,58,129,10.776629658811466,18.22749164282226,12.861471695548612,28.852695235656434
4543,59,83,52.138786290303905,61.475075787489885,58.614915791957046,56.245321103376625
4544,59,84,52.166611038457496,58.97704623451632,57.5945493500787,57.82140796771756
4545,59,85,60.5281552104162,17.04507833559277,62.22808264279227,70.99976605531687
4546,59,86,67.57921179978281,37.996462011417385,68.53146378688275,75.50048057105431
4547,59,87,54.223244380027154,26.638467832192166,48.98152409363125,74.0895719002324
4548,59,88,49.79771829562237,24.829942536998015,43.50267681103544,69.3022572133679
4549,59,89,54.476162429865575,20.903067182304614,47.94512980029476,71.28558382444574
4550,59,90,52.727670721944186,22.445739836013303,46.579868749152446,79.00629838072491
4551,59,91,41.79524809901311,111.20741065500611,23.865219817025416,49.779230040884244
4552,59,92,50.288588086690886,20.022080367096585,33.750456084254175,66.70463925873545
4553,59,93,50.706108967180505,12.032264794727004,38.90160702734582,90.05511985905488
4554,59,94,64.92063684330074,29.55901975761094,53.176943746041005,117.90549359635669
4555,59,95,78.38196341464648,48.25281947308875,72.99715794663172,154.69604748221775
4556,59,96,102.41727474091529,71.82795665843004,96.85592440082995,180.10872174943228
4557,59,97,123.62580978394602,96.73809217117726,120.22177172834687,191.1958028069132
4558,59,98,137.09443266265072,114.39418004931443,142.44494318099328,209.0551306824288
4559,59,99,121.3343043196654,107.83142465795667,148.69840760696727,199.6664821681437
4560,59,100,118.20921634512834,107.81650360855167,158.72100704780487,184.32849273994975
4561,59,101,58.72447140338414,44.74065580160037,108.21721895864279,154.63657610729203
4562,59,102,49.93198685898049,52.13820075270135,106.3003830198559,131.70610233042535
4563,59,103,92.04067322422425,63.36998772845487,82.60215831871281,115.35606456281874
4564,59,104,232.6832090476972,149.09350234106148,24.472422334895146,61.162397273304585
4565,59,105,237.06330704440532,171.66224868612383,21.246582769603528,24.071275216862304
4566,59,106,193.9032240153098,140.70749405821476,28.450656485881993,16.320599516303623
4567,59,107,134.3807482070925,91.78059072019465,23.16035123781698,18.71122573425918
4568,59,108,110.27373016948786,70.39541287944189,25.35381985693689,24.531152511970575
4569,59,109,41.47639712275638,79.71509732785464,28.98908479716637,42.96294546652634
4570,59,110,14.669506362640679,138.13212794370185,54.83686361132347,64.38688175343874
4571,59,111,8.111279566211385,71.59542851700297,44.23186950223201,67.7154182461271
4572,59,112,17.08958879932095,38.31786804310892,42.10365964813706,65.85165302546201
4573,59,113,33.79156343652756,17.036594416409482,26.932906929443387,62.682559591181096
4574,59,114,47.09538929869945,27.485818264124084,16.30679241482858,48.642832809766404
4575,59,115,82.39076572110433,89.44507866232543,24.67638079136716,24.679658261903338
4576,59,116,80.42954945869344,60.778674175297546,27.980896434151866,16.293723919710622
4577,59,117,71.41841479183056,51.198044048212225,27.789609241078963,21.02986990291527
4578,59,118,38.101992391123396,19.319687100124682,18.889697203988263,30.335475945192186
4579,59,119,24.530936398324055,20.799126534082728,21.36816004043234,36.43505987604954
4580,59,120,22.648345980887374,20.648466258317615,21.75023694167055,39.70330448188566
4581,59,121,30.390252868370958,91.87125062546713,44.49140348747093,45.403931777888175
4582,59,122,26.832220532613174,20.041550962148232,20.688327854953606,42.15522918087287
4583,59,123,49.635176767998416,37.12386629903517,19.942436948650546,26.218041099365436
4584,59,124,62.90360930455587,52.496858900184456,30.662387789721265,9.63083881071091
4585,59,125,52.63021613400217,38.400915411303224,25.583683143080197,9.525209799892068
4586,59,126,39.390531027457435,23.232175701331492,18.373893008056086,15.595957320418739
4587,59,127,16.948004192006547,14.038525398260823,8.50141709415008,17.38008569451029
4588,59,128,10.914797854627684,21.285256921978867,12.117994593250927,22.604918669760593
4589,59,129,10.620144678964815,18.178698182361277,12.482436716839919,29.654415682274827
4590,60,84,53.338493634644955,61.68004861871423,57.92740177101716,57.9738141335731
4591,60,85,63.01260569529794,17.553084301446113,62.35385097726796,69.89493188527517
4592,60,86,69.88176803049275,38.04512082832113,68.52162605627238,74.984059686125
4593,60,87,58.1651804247199,27.07722836107548,48.82273108529787,69.5676700593711
4594,60,88,53.8645104600348,24.968176455364294,43.23409241098133,70.75459978330004
4595,60,89,58.18094402402242,20.91447966154233,47.595298169758394,71.4263453433354
4596,60,90,56.225464286204485,22.468965478131498,46.17945075011993,75.6719627548077
4597,60,91,38.512492176764354,111.7779817168798,24.131414066131313,50.26840905499491
4598,60,92,53.04161556088475,19.456641915900775,33.37307144457153,69.17699175257
4599,60,93,53.21015463540395,12.028702479226551,38.26101926538706,88.34488705130454
4600,60,94,67.09452149976,29.73816175611684,52.5437451285453,107.42430452640409
4601,60,95,80.26789893359492,48.34011883352056,72.3266018086065,137.96067703649766
4602,60,96,104.08552569872582,71.88780055779041,96.20708012804734,157.58720019940534
4603,60,97,125.10186372046479,96.78448127928453,119.55619925433287,173.99894862111245
4604,60,98,138.3780119609212,114.3838316659719,141.72603921836767,189.8365023418693
4605,60,99,122.37128652825437,107.3936839536486,147.9279631721951,183.75256363984226
4606,60,100,119.00164441831672,107.2032836242966,158.06107889068153,187.7306920477545
4607,60,101,58.34216545562995,46.942683347667845,107.52486755243609,145.138156643255
4608,60,102,49.721018772404996,53.2970016663222,105.59247316043162,142.2738995547809
4609,60,103,91.88800381096148,63.12614107161133,81.91440841006872,105.78034752165908
4610,60,104,232.64696083889928,149.44365961529718,24.149766512913345,60.24253613302529
4611,60,105,237.08021474015544,171.74006768190583,21.940208446331294,26.16016598227414
4612,60,106,193.93087626315335,140.49946825674945,29.22155418439354,15.131385188356244
4613,60,107,134.39773514065715,91.55339341513826,23.732978478682483,19.488600307538068
4614,60,108,110.29385915578193,69.63285195902944,25.702292387656836,24.79472800811725
4615,60,109,41.47159062323178,79.69396562946748,28.286800172236642,42.52797624584188
4616,60,110,14.689987589594283,138.11707232202508,54.00410144505222,62.50994630250729
4617,60,111,8.119025670878386,72.00266690288716,43.424306561255925,68.12504378391503
4618,60,112,17.103354867349456,38.28418792284626,41.359300228776455,66.31747132210573
4619,60,113,33.82923593881299,16.87010076083737,26.318634774068055,62.59255375258809
4620,60,114,47.147862963862664,27.078916118902765,15.972003856407076,46.26478716299763
4621,60,115,82.46756866310908,89.90527279434083,25.370275581931416,23.585969777837104
4622,60,116,80.50244301982517,60.70565385424543,28.660348347517388,16.544128086074895
4623,60,117,71.48401332535056,50.839940604591476,28.320440303808056,21.148402178164552
4624,60,118,38.14279710628145,19.109748431107274,18.785337406921375,30.80342492761422
4625,60,119,24.561747420092694,21.253292398761584,20.9514432891493,35.71320343498301
4626,60,120,22.680403443862534,20.99281999025423,21.325595040545018,39.420706216737386
4627,60,121,30.380250178653093,91.7756019696301,43.968133480065084,49.30913778692854
4628,60,122,26.867205828633875,20.275610107422548,20.480458641430474,43.492946921777445
4629,60,123,49.70028667213959,37.29781808674156,20.451816571267035,26.62961219915504
4630,60,124,62.97695089823397,52.84536436492461,31.201790136482032,10.732143197066236
4631,60,125,52.69318225356538,38.280881349442204,26.074811992580194,9.842141874757083
4632,60,126,39.443276249315325,22.908917047441335,18.735247767454783,15.94540224927148
4633,60,127,16.98514735215084,14.660476436391193,8.324705870459953,17.105859980486205
4634,60,128,10.942083337095653,21.87796904444979,11.759383677062587,22.759341269955872
4635,60,129,10.647500704629795,18.570624881931117,12.131271233989422,28.701125704031405
4636,61,85,63.261556660527845,17.83306501527202,62.02941631574853,67.41818772599801
4637,61,86,70.0900598163321,38.11421436340892,68.0889685913856,72.97161358917131
4638,61,87,57.92675690347677,27.315903306377358,48.27516560548831,66.8551929859649
4639,61,88,52.79591872290694,25.04572729394837,42.609640892842116,60.43680074206335
4640,61,89,56.8325739762857,20.921340413270247,46.90813546041731,68.75627349760437
4641,61,90,54.28308113245045,22.48253902042333,45.470525044978245,70.79629754220372
4642,61,91,50.01076731292317,112.00074061177307,24.57580156106239,46.595989212245705
4643,61,92,51.37928790782266,19.500385521928575,32.38350487543859,55.74966689984701
4644,61,93,50.86182219371118,12.028877848675306,37.38254401395472,82.03941534691181
4645,61,94,64.87061607699019,29.690298109343097,51.65042913533577,104.59307836343966
4646,61,95,77.4233135127037,48.30192613490527,71.50788547800613,124.59202268516394
4647,61,96,101.41641996272813,71.86092193171172,95.34711537961324,140.86794667263527
4648,61,97,122.4819609635763,96.75976027617513,118.70051987869019,171.0100302716018
4649,61,98,135.4145596303906,114.37242595942044,140.90109982384755,179.89423986272544
4650,61,99,118.71237472244071,107.46424557995674,147.11048085100626,175.39715037299376
4651,61,100,115.65888528547438,107.34601211001583,157.22049738395938,182.81011621740913
4652,61,101,62.775655448057385,46.531175349329885,106.66040167660792,162.61421785436232
4653,61,102,51.91297905147968,53.15557034207723,104.72320250998352,137.07988793240483
4654,61,103,93.74750040124096,63.17050220985224,81.08349576200935,116.60564684028103
4655,61,104,233.9912679492942,149.40866701994503,23.79450039702807,54.12020115075991
4656,61,105,237.75897308674502,171.74927185556606,22.770505613367835,26.826003221003234
4657,61,106,194.30695171549493,140.5022648450676,30.12767491357828,15.231443195842804
4658,61,107,134.6816724634322,91.57361553818461,24.418104671707585,17.871361121474877
4659,61,108,110.48286125170469,69.85912669700382,26.13327611609924,25.509545998944027
4660,61,109,41.71024972108573,79.68926608044208,27.49395772892731,42.128657844542666
4661,61,110,14.412408673661917,138.117258086746,53.05536139779235,63.22290907604219
4662,61,111,8.169616702305998,71.86290841263387,42.50851397599581,63.91835787835453
4663,61,112,17.09794877858377,38.26915481608695,40.520513689185194,65.47028838308746
4664,61,113,33.77188272696201,16.917614197570877,25.63783459768139,64.08786682231155
4665,61,114,47.01708187950243,27.202055520540465,15.63221467123279,48.23702651514948
4666,61,115,82.21376671812526,89.52857841604526,26.14934334081397,24.177568590434287
4667,61,116,80.2483956292275,60.70151454910761,29.42021807495362,14.741725929189412
4668,61,117,71.24643321579447,50.93804389577214,28.919264532554987,19.66723076802005
4669,61,118,38.005159954174914,19.151015656703283,18.699002063637923,31.021562913956338
4670,61,119,24.45749135471149,21.165625842344788,20.506491808335984,36.9999355598644
4671,61,120,22.559931987314386,20.928242119748223,20.870599722005117,40.70553320373014
4672,61,121,30.393362235673887,91.33184694472436,43.395126026972164,48.38922599487697
4673,61,122,26.71603299826187,20.18543872569148,20.270121777219146,43.96842902595919
4674,61,123,49.400291390528174,37.24638045702834,21.01463764920393,27.264488855201897
4675,61,124,62.62946134542279,52.77192250459753,31.79305388638924,9.81767800290395
4676,61,125,52.38572544729394,38.309984855466965,26.613759441041857,8.964763586767697
4677,61,126,39.17955663421495,22.993812406117712,19.138150721300335,15.705267209149678
4678,61,127,16.79706109093376,14.537227906417368,8.163891094054783,17.458644071383265
4679,61,128,10.800897337070719,21.76780640180374,11.380269247349217,22.936933127128714
4680,61,129,10.502721814476308,18.49379755858706,11.75912750766511,29.56800437143099
4681,62,86,71.43656322100932,38.21282151335142,67.66485846790538,72.74219333926027
4682,62,87,59.78580070537412,27.530739879295634,47.71522711873513,68.37249483960824
4683,62,88,54.05054327422654,25.110083691090548,41.961647346469434,62.86566699543897
4684,62,89,57.65033666369269,20.92967208590751,46.191603873862,61.79135012428855
4685,62,90,54.564366747501985,22.496357554048554,44.73168406599366,65.36292614930149
4686,62,91,56.642165936820845,112.30788505838541,25.070541749989307,44.33160581509096
4687,62,92,51.44348061330283,19.32665302234414,31.380051481799995,61.78646246395323
4688,62,93,50.42054514756751,12.036157731474619,36.4594019856026,76.94976016417765
4689,62,94,64.38551768955807,29.784498381532114,50.71969152435467,92.58423604190516
4690,62,95,76.50624660557268,48.34564916346099,70.64708637374585,114.92963148079949
4691,62,96,100.53672498893911,71.8972794217444,94.45596561914282,128.0446039495832
4692,62,97,121.58247356550227,96.79356819427387,117.81551682236,165.48102458255212
4693,62,98,134.30855179922418,114.36674160069829,140.04168529606875,170.04534124454827
4694,62,99,117.25058234551038,107.29267702855665,146.2692446097912,176.2277424657866
4695,62,100,114.33410963473942,107.09694439478231,156.36054972368265,177.5472358920326
4696,62,101,64.47675978765577,46.32765338190586,105.77523022743154,149.62574369239962
4697,62,102,52.69495126287573,52.46552547092437,103.83321041431216,141.8582842106364
4698,62,103,94.31063293113067,62.72481836509309,80.23423636717018,111.83776338550419
4699,62,104,234.18585446499748,149.3397134421121,23.465350719127876,68.31039692327188
4700,62,105,237.72699827189777,171.67693051840234,23.63474915809536,24.703045329857556
4701,62,106,194.23121875712744,140.55401838643613,31.062957492882727,16.309228061359928
4702,62,107,134.64023633680068,91.4620969621344,25.142147027776986,20.471166267854706
4703,62,108,110.42932383451243,69.49645603196251,26.60570734111048,25.701319655251933
4704,62,109,41.73441823872892,79.79353836684236,26.697811949998215,43.3225253011817
4705,62,110,14.343209089887225,138.16988515214112,52.089780492646625,65.23231969698114
4706,62,111,8.149401184865015,71.70713896421692,41.578923541150225,67.72312430592599
4707,62,112,17.058211013645558,38.242825087252484,39.673290087880964,66.3501908695671
4708,62,113,33.661767943505446,16.858727597388167,24.961802440404824,62.76250389117577
4709,62,114,46.86163295106091,27.062998074727197,15.330010104932038,52.47336117649341
4710,62,115,81.98548357147659,89.87083757566987,26.937881221813424,29.794474979781338
4711,62,116,80.02688308493366,60.69315327678478,30.18756039256167,16.122675608651825
4712,62,117,71.04233334766246,50.820213475505966,29.529824545857057,19.08335672324782
4713,62,118,37.872485286515456,19.08240537930242,18.643765209944487,30.624678836677127
4714,62,119,24.35591016452365,21.339026608896692,20.07896551357245,36.06516423742336
4715,62,120,22.453113606106555,21.05669190829472,20.431336827208952,39.769267483621995
4716,62,121,30.42773071022406,91.51345872731231,42.82796371462435,48.02404250127158
4717,62,122,26.593881926883366,20.293072391755782,20.080446243335444,43.37913720030986
4718,62,123,49.1758237662691,37.30496418158226,21.576806877346634,27.250205769493224
4719,62,124,62.37798881963786,52.86001084820928,32.37927360968994,10.612131967667642
4720,62,125,52.16079080837166,38.27903329625711,27.14862743786656,9.559162680435724
4721,62,126,38.98438348121089,22.901814498160412,19.543923092103668,15.744733593100676
4722,62,127,16.651754300742088,14.745130389118703,8.039711760204387,16.26013902260826
4723,62,128,10.693821819168695,21.970081192878894,11.02026368608244,22.732375115990124
4724,62,129,10.395619749026828,18.62140329924653,11.404898014009136,29.61470657435573
4725,63,87,59.07782441286097,27.662574253106644,46.92715807250905,63.13645327039071
4726,63,88,51.99438111834031,25.154268893884005,41.10211595806063,56.817694613112394
4727,63,89,55.32072353636055,20.933948804050317,45.273560729472834,60.19623906781688
4728,63,90,51.5638345728965,22.50458449286721,43.81076234443227,62.09243406202479
4729,63,91,73.44341919231863,112.38093825292343,25.70876338433323,37.76356944880754
4730,63,92,49.17649068196749,19.35601753465504,30.126021778563214,48.725472369988076
4731,63,93,47.549247991365775,12.031672725036124,35.37863164409413,65.94749463440611
4732,63,94,61.78398290212068,29.68221445679791,49.632320598467885,80.10050900316027
4733,63,95,73.46864929027751,48.27732673677486,69.67434095768743,101.33302885996413
4734,63,96,97.77727933507958,71.84210984889154,93.43873326166862,121.90816445431102
4735,63,97,118.97581284069975,96.7415358286319,116.81587476693747,148.2375991329628
4736,63,98,131.54972465643036,114.3549636233056,139.09429935670747,168.76557741736957
4737,63,99,114.1584744929287,107.46028381112868,145.339863236784,172.26898536538832
4738,63,100,111.68366306972604,107.36561937373423,155.40504356264267,181.14771589166673
4739,63,101,67.30153066390653,49.85956438185931,104.7984096741388,141.17947982387275
4740,63,102,54.00040209331672,56.69739709730255,102.85723332644453,141.8165528963856
4741,63,103,95.18042657732319,63.79841657414192,79.3097421119841,125.92305397950668
4742,63,104,234.32623300927506,149.70584039259808,23.149876040858945,60.8393836351781
4743,63,105,237.50694945369276,172.06462548436133,24.582305657141628,32.11509831071251
4744,63,106,193.97631069091193,139.99700792246742,32.07694256067322,13.389044857580108
4745,63,107,134.4816371272251,91.535722706744,25.942253785752268,17.478231269182206
4746,63,108,110.26366364709912,69.90605206214828,27.144509981099056,24.37128799652824
4747,63,109,41.7354524283657,79.64432456308984,25.865060983891215,40.79006680751793
4748,63,110,14.246606597478934,138.09434387004242,51.06434850506014,63.38210903973457
4749,63,111,8.090858770806442,72.51368237143033,40.59524052998707,66.63534966283915
4750,63,112,16.967579784838584,38.25060908713994,38.7821463285284,66.9079818023888
4751,63,113,33.4197186120309,16.941241352333943,24.264862329699596,64.39790603762644
4752,63,114,46.531279840409034,27.277859274563955,15.059508227819109,49.70977759552767
4753,63,115,81.51404334284386,90.36893191929592,27.767082016821128,29.15833059320381
4754,63,116,79.57239200398894,60.700788587705176,30.992124990099477,17.404159164868354
4755,63,117,70.62568106178948,50.95992598973019,30.175435278770742,20.21189395153044
4756,63,118,37.59985745440442,19.154506800206185,18.61984271654422,29.682844460492987
4757,63,119,24.14821533263533,21.175327661872725,19.655096321653744,35.68902084935752
4758,63,120,22.237693216077655,20.933950946859746,19.993273182719484,39.272002001362935
4759,63,121,30.503763218353953,92.15625099395874,42.245841467690006,46.40739412482355
4760,63,122,26.35123607548137,20.118658659450276,19.905672876552195,42.616755231312005
4761,63,123,48.73159498216593,37.218978928776,22.15883443705913,26.211961622559265
4762,63,124,61.882482211027096,52.69819402880137,32.98188724238135,9.096765074802489
4763,63,125,51.71908374343769,38.32908894749221,27.69884008977522,9.25342034576963
4764,63,126,38.60230419641859,23.077159125706757,19.96693884295665,16.003094698005924
4765,63,127,16.36787942869654,14.458809804892137,7.949471696876061,16.84296726310614
4766,63,128,10.488177209551926,21.702378048872596,10.6673559812587,22.23894650488442
4767,63,129,10.191795676093113,18.395199676348607,11.056379924052749,29.217620805565232
4768,64,88,52.62231153283573,25.316142914778442,40.19082872993926,55.378638773996144
4769,64,89,55.44551070586435,20.95849020900014,44.301048873471,58.14226482183423
4770,64,90,51.06500482485393,22.54222287861746,42.84035586795273,60.68333171730517
4771,64,91,83.30283514563375,113.05411345452391,26.42660728498851,25.761923767283445
4772,64,92,48.69537205768023,19.435055425324325,28.797811640152457,42.75189354598545
4773,64,93,46.63423915657875,12.039714822815954,34.23953272676756,60.08401003237303
4774,64,94,60.9337650068313,29.748314031326704,48.49654199077588,70.09920472709148
4775,64,95,72.32895758768458,48.3157752554389,68.65543669452262,93.3455655735589
4776,64,96,96.74483043854053,71.87927671078607,92.38583044415823,111.47534932173342
4777,64,97,117.99484962399221,96.77877816425453,115.78485471447652,139.1833211330416
4778,64,98,130.49411196838855,114.35836010204362,138.11770456255007,166.58498558092907
4779,64,99,112.99298277139134,107.37695321187958,144.41092868688037,174.6695999721855
4780,64,100,110.7342859507468,107.24388250936939,154.43125775438367,179.166194047947
4781,64,101,68.01057333218985,52.344748453304405,103.80187588185808,143.23030617052584
4782,64,102,54.230663561815625,61.80887705695739,101.86174804308172,137.1239938910269
4783,64,103,95.1685089370641,64.08641642564957,78.36874773129081,118.18788278750581
4784,64,104,233.8412234673848,149.74055530066684,22.874606971702285,77.70544751866744
4785,64,105,236.96188847700182,171.98399667672467,25.56321544402009,24.724590088091
4786,64,106,193.52830117797333,139.2923017149898,33.11931443133955,13.498857587910079
4787,64,107,134.1702743271191,91.44072505549978,26.781170527587516,18.036283650229176
4788,64,108,109.9900229730477,69.68348700437852,27.727047968266422,24.8030845622222
4789,64,109,41.61013029414833,79.56892727522661,25.037008395304348,40.64148019147249
4790,64,110,14.290811402531498,138.04799629421638,50.02549880094465,63.96768725240893
4791,64,111,8.001164344095663,73.40669107663643,39.60178055209432,62.365686582430605
4792,64,112,16.8732736474868,38.16985520010576,37.88746030755251,65.79301455983531
4793,64,113,33.18779197694399,16.90295344705512,23.580521060507014,65.10821241761823
4794,64,114,46.242545744108035,27.16233567239409,14.838824815832785,53.38123316751966
4795,64,115,81.13889261252157,64.3281203391821,28.600761047543404,28.012140270911566
4796,64,116,79.21411956072347,60.66587138653127,31.79909664703064,16.684466651813594
4797,64,117,70.29827408602277,50.84241960064589,30.828269376835795,20.330281573236302
4798,64,118,37.373982381073866,19.065783264084203,18.630087985269622,29.826935238466625
4799,64,119,23.975630143610484,21.412357943692268,19.255402809875708,35.99232484919355
4800,64,120,22.065349566842936,21.109095505759242,19.577224946903737,40.3182306673661
4801,64,121,30.58248593068791,91.24683736727405,41.67477194725969,47.24069650352303
4802,64,122,26.164319782866553,20.170303244948858,19.75458470984319,43.6798266311901
4803,64,123,48.40248337121888,37.28144864731288,22.734400937284793,29.00434750675518
4804,64,124,61.52291953193282,52.82145822093549,33.57377728742977,10.5220184203044
4805,64,125,51.395572539974275,38.29383361176592,28.239416816785344,9.545484534854307
4806,64,126,38.31998045340171,22.94301735358641,20.387418751822654,15.579456239375954
4807,64,127,16.15235753498892,14.700391991744192,7.898185941899628,17.14107842263005
4808,64,128,10.335399760339113,21.93952719434241,10.339185747431708,22.18088786486124
4809,64,129,10.043160355267258,18.587413013770902,10.730928734958997,27.889831686099583
4810,65,89,46.63939471396296,22.901610859950548,43.060636374593905,57.7864933811992
4811,65,90,42.190518461827295,23.980676575850293,41.63568654783075,58.76097307058369
4812,65,91,116.6520009609784,122.54267040860529,27.351592871228792,25.947894775481682
4813,65,92,43.05006717556178,16.816129160622598,27.599030238911503,38.65434480572666
4814,65,93,40.67618966860462,12.145868607771016,32.85552256250161,58.89223202315107
4815,65,94,55.79559127511709,42.863845676230504,47.17180411035695,66.84856785129247
4816,65,95,67.17607462541034,47.61190167821488,67.3863694501523,90.07155592920685
4817,65,96,92.20462015667033,71.22813618866343,91.16722877332981,112.89941801552696
4818,65,97,113.9087730421391,95.9039782034072,114.58940939410337,135.8810413154353
4819,65,98,126.60963753388421,114.27745251226291,136.90841747641338,167.34168012043517
4820,65,99,109.33354233299754,109.05042890520738,143.1852133879257,175.93962119351232
4821,65,100,107.93052517749612,142.8540834179266,153.35319204606571,182.0682351640085
4822,65,101,69.47022081057843,58.15271206662825,102.70647649911966,141.58075410244783
4823,65,102,54.563543852100636,62.186900329624365,100.77408272731248,133.31877163881924
4824,65,103,94.79102451417009,64.25412181775314,77.34881456903267,113.37886045059899
4825,65,104,232.0505714255437,150.06667515064998,22.6322983728927,65.08698510233576
4826,65,105,235.09142387824568,171.34870536244722,26.632817749433897,32.67208336257437
4827,65,106,192.02863527546538,133.33111171703447,34.24479499826175,12.613286977272464
4828,65,107,133.129555459007,91.3056153414006,27.701106005087148,17.99304275879002
4829,65,108,109.08896272611446,71.49418863796095,28.382759048654588,24.283428089263435
4830,65,109,41.17083153797383,80.7081477891279,24.18018893339136,40.1480118038675
4831,65,110,14.485471629070318,138.6390400178501,48.926946247983025,63.330613342526284
4832,65,111,7.7248122586037935,70.2350144644287,38.55538397902282,61.652259841120646
4833,65,112,16.58868277827937,32.81193307025898,36.95165952764451,65.89644606067674
4834,65,113,32.47286888483347,17.517170891804945,22.88314253446334,63.273719828497896
4835,65,114,45.36202640442597,27.68853082709632,14.665103558548035,50.82961006865257
4836,65,115,80.00688410079206,95.17932876727302,29.47221888599119,24.32872183832595
4837,65,116,78.14124248349768,60.833730072360844,32.64012897031324,15.569516592939774
4838,65,117,69.3250804914823,51.328530709435256,31.5134570480118,20.108102175990595
4839,65,118,36.70796990150347,19.32668782252495,18.676314387180078,30.359308290241664
4840,65,119,23.47384334688278,20.93913077800718,18.866798724856608,35.59316769470766
4841,65,120,21.570110583779098,20.7402150952405,19.169078900295737,38.75363895881109
4842,65,121,30.822241956564447,98.49107828634423,41.09317886761892,45.775266470799664
4843,65,122,25.632687358133474,19.478450701566537,19.62214752473216,42.6424853552249
4844,65,123,47.45665714468986,37.03218379770555,23.325167586270066,26.924315219006793
4845,65,124,60.49168723730299,52.265748102918145,34.17735584465895,10.644684248943703
4846,65,125,50.47412730259559,38.534476945456724,28.790719309002952,10.103572972397181
4847,65,126,37.52133666709043,23.515143852008865,20.820773549582032,16.065433299932796
4848,65,127,15.54950832482261,13.654945781534916,7.883759844490866,18.04202601533937
4849,65,128,9.923571485966148,20.958127200621163,10.024037257658323,23.429830708540162
4850,65,129,9.64846235144976,17.914412224319115,10.416482102831457,30.14972099098973
4851,66,90,43.11480836335853,23.101985529647717,40.629829868641686,55.612357205392485
4852,66,91,119.24363342269889,117.50574152887903,28.20906643017362,21.680909711113852
4853,66,92,43.478130945463114,24.470923922405476,26.172505877467884,33.80117092583247
4854,66,93,40.873454744762775,15.370341068569065,31.674691084577862,45.90685252798166
4855,66,94,55.953104751771825,43.337893399290856,46.00147609655522,62.05212805398905
4856,66,95,67.19819972932395,60.27769868253357,66.3566558026461,81.20372816475852
4857,66,96,92.22264737165536,80.22844489040155,90.10548653075988,107.59487468104045
4858,66,97,113.91269609200101,101.8853625254984,113.56119356357507,133.4047909240191
4859,66,98,126.58598585905332,114.68780317431366,135.95043082030995,164.15635564990885
4860,66,99,109.31297078913634,99.0858549656065,142.2826853524454,171.74160100692143
4861,66,100,107.93556097642356,92.51198714839732,152.39279046471904,182.8806441796978
4862,66,101,69.31746896847986,48.87129023771827,101.71646584979919,153.95129429220677
4863,66,102,54.4308137235498,61.338816790688185,99.78183967749739,138.48373889645083
4864,66,103,94.62557135502506,74.76080366341374,76.4121423474,113.72447559552299
4865,66,104,231.86445038821833,149.49646488468392,22.46028497489397,62.17114103687139
4866,66,105,234.86849820525563,172.60435922747317,27.6471871992226,29.045007689947504
4867,66,106,191.78042863880935,138.36911469317792,35.31213435057965,20.671230063298065
4868,66,107,132.89822572115884,87.96395722475835,28.590588282010078,19.075815034322602
4869,66,108,108.87548320837435,25.421632677957025,29.03441501505178,25.007579791257694
4870,66,109,41.021273433139335,79.34949199095041,23.39366455468989,44.99832182466362
4871,66,110,14.59380296106528,137.9579387689797,47.89202269794498,65.76574142065175
4872,66,111,7.650671280976528,74.24957495084145,37.572489712840586,68.12022639025822
4873,66,112,16.520642701468972,27.852308868266405,36.07828433408686,66.92960359997619
4874,66,113,32.30473402514717,34.531185358228896,22.250112802996284,64.46034441527377
4875,66,114,45.16688855163447,54.65394247559194,14.5570249250217,51.03149231116925
4876,66,115,79.7791712631767,95.26961819934365,30.287841770547985,28.522338675005074
4877,66,116,77.9202727378913,73.90940786121404,33.425762299553405,14.54664258551451
4878,66,117,69.11888239738607,40.73726584978943,32.1578546001827,19.211114165078488
4879,66,118,36.5508701160017,19.038320033213644,18.751286941927304,29.62447470422369
4880,66,119,23.352867335384246,60.01600313919,18.53017775504931,36.37039619893143
4881,66,120,21.45378670871111,21.290660065525103,18.81197384131298,40.104999459912236
4882,66,121,30.894966073293396,97.73391352804835,40.56380395666703,46.79022505147569
4883,66,122,25.508251537283986,20.376039028496674,19.52111881491735,42.58543433533855
4884,66,123,47.24752378317524,37.20071642537629,23.865840695864918,26.203145874518157
4885,66,124,60.27042899738308,52.673570507293654,34.72618526973383,11.91346698167155
4886,66,125,50.268863641958,38.35199945701004,29.291499620768246,9.483355348807498
4887,66,126,37.33760603883647,23.093054563859344,21.217465298941796,15.888540055490644
4888,66,127,15.40176368915649,14.496761462846301,7.903077558672225,17.821663703430705
4889,66,128,9.825591723153778,21.775822074780002,9.75715804532563,22.820901219986343
4890,66,129,9.556810768519714,18.44953905613756,10.148794369182475,29.223989358432128
4891,67,91,115.20420368714643,106.894249595888,29.449464717168244,21.34476940832554
4892,67,92,46.14614497805492,21.86722260919498,24.73831655984545,27.79713542670424
4893,67,93,43.053551814450486,18.00783314962889,30.077697828152633,44.86065302174299
4894,67,94,57.77564680334379,46.755616518729866,44.49763766127428,60.24317181021982
4895,67,95,68.59764100317754,60.13286930084623,64.93073337583013,83.75758618879301
4896,67,96,93.42718781094942,79.0903076766499,88.76115269936388,108.05662395829643
4897,67,97,114.92079925447638,100.57630427911313,112.25818260001004,132.8406691119935
4898,67,98,127.33731504939524,111.99371700607948,134.64069276362915,164.25996516011375
4899,67,99,109.71946488188401,89.70865937669188,140.98295997448685,171.4369371235852
4900,67,100,108.10005818670905,80.03008695305462,151.2469617954101,179.9539570699602
4901,67,101,69.92982103152666,49.47831182867223,100.55248061888976,149.30854816488431
4902,67,102,54.927510569166536,61.51498659599012,98.62948342433066,138.05000874102848
4903,67,103,95.29324372131104,74.24461385758822,75.33854641043509,111.64254013510843
4904,67,104,233.01110998638276,149.60459323601174,22.328906286961054,59.30737784877684
4905,67,105,235.82134873553534,172.3056766999821,28.803346079759805,26.2379054928681
4906,67,106,192.43308236056643,137.27089740684428,36.51446584696689,18.884815691747132
4907,67,107,133.30910923836055,53.543509937062154,29.601875131109292,23.329749708249334
4908,67,108,109.20050022544486,25.53801706411224,29.78925997381219,25.556326727862917
4909,67,109,41.19313611218978,78.78725556931782,22.555571869131168,42.713538845955014
4910,67,110,14.488590344600654,137.63165849207252,46.75621593861152,66.17825237573247
4911,67,111,7.729108172924258,75.33884362739425,36.49898702810838,68.27405635521377
4912,67,112,16.59255449134167,28.77021745451389,35.132272497530586,66.58564009556947
4913,67,113,32.48738109909145,35.154793540466784,21.58685751709964,63.278187443560775
4914,67,114,45.381172855431984,54.716939282911135,14.500464651735173,50.13954622331118
4915,67,115,80.04491724560354,95.3278892686959,31.16904592495638,25.730998628931825
4916,67,116,78.16048927741419,74.74015645341639,34.27162129275993,15.814672556656816
4917,67,117,69.32698299114348,41.63361176963324,32.8551484226672,19.191564897313416
4918,67,118,36.68510814770463,41.19955377175486,18.864989080446975,29.431315337443024
4919,67,119,23.44956486894265,59.89776520461909,18.19687960340951,36.4643651288851
4920,67,120,21.544821433465085,41.6323608594312,18.453688028859254,39.729263068016934
4921,67,121,30.847503549660857,97.2201261725204,40.00725939525069,49.45849069236
4922,67,122,25.59743030032105,24.611405879155004,19.435383088664874,42.965073761639836
4923,67,123,47.40918049313455,81.30477664332197,24.438196008377158,25.960163941088634
4924,67,124,60.44563040469625,102.02862708609031,35.30383373739019,10.705339008205376
4925,67,125,50.41756171084026,39.08785143666668,29.81838026074677,9.623705601124016
4926,67,126,37.46062392515606,21.523652596446528,21.63813397092972,15.369884481031587
4927,67,127,15.488158669074407,18.536133824104688,7.955605215951693,16.13948884348025
4928,67,128,9.880584705141583,25.61571168865573,9.495283222319788,21.52344159963135
4929,67,129,9.608028132054674,20.473760283536585,9.883533818679123,28.411891957313987
4930,68,92,43.99796627624921,21.16864791748611,21.601490324076426,23.909437209183594
4931,68,93,40.47212755316599,19.00936487688235,27.82909688568715,43.164635627365314
4932,68,94,55.57149493329488,41.89593307068536,42.29955087587379,58.63775322397002
4933,68,95,66.23075349422987,59.97213239019722,63.14853435626958,82.07957990657563
4934,68,96,91.3643653340894,78.66714584987886,86.90613173701064,107.3175215688748
4935,68,97,113.06623453866125,100.16919164142733,110.51538124334063,133.944545898708
4936,68,98,125.54457902477607,111.14738344539799,133.1267395107469,162.21688024369564
4937,68,99,108.01995727958902,87.72007175788382,139.6684663804929,171.28140133019798
4938,68,100,106.83726656354447,78.68354284206225,149.74273379483375,180.20000891388918
4939,68,101,70.32341048102215,52.617892912159476,99.0564710228432,150.88089535018375
4940,68,102,54.858762661259064,61.8478589678922,97.17501163228562,141.92822926844553
4941,68,103,94.82754572727848,73.3312432731196,74.009617115341,119.36175566420201
4942,68,104,231.71719689304226,149.77306947778223,22.26333170254333,57.523709460995086
4943,68,105,234.54485363715156,171.90970035166862,30.212030268272812,23.64460045557068
4944,68,106,191.41558681471585,135.45970513047223,37.956648064561215,12.779304773827187
4945,68,107,132.58993904506642,50.84817051638381,30.822946248223573,19.172782627941853
4946,68,108,108.58150036913479,25.319416613311095,30.716094669693547,24.99604571337824
4947,68,109,40.869101427002086,79.5071338413728,21.620698363369005,42.90225940558333
4948,68,110,14.657966217230266,138.00513951640596,45.43736255201666,65.24564177695227
4949,68,111,7.552791032485886,73.5346910657194,35.259344871382595,62.56020097216991
4950,68,112,16.412363072491864,27.381529524970006,34.05033998761637,66.10649165254178
4951,68,113,32.01888076928799,35.818688053333034,20.85959897253099,63.972594233135425
4952,68,114,44.81063798330543,54.6600923901419,14.51328392670825,49.421692062151784
4953,68,115,79.32420915026435,95.2744432485421,32.173807848165666,30.094535627490693
4954,68,116,77.47675477402545,73.97097442588552,35.23229552088209,15.692497723573918
4955,68,117,68.70575459270792,40.84765824850662,33.650971296008215,19.53386512885688
4956,68,118,36.25496323442539,42.03098901972171,19.033822988162623,30.01627827211966
4957,68,119,23.128837608450713,59.994214270111016,17.85511442859481,36.05072921616981
4958,68,120,21.231873990723425,41.00160585695158,18.07929248044309,40.6598734573499
4959,68,121,31.013619051250057,98.24850463796905,39.389842043105396,47.72280480164931
4960,68,122,25.260584716502443,24.715515936309338,19.365472003240786,42.35236716309567
4961,68,123,46.8059831508612,37.664304758470244,25.07875748358475,23.566903357914217
4962,68,124,59.7915233667929,49.50886641206392,35.946760718027924,9.520747586152112
4963,68,125,49.830141698226846,42.8326406899289,30.404862272139475,10.138516907218923
4964,68,126,36.950009757990905,32.77663111418418,22.110375720182365,16.19424051124125
4965,68,127,15.101609370378537,23.418446577308707,8.051468183499829,15.779428479242966
4966,68,128,9.630156366132521,31.269969159144733,9.226720699470022,21.372082051159623
4967,68,129,9.373433578397606,21.58038842167195,9.607382256796415,28.51050253350013
4968,69,93,29.511639378643736,14.20469931327952,25.212556731273285,45.58167671451354
4969,69,94,46.47310714073478,32.1182267106021,39.61524348276089,59.09669486120413
4970,69,95,58.026314480317524,55.04141425772764,61.6139968844084,81.33042490908511
4971,69,96,84.28407767026336,76.94472813624692,84.86576621842089,105.43436110332563
4972,69,97,106.9369965253566,100.35264068231231,108.65455322264324,132.61393131359583
4973,69,98,120.214373954104,124.45294691068412,132.10885639785025,161.1362090795955
4974,69,99,103.82274680292228,132.7471489808764,139.47531592851266,167.94042521407573
4975,69,100,104.11076296258233,138.6862876110064,148.6414225850059,177.806655885374
4976,69,101,69.22644088635509,46.66193205656066,97.44330078414686,144.77364787346266
4977,69,102,53.30731785945283,61.041431002940314,95.61541061290023,132.22881979238147
4978,69,103,92.12012671951186,75.27644144669787,72.59748946993405,114.13817330301879
4979,69,104,226.38191745629985,149.40439795018176,22.309532340538183,65.33789599279216
4980,69,105,229.6291694137317,172.86356198558133,31.719721609907676,23.307755879012557
4981,69,106,187.61224266690684,139.53299411785974,39.487724847481644,12.63558380839887
4982,69,107,129.91257108711736,55.17035687951749,32.13335480047304,18.497455132760077
4983,69,108,106.3177626386582,25.635432689976124,31.730232415107988,25.422592528275093
4984,69,109,39.61421814262298,78.60627630722058,20.70166167354573,40.30174604647297
4985,69,110,15.417777536805609,137.55605624989113,44.068961714684335,63.451553683703494
4986,69,111,7.0458667528271866,75.83012988462256,33.98005055715367,60.62293859418732
4987,69,112,15.865554005036445,29.030063074497555,32.945541903519974,64.98663879241032
4988,69,113,30.45339700530835,17.24868903464179,20.154460709003843,64.4313099657
4989,69,114,42.92815933922848,24.27097802763312,14.611255879628708,51.493032768855365
4990,69,115,76.9876452753539,51.713035155354994,33.19956435467331,23.591402227766608
4991,69,116,75.27896032135192,54.08817595754053,36.20966189067304,18.29605026846587
4992,69,117,66.72537395398672,50.26779958056737,34.46454269395408,21.19934797070579
4993,69,118,34.89303598627527,27.727928457436313,19.246600583111565,31.16309370122041
4994,69,119,22.141184454849913,18.878186065767636,17.548515615511395,35.56096904883745
4995,69,120,20.28904659735339,17.96246739184269,17.735055257485946,39.61271500216509
4996,69,121,31.575740378284955,97.19533860670289,38.78029359661264,46.49609978856415
4997,69,122,24.25303827534461,23.548833346019197,19.32327322999005,42.329832460785276
4998,69,123,44.96005191394624,40.78497581461212,25.715387369747873,24.392870068974577
4999,69,124,57.79944464630085,52.622935752225516,36.58170989654939,8.377419582060302
5000,69,125,48.051122900807776,45.810464543653474,30.98330133096353,9.648760375936815
5001,69,126,35.414342312582214,35.530436379128105,22.57906096232617,15.868668886200465
5002,69,127,13.9572207067162,17.28759360120188,8.181984203936015,16.209270573627354
5003,69,128,8.960185855463003,12.036366042209638,8.988480304009258,21.395861443745687
5004,69,129,8.77210881113761,11.72415682925811,9.3581848810321,28.881698527792903
5005,70,94,43.086089368764405,20.747195340062426,37.41220449807157,55.81823324778799
5006,70,95,56.509579338065414,47.065459837867635,60.054955296133755,81.8333643653047
5007,70,96,83.13509799728574,68.12008593938687,83.18590624605626,105.7114346295497
5008,70,97,106.4074865554702,91.38891811460954,107.09970153250431,131.4408503409546
5009,70,98,121.25019291490416,118.11198289529814,130.94231365369973,165.9566718191058
5010,70,99,107.68804935121203,133.96011387616605,138.60763313145628,173.82210682020343
5011,70,100,108.94070792684376,137.8319399241216,147.5452269851978,179.0139008803032
5012,70,101,56.75520869242615,42.110991585229804,96.14504912367025,145.38612387200203
5013,70,102,45.244952649909095,60.169310413831916,94.34335232516077,132.80110440321832
5014,70,103,82.7749352863088,76.47028915709846,71.43493247815405,112.32265823557887
5015,70,104,213.79325227664344,149.1687916293361,22.44077729294754,62.63700138036715
5016,70,105,219.1029418932325,173.59816832462084,33.017693277183064,30.776663035980945
5017,70,106,179.61880861975487,142.57957015909005,40.812768700074365,14.094377839539625
5018,70,107,124.10607718753525,58.400975828286505,33.285787298918905,21.421566478064076
5019,70,108,101.49758183917652,75.86390738052697,32.64110966530224,25.369356415729914
5020,70,109,36.56712792275613,77.97315010497917,19.95996178143622,42.17070899410977
5021,70,110,17.73268721520409,137.24625424002977,42.894898029271594,63.17503394907312
5022,70,111,6.851339801842641,77.33454217355482,32.88875072327794,61.76636273962425
5023,70,112,15.22370663156028,17.33552506611199,32.01394020986831,65.43377056146299
5024,70,113,27.635688368866937,19.080051933299174,19.592647962061424,60.42591113627556
5025,70,114,39.64491763711692,27.82308776409609,14.759360863153544,49.63354313630695
5026,70,115,73.15256285690522,55.8575351381507,34.064814723099346,26.1571004998262
5027,70,116,71.70909705480396,58.102110632902466,37.031392802636944,15.563418748685509
5028,70,117,63.53390037337071,53.96795126289884,35.15065342135942,20.41724757427753
5029,70,118,32.65263220169825,30.66213066846191,19.45487399596552,31.524227018346377
5030,70,119,20.605299164473198,20.90532993852808,17.324547199310864,37.13065286093056
5031,70,120,18.905854959408725,19.763916995102296,17.476969014225322,39.890759895198755
5032,70,121,32.69656165099132,96.92595808133177,38.2904915562773,49.01034341715252
5033,70,122,22.789404017644557,25.65774230453835,19.30909803370129,44.878301152714236
5034,70,123,42.190013377299636,44.06569151515994,26.225874217679472,26.972504228148942
5035,70,124,54.8768465742489,55.884388887524295,37.086503140199426,8.939391773048113
5036,70,125,45.430714324097025,48.93453247950115,31.440628295354962,9.230122094842262
5037,70,126,33.15325146015556,38.44372443013837,22.949457399043798,15.708128349081793
5038,70,127,12.292154534393347,20.031080139114774,8.306909174340975,17.45798179889187
5039,70,128,8.23984271903037,14.361850821206634,8.822707196050983,22.553664511958743
5040,70,129,8.2121488743325,13.950150919328626,9.18273353320793,29.604140309684905
5041,71,95,58.846612852016285,39.94881898070993,58.97834152876398,82.30884755367167
5042,71,96,85.31275861831287,58.457374907224526,82.15549824239524,106.82788197947231
5043,71,97,108.63697214366951,79.6536724712949,106.16630329464063,133.37777300687378
5044,71,98,124.24085085566558,108.92150848817107,130.12915789328278,160.5090305742829
5045,71,99,112.03150515084907,131.87077660666517,137.88802214354956,170.2475233203643
5046,71,100,113.30066684167383,148.47575421262877,146.81988941374325,180.09982019959267
5047,71,101,50.66482814467652,40.20215590424807,95.30968260248291,141.2987425151997
5048,71,102,41.386576776806514,59.73762393243844,93.48648934332256,136.32735893260406
5049,71,103,78.20439089198427,76.89736849504185,70.62277487747794,111.91774815070092
5050,71,104,208.87033365577332,149.07358606172136,22.590075696363552,62.97437937040536
5051,71,105,214.6468267439241,173.90593141971362,34.00856065820812,29.243071460479694
5052,71,106,175.7326576958686,143.85129127366676,41.84355160434017,18.627586637887806
5053,71,107,120.91058796399226,98.4048142733558,34.20011352616785,19.754921730796443
5054,71,108,98.74075818983087,56.53230696139511,33.37862904835347,24.275838752440496
5055,71,109,34.64804241665974,77.71985557692118,19.414467552109002,42.43790521949774
5056,71,110,19.37281731260232,137.12479908282887,41.98018370001733,64.83084628257936
5057,71,111,7.40252269893443,77.9136517050326,32.04469456732814,71.35187799921876
5058,71,112,15.137784949690175,16.425208796029757,31.302537537991583,67.08255076752957
5059,71,113,26.001848499447732,20.138605128886113,19.186477532996882,65.40758082387198
5060,71,114,37.73018931810066,29.453260041887237,14.911201536416405,45.38977010488335
5061,71,115,70.98878009332469,57.7095941083097,34.72333726587418,25.936420762772308
5062,71,116,69.68275953558563,59.883681055798895,37.654334728687736,16.17384500023261
5063,71,117,61.71186487689434,55.60535838391439,35.67066010546696,19.456804824856835
5064,71,118,31.34806839305538,31.98015474726169,19.628194376300506,30.961815380410304
5065,71,119,19.770871180523304,21.898489555566968,17.17691330572562,36.83143740227021
5066,71,120,18.191794268086664,20.66621374882825,17.303249650770283,39.95669079340629
5067,71,121,33.4602812307279,96.82674929998856,37.94322942850189,46.77766902058337
5068,71,122,22.00363993639225,26.614206294902367,19.309707711039927,42.79946304172539
5069,71,123,40.60413572828375,45.44923277975963,26.581624783111923,28.659854117556673
5070,71,124,53.22927220120058,57.26092808787358,37.43388889199813,10.598634094401747
5071,71,125,43.93670497132242,50.23953331165607,31.751449532584232,9.759640058522383
5072,71,126,31.858526343084055,39.65289854411667,23.198389262155054,15.874636659410541
5073,71,127,11.364040200597394,21.159262314204916,8.39915648060242,16.567214272944373
5074,71,128,8.017486690349411,15.35133492615921,8.725151172326658,22.744247431342707
5075,71,129,8.104488188244062,14.900622290206362,9.080130296094218,29.49692726164707
5076,72,96,89.84110916353137,55.299591077786374,81.27121962794304,106.4347948196703
5077,72,97,113.22280733259346,76.38746096467762,105.38661444844759,132.88737497754565
5078,72,98,130.27171622586297,105.722167596301,129.36493104408842,162.3081847383785
5079,72,99,120.79348977978083,128.5523096714504,137.07248728307957,167.3024109695727
5080,72,100,122.15094601036577,144.98532526213728,146.08606265786435,180.5305105682384
5081,72,101,37.801370355963414,38.7892808869042,94.58540744476404,145.42430365256126
5082,72,102,34.87550971824842,59.39589530460146,92.72462366079291,131.13195369488096
5083,72,103,68.98268280662717,77.18719685901283,69.88762098447967,113.05194698062841
5084,72,104,198.00436637253742,149.00335426153956,22.768209327512885,61.071464575578624
5085,72,105,205.41485887732895,174.13448307660647,34.94728015548375,22.155119031960727
5086,72,106,168.26489396284794,144.79310257030428,42.82590921389784,13.428411395333399
5087,72,107,115.09930825584043,97.20068925039857,35.079277520036634,20.219884845879424
5088,72,108,93.84580432951256,59.98059012904635,34.0955720861472,24.543596579520162
5089,72,109,31.409728005125746,77.53993732471903,18.93114941814127,44.180151993487726
5090,72,110,22.201446300667477,137.0388758152397,41.12110568259878,64.30087137023942
5091,72,111,9.229380557976047,9.917454708406323,31.257946216489696,68.02048515550744
5092,72,112,15.532284339619574,15.431418714802527,30.647470661017813,67.93033323525792
5093,72,113,23.37473414328624,21.93683753342933,18.83163105722768,63.79536158479241
5094,72,114,34.5319788732091,31.926019525393265,15.079092465142834,51.14409896016623
5095,72,115,67.33429099183168,60.442051011001155,35.325517469916115,21.549302656355884
5096,72,116,66.28373644990458,62.51642581910022,38.22135289409148,17.486180071898563
5097,72,117,58.68475054998787,58.0392172830076,36.14330365805927,19.57707883659756
5098,72,118,29.26447434251438,34.00067640613993,19.796371747202535,29.657509441994673
5099,72,119,18.587855615917007,23.506619940324263,17.058496232342986,35.563676132018905
5100,72,120,17.24204817694895,22.149020487686673,17.160611961465282,38.704863634985394
5101,72,121,34.75708977844927,26.491725716935857,37.644029009959574,45.92213792652008
5102,72,122,20.881000568009764,28.13233380260328,19.31716460527631,43.251006126025615
5103,72,123,38.0302813727898,47.52651512992298,26.883661646606843,24.25958968035325
5104,72,124,50.55148577006634,59.32021866839922,37.72569141549513,11.602426876027792
5105,72,125,41.525455142515405,52.20289494783936,32.009712913916104,9.896109970036234
5106,72,126,29.79703374982481,41.486891401038555,23.40305782043246,15.97958825062095
5107,72,127,10.016702488086082,22.896624855795654,8.479019069979309,16.890440039156754
5108,72,128,8.021594723316289,16.912201570530854,8.653096521928049,22.755601478534455
5109,72,129,8.297506606706639,16.405528127580254,9.004920742865098,29.270025821544845
5110,73,97,115.66619766896353,75.55618026738144,105.18668107114648,128.03123540831623
5111,73,98,133.08375404888906,104.95719103057213,129.23603854749018,155.3271830202161
5112,73,99,123.87288522204018,127.58567146461577,136.9422265091411,167.81184705744155
5113,73,100,124.72911340436607,143.76698296329428,145.8807302117667,177.21543885305317
5114,73,101,39.05428745933168,38.432786989407994,94.21726039133746,147.73993429596786
5115,73,102,34.76797861812242,59.30610666918541,92.2717970253269,134.37954167890362
5116,73,103,69.04843342456685,77.25900710711481,69.40354020434407,111.64052255359555
5117,73,104,200.41932773204505,148.98484721787628,22.920989518748687,60.051130576096256
5118,73,105,206.3200685067241,174.19436272108848,35.67359177052875,27.258067624447747
5119,73,106,167.73235569141062,145.0355560343867,43.61035484213528,12.722821594487204
5120,73,107,113.91908068060854,60.923158906909876,35.79584589636437,17.903589278043626
5121,73,108,92.61303266702755,61.32378362510296,34.689603285602324,26.30562815288034
5122,73,109,30.35725191256154,77.50814118407628,18.565056537832707,42.82511791449526
5123,73,110,23.28605866375917,137.02391161707777,40.434833228625,64.26607698785402
5124,73,111,10.080384105399737,9.240537548885403,30.63659759348166,63.92342158968651
5125,73,112,15.842346054574406,15.230291753366046,30.13854495355831,66.6498352049563
5126,73,113,22.49271013773738,22.53559173476059,18.57030370535416,65.97728177583532
5127,73,114,33.42286692284409,32.70288368768065,15.22615706378144,51.58602179552859
5128,73,115,66.11300724730702,61.31487871887537,35.78668726184361,27.987755045017092
5129,73,116,65.1122574440981,63.34023089472731,38.65265754175441,14.222149568409435
5130,73,117,57.61162959509496,58.783738159015606,36.500581751487154,19.081582309654113
5131,73,118,28.49238909877839,34.58544534048335,19.928399031959813,30.175294364176665
5132,73,119,18.194721420288285,23.967503047031002,16.980352586268822,36.48214352318107
5133,73,120,16.95053841036731,22.568984716145177,17.065593576827286,40.47756799902931
5134,73,121,35.32621052436118,26.27428476900815,37.441427248730264,47.00142808643328
5135,73,122,20.48708883173651,28.530184143491056,19.325561830431898,43.73534134587827
5136,73,123,37.02711350386347,48.075924668328575,27.07744483930177,26.622674744186277
5137,73,124,49.52234367221704,59.869015886292665,37.907989543032244,9.389073294962614
5138,73,125,40.57589847506735,52.705257992207656,32.16563877607637,9.310070076652405
5139,73,126,28.974749174598916,41.93734537087359,23.521367730829173,15.383093050672745
5140,73,127,9.517088906294353,23.290880610150822,8.524066740937629,17.220546644310843
5141,73,128,8.158399575911178,17.257121065662528,8.619342497053188,23.13748165703181
5142,73,129,8.509225929823483,16.73425524133723,8.973130618460079,29.253937302993616
5143,74,98,137.99745405920044,104.51345593430214,129.16374964958007,155.60214507740037
5144,74,99,130.1244227616544,126.90976031119561,136.85267434856425,168.28527211849268
5145,74,100,130.48828202523555,142.8082440464736,145.7163636275614,177.95034222413184
5146,74,101,35.70947875240401,37.87333902522972,93.86773150038924,138.34975068952815
5147,74,102,33.095489281136395,59.17672010999489,91.82272296521462,136.2268447309197
5148,74,103,66.04725086011057,77.35954984349925,68.91365778099417,110.71332330362563
5149,74,104,198.9451687853413,148.95936699547119,23.098899097433513,52.535113032686944
5150,74,105,204.12292069765837,174.27968663770787,36.43148190256001,23.36308049789781
5151,74,106,164.9166806340624,145.37938789182104,44.42923289877251,18.888185809629913
5152,74,107,111.11513488525067,61.23675776115727,36.54554382034871,18.96160530765332
5153,74,108,90.0757737232222,63.26913232428848,35.313597610796805,24.310527876117277
5154,74,109,28.55688868742869,77.43670198770262,18.21411465858503,42.504216766783706
5155,74,110,25.059245649832665,136.98902511853998,39.735814457446125,64.2720161617212
5156,74,111,11.629759348472303,8.251292847817417,30.009172372927356,67.43194835974691
5157,74,112,16.52642145776194,15.009695586818104,29.631028503011635,66.45609316885513
5158,74,113,21.08536240375805,23.533520988212235,18.322344608093804,65.41709898787096
5159,74,114,31.5681920504375,33.95149072604231,15.386620052616303,57.33591142598454
5160,74,115,64.006511910312,62.685418106229726,36.241050335778446,26.233559046156444
5161,74,116,63.12950004381923,64.6437887681684,39.075158098704534,18.055074255733683
5162,74,117,55.83255095816917,59.97527831170162,36.84918045510336,19.24537056230308
5163,74,118,27.29378671270726,35.55879050127069,20.061535667334212,29.968022755678316
5164,74,119,17.668893288595115,24.760084726117114,16.911971019996628,35.883377554882856
5165,74,120,16.597988444208223,23.299735784684334,16.980715599905597,39.49259068965768
5166,74,121,36.20754500577372,25.90422234798429,37.25512887285408,47.402257928487806
5167,74,122,19.9520542685737,29.232315397820823,19.33556895812559,43.102462725680525
5168,74,123,35.449797146581616,49.00955727770769,27.250719426664098,26.421725471073373
5169,74,124,47.891434134380006,60.79619498625516,38.06845892270574,9.192308916392681
5170,74,125,39.09461054595713,53.57132728781426,32.30017975715651,10.091855675318394
5171,74,126,27.717572589844675,42.73167765555719,23.620804240303983,16.10078763868912
5172,74,127,8.8572246247984,24.017960607967073,8.561154306897382,17.486666153620675
5173,74,128,8.505340774187413,17.909214230992866,8.594730436776157,22.464054389358353
5174,74,129,8.95902213270516,17.360245093194163,8.952031638185428,28.8124325492665
5175,75,99,135.81592314205218,127.35512860667532,137.17088336940787,166.52616743705858
5176,75,100,135.35532345898602,142.89006184637873,145.8402576469161,175.82815446238206
5177,75,101,36.055163324481036,80.38172039049154,93.67506524848818,141.11386919923996
5178,75,102,32.61615486494802,59.12117801908875,91.49601983795414,129.96798376602186
5179,75,103,65.30566921334155,77.40300562927837,68.51283512554905,114.95869222955764
5180,75,104,201.14836819393983,148.9480665873676,23.27433122618425,65.07256188465374
5181,75,105,204.51659953212487,174.31926236689515,37.136700675285546,22.551957534240778
5182,75,106,163.7219362385905,145.52840955097057,45.204380314866235,13.997842340556328
5183,75,107,109.32276395285307,71.23944099470712,37.26198430027955,17.668131199361984
5184,75,108,88.32032389707908,64.70581401033093,35.9143674360885,24.916460115852665
5185,75,109,27.2233751991894,77.43137866716661,17.908414680761528,44.94992743428776
5186,75,110,26.473531273198137,136.98629268239753,39.08681236057845,63.87370343515931
5187,75,111,12.9340230251911,7.658707783195026,29.433989566525053,64.52991571317753
5188,75,112,17.204342103953007,14.936200280791073,29.17370036905543,66.8748690138369
5189,75,113,20.059428190294486,24.256725802017634,18.110842626159712,62.9315893627916
5190,75,114,30.140028913294895,34.83217946887103,15.541200102954338,51.76956856706727
5191,75,115,62.39268887849103,63.65798619197826,36.642211335059976,32.0642967343074
5192,75,116,61.595899766564145,65.55820297275571,39.44502449685596,15.459179067565398
5193,75,117,54.44701314776231,60.800839843119476,37.151730370145124,19.828444450783365
5194,75,118,26.370202719216934,36.21358183513729,20.179140340390436,30.5125715413863
5195,75,119,17.334640883898132,25.288549762483438,16.85977201117394,36.2229385630405
5196,75,120,16.41214757831797,23.782822928364148,16.915450954286285,40.003235642828635
5197,75,121,36.9483881381757,25.694082084228906,37.112274311775494,48.019757277920085
5198,75,122,19.588474123986785,29.677645206608595,19.34437392880108,43.13936619204923
5199,75,123,34.18018003643706,49.605239035473765,27.373055794996848,25.43109508503884
5200,75,124,46.58320767551521,61.38939118981354,38.17695999148548,11.03241435302466
5201,75,125,37.89942288304579,54.11277920360373,32.385521825723906,9.656526539159913
5202,75,126,26.707211968865337,43.21676993940093,23.677957577995862,16.063688851193067
5203,75,127,8.418362386880176,24.44199814540763,8.578868138893524,17.00337491416687
5204,75,128,8.907377181467767,18.28237976839453,8.587423235621534,23.20735256003553
5205,75,129,9.434750316415819,17.715538164154438,8.951555680193255,29.481359188196755
5206,76,100,137.7800232727088,143.69198244338412,146.18682962284214,176.02279387638956
5207,76,101,43.62263155479531,37.640765068661,93.58291540465517,145.70619253380633
5208,76,102,33.775864862640255,59.09863353040179,91.23638611393474,133.58072389935214
5209,76,103,68.3454085356954,77.42005173100196,68.15173205311733,108.23563735902839
5210,76,104,209.01347424207785,148.9433414148187,23.459038021266508,62.532105661264865
5211,76,105,208.8494352562988,174.33416075870187,37.84104483196575,23.978190982267048
5212,76,106,165.05218420685046,145.58776253464333,45.98582993766058,12.991018041972717
5213,76,107,109.16643720612564,61.34842333749301,37.98750204735137,18.003204266884993
5214,76,108,87.84381737458268,65.54793585698917,36.52501783152369,24.898302526876
5215,76,109,26.609726961988944,77.43076565185522,17.62959368088785,41.8547635384141
5216,76,110,27.248365460995927,136.98501802104735,38.450327826008355,64.40964345663416
5217,76,111,13.646856670608141,7.450808300886004,28.87708167689434,67.82731862117589
5218,76,112,17.611982995193333,14.925614958849541,28.738422437799617,66.56608457430836
5219,76,113,19.55523049828143,24.552479777320563,17.92040194995651,62.981419011272045
5220,76,114,29.413439662329463,35.19105480299708,15.696052424513306,48.91485800012307
5221,76,115,61.6125167649519,64.07861259050134,37.01563528665636,27.61521673578329
5222,76,116,60.82319609044589,65.93518528150436,39.786198721389844,19.609206257552554
5223,76,117,53.722653747067426,61.12091335478473,37.4281931466743,19.349184807421143
5224,76,118,25.86062022750015,36.422434833727245,20.287769075799364,30.38779262628758
5225,76,119,17.178967650431296,25.435160721212306,16.817616901674697,36.30625899372971
5226,76,120,16.34569395951727,23.906014286560872,16.862477534437396,39.989483124528206
5227,76,121,37.41503427320941,25.67048060927446,36.99817490328324,47.96312510837524
5228,76,122,19.40136540653781,29.762516464784216,19.351838792787095,43.04677307056587
5229,76,123,33.43535358642928,49.74484911356765,27.46034108472003,27.927831569867575
5230,76,124,45.82620602285439,61.53334447070587,38.24938892758431,10.078750778722029
5231,76,125,37.19065160450564,54.2187302956882,32.43634115585338,9.562193749172177
5232,76,126,26.100720105385808,43.28679018603393,23.705063093163773,15.815782186094193
5233,76,127,8.198771686579045,24.459050197918984,8.582227431021185,17.086697872145606
5234,76,128,9.209397736720943,18.278078576825386,8.592370819046474,22.032671196297077
5235,76,129,9.778015629225356,17.70468965448129,8.966129544596559,28.294019626374443
5236,77,101,47.4802876507705,134.210244006202,93.46663389131074,144.1832944316654
5237,77,102,33.725574980154214,59.0416544674521,90.91950046247416,129.28397372630656
5238,77,103,68.73842110763016,77.45524896664863,67.72604864711914,108.57450999559026
5239,77,104,213.48699412122832,148.93190771217496,23.690612212603977,56.478858022984724
5240,77,105,210.45936095125052,174.36758374181596,38.647299897013404,27.80754768498277
5241,77,106,164.4364855335176,145.72713953369285,46.870052909424125,16.228854209554996
5242,77,107,107.6873491000324,61.44726048707926,38.803913386514864,17.706900850103533
5243,77,108,86.33086655991335,66.78437666951459,37.21075517363437,25.58874006048609
5244,77,109,25.473757319552124,77.41985636883489,17.353623700271683,46.54520922451909
5245,77,110,28.520085042684673,136.98155060908115,37.75709986835292,67.89075113439503
5246,77,111,14.894955318400903,7.080591671910781,28.276229117232404,67.4389462687453
5247,77,112,18.36701704052632,14.935653450727063,28.274948582915293,65.55657914550865
5248,77,113,18.723972441447486,25.1655934135322,17.72878917949076,63.721073371271345
5249,77,114,28.129066832985064,35.91820324640913,15.869555289740276,48.094743091004034
5250,77,115,60.141599289998894,64.88631797470292,37.40722334566596,22.808257245755218
5251,77,116,59.420888745797924,66.68365767949514,40.141538310651484,16.531295295789437
5252,77,117,52.45703831204838,61.78600971383946,37.714542436811605,21.66424832686769
5253,77,118,25.059686197452496,36.93002920018712,20.402203375855194,29.834737438730905
5254,77,119,16.99464695683214,25.837108702351774,16.77825671773175,36.614965904499215
5255,77,120,16.306654141148318,24.268231886172195,16.81183216256494,39.676024284103235
5256,77,121,38.11623241478744,25.536471387494633,36.887728411993905,47.4416238895646
5257,77,122,19.16374069728035,30.078727429365482,19.359511595531774,43.09688268087495
5258,77,123,32.25188075927841,50.17507867483848,27.54003408834482,23.43351895422097
5259,77,124,44.60442081089432,61.963223303222485,38.31295055844313,11.592651375239067
5260,77,125,36.07603018046273,54.59873744819852,32.47765590375898,10.444827840348681
5261,77,126,25.174232150475724,43.61527660547675,23.723013477817446,16.16325600806312
5262,77,127,7.9603745909671435,24.725269299320978,8.580721133506882,17.677757470008668
5263,77,128,9.716326632635942,18.503617170537105,8.601860784232404,22.146518217113847
5264,77,129,10.340492370160138,17.91598256469149,8.986717365130302,29.23604561285502
5265,78,102,40.22813489535955,59.06527246873538,90.6336393360238,132.36432021680304
5266,78,103,78.52483979358415,77.44530743737145,67.30443591827573,110.2320112725333
5267,78,104,230.73066073062935,148.93593082656895,23.95106106905115,57.11382479546256
5268,78,105,220.7438627173706,174.35766158720273,39.49943683653824,21.169668456996003
5269,78,106,169.37999970933535,145.6773098316444,47.805322143822806,14.286713959035895
5270,78,107,109.82061905325641,61.287124727556446,39.66690403926294,17.784120824298256
5271,78,108,87.6358588951629,66.80093774153413,37.93560889173299,26.05744054241163
5272,78,109,25.80516053435658,77.47956276793587,17.103887986040352,45.530230534127725
5273,78,110,28.400537288570526,137.01334963878432,37.052406752651386,69.57342175479454
5274,78,111,14.710928110746519,78.4612472366707,27.67423240797978,67.9418670871941
5275,78,112,18.263085624435323,14.924184661217893,27.81952367940656,67.26730887658962
5276,78,113,18.8668625170658,24.81839998622624,17.55273751734772,62.667019710789646
5277,78,114,28.38553864774313,35.51957931149759,16.04648528600782,45.86773396747189
5278,78,115,60.561226802119066,64.51648326591484,37.78172302206697,24.167652086843493
5279,78,116,59.74210386861267,66.29121722406754,40.47759907538314,16.140634487798305
5280,78,117,52.67739554683483,61.38160575978321,37.98211749321144,20.426377344905216
5281,78,118,25.10102462618003,36.493520879593625,20.509343545087187,30.741298163098254
5282,78,119,16.99656234014094,25.424803548236834,16.74621662805986,36.39863690055779
5283,78,120,16.306649852355697,23.86446873917494,16.770551752408608,39.91876280543872
5284,78,121,38.179051318288224,25.770930503957892,36.80202876327642,49.7526349501307
5285,78,122,19.15498799653267,29.641941826411724,19.36522019240268,45.39026506840823
5286,78,123,32.26309051459512,49.66423099547927,27.58846979906906,28.86207200518722
5287,78,124,44.64682635856463,61.46846810941964,38.34420919704016,9.636461566742753
5288,78,125,36.068309397241286,54.084814100111956,32.48784715483887,9.807792010869065
5289,78,126,25.136888780392848,43.0946393105631,23.7136761479714,15.916840593603736
5290,78,127,7.943056284938923,24.16261119694486,8.566067996064778,16.2798756035935
5291,78,128,9.776909192952536,17.961085271148367,8.62297676460534,22.15412577058284
5292,78,129,10.405539854523884,17.383937777492743,9.021812676619982,28.99361087816474
5293,79,103,68.45332900531166,77.24483148019785,66.59306137392518,112.18575645730263
5294,79,104,221.25868941888012,148.97389060732218,24.36852208025688,65.20882393363841
5295,79,105,212.2911372365165,174.19044230740775,40.67187062728691,26.472244518794064
5296,79,106,162.16033125455982,145.0306360509288,49.04372137082595,16.17832221312236
5297,79,107,104.1111269100274,60.64508765677371,40.789975610086586,19.120431764043502
5298,79,108,82.86725870546786,26.132568210742683,38.87133334721286,25.939217439366853
5299,79,109,23.21923999183704,77.68061298320391,16.841619931958522,43.94869799799004
5300,79,110,31.102222538844753,137.1237688907978,36.160951792675185,65.05288945458256
5301,79,111,17.610469975154846,78.04647877986511,26.914477926130274,63.28890578862483
5302,79,112,20.19211766030634,15.13706672062018,27.24792573676322,66.06877448677021
5303,79,113,17.193749862910277,26.66388897834303,17.34631919376947,64.19875711226702
5304,79,114,25.35973133237081,37.647608325105644,16.282963004865632,52.820652987632194
5305,79,115,56.830958338793764,66.782880988769,38.25372465480135,24.579507268933398
5306,79,116,56.283597165620364,68.44032569911582,40.9009404714329,15.855037539672226
5307,79,117,49.65745110916007,63.34972832511658,38.32067308908043,20.381999670151227
5308,79,118,23.44632114046996,38.13904036194703,20.6499305974645,30.839991851558384
5309,79,119,16.869302571557597,26.808214042187846,16.708430163651773,36.874714460034134
5310,79,120,16.500387368443274,25.145887179660054,16.717850648758375,39.638323828041685
5311,79,121,39.616729460088244,25.231378412459694,36.68006363401777,47.81226226272176
5312,79,122,18.867671818182252,30.84385658116192,19.374696486279067,42.799467500999846
5313,79,123,29.639686318723815,51.19394969028969,27.672705983669168,27.955023010888016
5314,79,124,41.878206679622366,62.97770339720306,38.409252583068614,9.781602108383755
5315,79,125,33.615906673038054,55.50083023978728,32.52751591228058,9.753173180998488
5316,79,126,23.185934175871513,44.40149558616041,23.72757570308775,16.217313695729015
5317,79,127,7.849386580470507,25.37469051591478,8.561305682618125,17.918647171081297
5318,79,128,11.01315339672601,19.060466167872647,8.63669604423771,22.866910332996586
5319,79,129,11.740972078437727,18.439473242603803,9.048944349558216,30.064494324517405
5320,80,104,255.7609724086507,148.97486490463666,24.6994550129131,62.12091064620712
5321,80,105,232.96802637772075,174.2708630607961,41.624037274955064,24.583435364685407
5322,80,106,173.13950331582635,145.19975509794128,50.088955235450115,18.008484467188385
5323,80,107,109.90269782077712,75.30835475324905,41.74988103295636,17.51717393165517
5324,80,108,86.95899463232675,25.950716761015972,39.67427165892837,25.279462073708753
5325,80,109,24.81079588545025,78.13044012269843,16.67173454558901,45.24421134188093
5326,80,110,29.71012809902564,137.36945396181554,35.453737770956295,67.27762879192979
5327,80,111,16.01612716751932,77.09714198118515,26.334625326746067,67.64478194205402
5328,80,112,19.11467626757799,14.934662461510621,26.832522227411523,65.8410543537161
5329,80,113,18.074603955231638,25.22544385823048,17.211963232837615,66.52408996662672
5330,80,114,27.09030424990941,36.01062227338166,16.451414680832958,56.923532508495725
5331,80,115,59.156841202858836,65.13486843399681,38.56606336556691,27.712783126617538
5332,80,116,58.33484586209169,66.81015880781662,41.171037344716645,17.17221814241263
5333,80,117,51.35172442792296,61.78322419473885,38.52618502635755,20.627920056529984
5334,80,118,24.226173791336986,36.66650506282205,20.72878568449527,31.27687724435918
5335,80,119,16.881336622916756,25.492360541675094,16.692287996395095,38.230694769484096
5336,80,120,16.365881962949253,23.89193788462064,16.6995310876306,41.45504050231422
5337,80,121,39.05934252790075,97.20217080856956,36.66335824154821,50.16808611235129
5338,80,122,18.950449296239384,29.580356403280426,19.373434617970045,45.26079910542559
5339,80,123,30.83595866107106,49.665982278133114,27.63588455948159,22.58341164004045
5340,80,124,43.1932008119724,61.48578511392227,38.35346675180291,10.196192612664376
5341,80,125,34.708192442091466,54.02264611452107,32.454799121091774,9.690184009665375
5342,80,126,24.000024409928443,42.96403368953953,23.64638955632478,15.72674355294992
5343,80,127,7.822921248861689,23.915848376737895,8.513534109133737,16.977710196729117
5344,80,128,10.533966479752133,17.687115975962843,8.689647899403482,22.131574663126187
5345,80,129,11.22547207412205,17.104393618786087,9.123218815225215,28.666148157475156
5346,81,105,234.30184269346762,174.11324745752742,43.28688257026287,22.279090621867734
5347,81,106,172.27066840200706,144.54762744601615,51.788951114252555,12.8072806962068
5348,81,107,108.41556733162363,77.48235387047767,43.265411722297245,17.434893351608476
5349,81,108,85.52010024807517,25.928293231036154,40.92593192751202,24.473785671032378
5350,81,109,23.907454253950238,78.11939361879631,16.496974000542792,40.22970140944748
5351,81,110,30.7046216834955,137.35042097016822,34.340642424740004,63.353236100069175
5352,81,111,17.117640696473146,77.09002135930216,25.40659183455916,61.562707440803514
5353,81,112,19.87067879960854,14.983186561469143,26.15638590657593,66.11433012045977
5354,81,113,17.445547959008277,25.819560665451856,17.007848436506237,63.71767255054273
5355,81,114,25.921828009884724,36.70271990598852,16.75442770833697,51.48626612968501
5356,81,115,57.74576759244292,65.91234285108318,39.10779871052139,28.218555970419782
5357,81,116,56.99420932379581,67.5148290312819,41.649671662778644,20.418592841029845
5358,81,117,50.15427103469508,62.39378235463115,38.90420629191898,19.81417623481829
5359,81,118,23.557156388156677,37.10245135584474,20.88930627502523,30.14507828876914
5360,81,119,16.870748529582674,25.821095036848238,16.65910896398459,36.193651400523834
5361,81,120,16.491862107589036,24.179336308122735,16.649116212928508,39.7014255307436
5362,81,121,39.68936785129546,97.13738237723328,36.544774558752195,47.47397384995256
5363,81,122,18.860850606993342,29.81114408210098,19.38260545346133,42.31321063724554
5364,81,123,29.69190155080754,49.998410595682564,27.706446878710672,27.032389409288864
5365,81,124,41.99509446355467,61.82026236669987,38.40169501860759,8.298107244648126
5366,81,125,33.6283595769807,54.30180351880278,32.4756660894313,9.919860167534916
5367,81,126,23.13715589715331,43.1891913226973,23.641628399856998,16.13154963897254
5368,81,127,7.864391298727251,24.06959492408841,8.499271297543693,16.61187986491991
5369,81,128,11.138093552452661,17.803432089871855,8.714593986937706,22.119293447376535
5370,81,129,11.873973277111734,17.208620020331,9.165386267759388,29.274048556559556
5371,82,106,165.78135203154656,143.09136746222808,53.75296886699011,12.88056961998892
5372,82,107,103.4435853972058,55.90971495176832,44.99906857627437,17.722795130514506
5373,82,108,81.41105035556973,25.545218641482546,42.34951823881165,24.28552324182075
5374,82,109,21.97197332469508,79.12001118532626,16.42986732375401,45.24509241051383
5375,82,110,32.79877957271795,137.87451666987138,33.13320265017047,65.00029010969835
5376,82,111,19.588065700989638,74.78454518319876,24.417160507606862,67.56865865663791
5377,82,112,21.683520428737097,27.765569966187424,25.45366571568746,66.5727842745586
5378,82,113,16.323814651145664,27.584369463442467,16.82517196691095,65.87910311312353
5379,82,114,23.291673384890462,38.692733746239675,17.082339826286585,50.58488805723057
5380,82,115,54.3253888173397,68.02672906626918,39.656074556750816,29.473901781361853
5381,82,116,53.82450649472445,69.49894485871138,42.12774876723505,19.303401923561555
5382,82,117,47.408672830970396,64.1927809053072,39.27686192270679,21.274806396757853
5383,82,118,22.241125840850188,38.578528640676595,21.048145231788954,30.8588846295739
5384,82,119,17.07462904431171,27.049390059720896,16.63269710789582,36.1463658833236
5385,82,120,16.98005984965527,25.307083184183266,16.606638152308005,40.14151319886633
5386,82,121,40.96242905125313,97.75512517831574,36.44877795238076,46.902178800586256
5387,82,122,18.867384077456062,30.84283951559778,19.389421393330647,44.48261430672014
5388,82,123,27.251058362177677,51.31815709875695,27.74609579064806,24.935825566451477
5389,82,124,39.38374383317968,63.121496768763826,38.41752476524787,10.632353911847394
5390,82,125,31.339494034314082,55.50786172915671,32.464884666453536,9.248238170253098
5391,82,126,21.39195773064313,44.28857745913984,23.608821434560966,15.387827145761753
5392,82,127,8.273915980084286,25.06734075005035,8.472299323770535,15.991092026727946
5393,82,128,12.453666806240788,18.69664837701027,8.753436450092611,22.501781910123572
5394,82,129,13.27223045388106,18.061662938804727,9.224866433459582,28.886812342717004
5395,83,107,99.42703030988432,60.855175331862064,46.6873364659053,18.701367518883337
5396,83,108,78.01960841866202,25.966264856921963,43.72464826934206,28.485758269152303
5397,83,109,20.51935228757399,78.07895368451072,16.4866024919591,46.136799821069495
5398,83,110,34.63408766141537,137.35893179844138,32.06256160509778,69.59087653513478
5399,83,111,21.783741323144582,77.34652769416523,23.57596171531608,70.36958007097294
5400,83,112,23.409386744238734,29.682889602234024,24.888346105148308,65.97898781718419
5401,83,113,15.764611520954144,34.99001518829241,16.703797449827693,61.274241339710706
5402,83,114,21.130049005576147,54.72394782371684,17.338555773643993,48.771138062731445
5403,83,115,51.401513642096134,95.33698275383415,40.05231744159569,27.15095958670371
5404,83,116,51.10758501813696,74.89081544329481,42.45793989293285,16.252297038022
5405,83,117,45.0656148813111,65.39688626118678,39.51895919919959,20.326329620896914
5406,83,118,21.2579813895927,39.52715590536015,21.141239273512788,30.160431365969714
5407,83,119,17.49560177333145,59.928315279292015,16.62195600305399,36.322903642417
5408,83,120,17.638308661990255,26.009506361012672,16.59430116719083,39.689919502845655
5409,83,121,42.114972823941336,97.25977874173871,36.458918420445755,46.95675730557057
5410,83,122,19.09175614599799,31.451899770522186,19.38400961016716,43.050352735011295
5411,83,123,25.139518135068418,52.1041259499536,27.662647063827613,31.06210594691952
5412,83,124,37.1193075786548,63.89841873454147,38.31074581264937,9.825502080717763
5413,83,125,29.360240443232737,56.20575464564923,32.340257628707114,9.902594175037656
5414,83,126,19.943002695321756,44.90454515716307,23.48009274852253,15.91506423110063
5415,83,127,8.955028195256897,25.591971212535434,8.40575693361694,16.67788949566002
5416,83,128,13.708042655835216,19.153720502758148,8.837005747474839,22.474094238664218
5417,83,129,14.588352344354487,18.492968531912016,9.337191211201954,28.75300169697846
5418,84,108,92.63921740406188,24.835266184164773,45.12892236751167,29.458986161762947
5419,84,109,26.252445593390174,84.86357256409222,16.651380291244916,56.63300134889883
5420,84,110,29.063163700049532,141.1047422264977,31.062669980054615,68.79029834594884
5421,84,111,14.929157809333663,56.50274018686988,22.826529420947963,67.9722005946046
5422,84,112,18.43227286727359,15.257437588214344,24.4158110997207,66.41205072695362
5423,84,113,19.027529608373275,22.757350371454443,16.620425665317107,65.57890534625072
5424,84,114,28.84526980299144,33.11031321059874,17.537022529080392,50.15444951875347
5425,84,115,61.92731433498866,95.1109864705544,40.33503358672897,28.778953360045186
5426,84,116,60.59182121127764,63.9643773403038,42.67612642618724,19.20305787770476
5427,84,117,53.04061244265809,58.943617463424985,39.660615781182244,19.306991370031746
5428,84,118,24.740446166435532,33.79424325695984,21.18085399506647,29.52533513241491
5429,84,119,16.90746248482032,22.930080828531107,16.621084215495912,35.92017458159947
5430,84,120,16.325750467288085,21.44846085691952,16.604661213147786,39.979080979824104
5431,84,121,39.072993827919994,104.16535350178567,36.554615996930096,49.08204714112656
5432,84,122,18.99824345456337,26.976384711393973,19.369645332852887,42.879675381471394
5433,84,123,31.553568129216202,46.46734783953641,27.480038186052305,26.907956303452625
5434,84,124,44.14119649659128,58.392254009963686,38.10522700782503,13.949756110521616
5435,84,125,35.31022899671596,50.87121719342414,32.12399649793648,10.244554085442115
5436,84,126,24.320884915603127,39.8336203466625,23.274690216834614,17.329502195520725
5437,84,127,7.824174903459289,20.628386020949765,8.313235422667747,19.206503520862032
5438,84,128,10.55469543522743,14.626791727470764,8.962837082893348,24.53523255608902
5439,84,129,11.228505667983947,14.135861529027302,9.497918768464517,30.68118204561091
5440,85,109,23.46825985836171,85.64834391593298,17.498640824611062,40.00575321449568
5441,85,110,30.91006766387675,141.56436828249335,28.37045230616365,63.653989510792194
5442,85,111,18.714907281560645,8.34989371453471,20.64485070076532,62.20873752457044
5443,85,112,21.238840722669337,16.80511535566407,22.91806326769539,66.12271799836022
5444,85,113,16.03596863268845,30.933273686967066,16.423711392266714,66.38666710086798
5445,85,114,22.520392314138284,42.317744465451526,18.38416598948025,53.908414207924906
5446,85,115,52.904801014190454,71.91377738921739,41.57384836513805,27.23089943377776
5447,85,116,52.263144996682996,73.03993451764079,43.76287460209339,17.16707163283378
5448,85,117,45.898850718399345,67.30310805877099,40.52649465118132,19.209430556217303
5449,85,118,21.65105710533867,51.98657595267183,21.590303687269756,30.41201746371715
5450,85,119,17.4118306316469,59.023011613112786,16.578538440656615,36.8076760672727
5451,85,120,17.48910549255894,32.29779107597946,16.49662039412271,40.65441728851467
5452,85,121,41.524217876229066,105.14595182729485,36.209304319591865,49.614529145849616
5453,85,122,18.998561842421022,23.787098698646513,19.402706511218014,42.75742865889792
5454,85,123,24.948802697864433,53.17103583576754,27.771249433260063,25.623259870471614
5455,85,124,36.78408743578627,64.95601324898847,38.360282601785485,12.020589129231757
5456,85,125,29.033556174132748,57.11268196082166,32.32393810535556,10.296845182034515
5457,85,126,19.70998540898476,17.25021294164776,23.409593899316828,15.63562564388501
5458,85,127,9.061953650372647,36.759290232089995,8.34991292419374,17.670152820520354
5459,85,128,13.885814235486379,37.08889563921715,8.93456237747312,24.90695835869172
5460,85,129,14.86907665474567,24.167322711279024,9.484411947806183,30.119166961628366
5461,86,110,32.11366086039622,141.56355296374895,27.122189616753293,61.96148242157015
5462,86,111,20.27198357349783,8.849538380713817,19.779426685869634,65.44413648359769
5463,86,112,22.473346212012824,17.117131494816622,22.435632876408928,68.11390283749745
5464,86,113,15.60035596151396,31.502809171676237,16.398801106514302,66.14439117997816
5465,86,114,20.879390757087105,42.916254663783484,18.576575224022182,56.23131089333533
5466,86,115,50.67453199326014,72.58987801005398,41.790099782044045,29.228748711944963
5467,86,116,50.16955918391017,73.60926123123784,43.89747665822904,15.332068981107225
5468,86,117,44.08511233735509,67.75539189979706,40.57947942250145,19.74763607021439
5469,86,118,20.95637707388552,52.03124137826582,21.573622077590485,29.694471121531546
5470,86,119,17.851816694033086,59.01028218285534,16.583669375580705,35.45231299873007
5471,86,120,18.12526558439752,32.25773537648854,16.529343154100715,39.898535966922154
5472,86,121,42.43876808792948,105.17071731260008,36.41448141726107,47.72147660753694
5473,86,122,19.31796849346247,23.784790444887,19.373884785178962,42.75813977621343
5474,86,123,23.22952343168374,58.682335673032384,27.45232627960653,24.08850937024196
5475,86,124,34.932453154718935,71.34089236288187,38.01725646488512,9.029819337669883
5476,86,125,27.420054111772536,38.228490672354944,31.978381239176613,9.881162040732939
5477,86,126,18.59643305889886,16.761100812495513,23.094644046984556,16.56184241484908
5478,86,127,9.835578734911838,38.24142061561831,8.223334012775574,16.705733547586906
5479,86,128,14.98893287799122,37.80618074862927,9.127000264768109,22.75013713273659
5480,86,129,16.025003417137277,24.19999344654284,9.721968616122961,28.95010129664671
5481,87,111,24.04927387453904,52.14657716501177,18.90789286772214,66.64521043592805
5482,87,112,25.676065186404227,33.37138203630226,21.985532534285035,67.95840180019657
5483,87,113,15.59621486279232,40.759390288353764,16.38718696133531,68.30454563695932
5484,87,114,17.099567376319243,51.77113818956857,18.72599729935742,54.05116122694441
5485,87,115,44.63359674054166,75.69919940288617,41.93017621358587,30.27375815005836
5486,87,116,44.62479237000897,64.81329310629758,43.952234783950274,17.00332925436765
5487,87,117,39.459843940767364,43.55457039650463,40.55687976631,19.08671887923767
5488,87,118,19.7887509657478,52.438697930324,21.511984196858393,29.819638526815893
5489,87,119,19.390188830352848,58.87941141457321,16.59490039880681,36.34120329185366
5490,87,120,20.07401667513044,29.373392201962467,16.58217945501167,40.04794394018165
5491,87,121,44.50127001723907,105.57848780342736,36.69317910658713,48.2736686163146
5492,87,122,20.54327671822567,19.643818857083257,19.344295500054415,44.51288723345035
5493,87,123,19.1668297553785,54.24790321912344,27.05004431381159,25.064381028070137
5494,87,124,30.357775670648795,69.02236486185667,37.59164735195479,9.133206541422792
5495,87,125,23.59180250868788,39.4198076496917,31.5572964138619,9.469486130643991
5496,87,126,16.297735489729256,23.66197290312102,22.71906222551569,15.756558650737716
5497,87,127,12.018554136965665,33.80272035805122,8.098060905306687,17.07980023379118
5498,87,128,17.59980610968411,35.182200090767935,9.372443925288556,22.665693794690537
5499,87,129,18.760677257574486,20.668413118571582,10.01501130055955,28.9847307493326
5500,88,112,27.41701795715152,16.595004256407687,21.95429394344823,68.21031103351223
5501,88,113,16.189807735393092,40.880554423177216,16.390432064555874,66.89024480279927
5502,88,114,15.59317586396366,51.51671132436499,18.55527805976038,54.65262862217063
5503,88,115,41.830577463279965,95.31819992042024,41.60825952429701,26.845458562675447
5504,88,116,42.02199616952818,64.25957980728914,43.5771424736705,17.475547696696907
5505,88,117,37.29767887590156,32.209087670111124,40.166902862530264,18.819908711268585
5506,88,118,19.502862114005474,52.93196245572796,21.25869821896182,29.921776165233496
5507,88,119,20.410561179651157,58.7065705511643,16.639786923186026,36.63541521227759
5508,88,120,21.274322129141922,31.395933826182894,16.71762335895851,40.34643731195813
5509,88,121,45.64607810413225,106.19995103465168,37.22965449161955,48.350313089052875
5510,88,122,21.436868332523286,19.484699618719258,19.31346304307266,44.592598705942144
5511,88,123,17.200348457948063,37.37103842175529,26.37357247213909,27.154731420324186
5512,88,124,28.124611902639046,52.30297718266458,36.89798661199761,9.166649175419833
5513,88,125,21.73325052364518,39.3424733247338,30.894821264795535,9.596540841772475
5514,88,126,15.36870145157536,23.6802270373034,22.152086483966634,15.712666527476262
5515,88,127,13.32947995859098,37.91149886892979,7.9642746770629955,17.701238283196684
5516,88,128,19.03115225452629,37.29571023172496,9.759908953427505,23.414063728747887
5517,88,129,20.24404418452775,20.158053679600705,10.45556317899038,29.15263587834959
5518,89,113,19.25504152544681,19.045115143282572,16.40129864162152,69.69720290521829
5519,89,114,13.400521134354241,33.7072315525561,18.28918537132283,60.11680370778739
5520,89,115,33.77370242277828,95.20994044249233,41.13791480880626,29.009912104445597
5521,89,116,34.68588570980135,62.41306783878862,43.060633952458225,14.684770994478098
5522,89,117,31.532493351294104,45.0832150592908,39.65448612765918,20.23283539744715
5523,89,118,19.79809761497788,28.99348344355842,20.951513338960567,30.07083395214535
5524,89,119,23.517222754880915,38.363400811980725,16.722754156197595,36.40865174566914
5525,89,120,24.754575515146705,29.070405599822706,16.910926167654118,39.53858679329148
5526,89,121,48.3624071201882,105.28053712691518,37.87082594727382,47.748695634431265
5527,89,122,24.233257079345396,19.79535514777446,19.312268138301473,44.08002840478388
5528,89,123,12.62688237783674,38.78687277571699,25.595804866349717,27.3947712140362
5529,89,124,22.205926602630317,56.37049302131726,36.10495590612415,11.702787331890812
5530,89,125,17.1622771667083,38.26674058139846,30.145367825825485,9.774814526601109
5531,89,126,13.996880419627182,22.241037898286283,21.523547264636353,15.707634434521202
5532,89,127,16.811362506020423,18.587800705123076,7.8902102442333515,17.539343362940812
5533,89,128,22.603416514105717,25.886526250014356,10.233977224834351,23.175456006765042
5534,89,129,23.968273514468514,20.253024166521456,10.97801481567029,28.995758646786292
5535,90,114,15.649784542625152,31.005242747847927,17.558790546019225,61.22784453175437
5536,90,115,23.994854058171693,95.08644197197475,39.95313165095683,30.79968034765849
5537,90,116,25.837262447373313,62.12280573259965,41.89687483243033,15.419316321732486
5538,90,117,25.22924529128935,46.66720318973836,38.608068574352586,18.649594440650965
5539,90,118,22.007930825574594,24.131898294984172,20.421435940232232,29.228593097699978
5540,90,119,28.006881771078053,34.89032412806318,16.93751832642566,34.76489073581262
5541,90,120,29.57069198972798,28.051142356370597,17.295875049822705,38.42564872366713
5542,90,121,51.76567210581285,103.86759846677714,38.878298787270474,48.54754156633534
5543,90,122,28.471778597204118,19.80514619283054,19.38015437269128,43.872450063569275
5544,90,123,9.63701389719325,42.66218597732726,24.463034084131017,27.836238917317484
5545,90,124,15.460757262828478,60.09215506271598,34.964637123699,12.23142973054196
5546,90,125,12.815044558178029,38.2638152934822,29.09037484197406,10.126606080112987
5547,90,126,14.640017096915242,20.68977800853995,20.670030320717494,15.823867843065466
5548,90,127,21.256335816795062,22.656599319804233,7.921122892201868,17.30182187959355
5549,90,128,26.976037604649292,28.841810831661796,10.930419524839708,22.46936203599591
5550,90,129,28.505995964285002,21.920034009865393,11.716523363752938,29.060767706326338
5551,91,115,15.225392799999874,95.03497557057939,37.87367255364091,36.045508194487056
5552,91,116,17.866039150112496,67.6064600247788,39.93910379088354,19.396370671947572
5553,91,117,20.694304798577832,46.28471151165673,36.93030613400422,20.592865260969955
5554,91,118,25.559187418552735,24.567500536721017,19.71963878211241,31.461420536662313
5555,91,119,32.74132879731883,35.06843462304604,17.419910844890573,36.492032773253975
5556,91,120,34.520476028078434,28.21352600334319,17.994584488415512,40.005016483551536
5557,91,121,55.11393556288137,102.82062880939559,40.32049721932705,48.86230599097912
5558,91,122,33.08846700154707,23.29767174083398,19.60855984456247,43.72014510047984
5559,91,123,11.413434947226218,46.48977752062745,22.94453654424877,23.758184538380426
5560,91,124,10.348464563349294,63.226624257669656,33.4437773575259,8.795399700729972
5561,91,125,11.168588321263483,38.46170324421053,27.70808590809103,9.332936894892745
5562,91,126,17.177652362389622,19.595230949003522,19.596664989670472,15.831094208931399
5563,91,127,25.497043794623174,26.53846364079582,8.179980402765686,17.90104115172347
5564,91,128,31.064984667358907,31.50581020736037,11.898027277922031,23.994292858093385
5565,91,129,32.72270062690465,23.005071142411886,12.70909732858187,31.082678067423416
5566,92,116,12.822685285249907,68.19931825799738,37.30821551731228,22.80159295649213
5567,92,117,18.91060001101654,35.136971809057904,34.7558553693266,22.39061937715717
5568,92,118,28.869273575423367,24.871037000307304,19.054861191059736,31.52216700828984
5569,92,119,36.494889786031905,59.68567918934672,18.28472328193139,36.59186635306805
5570,92,120,38.37347753221295,28.305389333122548,19.069972940938662,39.687864336459405
5571,92,121,57.68917590877699,102.28052803133524,42.123015123095016,48.11011443027648
5572,92,122,36.83518461343379,23.278795578680977,20.085093066055617,41.9484577690602
5573,92,123,14.822977837866572,47.22090792552928,21.160408499687023,25.309302037135417
5574,92,124,8.615628001998555,63.828476038658785,31.65194979941243,9.250852055039289
5575,92,125,11.940712217218643,38.481920017776034,26.105708495294536,9.106788373081026
5576,92,126,19.63272961958621,19.45269467730026,18.414537527945566,15.649538884094522
5577,92,127,28.489933403925168,27.237500256148515,8.754860654378163,17.510291175367474
5578,92,128,33.916799554340614,31.947518367226074,13.093367090070856,23.063991476774707
5579,92,129,35.62724898755448,23.131149410446938,13.905121009661764,29.38743614046499
5580,93,117,20.997310956844,72.18086727303381,32.37876223953641,24.412580095033412
5581,93,118,36.127677634505076,43.52654836101654,18.667539881233946,30.54300395128136
5582,93,119,43.88809243491554,30.399811516798586,19.51544991406948,36.171434099057315
5583,93,120,46.0022226228704,27.96860336769617,20.45407436434949,40.14942648851561
5584,93,121,62.319266091666236,105.81255106054837,44.10234632982647,48.22004804678602
5585,93,122,44.372573529473954,32.3106687463041,20.818345257000296,43.20437348539871
5586,93,123,23.74378124656992,53.80312968792572,19.31952407175801,21.88752382487438
5587,93,124,12.848357232925853,65.64794206332644,29.785387085191168,9.489200870307222
5588,93,125,17.218113901641363,57.15444135751272,24.463865992596418,8.613551922335724
5589,93,126,25.64257691485529,45.15410275057,17.281025122606675,15.497863416116191
5590,93,127,34.37494083023648,24.798313911676285,9.60006578597436,16.63281102298929
5591,93,128,39.482918485600926,18.02330755826651,14.391490919249774,23.40426336125873
5592,93,129,41.378149992624245,17.278883780449494,15.182321922233694,29.666094765934854
5593,94,118,30.226784325599755,31.836742514689423,18.738441920728416,30.34212348465264
5594,94,119,37.972909352838265,20.770954760500025,21.394772037238862,37.22174504330413
5595,94,120,39.55538448959563,19.296163289110428,22.4064841017219,40.09212215150714
5596,94,121,59.19870697022075,30.94720312038344,46.54759094096413,48.93464033084071
5597,94,122,38.361287276485164,24.164793813420637,21.9656261959746,44.79655417166446
5598,94,123,14.806723877914342,43.26836512003067,17.223727014417406,27.21222509112005
5599,94,124,9.081714368955106,55.4899693374073,27.620200451965907,9.376441886712449
5600,94,125,11.435059379065912,47.43615881391252,22.601577396566093,9.22184812118132
5601,94,126,18.609762155733005,36.0572751280111,16.11490980225068,15.632520989693361
5602,94,127,28.049770376403444,16.12951545459303,10.797158515657621,16.44787176795338
5603,94,128,33.4618417820896,10.668522367172056,15.923409028800348,22.21140652666348
5604,94,129,34.84471071870004,10.359290155563261,16.665832903845555,27.88348108764116
5605,95,119,43.138699103742155,20.032416093401658,22.684060048985355,37.40528790497272
5606,95,120,44.91213114067899,18.64875385324939,23.71109663505528,41.10253853075521
5607,95,121,61.86209317250628,31.963202971099506,48.108370903416116,49.121976986841844
5608,95,122,43.83796448164189,23.418040899112302,22.82214072894946,42.36172898468198
5609,95,123,21.30061959921642,42.215576662825946,15.971632365838124,28.026923656441507
5610,95,124,9.606678632405156,54.50719169270297,26.296451156407496,10.744421686830806
5611,95,125,13.965481343164976,46.41405410811118,21.485209483286738,9.82084352504717
5612,95,126,22.228822091344195,35.04116052889744,15.4846042278907,15.92211474521914
5613,95,127,31.692224663239728,15.087554478940309,11.631163771796876,17.500413447127944
5614,95,128,36.86562171832457,9.919940637754927,16.908326559601374,22.717864306212476
5615,95,129,38.38683678013966,9.67710461531922,17.621729956353814,29.798757659699344
5616,96,120,47.63794046140801,16.83198692854399,25.36597779959117,39.54381782483683
5617,96,121,63.30114758364949,35.427000928789866,49.97203645345287,48.60872129150663
5618,96,122,46.86739962477219,21.225556357868822,23.93092543853521,43.65433491603042
5619,96,123,24.18124405382954,38.27707832178024,14.604429662963389,27.883745651988058
5620,96,124,10.449832091851567,50.740088169123034,24.806008334338607,13.421854705735502
5621,96,125,14.669939781808132,42.77921784595206,20.259006437063128,9.648163065472573
5622,96,126,22.90066443810881,31.66897544014939,14.870964379155375,16.403586104995163
5623,96,127,32.56428419335012,70.28346080859923,12.612361097996128,17.869295154947597
5624,96,128,37.63722795899533,8.368070301501362,18.00433956123599,23.943456467837176
5625,96,129,39.0486954702369,8.337289159554862,18.674920525926865,29.351922983252486
5626,97,121,59.338805119386144,45.50749359818394,51.71944434558362,42.71041353780052
5627,97,122,34.907565243199606,19.50673857463959,25.04180829221183,42.40542629614648
5628,97,123,9.89293459909867,27.95837022943403,13.455424373525164,25.529392307791
5629,97,124,25.03788462351267,40.73221179538092,23.500687184737302,8.842113340170394
5630,97,125,16.63702823401122,33.39389149001924,19.2169200598934,9.111989242105112
5631,97,126,13.867984429692026,23.443102243465496,14.422857160059566,15.933344830027984
5632,97,127,22.52736741408592,7.883705955813594,13.501599339327003,16.840402086163635
5633,97,128,28.290491612775593,10.561355121986596,18.964013622816623,22.64196389938331
5634,97,129,28.609892787950674,10.637158147310961,19.59365505054639,29.021649852045584
5635,98,122,31.054376344127675,21.069045219907288,25.241122573828555,42.89541114785418
5636,98,123,15.704729924200606,23.638197723839713,13.298933198665095,30.238259766284887
5637,98,124,36.76038537516949,36.520823581952236,23.36589570977795,12.25062826150293
5638,98,125,23.246663841919037,29.465142486429116,19.128040812851786,8.896041954700278
5639,98,126,14.527649921730214,20.23525060090303,14.38769013705,15.658638102383103
5640,98,127,19.706024224651618,8.913593227527446,13.608501706040828,16.959395649956576
5641,98,128,25.676019252625444,13.439383406974372,19.107777915659703,22.2602651304377
5642,98,129,25.501437561884448,13.371834267285863,19.751556765074593,28.072656713545758
5643,99,123,16.44701879357647,22.825976054701577,13.683189326262843,32.78156783147927
5644,99,124,38.088893088259255,35.812370257074186,23.890240109481322,11.395738860591791
5645,99,125,23.919474158663064,28.73941494083223,19.564580962593926,9.866961532541533
5646,99,126,14.682097147387623,19.624759873074524,14.560628161434385,15.679078491690127
5647,99,127,19.55507757891627,9.403731351199411,13.285256221643724,16.78226570562752
5648,99,128,25.537070304933533,14.218485295512721,18.816645748006962,22.35188486622296
5649,99,129,25.301675462060004,14.095382528905159,19.51017209834779,28.62329700072953
5650,100,124,35.275141308427706,38.107352012333315,24.728515104197445,15.808442863016763
5651,100,125,22.225424972581934,30.712277550887077,20.250686870699415,11.702822594292035
5652,100,126,14.298948230882775,21.066961420547823,14.852478179796497,16.289824598433146
5653,100,127,19.993429741220826,8.618014636208951,12.791183167982407,16.854194324575122
5654,100,128,25.946999844791037,12.992307644835876,18.355153894703363,22.942442398752988
5655,100,129,26.00926468630199,12.91607853089335,19.11846207279898,29.201715767904812
5656,101,125,21.787335857855997,30.883863163265406,20.84909928685735,13.715251284683452
5657,101,126,14.208298557230943,21.1195902255949,15.121617762935452,19.703400330062845
5658,101,127,20.168213656060598,8.680046808184892,12.405336254706263,18.153214704111548
5659,101,128,26.110953914995612,13.142254409921732,18.011687516134682,23.808792270618838
5660,101,129,26.25802120503397,13.040167281101235,18.84414366585911,30.50050678426203
5661,102,126,13.93626170132361,25.92654997793246,15.49005402875957,18.829326483540566
5662,102,127,21.22001662514409,8.06405325745161,11.933406986327622,19.948807689397878
5663,102,128,27.09313117523244,9.705342848382065,17.58485178762465,25.504812902137854
5664,102,129,28.097886070713248,9.782434767591129,18.503245879776642,28.85216288172409
5665,103,127,25.07229788192645,10.756328403205153,12.074073563112346,19.69532342222621
5666,103,128,30.67686149944468,8.093632664114661,17.81979793960706,23.82900973797293
5667,103,129,32.82888919955334,8.16663770393028,18.777613895378117,29.174729614829403
5668,104,128,30.9106110212332,9.042152788328163,19.005217505383367,22.519935088246225
5669,104,129,33.00902876425675,9.137523506995073,19.91665392329947,29.201543028867547
5670,105,129,35.599467041484715,9.487580405896248,20.847910934738703,30.587980598468413
