,t1,t2,AR1,HW,theta,RF
0,0,36,0.20498270013563372,0.28583660336067435,0.2921833664344788,0.21061366774620024
1,0,37,0.14907170255867538,0.20157871099602762,0.21728654056168104,0.16568365150872158
2,0,38,0.15061200814323372,0.04821553906484793,0.20526002293030612,0.1610566483374824
3,0,39,0.1695053904309572,0.05358723846224351,0.22056387997819102,0.11385953277974915
4,0,40,0.16569086367292551,0.16346816393245897,0.20274661779918846,0.11472974977192625
5,0,41,0.17794389820513626,0.15550608386260675,0.2121209315900864,0.13836787347306495
6,0,42,0.20848883086264317,0.12959905339316832,0.2530854551203731,0.20250959887708048
7,0,43,0.15376939051402988,0.1964121978844571,0.14765308508595806,0.1466223259870829
8,0,44,0.19697225514317562,0.025567440365505262,0.222263444043286,0.15959965390544034
9,0,45,0.21344116679255065,0.1524803909715395,0.24552097193897474,0.16163385861263618
10,0,46,0.1953515810882604,0.057159430577265816,0.21063185905595333,0.16264214122857965
11,0,47,0.1752105754730161,0.03951474630743344,0.17284516820921123,0.15656557823084286
12,0,48,0.15496938645629474,0.1526728692529724,0.13517356442537748,0.1559543366130139
13,0,49,0.12256899635234628,0.09959823250388024,0.07364169760950362,0.15107385308294943
14,0,50,0.12765142375481198,0.06357964312084351,0.07709802085165288,0.154639396768643
15,0,51,0.1310605559893454,0.06660674006227948,0.07880699351698363,0.14047705249272108
16,0,52,0.13512421857666437,0.04639334617178341,0.08255890058404737,0.10127315657370783
17,0,53,0.13585990866582703,0.11791804890685756,0.08419792552445968,0.10007073458419781
18,0,54,0.14787664224102257,0.18851083370407462,0.11050309943152695,0.1068702706948191
19,0,55,0.0930649260569549,0.24128732295158797,0.08973678398336248,0.0842633527380372
20,0,56,0.11598970900992941,0.10948414439416027,0.07369011586617301,0.07843890591436715
21,0,57,0.13695993673402057,0.10580863174828908,0.11504863184537825,0.10081338429099428
22,0,58,0.111613758607576,0.15119107385367733,0.09466557723172415,0.1050547802084336
23,0,59,0.10185165460068624,0.04869989619790538,0.10239713240053493,0.11710592731648505
24,0,60,0.08972298011901632,0.04069344239971976,0.11872404325657553,0.13524011546022519
25,0,61,0.09129081611244863,0.1593218127983452,0.1982869791930573,0.1333901683373643
26,0,62,0.09174498806247738,0.05280073224876797,0.18436064033082825,0.1491981988654832
27,0,63,0.09271227014144338,0.08737687537023482,0.17289438403180907,0.16829749229122798
28,0,64,0.09333495983148622,0.07998274308881156,0.16140367399874037,0.17471458146372074
29,0,65,0.09016464608553061,0.10808673783315477,0.14227041162502777,0.18271209654415402
30,0,66,0.07827580925750828,0.07791870481665214,0.09352003584577039,0.19531392317073223
31,0,67,0.12119629354671832,0.03187978845982911,0.1767044170777265,0.19431104680065672
32,0,68,0.07301524422013521,0.05317334821907112,0.0734661660911906,0.06418264891174648
33,0,69,0.07026685413685389,0.07072667801207258,0.06907716918474707,0.07498693451700102
34,0,70,0.0837052468039813,0.07461688701864447,0.07101717818151593,0.08958534659047092
35,0,71,0.09541768438995157,0.1743403380004222,0.07888516833127489,0.09889390343967745
36,0,72,0.10377814761623126,0.18039637624690097,0.08214368296932448,0.10345930586764128
37,0,73,0.13249789136704437,0.018095441288567264,0.14835001718831756,0.23499936049474907
38,0,74,0.1304913803489084,0.022171504697532617,0.13803112132147746,0.23492316810413438
39,0,75,0.1279197843739304,0.04811976784415143,0.12782037790034256,0.11954410327374194
40,0,76,0.1194116330435082,0.021874658935394985,0.10802463113623764,0.12040177692586
41,0,77,0.10592137325418481,0.03120070491845676,0.08228629302660943,0.12328398305477899
42,0,78,0.07126333188643218,0.0719583492862902,0.05347804659894049,0.05587843321088644
43,0,79,0.11493428295336253,0.07660608477922877,0.09725033948680556,0.12436394806406834
44,0,80,0.07272383024949902,0.06798976269361727,0.048833841893530586,0.1163536007481455
45,0,81,0.052282803087674766,0.11214248886622666,0.07186181939997241,0.07424989405950451
46,0,82,0.048843033967042225,0.10958518912415702,0.0824511429639576,0.08778811333138371
47,0,83,0.04925462204358107,0.20772819394151423,0.09746798162399158,0.08758639028429308
48,0,84,0.048667948297423616,0.18758767947740268,0.08092391639091154,0.08461568136441128
49,0,85,0.07889501870321881,0.22171735222788924,0.07990846759940821,0.09759114815487567
50,0,86,0.08431607747249674,0.1516393933587668,0.09399799502232985,0.10455388604852807
51,0,87,0.08848352107164183,0.11662078381600537,0.11066545040756774,0.10507996538370704
52,0,88,0.09308287824030476,0.09300510674190932,0.12392411780923894,0.1070402221403443
53,0,89,0.099154259975001,0.06304548885401556,0.1422073080414544,0.08620087643660014
54,0,90,0.11842335365708828,0.052792371425164596,0.19193900692995938,0.13792955412573077
55,0,91,0.0994719351318321,0.06166746780467793,0.11489306278615187,0.10705257705053078
56,0,92,0.12467208599715107,0.09710024021445406,0.18914204328176112,0.1508112009093919
57,0,93,0.13670684824144916,0.10014832616329544,0.20580806874392277,0.15854874766678428
58,0,94,0.12731495004226143,0.0648114680206959,0.1782285626935436,0.17014485795996998
59,0,95,0.1359119675011961,0.0429089491505861,0.1725243353554729,0.183598820270217
60,0,96,0.14283624815557597,0.06510234673662474,0.15944147205080297,0.15096292675139017
61,0,97,0.14121744160912691,0.21243534119680668,0.11594212297931647,0.10730668053173407
62,0,98,0.19944605039858726,0.15600113289383286,0.17144628679549082,0.1368253494747942
63,0,99,0.242059644616655,0.14055397823662535,0.21087891339847473,0.17317092928401376
64,0,100,0.28091491540601304,0.19406967244947923,0.2521760008732671,0.20409033371286378
65,0,101,0.3097036077542364,0.17550638788757852,0.2825081841120107,0.22287725976050463
66,0,102,0.34821150521672056,0.217901981946399,0.35175740551392704,0.3578223612608374
67,0,103,0.33848204838256085,0.28453801863600275,0.29226197296025447,0.26150412863957645
68,0,104,0.3744373196937503,0.2232723379418341,0.36003230080800597,0.3904410448763929
69,0,105,0.3867165948031241,0.10921934259291675,0.3777569391346769,0.4079105610228175
70,0,106,0.3752347247927185,0.10242920394548845,0.3420665375696519,0.30131847183462024
71,0,107,0.32904368015707036,0.24330244547252702,0.23519149143217916,0.2729265653436008
72,0,108,0.31165944204866675,0.15897980768109266,0.18820114136726848,0.28493751940442835
73,0,109,0.2653295614032207,0.15667724566713043,0.09780839130350352,0.2609080765756397
74,0,110,0.24194958948611825,0.3360017049551256,0.08981268903748311,0.11949068084807118
75,0,111,0.24204277840027846,0.32381803966856715,0.10134767060749411,0.10657563271792064
76,0,112,0.2493870274629722,0.24771711134871272,0.10447712435629239,0.11082224387901543
77,0,113,0.2691897086246384,0.12709974564757887,0.10853636316042886,0.11251265521068167
78,0,114,0.29792270511656055,0.09437018288425167,0.14029751554021078,0.12463981142523575
79,0,115,0.26399688162577417,0.09975430577232611,0.10581316168310335,0.13345211006428717
80,0,116,0.3292777185340977,0.1779963097719949,0.1871831620800851,0.14110277498922102
81,0,117,0.33625001539141697,0.03293487598451185,0.20462576856867998,0.154855334460385
82,0,118,0.31441929614257047,0.028201515531779044,0.17373012040841315,0.16351739278129715
83,0,119,0.27976754383614355,0.05548239943570897,0.12758650510405728,0.14295295085589016
84,0,120,0.24073186709969913,0.07549983304234155,0.08232299738825181,0.12624096722730727
85,0,121,0.1572102554572612,0.11425839591264929,0.07850339358133535,0.07968927725681382
86,0,122,0.16211241790218262,0.0910326516153014,0.0813454442594105,0.058424735945076786
87,0,123,0.17293132396131186,0.07172235596406738,0.0766747884390136,0.055859682654062326
88,1,37,0.14409695584402496,0.1718973872751169,0.21228611777049108,0.14849957716471096
89,1,38,0.1477194965159905,0.04028459961454194,0.1997881839790475,0.11457553043623664
90,1,39,0.16600590826582612,0.04809150947711227,0.21470317209586515,0.12110483337807063
91,1,40,0.1642687594350097,0.12769590542948092,0.19667493571986425,0.1299977867845006
92,1,41,0.17603089403781977,0.128133529506463,0.20583243130877302,0.14108410704689478
93,1,42,0.20312252267677566,0.11356022189115297,0.24676412504107623,0.14684279556370078
94,1,43,0.15823773335257527,0.17555081651407786,0.14196564054287344,0.15723358217405212
95,1,44,0.1955622481951255,0.02600720171944569,0.21581626554473304,0.16280004189498928
96,1,45,0.2100161671246397,0.1471348819327071,0.23932642439094834,0.1697203491539696
97,1,46,0.19478846447583473,0.05770746214162352,0.20464465852146152,0.16544988392039023
98,1,47,0.1773558527058398,0.021523406947913423,0.1670544890765137,0.16494417279294393
99,1,48,0.15954149635868667,0.10946151674933158,0.12956601597925346,0.1551648487825166
100,1,49,0.13148281653308921,0.1012522161290962,0.06931436249602801,0.15879865217725256
101,1,50,0.1361329801876918,0.036480346814327554,0.07293605344744786,0.1629396458561333
102,1,51,0.13912575822342188,0.07031181794985077,0.07461871710663906,0.17571058988712493
103,1,52,0.14256523081284145,0.04276328237627135,0.07808745562126974,0.18585018151947963
104,1,53,0.14275360435836043,0.09927771680330713,0.07974247307406065,0.1843852717544428
105,1,54,0.15250702329709837,0.16864405999733184,0.10602602695289208,0.18932279260018708
106,1,55,0.10106888470615069,0.22659680389917772,0.09293818649798981,0.1566057699277306
107,1,56,0.12196214941803102,0.11299756037761369,0.07145965425863413,0.16720902077046496
108,1,57,0.13975647784289982,0.10167337066234035,0.11251210354948882,0.17307479514745697
109,1,58,0.11551010387457626,0.1446666854019796,0.09523652945933936,0.10067009845224216
110,1,59,0.10480127786971791,0.05749115917666361,0.10476235702638928,0.11211830148939658
111,1,60,0.09061907617357907,0.037581752686294566,0.12252938071780817,0.13357251258739
112,1,61,0.08229862457899892,0.14782774681942354,0.20293771833299923,0.15334981810015866
113,1,62,0.08377886675358923,0.09957623097335466,0.1887727635013322,0.16831605141507322
114,1,63,0.08568890866510456,0.09652790227295122,0.17706792919620643,0.17932335633324925
115,1,64,0.08736297083575875,0.07727895725987835,0.16535368746672707,0.18601008640373118
116,1,65,0.08576150523493971,0.09614074395441427,0.14599478029731017,0.18664807492398502
117,1,66,0.0775135744062823,0.07019197387917638,0.09661300375580661,0.19060986773788297
118,1,67,0.11636513142851147,0.041876082646400636,0.18020566627257,0.19661800940072446
119,1,68,0.0735943952592173,0.07481918294305748,0.07617866716207156,0.08587326742236379
120,1,69,0.07162539044561121,0.08734810607656442,0.06844759048368541,0.14549452181415753
121,1,70,0.08582800073825066,0.08353198936734044,0.07190739782452522,0.08498983765357207
122,1,71,0.09801304575018885,0.17416165283834,0.07985339473060946,0.09638171909460454
123,1,72,0.10665135597914682,0.17965744902123548,0.08411317092784079,0.09889205556545072
124,1,73,0.13137482545000612,0.020417316964644393,0.15143796417461852,0.23706161153570987
125,1,74,0.13015603615491886,0.03161163006508141,0.14088630095959936,0.23732070287625048
126,1,75,0.12835999857238878,0.06766305995791347,0.13044157633057307,0.12140506540576722
127,1,76,0.12110514453612993,0.026674717792686296,0.11035247295489929,0.11925655535336604
128,1,77,0.10916305515759553,0.027919564681296725,0.08419400058949993,0.1206051531263512
129,1,78,0.07780645911292297,0.07787301445185438,0.05236063324858897,0.05723559668495003
130,1,79,0.11716569351691834,0.09241772533137266,0.09894887740547686,0.1275217478662607
131,1,80,0.07848793040347152,0.055728805952089365,0.048268604830100245,0.11646956021884726
132,1,81,0.05811543965960459,0.1107140217133515,0.0698896551759505,0.07632059674980608
133,1,82,0.05319637119882376,0.10280078359343608,0.08050376705700842,0.0804295166374326
134,1,83,0.051227730272404716,0.20320844691359385,0.09552074902790578,0.08344996111020357
135,1,84,0.051387216314315344,0.18700690984693802,0.0791452182819693,0.08356266500049518
136,1,85,0.0805443293393768,0.21756828868501848,0.07914611109298243,0.09241100781032885
137,1,86,0.08502083314783197,0.13647034848395323,0.09293892323201498,0.10192659833371644
138,1,87,0.08806742357569972,0.11405412839993267,0.10923699209241225,0.10369997627618213
139,1,88,0.09163670703720612,0.0971606783940533,0.12233155635671071,0.1076683484002591
140,1,89,0.09627235357902032,0.07067147716040625,0.14048315852089346,0.10102996936225894
141,1,90,0.11193262617116241,0.06070526584037636,0.1901525970375159,0.14173080134703642
142,1,91,0.09853992184231582,0.06840516209033545,0.11365727170151187,0.10490586370991399
143,1,92,0.11864007088250737,0.1016462286179461,0.18723227668526907,0.15754594264831
144,1,93,0.13028150395922156,0.08902793601023279,0.20416659704726858,0.16775894842911915
145,1,94,0.12295312071684443,0.06502081969766865,0.17679565263689842,0.17529736000110946
146,1,95,0.1330011809664086,0.0425702122675674,0.17110908993892116,0.1855212910517244
147,1,96,0.14183978995743574,0.06349554556741802,0.15809950156684893,0.1540888903893429
148,1,97,0.14415156734476697,0.20668830367137228,0.11553016484754376,0.10780850640622612
149,1,98,0.20183397173980863,0.10868392439655106,0.170220684145558,0.13847593408631295
150,1,99,0.24470598446091452,0.15303589558302028,0.20959747237384144,0.17069128366016725
151,1,100,0.2833715796274206,0.21050149271623878,0.25076786160021863,0.20370902496580526
152,1,101,0.3120996696295191,0.19320328067335482,0.28106289195914014,0.22845000874357563
153,1,102,0.3481468573360183,0.22634421712018649,0.35017068077120034,0.36220502079025335
154,1,103,0.3428075395031671,0.29680592705699793,0.2910537286551699,0.26209165028608344
155,1,104,0.37573556857509505,0.24230652605140673,0.35850772422867594,0.38804421330704986
156,1,105,0.3878662881550906,0.1108383495909385,0.37641046660685623,0.3834457595420676
157,1,106,0.3787702012353982,0.09271102647246553,0.34093268306553715,0.31741496342440095
158,1,107,0.337901740205099,0.2946404460707878,0.2343050179621752,0.26874942654465145
159,1,108,0.3224948549601446,0.23497627066668034,0.18720866711403225,0.2823247875530217
160,1,109,0.27986913228965105,0.1835465930227262,0.09715015423936846,0.29327621246561103
161,1,110,0.2565319671108281,0.36916638754528835,0.08965956753472552,0.11705243488060384
162,1,111,0.2551841139050224,0.37389079607344705,0.10124648510542965,0.10755572180176366
163,1,112,0.2612315974208296,0.26171146937939793,0.10418620211755873,0.10784338023817208
164,1,113,0.2799796416185849,0.10122468760692745,0.10775581246501784,0.11556157597536883
165,1,114,0.307456410576348,0.050435983070316416,0.13917248620185213,0.11966028961379256
166,1,115,0.2737711552753673,0.18008003576929732,0.10509258458048533,0.11963310789671529
167,1,116,0.3371756121321192,0.2666760731248325,0.18584127341643344,0.1369651146002115
168,1,117,0.34359260601732294,0.06330901498368115,0.20348534871157367,0.13744163101778004
169,1,118,0.32211086837225267,0.029290001247068716,0.17273791607666875,0.14570435031103804
170,1,119,0.2877797567975945,0.06495541027476975,0.12672174972863656,0.1390042765974764
171,1,120,0.24867782732933635,0.0895260318979945,0.08167863009370863,0.12150873717246136
172,1,121,0.1641791426202372,0.12819342197075326,0.0793132644559044,0.06350756713184723
173,1,122,0.1678452412038596,0.11090133345436005,0.08198013095015182,0.04610686003516981
174,1,123,0.17787983779749442,0.07556363074032159,0.07704725192860405,0.04122801415850412
175,2,38,0.14546706022435038,0.052874150313284164,0.1922825027187445,0.1700026355549315
176,2,39,0.163252247557581,0.06934394564685939,0.20691324552552387,0.17328845739152968
177,2,40,0.16319528909901018,0.15982126668771257,0.18882081693939493,0.2211838258607635
178,2,41,0.17456396484472897,0.1228940454942168,0.1978542343344287,0.2292182823812455
179,2,42,0.19882243992273674,0.08872912537679306,0.2388601192368283,0.23762824175681
180,2,43,0.16197500535122705,0.1496764235816788,0.13508581850619422,0.23760433826738162
181,2,44,0.1945199037854633,0.024194577961984428,0.20798606623067067,0.24576729415060708
182,2,45,0.20728750621409092,0.11228738745013019,0.23188647167938214,0.2163399999919709
183,2,46,0.1944761156222979,0.04467087098734747,0.19753553944998306,0.1773097311263632
184,2,47,0.1793364871977709,0.03803080739252653,0.1602607470615735,0.1685638426037885
185,2,48,0.16354905120294738,0.13841541782657665,0.12307414554471113,0.17653011825090995
186,2,49,0.1389853226008856,0.08971080281362892,0.06468614637824262,0.20348852600466613
187,2,50,0.14314551870623438,0.033943276269344146,0.06852509507013098,0.22539397897846775
188,2,51,0.14568501465725486,0.11029157639578617,0.07017680686232629,0.2539751032556527
189,2,52,0.14854673117957326,0.0415437725523041,0.07327131115552957,0.2672301407316448
190,2,53,0.1482569703935118,0.0948777130362486,0.07494197166145705,0.2736532950760132
191,2,54,0.1562704713201587,0.15021383167481064,0.10113407642349506,0.2771113744101502
192,2,55,0.10769825322199032,0.20289500391579132,0.0968098175956648,0.2688925609589375
193,2,56,0.12680460248465558,0.09555587900756976,0.06940806711505022,0.2609133884752139
194,2,57,0.1421369150822581,0.10308117107236431,0.1099256800497314,0.2799128335805251
195,2,58,0.11888171218709881,0.14531413756210937,0.0962009801891428,0.21991032023690704
196,2,59,0.10755004150151648,0.06030735967161104,0.10759948524955798,0.11250407273632736
197,2,60,0.09200131155635037,0.039666823998401504,0.126817847867493,0.12732950455688397
198,2,61,0.0764561514131552,0.16430794822952946,0.2080545533265188,0.15962231078443304
199,2,62,0.07837147496157561,0.10376422133491234,0.1936265356607697,0.18291582706871579
200,2,63,0.08077443987346347,0.12820927907008356,0.1816540762703884,0.19068079629784387
201,2,64,0.08309803209892673,0.09065929039373609,0.16969024782040995,0.19501220267326658
202,2,65,0.08256287743304302,0.09377805852682015,0.15008227176071143,0.19691313392973012
203,2,66,0.07690210082433888,0.061702028026869464,0.10006435135160548,0.1994611830473887
204,2,67,0.11280403350373583,0.054731204067396344,0.1840181169741594,0.20250496476492594
205,2,68,0.07394400944966911,0.08814545352689554,0.08007725737052564,0.06535320513504807
206,2,69,0.07270160539341014,0.09675309689986256,0.06799741232375411,0.07312638534829313
207,2,70,0.08733604444471689,0.08870600998915841,0.07305614378385283,0.09009695500424005
208,2,71,0.09984598313844117,0.17440190353177965,0.0810491179278292,0.09694245322009047
209,2,72,0.10864652206726158,0.1800858036865852,0.08632155521206783,0.10179130111067425
210,2,73,0.13045485745219215,0.018777618803732216,0.15474712268028998,0.23918066154901924
211,2,74,0.12980849646602477,0.04510297117883357,0.14395424509749688,0.11058310409652669
212,2,75,0.1285890152754923,0.09775070413908198,0.13326152044071524,0.11607668936978925
213,2,76,0.12228024526236782,0.025304691134457737,0.11286834205664022,0.11958965698879316
214,2,77,0.11151569216997595,0.027875547290834756,0.08628484175365121,0.12068497938545546
215,2,78,0.08276636308511214,0.08052153785102897,0.051309979146790176,0.05244211377018637
216,2,79,0.11878742443397654,0.08784354738332255,0.1006204931370222,0.12715555468374276
217,2,80,0.08287380800474249,0.05255458567638301,0.0479141956942412,0.1204281979919623
218,2,81,0.0628714578020144,0.09734879776547307,0.0675404491515182,0.08310400155112917
219,2,82,0.05703781970235328,0.11234218840083467,0.07841945180473396,0.0838140113091181
220,2,83,0.053573464402490424,0.2059990752891122,0.0934330014452028,0.08630383436364808
221,2,84,0.05393374220070362,0.18624731762580926,0.07747721695149963,0.08691423773841335
222,2,85,0.08188951084923476,0.2166991911847636,0.07843917084219693,0.09048757887498783
223,2,86,0.08572123719650805,0.13302069557247614,0.09186790959978912,0.0958572317393702
224,2,87,0.08802650660368604,0.09698873382915657,0.10774404405170611,0.10930982252266466
225,2,88,0.09086704956833032,0.09052223654777665,0.12066398768114302,0.10530800301155822
226,2,89,0.09447640645669737,0.06984786851206892,0.13864806625437562,0.09621750436268146
227,2,90,0.10754350052740624,0.0629214462125725,0.18815424962325783,0.12719890951046842
228,2,91,0.09794503100627981,0.07219329824813482,0.11279921477019385,0.1054822609037413
229,2,92,0.11436230962121688,0.10642465586644771,0.18468650479934232,0.1472480359075564
230,2,93,0.12567301484484714,0.08584880872357638,0.20235068206734436,0.1600746585181783
231,2,94,0.11982295167770662,0.05718356720435762,0.17559142294105756,0.16524609220536127
232,2,95,0.13094196399077151,0.04136841958762773,0.16986814822033847,0.18281233912719438
233,2,96,0.1411825210448798,0.06408966550629817,0.15700973695958276,0.15205995403608716
234,2,97,0.14635369012306446,0.20952183526280657,0.11498139473176403,0.11046444481362114
235,2,98,0.20360372750577477,0.13823867031243944,0.16882580048728224,0.13589485892908382
236,2,99,0.24665172043561837,0.12580590440061154,0.208272834015842,0.16448788017862584
237,2,100,0.2851882314690391,0.1879453797580187,0.24925692031414257,0.1878946145087928
238,2,101,0.3138836470297671,0.17652603261929717,0.2795311768174073,0.20738738532409762
239,2,102,0.348173845937927,0.22262836807644787,0.3481633974447487,0.36370999849240165
240,2,103,0.3460241504370754,0.2911738947896849,0.2903041290300854,0.236841080836824
241,2,104,0.37677412498807955,0.2310538824378155,0.35656703475804236,0.3974263955306498
242,2,105,0.3888011896894058,0.11722789431857822,0.3749413657690482,0.41096326302943664
243,2,106,0.3814874945968825,0.10886390011542493,0.3400966959208154,0.26308556662484506
244,2,107,0.3444916545399366,0.2335613494772894,0.2341819489222934,0.2636756858526615
245,2,108,0.33030423192997077,0.1568001937388283,0.18658200666461452,0.27813668916610096
246,2,109,0.289402932565094,0.15705531642771073,0.09693881656965879,0.28356470833596825
247,2,110,0.2647353792465786,0.34981472744050457,0.08949370907222687,0.11824905089872838
248,2,111,0.261409352644077,0.33888825727979466,0.10114376092790427,0.1053804707324386
249,2,112,0.2660043447232951,0.2537703166293155,0.10390474060076937,0.1056818264589095
250,2,113,0.2841053059401127,0.12888599653384372,0.10693987173516306,0.11324508192753303
251,2,114,0.31129629472227144,0.09281552524714745,0.1379477269394402,0.11835527778141017
252,2,115,0.2764594611700497,0.10314214507065542,0.10444185881816091,0.12441471109737297
253,2,116,0.3402057258985057,0.1824640942165936,0.18395500239881699,0.14216632746593247
254,2,117,0.346296659450213,0.03677913580216926,0.20223673764167352,0.15064029587131994
255,2,118,0.3244864724324128,0.030132014217996276,0.17190048827255175,0.16092589022627624
256,2,119,0.289477661158162,0.052498738437329474,0.12608203498094123,0.1440545219250384
257,2,120,0.24920116234057582,0.07369573216667402,0.08120062284268288,0.11924885255612447
258,2,121,0.16135057794532118,0.11396731888771428,0.07999163703210467,0.06766071921321441
259,2,122,0.16427301060352123,0.10235687139379696,0.08264213959811716,0.05044991085543164
260,2,123,0.1739624386650546,0.08332638898100073,0.07745624638243617,0.039922170167357045
261,3,39,0.16158921858813463,0.08492251415367413,0.19783343022583658,0.19302207302911137
262,3,40,0.16280551660052234,0.15300743649127346,0.17979172719902162,0.20546534841905403
263,3,41,0.17386660331000098,0.11648057040141988,0.18876638573613413,0.21407168595732531
264,3,42,0.1959072416438578,0.09187225473793986,0.22992745096867628,0.22851021865973148
265,3,43,0.16524665092329813,0.15348225533643178,0.1275511876278202,0.24145120308943294
266,3,44,0.19415327976441132,0.020914601964234822,0.1992787853279844,0.24445027727492108
267,3,45,0.2055583572358928,0.13192589060146268,0.22368074699517831,0.23739665860315748
268,3,46,0.19468531529424002,0.043352961124849876,0.18976272255868679,0.20791179320571618
269,3,47,0.18137974485645994,0.026409096256151527,0.15290429539799447,0.17534365661786674
270,3,48,0.16716661476184136,0.1157835382481293,0.11612860800992915,0.17225081135562761
271,3,49,0.14510687644666384,0.0690968216730831,0.06027356858461966,0.2140358996524942
272,3,50,0.14867865713950998,0.03327927449061141,0.06433585138182607,0.22696013210318927
273,3,51,0.15070130018442546,0.10872738330655914,0.06592121866273744,0.2456620912193247
274,3,52,0.15302561897754358,0.04194716599701242,0.0685202486760913,0.26363136944114324
275,3,53,0.15230971837227864,0.09373007519166367,0.07018026809822143,0.2766335375747497
276,3,54,0.15915088778233757,0.15447866650872372,0.0961549407474353,0.289397888671144
277,3,55,0.11221217696007471,0.21045048762615218,0.1011887560084193,0.2956849531466446
278,3,56,0.1303619984963889,0.09715724205390068,0.0675520720971015,0.28899182819867997
279,3,57,0.14404468308881122,0.08656524206296776,0.10749831566467158,0.2996923096898545
280,3,58,0.12145557740253647,0.13493019600326728,0.09757595894027668,0.2520134968065677
281,3,59,0.10968269379340045,0.059238546629105306,0.11079373921584766,0.1166982200346596
282,3,60,0.09324636033781965,0.03995568225317824,0.13137995069736802,0.14711159666444365
283,3,61,0.07339653215340088,0.1642880171876741,0.21338457090864754,0.17821481334327044
284,3,62,0.07544344445969355,0.09324118335273265,0.19869131885748847,0.18645857026738508
285,3,63,0.07806643815535413,0.129868437771507,0.18643485990976152,0.192453182928708
286,3,64,0.08071584052347426,0.09353903315599217,0.1742078354216997,0.19606897844287424
287,3,65,0.08072394859714875,0.10279671984496969,0.15434138308759557,0.19747547982355068
288,3,66,0.07645127862887513,0.06701399086145382,0.10370808864336067,0.1950291105340147
289,3,67,0.11070977659324198,0.04300081318330219,0.18776751444506987,0.1992805151373095
290,3,68,0.07402302568241412,0.06638730066802669,0.0856111651640149,0.18910811825228005
291,3,69,0.07329819638659646,0.08255137260189416,0.06772479028867696,0.12639027156862148
292,3,70,0.08812113537170557,0.08359368339281413,0.07441924280404293,0.08842851155512364
293,3,71,0.10080685437757095,0.17770907554920537,0.08242295419110691,0.09872128675116944
294,3,72,0.10967587893189358,0.18011495641957515,0.0886318180323905,0.10253700969319485
295,3,73,0.12972547166052803,0.018867931329373432,0.15788652726382163,0.23536637610207625
296,3,74,0.12942338880155932,0.02350447393658709,0.14716712726628622,0.2392347559545834
297,3,75,0.12855840825666157,0.09789857121639817,0.13622020556516728,0.1125564823428527
298,3,76,0.12283804710221431,0.03772189929204582,0.1155368438109889,0.11260088091588687
299,3,77,0.11280731268924202,0.02819748001686202,0.08852437088588333,0.11569472210654705
300,3,78,0.08566648378668723,0.08650233696467242,0.05039653919351938,0.06045081210331264
301,3,79,0.11966455663696321,0.10090264891327154,0.1007070320946481,0.12398909805551568
302,3,80,0.08550783865246728,0.05082605418445263,0.048004782918009054,0.11651141478500221
303,3,81,0.06576509772220474,0.10773347442972933,0.06474812907152748,0.07673962385934806
304,3,82,0.05939753552830146,0.10685030440134496,0.07622703976071059,0.08349196492014667
305,3,83,0.05512932243350766,0.2115755268570493,0.0912406506601168,0.08844756376165952
306,3,84,0.05549732847274916,0.19086852557165201,0.07618127184382434,0.08536203034343574
307,3,85,0.08268585790463338,0.21776289643143598,0.07787661547581037,0.09485846341627509
308,3,86,0.08618362550098349,0.13208889480249555,0.09086317775470118,0.10098939531516396
309,3,87,0.08811522951495822,0.09545052739685368,0.10623189380414065,0.10822771284397477
310,3,88,0.09056494726489767,0.08871081495075092,0.11898448356140807,0.10546216906053774
311,3,89,0.0936146701617423,0.06791193540916031,0.13669147962110553,0.09936067998695162
312,3,90,0.10526507568273293,0.061650071904963334,0.18537400479640356,0.13697678472659294
313,3,91,0.09768232989314124,0.07177428725188077,0.11256750974027509,0.10746439171378398
314,3,92,0.11197349329123389,0.1069599890251132,0.18136191973746665,0.15625043151191734
315,3,93,0.12308764251129868,0.0861899219653296,0.20035533260937666,0.1624478742176821
316,3,94,0.11807732026111785,0.06312314888365089,0.17480998415931084,0.17249512332413713
317,3,95,0.12982916136453923,0.04163922596805228,0.1690255969022209,0.18673577960831766
318,3,96,0.14090032147457726,0.0642625690538673,0.15641880884527418,0.1510100103060817
319,3,97,0.14775223082347846,0.20900249976528112,0.11425649030188169,0.10543391748673048
320,3,98,0.20475917667988572,0.11028649154782719,0.16731392433032136,0.13624069849729162
321,3,99,0.2479037881744025,0.1450870025385014,0.20697118891687558,0.16332695553493295
322,3,100,0.286370049876913,0.20539731924636798,0.2476978326183361,0.1863036759893077
323,3,101,0.31505230376620735,0.1924939794094208,0.2779734994016513,0.20452707466464187
324,3,102,0.3483138281255823,0.22875386649437143,0.34564317211761153,0.3555823742420679
325,3,103,0.3480787465344344,0.3011866249794251,0.2903324782648823,0.239610589032441
326,3,104,0.3775455258163571,0.24618561004506678,0.35416427479711765,0.39744524040647594
327,3,105,0.3895101641759423,0.11277302086900526,0.37336668442591975,0.4084297539111339
328,3,106,0.38329565713891206,0.09384558354038977,0.3397658479669065,0.40007392339370407
329,3,107,0.34852786009284836,0.2959908113630523,0.23532358809077603,0.2657098810005326
330,3,108,0.3346922573573244,0.23586848494772833,0.1866109800360296,0.2838427942497895
331,3,109,0.2932553173623041,0.18483459826882218,0.09746362830553307,0.2626635759188903
332,3,110,0.26563251744947325,0.36937956971987956,0.08927948718757528,0.12770703451557955
333,3,111,0.259764781946723,0.3837278548333422,0.10099958396177304,0.1073212016861903
334,3,112,0.2628683618265329,0.26822767807932213,0.10364812393539032,0.11430585078915353
335,3,113,0.2809408726569984,0.10135052256304951,0.10608046488542063,0.11638484301416542
336,3,114,0.3090073964269523,0.048117564615255286,0.13637208048521587,0.12409806041373375
337,3,115,0.27155465579190696,0.18581507287277504,0.10395715504293672,0.13379078698048094
338,3,116,0.33808765268283986,0.27180994260499564,0.18138283170665462,0.13849373094651507
339,3,117,0.34411194322083466,0.06604038566339998,0.20087755290127016,0.14873887150427337
340,3,118,0.3212975634859286,0.02976173363176497,0.17133062656358503,0.1616440292094909
341,3,119,0.28462903784545035,0.06462538853696538,0.1258397113589889,0.1507535409713883
342,3,120,0.24212232745818285,0.09015494180565205,0.08106930924001474,0.1376548487453886
343,3,121,0.14871766071554432,0.12944659093120892,0.07989896030844881,0.07070081546203544
344,3,122,0.1516348867657918,0.1114488604816483,0.083284888794935,0.049364948934375576
345,3,123,0.16156765884857271,0.0826971402308711,0.07791595660030488,0.04311093345830311
346,4,40,0.1629727470617378,0.14393882176981515,0.17023564136392774,0.1774897791859636
347,4,41,0.17390273294870381,0.08567593686708191,0.1791808516988649,0.1940462412858662
348,4,42,0.1950240955782057,0.08221520772744331,0.22054425130249566,0.1979862584344305
349,4,43,0.1668366597678619,0.1585960474270726,0.11989818604514174,0.2228786694957044
350,4,44,0.19435518528739473,0.018237887156332063,0.18989043127112096,0.23029309368146011
351,4,45,0.2051051921793002,0.12404059217278254,0.21518765893336253,0.22661176363062427
352,4,46,0.19514102353150553,0.05294818335057402,0.1818068617395092,0.20701211431755942
353,4,47,0.18264806355075927,0.03410119102204901,0.14543255378252715,0.1933997967201158
354,4,48,0.16900318606005615,0.13810261365447427,0.10915782189770575,0.19153767102540686
355,4,49,0.14729016150595042,0.08922993337490369,0.05654992336935336,0.22139821397100395
356,4,50,0.15016762137589326,0.03169995309152722,0.06078616788669618,0.24059800798915115
357,4,51,0.15163264510997582,0.12361077296471276,0.06224208493445776,0.24379638889277663
358,4,52,0.1535809034319424,0.039072936655904444,0.06420736394275053,0.24785319255297325
359,4,53,0.15258424746137442,0.07782028551601211,0.065805434654865,0.262632850599859
360,4,54,0.15944569635507483,0.14965008001487742,0.09138322271899453,0.26912785115310084
361,4,55,0.11113215495345188,0.21293325562281087,0.10580700193860935,0.153408289873006
362,4,56,0.13057546822870392,0.10175991063386418,0.06595932534876825,0.2314933974440915
363,4,57,0.14429648918984248,0.09213169552000597,0.10428473028949757,0.24464097223651748
364,4,58,0.1216172113122056,0.13991715451963652,0.09940054231036606,0.12751097209758092
365,4,59,0.10969426275942638,0.056086561240904415,0.11408286092683531,0.11405867181396132
366,4,60,0.09313411212287424,0.03940553804460345,0.1355568467651532,0.14126763047420504
367,4,61,0.07479672062957785,0.1660276805167579,0.21633443972365385,0.17403888086110247
368,4,62,0.07698970461118769,0.09394841904305724,0.20451591529708274,0.18623167893927078
369,4,63,0.07965070514357522,0.12919017885953882,0.19197991694780978,0.19142179571503998
370,4,64,0.08218370431117358,0.09280458072855814,0.17945050316266684,0.19889003820467815
371,4,65,0.0818142924154479,0.08494859501412849,0.1594839921389204,0.1966767055213484
372,4,66,0.07668085034126111,0.0626230406838144,0.10846257803545105,0.1951148853460755
373,4,67,0.11179236246830866,0.041729649789860594,0.1882276593609021,0.20077930151560322
374,4,68,0.0740491574379153,0.06299102038225346,0.09269413734226675,0.19515851037063742
375,4,69,0.07320664385712683,0.0785449961451541,0.06706539088543254,0.10777317397622006
376,4,70,0.08800563577415894,0.07957435240042594,0.07589768447742949,0.09122047558146983
377,4,71,0.10064421222593248,0.1713951017254231,0.08392095989575353,0.09850329385719821
378,4,72,0.1095116890870065,0.16353648740781848,0.09081192997090107,0.09981529612025057
379,4,73,0.1298612996445215,0.018465819518405823,0.1577407342090134,0.2365237752090406
380,4,74,0.12950891228462513,0.023273138628989175,0.1505933907350956,0.2421308966737584
381,4,75,0.12859614011706105,0.07419190093376521,0.13959599471956233,0.23049132357065039
382,4,76,0.12280235329653037,0.03931846685656419,0.1189752172191807,0.10957049946114708
383,4,77,0.11267587779958908,0.024149843519988647,0.09175332859999402,0.1150597719740641
384,4,78,0.08516948523363882,0.08477584074891809,0.04901250971598937,0.05196258370173686
385,4,79,0.1196353332589808,0.0878565859611582,0.0993210142135268,0.12214091099913833
386,4,80,0.08533048568429895,0.05376359319859579,0.04872811646416911,0.1130367243625359
387,4,81,0.06530913215118604,0.10002271876158556,0.061533482744214524,0.07896814693174749
388,4,82,0.05886164288883138,0.10990133411456454,0.07394600142265366,0.0805282268196234
389,4,83,0.05464317384429685,0.20358750256107092,0.08902017064405864,0.0852287570456296
390,4,84,0.05504003057310128,0.18414897548819578,0.07529607327304898,0.08552946291016365
391,4,85,0.08254333664698339,0.2151592907343689,0.07748017435558176,0.0912938372669804
392,4,86,0.08609328919759075,0.13222215357558903,0.08998531043212367,0.09851836987814924
393,4,87,0.08808501701675205,0.09722491939042556,0.10478869525114808,0.10329393143119936
394,4,88,0.09061249411809959,0.09066794274743947,0.11736988587099656,0.10439306096621044
395,4,89,0.09380018376888882,0.07969087005622255,0.13471534846713704,0.10026662440697143
396,4,90,0.10599712285394045,0.06656201381537091,0.181965123027247,0.1372608075511711
397,4,91,0.09770352917005573,0.0726432693150614,0.11307403716858688,0.10737188075593128
398,4,92,0.1123547464417924,0.10507816969422767,0.17754483795992718,0.15521674807252303
399,4,93,0.12359424953682176,0.08842505174757063,0.19817952872659603,0.1635696673695972
400,4,94,0.11835461376445698,0.059629785469187055,0.17448706299744235,0.16964700485962209
401,4,95,0.12997984571893778,0.04225112273179014,0.1686770258393435,0.1844488686478055
402,4,96,0.1409157953900972,0.06319735853127124,0.15643188636789815,0.15162564718060767
403,4,97,0.14756240957623754,0.21107351160240787,0.11346159175483961,0.110718811295558
404,4,98,0.20466993108151857,0.13677203853203027,0.1658365295262878,0.14203109918139967
405,4,99,0.24778305021317695,0.1255236357760253,0.20574277121630075,0.16633450233020067
406,4,100,0.28625205576593477,0.18708000747644798,0.24615763954990735,0.1891234183168379
407,4,101,0.3149280282519745,0.18305846206524923,0.2764496094403481,0.20744596446291885
408,4,102,0.3482960155525284,0.225957794182309,0.34268879282426656,0.3618166805451665
409,4,103,0.34793136065360214,0.29200228834760483,0.2910578181113129,0.2335955050944788
410,4,104,0.37753948942904514,0.23090777122507644,0.35152384993497265,0.41253043512337395
411,4,105,0.38950386508645335,0.11678797903491288,0.3717225681456297,0.4396737807243763
412,4,106,0.3832454685014619,0.10811119892257821,0.3398962282186135,0.3738677424585789
413,4,107,0.3479408773580723,0.2357629477397522,0.23766702162033265,0.2701762563720626
414,4,108,0.3330208983707547,0.15808749077006107,0.18744029398846385,0.2833556021620671
415,4,109,0.2873092070441067,0.15817286908272304,0.09881108805482358,0.2845809561718391
416,4,110,0.25424282090701195,0.35048603748033336,0.08900875406382755,0.12809789417733372
417,4,111,0.2453567577122311,0.3392344489318905,0.10079465907054011,0.10997916971381046
418,4,112,0.24734791220142288,0.2556608332291349,0.10342308484334459,0.11320103207929554
419,4,113,0.26664390308481545,0.09646279396919917,0.10522082391829626,0.11386021679663352
420,4,114,0.2975116980592311,0.09054401154304742,0.13439577843699918,0.11922100094143628
421,4,115,0.25555455746473416,0.10427983395083983,0.10366149433499044,0.12542818218839835
422,4,116,0.328464450559987,0.18205363167693295,0.1781396432409948,0.13450817366498408
423,4,117,0.33487084973976405,0.03635156124674728,0.19937094829103405,0.14974167533871355
424,4,118,0.3102162998736138,0.030019328185439204,0.17108931702443225,0.15910943607753478
425,4,119,0.27068115926131786,0.05404182156322404,0.12606551419729634,0.14605390428372603
426,4,120,0.22470646138077618,0.07519613123875492,0.08140446086165395,0.12124902566259693
427,4,121,0.12367300373154913,0.11526916418778477,0.07881856756251557,0.08388826560997145
428,4,122,0.12802443745277955,0.10321935341486575,0.08382224326501284,0.051532846479446934
429,4,123,0.1390378640428824,0.08376298778216203,0.07843221783154807,0.04643221253465075
430,5,41,0.17314208179730303,0.09622569802930646,0.17017683138231987,0.20584696608729694
431,5,42,0.1954368109934405,0.10804445286225721,0.21172419032580408,0.20426283901260567
432,5,43,0.16407708944297703,0.16400592769577013,0.11293381802841208,0.2265474966718625
433,5,44,0.19377297336487073,0.01937887636099281,0.18166758448192677,0.23280140109085945
434,5,45,0.20500732791409335,0.11819943139775803,0.20723204220233735,0.2114631367240042
435,5,46,0.1944082072046398,0.048130819097751985,0.1743326818590182,0.2015806251573048
436,5,47,0.18113903858334907,0.03795448595006043,0.13847715053495205,0.17520507480113057
437,5,48,0.16644760416672513,0.1403671618111489,0.1027525607872366,0.19256559935366843
438,5,49,0.1414589113442075,0.09266942720956169,0.053924346802116364,0.2185305691919607
439,5,50,0.14354323462786472,0.03400823353450716,0.05823710688245951,0.23719371484900373
440,5,51,0.14447456180510326,0.12313534499668913,0.059492606024010006,0.24522960657154338
441,5,52,0.14641366951608964,0.049295786945354456,0.06072088739155884,0.24712772652149004
442,5,53,0.14546632685515334,0.07827136163444535,0.06219179000819253,0.270259306489896
443,5,54,0.15437146663461912,0.15444518306469368,0.08718552396722752,0.23804778811119834
444,5,55,0.10045008709491021,0.20628641009825663,0.11044518451815588,0.12048101431136111
445,5,56,0.12469822486751074,0.0973022700502078,0.06614019591787516,0.1303964628035315
446,5,57,0.14111911913804004,0.1048090729876321,0.10353561676514947,0.14174615266872684
447,5,58,0.1175921700203923,0.1473004733606172,0.10122232913656776,0.10645750811610193
448,5,59,0.10634254545804508,0.06084621983617029,0.1174844801566013,0.11148034241437255
449,5,60,0.09138168275700306,0.03927881909966664,0.1402037122543454,0.13455348067189668
450,5,61,0.08475491744406999,0.16546582974038487,0.22340052078268308,0.17691949428583695
451,5,62,0.08637301686792029,0.09315265120169731,0.20876100506516806,0.18755188234268363
452,5,63,0.08832860819007748,0.12894602247645587,0.19588497571368585,0.19650312370088885
453,5,64,0.08984091191662415,0.09291633894533982,0.1830790341992603,0.1991627070391992
454,5,65,0.08769998859855137,0.08525995146807402,0.16269457377328797,0.1966576892035688
455,5,66,0.07859275637473222,0.060483206551181945,0.110854557819565,0.19340557262256095
456,5,67,0.11788373468358039,0.04131076203657643,0.19335323558194306,0.20033042909590215
457,5,68,0.0748258382316472,0.06328691339717325,0.09492177266065185,0.19220114358073107
458,5,69,0.07277211949779985,0.07898314511307658,0.06773674383626772,0.073690146919292
459,5,70,0.08746190822715127,0.08025309169975423,0.07741026465024217,0.08883572427695291
460,5,71,0.09980666517418521,0.1723935530998536,0.08538707968604556,0.09721369104226868
461,5,72,0.10872743068082359,0.16432026019004697,0.09305485929270473,0.10468307023038992
462,5,73,0.13211299578634134,0.018488968083492936,0.16226367314610546,0.23336279370150995
463,5,74,0.13118826771063025,0.023297637578794946,0.15319520334391706,0.2393923891690513
464,5,75,0.12969969707166348,0.07425938605311799,0.14186617032431922,0.23441523570178352
465,5,76,0.12298843820112142,0.026136569327822698,0.12083545436624495,0.11142303271465723
466,5,77,0.11172741765717087,0.02415814344570368,0.09318414639825237,0.11428509987134874
467,5,78,0.08141596333141608,0.08913804210900772,0.0489543561628136,0.12143722732837245
468,5,79,0.11931935347712107,0.09803393062486233,0.1020419317933673,0.12218178009761493
469,5,80,0.08256992586771174,0.05371490870654663,0.048762917651650174,0.1117166187594194
470,5,81,0.06161378445701929,0.1103236621926287,0.06041306348319133,0.07796388584976774
471,5,82,0.05562332142828033,0.10596118762549388,0.07247146145533806,0.0791624703240213
472,5,83,0.052432903914888786,0.20848149588987788,0.08749778659926466,0.08208932906937834
473,5,84,0.05281343958069093,0.18814309902755888,0.07356600240933764,0.08242294187854557
474,5,85,0.08166218625468478,0.2163593481482009,0.07684792832704328,0.09284065393198934
475,5,86,0.0855177477830677,0.13214297459991606,0.08918729914911687,0.10012671119923744
476,5,87,0.08786004925529156,0.09689616103445269,0.10368706563925775,0.10842907373011376
477,5,88,0.090841129053424,0.09019783548499302,0.11609997026071252,0.10988567948231322
478,5,89,0.09481303114352008,0.07883726780023162,0.13339229109720588,0.10572684522798116
479,5,90,0.10968862319116437,0.06357155959211719,0.18106177962312556,0.14126893125688994
480,5,91,0.09763694997627748,0.0716124523084729,0.11149032277897736,0.11347528868366548
481,5,92,0.11530017302024927,0.1051692108635634,0.17633228673553936,0.1559034867955387
482,5,93,0.12701958410408568,0.08905534715634042,0.19693035985741594,0.1598670746497699
483,5,94,0.12033186206110623,0.06480770291810105,0.1731242513719263,0.17247164229652506
484,5,95,0.1309719267949689,0.04226175810932619,0.16733140443570466,0.1869609343814679
485,5,96,0.14068072592804873,0.06368415116442165,0.15506827368426804,0.15352427028731327
486,5,97,0.14509098825375777,0.21014065295165643,0.11321998211115455,0.10528443844522452
487,5,98,0.20262519033331486,0.11139480266898448,0.16495653479707273,0.1368108960034639
488,5,99,0.2455345883882135,0.1453770713831277,0.2047130017149153,0.16577025397136705
489,5,100,0.284063240360293,0.20469054303151718,0.24506451194564546,0.18829999528128932
490,5,101,0.31272071823183867,0.1981908559231187,0.27531027231481886,0.21568358224176667
491,5,102,0.34747928470044426,0.23014890748523253,0.34174515278266404,0.3547499704694726
492,5,103,0.3446615855224841,0.29153124103107275,0.2897775482457889,0.24429307172227574
493,5,104,0.37604838842577554,0.23062325396481342,0.35039691125370614,0.37689098916132435
494,5,105,0.38809414346264676,0.11644314434646842,0.37065466463489727,0.383465009072445
495,5,106,0.380508260536928,0.10803036040589964,0.33888378422359194,0.27970394591764114
496,5,107,0.3415161310734186,0.23571330931906032,0.23647200551131087,0.2753944430075798
497,5,108,0.32391593135933483,0.23707402406578942,0.186191675142633,0.28770048996909425
498,5,109,0.2697221018385116,0.1578384491843104,0.09755230739577861,0.2828817836962749
499,5,110,0.22894044394476337,0.36948161427539283,0.08898743559745667,0.12174490273939267
500,5,111,0.21742926623842532,0.3831429412171462,0.10083025563139818,0.11039378052380236
501,5,112,0.21940586246894134,0.25536488943852426,0.10324120794321573,0.11689450657344895
502,5,113,0.24142846566186657,0.12385813354480507,0.10469253551420224,0.11937470120779772
503,5,114,0.2770943888516165,0.04733166446058008,0.1338971806320605,0.12280877749287274
504,5,115,0.22948927701192012,0.10367280471375619,0.10293110707150305,0.12883291491869542
505,5,116,0.311863871480711,0.18225411764076327,0.17783976050922679,0.143947195549509
506,5,117,0.3191852386267474,0.0363429334321524,0.19861738784688363,0.14125890715898512
507,5,118,0.2921861691345247,0.029991618674156218,0.16999083605406776,0.15772335591952627
508,5,119,0.2490685754940522,0.053622672286409316,0.12491581252138971,0.1432192622941343
509,5,120,0.19901062124620775,0.07476427081880953,0.08044743261547464,0.12661609447115627
510,5,121,0.09153806813299671,0.11487853356512827,0.08035065686431497,0.07477440625637012
511,5,122,0.09909947121940824,0.10287250796050428,0.08444512244664273,0.06387089038902431
512,5,123,0.11135495370678702,0.08349963139137674,0.07875173021268568,0.04547489007232302
513,6,42,0.1980359225019363,0.10680440318243038,0.20468520741674287,0.19095075692333457
514,6,43,0.1821544542705372,0.15314923337244102,0.10748843162656252,0.22454338323129738
515,6,44,0.20259472449372676,0.02920322823667314,0.17468186148443426,0.22095568100965668
516,6,45,0.21024903292328184,0.1383293711900376,0.2007111411569233,0.2225973646431933
517,6,46,0.20412260943386526,0.04757412856783069,0.16823072215148416,0.20004532512971393
518,6,47,0.19524804814351543,0.022304641355751328,0.13280331564525202,0.1857299297926592
519,6,48,0.18457771170713713,0.11273482561583473,0.09756725926725945,0.18195056130832377
520,6,49,0.16736996929568612,0.06421976155687965,0.05248097170811767,0.1922677072032114
521,6,50,0.1680287611372382,0.030978242889315874,0.05676498482798902,0.19059353316032202
522,6,51,0.16760471361020637,0.11278647254317543,0.0577813878859669,0.21522637863865035
523,6,52,0.16785482398272075,0.03925533483632571,0.05826927744645001,0.21439074725571786
524,6,53,0.1655265429437568,0.07902277851515531,0.059563247035802826,0.2120979570324913
525,6,54,0.16993718174407105,0.15560738337761695,0.08385365574601467,0.21111939942651037
526,6,55,0.12289121888667924,0.18789353892732613,0.11452530280572146,0.10683721570398436
527,6,56,0.1410664314889043,0.0880795271978229,0.06660171024398387,0.0810851620299851
528,6,57,0.15159669093127487,0.10539028375478864,0.10258804829007472,0.10783303043157816
529,6,58,0.12908326947023324,0.15286405438520312,0.10306089711062778,0.10194997395800831
530,6,59,0.1154187466075879,0.06556264118395279,0.12048230816954096,0.11022417620599227
531,6,60,0.09621608738398052,0.040152673971897965,0.14412038133805322,0.15349640339410103
532,6,61,0.06892141297570487,0.17249883084287765,0.22785506876235836,0.1775712283826684
533,6,62,0.07122577747057396,0.09731143608638311,0.2123811221526544,0.19017018301726787
534,6,63,0.07421906632506628,0.13212990195570573,0.19936255672974365,0.19336222319737084
535,6,64,0.07721297856073715,0.09405585637107555,0.18641630762417238,0.19810363215189639
536,6,65,0.07750949913427575,0.09083395095050627,0.16584332679141556,0.1978321351092167
537,6,66,0.07418386705052848,0.060837453471501386,0.11372700523467462,0.1969306025920426
538,6,67,0.10710699791160674,0.05670456183783783,0.19847922748768493,0.19976181068703333
539,6,68,0.07191385055129142,0.08321260527809142,0.09447983857152345,0.19301454805530363
540,6,69,0.07245339784981399,0.08946406110403927,0.06844317702344627,0.09137323746947906
541,6,70,0.08696312428187498,0.08233638576473776,0.07878835252598149,0.08366246192251678
542,6,71,0.09972682793663952,0.17320635058753878,0.08664131478769145,0.09659341382630121
543,6,72,0.10829887341547995,0.17487506599644126,0.09500557311584329,0.09713358483344939
544,6,73,0.12589787498693097,0.020050159119955734,0.16663336263261463,0.23527409433075291
545,6,74,0.12602257305814754,0.038890570280199654,0.15508100258422688,0.2403701833421479
546,6,75,0.12561888392358322,0.09030726844214729,0.14349816596263773,0.2363684622841612
547,6,76,0.12064468663052835,0.033382602088159845,0.12207217132976543,0.1138604187807938
548,6,77,0.1115342405079539,0.024076672875437844,0.09411497675524476,0.11184585616234312
549,6,78,0.08635811899632759,0.08806772002660926,0.04887134885027524,0.11926554750513814
550,6,79,0.11817776406989046,0.10224508825057219,0.10583650214995215,0.11855064842279793
551,6,80,0.08623111602356782,0.05161745154180902,0.04828947813857685,0.11135170903954457
552,6,81,0.06688842170424165,0.10687735787897015,0.06027164866390379,0.08026881945261491
553,6,82,0.06005760213156502,0.10686757355226892,0.07153867402965255,0.08242947300493941
554,6,83,0.055338004549291865,0.20268102297880827,0.08650954604457523,0.08309303602001336
555,6,84,0.05566713563716342,0.18283729727479972,0.07182023187158008,0.08593866773395042
556,6,85,0.08253239835319785,0.21378353664182845,0.07637095757555405,0.09608866813227744
557,6,86,0.08628292979166584,0.13071455514153804,0.08858583745752134,0.10151987302585212
558,6,87,0.08851016832275285,0.09599721468011241,0.10291102942977873,0.10741354108946803
559,6,88,0.09107784004969957,0.08996133744447132,0.1151861496711095,0.10421006896351338
560,6,89,0.09406936258867017,0.07945472917009617,0.13254455489135797,0.09962116087501517
561,6,90,0.10483779032575127,0.06500771635164888,0.18116704803856318,0.14590417369496103
562,6,91,0.0986902358373952,0.0790747509787417,0.10929370575043915,0.10905096883456217
563,6,92,0.11121238034743793,0.10796472653357168,0.1770274231697546,0.16161326896219322
564,6,93,0.12208711868117304,0.08832097375800137,0.19644148303238426,0.16453846353218393
565,6,94,0.11796066974946139,0.06020469330611022,0.17129522086769453,0.1704227731750731
566,6,95,0.1304319463302895,0.04257577426252059,0.16558545014813664,0.1879428260155373
567,6,96,0.14246177634582316,0.06261086508199883,0.15312679293184148,0.1507673533004447
568,6,97,0.1508950947566388,0.2124733291319601,0.1134074922052924,0.10324238094405008
569,6,98,0.20790892539723443,0.11118781902944012,0.16455464620713803,0.13522212750282653
570,6,99,0.2511837113751515,0.1447252000099481,0.2039544713939616,0.16507690741020614
571,6,100,0.2896535538787617,0.20404565073242423,0.24439069678377265,0.18587092794554244
572,6,101,0.31838380429190427,0.19786791790346464,0.27456133589507936,0.20359286323172038
573,6,102,0.35055822087222854,0.22991568257875614,0.34205069748630273,0.3625880773397818
574,6,103,0.35256779940655836,0.3010291007636684,0.28730031040556936,0.24016423157420044
575,6,104,0.38063286957324527,0.2443176809818905,0.3505989586678441,0.4001189574994997
576,6,105,0.3924899709753098,0.11088981295633495,0.37017054007507344,0.4013814813511169
577,6,106,0.38758002264609814,0.0929528110191868,0.3370744188608445,0.26907295990209645
578,6,107,0.3548794376234493,0.3024910548595186,0.2330380847181689,0.271115567136694
579,6,108,0.3399605065757434,0.2390116293115109,0.18409442387918273,0.2833632960344485
580,6,109,0.29204262200317715,0.18482696431758783,0.0955722738079595,0.26124450004484445
581,6,110,0.253152570064027,0.369588535371571,0.08907526777137946,0.11193581596636965
582,6,111,0.24007722920532026,0.38349623666629445,0.10092734031410794,0.10488428690660231
583,6,112,0.24012657527701917,0.2676723298196987,0.10310450166027074,0.10980468189273981
584,6,113,0.2600512337386128,0.09362038091707987,0.104337772254914,0.11861566849708058
585,6,114,0.2929517512372354,0.045780367350376334,0.133818196533725,0.12929397247772578
586,6,115,0.2467905517975635,0.18910256902716707,0.10223684775387983,0.13162949812130106
587,6,116,0.3247651811625102,0.275275247807476,0.1786063521691427,0.1484551159006415
588,6,117,0.3312138860936443,0.06716757834882298,0.19819933174087143,0.1570962690115314
589,6,118,0.3049928307941654,0.029329587847646475,0.1687946817777421,0.16507984368617626
590,6,119,0.26297488793165924,0.06865842327268348,0.12355574973363874,0.14591832075050645
591,6,120,0.21386119538770534,0.09348937419185166,0.07932461681456225,0.12407293915309918
592,6,121,0.10623174973039665,0.13184964436481092,0.08220805634012365,0.07313966820793334
593,6,122,0.11170711954811618,0.11183431779329751,0.08496357555479166,0.05534796003865095
594,6,123,0.1233310751065719,0.08128515329133777,0.07897959761433371,0.044990368778660784
595,7,43,0.17967336118073474,0.18589892823477513,0.09928019491142308,0.2089662992791969
596,7,44,0.20212417525327042,0.19660850816841285,0.1592597261673303,0.21823878080439316
597,7,45,0.21005541348757087,0.17139109066653957,0.18955475671582997,0.20743320418112796
598,7,46,0.20348153102982633,0.050649884991647166,0.16064223636900957,0.1882641173691837
599,7,47,0.19382111031598476,0.1201700849912101,0.12595271733354155,0.17789466111168406
600,7,48,0.1817387943361799,0.21716885465794322,0.09127195396997405,0.18340410189975184
601,7,49,0.1593756341472129,0.09122773237277741,0.0517089040751158,0.2045057220127757
602,7,50,0.157939181525514,0.03999519776222351,0.05584917949293627,0.21466396877055166
603,7,51,0.15607713191420827,0.1621584995037757,0.056452954069245644,0.2358283043107247
604,7,52,0.15597630811892088,0.04310326028769491,0.05578461881883874,0.23886707714365024
605,7,53,0.15349359750179367,0.09200137010399329,0.05674521912192283,0.233352298545714
606,7,54,0.16115569142605451,0.21659267487560108,0.07969436849073998,0.26405753670149423
607,7,55,0.10349093692512842,0.2524216342949324,0.11540131087753326,0.21376847431082366
608,7,56,0.13081528806814322,0.1344562209305399,0.06896826730084883,0.10697963149022445
609,7,57,0.14569887858729733,0.08903755017166225,0.09883554617901331,0.1250571026721435
610,7,58,0.12162118179046029,0.13495208521947447,0.1055391221910222,0.11678924017168013
611,7,59,0.10886304861604039,0.03428369898313216,0.12412432194239774,0.11002367647387251
612,7,60,0.09196189599630823,0.08488903878005652,0.14788865520952765,0.1395287805405014
613,7,61,0.08434625722016098,0.19285909894817294,0.22635525893911695,0.17495551945869964
614,7,62,0.08614691171711919,0.07052789154364876,0.21921184419023873,0.18760894614566567
615,7,63,0.08820302991163674,0.12167357087927791,0.206454442584315,0.19244072715837132
616,7,64,0.0896551558878496,0.0769785443073008,0.1932156044577989,0.191980165986633
617,7,65,0.08718591871316853,0.08322482607631769,0.17289411184507822,0.19474238895262155
618,7,66,0.0776285028943321,0.06066706332742363,0.12174061097925169,0.19159955030840686
619,7,67,0.11717585823791445,0.07360079889455025,0.19505876208497383,0.1971775632281577
620,7,68,0.07371733180515028,0.04058769152683497,0.10727059067993173,0.1935294323549074
621,7,69,0.07228554193855849,0.07861376834158013,0.06891152361267121,0.07683758004453717
622,7,70,0.08677108591075058,0.09032509198943932,0.08058681838110723,0.08943198379069853
623,7,71,0.09914770458661604,0.2132493281355808,0.08853252450346892,0.09452048838354855
624,7,72,0.10788882219005592,0.18966557419542598,0.09698205793856961,0.09751131806935223
625,7,73,0.13014623309813161,0.03674668571085725,0.16226273347273404,0.23883741539278708
626,7,74,0.129406321521765,0.03653394959003427,0.15860047127807633,0.24087380319532492
627,7,75,0.128119052513219,0.09363735295121736,0.1475334743531325,0.11533822374635382
628,7,76,0.12173085058158911,0.02443294643373323,0.1266309681401794,0.11549273121370363
629,7,77,0.11088193096216263,0.024423120821437733,0.09876269096098399,0.11570586880039532
630,7,78,0.08147608080456906,0.09839739941651231,0.048047765381504334,0.12475233716892445
631,7,79,0.1183648776520172,0.09772385931124909,0.10047732642233342,0.12329510173414827
632,7,80,0.08271851720427131,0.10571399652656377,0.051036261387598834,0.11300880267988148
633,7,81,0.06195455829128288,0.13094665991528948,0.055653818002490765,0.07748074706598941
634,7,82,0.05575287761277321,0.12768626894760396,0.06883349687805893,0.08230905131080059
635,7,83,0.052388309734673295,0.23236247285936412,0.084032738403711,0.08596314859548586
636,7,84,0.052782637383943634,0.193850785477903,0.07218790747582451,0.08587334085902075
637,7,85,0.08152429916412376,0.22263671331384757,0.07625465978251345,0.09404209012327062
638,7,86,0.08554274217884267,0.12242751938360281,0.08798011192987534,0.10395248993771138
639,7,87,0.08806700116418498,0.08542041371978575,0.10160132036488954,0.10947623038346131
640,7,88,0.09113183843843696,0.08286646865679272,0.11368877197032602,0.11047456759950686
641,7,89,0.09509528483921047,0.07207039834120481,0.13041905795543707,0.10646013579841124
642,7,90,0.1095747481963407,0.055925440003144505,0.17588712166696352,0.14322701558132775
643,7,91,0.09823612500146582,0.0719769243678692,0.11228480870456001,0.10891796921551643
644,7,92,0.1149674993274059,0.08681881033342131,0.17083460173839435,0.1546053324578032
645,7,93,0.1265753535172451,0.12885598942534146,0.19343495406470973,0.1646145188433274
646,7,94,0.12035592070651424,0.06573000902921719,0.17261458882524083,0.16927836837505716
647,7,95,0.13138042914765813,0.04116258504820849,0.16701341767511885,0.1865994044819819
648,7,96,0.14161023724234106,0.0719564575431011,0.15531532949689092,0.15412832623825903
649,7,97,0.14677278707581173,0.23243734089176288,0.11216888383598317,0.10789421761969702
650,7,98,0.2044513352932796,0.12619189208713869,0.16301444552532895,0.1420734081138664
651,7,99,0.24742137156739719,0.14616395737135604,0.20289896467479784,0.17140905068468298
652,7,100,0.2859574498541003,0.20458283105169783,0.2427827873056796,0.1969496533345281
653,7,101,0.3146348446476082,0.19514193427107782,0.27302687889809646,0.21639546962555517
654,7,102,0.3488370820303882,0.22877394470016338,0.33729768008309047,0.3530240465124014
655,7,103,0.347202974468031,0.3032248624840744,0.2908135363505768,0.24714600006026707
656,7,104,0.37789690062201214,0.23359372881202278,0.34661429756297335,0.39174508506548655
657,7,105,0.3898720545651264,0.10059993289157536,0.3680843942051465,0.40290178513368696
658,7,106,0.3829540525701754,0.09168336612286786,0.33908102156334663,0.2767712148788562
659,7,107,0.3447459201636152,0.30683285461500415,0.24022747078290851,0.2744995417635828
660,7,108,0.32600177945113706,0.22710908516310918,0.18771368683226336,0.28191333411822256
661,7,109,0.2661278670237371,0.1759071320846791,0.09959441368512316,0.2732144512963792
662,7,110,0.21706624725571144,0.36996454464983447,0.08858649438244647,0.10866574726850647
663,7,111,0.2016483919671101,0.3793531821872586,0.10054591158116728,0.1013635731403657
664,7,112,0.20275265329125397,0.2608251867286934,0.10294677938279043,0.10554820795999297
665,7,113,0.22674352064519196,0.08633584735805241,0.10347845146584692,0.11194509305398949
666,7,114,0.26612501618019974,0.046087637583766675,0.13099762735415124,0.1198327666518887
667,7,115,0.2135293243880113,0.18628081165993637,0.10240699872236125,0.12557927164212318
668,7,116,0.30331243396721264,0.25418265148312563,0.17323172860235864,0.1455862784686195
669,7,117,0.31107990059526724,0.04988046353400629,0.1962509459619106,0.14744072814648373
670,7,118,0.2822199748140289,0.028365633589673627,0.1694744324055374,0.1533263747366546
671,7,119,0.23619345818783355,0.06764906841115012,0.12514324852458136,0.14075944072267702
672,7,120,0.18266877091050918,0.08887276473381352,0.08085938956076807,0.11690854998162933
673,7,121,0.07245832343012526,0.12709929500646908,0.07894533958791593,0.06856370570246345
674,7,122,0.08234174869905742,0.10589788318020057,0.08527260994899079,0.05015252804390088
675,7,123,0.09430523803355996,0.07615333183301029,0.07959463160944942,0.04409670633803729
676,8,44,0.1924546482716045,0.14410696072139892,0.1474944054167913,0.2093983502276675
677,8,45,0.20362046972711745,0.14244063008654667,0.17990964998742467,0.20693171349555653
678,8,46,0.1931416381865253,0.13160894729262007,0.15464320342388424,0.19935604619431774
679,8,47,0.17872321953559492,0.12234756916231011,0.12115138509721599,0.1841746547660463
680,8,48,0.16067426060694967,0.12825973422316025,0.08718258692703691,0.1686575687955146
681,8,49,0.12060452023206972,0.05749165575225735,0.05176915331633125,0.18185901482685238
682,8,50,0.11781268840861941,0.039863372956752526,0.056110175229248535,0.19881792488206315
683,8,51,0.11604612100564568,0.15812352565296398,0.05635183786926729,0.20254504280951385
684,8,52,0.11817601903623719,0.036971772414047276,0.054637868807105604,0.2097288985594017
685,8,53,0.11783542405789726,0.0909954814978671,0.05516811431467936,0.17675165153572278
686,8,54,0.13515742060119934,0.17375465888201633,0.07597980098811755,0.13557417423286383
687,8,55,0.07399955479043079,0.20286999867960984,0.11545473111801859,0.06597292998646363
688,8,56,0.10577252536887914,0.11650327023294106,0.07201505954944404,0.07513968472834767
689,8,57,0.1307287488890952,0.033118626190051764,0.09726033060046302,0.09898948208348693
690,8,58,0.10690162065254208,0.13425430478220374,0.10776772026416089,0.0992190433476061
691,8,59,0.09976153836938166,0.04298711726285922,0.12728227344882706,0.1162674170900272
692,8,60,0.09307552519159773,0.04246298934890005,0.15136586365710022,0.15904754857966416
693,8,61,0.12703907414580068,0.19335603270234136,0.22726374093691334,0.17988909686043578
694,8,62,0.12113020892634607,0.11116448600450014,0.22374970709639003,0.18668308940365166
695,8,63,0.1177985321330506,0.13649213828283374,0.21151827124706862,0.19677044106796016
696,8,64,0.11464558453666313,0.09416766030809418,0.19815171704508233,0.19973509204612525
697,8,65,0.10680226355874298,0.08647979787260247,0.17787955461132074,0.19244322502489716
698,8,66,0.08679508765797106,0.06002973794305464,0.1273169742524292,0.194617615167338
699,8,67,0.13640964883360918,0.07733057926429028,0.19581478952665732,0.19996932480147853
700,8,68,0.07982723574090764,0.06524690391873983,0.11366521173549743,0.19455583958279016
701,8,69,0.07374853082989243,0.13251331982821082,0.070304988130528,0.0764482726209893
702,8,70,0.088954625238662,0.10437057172071766,0.08218561627378047,0.08362290120638531
703,8,71,0.10078540210690531,0.029934192864757753,0.09005616306504576,0.09144167967325609
704,8,72,0.11038352978564815,0.029067370019215312,0.09871345159751552,0.09741279040170801
705,8,73,0.1405885446660255,0.04622780525260605,0.16190519543176965,0.23985913187639663
706,8,74,0.13828751601676117,0.05000692539206888,0.1607219114116526,0.2412396247197174
707,8,75,0.13547345072117967,0.11517064896869353,0.15003736425868214,0.11866328487221936
708,8,76,0.12680576023658532,0.03711318183595399,0.12928440384537954,0.1154109084406715
709,8,77,0.11325642425472561,0.024735357317901975,0.10137679658236595,0.11666579444518842
710,8,78,0.07748817779792418,0.0274239990023399,0.04827581094186935,0.12329859179246411
711,8,79,0.12155467044078572,0.026770423635659776,0.09958769262597938,0.12309293970836536
712,8,80,0.0803887137005534,0.0348420238005125,0.0524639460613702,0.12231030258326853
713,8,81,0.05765041574594883,0.041386589807279064,0.0535433316247232,0.09447113709967954
714,8,82,0.05232833535615174,0.05284742367808808,0.06716940721129679,0.08682358791061577
715,8,83,0.05070501660846257,0.08296395547123361,0.08252300924005339,0.07123495973454601
716,8,84,0.05074843725395471,0.09898120762024308,0.07176628368519385,0.07578718176674934
717,8,85,0.08130594443017171,0.1328555136234582,0.07609220657130439,0.0949241863433552
718,8,86,0.08499239773848215,0.13177224535055304,0.08754998107759453,0.10374636020564296
719,8,87,0.08717590196800856,0.13569923888230193,0.10080446071363182,0.11157590154854335
720,8,88,0.09036264985670069,0.14116045186203716,0.11273449311937557,0.11449329062648336
721,8,89,0.09516345226415361,0.14523694506730644,0.1292000970463962,0.10599670181621826
722,8,90,0.11440156306844203,0.14623334490998247,0.17355322663622771,0.14252127183510252
723,8,91,0.09606647020654874,0.15082808924626892,0.11301520963900998,0.13994701239077031
724,8,92,0.11823054577189998,0.09480540823618586,0.1682977932413235,0.16001722778876798
725,8,93,0.13075123332390687,0.07667088448328487,0.1917465238780249,0.1641895636902158
726,8,94,0.12160101363157767,0.05442993340742016,0.17267466795612174,0.17209405434078234
727,8,95,0.1305967327519467,0.04074404742721813,0.16730286601101133,0.18526692548593002
728,8,96,0.1382458449970072,0.06303389870082067,0.15591998290349865,0.15118239298681876
729,8,97,0.13926850329725451,0.23730703039475415,0.1118611671931035,0.11154581472359475
730,8,98,0.19730900761268502,0.13553652896946775,0.16234229674896494,0.14018849839323694
731,8,99,0.23970649563646232,0.1218506731253428,0.20220874172486294,0.16712754511286815
732,8,100,0.27825032418954726,0.18392947078311844,0.24185424386438095,0.19297404515206015
733,8,101,0.30680942133183564,0.17949096035052386,0.2720928695159959,0.20987333853738419
734,8,102,0.3440785186073158,0.2222421273031826,0.33519746695929076,0.35277681144974515
735,8,103,0.33696037043257837,0.2955581113311296,0.29169574155570255,0.24400096957467035
736,8,104,0.3716873224003043,0.22234926493103255,0.34488815197498324,0.3733278512948637
737,8,105,0.3839191748042961,0.13209472835454836,0.3668944511636209,0.3902675550986423
738,8,106,0.37410650859780686,0.11464621384846033,0.3395171262152526,0.26924648263396456
739,8,107,0.32810351596684467,0.24515702629232758,0.24274884534788735,0.27061125805744757
740,8,108,0.3046505283128881,0.16100856693015095,0.18890105399362428,0.28647509111050906
741,8,109,0.23066729654517373,0.1619072223426242,0.1007633167409935,0.2625830342807715
742,8,110,0.17316150528171295,0.3595982324505549,0.08841894070138509,0.12427175873191998
743,8,111,0.1592066625433858,0.3454742998820938,0.1004192645502969,0.10374888458650862
744,8,112,0.16312483716946002,0.25889807773922935,0.10283680530330297,0.1092503041304031
745,8,113,0.19071860556789497,0.12367847165991988,0.10301260692114234,0.11468280189924628
746,8,114,0.23650977751382207,0.09132313385727016,0.12983067409963894,0.12382638559835371
747,8,115,0.17953348090072035,0.11298558986033717,0.10220387571562611,0.12803554038910409
748,8,116,0.27983509363130277,0.17814609253124924,0.17126306546144004,0.14973901857882863
749,8,117,0.2892416779448432,0.04982070121309265,0.1952142595609918,0.15688502911778965
750,8,118,0.25838550654555836,0.033413100803184985,0.1692865904860703,0.16299988489020215
751,8,119,0.20933530692989774,0.052384993828667625,0.12530449755867135,0.150886611629864
752,8,120,0.1527908185838834,0.07639054182162144,0.08107783461797011,0.12766648512715373
753,8,121,0.058630252157914994,0.11896754686346608,0.07839800162874389,0.0732821924641907
754,8,122,0.06961597208195747,0.10569904053099005,0.08558306291998415,0.05824538515804459
755,8,123,0.07682357119207513,0.08514852525515956,0.07994860253040442,0.04594320039702815
756,9,45,0.2051455584817865,0.11146914387838977,0.17534642153958951,0.18652481689460473
757,9,46,0.19463282962287964,0.12918207969906748,0.1506771551043279,0.18407660236577975
758,9,47,0.1798649811715869,0.11787176411820535,0.11762234577364841,0.1612635332169451
759,9,48,0.16099499136845838,0.12211211257195027,0.08416343590076894,0.15588422028555812
760,9,49,0.11776469491735676,0.10650504700489927,0.0523169921164007,0.1488764144311518
761,9,50,0.11410196736006421,0.08411441128801574,0.05675130738731952,0.11067657262118323
762,9,51,0.11198491483569122,0.04541345205759112,0.05674397178596089,0.10157754530681717
763,9,52,0.11424154891274588,0.044636462079237015,0.054365441223934795,0.09579317847723613
764,9,53,0.11407923483871704,0.0937923606992532,0.05459296569896341,0.08872021792322483
765,9,54,0.1325942454718422,0.17311208349294063,0.0742360810388271,0.07946318436971478
766,9,55,0.07355284534786105,0.20119476817216556,0.11814985665303111,0.056718579243548534
767,9,56,0.10340170448476212,0.11581141479654442,0.073748502994247,0.06759817258964589
768,9,57,0.12937457684924467,0.029574612451508234,0.09720188684201043,0.08506421833929435
769,9,58,0.10579675118132069,0.11336317573235773,0.10932254310489933,0.0987844191831879
770,9,59,0.09941115895900107,0.04504574738571287,0.12946182787206184,0.11560625081714901
771,9,60,0.09403617142006938,0.043378934757922136,0.1539255776922345,0.14177484680402905
772,9,61,0.13227096426104568,0.19982401173975772,0.22989063851765373,0.16119859503294742
773,9,62,0.12529152713078384,0.10388594177864291,0.2264956985005555,0.18265017309825304
774,9,63,0.1212803456491692,0.14578025048689058,0.21416432594012505,0.18856187165470978
775,9,64,0.11760661876391977,0.10054523463981527,0.2006510978302892,0.1940539578774598
776,9,65,0.10922315769348545,0.09790325634179077,0.18024221187097347,0.19264564242675095
777,9,66,0.08822610059760437,0.06788013024089713,0.12950982493456398,0.19104019181065263
778,9,67,0.13870140966274244,0.06642910588469073,0.19767121521291178,0.20037497954032085
779,9,68,0.08094808270693214,0.10774698756793795,0.11561819663360876,0.19343220761475377
780,9,69,0.07424566296749555,0.07155411524546999,0.07109435942912638,0.07166075607671955
781,9,70,0.08964654407067965,0.052478397939041015,0.08313017260310648,0.08382216096057898
782,9,71,0.10145261375372958,0.03392639420421087,0.09092756192944329,0.09321668500517664
783,9,72,0.11120375284427453,0.033840069413333076,0.09976395320680569,0.09701041547839705
784,9,73,0.1420055945713958,0.0525315061057376,0.16304631954475945,0.23611973542165754
785,9,74,0.13957277991831052,0.057162983817347905,0.16192511793595074,0.23969995377242495
786,9,75,0.13663409137481855,0.07005311379822665,0.151170856049138,0.1068751530025923
787,9,76,0.1277999236221271,0.06140106835832504,0.13032239220097303,0.11292691418013712
788,9,77,0.11407377408084894,0.05579898080840315,0.1022928193341652,0.11570598993244015
789,9,78,0.07792503763668975,0.034928444498954256,0.04842465884172273,0.12347050421917719
790,9,79,0.12228319670516874,0.028807864836501787,0.10012207941968529,0.12357078222874263
791,9,80,0.08082978708321806,0.04292543261887836,0.052788452253400814,0.11738277614173288
792,9,81,0.05792918129215942,0.04796181465173849,0.053046121120941335,0.08609541670782717
793,9,82,0.052550464431380096,0.051249404687040076,0.06663649684787983,0.08133598491227005
794,9,83,0.050837142226654544,0.22350405720187594,0.0820050002534274,0.08270739387519377
795,9,84,0.050911049093301776,0.18168076517260157,0.0713674836625776,0.08606751042697303
796,9,85,0.08150832732991121,0.12859747092611615,0.07594583756704201,0.09969770685524941
797,9,86,0.08504555569452284,0.12675681207045567,0.08735508389118254,0.10257944604216088
798,9,87,0.0870588856860305,0.13006845661082103,0.10050538851814252,0.10825622398441395
799,9,88,0.09013671806948453,0.13498103397574043,0.1123887392594032,0.10029788151439717
800,9,89,0.09486280680504725,0.13859723814948413,0.12881608314717197,0.09927130468568811
801,9,90,0.11419232062863517,0.13917702073401675,0.1730984601011226,0.14381057973963185
802,9,91,0.09573733179136068,0.14338552827850112,0.11280481124905835,0.10503489346668841
803,9,92,0.11799615794571683,0.15155817359190107,0.1678931666524611,0.15981622781846427
804,9,93,0.13055806841441142,0.12373207865107215,0.19140055265401462,0.1636905782154603
805,9,94,0.12131967306038377,0.12569309275527998,0.17243304462062178,0.17704179928146788
806,9,95,0.13024586500239616,0.1401233539507723,0.16708696982197271,0.18901811004018002
807,9,96,0.13779715927817082,0.15812126251750552,0.15573112849592566,0.15804113234680714
808,9,97,0.13868271933627319,0.24211448332705526,0.11176673965576898,0.10713521113220012
809,9,98,0.19671243115147172,0.1950745525050181,0.16212767507704037,0.13584775153332596
810,9,99,0.2390534656475482,0.2148773741227511,0.2019621254161791,0.16734355484516622
811,9,100,0.277580395784065,0.20631224643680743,0.2415703684009908,0.1891973139568296
812,9,101,0.30611900985285834,0.19547470026885747,0.2717955939968282,0.2065806742531003
813,9,102,0.3435562310486994,0.229298126945098,0.3348334487773709,0.35274462042695526
814,9,103,0.33614688773509244,0.3094396212720342,0.2914820882097902,0.23278312819013475
815,9,104,0.3711184383262079,0.3060444491892178,0.3445590925043096,0.391513166092397
816,9,105,0.3833680381912772,0.2818233294894101,0.36659844615118703,0.4022914854811341
817,9,106,0.37340707295208203,0.2720559884952274,0.33930335757726643,0.2690865858969384
818,9,107,0.32689269013572,0.33638038522160124,0.24264722560040938,0.2703284405769306
819,9,108,0.30302412667423195,0.26111772182933013,0.1887552133485277,0.2818584525790443
820,9,109,0.2277388289485437,0.19169865093247548,0.10067456714195168,0.28917118718341506
821,9,110,0.1694502196135234,0.3864878488541523,0.08838346090548245,0.12782326904605568
822,9,111,0.1557004041476194,0.3963851357444203,0.10040765377991068,0.1123557050615472
823,9,112,0.1598348980716429,0.26491475260967795,0.10278713368831092,0.11478415849862329
824,9,113,0.18760377104987755,0.08085124745735649,0.10281258668859673,0.11864125024335581
825,9,114,0.23386409274677827,0.037053049190546104,0.12946459752349246,0.12971592990331618
826,9,115,0.1766366896888185,0.22557355850200897,0.10200449750466214,0.13408198673694965
827,9,116,0.2776545654138196,0.28666138471009533,0.17080359156635713,0.14093883885479788
828,9,117,0.2871946570984312,0.08213491736255811,0.1948361537627532,0.15379656082844242
829,9,118,0.25622114839382293,0.03173500488677236,0.1689861270327704,0.16078088248745326
830,9,119,0.20699492627469174,0.07511691946421836,0.1250589089589297,0.15083315034565528
831,9,120,0.1503002492633976,0.10446361827522269,0.08089979088049011,0.130041790621835
832,9,121,0.058713216836558973,0.14373893388641737,0.0785942790551523,0.06488454890421871
833,9,122,0.06945361554543426,0.11780493219558147,0.08582155580589809,0.04743906186969
834,9,123,0.07598063005429864,0.08244028733565972,0.08012943976867967,0.041149405336969855
835,10,46,0.19618107223365333,0.09576348699574698,0.14629481928161614,0.17184945478015676
836,10,47,0.18097411603472327,0.11596846444409036,0.1136143895690079,0.15538163434830796
837,10,48,0.16121524893383749,0.11861854781152271,0.08078723021049634,0.1296136799519737
838,10,49,0.11481285346430971,0.10127288766854997,0.053469384321874314,0.10288000304360043
839,10,50,0.110421546535563,0.07767138119860127,0.057808559416871824,0.09267775476035278
840,10,51,0.10807220380984245,0.039651901474979,0.05750526243871574,0.07223321899712512
841,10,52,0.11050488137813738,0.038372090576867204,0.05443095772264668,0.06434217464440617
842,10,53,0.11055256336094155,0.02620738334011745,0.054332671353173365,0.06641004206881067
843,10,54,0.130153602164329,0.04091441133990851,0.07285827021664866,0.07411544447854485
844,10,55,0.07392309277597231,0.07058865035073643,0.12191009434173117,0.05900696160254322
845,10,56,0.10118331695899381,0.07834366280225871,0.07550362475129127,0.07577900503327276
846,10,57,0.1280607785723073,0.07723711981297399,0.09744064249144375,0.089714037872498
847,10,58,0.10481095952064771,0.0973447601848976,0.11097632882259094,0.11061457354263828
848,10,59,0.09918483123849557,0.09611937771292274,0.13171539724788298,0.12682097516845378
849,10,60,0.09504990163817664,0.10939998232642684,0.15658089280665502,0.14867705974431464
850,10,61,0.1368341754191965,0.147214693662746,0.23309002850799584,0.1694140584919512
851,10,62,0.12894643288189345,0.14941437991998935,0.22919541652527906,0.18031881390813437
852,10,63,0.12436204276780426,0.1652202140824047,0.21661825980200652,0.1882780050808956
853,10,64,0.1202560612581036,0.16507129460364975,0.20292574101070815,0.19489097779130096
854,10,65,0.11143712995893323,0.16741508456102563,0.1823175680470253,0.19818199266233377
855,10,66,0.08963750304672251,0.16243203347892526,0.13121371067788107,0.19734975099181068
856,10,67,0.1407913609669325,0.13408718861774552,0.19981073823659679,0.20234671700020937
857,10,68,0.0821081684856235,0.12046312258385289,0.1170786858521631,0.19371666550698574
858,10,69,0.07480274940926315,0.08495688823595945,0.07179836552945973,0.17528331253825916
859,10,70,0.09040616542778991,0.13371602835413318,0.08403470757299365,0.08427985927063421
860,10,71,0.10219111530318165,0.03578728130620971,0.09175350544954301,0.09141853365047742
861,10,72,0.11209656135948949,0.03676543342667546,0.1007753702581649,0.09922473441140607
862,10,73,0.14341259640725412,0.05648471640153893,0.16453592483880464,0.2367307608915023
863,10,74,0.14086639878666235,0.0618007579175919,0.16306506179601765,0.24198986038890336
864,10,75,0.13781997833983,0.07515304381917651,0.15214413849412933,0.11074060315632744
865,10,76,0.12884508288378052,0.06710541841237413,0.13114393753154627,0.11485416553391228
866,10,77,0.11497098140265706,0.061922599361366765,0.1029621959295412,0.11316696920908226
867,10,78,0.07849877431052665,0.04076358526056216,0.04853199301735478,0.12486937603342396
868,10,79,0.12307303821138631,0.032325532187868766,0.10089455788267107,0.12258311692705653
869,10,80,0.08138416309989739,0.04917113239616011,0.05296455036628666,0.11972475154214673
870,10,81,0.05831875046207821,0.05343897893630942,0.05276685550018887,0.09907581730129264
871,10,82,0.05285491895140994,0.15009618253884796,0.06626320410919369,0.08198677635298221
872,10,83,0.05100624444299795,0.07930597133479177,0.08162381532007244,0.08045802393775978
873,10,84,0.05112609916589044,0.09361851655137356,0.07095997185311226,0.08404664494800963
874,10,85,0.0817451551142327,0.12605492561506906,0.07579743050385274,0.09769959912432825
875,10,86,0.08511893175830686,0.12358982841475173,0.08718875146514542,0.10560019631113075
876,10,87,0.08694476079792454,0.1263516014735899,0.10027077455096249,0.1059146861526969
877,10,88,0.08989732442902747,0.1307991631100882,0.11212458851035642,0.10037638302514491
878,10,89,0.09452583471228916,0.13401089362066673,0.12854844336115556,0.1306406087448307
879,10,90,0.11388594117857415,0.13421959133779096,0.17293408780577127,0.14581253465989852
880,10,91,0.09540080995856996,0.13810357141859136,0.11245782639604433,0.10646577748633604
881,10,92,0.11768648181213662,0.145959665639018,0.1677490419244465,0.16558039392264248
882,10,93,0.1302847866778098,0.11803332590293307,0.19123443601311105,0.17114225662277952
883,10,94,0.12098761736793977,0.11995066317476154,0.17216578046003023,0.1802242941472729
884,10,95,0.12986336799234277,0.13906643730779028,0.1668114789064207,0.19174777769169818
885,10,96,0.13734046556295462,0.15625882026124324,0.15543949363613227,0.15084292265675078
886,10,97,0.13814161847616177,0.12090396580823738,0.11169462028594265,0.10029079416680127
887,10,98,0.1961410338453574,0.19196891441552547,0.16196955138060057,0.13316993044256947
888,10,99,0.2384305424474557,0.21133426326017937,0.20177522387173705,0.16274038464144272
889,10,100,0.27693730828840873,0.24547230455761881,0.24137435632364612,0.18789246246614966
890,10,101,0.3054547324125346,0.2595584852978708,0.2715859624010114,0.21627255664978423
891,10,102,0.34302529616792693,0.28293907368425647,0.33471048923234076,0.35126949671862345
892,10,103,0.33537961520907805,0.31179928089753106,0.2911403005605448,0.24552454103996865
893,10,104,0.3705490325220681,0.3009387732088971,0.344398380060646,0.3869099953589522
894,10,105,0.3828152891767647,0.2764891496094261,0.3664186430138926,0.39738961943387946
895,10,106,0.372735774621411,0.26648727535805095,0.3390241679771378,0.27448614691882456
896,10,107,0.32581537968970037,0.17591442155040507,0.24221413247648288,0.26824959808744886
897,10,108,0.30163274671386,0.16288581606251698,0.18839799580648123,0.2797370623290698
898,10,109,0.22539878900641774,0.1614168070779206,0.10036208905472632,0.287774024580473
899,10,110,0.16662011536020718,0.36045415368156514,0.08837312309326247,0.125481249368109
900,10,111,0.15309001344238454,0.34723982379781426,0.10042099300141236,0.10644773121044405
901,10,112,0.1573947755965748,0.2617860670099523,0.10274644885957922,0.1117492490240693
902,10,113,0.18525144746377592,0.08229137634780195,0.1026512942830457,0.1194579945962252
903,10,114,0.23181172973667508,0.09455656248582738,0.12924196969452773,0.13154317962062576
904,10,115,0.1744763059332261,0.1113896028046037,0.10179467860662428,0.13229503132489742
905,10,116,0.2759238619599637,0.288090386972653,0.17061591607848425,0.15125075173053598
906,10,117,0.2855642033589004,0.0816964121185425,0.1945658228820437,0.16839631885962716
907,10,118,0.25453457770115917,0.03562351549067471,0.16865185572722924,0.1729808501182981
908,10,119,0.205224383734182,0.046310837825995155,0.12472219782924689,0.15290073199269585
909,10,120,0.14847515100047473,0.07372872814349415,0.08063376822659399,0.12839394649921587
910,10,121,0.058876834026209156,0.11868139191873087,0.07897086604979037,0.08673552160673752
911,10,122,0.069417045797891,0.10695629225037111,0.08606706628423581,0.0535020308959135
912,10,123,0.07545204723272161,0.08713998510795988,0.08028586514580675,0.04797557009479894
913,11,47,0.1916331702992293,0.1063407447868696,0.1098044590968167,0.14941533941046703
914,11,48,0.17251150841398327,0.11828575069892854,0.07775638622090852,0.1169092206504558
915,11,49,0.12751343457710493,0.1005277825392354,0.054825706267458175,0.08666567694951909
916,11,50,0.12125064946530026,0.07672118299167044,0.059283192010236144,0.06805029965541566
917,11,51,0.11749806450423037,0.03908591175844256,0.05870344590946927,0.06502369165536809
918,11,52,0.11890641900258209,0.03784892017898643,0.054921909054080294,0.06152958233416415
919,11,53,0.11810763489442097,0.027840403236149832,0.054431123977714255,0.06198182794042433
920,11,54,0.13651440204145027,0.04467407467540749,0.0713816472934505,0.0682749091050122
921,11,55,0.07357796997520837,0.07461971906134655,0.12470277190435732,0.0595582713991705
922,11,56,0.10598645909121983,0.08256145741129514,0.07762084535094108,0.0792924835553895
923,11,57,0.13173491427351647,0.0813028915277671,0.09765793244267121,0.09605843997970785
924,11,58,0.10701988106018613,0.10156500367094189,0.11272513344158354,0.11712140247090153
925,11,59,0.09965838501796637,0.09965489700935319,0.1340043925204109,0.1427515375780914
926,11,60,0.0933365962170964,0.1098381726128148,0.159186823770887,0.15723663921679415
927,11,61,0.13193883466280873,0.14791988138158865,0.23569665496076303,0.17820013777952662
928,11,62,0.12480080628512862,0.15043047962626957,0.23193989741085463,0.18856911120766764
929,11,63,0.1207198472715015,0.1663735684212893,0.2192539334457497,0.1930009186246818
930,11,64,0.11698309715100093,0.16644319586589426,0.20540243707179515,0.19560582384398117
931,11,65,0.10847856888181508,0.16898105611063857,0.18465030691421894,0.1940386378060456
932,11,66,0.0872469788852017,0.16417493981327466,0.13340604623291683,0.19253037329853578
933,11,67,0.13807266559462011,0.13601136684879928,0.20159468115859944,0.1979140636962454
934,11,68,0.07989840578367101,0.1225470022814246,0.1188860387886981,0.19550851946356626
935,11,69,0.07347944390503611,0.08717507311912276,0.07262099230346843,0.18755109178555504
936,11,70,0.08860088752309705,0.06820290332498799,0.0849450615507902,0.08120705138142792
937,11,71,0.1003415158105677,0.03727529038137944,0.09257282926750172,0.0946284588505872
938,11,72,0.10990182445349639,0.03693595911732016,0.10172149970369372,0.09844208301123898
939,11,73,0.1406878562192099,0.05677374401015989,0.1654919060840329,0.23709542385325685
940,11,74,0.13826230399286474,0.062201998092279186,0.16411113672829536,0.2427336555119049
941,11,75,0.1353332021708881,0.0756127846791114,0.15312992841845824,0.11782351438157057
942,11,76,0.12649011997835405,0.06763674616396459,0.13204535491511316,0.11556888618034315
943,11,77,0.11274342202777188,0.06250711379012913,0.10375847275673232,0.1141244091018426
944,11,78,0.07662261067334807,0.04132586400025098,0.048697151420012505,0.12478941111091173
945,11,79,0.12103369928510545,0.12854022876537158,0.10130447433299182,0.12521534918404223
946,11,80,0.0795401471758113,0.049787876409420624,0.0532373247767639,0.1167683081305251
947,11,81,0.056829768405078133,0.053988468168806966,0.05238835333280222,0.09790126307838902
948,11,82,0.051677220510437764,0.1552018092357322,0.06586781463764789,0.08556942190865371
949,11,83,0.05037390043589107,0.24523510055854203,0.08125272696418565,0.08433868840630551
950,11,84,0.05030853498251023,0.14583183555901053,0.07069770378243448,0.08487789480929236
951,11,85,0.08094933020085537,0.19722262298173546,0.07570666840697442,0.10241933975353222
952,11,86,0.08486567951629025,0.10209634661897993,0.08706493579835808,0.10804506007239777
953,11,87,0.08732845976841029,0.07507021204610573,0.1000793996940429,0.11037161490094664
954,11,88,0.09073651104307341,0.07974650581820375,0.11190678864438135,0.09685603839044352
955,11,89,0.0957752955056236,0.07351830814725405,0.12830826442002577,0.1338390345620731
956,11,90,0.11529091736946663,0.06098233516970138,0.17262542370011952,0.15183486980322963
957,11,91,0.09657015083985425,0.08212191226547816,0.11236127302025949,0.1048220755041797
958,11,92,0.11917141861523504,0.10116690075070288,0.16752742023893533,0.1755414846377067
959,11,93,0.1316664862295489,0.08863875255034065,0.19105065734008456,0.18068865005403206
960,11,94,0.12248504307412902,0.051988769608380454,0.17204558886549554,0.18718931839654135
961,11,95,0.13146690795836838,0.04113562245648156,0.16670980873827013,0.20001316835471722
962,11,96,0.13907275426574467,0.051051968608860125,0.15535819920133523,0.15214243365294614
963,11,97,0.13961676856163222,0.12057964660405972,0.11164513415026632,0.10329917774711232
964,11,98,0.19791096888598844,0.1127608844712759,0.16185270158739815,0.1397706466852345
965,11,99,0.2402916752434522,0.21082458384880448,0.20163762270454633,0.16225281820061424
966,11,100,0.27887838913370355,0.23563786413180737,0.24121076733069793,0.18723683755595197
967,11,101,0.3074551143617848,0.25889145041260503,0.2714121986496236,0.20656571979213437
968,11,102,0.34490165296170283,0.28223811547050953,0.33448476248811226,0.3515861921879788
969,11,103,0.337532597266357,0.31943363776288425,0.29101678885946763,0.23519793706111997
970,11,104,0.3724729719657198,0.3001325492207204,0.3442089672424327,0.3864643900771598
971,11,105,0.3846870025984726,0.2756297069129091,0.36624508027637,0.40120334320603124
972,11,106,0.37473189428082987,0.2655895831139559,0.3388871981394743,0.26031690301574384
973,11,107,0.3281747108758652,0.17499085721851604,0.2421536446334556,0.2655380969678989
974,11,108,0.3041086025942457,0.30518782404904127,0.18833661349882366,0.27902155338378015
975,11,109,0.228212687650054,0.13771379518019328,0.10035806024537253,0.2681717139069355
976,11,110,0.16923523906786642,0.38653678814416176,0.08834320940822464,0.12142409363838651
977,11,111,0.1552503194968014,0.3890966794594518,0.1004068792361007,0.11042024661177613
978,11,112,0.15934612286009983,0.23865303674831814,0.10271055050936102,0.1102100917752416
979,11,113,0.18721478740111777,0.03829746120374476,0.1024959380596881,0.1183615148196944
980,11,114,0.23368646143471805,0.054829212950374275,0.12892790207092794,0.11896899656607021
981,11,115,0.17616818499994807,0.06645898222861411,0.10164807158287156,0.13119077226274764
982,11,116,0.2775737648412902,0.09108614074410466,0.1702048268014276,0.143694993376376
983,11,117,0.2871212169928505,0.07220904466531121,0.19424831801224318,0.14144893060467323
984,11,118,0.2560214688434544,0.07217532770811957,0.16842572037306588,0.16080656811368957
985,11,119,0.2066338647462626,0.05733106152135538,0.12455172054980934,0.1454769726804106
986,11,120,0.14978540586711767,0.042411676212674894,0.0805174943871575,0.12281677703332682
987,11,121,0.058775498145794546,0.16431690556347564,0.07907578129264706,0.07380409902490476
988,11,122,0.0694349451941251,0.023600740633320374,0.08626012722879606,0.05206889503934298
989,11,123,0.07575761131726237,0.02543214604040643,0.0804445809940037,0.04484339623554203
990,12,48,0.18892330248088166,0.091467771370448,0.07270802691866789,0.11583376633847116
991,12,49,0.14770682297411758,0.09921203982717584,0.05845101847235037,0.08288716524382028
992,12,50,0.13882881124715882,0.07465268103231174,0.06202432535125341,0.06682583120834144
993,12,51,0.13291855261541066,0.0383445030531493,0.06088326235353878,0.06341915042452977
994,12,52,0.13253546563864102,0.0376848547026937,0.05608183161064181,0.05841875544686675
995,12,53,0.13031057750594108,0.03418165737796797,0.05506922494298787,0.062053080408682314
996,12,54,0.14642789339137535,0.05586648532166178,0.07032539961895494,0.06975817124761856
997,12,55,0.07532129635915127,0.08696165827493271,0.13148074803989598,0.06390360825206726
998,12,56,0.11385836596553563,0.095827510552312,0.0798759247226367,0.07987901129754342
999,12,57,0.1375053940908592,0.09473612451897957,0.09853706938221968,0.10316195500834179
1000,12,58,0.1110179853548676,0.11566277465099897,0.11516610289357071,0.124271552820767
1001,12,59,0.10109657857728659,0.1123736518457772,0.1371261347969507,0.1338488634974141
1002,12,60,0.09124377658250274,0.12189581898877856,0.16284555118795063,0.15751831986366463
1003,12,61,0.12337882780075893,0.14994086192443198,0.2409181957096141,0.18154661611398554
1004,12,62,0.11770085615516833,0.15414432540167045,0.23528232821399403,0.18869016819658638
1005,12,63,0.11459664573506258,0.171453220683746,0.22199607264264873,0.19904703783899674
1006,12,64,0.11159399307628935,0.1728430790731913,0.20785453960439285,0.19746939978257735
1007,12,65,0.10377134346953379,0.17651759900506145,0.18674951434135512,0.2005344545737025
1008,12,66,0.0838318075588448,0.17286616240073754,0.13469672093424495,0.19837097827814537
1009,12,67,0.13367085926266647,0.14588272381627468,0.20496323079019213,0.20160957239290186
1010,12,68,0.0768594321222172,0.13335625008079344,0.11957828558420518,0.1979052115921411
1011,12,69,0.07191425018517088,0.09889539634114236,0.0733144646260215,0.18716178691297705
1012,12,70,0.08633832310670281,0.1102188824223974,0.08606879835783193,0.08853541976546209
1013,12,71,0.09804905790519339,0.20270195624426982,0.09358895181183922,0.09065457884463916
1014,12,72,0.10710020616161788,0.11644461457494198,0.10302175605909376,0.0990736995714497
1015,12,73,0.13668986629553925,0.07239605160448812,0.16817782419954652,0.23640593139156346
1016,12,74,0.13451144153078215,0.04614245277203966,0.16553090214672947,0.24231113628020226
1017,12,75,0.13182314216505497,0.09633321436961272,0.1541549662069842,0.11993096415598818
1018,12,76,0.12328492453056412,0.02283503931266717,0.13277018200855253,0.11997103000744448
1019,12,77,0.1098670600811542,0.02469125438729354,0.10423040515399978,0.12167250345298256
1020,12,78,0.0746010913086155,0.10685196399983134,0.04874074921167652,0.13234170541592058
1021,12,79,0.11834323551350441,0.1083078641078583,0.10292047324432553,0.13448182431134528
1022,12,80,0.07745368678742115,0.09551107427678976,0.05314475508646962,0.13328337023790526
1023,12,81,0.05532484643869428,0.08284832662548199,0.0523938061767705,0.11050919735334791
1024,12,82,0.050507252651055136,0.15739718673088263,0.06559735030953362,0.090378486700108
1025,12,83,0.04975591895918538,0.23507667729476528,0.0809102808760928,0.0835500571541628
1026,12,84,0.04951437813385332,0.1475355438205281,0.07002007188615549,0.08405662166107168
1027,12,85,0.08006967372073144,0.2002522627704506,0.07547936373770395,0.09939270178369244
1028,12,86,0.08465975490785933,0.099857365514971,0.08684699337846231,0.10810265227120974
1029,12,87,0.08789451500586824,0.07003648910568666,0.09980480294071045,0.1058862565566455
1030,12,88,0.09182390619159754,0.07660918305395185,0.11160569836731493,0.12057337004727102
1031,12,89,0.09727909071823339,0.07221464220921112,0.12805677895177733,0.134781373417969
1032,12,90,0.11666506465973668,0.06002896124411941,0.17283585538568755,0.1523410870934603
1033,12,91,0.0981456257924743,0.08159360811694286,0.11147197767807562,0.10764727903953068
1034,12,92,0.12073860748478252,0.10192880686723262,0.1678232615111952,0.17085606773094886
1035,12,93,0.13305661876952618,0.09076470488042805,0.1910929861665679,0.17708101258784012
1036,12,94,0.1241997221255824,0.061220275672482824,0.17144536623495416,0.18359513363891072
1037,12,95,0.1334316950763238,0.04165574549357793,0.16603020503205398,0.19889159082326083
1038,12,96,0.14135278038368548,0.051109784691308766,0.15457138213358157,0.14550524683696453
1039,12,97,0.1418778489700706,0.27173511834631986,0.1115731201934557,0.09459859110470856
1040,12,98,0.20048689935969669,0.14261807290733175,0.16167256671411348,0.1329222379059108
1041,12,99,0.24300419765121342,0.12416279607711547,0.2014111649849048,0.16442230597096755
1042,12,100,0.28168059683735625,0.18774208349412044,0.24102741063711988,0.18990195115675265
1043,12,101,0.3103315930434443,0.18118312552878327,0.2712076364282189,0.20538882051097088
1044,12,102,0.34744014624539626,0.22479035872812603,0.33473515986418,0.35825105956063197
1045,12,103,0.3407424600475175,0.300025493114017,0.2901102827815727,0.2378948961987047
1046,12,104,0.37516819081957603,0.22191130068793902,0.3443091624892522,0.3889702717958849
1047,12,105,0.3873034146438115,0.12886062563158943,0.3661802175657936,0.39836499928572855
1048,12,106,0.37767288203442584,0.1168326899427486,0.3382171952059053,0.2613548176401107
1049,12,107,0.3319787032299193,0.2519161924888092,0.24067037094865565,0.26263142484991664
1050,12,108,0.3082446198211902,0.17808562406479297,0.18735733050890044,0.27751379643098684
1051,12,109,0.2332462961659023,0.16215125236186917,0.0994800280520852,0.2787199098139783
1052,12,110,0.17411882000558268,0.3836122788992521,0.08837641010324741,0.13845650796163755
1053,12,111,0.15936062500065737,0.3895178878355722,0.10046881926700545,0.1062407030780711
1054,12,112,0.16305485451182244,0.24508911607761802,0.10266824914629853,0.1100257819513835
1055,12,113,0.1908575099917239,0.04397221220080661,0.10233731931361376,0.1178166914748924
1056,12,114,0.23704279687003307,0.04629171244595408,0.12886663893607303,0.12757231928702142
1057,12,115,0.17935015271647486,0.2365649589697869,0.10134642662776687,0.13128413481777676
1058,12,116,0.2804417588850821,0.28900450498176206,0.1704092927059766,0.14220376220541742
1059,12,117,0.2898114465476341,0.0801841823387666,0.19407719807975363,0.14818157040506993
1060,12,118,0.2586653741209657,0.03328176867511417,0.1679158976792986,0.16094639792098422
1061,12,119,0.20924034762853877,0.09941511541955293,0.12394252359286705,0.14964234560154552
1062,12,120,0.1523119750943144,0.14547997969333545,0.08001549167370513,0.1279647075609519
1063,12,121,0.05865118287825283,0.15805081823146416,0.07988941903968835,0.0851663269524511
1064,12,122,0.06953361849938237,0.10550983755780852,0.08657972503938288,0.06008043223156712
1065,12,123,0.07644304473670695,0.08362702750879873,0.0805993270541067,0.04782346699920837
1066,13,49,0.12580488911519755,0.05650563379795223,0.06169933974867307,0.08249031353884244
1067,13,50,0.11566514189581384,0.07402937255712809,0.06667162194012559,0.06571731800004606
1068,13,51,0.1103786228827465,0.04090361917138535,0.06510690609578963,0.06266372374483752
1069,13,52,0.11196374793374494,0.04243773512890146,0.05917587955013297,0.058238795587806785
1070,13,53,0.11150256933440807,0.046604638576970586,0.05721926482282841,0.057763540247159344
1071,13,54,0.13282295721390783,0.07223209331973669,0.06837123852242576,0.06822181333596267
1072,13,55,0.07562394452045006,0.10488532272586969,0.13216880447328475,0.06457258236164541
1073,13,56,0.10223364090484746,0.11549461182466342,0.0857097551856579,0.07906280585825849
1074,13,57,0.13013445321026942,0.11554820470131784,0.09905215977717753,0.08935448329993376
1075,13,58,0.10530226211067532,0.1375909720464156,0.11837900988256017,0.12279505273293376
1076,13,59,0.0990495232215423,0.13379580190048593,0.14096726495223144,0.14092421348017214
1077,13,60,0.09505468456767152,0.1431039209591431,0.16676133435829107,0.15699073175842682
1078,13,61,0.14297727575507987,0.1733906920115007,0.24195840691847967,0.17721340237680186
1079,13,62,0.13318361669829848,0.1564633505524512,0.2399979336347394,0.18804611896244128
1080,13,63,0.12747380854053778,0.17557111468184453,0.2273849528851567,0.19555708788378215
1081,13,64,0.12250929705103306,0.17863719798634292,0.21313393113069717,0.1978143040562176
1082,13,65,0.11273356846750686,0.18387541925252263,0.19205505467069187,0.19613046849589025
1083,13,66,0.08926191747309171,0.06048086052828728,0.1407598197236314,0.1965360123157735
1084,13,67,0.14209722918200532,0.07945967250060958,0.20586678408377937,0.19905299088385434
1085,13,68,0.08118063416254287,0.05122425964748956,0.1259304016236626,0.19239038417934773
1086,13,69,0.07377850038947031,0.12877182900886266,0.0756892691171263,0.18665133347751306
1087,13,70,0.08904835612312725,0.10926795786543038,0.08782786319087073,0.08496678038749306
1088,13,71,0.10068609027480378,0.20061107558953326,0.09516678197925173,0.09143617153821819
1089,13,72,0.11039822157647645,0.12170391307260456,0.10458195437830273,0.09638298996336804
1090,13,73,0.14245193415124377,0.058592774336556776,0.16740210117786625,0.23763977477762765
1091,13,74,0.1397483497622045,0.030348245157519896,0.16723017026765946,0.23760075629982066
1092,13,75,0.13655988720532714,0.09220437534935155,0.15634470515333057,0.11407539446712364
1093,13,76,0.12735067490488572,0.024912510055989136,0.13517437750955763,0.11425640073492192
1094,13,77,0.11319808376811727,0.023928959947780923,0.1066678532965886,0.1228961359631666
1095,13,78,0.07622959515323033,0.09830336434549536,0.04953450892607795,0.14169060498249192
1096,13,79,0.12146681045366746,0.12554628371901635,0.10186932167361737,0.13981253222150625
1097,13,80,0.0792568359239431,0.09100361591446166,0.05465970198169256,0.13905928133246245
1098,13,81,0.05635286224713439,0.08273104931334899,0.050742796240148186,0.11548885298812554
1099,13,82,0.051321902950621445,0.1480871487279226,0.06425709088395205,0.09176702953133133
1100,13,83,0.050248853599915086,0.22982745221070994,0.0797486556533992,0.08201271735616383
1101,13,84,0.0500985127793331,0.1519585968749138,0.06992120941029482,0.0821937472053983
1102,13,85,0.08089610688120481,0.20413447551502992,0.0754334059097907,0.09695017849718826
1103,13,86,0.08480362417412496,0.12415452148477447,0.08660924343335623,0.10300080347016828
1104,13,87,0.08726927323012433,0.07745641583795808,0.0993092962021975,0.10625398316294243
1105,13,88,0.09072127100371682,0.07685996915669774,0.11099132605571714,0.09739681548368927
1106,13,89,0.0958809277557499,0.06953714389199471,0.12721478841946404,0.13280703389144127
1107,13,90,0.11589242382297064,0.05707803960358235,0.17088887839872627,0.15801745966208408
1108,13,91,0.09645607927021999,0.07733347027162116,0.11245975344257125,0.09485231621350998
1109,13,92,0.11967745114213744,0.09714977418845615,0.1658426171771028,0.1794108055459869
1110,13,93,0.13223603439076267,0.08421863867455923,0.1897855363670911,0.18036816703666358
1111,13,94,0.12280057006194611,0.059380689658367236,0.17178393404959094,0.18447062420472196
1112,13,95,0.13160541380090401,0.04158702517473641,0.1666384816269528,0.19860504678149984
1113,13,96,0.13896471067917923,0.051392630427228574,0.15548688028058022,0.1589759990475671
1114,13,97,0.13892112632916864,0.2570068527159454,0.11142597741271373,0.10615320230165169
1115,13,98,0.19735626410117973,0.11530119600639151,0.16131572545619186,0.13582481779220815
1116,13,99,0.23965078289681443,0.16457527246449472,0.20102097627834942,0.1639024533409004
1117,13,100,0.27825062524661526,0.22407934598334778,0.240426247190379,0.19137708698490105
1118,13,101,0.3068172173148548,0.20526448573797315,0.27060207186281393,0.21615215385576822
1119,13,102,0.34467165753594764,0.23283496712297588,0.3330192853746876,0.3617105348545481
1120,13,103,0.33662626739302937,0.3115804551992542,0.2911733874637705,0.2406769834759527
1121,13,104,0.3721114412544312,0.23529156945415175,0.34300550811029173,0.39972448609994404
1122,13,105,0.38434584153853274,0.11328807040796968,0.36530197689849825,0.40456932483522423
1123,13,106,0.37403696960724786,0.0943052636291177,0.33883259352866824,0.26453402954198796
1124,13,107,0.3263347981783481,0.3534304851344888,0.24328234521326977,0.2715897162037695
1125,13,108,0.30134136066933626,0.30278663283864016,0.18878072193901252,0.28366367265968395
1126,13,109,0.22255106296559918,0.1983004451754728,0.10083274634606738,0.27118512541866263
1127,13,110,0.1618376361851118,0.37483708726724024,0.08821600657843558,0.1287710519125603
1128,13,111,0.14832234107927453,0.38485368064047265,0.10033090414262287,0.11481532731584765
1129,13,112,0.15285806292078727,0.2517740035803885,0.10260142660939243,0.11469097213008068
1130,13,113,0.18108763413001416,0.05810747540161604,0.10201213113134103,0.1201055356496188
1131,13,114,0.22862378332077488,0.03687826750943438,0.12785364365209523,0.1283158987892635
1132,13,115,0.17046091429883786,0.2313665118810363,0.10127372520395232,0.13477733203682948
1133,13,116,0.2735419597780495,0.2868422995732897,0.16864619518288976,0.15044119863993585
1134,13,117,0.2833667592439495,0.08297196927424651,0.19320457415038217,0.15924326641418482
1135,13,118,0.251948918588052,0.030675272538879857,0.1679076171206783,0.1625153352328806
1136,13,119,0.20209802404584734,0.08943591172988355,0.12428966418103904,0.14877656908698975
1137,13,120,0.1448407865982163,0.13789288521230486,0.08039009591171595,0.12998359861098413
1138,13,121,0.059704394002048675,0.15479985626386503,0.07907242377451076,0.07253987900153513
1139,13,122,0.06964237202035911,0.10689976010046007,0.08675556776659434,0.057196398947558014
1140,13,123,0.07438249142849465,0.07052727434803649,0.08089510204873746,0.04270717486801475
1141,14,50,0.08494179369812609,0.045736728770322234,0.07175721733236871,0.05995632937607505
1142,14,51,0.08323274614820288,0.04308943752916466,0.07000394194754472,0.05841298058532492
1143,14,52,0.08784786236946494,0.047287974900267746,0.06321209213349445,0.05699323148300791
1144,14,53,0.090025815708851,0.05622332680216859,0.060336734926513355,0.05956124822759689
1145,14,54,0.11637596481893021,0.08446151187045704,0.06766732222174789,0.06690258714750337
1146,14,55,0.089567216195802,0.1186858566237289,0.13257898594513134,0.059711352696343256
1147,14,56,0.08978619348725196,0.13102516086210536,0.0917158888907218,0.07754479847995911
1148,14,57,0.12145209890135308,0.13260247692402702,0.10032016128488225,0.09204904667307896
1149,14,58,0.10051013315779156,0.15577504870110043,0.12146211743238744,0.10989033176251892
1150,14,59,0.09921482792935074,0.1524909479054993,0.14439957092374112,0.12901088036766278
1151,14,60,0.10165075720136493,0.16220986686018465,0.17008295862065267,0.15233713305665214
1152,14,61,0.1610653467125259,0.19392019024439128,0.2421895852154131,0.17001613900576507
1153,14,62,0.14787580202745113,0.1765612706938997,0.24386425401365527,0.17523697042891542
1154,14,63,0.1400399893523434,0.17455316321995223,0.23227719374143446,0.18774496150995992
1155,14,64,0.13354389823737337,0.08504134470031356,0.21809315861495943,0.19279611319498144
1156,14,65,0.12240046690797649,0.0953764931421979,0.19708735713461203,0.19915567080554503
1157,14,66,0.09655542324508103,0.06991990798838914,0.1465522568917035,0.19475423266242703
1158,14,67,0.15097260180632716,0.061271353931916336,0.20653577628699218,0.20126968981355894
1159,14,68,0.08763145576251909,0.04253767080772615,0.13205120180051097,0.19528540778353876
1160,14,69,0.07748642329630932,0.11702210180999223,0.07833311575971454,0.19086611664184644
1161,14,70,0.09393048290258958,0.10404152106855512,0.08941086051729127,0.09185462594205558
1162,14,71,0.10555544429441409,0.19367398022345256,0.09649621870281845,0.09066731983059913
1163,14,72,0.11612871678425099,0.1246954028876315,0.10578683166612934,0.09911200182775147
1164,14,73,0.14992684575119747,0.04252087200379919,0.166206808861066,0.23832135687460854
1165,14,74,0.1468086686779356,0.07072283795549167,0.16832504131412251,0.23893303162084806
1166,14,75,0.14322493710497874,0.08593317548779443,0.15806770046046123,0.12129042949975936
1167,14,76,0.13355016263573766,0.021714598041856454,0.13719888012215073,0.1245336157026858
1168,14,77,0.1189349414324722,0.023402721396941526,0.10878337899630083,0.12730756917408942
1169,14,78,0.0808386065874442,0.08347705391358066,0.05050939792466663,0.13402960213599593
1170,14,79,0.12659208685068332,0.09191491758325557,0.10070143473462011,0.13470479335548238
1171,14,80,0.08369178242506675,0.08650294894583312,0.05606628354170816,0.1384906020881877
1172,14,81,0.0598474840076187,0.08463122857070282,0.04939579191695092,0.11334057480222302
1173,14,82,0.054053058350987636,0.129296435675334,0.06313186922425174,0.08073620723765565
1174,14,83,0.05169932781159914,0.21600034483844557,0.07884748988391173,0.04413687822867936
1175,14,84,0.05200133361320112,0.15426700590552028,0.07005678772190237,0.05832914334671816
1176,14,85,0.08278634690426777,0.20627070905781367,0.07552581418478922,0.09474085240826816
1177,14,86,0.08545911918997082,0.13973160988973904,0.08651368459179973,0.09984559030145862
1178,14,87,0.08647366550479252,0.11638287077532201,0.09904353212594032,0.10505318413237787
1179,14,88,0.08889454312283222,0.09272405445442061,0.11063517164688301,0.12549193242360002
1180,14,89,0.09313378812749239,0.07411154505164261,0.12666283254223915,0.1373973108731304
1181,14,90,0.11279114164342359,0.05682512032846917,0.16928142927592693,0.1556268493201763
1182,14,91,0.09394730980505896,0.07191661160432503,0.11367083757036155,0.0914813424480925
1183,14,92,0.11651966119576247,0.08952577529392858,0.16424266039534446,0.17264398666431816
1184,14,93,0.12930195881615622,0.07547158176922596,0.1886880346668999,0.1786854668776604
1185,14,94,0.1196602586923535,0.05100460024527401,0.17233433227317974,0.1857043903263386
1186,14,95,0.1282558011071119,0.041933646711448204,0.16754171064879675,0.19974617832488387
1187,14,96,0.13533249603852815,0.05164837925874634,0.15670825222198578,0.1547269850689671
1188,14,97,0.1356739929149133,0.23265575852150128,0.11150858729669458,0.11232663486180187
1189,14,98,0.19352108888268546,0.13229728316455017,0.16121610177615323,0.1408953028795011
1190,14,99,0.23557084815433924,0.1355955271941262,0.2008517928977,0.16494854608380813
1191,14,100,0.2739961605840385,0.18578916287530747,0.24005593212532456,0.1885565432224667
1192,14,101,0.30242568459049324,0.17911924312986424,0.27022196497597,0.2062879356248887
1193,14,102,0.340671696620159,0.215154830789331,0.3315717743260422,0.35764784211250206
1194,14,103,0.3318473987099403,0.2804612898634601,0.2923814205798353,0.24343151621449435
1195,14,104,0.36799693123644694,0.21830726304013084,0.3419847451350079,0.3875478813476343
1196,14,105,0.38034543216893973,0.13731226417708106,0.364605999054935,0.3880161215365454
1197,14,106,0.3696792902481948,0.12127293208518623,0.3396060943517758,0.26885729723816143
1198,14,107,0.3207983880130649,0.21503398925699174,0.24605310915117048,0.27194405157904966
1199,14,108,0.29514235725621196,0.16107923543813973,0.19037155927959126,0.2806804388267143
1200,14,109,0.21443743823489006,0.15200032873617902,0.10219696902879624,0.2587424175760349
1201,14,110,0.15360274445006414,0.33127632120534595,0.08809488944502426,0.11770694746845671
1202,14,111,0.14138915537449132,0.31595321209266247,0.10020454929441129,0.11047774687659513
1203,14,112,0.1464719367174526,0.2524745317218314,0.10255567396779637,0.11161311064282181
1204,14,113,0.1745783622691946,0.14392585795648208,0.10179131667935432,0.12153038838102484
1205,14,114,0.22252784249908264,0.11430926488864405,0.12707771936943163,0.1294669991196175
1206,14,115,0.16473900714314685,0.08160643858516897,0.1012560669976362,0.13466015740903473
1207,14,116,0.26819069952897523,0.1561855363302517,0.16721544141804692,0.14909146961094127
1208,14,117,0.27830886927277604,0.04055349196461836,0.192504418580768,0.15680433934239063
1209,14,118,0.24700784167968579,0.03125525856968891,0.16795978019655852,0.16717938661018258
1210,14,119,0.19729070622710093,0.0469420941738935,0.12465242373900437,0.14728172742992407
1211,14,120,0.14027913963076383,0.0834928346350165,0.08076312170124363,0.12892977377191542
1212,14,121,0.060792285809155834,0.11118257480801762,0.078357773131792,0.0861230376602
1213,14,122,0.07010024026002316,0.09429603295110843,0.08685061889367568,0.055856583886000725
1214,14,123,0.07365217590771096,0.06987418757894699,0.08111951023906196,0.05016107588851314
1215,15,51,0.0716573147522517,0.04401637647495709,0.07470005409594513,0.05952935610126135
1216,15,52,0.07704856576223147,0.050030004452732466,0.06732076126548071,0.05887840337692839
1217,15,53,0.08022737844319124,0.06221730865394317,0.06367060819208958,0.05924592085141935
1218,15,54,0.10771551209470354,0.0925395366607463,0.06793219578029491,0.06613847732732914
1219,15,55,0.09696273093524822,0.12828581537553826,0.1332753326360948,0.061174685861503944
1220,15,56,0.08390958983328461,0.14224164715164508,0.09668369153077831,0.07620873447290047
1221,15,57,0.11652602010514991,0.14527920002104452,0.10200242177763696,0.09634201745999137
1222,15,58,0.09892494347044753,0.1695816273885338,0.12407973787273394,0.11266646915991206
1223,15,59,0.10046330997872245,0.16714618325347577,0.14714706959812088,0.13022541248598127
1224,15,60,0.1057506457035521,0.17749298193711774,0.1726531681209507,0.1579909354230385
1225,15,61,0.16675258924606473,0.21025643779992897,0.2423053768566087,0.17578757096856548
1226,15,62,0.15322677794516817,0.07571084904800808,0.24662347682715208,0.18427897997090573
1227,15,63,0.14517249897596327,0.10055629007583163,0.2359667203832051,0.19598361245387708
1228,15,64,0.13857278637359297,0.06751611551183324,0.22194235451292843,0.19347343641197412
1229,15,65,0.1274960607748388,0.09112407791692147,0.20101272514062682,0.19493701271000716
1230,15,66,0.10182696431886637,0.07286938759800021,0.15106439298298374,0.19235587777074545
1231,15,67,0.1555219819139907,0.04880329712674368,0.2072055071507006,0.1980622991275777
1232,15,68,0.09294693686835243,0.03651369477121466,0.13645296939254511,0.19439317347794596
1233,15,69,0.08145030726445715,0.10711269386431682,0.08052949577967951,0.18704948443353484
1234,15,70,0.0986702019149944,0.09820499556014242,0.09054620916342414,0.19939734618052393
1235,15,71,0.11034774428264726,0.18584002218244763,0.09736536113945622,0.09845515914613946
1236,15,72,0.12147798316425379,0.12455984238766343,0.10648788326404705,0.10021629247441635
1237,15,73,0.1552445240673071,0.03181546055266921,0.16505488274008445,0.23434000658092713
1238,15,74,0.15208418656439765,0.01777152844918045,0.16876567419837762,0.2405839849627003
1239,15,75,0.14845357338065038,0.08434490726597822,0.15904353863038345,0.1245981705493144
1240,15,76,0.13880916606187574,0.019932536802519305,0.13844999520831713,0.1294353107365889
1241,15,77,0.12429706066501692,0.024691446526950434,0.11013877097173795,0.12326987232901092
1242,15,78,0.08639786417065994,0.10158546393828626,0.05129851215022584,0.13310650733629548
1243,15,79,0.13121420911523632,0.11161507377223616,0.0997441514287459,0.13262039358131564
1244,15,80,0.08876111340219438,0.09839178802172376,0.05694477927825719,0.13342920292716212
1245,15,81,0.06442640133633643,0.11603516224248411,0.04862875525239613,0.10516884784835728
1246,15,82,0.05776524304284064,0.11501906838837671,0.06250857831986802,0.043237278458248304
1247,15,83,0.05389877052237429,0.2027311109390176,0.07843212696215823,0.04534746450426073
1248,15,84,0.05466331206767814,0.15262361980933095,0.07039308634504383,0.05358974136080454
1249,15,85,0.08495294294381159,0.20424867231593033,0.07573369130742102,0.09310744206106641
1250,15,86,0.0864811516419201,0.1483127247399714,0.08658287063458357,0.10280852695634275
1251,15,87,0.08611207440227683,0.12771016053229234,0.0990674658613965,0.10877856771344341
1252,15,88,0.08744496370828242,0.1143268152434593,0.11063077364157396,0.12478086021112074
1253,15,89,0.09054936238639985,0.0842315963242958,0.12654898447261553,0.1382438408082263
1254,15,90,0.10891540052710251,0.06081055964860625,0.16841840835018365,0.1602450345393983
1255,15,91,0.09200311598086518,0.07109611836403464,0.11478429670510991,0.09735472748141208
1256,15,92,0.11281250701181095,0.08605632290300132,0.16349253473049286,0.1770912872491684
1257,15,93,0.1256776590743792,0.06949206256428252,0.18818388433902866,0.18400067150649557
1258,15,94,0.11636513900311077,0.05057979858643542,0.17296111275118284,0.1882441174001697
1259,15,95,0.1251213573263699,0.04288230759133832,0.16846289515569499,0.19917770352541136
1260,15,96,0.13240035085434596,0.05179960598066654,0.157865349091448,0.20802137675723867
1261,15,97,0.13390667827149585,0.21927445602124981,0.11177108947487904,0.10667589851949325
1262,15,98,0.1911130412100612,0.10379524635464595,0.1613781901405403,0.13982533166077338
1263,15,99,0.23303178520563822,0.15072032211976644,0.20095386305786284,0.16306208522196575
1264,15,100,0.2712681255696878,0.21414393667638823,0.24002413637569403,0.1939028279808852
1265,15,101,0.2995712895445547,0.2002976092528872,0.27018028523469045,0.21417151171342222
1266,15,102,0.3375661923845438,0.22519815632958115,0.33078901114425874,0.351194629807293
1267,15,103,0.3290715420232029,0.291537278985204,0.2933999953391818,0.24620248045508586
1268,15,104,0.36503650736419696,0.22996715739954027,0.3415301645458071,0.39003463563690915
1269,15,105,0.3774426964646669,0.1422761388994094,0.3643162235408764,0.39683535556937216
1270,15,106,0.3669943382483586,0.12454506322938234,0.3402999490147047,0.2650844556026384
1271,15,107,0.3185105757778349,0.3186703114414438,0.2481646971576362,0.26697250493799146
1272,15,108,0.2931055678319016,0.27031533524003076,0.19170254353464958,0.2799671888187754
1273,15,109,0.21313162751896075,0.18816619690299552,0.10331239528106345,0.26793437738034687
1274,15,110,0.15304568900083118,0.3673698688608261,0.08802634704063689,0.1275279747899063
1275,15,111,0.141127636894428,0.3692820907887554,0.10010753610837347,0.10466448695559238
1276,15,112,0.14623305306449244,0.2563075180853623,0.10253660284816961,0.11245197946382922
1277,15,113,0.174016783105494,0.12240282197541427,0.10169616642067696,0.11966333980235412
1278,15,114,0.221429315355223,0.0744354317798822,0.12661195584870896,0.13575634796724542
1279,15,115,0.16441855315285311,0.21056435943022112,0.10129899838670899,0.14184529658111714
1280,15,116,0.26675210616539147,0.2761863238338446,0.16630610741380547,0.1505120122563395
1281,15,117,0.2768587923755394,0.07469404491215405,0.19207319529547565,0.15667069923757038
1282,15,118,0.24594476090043824,0.03254953751451917,0.16805986739894851,0.17188957902842492
1283,15,119,0.19675720960472265,0.05333844309209974,0.12497966083175113,0.1463787982330275
1284,15,120,0.14031262876021422,0.09986836662630091,0.08107977063193895,0.12478151446863361
1285,15,121,0.06032553146243253,0.1285099138034968,0.0777945390257687,0.07793189003405679
1286,15,122,0.06985103444637883,0.10002841757840863,0.08686611698860994,0.05887029991808754
1287,15,123,0.07379947234874039,0.06960659447126666,0.08125377104938797,0.04555400220054256
1288,16,52,0.07076881073428433,0.06444510915616762,0.07152948148679399,0.057444276243768355
1289,16,53,0.07417529855578045,0.06475360477671795,0.0671975043484244,0.05860130962964164
1290,16,54,0.10092980965959343,0.09694346979633768,0.06879914963919377,0.06467442717383837
1291,16,55,0.0987264426527473,0.1341474500436401,0.1333723314839591,0.05976947459295082
1292,16,56,0.0798049949100395,0.14949715942440828,0.10113100735221625,0.07706922959355816
1293,16,57,0.11212953268360465,0.1538486016056407,0.10392241536094353,0.09728884711378946
1294,16,58,0.09825465673603373,0.1791032864340683,0.12637922857179107,0.1175425417835188
1295,16,59,0.10207460724430847,0.1775368240914913,0.1493946991551562,0.13838185280922088
1296,16,60,0.10900634643102078,0.06387451367051689,0.17460466635262215,0.1518752001525391
1297,16,61,0.16698963912414713,0.2221773644531286,0.2417006959773116,0.1740159285445043
1298,16,62,0.15479521592459444,0.08236554793206644,0.24855653368411376,0.18616367596339295
1299,16,63,0.1475714021013453,0.10104601035063958,0.23897488616650742,0.19256407654375715
1300,16,64,0.14167575351313713,0.06727457095885851,0.2252639442439947,0.19416810344631752
1301,16,65,0.1315285288578086,0.07955509936209199,0.2045044373190347,0.19218853222614982
1302,16,66,0.10761639593281663,0.07081528706334836,0.1552845720225911,0.19293013091552014
1303,16,67,0.15897335953201824,0.06633008589606801,0.2075875432443848,0.19762328162554835
1304,16,68,0.09936720812438281,0.03157411367319545,0.14023900187291818,0.18800913406573536
1305,16,69,0.08722183386233996,0.09533320538993385,0.08263951902816498,0.1847877828397128
1306,16,70,0.10506270342468024,0.09115926808053952,0.09140576318373506,0.20015203572435242
1307,16,71,0.11685096441762258,0.17553052383174714,0.09792181275106387,0.20550055918134055
1308,16,72,0.1284636674989102,0.13529322437020594,0.10679887632994262,0.11052642690150453
1309,16,73,0.16102812453429774,0.020203294256506205,0.163379368071447,0.23882529109858752
1310,16,74,0.1580542091165463,0.01617754384515475,0.16864499538297503,0.24175728921268272
1311,16,75,0.1545888868722148,0.04311312724022205,0.15955159345129183,0.12066582778706123
1312,16,76,0.14530760994213154,0.020861035349857112,0.13931695643327546,0.12461164609188106
1313,16,77,0.13130520603029464,0.02822300644007505,0.11119164217838196,0.13574573988025532
1314,16,78,0.09462858039766606,0.10272605095280013,0.05209693915844025,0.12820120672827626
1315,16,79,0.13716565323133809,0.1089763180852389,0.09857891065278516,0.13339913033239265
1316,16,80,0.0960962677842098,0.07945233310342412,0.057607753780803204,0.1370375917382053
1317,16,81,0.07160223640570827,0.09672414842996654,0.04807414109334428,0.10998883512042913
1318,16,82,0.06388335140863298,0.09877673664543161,0.062108524970935615,0.05695505559928081
1319,16,83,0.0580979520620495,0.18127265874571916,0.07827792286914578,0.04507479215101756
1320,16,84,0.05923971243285002,0.14753356038866505,0.0709802401238559,0.06433738109473382
1321,16,85,0.08827450760414796,0.1982369151653655,0.07610031351907348,0.09385210547710014
1322,16,86,0.08834455852988211,0.1559796225495787,0.08679676767654877,0.10097904218429957
1323,16,87,0.08618081021101093,0.14011318257211605,0.09930184402530429,0.10732024573973224
1324,16,88,0.08598386748204247,0.12914813282136,0.11086883088976544,0.08877293124118249
1325,16,89,0.08736304670400911,0.11039063452068684,0.1267016598286594,0.13917819888091387
1326,16,90,0.10330480019504794,0.0753805196216049,0.16781835328678502,0.16011576046793147
1327,16,91,0.08980821652742677,0.07655453551110591,0.1161115745744362,0.09576134622643774
1328,16,92,0.10746146366911719,0.08613106011786138,0.1631086727085814,0.17829430226139922
1329,16,93,0.12033599313117263,0.059551620827195825,0.18795420737759083,0.18540052613774663
1330,16,94,0.11178440542816626,0.04823066603158664,0.17378329133297682,0.18690052317406017
1331,16,95,0.12097871056223816,0.04370540822041666,0.16959631535434955,0.1992126181905697
1332,16,96,0.12882698212223662,0.052138736112171326,0.159239487918931,0.21169036946048206
1333,16,97,0.1323575611468368,0.20507387881970976,0.11223080227425974,0.10569389142583942
1334,16,98,0.18870090761073902,0.09542005003203848,0.16174271215152422,0.13960806683771704
1335,16,99,0.2305114847475869,0.14012272757672126,0.20125578928959184,0.16814297523907284
1336,16,100,0.2684828276711395,0.20047571288686675,0.24020290633330055,0.19205685827569996
1337,16,101,0.2966185638175882,0.2050744010951502,0.2703476700715554,0.20914687328810574
1338,16,102,0.33387479608589166,0.22838947739032875,0.3302272594091779,0.3424995165366084
1339,16,103,0.32650848444349473,0.28613094572346603,0.29455358017669325,0.23696376109424305
1340,16,104,0.3617021062744577,0.23120730603231543,0.3413281273469132,0.3737827133384612
1341,16,105,0.3741485132975358,0.14156810929014746,0.3642256524920176,0.399054738146562
1342,16,106,0.36435009519231093,0.11455637739528712,0.3411171872776867,0.2682434431172802
1343,16,107,0.3173457965429397,0.29622130690246495,0.25036189593674607,0.26933264779319604
1344,16,108,0.29277419559589757,0.2554831226056564,0.19323993623586697,0.2857990980406318
1345,16,109,0.21510319340543546,0.1835907257733616,0.10467289560501519,0.2898473952004983
1346,16,110,0.15625086683051054,0.3622379317298776,0.08797318221081163,0.11381011233627061
1347,16,111,0.14410673007962624,0.3656907860528301,0.09998353272883873,0.1098752938743009
1348,16,112,0.14896458604273652,0.2644031856304305,0.10253091812122846,0.10840796347422005
1349,16,113,0.17627208396024058,0.13388560539384467,0.10166749589854014,0.1161241966422532
1350,16,114,0.22254822449385195,0.09802159322532099,0.12617846212739625,0.12103982639082322
1351,16,115,0.16669409995545192,0.20033544899631267,0.10144353394502494,0.12646243556080608
1352,16,116,0.2668840296501222,0.26773312189242987,0.16541905312636507,0.14386582884519114
1353,16,117,0.27681548526125604,0.06941001270818575,0.19169580195148297,0.15729923676813645
1354,16,118,0.2465339186847011,0.03226645002842194,0.16830040229953191,0.16973541450902582
1355,16,119,0.19821653715543616,0.049562030071624096,0.12548145732022054,0.15233401547480016
1356,16,120,0.14264091460656791,0.08707448390590965,0.08156020359575564,0.12930649298344873
1357,16,121,0.05918051136078924,0.11586193621206733,0.0769344673690325,0.0817251626041734
1358,16,122,0.06934391728585253,0.09784252323331019,0.08676118834370408,0.07164790189058112
1359,16,123,0.07451652634348467,0.073275699473841,0.08134428676819287,0.05773550541025071
1360,17,53,0.0726833176398915,0.07679325075501178,0.06888135470343237,0.059533691405092334
1361,17,54,0.09559484154028128,0.09967462238216768,0.06955124239215163,0.0658770741348655
1362,17,55,0.08942003027681379,0.1389345707682686,0.13983718362696604,0.06481766022931171
1363,17,56,0.07729936280924156,0.15611565878741654,0.10299962449229191,0.08538879644255083
1364,17,57,0.10715441139073446,0.16223396349208624,0.10476840954212172,0.10552748341833729
1365,17,58,0.09839470416028472,0.1887304609221806,0.1276852335049285,0.11089104554854312
1366,17,59,0.10409159010080508,0.18845457694805082,0.15086701227216628,0.134261364397564
1367,17,60,0.11114772778728062,0.05521229280570899,0.17626936339402588,0.1535261136972845
1368,17,61,0.15698830193947494,0.23492406539077793,0.2452544646671448,0.1726379052837285
1369,17,62,0.14956489179756935,0.12036909791773817,0.25024795829437024,0.18554042820176336
1370,17,63,0.14539127735229024,0.10413072363927527,0.23972249032639842,0.19130504435816628
1371,17,64,0.14197990657092013,0.09180304613130216,0.22547875951318366,0.19183046297584103
1372,17,65,0.13476410649460663,0.0646039035413838,0.20417196366749973,0.19334974970689967
1373,17,66,0.11633990209593695,0.03234018982405553,0.1534463154974872,0.19193206705803834
1374,17,67,0.161366611197846,0.06510099824479569,0.20869989191766938,0.19942247965160198
1375,17,68,0.11010405883502537,0.05599535881935787,0.13955842131451407,0.19606328109507234
1376,17,69,0.09899597354643307,0.09882742416417538,0.08152506323260308,0.1867176105923064
1377,17,70,0.11709749752609684,0.09799950244712778,0.09111330781930509,0.19970296452020608
1378,17,71,0.12920618882583126,0.1659214863853713,0.09768152757523466,0.21419159835692853
1379,17,72,0.14120862568316278,0.13554483427945657,0.1066370318926662,0.21844545015691585
1380,17,73,0.16964372598976346,0.01955248748841566,0.1649569438670331,0.23338318321730275
1381,17,74,0.1674144910484289,0.03903362374477848,0.16869408307889025,0.24312297418269005
1382,17,75,0.16464215083452965,0.0748362057114839,0.15891642431877379,0.11535479085413068
1383,17,76,0.15658566507012078,0.022229731577407902,0.13824720066589452,0.12033102165872893
1384,17,77,0.14419184144592062,0.029117469679205994,0.10982575863826094,0.12134211719220085
1385,17,78,0.11170552470522617,0.08803761709422607,0.0509944576952461,0.13071419284890984
1386,17,79,0.14798393844349916,0.0870462165526382,0.09901914417249717,0.13163867389679743
1387,17,80,0.11096627947852748,0.047492996876853655,0.0568176593748303,0.13744853147602615
1388,17,81,0.08747817112364134,0.06967021854859999,0.04888710016116227,0.10682154994009123
1389,17,82,0.07832669360184817,0.08733284714663642,0.06310533830957415,0.047405505261504874
1390,17,83,0.06978913366526088,0.15512841479518572,0.07922956242735407,0.04650028790733568
1391,17,84,0.07069859211687031,0.1400063722860014,0.07131659459234266,0.06069649319360077
1392,17,85,0.0958061988233935,0.18854105754762648,0.07614591585579601,0.10036121232671173
1393,17,86,0.09336175069988109,0.15901587379183527,0.08704290237714227,0.1009654131089288
1394,17,87,0.0880729587167826,0.14849109870304567,0.09978655258333426,0.10369969150666616
1395,17,88,0.08486325376387827,0.1397945148256569,0.11151891940196942,0.09665141579542154
1396,17,89,0.08250347080234112,0.12554109531528024,0.12757515870843592,0.1345233223089416
1397,17,90,0.09215434615673387,0.10883622590058627,0.169542797581875,0.15594869777216988
1398,17,91,0.08659832892911974,0.09597549132872389,0.1159923219917741,0.09993458690196891
1399,17,92,0.09658105979058622,0.09586583777725032,0.16428863612042355,0.17691870983386068
1400,17,93,0.10914789038763556,0.0434516393604618,0.1890671484322799,0.1814815839736356
1401,17,94,0.10263133625671636,0.042307123660677265,0.17424920887682305,0.18590677711479564
1402,17,95,0.11306836773695715,0.044121214378621966,0.1698447097544167,0.19690803387776665
1403,17,96,0.12254388873369036,0.05302712915416585,0.15925190086388732,0.21031996640690157
1404,17,97,0.1306158784791966,0.1911545236069599,0.11221244590074143,0.11011350810873687
1405,17,98,0.18540309400342012,0.08457900185811118,0.16211187905006272,0.14082937818688807
1406,17,99,0.22711183743654004,0.13243670050145412,0.2017381285897034,0.1671064294122596
1407,17,100,0.26456445525744227,0.19163929318495843,0.24083130846860681,0.19237167711024944
1408,17,101,0.29238061536015975,0.20067342770939925,0.27099545221777793,0.21517433205221131
1409,17,102,0.3275762766695814,0.23747040013988308,0.33149495373141225,0.3620534395809893
1410,17,103,0.32346870984091247,0.2903246952914061,0.2944698078303396,0.2462912243069201
1411,17,104,0.35636131269407045,0.23824364027300549,0.34211608914596175,0.38692820942751766
1412,17,105,0.368812424032963,0.15114672330107418,0.36491422392965844,0.4023354815292521
1413,17,106,0.3608390372199116,0.12075686420256583,0.34121172922088466,0.2655898424553357
1414,17,107,0.3181379949548274,0.2756361745387702,0.24933207869895022,0.2708019100559731
1415,17,108,0.2958796964726907,0.14059815574009563,0.19227417510005662,0.2840946886657561
1416,17,109,0.22452177443328747,0.14065220232699538,0.1033676000144006,0.28865610335117775
1417,17,110,0.16856949844683353,0.35937558891577887,0.08810126894391605,0.13391862992929235
1418,17,111,0.15529172971402913,0.36485835506023107,0.10016489605762284,0.10529375153124379
1419,17,112,0.15916029257125816,0.26960633888768254,0.10257844959606914,0.11525422276322558
1420,17,113,0.1852296723360475,0.14634011328434784,0.10184876725537076,0.12238566199426143
1421,17,114,0.22861104375766292,0.10455467886751256,0.12703074599301975,0.13068088769983513
1422,17,115,0.17528031696589025,0.197126446422005,0.10132614620360765,0.13611684123021853
1423,17,116,0.27022605854115683,0.2610579787494311,0.1667729413680292,0.14543707878397735
1424,17,117,0.279577501144662,0.06153630628277862,0.19232267291645788,0.15902362926635177
1425,17,118,0.25070983499689614,0.03115439622625004,0.16803387751344592,0.16082112864794504
1426,17,119,0.20435733616698668,0.05176476434617285,0.1248088031128486,0.14792539352044878
1427,17,120,0.1507082547857448,0.08390339772798039,0.08086547632854282,0.12780682470095453
1428,17,121,0.05844896842848977,0.11027172110261582,0.07831810886011052,0.08259051227027905
1429,17,122,0.06973185308911774,0.09867285692454952,0.08698231817503657,0.05847891512399882
1430,17,123,0.07784234468037093,0.07774741501998725,0.08125999674729517,0.05020224723998373
1431,18,54,0.09236372420494604,0.11829237623358306,0.06963959090063392,0.06518346990007735
1432,18,55,0.11013048313874352,0.14149202423420965,0.15426297505636913,0.06445427787753155
1433,18,56,0.07503852164301611,0.16074134617012995,0.0989040526937888,0.07777774651078824
1434,18,57,0.10782992875486037,0.12553007782171283,0.10368307116668214,0.09819246894760024
1435,18,58,0.09778499702874865,0.150660038219945,0.1269829546589171,0.11916571725450822
1436,18,59,0.10419373851043386,0.13120545130086728,0.15053430004538054,0.12841541944264562
1437,18,60,0.11338198375723672,0.1105821695659682,0.17679362875968246,0.15167048700096755
1438,18,61,0.17275952007400389,0.17169744836034306,0.2535209421243288,0.17413556134824043
1439,18,62,0.15989012324964516,0.14675899086436828,0.24980395604578226,0.1843523688158484
1440,18,63,0.15239018972188095,0.1277786902112687,0.2361583530772748,0.19162914834488917
1441,18,64,0.14641880584033312,0.11513987295039818,0.22087060958504331,0.1984348136702547
1442,18,65,0.1364434727477706,0.10268203864420032,0.19861519238920095,0.1943260347787964
1443,18,66,0.11318013998757175,0.03936649973949275,0.14493230682618574,0.19638020086424188
1444,18,67,0.16319173877150422,0.052214697975160936,0.21129503788104248,0.19981648116865117
1445,18,68,0.1054940926592122,0.02801397294944213,0.1315603393099631,0.19726045265724426
1446,18,69,0.09237562080103326,0.07015531665080846,0.07737640697136253,0.19375389129866583
1447,18,70,0.1105152249788409,0.06836129511958515,0.08948579553992049,0.19752709836535998
1448,18,71,0.12203294318271374,0.13332144025724596,0.09629779660442957,0.2118850112122979
1449,18,72,0.1339882808113564,0.10319009298072251,0.10556045213854207,0.22501362948475698
1450,18,73,0.16660355828739193,0.016701649672109728,0.1692462453704885,0.23944829382032506
1451,18,74,0.16367361017021104,0.017105492007910655,0.1678609199521136,0.24271241188094608
1452,18,75,0.16021783389868108,0.03239016019495261,0.15645581123415975,0.12813428583006164
1453,18,76,0.1510004741407269,0.02106301456493548,0.1348473053890315,0.12734324664064783
1454,18,77,0.13700901311310082,0.028150965187199613,0.1059247259096434,0.13740808255549525
1455,18,78,0.09969616597018724,0.09306402502539944,0.049032618222447276,0.14373422732867178
1456,18,79,0.14230715572870353,0.12929512752900024,0.10135312218061691,0.14441141355533071
1457,18,80,0.10126826313041211,0.03260923143421808,0.05426388935764957,0.14527641924401297
1458,18,81,0.07548828593971263,0.05874468940454102,0.05161128439165847,0.11951167783272874
1459,18,82,0.06672620091986954,0.08650464955545022,0.0656360586665906,0.08758588320044908
1460,18,83,0.05978312304086068,0.14876104680910401,0.08145394710841031,0.04244063408038677
1461,18,84,0.06116242816151272,0.13638834453089635,0.07157678364608933,0.05329579722231658
1462,18,85,0.09031813493336723,0.1833603479858966,0.07607929887794353,0.09799114095660962
1463,18,86,0.08951203645552265,0.15625907523028373,0.08750075293137016,0.10626568328024666
1464,18,87,0.08627678834827383,0.1468025905648741,0.10078779829215509,0.10725914010175312
1465,18,88,0.0852684398007672,0.13905242131766998,0.11283589426784117,0.12160905838040734
1466,18,89,0.08592562619046168,0.12636340787202457,0.12940829045579907,0.1371671274911086
1467,18,90,0.10195981855241107,0.11145707336871938,0.17364984550664492,0.15165408264102012
1468,18,91,0.08845499787562165,0.11488229341267521,0.11443971378345531,0.16590007512701782
1469,18,92,0.10544581855171134,0.10749661741905073,0.1677703775920606,0.17198277092458344
1470,18,93,0.11868634176378419,0.03424908494846039,0.19191503763446727,0.17693430142830527
1471,18,94,0.10986065252187392,0.03843268297013813,0.1743206700107759,0.18513951514022325
1472,18,95,0.11888178800547022,0.044382598057816816,0.169191667869072,0.2010969577320006
1473,18,96,0.12653742755889186,0.05357375880983687,0.15793212218831487,0.21539207875644784
1474,18,97,0.13067802361313605,0.18836686024206492,0.11216340477623056,0.10854697867882176
1475,18,98,0.18637816307645613,0.07809834972246324,0.1628021735085623,0.1366061800368222
1476,18,99,0.22803956195050656,0.12825296785735013,0.20263193139128538,0.16559234157105202
1477,18,100,0.2658342090722336,0.18912757296088611,0.24211913937098853,0.19207823556597314
1478,18,101,0.29385078776824525,0.20183614275232348,0.2723071339490743,0.20757799680003997
1479,18,102,0.3310010169794686,0.23598517940309605,0.3347234651097691,0.34413640277165086
1480,18,103,0.3237051708281638,0.3016281020951058,0.29310733486792745,0.2335351572435128
1481,18,104,0.35878195268512986,0.25068259063050446,0.34428588149858824,0.3706416000008898
1482,18,105,0.37129030560004533,0.15859121539540472,0.3666108995164034,0.3814248124362263
1483,18,106,0.36164063152414766,0.12357029884770614,0.34053319855775926,0.2687518044313583
1484,18,107,0.3149446548053518,0.27422844719215406,0.24505505254491375,0.2792521657143477
1485,18,108,0.29036512067948056,0.24932316113100864,0.1896021503406297,0.28685094463395844
1486,18,109,0.21170903020643356,0.18357117399134346,0.10073401512650036,0.18532423675495238
1487,18,110,0.1515182214775791,0.3617897434363536,0.08837337061420344,0.12879137833665916
1488,18,111,0.13950596639568882,0.36771510517117995,0.10044781406038247,0.1152798466170694
1489,18,112,0.14455066455401402,0.27367668423493885,0.10266898632175182,0.11083615330768824
1490,18,113,0.17207759784521545,0.15175083624033034,0.10226208528235722,0.11656018280977383
1491,18,114,0.21908558075114187,0.11103101924709918,0.1286271321758532,0.13005658549453447
1492,18,115,0.16280711926573835,0.05295985555895406,0.10120411885936169,0.1340393487206951
1493,18,116,0.26408455371830236,0.2692722672510753,0.16953796083598255,0.14483493224625632
1494,18,117,0.27418546495257423,0.03356938043288935,0.193544162882684,0.15376892920362528
1495,18,118,0.2438282753758859,0.030439924204061556,0.16763740789781292,0.1704566255685681
1496,18,119,0.19528570589417046,0.052586661702884376,0.12373735607730386,0.14761866552195055
1497,18,120,0.1393769656851448,0.08467604795520249,0.07979680065468468,0.12801213972588912
1498,18,121,0.06033602493548754,0.11111864894490828,0.08039374097718953,0.07155595750292372
1499,18,122,0.06983269592933582,0.10012328085546279,0.08710593228180669,0.04597311602487971
1500,18,123,0.07368589478740914,0.07961478344456736,0.08100370884881224,0.04175583842191253
1501,19,55,0.09392178894116554,0.1444872398355595,0.15027945059984255,0.06240810585581943
1502,19,56,0.07306453492170274,0.16085074388036077,0.10286168556931702,0.07919090895284357
1503,19,57,0.10259348611350998,0.1202224960594319,0.10483430413225094,0.09925968024482176
1504,19,58,0.09838108824666048,0.1968641742686005,0.12824353129997382,0.11499102767756442
1505,19,59,0.10652968019906127,0.12406634787774196,0.15160538712168645,0.1278412254495756
1506,19,60,0.11522997381512896,0.10503386981172637,0.1774297816638499,0.1483373352093029
1507,19,61,0.1583204295127779,0.16771271997587012,0.2508414154337313,0.17223757819613988
1508,19,62,0.1519756789655488,0.15013892122798775,0.25101597949116883,0.1826502808605592
1509,19,63,0.14859875040690937,0.1338559017083345,0.2384412166709345,0.18951848983955363
1510,19,64,0.14595230484162514,0.09540956658486435,0.22332230200585565,0.19202418137358168
1511,19,65,0.13984584722777454,0.07006588560741099,0.2012474766620106,0.19910423356007448
1512,19,66,0.12381723197054323,0.0399621070784892,0.148624094519028,0.19491642832359382
1513,19,67,0.1655861264886935,0.08079651762605755,0.20986130365965505,0.20308089916705155
1514,19,68,0.11867887899539585,0.09078775213673623,0.13453780566448106,0.19722346606362925
1515,19,69,0.10772973173453086,0.11199213723097648,0.07860894544579307,0.1812565054058741
1516,19,70,0.12563397524327763,0.0952499532800968,0.0895479003203809,0.19684998356348524
1517,19,71,0.13751381699589565,0.13830920634948593,0.09618033505918852,0.20889646860340674
1518,19,72,0.14964499816007293,0.11894450590991289,0.105044243152652,0.21846931150371288
1519,19,73,0.17674060409849804,0.021089396090946365,0.1660463093645318,0.23628380487353934
1520,19,74,0.17478722011162362,0.06182097937040749,0.16704239190656026,0.2407908497971558
1521,19,75,0.17224627737561632,0.08626897063643478,0.15630859746464096,0.14735349495276387
1522,19,76,0.16461453610794619,0.03730838311155692,0.13510171295577167,0.12917145131470226
1523,19,77,0.1526998285518934,0.025297621504407532,0.10642309819798694,0.12505533561706733
1524,19,78,0.12099948182626541,0.10008748838445493,0.04934426352148744,0.14217070228277892
1525,19,79,0.15541460530903475,0.1391964144444578,0.09907901339653592,0.13270684120840848
1526,19,80,0.11954298975019241,0.02573002051239095,0.054694603375531614,0.12708941135646862
1527,19,81,0.09540690261125626,0.0618689630846082,0.05122292457150948,0.09655274383040215
1528,19,82,0.08508186994994156,0.0760672890316051,0.06576204395652288,0.04376707123324876
1529,19,83,0.07508431481481684,0.14971267871830887,0.0818703317867525,0.04685396909312538
1530,19,84,0.07582508875502363,0.13805686370818857,0.07281087046748315,0.060643677347995535
1531,19,85,0.09991709511391349,0.18189231099033223,0.07666516113773536,0.08859773162112923
1532,19,86,0.09624161627751644,0.15422264731387245,0.0879756679003088,0.093994154988772
1533,19,87,0.08941137399619059,0.141437617909868,0.10137544288918446,0.10225137149693093
1534,19,88,0.0847840291440155,0.13511645462928196,0.11350115502077232,0.13164179364735754
1535,19,89,0.08081179046429328,0.12030374793511085,0.13001700983947934,0.1403565877799577
1536,19,90,0.08879015602523817,0.10528935104319885,0.17337283823339497,0.15651733530693887
1537,19,91,0.0851586889464434,0.11015464051176663,0.11638105794282923,0.16635382978764648
1538,19,92,0.09261190129158985,0.1137391909797739,0.16772805113121103,0.17698003505915516
1539,19,93,0.10542469099142197,0.03116486176808444,0.19214871385631196,0.18193612436659112
1540,19,94,0.09910812825720298,0.036673017702712356,0.17567135873530104,0.1856583451366751
1541,19,95,0.10962788219349714,0.04424116281608047,0.17078182515366822,0.20067207264964176
1542,19,96,0.11924370049663044,0.05342856564229134,0.15973712054683872,0.2129431751612323
1543,19,97,0.12873960574513085,0.18959527326077266,0.11263053587934249,0.10602923673316694
1544,19,98,0.18261705875984408,0.07684963012510629,0.16338044327951246,0.13576617816480704
1545,19,99,0.22414478759745862,0.12699926714756804,0.20322707950300717,0.16446177014702532
1546,19,100,0.2613214503797498,0.18998969241187683,0.24261417021999318,0.1879286722508223
1547,19,101,0.2889535014369633,0.20364625365223807,0.27281231642578546,0.21279407355071056
1548,19,102,0.32366713206150904,0.237953403700815,0.3344104685052851,0.35178816932664464
1549,19,103,0.320202007569355,0.3024732370203153,0.2947195566308589,0.25281073232095064
1550,19,104,0.35257665954630313,0.259926511264177,0.3443372100165358,0.38960698674988653
1551,19,105,0.36508246717739695,0.1643693539162924,0.3668276215760678,0.3415486564294859
1552,19,106,0.3575699560406201,0.13799150159623294,0.341679837795968,0.29819598206046766
1553,19,107,0.3159044950150424,0.1583740504173546,0.24764144970759544,0.2778743577182026
1554,19,108,0.29404253746700326,0.13876400531869584,0.19143578290964983,0.28967090132245327
1555,19,109,0.22288503789445818,0.1412799909408183,0.10237640814877534,0.304984688999337
1556,19,110,0.16609766363139444,0.36671301414087154,0.08830460122828541,0.11664469546080039
1557,19,111,0.15256905680467717,0.37186679055458666,0.10032250898265649,0.11372622976980093
1558,19,112,0.1564413436337606,0.27605801335284497,0.10269837526112342,0.11457910281946625
1559,19,113,0.18259871323323743,0.15562823422587996,0.10232851898642162,0.11596325916127405
1560,19,114,0.22619127003916917,0.12650308561879173,0.1282949785067424,0.1283438696081376
1561,19,115,0.17284767831802852,0.050222780871460086,0.10148894051943767,0.1397280565145249
1562,19,116,0.26796823434248157,0.13295114119127577,0.1686323177322714,0.15165346391937898
1563,19,117,0.27738674319166756,0.03431715625737185,0.19333458213367613,0.15510420183432694
1564,19,118,0.24868261940569966,0.030580438279376183,0.16811490967897275,0.1600333922581413
1565,19,119,0.20243976129568764,0.05260070200821256,0.12445179444181702,0.14424723802576334
1566,19,120,0.14877852440576023,0.08487534410149782,0.08042995062713816,0.1240169548932573
1567,19,121,0.058228595006840134,0.1115495705563348,0.07926729412461578,0.0757513964994581
1568,19,122,0.06937632695015752,0.10089510745053844,0.08693432469857916,0.046838685019481026
1569,19,123,0.07695619564510763,0.08057367593903544,0.08104222439761799,0.04288583240334347
1570,20,56,0.07729779227414633,0.1666246663633335,0.1004094226173332,0.07577591053012493
1571,20,57,0.10169714572050732,0.1688099854282504,0.10389825758587062,0.09546841629415194
1572,20,58,0.09937350134927392,0.19674605437782358,0.12690854494053094,0.10140132557884797
1573,20,59,0.10629162761047545,0.1978598076501122,0.15009971515419077,0.13412086994179676
1574,20,60,0.11179386295204963,0.13240611247232204,0.17596718807595746,0.1515705018063377
1575,20,61,0.13479336707056191,0.24634305263764772,0.2513217788659832,0.17547490556867454
1576,20,62,0.13538989105496693,0.15070356177816246,0.24931131981847868,0.18448294855937808
1577,20,63,0.13666653553568892,0.15329834118764682,0.2360303296594639,0.19239759645843452
1578,20,64,0.13792247146749545,0.11768261074745286,0.22073279054291078,0.19457803194930628
1579,20,65,0.13634382263375205,0.1062940718843469,0.19846090731409358,0.1945355215075507
1580,20,66,0.12872770483605434,0.06884181865816603,0.14518891293787456,0.19654808726450032
1581,20,67,0.1617044274391952,0.04991374780062086,0.20920858489202376,0.20237424631448184
1582,20,68,0.1269839688996985,0.08978133735218469,0.13065714016022476,0.19573763998919325
1583,20,69,0.11968380539625843,0.08040066390685928,0.07665805223533188,0.18019583486398438
1584,20,70,0.13654725033859844,0.100117493268647,0.08801665269488565,0.1908429551798593
1585,20,71,0.14872578047315185,0.14062755616773995,0.09469378501544065,0.21128110466830582
1586,20,72,0.16056363340490695,0.12075334686468424,0.10333888770672524,0.22035091207768895
1587,20,73,0.18166967297051237,0.02493837054013722,0.16530945294221414,0.2344721979124161
1588,20,74,0.18100581329119295,0.0666596025429649,0.16508622430532488,0.23966544969690062
1589,20,75,0.17969636298974298,0.08904826838422283,0.154054371441,0.12997646753723918
1590,20,76,0.17400775381688838,0.03719912577959308,0.13273017333520384,0.1282383211485372
1591,20,77,0.16448529983518273,0.026262151706969872,0.10407390456491183,0.12927484583106122
1592,20,78,0.1388647486198209,0.11322094414514386,0.048636945488977804,0.13072594389425451
1593,20,79,0.165159715043127,0.10613171943730258,0.09850152666222683,0.13022970151129382
1594,20,80,0.13481388849468137,0.025670124526750434,0.05342094065748212,0.12796242609063438
1595,20,81,0.1126861632256601,0.05894759045709492,0.05293151705593963,0.09777525945902704
1596,20,82,0.10131436882383864,0.079379534091263,0.06763342670491994,0.04178887181107909
1597,20,83,0.08970910102174205,0.15288511840256125,0.08376542774537908,0.043137559455363954
1598,20,84,0.08897820185689952,0.13869744508647647,0.07412749105127601,0.06521149097794054
1599,20,85,0.1081631361653916,0.18153516215172727,0.07718924321795456,0.08949529853046101
1600,20,86,0.1027961389216725,0.15237237665068268,0.08874845934905179,0.09216765040517597
1601,20,87,0.09398506774781053,0.13704404963643982,0.10260211267033649,0.10569618076017209
1602,20,88,0.08695330834917642,0.12944798499929927,0.11497401808113998,0.1323888301640963
1603,20,89,0.079540709061424,0.11606233721397374,0.13174943980964163,0.1464199597433419
1604,20,90,0.08008864635348678,0.10132980542673645,0.17575450435848697,0.16184248561356962
1605,20,91,0.0840597044663372,0.10682515091572893,0.11702419280149637,0.1675003002992024
1606,20,92,0.08300627332954841,0.11163364062816439,0.17001245153612143,0.1826522533128912
1607,20,93,0.09498332831311593,0.03142716979168676,0.1941649357771543,0.18645382725061022
1608,20,94,0.09103762172581571,0.04221174072219232,0.1767960660805773,0.18846785874929942
1609,20,95,0.10313358891957741,0.04615859013263522,0.17167688162894434,0.20033229390870388
1610,20,96,0.11480001016538995,0.052543695153753636,0.1604132535387867,0.21654847640860597
1611,20,97,0.12868889003047485,0.1985940270722898,0.11304307034763367,0.10783191316358003
1612,20,98,0.18151164776043485,0.07700345855285563,0.1643524771560717,0.13837075280205538
1613,20,99,0.22309887064390965,0.1267283533661581,0.20431762183158625,0.16498857458447763
1614,20,100,0.2598405213688344,0.18946082386670865,0.2438660497555562,0.19070003989851045
1615,20,101,0.28720767492737576,0.20255626061358795,0.2740816397910426,0.21011849299221227
1616,20,102,0.3193302005983336,0.23727620431832208,0.3362119372999096,0.34380707198493143
1617,20,103,0.3200524407482247,0.30257072133939933,0.29516778165749274,0.23807703235498903
1618,20,104,0.3493323854203034,0.2574925124121191,0.3458221176128123,0.37049451047646953
1619,20,105,0.36172720765588856,0.16725943765906273,0.36810472811059275,0.3775146066106241
1620,20,106,0.3565943253692881,0.126613153669162,0.3421809748445366,0.26587210431839453
1621,20,107,0.3207273414837925,0.2932203053973204,0.2470768792204175,0.2668991631829368
1622,20,108,0.3017932127520086,0.26577120832877044,0.19136708434135874,0.2807413181412453
1623,20,109,0.2381708273393899,0.1904988168516265,0.10220630857588879,0.18436488773642834
1624,20,110,0.18401264611907633,0.3697955846509253,0.08842113573320415,0.12310285194008189
1625,20,111,0.16844923639742224,0.3737824540153358,0.10038418079143835,0.1029340943156359
1626,20,112,0.17062371748785993,0.27706164798991456,0.10279311495663872,0.10970934760482014
1627,20,113,0.19522621524594277,0.15368290748362715,0.1026940968594723,0.11491790320507222
1628,20,114,0.23571991389288438,0.1104352577713539,0.1290614334975894,0.12237430531856026
1629,20,115,0.18458931037741633,0.22905261714973832,0.10171911213296601,0.13174342861981686
1630,20,116,0.27436134850060145,0.2867026935798997,0.16968368659681884,0.14374971849161242
1631,20,117,0.2830203222912403,0.08097807284853129,0.19398341331746008,0.14691834976020832
1632,20,118,0.25565746208929563,0.033709976131069797,0.16836314909102637,0.16030565900353091
1633,20,119,0.2112540140551669,0.050067310487333004,0.12449857070730566,0.15267337807703873
1634,20,120,0.15928916515688807,0.08477004996241962,0.08039639904431688,0.13175550687605064
1635,20,121,0.061043156434537664,0.1123398084327763,0.07947183326056699,0.08067074807465288
1636,20,122,0.07229534587780602,0.10184985102375457,0.08675974178691563,0.05265224825359987
1637,20,123,0.08223647766675898,0.08150242625943567,0.08085903416248574,0.04480120272807991
1638,21,57,0.10175447345376408,0.1643141771473036,0.1022616047121275,0.09432537406860775
1639,21,58,0.10021920109358559,0.19636352630523957,0.12389597933089432,0.11772964751416286
1640,21,59,0.1064445765395499,0.19795021988982192,0.14634244698521112,0.13573172037634504
1641,21,60,0.11051058994635249,0.09906247549954801,0.17146992775683856,0.1517123788121305
1642,21,61,0.1255750992240012,0.24515620233996624,0.24389793914445104,0.17168463105580764
1643,21,62,0.12842532841412452,0.15092897290197263,0.2456021628641694,0.18959723830767938
1644,21,63,0.13132115181498719,0.13566349833103017,0.23372474806727309,0.19455848506264295
1645,21,64,0.13402884084937336,0.09809127339753335,0.2189118502129304,0.196591191542496
1646,21,65,0.13424456575487798,0.07192968161416433,0.1970239604802831,0.19847862319280754
1647,21,66,0.1301837946657125,0.04023039808276843,0.1447153071537196,0.20324538936330783
1648,21,67,0.15934816888806608,0.0843445027814237,0.2045556117599548,0.20257804535684204
1649,21,68,0.13020915532522453,0.0896907886739857,0.1307721802147255,0.19888150174483454
1650,21,69,0.12430850763877152,0.11824330387756112,0.07580176527950173,0.18977617729337293
1651,21,70,0.14043533012995726,0.10139750947680921,0.08610594433561598,0.1988416246140534
1652,21,71,0.15240407057484884,0.14213397646050835,0.09274399472215701,0.2113244719134691
1653,21,72,0.16398361276416912,0.11766360038118112,0.10070043149801983,0.1290132521593368
1654,21,73,0.18312626730727918,0.023716038762024525,0.1599278528886772,0.2353475266376518
1655,21,74,0.18299303452098015,0.06570471359562925,0.16180038730636329,0.24188958926908058
1656,21,75,0.18217817216435211,0.08864573259974666,0.1515466063781912,0.14535498488184362
1657,21,76,0.17720960508456354,0.03719410789542596,0.13077211961861462,0.1366054910784616
1658,21,77,0.1684319245796716,0.026420362337272667,0.10255259940557726,0.1392718902566414
1659,21,78,0.1439689927009035,0.10873785302701025,0.04840058633224532,0.13627890705506848
1660,21,79,0.16836268594873466,0.1509360399793333,0.09499971542041119,0.1367359365488765
1661,21,80,0.13933803358591657,0.025767262024118186,0.053155878251481235,0.13294708056121152
1662,21,81,0.11657196475716892,0.05946475492181175,0.053696315087493965,0.10188498882086255
1663,21,82,0.10401434129890615,0.07525720885224757,0.06917990170097967,0.05890546086027668
1664,21,83,0.09126374142634475,0.15261261894417036,0.08565674322278465,0.04197550155497031
1665,21,84,0.09021549593310736,0.13891885258088152,0.07666557072602047,0.053033069239757306
1666,21,85,0.10930680086108567,0.18158229266134596,0.07849170146666183,0.07699088538619397
1667,21,86,0.1036647465026648,0.15306981850668686,0.08995729045691483,0.09286544002009064
1668,21,87,0.09455621225826227,0.13865022039298572,0.10418135734301012,0.12349687575015295
1669,21,88,0.08724135449785714,0.12969162610100837,0.11677102875863953,0.1344062255748197
1670,21,89,0.07954505175201819,0.11571401560338772,0.1336114072577614,0.1448021332452142
1671,21,90,0.08008617485535965,0.10154929869344287,0.1769465340134906,0.15990200501130425
1672,21,91,0.08401343140336394,0.10680833627529132,0.11997020555782456,0.16976211813205175
1673,21,92,0.08258243687884192,0.11165042915906216,0.1710958768490149,0.17599545643943415
1674,21,93,0.09481421954755463,0.03123234788831338,0.19548689956893842,0.17978943135072065
1675,21,94,0.09080992899806264,0.042955321419265516,0.17925129030122855,0.1826076157461806
1676,21,95,0.10291921702692688,0.04629434870821434,0.17435158381821708,0.19868542603366307
1677,21,96,0.114603010568087,0.05257031768241322,0.1632326567013833,0.21739665192027516
1678,21,97,0.12872087561508125,0.19739315107919922,0.11402060651312347,0.10967876113325102
1679,21,98,0.18144586902673435,0.07688077860642341,0.16566950950505635,0.13822714995386728
1680,21,99,0.22304517775405724,0.12739088818214028,0.20570961584975503,0.16619602335534575
1681,21,100,0.2597416741181434,0.19135277650528545,0.2452172419337905,0.19064648085900665
1682,21,101,0.2870815485390369,0.20484898714807828,0.27545745963359464,0.21918651376929463
1683,21,102,0.31889779103148697,0.23927476380348073,0.33683907970283117,0.3594551960585641
1684,21,103,0.320130343814315,0.3044690780515263,0.29762368355055263,0.24676094417057576
1685,21,104,0.3489463950468953,0.25901480534257704,0.3466467722572183,0.3696138847506386
1686,21,105,0.3613217674810213,0.1687386365502219,0.3690552953860997,0.38149401228248764
1687,21,106,0.3565495693559518,0.12563978676547624,0.3440998948119217,0.2858445959014067
1688,21,107,0.32156616747395916,0.3075310126711751,0.2503454463722437,0.2754160659435387
1689,21,108,0.3027369346217004,0.2749057711397153,0.19364161580378883,0.28625181757449625
1690,21,109,0.23809654086710844,0.19200554144155985,0.10399415372868599,0.2590699476545971
1691,21,110,0.18125698655447234,0.36941092460329056,0.08847737006578191,0.11164861410823898
1692,21,111,0.16459426049978582,0.3733960249166175,0.10031656915552185,0.10341953484145462
1693,21,112,0.16668726637565504,0.2761599958786745,0.10291383509908514,0.11143490460723991
1694,21,113,0.1919958880894688,0.1527611676831493,0.10309228410720823,0.11667942320888829
1695,21,114,0.23369205802322582,0.12693880421864817,0.12940119768887912,0.12448553183413623
1696,21,115,0.18119910307620335,0.22870110543741062,0.10226767085823493,0.13023987633528278
1697,21,116,0.2731299394834454,0.28532469835632407,0.16959073919187218,0.1406014544708408
1698,21,117,0.28191522235689237,0.038068087994072394,0.1943558070403617,0.14717660021949233
1699,21,118,0.2541226205314149,0.03082980700450049,0.16917082737544498,0.15918225289893692
1700,21,119,0.20897389624989338,0.051773312232184614,0.12541760273756047,0.1404533599544293
1701,21,120,0.15603229590813222,0.08504168189107567,0.08112993606284999,0.12604846811497672
1702,21,121,0.059278090685657474,0.11232495994609025,0.07839755277781953,0.07554740195012657
1703,21,122,0.07061196709730745,0.1017023385011344,0.08634341710307168,0.05125501833841103
1704,21,123,0.07964411751658954,0.0813784850102395,0.08067595366874979,0.04743560775863101
1705,22,58,0.1008979282904087,0.18790987098230433,0.12125504900539043,0.12595159509535597
1706,22,59,0.10689717770912364,0.19557169774060293,0.14268271647915332,0.1441020464326963
1707,22,60,0.11023272924168895,0.11602690201171084,0.16665455891798087,0.16144107978445169
1708,22,61,0.12006948125192382,0.24118354279398088,0.23404693962482198,0.1778563809470406
1709,22,62,0.12428360553816105,0.15822268943731743,0.24139468053109003,0.18818825193512642
1710,22,63,0.1281736898124396,0.13815979235289963,0.23205224502292784,0.19119341981458807
1711,22,64,0.13179804447712656,0.09464438850077525,0.21829647921944417,0.19167882168695569
1712,22,65,0.13319560452239493,0.10186364608287085,0.1970818394775341,0.1970302097472309
1713,22,66,0.13155545211959419,0.03512891899429091,0.14609343819169207,0.19033964394182828
1714,22,67,0.15805799154847602,0.089383017525997,0.19958512975036408,0.1982434714889342
1715,22,68,0.13296241027379185,0.08909513134303444,0.1327985934509415,0.19618299487651528
1716,22,69,0.12774271863092707,0.11477515030734597,0.07571058954722708,0.19134834925018882
1717,22,70,0.14315087172779586,0.1024544455974272,0.08448016675492892,0.1937385165656478
1718,22,71,0.15469875908952338,0.1281253706278452,0.09096986692668696,0.20982810431722712
1719,22,72,0.16600097524258375,0.10347737562020867,0.09817492968945482,0.22710218872781407
1720,22,73,0.18429088609404717,0.03570602336760019,0.1535934493079561,0.231835005339307
1721,22,74,0.1844499814326025,0.05361649393361956,0.1583013132098093,0.24015530880737687
1722,22,75,0.18388865251519743,0.0772151973025412,0.14922147559234375,0.23473297930507867
1723,22,76,0.17925138397989335,0.02554683291193256,0.12924419704558368,0.14418845069926686
1724,22,77,0.17069663372132096,0.034861985959348175,0.10158603927502086,0.1344831610430074
1725,22,78,0.1458658395937302,0.12427098221804779,0.048343098627999334,0.12496154532862583
1726,22,79,0.1700987477900117,0.11120541543441548,0.0911516527776423,0.1287884934701324
1727,22,80,0.14109949789289686,0.026803723682170738,0.05324263304809972,0.12982574114241
1728,22,81,0.11681274765491131,0.049506297917379156,0.05401134275572668,0.09277563669548157
1729,22,82,0.10294253958104158,0.07978139099187258,0.07038496658595744,0.05648435025250463
1730,22,83,0.08906926591612399,0.13941153762073627,0.0873163674257295,0.045885467133395565
1731,22,84,0.08813296561520846,0.12791578883097396,0.07935758856800433,0.053929379113126494
1732,22,85,0.1084930516002475,0.17801339762663945,0.08017570294596547,0.08821269935980594
1733,22,86,0.10289114863224245,0.15125979031246198,0.09128750032880133,0.1034736115626064
1734,22,87,0.09384299329340375,0.1426679544593038,0.10575529214764783,0.12194414769532876
1735,22,88,0.08675742485525127,0.1360406177867198,0.11850213011295202,0.13447826470893517
1736,22,89,0.07958224437864374,0.12425304389070016,0.13532184463725236,0.14202367072254118
1737,22,90,0.0821791700490318,0.11024534161280393,0.17762524400521185,0.1612831256132817
1738,22,91,0.08410620976262374,0.11516048816493324,0.12342565417692301,0.16944889911033986
1739,22,92,0.08447986468551757,0.1179930366041629,0.17177683517609124,0.17911309693603547
1740,22,93,0.09729124762314818,0.030185748476368006,0.1964022807697057,0.18528384107628545
1741,22,94,0.09258572253373164,0.04587545831629795,0.1818380467062182,0.1868498304260741
1742,22,95,0.10429028520471392,0.057206624003182396,0.17737715455802622,0.2016324470670752
1743,22,96,0.11545202016752502,0.05520858756159331,0.166551220187039,0.2192459368105035
1744,22,97,0.12873463252051792,0.20780072762942425,0.11535785299062967,0.11423983575954175
1745,22,98,0.181575752390062,0.07858586444706327,0.16702570707196873,0.1379818939892472
1746,22,99,0.22316941592825443,0.13107378331078354,0.20706004942518294,0.1721225051608827
1747,22,100,0.25991493128143894,0.1972136175004355,0.24644718728956358,0.20167060644017756
1748,22,101,0.28728528819645965,0.20905695331751134,0.2766960772069935,0.22160192801610085
1749,22,102,0.31940705216963033,0.2434319757853274,0.33701578925817716,0.34613481891844
1750,22,103,0.3201474428026147,0.3091323928522515,0.3003765200901969,0.250002972244109
1751,22,104,0.349217185665156,0.2599152299718896,0.347207067364847,0.36862523264782676
1752,22,105,0.36160541523665685,0.16837764502129826,0.3697637260871799,0.3757850010008799
1753,22,106,0.35662482558140346,0.12699991539482824,0.34620720935992716,0.28037151012996936
1754,22,107,0.3211809180446586,0.3549919217573584,0.2544719862316309,0.2732042418462288
1755,22,108,0.30181584132905825,0.3032681099438531,0.19643213318873584,0.28597974920947894
1756,22,109,0.2344987246937402,0.19638882247932304,0.10616103012559046,0.27345715955190925
1757,22,110,0.17441511285737057,0.3698038621147718,0.08855258727246745,0.12382888837784543
1758,22,111,0.15726647171303496,0.371394292072426,0.10023652693303209,0.1028920490624562
1759,22,112,0.15976364147352107,0.2713021871519949,0.10302613912088103,0.11002132766162659
1760,22,113,0.18614066727873477,0.14808203124112165,0.10343411944636714,0.11531055169629266
1761,22,114,0.22971840502822916,0.09824301449773462,0.12957221558070775,0.12282975961305337
1762,22,115,0.17545258490469515,0.22920776897256617,0.1028106787255498,0.1302142366266076
1763,22,116,0.2706396919037428,0.2838564159736807,0.16922517700194858,0.15309141387687503
1764,22,117,0.2797136869230475,0.09184335390020305,0.1945585252903364,0.1593225447512425
1765,22,118,0.2512264679802098,0.03521379143919092,0.16997132587180774,0.16907713633657137
1766,22,119,0.2049767734073104,0.05480610281252232,0.1263957238189589,0.15044306443468106
1767,22,120,0.15075024155885078,0.09061060365525886,0.08194618994200335,0.13256810748607076
1768,22,121,0.058203104278341564,0.11850517283981762,0.07722699901067351,0.08390407847389114
1769,22,122,0.0692754418448634,0.10190210502622171,0.08594273712667208,0.06590903766531858
1770,22,123,0.07662471170173953,0.08074555753755625,0.08053627681523808,0.04850397082913397
1771,23,59,0.10757025750222211,0.19261309298402493,0.13976700988711907,0.13038521725970087
1772,23,60,0.11060077289356246,0.20625752581867862,0.1623299289606775,0.15064505417097673
1773,23,61,0.11558154251470963,0.23973338791458923,0.2232094141268395,0.17822346408843842
1774,23,62,0.12092414191473111,0.16079731403122882,0.23667598530232428,0.189528579266099
1775,23,63,0.12569572603865842,0.15946012563692788,0.23064883526890406,0.19538720345563956
1776,23,64,0.1301771902949871,0.11836707604181593,0.21872857959390535,0.20397093804138614
1777,23,65,0.13272259727848093,0.1038623065367632,0.19870963203547262,0.19893885854095378
1778,23,66,0.13339762035666144,0.06390821169323138,0.14948412285368654,0.19648318617656216
1779,23,67,0.15737296549226987,0.05943441355344332,0.1956834684603874,0.19910537811696313
1780,23,68,0.13613516260872213,0.03715044115745173,0.13569338108573992,0.19091153985381082
1781,23,69,0.13138698540213709,0.08491957670984038,0.0764421695723923,0.19137159874601703
1782,23,70,0.14596664152750638,0.10292509038045272,0.08326253364581747,0.19532686308711564
1783,23,71,0.15698483770362623,0.12784381534044267,0.08947484431420788,0.20395870876982247
1784,23,72,0.1679648885183075,0.10719401189501652,0.09596089077831724,0.22763112491339957
1785,23,73,0.1856521922459165,0.01865785439437676,0.14709283906517517,0.23362747577469745
1786,23,74,0.18603320667661707,0.01556902885002804,0.15472606272714554,0.24256046088449126
1787,23,75,0.18565263183901054,0.036894541464767,0.14709000348383466,0.22676210385632764
1788,23,76,0.18123615630505474,0.020651115370733115,0.1281133797520455,0.14650602343524083
1789,23,77,0.17276596973952443,0.029122036063083338,0.10113624993422016,0.12713861547344757
1790,23,78,0.14724473209145073,0.09131491127370063,0.04848698200511848,0.115555866789689
1791,23,79,0.1716095029630766,0.11325213432242716,0.08762583079820249,0.11828940696863562
1792,23,80,0.142348148135489,0.026377630450351776,0.05345123479530835,0.11506993920929481
1793,23,81,0.11642510890331116,0.04921732922121248,0.054058397772643194,0.0746386323758938
1794,23,82,0.10129467331601255,0.09219406390861482,0.07124568363205125,0.04219655858600519
1795,23,83,0.08642004642061002,0.1397511666915817,0.08869921054223273,0.04596075717900871
1796,23,84,0.08569222436780013,0.1300078224575827,0.0819425602465809,0.05682812536803851
1797,23,85,0.10743159182147465,0.1780769578345261,0.08213418864979578,0.0951993194702081
1798,23,86,0.10193619697824463,0.1516480648603845,0.09268556866300505,0.11235652283170816
1799,23,87,0.09303784654774651,0.13943500096600478,0.10726886271727105,0.12945049126053487
1800,23,88,0.0862790380936054,0.13163087199165616,0.12010370256432314,0.14162665150283874
1801,23,89,0.07975032338769925,0.1194976895948999,0.13684068908950284,0.1519464657843409
1802,23,90,0.08453763037416127,0.10505973998206915,0.17792430758756067,0.1656793704255628
1803,23,91,0.0842630500082648,0.11010768045743859,0.1268946989718187,0.17796403748415573
1804,23,92,0.08657858106643605,0.11453494848951593,0.17238907445297946,0.18564531167715306
1805,23,93,0.09989614679410433,0.032952668538678495,0.19708659604486245,0.19043102693311825
1806,23,94,0.09448892547652658,0.04543361446176166,0.184231847588984,0.19136098688135808
1807,23,95,0.10580035668977389,0.05707515503001474,0.18033795116472082,0.206096726955442
1808,23,96,0.1164546047895329,0.05559429465141776,0.16989679979982278,0.22332602515554542
1809,23,97,0.12883456292722834,0.20856948689726312,0.11703588275721583,0.10757255506572953
1810,23,98,0.18182654010156646,0.07834908201236654,0.1683774941464405,0.1370855072197312
1811,23,99,0.22342259044847396,0.13119242967374445,0.20831830422254244,0.16676398568231665
1812,23,100,0.2602293082829264,0.1973906408352356,0.2475366012539121,0.18899753165362432
1813,23,101,0.2876384317255534,0.20952477504162043,0.2777703807094858,0.20649098151942027
1814,23,102,0.3200943384211159,0.2435243223086679,0.3369445367522924,0.4000673195384963
1815,23,103,0.3202896591368744,0.3088960816084988,0.30296574990088304,0.23329072356645283
1816,23,104,0.3496495684252608,0.260153929665138,0.34766795558192937,0.38209328842273915
1817,23,105,0.36205044873255426,0.16821893436965438,0.37030713715187924,0.3862378539581001
1818,23,106,0.35682043967697535,0.12632383629983204,0.34816172924388034,0.27723689306970395
1819,23,107,0.3208637203055898,0.35436279838925105,0.2586240636743024,0.2704419289357042
1820,23,108,0.30106633469065686,0.30289181711555513,0.19938335176865676,0.2793775639572443
1821,23,109,0.23172812838922674,0.19642610188670556,0.10856658664595996,0.2686721286214309
1822,23,110,0.16936432107413232,0.3697276666133916,0.08865044511083245,0.12785741677541815
1823,23,111,0.15204236486415412,0.3715671594289453,0.10013148044020141,0.10605952196622172
1824,23,112,0.15489236806941892,0.2714941707682996,0.10311782361361178,0.11096423984108754
1825,23,113,0.1820251788545182,0.14763711404020718,0.10368904418907825,0.11596916244906316
1826,23,114,0.22699092984198113,0.09854833309626972,0.1294947595509542,0.1244263243841411
1827,23,115,0.171453532888225,0.22969978489796922,0.1033296230918687,0.1327982942577694
1828,23,116,0.26902033840512357,0.2838224745275149,0.1685439730801617,0.14142220280251822
1829,23,117,0.27830621481076584,0.09156838598563291,0.19454956611189694,0.1383524653112785
1830,23,118,0.24930313338649232,0.035254739720427475,0.17071779679639393,0.15486586202867178
1831,23,119,0.2022463887636493,0.05519062438539634,0.12742630090289975,0.13994897511553717
1832,23,120,0.14709277918372846,0.08852532227059486,0.08283168517341287,0.12792729237571593
1833,23,121,0.05856358629946888,0.11438414288137798,0.07588348110923032,0.08431270963482355
1834,23,122,0.0691252156086683,0.1021290888777709,0.08556057925109224,0.059508960145854654
1835,23,123,0.07500452209273649,0.0806784169766598,0.08045759111322694,0.04819618475655273
1836,24,60,0.11014464767429129,0.12176114361298501,0.1586370280639718,0.14911645488323347
1837,24,61,0.11919053512951003,0.23920600599688394,0.2111325118545059,0.1758059503369188
1838,24,62,0.1236380344186196,0.16039647354944336,0.23096850694351406,0.1887439058345822
1839,24,63,0.12757200474369856,0.1351848082014154,0.22894997488669652,0.19240190808049354
1840,24,64,0.13118339099339388,0.08324294812102828,0.21989051424657666,0.19459250982838666
1841,24,65,0.1326134237870799,0.06416891316806766,0.20205569463031892,0.1950067754978559
1842,24,66,0.13133698197362254,0.038007086017781466,0.15435495301445612,0.1839376220078505
1843,24,67,0.15742085058253144,0.087354983003719,0.19346172929052763,0.19374779508769602
1844,24,68,0.1341732817901193,0.08533562484609028,0.139875680969261,0.19105519666818183
1845,24,69,0.12726140829867422,0.11284783677944032,0.07760021229049724,0.18664929215804985
1846,24,70,0.14168752197181994,0.1014229730803231,0.08229062233357588,0.1895003379095347
1847,24,71,0.1516023955337192,0.12999653057531696,0.08816891871612834,0.20486298244090928
1848,24,72,0.162366367339469,0.10401854429015273,0.09403195476140846,0.22534374139783067
1849,24,73,0.18316794613528464,0.023436716610070157,0.14134003717472143,0.2298767701447348
1850,24,74,0.18308928376703298,0.05009074160769703,0.151277055422214,0.2387579434265771
1851,24,75,0.1821783638959937,0.07643184218356319,0.1449910893017399,0.1342354854711611
1852,24,76,0.17679491862845018,0.027692035335660253,0.12700471314906986,0.11723707797401522
1853,24,77,0.16676680736233548,0.029384935047954724,0.10070291408769458,0.10975581436706745
1854,24,78,0.13534014587008422,0.11892267955985339,0.04863054329476829,0.09990178497353558
1855,24,79,0.16639504495613205,0.14951757831918444,0.08475776234340626,0.10050867403689384
1856,24,80,0.1329908781945753,0.02684838475305727,0.053627228913669035,0.07868058363821653
1857,24,81,0.1029100457580602,0.06907163211032002,0.0541671287933305,0.0461905289468393
1858,24,82,0.08688037909360556,0.082058256527597,0.07204006257571408,0.04226472597426931
1859,24,83,0.07230154446680312,0.13909817836604688,0.08998631021386704,0.05044872827447071
1860,24,84,0.07322985068710906,0.1254667303073695,0.08428439666642842,0.06193971677088621
1861,24,85,0.10028259708498226,0.1890844337772799,0.0841164925146905,0.09758206149037732
1862,24,86,0.09629750539704719,0.15497004376128165,0.0940795765627119,0.11413603113413275
1863,24,87,0.08929615265952653,0.1431694148462959,0.10872797266247392,0.12886909015598008
1864,24,88,0.08489123050551653,0.13450081536473016,0.12161926314345513,0.14318939894027455
1865,24,89,0.08184088134722718,0.12108743459636107,0.13827926758582515,0.15132012173193427
1866,24,90,0.09449055385703684,0.1061301514375956,0.17835453787188274,0.16620162270467345
1867,24,91,0.08563182928791138,0.1112908451065493,0.1300118543375335,0.17950263415424197
1868,24,92,0.09569129713588573,0.11439505317975686,0.17307974335738865,0.1828514771826325
1869,24,93,0.1099094871271953,0.031692741054441254,0.19772281267379688,0.18945498614634151
1870,24,94,0.10218190026887733,0.038653762409142554,0.1863677652801759,0.18925110919833443
1871,24,95,0.11217001937651314,0.05204554294833463,0.1830652351774461,0.2049661109318573
1872,24,96,0.1211493433419363,0.055435820670745886,0.1729957762055974,0.21617713230541113
1873,24,97,0.1298333508883958,0.19685342338305914,0.11875382161167901,0.11425094332454183
1874,24,98,0.18380948696090343,0.08141057484637192,0.16966656366069505,0.13842578564835945
1875,24,99,0.22546960726870724,0.13676753129234004,0.20948229068488367,0.16950261053568294
1876,24,100,0.26263866388498514,0.20075187350099757,0.24854102721005314,0.19616462424296108
1877,24,101,0.290278127530539,0.20793912433194173,0.27874383782348,0.2081897894545962
1878,24,102,0.32434106754039416,0.24028030524038446,0.33697921622739024,0.4145789886708615
1879,24,103,0.32198250139975415,0.305315283958833,0.3051590948340945,0.23258134088029173
1880,24,104,0.353018029276279,0.25541642381912494,0.3481374704966478,0.42075793984046844
1881,24,105,0.3654528563099917,0.16084349595469258,0.3707935114123563,0.39202979266689636
1882,24,106,0.358853464706342,0.11979802886043055,0.3498413460189064,0.26773010457369906
1883,24,107,0.31979711356331303,0.346383901345853,0.26217821068509356,0.2656659488582998
1884,24,108,0.29820755184467257,0.30323258236569783,0.20184652313740611,0.28192386793855295
1885,24,109,0.22305462223746647,0.1843143156822968,0.1104257757976001,0.26659717890649426
1886,24,110,0.1567861356630832,0.3614096519519006,0.08877266448021838,0.11874943694751396
1887,24,111,0.14047595863109782,0.36899581179562735,0.10007452867335627,0.10636189698379885
1888,24,112,0.14443939832625247,0.2709999856356276,0.10319718405009484,0.1084884683382397
1889,24,113,0.17296158692077052,0.14303103606569414,0.10390716038258985,0.1148551973723983
1890,24,114,0.2209629635671734,0.0934347221251101,0.12952139790547812,0.12091804840558028
1891,24,115,0.1628708556141005,0.22528641885324738,0.10371173268278157,0.13226098588175209
1892,24,116,0.26565330849266117,0.28175423271314726,0.1681531213097769,0.14099063897942243
1893,24,117,0.27547266451532676,0.08652317673860162,0.19457419725098077,0.14127832331834658
1894,24,118,0.2452066458697975,0.033240431891743034,0.17124138264512268,0.1552178858574494
1895,24,119,0.19631481344961024,0.05689641430070878,0.12813980225458577,0.14223382051200756
1896,24,120,0.13926444740761013,0.09447809040924202,0.08344168656522398,0.12219495828122874
1897,24,121,0.06216230507652807,0.1099717322354026,0.07503733121101666,0.08037800729539525
1898,24,122,0.07087312065281556,0.09665143781249416,0.08530040855082893,0.05838995012702467
1899,24,123,0.07311921520413527,0.0771951831762386,0.08040222577380599,0.04787369801105859
1900,25,61,0.11850232527557494,0.23082992199668054,0.2102908236617334,0.17787339937663593
1901,25,62,0.12336102065999056,0.22167696286028307,0.23069752138357652,0.18780969932494002
1902,25,63,0.1276004514592188,0.1692727629211415,0.228948795394245,0.1921730991977256
1903,25,64,0.1315119452886623,0.12053356464012059,0.2200499593589173,0.1984039952280933
1904,25,65,0.13335279535795874,0.10292091112122602,0.2022946888149559,0.19565698785388552
1905,25,66,0.1328028952972518,0.06041680821177537,0.1543854565936555,0.193012852582037
1906,25,67,0.15812699207763345,0.0708240288644301,0.19298975156534948,0.20122074099853182
1907,25,68,0.13618457592212735,0.04134539549544086,0.13964542563712057,0.1907425274823716
1908,25,69,0.12882016472935992,0.09045842215162028,0.07706032945060906,0.18783397444507077
1909,25,70,0.14273837777550036,0.08355778064226806,0.08159230258807577,0.19142317493268649
1910,25,71,0.15211385510646103,0.12587968144852585,0.08741321111051986,0.20121650823390108
1911,25,72,0.16266718364555072,0.09385757318507608,0.09299383988107933,0.2198224507199585
1912,25,73,0.18383409417264612,0.021933025818977023,0.13975455175335563,0.22868939884882963
1913,25,74,0.18372473465025638,0.06325747593864073,0.14984475020930843,0.2412003372358142
1914,25,75,0.18274971888560765,0.08491301533555069,0.1436745874047259,0.12678028345308426
1915,25,76,0.17723507351205214,0.02816262751107609,0.1258030550486805,0.12196457744250647
1916,25,77,0.16692800822339576,0.03319861387099014,0.09962575978336136,0.10940477090657585
1917,25,78,0.13426856378317992,0.12598153463842565,0.04840022295719951,0.09201670297830604
1918,25,79,0.166359919600501,0.15433767106179383,0.08374928406953357,0.09325365732588838
1919,25,80,0.13219959879476084,0.026704406201195435,0.053300146242840234,0.07963929943000236
1920,25,81,0.10101310483966812,0.05884428962633333,0.0550468453776435,0.04575249505267786
1921,25,82,0.08456595864506565,0.09262734296171699,0.07322231679892316,0.040902273863017195
1922,25,83,0.06995014591567947,0.14096598930988957,0.0912824210730421,0.04839308768725049
1923,25,84,0.07111392662524833,0.12650569389283337,0.08560767900103967,0.06059364771068434
1924,25,85,0.09911669685802224,0.18987946930571964,0.08498683677358645,0.0991270838491155
1925,25,86,0.09541929956432349,0.1505468620425764,0.09488398982157906,0.11471167679092441
1926,25,87,0.08881212461039527,0.139515683571007,0.10970407389166338,0.1308730269532242
1927,25,88,0.08487293255047326,0.13272961080545542,0.12270417746888525,0.14082883909799235
1928,25,89,0.08249319386324891,0.12084911561244124,0.13944628036351833,0.15304519011070652
1929,25,90,0.09653184959750223,0.1070393313209456,0.17954442384106029,0.16524949364212702
1930,25,91,0.08602753006360302,0.11289695177005037,0.13116472538018298,0.17803796498193
1931,25,92,0.09745689288947709,0.11632679565368591,0.17420067350734922,0.18265254793832955
1932,25,93,0.11181266143850402,0.0319824382245151,0.1988037581188972,0.18740407279540253
1933,25,94,0.10370830678836124,0.037384953506639965,0.1874777808875357,0.18796916828295188
1934,25,95,0.11350887820233621,0.052720433027552756,0.18416749184659384,0.20151613637920415
1935,25,96,0.12224179900861201,0.054184031066497135,0.17405969390345627,0.217323912925004
1936,25,97,0.13022402499901548,0.1938649006735542,0.1193234027274456,0.10830301595703742
1937,25,98,0.18441819329134523,0.08045294300853455,0.17035421284713206,0.13839092734744837
1938,25,99,0.2261080917389045,0.12569839443880512,0.21019176355670147,0.16476735046509958
1939,25,100,0.2633467304137666,0.1787354050978633,0.24926518247108095,0.19735104578060111
1940,25,101,0.29103103904983063,0.18608917628765645,0.2794612144568055,0.21941219241079807
1941,25,102,0.32530689988452416,0.2243660508708894,0.33765916536427826,0.40893267289831803
1942,25,103,0.3226099835703491,0.2842080218364441,0.30587807622630403,0.2536378987964644
1943,25,104,0.35382184224782787,0.256191257366886,0.3487511071872085,0.3934161130889841
1944,25,105,0.36625184090083274,0.16675916452566064,0.37136546353357175,0.3940878216970061
1945,25,106,0.35948236869529954,0.13974852823554676,0.35042343423636146,0.3954711867422523
1946,25,107,0.32012303550499277,0.18579115625384454,0.2627769224952934,0.27201544766439667
1947,25,108,0.29839854128469107,0.15143361326788696,0.202314402532919,0.2843709734962863
1948,25,109,0.22284672006434136,0.13759104958791335,0.11073391497544362,0.2661914657272422
1949,25,110,0.1562467413817349,0.3650387569841524,0.08883652644808865,0.12403872905611897
1950,25,111,0.1399348761737411,0.3713655544621118,0.10009211672386174,0.11341024319036343
1951,25,112,0.1439472360975163,0.27287799710661403,0.10323753456333992,0.11482244907106112
1952,25,113,0.17260176565418295,0.14838716922114809,0.10401279562184099,0.11609057530632742
1953,25,114,0.2208665687447632,0.10457492655213661,0.12966770463829022,0.12558082554203018
1954,25,115,0.16249133031965704,0.2270136783050776,0.10378769817684776,0.1326327849228262
1955,25,116,0.265753996822413,0.2827673640538236,0.1682552426432518,0.14386503524578417
1956,25,117,0.27560205577766805,0.03999284659775173,0.19465844609547547,0.14929876532043881
1957,25,118,0.24520116000800612,0.030948087091722382,0.17130324544074144,0.15695476262011004
1958,25,119,0.19611896662366984,0.05574319486074917,0.12817791754270275,0.14650550497488374
1959,25,120,0.1388620564709515,0.0896924082763201,0.08345235769293789,0.1257145287684753
1960,25,121,0.06258367540324686,0.10506364511377272,0.07504411936592274,0.06948695848609744
1961,25,122,0.07111985145561481,0.10075170240038915,0.08532076168730668,0.047737314017996406
1962,25,123,0.07306213305140284,0.07954762038832863,0.08042246492710968,0.04391169895673299
1963,26,62,0.1238737705457471,0.22712900962517732,0.2315400612332478,0.18492297141531688
1964,26,63,0.12876338517724792,0.15252574781309866,0.22952264001332479,0.19294644180659126
1965,26,64,0.13334430913914916,0.1125260996743985,0.2203288800491762,0.19659149477726087
1966,26,65,0.1361179252971425,0.06813585777899314,0.2022416764826478,0.1960867862126726
1967,26,66,0.13730304711067107,0.03488373282966459,0.15393715565218116,0.191258380383553
1968,26,67,0.16049938547227663,0.09366348062820598,0.19274244813625596,0.19718577466647055
1969,26,68,0.14123100977349876,0.08631366128039057,0.13891547311747426,0.19007612364902576
1970,26,69,0.1342438295188186,0.11245193284084878,0.07641106382097984,0.18639836728129947
1971,26,70,0.14739591710535044,0.09915450037609731,0.08098266323470885,0.1947803520267678
1972,26,71,0.15644685332303038,0.12841646297443274,0.08676412142643534,0.20651156715512198
1973,26,72,0.16675020008269184,0.1008614970411687,0.0920926016927246,0.22909768368122269
1974,26,73,0.18709670371734483,0.022954733246387894,0.13862767518657856,0.23599416134380485
1975,26,74,0.18708688572619267,0.06562508396357454,0.14866979021654414,0.24172446012642837
1976,26,75,0.18618974705060196,0.07265154898616105,0.14249698623783744,0.12855517104264658
1977,26,76,0.18082301686162042,0.018950433398613815,0.12464798933449688,0.12216400590981336
1978,26,77,0.17068065182270567,0.029573811444860786,0.09853692023289154,0.10952893119156451
1979,26,78,0.13847887175887214,0.11106679488240481,0.04818976571763279,0.08642895853002774
1980,26,79,0.16934925958949482,0.1356730866906906,0.0829466240252915,0.09346003475337385
1981,26,80,0.13556638215585196,0.03600602664482458,0.05297156521962351,0.07217570141789437
1982,26,81,0.10416649068993726,0.06886345667198927,0.05600458772178143,0.04553693820664919
1983,26,82,0.0871772253500957,0.09091065635937295,0.07442758095687702,0.04025802192252713
1984,26,83,0.07189985207807292,0.14106542413641324,0.09256012458109555,0.04591990364232688
1985,26,84,0.07290092029749409,0.12367012508708923,0.08681771190260253,0.05751675666788548
1986,26,85,0.10048168472245858,0.18997421050768704,0.08574185305322578,0.09230521016760848
1987,26,86,0.09637725038971309,0.14560340100806868,0.09562338582489359,0.11418549167745125
1988,26,87,0.08926749315801603,0.14710789810116354,0.11061697189754045,0.12746492490747718
1989,26,88,0.08486357320019157,0.1351693424571359,0.12372432106643085,0.1408297490849179
1990,26,89,0.08195425615961534,0.11957381253085576,0.14055609927122154,0.15210736625488733
1991,26,90,0.09536657617627246,0.1031689885613877,0.18076804817791903,0.16358667881613884
1992,26,91,0.08563549936962563,0.10874658706590812,0.13210542941332107,0.1713530582720906
1993,26,92,0.09632768642922442,0.11193033700063842,0.17532334643623507,0.17765877287481005
1994,26,93,0.11073612675883711,0.03710195414278356,0.1998951251350852,0.182707915603005
1995,26,94,0.10274904972802139,0.04406525200680118,0.188457670411687,0.18811230467082726
1996,26,95,0.11260529825953289,0.055547680254548315,0.1850753826587624,0.1993465578751843
1997,26,96,0.12139678787205167,0.055406666180207675,0.17489103346144597,0.21989963580375946
1998,26,97,0.12969548625413826,0.2032073487237732,0.11976148201177758,0.11320434585687869
1999,26,98,0.18367626548188754,0.0807524515372677,0.17095399462792074,0.1392371256293689
2000,26,99,0.22530967189828385,0.13579004194036615,0.2108226494646058,0.16790685049757917
2001,26,100,0.26247969866254184,0.19995751509570994,0.2499219182700932,0.20583366710056414
2002,26,101,0.290116078439034,0.20614079355246695,0.2801110269012419,0.237065934723792
2003,26,102,0.32432008325971345,0.23944776191368727,0.33834772158649695,0.41534354721855044
2004,26,103,0.32170027074201035,0.30496798942393344,0.3064196256217126,0.3822645458792387
2005,26,104,0.35285261110750565,0.25359268085896386,0.34933114915148067,0.42833667320823626
2006,26,105,0.365300438680732,0.16072880911981774,0.37190192757421564,0.405152814492358
2007,26,106,0.3585934520351435,0.12250452021322968,0.35086277765171553,0.400736679809502
2008,26,107,0.31937020900929614,0.3460474308537604,0.26306845013695146,0.2755950659093651
2009,26,108,0.297751729234093,0.2964079710049627,0.20257440677376942,0.2805631701369522
2010,26,109,0.22257238204919863,0.17583702144926833,0.11089425678472135,0.2799256679986722
2011,26,110,0.15633439578182887,0.3665929574831727,0.08888603064181583,0.12235430749418533
2012,26,111,0.1401019805747871,0.3651773231260462,0.10011106981815715,0.10707320806840712
2013,26,112,0.14409685139996814,0.26523092724010966,0.10326614610677708,0.111871748309013
2014,26,113,0.17260389839749227,0.136913876160336,0.10408132039293352,0.12015741323219832
2015,26,114,0.22060203036129217,0.08551133025698555,0.12977188024268366,0.1288191101122519
2016,26,115,0.16257229426579217,0.22133706156970923,0.103811511429604,0.13108472021284018
2017,26,116,0.2653001837131799,0.2775606502473487,0.16833819835673017,0.1412141153618154
2018,26,117,0.2751323591994536,0.08072914856638484,0.19469751811169433,0.15283092217445082
2019,26,118,0.24490336277856686,0.03228207280025825,0.1712901393280046,0.16416842328608627
2020,26,119,0.19606256506818365,0.06057227527917055,0.12813233146230496,0.1421455231762691
2021,26,120,0.13906250457506206,0.0938151419021762,0.08339899554903778,0.12451857689502444
2022,26,121,0.062225739808363364,0.10805254504329811,0.07514858133863066,0.07757619628551467
2023,26,122,0.07090871727114714,0.10152972523589791,0.08538804622815924,0.053012490736793795
2024,26,123,0.0731029227599275,0.07120907031023894,0.08047052452131581,0.0446494433384963
2025,27,63,0.1290770066818723,0.20182962574684513,0.22942241162851904,0.18915313977515721
2026,27,64,0.13391889018501818,0.14159014033832915,0.22022324907473514,0.19261029681298436
2027,27,65,0.13706567886157767,0.09063344399548504,0.2020271314268879,0.19153195202367906
2028,27,66,0.13888588183223433,0.03913361004373263,0.15324570447344738,0.18716024062494066
2029,27,67,0.1614148792398204,0.12178856874672837,0.19202500190535376,0.19728479504101892
2030,27,68,0.14332910058245693,0.09904762787638938,0.13813669165101577,0.19203290627750627
2031,27,69,0.13569202755856266,0.12319315503764089,0.07549742360617122,0.18819842374019108
2032,27,70,0.14821119316807943,0.10341441661027397,0.08010158214959744,0.19398498734944344
2033,27,71,0.15659392559938937,0.13406001848214388,0.0858700936146874,0.21049957061723837
2034,27,72,0.16663425639353474,0.09921068062287255,0.09087560278447815,0.22634402200906983
2035,27,73,0.187520356944705,0.01520962759520814,0.13702195615348228,0.23002841001618918
2036,27,74,0.1874394841627271,0.024541992175317898,0.14707799052859813,0.2402579977728821
2037,27,75,0.18643418252953164,0.07163582515665147,0.14094999636850594,0.13066699692684863
2038,27,76,0.18086609419781485,0.033627022779947745,0.12317460326000448,0.11541888572783546
2039,27,77,0.17034780917797374,0.024927753667641113,0.09718165676809067,0.1103525603395795
2040,27,78,0.13662771812810431,0.11906291565075168,0.04799755626718432,0.09092445398557121
2041,27,79,0.16885104597028902,0.14690888900187718,0.08193378202326872,0.09013083040538895
2042,27,80,0.13412215368039085,0.03469648942913195,0.052642078430364045,0.0748391100373149
2043,27,81,0.10151731779956706,0.06296771997749934,0.05717275126642255,0.04445422323038574
2044,27,82,0.08417550321701706,0.09473127223630767,0.07587638934435444,0.03851604674093207
2045,27,83,0.06901532732649755,0.1449923919990658,0.09408525601383548,0.04947244918789154
2046,27,84,0.07029886100018605,0.12761083598712789,0.08827233070875329,0.05934948347733394
2047,27,85,0.09895955459818499,0.19269609480802227,0.0866653441656206,0.09540690497710425
2048,27,86,0.09525066827267342,0.14882530534666996,0.09651513635648432,0.11210693628666075
2049,27,87,0.08867676203665237,0.14917664950832488,0.11170153404750195,0.1293529948971134
2050,27,88,0.08487432285729081,0.12367390007651907,0.12492536452898775,0.13916772252648527
2051,27,89,0.08279422730700099,0.11295555721732195,0.14185349263418817,0.1500292011771625
2052,27,90,0.09777317529057475,0.10056966652513133,0.18217936197730644,0.16463905432952028
2053,27,91,0.08615992919772453,0.10896904989773394,0.13322997569223502,0.17823587980231256
2054,27,92,0.09844269954194149,0.11386585814137284,0.17659645182986136,0.18372645686732442
2055,27,93,0.112968019226758,0.03355125741644286,0.20112720397967335,0.18639351588139613
2056,27,94,0.10458041759761862,0.04000714299563668,0.18960502244788982,0.1906826574233904
2057,27,95,0.1142425198022693,0.05234138819359101,0.18616285409768266,0.2056129934036694
2058,27,96,0.12277864322385995,0.05398236082511954,0.17589241806885303,0.22127236479493811
2059,27,97,0.13025881113634427,0.20026162224088745,0.1202744844029489,0.10577702318106368
2060,27,98,0.1845304070250045,0.08090172517153586,0.17165248492625776,0.13639826988723566
2061,27,99,0.22620935077053977,0.13549334787835762,0.21155536994659793,0.16340897290424958
2062,27,100,0.2634692399417474,0.18729383594491816,0.25068296463441925,0.19227873375555196
2063,27,101,0.2911639903090346,0.19627226755120591,0.28086452586355054,0.23306627531807897
2064,27,102,0.3256007111698454,0.23392819032579223,0.3391375552323431,0.413990200873531
2065,27,103,0.32262126487803083,0.3022349673498837,0.30707096738497913,0.25864404840277616
2066,27,104,0.3539617814793061,0.2535599732888126,0.3499957115659659,0.3985209094635488
2067,27,105,0.36639850890059217,0.16475912455859992,0.37251775290771105,0.4075091007473077
2068,27,106,0.3595057704266347,0.1287170854602928,0.35139537956893624,0.39226790023608293
2069,27,107,0.3199517258467537,0.32943472109102656,0.263458690172813,0.28738070206991095
2070,27,108,0.2981823810650297,0.2765866874997208,0.20288476038610906,0.28394439581026765
2071,27,109,0.2225968928463299,0.1664986168159427,0.11106988018154215,0.2631874812480683
2072,27,110,0.15602496317829065,0.3654028472226252,0.0889476624738722,0.12242267141992857
2073,27,111,0.13975485781995786,0.3624467946715123,0.100136983591804,0.10418961861126226
2074,27,112,0.14378293835160696,0.2775621722413576,0.10330509211803125,0.11499530784263014
2075,27,113,0.1724295630167637,0.1530685689063335,0.10417995976467306,0.11761611081721296
2076,27,114,0.22069028131814042,0.11151949927527029,0.12993105170379218,0.12142305277220641
2077,27,115,0.16234886397141515,0.22416318739510058,0.10385847177411293,0.13919637183919492
2078,27,116,0.26557342637084025,0.2819601499033515,0.16848667251412638,0.1443120311598594
2079,27,117,0.2754275136753721,0.07444930079435604,0.19478604068247057,0.14974795352135764
2080,27,118,0.24504568040451952,0.030662723925839065,0.17130595015426037,0.1596478839182517
2081,27,119,0.19599509058549966,0.0555799231254573,0.12810335667853576,0.14426370259162563
2082,27,120,0.13877107509307857,0.09013364225864236,0.0833509587445048,0.1276741593582272
2083,27,121,0.06261138605445112,0.10518509925450492,0.07524383622653477,0.07007887814982021
2084,27,122,0.07113613687011949,0.10010571902134005,0.08543847540853598,0.06264394363011101
2085,27,123,0.07305578554178116,0.07166650481554145,0.08050391825982332,0.045611315337125174
2086,28,64,0.1364121289613589,0.1228767235919235,0.22056144061752467,0.18984285324338895
2087,28,65,0.14032853680090734,0.11611869141532197,0.20203548729176835,0.19162320038323136
2088,28,66,0.14359375563497986,0.037176994638872654,0.15289616707582437,0.19102522242679404
2089,28,67,0.16423341349505982,0.11617465655244451,0.19168483853341992,0.1936386860311129
2090,28,68,0.14844858877532383,0.09497878664003477,0.1373524830792137,0.188875620398016
2091,28,69,0.14104391030017918,0.11794092490786479,0.07482117098395374,0.18393291922316876
2092,28,70,0.15271355550131108,0.09930221496635107,0.0794078417517489,0.1934771958510685
2093,28,71,0.16069445292909337,0.1302647507028559,0.08513131493458652,0.2202414686927476
2094,28,72,0.1704438988304074,0.09786696695097558,0.089827980526803,0.1280226332962557
2095,28,73,0.19068062116002887,0.03088927420913037,0.13554072669523878,0.23593517930089639
2096,28,74,0.19064441753813438,0.07296879913732487,0.1456484264965898,0.24495031832970238
2097,28,75,0.18966170834023793,0.06953513764396309,0.13959052578223924,0.13190029648288482
2098,28,76,0.18415910161171178,0.03556103045167473,0.12189854708323543,0.12264510118530086
2099,28,77,0.1737036084044405,0.029956118437043152,0.096029363353252,0.10997419868527858
2100,28,78,0.14019352583516917,0.13230900075690616,0.04790297418323035,0.08174121804928103
2101,28,79,0.17148718193575857,0.14954603427283963,0.08101913146454434,0.08398012153560891
2102,28,80,0.13693002541511048,0.03549268473485599,0.05239852559993197,0.06866665258492716
2103,28,81,0.10403511587689931,0.06500048761972202,0.0582491070075501,0.04685796318274411
2104,28,82,0.08620427040730512,0.09426979458595774,0.07719885976331062,0.0393055549207864
2105,28,83,0.07047411992279984,0.14448559929243188,0.09548808630265145,0.04688386211605704
2106,28,84,0.07164783856162756,0.12672287190541554,0.08964626633082999,0.06147134485086237
2107,28,85,0.10003879374620397,0.19223117082268695,0.08757592484113708,0.0951608432431849
2108,28,86,0.09599419749228644,0.14775543069785385,0.09737166601880594,0.11187516823532888
2109,28,87,0.0890071535738447,0.14819370057410497,0.11271684637946093,0.12439803144955937
2110,28,88,0.08483765792764553,0.12271604783794227,0.1260371990654199,0.13674305168651493
2111,28,89,0.08235729632663022,0.1161953837032492,0.14304043898939547,0.1450151318714952
2112,28,90,0.09692990242762807,0.10192035041900285,0.1834205760132878,0.16354704273584963
2113,28,91,0.08583631292257604,0.10936561675844984,0.1342954245946155,0.1733979634392404
2114,28,92,0.09763439417742055,0.11364055081411831,0.17776399374431656,0.1797803222217236
2115,28,93,0.11221582561646312,0.03478485579378768,0.20225203221278076,0.18475453900805336
2116,28,94,0.10388802519079872,0.041370914618242834,0.1906551273263612,0.18828889127439996
2117,28,95,0.11357294612669006,0.05336554879752474,0.1871560263228808,0.20032339490467735
2118,28,96,0.12212473254889175,0.054351990569168174,0.17681753680708595,0.21689042553820076
2119,28,97,0.12978834515982615,0.20290931876261564,0.12079359964181365,0.11431669285757981
2120,28,98,0.1838992903634569,0.08101441164882918,0.1722876599871051,0.14329256422857878
2121,28,99,0.22552569385408763,0.13581147405010785,0.21220673705709509,0.1664097996542885
2122,28,100,0.2627339552306548,0.1875571241862519,0.2513454572109366,0.1898734520674983
2123,28,101,0.2903914721916238,0.19856245363157915,0.2815133328402619,0.234744452798885
2124,28,102,0.3248192929121437,0.23620799709627702,0.3397794044429291,0.39748575273079045
2125,28,103,0.32182361714714,0.3041726552838409,0.30765036506893534,0.2590789597644414
2126,28,104,0.3531760966573039,0.253711722691253,0.35055307057592866,0.4282849061301541
2127,28,105,0.3656307659557869,0.16412489668139893,0.37303091124611865,0.43844484136832274
2128,28,106,0.35874689230251794,0.12785819753306163,0.35184967949343005,0.38719566231181884
2129,28,107,0.3191892681761131,0.34120439363647287,0.2638414186939713,0.2798357113948603
2130,28,108,0.29743636305712706,0.28463515975481724,0.20322928022925163,0.28497829169737415
2131,28,109,0.22197536911432153,0.16816588705411029,0.11133221822744924,0.27698643109527615
2132,28,110,0.15565459674434415,0.3664389072893899,0.08899617152255603,0.123042460715105
2133,28,111,0.13953144143642915,0.3625650862472114,0.10014354192388263,0.11483201303388722
2134,28,112,0.14358249887986663,0.27719082652558213,0.10332671416068749,0.11977604739376484
2135,28,113,0.17210782968744529,0.1551777878958606,0.10422203147910424,0.11891599606164617
2136,28,114,0.220188036282081,0.11294332340211963,0.1299505903710036,0.13343681553458636
2137,28,115,0.16213070597236168,0.2254495541805066,0.10387614577563827,0.14240615820311198
2138,28,116,0.26496478208380086,0.27972646655849404,0.16844714707361744,0.15393982092318184
2139,28,117,0.27482185250636443,0.07686967003468675,0.19475023971019909,0.16191539743744557
2140,28,118,0.24457393893653454,0.032000456546174026,0.17128222070649657,0.164090562391061
2141,28,119,0.19571453202234187,0.055716289194448404,0.12808008871971083,0.1455763818230939
2142,28,120,0.138704964546459,0.09038012202545812,0.08332885658398544,0.1315061005994756
2143,28,121,0.06240562499126105,0.1053496533013725,0.07526702713652199,0.084941988791477
2144,28,122,0.07101117213024477,0.10022638261963629,0.08551417251285096,0.05741456248328358
2145,28,123,0.0730709510101564,0.07166620224043346,0.08057620924232313,0.05041077618051946
2146,29,65,0.14625650710158544,0.08711918919485552,0.1971101439157043,0.18449167022511753
2147,29,66,0.15256895850915964,0.056015442476430456,0.14526678901933546,0.18380397944101917
2148,29,67,0.169226977774435,0.1290561663890939,0.19059455882472837,0.1918477723520584
2149,29,68,0.15823394347163988,0.09532293938185168,0.13164150450942516,0.1930557327129054
2150,29,69,0.1524920740829692,0.11344219029086512,0.07154033520258658,0.18672300245853793
2151,29,70,0.1627846856884277,0.09273207822343658,0.07802120336405205,0.19678228545602647
2152,29,71,0.17062742713437098,0.12541633341695677,0.08404946409570858,0.21089265264233822
2153,29,72,0.17998101274353231,0.09363474376755562,0.08847168059418341,0.12990503116891935
2154,29,73,0.19779713864041581,0.03364549050705014,0.1370143556764996,0.23224976173722534
2155,29,74,0.19803838217318978,0.07368286251787988,0.1449172064199932,0.14909845244206577
2156,29,75,0.19732647794330097,0.06829040038186406,0.1376770155968078,0.12789738111846957
2157,29,76,0.19233820154661782,0.03338483053304772,0.11924305125061391,0.12025425937917979
2158,29,77,0.18260363133627736,0.02674118387596127,0.09303129916328684,0.11457601084694498
2159,29,78,0.15161464199787605,0.10974140322900236,0.04792866799313451,0.08356004046110206
2160,29,79,0.17885203973824265,0.12235935117135217,0.08122961145698944,0.09081667008002652
2161,29,80,0.14599347114156616,0.035441416169061636,0.05167775744478038,0.07401473797849976
2162,29,81,0.11379906906483105,0.06470742008381261,0.061060682529406655,0.049265427213244846
2163,29,82,0.09513404661925906,0.09432860930993361,0.07985429661924892,0.0404136947795548
2164,29,83,0.07791330719658086,0.14458298739009054,0.09779842474867183,0.048215734869794545
2165,29,84,0.0783685556594945,0.12693475550706584,0.09071138512655069,0.05950197967993833
2166,29,85,0.10477542175302346,0.19237319361258945,0.08753072833517361,0.09547129894506311
2167,29,86,0.09944928135182039,0.14798261048452352,0.09796580455276543,0.11155332618216417
2168,29,87,0.09082235621389563,0.1484344028386057,0.11380713593776019,0.12684914172543382
2169,29,88,0.08501124456315544,0.12286972065415029,0.12736880834566344,0.14192312838738327
2170,29,89,0.0804980756986218,0.11631403613834473,0.14469036477513453,0.15087759379045956
2171,29,90,0.09212814939007531,0.10246285579168872,0.18641588483666974,0.16962969241754525
2172,29,91,0.0845428675283527,0.10959739741739245,0.1338888447243353,0.17808196808134125
2173,29,92,0.09313010458957217,0.11368405578567897,0.1799215287927047,0.18121841990650642
2174,29,93,0.10773128764901792,0.03472415965419988,0.2043784783940798,0.18753882488835247
2175,29,94,0.09999270969121118,0.041279090765852726,0.19131371475853798,0.19004302471280615
2176,29,95,0.10993747635843615,0.053350180063984544,0.18716890419855567,0.20579687771173236
2177,29,96,0.11880827940078936,0.05434383606950087,0.17628878340177379,0.22176444476702975
2178,29,97,0.12795746568142854,0.20242013061277844,0.12010528441158329,0.1225531957978348
2179,29,98,0.18125669632450725,0.08089696462835824,0.17269564050181355,0.14453198408629903
2180,29,99,0.22269106989990756,0.13572906445518967,0.2128431407769729,0.17636481233907064
2181,29,100,0.2596519532365063,0.18736730656394174,0.25222366257610207,0.2078265672720078
2182,29,101,0.2871411450823963,0.1989180580775479,0.2824145881081986,0.23643800072884094
2183,29,102,0.32124796236011344,0.23365143355652535,0.34171320159690494,0.41801270804631063
2184,29,103,0.3186605473659963,0.3022221219673916,0.3071887243656165,0.4070898038644573
2185,29,104,0.34978884070745203,0.2529930668669014,0.3516996843821077,0.44140496554607755
2186,29,105,0.3623037684293591,0.16450625505336042,0.37405513533176826,0.4599167234073536
2187,29,106,0.3556795945403729,0.1283437837014927,0.35163830548730624,0.44928871162891587
2188,29,107,0.31657859643794484,0.33697804791311575,0.26151282635145995,0.2967561386288918
2189,29,108,0.2951098644148601,0.2819711726274726,0.20147252267515814,0.29105071360785134
2190,29,109,0.2205518462453792,0.16830815759294043,0.10954025811702447,0.29765810099711487
2191,29,110,0.155233245000073,0.3653733757583724,0.08902104190351953,0.12811612440082865
2192,29,111,0.13946985501728712,0.3624662741787071,0.10031807235117866,0.11678701280846732
2193,29,112,0.14352784516135517,0.2779104867285237,0.10337761700416782,0.1179269022584027
2194,29,113,0.1716208966670662,0.15567692540540207,0.10439371594939352,0.11787096863758884
2195,29,114,0.21897788290503203,0.11856209957000124,0.13077325977171395,0.12449926900845139
2196,29,115,0.16193599674040476,0.22416697768043944,0.10365138645519414,0.13055070579774983
2197,29,116,0.2632898302439867,0.2798920005271659,0.1698191108626465,0.14077876673995476
2198,29,117,0.27312576766220403,0.07760037525251784,0.195319038488378,0.1504881626434358
2199,29,118,0.243374635590991,0.03191261404549493,0.1708709060430215,0.16924008535492407
2200,29,119,0.19520377957565582,0.055141539716311895,0.12721847619148008,0.14706581055962364
2201,29,120,0.13893727680354,0.08935136286423857,0.0824746375540256,0.12230225512603086
2202,29,121,0.0615391733436383,0.10445523345748856,0.07675677318560152,0.07772851808084316
2203,29,122,0.07050090348480295,0.09969448569767539,0.08582892919837157,0.06214992852508881
2204,29,123,0.07318255501422162,0.07168891553566004,0.08056670013170192,0.04678722917186447
2205,30,66,0.14260068509567578,0.05573071273564213,0.1255617449992228,0.18240965416851845
2206,30,67,0.16607371769852353,0.09383024550883702,0.19280782393535323,0.18959091564488487
2207,30,68,0.1483976596702293,0.0429890853207385,0.11690587502841276,0.19067751209641984
2208,30,69,0.13468352250919255,0.09681340362888963,0.06708448723952264,0.1874857130782153
2209,30,70,0.14508804737328806,0.08695033750158425,0.07581277958321749,0.19516460718582682
2210,30,71,0.14973420916857083,0.1323705963965619,0.08230835297609992,0.21667118822143328
2211,30,72,0.15918657871446976,0.09482862944953908,0.08630546178468158,0.12918586061068385
2212,30,73,0.18658847783492263,0.015703099415732943,0.14430179778521304,0.24565237560344919
2213,30,74,0.18561741618416547,0.026433066943337764,0.1436460106545606,0.14371419149509154
2214,30,75,0.183549861029453,0.035794803146958765,0.13358884504935398,0.1299650294548923
2215,30,76,0.1761073183250464,0.02395305158006587,0.11356834952331829,0.12744675500862365
2216,30,77,0.16256717393585274,0.026335883189008726,0.08677308253982814,0.11153775887772269
2217,30,78,0.11733005800511445,0.14434039528223028,0.05081643205925124,0.09575936128957559
2218,30,79,0.16226288377098735,0.15183963301938586,0.08473541885121702,0.09732938946505831
2219,30,80,0.12038961481945644,0.04228042432294669,0.05052129930765674,0.07500166199699396
2220,30,81,0.08126477453486042,0.06736359055344966,0.0675520094593109,0.044869518147691405
2221,30,82,0.06440732989864163,0.09433241303435246,0.08464694500397593,0.040366486501979056
2222,30,83,0.05390989243098987,0.14585007324550614,0.10160223838987743,0.043432292934934086
2223,30,84,0.05604961332328207,0.12933935739539118,0.09113019864345577,0.058283402502294225
2224,30,85,0.0905393878897836,0.19479666323399003,0.08615075448114418,0.09634780611409388
2225,30,86,0.08946334098093796,0.15150027271971178,0.09851057062817885,0.11547287544922961
2226,30,87,0.08632434182104329,0.1518040369536094,0.11545176131584924,0.13195594608720357
2227,30,88,0.08609531494323519,0.12607564198667,0.1293868657483098,0.14248697961379939
2228,30,89,0.0887119722950385,0.11852459231289918,0.14740391059728677,0.14869070151045166
2229,30,90,0.11264704246174713,0.10350443774536641,0.19268878182620458,0.16742301823199243
2230,30,91,0.08924635251669093,0.10121819134826449,0.13070368912223504,0.17444684326433435
2231,30,92,0.11067435293490167,0.10937224383993575,0.18448048764654462,0.18513122110169522
2232,30,93,0.12573114493060875,0.0354200105741535,0.20837112617655726,0.18924120141997314
2233,30,94,0.1145111469892559,0.04040141991720628,0.1911779694095808,0.18974659846490396
2234,30,95,0.12262636931992234,0.0518194207871905,0.18564580608553902,0.20088599607114557
2235,30,96,0.1292460026035801,0.053531701316426664,0.17360241707872576,0.21670522501621228
2236,30,97,0.1319334638777158,0.1983549585850603,0.11832993071083434,0.12038299562272035
2237,30,98,0.18756672752976852,0.08171436582642298,0.17327018497946053,0.1433738351880531
2238,30,99,0.2293310761620182,0.1359988104123896,0.21377245090573696,0.17310307755826956
2239,30,100,0.267037455147424,0.18650509915274524,0.2537090020218471,0.20872880525897924
2240,30,101,0.29500562613313785,0.19771452561056976,0.2839122597243985,0.22985198995444156
2241,30,102,0.3312675374396053,0.2334514926505885,0.346000587890483,0.40937976925013253
2242,30,103,0.32534494885526455,0.2932122248727403,0.3048686429592894,0.40683026714495996
2243,30,104,0.3585188464184067,0.24594146521188107,0.3541920776876696,0.43526760556678973
2244,30,105,0.37095363403932635,0.1615718451913495,0.3760576758769691,0.3962496154204494
2245,30,106,0.36251984146584965,0.12844056327400213,0.35032180032422816,0.39582034715286846
2246,30,107,0.3196340955581922,0.3092276079390759,0.25479705836386096,0.29557367135154045
2247,30,108,0.2960889964343385,0.2590863038417753,0.19696207905643318,0.2868892263648503
2248,30,109,0.2152672237554969,0.161333627968363,0.10513207283045292,0.27138167185859596
2249,30,110,0.14594887937822837,0.36038017426903624,0.08915808077745432,0.14368222740114509
2250,30,111,0.1311081287939985,0.35888084028636025,0.10069124319763786,0.11271320669609931
2251,30,112,0.13597220799444434,0.27658655767938284,0.10347900700551574,0.11695510152503591
2252,30,113,0.16541986669660436,0.15457853642609112,0.10485239410463104,0.12303579667882263
2253,30,114,0.2161225100761202,0.120230707590583,0.13279603123664352,0.13936434557895844
2254,30,115,0.1557764490204518,0.19125821483441127,0.10316589541678807,0.1386813681089665
2255,30,116,0.2632039989131016,0.2663823991259906,0.17345754566157773,0.1498783914755037
2256,30,117,0.27349727967692056,0.06552454993339152,0.1967020350953981,0.16788120983924612
2257,30,118,0.24203321342999437,0.02924066055944633,0.1699361665380944,0.16381091280533114
2258,30,119,0.19146604715046428,0.05313163634266711,0.12533206210949077,0.14408797138478183
2259,30,120,0.1327544833731272,0.08599093338149251,0.08066441546597701,0.12721174273632868
2260,30,121,0.06797604205419247,0.10077723261611601,0.08007947681717657,0.06631998258211293
2261,30,122,0.07446030184973723,0.09628909400446027,0.08621804301448521,0.0529899461242248
2262,30,123,0.07307842056931325,0.06901630355213821,0.0803624131221359,0.0510228365658639
2263,31,67,0.17658432793001816,0.12673219215638618,0.19189202288920124,0.18735070307099977
2264,31,68,0.15987339094689124,0.09251818099839115,0.12114316112338033,0.1912187325402211
2265,31,69,0.1476074488934282,0.1143721807712583,0.06745879461338905,0.18047922957167944
2266,31,70,0.15728596017363958,0.09620107669485,0.07586339982369515,0.18590551958767282
2267,31,71,0.16191522964052746,0.1288544425508995,0.08216525921597413,0.19236749296562222
2268,31,72,0.1711021731949934,0.09729462129297634,0.08586991908935218,0.21945272266538396
2269,31,73,0.19745694327371643,0.03479295114706128,0.14073369323052554,0.22849486382484077
2270,31,74,0.19617396876454038,0.03072845298607761,0.1427835023905869,0.23346474825145314
2271,31,75,0.19378698335562458,0.039323897261123425,0.13344646467489643,0.1441186817980273
2272,31,76,0.18602687369153809,0.025102703501536733,0.11385580601436021,0.12837359923283598
2273,31,77,0.1722039432305607,0.02626566840433739,0.0872888412970687,0.11804767978314372
2274,31,78,0.1265956339595711,0.10946596742792182,0.05019611753820971,0.08678597475554485
2275,31,79,0.1706039252831037,0.15490946608542314,0.08260496413294145,0.08290096155892802
2276,31,80,0.1280866614159419,0.03646399478582633,0.050839894700364055,0.0692021095589088
2277,31,81,0.08796764635921257,0.06690612500018839,0.06706107988717425,0.04425909377585629
2278,31,82,0.06988916002507568,0.09791047011048697,0.08491634562340039,0.04009680783544226
2279,31,83,0.05715056423559083,0.14907031253677136,0.10219147081556187,0.05060246653294446
2280,31,84,0.05994615727475846,0.12748323085281557,0.09260260766182972,0.05960757299338276
2281,31,85,0.09474519466013531,0.19411427848933466,0.08745121881410821,0.09239758292869453
2282,31,86,0.09189486074756055,0.14651043285066442,0.09927011238910445,0.11185601691663163
2283,31,87,0.08642809743415356,0.1465814514774928,0.11609848755741553,0.1268363280835828
2284,31,88,0.08441426127230303,0.11923971280365503,0.13003807586135804,0.1409368164446164
2285,31,89,0.08541800597317475,0.11256922487250205,0.14793718436986406,0.15052499949199502
2286,31,90,0.10935668832480216,0.09847846235802013,0.1923273227987259,0.16591704207722244
2287,31,91,0.08645344210966491,0.098270274339569,0.13273992018690747,0.17729946839900032
2288,31,92,0.10713519337622152,0.11666503753550753,0.18435664490613438,0.18569163835760236
2289,31,93,0.1226944027768138,0.034977071875215295,0.20844492586824126,0.19041508606442342
2290,31,94,0.11074067381707421,0.04096384431839586,0.19235103058878147,0.19009089845916957
2291,31,95,0.11823125547558402,0.05270971417874657,0.18709190236586049,0.20331153713343494
2292,31,96,0.12405688407791367,0.05375586741366824,0.17525358942211744,0.21818253559306564
2293,31,97,0.1272830871500147,0.20321047360776975,0.11911446479870295,0.11029021355931719
2294,31,98,0.1816754662927737,0.08180220596877387,0.1736502492180593,0.14517530964403186
2295,31,99,0.22294690299625675,0.13575985310556996,0.2140891149406504,0.18110133577041074
2296,31,100,0.2603766722631524,0.18640370921630114,0.2538749448044026,0.22057319664740185
2297,31,101,0.2881395487711846,0.19746543131881877,0.2840524448054331,0.2575404430902963
2298,31,102,0.32542070193055067,0.23381378340122835,0.3453655169623764,0.41725104200740626
2299,31,103,0.3176944604267094,0.29295030882013157,0.3060040108862667,0.2964997338487868
2300,31,104,0.3524118330376665,0.24964997816974074,0.3539019830211704,0.37824910509492127
2301,31,105,0.36506784962921046,0.16346555971401555,0.3758928851491596,0.3869698431888696
2302,31,106,0.355755948082227,0.1290826061752856,0.35102816042833734,0.3907852666352001
2303,31,107,0.31013294300072436,0.31780491206516526,0.2568727180138899,0.3399542209900037
2304,31,108,0.2849171975285171,0.26273059969594015,0.19826558266617292,0.3109862547997629
2305,31,109,0.19894616982528227,0.16206170976737383,0.10627890340340229,0.2997243758757448
2306,31,110,0.12950398198706264,0.3618945383948735,0.08911537412329373,0.14049459884258633
2307,31,111,0.11893124409429326,0.35974386636918254,0.1006048747068461,0.12546963037299583
2308,31,112,0.12472409490410187,0.27684860472436135,0.10343446220315886,0.12231214186258962
2309,31,113,0.1531058059910759,0.1550914199818868,0.10464197926967683,0.13083265038442649
2310,31,114,0.20484790749849785,0.12048838463374195,0.1321366785538815,0.13373711664701804
2311,31,115,0.1451989561738275,0.19584890253012827,0.10313666681053212,0.14874229788528578
2312,31,116,0.25374257857805793,0.27349559127364065,0.17228668505961872,0.1587953520829943
2313,31,117,0.26465074926429644,0.036710537392499853,0.1961204901558739,0.1765526217722576
2314,31,118,0.23326412787264544,0.02921911423016443,0.16991075726735042,0.16998314901745223
2315,31,119,0.18276842742223395,0.05315415210718111,0.12552919564168633,0.14667342791006907
2316,31,120,0.12442769083371066,0.0859021375037814,0.08088153810341564,0.12669480734559935
2317,31,121,0.07352751280948502,0.10068865864558936,0.07958319170302598,0.08105770080111706
2318,31,122,0.07812768386242357,0.09620683327592738,0.08640833773160578,0.06048459038106536
2319,31,123,0.07398745939170567,0.06896528611096957,0.08060596961464517,0.04569734389250721
2320,32,68,0.17075590710605199,0.0935463389467649,0.11637138776761022,0.1852183915583564
2321,32,69,0.16102515735682393,0.08693493412781439,0.06632970577469137,0.17763545039724016
2322,32,70,0.16858165570935535,0.07763557099157845,0.07444206214503732,0.17949161278356673
2323,32,71,0.17296320053472736,0.1261727584304795,0.08078700929547598,0.19048234696469768
2324,32,72,0.18127812932493279,0.10623546569818396,0.08371582017828556,0.21319087997172279
2325,32,73,0.2043199405586099,0.01649959707647296,0.13865590974647576,0.22249208438201878
2326,32,74,0.20335722132421072,0.022626811054425825,0.13992224586404223,0.2234045110741968
2327,32,75,0.20125956173522458,0.030772554719523726,0.1305607630252016,0.12722123304213773
2328,32,76,0.19404123122566702,0.021241777848330215,0.11110455477784466,0.11600605299827574
2329,32,77,0.18093010989498007,0.029689682739047017,0.08488306280234881,0.11065149298424816
2330,32,78,0.13774358484600704,0.11302037275497967,0.05153641981952373,0.09186777527621308
2331,32,79,0.17737219635129062,0.11355525181458805,0.08177010893085229,0.09383858152324173
2332,32,80,0.13640036019746365,0.03522140757742521,0.05100295115163806,0.08384876522051622
2333,32,81,0.09641832332323194,0.09441406703932531,0.06975590071656025,0.045793606114647466
2334,32,82,0.07686562878162388,0.09144306003496352,0.08747035562321737,0.04516615871956419
2335,32,83,0.06162264059199463,0.14510827009781693,0.10465878812888071,0.04797640032138143
2336,32,84,0.06449676607379307,0.12805350367559212,0.0945831711381558,0.05902873515155111
2337,32,85,0.09824483631416796,0.194784928505427,0.08852544461290231,0.09387783108804881
2338,32,86,0.09423669773212098,0.1508929269596778,0.1005623534809167,0.11277538862534436
2339,32,87,0.08727082417242292,0.15148320282420977,0.11772510552882895,0.13074172411434012
2340,32,88,0.08389067751462231,0.12539510324625627,0.1317917016193177,0.14095324706602244
2341,32,89,0.0833319640515557,0.11791472643450177,0.14983167461456226,0.1506858936809338
2342,32,90,0.10534052494568373,0.10312102578496772,0.19465045177748078,0.16792669263930488
2343,32,91,0.08526032324147158,0.1012524246886029,0.13363933022558208,0.17944788052332555
2344,32,92,0.1036326152559875,0.11780575445754636,0.18649321176453423,0.18459409248177971
2345,32,93,0.11930860781264421,0.03689441742966607,0.2103724069538098,0.1898257926089816
2346,32,94,0.10781820346363963,0.04182014175071605,0.193562317319709,0.1911550481422563
2347,32,95,0.11551706387518114,0.05279643529423982,0.1880538959056008,0.2048544828197296
2348,32,96,0.121584436639327,0.05384452061802078,0.1760001842686446,0.22097903130777344
2349,32,97,0.12601791287718775,0.2002484171344182,0.11949089117394596,0.21544862137605467
2350,32,98,0.1797196042879504,0.08152397849739706,0.17452282355451784,0.1483230824179216
2351,32,99,0.22084373848842362,0.13640436134399173,0.21500819936188964,0.19064463010256996
2352,32,100,0.258085731537146,0.18729766322024394,0.25486910338831587,0.229129575619772
2353,32,101,0.28572665801949987,0.19843761721323036,0.2850233385167006,0.2611104267871855
2354,32,102,0.3227750718018473,0.23447635485639884,0.3466715789843851,0.41127900493746716
2355,32,103,0.3153618423204781,0.29339143573517745,0.30635115429198834,0.3795974646792892
2356,32,104,0.3499126692536005,0.2512335129340551,0.3549232484093682,0.4347575287896603
2357,32,105,0.3626226209391774,0.16292083659610782,0.3767701776430791,0.3937722933103592
2358,32,106,0.35350988572123715,0.12851172782809187,0.35134598354257596,0.38688776476656045
2359,32,107,0.308252112828626,0.31644512997576585,0.2564197731242575,0.3726388329192251
2360,32,108,0.2832829123495043,0.26395869215701206,0.1981722433878467,0.3366413102956524
2361,32,109,0.19812595236309913,0.1619147110772537,0.10613169083081767,0.2935220552236109
2362,32,110,0.12949814403400464,0.36043531071563345,0.08918114718682173,0.16333829177757525
2363,32,111,0.11909525086463803,0.3588370012289957,0.1006507868344884,0.14308007139830972
2364,32,112,0.12488137431503202,0.27606654301003913,0.1034783085421087,0.14020390059172322
2365,32,113,0.15296204974314093,0.1542296314083028,0.10476495349083817,0.15000298104122814
2366,32,114,0.20411345732698538,0.11949781412342508,0.13240255186748903,0.16938195707445597
2367,32,115,0.1452361073246572,0.1937268933402399,0.10313223853856562,0.18104999466401878
2368,32,116,0.2526130019695592,0.27288752364870095,0.1726694555147555,0.1912363134067547
2369,32,117,0.2634967836541278,0.06456424689540409,0.1962622571206159,0.21410594229582589
2370,32,118,0.23249192598134466,0.029079311786893984,0.16982485887150356,0.18965857684992055
2371,32,119,0.18252450483686816,0.05355909908045018,0.12534843524619332,0.15217223484273118
2372,32,120,0.12473924622761752,0.08595363964932423,0.0807049205804333,0.12733370000624472
2373,32,121,0.07229690711665594,0.10045753716667034,0.07992155691316834,0.06690811092190012
2374,32,122,0.07727771187543205,0.09586926725996651,0.08649830378169317,0.06015016523297746
2375,32,123,0.07372378339026169,0.06859620757215353,0.08064437755531549,0.04298004849838439
2376,33,69,0.16696361652058606,0.06767438075777613,0.06495927908014495,0.17951502753104753
2377,33,70,0.1715440848243372,0.08550338161345152,0.07255028187533262,0.18112342195085074
2378,33,71,0.17371490771098455,0.1348541119201407,0.07894786396790669,0.18898134057557625
2379,33,72,0.18105517487542563,0.10642935734746756,0.08064727503843987,0.2155392144167326
2380,33,73,0.20517760333384227,0.021342161866856384,0.1319067741096756,0.22822268751894562
2381,33,74,0.20404769921974583,0.032258580717529246,0.13527935445349104,0.23023186872996823
2382,33,75,0.20168304573651333,0.039550250953718134,0.1268556271943906,0.14245896271635813
2383,33,76,0.19396486674136415,0.02407245964038118,0.10818194153516131,0.12430137638539425
2384,33,77,0.17989337049790477,0.028444189670262833,0.08274052064038429,0.1131745955885134
2385,33,78,0.13250048286401392,0.11962567200477957,0.05255761247861287,0.08969673499946225
2386,33,79,0.17606583966617875,0.11521803898975637,0.07866593239487467,0.09011584363343779
2387,33,80,0.13278872115852194,0.042371656943836385,0.0517277250750982,0.07118525605931625
2388,33,81,0.09005015206199248,0.10682383793501413,0.07178247719870887,0.04722640611851198
2389,33,82,0.0703820272981112,0.09056806959156295,0.0901477419655109,0.041274788945257
2390,33,83,0.05681545618741298,0.14552635477894582,0.10752997486824496,0.05121304358712556
2391,33,84,0.05980890390808714,0.12796527693981333,0.09794120334708521,0.05714267614605133
2392,33,85,0.09539835808778152,0.19476022932456277,0.09100370834604891,0.09241335420013891
2393,33,86,0.09224588674673355,0.15122781337624022,0.10258049330607893,0.11315935479587683
2394,33,87,0.0864571197627478,0.1519745366829057,0.11986683712922666,0.1276116717352798
2395,33,88,0.0843126688216155,0.12596874465016272,0.13402259673158154,0.14145565385769904
2396,33,89,0.08538298003895986,0.11840290878114537,0.15204538225453812,0.15151733349610544
2397,33,90,0.11031151519757279,0.10331662474892139,0.1963162597612256,0.16236404330461882
2398,33,91,0.0862350626427348,0.10145056115870844,0.13672756507059985,0.1753884194862614
2399,33,92,0.1075751554414896,0.11794151862823248,0.18796053333193238,0.1823066559153527
2400,33,93,0.12337096406591627,0.036955308217827075,0.2119201114973637,0.18768484797368645
2401,33,94,0.11102782579321745,0.041470469371690646,0.1959864080565703,0.18683510485505544
2402,33,95,0.1183137526903636,0.05272823375290259,0.19065015208355426,0.20154219514885874
2403,33,96,0.12386747006615248,0.053794866440140574,0.17865639308663772,0.21881914653938225
2404,33,97,0.12677112424296402,0.2000797499651154,0.12077382765835828,0.10761491657755931
2405,33,98,0.18101395919169946,0.0809518030164139,0.1757766725177027,0.14846663089162138
2406,33,99,0.2222126000864174,0.13764626032288715,0.21624908352585778,0.1919596684957506
2407,33,100,0.25961233448071785,0.18959147021792444,0.25603243524507535,0.2381477030614578
2408,33,101,0.2873516316831462,0.2006633442941415,0.28616346584859936,0.26871107130008226
2409,33,102,0.3248415543265117,0.2364727619979785,0.34724666146420935,0.39890009556371375
2410,33,103,0.3167318381895672,0.2953569430242492,0.30821683953035095,0.3679213244629325
2411,33,104,0.35165742578023224,0.25268810982873435,0.35558758679732616,0.417677255964457
2412,33,105,0.36434783257965114,0.16384659127519366,0.3774784547725033,0.4247716988533922
2413,33,106,0.3548832781312908,0.12790922188004772,0.35275432874469786,0.3967405805221023
2414,33,107,0.30897345223003114,0.3356653331195438,0.2588028926131983,0.3648178288641577
2415,33,108,0.28368540475000875,0.2767687499068141,0.1997150838805882,0.37183942480277443
2416,33,109,0.19759047946021413,0.16283945387220275,0.107276241494701,0.3581569336428074
2417,33,110,0.12839719006998307,0.3608450872403923,0.08926379970991594,0.1362064262615591
2418,33,111,0.11819240258217138,0.35911934764277387,0.10064196390341335,0.12934119318107118
2419,33,112,0.1240231744306037,0.2748698765906021,0.10355012200884317,0.13024813331923749
2420,33,113,0.15222955369423413,0.15571014500900907,0.10492275332628058,0.1495758491664635
2421,33,114,0.20389949136351937,0.1273642678191575,0.13245857975705394,0.15128044959288867
2422,33,115,0.14449062142967917,0.19847150725714846,0.10335155077509336,0.15848305350214856
2423,33,116,0.2528152710288239,0.27496438909926396,0.17241391456299726,0.1817540929084961
2424,33,117,0.26375989101561065,0.03601222323106326,0.1962887016996496,0.19032103465577527
2425,33,118,0.2324786462967919,0.028888194085392255,0.1701073992820015,0.17104157841969417
2426,33,119,0.18212822176089907,0.05442250957777854,0.12569606448205914,0.15576528824663144
2427,33,120,0.12395189690427028,0.0864922142317748,0.08097906859890731,0.1294570971015128
2428,33,121,0.07368568952248968,0.10054447112958538,0.07950309679492666,0.07648794354828947
2429,33,122,0.0782336585538008,0.09566328058920297,0.0864475375450479,0.052556589503355955
2430,33,123,0.07402307093586534,0.06825504444844313,0.08067230901948133,0.04877013707313502
2431,34,70,0.17239840740038287,0.09274950862305856,0.07097427661627774,0.1854266791529733
2432,34,71,0.17193897641793288,0.11272342051883885,0.07741160509182285,0.1967486619812786
2433,34,72,0.1784368943844363,0.08218735021346896,0.07787641030015935,0.22238861516872052
2434,34,73,0.2046817908174565,0.02545416788365543,0.12434192291203046,0.22945447910859612
2435,34,74,0.2032448045193544,0.026784105499113434,0.1304526633599472,0.24087810440108007
2436,34,75,0.20048195284841758,0.0301802409142228,0.12327159655402291,0.13894847978751435
2437,34,76,0.1920669333068611,0.019859039259590257,0.1055812808437804,0.11400096923910463
2438,34,77,0.17681629057370699,0.035630853585615345,0.08101615427458016,0.10741673231709346
2439,34,78,0.1247114001040135,0.13183972566766233,0.053403835605407034,0.09308747197121868
2440,34,79,0.17320753961040905,0.1215767302123237,0.07549814815867215,0.09441656237337932
2441,34,80,0.12740430629660518,0.04410981306577685,0.05260444028185943,0.07723235038692834
2442,34,81,0.08238044013381045,0.11120904518968194,0.07338826353043781,0.04674155811066029
2443,34,82,0.06344475645575869,0.09251893398143117,0.09256511882519802,0.04101679303834478
2444,34,83,0.05282261670744186,0.12744704162541362,0.11022968694296262,0.051429342126851914
2445,34,84,0.05530628884485206,0.11801851154402697,0.10138577997835088,0.05769680288689507
2446,34,85,0.09221481291056255,0.19242834581576704,0.09382221330381872,0.0942266739276064
2447,34,86,0.09017987494101924,0.14980515822890675,0.1046875179131512,0.11390588987226685
2448,34,87,0.08589972890010501,0.15308297746667696,0.12196070641443033,0.13012199864005652
2449,34,88,0.08517910509507837,0.12844878866337192,0.13615327064523008,0.1417101022811098
2450,34,89,0.08796024590960284,0.12207263473285346,0.15409518718343557,0.1541931137926053
2451,34,90,0.11545493751595808,0.10797231137225338,0.19757736834457376,0.16682219705167695
2452,34,91,0.08759543072032075,0.10523640634063866,0.14012225204644607,0.18027337473941168
2453,34,92,0.1117771022462981,0.12140091120940952,0.1891183520487453,0.18191193875734987
2454,34,93,0.12756950997400077,0.038805031768090525,0.21314514345560395,0.18668066110032294
2455,34,94,0.11452205437691514,0.04401536521678055,0.1984308806409409,0.18975086253933512
2456,34,95,0.12148479542946582,0.06752740258425283,0.19341901663435562,0.20194878318676515
2457,34,96,0.12663976472738225,0.0571681671893726,0.18157527725923706,0.21918337366846158
2458,34,97,0.12796373027974312,0.20958070819957134,0.12229075092829522,0.11708893286915514
2459,34,98,0.18289925377828267,0.08380523010079587,0.17698505773617434,0.14652853216653783
2460,34,99,0.22421367916837484,0.14328106612098862,0.2173872324351348,0.185860946658313
2461,34,100,0.2617976037239399,0.19805143125479646,0.25703864829259837,0.23280503085594853
2462,34,101,0.289652099113484,0.20687510663545391,0.28713459310367717,0.2703165254430528
2463,34,102,0.32748940478444477,0.24291031491911905,0.34746830901111003,0.3577445262664999
2464,34,103,0.3188514218928821,0.3021277033299426,0.31016138563162415,0.36008079191165226
2465,34,104,0.35402816538042875,0.25451263866446505,0.3560173349754328,0.3805674511880826
2466,34,105,0.36667375189876233,0.16363129535290102,0.3779657003198775,0.3816474396624751
2467,34,106,0.35693108257059963,0.12826085517409735,0.3541858345014186,0.38130723847306647
2468,34,107,0.3105557883748185,0.3832770450060311,0.2616039042936102,0.341674985326746
2469,34,108,0.28503506414087443,0.2978799094569008,0.2014632889331676,0.34927163025204166
2470,34,109,0.19834198148291654,0.1653277030576124,0.10854682948393633,0.30421843470493004
2471,34,110,0.1285652257440081,0.3608035200831838,0.08933453710127162,0.14130521036308094
2472,34,111,0.11819178423300833,0.3573791683165402,0.10061848427313834,0.13378995879051991
2473,34,112,0.12402042599007279,0.2716250030452563,0.10359692319370209,0.14685402759071628
2474,34,113,0.15245320374206336,0.15094560695155512,0.10499830824618386,0.15327205603456637
2475,34,114,0.20452519795443522,0.11393426466460589,0.13234762051916313,0.15919314281799327
2476,34,115,0.1445700115943711,0.20845738444689216,0.1035145674737396,0.18829202991862673
2477,34,116,0.2536821892528845,0.2736171148123194,0.17192084769908916,0.19343259854642422
2478,34,117,0.2646371257732386,0.08117392931231895,0.1961548917369227,0.22620424657796903
2479,34,118,0.23308693047869022,0.03097762036491395,0.1703185809933682,0.20600832875674785
2480,34,119,0.1823771214753986,0.05618480691277133,0.12602290215998677,0.16195537843868915
2481,34,120,0.1238254316180884,0.08782707261091419,0.08125122547318434,0.13104215325964888
2482,34,121,0.07448381504107056,0.10121939472095966,0.07908092743329966,0.0794552961741157
2483,34,122,0.07879135288500283,0.0957513369118745,0.08645651565450341,0.05468034872076181
2484,34,123,0.07420679536001773,0.06790135144785905,0.08075459788376174,0.04262743856771815
2485,35,71,0.16750121740636048,0.11075442983213263,0.07617804170791287,0.17427554220417202
2486,35,72,0.1735229245956947,0.07113769719937503,0.07554112645670662,0.19373798539585554
2487,35,73,0.20263092184364026,0.05508758642087934,0.11570333827617707,0.2106963515801605
2488,35,74,0.20083879840756882,0.029060357028991433,0.12531583867284823,0.22961998584092586
2489,35,75,0.19765653486200105,0.02653740671374621,0.11986077369145774,0.22247693326053408
2490,35,76,0.1885271863546914,0.022527341856030857,0.10348239308848389,0.1271900901266443
2491,35,77,0.1721551250927602,0.04799916638342923,0.07996336415287077,0.11425236582513928
2492,35,78,0.11589367427937848,0.16454398330355044,0.05362617113626876,0.084833826470508
2493,35,79,0.1691905667770808,0.1287755954414393,0.07240299325796737,0.08514957535117094
2494,35,80,0.12124288431943338,0.06659019908718182,0.05354123761438723,0.07127108039517129
2495,35,81,0.0749250657266693,0.13693906093790095,0.07438836548089477,0.04863284224158816
2496,35,82,0.05746524789805064,0.09435055149730154,0.09452156493048589,0.0412503948717806
2497,35,83,0.05049062988289758,0.12891393510152513,0.11260978386408714,0.049064017160996835
2498,35,84,0.051818122278809955,0.11516592611324462,0.10485823889613088,0.06016822431973706
2499,35,85,0.0891650402403109,0.19209815575676767,0.09708967345222874,0.09772094683642871
2500,35,86,0.08838446944978719,0.14909018146250172,0.10691415177655351,0.11557031265308887
2501,35,87,0.08575882965731524,0.15267810236784718,0.12397747033671457,0.1269002498655049
2502,35,88,0.08644266413662716,0.12809306485214653,0.13812797015236125,0.1400948386343734
2503,35,89,0.09074583702612632,0.1220501927891756,0.15589646736307106,0.14948186535101832
2504,35,90,0.11998868661984441,0.10741611961186381,0.19820278049645612,0.1658153841393203
2505,35,91,0.08928782677919231,0.10557699466208016,0.1438102100017653,0.1790481814222878
2506,35,92,0.11566607098514183,0.12197442397031613,0.18999891550561265,0.18238956703661524
2507,35,93,0.1313281647645721,0.03961804933531058,0.2140029684957693,0.18762179984000005
2508,35,94,0.11790352551984264,0.04468612983588511,0.20078981559683146,0.19045618159926067
2509,35,95,0.12473033808188577,0.06875897372832607,0.19628711019291853,0.19918472844550272
2510,35,96,0.12972122838682304,0.05866877145645722,0.1847383707207503,0.21476089598430376
2511,35,97,0.1296825635010804,0.22014041496612746,0.12420307652320096,0.11029028528299026
2512,35,98,0.1853945055968698,0.08306198157636625,0.17815632421710587,0.15631309672404098
2513,35,99,0.2268662255629196,0.1434795090808898,0.21840040983068693,0.2649966716352298
2514,35,100,0.26463787192277605,0.19867432253450099,0.25784797999745945,0.3348473460906732
2515,35,101,0.29261140179423534,0.20724506136279364,0.28788920548235625,0.36612920726449366
2516,35,102,0.3305730074172559,0.24232753318463499,0.34723245508089445,0.3913329307374204
2517,35,103,0.3217873158862597,0.30167918628395196,0.3121304797704017,0.3646484024054657
2518,35,104,0.3569475081348974,0.25482146924551075,0.3562017283408992,0.3802581046775396
2519,35,105,0.3695175146435228,0.163070924263745,0.37819837910409276,0.3864215437574298
2520,35,106,0.35968066693914313,0.14139853075764675,0.3555763881376885,0.3937918827588299
2521,35,107,0.3132724283980173,0.38390474719021866,0.2648293969789363,0.3645349630199435
2522,35,108,0.287706399015557,0.3055355964994775,0.2035787806262671,0.3665911194039275
2523,35,109,0.20098455870018736,0.16515133570066193,0.11024216367346691,0.3074893239741115
2524,35,110,0.13053499836486013,0.3608175337145435,0.08939214624999746,0.14168435975874127
2525,35,111,0.11943814287065216,0.3574842411127651,0.1005443435664769,0.143921052401234
2526,35,112,0.12519086190401119,0.2720728887093307,0.1036093840153862,0.15601390187480335
2527,35,113,0.15398748694113956,0.15138058994946277,0.10495407839049405,0.1554317499741778
2528,35,114,0.20628024360778774,0.11454993251161343,0.1318970507688623,0.16477687538442565
2529,35,115,0.14578110906727398,0.2093968689101833,0.10365909301023302,0.1709753561644931
2530,35,116,0.25540951424013036,0.27369096692737943,0.17092686462924114,0.19640063179855113
2531,35,117,0.26629963417205343,0.08109774632865294,0.1957515226442309,0.2161951705425022
2532,35,118,0.2345177147098766,0.029546031170549897,0.1705170613671296,0.19990654810983602
2533,35,119,0.1835102122523117,0.05616149251264179,0.1264532078248743,0.1520381693021433
2534,35,120,0.12462301551456804,0.08883814297237803,0.0816499185372321,0.12678733697488534
2535,35,121,0.07439651785240312,0.10174889709576597,0.07835996361979618,0.07279088810502542
2536,35,122,0.07873998514280683,0.09585503963223703,0.08649350761598637,0.051755857594370534
2537,35,123,0.07418357504783381,0.06776426465641311,0.08091965728734524,0.04392357068192
2538,36,72,0.15624152061103302,0.0746246862685639,0.07371153443285357,0.16422299056149883
2539,36,73,0.19199851917717872,0.03436541392609136,0.10919187396637609,0.19289596425945757
2540,36,74,0.1898403826051336,0.029301758489819297,0.12086166656441531,0.21214847501934206
2541,36,75,0.18627196821479575,0.043076079841849586,0.11663460467724293,0.22523736252272517
2542,36,76,0.17635448744543392,0.021187609329056202,0.10127182629176021,0.13146686678916047
2543,36,77,0.1587618396220855,0.03473278341640606,0.07863711499184355,0.11369734863913938
2544,36,78,0.09812315960722412,0.16985800815045365,0.054501670695379756,0.07466766646714154
2545,36,79,0.15831077670757843,0.1141240622395687,0.07042794266665717,0.0772290018171103
2546,36,80,0.10839803691975088,0.22167855411462456,0.054445370822984084,0.06660297900484533
2547,36,81,0.0626929155862137,0.15061042230913516,0.07584859771075239,0.04467214178885638
2548,36,82,0.049452379653568954,0.09287438152393715,0.0965746224945638,0.04052013776317244
2549,36,83,0.049578344698639455,0.12957518591035994,0.11491601478129557,0.05178157902194648
2550,36,84,0.04791226531108628,0.11436940033975429,0.10773803382851518,0.059596043566912886
2551,36,85,0.08396051154021729,0.21794569186760807,0.09968054330637875,0.09491166510759219
2552,36,86,0.08586790669558474,0.15636346806756649,0.10881106871029941,0.11368709341720674
2553,36,87,0.08660575151559463,0.15475630845499516,0.12576688827529728,0.12914798267097408
2554,36,88,0.08976396675704058,0.12591341918595386,0.13988346567101928,0.14112436475982643
2555,36,89,0.09634367043574957,0.11763321288018982,0.15755241199462275,0.1510854540249312
2556,36,90,0.1267760741153474,0.10163247560611238,0.19924795035503648,0.16528592648569068
2557,36,91,0.09349073835961133,0.09979581746546384,0.14646210459265713,0.17757509231097948
2558,36,92,0.12202493409704603,0.11689921534355303,0.191030698795074,0.1815893296239181
2559,36,93,0.1371684305545319,0.044125861615878274,0.21493745895223382,0.1870080340761961
2560,36,94,0.12394493964983112,0.04752918858249168,0.20261123824441168,0.19347040133736293
2561,36,95,0.131042372763056,0.06984100444094478,0.19843142271669045,0.2039065460545483
2562,36,96,0.13640250342152668,0.05845493140016657,0.18702342428453717,0.22111747153867692
2563,36,97,0.13478978177401932,0.1915979312269745,0.1255244291573591,0.16603896156248407
2564,36,98,0.19193914852649363,0.09025549005283393,0.1790609794552405,0.2465849898971964
2565,36,99,0.23382431391854117,0.15102034778750928,0.2191794916788792,0.28966886226796246
2566,36,100,0.27193032620188873,0.20047473248293302,0.2584910576482978,0.33127922404001103
2567,36,101,0.3001331320183087,0.2039420278173485,0.2884732178904655,0.3143360699452361
2568,36,102,0.33757182095019606,0.23693994132437585,0.34727712423180723,0.3942692910143611
2569,36,103,0.3297806805874265,0.2954661348789316,0.31333847270746873,0.3805124798030055
2570,36,104,0.3639826098365555,0.24828460044512352,0.3564016845389132,0.38497098976008753
2571,36,105,0.3763270548660399,0.152253199033373,0.37839044697228896,0.38640574244066517
2572,36,106,0.3669432273363823,0.11713295894934625,0.3564253029398901,0.3956614061681855
2573,36,107,0.322067656582761,0.3539290617968282,0.2666795359224643,0.38867507013462455
2574,36,108,0.297232517184659,0.293523241076187,0.20466907851892657,0.38457849494791635
2575,36,109,0.2127602908973325,0.15209897211678833,0.11093951238263755,0.36295887230762336
2576,36,110,0.14107218661890847,0.3488424522882311,0.08941173171649042,0.17010687592604462
2577,36,111,0.12679594000713934,0.35387257062342015,0.10051690892580004,0.14630646953185178
2578,36,112,0.1319776553735099,0.2732698221814102,0.10359083047066005,0.16728431748884587
2579,36,113,0.1618007213176211,0.15201001964967006,0.10485582138533862,0.17131704389278243
2580,36,114,0.21393563294666126,0.12313038256699577,0.1316086494174026,0.17486588463315106
2581,36,115,0.1522987222305423,0.19192148980869034,0.10358121806794332,0.18359677325536536
2582,36,116,0.26215586581297,0.26972978635007067,0.1703856520504528,0.21425030607258239
2583,36,117,0.27266135682930076,0.03556671014555104,0.1953991792120314,0.2355820086970939
2584,36,118,0.24051302185016898,0.028052556952833697,0.17037147134475966,0.193535259874745
2585,36,119,0.1890471368876402,0.05826714718238626,0.12640365495259717,0.15062704652184747
2586,36,120,0.12950847609560903,0.09122275090519093,0.0816212050194327,0.12696761048034524
2587,36,121,0.0715743443941214,0.09024054730290827,0.07838945251055295,0.06351436760588532
2588,36,122,0.07684399811491209,0.0892340155036318,0.08670572140458514,0.04608066431777914
2589,36,123,0.07359288256872483,0.06385937236162914,0.08111694308064589,0.04300802646263582
2590,37,73,0.18976976609635005,0.027537565543746013,0.10749111782227946,0.1942113854717431
2591,37,74,0.1877225058965861,0.04731471523383998,0.11939001854025753,0.17458194258474066
2592,37,75,0.184302603807594,0.04572364689208556,0.11537224948022544,0.17896649337631435
2593,37,76,0.17464507018816433,0.03808263446792787,0.10021010515410449,0.1323727994537724
2594,37,77,0.15747039094003873,0.02784415762992081,0.07783269937487575,0.1220797603313713
2595,37,78,0.09845010098586,0.17478369587875794,0.05524424989586575,0.08566297104316609
2596,37,79,0.1568425165379671,0.11782914800516377,0.06999464025539229,0.08665633450119672
2597,37,80,0.10808628370935486,0.025320024428511282,0.0548827203331275,0.06574802994138233
2598,37,81,0.06323168592842357,0.040495410781500284,0.07703406827833315,0.044298659662362364
2599,37,82,0.04973296620589854,0.05960620990291876,0.09785197380599366,0.0422869117924299
2600,37,83,0.04928710758458275,0.13027641062887155,0.11621369312014086,0.05192797810128563
2601,37,84,0.047934703392093055,0.0971492656170124,0.10897697973382749,0.0638270872545277
2602,37,85,0.08359011700360451,0.21762522929674305,0.10055048249237712,0.0992909873797416
2603,37,86,0.08579939384053532,0.14316341625233706,0.10957725025029828,0.11105905957759947
2604,37,87,0.08688628225246245,0.15728516709644436,0.12655910241555968,0.12864202735946453
2605,37,88,0.09020428771454515,0.16045143345748591,0.1406689715146352,0.14062279754658316
2606,37,89,0.09675679845210894,0.16667423931367953,0.15832876445597052,0.15000301994376802
2607,37,90,0.12618264179479155,0.1676729319596454,0.20003729201883733,0.16306337127151657
2608,37,91,0.09434265640210279,0.16872578070999772,0.1470744450952743,0.17473303355265132
2609,37,92,0.12195166052746913,0.1761471419399129,0.19167979280884373,0.18370627906190973
2610,37,93,0.13688646139290317,0.13716791250029234,0.21554259426053063,0.18796669483095974
2611,37,94,0.12434623809263293,0.047130059292733374,0.2031377656398876,0.18825705422689223
2612,37,95,0.13188539380707298,0.06964038144515694,0.19888546943951502,0.201166235635451
2613,37,96,0.13778651173717482,0.05836977902566731,0.18739365904856267,0.21908006739790079
2614,37,97,0.1365299095563951,0.19197103907780466,0.12567981226615496,0.20525390363076895
2615,37,98,0.19397086094866942,0.1139996903570096,0.17919889052843235,0.24342804647077934
2616,37,99,0.23596618420239163,0.13342779670409993,0.21926179911077545,0.2094977097567903
2617,37,100,0.2741109346369851,0.1780360409725567,0.25852004711588666,0.2676365087741137
2618,37,101,0.30234594908526313,0.18711270832157462,0.28844974100702847,0.32975879400340097
2619,37,102,0.33927482569902867,0.2210655131050957,0.3472263165653314,0.3862361260609617
2620,37,103,0.33242704731745054,0.28045901092877507,0.3132174740434841,0.3670826559621412
2621,37,104,0.3659731142964082,0.23507323136583563,0.35626838998025273,0.37887150786832596
2622,37,105,0.378232267776694,0.16073226710344765,0.3782377851106165,0.3963216167346428
2623,37,106,0.3693261323471838,0.1345727659042855,0.35623474825496193,0.3936279503846656
2624,37,107,0.3254394021587039,0.2293111833279313,0.2664256989184144,0.3874215882566839
2625,37,108,0.3006993708264468,0.16376254514709235,0.2043956319609521,0.3687272177298012
2626,37,109,0.2159982421160158,0.1258196771093592,0.11066901797397974,0.22245243526690148
2627,37,110,0.14275618591602418,0.3503908823510643,0.08932534308242508,0.18127369973336396
2628,37,111,0.1275673237220392,0.35468900812256055,0.10047928815236347,0.17085303430424134
2629,37,112,0.13257711955325288,0.2733633359167304,0.10348509829760233,0.17129585444186393
2630,37,113,0.1626412444909851,0.14406110044889567,0.10451902457734906,0.19928288949469006
2631,37,114,0.2149808374838081,0.10114681299472829,0.13106068682488717,0.18864031231057432
2632,37,115,0.15286614975133708,0.1916839586362799,0.10318984396282066,0.19258670993992716
2633,37,116,0.26310028357774007,0.1414962163603858,0.16975463275621805,0.22673173947907085
2634,37,117,0.273532794247224,0.03566226346749067,0.19478064385659677,0.23165216324169777
2635,37,118,0.24124737294174964,0.02809184503987216,0.16977840559562335,0.20084440162140182
2636,37,119,0.18959587296357686,0.058108022833993495,0.12586280157222493,0.15340408398621913
2637,37,120,0.12983800102357687,0.09108483676921975,0.08120287802048386,0.1286621860622235
2638,37,121,0.07165882532547668,0.09013044740061352,0.07891754534570579,0.0759610796642109
2639,37,122,0.07690706759554745,0.09001958057266267,0.08718367456890214,0.057121084975341574
2640,37,123,0.07360703206965725,0.06417221066637256,0.08146818785430866,0.04620259410433496
2641,38,74,0.18589615170589943,0.03731496408488497,0.11795496666500876,0.19596113397103396
2642,38,75,0.1826158594428255,0.04522721634343124,0.11417478656609426,0.16042983724787924
2643,38,76,0.17320823941650995,0.03736548102183865,0.09922485560472422,0.1380824218301823
2644,38,77,0.15643735917102247,0.027439805274420234,0.0771009348804215,0.11875283072629646
2645,38,78,0.09894431773654976,0.02685510254859155,0.05596480933886247,0.07697246724520757
2646,38,79,0.15560306138833851,0.04145598243291533,0.06958699307532343,0.08490084004956204
2647,38,80,0.10795279227321913,0.027668392492505987,0.055328854808275395,0.06693554837840089
2648,38,81,0.06386108097754725,0.041349359284760676,0.07816135026498426,0.046734598637196985
2649,38,82,0.05007438808298009,0.06380329408426459,0.09907721144152655,0.04523983408603653
2650,38,83,0.049038719394525775,0.08922594129994225,0.11746603985880237,0.047319141760181004
2651,38,84,0.04798436108854227,0.10188005061832874,0.11018325779697394,0.05768021966614045
2652,38,85,0.08330790347331198,0.15178161367550222,0.1014093504879391,0.09375193128058941
2653,38,86,0.08576429679812757,0.14841593964288796,0.11031184978161895,0.11500179883601588
2654,38,87,0.08713232903982748,0.1577970793848229,0.1273028235937209,0.12990470382729774
2655,38,88,0.09056998286993113,0.1614374985517224,0.14139531056460755,0.141823657411629
2656,38,89,0.09707471694704949,0.16809241264598934,0.15903624836352495,0.1534326447483057
2657,38,90,0.12557376777808937,0.1694512549025116,0.20074222835985697,0.16831666141242219
2658,38,91,0.09509320216683644,0.17077401670960005,0.14764204992365434,0.18216057380208198
2659,38,92,0.12181086179563666,0.1785410779450124,0.1922432649828866,0.18853546569080204
2660,38,93,0.13655511284990432,0.04363691259454187,0.21606318862782856,0.1917759809676304
2661,38,94,0.12465120698637742,0.04724181833166634,0.20360160567355629,0.19238613843135624
2662,38,95,0.13260148646297984,0.06965074687900813,0.19928545876214124,0.2020489366736379
2663,38,96,0.13900436584462503,0.058394880860598845,0.18771446786908763,0.2210611951041341
2664,38,97,0.13811468774595317,0.19224895514316917,0.12579952327663427,0.23116704374098576
2665,38,98,0.19579119153913613,0.08683644929648819,0.17927368936598762,0.2602291605814145
2666,38,99,0.23787138921150136,0.14720372171157864,0.21927098615294402,0.21904989165980043
2667,38,100,0.27604373568565305,0.19935677100892107,0.2584669210723835,0.26002482080157713
2668,38,101,0.30430309665940336,0.20369752997884602,0.2883399012506054,0.2743055778351097
2669,38,102,0.34077927754975257,0.23793989820962144,0.3470833511863237,0.41341138341753997
2670,38,103,0.33478124921332775,0.2972059736650067,0.3130253324637123,0.39833405901596247
2671,38,104,0.3677516597620101,0.24936752120069597,0.3560453996774295,0.4356016399486365
2672,38,105,0.3799352457538396,0.15548910998289306,0.37799986949649206,0.3900487320681917
2673,38,106,0.3714623897943091,0.1209950988970018,0.3559776252400864,0.3859203533207213
2674,38,107,0.3284088021590547,0.36670525076281957,0.2661435375298785,0.3679719185020679
2675,38,108,0.303623589422895,0.3036514011432113,0.20406842427631028,0.37584690797295495
2676,38,109,0.2181942361976442,0.14774687640157858,0.11034137571717631,0.19373277363615443
2677,38,110,0.14314710171477965,0.35167535855875837,0.08922653143455589,0.17955194563220284
2678,38,111,0.1273009576114916,0.3525731349476963,0.10043882737496197,0.15024342201568475
2679,38,112,0.13222012406795866,0.27024891806166257,0.10336843941547151,0.17054290048086576
2680,38,113,0.1624984581957744,0.13787347872163253,0.10414111646439991,0.1656092865219044
2681,38,114,0.21519921236933112,0.08841193479606675,0.13044366496663956,0.16547999174636727
2682,38,115,0.15256753595100117,0.19727569485159036,0.10275785660972149,0.18726534251535065
2683,38,116,0.26339531397483634,0.26722753745351235,0.16904749482427148,0.19371049366764195
2684,38,117,0.27380313444472215,0.07749912844655382,0.19409371761874877,0.20742814803457832
2685,38,118,0.24135093951111794,0.02941811168589665,0.16912895839015174,0.20457573369648094
2686,38,119,0.18946805982015538,0.061089961858422165,0.12527314672418757,0.16235543923561727
2687,38,120,0.1294632823427244,0.09803502710171957,0.08075962903134244,0.13382124507908866
2688,38,121,0.07233600053283776,0.09060307159659384,0.07950032849196174,0.07325197885119261
2689,38,122,0.0773690173212845,0.09011077723321191,0.08770820589549935,0.04889994907556285
2690,38,123,0.07373311307623881,0.06282360631414927,0.08185719827628965,0.04430866283907778
2691,39,75,0.18164343798278418,0.03883123788635359,0.11290949085808695,0.18926557437811978
2692,39,76,0.1723513149203018,0.03722525337427006,0.09823210733738766,0.15662850006390153
2693,39,77,0.15580418384696093,0.027612670889108886,0.07640677992107207,0.1263585934702877
2694,39,78,0.09921817682198524,0.028865941385276855,0.056675164166157546,0.08181150305543067
2695,39,79,0.15480269294447466,0.043929478457804226,0.06914667096961227,0.08738479350935242
2696,39,80,0.10784886383814311,0.02996162490962427,0.05581627603154144,0.0724450080339564
2697,39,81,0.06424098248935876,0.04270837282610122,0.07927281104907054,0.045805371375701204
2698,39,82,0.05028122547374145,0.06715688907859656,0.1003104886076129,0.044594022808828335
2699,39,83,0.048901938079058335,0.09286807534882949,0.11874244286644982,0.05677795102887698
2700,39,84,0.04801216987373027,0.10564585991782016,0.11145319052787611,0.0647870590575987
2701,39,85,0.08313037670094692,0.15588036866573818,0.10234798745279322,0.10042533065014024
2702,39,86,0.08574349281564647,0.15254529557361707,0.11108348013074805,0.11918581050923636
2703,39,87,0.08728914649942965,0.16209155447314935,0.12805682651469155,0.13436454255270697
2704,39,88,0.09080361209778519,0.16171204512143836,0.142118323704027,0.1460698169624445
2705,39,89,0.09728113472359495,0.16861448276931087,0.15972489224441105,0.16004599841356337
2706,39,90,0.12520810839523938,0.17019112252425725,0.2013769107467387,0.1728699537040856
2707,39,91,0.0955923182673834,0.1717275715623836,0.1482598759515167,0.18220528561093213
2708,39,92,0.12172838113888132,0.1796585714968142,0.1927557131249707,0.18728124291754475
2709,39,93,0.1363435555547896,0.050186507235640436,0.21652916051134513,0.19260431785957816
2710,39,94,0.12486630388383733,0.0520721302322219,0.20406138371899224,0.19226898006276522
2711,39,95,0.13309349492345432,0.07364123836254277,0.19970208354229857,0.2056856299580089
2712,39,96,0.13983062534207522,0.0598256052021449,0.18806634528094893,0.22177039552532965
2713,39,97,0.1391395634473466,0.19740045322111097,0.12594799268511006,0.19018838333213745
2714,39,98,0.19700710107700717,0.0886874643576127,0.17932377102068023,0.26803494297144287
2715,39,99,0.23912241063506148,0.15178827953371474,0.21924138573381738,0.242105994779313
2716,39,100,0.27731157971105025,0.21016324187764782,0.2583612807492157,0.27749743449976444
2717,39,101,0.3055827609792694,0.2095879138098798,0.28817281190050725,0.316347178400917
2718,39,102,0.3418035393509573,0.24128641995338207,0.346844047356151,0.40636182363395584
2719,39,103,0.336318160504573,0.2992408691417444,0.31282011156851275,0.3588429674076248
2720,39,104,0.3689742245016919,0.24839339103676683,0.35575140467351135,0.39273502382087316
2721,39,105,0.38110689585377544,0.15166596734965135,0.3776954814337029,0.38682682948602043
2722,39,106,0.3728967832275268,0.11642169551094554,0.3556972318722177,0.388651049827849
2723,39,107,0.3301931415652291,0.3882389590475865,0.2659020300559472,0.38708434004296827
2724,39,108,0.305051995193007,0.32726710113332724,0.20375710484417975,0.39573829125456933
2725,39,109,0.21790043053672845,0.15224408802987874,0.11004472101789685,0.18871599219411397
2726,39,110,0.14079590676359208,0.35253714606420333,0.0891210226563295,0.1533199363294589
2727,39,111,0.12498377496013849,0.35399892726322607,0.10039511061084591,0.13977291611802134
2728,39,112,0.13000566983685824,0.2636824657179475,0.10324583623901941,0.13838585566420095
2729,39,113,0.16040347546678038,0.12213736713267428,0.10373249026142875,0.1446178064178625
2730,39,114,0.21374055397907005,0.049391515231387066,0.12975984607761717,0.1557394903898081
2731,39,115,0.15058733463681706,0.19243463709808648,0.1023031532362885,0.15663540948331253
2732,39,116,0.26236987566798275,0.261099841442339,0.1682509558157637,0.1717466891502582
2733,39,117,0.2728551416424256,0.08053919335072375,0.19334377880511355,0.19211549428069075
2734,39,118,0.2401952521447266,0.028811210711297285,0.16844380530514524,0.1715812764903133
2735,39,119,0.18801858077404462,0.060089063906234745,0.12466766526079673,0.14922599068241685
2736,39,120,0.12774888005743415,0.12849131838500336,0.08031750140316742,0.12129394123521307
2737,39,121,0.07414514338194861,0.09149601166101039,0.080087641526211,0.06910973741192439
2738,39,122,0.07860461362479901,0.09043055963420378,0.08826597305024406,0.05056488305795954
2739,39,123,0.07411353447743825,0.06223315239280827,0.0822796315436559,0.043146555390394414
2740,40,76,0.17145552806513975,0.027343744212642896,0.09689798422821187,0.15114601217853602
2741,40,77,0.15506265765933527,0.028029415828388672,0.07546327317955472,0.11865170511285944
2742,40,78,0.0992295273507247,0.031346159812214,0.05768088781921889,0.06967388815374767
2743,40,79,0.15392133341622383,0.047205793651449744,0.06869972460576387,0.07152949221212
2744,40,80,0.10754697035321167,0.03364024526818711,0.056462647810826785,0.06650758217582489
2745,40,81,0.06442253168502463,0.04546203589402738,0.0807292638800144,0.04502311379602492
2746,40,82,0.050380217103554066,0.07225527157705519,0.10184532968644616,0.0432175601835607
2747,40,83,0.0487773893123571,0.09841728451671518,0.12028476166670876,0.048417592299319134
2748,40,84,0.04800019211432942,0.11147695303892306,0.11291403971296252,0.05670241928541051
2749,40,85,0.08290234824965992,0.1621423993200368,0.10338302113578417,0.09557898191451285
2750,40,86,0.08570207787504319,0.15903269001747564,0.11196747803121199,0.112674965041596
2751,40,87,0.08746073326431296,0.16883749787502497,0.1289375595640479,0.12870639866282416
2752,40,88,0.09108035430501354,0.16859441514016316,0.14296803779634634,0.1449444146696545
2753,40,89,0.09756192074882952,0.1691639676486786,0.16054414872130454,0.15497587789839104
2754,40,90,0.12495744023298061,0.17122765034863674,0.2021832227308645,0.17045558391453816
2755,40,91,0.09614051542304018,0.17317587632457007,0.14888532380046549,0.18142741899554563
2756,40,92,0.12176288252293634,0.18149063285712583,0.19340274458808449,0.18204734035434167
2757,40,93,0.1362441568573444,0.053314473868311923,0.21712392928289023,0.18716275715162567
2758,40,94,0.12517723147950496,0.05399820861020849,0.204566038413666,0.1895492346735944
2759,40,95,0.13366958232449716,0.07570435013140812,0.20012161560354785,0.20267146022983942
2760,40,96,0.14072402166363568,0.060390610805188386,0.188389732620058,0.2177497365585082
2761,40,97,0.1401879297621068,0.20123707519623948,0.12607244681854798,0.18877142940011385
2762,40,98,0.19824276114938594,0.0868353233867074,0.17939292062482554,0.19705054870724784
2763,40,99,0.24038663792811643,0.15033759521868106,0.21923577488864313,0.21023141160072792
2764,40,100,0.27859238846194984,0.20924536033200755,0.25828562694322604,0.24380971900961687
2765,40,101,0.30687481060755806,0.2078525381946176,0.28803418299217864,0.2742690126603253
2766,40,102,0.3428660155230475,0.24023061409917693,0.3466689187345702,0.3985685764060621
2767,40,103,0.3378449365466394,0.2990770730049782,0.31257955153448286,0.3485507551647733
2768,40,104,0.3702161727673006,0.24880867849159724,0.35549409223092343,0.36902900985099835
2769,40,105,0.3822989399306664,0.1534368148393467,0.37742269038733345,0.37417646391831827
2770,40,106,0.3743247983117217,0.11791101350579881,0.3553911456364903,0.37851485678399743
2771,40,107,0.3319153059697254,0.39503403060102116,0.265549534997376,0.3837599620862863
2772,40,108,0.3064005467921045,0.32916815324576,0.20339475300301402,0.37003741885651287
2773,40,109,0.2175243119236051,0.15122179692785787,0.10972683040740241,0.17521144455766027
2774,40,110,0.13846048009393858,0.3525696213199458,0.08901831466134313,0.13608421130831505
2775,40,111,0.12278032021921738,0.35405709213193376,0.10035403583823606,0.12223740679297038
2776,40,112,0.12790515213930306,0.26351737627055816,0.10312673042886827,0.13715681933556684
2777,40,113,0.15837504149762333,0.14672058760057866,0.10332116749010962,0.14454320528118123
2778,40,114,0.21230946886713414,0.06691848493648535,0.12905793550547,0.15310186645985396
2779,40,115,0.14869112010241822,0.19268376693971898,0.10184685518977273,0.1508426597650893
2780,40,116,0.2613556284660658,0.25986850467161743,0.16744358683603344,0.14713466171604786
2781,40,117,0.27191796839860893,0.07920697130142719,0.19258155902323743,0.1449409110865721
2782,40,118,0.2390667396634725,0.028814040854474848,0.16774797285386034,0.1477372929345462
2783,40,119,0.18662355045350126,0.08158229352457343,0.12405846590461918,0.13503361604947986
2784,40,120,0.1261245688749496,0.13524088856987687,0.07987496041589154,0.11673678598569236
2785,40,121,0.07589883746620164,0.10546018037095356,0.08067282507174924,0.06553109934376625
2786,40,122,0.07981821193257874,0.09135535178619218,0.08883539649828273,0.04763125316977631
2787,40,123,0.07453417908803368,0.06278360253774051,0.08271959464225369,0.04637761861581844
2788,41,77,0.157183100121067,0.021254197142954196,0.07297034460477243,0.12607428424638997
2789,41,78,0.09973116165614189,0.03411385102266654,0.061721860911833744,0.07000158085083458
2790,41,79,0.1557924638852704,0.05173966851406724,0.06944857509255478,0.07048758692842273
2791,41,80,0.10834443217834261,0.03971500575802561,0.05748081175911265,0.06412999081950889
2792,41,81,0.06443361864167811,0.05108628335880402,0.08425262448306658,0.04595138257084967
2793,41,82,0.05039543465910549,0.0809537448037156,0.1046385237453898,0.045128874491155345
2794,41,83,0.04900845859650956,0.1079608930250575,0.12257136914014452,0.05301507362542277
2795,41,84,0.04809689370497645,0.12170616898256414,0.1137967579377299,0.06179904515970376
2796,41,85,0.08340601465772002,0.17308957176220602,0.10283539906292721,0.09690869147783594
2797,41,86,0.08581966930096208,0.17055983414064954,0.11231626047855953,0.11548085496240669
2798,41,87,0.08714114087166082,0.1809632334799901,0.12978807352568128,0.128649981166252
2799,41,88,0.09053232328808573,0.18114554585254775,0.14392723434924423,0.1436126150734056
2800,41,89,0.09696008923851861,0.18204742178592265,0.16172022811186873,0.15116175473578958
2801,41,90,0.12519638970555622,0.17225831131933056,0.20475883090413372,0.16352706251925564
2802,41,91,0.09527051033415111,0.09522264841023619,0.14772110051832968,0.17544861635451886
2803,41,92,0.121584276206824,0.11472840689137889,0.1948311179358458,0.18197485548859926
2804,41,93,0.13623365982524915,0.03888383941105747,0.2185212057416035,0.1840119372939375
2805,41,94,0.12468653649991399,0.04291323081995452,0.20456505552804272,0.19260197671326537
2806,41,95,0.13286761887856713,0.06588933781056558,0.19946491204186204,0.20678061381730223
2807,41,96,0.13951927558254634,0.05694644769715157,0.18716378796086575,0.22117196940754405
2808,41,97,0.1383828653562301,0.18597792212583564,0.12472863394173964,0.20887084839885642
2809,41,98,0.19653921707685243,0.08488681876796067,0.17918797950560306,0.2390785924828555
2810,41,99,0.23852731898584256,0.14920853795665587,0.21914403921768133,0.24040270472762748
2811,41,100,0.2767158869925426,0.20923098163664863,0.2583341041436352,0.27858983636739987
2812,41,101,0.3049593307748054,0.21329282183548068,0.28804300779017694,0.30489751522595687
2813,41,102,0.3415428625625053,0.22660619230371187,0.34765006435429985,0.38735408344788397
2814,41,103,0.33558027499654625,0.2860416807295181,0.31126746206121314,0.34663164256060586
2815,41,104,0.36876779571431706,0.2461818854452414,0.3556868576081869,0.3570560308000409
2816,41,105,0.38090777791787456,0.1585454209280892,0.3775303712878569,0.36607678499787133
2817,41,106,0.37245886053998484,0.12138255409491205,0.354415067499941,0.3718720420610295
2818,41,107,0.3283595143000303,0.3724580031304336,0.26260161958732664,0.3817194631546386
2819,41,108,0.3013253565574292,0.3234483551584091,0.20100808368877363,0.39132646625160217
2820,41,109,0.20718550912370937,0.14992977261416754,0.10741724015365141,0.1884273872763551
2821,41,110,0.12640698424074234,0.3492714703791698,0.08894662141477187,0.13563367681806468
2822,41,111,0.11430651753399926,0.3552091039686258,0.10047739330317762,0.13417364202397722
2823,41,112,0.11996954948819037,0.26705188163514115,0.10302380335492117,0.13210870579869288
2824,41,113,0.14955070017237315,0.1575945194906125,0.10300584496713594,0.13653383047896858
2825,41,114,0.20482763745399463,0.13068516108000816,0.12910451383358168,0.14905721950269257
2826,41,115,0.14107771563867805,0.18099133093709419,0.10114702336296123,0.16170801848550206
2827,41,116,0.25553008327035637,0.2606891919144315,0.1680106916447834,0.14773493639858587
2828,41,117,0.26654529646115366,0.0927088871844974,0.1923193638273626,0.13936350730011493
2829,41,118,0.233447085256375,0.02921324285459556,0.16661038788354393,0.15056062974089054
2830,41,119,0.18064603057685052,0.06727070852155428,0.12261914981017301,0.14267603075246035
2831,41,120,0.12002570188008065,0.08551312095279333,0.07866801839821264,0.11345822054381276
2832,41,121,0.08177965811294695,0.08667738019803731,0.08279586453485259,0.0684987289817578
2833,41,122,0.08397661623862343,0.08807775477820613,0.08960942927392876,0.04535716911379652
2834,41,123,0.07626381754514289,0.06477928256777946,0.08307779074628074,0.04277931010097429
2835,42,78,0.0810877038693565,0.05542586450584919,0.0726902325015206,0.06796803873439711
2836,42,79,0.13830691715018265,0.054595300694096544,0.07764929232460828,0.07162534948454778
2837,42,80,0.09317951634245654,0.04484263064653251,0.060996852768428464,0.05994340893786103
2838,42,81,0.05404075334660883,0.11914960232695039,0.09510766859591883,0.04687425712360809
2839,42,82,0.044929716317315065,0.08940523400928078,0.11047230634403622,0.04488075290576245
2840,42,83,0.049389099715665206,0.11750446499635674,0.12676487479084525,0.046413960985207024
2841,42,84,0.04646048129351042,0.13230137779999146,0.11233785296906548,0.06218244729771651
2842,42,85,0.07846653585352802,0.18443536447739717,0.09818957097904757,0.09971606462733376
2843,42,86,0.08479028361224535,0.18277949598549675,0.11220986314000427,0.11506504874441942
2844,42,87,0.09045286248485837,0.19396255769401755,0.13141989643868524,0.1330542846813137
2845,42,88,0.09650273581630132,0.1947770511475251,0.145691080328355,0.1460173819436448
2846,42,89,0.1046913835997344,0.19615062231454117,0.1643619697762464,0.15353919811250974
2847,42,90,0.13051493853665533,0.10188738050971789,0.21293290185300492,0.16799374087908914
2848,42,91,0.1035309053876012,0.06791582997606493,0.13974536827262554,0.17971632536070004
2849,42,92,0.12823776889094168,0.10352247131147232,0.20078687160823877,0.18451954260664297
2850,42,93,0.1417096081609498,0.04320481319778989,0.2230078207571083,0.18844174320098622
2851,42,94,0.1324874678189827,0.04167136771794124,0.202087293274247,0.1907364312595827
2852,42,95,0.14218889845561422,0.06117475893197491,0.19495894443249484,0.20351558897428876
2853,42,96,0.15077624624476293,0.05442705354569929,0.18106246059504943,0.2144885285497864
2854,42,97,0.1508238465008003,0.1760722199922087,0.12112164260506236,0.23098780216070347
2855,42,98,0.20946437678754107,0.08997531306122071,0.17922154070438612,0.2532971194862813
2856,42,99,0.25202952111868876,0.14428004650046514,0.21931360004519357,0.288826254294061
2857,42,100,0.2904647724219037,0.19802747040672056,0.2591741288937001,0.29453261162436256
2858,42,101,0.3189740395087482,0.20339911223990506,0.2887895855235369,0.31582391973468665
2859,42,102,0.35331561673427697,0.22449018801372428,0.35256025237461175,0.4032121912093442
2860,42,103,0.3512645554675949,0.26642640543408086,0.3059836281544885,0.37001541348959543
2861,42,104,0.38126782371028856,0.23016772270699865,0.3582079968737028,0.3887775221222892
2862,42,105,0.39300154149967226,0.15649329474083462,0.3791725108370424,0.3844271511368169
2863,42,106,0.3865010907964813,0.12824821930720073,0.3509487241112324,0.39796170273291737
2864,42,107,0.34798521246883063,0.36744303441400383,0.2512616941039273,0.39094250104237
2865,42,108,0.3239541815219134,0.2999268572349953,0.1940369473801126,0.3879241756812001
2866,42,109,0.23907692263285568,0.1329086474056072,0.10112504742606081,0.17211907408009916
2867,42,110,0.15741785008066164,0.3425376029573669,0.08917253823826414,0.1322686929926927
2868,42,111,0.1358399556956348,0.3506023549290169,0.10088284595310645,0.12836943617630703
2869,42,112,0.13938065983990408,0.2688300080712329,0.10295439336026851,0.1336354656949796
2870,42,113,0.17098951431594217,0.1589948279089528,0.10301201317713214,0.13837697410242028
2871,42,114,0.22442444749320256,0.13847280296697334,0.1307895495115185,0.1605616805648229
2872,42,115,0.15900289297301445,0.1517113051259845,0.1000870426249234,0.16031644408418494
2873,42,116,0.2717488625594999,0.2466149948040424,0.17199632586388072,0.16214315304163962
2874,42,117,0.2816421455975391,0.08442693881459268,0.19305220405535148,0.1623208968614517
2875,42,118,0.24825602624175538,0.02975503787859109,0.16455109183983135,0.16057498192790595
2876,42,119,0.1951467742065814,0.05409484427956869,0.11962729856870855,0.13919826153789527
2877,42,120,0.1336779427814264,0.0809381251324609,0.07615453144550596,0.1192723094662348
2878,42,121,0.07142258367239615,0.08196386538676761,0.08773667937327294,0.0557891424158635
2879,42,122,0.07679778185985199,0.08352488689435324,0.09040009309414428,0.045919585211983985
2880,42,123,0.07356579934666536,0.06179463053769958,0.08314918260050524,0.044523291828127004
2881,43,79,0.1375025268409123,0.026301555683775908,0.07306836923427053,0.08079870750849708
2882,43,80,0.08309527050387137,0.1710862857089815,0.05927028221162708,0.07121162175175602
2883,43,81,0.04415842967570923,0.13099532229325797,0.09064831610559153,0.04342443956884676
2884,43,82,0.045986086296999074,0.08873189268275367,0.10870123655039755,0.04218503606817358
2885,43,83,0.06060254654227158,0.11674146731249666,0.12568278724454757,0.05234879881215095
2886,43,84,0.04906595351487493,0.13133731799431553,0.11378733156353821,0.062029165053403196
2887,43,85,0.07751845743793395,0.18343368341725635,0.10047668800234257,0.09638462633344433
2888,43,86,0.0842128579572838,0.18167990433629655,0.11226785908927725,0.11312384191867034
2889,43,87,0.09052881826456814,0.1927671999171015,0.1306711582214634,0.1298047989955219
2890,43,88,0.09742329464478265,0.19351248043772856,0.1448614666575277,0.1424595197082771
2891,43,89,0.1074401915425571,0.1948659892466868,0.16306082450126455,0.151416554060727
2892,43,90,0.14105530248303977,0.08353524767172037,0.2091373148268813,0.165201685287264
2893,43,91,0.10179383024786776,0.05860158623447531,0.143356532398735,0.17608935347114416
2894,43,92,0.13368910354877558,0.11203757511840808,0.1974025410680563,0.18393053394267886
2895,43,93,0.14803620505927936,0.041716031929771746,0.22066049325945414,0.18683850097072055
2896,43,94,0.13482054301816065,0.041129940964604234,0.20306815920275964,0.19168385757156187
2897,43,95,0.1421515441926153,0.062144074120165954,0.1966315587826107,0.2034797688529276
2898,43,96,0.14788957336697722,0.05465991993694309,0.18328094547257795,0.21875623542533013
2899,43,97,0.14296728156495628,0.18067606098580447,0.12199033916956391,0.23155220367737372
2900,43,98,0.20286987814287347,0.11878542560388292,0.1783065355913914,0.276230086635947
2901,43,99,0.2449227031572638,0.13857898001565394,0.2182959426349552,0.31912249410203697
2902,43,100,0.28349667283961544,0.18198819225219362,0.2577146127722236,0.35157172860816127
2903,43,101,0.31195678455375897,0.18983818441579234,0.2872887540214932,0.3718184071775502
2904,43,102,0.3494756305818854,0.21419279050637205,0.3490570293824593,0.39928303865438597
2905,43,103,0.3421378266609219,0.26748831412172097,0.30733448350026626,0.4094343999360406
2906,43,104,0.37623051560479126,0.23798317935716448,0.3556345990471166,0.430896152832888
2907,43,105,0.38819065956832943,0.1575504497529835,0.3771702041374481,0.39225354957152203
2908,43,106,0.3789716973889614,0.12478952743671287,0.3514371052503031,0.39587657888401717
2909,43,107,0.3321427478886017,0.37152950100345516,0.2553494409709991,0.39998265095435076
2910,43,108,0.3014949262080339,0.31496865468221175,0.1958270810239132,0.4046576660629306
2911,43,109,0.19326500878829517,0.13594134910914285,0.10281461344646854,0.1823849041008348
2912,43,110,0.10627038214592942,0.3456843961651808,0.08887404638995951,0.1313291490626927
2913,43,111,0.10298436789825721,0.3528269385202185,0.10068732414481611,0.1198030412128196
2914,43,112,0.10778956745254363,0.2683055032212234,0.10273853663776543,0.13588912726129518
2915,43,113,0.13432417887358192,0.15892315062087614,0.10204714740879821,0.14119806513867772
2916,43,114,0.19419093685394986,0.13800208896605112,0.12850783948797673,0.15205608386307418
2917,43,115,0.12756749143115687,0.1563736489447709,0.0995672630482958,0.15506974644961374
2918,43,116,0.24935940747951882,0.25193453869209553,0.16847412886377844,0.16158602091343177
2919,43,117,0.2612393495832613,0.08759166566354468,0.19113615441251205,0.15602679035918723
2920,43,118,0.2263138480874884,0.029412453856383084,0.16395383002526218,0.15958756123453513
2921,43,119,0.17097747252756773,0.05440821265227121,0.11959318533477996,0.1424481172397698
2922,43,120,0.10832155920190867,0.08082309873181977,0.07630644920133435,0.11321901601891474
2923,43,121,0.0998537813414107,0.08165211155008523,0.08705321770853333,0.058353242430447476
2924,43,122,0.0974885211721194,0.08318594742741722,0.09133189279864594,0.039549807229228476
2925,43,123,0.08345149441045856,0.06145603823855249,0.08405434394701927,0.03815895727090815
2926,44,80,0.08417819078245325,0.16544038148977327,0.06091685873468833,0.08070125214054785
2927,44,81,0.04397087829892618,0.12440400057785425,0.0940219353291792,0.0471990596672792
2928,44,82,0.04692081772406125,0.08972328045325383,0.11124061518634838,0.04482948516459128
2929,44,83,0.06254623577574303,0.11802215530436275,0.12794782205957045,0.04951911903854156
2930,44,84,0.04931832367457542,0.13292402901573686,0.11503459276022146,0.05866033465069917
2931,44,85,0.07807881694361647,0.18517792295637045,0.10072906737297663,0.09980465311733382
2932,44,86,0.08400170064543426,0.18365143839658002,0.11311235966556701,0.1166990352704619
2933,44,87,0.0895582636159135,0.19492872925814736,0.1317540548900668,0.1294189466966154
2934,44,88,0.09614212119762808,0.1958436896385436,0.1458850122774998,0.14031070134212031
2935,44,89,0.1062831420242037,0.19734265068341186,0.16416066085509104,0.15149190321837366
2936,44,90,0.14219792573850465,0.06821493902040758,0.2110820593357857,0.1625332634616386
2937,44,91,0.09963467863491669,0.050221137124214936,0.14250774490037865,0.17675572252470154
2938,44,92,0.133533771705272,0.11429904786405809,0.1989074615876388,0.18256696481219567
2939,44,93,0.14825496560837875,0.0407943930207235,0.22180904787109842,0.18600112163815233
2940,44,94,0.13378647878540972,0.044065578647440304,0.2029336609613664,0.18831852785758704
2941,44,95,0.14034573570033315,0.07218430654230155,0.1961021269017141,0.2007538682894208
2942,44,96,0.1450892209054509,0.05616829329246739,0.18243119164601704,0.21676651455889065
2943,44,97,0.13869499827593776,0.2037156548052742,0.12149816633036366,0.2347926342399192
2944,44,98,0.1988585329903565,0.11759293640217601,0.1782449539901432,0.2798284535569349
2945,44,99,0.2406098123373876,0.13680568499330714,0.21815077958593557,0.3216143172591822
2946,44,100,0.2791842408786115,0.1809432930949707,0.2575896471477022,0.35997384238733915
2947,44,101,0.3075890264906832,0.18814809702700314,0.2870781788140009,0.39250899412355755
2948,44,102,0.34644556689945694,0.21293854941934318,0.3494793656882796,0.411369065386445
2949,44,103,0.33697923959728576,0.2495187690617233,0.30602837465868826,0.4116950680920169
2950,44,104,0.3728736230170384,0.23623566567164916,0.35564653823794873,0.43440588097693983
2951,44,105,0.3849690086981624,0.15665266842323564,0.3770141978546348,0.4394030541137497
2952,44,106,0.37470709968706123,0.12247485322227443,0.35038909118794626,0.4506636471386166
2953,44,107,0.3243891609304106,0.3802602536940031,0.2530100579773259,0.4661242442959732
2954,44,108,0.29096687696063067,0.3167173085687804,0.19426835689368602,0.4179055340213705
2955,44,109,0.1734158253516816,0.13771226912320764,0.10145655058090562,0.1744835279537522
2956,44,110,0.0933766101448176,0.348722840821991,0.08886920545205779,0.11764562307619464
2957,44,111,0.10142740146029021,0.3546604965807398,0.10075228286109891,0.12088818947030369
2958,44,112,0.10273348697422079,0.26881433912582675,0.10262056735988884,0.12312227796055777
2959,44,113,0.12182154936122214,0.15840270726235925,0.10158809939545689,0.13628061392913907
2960,44,114,0.18252002017580962,0.1378939306362774,0.12799591330633975,0.14133776959955419
2961,44,115,0.1173027741244843,0.15908129688190284,0.09894640209651709,0.1499097903840872
2962,44,116,0.24035197198055805,0.25262627964047163,0.16823935298787937,0.15933522861227903
2963,44,117,0.25299959472335243,0.09371329906444066,0.19042372572832922,0.15939470491975485
2964,44,118,0.21788128752052988,0.031785019120840585,0.16287390859399792,0.1558445787630915
2965,44,119,0.16231325528022855,0.052058885563844026,0.11847830097229169,0.14038349370313016
2966,44,120,0.10014996009032388,0.08035328865191874,0.07549251006675796,0.12184837958652082
2967,44,121,0.1101896718921055,0.08156045106046132,0.08858781157747257,0.060157257571201
2968,44,122,0.10549964865109614,0.08327550562833518,0.092091573734238,0.04641606112428775
2969,44,123,0.08855617362475324,0.06108754907064379,0.08455568515301834,0.043548447676904765
2970,45,81,0.042693691178288515,0.1265606635665719,0.09785151605674465,0.046962503924171
2971,45,82,0.049270910824935815,0.09220885358049882,0.11541566048670793,0.04443153949274758
2972,45,83,0.06624050200323339,0.12228074738225271,0.13202430818794877,0.056326752251412746
2973,45,84,0.05143344537629419,0.13866292913008932,0.11922893621033216,0.06524531991378797
2974,45,85,0.07667525559502367,0.19197858170824592,0.10382200528049862,0.0973298226441875
2975,45,86,0.08431176557228443,0.19160201277585573,0.11555306694229092,0.11291583875411106
2976,45,87,0.0917339840037457,0.20384888655338307,0.13410109663307798,0.1262069150945365
2977,45,88,0.09935781518679118,0.20562181550065878,0.14814089587309354,0.1357681231149913
2978,45,89,0.11016144068435027,0.2079412494630184,0.1662693497643588,0.14697276342832583
2979,45,90,0.1451428333917043,0.1282186713932375,0.21276342504697962,0.16235185326468254
2980,45,91,0.10340497996417833,0.07716503949266898,0.14511031585382528,0.1750331236621181
2981,45,92,0.13687638808452318,0.12496041340321955,0.20001244466314422,0.17709009503594372
2982,45,93,0.15112202090454202,0.03273615925539801,0.22300096972898148,0.1836361793681689
2983,45,94,0.13746528166614314,0.06466944337973378,0.20482985508059912,0.18600050463234996
2984,45,95,0.14454233583630863,0.07806652444297274,0.19803900989750797,0.19348123401745362
2985,45,96,0.1499526018975664,0.0577283667002284,0.18429282160283283,0.21439244012102285
2986,45,97,0.14348494069731407,0.18752558967202132,0.12221242703556642,0.23083985091112144
2987,45,98,0.20408035137642216,0.08841827546625872,0.17880659376452165,0.272269914114702
2988,45,99,0.24601743785403732,0.14024032002855738,0.21862329909688494,0.323635040826087
2989,45,100,0.28467580465047976,0.1839680406376353,0.25791701290509134,0.3596134337659993
2990,45,101,0.31315289508733307,0.19254129244874446,0.2873275508943449,0.38109124326689187
2991,45,102,0.351258072001873,0.21703914761702098,0.3492802081891374,0.39578859083002965
2992,45,103,0.3430067387239007,0.2522006326531213,0.30680668570405073,0.40750969395500236
2993,45,104,0.37782356890363494,0.22798033102224205,0.3554239009762705,0.4081866021861292
2994,45,105,0.38974136660940356,0.16782890611907333,0.3768694863817107,0.392946352759567
2995,45,106,0.3800315656744091,0.11750438119363915,0.35083669027746095,0.44737867031705203
2996,45,107,0.33129692721960896,0.3949351935026563,0.2541792235356238,0.3889880295289301
2997,45,108,0.29849184898240405,0.3212131535016117,0.19466733084584098,0.3883658249118003
2998,45,109,0.18267996989233884,0.13167653843851057,0.10162613826261234,0.1930791503420848
2999,45,110,0.0971261055064096,0.34153489119605224,0.08881861651298617,0.1366111102270076
3000,45,111,0.10106893918955233,0.34738262600368824,0.10073670054310781,0.12320743794812598
3001,45,112,0.1038458944416973,0.26371109261916204,0.10255077443570047,0.13166153755718124
3002,45,113,0.12613886294310359,0.15618227116552502,0.10124370508977482,0.13946924586456694
3003,45,114,0.18723629793623423,0.13676440176801674,0.1273301146360379,0.15797249177999623
3004,45,115,0.12070687264314173,0.1559673266167227,0.09861251805820787,0.17002174540494294
3005,45,116,0.24436970271112898,0.24679063891700254,0.1673114070004026,0.15650512887428847
3006,45,117,0.25673292945466636,0.09739717435763103,0.18970257156092787,0.1462950237081843
3007,45,118,0.22136092982707536,0.025611223950244615,0.1623330827887849,0.15407509690862262
3008,45,119,0.16546139395901052,0.05871263188590722,0.11805069025713201,0.1408580800484056
3009,45,120,0.10272189105892475,0.08392200429284512,0.075223752282187,0.11713372001632452
3010,45,121,0.10769516337801223,0.0826030634935343,0.08903280532222228,0.06179616602168078
3011,45,122,0.10355168931251522,0.0825769579122274,0.0926511858022374,0.04341780577211108
3012,45,123,0.0872417158328144,0.05936250461174782,0.08501817025794864,0.03937274539396508
3013,46,82,0.04910645016080859,0.10125613486443953,0.11879581929856851,0.04201411008303722
3014,46,83,0.06580367085278489,0.12372853880460191,0.13529133901289128,0.05444152703743496
3015,46,84,0.051715809121271876,0.14123779361271221,0.12245432467693125,0.06400101900073597
3016,46,85,0.07630250798583245,0.1953584189223849,0.10615809204700896,0.09630942561918665
3017,46,86,0.08463528914316652,0.1958471498063975,0.11736927133705467,0.11157116645786905
3018,46,87,0.09274635726582382,0.20869371717134602,0.13578734698647563,0.1275295663064675
3019,46,88,0.10068925268215695,0.21110924041019835,0.14970237466946354,0.13687849894003526
3020,46,89,0.11151613196483567,0.2139632566970793,0.1676874611208598,0.14790114275722957
3021,46,90,0.145038224368234,0.14280881836628234,0.2138961788700018,0.1627492612132779
3022,46,91,0.10547940632608234,0.10200222451121321,0.14665806808467657,0.17575969511010742
3023,46,92,0.1376378661075788,0.13705997452331278,0.2007803769804742,0.17839804783853852
3024,46,93,0.1515460461912461,0.031950974707962876,0.22374853089700708,0.18889625890773495
3025,46,94,0.13888777911011077,0.05551546401488292,0.20585970076848314,0.18757039514494295
3026,46,95,0.14656704963810344,0.08457269527069833,0.19904152638936945,0.19645406635858073
3027,46,96,0.15271313683645193,0.06008692081428683,0.18520522412813595,0.21431374693419503
3028,46,97,0.14679793849190478,0.1869923068790274,0.12252857677961641,0.2301027101105153
3029,46,98,0.20751433191080723,0.08720023013630256,0.17891863197155114,0.2780394805222828
3030,46,99,0.24952797133539942,0.14125702132902643,0.21861673112700922,0.32439382126896243
3031,46,100,0.28818386636553023,0.18547163124860155,0.25777178877555373,0.36606271097844606
3032,46,101,0.31667334967542826,0.19481068976500784,0.2870952677417474,0.3849605953389988
3033,46,102,0.3540969574805221,0.21967347789950487,0.3487895147613666,0.40595779104633084
3034,46,103,0.34700398395176335,0.25490013957072516,0.3067770642403818,0.41642911523818443
3035,46,104,0.380934811506359,0.2404291208739235,0.354910827681718,0.4439023434219028
3036,46,105,0.39273004526981836,0.1773298312420956,0.3763928181852173,0.43604166645591524
3037,46,106,0.383572303309284,0.1252580395334672,0.3506340111645395,0.4068618126331085
3038,46,107,0.3360535444765534,0.3983902160023867,0.2543305391028511,0.40056427561911995
3039,46,108,0.30335303924110907,0.3224468891911901,0.19446759435694677,0.37870206761890957
3040,46,109,0.1873372961829075,0.11017015821066163,0.10139112662074323,0.18811432010455248
3041,46,110,0.09863644569510649,0.34173261184174053,0.08874863337249675,0.14160000844399032
3042,46,111,0.10112572861580406,0.3477871759241728,0.10073639763359356,0.1328863268795983
3043,46,112,0.10426731658779036,0.2641054249669193,0.10244578694895244,0.13712710459185248
3044,46,113,0.127587514444846,0.1549607808059411,0.10073327289984532,0.15157178815977312
3045,46,114,0.18899743724276324,0.14216292757388366,0.126411157570299,0.16006239202603278
3046,46,115,0.12180603672532285,0.15594357882903678,0.09810928601631909,0.15946974941022438
3047,46,116,0.24590704279588085,0.24667274633253589,0.16617785445922947,0.15362569911967072
3048,46,117,0.25815376215261393,0.03001925340370253,0.18872690966590394,0.15167195880268655
3049,46,118,0.22262951605252987,0.028066907072999435,0.16151211713556707,0.15746227111182728
3050,46,119,0.16653803064373468,0.05692327142791838,0.11736971544107905,0.1487399661093907
3051,46,120,0.10353885818647175,0.08295731041188968,0.07479171027179841,0.11750250877764894
3052,46,121,0.10707721463092817,0.08204893562817336,0.08976237781692872,0.06517636065796475
3053,46,122,0.10306451929929618,0.08237522755436294,0.09340429120488748,0.04218844965384572
3054,46,123,0.08690854374089588,0.05938024478602874,0.08562222086977954,0.03898518129256607
3055,47,83,0.06402306462058849,0.12682892744095434,0.1383092725688495,0.050986458984299585
3056,47,84,0.05165358171341979,0.1413307720439586,0.12611264249895057,0.061574074966355044
3057,47,85,0.07596045956748326,0.19554361575944426,0.10939117978059361,0.09566237076130177
3058,47,86,0.08520424141157797,0.19605523293498958,0.11931989412937068,0.11150447927670562
3059,47,87,0.09415985128019229,0.20897127276558233,0.13729901147412765,0.12637396950647764
3060,47,88,0.10245620210306418,0.2114919462786444,0.15103416537548806,0.1355237503634196
3061,47,89,0.11316600494274655,0.20810838459687805,0.16873059665466839,0.13717634964804293
3062,47,90,0.14414115412897152,0.1433958049544792,0.21389742415374083,0.15905215712060722
3063,47,91,0.10853783159891801,0.10583598306801105,0.14912727124098613,0.16773916989321488
3064,47,92,0.13824126482466897,0.1388745912568358,0.2008280457602446,0.1775017860205772
3065,47,93,0.1516317973712461,0.03364385006069675,0.22388135678391552,0.1842204709165644
3066,47,94,0.1406421846643263,0.04818523346779471,0.20702569966210646,0.18347886472583944
3067,47,95,0.14932430605663427,0.09305351700086753,0.20042477603447173,0.1949749048305267
3068,47,96,0.15670261250219691,0.06590189486550231,0.18668899198807418,0.21529725653292606
3069,47,97,0.15222552343123283,0.1965922449260003,0.12323811719921193,0.23158643190114975
3070,47,98,0.21275583789479402,0.0858920989888572,0.17888849212454766,0.2783663956020455
3071,47,99,0.25489590681353935,0.1443121655094107,0.21841352324249844,0.3226189003687549
3072,47,100,0.2935121752108441,0.20311178823253517,0.2573271237128006,0.3637458437409465
3073,47,101,0.32201703421683975,0.2098903375505831,0.28655830118332476,0.39116471680885384
3074,47,102,0.35822321842435784,0.23148129986398827,0.34750033798193747,0.4142618534956556
3075,47,103,0.3531887319963336,0.27059271129499624,0.3070980805776316,0.4331072832953215
3076,47,104,0.3855411082211521,0.24090108543023728,0.3539169918122742,0.37921701768758354
3077,47,105,0.3971610774003723,0.17838981207389276,0.3755219886497694,0.38905600937550006
3078,47,106,0.38900828059119746,0.12710581677415164,0.350587926969566,0.3989673762681385
3079,47,107,0.3439225387817739,0.3982732436474329,0.25556658972013396,0.3871120724915334
3080,47,108,0.31193907167905327,0.3284608659351537,0.19492122510433368,0.3596850975799245
3081,47,109,0.19748810311180953,0.13255553600984019,0.10179660117521903,0.1859684493657253
3082,47,110,0.10354951576833168,0.3426836147169083,0.08860560599192961,0.1367596176982704
3083,47,111,0.10179246859960127,0.34686944805840275,0.10068365805545446,0.12776410339809702
3084,47,112,0.10592620082903477,0.2631233728839242,0.10233301002117418,0.13023274892300596
3085,47,113,0.1318232168312986,0.15596829914383972,0.1001094553486907,0.143039990231849
3086,47,114,0.1934541044905867,0.13636674930578016,0.12503833253853108,0.15498686919142965
3087,47,115,0.1251369092802789,0.1571676329033495,0.09760422729285291,0.16558694554270495
3088,47,116,0.24957191470607662,0.24685817862036025,0.1642946526902102,0.16317785231155835
3089,47,117,0.26152137284176175,0.09782569113935165,0.18743174815272057,0.1476833506415124
3090,47,118,0.2258288640862796,0.02591997165212075,0.16075434916188602,0.15642240853795575
3091,47,119,0.1695188212540606,0.05663275018248281,0.11690568775659771,0.13886221217559858
3092,47,120,0.1060812251276101,0.0846974938467861,0.07457717739713855,0.11852583741880272
3093,47,121,0.10448716254247042,0.08296709204063411,0.09000005029784615,0.053733632490479466
3094,47,122,0.10104740152307426,0.08279364469065235,0.09422959642788356,0.04224298797722159
3095,47,123,0.08559294569716196,0.05950872444929883,0.08636323313883927,0.0431016544381959
3096,48,84,0.04919347386253649,0.14156596658582718,0.1274218944623511,0.06100684353891664
3097,48,85,0.0757805275216664,0.19630649049525128,0.10941670712388704,0.09167371672625678
3098,48,86,0.0866724961869631,0.19737784817863557,0.11994651240734581,0.1091490804971671
3099,48,87,0.0969425052390533,0.21079625573743155,0.13809447768654615,0.11845638018099965
3100,48,88,0.10563409223383838,0.2137387120075979,0.15168951243467713,0.13363474208698528
3101,48,89,0.11546824320805744,0.16793248547752285,0.16940407793450882,0.14162766202411992
3102,48,90,0.13849673115027525,0.1339631741578789,0.21547515604905879,0.16324125702365908
3103,48,91,0.11575828764952804,0.10183851905412786,0.14775530138918586,0.1699641855425032
3104,48,92,0.13740108319766303,0.13808883408333214,0.20171995499271406,0.17926533291306704
3105,48,93,0.14935373004276867,0.03597793679714297,0.22451803798014403,0.18671202309478155
3106,48,94,0.14337032091426483,0.04846994438158493,0.20640446104705937,0.19192856474856776
3107,48,95,0.15505115597344415,0.08583748695091024,0.19935197800545787,0.20371559384366858
3108,48,96,0.16609364034342022,0.062371691836511464,0.18526493878831798,0.216440705616239
3109,48,97,0.16791660335676403,0.20081722057141954,0.1223120858645707,0.23006698060177996
3110,48,98,0.22632249683597142,0.1189617050584944,0.1783044881003845,0.28065767454656204
3111,48,99,0.2688504370948665,0.14120210960679208,0.21772019959655517,0.32795072486036314
3112,48,100,0.307273855490896,0.18570276548785755,0.2566139791666141,0.36806261338140694
3113,48,101,0.33587479076154375,0.19526173516909787,0.2857448380616046,0.39943591344956647
3114,48,102,0.3682437384710481,0.22026970889127495,0.34731473405547975,0.42174516822873565
3115,48,103,0.3698465160230379,0.2555289652610627,0.3052449919642074,0.4342898873656809
3116,48,104,0.3971999085123575,0.23180859694756747,0.35331400754009834,0.43158624917785327
3117,48,105,0.4084570327557841,0.1782148249249067,0.37482230898696467,0.46771979665114344
3118,48,106,0.4037432014002604,0.14054489168231502,0.34906477802772157,0.42502239914941087
3119,48,107,0.36790928406828294,0.2280059458845605,0.2527857912890219,0.39337238198423813
3120,48,108,0.3409012865026083,0.32840597606941785,0.19286497051343396,0.3863058422403168
3121,48,109,0.24163148325438497,0.13368434435561757,0.10005590206512495,0.16838281929320703
3122,48,110,0.14062432459517363,0.34406692546487744,0.08863597581231558,0.13374962794485679
3123,48,111,0.11883249547241331,0.3470773464548596,0.10081695935058299,0.12837698618995805
3124,48,112,0.12356960022070188,0.2633346868876409,0.10220868797499269,0.13797870603520151
3125,48,113,0.15697867588984363,0.15602168912139833,0.09943214077290252,0.15024256321265764
3126,48,114,0.21631211499883113,0.13669455145385123,0.12417259324220234,0.16677591766192618
3127,48,115,0.1455523692543629,0.1576473913342788,0.09680087633570456,0.16902608875305264
3128,48,116,0.2674215093293187,0.24719754450242992,0.1636862818720828,0.15708746406834498
3129,48,117,0.277868027038865,0.09771384535334869,0.1863527624319703,0.16517248676383353
3130,48,118,0.24223080632057345,0.025904403989786155,0.15931452812338057,0.16367361522323362
3131,48,119,0.18602470243119162,0.05645096437465488,0.11548648022113865,0.13856160449697885
3132,48,120,0.1216878901326912,0.08448005733850371,0.07361863735431849,0.1194370717320284
3133,48,121,0.08757416531249727,0.08417757923696609,0.09198091390030909,0.0636352340123769
3134,48,122,0.08825449653070672,0.08343345639575821,0.09530384468180517,0.03990102851810657
3135,48,123,0.07815951262660847,0.059700053255312746,0.08711695036308785,0.04222815561589721
3136,49,85,0.07588913349988159,0.19173243518645308,0.10800634007166847,0.09068413047995523
3137,49,86,0.08660151507387946,0.19646505222015695,0.11806672195967546,0.11082886789558145
3138,49,87,0.09656792597826228,0.20908504187901839,0.13583323368168027,0.12746033423285544
3139,49,88,0.10493871061260882,0.21130413501629366,0.14926900897756426,0.13552953503632884
3140,49,89,0.11405663933015275,0.21394277041717927,0.16681158068686452,0.14402075654041022
3141,49,90,0.13396581650717374,0.13765821538324668,0.21252572328954403,0.16161336597033615
3142,49,91,0.11664358214161336,0.10160763948578486,0.14622755512113203,0.1734918616349006
3143,49,92,0.13429693962644645,0.1376518816850913,0.1987664193167581,0.17849714973125969
3144,49,93,0.14573188014921593,0.034407866443164306,0.22183060349983139,0.18563513090536385
3145,49,94,0.1420030638270849,0.051504248951432005,0.2044936957652675,0.18836166038855162
3146,49,95,0.15512216660290418,0.08756046101192462,0.1976619920971434,0.19968201440279498
3147,49,96,0.16788457943877283,0.06349393267720642,0.18369627605680716,0.2151339752879791
3148,49,97,0.1726802375850275,0.20734891380439976,0.12129860134673685,0.23376102430481652
3149,49,98,0.23009490805722646,0.0821896567603112,0.17633389894231646,0.2888808567880179
3150,49,99,0.27252506568443324,0.13820117742632165,0.21551028895908278,0.33297191227165224
3151,49,100,0.3107382708026725,0.19647578188522596,0.25414594060925244,0.37527149546622207
3152,49,101,0.3392723054380646,0.20745807281877032,0.28318181741238657,0.3956929415833238
3153,49,102,0.37032932044437,0.23103953220928677,0.3443786356526985,0.426006929861494
3154,49,103,0.37436382450067074,0.27091624445162127,0.3032327331112203,0.43570054373071443
3155,49,104,0.4001384972817092,0.24247664691828164,0.35062017235629056,0.37857037927844867
3156,49,105,0.4113048604598814,0.17730701484690028,0.37233983398331444,0.3886158236085795
3157,49,106,0.4079097556392023,0.13087348499008278,0.34719696523716936,0.40309486919616644
3158,49,107,0.3741647611989509,0.39717118108477417,0.25170451523057386,0.39512829884228096
3159,49,108,0.3457766495205917,0.3287458998917577,0.1913687248340923,0.38602093264758547
3160,49,109,0.23794472508148698,0.12942722713485683,0.0989205008217882,0.17705734256883549
3161,49,110,0.1267823375514892,0.34086974089076966,0.08854396541486938,0.13347300652674823
3162,49,111,0.1090864168173351,0.3444212072088575,0.10093492635453821,0.12697666358192644
3163,49,112,0.11435727719551124,0.23962273755724936,0.10205136232657287,0.13362420899302035
3164,49,113,0.14706028985229982,0.1540870528823865,0.09827732556798624,0.13895014826527588
3165,49,114,0.20933037242716185,0.1413504663661118,0.12204499137249863,0.15097437113855944
3166,49,115,0.13688043134380837,0.02984150441988767,0.09573179249038742,0.16606701616391056
3167,49,116,0.2627295723577006,0.2438601098501254,0.16125715204889185,0.15327520256694838
3168,49,117,0.2736032375969013,0.03057766235744484,0.18423692115245116,0.16128603370665426
3169,49,118,0.23720748801357544,0.028256805445025814,0.1575363534758275,0.16160291472501523
3170,49,119,0.17990049175607956,0.05723789826718132,0.11405805824714366,0.14296382172521996
3171,49,120,0.11470138386321242,0.08535057611534852,0.0728265832661754,0.11567479725489381
3172,49,121,0.09758024240800389,0.08472450284035454,0.09352543717069539,0.06618428441551773
3173,49,122,0.09573298282651677,0.08071182463537138,0.09685253705125439,0.044337189348186
3174,49,123,0.08220540706719469,0.0577640028652832,0.08837496317002203,0.042662320544743726
3175,50,86,0.0866594462362991,0.19324983218533376,0.11609522826822807,0.10587327054468167
3176,50,87,0.09646908563137971,0.2085712013637432,0.13346709162451945,0.12098336486998251
3177,50,88,0.10458896172372331,0.21045404828173683,0.1467342361729608,0.13509062875470731
3178,50,89,0.1130235405356292,0.2127376142394157,0.16410409845193266,0.14616839339679613
3179,50,90,0.12951424397221917,0.13889053161659107,0.2094826247893657,0.16248567695240657
3180,50,91,0.11791581384449473,0.10165559581354769,0.1446163264554541,0.17410011797267297
3181,50,92,0.131583289565708,0.13772568976661678,0.19572673489926154,0.18008594439818312
3182,50,93,0.14231341567674038,0.034352061935101395,0.2190492447584326,0.18762159130002992
3183,50,94,0.14100621229738572,0.0519988951111824,0.20251894116413757,0.1870223871829169
3184,50,95,0.15566318039557236,0.0882430421275891,0.19593853352091814,0.19927916303455762
3185,50,96,0.1702455405627852,0.06344082553005423,0.18210460847454685,0.2211168385318978
3186,50,97,0.17817475436127156,0.2033314716025657,0.12026280987505712,0.23255426465653523
3187,50,98,0.23430892626445482,0.08234052759820115,0.17433658926235718,0.2743169885182278
3188,50,99,0.2765853029313107,0.13735734150792941,0.21325598552284425,0.323745615900596
3189,50,100,0.31456013823363377,0.19607381736911172,0.2516242780456165,0.3674491445321157
3190,50,101,0.3430242958131972,0.2073321467873496,0.28056285200985115,0.3869849316481091
3191,50,102,0.37278200281118806,0.23106917422697199,0.3413901848054617,0.414365819511268
3192,50,103,0.37922417630195854,0.2709444872071009,0.30116699791779283,0.4403082888377861
3193,50,104,0.40341378041218484,0.2426490907988806,0.34788747557310346,0.45210726963111136
3194,50,105,0.4144988796714327,0.1774836089062072,0.36981798640056224,0.4548308857317971
3195,50,106,0.41242323446726425,0.13104694536119277,0.3452972583718631,0.46951482332516664
3196,50,107,0.3808446785852717,0.39753562273842624,0.25059771212641785,0.39881325002128837
3197,50,108,0.35107205947953596,0.32779190688090604,0.18984487563282237,0.3998437402685993
3198,50,109,0.23443442198748818,0.1106451386164441,0.09777819648275235,0.32479512568171187
3199,50,110,0.11421923697606007,0.3411297735813913,0.08851920490880127,0.14652781055764375
3200,50,111,0.10308093342761467,0.3442927008713776,0.10112098700712525,0.11950854900707907
3201,50,112,0.10780343694417772,0.25544159870425415,0.10196019901432496,0.12300645073833215
3202,50,113,0.13837298532069855,0.15389420772230678,0.09717037935235748,0.129627391354293
3203,50,114,0.20313518651842596,0.13382580100312386,0.11992674192430287,0.14488504846746675
3204,50,115,0.1295063965142656,0.14787580549331408,0.094697587415332,0.15975690286489852
3205,50,116,0.25861396239189793,0.24022608512908405,0.15883935281738437,0.14786338823535372
3206,50,117,0.2698768026372187,0.0956554713617446,0.18211929779772232,0.146262385062612
3207,50,118,0.2328482155581164,0.028448801210422845,0.1557573138627427,0.15455821693681834
3208,50,119,0.17464845477494842,0.057830435744539326,0.11264487693786976,0.13925762129471095
3209,50,120,0.10887185590512555,0.08617043412665998,0.0720741634381229,0.11885535800801693
3210,50,121,0.10654225791565905,0.08518982924821625,0.09513672567896297,0.060983503916295735
3211,50,122,0.10258008774474052,0.08092313974943552,0.09843971528079465,0.047790277409501834
3212,50,123,0.0863131768351704,0.05640803463460642,0.08967618155389744,0.042411904532275925
3213,51,87,0.09664365597655428,0.20947486126982195,0.13088756387357764,0.11888066273837761
3214,51,88,0.10462602073094317,0.21013135345827896,0.14396774654970976,0.1346070012950568
3215,51,89,0.11250820042088346,0.21211965224429677,0.16113302063075882,0.14541634543086016
3216,51,90,0.1257033604982244,0.20311317916652433,0.20599683056386905,0.16163884774315695
3217,51,91,0.11945386078673127,0.1001424328409906,0.1431401861407711,0.17124614233126043
3218,51,92,0.1295758534550933,0.2048325825661242,0.19237462578461575,0.1836238764809185
3219,51,93,0.139449225585433,0.034392266254258175,0.21597026529484173,0.19159946572313147
3220,51,94,0.14050164579311783,0.05016499475163314,0.20050940897590738,0.19149258241203884
3221,51,95,0.15666792729919096,0.08657066763027887,0.19430071153454193,0.20207963426971196
3222,51,96,0.17303367230474173,0.06288558840387884,0.18067032691177368,0.2132189222989912
3223,51,97,0.18399219596017619,0.20232793184039596,0.11928351132987555,0.2408660998083252
3224,51,98,0.23863042552482105,0.1152529488095853,0.1722868581351184,0.27582958313658995
3225,51,99,0.2806722071505947,0.1389812156070757,0.21091561732402095,0.3290468808349774
3226,51,100,0.3183821550802659,0.19174072294803324,0.24898124710504757,0.3719543400575529
3227,51,101,0.3467646168043695,0.20433187453791044,0.2778179298760776,0.4062407941198698
3228,51,102,0.3753673081410669,0.22987067563521946,0.33814967037217813,0.43030892744289273
3229,51,103,0.3839486959044739,0.27139047343815104,0.299155663443516,0.44726616668373337
3230,51,104,0.4067197695393308,0.24412694190857703,0.34499775328641663,0.4651754273249493
3231,51,105,0.4177383114256309,0.17818136933209403,0.3671595536649659,0.4846192297663942
3232,51,106,0.41684626947586184,0.1315716036292715,0.34342755166580113,0.4921412645532833
3233,51,107,0.38711363319692565,0.39722143038251956,0.24979176266674916,0.3978872769071085
3234,51,108,0.3556405917776712,0.3278306844072657,0.18849084935318927,0.35877494930802684
3235,51,109,0.2288118642251196,0.1286714936818141,0.09677201556195207,0.30591246411733425
3236,51,110,0.10187136794158334,0.3411426157255714,0.0885392067876998,0.1830174196118285
3237,51,111,0.10109633623435613,0.3439199168078864,0.10136648373235747,0.1326880513705355
3238,51,112,0.10342919762251444,0.27122945843640023,0.10193883307990335,0.12792727752901725
3239,51,113,0.12961993037805988,0.15831519479177367,0.09610229676281185,0.14074849968978345
3240,51,114,0.1965722311214965,0.13588748458238784,0.11773894801720716,0.15116958209629136
3241,51,115,0.12232184703006473,0.14819632668066884,0.09370257040606322,0.16245021892352565
3242,51,116,0.2542162668103348,0.24059928550117507,0.1562706381854536,0.14823292625115128
3243,51,117,0.2659077770535229,0.09589061704827326,0.17993781273520293,0.14542484444945547
3244,51,118,0.22832521370147102,0.027174631565998204,0.15398839960464683,0.15634019408168556
3245,51,119,0.1693709568182174,0.05696767297838072,0.11128429791281537,0.14192644415440692
3246,51,120,0.10327965395392903,0.08507496125410098,0.07141074357001319,0.11681529398236358
3247,51,121,0.11539450196691328,0.08440661489761077,0.09670599234977495,0.06934026460034433
3248,51,122,0.10944380611645316,0.08039516698897176,0.10006884033184152,0.04326923489407109
3249,51,123,0.0907151607453434,0.056361028594606066,0.09104122818923761,0.039750627705075404
3250,52,88,0.10497139135427457,0.2101244020372264,0.1409412903529494,0.12844502245803274
3251,52,89,0.1125403667301421,0.21179618987702079,0.1578191423275177,0.1416946966826957
3252,52,90,0.12330443777515274,0.20242792507352436,0.20169265329116004,0.16232198966897166
3253,52,91,0.12094402412540649,0.09604772470301828,0.1421531983363469,0.16901242218132984
3254,52,92,0.12860306272438174,0.20357291900388313,0.1885304952183003,0.1846843400150318
3255,52,93,0.13765355551723768,0.03393474764631331,0.21238763965336976,0.18769072010276835
3256,52,94,0.14056479147503817,0.04877883089835082,0.19858082814548322,0.18776526141564234
3257,52,95,0.15794437112478957,0.08402016277499498,0.19302555396073137,0.20061741361719307
3258,52,96,0.17575685045206382,0.06174044456059558,0.17975432075259426,0.21212159720245652
3259,52,97,0.1889728439599208,0.20406478995981447,0.11852621738110966,0.23403328017697336
3260,52,98,0.24221336215891182,0.08011888713549302,0.1702285470829763,0.2803426144289881
3261,52,99,0.2839008963846717,0.14535462085614215,0.20850069453169784,0.3317358553253618
3262,52,100,0.3213219688739423,0.20552386057963165,0.246192102058293,0.3717814212326198
3263,52,101,0.34957365768605886,0.20338269521865782,0.27491581899919654,0.4001785534958873
3264,52,102,0.37745378535011465,0.22822258890824657,0.33446013919338713,0.4269169028029191
3265,52,103,0.38733772869510835,0.2715833652588823,0.2973765812835444,0.4451537280647291
3266,52,104,0.40925213215083134,0.2452471256856936,0.34186209348613616,0.46576682472302167
3267,52,105,0.420210495696946,0.17670524195124337,0.364282778478821,0.47997145713853995
3268,52,106,0.42000659224335435,0.14221817111749877,0.3417049052950332,0.47174155596771616
3269,52,107,0.3906610083517392,0.21257100442226795,0.24972902168604674,0.3641033764762499
3270,52,108,0.3561904249379022,0.1444272141039118,0.1876028280829727,0.3238201361304981
3271,52,109,0.21430381131820325,0.10925116406574885,0.09621350223191129,0.25099249674775986
3272,52,110,0.09037566468174893,0.3408619884643633,0.08852650253717237,0.21916980278476442
3273,52,111,0.10706319312969577,0.34569755877573255,0.10162298245002249,0.18098624280944473
3274,52,112,0.10238106864206327,0.27031672059680095,0.10199463628729775,0.1354350307406736
3275,52,113,0.11822811119859035,0.1648689169226431,0.09508216532562083,0.14003894759654203
3276,52,114,0.1870001495407973,0.13582612246886622,0.1153323838245449,0.14617050902172515
3277,52,115,0.1133223172619987,0.14759647290850236,0.09276161394969577,0.15692045027717744
3278,52,116,0.24757918218358188,0.24351187382370934,0.15329855617210297,0.1470341074331766
3279,52,117,0.25992952717488094,0.10231190857608728,0.1776015325772177,0.1477130274942431
3280,52,118,0.22184576920624158,0.025751072893587468,0.15232426510878663,0.15472200169662526
3281,52,119,0.1622520049283049,0.05554878013361149,0.11013499289348747,0.1347934942688162
3282,52,120,0.09631222788283621,0.08337933026253908,0.0709615465385954,0.12000970404211699
3283,52,121,0.1263747620474928,0.08284821568198242,0.09782446308104463,0.05952678358373817
3284,52,122,0.11807381453062898,0.07908683286511402,0.10171409461162967,0.04256445062879961
3285,52,123,0.09657658793269042,0.05543479144314153,0.09250511842982402,0.04339185175000092
3286,53,89,0.1123405798214774,0.21707619644189047,0.1550464463539331,0.13538940409576458
3287,53,90,0.1239851259372478,0.20221542911743454,0.20072649962424421,0.15990096529087655
3288,53,91,0.12063426666147442,0.19152988464592677,0.1394746089946419,0.16301619833965214
3289,53,92,0.12860953764431468,0.20298277617702631,0.18468038240145973,0.17910257709044267
3290,53,93,0.13773581473438395,0.030556886935028286,0.20885588223582535,0.18922526289007738
3291,53,94,0.14051890711268156,0.05225158363307841,0.19678715175314962,0.1916687637187425
3292,53,95,0.15784013871301164,0.0834944801852365,0.19198460780982202,0.1992877675803762
3293,53,96,0.17553240160820482,0.0596677980005204,0.17845167640336856,0.21213080707414605
3294,53,97,0.18710613769234638,0.19857036505354658,0.11658710607867939,0.23126246430645608
3295,53,98,0.24081752213283353,0.08465825786094554,0.16804218626027717,0.281107550980942
3296,53,99,0.28186301556119864,0.17457527006863008,0.20609044539616264,0.32284161153423785
3297,53,100,0.31899087286819944,0.2437063185794167,0.24361811641570089,0.36919407297517026
3298,53,101,0.34688624105599275,0.22042677638494368,0.272249815866425,0.39929175099083974
3299,53,102,0.37580518324754636,0.22205271124136078,0.3321957837000048,0.4283430612156701
3300,53,103,0.3836547005830068,0.2663772707078019,0.2948232146116996,0.43904086623305716
3301,53,104,0.40711699565998966,0.24079629106179093,0.33904658776908336,0.3679557615909231
3302,53,105,0.41799490243753884,0.1620254567672068,0.3616861156728366,0.376019934954875
3303,53,106,0.4164550754008013,0.10657387016160262,0.33973043232931405,0.37020600281550275
3304,53,107,0.38086455612470893,0.37048006907237974,0.24761693062786239,0.31335173160919444
3305,53,108,0.3376026476969297,0.3205437932601971,0.18433113704999277,0.273749692487783
3306,53,109,0.16096116000883062,0.14042288889826565,0.0931708796286214,0.21694710804128614
3307,53,110,0.11667200624386938,0.33932634080066226,0.08921427941548811,0.19154407995029768
3308,53,111,0.14897798827380063,0.34608883985018046,0.10230667109516291,0.21278909406448018
3309,53,112,0.11949687673587535,0.26045656881547496,0.10210180222703089,0.14687831787428993
3310,53,113,0.09789159225083474,0.13183999372958777,0.09415222207415866,0.14612351925608416
3311,53,114,0.1646100835279347,0.05378857124883708,0.11423567113097076,0.15791357503394296
3312,53,115,0.09760223627194249,0.03317019902815465,0.09182034165199239,0.16029660755934474
3313,53,116,0.2312947095850233,0.10864620243076846,0.15270226368595474,0.15260202312482846
3314,53,117,0.24527798391422273,0.029485597862743428,0.17607802875981443,0.1454292349855579
3315,53,118,0.2068716337488468,0.026034095084077943,0.15002682214282384,0.15097991611617345
3316,53,119,0.1470541995331883,0.05374944106130238,0.10786589872299887,0.1397112225655125
3317,53,120,0.08340003327710159,0.08155381822113877,0.06968211470505929,0.11776317108896789
3318,53,121,0.14734499975147752,0.08063303064342772,0.1016651657929715,0.06528123938428838
3319,53,122,0.1348452746100875,0.07674035278295491,0.10346998815606093,0.04576926269089473
3320,53,123,0.10874982013115951,0.05310994255029567,0.0937017121935729,0.03884320397665536
3321,54,90,0.1256165430202199,0.1948173784710622,0.20585039394191576,0.16596517708150854
3322,54,91,0.1274050143538328,0.19070290226442782,0.12574291912323443,0.17516151644534467
3323,54,92,0.13311508171497263,0.20120231549889897,0.19056350111684595,0.17971417713982454
3324,54,93,0.14084861913837426,0.03421379068229366,0.21298570722007656,0.18961643889659
3325,54,94,0.1462458909418187,0.07522207713916158,0.1908448777749204,0.19193178497913063
3326,54,95,0.16518786408065364,0.08341389674795488,0.18291564389958861,0.19815736420958793
3327,54,96,0.18498307705726397,0.05971180250221134,0.16781365062632386,0.21233699948457596
3328,54,97,0.20149187827097928,0.20814016570406704,0.11509609921440585,0.22618802053076498
3329,54,98,0.25179458612926586,0.08113183435285318,0.16680941812088995,0.265385588815602
3330,54,99,0.2928566542829644,0.16716457768195256,0.20462461158581774,0.2668125599896078
3331,54,100,0.32986144864495054,0.24468862030007338,0.24275060670235568,0.29931289741691836
3332,54,101,0.3579953707234052,0.21918746924668384,0.27124906209989574,0.29320053888771797
3333,54,102,0.3848368746466438,0.22140591983665736,0.3359298269940585,0.35179024031640005
3334,54,103,0.3964276992738833,0.26607041340159043,0.2868978464887209,0.3388049083403853
3335,54,104,0.4170212538119636,0.24005281630968206,0.3405835506842999,0.3493604715126166
3336,54,105,0.427841642303959,0.15409209599734058,0.36232736305370883,0.35411548140591764
3337,54,106,0.42845306685058093,0.09822753632429979,0.3343273348969439,0.36596291930834246
3338,54,107,0.39982248773469814,0.3670802960505854,0.2334447054608927,0.33053369871546157
3339,54,108,0.36169350227297026,0.31428271912498423,0.17669925388649316,0.2682608890319262
3340,54,109,0.2009703792307922,0.14473821932335534,0.08797183163644579,0.21234564599231748
3341,54,110,0.0924758088304861,0.3367142546564827,0.09047584752646357,0.21485639183941355
3342,54,111,0.12288883057241573,0.34437510105197006,0.10305789564319923,0.19171468255448318
3343,54,112,0.10727647927997191,0.2557396914451686,0.10219128731635359,0.15533097998038842
3344,54,113,0.10855641652255231,0.06968337584840535,0.09342737380803157,0.15141526757230853
3345,54,114,0.17907795219092126,0.03290048282477816,0.1136952877811172,0.15271493379475826
3346,54,115,0.10567945161270648,0.11932830922279825,0.09120614717817312,0.1593386022823789
3347,54,116,0.2429389532027575,0.23439762876061945,0.15513426546641323,0.15265785218771163
3348,54,117,0.255926310903473,0.1111406414607052,0.17547116157823062,0.15549538854203152
3349,54,118,0.21685389312327938,0.026006298374782452,0.1473503081041292,0.1576309974419031
3350,54,119,0.15604597765132314,0.0977194044923513,0.1048784966552156,0.14141746519077195
3351,54,120,0.08995055543095178,0.1423290434782024,0.06802718381010321,0.11751925742884262
3352,54,121,0.13883595486813885,0.1030485086746069,0.10560234321946003,0.05933497723495693
3353,54,122,0.12799632810248626,0.06978038563708287,0.10486175874984911,0.042566937588153345
3354,54,123,0.1035515610274305,0.03164996756614354,0.0946384568345406,0.04244310615478079
3355,55,91,0.126402306413693,0.034130039326596896,0.1352574530324385,0.16869781333975564
3356,55,92,0.13322053249765978,0.17478714242540577,0.17784188694158592,0.1806757540912196
3357,55,93,0.1414715773704876,0.0603093774983469,0.20235669901838316,0.1883743616748351
3358,55,94,0.14599157600816334,0.055599440100619395,0.19211370820193793,0.1875874853242864
3359,55,95,0.1643748321759745,0.1117053084806393,0.18829693936053815,0.1980875282646324
3360,55,96,0.18334131810985607,0.07770133723104695,0.17512771762744297,0.2142834765019299
3361,55,97,0.19488716580297807,0.20946773174924024,0.11426130010991774,0.2014170612473518
3362,55,98,0.24680637449719983,0.07840324934021134,0.1638152377159943,0.26143389705058
3363,55,99,0.28649203762913106,0.14115237398545274,0.20122454124337827,0.2566866647421245
3364,55,100,0.32292655084304683,0.17996316431505718,0.23818241965674447,0.29723969549057205
3365,55,101,0.3502449206265505,0.21266252622168944,0.2666008255065477,0.32672250550697157
3366,55,102,0.37996431791324303,0.2207034758626477,0.32613182714859323,0.4274542183029631
3367,55,103,0.38586596031051806,0.261826030914499,0.2899827293966276,0.3598621538722815
3368,55,104,0.4106933489243056,0.2570832493122932,0.3334382770617471,0.36518148402284345
3369,55,105,0.42132257400576234,0.18319260320456024,0.35648149636993165,0.3723703228185148
3370,55,106,0.41830347140936075,0.11121124824160107,0.33554022229798924,0.37299782433862344
3371,55,107,0.37385218249314744,0.36779275823483626,0.24467539814562603,0.3224320835039816
3372,55,108,0.3157129944380941,0.31685011307658517,0.18073250443592642,0.2815489576247981
3373,55,109,0.0905048838250159,0.143991638522044,0.09070088029328306,0.20576314226565406
3374,55,110,0.23411877345157786,0.3391679988838955,0.089990067319344,0.20090447391922717
3375,55,111,0.23946892075189213,0.3461211143874118,0.10339810762493454,0.20850903712601954
3376,55,112,0.16964901764124315,0.2570509808133262,0.10256959653465199,0.16240852608714856
3377,55,113,0.08844041474173514,0.07349772983186828,0.09245198540976288,0.15136030164568626
3378,55,114,0.13942811974264052,0.033899535193212565,0.11028782393876728,0.14748404836482243
3379,55,115,0.08818348265232155,0.11912244674575792,0.09027524164066367,0.14780442881135708
3380,55,116,0.21407176510921969,0.23427863793681492,0.148287212329168,0.14893569061309575
3381,55,117,0.23013809702602958,0.10967271757761961,0.17199848178281485,0.1428689981222462
3382,55,118,0.1908324369432819,0.0261396404693232,0.146436430838882,0.1538532735994641
3383,55,119,0.13042524548255074,0.09728147797187231,0.10507584645353249,0.13630466602007643
3384,55,120,0.07166835138731982,0.14008379421872358,0.06866087211996824,0.11175533845713168
3385,55,121,0.17611779059993132,0.10095804081049094,0.10555034455983875,0.06188747562342458
3386,55,122,0.15818236461184218,0.0674761414056369,0.10688185484129599,0.04077212337218096
3387,55,123,0.12642999131727684,0.030336874661637325,0.09656797782839255,0.043166424424572164
3388,56,92,0.13118257441142045,0.1833252815769762,0.17630260693569516,0.17822500102281655
3389,56,93,0.13988216195705397,0.08445961487826736,0.20084311247803266,0.182594022351141
3390,56,94,0.14349833971674458,0.0295459946880215,0.19109052773938287,0.18454010862301973
3391,56,95,0.16131192266548458,0.07573895039756,0.18751430027229324,0.1952494478863717
3392,56,96,0.17934190470817993,0.05959879104320695,0.17451810441456986,0.213644863958869
3393,56,97,0.1854434435129028,0.2358500661140386,0.11361327346008789,0.1479626020407861
3394,56,98,0.2401151976740461,0.07899938725095816,0.16252124738135956,0.16853841139900644
3395,56,99,0.2787775528985186,0.1347128796004208,0.199643864192581,0.1939929433669349
3396,56,100,0.3149406752476896,0.1742699592082199,0.23634836354321226,0.2258227467905989
3397,56,101,0.3418060516372798,0.1826974363780727,0.26465634982541403,0.2538206852376257
3398,56,102,0.37368819626653865,0.2024182504950831,0.32400040281512543,0.2961626556408325
3399,56,103,0.3760277843663479,0.24203210574885525,0.28834537013210887,0.3023946648017126
3400,56,104,0.40385045606883624,0.24718594942844244,0.331458911518733,0.30940926592767126
3401,56,105,0.4145036048128601,0.20729991742448434,0.35464282104379163,0.32378770214986086
3402,56,106,0.4096978246610643,0.1529674730105572,0.3340895036040518,0.33026842126842537
3403,56,107,0.3577480933301671,0.37140355340091225,0.24375893160766915,0.2895885074375651
3404,56,108,0.29255807924262933,0.3255132164552689,0.1794073046851599,0.24110789005338487
3405,56,109,0.07851855997754743,0.12683219742564625,0.08968608131037893,0.20111585579840405
3406,56,110,0.2895165766037547,0.3482341256709979,0.09045968602770446,0.18674190695598225
3407,56,111,0.2763626815351803,0.3549309750145929,0.10394781541054106,0.186985578527595
3408,56,112,0.19177106385045675,0.27743730694832286,0.10283628749584074,0.15445151582857705
3409,56,113,0.09135305916257684,0.17224799144322972,0.09183447740087762,0.1531565156137081
3410,56,114,0.12776209158522583,0.15693988978879642,0.10882341800907938,0.15950363074528726
3411,56,115,0.08828035215342483,0.1235546243396479,0.08973396709078026,0.1593043124229013
3412,56,116,0.20381211762512705,0.23438377346022213,0.14667516066133154,0.1565458168941506
3413,56,117,0.2207491470664078,0.12991964804786096,0.17039982361201342,0.15891055473762605
3414,56,118,0.1825019217456894,0.03126575354660191,0.14493323975162278,0.16680447462129777
3415,56,119,0.12382970734508564,0.048174014752148955,0.10388307668377839,0.14318544257769394
3416,56,120,0.06913245800332377,0.07830369621524,0.06825882285375666,0.118056609727173
3417,56,121,0.18053610596484618,0.07944639161286922,0.10746377816300863,0.06048983127606527
3418,56,122,0.16176409197896688,0.07699476607804502,0.10832749661873464,0.042124825256608246
3419,56,123,0.1294568829454171,0.05413026336661634,0.09776895693883747,0.04424660194957568
3420,57,93,0.1418830890235716,0.08738015740328985,0.20229207071650682,0.1811243069486609
3421,57,94,0.145419322595016,0.03329457621151141,0.1927165995331286,0.1846741580718222
3422,57,95,0.16312179080431582,0.08819663275282767,0.18913718150964115,0.19882459018933113
3423,57,96,0.18099147179382916,0.062097134635326394,0.17586758391384674,0.21444808258419465
3424,57,97,0.18658327308167952,0.2317139662645921,0.113784495115183,0.14752542621597373
3425,57,98,0.24108424324670386,0.07918848155177939,0.16259077528599386,0.16848532364989488
3426,57,99,0.2796351479442181,0.13486031065045748,0.19952219397185025,0.1947550512758622
3427,57,100,0.3157501604640204,0.17498833895328653,0.23606180405399776,0.22649337742667427
3428,57,101,0.34257407772658877,0.183604098765193,0.264252687200345,0.25168880396742566
3429,57,102,0.3745324050123582,0.20363868184147424,0.3235368530187826,0.29614945749239246
3430,57,103,0.3765624459504945,0.2438995387202195,0.2879367183839777,0.30573148234754155
3431,57,104,0.4044436120089019,0.23487604410767918,0.33087985467119285,0.31349528123955167
3432,57,105,0.4150588019256591,0.20878987326809487,0.3540953735064516,0.3242545907901753
3433,57,106,0.410097827328041,0.15306613614275336,0.33367346380420193,0.33060529388741294
3434,57,107,0.35790761017209344,0.41059724616417215,0.2434207045362992,0.28368757815377194
3435,57,108,0.29263598621157155,0.32494233095368125,0.17880485795386583,0.2512099048224511
3436,57,109,0.07852995147859777,0.1261741422472442,0.08921887010850522,0.18300970218793194
3437,57,110,0.2898712001174534,0.34648781298726683,0.09070749455407541,0.19681100494716489
3438,57,111,0.27663834092945466,0.3528689941803264,0.10427322716318976,0.18050166447089155
3439,57,112,0.19191467860017086,0.2743318001024387,0.10302605045622147,0.13860590666617847
3440,57,113,0.09136502068651485,0.16904142321166576,0.09147049277483593,0.13401941405798085
3441,57,114,0.12776213851992138,0.15378475611847375,0.1078294467486478,0.15283133217296505
3442,57,115,0.08828372322805524,0.12366998253003689,0.08940383663647315,0.16373932759152668
3443,57,116,0.2038257643143381,0.23217045913695994,0.14554494272124346,0.15310978849020204
3444,57,117,0.22076506024303405,0.12778996901670586,0.16932283429751496,0.14909264370860748
3445,57,118,0.18250615844959434,0.025940130914490794,0.14396468929292072,0.14790943290722944
3446,57,119,0.12382665977285282,0.05050987459408119,0.10313624250875777,0.135934085852528
3447,57,120,0.06912768779383693,0.08044999881056175,0.06805333258641695,0.11821914253400893
3448,57,121,0.1806483315544051,0.07941347149349465,0.10864322680741392,0.061100040214326294
3449,57,122,0.16184281811262555,0.07542790888298205,0.10933966465079073,0.042293175860091306
3450,57,123,0.12950040174825997,0.0511675286387869,0.09864089384288602,0.04351283477257491
3451,58,94,0.14542703300067725,0.032640449213166535,0.19353818932252748,0.18219425650477072
3452,58,95,0.1630688962891196,0.07417959109694777,0.18905299837019493,0.19599077925111605
3453,58,96,0.18076881073218487,0.05806380179708886,0.17518215820210484,0.21238880079837338
3454,58,97,0.18515399429414445,0.23149171686400372,0.11363560821400091,0.13971538794023886
3455,58,98,0.23996115689870182,0.07742326549111876,0.16231662068978556,0.17827505899182652
3456,58,99,0.27824691474215973,0.13495139930897826,0.19907961178484743,0.20029385537457137
3457,58,100,0.31425686045720586,0.17425426157743695,0.23551080038499447,0.22811432330520098
3458,58,101,0.340970693530695,0.18239969199797335,0.2635907809356122,0.2568234894643828
3459,58,102,0.37318540414983564,0.2019530685785855,0.32321376024689946,0.3009538988469694
3460,58,103,0.3747692558573764,0.241295079960406,0.28667868616732217,0.31080637708172343
3461,58,104,0.4029478707532255,0.23260737509749194,0.3303100064099668,0.322239348867387
3462,58,105,0.4135646350830108,0.207251428494281,0.35355754932826206,0.3265103436350309
3463,58,106,0.40846356133625067,0.1484804632210455,0.33264489513703677,0.3335016309311092
3464,58,107,0.35591096968495073,0.3510785374504033,0.24158656066747952,0.28109455946809564
3465,58,108,0.2906823942227837,0.2971657447379922,0.1775554224511489,0.246144953696302
3466,58,109,0.07860023507150678,0.12394693472908358,0.08849764111286097,0.20522767123638044
3467,58,110,0.2880005851205568,0.3527131506603826,0.09105149321574527,0.19990121965708899
3468,58,111,0.27478531242096876,0.36494444682922117,0.10469084285559102,0.1966698634918977
3469,58,112,0.1908223327601707,0.28735294716820386,0.10327320706138624,0.1399546674930274
3470,58,113,0.09134901480652728,0.17069687460479396,0.09106688862520798,0.13112280229133336
3471,58,114,0.12727965602655744,0.1654304160331098,0.10670962215022607,0.14921707050911065
3472,58,115,0.08825474172672862,0.12246373167905024,0.08905505722095365,0.16340988408065132
3473,58,116,0.20278702723841616,0.23495812494480742,0.14434802715189793,0.16224041531066588
3474,58,117,0.21971172882088144,0.13428179064609597,0.16811680985718389,0.16482831224828742
3475,58,118,0.1818966358340144,0.02439045381131949,0.1428342680395853,0.15666630865305547
3476,58,119,0.12378668591925271,0.03453752978900493,0.10226200464543957,0.13313173022752614
3477,58,120,0.06932025344612983,0.0695418887025154,0.06782905443820071,0.11320841450510442
3478,58,121,0.17814754893236942,0.07496492956702054,0.10999414678977869,0.06177598640466307
3479,58,122,0.15977475571094527,0.07558588117031936,0.11048450584818964,0.045240885126280675
3480,58,123,0.12796586273649393,0.05515272956960897,0.09962287309131887,0.040930559299589456
3481,59,95,0.1653691577338272,0.0838274958354452,0.19198657719401807,0.1864496803779709
3482,59,96,0.1828703947908512,0.0528465789842701,0.17825919313826408,0.20640003042639288
3483,59,97,0.18669773003512682,0.23594908142334348,0.11424649744565804,0.1316787276218636
3484,59,98,0.24126458512503166,0.11567922708398876,0.16250480847879423,0.1569982428825085
3485,59,99,0.27942700621652855,0.1358186517700678,0.19893391521882045,0.192131810776775
3486,59,100,0.3153836186731358,0.17436072680036194,0.23502984738729366,0.22656847264082752
3487,59,101,0.3420529178486565,0.18193560272435177,0.2629510637085886,0.24963796157213483
3488,59,102,0.3743481639706951,0.20090882415691377,0.3218303993072806,0.29164811315541533
3489,59,103,0.37557007535543196,0.2394840345775762,0.2868266746252409,0.3002871945266915
3490,59,104,0.4038082009431922,0.2308987023980812,0.32929052834155015,0.31030544747180777
3491,59,105,0.4143774036928834,0.20561226906621108,0.3526002155322961,0.31808435419057773
3492,59,106,0.4090880292685038,0.15997765361964994,0.33252093671659105,0.32790641845164425
3493,59,107,0.3562336925461939,0.35419510825855305,0.2428538160068515,0.28567020131968823
3494,59,108,0.29086256752959017,0.2885174574551593,0.17790318308475214,0.22740427360137927
3495,59,109,0.0786397632237632,0.12240976180902209,0.08864954242987264,0.19873213744858284
3496,59,110,0.28892839547274207,0.3517478313723169,0.09113420816336237,0.18328676796646204
3497,59,111,0.2755149643081557,0.3657436871558684,0.10500249238123384,0.17860919864789201
3498,59,112,0.1912324748680083,0.2890099312703707,0.10355026704504663,0.1441385337069214
3499,59,113,0.09138921769686702,0.17684962135985843,0.09074553085883198,0.1443720962819617
3500,59,114,0.12727460662746332,0.16306066184318824,0.10534068593531291,0.15429745548432108
3501,59,115,0.08826710136997588,0.12186786699591294,0.088701302410624,0.16174523549755293
3502,59,116,0.20286623125160275,0.23485526185315644,0.1424516173056089,0.1517506469546761
3503,59,117,0.2197998612294284,0.1345150826953145,0.1667410541895553,0.14404388074911958
3504,59,118,0.18192703553297274,0.0229633969758898,0.1419608780537298,0.15468886194065665
3505,59,119,0.12375444892489049,0.03511827045216868,0.10176793497431127,0.1387988457213044
3506,59,120,0.06928121668349074,0.06527614893238111,0.06783660663205011,0.11241973372918466
3507,59,121,0.17858211765185789,0.07246656150997888,0.11060307427451106,0.05274724308410455
3508,59,122,0.16011675035179376,0.07453002731687727,0.11159068521733267,0.04345479209343556
3509,59,123,0.12820329453233367,0.055310262025925594,0.10066075038207191,0.041401128739543
3510,60,96,0.1938025839624228,0.054417907034537624,0.17738041068177968,0.20086684452538914
3511,60,97,0.20013366801433946,0.2467494187847111,0.11395913402249983,0.1262950809136851
3512,60,98,0.2520780914865142,0.11919987199721906,0.1620828495998493,0.1594749663384462
3513,60,99,0.2904827277894725,0.13777576334463124,0.19830126012997798,0.1922615312658672
3514,60,100,0.3264674693864149,0.17539860640616164,0.234258377539002,0.22074683000394177
3515,60,101,0.35326917595900276,0.18203572667969176,0.2620547187680432,0.25058312148062495
3516,60,102,0.38483866261501204,0.20026125203205905,0.3213110030826388,0.29523485449603426
3517,60,103,0.38630409500844526,0.23804749977114978,0.2853359632124699,0.3063802994233196
3518,60,104,0.41358266858917325,0.22925400103527857,0.32851633373721995,0.31423886315315447
3519,60,105,0.4238987481270653,0.20383863980478534,0.3518826963829774,0.3264243095526779
3520,60,106,0.4183487953212122,0.1576420619994786,0.3313012436289173,0.33195752115128546
3521,60,107,0.3655360930839063,0.183936339205013,0.2408233388447665,0.27793208222615556
3522,60,108,0.29941308819087464,0.2863177482087989,0.17633922452388115,0.24391387722085242
3523,60,109,0.07828779104477784,0.11878890838978685,0.08760675947399642,0.18317775479798842
3524,60,110,0.29467561603960485,0.35270124505521255,0.09172849212794257,0.18111872872715282
3525,60,111,0.2815996903322429,0.3658332808338109,0.10560052003098697,0.16473511989710082
3526,60,112,0.1948037210727079,0.28917375439151594,0.1038842787799289,0.13725812861919345
3527,60,113,0.09135773867407626,0.17688058894914394,0.09032431394516968,0.13990436554438257
3528,60,114,0.12929409709192277,0.16316789526328998,0.10426684076960689,0.1552028217561016
3529,60,115,0.08836372696830261,0.12135267635922381,0.08840485065256232,0.15335852149090537
3530,60,116,0.20683725523928692,0.2347310672977133,0.14141269266409545,0.15405377440566856
3531,60,117,0.22381717618936295,0.1345083857759155,0.16549745944078237,0.14994163242382164
3532,60,118,0.18428071707220828,0.02322883158975177,0.1406343763508133,0.15831271890598012
3533,60,119,0.12402745110604238,0.03562523054365113,0.10069051357953165,0.14081170206418062
3534,60,120,0.06867825440679994,0.06568177660176405,0.06756784391680279,0.11907414170106016
3535,60,121,0.18751211303085846,0.07076767246625534,0.11259033666255636,0.05245947898326748
3536,60,122,0.1674688477345007,0.07347642288501315,0.1128709035303318,0.042943977342360926
3537,60,123,0.13362259083129138,0.05489997428183725,0.10170954887153107,0.041975602488866406
3538,61,97,0.20646577791166715,0.24860691945586333,0.11232476110948623,0.12753113838145938
3539,61,98,0.2557842459330037,0.08248943754273859,0.15902005146822892,0.15616782768858484
3540,61,99,0.2932935866665782,0.11586923897622174,0.19474923633564448,0.1907730224538589
3541,61,100,0.3287135594069045,0.1810791394193878,0.23029678336199835,0.219728702690032
3542,61,101,0.35513044329201726,0.19564801573207452,0.2579727570718237,0.24717101060252844
3543,61,102,0.3865516298065601,0.2128479718637044,0.3170009225689694,0.291764420129459
3544,61,103,0.3878293726067793,0.2606486186852233,0.2818892306398167,0.3038062424123869
3545,61,104,0.4150951193332862,0.2508421319786912,0.3246761729924909,0.3128891045281547
3546,61,105,0.42527191891732474,0.20909500602442635,0.34837062590628226,0.32453292988728966
3547,61,106,0.41948663478118353,0.14689174193371957,0.3284892948432836,0.3288857230727611
3548,61,107,0.3645030055408566,0.3618921141809329,0.23889282552568022,0.29891103867723917
3549,61,108,0.2943704224023038,0.30492138131470803,0.1741067017358811,0.24337461490328025
3550,61,109,0.08339484178766585,0.11328511631451019,0.08639696862495364,0.19705539959042795
3551,61,110,0.32342036779037847,0.3568884515412223,0.09263894295492325,0.16085607384522005
3552,61,111,0.300214303867235,0.3687029398925493,0.10670319005892256,0.1500280445582782
3553,61,112,0.20556790399709823,0.25033582313079855,0.10464197832666478,0.1322459467880905
3554,61,113,0.09370438425729563,0.17111641874629518,0.08972035708703072,0.13550240491634416
3555,61,114,0.12505785435153388,0.16669850467782923,0.10188493194441073,0.15438810454807864
3556,61,115,0.08908902661305274,0.06360487859034043,0.08790386996360562,0.16974375568587516
3557,61,116,0.20339454575047042,0.23412615760123937,0.13863508277917413,0.15718112868520112
3558,61,117,0.22072712976691383,0.03538356867750234,0.1630368660090102,0.15025636931292313
3559,61,118,0.18137445809340755,0.023565801499079046,0.1386035698303753,0.1433225024376138
3560,61,119,0.1215627078905358,0.03621885556256578,0.09930028485178434,0.1361469207339246
3561,61,120,0.06790284165650078,0.06627855449686759,0.06745194206918262,0.1180103601364566
3562,61,121,0.1902322148272816,0.07118179331456578,0.11478789513064598,0.05680633225070278
3563,61,122,0.16967644928655318,0.0721259589605479,0.11499459748516686,0.045407460600482015
3564,61,123,0.13541425440418856,0.05393501492299331,0.10357511818177681,0.043636485871225775
3565,62,98,0.2593018176289156,0.08618883525183096,0.1557184555521698,0.1615147305568782
3566,62,99,0.2957954122850448,0.1258986320086555,0.1908867509835895,0.19354501378718242
3567,62,100,0.33060547488197345,0.16910697877793543,0.22596766538653498,0.2240938155383261
3568,62,101,0.35660050808625116,0.17804121601702097,0.25352210731652947,0.25179178476663583
3569,62,102,0.38800405870677507,0.19910313990819037,0.3122233019102691,0.29429605601125675
3570,62,103,0.3888162426533406,0.240639896309379,0.27828599615806304,0.30620267137658225
3571,62,104,0.4162398438250175,0.2316553676472268,0.3205180037877568,0.3100277884513613
3572,62,105,0.4262759986515394,0.20563458866593165,0.34458135581006893,0.3198806865330864
3573,62,106,0.4201289629161086,0.15947772819228123,0.32558320560214415,0.32857375615691053
3574,62,107,0.3627565746227776,0.16681580190856707,0.2371687656671567,0.29112001892825123
3575,62,108,0.28888751838874355,0.12035616318414771,0.1719363517284611,0.254100853606131
3576,62,109,0.09340070941999923,0.09623068057819402,0.08529813115783934,0.18997890718858423
3577,62,110,0.3486573453649065,0.3567272997799877,0.09368523756615417,0.18185367793055243
3578,62,111,0.31610837449917606,0.3719816945520891,0.1079552377533493,0.1487975209828352
3579,62,112,0.21478885514578142,0.2917878160368622,0.10555836611693878,0.13901733034298724
3580,62,113,0.09619804510393606,0.17095831339274992,0.08925039682053174,0.13735781532916488
3581,62,114,0.12134037323345383,0.16662629575947888,0.09948442690551029,0.14417793116133898
3582,62,115,0.08997970697040357,0.06371843643486423,0.08750875071610181,0.15015722744377386
3583,62,116,0.2002075409747733,0.08973181327133214,0.1357513469706952,0.15244364038929215
3584,62,117,0.2178501598331028,0.13321458612121875,0.16051318683539534,0.15005836772587744
3585,62,118,0.1787495835312498,0.023980386211956424,0.13657516057173255,0.15425192656301262
3586,62,119,0.1194531215798428,0.03682873723071581,0.09795919866690501,0.13607921915865362
3587,62,120,0.06736831563047802,0.06689172665756588,0.06745873123456908,0.12664201200295305
3588,62,121,0.192064693549549,0.07163254242185067,0.11704640246080332,0.0689662130981967
3589,62,122,0.17116201512538376,0.07246469965383444,0.1171751570792892,0.04702180024912779
3590,62,123,0.1366547268940252,0.053475182306081,0.10549847452193745,0.040691194787862976
3591,63,99,0.2962725613221226,0.18965839030150825,0.18668107614184867,0.19699428603045124
3592,63,100,0.33041675147286553,0.22573800618803813,0.22114284284446042,0.22511835379706444
3593,63,101,0.35590096364430696,0.23676818466768945,0.24854778184562357,0.2541966106498403
3594,63,102,0.3878677442270308,0.2520390138821734,0.30644474685839085,0.29639860330412765
3595,63,103,0.38727896588314265,0.2745026404173191,0.27483111250037057,0.30402361637161124
3596,63,104,0.4156284982032,0.2517017026458098,0.3157644393105762,0.3113390125918229
3597,63,105,0.4255478423077709,0.21029727994778383,0.3402248861732634,0.32130157940315696
3598,63,106,0.4186415654353396,0.14838148215962377,0.32277055685276057,0.33000854104034993
3599,63,107,0.35753372963056457,0.3604651098574376,0.2366700225357262,0.27514917862423705
3600,63,108,0.2794241234641048,0.3052380108077972,0.17032652428870176,0.2487087795291088
3601,63,109,0.11096467073109513,0.096240566674883,0.08450736528417327,0.21792189253861732
3602,63,110,0.377237063523788,0.3577433899499135,0.09481198789071571,0.15696242349561673
3603,63,111,0.3336932977780499,0.37461720423419564,0.10935090912815755,0.1436024144291528
3604,63,112,0.22514359986257387,0.29680429915086026,0.10665434488019904,0.1369842387664799
3605,63,113,0.09959501298565997,0.1719979395856351,0.08895243450439995,0.13638964680629773
3606,63,114,0.1168304024930287,0.16707431048867233,0.09699877954987526,0.1367966041201498
3607,63,115,0.09129493116354051,0.0638988994754892,0.08720364702847784,0.14194147391771328
3608,63,116,0.19603767159074126,0.22818399568765585,0.13257060739035156,0.14231182544056703
3609,63,117,0.2140493655283474,0.03486942574350341,0.1578712974672617,0.1524219434092791
3610,63,118,0.17543109828048628,0.023927795642971397,0.13460091306391572,0.165025350346275
3611,63,119,0.11697804986597317,0.036940252883732726,0.09676284993450034,0.1380311997124657
3612,63,120,0.06688812813598584,0.06702042434460272,0.06762147513701229,0.11357287362363043
3613,63,121,0.19340387248876906,0.0717435803143182,0.11911468802555271,0.06376609093408536
3614,63,122,0.17224204753866373,0.07257366063988875,0.1194114009780589,0.04430360229557516
3615,63,123,0.13762056108753848,0.05356044608283047,0.10750919758899583,0.04017751878944683
3616,64,100,0.32782957893555664,0.21871590036982771,0.21615907370642465,0.22578484425308024
3617,64,101,0.35281193579654957,0.23563968264221571,0.24337408824858478,0.24629444166724154
3618,64,102,0.38585601732948116,0.2502509574669317,0.3001511122811585,0.2950623397604627
3619,64,103,0.3832374116771748,0.2722611533224907,0.2714941043691295,0.3105014935322345
3620,64,104,0.4131071055597535,0.26856080239462926,0.31082544597028827,0.3172668031482365
3621,64,105,0.4229701901998067,0.2546851900169606,0.3356581370875781,0.3226067356829933
3622,64,106,0.4151464549701787,0.22826423194910364,0.3200724888259346,0.33551425122197825
3623,64,107,0.35007455244317726,0.3621566682967341,0.23700649943636692,0.28838880710595916
3624,64,108,0.26861821439755795,0.30829392821361323,0.1693782132905398,0.24138870564893872
3625,64,109,0.1292671222997251,0.11330075195868362,0.08421334791356926,0.19868167163614192
3626,64,110,0.3989352763428918,0.3577022144186062,0.09572399473874953,0.1796521311672314
3627,64,111,0.34640297256496255,0.37219939670021773,0.11073733968115691,0.14649586004432974
3628,64,112,0.2327234994193862,0.28111974722468636,0.10790906028354261,0.13892769021979712
3629,64,113,0.10266527358816606,0.18437669534646844,0.08893663840474371,0.14804492347401707
3630,64,114,0.11285367690706692,0.1668259425730058,0.09438107381486048,0.1551368961247196
3631,64,115,0.09249706553307911,0.11356190100193539,0.08692321310770995,0.1540731005061087
3632,64,116,0.19183941267422405,0.22358363048391755,0.12894103104888496,0.14554893429497245
3633,64,117,0.21015235295527498,0.12554111260322245,0.15509938561547992,0.14999585125320353
3634,64,118,0.1722698575588492,0.023483980964873547,0.13282763231178232,0.15136333265525478
3635,64,119,0.11493682504905513,0.03609892004858341,0.09588227749151279,0.13681116555689718
3636,64,120,0.06661839080017976,0.06612810731165282,0.06798456412516711,0.11898637155863813
3637,64,121,0.19271270878177985,0.07086187075345558,0.12046035369244791,0.05935618034947104
3638,64,122,0.1716527108903875,0.07175081124582063,0.12160224744616126,0.046246521317795726
3639,64,123,0.13731308862179595,0.052883179150292614,0.10958767880223064,0.04554530737816178
3640,65,101,0.3385347500965788,0.22201520258332647,0.23928663288807675,0.24946019782307982
3641,65,102,0.37459155263970206,0.24872618791035142,0.29831429620166056,0.28994341424490416
3642,65,103,0.36836571837783205,0.2700929794272365,0.26654717582676246,0.30213112411645204
3643,65,104,0.40185011948929616,0.2657015394559817,0.307275090469796,0.31645071697382054
3644,65,105,0.4119845889963469,0.25214851738525845,0.3326361778084659,0.3236135387200971
3645,65,106,0.40312335889537126,0.22404091241901336,0.31682657691880284,0.3304787801101615
3646,65,107,0.33353213009062993,0.17352922192312412,0.23120841401655803,0.28333966209853095
3647,65,108,0.2505517976763093,0.12106767378779544,0.16303111197596692,0.23879064790040075
3648,65,109,0.14772865993818143,0.0966166798281838,0.08118415408549087,0.18175141569224462
3649,65,110,0.4094156587654195,0.3587949824732075,0.09887877472388151,0.16116906707946801
3650,65,111,0.35004645735997836,0.3717276962703089,0.11286193923152518,0.15071546057549265
3651,65,112,0.2349925679163072,0.27857172861300356,0.10898179002231963,0.13612716445403578
3652,65,113,0.10502331060617164,0.18595574414554933,0.08837726787131385,0.14171101111919504
3653,65,114,0.10827062574398293,0.16563739315310236,0.09356507975534295,0.15730861505958754
3654,65,115,0.09311391461508496,0.12676007550915697,0.08763849196538254,0.16384480270351684
3655,65,116,0.18513069914769306,0.22453292242397585,0.12953330000651356,0.16219631519032163
3656,65,117,0.20365214837552745,0.11371106140872424,0.15387596602139955,0.1627574113461441
3657,65,118,0.16781519411450388,0.023691110650744182,0.13023983199258082,0.1665974539969089
3658,65,119,0.11314155593589731,0.03694290918960807,0.09355661429181575,0.1429376585753979
3659,65,120,0.06659052113414024,0.06765817531052098,0.0678049166572976,0.11957145416307512
3660,65,121,0.184410963777179,0.07242765562003389,0.12602825248397323,0.06399544916505238
3661,65,122,0.16478772212331533,0.07318444308273818,0.12361651163137957,0.041675334718256525
3662,65,123,0.13230927879948795,0.053763845976839704,0.11097956545079687,0.04212519394853313
3663,66,102,0.3838081988349749,0.24121213468524325,0.3039706165444068,0.2965464647210974
3664,66,103,0.37249738056761367,0.26981835569809565,0.25909532479957026,0.30122662478121254
3665,66,104,0.4091357802454685,0.26507541659580275,0.3099865333665121,0.30755717661921567
3666,66,105,0.41898776699707796,0.2502480568137543,0.3352334014587966,0.3228463005994891
3667,66,106,0.4072382994733117,0.22286652139685872,0.3124988410186949,0.3333417416815593
3668,66,107,0.3270344354195061,0.11728367306668468,0.2154877672670558,0.2918512255768403
3669,66,108,0.23378176556473834,0.10173707837465486,0.15600077431691425,0.2363462393550025
3670,66,109,0.21710737899931506,0.0972385998424989,0.07893565816468999,0.17207054468849436
3671,66,110,0.5051863920934493,0.34597496383608756,0.1004854783224317,0.145366213953384
3672,66,111,0.4133740128736327,0.36892000109240736,0.11393147953384204,0.14176054273803496
3673,66,112,0.2724249161640378,0.2565608334854008,0.10972322519005387,0.14444799786586562
3674,66,113,0.11814577851755133,0.1763329292945364,0.08826309331323236,0.14880312049203867
3675,66,114,0.10131631195003112,0.030898502206410026,0.09238438471645576,0.1615155351747608
3676,66,115,0.10021359534754995,0.08365492790135083,0.08823244293026235,0.1639043096492124
3677,66,116,0.18275505662087344,0.20190663879401521,0.13185805439609286,0.16966647940014076
3678,66,117,0.20228981589681713,0.12465366144354799,0.15345915221577472,0.16403174134071724
3679,66,118,0.1643643381280047,0.022717574772395402,0.1281917801020824,0.15694135634469455
3680,66,119,0.10786598714159604,0.07311996182175189,0.09146089375023184,0.1448564199226088
3681,66,120,0.06639432592925716,0.120087959037282,0.06774802828410768,0.1145858632389905
3682,66,121,0.20804810056906187,0.10204108879705537,0.1277014980120186,0.059820032618157756
3683,66,122,0.18415763710185584,0.06804061812271386,0.1249007561185923,0.042196015965084724
3684,66,123,0.1470839258227895,0.028880278570175943,0.11210576387972063,0.04287127777571684
3685,67,103,0.3533381423551778,0.2774500730542449,0.257642451357184,0.2921145978065925
3686,67,104,0.3962698018945653,0.26527585818184446,0.30188015014637387,0.3038380338358292
3687,67,105,0.40658388966446374,0.25047342059010597,0.32816961024635116,0.3162116487182212
3688,67,106,0.3931338190191021,0.22320623645013782,0.3108873228972298,0.31967832980416117
3689,67,107,0.30543741989772183,0.11762971607056755,0.22169943203377948,0.2831567046641238
3690,67,108,0.2099281016329531,0.10213006293945173,0.1563896211797548,0.24352377225965768
3691,67,109,0.25230206921961545,0.09619178607479592,0.07937998550546699,0.17517846795394984
3692,67,110,0.5282925957751153,0.3092669320647694,0.10259706064993115,0.1385638608035421
3693,67,111,0.4240875621157829,0.2926851881773466,0.11610107708734395,0.12678792761268212
3694,67,112,0.27877821645403844,0.2543753904943164,0.11148360631519585,0.13757474988915697
3695,67,113,0.12288623982526249,0.16214721283268826,0.08848735492567364,0.1320999454164475
3696,67,114,0.0962329158863884,0.14744052500126525,0.09005820403980984,0.14708529642104273
3697,67,115,0.10205517064672258,0.03455559593581011,0.0886190053895128,0.1569384822818944
3698,67,116,0.17525197015911664,0.027662809535708183,0.12686155364312923,0.14721674034638169
3699,67,117,0.195127099956457,0.025558487621047534,0.15039773132675208,0.15625024866985912
3700,67,118,0.159271707033112,0.02745353721437024,0.12664945139411068,0.15961166206880192
3701,67,119,0.1055571937998815,0.0321270328771488,0.09118450219882668,0.13562792410045488
3702,67,120,0.06628778423484424,0.04527079240333399,0.06848070261773587,0.11520926467913545
3703,67,121,0.20104015497478467,0.055440948983614805,0.13031222948859522,0.06426979962465629
3704,67,122,0.1783404858079201,0.06309049489657134,0.12729897977305246,0.04586249114785271
3705,67,123,0.14286486468148135,0.06135137169482844,0.11423771368441528,0.044149734184957184
3706,68,104,0.3889986822568513,0.2444366834454173,0.2987171086281646,0.30911667490620365
3707,68,105,0.3996087995709715,0.24951106889493574,0.3254468222607617,0.32031209559871165
3708,68,106,0.3881948583061992,0.22552776107324762,0.3090966160829494,0.33684989079947825
3709,68,107,0.30840982848337645,0.11478549365027506,0.2214133522095527,0.2831838265849245
3710,68,108,0.21978833122260655,0.09856745410689802,0.15534912381741156,0.24385987451287994
3711,68,109,0.2073612427116738,0.09188779582375582,0.07930909257625532,0.18243300971909873
3712,68,110,0.4713202218499167,0.3241798451550003,0.1040060507107593,0.14012592889084924
3713,68,111,0.38577048777626466,0.35320576073664756,0.1176256344518453,0.12496181162338797
3714,68,112,0.25547048055975663,0.2551309637580031,0.11277813713001238,0.12211316428134995
3715,68,113,0.1139562357987565,0.16750458302910076,0.08876904122031008,0.13430320499385046
3716,68,114,0.099963269063918,0.1528568496234372,0.08852671174208847,0.15480598298375728
3717,68,115,0.09685839452676506,0.0453054346534289,0.08897947183689324,0.1471922469794222
3718,68,116,0.1759182270531895,0.025874307972061576,0.12462083444301106,0.13986775454157369
3719,68,117,0.19512057153439527,0.025825450532674578,0.14858961232470286,0.14476781672724803
3720,68,118,0.1609698316541294,0.028171101963469284,0.12535973941073195,0.147692135488253
3721,68,119,0.10877007541747193,0.03414283867702818,0.09056858978694161,0.1318727504304
3722,68,120,0.06609614695194856,0.04875094747552513,0.06897916021170974,0.1113823769280274
3723,68,121,0.1846509546241236,0.06013402769664865,0.13210046128390077,0.06788697857247575
3724,68,122,0.16480772672537214,0.06872424585455016,0.128943143444354,0.04676331243586518
3725,68,123,0.13247536661096906,0.06762457224538654,0.11571131994261967,0.04343161396689725
3726,69,105,0.39691938575062485,0.22078773389211218,0.32500516954771375,0.3212547532886833
3727,69,106,0.3878889829585335,0.2210874698968232,0.30855935906460674,0.3245812152690462
3728,69,107,0.3167143781570443,0.1967048439905374,0.22053861713274459,0.28021315916401196
3729,69,108,0.2330599259967623,0.09609872779219872,0.15468341222193416,0.23857029642004698
3730,69,109,0.1748719248389131,0.0883820663210863,0.07924718772505342,0.18605731320855806
3731,69,110,0.4363854987703285,0.33342235720149344,0.104854149391838,0.14770592389555826
3732,69,111,0.36150508540343707,0.3662518503683414,0.11861445037321881,0.1259407647414389
3733,69,112,0.2397094705748272,0.2989421899594126,0.11367345798730238,0.12165523048432027
3734,69,113,0.10764320419895206,0.17764619960054343,0.08901861057911702,0.129673895993802
3735,69,114,0.10392025842616857,0.16808620035729224,0.08752896175714407,0.1440071277421062
3736,69,115,0.0935637513717507,0.05972525169444706,0.08929838288543321,0.14619560342855747
3737,69,116,0.17803018495577017,0.03414699373195238,0.12327580848204407,0.14319150781171858
3738,69,117,0.19664001382041804,0.0314830982283625,0.14744353430034834,0.14607508789513826
3739,69,118,0.16339295947138371,0.028749744074604174,0.12451162284335872,0.15175228335672775
3740,69,119,0.11188096620976128,0.03641618596563248,0.09016157730775097,0.14336757696860583
3741,69,120,0.0667551089131969,0.05271064933520874,0.06931357171009597,0.12075521823363239
3742,69,121,0.17439890797094607,0.06571477765012675,0.13326225695667085,0.06509145811048402
3743,69,122,0.15629987696543443,0.07558848210676614,0.13003423091954178,0.04931123021951018
3744,69,123,0.12587811962090578,0.07553776625185617,0.11669840573208111,0.04580761163053094
3745,70,106,0.387979093677509,0.1985855054805658,0.3084899255502153,0.32424531052049416
3746,70,107,0.3272323253020653,0.18189939440560673,0.21930351356715225,0.28640849319996536
3747,70,108,0.24983984327943662,0.10040952323464827,0.1540304469162741,0.23378698082583757
3748,70,109,0.13734840601158654,0.08764521853908455,0.07914847604706089,0.17298880219015964
3749,70,110,0.3943155835743638,0.32991224182051687,0.10557480123385152,0.1432209367692726
3750,70,111,0.3324754445850958,0.3849851701948747,0.11945301047470715,0.1318912967649432
3751,70,112,0.22103739879826945,0.3422853288448766,0.1144644445975625,0.12037906863310675
3752,70,113,0.10101877352209943,0.1759282192207378,0.08927226047620702,0.12575444013193415
3753,70,114,0.10905798114702366,0.1730127320497856,0.08669176515266735,0.13738885932423353
3754,70,115,0.09057270763696582,0.08238752779505569,0.08963998108869188,0.1405436486256177
3755,70,116,0.18079536914611796,0.05574337900249139,0.12233743014930502,0.14100912806745597
3756,70,117,0.1986823443559539,0.0531105831273683,0.14654166396741858,0.1422180464803785
3757,70,118,0.16649483079293176,0.049619785768544096,0.12377388839529473,0.1528472703444656
3758,70,119,0.11587314267381371,0.039317766116491445,0.08977895574062915,0.13751538415673187
3759,70,120,0.06841201346524003,0.057983194376124356,0.06959644740609967,0.12163636134651536
3760,70,121,0.1623511300800541,0.07348214417789943,0.13423010223376466,0.07161467705326942
3761,70,122,0.14637401835575953,0.08537673113625038,0.13094985658674685,0.04997951409353309
3762,70,123,0.11828965195890737,0.08719477274097912,0.11753112217842707,0.04580120338880639
3763,71,107,0.3311861922285966,0.1791928407922953,0.22426185537458074,0.27099084619100156
3764,71,108,0.2532395361893449,0.10073070051761959,0.15608622824104562,0.23928503143931684
3765,71,109,0.1481341238506768,0.08555443482250732,0.0795057246283524,0.17032044245582142
3766,71,110,0.42058800669894647,0.31201456255757504,0.10558500392887007,0.1420903495387174
3767,71,111,0.346821417644833,0.3823240569856224,0.12002657007806714,0.12795547001796528
3768,71,112,0.2272304629442911,0.3546238016833443,0.11509311614695944,0.12432724705373092
3769,71,113,0.1020736332643789,0.1727534976270677,0.08953037599081617,0.13028284961317257
3770,71,114,0.10877879631121716,0.17055013086867932,0.08604521275810374,0.13742017706328258
3771,71,115,0.09086677896263361,0.08775712317550208,0.08963386380976977,0.1460367790770925
3772,71,116,0.1809156090310463,0.061370245154231985,0.12048701023622227,0.14902180660724867
3773,71,117,0.19878510475598796,0.05906176801274682,0.14558175415328503,0.14115337861089822
3774,71,118,0.1666065992099328,0.05577229403864909,0.12350700457469561,0.14757501234966577
3775,71,119,0.11590907892876802,0.044630648671273226,0.0898550086466767,0.13785188897050774
3776,71,120,0.06834685327389395,0.05891451412911442,0.06985635682967398,0.11255422452651183
3777,71,121,0.16422355488521612,0.07530302254992417,0.13491485738378522,0.06783254205111859
3778,71,122,0.14771671370988806,0.08789184277114946,0.13163492555364523,0.04976177939415366
3779,71,123,0.11908948233692582,0.09032953645428,0.11816315171747549,0.04273981497093316
3780,72,108,0.2345312641442363,0.05945171314886197,0.15661422440344003,0.23646099671454493
3781,72,109,0.23855131563604162,0.08558480288718395,0.07955140749585261,0.17205222261532488
3782,72,110,0.54343767469851,0.2621549384589834,0.1062559029478108,0.13684612575419025
3783,72,111,0.4198604296869845,0.35199506339104913,0.12096042394067473,0.11987892786204937
3784,72,112,0.2669604797178886,0.34648302081569027,0.11600896701488196,0.11562404381947489
3785,72,113,0.11450328084926363,0.1187166327739099,0.08989174125111543,0.11953721521848008
3786,72,114,0.10152097510136847,0.13047108305587674,0.08518923275907932,0.12750564175802834
3787,72,115,0.09640438616535352,0.10547426603443763,0.08999723235489637,0.14082134634450025
3788,72,116,0.17776907665798786,0.0808411906279995,0.11914606253398832,0.13851506424232057
3789,72,117,0.19657976755719028,0.0798058899216994,0.1445645146342672,0.1424583806844832
3790,72,118,0.16285464992763718,0.07763831109838194,0.12284305886256189,0.1495398794017205
3791,72,119,0.1106781821557291,0.06613754721937554,0.08958476974267081,0.13737692596146187
3792,72,120,0.06631227477764735,0.08169662937772103,0.07016865143161008,0.11930557820652088
3793,72,121,0.18506633316275106,0.0785285573726767,0.13589120041433814,0.06064939432925925
3794,72,122,0.16440542544344075,0.09340971653657366,0.1325626829882303,0.047901119396068524
3795,72,123,0.13136142573960655,0.09783655919595442,0.11900966381409313,0.04195849525707341
3796,73,109,0.22707596685296236,0.11247553701082094,0.07945677409281751,0.1693658569503084
3797,73,110,0.5297352887158767,0.2629045041226799,0.10844163421687308,0.13404881108788633
3798,73,111,0.4106090308856512,0.35267610005974537,0.12328029200387343,0.11657646971637803
3799,73,112,0.2612282875098495,0.3456564016156268,0.11806658993052384,0.11637298976889524
3800,73,113,0.11244531487054746,0.2448354723342253,0.09074719289547646,0.12645814514440973
3801,73,114,0.10238917236333712,0.1458569774084096,0.08354217026239559,0.13651632960889235
3802,73,115,0.09526883491912373,0.10758200812881481,0.09088952605512499,0.1388591463185844
3803,73,116,0.17764209573987966,0.0820895499648671,0.11682472742630365,0.14452643030086412
3804,73,117,0.19627487222805545,0.08114837620465329,0.1425327610216654,0.1487931463249798
3805,73,118,0.1631310391682521,0.07908866960425821,0.12133304372376819,0.15475010200119962
3806,73,119,0.11155699172108523,0.06764320420990504,0.08892313085829213,0.144794948098157
3807,73,120,0.06657173643861124,0.08326736972206995,0.07089643375340854,0.11775154631134002
3808,73,121,0.18044886262827284,0.07995290024726791,0.13790411149331394,0.07590524305456897
3809,73,122,0.16058592975704863,0.0935550599912806,0.13445203548835324,0.048049913952341754
3810,73,123,0.12843905248916132,0.09810804925155982,0.12070191115020297,0.04313398318933014
3811,74,110,0.5013271619274053,0.26474890175903304,0.11096323636146274,0.1246253356450012
3812,74,111,0.39211435376466985,0.3455571221205314,0.12594773922347172,0.11815184456272908
3813,74,112,0.25030820684287525,0.337427814015502,0.12045241099484631,0.11463903415123267
3814,74,113,0.10887974563890582,0.22754913227897422,0.09188057161873352,0.12040034492649641
3815,74,114,0.10390334830555766,0.13658593997243043,0.08192196190870142,0.12792742319360004
3816,74,115,0.09342956743127184,0.11202043440896824,0.09198395683907311,0.1438946238091413
3817,74,116,0.1773285862343299,0.08748657860526987,0.11435219200543531,0.1537801532051168
3818,74,117,0.19565618114037295,0.08709884142917225,0.14040508416874423,0.1570437374007953
3819,74,118,0.16354649476846483,0.08550012856285033,0.11980000119668682,0.1657149757672818
3820,74,119,0.11307759736770215,0.07444807288770808,0.08831515673926464,0.14543623908106051
3821,74,120,0.06723846183406686,0.09041745769585392,0.07172307159970868,0.1278680231951965
3822,74,121,0.1720001424201678,0.08676806908085674,0.14005794953605735,0.06432256132750248
3823,74,122,0.15368551879699402,0.10039651609992395,0.13641295621638913,0.05898264666226126
3824,74,123,0.12326886041949495,0.09878217609121072,0.1224594910872444,0.04785854446063563
3825,75,111,0.3729791313826324,0.34476964750442984,0.12869020980126175,0.12010733978557553
3826,75,112,0.23886507744454377,0.3433739102512674,0.1229563705523377,0.11588229944413582
3827,75,113,0.10523132236930768,0.24568292088373925,0.09322194555171708,0.12327162067989916
3828,75,114,0.10580785164430515,0.13885263371865697,0.08050413191328874,0.13306392832025266
3829,75,115,0.09172038662863646,0.11096623560696815,0.09319055302803284,0.13872024597186494
3830,75,116,0.17735357108919053,0.08718557755122368,0.11200191860406707,0.15316925027565262
3831,75,117,0.19533189984535163,0.08673049659388392,0.13841891868452288,0.15318424935025104
3832,75,118,0.16425166503762037,0.0851197638993344,0.1184124677835103,0.1535030132956955
3833,75,119,0.11488370106350805,0.07398538190540958,0.08782138165015825,0.13555849797302938
3834,75,120,0.06826231898267976,0.08995117953803308,0.07254364091104908,0.11759963204414836
3835,75,121,0.1634111346587003,0.08633293001653375,0.14201394962496228,0.07937140670426723
3836,75,122,0.14668999738087163,0.09994840699829174,0.13822506121959657,0.05518487961833364
3837,75,123,0.11805786264306259,0.09834788296413852,0.12407877607150995,0.05061890831041231
3838,76,112,0.2213873651163455,0.34439432936074643,0.1256249730076494,0.11584634384240215
3839,76,113,0.1002588826097596,0.27086558077553535,0.09481394495179177,0.11990635574737299
3840,76,114,0.10892276253131626,0.13440121740633132,0.07926743317386412,0.13806489780765438
3841,76,115,0.08976185209487908,0.11019660932301334,0.0943961508175132,0.14519923398535045
3842,76,116,0.17764048956999332,0.08620119517693342,0.10955657453321754,0.14880178665963453
3843,76,117,0.1950848074034499,0.08559342988129309,0.13647454006037277,0.15335257086795404
3844,76,118,0.16548225109801218,0.0838028703908339,0.1171963870001647,0.1469467894950205
3845,76,119,0.11773696225409964,0.07256381940153808,0.08748654977556723,0.13615404116004193
3846,76,120,0.0703431064460101,0.08840893289324338,0.07334759982641535,0.11912523342390625
3847,76,121,0.15074813216203561,0.08474953240902962,0.1437665513938881,0.071865187065009
3848,76,122,0.1364811081499621,0.09830189720537238,0.13991408453436538,0.062214383793468706
3849,76,123,0.11060539896341676,0.09675236145698628,0.1255950416738561,0.04880411970552952
3850,77,113,0.09202290766082952,0.26953909372011636,0.09612503323173402,0.12376971674184543
3851,77,114,0.1176687764346983,0.2183778751050749,0.0783390460425789,0.1358419437843789
3852,77,115,0.08855050526053901,0.11079345932240191,0.09635309899256496,0.12974096610832875
3853,77,116,0.1795312195493303,0.08544454799904692,0.1105600548092282,0.14420199233641748
3854,77,117,0.19565150095774078,0.08465463825243369,0.13579294308316028,0.15073312541544065
3855,77,118,0.16928235461929605,0.08275311346680546,0.11558407325056372,0.15808688820440678
3856,77,119,0.1252821344239941,0.07131365136397678,0.08644366528350263,0.14319300489547548
3857,77,120,0.07764798924344132,0.08701966291596294,0.07406272940744524,0.116909723312708
3858,77,121,0.1216329665647357,0.08329113819400749,0.14533376131135728,0.06643712024850444
3859,77,122,0.11350749213709867,0.09680192462346779,0.14124098933838866,0.05431312906758004
3860,77,123,0.09464349544142647,0.09523950128848944,0.12677409241396828,0.04551861884540523
3861,78,114,0.10104603342079839,0.12662290025885112,0.07807518625503172,0.12745093145462533
3862,78,115,0.09409427692450699,0.1083164759645244,0.09679687577973341,0.1325651390270483
3863,78,116,0.1727778134799321,0.08278619486301605,0.112887248488751,0.14004895717851998
3864,78,117,0.1910115166575204,0.08109168406837433,0.13605847771518545,0.15641117140561642
3865,78,118,0.16101027831633896,0.07825472749647275,0.11508948879549724,0.15449496869537374
3866,78,119,0.11291014995604622,0.06581090572513103,0.08618249869841091,0.13745790266860222
3867,78,120,0.06768937268292109,0.0806921549541614,0.07399820052423761,0.12113150534217572
3868,78,121,0.16710563326181055,0.07635729748719311,0.14531598849599145,0.07685321809707744
3869,78,122,0.14902875614259717,0.0893268391544146,0.14126257088337293,0.0506488687933422
3870,78,123,0.11927126084712805,0.08762521293386966,0.1268037281220746,0.049131328293721056
3871,79,115,0.08922905340220026,0.12073175580987347,0.09912806787636053,0.13405955537016476
3872,79,116,0.1689429225041002,0.08283830337337665,0.10995282533130725,0.14431217997123783
3873,79,117,0.18605366362211503,0.08117008083225077,0.13364758283061426,0.13936328308786167
3874,79,118,0.16083029802569954,0.07846415421510422,0.11352620847490412,0.1547490091802505
3875,79,119,0.11833209203000494,0.06606598788661797,0.08582407711404945,0.13820830607278
3876,79,120,0.0733650798143692,0.08099451644206407,0.07518830856518337,0.12249358396964939
3877,79,121,0.13015129724445332,0.07671680134953435,0.14766351379243867,0.06378718841937069
3878,79,122,0.11989232044271914,0.08971831194069767,0.1434107828337602,0.04432462084215659
3879,79,123,0.09894615960034867,0.0880356284525532,0.128712623044095,0.04040649629812748
3880,80,116,0.1728074583203718,0.08483991934663998,0.10963940493541766,0.14056730674096043
3881,80,117,0.18856933484734767,0.08119507290778326,0.133642860752909,0.13927993453289716
3882,80,118,0.1658200148636036,0.07848007829014372,0.11366559276171818,0.15125059569219848
3883,80,119,0.12618316084516432,0.04610068446843161,0.08587392312259574,0.14434712767649277
3884,80,120,0.0812514121493965,0.02608689398672045,0.07496397815636044,0.12879818480284042
3885,80,121,0.10737874057864764,0.038359980549634846,0.14735908810520565,0.07115732909655519
3886,80,122,0.10236285536605898,0.03871049181703106,0.1431936904239469,0.047264821138188674
3887,80,123,0.08735487859820278,0.047324086087164374,0.12852631714115476,0.0429840460742227
3888,81,117,0.18934331089263937,0.08675466655632941,0.1344885340165743,0.1448590711267004
3889,81,118,0.16725130906393879,0.07863611178862291,0.11441863783233464,0.1530821545829907
3890,81,119,0.1282861277348131,0.06643646144489547,0.08607475199263917,0.14351084691397856
3891,81,120,0.08327246918551456,0.08160542384578891,0.07424281889437884,0.12221192377787166
3892,81,121,0.1051048426198928,0.07758959247924738,0.1461307273912485,0.07301911300785022
3893,81,122,0.10056084940231097,0.09076064822170048,0.1421640467940699,0.05013381883534977
3894,81,123,0.08605098673754928,0.04900791778619248,0.12762731413581255,0.046773360328718115
3895,82,118,0.16917132743545965,0.12446024056322398,0.11504159925811154,0.15598189412373065
3896,82,119,0.13164818282326374,0.06942103918729439,0.08626692152527564,0.13683344447997747
3897,82,120,0.0871451601364896,0.0869973203054539,0.07365572552246838,0.10737493350147308
3898,82,121,0.09777751569681122,0.08597092870854582,0.14513520771503308,0.061720129370130834
3899,82,122,0.09510712438369805,0.10112974165377196,0.1413591607369481,0.045238600077115845
3900,82,123,0.08269519212709535,0.101408551318297,0.12693348120015105,0.04217295469091714
3901,83,119,0.1326907468242087,0.07545001097282387,0.08657035872707569,0.1368918565246386
3902,83,120,0.08823555077343626,0.08764907132473386,0.07305770500376899,0.11519935734516279
3903,83,121,0.09768610720691971,0.08718851848479274,0.14410893083906934,0.06141828989628136
3904,83,122,0.09498692649950645,0.10306686809214549,0.14054096786532722,0.047031710881540775
3905,83,123,0.08247648590648649,0.10380863052838432,0.12623557836161056,0.043498732649566246
3906,84,120,0.06932578161948225,0.07077624736071804,0.07269818723402763,0.1255377621028691
3907,84,121,0.17778383924737348,0.08475643295346837,0.1435674253481637,0.07078015047482206
3908,84,122,0.15454854000642831,0.09850433097874023,0.14016339823059995,0.05076068161571081
3909,84,123,0.12030996306803832,0.038691679865244084,0.1259294592669471,0.047159312194880315
3910,85,121,0.16495372700211614,0.07171139135966245,0.14838521927406068,0.10391020959691528
3911,85,122,0.14474643212518024,0.08559199996715693,0.1445034939456455,0.07041463974357186
3912,85,123,0.1141286910218761,0.07224397819023161,0.1297305395275896,0.06343790384501395
3913,86,122,0.13792568172770925,0.06654806292610276,0.14707018271337763,0.08163890859607194
3914,86,123,0.10952024515043889,0.09124977281674869,0.13196851216217925,0.0509557094127601
3915,87,123,0.1015822483416483,0.11948107673937346,0.13413638844659986,0.05448939886421465
