id,low,hi,m,q,costRMSE
761,0,788,-0.00178842,2.16435,2.23312
566504,789,818,0.0101591,-7.03078,0.0106279
572804,818,868,0.00164282,-0.0941598,0.0369826
589182,869,893,-0.0127447,11.9431,0.0918639
593647,893,934,0.0147714,-12.6538,0.0902405
603027,934,1091,0.00109467,0.225011,0.253671
618637,1092,1138,0.00956237,-9.42252,0.132365
